plot_id,location,experiment,range,row,genotype,cutoff,prediction_date,yieldPerAcre,delta_ndvi,image_age_days,observation_count,missing_imagery,predicted_yield,model,prediction_kind
Ames|4233|12|4,Ames,4233,12,4,2369 X 3IIH6,60,2022-07-22,174.48,,7.0,1,0,106.54813744498418,nitrogen,held_out_location
Ames|4233|15|8,Ames,4233,15,8,2369 X 3IIH6,60,2022-07-22,184.74,,7.0,1,0,106.54813744498418,nitrogen,held_out_location
Ames|4233|3|4,Ames,4233,3,4,2369 X LH123HT,60,2022-07-22,171.61,,7.0,1,0,106.54813744498418,nitrogen,held_out_location
Ames|4233|22|5,Ames,4233,22,5,2369 X LH123HT,60,2022-07-22,90.78,,7.0,1,0,106.54813744498418,nitrogen,held_out_location
Ames|4233|7|8,Ames,4233,7,8,2369 X PHN82,60,2022-07-22,117.26,,7.0,1,0,106.54813744498418,nitrogen,held_out_location
Ames|4233|16|9,Ames,4233,16,9,2369 X PHN82,60,2022-07-22,122.41,,7.0,1,0,106.54813744498418,nitrogen,held_out_location
Ames|4233|20|6,Ames,4233,20,6,2369 X PHP02,60,2022-07-22,131.15,,7.0,1,0,106.54813744498418,nitrogen,held_out_location
Ames|4233|3|7,Ames,4233,3,7,2369 X PHP02,60,2022-07-22,171.44,,7.0,1,0,106.54813744498418,nitrogen,held_out_location
Ames|4233|7|5,Ames,4233,7,5,2369 X PHZ51,60,2022-07-22,116.02,,7.0,1,0,106.54813744498418,nitrogen,held_out_location
Ames|4233|24|7,Ames,4233,24,7,2369 X PHZ51,60,2022-07-22,129.74,,7.0,1,0,106.54813744498418,nitrogen,held_out_location
Ames|4233|4|3,Ames,4233,4,3,2FACC X 3IIH6,60,2022-07-22,149.08,,7.0,1,0,106.54813744498418,nitrogen,held_out_location
Ames|4233|16|8,Ames,4233,16,8,2FACC X 3IIH6,60,2022-07-22,172.27,,7.0,1,0,106.54813744498418,nitrogen,held_out_location
Ames|4233|14|3,Ames,4233,14,3,4N506 X 3IIH6,60,2022-07-22,162.27,,7.0,1,0,106.54813744498418,nitrogen,held_out_location
Ames|4233|3|10,Ames,4233,3,10,4N506 X 3IIH6,60,2022-07-22,175.25,,7.0,1,0,106.54813744498418,nitrogen,held_out_location
Ames|4233|8|3,Ames,4233,8,3,B105 X 3IIH6,60,2022-07-22,94.98,,7.0,1,0,106.54813744498418,nitrogen,held_out_location
Ames|4233|24|10,Ames,4233,24,10,B105 X 3IIH6,60,2022-07-22,159.48,,7.0,1,0,106.54813744498418,nitrogen,held_out_location
Ames|4233|3|5,Ames,4233,3,5,B14A X MO17,60,2022-07-22,154.03,,7.0,1,0,106.54813744498418,nitrogen,held_out_location
Ames|4233|16|6,Ames,4233,16,6,B14A X MO17,60,2022-07-22,161.11,,7.0,1,0,106.54813744498418,nitrogen,held_out_location
Ames|4233|19|4,Ames,4233,19,4,B37 X H95,60,2022-07-22,64.05,,7.0,1,0,106.54813744498418,nitrogen,held_out_location
Ames|4233|5|8,Ames,4233,5,8,B37 X H95,60,2022-07-22,106.29,,7.0,1,0,106.54813744498418,nitrogen,held_out_location
Ames|4233|12|5,Ames,4233,12,5,B37 X MO17,60,2022-07-22,157.36,,7.0,1,0,106.54813744498418,nitrogen,held_out_location
Ames|4233|19|7,Ames,4233,19,7,B37 X MO17,60,2022-07-22,121.29,,7.0,1,0,106.54813744498418,nitrogen,held_out_location
Ames|4233|9|8,Ames,4233,9,8,B37 X OH43,60,2022-07-22,134.57,,7.0,1,0,106.54813744498418,nitrogen,held_out_location
Ames|4233|24|8,Ames,4233,24,8,B37 X OH43,60,2022-07-22,118.43,,7.0,1,0,106.54813744498418,nitrogen,held_out_location
Ames|4233|3|9,Ames,4233,3,9,B73 X 3IIH6,60,2022-07-22,193.47,,7.0,1,0,106.54813744498418,nitrogen,held_out_location
Ames|4233|20|9,Ames,4233,20,9,B73 X 3IIH6,60,2022-07-22,174.06,,7.0,1,0,106.54813744498418,nitrogen,held_out_location
Ames|4233|17|4,Ames,4233,17,4,B73 X MO17,60,2022-07-22,126.57,,7.0,1,0,106.54813744498418,nitrogen,held_out_location
Ames|4233|5|5,Ames,4233,5,5,B73 X MO17,60,2022-07-22,151.82,,7.0,1,0,106.54813744498418,nitrogen,held_out_location
Ames|4233|11|3,Ames,4233,11,3,B73 X PHM49,60,2022-07-22,128.98,,7.0,1,0,106.54813744498418,nitrogen,held_out_location
Ames|4233|21|9,Ames,4233,21,9,B73 X PHM49,60,2022-07-22,139.93,,7.0,1,0,106.54813744498418,nitrogen,held_out_location
Ames|4233|14|7,Ames,4233,14,7,B73 X PHN82,60,2022-07-22,137.7,,7.0,1,0,106.54813744498418,nitrogen,held_out_location
Ames|4233|9|10,Ames,4233,9,10,B73 X PHN82,60,2022-07-22,177.63,,7.0,1,0,106.54813744498418,nitrogen,held_out_location
Ames|4233|12|3,Ames,4233,12,3,B73 X PHZ51,60,2022-07-22,103.34,,7.0,1,0,106.54813744498418,nitrogen,held_out_location
Ames|4233|23|5,Ames,4233,23,5,B73 X PHZ51,60,2022-07-22,147.77,,7.0,1,0,106.54813744498418,nitrogen,held_out_location
Ames|4233|11|4,Ames,4233,11,4,B84 X 3IIH6,60,2022-07-22,156.89,,7.0,1,0,106.54813744498418,nitrogen,held_out_location
Ames|4233|17|5,Ames,4233,17,5,B84 X 3IIH6,60,2022-07-22,135.91,,7.0,1,0,106.54813744498418,nitrogen,held_out_location
Ames|4233|23|3,Ames,4233,23,3,F42 X MO17,60,2022-07-22,138.0,,7.0,1,0,106.54813744498418,nitrogen,held_out_location
Ames|4233|4|4,Ames,4233,4,4,F42 X MO17,60,2022-07-22,162.43,,7.0,1,0,106.54813744498418,nitrogen,held_out_location
Ames|4233|10|5,Ames,4233,10,5,F42 X OH43,60,2022-07-22,124.69,,7.0,1,0,106.54813744498418,nitrogen,held_out_location
Ames|4233|17|9,Ames,4233,17,9,F42 X OH43,60,2022-07-22,97.88,,7.0,1,0,106.54813744498418,nitrogen,held_out_location
Ames|4233|23|4,Ames,4233,23,4,HOEGEMEYER 7089 AMXT,60,2022-07-22,137.09,,7.0,1,0,106.54813744498418,nitrogen,held_out_location
Ames|4233|5|6,Ames,4233,5,6,HOEGEMEYER 7089 AMXT,60,2022-07-22,134.97,,7.0,1,0,106.54813744498418,nitrogen,held_out_location
Ames|4233|24|4,Ames,4233,24,4,HOEGEMEYER 8065RR,60,2022-07-22,111.36,,7.0,1,0,106.54813744498418,nitrogen,held_out_location
Ames|4233|11|10,Ames,4233,11,10,HOEGEMEYER 8065RR,60,2022-07-22,198.42,,7.0,1,0,106.54813744498418,nitrogen,held_out_location
Ames|4233|15|3,Ames,4233,15,3,LH123HT X 3IIH6,60,2022-07-22,163.37,,7.0,1,0,106.54813744498418,nitrogen,held_out_location
Ames|4233|8|4,Ames,4233,8,4,LH123HT X 3IIH6,60,2022-07-22,152.63,,7.0,1,0,106.54813744498418,nitrogen,held_out_location
Ames|4233|21|6,Ames,4233,21,6,LH123HT X PHB47,60,2022-07-22,156.27,,7.0,1,0,106.54813744498418,nitrogen,held_out_location
Ames|4233|7|7,Ames,4233,7,7,LH123HT X PHB47,60,2022-07-22,144.63,,7.0,1,0,106.54813744498418,nitrogen,held_out_location
Ames|4233|9|4,Ames,4233,9,4,LH145 X LH162,60,2022-07-22,142.7,,7.0,1,0,106.54813744498418,nitrogen,held_out_location
Ames|4233|23|6,Ames,4233,23,6,LH145 X LH162,60,2022-07-22,145.72,,7.0,1,0,106.54813744498418,nitrogen,held_out_location
Ames|4233|13|9,Ames,4233,13,9,LH185 X LH145,60,2022-07-22,143.07,,7.0,1,0,106.54813744498418,nitrogen,held_out_location
Ames|4233|13|8,Ames,4233,13,8,LH185 X LH82,60,2022-07-22,188.24,,7.0,1,0,106.54813744498418,nitrogen,held_out_location
Ames|4233|14|10,Ames,4233,14,10,LH185 X LH82,60,2022-07-22,170.56,,7.0,1,0,106.54813744498418,nitrogen,held_out_location
Ames|4233|13|7,Ames,4233,13,7,LH185 X W606S,60,2022-07-22,155.02,,7.0,1,0,106.54813744498418,nitrogen,held_out_location
Ames|4233|3|3,Ames,4233,3,3,LH195 X 3IIH6,60,2022-07-22,141.65,,7.0,1,0,106.54813744498418,nitrogen,held_out_location
Ames|4233|22|3,Ames,4233,22,3,LH195 X 3IIH6,60,2022-07-22,141.07,,7.0,1,0,106.54813744498418,nitrogen,held_out_location
Ames|4233|7|3,Ames,4233,7,3,LH195 X LH123HT,60,2022-07-22,105.62,,7.0,1,0,106.54813744498418,nitrogen,held_out_location
Ames|4233|23|7,Ames,4233,23,7,LH195 X LH123HT,60,2022-07-22,170.01,,7.0,1,0,106.54813744498418,nitrogen,held_out_location
Ames|4233|22|6,Ames,4233,22,6,LH195 X LH185,60,2022-07-22,158.88,,7.0,1,0,106.54813744498418,nitrogen,held_out_location
Ames|4233|4|8,Ames,4233,4,8,LH195 X LH185,60,2022-07-22,168.46,,7.0,1,0,106.54813744498418,nitrogen,held_out_location
Ames|4233|19|6,Ames,4233,19,6,LH195 X PHM49,60,2022-07-22,96.47,,7.0,1,0,106.54813744498418,nitrogen,held_out_location
Ames|4233|5|10,Ames,4233,5,10,LH195 X PHM49,60,2022-07-22,137.44,,7.0,1,0,106.54813744498418,nitrogen,held_out_location
Ames|4233|15|7,Ames,4233,15,7,LH195 X PHZ51,60,2022-07-22,119.26,,7.0,1,0,106.54813744498418,nitrogen,held_out_location
Ames|4233|9|9,Ames,4233,9,9,LH195 X PHZ51,60,2022-07-22,161.49,,7.0,1,0,106.54813744498418,nitrogen,held_out_location
Ames|4233|11|7,Ames,4233,11,7,LH198 X PHB47,60,2022-07-22,132.89,,7.0,1,0,106.54813744498418,nitrogen,held_out_location
Ames|4233|22|10,Ames,4233,22,10,LH198 X PHB47,60,2022-07-22,140.18,,7.0,1,0,106.54813744498418,nitrogen,held_out_location
Ames|4233|6|3,Ames,4233,6,3,LH198 X PHZ51,60,2022-07-22,111.68,,7.0,1,0,106.54813744498418,nitrogen,held_out_location
Ames|4233|21|3,Ames,4233,21,3,LH198 X PHZ51,60,2022-07-22,79.42,,7.0,1,0,106.54813744498418,nitrogen,held_out_location
Ames|4233|7|9,Ames,4233,7,9,LH74 X PHM49,60,2022-07-22,149.7,,7.0,1,0,106.54813744498418,nitrogen,held_out_location
Ames|4233|18|10,Ames,4233,18,10,LH74 X PHM49,60,2022-07-22,131.49,,7.0,1,0,106.54813744498418,nitrogen,held_out_location
Ames|4233|23|8,Ames,4233,23,8,LH74 X PHN82,60,2022-07-22,151.44,,7.0,1,0,106.54813744498418,nitrogen,held_out_location
Ames|4233|4|9,Ames,4233,4,9,LH74 X PHN82,60,2022-07-22,152.13,,7.0,1,0,106.54813744498418,nitrogen,held_out_location
Ames|4233|6|8,Ames,4233,6,8,LH82 X PHB47,60,2022-07-22,158.17,,7.0,1,0,106.54813744498418,nitrogen,held_out_location
Ames|4233|21|8,Ames,4233,21,8,LH82 X PHB47,60,2022-07-22,146.7,,7.0,1,0,106.54813744498418,nitrogen,held_out_location
Ames|4233|14|9,Ames,4233,14,9,LH82 X PHJ89,60,2022-07-22,175.02,,7.0,1,0,106.54813744498418,nitrogen,held_out_location
Ames|4233|7|10,Ames,4233,7,10,LH82 X PHJ89,60,2022-07-22,179.68,,7.0,1,0,106.54813744498418,nitrogen,held_out_location
Ames|4233|9|7,Ames,4233,9,7,LH82 X W606S,60,2022-07-22,149.42,,7.0,1,0,106.54813744498418,nitrogen,held_out_location
Ames|4233|15|9,Ames,4233,15,9,LH82 X W606S,60,2022-07-22,170.47,,7.0,1,0,106.54813744498418,nitrogen,held_out_location
Ames|4233|5|3,Ames,4233,5,3,N209 X 3IIH6,60,2022-07-22,134.42,,7.0,1,0,106.54813744498418,nitrogen,held_out_location
Ames|4233|21|7,Ames,4233,21,7,N209 X 3IIH6,60,2022-07-22,143.63,,7.0,1,0,106.54813744498418,nitrogen,held_out_location
Ames|4233|14|5,Ames,4233,14,5,PHB47 X 3IIH6,60,2022-07-22,160.85,,7.0,1,0,106.54813744498418,nitrogen,held_out_location
Ames|4233|6|10,Ames,4233,6,10,PHB47 X 3IIH6,60,2022-07-22,178.1,,7.0,1,0,106.54813744498418,nitrogen,held_out_location
Ames|4233|6|9,Ames,4233,6,9,PHB47 X LH185,60,2022-07-22,168.55,,7.0,1,0,106.54813744498418,nitrogen,held_out_location
Ames|4233|17|10,Ames,4233,17,10,PHB47 X LH185,60,2022-07-22,138.8,,7.0,1,0,106.54813744498418,nitrogen,held_out_location
Ames|4233|8|5,Ames,4233,8,5,PHB47 X PHJ89,60,2022-07-22,131.61,,7.0,1,0,106.54813744498418,nitrogen,held_out_location
Ames|4233|8|8,Ames,4233,8,8,PHB47 X PHK56,60,2022-07-22,175.08,,7.0,1,0,106.54813744498418,nitrogen,held_out_location
Ames|4233|15|10,Ames,4233,15,10,PHB47 X PHK56,60,2022-07-22,181.96,,7.0,1,0,106.54813744498418,nitrogen,held_out_location
Ames|4233|11|5,Ames,4233,11,5,PHG39 X PHM49,60,2022-07-22,167.18,,7.0,1,0,106.54813744498418,nitrogen,held_out_location
Ames|4233|15|6,Ames,4233,15,6,PHG39 X PHM49,60,2022-07-22,122.36,,7.0,1,0,106.54813744498418,nitrogen,held_out_location
Ames|4233|3|8,Ames,4233,3,8,PHG39 X PHN82,60,2022-07-22,189.48,,7.0,1,0,106.54813744498418,nitrogen,held_out_location
Ames|4233|20|5,Ames,4233,20,5,PHJ40 X LH82,60,2022-07-22,113.39,,7.0,1,0,106.54813744498418,nitrogen,held_out_location
Ames|4233|7|6,Ames,4233,7,6,PHJ40 X LH82,60,2022-07-22,161.92,,7.0,1,0,106.54813744498418,nitrogen,held_out_location
Ames|4233|6|6,Ames,4233,6,6,PHK56 X 3IIH6,60,2022-07-22,154.68,,7.0,1,0,106.54813744498418,nitrogen,held_out_location
Ames|4233|19|8,Ames,4233,19,8,PHK56 X 3IIH6,60,2022-07-22,158.53,,7.0,1,0,106.54813744498418,nitrogen,held_out_location
Ames|4233|12|7,Ames,4233,12,7,PHK56 X LH145,60,2022-07-22,132.96,,7.0,1,0,106.54813744498418,nitrogen,held_out_location
Ames|4233|13|6,Ames,4233,13,6,PHK56 X LH185,60,2022-07-22,153.61,,7.0,1,0,106.54813744498418,nitrogen,held_out_location
Ames|4233|16|7,Ames,4233,16,7,PHK56 X LH185,60,2022-07-22,152.37,,7.0,1,0,106.54813744498418,nitrogen,held_out_location
Ames|4233|24|5,Ames,4233,24,5,PHK56 X LH198,60,2022-07-22,137.7,,7.0,1,0,106.54813744498418,nitrogen,held_out_location
Ames|4233|8|10,Ames,4233,8,10,PHK56 X LH198,60,2022-07-22,173.97,,7.0,1,0,106.54813744498418,nitrogen,held_out_location
Ames|4233|13|4,Ames,4233,13,4,PHK56 X LH82,60,2022-07-22,171.52,,7.0,1,0,106.54813744498418,nitrogen,held_out_location
Ames|4233|19|9,Ames,4233,19,9,PHK56 X LH82,60,2022-07-22,153.73,,7.0,1,0,106.54813744498418,nitrogen,held_out_location
Ames|4233|15|5,Ames,4233,15,5,PHK56 X PHJ89,60,2022-07-22,166.84,,7.0,1,0,106.54813744498418,nitrogen,held_out_location
Ames|4233|5|7,Ames,4233,5,7,PHK56 X PHJ89,60,2022-07-22,143.86,,7.0,1,0,106.54813744498418,nitrogen,held_out_location
Ames|4233|12|6,Ames,4233,12,6,PHK56 X W606S,60,2022-07-22,164.72,,7.0,1,0,106.54813744498418,nitrogen,held_out_location
Ames|4233|23|9,Ames,4233,23,9,PHK56 X W606S,60,2022-07-22,184.89,,7.0,1,0,106.54813744498418,nitrogen,held_out_location
Ames|4233|18|4,Ames,4233,18,4,PHK76 X 3IIH6,60,2022-07-22,148.68,,7.0,1,0,106.54813744498418,nitrogen,held_out_location
Ames|4233|8|7,Ames,4233,8,7,PHK76 X 3IIH6,60,2022-07-22,155.53,,7.0,1,0,106.54813744498418,nitrogen,held_out_location
Ames|4233|18|3,Ames,4233,18,3,PHK76 X LH145,60,2022-07-22,86.79,,7.0,1,0,106.54813744498418,nitrogen,held_out_location
Ames|4233|10|10,Ames,4233,10,10,PHK76 X LH145,60,2022-07-22,127.82,,7.0,1,0,106.54813744498418,nitrogen,held_out_location
Ames|4233|16|4,Ames,4233,16,4,PHK76 X LH198,60,2022-07-22,116.21,,7.0,1,0,106.54813744498418,nitrogen,held_out_location
Ames|4233|3|6,Ames,4233,3,6,PHK76 X LH198,60,2022-07-22,172.04,,7.0,1,0,106.54813744498418,nitrogen,held_out_location
Ames|4233|14|4,Ames,4233,14,4,PHK76 X LH82,60,2022-07-22,151.74,,7.0,1,0,106.54813744498418,nitrogen,held_out_location
Ames|4233|11|8,Ames,4233,11,8,PHK76 X LH82,60,2022-07-22,168.7,,7.0,1,0,106.54813744498418,nitrogen,held_out_location
Ames|4233|10|7,Ames,4233,10,7,PHK76 X W606S,60,2022-07-22,137.71,,7.0,1,0,106.54813744498418,nitrogen,held_out_location
Ames|4233|18|7,Ames,4233,18,7,PHK76 X W606S,60,2022-07-22,107.3,,7.0,1,0,106.54813744498418,nitrogen,held_out_location
Ames|4233|15|4,Ames,4233,15,4,PHN46 X PHB47,60,2022-07-22,147.61,,7.0,1,0,106.54813744498418,nitrogen,held_out_location
Ames|4233|10|6,Ames,4233,10,6,PHN46 X PHB47,60,2022-07-22,160.22,,7.0,1,0,106.54813744498418,nitrogen,held_out_location
Ames|4233|6|7,Ames,4233,6,7,PHN46 X PHK56,60,2022-07-22,142.69,,7.0,1,0,106.54813744498418,nitrogen,held_out_location
Ames|4233|20|7,Ames,4233,20,7,PHN46 X PHK56,60,2022-07-22,163.93,,7.0,1,0,106.54813744498418,nitrogen,held_out_location
Ames|4233|12|10,Ames,4233,12,10,PHN46 X W606S,60,2022-07-22,164.92,,7.0,1,0,106.54813744498418,nitrogen,held_out_location
Ames|4233|19|10,Ames,4233,19,10,PHN46 X W606S,60,2022-07-22,154.26,,7.0,1,0,106.54813744498418,nitrogen,held_out_location
Ames|4233|22|4,Ames,4233,22,4,PHP02 X LH145,60,2022-07-22,69.68,,7.0,1,0,106.54813744498418,nitrogen,held_out_location
Ames|4233|11|9,Ames,4233,11,9,PHP02 X LH145,60,2022-07-22,125.59,,7.0,1,0,106.54813744498418,nitrogen,held_out_location
Ames|4233|16|5,Ames,4233,16,5,PHP02 X LH185,60,2022-07-22,145.92,,7.0,1,0,106.54813744498418,nitrogen,held_out_location
Ames|4233|10|8,Ames,4233,10,8,PHP02 X LH185,60,2022-07-22,170.07,,7.0,1,0,106.54813744498418,nitrogen,held_out_location
Ames|4233|4|6,Ames,4233,4,6,PHP02 X LH198,60,2022-07-22,163.3,,7.0,1,0,106.54813744498418,nitrogen,held_out_location
Ames|4233|17|6,Ames,4233,17,6,PHP02 X LH198,60,2022-07-22,114.85,,7.0,1,0,106.54813744498418,nitrogen,held_out_location
Ames|4233|21|4,Ames,4233,21,4,PHP02 X LH82,60,2022-07-22,99.6,,7.0,1,0,106.54813744498418,nitrogen,held_out_location
Ames|4233|9|6,Ames,4233,9,6,PHP02 X LH82,60,2022-07-22,153.95,,7.0,1,0,106.54813744498418,nitrogen,held_out_location
Ames|4233|10|3,Ames,4233,10,3,PHP02 X PHB47,60,2022-07-22,115.15,,7.0,1,0,106.54813744498418,nitrogen,held_out_location
Ames|4233|16|10,Ames,4233,16,10,PHP02 X PHB47,60,2022-07-22,123.1,,7.0,1,0,106.54813744498418,nitrogen,held_out_location
Ames|4233|13|5,Ames,4233,13,5,PHP02 X PHG47,60,2022-07-22,171.53,,7.0,1,0,106.54813744498418,nitrogen,held_out_location
Ames|4233|17|8,Ames,4233,17,8,PHP02 X PHG47,60,2022-07-22,142.83,,7.0,1,0,106.54813744498418,nitrogen,held_out_location
Ames|4233|17|3,Ames,4233,17,3,PHP02 X PHJ89,60,2022-07-22,117.75,,7.0,1,0,106.54813744498418,nitrogen,held_out_location
Ames|4233|8|6,Ames,4233,8,6,PHP02 X PHJ89,60,2022-07-22,183.33,,7.0,1,0,106.54813744498418,nitrogen,held_out_location
Ames|4233|18|6,Ames,4233,18,6,PHP02 X PHK56,60,2022-07-22,165.13,,7.0,1,0,106.54813744498418,nitrogen,held_out_location
Ames|4233|12|8,Ames,4233,12,8,PHP02 X PHK56,60,2022-07-22,195.96,,7.0,1,0,106.54813744498418,nitrogen,held_out_location
Ames|4233|22|8,Ames,4233,22,8,PHP02 X PHK76,60,2022-07-22,149.42,,7.0,1,0,106.54813744498418,nitrogen,held_out_location
Ames|4233|10|9,Ames,4233,10,9,PHP02 X PHK76,60,2022-07-22,168.88,,7.0,1,0,106.54813744498418,nitrogen,held_out_location
Ames|4233|13|3,Ames,4233,13,3,PHP02 X PHN46,60,2022-07-22,125.56,,7.0,1,0,106.54813744498418,nitrogen,held_out_location
Ames|4233|18|9,Ames,4233,18,9,PHP02 X PHN46,60,2022-07-22,117.95,,7.0,1,0,106.54813744498418,nitrogen,held_out_location
Ames|4233|13|10,Ames,4233,13,10,PHP02 X W606S,60,2022-07-22,163.96,,7.0,1,0,106.54813744498418,nitrogen,held_out_location
Ames|4233|20|10,Ames,4233,20,10,PHP02 X W606S,60,2022-07-22,157.67,,7.0,1,0,106.54813744498418,nitrogen,held_out_location
Ames|4233|9|3,Ames,4233,9,3,PHT69 X 3IIH6,60,2022-07-22,151.84,,7.0,1,0,106.54813744498418,nitrogen,held_out_location
Ames|4233|21|10,Ames,4233,21,10,PHT69 X 3IIH6,60,2022-07-22,163.79,,7.0,1,0,106.54813744498418,nitrogen,held_out_location
Ames|4233|20|4,Ames,4233,20,4,PHW52 X LH185,60,2022-07-22,95.15,,7.0,1,0,106.54813744498418,nitrogen,held_out_location
Ames|4233|6|5,Ames,4233,6,5,PHW52 X LH185,60,2022-07-22,124.66,,7.0,1,0,106.54813744498418,nitrogen,held_out_location
Ames|4233|19|3,Ames,4233,19,3,PHW52 X PHM49,60,2022-07-22,76.95,,7.0,1,0,106.54813744498418,nitrogen,held_out_location
Ames|4233|4|5,Ames,4233,4,5,PHW52 X PHM49,60,2022-07-22,141.29,,7.0,1,0,106.54813744498418,nitrogen,held_out_location
Ames|4233|4|10,Ames,4233,4,10,PHW52 X PHN82,60,2022-07-22,193.63,,7.0,1,0,106.54813744498418,nitrogen,held_out_location
Ames|4233|23|10,Ames,4233,23,10,PHW52 X PHN82,60,2022-07-22,170.8,,7.0,1,0,106.54813744498418,nitrogen,held_out_location
Ames|4233|16|3,Ames,4233,16,3,PHW52 X PHZ51,60,2022-07-22,114.57,,7.0,1,0,106.54813744498418,nitrogen,held_out_location
Ames|4233|7|4,Ames,4233,7,4,PHW52 X PHZ51,60,2022-07-22,146.19,,7.0,1,0,106.54813744498418,nitrogen,held_out_location
Ames|4233|6|4,Ames,4233,6,4,PHZ51 X LH145,60,2022-07-22,131.97,,7.0,1,0,106.54813744498418,nitrogen,held_out_location
Ames|4233|21|5,Ames,4233,21,5,PHZ51 X LH145,60,2022-07-22,74.27,,7.0,1,0,106.54813744498418,nitrogen,held_out_location
Ames|4233|14|6,Ames,4233,14,6,PIONEER 1311 AMXT,60,2022-07-22,141.97,,7.0,1,0,106.54813744498418,nitrogen,held_out_location
Ames|4233|12|9,Ames,4233,12,9,PIONEER 1311 AMXT,60,2022-07-22,221.49,,7.0,1,0,106.54813744498418,nitrogen,held_out_location
Ames|4233|11|6,Ames,4233,11,6,PIONEER P0589 AMXT,60,2022-07-22,182.0,,7.0,1,0,106.54813744498418,nitrogen,held_out_location
Ames|4233|24|6,Ames,4233,24,6,PIONEER P0589 AMXT,60,2022-07-22,134.83,,7.0,1,0,106.54813744498418,nitrogen,held_out_location
Ames|4233|4|7,Ames,4233,4,7,SYNGENTA NK0760-3111,60,2022-07-22,167.43,,7.0,1,0,106.54813744498418,nitrogen,held_out_location
Ames|4233|17|7,Ames,4233,17,7,SYNGENTA NK0760-3111,60,2022-07-22,151.07,,7.0,1,0,106.54813744498418,nitrogen,held_out_location
Ames|4233|9|5,Ames,4233,9,5,WF9 X H95,60,2022-07-22,135.85,,7.0,1,0,106.54813744498418,nitrogen,held_out_location
Ames|4233|19|5,Ames,4233,19,5,WF9 X H95,60,2022-07-22,66.18,,7.0,1,0,106.54813744498418,nitrogen,held_out_location
Ames|4232|2|18,Ames,4232,2,18,2369 X 3IIH6,60,2022-07-21,119.07,,6.0,1,0,125.13320277721698,nitrogen,held_out_location
Ames|4232|20|21,Ames,4232,20,21,2369 X 3IIH6,60,2022-07-21,137.78,,6.0,1,0,125.13320277721698,nitrogen,held_out_location
Ames|4232|2|22,Ames,4232,2,22,2369 X LH123HT,60,2022-07-21,77.09,,6.0,1,0,125.13320277721698,nitrogen,held_out_location
Ames|4232|29|22,Ames,4232,29,22,2369 X LH123HT,60,2022-07-21,133.91,,6.0,1,0,125.13320277721698,nitrogen,held_out_location
Ames|4232|5|19,Ames,4232,5,19,2369 X PHN82,60,2022-07-21,123.28,,6.0,1,0,125.13320277721698,nitrogen,held_out_location
Ames|4232|20|19,Ames,4232,20,19,2369 X PHN82,60,2022-07-21,126.3,,6.0,1,0,125.13320277721698,nitrogen,held_out_location
Ames|4232|26|19,Ames,4232,26,19,2369 X PHP02,60,2022-07-21,107.51,,6.0,1,0,125.13320277721698,nitrogen,held_out_location
Ames|4232|8|20,Ames,4232,8,20,2369 X PHP02,60,2022-07-21,126.31,,6.0,1,0,125.13320277721698,nitrogen,held_out_location
Ames|4232|12|19,Ames,4232,12,19,2369 X PHZ51,60,2022-07-21,111.17,,6.0,1,0,125.13320277721698,nitrogen,held_out_location
Ames|4232|28|21,Ames,4232,28,21,2369 X PHZ51,60,2022-07-21,109.88,,6.0,1,0,125.13320277721698,nitrogen,held_out_location
Ames|4232|10|18,Ames,4232,10,18,2FACC X 3IIH6,60,2022-07-21,159.05,,6.0,1,0,125.13320277721698,nitrogen,held_out_location
Ames|4232|22|20,Ames,4232,22,20,2FACC X 3IIH6,60,2022-07-21,119.28,,6.0,1,0,125.13320277721698,nitrogen,held_out_location
Ames|4232|12|17,Ames,4232,12,17,4N506 X 3IIH6,60,2022-07-21,151.66,,6.0,1,0,125.13320277721698,nitrogen,held_out_location
Ames|4232|29|20,Ames,4232,29,20,4N506 X 3IIH6,60,2022-07-21,132.22,,6.0,1,0,125.13320277721698,nitrogen,held_out_location
Ames|4232|14|18,Ames,4232,14,18,B105 X 3IIH6,60,2022-07-21,140.83,,6.0,1,0,125.13320277721698,nitrogen,held_out_location
Ames|4232|20|20,Ames,4232,20,20,B105 X 3IIH6,60,2022-07-21,112.23,,6.0,1,0,125.13320277721698,nitrogen,held_out_location
Ames|4232|30|17,Ames,4232,30,17,B14A X MO17,60,2022-07-21,193.64,,6.0,1,0,125.13320277721698,nitrogen,held_out_location
Ames|4232|4|19,Ames,4232,4,19,B14A X MO17,60,2022-07-21,120.53,,6.0,1,0,125.13320277721698,nitrogen,held_out_location
Ames|4232|10|17,Ames,4232,10,17,B37 X H95,60,2022-07-21,91.52,,6.0,1,0,125.13320277721698,nitrogen,held_out_location
Ames|4232|21|21,Ames,4232,21,21,B37 X H95,60,2022-07-21,40.95,,6.0,1,0,125.13320277721698,nitrogen,held_out_location
Ames|4232|9|19,Ames,4232,9,19,B37 X MO17,60,2022-07-21,83.59,,6.0,1,0,125.13320277721698,nitrogen,held_out_location
Ames|4232|30|20,Ames,4232,30,20,B37 X MO17,60,2022-07-21,110.11,,6.0,1,0,125.13320277721698,nitrogen,held_out_location
Ames|4232|3|22,Ames,4232,3,22,B37 X OH43,60,2022-07-21,44.04,,6.0,1,0,125.13320277721698,nitrogen,held_out_location
Ames|4232|28|22,Ames,4232,28,22,B37 X OH43,60,2022-07-21,47.82,,6.0,1,0,125.13320277721698,nitrogen,held_out_location
Ames|4232|2|17,Ames,4232,2,17,B73 X 3IIH6,60,2022-07-21,137.19,,6.0,1,0,125.13320277721698,nitrogen,held_out_location
Ames|4232|17|19,Ames,4232,17,19,B73 X 3IIH6,60,2022-07-21,158.58,,6.0,1,0,125.13320277721698,nitrogen,held_out_location
Ames|4232|11|17,Ames,4232,11,17,B73 X MO17,60,2022-07-21,136.17,,6.0,1,0,125.13320277721698,nitrogen,held_out_location
Ames|4232|18|19,Ames,4232,18,19,B73 X MO17,60,2022-07-21,119.39,,6.0,1,0,125.13320277721698,nitrogen,held_out_location
Ames|4232|9|18,Ames,4232,9,18,B73 X PHM49,60,2022-07-21,121.7,,6.0,1,0,125.13320277721698,nitrogen,held_out_location
Ames|4232|23|22,Ames,4232,23,22,B73 X PHM49,60,2022-07-21,97.2,,6.0,1,0,125.13320277721698,nitrogen,held_out_location
Ames|4232|27|22,Ames,4232,27,22,B73 X PHN82,60,2022-07-21,120.87,,6.0,1,0,125.13320277721698,nitrogen,held_out_location
Ames|4232|8|17,Ames,4232,8,17,B73 X PHZ51,60,2022-07-21,120.22,,6.0,1,0,125.13320277721698,nitrogen,held_out_location
Ames|4232|25|18,Ames,4232,25,18,B73 X PHZ51,60,2022-07-21,122.92,,6.0,1,0,125.13320277721698,nitrogen,held_out_location
Ames|4232|7|19,Ames,4232,7,19,B84 X 3IIH6,60,2022-07-21,104.59,,6.0,1,0,125.13320277721698,nitrogen,held_out_location
Ames|4232|21|19,Ames,4232,21,19,B84 X 3IIH6,60,2022-07-21,95.94,,6.0,1,0,125.13320277721698,nitrogen,held_out_location
Ames|4232|5|21,Ames,4232,5,21,F42 X MO17,60,2022-07-21,101.6,,6.0,1,0,125.13320277721698,nitrogen,held_out_location
Ames|4232|18|22,Ames,4232,18,22,F42 X MO17,60,2022-07-21,100.53,,6.0,1,0,125.13320277721698,nitrogen,held_out_location
Ames|4232|19|17,Ames,4232,19,17,F42 X OH43,60,2022-07-21,117.72,,6.0,1,0,125.13320277721698,nitrogen,held_out_location
Ames|4232|11|18,Ames,4232,11,18,F42 X OH43,60,2022-07-21,115.08,,6.0,1,0,125.13320277721698,nitrogen,held_out_location
Ames|4232|19|21,Ames,4232,19,21,HOEGEMEYER 7089 AMXT,60,2022-07-21,164.15,,6.0,1,0,125.13320277721698,nitrogen,held_out_location
Ames|4232|14|22,Ames,4232,14,22,HOEGEMEYER 7089 AMXT,60,2022-07-21,136.46,,6.0,1,0,125.13320277721698,nitrogen,held_out_location
Ames|4232|27|20,Ames,4232,27,20,HOEGEMEYER 8065RR,60,2022-07-21,186.23,,6.0,1,0,125.13320277721698,nitrogen,held_out_location
Ames|4232|6|21,Ames,4232,6,21,HOEGEMEYER 8065RR,60,2022-07-21,159.04,,6.0,1,0,125.13320277721698,nitrogen,held_out_location
Ames|4232|21|20,Ames,4232,21,20,LH123HT X 3IIH6,60,2022-07-21,119.96,,6.0,1,0,125.13320277721698,nitrogen,held_out_location
Ames|4232|7|20,Ames,4232,7,20,LH123HT X PHB47,60,2022-07-21,106.87,,6.0,1,0,125.13320277721698,nitrogen,held_out_location
Ames|4232|26|22,Ames,4232,26,22,LH123HT X PHB47,60,2022-07-21,105.14,,6.0,1,0,125.13320277721698,nitrogen,held_out_location
Ames|4232|3|18,Ames,4232,3,18,LH145 X LH162,60,2022-07-21,133.32,,6.0,1,0,125.13320277721698,nitrogen,held_out_location
Ames|4232|29|19,Ames,4232,29,19,LH145 X LH162,60,2022-07-21,139.7,,6.0,1,0,125.13320277721698,nitrogen,held_out_location
Ames|4232|10|22,Ames,4232,10,22,LH185 X LH145,60,2022-07-21,71.53,,6.0,1,0,125.13320277721698,nitrogen,held_out_location
Ames|4232|16|20,Ames,4232,16,20,LH185 X LH82,60,2022-07-21,140.47,,6.0,1,0,125.13320277721698,nitrogen,held_out_location
Ames|4232|22|22,Ames,4232,22,22,LH185 X LH82,60,2022-07-21,115.67,,6.0,1,0,125.13320277721698,nitrogen,held_out_location
Ames|4232|12|21,Ames,4232,12,21,LH185 X W606S,60,2022-07-21,104.49,,6.0,1,0,125.13320277721698,nitrogen,held_out_location
Ames|4232|28|18,Ames,4232,28,18,LH195 X 3IIH6,60,2022-07-21,173.67,,6.0,1,0,125.13320277721698,nitrogen,held_out_location
Ames|4232|2|20,Ames,4232,2,20,LH195 X 3IIH6,60,2022-07-21,115.09,,6.0,1,0,125.13320277721698,nitrogen,held_out_location
Ames|4232|25|19,Ames,4232,25,19,LH195 X LH123HT,60,2022-07-21,87.85,,6.0,1,0,125.13320277721698,nitrogen,held_out_location
Ames|4232|5|20,Ames,4232,5,20,LH195 X LH123HT,60,2022-07-21,108.71,,6.0,1,0,125.13320277721698,nitrogen,held_out_location
Ames|4232|13|17,Ames,4232,13,17,LH195 X LH185,60,2022-07-21,150.62,,6.0,1,0,125.13320277721698,nitrogen,held_out_location
Ames|4232|25|21,Ames,4232,25,21,LH195 X LH185,60,2022-07-21,84.88,,6.0,1,0,125.13320277721698,nitrogen,held_out_location
Ames|4232|10|19,Ames,4232,10,19,LH195 X PHM49,60,2022-07-21,70.54,,6.0,1,0,125.13320277721698,nitrogen,held_out_location
Ames|4232|28|19,Ames,4232,28,19,LH195 X PHM49,60,2022-07-21,59.58,,6.0,1,0,125.13320277721698,nitrogen,held_out_location
Ames|4232|24|17,Ames,4232,24,17,LH195 X PHZ51,60,2022-07-21,103.13,,6.0,1,0,125.13320277721698,nitrogen,held_out_location
Ames|4232|4|22,Ames,4232,4,22,LH195 X PHZ51,60,2022-07-21,104.99,,6.0,1,0,125.13320277721698,nitrogen,held_out_location
Ames|4232|22|17,Ames,4232,22,17,LH198 X PHB47,60,2022-07-21,138.53,,6.0,1,0,125.13320277721698,nitrogen,held_out_location
Ames|4232|8|21,Ames,4232,8,21,LH198 X PHB47,60,2022-07-21,69.84,,6.0,1,0,125.13320277721698,nitrogen,held_out_location
Ames|4232|9|17,Ames,4232,9,17,LH198 X PHZ51,60,2022-07-21,126.88,,6.0,1,0,125.13320277721698,nitrogen,held_out_location
Ames|4232|19|18,Ames,4232,19,18,LH198 X PHZ51,60,2022-07-21,169.91,,6.0,1,0,125.13320277721698,nitrogen,held_out_location
Ames|4232|6|18,Ames,4232,6,18,LH74 X PHM49,60,2022-07-21,125.07,,6.0,1,0,125.13320277721698,nitrogen,held_out_location
Ames|4232|29|18,Ames,4232,29,18,LH74 X PHM49,60,2022-07-21,128.95,,6.0,1,0,125.13320277721698,nitrogen,held_out_location
Ames|4232|3|19,Ames,4232,3,19,LH74 X PHN82,60,2022-07-21,131.3,,6.0,1,0,125.13320277721698,nitrogen,held_out_location
Ames|4232|30|19,Ames,4232,30,19,LH74 X PHN82,60,2022-07-21,121.82,,6.0,1,0,125.13320277721698,nitrogen,held_out_location
Ames|4232|7|17,Ames,4232,7,17,LH82 X PHB47,60,2022-07-21,127.16,,6.0,1,0,125.13320277721698,nitrogen,held_out_location
Ames|4232|22|19,Ames,4232,22,19,LH82 X PHB47,60,2022-07-21,114.01,,6.0,1,0,125.13320277721698,nitrogen,held_out_location
Ames|4232|6|17,Ames,4232,6,17,LH82 X PHJ89,60,2022-07-21,125.35,,6.0,1,0,125.13320277721698,nitrogen,held_out_location
Ames|4232|21|22,Ames,4232,21,22,LH82 X PHJ89,60,2022-07-21,99.33,,6.0,1,0,125.13320277721698,nitrogen,held_out_location
Ames|4232|19|19,Ames,4232,19,19,LH82 X W606S,60,2022-07-21,118.15,,6.0,1,0,125.13320277721698,nitrogen,held_out_location
Ames|4232|7|22,Ames,4232,7,22,LH82 X W606S,60,2022-07-21,119.92,,6.0,1,0,125.13320277721698,nitrogen,held_out_location
Ames|4232|28|17,Ames,4232,28,17,N209 X 3IIH6,60,2022-07-21,161.72,,6.0,1,0,125.13320277721698,nitrogen,held_out_location
Ames|4232|14|19,Ames,4232,14,19,N209 X 3IIH6,60,2022-07-21,130.63,,6.0,1,0,125.13320277721698,nitrogen,held_out_location
Ames|4232|5|17,Ames,4232,5,17,PHB47 X 3IIH6,60,2022-07-21,86.68,,6.0,1,0,125.13320277721698,nitrogen,held_out_location
Ames|4232|23|20,Ames,4232,23,20,PHB47 X 3IIH6,60,2022-07-21,98.63,,6.0,1,0,125.13320277721698,nitrogen,held_out_location
Ames|4232|5|18,Ames,4232,5,18,PHB47 X LH185,60,2022-07-21,118.12,,6.0,1,0,125.13320277721698,nitrogen,held_out_location
Ames|4232|21|18,Ames,4232,21,18,PHB47 X LH185,60,2022-07-21,161.72,,6.0,1,0,125.13320277721698,nitrogen,held_out_location
Ames|4232|3|20,Ames,4232,3,20,PHB47 X PHJ89,60,2022-07-21,91.06,,6.0,1,0,125.13320277721698,nitrogen,held_out_location
Ames|4232|27|18,Ames,4232,27,18,PHB47 X PHK56,60,2022-07-21,138.82,,6.0,1,0,125.13320277721698,nitrogen,held_out_location
Ames|4232|4|20,Ames,4232,4,20,PHB47 X PHK56,60,2022-07-21,138.47,,6.0,1,0,125.13320277721698,nitrogen,held_out_location
Ames|4232|8|19,Ames,4232,8,19,PHG39 X PHM49,60,2022-07-21,102.3,,6.0,1,0,125.13320277721698,nitrogen,held_out_location
Ames|4232|28|20,Ames,4232,28,20,PHG39 X PHM49,60,2022-07-21,141.01,,6.0,1,0,125.13320277721698,nitrogen,held_out_location
Ames|4232|13|18,Ames,4232,13,18,PHG39 X PHN82,60,2022-07-21,188.35,,6.0,1,0,125.13320277721698,nitrogen,held_out_location
Ames|4232|14|21,Ames,4232,14,21,PHJ40 X LH82,60,2022-07-21,103.9,,6.0,1,0,125.13320277721698,nitrogen,held_out_location
Ames|4232|27|21,Ames,4232,27,21,PHJ40 X LH82,60,2022-07-21,119.5,,6.0,1,0,125.13320277721698,nitrogen,held_out_location
Ames|4232|7|21,Ames,4232,7,21,PHK56 X 3IIH6,60,2022-07-21,112.84,,6.0,1,0,125.13320277721698,nitrogen,held_out_location
Ames|4232|30|21,Ames,4232,30,21,PHK56 X 3IIH6,60,2022-07-21,161.71,,6.0,1,0,125.13320277721698,nitrogen,held_out_location
Ames|4232|9|21,Ames,4232,9,21,PHK56 X LH145,60,2022-07-21,91.36,,6.0,1,0,125.13320277721698,nitrogen,held_out_location
Ames|4232|9|20,Ames,4232,9,20,PHK56 X LH185,60,2022-07-21,146.79,,6.0,1,0,125.13320277721698,nitrogen,held_out_location
Ames|4232|19|20,Ames,4232,19,20,PHK56 X LH185,60,2022-07-21,155.01,,6.0,1,0,125.13320277721698,nitrogen,held_out_location
Ames|4232|18|17,Ames,4232,18,17,PHK56 X LH198,60,2022-07-21,173.03,,6.0,1,0,125.13320277721698,nitrogen,held_out_location
Ames|4232|6|19,Ames,4232,6,19,PHK56 X LH198,60,2022-07-21,121.12,,6.0,1,0,125.13320277721698,nitrogen,held_out_location
Ames|4232|21|17,Ames,4232,21,17,PHK56 X LH82,60,2022-07-21,181.64,,6.0,1,0,125.13320277721698,nitrogen,held_out_location
Ames|4232|15|20,Ames,4232,15,20,PHK56 X LH82,60,2022-07-21,150.82,,6.0,1,0,125.13320277721698,nitrogen,held_out_location
Ames|4232|16|17,Ames,4232,16,17,PHK56 X PHJ89,60,2022-07-21,162.52,,6.0,1,0,125.13320277721698,nitrogen,held_out_location
Ames|4232|22|21,Ames,4232,22,21,PHK56 X PHJ89,60,2022-07-21,156.05,,6.0,1,0,125.13320277721698,nitrogen,held_out_location
Ames|4232|15|18,Ames,4232,15,18,PHK56 X W606S,60,2022-07-21,150.69,,6.0,1,0,125.13320277721698,nitrogen,held_out_location
Ames|4232|24|22,Ames,4232,24,22,PHK56 X W606S,60,2022-07-21,109.0,,6.0,1,0,125.13320277721698,nitrogen,held_out_location
Ames|4232|29|17,Ames,4232,29,17,PHK76 X 3IIH6,60,2022-07-21,155.41,,6.0,1,0,125.13320277721698,nitrogen,held_out_location
Ames|4232|15|22,Ames,4232,15,22,PHK76 X 3IIH6,60,2022-07-21,109.01,,6.0,1,0,125.13320277721698,nitrogen,held_out_location
Ames|4232|15|19,Ames,4232,15,19,PHK76 X LH145,60,2022-07-21,66.25,,6.0,1,0,125.13320277721698,nitrogen,held_out_location
Ames|4232|23|19,Ames,4232,23,19,PHK76 X LH145,60,2022-07-21,64.96,,6.0,1,0,125.13320277721698,nitrogen,held_out_location
Ames|4232|27|19,Ames,4232,27,19,PHK76 X LH198,60,2022-07-21,125.7,,6.0,1,0,125.13320277721698,nitrogen,held_out_location
Ames|4232|12|20,Ames,4232,12,20,PHK76 X LH198,60,2022-07-21,123.19,,6.0,1,0,125.13320277721698,nitrogen,held_out_location
Ames|4232|6|22,Ames,4232,6,22,PHK76 X LH82,60,2022-07-21,121.32,,6.0,1,0,125.13320277721698,nitrogen,held_out_location
Ames|4232|17|22,Ames,4232,17,22,PHK76 X LH82,60,2022-07-21,113.73,,6.0,1,0,125.13320277721698,nitrogen,held_out_location
Ames|4232|10|20,Ames,4232,10,20,PHK76 X W606S,60,2022-07-21,138.75,,6.0,1,0,125.13320277721698,nitrogen,held_out_location
Ames|4232|25|22,Ames,4232,25,22,PHK76 X W606S,60,2022-07-21,88.27,,6.0,1,0,125.13320277721698,nitrogen,held_out_location
Ames|4232|16|18,Ames,4232,16,18,PHN46 X PHB47,60,2022-07-21,180.16,,6.0,1,0,125.13320277721698,nitrogen,held_out_location
Ames|4232|20|22,Ames,4232,20,22,PHN46 X PHB47,60,2022-07-21,101.98,,6.0,1,0,125.13320277721698,nitrogen,held_out_location
Ames|4232|26|18,Ames,4232,26,18,PHN46 X PHK56,60,2022-07-21,146.61,,6.0,1,0,125.13320277721698,nitrogen,held_out_location
Ames|4232|13|21,Ames,4232,13,21,PHN46 X PHK56,60,2022-07-21,129.39,,6.0,1,0,125.13320277721698,nitrogen,held_out_location
Ames|4232|22|18,Ames,4232,22,18,PHN46 X W606S,60,2022-07-21,188.11,,6.0,1,0,125.13320277721698,nitrogen,held_out_location
Ames|4232|13|22,Ames,4232,13,22,PHN46 X W606S,60,2022-07-21,119.16,,6.0,1,0,125.13320277721698,nitrogen,held_out_location
Ames|4232|11|20,Ames,4232,11,20,PHP02 X LH145,60,2022-07-21,82.69,,6.0,1,0,125.13320277721698,nitrogen,held_out_location
Ames|4232|17|21,Ames,4232,17,21,PHP02 X LH145,60,2022-07-21,93.65,,6.0,1,0,125.13320277721698,nitrogen,held_out_location
Ames|4232|27|17,Ames,4232,27,17,PHP02 X LH185,60,2022-07-21,136.25,,6.0,1,0,125.13320277721698,nitrogen,held_out_location
Ames|4232|15|21,Ames,4232,15,21,PHP02 X LH185,60,2022-07-21,89.17,,6.0,1,0,125.13320277721698,nitrogen,held_out_location
Ames|4232|26|17,Ames,4232,26,17,PHP02 X LH198,60,2022-07-21,133.84,,6.0,1,0,125.13320277721698,nitrogen,held_out_location
Ames|4232|12|22,Ames,4232,12,22,PHP02 X LH198,60,2022-07-21,119.13,,6.0,1,0,125.13320277721698,nitrogen,held_out_location
Ames|4232|18|18,Ames,4232,18,18,PHP02 X LH82,60,2022-07-21,135.26,,6.0,1,0,125.13320277721698,nitrogen,held_out_location
Ames|4232|6|20,Ames,4232,6,20,PHP02 X LH82,60,2022-07-21,113.74,,6.0,1,0,125.13320277721698,nitrogen,held_out_location
Ames|4232|11|19,Ames,4232,11,19,PHP02 X PHB47,60,2022-07-21,100.53,,6.0,1,0,125.13320277721698,nitrogen,held_out_location
Ames|4232|26|21,Ames,4232,26,21,PHP02 X PHB47,60,2022-07-21,115.68,,6.0,1,0,125.13320277721698,nitrogen,held_out_location
Ames|4232|23|18,Ames,4232,23,18,PHP02 X PHG47,60,2022-07-21,135.23,,6.0,1,0,125.13320277721698,nitrogen,held_out_location
Ames|4232|13|20,Ames,4232,13,20,PHP02 X PHG47,60,2022-07-21,120.93,,6.0,1,0,125.13320277721698,nitrogen,held_out_location
Ames|4232|30|18,Ames,4232,30,18,PHP02 X PHJ89,60,2022-07-21,127.62,,6.0,1,0,125.13320277721698,nitrogen,held_out_location
Ames|4232|11|22,Ames,4232,11,22,PHP02 X PHJ89,60,2022-07-21,101.58,,6.0,1,0,125.13320277721698,nitrogen,held_out_location
Ames|4232|11|21,Ames,4232,11,21,PHP02 X PHK56,60,2022-07-21,108.31,,6.0,1,0,125.13320277721698,nitrogen,held_out_location
Ames|4232|29|21,Ames,4232,29,21,PHP02 X PHK56,60,2022-07-21,160.42,,6.0,1,0,125.13320277721698,nitrogen,held_out_location
Ames|4232|15|17,Ames,4232,15,17,PHP02 X PHK76,60,2022-07-21,145.61,,6.0,1,0,125.13320277721698,nitrogen,held_out_location
Ames|4232|18|21,Ames,4232,18,21,PHP02 X PHK76,60,2022-07-21,127.58,,6.0,1,0,125.13320277721698,nitrogen,held_out_location
Ames|4232|17|18,Ames,4232,17,18,PHP02 X PHN46,60,2022-07-21,155.95,,6.0,1,0,125.13320277721698,nitrogen,held_out_location
Ames|4232|8|22,Ames,4232,8,22,PHP02 X PHN46,60,2022-07-21,115.36,,6.0,1,0,125.13320277721698,nitrogen,held_out_location
Ames|4232|25|17,Ames,4232,25,17,PHP02 X W606S,60,2022-07-21,117.39,,6.0,1,0,125.13320277721698,nitrogen,held_out_location
Ames|4232|10|21,Ames,4232,10,21,PHP02 X W606S,60,2022-07-21,82.39,,6.0,1,0,125.13320277721698,nitrogen,held_out_location
Ames|4232|14|17,Ames,4232,14,17,PHT69 X 3IIH6,60,2022-07-21,134.69,,6.0,1,0,125.13320277721698,nitrogen,held_out_location
Ames|4232|19|22,Ames,4232,19,22,PHT69 X 3IIH6,60,2022-07-21,112.01,,6.0,1,0,125.13320277721698,nitrogen,held_out_location
Ames|4232|2|19,Ames,4232,2,19,PHW52 X LH185,60,2022-07-21,99.15,,6.0,1,0,125.13320277721698,nitrogen,held_out_location
Ames|4232|23|21,Ames,4232,23,21,PHW52 X LH185,60,2022-07-21,107.39,,6.0,1,0,125.13320277721698,nitrogen,held_out_location
Ames|4232|4|17,Ames,4232,4,17,PHW52 X PHM49,60,2022-07-21,131.93,,6.0,1,0,125.13320277721698,nitrogen,held_out_location
Ames|4232|20|18,Ames,4232,20,18,PHW52 X PHM49,60,2022-07-21,188.81,,6.0,1,0,125.13320277721698,nitrogen,held_out_location
Ames|4232|3|17,Ames,4232,3,17,PHW52 X PHN82,60,2022-07-21,155.26,,6.0,1,0,125.13320277721698,nitrogen,held_out_location
Ames|4232|26|20,Ames,4232,26,20,PHW52 X PHN82,60,2022-07-21,155.16,,6.0,1,0,125.13320277721698,nitrogen,held_out_location
Ames|4232|13|19,Ames,4232,13,19,PHW52 X PHZ51,60,2022-07-21,126.8,,6.0,1,0,125.13320277721698,nitrogen,held_out_location
Ames|4232|24|19,Ames,4232,24,19,PHW52 X PHZ51,60,2022-07-21,64.36,,6.0,1,0,125.13320277721698,nitrogen,held_out_location
Ames|4232|20|17,Ames,4232,20,17,PHZ51 X LH145,60,2022-07-21,89.17,,6.0,1,0,125.13320277721698,nitrogen,held_out_location
Ames|4232|8|18,Ames,4232,8,18,PHZ51 X LH145,60,2022-07-21,112.32,,6.0,1,0,125.13320277721698,nitrogen,held_out_location
Ames|4232|23|17,Ames,4232,23,17,PIONEER 1311 AMXT,60,2022-07-21,150.25,,6.0,1,0,125.13320277721698,nitrogen,held_out_location
Ames|4232|14|20,Ames,4232,14,20,PIONEER 1311 AMXT,60,2022-07-21,123.31,,6.0,1,0,125.13320277721698,nitrogen,held_out_location
Ames|4232|24|18,Ames,4232,24,18,PIONEER P0589 AMXT,60,2022-07-21,139.09,,6.0,1,0,125.13320277721698,nitrogen,held_out_location
Ames|4232|16|19,Ames,4232,16,19,PIONEER P0589 AMXT,60,2022-07-21,184.49,,6.0,1,0,125.13320277721698,nitrogen,held_out_location
Ames|4232|17|20,Ames,4232,17,20,SYNGENTA NK0760-3111,60,2022-07-21,166.82,,6.0,1,0,125.13320277721698,nitrogen,held_out_location
Ames|4232|9|22,Ames,4232,9,22,SYNGENTA NK0760-3111,60,2022-07-21,148.82,,6.0,1,0,125.13320277721698,nitrogen,held_out_location
Ames|4232|24|20,Ames,4232,24,20,WF9 X H95,60,2022-07-21,27.3,,6.0,1,0,125.13320277721698,nitrogen,held_out_location
Ames|4232|5|22,Ames,4232,5,22,WF9 X H95,60,2022-07-21,51.91,,6.0,1,0,125.13320277721698,nitrogen,held_out_location
Ames|4231|28|4,Ames,4231,28,4,2369 X 3IIH6,60,2022-07-21,149.81,,6.0,1,0,115.50363667020748,nitrogen,held_out_location
Ames|4231|2|6,Ames,4231,2,6,2369 X 3IIH6,60,2022-07-21,117.66,,6.0,1,0,115.50363667020748,nitrogen,held_out_location
Ames|4231|21|4,Ames,4231,21,4,2369 X LH123HT,60,2022-07-21,95.28,,6.0,1,0,115.50363667020748,nitrogen,held_out_location
Ames|4231|14|7,Ames,4231,14,7,2369 X LH123HT,60,2022-07-21,87.35,,6.0,1,0,115.50363667020748,nitrogen,held_out_location
Ames|4231|6|6,Ames,4231,6,6,2369 X PHN82,60,2022-07-21,100.8,,6.0,1,0,115.50363667020748,nitrogen,held_out_location
Ames|4231|25|7,Ames,4231,25,7,2369 X PHN82,60,2022-07-21,140.06,,6.0,1,0,115.50363667020748,nitrogen,held_out_location
Ames|4231|27|2,Ames,4231,27,2,2369 X PHP02,60,2022-07-21,116.89,,6.0,1,0,115.50363667020748,nitrogen,held_out_location
Ames|4231|9|4,Ames,4231,9,4,2369 X PHP02,60,2022-07-21,83.49,,6.0,1,0,115.50363667020748,nitrogen,held_out_location
Ames|4231|2|5,Ames,4231,2,5,2369 X PHZ51,60,2022-07-21,111.89,,6.0,1,0,115.50363667020748,nitrogen,held_out_location
Ames|4231|20|6,Ames,4231,20,6,2369 X PHZ51,60,2022-07-21,139.76,,6.0,1,0,115.50363667020748,nitrogen,held_out_location
Ames|4231|25|2,Ames,4231,25,2,2FACC X 3IIH6,60,2022-07-21,150.24,,6.0,1,0,115.50363667020748,nitrogen,held_out_location
Ames|4231|10|6,Ames,4231,10,6,2FACC X 3IIH6,60,2022-07-21,119.39,,6.0,1,0,115.50363667020748,nitrogen,held_out_location
Ames|4231|8|5,Ames,4231,8,5,4N506 X 3IIH6,60,2022-07-21,116.17,,6.0,1,0,115.50363667020748,nitrogen,held_out_location
Ames|4231|24|6,Ames,4231,24,6,4N506 X 3IIH6,60,2022-07-21,145.85,,6.0,1,0,115.50363667020748,nitrogen,held_out_location
Ames|4231|19|4,Ames,4231,19,4,B105 X 3IIH6,60,2022-07-21,111.85,,6.0,1,0,115.50363667020748,nitrogen,held_out_location
Ames|4231|8|7,Ames,4231,8,7,B105 X 3IIH6,60,2022-07-21,62.27,,6.0,1,0,115.50363667020748,nitrogen,held_out_location
Ames|4231|22|2,Ames,4231,22,2,B14A X MO17,60,2022-07-21,99.32,,6.0,1,0,115.50363667020748,nitrogen,held_out_location
Ames|4231|9|6,Ames,4231,9,6,B14A X MO17,60,2022-07-21,82.92,,6.0,1,0,115.50363667020748,nitrogen,held_out_location
Ames|4231|3|5,Ames,4231,3,5,B37 X H95,60,2022-07-21,65.46,,6.0,1,0,115.50363667020748,nitrogen,held_out_location
Ames|4231|24|7,Ames,4231,24,7,B37 X H95,60,2022-07-21,72.93,,6.0,1,0,115.50363667020748,nitrogen,held_out_location
Ames|4231|5|3,Ames,4231,5,3,B37 X MO17,60,2022-07-21,95.3,,6.0,1,0,115.50363667020748,nitrogen,held_out_location
Ames|4231|20|7,Ames,4231,20,7,B37 X MO17,60,2022-07-21,115.26,,6.0,1,0,115.50363667020748,nitrogen,held_out_location
Ames|4231|28|3,Ames,4231,28,3,B37 X OH43,60,2022-07-21,84.99,,6.0,1,0,115.50363667020748,nitrogen,held_out_location
Ames|4231|2|7,Ames,4231,2,7,B37 X OH43,60,2022-07-21,67.75,,6.0,1,0,115.50363667020748,nitrogen,held_out_location
Ames|4231|7|5,Ames,4231,7,5,B73 X 3IIH6,60,2022-07-21,140.91,,6.0,1,0,115.50363667020748,nitrogen,held_out_location
Ames|4231|20|5,Ames,4231,20,5,B73 X 3IIH6,60,2022-07-21,124.98,,6.0,1,0,115.50363667020748,nitrogen,held_out_location
Ames|4231|30|5,Ames,4231,30,5,B73 X MO17,60,2022-07-21,138.23,,6.0,1,0,115.50363667020748,nitrogen,held_out_location
Ames|4231|12|7,Ames,4231,12,7,B73 X MO17,60,2022-07-21,107.98,,6.0,1,0,115.50363667020748,nitrogen,held_out_location
Ames|4231|21|6,Ames,4231,21,6,B73 X PHM49,60,2022-07-21,125.39,,6.0,1,0,115.50363667020748,nitrogen,held_out_location
Ames|4231|9|7,Ames,4231,9,7,B73 X PHM49,60,2022-07-21,79.96,,6.0,1,0,115.50363667020748,nitrogen,held_out_location
Ames|4231|4|5,Ames,4231,4,5,B73 X PHN82,60,2022-07-21,111.46,,6.0,1,0,115.50363667020748,nitrogen,held_out_location
Ames|4231|26|6,Ames,4231,26,6,B73 X PHN82,60,2022-07-21,150.01,,6.0,1,0,115.50363667020748,nitrogen,held_out_location
Ames|4231|30|3,Ames,4231,30,3,B73 X PHZ51,60,2022-07-21,125.45,,6.0,1,0,115.50363667020748,nitrogen,held_out_location
Ames|4231|10|5,Ames,4231,10,5,B73 X PHZ51,60,2022-07-21,109.4,,6.0,1,0,115.50363667020748,nitrogen,held_out_location
Ames|4231|17|3,Ames,4231,17,3,B84 X 3IIH6,60,2022-07-21,143.8,,6.0,1,0,115.50363667020748,nitrogen,held_out_location
Ames|4231|5|4,Ames,4231,5,4,B84 X 3IIH6,60,2022-07-21,125.29,,6.0,1,0,115.50363667020748,nitrogen,held_out_location
Ames|4231|12|5,Ames,4231,12,5,F42 X MO17,60,2022-07-21,111.78,,6.0,1,0,115.50363667020748,nitrogen,held_out_location
Ames|4231|19|6,Ames,4231,19,6,F42 X MO17,60,2022-07-21,165.92,,6.0,1,0,115.50363667020748,nitrogen,held_out_location
Ames|4231|22|4,Ames,4231,22,4,F42 X OH43,60,2022-07-21,75.38,,6.0,1,0,115.50363667020748,nitrogen,held_out_location
Ames|4231|4|7,Ames,4231,4,7,F42 X OH43,60,2022-07-21,89.27,,6.0,1,0,115.50363667020748,nitrogen,held_out_location
Ames|4231|12|2,Ames,4231,12,2,HOEGEMEYER 7089 AMXT,60,2022-07-21,183.96,,6.0,1,0,115.50363667020748,nitrogen,held_out_location
Ames|4231|23|4,Ames,4231,23,4,HOEGEMEYER 7089 AMXT,60,2022-07-21,177.1,,6.0,1,0,115.50363667020748,nitrogen,held_out_location
Ames|4231|10|3,Ames,4231,10,3,HOEGEMEYER 8065RR,60,2022-07-21,153.29,,6.0,1,0,115.50363667020748,nitrogen,held_out_location
Ames|4231|24|5,Ames,4231,24,5,HOEGEMEYER 8065RR,60,2022-07-21,164.28,,6.0,1,0,115.50363667020748,nitrogen,held_out_location
Ames|4231|18|3,Ames,4231,18,3,LH123HT X 3IIH6,60,2022-07-21,119.22,,6.0,1,0,115.50363667020748,nitrogen,held_out_location
Ames|4231|11|7,Ames,4231,11,7,LH123HT X 3IIH6,60,2022-07-21,103.65,,6.0,1,0,115.50363667020748,nitrogen,held_out_location
Ames|4231|11|3,Ames,4231,11,3,LH123HT X PHB47,60,2022-07-21,113.07,,6.0,1,0,115.50363667020748,nitrogen,held_out_location
Ames|4231|25|5,Ames,4231,25,5,LH123HT X PHB47,60,2022-07-21,125.3,,6.0,1,0,115.50363667020748,nitrogen,held_out_location
Ames|4231|24|3,Ames,4231,24,3,LH145 X LH162,60,2022-07-21,130.65,,6.0,1,0,115.50363667020748,nitrogen,held_out_location
Ames|4231|3|6,Ames,4231,3,6,LH145 X LH162,60,2022-07-21,135.73,,6.0,1,0,115.50363667020748,nitrogen,held_out_location
Ames|4231|7|4,Ames,4231,7,4,LH185 X LH145,60,2022-07-21,54.7,,6.0,1,0,115.50363667020748,nitrogen,held_out_location
Ames|4231|15|6,Ames,4231,15,6,LH185 X LH82,60,2022-07-21,155.39,,6.0,1,0,115.50363667020748,nitrogen,held_out_location
Ames|4231|23|7,Ames,4231,23,7,LH185 X LH82,60,2022-07-21,154.05,,6.0,1,0,115.50363667020748,nitrogen,held_out_location
Ames|4231|12|4,Ames,4231,12,4,LH185 X W606S,60,2022-07-21,130.97,,6.0,1,0,115.50363667020748,nitrogen,held_out_location
Ames|4231|3|4,Ames,4231,3,4,LH195 X 3IIH6,60,2022-07-21,136.32,,6.0,1,0,115.50363667020748,nitrogen,held_out_location
Ames|4231|17|6,Ames,4231,17,6,LH195 X 3IIH6,60,2022-07-21,130.76,,6.0,1,0,115.50363667020748,nitrogen,held_out_location
Ames|4231|4|2,Ames,4231,4,2,LH195 X LH123HT,60,2022-07-21,107.93,,6.0,1,0,115.50363667020748,nitrogen,held_out_location
Ames|4231|27|4,Ames,4231,27,4,LH195 X LH123HT,60,2022-07-21,128.39,,6.0,1,0,115.50363667020748,nitrogen,held_out_location
Ames|4231|2|4,Ames,4231,2,4,LH195 X LH185,60,2022-07-21,105.31,,6.0,1,0,115.50363667020748,nitrogen,held_out_location
Ames|4231|17|4,Ames,4231,17,4,LH195 X LH185,60,2022-07-21,105.03,,6.0,1,0,115.50363667020748,nitrogen,held_out_location
Ames|4231|5|2,Ames,4231,5,2,LH195 X PHM49,60,2022-07-21,72.53,,6.0,1,0,115.50363667020748,nitrogen,held_out_location
Ames|4231|26|4,Ames,4231,26,4,LH195 X PHM49,60,2022-07-21,91.96,,6.0,1,0,115.50363667020748,nitrogen,held_out_location
Ames|4231|2|2,Ames,4231,2,2,LH195 X PHZ51,60,2022-07-21,147.92,,6.0,1,0,115.50363667020748,nitrogen,held_out_location
Ames|4231|20|4,Ames,4231,20,4,LH195 X PHZ51,60,2022-07-21,112.79,,6.0,1,0,115.50363667020748,nitrogen,held_out_location
Ames|4231|16|3,Ames,4231,16,3,LH198 X PHB47,60,2022-07-21,129.24,,6.0,1,0,115.50363667020748,nitrogen,held_out_location
Ames|4231|27|3,Ames,4231,27,3,LH198 X PHB47,60,2022-07-21,130.32,,6.0,1,0,115.50363667020748,nitrogen,held_out_location
Ames|4231|2|3,Ames,4231,2,3,LH198 X PHZ51,60,2022-07-21,122.52,,6.0,1,0,115.50363667020748,nitrogen,held_out_location
Ames|4231|21|5,Ames,4231,21,5,LH198 X PHZ51,60,2022-07-21,105.18,,6.0,1,0,115.50363667020748,nitrogen,held_out_location
Ames|4231|28|2,Ames,4231,28,2,LH74 X PHM49,60,2022-07-21,97.82,,6.0,1,0,115.50363667020748,nitrogen,held_out_location
Ames|4231|6|5,Ames,4231,6,5,LH74 X PHM49,60,2022-07-21,89.45,,6.0,1,0,115.50363667020748,nitrogen,held_out_location
Ames|4231|9|5,Ames,4231,9,5,LH74 X PHN82,60,2022-07-21,102.55,,6.0,1,0,115.50363667020748,nitrogen,held_out_location
Ames|4231|25|6,Ames,4231,25,6,LH74 X PHN82,60,2022-07-21,154.07,,6.0,1,0,115.50363667020748,nitrogen,held_out_location
Ames|4231|20|3,Ames,4231,20,3,LH82 X PHB47,60,2022-07-21,112.56,,6.0,1,0,115.50363667020748,nitrogen,held_out_location
Ames|4231|5|7,Ames,4231,5,7,LH82 X PHB47,60,2022-07-21,90.56,,6.0,1,0,115.50363667020748,nitrogen,held_out_location
Ames|4231|5|5,Ames,4231,5,5,LH82 X PHJ89,60,2022-07-21,116.49,,6.0,1,0,115.50363667020748,nitrogen,held_out_location
Ames|4231|17|5,Ames,4231,17,5,LH82 X PHJ89,60,2022-07-21,124.13,,6.0,1,0,115.50363667020748,nitrogen,held_out_location
Ames|4231|7|2,Ames,4231,7,2,LH82 X W606S,60,2022-07-21,109.93,,6.0,1,0,115.50363667020748,nitrogen,held_out_location
Ames|4231|17|7,Ames,4231,17,7,LH82 X W606S,60,2022-07-21,115.33,,6.0,1,0,115.50363667020748,nitrogen,held_out_location
Ames|4231|19|3,Ames,4231,19,3,N209 X 3IIH6,60,2022-07-21,123.8,,6.0,1,0,115.50363667020748,nitrogen,held_out_location
Ames|4231|13|5,Ames,4231,13,5,N209 X 3IIH6,60,2022-07-21,141.72,,6.0,1,0,115.50363667020748,nitrogen,held_out_location
Ames|4231|23|3,Ames,4231,23,3,PHB47 X 3IIH6,60,2022-07-21,142.83,,6.0,1,0,115.50363667020748,nitrogen,held_out_location
Ames|4231|6|7,Ames,4231,6,7,PHB47 X 3IIH6,60,2022-07-21,85.28,,6.0,1,0,115.50363667020748,nitrogen,held_out_location
Ames|4231|5|6,Ames,4231,5,6,PHB47 X LH185,60,2022-07-21,108.75,,6.0,1,0,115.50363667020748,nitrogen,held_out_location
Ames|4231|26|7,Ames,4231,26,7,PHB47 X LH185,60,2022-07-21,140.49,,6.0,1,0,115.50363667020748,nitrogen,held_out_location
Ames|4231|8|6,Ames,4231,8,6,PHB47 X PHJ89,60,2022-07-21,57.69,,6.0,1,0,115.50363667020748,nitrogen,held_out_location
Ames|4231|17|2,Ames,4231,17,2,PHB47 X PHK56,60,2022-07-21,121.24,,6.0,1,0,115.50363667020748,nitrogen,held_out_location
Ames|4231|14|5,Ames,4231,14,5,PHB47 X PHK56,60,2022-07-21,129.0,,6.0,1,0,115.50363667020748,nitrogen,held_out_location
Ames|4231|3|2,Ames,4231,3,2,PHG39 X PHM49,60,2022-07-21,134.19,,6.0,1,0,115.50363667020748,nitrogen,held_out_location
Ames|4231|29|5,Ames,4231,29,5,PHG39 X PHM49,60,2022-07-21,147.54,,6.0,1,0,115.50363667020748,nitrogen,held_out_location
Ames|4231|13|6,Ames,4231,13,6,PHG39 X PHN82,60,2022-07-21,193.95,,6.0,1,0,115.50363667020748,nitrogen,held_out_location
Ames|4231|13|3,Ames,4231,13,3,PHJ40 X LH82,60,2022-07-21,140.89,,6.0,1,0,115.50363667020748,nitrogen,held_out_location
Ames|4231|19|7,Ames,4231,19,7,PHJ40 X LH82,60,2022-07-21,139.37,,6.0,1,0,115.50363667020748,nitrogen,held_out_location
Ames|4231|18|2,Ames,4231,18,2,PHK56 X 3IIH6,60,2022-07-21,133.72,,6.0,1,0,115.50363667020748,nitrogen,held_out_location
Ames|4231|16|5,Ames,4231,16,5,PHK56 X 3IIH6,60,2022-07-21,143.62,,6.0,1,0,115.50363667020748,nitrogen,held_out_location
Ames|4231|13|4,Ames,4231,13,4,PHK56 X LH145,60,2022-07-21,121.67,,6.0,1,0,115.50363667020748,nitrogen,held_out_location
Ames|4231|16|2,Ames,4231,16,2,PHK56 X LH185,60,2022-07-21,144.65,,6.0,1,0,115.50363667020748,nitrogen,held_out_location
Ames|4231|21|7,Ames,4231,21,7,PHK56 X LH185,60,2022-07-21,173.47,,6.0,1,0,115.50363667020748,nitrogen,held_out_location
Ames|4231|30|6,Ames,4231,30,6,PHK56 X LH198,60,2022-07-21,174.86,,6.0,1,0,115.50363667020748,nitrogen,held_out_location
Ames|4231|7|7,Ames,4231,7,7,PHK56 X LH198,60,2022-07-21,82.19,,6.0,1,0,115.50363667020748,nitrogen,held_out_location
Ames|4231|6|2,Ames,4231,6,2,PHK56 X LH82,60,2022-07-21,138.9,,6.0,1,0,115.50363667020748,nitrogen,held_out_location
Ames|4231|30|4,Ames,4231,30,4,PHK56 X LH82,60,2022-07-21,150.2,,6.0,1,0,115.50363667020748,nitrogen,held_out_location
Ames|4231|30|2,Ames,4231,30,2,PHK56 X PHJ89,60,2022-07-21,141.04,,6.0,1,0,115.50363667020748,nitrogen,held_out_location
Ames|4231|10|4,Ames,4231,10,4,PHK56 X PHJ89,60,2022-07-21,146.77,,6.0,1,0,115.50363667020748,nitrogen,held_out_location
Ames|4231|8|2,Ames,4231,8,2,PHK56 X W606S,60,2022-07-21,145.95,,6.0,1,0,115.50363667020748,nitrogen,held_out_location
Ames|4231|26|3,Ames,4231,26,3,PHK56 X W606S,60,2022-07-21,171.24,,6.0,1,0,115.50363667020748,nitrogen,held_out_location
Ames|4231|8|4,Ames,4231,8,4,PHK76 X 3IIH6,60,2022-07-21,96.84,,6.0,1,0,115.50363667020748,nitrogen,held_out_location
Ames|4231|22|5,Ames,4231,22,5,PHK76 X 3IIH6,60,2022-07-21,123.54,,6.0,1,0,115.50363667020748,nitrogen,held_out_location
Ames|4231|19|2,Ames,4231,19,2,PHK76 X LH145,60,2022-07-21,89.87,,6.0,1,0,115.50363667020748,nitrogen,held_out_location
Ames|4231|9|3,Ames,4231,9,3,PHK76 X LH145,60,2022-07-21,60.38,,6.0,1,0,115.50363667020748,nitrogen,held_out_location
Ames|4231|12|3,Ames,4231,12,3,PHK76 X LH198,60,2022-07-21,128.42,,6.0,1,0,115.50363667020748,nitrogen,held_out_location
Ames|4231|23|5,Ames,4231,23,5,PHK76 X LH198,60,2022-07-21,134.57,,6.0,1,0,115.50363667020748,nitrogen,held_out_location
Ames|4231|15|2,Ames,4231,15,2,PHK76 X LH82,60,2022-07-21,118.06,,6.0,1,0,115.50363667020748,nitrogen,held_out_location
Ames|4231|18|5,Ames,4231,18,5,PHK76 X LH82,60,2022-07-21,125.79,,6.0,1,0,115.50363667020748,nitrogen,held_out_location
Ames|4231|11|2,Ames,4231,11,2,PHK76 X W606S,60,2022-07-21,123.24,,6.0,1,0,115.50363667020748,nitrogen,held_out_location
Ames|4231|19|5,Ames,4231,19,5,PHK76 X W606S,60,2022-07-21,91.66,,6.0,1,0,115.50363667020748,nitrogen,held_out_location
Ames|4231|26|2,Ames,4231,26,2,PHN46 X PHB47,60,2022-07-21,119.34,,6.0,1,0,115.50363667020748,nitrogen,held_out_location
Ames|4231|14|3,Ames,4231,14,3,PHN46 X PHB47,60,2022-07-21,126.88,,6.0,1,0,115.50363667020748,nitrogen,held_out_location
Ames|4231|15|4,Ames,4231,15,4,PHN46 X PHK56,60,2022-07-21,138.53,,6.0,1,0,115.50363667020748,nitrogen,held_out_location
Ames|4231|18|4,Ames,4231,18,4,PHN46 X PHK56,60,2022-07-21,159.78,,6.0,1,0,115.50363667020748,nitrogen,held_out_location
Ames|4231|7|3,Ames,4231,7,3,PHN46 X W606S,60,2022-07-21,115.8,,6.0,1,0,115.50363667020748,nitrogen,held_out_location
Ames|4231|25|4,Ames,4231,25,4,PHN46 X W606S,60,2022-07-21,115.21,,6.0,1,0,115.50363667020748,nitrogen,held_out_location
Ames|4231|6|4,Ames,4231,6,4,PHP02 X LH145,60,2022-07-21,59.88,,6.0,1,0,115.50363667020748,nitrogen,held_out_location
Ames|4231|27|6,Ames,4231,27,6,PHP02 X LH145,60,2022-07-21,92.36,,6.0,1,0,115.50363667020748,nitrogen,held_out_location
Ames|4231|6|3,Ames,4231,6,3,PHP02 X LH185,60,2022-07-21,82.49,,6.0,1,0,115.50363667020748,nitrogen,held_out_location
Ames|4231|28|7,Ames,4231,28,7,PHP02 X LH185,60,2022-07-21,143.22,,6.0,1,0,115.50363667020748,nitrogen,held_out_location
Ames|4231|14|2,Ames,4231,14,2,PHP02 X LH198,60,2022-07-21,138.38,,6.0,1,0,115.50363667020748,nitrogen,held_out_location
Ames|4231|23|6,Ames,4231,23,6,PHP02 X LH198,60,2022-07-21,185.41,,6.0,1,0,115.50363667020748,nitrogen,held_out_location
Ames|4231|8|3,Ames,4231,8,3,PHP02 X LH82,60,2022-07-21,66.25,,6.0,1,0,115.50363667020748,nitrogen,held_out_location
Ames|4231|28|6,Ames,4231,28,6,PHP02 X LH82,60,2022-07-21,131.25,,6.0,1,0,115.50363667020748,nitrogen,held_out_location
Ames|4231|29|2,Ames,4231,29,2,PHP02 X PHB47,60,2022-07-21,117.93,,6.0,1,0,115.50363667020748,nitrogen,held_out_location
Ames|4231|4|4,Ames,4231,4,4,PHP02 X PHB47,60,2022-07-21,89.81,,6.0,1,0,115.50363667020748,nitrogen,held_out_location
Ames|4231|22|3,Ames,4231,22,3,PHP02 X PHG47,60,2022-07-21,141.99,,6.0,1,0,115.50363667020748,nitrogen,held_out_location
Ames|4231|16|4,Ames,4231,16,4,PHP02 X PHG47,60,2022-07-21,170.55,,6.0,1,0,115.50363667020748,nitrogen,held_out_location
Ames|4231|27|5,Ames,4231,27,5,PHP02 X PHJ89,60,2022-07-21,149.05,,6.0,1,0,115.50363667020748,nitrogen,held_out_location
Ames|4231|15|7,Ames,4231,15,7,PHP02 X PHJ89,60,2022-07-21,94.73,,6.0,1,0,115.50363667020748,nitrogen,held_out_location
Ames|4231|25|3,Ames,4231,25,3,PHP02 X PHK56,60,2022-07-21,160.54,,6.0,1,0,115.50363667020748,nitrogen,held_out_location
Ames|4231|15|5,Ames,4231,15,5,PHP02 X PHK56,60,2022-07-21,140.97,,6.0,1,0,115.50363667020748,nitrogen,held_out_location
Ames|4231|9|2,Ames,4231,9,2,PHP02 X PHK76,60,2022-07-21,124.39,,6.0,1,0,115.50363667020748,nitrogen,held_out_location
Ames|4231|29|4,Ames,4231,29,4,PHP02 X PHK76,60,2022-07-21,139.23,,6.0,1,0,115.50363667020748,nitrogen,held_out_location
Ames|4231|11|4,Ames,4231,11,4,PHP02 X PHN46,60,2022-07-21,120.13,,6.0,1,0,115.50363667020748,nitrogen,held_out_location
Ames|4231|18|6,Ames,4231,18,6,PHP02 X PHN46,60,2022-07-21,139.12,,6.0,1,0,115.50363667020748,nitrogen,held_out_location
Ames|4231|10|2,Ames,4231,10,2,PHP02 X W606S,60,2022-07-21,152.81,,6.0,1,0,115.50363667020748,nitrogen,held_out_location
Ames|4231|24|2,Ames,4231,24,2,PHP02 X W606S,60,2022-07-21,130.08,,6.0,1,0,115.50363667020748,nitrogen,held_out_location
Ames|4231|14|6,Ames,4231,14,6,PHT69 X 3IIH6,60,2022-07-21,124.37,,6.0,1,0,115.50363667020748,nitrogen,held_out_location
Ames|4231|29|6,Ames,4231,29,6,PHT69 X 3IIH6,60,2022-07-21,146.85,,6.0,1,0,115.50363667020748,nitrogen,held_out_location
Ames|4231|21|3,Ames,4231,21,3,PHW52 X LH185,60,2022-07-21,137.73,,6.0,1,0,115.50363667020748,nitrogen,held_out_location
Ames|4231|13|7,Ames,4231,13,7,PHW52 X LH185,60,2022-07-21,129.52,,6.0,1,0,115.50363667020748,nitrogen,held_out_location
Ames|4231|11|5,Ames,4231,11,5,PHW52 X PHM49,60,2022-07-21,141.98,,6.0,1,0,115.50363667020748,nitrogen,held_out_location
Ames|4231|27|7,Ames,4231,27,7,PHW52 X PHM49,60,2022-07-21,145.0,,6.0,1,0,115.50363667020748,nitrogen,held_out_location
Ames|4231|3|3,Ames,4231,3,3,PHW52 X PHN82,60,2022-07-21,149.3,,6.0,1,0,115.50363667020748,nitrogen,held_out_location
Ames|4231|28|5,Ames,4231,28,5,PHW52 X PHN82,60,2022-07-21,142.45,,6.0,1,0,115.50363667020748,nitrogen,held_out_location
Ames|4231|24|4,Ames,4231,24,4,PHW52 X PHZ51,60,2022-07-21,133.73,,6.0,1,0,115.50363667020748,nitrogen,held_out_location
Ames|4231|11|6,Ames,4231,11,6,PHW52 X PHZ51,60,2022-07-21,143.59,,6.0,1,0,115.50363667020748,nitrogen,held_out_location
Ames|4231|10|7,Ames,4231,10,7,PHZ51 X LH145,60,2022-07-21,62.87,,6.0,1,0,115.50363667020748,nitrogen,held_out_location
Ames|4231|18|7,Ames,4231,18,7,PHZ51 X LH145,60,2022-07-21,99.93,,6.0,1,0,115.50363667020748,nitrogen,held_out_location
Ames|4231|13|2,Ames,4231,13,2,PIONEER 1311 AMXT,60,2022-07-21,128.91,,6.0,1,0,115.50363667020748,nitrogen,held_out_location
Ames|4231|26|5,Ames,4231,26,5,PIONEER 1311 AMXT,60,2022-07-21,135.5,,6.0,1,0,115.50363667020748,nitrogen,held_out_location
Ames|4231|15|3,Ames,4231,15,3,PIONEER P0589 AMXT,60,2022-07-21,207.13,,6.0,1,0,115.50363667020748,nitrogen,held_out_location
Ames|4231|29|7,Ames,4231,29,7,PIONEER P0589 AMXT,60,2022-07-21,185.23,,6.0,1,0,115.50363667020748,nitrogen,held_out_location
Ames|4231|20|2,Ames,4231,20,2,SYNGENTA NK0760-3111,60,2022-07-21,183.75,,6.0,1,0,115.50363667020748,nitrogen,held_out_location
Ames|4231|14|4,Ames,4231,14,4,SYNGENTA NK0760-3111,60,2022-07-21,202.1,,6.0,1,0,115.50363667020748,nitrogen,held_out_location
Ames|4231|21|2,Ames,4231,21,2,WF9 X H95,60,2022-07-21,63.36,,6.0,1,0,115.50363667020748,nitrogen,held_out_location
Ames|4231|3|7,Ames,4231,3,7,WF9 X H95,60,2022-07-21,75.66,,6.0,1,0,115.50363667020748,nitrogen,held_out_location
Crawfordsville|4352|5|2,Crawfordsville,4352,5,2,2369 X 3IIH6,60,2022-07-10,146.85,,0.0,1,0,102.18294705942849,nitrogen,held_out_location
Crawfordsville|4352|20|8,Crawfordsville,4352,20,8,2369 X 3IIH6,60,2022-07-10,147.65,,0.0,1,0,102.18294705942849,nitrogen,held_out_location
Crawfordsville|4352|16|7,Crawfordsville,4352,16,7,2369 X LH123HT,60,2022-07-10,177.71,,0.0,1,0,102.18294705942849,nitrogen,held_out_location
Crawfordsville|4352|9|7,Crawfordsville,4352,9,7,2369 X LH123HT,60,2022-07-10,166.65,,0.0,1,0,102.18294705942849,nitrogen,held_out_location
Crawfordsville|4352|20|2,Crawfordsville,4352,20,2,2369 X PHN82,60,2022-07-10,157.69,,0.0,1,0,102.18294705942849,nitrogen,held_out_location
Crawfordsville|4352|12|4,Crawfordsville,4352,12,4,2369 X PHN82,60,2022-07-10,187.79,,0.0,1,0,102.18294705942849,nitrogen,held_out_location
Crawfordsville|4352|17|7,Crawfordsville,4352,17,7,2369 X PHP02,60,2022-07-10,155.95,,0.0,1,0,102.18294705942849,nitrogen,held_out_location
Crawfordsville|4352|4|8,Crawfordsville,4352,4,8,2369 X PHP02,60,2022-07-10,126.68,,0.0,1,0,102.18294705942849,nitrogen,held_out_location
Crawfordsville|4352|7|2,Crawfordsville,4352,7,2,2369 X PHZ51,60,2022-07-10,131.06,,0.0,1,0,102.18294705942849,nitrogen,held_out_location
Crawfordsville|4352|21|9,Crawfordsville,4352,21,9,2369 X PHZ51,60,2022-07-10,121.64,,0.0,1,0,102.18294705942849,nitrogen,held_out_location
Crawfordsville|4352|10|2,Crawfordsville,4352,10,2,2FACC X 3IIH6,60,2022-07-10,162.19,,0.0,1,0,102.18294705942849,nitrogen,held_out_location
Crawfordsville|4352|18|6,Crawfordsville,4352,18,6,2FACC X 3IIH6,60,2022-07-10,187.22,,0.0,1,0,102.18294705942849,nitrogen,held_out_location
Crawfordsville|4352|6|5,Crawfordsville,4352,6,5,4N506 X 3IIH6,60,2022-07-10,148.28,,0.0,1,0,102.18294705942849,nitrogen,held_out_location
Crawfordsville|4352|19|8,Crawfordsville,4352,19,8,4N506 X 3IIH6,60,2022-07-10,138.96,,0.0,1,0,102.18294705942849,nitrogen,held_out_location
Crawfordsville|4352|10|8,Crawfordsville,4352,10,8,B105 X 3IIH6,60,2022-07-10,140.93,,0.0,1,0,102.18294705942849,nitrogen,held_out_location
Crawfordsville|4352|20|9,Crawfordsville,4352,20,9,B105 X 3IIH6,60,2022-07-10,148.22,,0.0,1,0,102.18294705942849,nitrogen,held_out_location
Crawfordsville|4352|3|6,Crawfordsville,4352,3,6,B14A X MO17,60,2022-07-10,171.69,,0.0,1,0,102.18294705942849,nitrogen,held_out_location
Crawfordsville|4352|20|7,Crawfordsville,4352,20,7,B14A X MO17,60,2022-07-10,184.88,,0.0,1,0,102.18294705942849,nitrogen,held_out_location
Crawfordsville|4352|15|6,Crawfordsville,4352,15,6,B37 X H95,60,2022-07-10,127.0,,0.0,1,0,102.18294705942849,nitrogen,held_out_location
Crawfordsville|4352|5|6,Crawfordsville,4352,5,6,B37 X H95,60,2022-07-10,126.22,,0.0,1,0,102.18294705942849,nitrogen,held_out_location
Crawfordsville|4352|19|3,Crawfordsville,4352,19,3,B37 X MO17,60,2022-07-10,160.94,,0.0,1,0,102.18294705942849,nitrogen,held_out_location
Crawfordsville|4352|12|3,Crawfordsville,4352,12,3,B37 X MO17,60,2022-07-10,179.28,,0.0,1,0,102.18294705942849,nitrogen,held_out_location
Crawfordsville|4352|15|5,Crawfordsville,4352,15,5,B37 X OH43,60,2022-07-10,121.84,,0.0,1,0,102.18294705942849,nitrogen,held_out_location
Crawfordsville|4352|4|7,Crawfordsville,4352,4,7,B37 X OH43,60,2022-07-10,123.82,,0.0,1,0,102.18294705942849,nitrogen,held_out_location
Crawfordsville|4352|7|5,Crawfordsville,4352,7,5,B73 X 3IIH6,60,2022-07-10,184.86,,0.0,1,0,102.18294705942849,nitrogen,held_out_location
Crawfordsville|4352|22|7,Crawfordsville,4352,22,7,B73 X 3IIH6,60,2022-07-10,170.44,,0.0,1,0,102.18294705942849,nitrogen,held_out_location
Crawfordsville|4352|19|6,Crawfordsville,4352,19,6,B73 X MO17,60,2022-07-10,194.93,,0.0,1,0,102.18294705942849,nitrogen,held_out_location
Crawfordsville|4352|7|9,Crawfordsville,4352,7,9,B73 X MO17,60,2022-07-10,163.12,,0.0,1,0,102.18294705942849,nitrogen,held_out_location
Crawfordsville|4352|10|6,Crawfordsville,4352,10,6,B73 X PHM49,60,2022-07-10,197.93,,0.0,1,0,102.18294705942849,nitrogen,held_out_location
Crawfordsville|4352|19|9,Crawfordsville,4352,19,9,B73 X PHM49,60,2022-07-10,174.06,,0.0,1,0,102.18294705942849,nitrogen,held_out_location
Crawfordsville|4352|9|5,Crawfordsville,4352,9,5,B73 X PHN82,60,2022-07-10,183.49,,0.0,1,0,102.18294705942849,nitrogen,held_out_location
Crawfordsville|4352|16|6,Crawfordsville,4352,16,6,B73 X PHN82,60,2022-07-10,187.35,,0.0,1,0,102.18294705942849,nitrogen,held_out_location
Crawfordsville|4352|18|2,Crawfordsville,4352,18,2,B73 X PHZ51,60,2022-07-10,149.53,,0.0,1,0,102.18294705942849,nitrogen,held_out_location
Crawfordsville|4352|12|7,Crawfordsville,4352,12,7,B73 X PHZ51,60,2022-07-10,175.09,,0.0,1,0,102.18294705942849,nitrogen,held_out_location
Crawfordsville|4352|6|2,Crawfordsville,4352,6,2,B84 X 3IIH6,60,2022-07-10,114.9,,0.0,1,0,102.18294705942849,nitrogen,held_out_location
Crawfordsville|4352|15|4,Crawfordsville,4352,15,4,B84 X 3IIH6,60,2022-07-10,168.96,,0.0,1,0,102.18294705942849,nitrogen,held_out_location
Crawfordsville|4352|17|2,Crawfordsville,4352,17,2,F42 X MO17,60,2022-07-10,144.1,,0.0,1,0,102.18294705942849,nitrogen,held_out_location
Crawfordsville|4352|5|5,Crawfordsville,4352,5,5,F42 X MO17,60,2022-07-10,167.42,,0.0,1,0,102.18294705942849,nitrogen,held_out_location
Crawfordsville|4352|16|3,Crawfordsville,4352,16,3,F42 X OH43,60,2022-07-10,166.74,,0.0,1,0,102.18294705942849,nitrogen,held_out_location
Crawfordsville|4352|3|4,Crawfordsville,4352,3,4,F42 X OH43,60,2022-07-10,153.03,,0.0,1,0,102.18294705942849,nitrogen,held_out_location
Crawfordsville|4352|7|6,Crawfordsville,4352,7,6,HOEGEMEYER 7089 AMXT,60,2022-07-10,221.71,,0.0,1,0,102.18294705942849,nitrogen,held_out_location
Crawfordsville|4352|17|9,Crawfordsville,4352,17,9,HOEGEMEYER 7089 AMXT,60,2022-07-10,217.03,,0.0,1,0,102.18294705942849,nitrogen,held_out_location
Crawfordsville|4352|21|6,Crawfordsville,4352,21,6,HOEGEMEYER 8065RR,60,2022-07-10,231.8,,0.0,1,0,102.18294705942849,nitrogen,held_out_location
Crawfordsville|4352|8|7,Crawfordsville,4352,8,7,HOEGEMEYER 8065RR,60,2022-07-10,210.78,,0.0,1,0,102.18294705942849,nitrogen,held_out_location
Crawfordsville|4352|12|2,Crawfordsville,4352,12,2,LH123HT X 3IIH6,60,2022-07-10,171.34,,0.0,1,0,102.18294705942849,nitrogen,held_out_location
Crawfordsville|4352|20|6,Crawfordsville,4352,20,6,LH123HT X 3IIH6,60,2022-07-10,169.57,,0.0,1,0,102.18294705942849,nitrogen,held_out_location
Crawfordsville|4352|13|8,Crawfordsville,4352,13,8,LH123HT X PHB47,60,2022-07-10,139.44,,0.0,1,0,102.18294705942849,nitrogen,held_out_location
Crawfordsville|4352|8|9,Crawfordsville,4352,8,9,LH123HT X PHB47,60,2022-07-10,139.04,,0.0,1,0,102.18294705942849,nitrogen,held_out_location
Crawfordsville|4352|14|6,Crawfordsville,4352,14,6,LH145 X LH162,60,2022-07-10,171.5,,0.0,1,0,102.18294705942849,nitrogen,held_out_location
Crawfordsville|4352|4|6,Crawfordsville,4352,4,6,LH145 X LH162,60,2022-07-10,154.19,,0.0,1,0,102.18294705942849,nitrogen,held_out_location
Crawfordsville|4352|13|9,Crawfordsville,4352,13,9,LH185 X LH145,60,2022-07-10,128.72,,0.0,1,0,102.18294705942849,nitrogen,held_out_location
Crawfordsville|4352|17|4,Crawfordsville,4352,17,4,LH185 X LH82,60,2022-07-10,170.66,,0.0,1,0,102.18294705942849,nitrogen,held_out_location
Crawfordsville|4352|11|9,Crawfordsville,4352,11,9,LH185 X LH82,60,2022-07-10,178.59,,0.0,1,0,102.18294705942849,nitrogen,held_out_location
Crawfordsville|4352|22|6,Crawfordsville,4352,22,6,LH185 X W606S,60,2022-07-10,155.78,,0.0,1,0,102.18294705942849,nitrogen,held_out_location
Crawfordsville|4352|13|4,Crawfordsville,4352,13,4,LH195 X 3IIH6,60,2022-07-10,163.22,,0.0,1,0,102.18294705942849,nitrogen,held_out_location
Crawfordsville|4352|6|4,Crawfordsville,4352,6,4,LH195 X 3IIH6,60,2022-07-10,154.52,,0.0,1,0,102.18294705942849,nitrogen,held_out_location
Crawfordsville|4352|22|5,Crawfordsville,4352,22,5,LH195 X LH123HT,60,2022-07-10,165.77,,0.0,1,0,102.18294705942849,nitrogen,held_out_location
Crawfordsville|4352|9|8,Crawfordsville,4352,9,8,LH195 X LH123HT,60,2022-07-10,138.8,,0.0,1,0,102.18294705942849,nitrogen,held_out_location
Crawfordsville|4352|3|5,Crawfordsville,4352,3,5,LH195 X LH185,60,2022-07-10,154.26,,0.0,1,0,102.18294705942849,nitrogen,held_out_location
Crawfordsville|4352|15|9,Crawfordsville,4352,15,9,LH195 X LH185,60,2022-07-10,181.7,,0.0,1,0,102.18294705942849,nitrogen,held_out_location
Crawfordsville|4352|21|7,Crawfordsville,4352,21,7,LH195 X PHM49,60,2022-07-10,69.54,,0.0,1,0,102.18294705942849,nitrogen,held_out_location
Crawfordsville|4352|3|9,Crawfordsville,4352,3,9,LH195 X PHM49,60,2022-07-10,87.57,,0.0,1,0,102.18294705942849,nitrogen,held_out_location
Crawfordsville|4352|9|6,Crawfordsville,4352,9,6,LH195 X PHZ51,60,2022-07-10,156.07,,0.0,1,0,102.18294705942849,nitrogen,held_out_location
Crawfordsville|4352|14|9,Crawfordsville,4352,14,9,LH195 X PHZ51,60,2022-07-10,149.54,,0.0,1,0,102.18294705942849,nitrogen,held_out_location
Crawfordsville|4352|2|4,Crawfordsville,4352,2,4,LH198 X PHB47,60,2022-07-10,148.47,,0.0,1,0,102.18294705942849,nitrogen,held_out_location
Crawfordsville|4352|16|9,Crawfordsville,4352,16,9,LH198 X PHB47,60,2022-07-10,163.37,,0.0,1,0,102.18294705942849,nitrogen,held_out_location
Crawfordsville|4352|4|2,Crawfordsville,4352,4,2,LH198 X PHZ51,60,2022-07-10,131.24,,0.0,1,0,102.18294705942849,nitrogen,held_out_location
Crawfordsville|4352|20|5,Crawfordsville,4352,20,5,LH198 X PHZ51,60,2022-07-10,139.97,,0.0,1,0,102.18294705942849,nitrogen,held_out_location
Crawfordsville|4352|3|7,Crawfordsville,4352,3,7,LH74 X PHM49,60,2022-07-10,158.79,,0.0,1,0,102.18294705942849,nitrogen,held_out_location
Crawfordsville|4352|23|2,Crawfordsville,4352,23,2,LH74 X PHN82,60,2022-07-10,154.81,,0.0,1,0,102.18294705942849,nitrogen,held_out_location
Crawfordsville|4352|4|4,Crawfordsville,4352,4,4,LH74 X PHN82,60,2022-07-10,160.94,,0.0,1,0,102.18294705942849,nitrogen,held_out_location
Crawfordsville|4352|21|2,Crawfordsville,4352,21,2,LH82 X PHB47,60,2022-07-10,114.51,,0.0,1,0,102.18294705942849,nitrogen,held_out_location
Crawfordsville|4352|8|8,Crawfordsville,4352,8,8,LH82 X PHB47,60,2022-07-10,134.0,,0.0,1,0,102.18294705942849,nitrogen,held_out_location
Crawfordsville|4352|7|3,Crawfordsville,4352,7,3,LH82 X PHJ89,60,2022-07-10,178.65,,0.0,1,0,102.18294705942849,nitrogen,held_out_location
Crawfordsville|4352|22|4,Crawfordsville,4352,22,4,LH82 X PHJ89,60,2022-07-10,156.13,,0.0,1,0,102.18294705942849,nitrogen,held_out_location
Crawfordsville|4352|12|5,Crawfordsville,4352,12,5,LH82 X W606S,60,2022-07-10,157.16,,0.0,1,0,102.18294705942849,nitrogen,held_out_location
Crawfordsville|4352|15|8,Crawfordsville,4352,15,8,LH82 X W606S,60,2022-07-10,158.48,,0.0,1,0,102.18294705942849,nitrogen,held_out_location
Crawfordsville|4352|2|6,Crawfordsville,4352,2,6,N209 X 3IIH6,60,2022-07-10,181.18,,0.0,1,0,102.18294705942849,nitrogen,held_out_location
Crawfordsville|4352|23|9,Crawfordsville,4352,23,9,N209 X 3IIH6,60,2022-07-10,182.48,,0.0,1,0,102.18294705942849,nitrogen,held_out_location
Crawfordsville|4352|6|3,Crawfordsville,4352,6,3,PHB47 X 3IIH6,60,2022-07-10,190.78,,0.0,1,0,102.18294705942849,nitrogen,held_out_location
Crawfordsville|4352|20|4,Crawfordsville,4352,20,4,PHB47 X 3IIH6,60,2022-07-10,147.07,,0.0,1,0,102.18294705942849,nitrogen,held_out_location
Crawfordsville|4352|22|2,Crawfordsville,4352,22,2,PHB47 X LH185,60,2022-07-10,125.37,,0.0,1,0,102.18294705942849,nitrogen,held_out_location
Crawfordsville|4352|11|8,Crawfordsville,4352,11,8,PHB47 X LH185,60,2022-07-10,143.4,,0.0,1,0,102.18294705942849,nitrogen,held_out_location
Crawfordsville|4352|15|7,Crawfordsville,4352,15,7,PHB47 X PHJ89,60,2022-07-10,171.94,,0.0,1,0,102.18294705942849,nitrogen,held_out_location
Crawfordsville|4352|14|8,Crawfordsville,4352,14,8,PHB47 X PHK56,60,2022-07-10,159.17,,0.0,1,0,102.18294705942849,nitrogen,held_out_location
Crawfordsville|4352|3|8,Crawfordsville,4352,3,8,PHB47 X PHK56,60,2022-07-10,167.04,,0.0,1,0,102.18294705942849,nitrogen,held_out_location
Crawfordsville|4352|18|8,Crawfordsville,4352,18,8,PHG39 X PHM49,60,2022-07-10,149.53,,0.0,1,0,102.18294705942849,nitrogen,held_out_location
Crawfordsville|4352|12|9,Crawfordsville,4352,12,9,PHG39 X PHM49,60,2022-07-10,174.89,,0.0,1,0,102.18294705942849,nitrogen,held_out_location
Crawfordsville|4352|18|5,Crawfordsville,4352,18,5,PHG39 X PHN82,60,2022-07-10,166.45,,0.0,1,0,102.18294705942849,nitrogen,held_out_location
Crawfordsville|4352|17|3,Crawfordsville,4352,17,3,PHJ40 X LH82,60,2022-07-10,189.04,,0.0,1,0,102.18294705942849,nitrogen,held_out_location
Crawfordsville|4352|10|3,Crawfordsville,4352,10,3,PHJ40 X LH82,60,2022-07-10,140.08,,0.0,1,0,102.18294705942849,nitrogen,held_out_location
Crawfordsville|4352|22|3,Crawfordsville,4352,22,3,PHK56 X 3IIH6,60,2022-07-10,148.9,,0.0,1,0,102.18294705942849,nitrogen,held_out_location
Crawfordsville|4352|11|6,Crawfordsville,4352,11,6,PHK56 X 3IIH6,60,2022-07-10,177.0,,0.0,1,0,102.18294705942849,nitrogen,held_out_location
Crawfordsville|4352|21|5,Crawfordsville,4352,21,5,PHK56 X LH145,60,2022-07-10,140.66,,0.0,1,0,102.18294705942849,nitrogen,held_out_location
Crawfordsville|4352|3|2,Crawfordsville,4352,3,2,PHK56 X LH185,60,2022-07-10,148.93,,0.0,1,0,102.18294705942849,nitrogen,held_out_location
Crawfordsville|4352|18|7,Crawfordsville,4352,18,7,PHK56 X LH185,60,2022-07-10,155.96,,0.0,1,0,102.18294705942849,nitrogen,held_out_location
Crawfordsville|4352|21|4,Crawfordsville,4352,21,4,PHK56 X LH198,60,2022-07-10,158.77,,0.0,1,0,102.18294705942849,nitrogen,held_out_location
Crawfordsville|4352|2|8,Crawfordsville,4352,2,8,PHK56 X LH198,60,2022-07-10,164.14,,0.0,1,0,102.18294705942849,nitrogen,held_out_location
Crawfordsville|4352|11|4,Crawfordsville,4352,11,4,PHK56 X LH82,60,2022-07-10,132.16,,0.0,1,0,102.18294705942849,nitrogen,held_out_location
Crawfordsville|4352|17|8,Crawfordsville,4352,17,8,PHK56 X LH82,60,2022-07-10,172.0,,0.0,1,0,102.18294705942849,nitrogen,held_out_location
Crawfordsville|4352|19|4,Crawfordsville,4352,19,4,PHK56 X PHJ89,60,2022-07-10,160.52,,0.0,1,0,102.18294705942849,nitrogen,held_out_location
Crawfordsville|4352|9|9,Crawfordsville,4352,9,9,PHK56 X PHJ89,60,2022-07-10,180.46,,0.0,1,0,102.18294705942849,nitrogen,held_out_location
Crawfordsville|4352|13|5,Crawfordsville,4352,13,5,PHK56 X W606S,60,2022-07-10,167.07,,0.0,1,0,102.18294705942849,nitrogen,held_out_location
Crawfordsville|4352|7|8,Crawfordsville,4352,7,8,PHK56 X W606S,60,2022-07-10,134.92,,0.0,1,0,102.18294705942849,nitrogen,held_out_location
Crawfordsville|4352|16|2,Crawfordsville,4352,16,2,PHK76 X 3IIH6,60,2022-07-10,149.55,,0.0,1,0,102.18294705942849,nitrogen,held_out_location
Crawfordsville|4352|2|7,Crawfordsville,4352,2,7,PHK76 X 3IIH6,60,2022-07-10,145.19,,0.0,1,0,102.18294705942849,nitrogen,held_out_location
Crawfordsville|4352|11|3,Crawfordsville,4352,11,3,PHK76 X LH145,60,2022-07-10,131.41,,0.0,1,0,102.18294705942849,nitrogen,held_out_location
Crawfordsville|4352|18|9,Crawfordsville,4352,18,9,PHK76 X LH145,60,2022-07-10,125.16,,0.0,1,0,102.18294705942849,nitrogen,held_out_location
Crawfordsville|4352|18|3,Crawfordsville,4352,18,3,PHK76 X LH198,60,2022-07-10,101.81,,0.0,1,0,102.18294705942849,nitrogen,held_out_location
Crawfordsville|4352|7|4,Crawfordsville,4352,7,4,PHK76 X LH198,60,2022-07-10,179.08,,0.0,1,0,102.18294705942849,nitrogen,held_out_location
Crawfordsville|4352|15|3,Crawfordsville,4352,15,3,PHK76 X LH82,60,2022-07-10,164.02,,0.0,1,0,102.18294705942849,nitrogen,held_out_location
Crawfordsville|4352|4|9,Crawfordsville,4352,4,9,PHK76 X LH82,60,2022-07-10,151.61,,0.0,1,0,102.18294705942849,nitrogen,held_out_location
Crawfordsville|4352|13|2,Crawfordsville,4352,13,2,PHK76 X W606S,60,2022-07-10,137.12,,0.0,1,0,102.18294705942849,nitrogen,held_out_location
Crawfordsville|4352|9|4,Crawfordsville,4352,9,4,PHK76 X W606S,60,2022-07-10,145.09,,0.0,1,0,102.18294705942849,nitrogen,held_out_location
Crawfordsville|4352|4|3,Crawfordsville,4352,4,3,PHN46 X PHB47,60,2022-07-10,191.36,,0.0,1,0,102.18294705942849,nitrogen,held_out_location
Crawfordsville|4352|22|9,Crawfordsville,4352,22,9,PHN46 X PHB47,60,2022-07-10,149.61,,0.0,1,0,102.18294705942849,nitrogen,held_out_location
Crawfordsville|4352|17|6,Crawfordsville,4352,17,6,PHN46 X PHK56,60,2022-07-10,169.97,,0.0,1,0,102.18294705942849,nitrogen,held_out_location
Crawfordsville|4352|6|9,Crawfordsville,4352,6,9,PHN46 X PHK56,60,2022-07-10,195.59,,0.0,1,0,102.18294705942849,nitrogen,held_out_location
Crawfordsville|4352|8|2,Crawfordsville,4352,8,2,PHN46 X W606S,60,2022-07-10,162.12,,0.0,1,0,102.18294705942849,nitrogen,held_out_location
Crawfordsville|4352|21|8,Crawfordsville,4352,21,8,PHN46 X W606S,60,2022-07-10,152.83,,0.0,1,0,102.18294705942849,nitrogen,held_out_location
Crawfordsville|4352|8|5,Crawfordsville,4352,8,5,PHP02 X LH145,60,2022-07-10,131.24,,0.0,1,0,102.18294705942849,nitrogen,held_out_location
Crawfordsville|4352|13|6,Crawfordsville,4352,13,6,PHP02 X LH145,60,2022-07-10,154.9,,0.0,1,0,102.18294705942849,nitrogen,held_out_location
Crawfordsville|4352|11|5,Crawfordsville,4352,11,5,PHP02 X LH185,60,2022-07-10,174.99,,0.0,1,0,102.18294705942849,nitrogen,held_out_location
Crawfordsville|4352|16|8,Crawfordsville,4352,16,8,PHP02 X LH185,60,2022-07-10,152.91,,0.0,1,0,102.18294705942849,nitrogen,held_out_location
Crawfordsville|4352|14|5,Crawfordsville,4352,14,5,PHP02 X LH198,60,2022-07-10,167.2,,0.0,1,0,102.18294705942849,nitrogen,held_out_location
Crawfordsville|4352|2|9,Crawfordsville,4352,2,9,PHP02 X LH198,60,2022-07-10,164.88,,0.0,1,0,102.18294705942849,nitrogen,held_out_location
Crawfordsville|4352|19|7,Crawfordsville,4352,19,7,PHP02 X LH82,60,2022-07-10,137.5,,0.0,1,0,102.18294705942849,nitrogen,held_out_location
Crawfordsville|4352|10|7,Crawfordsville,4352,10,7,PHP02 X LH82,60,2022-07-10,153.77,,0.0,1,0,102.18294705942849,nitrogen,held_out_location
Crawfordsville|4352|23|3,Crawfordsville,4352,23,3,PHP02 X PHB47,60,2022-07-10,191.1,,0.0,1,0,102.18294705942849,nitrogen,held_out_location
Crawfordsville|4352|5|9,Crawfordsville,4352,5,9,PHP02 X PHB47,60,2022-07-10,170.48,,0.0,1,0,102.18294705942849,nitrogen,held_out_location
Crawfordsville|4352|18|4,Crawfordsville,4352,18,4,PHP02 X PHG47,60,2022-07-10,111.91,,0.0,1,0,102.18294705942849,nitrogen,held_out_location
Crawfordsville|4352|5|8,Crawfordsville,4352,5,8,PHP02 X PHG47,60,2022-07-10,141.2,,0.0,1,0,102.18294705942849,nitrogen,held_out_location
Crawfordsville|4352|13|3,Crawfordsville,4352,13,3,PHP02 X PHJ89,60,2022-07-10,161.64,,0.0,1,0,102.18294705942849,nitrogen,held_out_location
Crawfordsville|4352|6|8,Crawfordsville,4352,6,8,PHP02 X PHJ89,60,2022-07-10,140.36,,0.0,1,0,102.18294705942849,nitrogen,held_out_location
Crawfordsville|4352|17|5,Crawfordsville,4352,17,5,PHP02 X PHK56,60,2022-07-10,159.98,,0.0,1,0,102.18294705942849,nitrogen,held_out_location
Crawfordsville|4352|12|6,Crawfordsville,4352,12,6,PHP02 X PHK56,60,2022-07-10,171.94,,0.0,1,0,102.18294705942849,nitrogen,held_out_location
Crawfordsville|4352|15|2,Crawfordsville,4352,15,2,PHP02 X PHK76,60,2022-07-10,159.62,,0.0,1,0,102.18294705942849,nitrogen,held_out_location
Crawfordsville|4352|4|5,Crawfordsville,4352,4,5,PHP02 X PHK76,60,2022-07-10,145.87,,0.0,1,0,102.18294705942849,nitrogen,held_out_location
Crawfordsville|4352|23|6,Crawfordsville,4352,23,6,PHP02 X PHN46,60,2022-07-10,152.71,,0.0,1,0,102.18294705942849,nitrogen,held_out_location
Crawfordsville|4352|12|8,Crawfordsville,4352,12,8,PHP02 X PHN46,60,2022-07-10,135.91,,0.0,1,0,102.18294705942849,nitrogen,held_out_location
Crawfordsville|4352|14|3,Crawfordsville,4352,14,3,PHP02 X W606S,60,2022-07-10,145.31,,0.0,1,0,102.18294705942849,nitrogen,held_out_location
Crawfordsville|4352|5|4,Crawfordsville,4352,5,4,PHP02 X W606S,60,2022-07-10,171.33,,0.0,1,0,102.18294705942849,nitrogen,held_out_location
Crawfordsville|4352|8|6,Crawfordsville,4352,8,6,PHT69 X 3IIH6,60,2022-07-10,178.82,,0.0,1,0,102.18294705942849,nitrogen,held_out_location
Crawfordsville|4352|23|7,Crawfordsville,4352,23,7,PHT69 X 3IIH6,60,2022-07-10,158.19,,0.0,1,0,102.18294705942849,nitrogen,held_out_location
Crawfordsville|4352|2|2,Crawfordsville,4352,2,2,PHW52 X LH185,60,2022-07-10,182.67,,0.0,1,0,102.18294705942849,nitrogen,held_out_location
Crawfordsville|4352|16|5,Crawfordsville,4352,16,5,PHW52 X LH185,60,2022-07-10,179.36,,0.0,1,0,102.18294705942849,nitrogen,held_out_location
Crawfordsville|4352|23|4,Crawfordsville,4352,23,4,PHW52 X PHM49,60,2022-07-10,162.69,,0.0,1,0,102.18294705942849,nitrogen,held_out_location
Crawfordsville|4352|5|7,Crawfordsville,4352,5,7,PHW52 X PHM49,60,2022-07-10,160.33,,0.0,1,0,102.18294705942849,nitrogen,held_out_location
Crawfordsville|4352|8|3,Crawfordsville,4352,8,3,PHW52 X PHN82,60,2022-07-10,196.28,,0.0,1,0,102.18294705942849,nitrogen,held_out_location
Crawfordsville|4352|23|8,Crawfordsville,4352,23,8,PHW52 X PHN82,60,2022-07-10,165.32,,0.0,1,0,102.18294705942849,nitrogen,held_out_location
Crawfordsville|4352|16|4,Crawfordsville,4352,16,4,PHW52 X PHZ51,60,2022-07-10,178.31,,0.0,1,0,102.18294705942849,nitrogen,held_out_location
Crawfordsville|4352|7|7,Crawfordsville,4352,7,7,PHW52 X PHZ51,60,2022-07-10,155.62,,0.0,1,0,102.18294705942849,nitrogen,held_out_location
Crawfordsville|4352|10|5,Crawfordsville,4352,10,5,PHZ51 X LH145,60,2022-07-10,117.2,,0.0,1,0,102.18294705942849,nitrogen,held_out_location
Crawfordsville|4352|13|7,Crawfordsville,4352,13,7,PHZ51 X LH145,60,2022-07-10,131.06,,0.0,1,0,102.18294705942849,nitrogen,held_out_location
Crawfordsville|4352|19|2,Crawfordsville,4352,19,2,PIONEER 1311 AMXT,60,2022-07-10,190.02,,0.0,1,0,102.18294705942849,nitrogen,held_out_location
Crawfordsville|4352|11|7,Crawfordsville,4352,11,7,PIONEER 1311 AMXT,60,2022-07-10,203.86,,0.0,1,0,102.18294705942849,nitrogen,held_out_location
Crawfordsville|4352|9|3,Crawfordsville,4352,9,3,PIONEER P0589 AMXT,60,2022-07-10,171.13,,0.0,1,0,102.18294705942849,nitrogen,held_out_location
Crawfordsville|4352|14|4,Crawfordsville,4352,14,4,PIONEER P0589 AMXT,60,2022-07-10,211.33,,0.0,1,0,102.18294705942849,nitrogen,held_out_location
Crawfordsville|4352|3|3,Crawfordsville,4352,3,3,SYNGENTA NK0760-3111,60,2022-07-10,152.82,,0.0,1,0,102.18294705942849,nitrogen,held_out_location
Crawfordsville|4352|23|5,Crawfordsville,4352,23,5,SYNGENTA NK0760-3111,60,2022-07-10,205.17,,0.0,1,0,102.18294705942849,nitrogen,held_out_location
Crawfordsville|4352|8|4,Crawfordsville,4352,8,4,WF9 X H95,60,2022-07-10,136.45,,0.0,1,0,102.18294705942849,nitrogen,held_out_location
Crawfordsville|4352|19|5,Crawfordsville,4352,19,5,WF9 X H95,60,2022-07-10,124.58,,0.0,1,0,102.18294705942849,nitrogen,held_out_location
Crawfordsville|4353|26|42,Crawfordsville,4353,26,42,2369 X 3IIH6,60,2022-07-10,219.6,,0.0,1,0,108.05753967784564,nitrogen,held_out_location
Crawfordsville|4353|15|43,Crawfordsville,4353,15,43,2369 X 3IIH6,60,2022-07-10,174.71,,0.0,1,0,108.05753967784564,nitrogen,held_out_location
Crawfordsville|4353|17|45,Crawfordsville,4353,17,45,2369 X LH123HT,60,2022-07-10,184.34,,0.0,1,0,108.05753967784564,nitrogen,held_out_location
Crawfordsville|4353|20|46,Crawfordsville,4353,20,46,2369 X LH123HT,60,2022-07-10,138.31,,0.0,1,0,108.05753967784564,nitrogen,held_out_location
Crawfordsville|4353|32|42,Crawfordsville,4353,32,42,2369 X PHN82,60,2022-07-10,176.64,,0.0,1,0,108.05753967784564,nitrogen,held_out_location
Crawfordsville|4353|6|43,Crawfordsville,4353,6,43,2369 X PHN82,60,2022-07-10,172.74,,0.0,1,0,108.05753967784564,nitrogen,held_out_location
Crawfordsville|4353|18|44,Crawfordsville,4353,18,44,2369 X PHP02,60,2022-07-10,152.36,,0.0,1,0,108.05753967784564,nitrogen,held_out_location
Crawfordsville|4353|20|45,Crawfordsville,4353,20,45,2369 X PHP02,60,2022-07-10,180.77,,0.0,1,0,108.05753967784564,nitrogen,held_out_location
Crawfordsville|4353|3|44,Crawfordsville,4353,3,44,2369 X PHZ51,60,2022-07-10,161.36,,0.0,1,0,108.05753967784564,nitrogen,held_out_location
Crawfordsville|4353|32|46,Crawfordsville,4353,32,46,2369 X PHZ51,60,2022-07-10,138.31,,0.0,1,0,108.05753967784564,nitrogen,held_out_location
Crawfordsville|4353|30|42,Crawfordsville,4353,30,42,2FACC X 3IIH6,60,2022-07-10,163.82,,0.0,1,0,108.05753967784564,nitrogen,held_out_location
Crawfordsville|4353|16|43,Crawfordsville,4353,16,43,2FACC X 3IIH6,60,2022-07-10,175.77,,0.0,1,0,108.05753967784564,nitrogen,held_out_location
Crawfordsville|4353|9|43,Crawfordsville,4353,9,43,4N506 X 3IIH6,60,2022-07-10,149.43,,0.0,1,0,108.05753967784564,nitrogen,held_out_location
Crawfordsville|4353|33|46,Crawfordsville,4353,33,46,4N506 X 3IIH6,60,2022-07-10,162.26,,0.0,1,0,108.05753967784564,nitrogen,held_out_location
Crawfordsville|4353|3|43,Crawfordsville,4353,3,43,B105 X 3IIH6,60,2022-07-10,172.25,,0.0,1,0,108.05753967784564,nitrogen,held_out_location
Crawfordsville|4353|25|44,Crawfordsville,4353,25,44,B105 X 3IIH6,60,2022-07-10,146.6,,0.0,1,0,108.05753967784564,nitrogen,held_out_location
Crawfordsville|4353|12|45,Crawfordsville,4353,12,45,B14A X MO17,60,2022-07-10,205.37,,0.0,1,0,108.05753967784564,nitrogen,held_out_location
Crawfordsville|4353|34|46,Crawfordsville,4353,34,46,B14A X MO17,60,2022-07-10,181.41,,0.0,1,0,108.05753967784564,nitrogen,held_out_location
Crawfordsville|4353|29|46,Crawfordsville,4353,29,46,B37 X H95,60,2022-07-10,113.11,,0.0,1,0,108.05753967784564,nitrogen,held_out_location
Crawfordsville|4353|7|46,Crawfordsville,4353,7,46,B37 X H95,60,2022-07-10,136.53,,0.0,1,0,108.05753967784564,nitrogen,held_out_location
Crawfordsville|4353|13|44,Crawfordsville,4353,13,44,B37 X MO17,60,2022-07-10,144.59,,0.0,1,0,108.05753967784564,nitrogen,held_out_location
Crawfordsville|4353|23|46,Crawfordsville,4353,23,46,B37 X MO17,60,2022-07-10,144.46,,0.0,1,0,108.05753967784564,nitrogen,held_out_location
Crawfordsville|4353|17|42,Crawfordsville,4353,17,42,B37 X OH43,60,2022-07-10,161.51,,0.0,1,0,108.05753967784564,nitrogen,held_out_location
Crawfordsville|4353|27|43,Crawfordsville,4353,27,43,B37 X OH43,60,2022-07-10,146.7,,0.0,1,0,108.05753967784564,nitrogen,held_out_location
Crawfordsville|4353|36|44,Crawfordsville,4353,36,44,B73 X 3IIH6,60,2022-07-10,166.6,,0.0,1,0,108.05753967784564,nitrogen,held_out_location
Crawfordsville|4353|19|44,Crawfordsville,4353,19,44,B73 X 3IIH6,60,2022-07-10,170.44,,0.0,1,0,108.05753967784564,nitrogen,held_out_location
Crawfordsville|4353|19|45,Crawfordsville,4353,19,45,B73 X MO17,60,2022-07-10,207.88,,0.0,1,0,108.05753967784564,nitrogen,held_out_location
Crawfordsville|4353|30|46,Crawfordsville,4353,30,46,B73 X MO17,60,2022-07-10,161.49,,0.0,1,0,108.05753967784564,nitrogen,held_out_location
Crawfordsville|4353|28|42,Crawfordsville,4353,28,42,B73 X PHM49,60,2022-07-10,211.78,,0.0,1,0,108.05753967784564,nitrogen,held_out_location
Crawfordsville|4353|15|42,Crawfordsville,4353,15,42,B73 X PHM49,60,2022-07-10,223.97,,0.0,1,0,108.05753967784564,nitrogen,held_out_location
Crawfordsville|4353|20|43,Crawfordsville,4353,20,43,B73 X PHN82,60,2022-07-10,214.48,,0.0,1,0,108.05753967784564,nitrogen,held_out_location
Crawfordsville|4353|13|43,Crawfordsville,4353,13,43,B73 X PHN82,60,2022-07-10,205.97,,0.0,1,0,108.05753967784564,nitrogen,held_out_location
Crawfordsville|4353|29|44,Crawfordsville,4353,29,44,B73 X PHZ51,60,2022-07-10,157.15,,0.0,1,0,108.05753967784564,nitrogen,held_out_location
Crawfordsville|4353|10|46,Crawfordsville,4353,10,46,B73 X PHZ51,60,2022-07-10,154.89,,0.0,1,0,108.05753967784564,nitrogen,held_out_location
Crawfordsville|4353|11|42,Crawfordsville,4353,11,42,B84 X 3IIH6,60,2022-07-10,186.47,,0.0,1,0,108.05753967784564,nitrogen,held_out_location
Crawfordsville|4353|36|43,Crawfordsville,4353,36,43,B84 X 3IIH6,60,2022-07-10,165.7,,0.0,1,0,108.05753967784564,nitrogen,held_out_location
Crawfordsville|4353|24|42,Crawfordsville,4353,24,42,F42 X MO17,60,2022-07-10,214.47,,0.0,1,0,108.05753967784564,nitrogen,held_out_location
Crawfordsville|4353|16|45,Crawfordsville,4353,16,45,F42 X MO17,60,2022-07-10,197.03,,0.0,1,0,108.05753967784564,nitrogen,held_out_location
Crawfordsville|4353|9|44,Crawfordsville,4353,9,44,F42 X OH43,60,2022-07-10,169.02,,0.0,1,0,108.05753967784564,nitrogen,held_out_location
Crawfordsville|4353|25|45,Crawfordsville,4353,25,45,F42 X OH43,60,2022-07-10,164.67,,0.0,1,0,108.05753967784564,nitrogen,held_out_location
Crawfordsville|4353|35|43,Crawfordsville,4353,35,43,HOEGEMEYER 7089 AMXT,60,2022-07-10,191.88,,0.0,1,0,108.05753967784564,nitrogen,held_out_location
Crawfordsville|4353|11|45,Crawfordsville,4353,11,45,HOEGEMEYER 7089 AMXT,60,2022-07-10,224.91,,0.0,1,0,108.05753967784564,nitrogen,held_out_location
Crawfordsville|4353|8|42,Crawfordsville,4353,8,42,HOEGEMEYER 8065RR,60,2022-07-10,226.42,,0.0,1,0,108.05753967784564,nitrogen,held_out_location
Crawfordsville|4353|24|46,Crawfordsville,4353,24,46,HOEGEMEYER 8065RR,60,2022-07-10,207.99,,0.0,1,0,108.05753967784564,nitrogen,held_out_location
Crawfordsville|4353|4|44,Crawfordsville,4353,4,44,LH123HT X 3IIH6,60,2022-07-10,172.69,,0.0,1,0,108.05753967784564,nitrogen,held_out_location
Crawfordsville|4353|28|45,Crawfordsville,4353,28,45,LH123HT X 3IIH6,60,2022-07-10,191.54,,0.0,1,0,108.05753967784564,nitrogen,held_out_location
Crawfordsville|4353|3|42,Crawfordsville,4353,3,42,LH123HT X PHB47,60,2022-07-10,184.65,,0.0,1,0,108.05753967784564,nitrogen,held_out_location
Crawfordsville|4353|27|44,Crawfordsville,4353,27,44,LH123HT X PHB47,60,2022-07-10,164.02,,0.0,1,0,108.05753967784564,nitrogen,held_out_location
Crawfordsville|4353|8|43,Crawfordsville,4353,8,43,LH145 X LH162,60,2022-07-10,216.64,,0.0,1,0,108.05753967784564,nitrogen,held_out_location
Crawfordsville|4353|23|45,Crawfordsville,4353,23,45,LH145 X LH162,60,2022-07-10,208.95,,0.0,1,0,108.05753967784564,nitrogen,held_out_location
Crawfordsville|4353|36|46,Crawfordsville,4353,36,46,LH185 X LH145,60,2022-07-10,142.16,,0.0,1,0,108.05753967784564,nitrogen,held_out_location
Crawfordsville|4353|36|42,Crawfordsville,4353,36,42,LH185 X LH82,60,2022-07-10,178.12,,0.0,1,0,108.05753967784564,nitrogen,held_out_location
Crawfordsville|4353|16|44,Crawfordsville,4353,16,44,LH185 X LH82,60,2022-07-10,175.74,,0.0,1,0,108.05753967784564,nitrogen,held_out_location
Crawfordsville|4353|21|45,Crawfordsville,4353,21,45,LH185 X W606S,60,2022-07-10,174.96,,0.0,1,0,108.05753967784564,nitrogen,held_out_location
Crawfordsville|4353|34|43,Crawfordsville,4353,34,43,LH195 X 3IIH6,60,2022-07-10,181.42,,0.0,1,0,108.05753967784564,nitrogen,held_out_location
Crawfordsville|4353|6|46,Crawfordsville,4353,6,46,LH195 X 3IIH6,60,2022-07-10,149.37,,0.0,1,0,108.05753967784564,nitrogen,held_out_location
Crawfordsville|4353|19|42,Crawfordsville,4353,19,42,LH195 X LH123HT,60,2022-07-10,195.48,,0.0,1,0,108.05753967784564,nitrogen,held_out_location
Crawfordsville|4353|26|44,Crawfordsville,4353,26,44,LH195 X LH123HT,60,2022-07-10,210.22,,0.0,1,0,108.05753967784564,nitrogen,held_out_location
Crawfordsville|4353|28|43,Crawfordsville,4353,28,43,LH195 X LH185,60,2022-07-10,216.61,,0.0,1,0,108.05753967784564,nitrogen,held_out_location
Crawfordsville|4353|5|44,Crawfordsville,4353,5,44,LH195 X LH185,60,2022-07-10,194.38,,0.0,1,0,108.05753967784564,nitrogen,held_out_location
Crawfordsville|4353|31|46,Crawfordsville,4353,31,46,LH195 X PHM49,60,2022-07-10,106.89,,0.0,1,0,108.05753967784564,nitrogen,held_out_location
Crawfordsville|4353|15|46,Crawfordsville,4353,15,46,LH195 X PHM49,60,2022-07-10,99.14,,0.0,1,0,108.05753967784564,nitrogen,held_out_location
Crawfordsville|4353|14|42,Crawfordsville,4353,14,42,LH195 X PHZ51,60,2022-07-10,173.42,,0.0,1,0,108.05753967784564,nitrogen,held_out_location
Crawfordsville|4353|35|45,Crawfordsville,4353,35,45,LH195 X PHZ51,60,2022-07-10,164.72,,0.0,1,0,108.05753967784564,nitrogen,held_out_location
Crawfordsville|4353|32|45,Crawfordsville,4353,32,45,LH198 X PHB47,60,2022-07-10,153.19,,0.0,1,0,108.05753967784564,nitrogen,held_out_location
Crawfordsville|4353|19|46,Crawfordsville,4353,19,46,LH198 X PHB47,60,2022-07-10,158.86,,0.0,1,0,108.05753967784564,nitrogen,held_out_location
Crawfordsville|4353|33|43,Crawfordsville,4353,33,43,LH198 X PHZ51,60,2022-07-10,138.27,,0.0,1,0,108.05753967784564,nitrogen,held_out_location
Crawfordsville|4353|14|44,Crawfordsville,4353,14,44,LH198 X PHZ51,60,2022-07-10,177.0,,0.0,1,0,108.05753967784564,nitrogen,held_out_location
Crawfordsville|4353|33|42,Crawfordsville,4353,33,42,LH74 X PHM49,60,2022-07-10,179.36,,0.0,1,0,108.05753967784564,nitrogen,held_out_location
Crawfordsville|4353|4|46,Crawfordsville,4353,4,46,LH74 X PHM49,60,2022-07-10,177.03,,0.0,1,0,108.05753967784564,nitrogen,held_out_location
Crawfordsville|4353|28|44,Crawfordsville,4353,28,44,LH74 X PHN82,60,2022-07-10,167.66,,0.0,1,0,108.05753967784564,nitrogen,held_out_location
Crawfordsville|4353|15|44,Crawfordsville,4353,15,44,LH74 X PHN82,60,2022-07-10,170.28,,0.0,1,0,108.05753967784564,nitrogen,held_out_location
Crawfordsville|4353|31|43,Crawfordsville,4353,31,43,LH82 X PHB47,60,2022-07-10,150.17,,0.0,1,0,108.05753967784564,nitrogen,held_out_location
Crawfordsville|4353|5|46,Crawfordsville,4353,5,46,LH82 X PHB47,60,2022-07-10,149.47,,0.0,1,0,108.05753967784564,nitrogen,held_out_location
Crawfordsville|4353|31|42,Crawfordsville,4353,31,42,LH82 X PHJ89,60,2022-07-10,181.52,,0.0,1,0,108.05753967784564,nitrogen,held_out_location
Crawfordsville|4353|6|45,Crawfordsville,4353,6,45,LH82 X PHJ89,60,2022-07-10,182.19,,0.0,1,0,108.05753967784564,nitrogen,held_out_location
Crawfordsville|4353|21|42,Crawfordsville,4353,21,42,LH82 X W606S,60,2022-07-10,165.38,,0.0,1,0,108.05753967784564,nitrogen,held_out_location
Crawfordsville|4353|3|46,Crawfordsville,4353,3,46,LH82 X W606S,60,2022-07-10,173.07,,0.0,1,0,108.05753967784564,nitrogen,held_out_location
Crawfordsville|4353|25|42,Crawfordsville,4353,25,42,N209 X 3IIH6,60,2022-07-10,178.52,,0.0,1,0,108.05753967784564,nitrogen,held_out_location
Crawfordsville|4353|4|43,Crawfordsville,4353,4,43,N209 X 3IIH6,60,2022-07-10,186.66,,0.0,1,0,108.05753967784564,nitrogen,held_out_location
Crawfordsville|4353|12|42,Crawfordsville,4353,12,42,PHB47 X 3IIH6,60,2022-07-10,174.67,,0.0,1,0,108.05753967784564,nitrogen,held_out_location
Crawfordsville|4353|31|44,Crawfordsville,4353,31,44,PHB47 X 3IIH6,60,2022-07-10,146.83,,0.0,1,0,108.05753967784564,nitrogen,held_out_location
Crawfordsville|4353|33|44,Crawfordsville,4353,33,44,PHB47 X LH185,60,2022-07-10,157.98,,0.0,1,0,108.05753967784564,nitrogen,held_out_location
Crawfordsville|4353|18|45,Crawfordsville,4353,18,45,PHB47 X LH185,60,2022-07-10,180.74,,0.0,1,0,108.05753967784564,nitrogen,held_out_location
Crawfordsville|4353|35|46,Crawfordsville,4353,35,46,PHB47 X PHJ89,60,2022-07-10,161.14,,0.0,1,0,108.05753967784564,nitrogen,held_out_location
Crawfordsville|4353|29|43,Crawfordsville,4353,29,43,PHB47 X PHK56,60,2022-07-10,170.44,,0.0,1,0,108.05753967784564,nitrogen,held_out_location
Crawfordsville|4353|18|43,Crawfordsville,4353,18,43,PHB47 X PHK56,60,2022-07-10,188.9,,0.0,1,0,108.05753967784564,nitrogen,held_out_location
Crawfordsville|4353|12|44,Crawfordsville,4353,12,44,PHG39 X PHM49,60,2022-07-10,194.18,,0.0,1,0,108.05753967784564,nitrogen,held_out_location
Crawfordsville|4353|26|46,Crawfordsville,4353,26,46,PHG39 X PHM49,60,2022-07-10,166.56,,0.0,1,0,108.05753967784564,nitrogen,held_out_location
Crawfordsville|4353|22|46,Crawfordsville,4353,22,46,PHG39 X PHN82,60,2022-07-10,160.6,,0.0,1,0,108.05753967784564,nitrogen,held_out_location
Crawfordsville|4353|6|42,Crawfordsville,4353,6,42,PHJ40 X LH82,60,2022-07-10,158.33,,0.0,1,0,108.05753967784564,nitrogen,held_out_location
Crawfordsville|4353|29|45,Crawfordsville,4353,29,45,PHJ40 X LH82,60,2022-07-10,173.31,,0.0,1,0,108.05753967784564,nitrogen,held_out_location
Crawfordsville|4353|27|42,Crawfordsville,4353,27,42,PHK56 X 3IIH6,60,2022-07-10,154.87,,0.0,1,0,108.05753967784564,nitrogen,held_out_location
Crawfordsville|4353|16|46,Crawfordsville,4353,16,46,PHK56 X 3IIH6,60,2022-07-10,163.08,,0.0,1,0,108.05753967784564,nitrogen,held_out_location
Crawfordsville|4353|25|43,Crawfordsville,4353,25,43,PHK56 X LH145,60,2022-07-10,165.76,,0.0,1,0,108.05753967784564,nitrogen,held_out_location
Crawfordsville|4353|6|44,Crawfordsville,4353,6,44,PHK56 X LH185,60,2022-07-10,190.74,,0.0,1,0,108.05753967784564,nitrogen,held_out_location
Crawfordsville|4353|26|45,Crawfordsville,4353,26,45,PHK56 X LH185,60,2022-07-10,187.26,,0.0,1,0,108.05753967784564,nitrogen,held_out_location
Crawfordsville|4353|12|43,Crawfordsville,4353,12,43,PHK56 X LH198,60,2022-07-10,205.56,,0.0,1,0,108.05753967784564,nitrogen,held_out_location
Crawfordsville|4353|32|44,Crawfordsville,4353,32,44,PHK56 X LH198,60,2022-07-10,180.44,,0.0,1,0,108.05753967784564,nitrogen,held_out_location
Crawfordsville|4353|30|44,Crawfordsville,4353,30,44,PHK56 X LH82,60,2022-07-10,179.51,,0.0,1,0,108.05753967784564,nitrogen,held_out_location
Crawfordsville|4353|14|46,Crawfordsville,4353,14,46,PHK56 X LH82,60,2022-07-10,154.08,,0.0,1,0,108.05753967784564,nitrogen,held_out_location
Crawfordsville|4353|13|42,Crawfordsville,4353,13,42,PHK56 X PHJ89,60,2022-07-10,189.98,,0.0,1,0,108.05753967784564,nitrogen,held_out_location
Crawfordsville|4353|23|44,Crawfordsville,4353,23,44,PHK56 X PHJ89,60,2022-07-10,184.77,,0.0,1,0,108.05753967784564,nitrogen,held_out_location
Crawfordsville|4353|7|43,Crawfordsville,4353,7,43,PHK56 X W606S,60,2022-07-10,178.88,,0.0,1,0,108.05753967784564,nitrogen,held_out_location
Crawfordsville|4353|27|45,Crawfordsville,4353,27,45,PHK56 X W606S,60,2022-07-10,189.36,,0.0,1,0,108.05753967784564,nitrogen,held_out_location
Crawfordsville|4353|35|42,Crawfordsville,4353,35,42,PHK76 X 3IIH6,60,2022-07-10,152.39,,0.0,1,0,108.05753967784564,nitrogen,held_out_location
Crawfordsville|4353|18|46,Crawfordsville,4353,18,46,PHK76 X 3IIH6,60,2022-07-10,147.03,,0.0,1,0,108.05753967784564,nitrogen,held_out_location
Crawfordsville|4353|34|44,Crawfordsville,4353,34,44,PHK76 X LH145,60,2022-07-10,123.48,,0.0,1,0,108.05753967784564,nitrogen,held_out_location
Crawfordsville|4353|11|44,Crawfordsville,4353,11,44,PHK76 X LH145,60,2022-07-10,143.42,,0.0,1,0,108.05753967784564,nitrogen,held_out_location
Crawfordsville|4353|14|43,Crawfordsville,4353,14,43,PHK76 X LH198,60,2022-07-10,190.02,,0.0,1,0,108.05753967784564,nitrogen,held_out_location
Crawfordsville|4353|25|46,Crawfordsville,4353,25,46,PHK76 X LH198,60,2022-07-10,170.46,,0.0,1,0,108.05753967784564,nitrogen,held_out_location
Crawfordsville|4353|9|45,Crawfordsville,4353,9,45,PHK76 X LH82,60,2022-07-10,169.93,,0.0,1,0,108.05753967784564,nitrogen,held_out_location
Crawfordsville|4353|28|46,Crawfordsville,4353,28,46,PHK76 X LH82,60,2022-07-10,156.34,,0.0,1,0,108.05753967784564,nitrogen,held_out_location
Crawfordsville|4353|30|45,Crawfordsville,4353,30,45,PHK76 X W606S,60,2022-07-10,158.15,,0.0,1,0,108.05753967784564,nitrogen,held_out_location
Crawfordsville|4353|5|45,Crawfordsville,4353,5,45,PHK76 X W606S,60,2022-07-10,154.35,,0.0,1,0,108.05753967784564,nitrogen,held_out_location
Crawfordsville|4353|23|43,Crawfordsville,4353,23,43,PHN46 X PHB47,60,2022-07-10,175.93,,0.0,1,0,108.05753967784564,nitrogen,held_out_location
Crawfordsville|4353|10|43,Crawfordsville,4353,10,43,PHN46 X PHB47,60,2022-07-10,186.07,,0.0,1,0,108.05753967784564,nitrogen,held_out_location
Crawfordsville|4353|20|42,Crawfordsville,4353,20,42,PHN46 X PHK56,60,2022-07-10,193.57,,0.0,1,0,108.05753967784564,nitrogen,held_out_location
Crawfordsville|4353|8|45,Crawfordsville,4353,8,45,PHN46 X PHK56,60,2022-07-10,197.3,,0.0,1,0,108.05753967784564,nitrogen,held_out_location
Crawfordsville|4353|26|43,Crawfordsville,4353,26,43,PHN46 X W606S,60,2022-07-10,185.22,,0.0,1,0,108.05753967784564,nitrogen,held_out_location
Crawfordsville|4353|9|46,Crawfordsville,4353,9,46,PHN46 X W606S,60,2022-07-10,158.97,,0.0,1,0,108.05753967784564,nitrogen,held_out_location
Crawfordsville|4353|10|42,Crawfordsville,4353,10,42,PHP02 X LH145,60,2022-07-10,136.09,,0.0,1,0,108.05753967784564,nitrogen,held_out_location
Crawfordsville|4353|24|44,Crawfordsville,4353,24,44,PHP02 X LH145,60,2022-07-10,163.09,,0.0,1,0,108.05753967784564,nitrogen,held_out_location
Crawfordsville|4353|21|44,Crawfordsville,4353,21,44,PHP02 X LH185,60,2022-07-10,174.45,,0.0,1,0,108.05753967784564,nitrogen,held_out_location
Crawfordsville|4353|8|46,Crawfordsville,4353,8,46,PHP02 X LH185,60,2022-07-10,154.89,,0.0,1,0,108.05753967784564,nitrogen,held_out_location
Crawfordsville|4353|7|44,Crawfordsville,4353,7,44,PHP02 X LH198,60,2022-07-10,176.02,,0.0,1,0,108.05753967784564,nitrogen,held_out_location
Crawfordsville|4353|36|45,Crawfordsville,4353,36,45,PHP02 X LH198,60,2022-07-10,192.84,,0.0,1,0,108.05753967784564,nitrogen,held_out_location
Crawfordsville|4353|4|45,Crawfordsville,4353,4,45,PHP02 X LH82,60,2022-07-10,160.3,,0.0,1,0,108.05753967784564,nitrogen,held_out_location
Crawfordsville|4353|21|46,Crawfordsville,4353,21,46,PHP02 X LH82,60,2022-07-10,134.63,,0.0,1,0,108.05753967784564,nitrogen,held_out_location
Crawfordsville|4353|35|44,Crawfordsville,4353,35,44,PHP02 X PHB47,60,2022-07-10,157.8,,0.0,1,0,108.05753967784564,nitrogen,held_out_location
Crawfordsville|4353|17|46,Crawfordsville,4353,17,46,PHP02 X PHB47,60,2022-07-10,151.99,,0.0,1,0,108.05753967784564,nitrogen,held_out_location
Crawfordsville|4353|34|42,Crawfordsville,4353,34,42,PHP02 X PHG47,60,2022-07-10,173.25,,0.0,1,0,108.05753967784564,nitrogen,held_out_location
Crawfordsville|4353|10|45,Crawfordsville,4353,10,45,PHP02 X PHG47,60,2022-07-10,172.12,,0.0,1,0,108.05753967784564,nitrogen,held_out_location
Crawfordsville|4353|4|42,Crawfordsville,4353,4,42,PHP02 X PHJ89,60,2022-07-10,175.95,,0.0,1,0,108.05753967784564,nitrogen,held_out_location
Crawfordsville|4353|31|45,Crawfordsville,4353,31,45,PHP02 X PHJ89,60,2022-07-10,191.8,,0.0,1,0,108.05753967784564,nitrogen,held_out_location
Crawfordsville|4353|5|43,Crawfordsville,4353,5,43,PHP02 X PHK56,60,2022-07-10,183.82,,0.0,1,0,108.05753967784564,nitrogen,held_out_location
Crawfordsville|4353|22|44,Crawfordsville,4353,22,44,PHP02 X PHK56,60,2022-07-10,181.25,,0.0,1,0,108.05753967784564,nitrogen,held_out_location
Crawfordsville|4353|34|45,Crawfordsville,4353,34,45,PHP02 X PHK76,60,2022-07-10,160.15,,0.0,1,0,108.05753967784564,nitrogen,held_out_location
Crawfordsville|4353|13|45,Crawfordsville,4353,13,45,PHP02 X PHK76,60,2022-07-10,156.16,,0.0,1,0,108.05753967784564,nitrogen,held_out_location
Crawfordsville|4353|20|44,Crawfordsville,4353,20,44,PHP02 X PHN46,60,2022-07-10,186.05,,0.0,1,0,108.05753967784564,nitrogen,held_out_location
Crawfordsville|4353|15|45,Crawfordsville,4353,15,45,PHP02 X PHN46,60,2022-07-10,182.98,,0.0,1,0,108.05753967784564,nitrogen,held_out_location
Crawfordsville|4353|11|43,Crawfordsville,4353,11,43,PHP02 X W606S,60,2022-07-10,182.34,,0.0,1,0,108.05753967784564,nitrogen,held_out_location
Crawfordsville|4353|24|45,Crawfordsville,4353,24,45,PHP02 X W606S,60,2022-07-10,194.97,,0.0,1,0,108.05753967784564,nitrogen,held_out_location
Crawfordsville|4353|30|43,Crawfordsville,4353,30,43,PHT69 X 3IIH6,60,2022-07-10,188.0,,0.0,1,0,108.05753967784564,nitrogen,held_out_location
Crawfordsville|4353|19|43,Crawfordsville,4353,19,43,PHT69 X 3IIH6,60,2022-07-10,161.19,,0.0,1,0,108.05753967784564,nitrogen,held_out_location
Crawfordsville|4353|22|42,Crawfordsville,4353,22,42,PHW52 X LH185,60,2022-07-10,193.79,,0.0,1,0,108.05753967784564,nitrogen,held_out_location
Crawfordsville|4353|11|46,Crawfordsville,4353,11,46,PHW52 X LH185,60,2022-07-10,195.56,,0.0,1,0,108.05753967784564,nitrogen,held_out_location
Crawfordsville|4353|8|44,Crawfordsville,4353,8,44,PHW52 X PHM49,60,2022-07-10,185.62,,0.0,1,0,108.05753967784564,nitrogen,held_out_location
Crawfordsville|4353|33|45,Crawfordsville,4353,33,45,PHW52 X PHM49,60,2022-07-10,179.1,,0.0,1,0,108.05753967784564,nitrogen,held_out_location
Crawfordsville|4353|23|42,Crawfordsville,4353,23,42,PHW52 X PHN82,60,2022-07-10,183.18,,0.0,1,0,108.05753967784564,nitrogen,held_out_location
Crawfordsville|4353|13|46,Crawfordsville,4353,13,46,PHW52 X PHN82,60,2022-07-10,176.59,,0.0,1,0,108.05753967784564,nitrogen,held_out_location
Crawfordsville|4353|18|42,Crawfordsville,4353,18,42,PHW52 X PHZ51,60,2022-07-10,174.68,,0.0,1,0,108.05753967784564,nitrogen,held_out_location
Crawfordsville|4353|21|43,Crawfordsville,4353,21,43,PHW52 X PHZ51,60,2022-07-10,170.17,,0.0,1,0,108.05753967784564,nitrogen,held_out_location
Crawfordsville|4353|17|44,Crawfordsville,4353,17,44,PHZ51 X LH145,60,2022-07-10,157.34,,0.0,1,0,108.05753967784564,nitrogen,held_out_location
Crawfordsville|4353|27|46,Crawfordsville,4353,27,46,PHZ51 X LH145,60,2022-07-10,139.87,,0.0,1,0,108.05753967784564,nitrogen,held_out_location
Crawfordsville|4353|29|42,Crawfordsville,4353,29,42,PIONEER 1311 AMXT,60,2022-07-10,243.93,,0.0,1,0,108.05753967784564,nitrogen,held_out_location
Crawfordsville|4353|17|43,Crawfordsville,4353,17,43,PIONEER 1311 AMXT,60,2022-07-10,231.68,,0.0,1,0,108.05753967784564,nitrogen,held_out_location
Crawfordsville|4353|22|45,Crawfordsville,4353,22,45,PIONEER P0589 AMXT,60,2022-07-10,207.91,,0.0,1,0,108.05753967784564,nitrogen,held_out_location
Crawfordsville|4353|14|45,Crawfordsville,4353,14,45,PIONEER P0589 AMXT,60,2022-07-10,224.52,,0.0,1,0,108.05753967784564,nitrogen,held_out_location
Crawfordsville|4353|24|43,Crawfordsville,4353,24,43,SYNGENTA NK0760-3111,60,2022-07-10,211.79,,0.0,1,0,108.05753967784564,nitrogen,held_out_location
Crawfordsville|4353|12|46,Crawfordsville,4353,12,46,SYNGENTA NK0760-3111,60,2022-07-10,227.01,,0.0,1,0,108.05753967784564,nitrogen,held_out_location
Crawfordsville|4353|9|42,Crawfordsville,4353,9,42,WF9 X H95,60,2022-07-10,149.61,,0.0,1,0,108.05753967784564,nitrogen,held_out_location
Crawfordsville|4353|22|43,Crawfordsville,4353,22,43,WF9 X H95,60,2022-07-10,133.58,,0.0,1,0,108.05753967784564,nitrogen,held_out_location
Crawfordsville|4351|11|17,Crawfordsville,4351,11,17,2369 X 3IIH6,60,2022-07-10,167.22,,0.0,1,0,92.00233709617845,nitrogen,held_out_location
Crawfordsville|4351|14|19,Crawfordsville,4351,14,19,2369 X 3IIH6,60,2022-07-10,153.8,,0.0,1,0,92.00233709617845,nitrogen,held_out_location
Crawfordsville|4351|17|18,Crawfordsville,4351,17,18,2369 X LH123HT,60,2022-07-10,149.87,,0.0,1,0,92.00233709617845,nitrogen,held_out_location
Crawfordsville|4351|6|18,Crawfordsville,4351,6,18,2369 X LH123HT,60,2022-07-10,189.04,,0.0,1,0,92.00233709617845,nitrogen,held_out_location
Crawfordsville|4351|2|14,Crawfordsville,4351,2,14,2369 X PHN82,60,2022-07-10,174.04,,0.0,1,0,92.00233709617845,nitrogen,held_out_location
Crawfordsville|4351|19|15,Crawfordsville,4351,19,15,2369 X PHN82,60,2022-07-10,158.94,,0.0,1,0,92.00233709617845,nitrogen,held_out_location
Crawfordsville|4351|7|14,Crawfordsville,4351,7,14,2369 X PHP02,60,2022-07-10,148.69,,0.0,1,0,92.00233709617845,nitrogen,held_out_location
Crawfordsville|4351|17|16,Crawfordsville,4351,17,16,2369 X PHP02,60,2022-07-10,181.43,,0.0,1,0,92.00233709617845,nitrogen,held_out_location
Crawfordsville|4351|20|15,Crawfordsville,4351,20,15,2369 X PHZ51,60,2022-07-10,144.39,,0.0,1,0,92.00233709617845,nitrogen,held_out_location
Crawfordsville|4351|8|20,Crawfordsville,4351,8,20,2369 X PHZ51,60,2022-07-10,138.32,,0.0,1,0,92.00233709617845,nitrogen,held_out_location
Crawfordsville|4351|7|13,Crawfordsville,4351,7,13,2FACC X 3IIH6,60,2022-07-10,177.23,,0.0,1,0,92.00233709617845,nitrogen,held_out_location
Crawfordsville|4351|22|14,Crawfordsville,4351,22,14,2FACC X 3IIH6,60,2022-07-10,171.0,,0.0,1,0,92.00233709617845,nitrogen,held_out_location
Crawfordsville|4351|2|17,Crawfordsville,4351,2,17,4N506 X 3IIH6,60,2022-07-10,168.4,,0.0,1,0,92.00233709617845,nitrogen,held_out_location
Crawfordsville|4351|20|18,Crawfordsville,4351,20,18,4N506 X 3IIH6,60,2022-07-10,161.18,,0.0,1,0,92.00233709617845,nitrogen,held_out_location
Crawfordsville|4351|4|17,Crawfordsville,4351,4,17,B105 X 3IIH6,60,2022-07-10,166.45,,0.0,1,0,92.00233709617845,nitrogen,held_out_location
Crawfordsville|4351|16|19,Crawfordsville,4351,16,19,B105 X 3IIH6,60,2022-07-10,139.6,,0.0,1,0,92.00233709617845,nitrogen,held_out_location
Crawfordsville|4351|8|14,Crawfordsville,4351,8,14,B14A X MO17,60,2022-07-10,164.27,,0.0,1,0,92.00233709617845,nitrogen,held_out_location
Crawfordsville|4351|18|19,Crawfordsville,4351,18,19,B14A X MO17,60,2022-07-10,127.91,,0.0,1,0,92.00233709617845,nitrogen,held_out_location
Crawfordsville|4351|9|17,Crawfordsville,4351,9,17,B37 X H95,60,2022-07-10,118.11,,0.0,1,0,92.00233709617845,nitrogen,held_out_location
Crawfordsville|4351|13|20,Crawfordsville,4351,13,20,B37 X H95,60,2022-07-10,107.28,,0.0,1,0,92.00233709617845,nitrogen,held_out_location
Crawfordsville|4351|3|15,Crawfordsville,4351,3,15,B37 X MO17,60,2022-07-10,128.06,,0.0,1,0,92.00233709617845,nitrogen,held_out_location
Crawfordsville|4351|17|20,Crawfordsville,4351,17,20,B37 X MO17,60,2022-07-10,153.09,,0.0,1,0,92.00233709617845,nitrogen,held_out_location
Crawfordsville|4351|18|18,Crawfordsville,4351,18,18,B37 X OH43,60,2022-07-10,139.2,,0.0,1,0,92.00233709617845,nitrogen,held_out_location
Crawfordsville|4351|11|18,Crawfordsville,4351,11,18,B37 X OH43,60,2022-07-10,148.2,,0.0,1,0,92.00233709617845,nitrogen,held_out_location
Crawfordsville|4351|22|13,Crawfordsville,4351,22,13,B73 X 3IIH6,60,2022-07-10,186.68,,0.0,1,0,92.00233709617845,nitrogen,held_out_location
Crawfordsville|4351|7|17,Crawfordsville,4351,7,17,B73 X 3IIH6,60,2022-07-10,189.57,,0.0,1,0,92.00233709617845,nitrogen,held_out_location
Crawfordsville|4351|8|13,Crawfordsville,4351,8,13,B73 X MO17,60,2022-07-10,168.84,,0.0,1,0,92.00233709617845,nitrogen,held_out_location
Crawfordsville|4351|21|15,Crawfordsville,4351,21,15,B73 X MO17,60,2022-07-10,177.0,,0.0,1,0,92.00233709617845,nitrogen,held_out_location
Crawfordsville|4351|5|14,Crawfordsville,4351,5,14,B73 X PHM49,60,2022-07-10,169.34,,0.0,1,0,92.00233709617845,nitrogen,held_out_location
Crawfordsville|4351|19|20,Crawfordsville,4351,19,20,B73 X PHM49,60,2022-07-10,183.73,,0.0,1,0,92.00233709617845,nitrogen,held_out_location
Crawfordsville|4351|12|14,Crawfordsville,4351,12,14,B73 X PHN82,60,2022-07-10,177.61,,0.0,1,0,92.00233709617845,nitrogen,held_out_location
Crawfordsville|4351|19|19,Crawfordsville,4351,19,19,B73 X PHN82,60,2022-07-10,170.89,,0.0,1,0,92.00233709617845,nitrogen,held_out_location
Crawfordsville|4351|22|18,Crawfordsville,4351,22,18,B73 X PHZ51,60,2022-07-10,150.61,,0.0,1,0,92.00233709617845,nitrogen,held_out_location
Crawfordsville|4351|10|20,Crawfordsville,4351,10,20,B73 X PHZ51,60,2022-07-10,142.69,,0.0,1,0,92.00233709617845,nitrogen,held_out_location
Crawfordsville|4351|9|16,Crawfordsville,4351,9,16,B84 X 3IIH6,60,2022-07-10,132.5,,0.0,1,0,92.00233709617845,nitrogen,held_out_location
Crawfordsville|4351|13|18,Crawfordsville,4351,13,18,B84 X 3IIH6,60,2022-07-10,167.55,,0.0,1,0,92.00233709617845,nitrogen,held_out_location
Crawfordsville|4351|10|16,Crawfordsville,4351,10,16,F42 X MO17,60,2022-07-10,146.21,,0.0,1,0,92.00233709617845,nitrogen,held_out_location
Crawfordsville|4351|22|19,Crawfordsville,4351,22,19,F42 X MO17,60,2022-07-10,140.82,,0.0,1,0,92.00233709617845,nitrogen,held_out_location
Crawfordsville|4351|3|13,Crawfordsville,4351,3,13,F42 X OH43,60,2022-07-10,149.88,,0.0,1,0,92.00233709617845,nitrogen,held_out_location
Crawfordsville|4351|15|14,Crawfordsville,4351,15,14,F42 X OH43,60,2022-07-10,172.3,,0.0,1,0,92.00233709617845,nitrogen,held_out_location
Crawfordsville|4351|19|17,Crawfordsville,4351,19,17,HOEGEMEYER 7089 AMXT,60,2022-07-10,220.6,,0.0,1,0,92.00233709617845,nitrogen,held_out_location
Crawfordsville|4351|7|19,Crawfordsville,4351,7,19,HOEGEMEYER 7089 AMXT,60,2022-07-10,182.53,,0.0,1,0,92.00233709617845,nitrogen,held_out_location
Crawfordsville|4351|2|15,Crawfordsville,4351,2,15,HOEGEMEYER 8065RR,60,2022-07-10,216.44,,0.0,1,0,92.00233709617845,nitrogen,held_out_location
Crawfordsville|4351|13|16,Crawfordsville,4351,13,16,HOEGEMEYER 8065RR,60,2022-07-10,205.12,,0.0,1,0,92.00233709617845,nitrogen,held_out_location
Crawfordsville|4351|16|14,Crawfordsville,4351,16,14,LH123HT X 3IIH6,60,2022-07-10,153.75,,0.0,1,0,92.00233709617845,nitrogen,held_out_location
Crawfordsville|4351|9|20,Crawfordsville,4351,9,20,LH123HT X 3IIH6,60,2022-07-10,154.93,,0.0,1,0,92.00233709617845,nitrogen,held_out_location
Crawfordsville|4351|4|14,Crawfordsville,4351,4,14,LH123HT X PHB47,60,2022-07-10,136.66,,0.0,1,0,92.00233709617845,nitrogen,held_out_location
Crawfordsville|4351|14|17,Crawfordsville,4351,14,17,LH123HT X PHB47,60,2022-07-10,162.68,,0.0,1,0,92.00233709617845,nitrogen,held_out_location
Crawfordsville|4351|17|13,Crawfordsville,4351,17,13,LH145 X LH162,60,2022-07-10,177.27,,0.0,1,0,92.00233709617845,nitrogen,held_out_location
Crawfordsville|4351|2|13,Crawfordsville,4351,2,13,LH145 X LH162,60,2022-07-10,179.36,,0.0,1,0,92.00233709617845,nitrogen,held_out_location
Crawfordsville|4351|13|13,Crawfordsville,4351,13,13,LH185 X LH145,60,2022-07-10,135.49,,0.0,1,0,92.00233709617845,nitrogen,held_out_location
Crawfordsville|4351|9|14,Crawfordsville,4351,9,14,LH185 X LH82,60,2022-07-10,170.28,,0.0,1,0,92.00233709617845,nitrogen,held_out_location
Crawfordsville|4351|23|18,Crawfordsville,4351,23,18,LH185 X LH82,60,2022-07-10,163.62,,0.0,1,0,92.00233709617845,nitrogen,held_out_location
Crawfordsville|4351|15|16,Crawfordsville,4351,15,16,LH185 X W606S,60,2022-07-10,149.6,,0.0,1,0,92.00233709617845,nitrogen,held_out_location
Crawfordsville|4351|10|13,Crawfordsville,4351,10,13,LH195 X 3IIH6,60,2022-07-10,176.76,,0.0,1,0,92.00233709617845,nitrogen,held_out_location
Crawfordsville|4351|19|18,Crawfordsville,4351,19,18,LH195 X 3IIH6,60,2022-07-10,178.01,,0.0,1,0,92.00233709617845,nitrogen,held_out_location
Crawfordsville|4351|16|13,Crawfordsville,4351,16,13,LH195 X LH123HT,60,2022-07-10,175.95,,0.0,1,0,92.00233709617845,nitrogen,held_out_location
Crawfordsville|4351|9|13,Crawfordsville,4351,9,13,LH195 X LH123HT,60,2022-07-10,178.83,,0.0,1,0,92.00233709617845,nitrogen,held_out_location
Crawfordsville|4351|3|16,Crawfordsville,4351,3,16,LH195 X LH185,60,2022-07-10,186.97,,0.0,1,0,92.00233709617845,nitrogen,held_out_location
Crawfordsville|4351|21|18,Crawfordsville,4351,21,18,LH195 X LH185,60,2022-07-10,176.08,,0.0,1,0,92.00233709617845,nitrogen,held_out_location
Crawfordsville|4351|22|15,Crawfordsville,4351,22,15,LH195 X PHM49,60,2022-07-10,102.22,,0.0,1,0,92.00233709617845,nitrogen,held_out_location
Crawfordsville|4351|10|18,Crawfordsville,4351,10,18,LH195 X PHM49,60,2022-07-10,112.14,,0.0,1,0,92.00233709617845,nitrogen,held_out_location
Crawfordsville|4351|6|17,Crawfordsville,4351,6,17,LH195 X PHZ51,60,2022-07-10,142.42,,0.0,1,0,92.00233709617845,nitrogen,held_out_location
Crawfordsville|4351|17|19,Crawfordsville,4351,17,19,LH195 X PHZ51,60,2022-07-10,139.15,,0.0,1,0,92.00233709617845,nitrogen,held_out_location
Crawfordsville|4351|22|17,Crawfordsville,4351,22,17,LH198 X PHB47,60,2022-07-10,132.22,,0.0,1,0,92.00233709617845,nitrogen,held_out_location
Crawfordsville|4351|3|17,Crawfordsville,4351,3,17,LH198 X PHB47,60,2022-07-10,150.86,,0.0,1,0,92.00233709617845,nitrogen,held_out_location
Crawfordsville|4351|7|18,Crawfordsville,4351,7,18,LH198 X PHZ51,60,2022-07-10,143.78,,0.0,1,0,92.00233709617845,nitrogen,held_out_location
Crawfordsville|4351|21|20,Crawfordsville,4351,21,20,LH198 X PHZ51,60,2022-07-10,158.89,,0.0,1,0,92.00233709617845,nitrogen,held_out_location
Crawfordsville|4351|18|13,Crawfordsville,4351,18,13,LH74 X PHM49,60,2022-07-10,172.03,,0.0,1,0,92.00233709617845,nitrogen,held_out_location
Crawfordsville|4351|8|16,Crawfordsville,4351,8,16,LH74 X PHM49,60,2022-07-10,169.61,,0.0,1,0,92.00233709617845,nitrogen,held_out_location
Crawfordsville|4351|14|18,Crawfordsville,4351,14,18,LH74 X PHN82,60,2022-07-10,170.57,,0.0,1,0,92.00233709617845,nitrogen,held_out_location
Crawfordsville|4351|6|20,Crawfordsville,4351,6,20,LH74 X PHN82,60,2022-07-10,159.12,,0.0,1,0,92.00233709617845,nitrogen,held_out_location
Crawfordsville|4351|17|15,Crawfordsville,4351,17,15,LH82 X PHB47,60,2022-07-10,131.75,,0.0,1,0,92.00233709617845,nitrogen,held_out_location
Crawfordsville|4351|11|15,Crawfordsville,4351,11,15,LH82 X PHB47,60,2022-07-10,145.08,,0.0,1,0,92.00233709617845,nitrogen,held_out_location
Crawfordsville|4351|19|13,Crawfordsville,4351,19,13,LH82 X PHJ89,60,2022-07-10,146.0,,0.0,1,0,92.00233709617845,nitrogen,held_out_location
Crawfordsville|4351|12|16,Crawfordsville,4351,12,16,LH82 X PHJ89,60,2022-07-10,173.52,,0.0,1,0,92.00233709617845,nitrogen,held_out_location
Crawfordsville|4351|6|14,Crawfordsville,4351,6,14,LH82 X W606S,60,2022-07-10,157.06,,0.0,1,0,92.00233709617845,nitrogen,held_out_location
Crawfordsville|4351|23|19,Crawfordsville,4351,23,19,LH82 X W606S,60,2022-07-10,149.03,,0.0,1,0,92.00233709617845,nitrogen,held_out_location
Crawfordsville|4351|16|20,Crawfordsville,4351,16,20,N209 X 3IIH6,60,2022-07-10,176.39,,0.0,1,0,92.00233709617845,nitrogen,held_out_location
Crawfordsville|4351|3|20,Crawfordsville,4351,3,20,N209 X 3IIH6,60,2022-07-10,159.04,,0.0,1,0,92.00233709617845,nitrogen,held_out_location
Crawfordsville|4351|18|15,Crawfordsville,4351,18,15,PHB47 X 3IIH6,60,2022-07-10,139.97,,0.0,1,0,92.00233709617845,nitrogen,held_out_location
Crawfordsville|4351|5|19,Crawfordsville,4351,5,19,PHB47 X 3IIH6,60,2022-07-10,148.96,,0.0,1,0,92.00233709617845,nitrogen,held_out_location
Crawfordsville|4351|19|14,Crawfordsville,4351,19,14,PHB47 X LH185,60,2022-07-10,116.63,,0.0,1,0,92.00233709617845,nitrogen,held_out_location
Crawfordsville|4351|12|19,Crawfordsville,4351,12,19,PHB47 X LH185,60,2022-07-10,166.24,,0.0,1,0,92.00233709617845,nitrogen,held_out_location
Crawfordsville|4351|18|20,Crawfordsville,4351,18,20,PHB47 X PHJ89,60,2022-07-10,182.2,,0.0,1,0,92.00233709617845,nitrogen,held_out_location
Crawfordsville|4351|20|13,Crawfordsville,4351,20,13,PHB47 X PHK56,60,2022-07-10,179.92,,0.0,1,0,92.00233709617845,nitrogen,held_out_location
Crawfordsville|4351|4|15,Crawfordsville,4351,4,15,PHB47 X PHK56,60,2022-07-10,171.97,,0.0,1,0,92.00233709617845,nitrogen,held_out_location
Crawfordsville|4351|10|17,Crawfordsville,4351,10,17,PHG39 X PHM49,60,2022-07-10,173.06,,0.0,1,0,92.00233709617845,nitrogen,held_out_location
Crawfordsville|4351|16|18,Crawfordsville,4351,16,18,PHG39 X PHM49,60,2022-07-10,172.18,,0.0,1,0,92.00233709617845,nitrogen,held_out_location
Crawfordsville|4351|21|14,Crawfordsville,4351,21,14,PHG39 X PHN82,60,2022-07-10,169.32,,0.0,1,0,92.00233709617845,nitrogen,held_out_location
Crawfordsville|4351|20|16,Crawfordsville,4351,20,16,PHJ40 X LH82,60,2022-07-10,178.34,,0.0,1,0,92.00233709617845,nitrogen,held_out_location
Crawfordsville|4351|5|20,Crawfordsville,4351,5,20,PHJ40 X LH82,60,2022-07-10,144.46,,0.0,1,0,92.00233709617845,nitrogen,held_out_location
Crawfordsville|4351|13|14,Crawfordsville,4351,13,14,PHK56 X 3IIH6,60,2022-07-10,175.93,,0.0,1,0,92.00233709617845,nitrogen,held_out_location
Crawfordsville|4351|5|16,Crawfordsville,4351,5,16,PHK56 X 3IIH6,60,2022-07-10,149.07,,0.0,1,0,92.00233709617845,nitrogen,held_out_location
Crawfordsville|4351|23|16,Crawfordsville,4351,23,16,PHK56 X LH145,60,2022-07-10,151.08,,0.0,1,0,92.00233709617845,nitrogen,held_out_location
Crawfordsville|4351|13|15,Crawfordsville,4351,13,15,PHK56 X LH185,60,2022-07-10,166.25,,0.0,1,0,92.00233709617845,nitrogen,held_out_location
Crawfordsville|4351|5|17,Crawfordsville,4351,5,17,PHK56 X LH185,60,2022-07-10,180.64,,0.0,1,0,92.00233709617845,nitrogen,held_out_location
Crawfordsville|4351|6|13,Crawfordsville,4351,6,13,PHK56 X LH198,60,2022-07-10,199.77,,0.0,1,0,92.00233709617845,nitrogen,held_out_location
Crawfordsville|4351|18|14,Crawfordsville,4351,18,14,PHK56 X LH198,60,2022-07-10,128.17,,0.0,1,0,92.00233709617845,nitrogen,held_out_location
Crawfordsville|4351|19|16,Crawfordsville,4351,19,16,PHK56 X LH82,60,2022-07-10,185.19,,0.0,1,0,92.00233709617845,nitrogen,held_out_location
Crawfordsville|4351|6|16,Crawfordsville,4351,6,16,PHK56 X LH82,60,2022-07-10,170.1,,0.0,1,0,92.00233709617845,nitrogen,held_out_location
Crawfordsville|4351|15|13,Crawfordsville,4351,15,13,PHK56 X PHJ89,60,2022-07-10,165.13,,0.0,1,0,92.00233709617845,nitrogen,held_out_location
Crawfordsville|4351|11|13,Crawfordsville,4351,11,13,PHK56 X PHJ89,60,2022-07-10,186.2,,0.0,1,0,92.00233709617845,nitrogen,held_out_location
Crawfordsville|4351|22|16,Crawfordsville,4351,22,16,PHK56 X W606S,60,2022-07-10,175.75,,0.0,1,0,92.00233709617845,nitrogen,held_out_location
Crawfordsville|4351|9|19,Crawfordsville,4351,9,19,PHK56 X W606S,60,2022-07-10,156.43,,0.0,1,0,92.00233709617845,nitrogen,held_out_location
Crawfordsville|4351|14|14,Crawfordsville,4351,14,14,PHK76 X 3IIH6,60,2022-07-10,154.43,,0.0,1,0,92.00233709617845,nitrogen,held_out_location
Crawfordsville|4351|3|18,Crawfordsville,4351,3,18,PHK76 X 3IIH6,60,2022-07-10,165.25,,0.0,1,0,92.00233709617845,nitrogen,held_out_location
Crawfordsville|4351|16|17,Crawfordsville,4351,16,17,PHK76 X LH145,60,2022-07-10,139.98,,0.0,1,0,92.00233709617845,nitrogen,held_out_location
Crawfordsville|4351|2|19,Crawfordsville,4351,2,19,PHK76 X LH145,60,2022-07-10,113.16,,0.0,1,0,92.00233709617845,nitrogen,held_out_location
Crawfordsville|4351|9|15,Crawfordsville,4351,9,15,PHK76 X LH198,60,2022-07-10,179.83,,0.0,1,0,92.00233709617845,nitrogen,held_out_location
Crawfordsville|4351|14|16,Crawfordsville,4351,14,16,PHK76 X LH198,60,2022-07-10,166.55,,0.0,1,0,92.00233709617845,nitrogen,held_out_location
Crawfordsville|4351|23|14,Crawfordsville,4351,23,14,PHK76 X LH82,60,2022-07-10,148.25,,0.0,1,0,92.00233709617845,nitrogen,held_out_location
Crawfordsville|4351|2|16,Crawfordsville,4351,2,16,PHK76 X LH82,60,2022-07-10,150.92,,0.0,1,0,92.00233709617845,nitrogen,held_out_location
Crawfordsville|4351|18|16,Crawfordsville,4351,18,16,PHK76 X W606S,60,2022-07-10,153.1,,0.0,1,0,92.00233709617845,nitrogen,held_out_location
Crawfordsville|4351|3|19,Crawfordsville,4351,3,19,PHK76 X W606S,60,2022-07-10,143.97,,0.0,1,0,92.00233709617845,nitrogen,held_out_location
Crawfordsville|4351|16|16,Crawfordsville,4351,16,16,PHN46 X PHB47,60,2022-07-10,170.03,,0.0,1,0,92.00233709617845,nitrogen,held_out_location
Crawfordsville|4351|9|18,Crawfordsville,4351,9,18,PHN46 X PHB47,60,2022-07-10,168.49,,0.0,1,0,92.00233709617845,nitrogen,held_out_location
Crawfordsville|4351|11|16,Crawfordsville,4351,11,16,PHN46 X PHK56,60,2022-07-10,195.96,,0.0,1,0,92.00233709617845,nitrogen,held_out_location
Crawfordsville|4351|23|17,Crawfordsville,4351,23,17,PHN46 X PHK56,60,2022-07-10,167.11,,0.0,1,0,92.00233709617845,nitrogen,held_out_location
Crawfordsville|4351|5|18,Crawfordsville,4351,5,18,PHN46 X W606S,60,2022-07-10,173.04,,0.0,1,0,92.00233709617845,nitrogen,held_out_location
Crawfordsville|4351|22|20,Crawfordsville,4351,22,20,PHN46 X W606S,60,2022-07-10,172.64,,0.0,1,0,92.00233709617845,nitrogen,held_out_location
Crawfordsville|4351|14|13,Crawfordsville,4351,14,13,PHP02 X LH145,60,2022-07-10,136.89,,0.0,1,0,92.00233709617845,nitrogen,held_out_location
Crawfordsville|4351|3|14,Crawfordsville,4351,3,14,PHP02 X LH145,60,2022-07-10,134.4,,0.0,1,0,92.00233709617845,nitrogen,held_out_location
Crawfordsville|4351|5|15,Crawfordsville,4351,5,15,PHP02 X LH185,60,2022-07-10,158.61,,0.0,1,0,92.00233709617845,nitrogen,held_out_location
Crawfordsville|4351|17|17,Crawfordsville,4351,17,17,PHP02 X LH185,60,2022-07-10,158.71,,0.0,1,0,92.00233709617845,nitrogen,held_out_location
Crawfordsville|4351|23|20,Crawfordsville,4351,23,20,PHP02 X LH198,60,2022-07-10,171.27,,0.0,1,0,92.00233709617845,nitrogen,held_out_location
Crawfordsville|4351|11|20,Crawfordsville,4351,11,20,PHP02 X LH198,60,2022-07-10,149.41,,0.0,1,0,92.00233709617845,nitrogen,held_out_location
Crawfordsville|4351|15|15,Crawfordsville,4351,15,15,PHP02 X LH82,60,2022-07-10,153.5,,0.0,1,0,92.00233709617845,nitrogen,held_out_location
Crawfordsville|4351|12|15,Crawfordsville,4351,12,15,PHP02 X LH82,60,2022-07-10,140.97,,0.0,1,0,92.00233709617845,nitrogen,held_out_location
Crawfordsville|4351|4|13,Crawfordsville,4351,4,13,PHP02 X PHB47,60,2022-07-10,157.41,,0.0,1,0,92.00233709617845,nitrogen,held_out_location
Crawfordsville|4351|16|15,Crawfordsville,4351,16,15,PHP02 X PHB47,60,2022-07-10,158.43,,0.0,1,0,92.00233709617845,nitrogen,held_out_location
Crawfordsville|4351|7|16,Crawfordsville,4351,7,16,PHP02 X PHG47,60,2022-07-10,178.07,,0.0,1,0,92.00233709617845,nitrogen,held_out_location
Crawfordsville|4351|21|17,Crawfordsville,4351,21,17,PHP02 X PHG47,60,2022-07-10,166.55,,0.0,1,0,92.00233709617845,nitrogen,held_out_location
Crawfordsville|4351|23|15,Crawfordsville,4351,23,15,PHP02 X PHJ89,60,2022-07-10,178.87,,0.0,1,0,92.00233709617845,nitrogen,held_out_location
Crawfordsville|4351|6|19,Crawfordsville,4351,6,19,PHP02 X PHJ89,60,2022-07-10,174.16,,0.0,1,0,92.00233709617845,nitrogen,held_out_location
Crawfordsville|4351|11|14,Crawfordsville,4351,11,14,PHP02 X PHK56,60,2022-07-10,180.9,,0.0,1,0,92.00233709617845,nitrogen,held_out_location
Crawfordsville|4351|18|17,Crawfordsville,4351,18,17,PHP02 X PHK56,60,2022-07-10,173.79,,0.0,1,0,92.00233709617845,nitrogen,held_out_location
Crawfordsville|4351|8|15,Crawfordsville,4351,8,15,PHP02 X PHK76,60,2022-07-10,151.06,,0.0,1,0,92.00233709617845,nitrogen,held_out_location
Crawfordsville|4351|20|17,Crawfordsville,4351,20,17,PHP02 X PHK76,60,2022-07-10,146.46,,0.0,1,0,92.00233709617845,nitrogen,held_out_location
Crawfordsville|4351|14|15,Crawfordsville,4351,14,15,PHP02 X PHN46,60,2022-07-10,154.26,,0.0,1,0,92.00233709617845,nitrogen,held_out_location
Crawfordsville|4351|8|17,Crawfordsville,4351,8,17,PHP02 X PHN46,60,2022-07-10,159.75,,0.0,1,0,92.00233709617845,nitrogen,held_out_location
Crawfordsville|4351|15|17,Crawfordsville,4351,15,17,PHP02 X W606S,60,2022-07-10,176.43,,0.0,1,0,92.00233709617845,nitrogen,held_out_location
Crawfordsville|4351|11|19,Crawfordsville,4351,11,19,PHP02 X W606S,60,2022-07-10,163.8,,0.0,1,0,92.00233709617845,nitrogen,held_out_location
Crawfordsville|4351|10|15,Crawfordsville,4351,10,15,PHT69 X 3IIH6,60,2022-07-10,168.98,,0.0,1,0,92.00233709617845,nitrogen,held_out_location
Crawfordsville|4351|15|20,Crawfordsville,4351,15,20,PHT69 X 3IIH6,60,2022-07-10,186.26,,0.0,1,0,92.00233709617845,nitrogen,held_out_location
Crawfordsville|4351|5|13,Crawfordsville,4351,5,13,PHW52 X LH185,60,2022-07-10,176.74,,0.0,1,0,92.00233709617845,nitrogen,held_out_location
Crawfordsville|4351|21|19,Crawfordsville,4351,21,19,PHW52 X LH185,60,2022-07-10,144.76,,0.0,1,0,92.00233709617845,nitrogen,held_out_location
Crawfordsville|4351|21|13,Crawfordsville,4351,21,13,PHW52 X PHM49,60,2022-07-10,185.97,,0.0,1,0,92.00233709617845,nitrogen,held_out_location
Crawfordsville|4351|8|18,Crawfordsville,4351,8,18,PHW52 X PHM49,60,2022-07-10,191.8,,0.0,1,0,92.00233709617845,nitrogen,held_out_location
Crawfordsville|4351|4|16,Crawfordsville,4351,4,16,PHW52 X PHN82,60,2022-07-10,187.1,,0.0,1,0,92.00233709617845,nitrogen,held_out_location
Crawfordsville|4351|15|18,Crawfordsville,4351,15,18,PHW52 X PHN82,60,2022-07-10,166.43,,0.0,1,0,92.00233709617845,nitrogen,held_out_location
Crawfordsville|4351|12|17,Crawfordsville,4351,12,17,PHW52 X PHZ51,60,2022-07-10,178.45,,0.0,1,0,92.00233709617845,nitrogen,held_out_location
Crawfordsville|4351|14|20,Crawfordsville,4351,14,20,PHW52 X PHZ51,60,2022-07-10,168.1,,0.0,1,0,92.00233709617845,nitrogen,held_out_location
Crawfordsville|4351|13|19,Crawfordsville,4351,13,19,PHZ51 X LH145,60,2022-07-10,93.85,,0.0,1,0,92.00233709617845,nitrogen,held_out_location
Crawfordsville|4351|4|20,Crawfordsville,4351,4,20,PHZ51 X LH145,60,2022-07-10,130.76,,0.0,1,0,92.00233709617845,nitrogen,held_out_location
Crawfordsville|4351|23|13,Crawfordsville,4351,23,13,PIONEER 1311 AMXT,60,2022-07-10,188.5,,0.0,1,0,92.00233709617845,nitrogen,held_out_location
Crawfordsville|4351|2|20,Crawfordsville,4351,2,20,PIONEER 1311 AMXT,60,2022-07-10,219.67,,0.0,1,0,92.00233709617845,nitrogen,held_out_location
Crawfordsville|4351|21|16,Crawfordsville,4351,21,16,PIONEER P0589 AMXT,60,2022-07-10,217.34,,0.0,1,0,92.00233709617845,nitrogen,held_out_location
Crawfordsville|4351|7|20,Crawfordsville,4351,7,20,PIONEER P0589 AMXT,60,2022-07-10,188.59,,0.0,1,0,92.00233709617845,nitrogen,held_out_location
Crawfordsville|4351|12|13,Crawfordsville,4351,12,13,SYNGENTA NK0760-3111,60,2022-07-10,213.04,,0.0,1,0,92.00233709617845,nitrogen,held_out_location
Crawfordsville|4351|13|17,Crawfordsville,4351,13,17,SYNGENTA NK0760-3111,60,2022-07-10,186.59,,0.0,1,0,92.00233709617845,nitrogen,held_out_location
Crawfordsville|4351|20|20,Crawfordsville,4351,20,20,WF9 X H95,60,2022-07-10,136.8,,0.0,1,0,92.00233709617845,nitrogen,held_out_location
Crawfordsville|4351|12|20,Crawfordsville,4351,12,20,WF9 X H95,60,2022-07-10,118.67,,0.0,1,0,92.00233709617845,nitrogen,held_out_location
Lincoln|hybrids|2|19,Lincoln,hybrids,2,19,2369 X 3IIH6,60,2022-07-21,27.55,,3.0,1,0,141.2458098266078,nitrogen,held_out_location
Lincoln|hybrids|13|26,Lincoln,hybrids,13,26,2369 X 3IIH6,60,2022-07-21,21.87,,3.0,1,0,141.2458098266078,nitrogen,held_out_location
Lincoln|hybrids|13|18,Lincoln,hybrids,13,18,2369 X LH123HT,60,2022-07-21,6.04,,3.0,1,0,141.2458098266078,nitrogen,held_out_location
Lincoln|hybrids|7|20,Lincoln,hybrids,7,20,2369 X LH123HT,60,2022-07-21,6.67,,3.0,1,0,141.2458098266078,nitrogen,held_out_location
Lincoln|hybrids|8|15,Lincoln,hybrids,8,15,2369 X PHN82,60,2022-07-21,91.51,,3.0,1,0,141.2458098266078,nitrogen,held_out_location
Lincoln|hybrids|9|23,Lincoln,hybrids,9,23,2369 X PHN82,60,2022-07-21,52.02,,3.0,1,0,141.2458098266078,nitrogen,held_out_location
Lincoln|hybrids|6|20,Lincoln,hybrids,6,20,2369 X PHP02,60,2022-07-21,50.11,,3.0,1,0,141.2458098266078,nitrogen,held_out_location
Lincoln|hybrids|14|24,Lincoln,hybrids,14,24,2369 X PHP02,60,2022-07-21,35.54,,3.0,1,0,141.2458098266078,nitrogen,held_out_location
Lincoln|hybrids|3|15,Lincoln,hybrids,3,15,2369 X PHZ51,60,2022-07-21,47.01,,3.0,1,0,141.2458098266078,nitrogen,held_out_location
Lincoln|hybrids|12|21,Lincoln,hybrids,12,21,2369 X PHZ51,60,2022-07-21,42.9,,3.0,1,0,141.2458098266078,nitrogen,held_out_location
Lincoln|hybrids|9|15,Lincoln,hybrids,9,15,2FACC X 3IIH6,60,2022-07-21,121.12,,3.0,1,0,141.2458098266078,nitrogen,held_out_location
Lincoln|hybrids|3|21,Lincoln,hybrids,3,21,2FACC X 3IIH6,60,2022-07-21,11.74,,3.0,1,0,141.2458098266078,nitrogen,held_out_location
Lincoln|hybrids|15|16,Lincoln,hybrids,15,16,4N506 X 3IIH6,60,2022-07-21,18.1,,3.0,1,0,141.2458098266078,nitrogen,held_out_location
Lincoln|hybrids|7|24,Lincoln,hybrids,7,24,4N506 X 3IIH6,60,2022-07-21,13.01,,3.0,1,0,141.2458098266078,nitrogen,held_out_location
Lincoln|hybrids|13|16,Lincoln,hybrids,13,16,B105 X 3IIH6,60,2022-07-21,14.59,,3.0,1,0,141.2458098266078,nitrogen,held_out_location
Lincoln|hybrids|4|24,Lincoln,hybrids,4,24,B105 X 3IIH6,60,2022-07-21,29.14,,3.0,1,0,141.2458098266078,nitrogen,held_out_location
Lincoln|hybrids|10|20,Lincoln,hybrids,10,20,B14A X MO17,60,2022-07-21,52.14,,3.0,1,0,141.2458098266078,nitrogen,held_out_location
Lincoln|hybrids|4|22,Lincoln,hybrids,4,22,B14A X MO17,60,2022-07-21,31.99,,3.0,1,0,141.2458098266078,nitrogen,held_out_location
Lincoln|hybrids|3|17,Lincoln,hybrids,3,17,B37 X H95,60,2022-07-21,18.98,,3.0,1,0,141.2458098266078,nitrogen,held_out_location
Lincoln|hybrids|13|24,Lincoln,hybrids,13,24,B37 X H95,60,2022-07-21,20.71,,3.0,1,0,141.2458098266078,nitrogen,held_out_location
Lincoln|hybrids|10|17,Lincoln,hybrids,10,17,B37 X MO17,60,2022-07-21,28.73,,3.0,1,0,141.2458098266078,nitrogen,held_out_location
Lincoln|hybrids|5|22,Lincoln,hybrids,5,22,B37 X MO17,60,2022-07-21,31.85,,3.0,1,0,141.2458098266078,nitrogen,held_out_location
Lincoln|hybrids|11|16,Lincoln,hybrids,11,16,B37 X OH43,60,2022-07-21,52.9,,3.0,1,0,141.2458098266078,nitrogen,held_out_location
Lincoln|hybrids|7|23,Lincoln,hybrids,7,23,B37 X OH43,60,2022-07-21,25.03,,3.0,1,0,141.2458098266078,nitrogen,held_out_location
Lincoln|hybrids|6|22,Lincoln,hybrids,6,22,B73 X 3IIH6,60,2022-07-21,6.91,,3.0,1,0,141.2458098266078,nitrogen,held_out_location
Lincoln|hybrids|13|23,Lincoln,hybrids,13,23,B73 X 3IIH6,60,2022-07-21,7.36,,3.0,1,0,141.2458098266078,nitrogen,held_out_location
Lincoln|hybrids|11|21,Lincoln,hybrids,11,21,B73 X MO17,60,2022-07-21,28.23,,3.0,1,0,141.2458098266078,nitrogen,held_out_location
Lincoln|hybrids|7|25,Lincoln,hybrids,7,25,B73 X MO17,60,2022-07-21,24.09,,3.0,1,0,141.2458098266078,nitrogen,held_out_location
Lincoln|hybrids|4|21,Lincoln,hybrids,4,21,B73 X PHM49,60,2022-07-21,19.5,,3.0,1,0,141.2458098266078,nitrogen,held_out_location
Lincoln|hybrids|12|23,Lincoln,hybrids,12,23,B73 X PHM49,60,2022-07-21,22.35,,3.0,1,0,141.2458098266078,nitrogen,held_out_location
Lincoln|hybrids|8|20,Lincoln,hybrids,8,20,B73 X PHN82,60,2022-07-21,41.8,,3.0,1,0,141.2458098266078,nitrogen,held_out_location
Lincoln|hybrids|14|21,Lincoln,hybrids,14,21,B73 X PHN82,60,2022-07-21,20.29,,3.0,1,0,141.2458098266078,nitrogen,held_out_location
Lincoln|hybrids|6|21,Lincoln,hybrids,6,21,B73 X PHZ51,60,2022-07-21,32.75,,3.0,1,0,141.2458098266078,nitrogen,held_out_location
Lincoln|hybrids|10|25,Lincoln,hybrids,10,25,B73 X PHZ51,60,2022-07-21,39.63,,3.0,1,0,141.2458098266078,nitrogen,held_out_location
Lincoln|hybrids|12|16,Lincoln,hybrids,12,16,B84 X 3IIH6,60,2022-07-21,77.69,,3.0,1,0,141.2458098266078,nitrogen,held_out_location
Lincoln|hybrids|6|23,Lincoln,hybrids,6,23,B84 X 3IIH6,60,2022-07-21,20.34,,3.0,1,0,141.2458098266078,nitrogen,held_out_location
Lincoln|hybrids|4|19,Lincoln,hybrids,4,19,F42 X MO17,60,2022-07-21,27.18,,3.0,1,0,141.2458098266078,nitrogen,held_out_location
Lincoln|hybrids|15|24,Lincoln,hybrids,15,24,F42 X MO17,60,2022-07-21,54.04,,3.0,1,0,141.2458098266078,nitrogen,held_out_location
Lincoln|hybrids|14|17,Lincoln,hybrids,14,17,F42 X OH43,60,2022-07-21,84.74,,3.0,1,0,141.2458098266078,nitrogen,held_out_location
Lincoln|hybrids|5|23,Lincoln,hybrids,5,23,F42 X OH43,60,2022-07-21,52.51,,3.0,1,0,141.2458098266078,nitrogen,held_out_location
Lincoln|hybrids|15|15,Lincoln,hybrids,15,15,HOEGEMEYER 7089 AMXT,60,2022-07-21,114.39,,3.0,1,0,141.2458098266078,nitrogen,held_out_location
Lincoln|hybrids|5|16,Lincoln,hybrids,5,16,HOEGEMEYER 7089 AMXT,60,2022-07-21,126.8,,3.0,1,0,141.2458098266078,nitrogen,held_out_location
Lincoln|hybrids|5|17,Lincoln,hybrids,5,17,HOEGEMEYER 8065RR,60,2022-07-21,89.02,,3.0,1,0,141.2458098266078,nitrogen,held_out_location
Lincoln|hybrids|14|25,Lincoln,hybrids,14,25,HOEGEMEYER 8065RR,60,2022-07-21,71.95,,3.0,1,0,141.2458098266078,nitrogen,held_out_location
Lincoln|hybrids|15|21,Lincoln,hybrids,15,21,LH123HT X 3IIH6,60,2022-07-21,3.16,,3.0,1,0,141.2458098266078,nitrogen,held_out_location
Lincoln|hybrids|2|22,Lincoln,hybrids,2,22,LH123HT X 3IIH6,60,2022-07-21,5.63,,3.0,1,0,141.2458098266078,nitrogen,held_out_location
Lincoln|hybrids|12|19,Lincoln,hybrids,12,19,LH123HT X PHB47,60,2022-07-21,7.68,,3.0,1,0,141.2458098266078,nitrogen,held_out_location
Lincoln|hybrids|6|25,Lincoln,hybrids,6,25,LH123HT X PHB47,60,2022-07-21,6.53,,3.0,1,0,141.2458098266078,nitrogen,held_out_location
Lincoln|hybrids|13|19,Lincoln,hybrids,13,19,LH145 X LH162,60,2022-07-21,43.54,,3.0,1,0,141.2458098266078,nitrogen,held_out_location
Lincoln|hybrids|2|25,Lincoln,hybrids,2,25,LH145 X LH162,60,2022-07-21,12.1,,3.0,1,0,141.2458098266078,nitrogen,held_out_location
Lincoln|hybrids|11|17,Lincoln,hybrids,11,17,LH185 X LH145,60,2022-07-21,66.1,,3.0,1,0,141.2458098266078,nitrogen,held_out_location
Lincoln|hybrids|8|17,Lincoln,hybrids,8,17,LH185 X LH82,60,2022-07-21,74.51,,3.0,1,0,141.2458098266078,nitrogen,held_out_location
Lincoln|hybrids|12|18,Lincoln,hybrids,12,18,LH185 X LH82,60,2022-07-21,9.93,,3.0,1,0,141.2458098266078,nitrogen,held_out_location
Lincoln|hybrids|15|20,Lincoln,hybrids,15,20,LH185 X W606S,60,2022-07-21,22.0,,3.0,1,0,141.2458098266078,nitrogen,held_out_location
Lincoln|hybrids|6|15,Lincoln,hybrids,6,15,LH195 X 3IIH6,60,2022-07-21,22.2,,3.0,1,0,141.2458098266078,nitrogen,held_out_location
Lincoln|hybrids|11|25,Lincoln,hybrids,11,25,LH195 X 3IIH6,60,2022-07-21,21.06,,3.0,1,0,141.2458098266078,nitrogen,held_out_location
Lincoln|hybrids|15|22,Lincoln,hybrids,15,22,LH195 X LH123HT,60,2022-07-21,10.89,,3.0,1,0,141.2458098266078,nitrogen,held_out_location
Lincoln|hybrids|5|26,Lincoln,hybrids,5,26,LH195 X LH123HT,60,2022-07-21,3.08,,3.0,1,0,141.2458098266078,nitrogen,held_out_location
Lincoln|hybrids|7|22,Lincoln,hybrids,7,22,LH195 X LH185,60,2022-07-21,42.46,,3.0,1,0,141.2458098266078,nitrogen,held_out_location
Lincoln|hybrids|14|26,Lincoln,hybrids,14,26,LH195 X LH185,60,2022-07-21,60.92,,3.0,1,0,141.2458098266078,nitrogen,held_out_location
Lincoln|hybrids|5|18,Lincoln,hybrids,5,18,LH195 X PHM49,60,2022-07-21,44.79,,3.0,1,0,141.2458098266078,nitrogen,held_out_location
Lincoln|hybrids|9|20,Lincoln,hybrids,9,20,LH195 X PHM49,60,2022-07-21,29.48,,3.0,1,0,141.2458098266078,nitrogen,held_out_location
Lincoln|hybrids|6|16,Lincoln,hybrids,6,16,LH195 X PHZ51,60,2022-07-21,36.15,,3.0,1,0,141.2458098266078,nitrogen,held_out_location
Lincoln|hybrids|15|25,Lincoln,hybrids,15,25,LH195 X PHZ51,60,2022-07-21,54.71,,3.0,1,0,141.2458098266078,nitrogen,held_out_location
Lincoln|hybrids|14|20,Lincoln,hybrids,14,20,LH198 X PHB47,60,2022-07-21,12.22,,3.0,1,0,141.2458098266078,nitrogen,held_out_location
Lincoln|hybrids|4|23,Lincoln,hybrids,4,23,LH198 X PHB47,60,2022-07-21,51.99,,3.0,1,0,141.2458098266078,nitrogen,held_out_location
Lincoln|hybrids|10|18,Lincoln,hybrids,10,18,LH198 X PHZ51,60,2022-07-21,59.0,,3.0,1,0,141.2458098266078,nitrogen,held_out_location
Lincoln|hybrids|2|21,Lincoln,hybrids,2,21,LH198 X PHZ51,60,2022-07-21,32.51,,3.0,1,0,141.2458098266078,nitrogen,held_out_location
Lincoln|hybrids|11|22,Lincoln,hybrids,11,22,LH74 X PHM49,60,2022-07-21,31.78,,3.0,1,0,141.2458098266078,nitrogen,held_out_location
Lincoln|hybrids|4|26,Lincoln,hybrids,4,26,LH74 X PHM49,60,2022-07-21,33.64,,3.0,1,0,141.2458098266078,nitrogen,held_out_location
Lincoln|hybrids|4|18,Lincoln,hybrids,4,18,LH74 X PHN82,60,2022-07-21,44.45,,3.0,1,0,141.2458098266078,nitrogen,held_out_location
Lincoln|hybrids|14|19,Lincoln,hybrids,14,19,LH74 X PHN82,60,2022-07-21,42.16,,3.0,1,0,141.2458098266078,nitrogen,held_out_location
Lincoln|hybrids|13|22,Lincoln,hybrids,13,22,LH82 X PHB47,60,2022-07-21,39.86,,3.0,1,0,141.2458098266078,nitrogen,held_out_location
Lincoln|hybrids|2|26,Lincoln,hybrids,2,26,LH82 X PHB47,60,2022-07-21,7.9,,3.0,1,0,141.2458098266078,nitrogen,held_out_location
Lincoln|hybrids|5|21,Lincoln,hybrids,5,21,LH82 X PHJ89,60,2022-07-21,62.83,,3.0,1,0,141.2458098266078,nitrogen,held_out_location
Lincoln|hybrids|14|22,Lincoln,hybrids,14,22,LH82 X PHJ89,60,2022-07-21,61.01,,3.0,1,0,141.2458098266078,nitrogen,held_out_location
Lincoln|hybrids|11|15,Lincoln,hybrids,11,15,LH82 X W606S,60,2022-07-21,76.42,,3.0,1,0,141.2458098266078,nitrogen,held_out_location
Lincoln|hybrids|7|17,Lincoln,hybrids,7,17,LH82 X W606S,60,2022-07-21,86.01,,3.0,1,0,141.2458098266078,nitrogen,held_out_location
Lincoln|hybrids|12|17,Lincoln,hybrids,12,17,N209 X 3IIH6,60,2022-07-21,62.37,,3.0,1,0,141.2458098266078,nitrogen,held_out_location
Lincoln|hybrids|6|19,Lincoln,hybrids,6,19,N209 X 3IIH6,60,2022-07-21,47.27,,3.0,1,0,141.2458098266078,nitrogen,held_out_location
Lincoln|hybrids|2|20,Lincoln,hybrids,2,20,PHB47 X 3IIH6,60,2022-07-21,11.6,,3.0,1,0,141.2458098266078,nitrogen,held_out_location
Lincoln|hybrids|10|23,Lincoln,hybrids,10,23,PHB47 X 3IIH6,60,2022-07-21,11.15,,3.0,1,0,141.2458098266078,nitrogen,held_out_location
Lincoln|hybrids|4|15,Lincoln,hybrids,4,15,PHB47 X LH185,60,2022-07-21,45.58,,3.0,1,0,141.2458098266078,nitrogen,held_out_location
Lincoln|hybrids|10|22,Lincoln,hybrids,10,22,PHB47 X LH185,60,2022-07-21,48.6,,3.0,1,0,141.2458098266078,nitrogen,held_out_location
Lincoln|hybrids|12|26,Lincoln,hybrids,12,26,PHB47 X PHJ89,60,2022-07-21,23.68,,3.0,1,0,141.2458098266078,nitrogen,held_out_location
Lincoln|hybrids|4|16,Lincoln,hybrids,4,16,PHB47 X PHK56,60,2022-07-21,66.69,,3.0,1,0,141.2458098266078,nitrogen,held_out_location
Lincoln|hybrids|15|17,Lincoln,hybrids,15,17,PHB47 X PHK56,60,2022-07-21,38.01,,3.0,1,0,141.2458098266078,nitrogen,held_out_location
Lincoln|hybrids|5|19,Lincoln,hybrids,5,19,PHG39 X PHM49,60,2022-07-21,57.43,,3.0,1,0,141.2458098266078,nitrogen,held_out_location
Lincoln|hybrids|11|26,Lincoln,hybrids,11,26,PHG39 X PHM49,60,2022-07-21,20.36,,3.0,1,0,141.2458098266078,nitrogen,held_out_location
Lincoln|hybrids|15|19,Lincoln,hybrids,15,19,PHG39 X PHN82,60,2022-07-21,60.89,,3.0,1,0,141.2458098266078,nitrogen,held_out_location
Lincoln|hybrids|8|19,Lincoln,hybrids,8,19,PHJ40 X LH82,60,2022-07-21,95.41,,3.0,1,0,141.2458098266078,nitrogen,held_out_location
Lincoln|hybrids|13|21,Lincoln,hybrids,13,21,PHJ40 X LH82,60,2022-07-21,69.26,,3.0,1,0,141.2458098266078,nitrogen,held_out_location
Lincoln|hybrids|11|19,Lincoln,hybrids,11,19,PHK56 X 3IIH6,60,2022-07-21,27.25,,3.0,1,0,141.2458098266078,nitrogen,held_out_location
Lincoln|hybrids|3|26,Lincoln,hybrids,3,26,PHK56 X 3IIH6,60,2022-07-21,18.35,,3.0,1,0,141.2458098266078,nitrogen,held_out_location
Lincoln|hybrids|15|18,Lincoln,hybrids,15,18,PHK56 X LH145,60,2022-07-21,31.14,,3.0,1,0,141.2458098266078,nitrogen,held_out_location
Lincoln|hybrids|11|18,Lincoln,hybrids,11,18,PHK56 X LH185,60,2022-07-21,26.48,,3.0,1,0,141.2458098266078,nitrogen,held_out_location
Lincoln|hybrids|7|26,Lincoln,hybrids,7,26,PHK56 X LH185,60,2022-07-21,7.57,,3.0,1,0,141.2458098266078,nitrogen,held_out_location
Lincoln|hybrids|8|16,Lincoln,hybrids,8,16,PHK56 X LH198,60,2022-07-21,57.37,,3.0,1,0,141.2458098266078,nitrogen,held_out_location
Lincoln|hybrids|9|22,Lincoln,hybrids,9,22,PHK56 X LH198,60,2022-07-21,50.83,,3.0,1,0,141.2458098266078,nitrogen,held_out_location
Lincoln|hybrids|4|17,Lincoln,hybrids,4,17,PHK56 X LH82,60,2022-07-21,58.95,,3.0,1,0,141.2458098266078,nitrogen,held_out_location
Lincoln|hybrids|8|26,Lincoln,hybrids,8,26,PHK56 X LH82,60,2022-07-21,53.91,,3.0,1,0,141.2458098266078,nitrogen,held_out_location
Lincoln|hybrids|8|21,Lincoln,hybrids,8,21,PHK56 X PHJ89,60,2022-07-21,20.78,,3.0,1,0,141.2458098266078,nitrogen,held_out_location
Lincoln|hybrids|12|24,Lincoln,hybrids,12,24,PHK56 X PHJ89,60,2022-07-21,28.47,,3.0,1,0,141.2458098266078,nitrogen,held_out_location
Lincoln|hybrids|6|24,Lincoln,hybrids,6,24,PHK56 X W606S,60,2022-07-21,22.41,,3.0,1,0,141.2458098266078,nitrogen,held_out_location
Lincoln|hybrids|11|24,Lincoln,hybrids,11,24,PHK56 X W606S,60,2022-07-21,30.75,,3.0,1,0,141.2458098266078,nitrogen,held_out_location
Lincoln|hybrids|3|19,Lincoln,hybrids,3,19,PHK76 X 3IIH6,60,2022-07-21,15.93,,3.0,1,0,141.2458098266078,nitrogen,held_out_location
Lincoln|hybrids|13|20,Lincoln,hybrids,13,20,PHK76 X 3IIH6,60,2022-07-21,21.32,,3.0,1,0,141.2458098266078,nitrogen,held_out_location
Lincoln|hybrids|8|18,Lincoln,hybrids,8,18,PHK76 X LH145,60,2022-07-21,70.75,,3.0,1,0,141.2458098266078,nitrogen,held_out_location
Lincoln|hybrids|9|21,Lincoln,hybrids,9,21,PHK76 X LH145,60,2022-07-21,59.54,,3.0,1,0,141.2458098266078,nitrogen,held_out_location
Lincoln|hybrids|5|15,Lincoln,hybrids,5,15,PHK76 X LH198,60,2022-07-21,60.09,,3.0,1,0,141.2458098266078,nitrogen,held_out_location
Lincoln|hybrids|12|25,Lincoln,hybrids,12,25,PHK76 X LH198,60,2022-07-21,21.01,,3.0,1,0,141.2458098266078,nitrogen,held_out_location
Lincoln|hybrids|14|15,Lincoln,hybrids,14,15,PHK76 X LH82,60,2022-07-21,61.05,,3.0,1,0,141.2458098266078,nitrogen,held_out_location
Lincoln|hybrids|6|26,Lincoln,hybrids,6,26,PHK76 X LH82,60,2022-07-21,12.38,,3.0,1,0,141.2458098266078,nitrogen,held_out_location
Lincoln|hybrids|2|23,Lincoln,hybrids,2,23,PHK76 X W606S,60,2022-07-21,25.85,,3.0,1,0,141.2458098266078,nitrogen,held_out_location
Lincoln|hybrids|14|23,Lincoln,hybrids,14,23,PHK76 X W606S,60,2022-07-21,74.14,,3.0,1,0,141.2458098266078,nitrogen,held_out_location
Lincoln|hybrids|4|20,Lincoln,hybrids,4,20,PHN46 X PHB47,60,2022-07-21,39.22,,3.0,1,0,141.2458098266078,nitrogen,held_out_location
Lincoln|hybrids|15|26,Lincoln,hybrids,15,26,PHN46 X PHB47,60,2022-07-21,34.62,,3.0,1,0,141.2458098266078,nitrogen,held_out_location
Lincoln|hybrids|2|17,Lincoln,hybrids,2,17,PHN46 X PHK56,60,2022-07-21,29.92,,3.0,1,0,141.2458098266078,nitrogen,held_out_location
Lincoln|hybrids|9|19,Lincoln,hybrids,9,19,PHN46 X PHK56,60,2022-07-21,57.23,,3.0,1,0,141.2458098266078,nitrogen,held_out_location
Lincoln|hybrids|12|20,Lincoln,hybrids,12,20,PHN46 X W606S,60,2022-07-21,21.29,,3.0,1,0,141.2458098266078,nitrogen,held_out_location
Lincoln|hybrids|5|25,Lincoln,hybrids,5,25,PHN46 X W606S,60,2022-07-21,30.78,,3.0,1,0,141.2458098266078,nitrogen,held_out_location
Lincoln|hybrids|13|17,Lincoln,hybrids,13,17,PHP02 X LH145,60,2022-07-21,58.1,,3.0,1,0,141.2458098266078,nitrogen,held_out_location
Lincoln|hybrids|2|24,Lincoln,hybrids,2,24,PHP02 X LH145,60,2022-07-21,33.58,,3.0,1,0,141.2458098266078,nitrogen,held_out_location
Lincoln|hybrids|9|16,Lincoln,hybrids,9,16,PHP02 X LH185,60,2022-07-21,56.79,,3.0,1,0,141.2458098266078,nitrogen,held_out_location
Lincoln|hybrids|7|19,Lincoln,hybrids,7,19,PHP02 X LH185,60,2022-07-21,37.04,,3.0,1,0,141.2458098266078,nitrogen,held_out_location
Lincoln|hybrids|12|15,Lincoln,hybrids,12,15,PHP02 X LH198,60,2022-07-21,10.15,,3.0,1,0,141.2458098266078,nitrogen,held_out_location
Lincoln|hybrids|7|21,Lincoln,hybrids,7,21,PHP02 X LH198,60,2022-07-21,40.09,,3.0,1,0,141.2458098266078,nitrogen,held_out_location
Lincoln|hybrids|13|15,Lincoln,hybrids,13,15,PHP02 X LH82,60,2022-07-21,45.05,,3.0,1,0,141.2458098266078,nitrogen,held_out_location
Lincoln|hybrids|3|25,Lincoln,hybrids,3,25,PHP02 X LH82,60,2022-07-21,26.54,,3.0,1,0,141.2458098266078,nitrogen,held_out_location
Lincoln|hybrids|9|17,Lincoln,hybrids,9,17,PHP02 X PHB47,60,2022-07-21,27.92,,3.0,1,0,141.2458098266078,nitrogen,held_out_location
Lincoln|hybrids|3|22,Lincoln,hybrids,3,22,PHP02 X PHB47,60,2022-07-21,17.34,,3.0,1,0,141.2458098266078,nitrogen,held_out_location
Lincoln|hybrids|7|16,Lincoln,hybrids,7,16,PHP02 X PHG47,60,2022-07-21,57.0,,3.0,1,0,141.2458098266078,nitrogen,held_out_location
Lincoln|hybrids|9|24,Lincoln,hybrids,9,24,PHP02 X PHG47,60,2022-07-21,38.94,,3.0,1,0,141.2458098266078,nitrogen,held_out_location
Lincoln|hybrids|3|23,Lincoln,hybrids,3,23,PHP02 X PHJ89,60,2022-07-21,56.15,,3.0,1,0,141.2458098266078,nitrogen,held_out_location
Lincoln|hybrids|10|26,Lincoln,hybrids,10,26,PHP02 X PHJ89,60,2022-07-21,43.42,,3.0,1,0,141.2458098266078,nitrogen,held_out_location
Lincoln|hybrids|3|16,Lincoln,hybrids,3,16,PHP02 X PHK56,60,2022-07-21,34.89,,3.0,1,0,141.2458098266078,nitrogen,held_out_location
Lincoln|hybrids|10|16,Lincoln,hybrids,10,16,PHP02 X PHK56,60,2022-07-21,35.9,,3.0,1,0,141.2458098266078,nitrogen,held_out_location
Lincoln|hybrids|15|23,Lincoln,hybrids,15,23,PHP02 X PHK76,60,2022-07-21,38.66,,3.0,1,0,141.2458098266078,nitrogen,held_out_location
Lincoln|hybrids|5|24,Lincoln,hybrids,5,24,PHP02 X PHK76,60,2022-07-21,46.99,,3.0,1,0,141.2458098266078,nitrogen,held_out_location
Lincoln|hybrids|2|16,Lincoln,hybrids,2,16,PHP02 X PHN46,60,2022-07-21,66.73,,3.0,1,0,141.2458098266078,nitrogen,held_out_location
Lincoln|hybrids|9|18,Lincoln,hybrids,9,18,PHP02 X PHN46,60,2022-07-21,25.96,,3.0,1,0,141.2458098266078,nitrogen,held_out_location
Lincoln|hybrids|5|20,Lincoln,hybrids,5,20,PHP02 X W606S,60,2022-07-21,59.49,,3.0,1,0,141.2458098266078,nitrogen,held_out_location
Lincoln|hybrids|13|25,Lincoln,hybrids,13,25,PHP02 X W606S,60,2022-07-21,35.66,,3.0,1,0,141.2458098266078,nitrogen,held_out_location
Lincoln|hybrids|3|20,Lincoln,hybrids,3,20,PHT69 X 3IIH6,60,2022-07-21,39.54,,3.0,1,0,141.2458098266078,nitrogen,held_out_location
Lincoln|hybrids|9|25,Lincoln,hybrids,9,25,PHT69 X 3IIH6,60,2022-07-21,44.55,,3.0,1,0,141.2458098266078,nitrogen,held_out_location
Lincoln|hybrids|2|18,Lincoln,hybrids,2,18,PHW52 X LH185,60,2022-07-21,29.77,,3.0,1,0,141.2458098266078,nitrogen,held_out_location
Lincoln|hybrids|11|23,Lincoln,hybrids,11,23,PHW52 X LH185,60,2022-07-21,32.79,,3.0,1,0,141.2458098266078,nitrogen,held_out_location
Lincoln|hybrids|2|15,Lincoln,hybrids,2,15,PHW52 X PHM49,60,2022-07-21,77.44,,3.0,1,0,141.2458098266078,nitrogen,held_out_location
Lincoln|hybrids|9|26,Lincoln,hybrids,9,26,PHW52 X PHM49,60,2022-07-21,45.43,,3.0,1,0,141.2458098266078,nitrogen,held_out_location
Lincoln|hybrids|7|18,Lincoln,hybrids,7,18,PHW52 X PHN82,60,2022-07-21,129.79,,3.0,1,0,141.2458098266078,nitrogen,held_out_location
Lincoln|hybrids|10|21,Lincoln,hybrids,10,21,PHW52 X PHN82,60,2022-07-21,66.04,,3.0,1,0,141.2458098266078,nitrogen,held_out_location
Lincoln|hybrids|10|15,Lincoln,hybrids,10,15,PHW52 X PHZ51,60,2022-07-21,69.07,,3.0,1,0,141.2458098266078,nitrogen,held_out_location
Lincoln|hybrids|6|17,Lincoln,hybrids,6,17,PHW52 X PHZ51,60,2022-07-21,57.55,,3.0,1,0,141.2458098266078,nitrogen,held_out_location
Lincoln|hybrids|3|18,Lincoln,hybrids,3,18,PHZ51 X LH145,60,2022-07-21,37.31,,3.0,1,0,141.2458098266078,nitrogen,held_out_location
Lincoln|hybrids|14|18,Lincoln,hybrids,14,18,PHZ51 X LH145,60,2022-07-21,58.38,,3.0,1,0,141.2458098266078,nitrogen,held_out_location
Lincoln|hybrids|10|24,Lincoln,hybrids,10,24,PIONEER 1311 AMXT,60,2022-07-21,34.23,,3.0,1,0,141.2458098266078,nitrogen,held_out_location
Lincoln|hybrids|4|25,Lincoln,hybrids,4,25,PIONEER 1311 AMXT,60,2022-07-21,47.78,,3.0,1,0,141.2458098266078,nitrogen,held_out_location
Lincoln|hybrids|10|19,Lincoln,hybrids,10,19,PIONEER P0589 AMXT,60,2022-07-21,112.43,,3.0,1,0,141.2458098266078,nitrogen,held_out_location
Lincoln|hybrids|3|24,Lincoln,hybrids,3,24,PIONEER P0589 AMXT,60,2022-07-21,92.63,,3.0,1,0,141.2458098266078,nitrogen,held_out_location
Lincoln|hybrids|7|15,Lincoln,hybrids,7,15,SYNGENTA NK0760-3111,60,2022-07-21,99.9,,3.0,1,0,141.2458098266078,nitrogen,held_out_location
Lincoln|hybrids|14|16,Lincoln,hybrids,14,16,SYNGENTA NK0760-3111,60,2022-07-21,118.89,,3.0,1,0,141.2458098266078,nitrogen,held_out_location
Lincoln|hybrids|8|22,Lincoln,hybrids,8,22,SYNGENTA NK0760-3111,60,2022-07-21,89.93,,3.0,1,0,141.2458098266078,nitrogen,held_out_location
Lincoln|hybrids|12|22,Lincoln,hybrids,12,22,SYNGENTA NK0760-3111,60,2022-07-21,44.88,,3.0,1,0,141.2458098266078,nitrogen,held_out_location
Lincoln|hybrids|8|23,Lincoln,hybrids,8,23,SYNGENTA NK0760-3111,60,2022-07-21,43.09,,3.0,1,0,141.2458098266078,nitrogen,held_out_location
Lincoln|hybrids|8|24,Lincoln,hybrids,8,24,SYNGENTA NK0760-3111,60,2022-07-21,86.26,,3.0,1,0,141.2458098266078,nitrogen,held_out_location
Lincoln|hybrids|8|25,Lincoln,hybrids,8,25,SYNGENTA NK0760-3111,60,2022-07-21,71.29,,3.0,1,0,141.2458098266078,nitrogen,held_out_location
Lincoln|hybrids|6|18,Lincoln,hybrids,6,18,WF9 X H95,60,2022-07-21,24.13,,3.0,1,0,141.2458098266078,nitrogen,held_out_location
Lincoln|hybrids|11|20,Lincoln,hybrids,11,20,WF9 X H95,60,2022-07-21,20.81,,3.0,1,0,141.2458098266078,nitrogen,held_out_location
Lincoln|hybrids|5|5,Lincoln,hybrids,5,5,2369 X 3IIH6,60,2022-07-21,44.76,,3.0,1,0,148.65614254894794,nitrogen,held_out_location
Lincoln|hybrids|8|13,Lincoln,hybrids,8,13,2369 X 3IIH6,60,2022-07-21,64.3,,3.0,1,0,148.65614254894794,nitrogen,held_out_location
Lincoln|hybrids|10|7,Lincoln,hybrids,10,7,2369 X LH123HT,60,2022-07-21,10.57,,3.0,1,0,148.65614254894794,nitrogen,held_out_location
Lincoln|hybrids|6|8,Lincoln,hybrids,6,8,2369 X LH123HT,60,2022-07-21,19.0,,3.0,1,0,148.65614254894794,nitrogen,held_out_location
Lincoln|hybrids|4|8,Lincoln,hybrids,4,8,2369 X PHN82,60,2022-07-21,42.26,,3.0,1,0,148.65614254894794,nitrogen,held_out_location
Lincoln|hybrids|13|9,Lincoln,hybrids,13,9,2369 X PHN82,60,2022-07-21,71.11,,3.0,1,0,148.65614254894794,nitrogen,held_out_location
Lincoln|hybrids|2|8,Lincoln,hybrids,2,8,2369 X PHP02,60,2022-07-21,58.99,,3.0,1,0,148.65614254894794,nitrogen,held_out_location
Lincoln|hybrids|11|8,Lincoln,hybrids,11,8,2369 X PHP02,60,2022-07-21,39.9,,3.0,1,0,148.65614254894794,nitrogen,held_out_location
Lincoln|hybrids|4|7,Lincoln,hybrids,4,7,2369 X PHZ51,60,2022-07-21,81.65,,3.0,1,0,148.65614254894794,nitrogen,held_out_location
Lincoln|hybrids|15|13,Lincoln,hybrids,15,13,2369 X PHZ51,60,2022-07-21,85.52,,3.0,1,0,148.65614254894794,nitrogen,held_out_location
Lincoln|hybrids|7|2,Lincoln,hybrids,7,2,2FACC X 3IIH6,60,2022-07-21,32.33,,3.0,1,0,148.65614254894794,nitrogen,held_out_location
Lincoln|hybrids|11|4,Lincoln,hybrids,11,4,2FACC X 3IIH6,60,2022-07-21,9.3,,3.0,1,0,148.65614254894794,nitrogen,held_out_location
Lincoln|hybrids|14|10,Lincoln,hybrids,14,10,4N506 X 3IIH6,60,2022-07-21,51.1,,3.0,1,0,148.65614254894794,nitrogen,held_out_location
Lincoln|hybrids|4|11,Lincoln,hybrids,4,11,4N506 X 3IIH6,60,2022-07-21,32.48,,3.0,1,0,148.65614254894794,nitrogen,held_out_location
Lincoln|hybrids|15|4,Lincoln,hybrids,15,4,B105 X 3IIH6,60,2022-07-21,56.7,,3.0,1,0,148.65614254894794,nitrogen,held_out_location
Lincoln|hybrids|5|8,Lincoln,hybrids,5,8,B105 X 3IIH6,60,2022-07-21,23.5,,3.0,1,0,148.65614254894794,nitrogen,held_out_location
Lincoln|hybrids|4|6,Lincoln,hybrids,4,6,B14A X MO17,60,2022-07-21,66.25,,3.0,1,0,148.65614254894794,nitrogen,held_out_location
Lincoln|hybrids|14|6,Lincoln,hybrids,14,6,B14A X MO17,60,2022-07-21,52.53,,3.0,1,0,148.65614254894794,nitrogen,held_out_location
Lincoln|hybrids|2|6,Lincoln,hybrids,2,6,B37 X H95,60,2022-07-21,41.75,,3.0,1,0,148.65614254894794,nitrogen,held_out_location
Lincoln|hybrids|10|8,Lincoln,hybrids,10,8,B37 X H95,60,2022-07-21,8.33,,3.0,1,0,148.65614254894794,nitrogen,held_out_location
Lincoln|hybrids|9|7,Lincoln,hybrids,9,7,B37 X MO17,60,2022-07-21,33.51,,3.0,1,0,148.65614254894794,nitrogen,held_out_location
Lincoln|hybrids|6|9,Lincoln,hybrids,6,9,B37 X MO17,60,2022-07-21,37.78,,3.0,1,0,148.65614254894794,nitrogen,held_out_location
Lincoln|hybrids|2|3,Lincoln,hybrids,2,3,B37 X OH43,60,2022-07-21,33.14,,3.0,1,0,148.65614254894794,nitrogen,held_out_location
Lincoln|hybrids|12|12,Lincoln,hybrids,12,12,B37 X OH43,60,2022-07-21,35.5,,3.0,1,0,148.65614254894794,nitrogen,held_out_location
Lincoln|hybrids|4|10,Lincoln,hybrids,4,10,B73 X 3IIH6,60,2022-07-21,25.97,,3.0,1,0,148.65614254894794,nitrogen,held_out_location
Lincoln|hybrids|12|11,Lincoln,hybrids,12,11,B73 X 3IIH6,60,2022-07-21,34.18,,3.0,1,0,148.65614254894794,nitrogen,held_out_location
Lincoln|hybrids|2|5,Lincoln,hybrids,2,5,B73 X MO17,60,2022-07-21,52.33,,3.0,1,0,148.65614254894794,nitrogen,held_out_location
Lincoln|hybrids|15|9,Lincoln,hybrids,15,9,B73 X MO17,60,2022-07-21,65.73,,3.0,1,0,148.65614254894794,nitrogen,held_out_location
Lincoln|hybrids|5|9,Lincoln,hybrids,5,9,B73 X PHM49,60,2022-07-21,45.52,,3.0,1,0,148.65614254894794,nitrogen,held_out_location
Lincoln|hybrids|11|11,Lincoln,hybrids,11,11,B73 X PHM49,60,2022-07-21,14.9,,3.0,1,0,148.65614254894794,nitrogen,held_out_location
Lincoln|hybrids|3|4,Lincoln,hybrids,3,4,B73 X PHN82,60,2022-07-21,23.06,,3.0,1,0,148.65614254894794,nitrogen,held_out_location
Lincoln|hybrids|14|8,Lincoln,hybrids,14,8,B73 X PHN82,60,2022-07-21,65.99,,3.0,1,0,148.65614254894794,nitrogen,held_out_location
Lincoln|hybrids|4|5,Lincoln,hybrids,4,5,B73 X PHZ51,60,2022-07-21,45.65,,3.0,1,0,148.65614254894794,nitrogen,held_out_location
Lincoln|hybrids|12|5,Lincoln,hybrids,12,5,B73 X PHZ51,60,2022-07-21,61.23,,3.0,1,0,148.65614254894794,nitrogen,held_out_location
Lincoln|hybrids|10|4,Lincoln,hybrids,10,4,B84 X 3IIH6,60,2022-07-21,24.04,,3.0,1,0,148.65614254894794,nitrogen,held_out_location
Lincoln|hybrids|3|10,Lincoln,hybrids,3,10,B84 X 3IIH6,60,2022-07-21,29.12,,3.0,1,0,148.65614254894794,nitrogen,held_out_location
Lincoln|hybrids|8|5,Lincoln,hybrids,8,5,F42 X MO17,60,2022-07-21,52.26,,3.0,1,0,148.65614254894794,nitrogen,held_out_location
Lincoln|hybrids|11|12,Lincoln,hybrids,11,12,F42 X MO17,60,2022-07-21,44.83,,3.0,1,0,148.65614254894794,nitrogen,held_out_location
Lincoln|hybrids|5|11,Lincoln,hybrids,5,11,F42 X OH43,60,2022-07-21,55.23,,3.0,1,0,148.65614254894794,nitrogen,held_out_location
Lincoln|hybrids|10|12,Lincoln,hybrids,10,12,F42 X OH43,60,2022-07-21,43.87,,3.0,1,0,148.65614254894794,nitrogen,held_out_location
Lincoln|hybrids|10|2,Lincoln,hybrids,10,2,HOEGEMEYER 7089 AMXT,60,2022-07-21,102.31,,3.0,1,0,148.65614254894794,nitrogen,held_out_location
Lincoln|hybrids|5|10,Lincoln,hybrids,5,10,HOEGEMEYER 7089 AMXT,60,2022-07-21,87.25,,3.0,1,0,148.65614254894794,nitrogen,held_out_location
Lincoln|hybrids|8|4,Lincoln,hybrids,8,4,HOEGEMEYER 8065RR,60,2022-07-21,96.27,,3.0,1,0,148.65614254894794,nitrogen,held_out_location
Lincoln|hybrids|9|11,Lincoln,hybrids,9,11,HOEGEMEYER 8065RR,60,2022-07-21,82.66,,3.0,1,0,148.65614254894794,nitrogen,held_out_location
Lincoln|hybrids|7|9,Lincoln,hybrids,7,9,LH123HT X 3IIH6,60,2022-07-21,13.33,,3.0,1,0,148.65614254894794,nitrogen,held_out_location
Lincoln|hybrids|12|10,Lincoln,hybrids,12,10,LH123HT X 3IIH6,60,2022-07-21,20.99,,3.0,1,0,148.65614254894794,nitrogen,held_out_location
Lincoln|hybrids|11|6,Lincoln,hybrids,11,6,LH123HT X PHB47,60,2022-07-21,12.52,,3.0,1,0,148.65614254894794,nitrogen,held_out_location
Lincoln|hybrids|4|13,Lincoln,hybrids,4,13,LH123HT X PHB47,60,2022-07-21,19.61,,3.0,1,0,148.65614254894794,nitrogen,held_out_location
Lincoln|hybrids|12|6,Lincoln,hybrids,12,6,LH145 X LH162,60,2022-07-21,59.79,,3.0,1,0,148.65614254894794,nitrogen,held_out_location
Lincoln|hybrids|3|9,Lincoln,hybrids,3,9,LH145 X LH162,60,2022-07-21,60.57,,3.0,1,0,148.65614254894794,nitrogen,held_out_location
Lincoln|hybrids|15|8,Lincoln,hybrids,15,8,LH185 X LH145,60,2022-07-21,80.45,,3.0,1,0,148.65614254894794,nitrogen,held_out_location
Lincoln|hybrids|4|12,Lincoln,hybrids,4,12,LH185 X LH82,60,2022-07-21,57.35,,3.0,1,0,148.65614254894794,nitrogen,held_out_location
Lincoln|hybrids|9|13,Lincoln,hybrids,9,13,LH185 X LH82,60,2022-07-21,78.63,,3.0,1,0,148.65614254894794,nitrogen,held_out_location
Lincoln|hybrids|13|11,Lincoln,hybrids,13,11,LH185 X W606S,60,2022-07-21,59.17,,3.0,1,0,148.65614254894794,nitrogen,held_out_location
Lincoln|hybrids|5|6,Lincoln,hybrids,5,6,LH195 X 3IIH6,60,2022-07-21,19.72,,3.0,1,0,148.65614254894794,nitrogen,held_out_location
Lincoln|hybrids|12|7,Lincoln,hybrids,12,7,LH195 X 3IIH6,60,2022-07-21,49.27,,3.0,1,0,148.65614254894794,nitrogen,held_out_location
Lincoln|hybrids|11|5,Lincoln,hybrids,11,5,LH195 X LH123HT,60,2022-07-21,11.36,,3.0,1,0,148.65614254894794,nitrogen,held_out_location
Lincoln|hybrids|7|7,Lincoln,hybrids,7,7,LH195 X LH123HT,60,2022-07-21,12.24,,3.0,1,0,148.65614254894794,nitrogen,held_out_location
Lincoln|hybrids|11|2,Lincoln,hybrids,11,2,LH195 X LH185,60,2022-07-21,51.16,,3.0,1,0,148.65614254894794,nitrogen,held_out_location
Lincoln|hybrids|2|10,Lincoln,hybrids,2,10,LH195 X LH185,60,2022-07-21,70.35,,3.0,1,0,148.65614254894794,nitrogen,held_out_location
Lincoln|hybrids|9|8,Lincoln,hybrids,9,8,LH195 X PHM49,60,2022-07-21,42.95,,3.0,1,0,148.65614254894794,nitrogen,held_out_location
Lincoln|hybrids|6|11,Lincoln,hybrids,6,11,LH195 X PHM49,60,2022-07-21,23.59,,3.0,1,0,148.65614254894794,nitrogen,held_out_location
Lincoln|hybrids|5|12,Lincoln,hybrids,5,12,LH195 X PHZ51,60,2022-07-21,65.22,,3.0,1,0,148.65614254894794,nitrogen,held_out_location
Lincoln|hybrids|13|13,Lincoln,hybrids,13,13,LH195 X PHZ51,60,2022-07-21,50.12,,3.0,1,0,148.65614254894794,nitrogen,held_out_location
Lincoln|hybrids|13|5,Lincoln,hybrids,13,5,LH198 X PHB47,60,2022-07-21,51.92,,3.0,1,0,148.65614254894794,nitrogen,held_out_location
Lincoln|hybrids|2|13,Lincoln,hybrids,2,13,LH198 X PHB47,60,2022-07-21,54.25,,3.0,1,0,148.65614254894794,nitrogen,held_out_location
Lincoln|hybrids|11|10,Lincoln,hybrids,11,10,LH198 X PHZ51,60,2022-07-21,53.92,,3.0,1,0,148.65614254894794,nitrogen,held_out_location
Lincoln|hybrids|2|12,Lincoln,hybrids,2,12,LH198 X PHZ51,60,2022-07-21,57.27,,3.0,1,0,148.65614254894794,nitrogen,held_out_location
Lincoln|hybrids|7|6,Lincoln,hybrids,7,6,LH74 X PHM49,60,2022-07-21,23.71,,3.0,1,0,148.65614254894794,nitrogen,held_out_location
Lincoln|hybrids|14|9,Lincoln,hybrids,14,9,LH74 X PHM49,60,2022-07-21,48.83,,3.0,1,0,148.65614254894794,nitrogen,held_out_location
Lincoln|hybrids|3|3,Lincoln,hybrids,3,3,LH74 X PHN82,60,2022-07-21,45.02,,3.0,1,0,148.65614254894794,nitrogen,held_out_location
Lincoln|hybrids|10|6,Lincoln,hybrids,10,6,LH74 X PHN82,60,2022-07-21,71.69,,3.0,1,0,148.65614254894794,nitrogen,held_out_location
Lincoln|hybrids|2|7,Lincoln,hybrids,2,7,LH82 X PHB47,60,2022-07-21,49.76,,3.0,1,0,148.65614254894794,nitrogen,held_out_location
Lincoln|hybrids|11|9,Lincoln,hybrids,11,9,LH82 X PHB47,60,2022-07-21,15.35,,3.0,1,0,148.65614254894794,nitrogen,held_out_location
Lincoln|hybrids|9|9,Lincoln,hybrids,9,9,LH82 X PHJ89,60,2022-07-21,73.82,,3.0,1,0,148.65614254894794,nitrogen,held_out_location
Lincoln|hybrids|6|12,Lincoln,hybrids,6,12,LH82 X PHJ89,60,2022-07-21,58.92,,3.0,1,0,148.65614254894794,nitrogen,held_out_location
Lincoln|hybrids|11|7,Lincoln,hybrids,11,7,LH82 X W606S,60,2022-07-21,75.92,,3.0,1,0,148.65614254894794,nitrogen,held_out_location
Lincoln|hybrids|2|11,Lincoln,hybrids,2,11,LH82 X W606S,60,2022-07-21,70.22,,3.0,1,0,148.65614254894794,nitrogen,held_out_location
Lincoln|hybrids|15|2,Lincoln,hybrids,15,2,N209 X 3IIH6,60,2022-07-21,59.66,,3.0,1,0,148.65614254894794,nitrogen,held_out_location
Lincoln|hybrids|3|8,Lincoln,hybrids,3,8,N209 X 3IIH6,60,2022-07-21,66.54,,3.0,1,0,148.65614254894794,nitrogen,held_out_location
Lincoln|hybrids|3|5,Lincoln,hybrids,3,5,PHB47 X 3IIH6,60,2022-07-21,8.4,,3.0,1,0,148.65614254894794,nitrogen,held_out_location
Lincoln|hybrids|10|10,Lincoln,hybrids,10,10,PHB47 X 3IIH6,60,2022-07-21,27.16,,3.0,1,0,148.65614254894794,nitrogen,held_out_location
Lincoln|hybrids|7|8,Lincoln,hybrids,7,8,PHB47 X LH185,60,2022-07-21,36.83,,3.0,1,0,148.65614254894794,nitrogen,held_out_location
Lincoln|hybrids|10|9,Lincoln,hybrids,10,9,PHB47 X LH185,60,2022-07-21,35.64,,3.0,1,0,148.65614254894794,nitrogen,held_out_location
Lincoln|hybrids|14|3,Lincoln,hybrids,14,3,PHB47 X PHJ89,60,2022-07-21,67.54,,3.0,1,0,148.65614254894794,nitrogen,held_out_location
Lincoln|hybrids|9|4,Lincoln,hybrids,9,4,PHB47 X PHK56,60,2022-07-21,60.2,,3.0,1,0,148.65614254894794,nitrogen,held_out_location
Lincoln|hybrids|6|7,Lincoln,hybrids,6,7,PHB47 X PHK56,60,2022-07-21,64.34,,3.0,1,0,148.65614254894794,nitrogen,held_out_location
Lincoln|hybrids|6|5,Lincoln,hybrids,6,5,PHG39 X PHM49,60,2022-07-21,66.13,,3.0,1,0,148.65614254894794,nitrogen,held_out_location
Lincoln|hybrids|14|11,Lincoln,hybrids,14,11,PHG39 X PHM49,60,2022-07-21,72.57,,3.0,1,0,148.65614254894794,nitrogen,held_out_location
Lincoln|hybrids|13|10,Lincoln,hybrids,13,10,PHG39 X PHN82,60,2022-07-21,81.93,,3.0,1,0,148.65614254894794,nitrogen,held_out_location
Lincoln|hybrids|5|2,Lincoln,hybrids,5,2,PHJ40 X LH82,60,2022-07-21,77.88,,3.0,1,0,148.65614254894794,nitrogen,held_out_location
Lincoln|hybrids|10|13,Lincoln,hybrids,10,13,PHJ40 X LH82,60,2022-07-21,78.16,,3.0,1,0,148.65614254894794,nitrogen,held_out_location
Lincoln|hybrids|7|4,Lincoln,hybrids,7,4,PHK56 X 3IIH6,60,2022-07-21,31.92,,3.0,1,0,148.65614254894794,nitrogen,held_out_location
Lincoln|hybrids|10|5,Lincoln,hybrids,10,5,PHK56 X 3IIH6,60,2022-07-21,32.22,,3.0,1,0,148.65614254894794,nitrogen,held_out_location
Lincoln|hybrids|14|2,Lincoln,hybrids,14,2,PHK56 X LH145,60,2022-07-21,18.63,,3.0,1,0,148.65614254894794,nitrogen,held_out_location
Lincoln|hybrids|12|4,Lincoln,hybrids,12,4,PHK56 X LH185,60,2022-07-21,48.57,,3.0,1,0,148.65614254894794,nitrogen,held_out_location
Lincoln|hybrids|8|7,Lincoln,hybrids,8,7,PHK56 X LH185,60,2022-07-21,35.95,,3.0,1,0,148.65614254894794,nitrogen,held_out_location
Lincoln|hybrids|9|10,Lincoln,hybrids,9,10,PHK56 X LH198,60,2022-07-21,70.62,,3.0,1,0,148.65614254894794,nitrogen,held_out_location
Lincoln|hybrids|5|13,Lincoln,hybrids,5,13,PHK56 X LH198,60,2022-07-21,62.08,,3.0,1,0,148.65614254894794,nitrogen,held_out_location
Lincoln|hybrids|14|5,Lincoln,hybrids,14,5,PHK56 X LH82,60,2022-07-21,90.95,,3.0,1,0,148.65614254894794,nitrogen,held_out_location
Lincoln|hybrids|3|11,Lincoln,hybrids,3,11,PHK56 X LH82,60,2022-07-21,52.14,,3.0,1,0,148.65614254894794,nitrogen,held_out_location
Lincoln|hybrids|4|2,Lincoln,hybrids,4,2,PHK56 X PHJ89,60,2022-07-21,34.32,,3.0,1,0,148.65614254894794,nitrogen,held_out_location
Lincoln|hybrids|13|12,Lincoln,hybrids,13,12,PHK56 X PHJ89,60,2022-07-21,44.33,,3.0,1,0,148.65614254894794,nitrogen,held_out_location
Lincoln|hybrids|3|2,Lincoln,hybrids,3,2,PHK56 X W606S,60,2022-07-21,62.19,,3.0,1,0,148.65614254894794,nitrogen,held_out_location
Lincoln|hybrids|15|3,Lincoln,hybrids,15,3,PHK56 X W606S,60,2022-07-21,39.25,,3.0,1,0,148.65614254894794,nitrogen,held_out_location
Lincoln|hybrids|5|3,Lincoln,hybrids,5,3,PHK76 X 3IIH6,60,2022-07-21,39.22,,3.0,1,0,148.65614254894794,nitrogen,held_out_location
Lincoln|hybrids|15|12,Lincoln,hybrids,15,12,PHK76 X 3IIH6,60,2022-07-21,51.43,,3.0,1,0,148.65614254894794,nitrogen,held_out_location
Lincoln|hybrids|12|2,Lincoln,hybrids,12,2,PHK76 X LH145,60,2022-07-21,47.28,,3.0,1,0,148.65614254894794,nitrogen,held_out_location
Lincoln|hybrids|6|4,Lincoln,hybrids,6,4,PHK76 X LH145,60,2022-07-21,64.62,,3.0,1,0,148.65614254894794,nitrogen,held_out_location
Lincoln|hybrids|7|3,Lincoln,hybrids,7,3,PHK76 X LH198,60,2022-07-21,54.66,,3.0,1,0,148.65614254894794,nitrogen,held_out_location
Lincoln|hybrids|14|13,Lincoln,hybrids,14,13,PHK76 X LH198,60,2022-07-21,57.47,,3.0,1,0,148.65614254894794,nitrogen,held_out_location
Lincoln|hybrids|13|2,Lincoln,hybrids,13,2,PHK76 X LH82,60,2022-07-21,63.25,,3.0,1,0,148.65614254894794,nitrogen,held_out_location
Lincoln|hybrids|2|4,Lincoln,hybrids,2,4,PHK76 X LH82,60,2022-07-21,65.77,,3.0,1,0,148.65614254894794,nitrogen,held_out_location
Lincoln|hybrids|9|6,Lincoln,hybrids,9,6,PHK76 X W606S,60,2022-07-21,69.43,,3.0,1,0,148.65614254894794,nitrogen,held_out_location
Lincoln|hybrids|4|9,Lincoln,hybrids,4,9,PHK76 X W606S,60,2022-07-21,59.86,,3.0,1,0,148.65614254894794,nitrogen,held_out_location
Lincoln|hybrids|13|3,Lincoln,hybrids,13,3,PHN46 X PHB47,60,2022-07-21,48.49,,3.0,1,0,148.65614254894794,nitrogen,held_out_location
Lincoln|hybrids|3|13,Lincoln,hybrids,3,13,PHN46 X PHB47,60,2022-07-21,36.04,,3.0,1,0,148.65614254894794,nitrogen,held_out_location
Lincoln|hybrids|3|12,Lincoln,hybrids,3,12,PHN46 X PHK56,60,2022-07-21,22.88,,3.0,1,0,148.65614254894794,nitrogen,held_out_location
Lincoln|hybrids|14|12,Lincoln,hybrids,14,12,PHN46 X PHK56,60,2022-07-21,38.11,,3.0,1,0,148.65614254894794,nitrogen,held_out_location
Lincoln|hybrids|2|2,Lincoln,hybrids,2,2,PHN46 X W606S,60,2022-07-21,51.57,,3.0,1,0,148.65614254894794,nitrogen,held_out_location
Lincoln|hybrids|15|10,Lincoln,hybrids,15,10,PHN46 X W606S,60,2022-07-21,88.49,,3.0,1,0,148.65614254894794,nitrogen,held_out_location
Lincoln|hybrids|15|6,Lincoln,hybrids,15,6,PHP02 X LH145,60,2022-07-21,55.15,,3.0,1,0,148.65614254894794,nitrogen,held_out_location
Lincoln|hybrids|8|8,Lincoln,hybrids,8,8,PHP02 X LH145,60,2022-07-21,44.64,,3.0,1,0,148.65614254894794,nitrogen,held_out_location
Lincoln|hybrids|6|3,Lincoln,hybrids,6,3,PHP02 X LH185,60,2022-07-21,35.14,,3.0,1,0,148.65614254894794,nitrogen,held_out_location
Lincoln|hybrids|11|3,Lincoln,hybrids,11,3,PHP02 X LH185,60,2022-07-21,41.94,,3.0,1,0,148.65614254894794,nitrogen,held_out_location
Lincoln|hybrids|5|7,Lincoln,hybrids,5,7,PHP02 X LH198,60,2022-07-21,43.07,,3.0,1,0,148.65614254894794,nitrogen,held_out_location
Lincoln|hybrids|15|11,Lincoln,hybrids,15,11,PHP02 X LH198,60,2022-07-21,75.86,,3.0,1,0,148.65614254894794,nitrogen,held_out_location
Lincoln|hybrids|12|8,Lincoln,hybrids,12,8,PHP02 X LH82,60,2022-07-21,68.22,,3.0,1,0,148.65614254894794,nitrogen,held_out_location
Lincoln|hybrids|7|10,Lincoln,hybrids,7,10,PHP02 X LH82,60,2022-07-21,47.79,,3.0,1,0,148.65614254894794,nitrogen,held_out_location
Lincoln|hybrids|10|11,Lincoln,hybrids,10,11,PHP02 X PHB47,60,2022-07-21,29.65,,3.0,1,0,148.65614254894794,nitrogen,held_out_location
Lincoln|hybrids|7|12,Lincoln,hybrids,7,12,PHP02 X PHB47,60,2022-07-21,37.47,,3.0,1,0,148.65614254894794,nitrogen,held_out_location
Lincoln|hybrids|3|6,Lincoln,hybrids,3,6,PHP02 X PHG47,60,2022-07-21,63.74,,3.0,1,0,148.65614254894794,nitrogen,held_out_location
Lincoln|hybrids|13|7,Lincoln,hybrids,13,7,PHP02 X PHG47,60,2022-07-21,56.97,,3.0,1,0,148.65614254894794,nitrogen,held_out_location
Lincoln|hybrids|6|6,Lincoln,hybrids,6,6,PHP02 X PHJ89,60,2022-07-21,65.04,,3.0,1,0,148.65614254894794,nitrogen,held_out_location
Lincoln|hybrids|13|6,Lincoln,hybrids,13,6,PHP02 X PHJ89,60,2022-07-21,67.54,,3.0,1,0,148.65614254894794,nitrogen,held_out_location
Lincoln|hybrids|9|5,Lincoln,hybrids,9,5,PHP02 X PHK56,60,2022-07-21,81.1,,3.0,1,0,148.65614254894794,nitrogen,held_out_location
Lincoln|hybrids|3|7,Lincoln,hybrids,3,7,PHP02 X PHK56,60,2022-07-21,50.24,,3.0,1,0,148.65614254894794,nitrogen,held_out_location
Lincoln|hybrids|6|2,Lincoln,hybrids,6,2,PHP02 X PHK76,60,2022-07-21,38.89,,3.0,1,0,148.65614254894794,nitrogen,held_out_location
Lincoln|hybrids|10|3,Lincoln,hybrids,10,3,PHP02 X PHK76,60,2022-07-21,75.29,,3.0,1,0,148.65614254894794,nitrogen,held_out_location
Lincoln|hybrids|4|4,Lincoln,hybrids,4,4,PHP02 X PHN46,60,2022-07-21,54.73,,3.0,1,0,148.65614254894794,nitrogen,held_out_location
Lincoln|hybrids|9|12,Lincoln,hybrids,9,12,PHP02 X PHN46,60,2022-07-21,50.02,,3.0,1,0,148.65614254894794,nitrogen,held_out_location
Lincoln|hybrids|15|7,Lincoln,hybrids,15,7,PHP02 X W606S,60,2022-07-21,73.55,,3.0,1,0,148.65614254894794,nitrogen,held_out_location
Lincoln|hybrids|6|13,Lincoln,hybrids,6,13,PHP02 X W606S,60,2022-07-21,35.03,,3.0,1,0,148.65614254894794,nitrogen,held_out_location
Lincoln|hybrids|4|3,Lincoln,hybrids,4,3,PHT69 X 3IIH6,60,2022-07-21,74.58,,3.0,1,0,148.65614254894794,nitrogen,held_out_location
Lincoln|hybrids|13|4,Lincoln,hybrids,13,4,PHT69 X 3IIH6,60,2022-07-21,49.55,,3.0,1,0,148.65614254894794,nitrogen,held_out_location
Lincoln|hybrids|7|11,Lincoln,hybrids,7,11,PHW52 X LH185,60,2022-07-21,49.67,,3.0,1,0,148.65614254894794,nitrogen,held_out_location
Lincoln|hybrids|12|13,Lincoln,hybrids,12,13,PHW52 X LH185,60,2022-07-21,144.93,,3.0,1,0,148.65614254894794,nitrogen,held_out_location
Lincoln|hybrids|14|4,Lincoln,hybrids,14,4,PHW52 X PHM49,60,2022-07-21,74.11,,3.0,1,0,148.65614254894794,nitrogen,held_out_location
Lincoln|hybrids|2|9,Lincoln,hybrids,2,9,PHW52 X PHM49,60,2022-07-21,62.27,,3.0,1,0,148.65614254894794,nitrogen,held_out_location
Lincoln|hybrids|9|2,Lincoln,hybrids,9,2,PHW52 X PHN82,60,2022-07-21,63.26,,3.0,1,0,148.65614254894794,nitrogen,held_out_location
Lincoln|hybrids|8|3,Lincoln,hybrids,8,3,PHW52 X PHN82,60,2022-07-21,70.15,,3.0,1,0,148.65614254894794,nitrogen,held_out_location
Lincoln|hybrids|12|3,Lincoln,hybrids,12,3,PHW52 X PHZ51,60,2022-07-21,56.72,,3.0,1,0,148.65614254894794,nitrogen,held_out_location
Lincoln|hybrids|6|10,Lincoln,hybrids,6,10,PHW52 X PHZ51,60,2022-07-21,38.31,,3.0,1,0,148.65614254894794,nitrogen,held_out_location
Lincoln|hybrids|8|6,Lincoln,hybrids,8,6,PHZ51 X LH145,60,2022-07-21,40.14,,3.0,1,0,148.65614254894794,nitrogen,held_out_location
Lincoln|hybrids|13|8,Lincoln,hybrids,13,8,PHZ51 X LH145,60,2022-07-21,80.08,,3.0,1,0,148.65614254894794,nitrogen,held_out_location
Lincoln|hybrids|5|4,Lincoln,hybrids,5,4,PIONEER 1311 AMXT,60,2022-07-21,74.22,,3.0,1,0,148.65614254894794,nitrogen,held_out_location
Lincoln|hybrids|15|5,Lincoln,hybrids,15,5,PIONEER 1311 AMXT,60,2022-07-21,80.45,,3.0,1,0,148.65614254894794,nitrogen,held_out_location
Lincoln|hybrids|8|2,Lincoln,hybrids,8,2,PIONEER P0589 AMXT,60,2022-07-21,98.82,,3.0,1,0,148.65614254894794,nitrogen,held_out_location
Lincoln|hybrids|9|3,Lincoln,hybrids,9,3,PIONEER P0589 AMXT,60,2022-07-21,106.87,,3.0,1,0,148.65614254894794,nitrogen,held_out_location
Lincoln|hybrids|14|7,Lincoln,hybrids,14,7,SYNGENTA NK0760-3111,60,2022-07-21,74.89,,3.0,1,0,148.65614254894794,nitrogen,held_out_location
Lincoln|hybrids|8|9,Lincoln,hybrids,8,9,SYNGENTA NK0760-3111,60,2022-07-21,80.36,,3.0,1,0,148.65614254894794,nitrogen,held_out_location
Lincoln|hybrids|12|9,Lincoln,hybrids,12,9,SYNGENTA NK0760-3111,60,2022-07-21,60.02,,3.0,1,0,148.65614254894794,nitrogen,held_out_location
Lincoln|hybrids|8|10,Lincoln,hybrids,8,10,SYNGENTA NK0760-3111,60,2022-07-21,50.72,,3.0,1,0,148.65614254894794,nitrogen,held_out_location
Lincoln|hybrids|8|11,Lincoln,hybrids,8,11,SYNGENTA NK0760-3111,60,2022-07-21,105.55,,3.0,1,0,148.65614254894794,nitrogen,held_out_location
Lincoln|hybrids|8|12,Lincoln,hybrids,8,12,SYNGENTA NK0760-3111,60,2022-07-21,82.11,,3.0,1,0,148.65614254894794,nitrogen,held_out_location
Lincoln|hybrids|7|13,Lincoln,hybrids,7,13,SYNGENTA NK0760-3111,60,2022-07-21,88.29,,3.0,1,0,148.65614254894794,nitrogen,held_out_location
Lincoln|hybrids|7|5,Lincoln,hybrids,7,5,WF9 X H95,60,2022-07-21,31.01,,3.0,1,0,148.65614254894794,nitrogen,held_out_location
Lincoln|hybrids|11|13,Lincoln,hybrids,11,13,WF9 X H95,60,2022-07-21,33.22,,3.0,1,0,148.65614254894794,nitrogen,held_out_location
Lincoln|hybrids|6|28,Lincoln,hybrids,6,28,2369 X 3IIH6,60,2022-07-21,34.6,,3.0,1,0,161.86431704727875,nitrogen,held_out_location
Lincoln|hybrids|13|33,Lincoln,hybrids,13,33,2369 X 3IIH6,60,2022-07-21,8.98,,3.0,1,0,161.86431704727875,nitrogen,held_out_location
Lincoln|hybrids|8|29,Lincoln,hybrids,8,29,2369 X LH123HT,60,2022-07-21,11.6,,3.0,1,0,161.86431704727875,nitrogen,held_out_location
Lincoln|hybrids|9|31,Lincoln,hybrids,9,31,2369 X LH123HT,60,2022-07-21,4.02,,3.0,1,0,161.86431704727875,nitrogen,held_out_location
Lincoln|hybrids|5|30,Lincoln,hybrids,5,30,2369 X PHN82,60,2022-07-21,45.93,,3.0,1,0,161.86431704727875,nitrogen,held_out_location
Lincoln|hybrids|11|36,Lincoln,hybrids,11,36,2369 X PHN82,60,2022-07-21,21.43,,3.0,1,0,161.86431704727875,nitrogen,held_out_location
Lincoln|hybrids|2|35,Lincoln,hybrids,2,35,2369 X PHP02,60,2022-07-21,18.56,,3.0,1,0,161.86431704727875,nitrogen,held_out_location
Lincoln|hybrids|8|35,Lincoln,hybrids,8,35,2369 X PHP02,60,2022-07-21,26.27,,3.0,1,0,161.86431704727875,nitrogen,held_out_location
Lincoln|hybrids|4|31,Lincoln,hybrids,4,31,2369 X PHZ51,60,2022-07-21,22.82,,3.0,1,0,161.86431704727875,nitrogen,held_out_location
Lincoln|hybrids|11|31,Lincoln,hybrids,11,31,2369 X PHZ51,60,2022-07-21,22.78,,3.0,1,0,161.86431704727875,nitrogen,held_out_location
Lincoln|hybrids|13|31,Lincoln,hybrids,13,31,2FACC X 3IIH6,60,2022-07-21,18.47,,3.0,1,0,161.86431704727875,nitrogen,held_out_location
Lincoln|hybrids|4|36,Lincoln,hybrids,4,36,2FACC X 3IIH6,60,2022-07-21,14.1,,3.0,1,0,161.86431704727875,nitrogen,held_out_location
Lincoln|hybrids|3|32,Lincoln,hybrids,3,32,4N506 X 3IIH6,60,2022-07-21,14.01,,3.0,1,0,161.86431704727875,nitrogen,held_out_location
Lincoln|hybrids|13|35,Lincoln,hybrids,13,35,4N506 X 3IIH6,60,2022-07-21,8.97,,3.0,1,0,161.86431704727875,nitrogen,held_out_location
Lincoln|hybrids|6|31,Lincoln,hybrids,6,31,B105 X 3IIH6,60,2022-07-21,16.39,,3.0,1,0,161.86431704727875,nitrogen,held_out_location
Lincoln|hybrids|10|32,Lincoln,hybrids,10,32,B105 X 3IIH6,60,2022-07-21,14.48,,3.0,1,0,161.86431704727875,nitrogen,held_out_location
Lincoln|hybrids|6|33,Lincoln,hybrids,6,33,B14A X MO17,60,2022-07-21,25.52,,3.0,1,0,161.86431704727875,nitrogen,held_out_location
Lincoln|hybrids|13|36,Lincoln,hybrids,13,36,B14A X MO17,60,2022-07-21,31.52,,3.0,1,0,161.86431704727875,nitrogen,held_out_location
Lincoln|hybrids|3|36,Lincoln,hybrids,3,36,B37 X H95,60,2022-07-21,7.5,,3.0,1,0,161.86431704727875,nitrogen,held_out_location
Lincoln|hybrids|12|38,Lincoln,hybrids,12,38,B37 X H95,60,2022-07-21,7.61,,3.0,1,0,161.86431704727875,nitrogen,held_out_location
Lincoln|hybrids|7|35,Lincoln,hybrids,7,35,B37 X MO17,60,2022-07-21,15.62,,3.0,1,0,161.86431704727875,nitrogen,held_out_location
Lincoln|hybrids|14|36,Lincoln,hybrids,14,36,B37 X MO17,60,2022-07-21,15.4,,3.0,1,0,161.86431704727875,nitrogen,held_out_location
Lincoln|hybrids|5|35,Lincoln,hybrids,5,35,B37 X OH43,60,2022-07-21,12.65,,3.0,1,0,161.86431704727875,nitrogen,held_out_location
Lincoln|hybrids|12|37,Lincoln,hybrids,12,37,B37 X OH43,60,2022-07-21,4.9,,3.0,1,0,161.86431704727875,nitrogen,held_out_location
Lincoln|hybrids|8|34,Lincoln,hybrids,8,34,B73 X 3IIH6,60,2022-07-21,14.73,,3.0,1,0,161.86431704727875,nitrogen,held_out_location
Lincoln|hybrids|13|37,Lincoln,hybrids,13,37,B73 X 3IIH6,60,2022-07-21,8.06,,3.0,1,0,161.86431704727875,nitrogen,held_out_location
Lincoln|hybrids|11|33,Lincoln,hybrids,11,33,B73 X MO17,60,2022-07-21,10.03,,3.0,1,0,161.86431704727875,nitrogen,held_out_location
Lincoln|hybrids|7|36,Lincoln,hybrids,7,36,B73 X MO17,60,2022-07-21,19.47,,3.0,1,0,161.86431704727875,nitrogen,held_out_location
Lincoln|hybrids|8|32,Lincoln,hybrids,8,32,B73 X PHM49,60,2022-07-21,23.4,,3.0,1,0,161.86431704727875,nitrogen,held_out_location
Lincoln|hybrids|14|34,Lincoln,hybrids,14,34,B73 X PHM49,60,2022-07-21,4.51,,3.0,1,0,161.86431704727875,nitrogen,held_out_location
Lincoln|hybrids|5|28,Lincoln,hybrids,5,28,B73 X PHN82,60,2022-07-21,51.34,,3.0,1,0,161.86431704727875,nitrogen,held_out_location
Lincoln|hybrids|9|32,Lincoln,hybrids,9,32,B73 X PHN82,60,2022-07-21,45.14,,3.0,1,0,161.86431704727875,nitrogen,held_out_location
Lincoln|hybrids|5|29,Lincoln,hybrids,5,29,B73 X PHZ51,60,2022-07-21,47.99,,3.0,1,0,161.86431704727875,nitrogen,held_out_location
Lincoln|hybrids|13|34,Lincoln,hybrids,13,34,B73 X PHZ51,60,2022-07-21,17.0,,3.0,1,0,161.86431704727875,nitrogen,held_out_location
Lincoln|hybrids|7|32,Lincoln,hybrids,7,32,B84 X 3IIH6,60,2022-07-21,20.75,,3.0,1,0,161.86431704727875,nitrogen,held_out_location
Lincoln|hybrids|14|33,Lincoln,hybrids,14,33,B84 X 3IIH6,60,2022-07-21,8.94,,3.0,1,0,161.86431704727875,nitrogen,held_out_location
Lincoln|hybrids|10|31,Lincoln,hybrids,10,31,F42 X MO17,60,2022-07-21,19.84,,3.0,1,0,161.86431704727875,nitrogen,held_out_location
Lincoln|hybrids|3|33,Lincoln,hybrids,3,33,F42 X MO17,60,2022-07-21,5.75,,3.0,1,0,161.86431704727875,nitrogen,held_out_location
Lincoln|hybrids|7|31,Lincoln,hybrids,7,31,F42 X OH43,60,2022-07-21,23.48,,3.0,1,0,161.86431704727875,nitrogen,held_out_location
Lincoln|hybrids|10|38,Lincoln,hybrids,10,38,F42 X OH43,60,2022-07-21,14.98,,3.0,1,0,161.86431704727875,nitrogen,held_out_location
Lincoln|hybrids|13|29,Lincoln,hybrids,13,29,HOEGEMEYER 7089 AMXT,60,2022-07-21,81.56,,3.0,1,0,161.86431704727875,nitrogen,held_out_location
Lincoln|hybrids|2|37,Lincoln,hybrids,2,37,HOEGEMEYER 7089 AMXT,60,2022-07-21,70.22,,3.0,1,0,161.86431704727875,nitrogen,held_out_location
Lincoln|hybrids|9|28,Lincoln,hybrids,9,28,HOEGEMEYER 8065RR,60,2022-07-21,80.73,,3.0,1,0,161.86431704727875,nitrogen,held_out_location
Lincoln|hybrids|6|29,Lincoln,hybrids,6,29,HOEGEMEYER 8065RR,60,2022-07-21,53.76,,3.0,1,0,161.86431704727875,nitrogen,held_out_location
Lincoln|hybrids|8|31,Lincoln,hybrids,8,31,LH123HT X 3IIH6,60,2022-07-21,5.06,,3.0,1,0,161.86431704727875,nitrogen,held_out_location
Lincoln|hybrids|14|35,Lincoln,hybrids,14,35,LH123HT X 3IIH6,60,2022-07-21,1.78,,3.0,1,0,161.86431704727875,nitrogen,held_out_location
Lincoln|hybrids|3|35,Lincoln,hybrids,3,35,LH123HT X PHB47,60,2022-07-21,1.67,,3.0,1,0,161.86431704727875,nitrogen,held_out_location
Lincoln|hybrids|12|39,Lincoln,hybrids,12,39,LH123HT X PHB47,60,2022-07-21,7.58,,3.0,1,0,161.86431704727875,nitrogen,held_out_location
Lincoln|hybrids|2|28,Lincoln,hybrids,2,28,LH145 X LH162,60,2022-07-21,12.31,,3.0,1,0,161.86431704727875,nitrogen,held_out_location
Lincoln|hybrids|15|35,Lincoln,hybrids,15,35,LH145 X LH162,60,2022-07-21,15.6,,3.0,1,0,161.86431704727875,nitrogen,held_out_location
Lincoln|hybrids|11|28,Lincoln,hybrids,11,28,LH185 X LH145,60,2022-07-21,34.01,,3.0,1,0,161.86431704727875,nitrogen,held_out_location
Lincoln|hybrids|10|30,Lincoln,hybrids,10,30,LH185 X LH82,60,2022-07-21,50.75,,3.0,1,0,161.86431704727875,nitrogen,held_out_location
Lincoln|hybrids|5|31,Lincoln,hybrids,5,31,LH185 X LH82,60,2022-07-21,34.34,,3.0,1,0,161.86431704727875,nitrogen,held_out_location
Lincoln|hybrids|10|28,Lincoln,hybrids,10,28,LH185 X W606S,60,2022-07-21,47.98,,3.0,1,0,161.86431704727875,nitrogen,held_out_location
Lincoln|hybrids|10|37,Lincoln,hybrids,10,37,LH195 X 3IIH6,60,2022-07-21,3.6,,3.0,1,0,161.86431704727875,nitrogen,held_out_location
Lincoln|hybrids|7|38,Lincoln,hybrids,7,38,LH195 X 3IIH6,60,2022-07-21,22.45,,3.0,1,0,161.86431704727875,nitrogen,held_out_location
Lincoln|hybrids|3|29,Lincoln,hybrids,3,29,LH195 X LH123HT,60,2022-07-21,18.14,,3.0,1,0,161.86431704727875,nitrogen,held_out_location
Lincoln|hybrids|15|38,Lincoln,hybrids,15,38,LH195 X LH123HT,60,2022-07-21,10.17,,3.0,1,0,161.86431704727875,nitrogen,held_out_location
Lincoln|hybrids|10|33,Lincoln,hybrids,10,33,LH195 X LH185,60,2022-07-21,14.29,,3.0,1,0,161.86431704727875,nitrogen,held_out_location
Lincoln|hybrids|6|39,Lincoln,hybrids,6,39,LH195 X LH185,60,2022-07-21,36.58,,3.0,1,0,161.86431704727875,nitrogen,held_out_location
Lincoln|hybrids|12|36,Lincoln,hybrids,12,36,LH195 X PHM49,60,2022-07-21,8.22,,3.0,1,0,161.86431704727875,nitrogen,held_out_location
Lincoln|hybrids|4|37,Lincoln,hybrids,4,37,LH195 X PHM49,60,2022-07-21,10.84,,3.0,1,0,161.86431704727875,nitrogen,held_out_location
Lincoln|hybrids|2|38,Lincoln,hybrids,2,38,LH195 X PHZ51,60,2022-07-21,17.19,,3.0,1,0,161.86431704727875,nitrogen,held_out_location
Lincoln|hybrids|13|38,Lincoln,hybrids,13,38,LH195 X PHZ51,60,2022-07-21,22.7,,3.0,1,0,161.86431704727875,nitrogen,held_out_location
Lincoln|hybrids|8|36,Lincoln,hybrids,8,36,LH198 X PHB47,60,2022-07-21,37.17,,3.0,1,0,161.86431704727875,nitrogen,held_out_location
Lincoln|hybrids|5|37,Lincoln,hybrids,5,37,LH198 X PHB47,60,2022-07-21,9.42,,3.0,1,0,161.86431704727875,nitrogen,held_out_location
Lincoln|hybrids|6|34,Lincoln,hybrids,6,34,LH198 X PHZ51,60,2022-07-21,16.72,,3.0,1,0,161.86431704727875,nitrogen,held_out_location
Lincoln|hybrids|11|38,Lincoln,hybrids,11,38,LH198 X PHZ51,60,2022-07-21,25.03,,3.0,1,0,161.86431704727875,nitrogen,held_out_location
Lincoln|hybrids|2|30,Lincoln,hybrids,2,30,LH74 X PHM49,60,2022-07-21,13.21,,3.0,1,0,161.86431704727875,nitrogen,held_out_location
Lincoln|hybrids|10|34,Lincoln,hybrids,10,34,LH74 X PHM49,60,2022-07-21,8.59,,3.0,1,0,161.86431704727875,nitrogen,held_out_location
Lincoln|hybrids|14|37,Lincoln,hybrids,14,37,LH74 X PHN82,60,2022-07-21,32.68,,3.0,1,0,161.86431704727875,nitrogen,held_out_location
Lincoln|hybrids|3|38,Lincoln,hybrids,3,38,LH74 X PHN82,60,2022-07-21,38.68,,3.0,1,0,161.86431704727875,nitrogen,held_out_location
Lincoln|hybrids|7|28,Lincoln,hybrids,7,28,LH82 X PHB47,60,2022-07-21,41.09,,3.0,1,0,161.86431704727875,nitrogen,held_out_location
Lincoln|hybrids|11|34,Lincoln,hybrids,11,34,LH82 X PHB47,60,2022-07-21,4.89,,3.0,1,0,161.86431704727875,nitrogen,held_out_location
Lincoln|hybrids|4|33,Lincoln,hybrids,4,33,LH82 X PHJ89,60,2022-07-21,26.09,,3.0,1,0,161.86431704727875,nitrogen,held_out_location
Lincoln|hybrids|9|35,Lincoln,hybrids,9,35,LH82 X PHJ89,60,2022-07-21,39.95,,3.0,1,0,161.86431704727875,nitrogen,held_out_location
Lincoln|hybrids|14|28,Lincoln,hybrids,14,28,LH82 X W606S,60,2022-07-21,54.47,,3.0,1,0,161.86431704727875,nitrogen,held_out_location
Lincoln|hybrids|2|33,Lincoln,hybrids,2,33,LH82 X W606S,60,2022-07-21,44.37,,3.0,1,0,161.86431704727875,nitrogen,held_out_location
Lincoln|hybrids|13|32,Lincoln,hybrids,13,32,N209 X 3IIH6,60,2022-07-21,37.84,,3.0,1,0,161.86431704727875,nitrogen,held_out_location
Lincoln|hybrids|7|34,Lincoln,hybrids,7,34,N209 X 3IIH6,60,2022-07-21,26.54,,3.0,1,0,161.86431704727875,nitrogen,held_out_location
Lincoln|hybrids|11|35,Lincoln,hybrids,11,35,PHB47 X 3IIH6,60,2022-07-21,12.57,,3.0,1,0,161.86431704727875,nitrogen,held_out_location
Lincoln|hybrids|5|39,Lincoln,hybrids,5,39,PHB47 X 3IIH6,60,2022-07-21,7.49,,3.0,1,0,161.86431704727875,nitrogen,held_out_location
Lincoln|hybrids|9|34,Lincoln,hybrids,9,34,PHB47 X LH185,60,2022-07-21,26.18,,3.0,1,0,161.86431704727875,nitrogen,held_out_location
Lincoln|hybrids|4|39,Lincoln,hybrids,4,39,PHB47 X LH185,60,2022-07-21,17.57,,3.0,1,0,161.86431704727875,nitrogen,held_out_location
Lincoln|hybrids|11|32,Lincoln,hybrids,11,32,PHB47 X PHJ89,60,2022-07-21,28.69,,3.0,1,0,161.86431704727875,nitrogen,held_out_location
Lincoln|hybrids|6|35,Lincoln,hybrids,6,35,PHB47 X PHK56,60,2022-07-21,26.03,,3.0,1,0,161.86431704727875,nitrogen,held_out_location
Lincoln|hybrids|11|37,Lincoln,hybrids,11,37,PHB47 X PHK56,60,2022-07-21,7.67,,3.0,1,0,161.86431704727875,nitrogen,held_out_location
Lincoln|hybrids|15|32,Lincoln,hybrids,15,32,PHG39 X PHM49,60,2022-07-21,38.76,,3.0,1,0,161.86431704727875,nitrogen,held_out_location
Lincoln|hybrids|2|39,Lincoln,hybrids,2,39,PHG39 X PHM49,60,2022-07-21,29.21,,3.0,1,0,161.86431704727875,nitrogen,held_out_location
Lincoln|hybrids|15|34,Lincoln,hybrids,15,34,PHG39 X PHN82,60,2022-07-21,51.42,,3.0,1,0,161.86431704727875,nitrogen,held_out_location
Lincoln|hybrids|2|31,Lincoln,hybrids,2,31,PHJ40 X LH82,60,2022-07-21,40.4,,3.0,1,0,161.86431704727875,nitrogen,held_out_location
Lincoln|hybrids|8|39,Lincoln,hybrids,8,39,PHJ40 X LH82,60,2022-07-21,41.79,,3.0,1,0,161.86431704727875,nitrogen,held_out_location
Lincoln|hybrids|3|34,Lincoln,hybrids,3,34,PHK56 X 3IIH6,60,2022-07-21,3.5,,3.0,1,0,161.86431704727875,nitrogen,held_out_location
Lincoln|hybrids|9|38,Lincoln,hybrids,9,38,PHK56 X 3IIH6,60,2022-07-21,11.74,,3.0,1,0,161.86431704727875,nitrogen,held_out_location
Lincoln|hybrids|12|30,Lincoln,hybrids,12,30,PHK56 X LH145,60,2022-07-21,24.53,,3.0,1,0,161.86431704727875,nitrogen,held_out_location
Lincoln|hybrids|10|29,Lincoln,hybrids,10,29,PHK56 X LH185,60,2022-07-21,31.08,,3.0,1,0,161.86431704727875,nitrogen,held_out_location
Lincoln|hybrids|5|36,Lincoln,hybrids,5,36,PHK56 X LH185,60,2022-07-21,14.35,,3.0,1,0,161.86431704727875,nitrogen,held_out_location
Lincoln|hybrids|10|35,Lincoln,hybrids,10,35,PHK56 X LH198,60,2022-07-21,13.27,,3.0,1,0,161.86431704727875,nitrogen,held_out_location
Lincoln|hybrids|7|37,Lincoln,hybrids,7,37,PHK56 X LH198,60,2022-07-21,18.11,,3.0,1,0,161.86431704727875,nitrogen,held_out_location
Lincoln|hybrids|8|30,Lincoln,hybrids,8,30,PHK56 X LH82,60,2022-07-21,44.4,,3.0,1,0,161.86431704727875,nitrogen,held_out_location
Lincoln|hybrids|9|30,Lincoln,hybrids,9,30,PHK56 X LH82,60,2022-07-21,63.74,,3.0,1,0,161.86431704727875,nitrogen,held_out_location
Lincoln|hybrids|13|28,Lincoln,hybrids,13,28,PHK56 X PHJ89,60,2022-07-21,36.91,,3.0,1,0,161.86431704727875,nitrogen,held_out_location
Lincoln|hybrids|7|33,Lincoln,hybrids,7,33,PHK56 X PHJ89,60,2022-07-21,16.97,,3.0,1,0,161.86431704727875,nitrogen,held_out_location
Lincoln|hybrids|12|28,Lincoln,hybrids,12,28,PHK56 X W606S,60,2022-07-21,49.0,,3.0,1,0,161.86431704727875,nitrogen,held_out_location
Lincoln|hybrids|2|29,Lincoln,hybrids,2,29,PHK56 X W606S,60,2022-07-21,13.41,,3.0,1,0,161.86431704727875,nitrogen,held_out_location
Lincoln|hybrids|4|29,Lincoln,hybrids,4,29,PHK76 X 3IIH6,60,2022-07-21,32.01,,3.0,1,0,161.86431704727875,nitrogen,held_out_location
Lincoln|hybrids|13|30,Lincoln,hybrids,13,30,PHK76 X 3IIH6,60,2022-07-21,12.66,,3.0,1,0,161.86431704727875,nitrogen,held_out_location
Lincoln|hybrids|11|29,Lincoln,hybrids,11,29,PHK76 X LH145,60,2022-07-21,36.79,,3.0,1,0,161.86431704727875,nitrogen,held_out_location
Lincoln|hybrids|2|34,Lincoln,hybrids,2,34,PHK76 X LH145,60,2022-07-21,26.59,,3.0,1,0,161.86431704727875,nitrogen,held_out_location
Lincoln|hybrids|6|32,Lincoln,hybrids,6,32,PHK76 X LH198,60,2022-07-21,30.0,,3.0,1,0,161.86431704727875,nitrogen,held_out_location
Lincoln|hybrids|14|39,Lincoln,hybrids,14,39,PHK76 X LH198,60,2022-07-21,14.04,,3.0,1,0,161.86431704727875,nitrogen,held_out_location
Lincoln|hybrids|8|37,Lincoln,hybrids,8,37,PHK76 X LH82,60,2022-07-21,46.07,,3.0,1,0,161.86431704727875,nitrogen,held_out_location
Lincoln|hybrids|5|38,Lincoln,hybrids,5,38,PHK76 X LH82,60,2022-07-21,35.39,,3.0,1,0,161.86431704727875,nitrogen,held_out_location
Lincoln|hybrids|15|29,Lincoln,hybrids,15,29,PHK76 X W606S,60,2022-07-21,50.64,,3.0,1,0,161.86431704727875,nitrogen,held_out_location
Lincoln|hybrids|5|34,Lincoln,hybrids,5,34,PHK76 X W606S,60,2022-07-21,26.54,,3.0,1,0,161.86431704727875,nitrogen,held_out_location
Lincoln|hybrids|2|36,Lincoln,hybrids,2,36,PHN46 X PHB47,60,2022-07-21,22.14,,3.0,1,0,161.86431704727875,nitrogen,held_out_location
Lincoln|hybrids|9|39,Lincoln,hybrids,9,39,PHN46 X PHB47,60,2022-07-21,11.2,,3.0,1,0,161.86431704727875,nitrogen,held_out_location
Lincoln|hybrids|8|33,Lincoln,hybrids,8,33,PHN46 X PHK56,60,2022-07-21,12.73,,3.0,1,0,161.86431704727875,nitrogen,held_out_location
Lincoln|hybrids|15|39,Lincoln,hybrids,15,39,PHN46 X PHK56,60,2022-07-21,8.81,,3.0,1,0,161.86431704727875,nitrogen,held_out_location
Lincoln|hybrids|6|30,Lincoln,hybrids,6,30,PHN46 X W606S,60,2022-07-21,24.47,,3.0,1,0,161.86431704727875,nitrogen,held_out_location
Lincoln|hybrids|9|37,Lincoln,hybrids,9,37,PHN46 X W606S,60,2022-07-21,32.57,,3.0,1,0,161.86431704727875,nitrogen,held_out_location
Lincoln|hybrids|15|28,Lincoln,hybrids,15,28,PHP02 X LH145,60,2022-07-21,67.04,,3.0,1,0,161.86431704727875,nitrogen,held_out_location
Lincoln|hybrids|6|36,Lincoln,hybrids,6,36,PHP02 X LH145,60,2022-07-21,7.47,,3.0,1,0,161.86431704727875,nitrogen,held_out_location
Lincoln|hybrids|10|36,Lincoln,hybrids,10,36,PHP02 X LH185,60,2022-07-21,15.07,,3.0,1,0,161.86431704727875,nitrogen,held_out_location
Lincoln|hybrids|6|37,Lincoln,hybrids,6,37,PHP02 X LH185,60,2022-07-21,5.05,,3.0,1,0,161.86431704727875,nitrogen,held_out_location
Lincoln|hybrids|4|28,Lincoln,hybrids,4,28,PHP02 X LH198,60,2022-07-21,37.77,,3.0,1,0,161.86431704727875,nitrogen,held_out_location
Lincoln|hybrids|11|30,Lincoln,hybrids,11,30,PHP02 X LH198,60,2022-07-21,31.48,,3.0,1,0,161.86431704727875,nitrogen,held_out_location
Lincoln|hybrids|14|30,Lincoln,hybrids,14,30,PHP02 X LH82,60,2022-07-21,35.9,,3.0,1,0,161.86431704727875,nitrogen,held_out_location
Lincoln|hybrids|4|34,Lincoln,hybrids,4,34,PHP02 X LH82,60,2022-07-21,24.61,,3.0,1,0,161.86431704727875,nitrogen,held_out_location
Lincoln|hybrids|15|31,Lincoln,hybrids,15,31,PHP02 X PHB47,60,2022-07-21,38.75,,3.0,1,0,161.86431704727875,nitrogen,held_out_location
Lincoln|hybrids|4|35,Lincoln,hybrids,4,35,PHP02 X PHB47,60,2022-07-21,12.73,,3.0,1,0,161.86431704727875,nitrogen,held_out_location
Lincoln|hybrids|7|39,Lincoln,hybrids,7,39,PHP02 X PHG47,60,2022-07-21,17.87,,3.0,1,0,161.86431704727875,nitrogen,held_out_location
Lincoln|hybrids|10|39,Lincoln,hybrids,10,39,PHP02 X PHG47,60,2022-07-21,20.07,,3.0,1,0,161.86431704727875,nitrogen,held_out_location
Lincoln|hybrids|2|32,Lincoln,hybrids,2,32,PHP02 X PHJ89,60,2022-07-21,65.84,,3.0,1,0,161.86431704727875,nitrogen,held_out_location
Lincoln|hybrids|11|39,Lincoln,hybrids,11,39,PHP02 X PHJ89,60,2022-07-21,38.19,,3.0,1,0,161.86431704727875,nitrogen,held_out_location
Lincoln|hybrids|9|29,Lincoln,hybrids,9,29,PHP02 X PHK56,60,2022-07-21,60.3,,3.0,1,0,161.86431704727875,nitrogen,held_out_location
Lincoln|hybrids|3|39,Lincoln,hybrids,3,39,PHP02 X PHK56,60,2022-07-21,12.79,,3.0,1,0,161.86431704727875,nitrogen,held_out_location
Lincoln|hybrids|8|28,Lincoln,hybrids,8,28,PHP02 X PHK76,60,2022-07-21,48.92,,3.0,1,0,161.86431704727875,nitrogen,held_out_location
Lincoln|hybrids|15|30,Lincoln,hybrids,15,30,PHP02 X PHK76,60,2022-07-21,44.25,,3.0,1,0,161.86431704727875,nitrogen,held_out_location
Lincoln|hybrids|14|29,Lincoln,hybrids,14,29,PHP02 X PHN46,60,2022-07-21,49.22,,3.0,1,0,161.86431704727875,nitrogen,held_out_location
Lincoln|hybrids|7|30,Lincoln,hybrids,7,30,PHP02 X PHN46,60,2022-07-21,23.87,,3.0,1,0,161.86431704727875,nitrogen,held_out_location
Lincoln|hybrids|12|29,Lincoln,hybrids,12,29,PHP02 X W606S,60,2022-07-21,44.11,,3.0,1,0,161.86431704727875,nitrogen,held_out_location
Lincoln|hybrids|4|32,Lincoln,hybrids,4,32,PHP02 X W606S,60,2022-07-21,38.21,,3.0,1,0,161.86431704727875,nitrogen,held_out_location
Lincoln|hybrids|7|29,Lincoln,hybrids,7,29,PHT69 X 3IIH6,60,2022-07-21,29.95,,3.0,1,0,161.86431704727875,nitrogen,held_out_location
Lincoln|hybrids|15|37,Lincoln,hybrids,15,37,PHT69 X 3IIH6,60,2022-07-21,23.0,,3.0,1,0,161.86431704727875,nitrogen,held_out_location
Lincoln|hybrids|4|30,Lincoln,hybrids,4,30,PHW52 X LH185,60,2022-07-21,35.56,,3.0,1,0,161.86431704727875,nitrogen,held_out_location
Lincoln|hybrids|14|32,Lincoln,hybrids,14,32,PHW52 X LH185,60,2022-07-21,27.71,,3.0,1,0,161.86431704727875,nitrogen,held_out_location
Lincoln|hybrids|9|33,Lincoln,hybrids,9,33,PHW52 X PHM49,60,2022-07-21,32.47,,3.0,1,0,161.86431704727875,nitrogen,held_out_location
Lincoln|hybrids|6|38,Lincoln,hybrids,6,38,PHW52 X PHM49,60,2022-07-21,26.18,,3.0,1,0,161.86431704727875,nitrogen,held_out_location
Lincoln|hybrids|5|33,Lincoln,hybrids,5,33,PHW52 X PHN82,60,2022-07-21,29.85,,3.0,1,0,161.86431704727875,nitrogen,held_out_location
Lincoln|hybrids|15|33,Lincoln,hybrids,15,33,PHW52 X PHN82,60,2022-07-21,50.37,,3.0,1,0,161.86431704727875,nitrogen,held_out_location
Lincoln|hybrids|3|31,Lincoln,hybrids,3,31,PHW52 X PHZ51,60,2022-07-21,15.22,,3.0,1,0,161.86431704727875,nitrogen,held_out_location
Lincoln|hybrids|14|31,Lincoln,hybrids,14,31,PHW52 X PHZ51,60,2022-07-21,41.61,,3.0,1,0,161.86431704727875,nitrogen,held_out_location
Lincoln|hybrids|5|32,Lincoln,hybrids,5,32,PHZ51 X LH145,60,2022-07-21,49.64,,3.0,1,0,161.86431704727875,nitrogen,held_out_location
Lincoln|hybrids|14|38,Lincoln,hybrids,14,38,PHZ51 X LH145,60,2022-07-21,22.64,,3.0,1,0,161.86431704727875,nitrogen,held_out_location
Lincoln|hybrids|3|28,Lincoln,hybrids,3,28,PIONEER 1311 AMXT,60,2022-07-21,46.99,,3.0,1,0,161.86431704727875,nitrogen,held_out_location
Lincoln|hybrids|13|39,Lincoln,hybrids,13,39,PIONEER 1311 AMXT,60,2022-07-21,58.82,,3.0,1,0,161.86431704727875,nitrogen,held_out_location
Lincoln|hybrids|9|36,Lincoln,hybrids,9,36,PIONEER P0589 AMXT,60,2022-07-21,82.11,,3.0,1,0,161.86431704727875,nitrogen,held_out_location
Lincoln|hybrids|3|37,Lincoln,hybrids,3,37,PIONEER P0589 AMXT,60,2022-07-21,75.34,,3.0,1,0,161.86431704727875,nitrogen,held_out_location
Lincoln|hybrids|12|31,Lincoln,hybrids,12,31,SYNGENTA NK0760-3111,60,2022-07-21,39.02,,3.0,1,0,161.86431704727875,nitrogen,held_out_location
Lincoln|hybrids|12|32,Lincoln,hybrids,12,32,SYNGENTA NK0760-3111,60,2022-07-21,40.5,,3.0,1,0,161.86431704727875,nitrogen,held_out_location
Lincoln|hybrids|12|33,Lincoln,hybrids,12,33,SYNGENTA NK0760-3111,60,2022-07-21,20.94,,3.0,1,0,161.86431704727875,nitrogen,held_out_location
Lincoln|hybrids|12|34,Lincoln,hybrids,12,34,SYNGENTA NK0760-3111,60,2022-07-21,19.81,,3.0,1,0,161.86431704727875,nitrogen,held_out_location
Lincoln|hybrids|12|35,Lincoln,hybrids,12,35,SYNGENTA NK0760-3111,60,2022-07-21,24.9,,3.0,1,0,161.86431704727875,nitrogen,held_out_location
Lincoln|hybrids|4|38,Lincoln,hybrids,4,38,SYNGENTA NK0760-3111,60,2022-07-21,52.81,,3.0,1,0,161.86431704727875,nitrogen,held_out_location
Lincoln|hybrids|8|38,Lincoln,hybrids,8,38,SYNGENTA NK0760-3111,60,2022-07-21,41.09,,3.0,1,0,161.86431704727875,nitrogen,held_out_location
Lincoln|hybrids|3|30,Lincoln,hybrids,3,30,WF9 X H95,60,2022-07-21,6.11,,3.0,1,0,161.86431704727875,nitrogen,held_out_location
Lincoln|hybrids|15|36,Lincoln,hybrids,15,36,WF9 X H95,60,2022-07-21,14.15,,3.0,1,0,161.86431704727875,nitrogen,held_out_location
MOValley|Hybrids|27|18,MOValley,Hybrids,27,18,2369 X 3IIH6,60,2022-06-28,156.54,,,0,1,124.39821127158281,nitrogen,held_out_location
MOValley|Hybrids|25|41,MOValley,Hybrids,25,41,2369 X 3IIH6,60,2022-06-28,157.56,,,0,1,124.39821127158281,nitrogen,held_out_location
MOValley|Hybrids|27|20,MOValley,Hybrids,27,20,2369 X LH123HT,60,2022-06-28,134.23,,,0,1,124.39821127158281,nitrogen,held_out_location
MOValley|Hybrids|29|27,MOValley,Hybrids,29,27,2369 X LH123HT,60,2022-06-28,145.57,,,0,1,124.39821127158281,nitrogen,held_out_location
MOValley|Hybrids|27|5,MOValley,Hybrids,27,5,2369 X PHN82,60,2022-06-28,133.78,,,0,1,124.39821127158281,nitrogen,held_out_location
MOValley|Hybrids|29|29,MOValley,Hybrids,29,29,2369 X PHN82,60,2022-06-28,154.74,,,0,1,124.39821127158281,nitrogen,held_out_location
MOValley|Hybrids|27|2,MOValley,Hybrids,27,2,2369 X PHP02,60,2022-06-28,107.62,,,0,1,124.39821127158281,nitrogen,held_out_location
MOValley|Hybrids|29|43,MOValley,Hybrids,29,43,2369 X PHP02,60,2022-06-28,173.36,,,0,1,124.39821127158281,nitrogen,held_out_location
MOValley|Hybrids|27|9,MOValley,Hybrids,27,9,2369 X PHZ51,60,2022-06-28,107.62,,,0,1,124.39821127158281,nitrogen,held_out_location
MOValley|Hybrids|25|27,MOValley,Hybrids,25,27,2369 X PHZ51,60,2022-06-28,158.87,,,0,1,124.39821127158281,nitrogen,held_out_location
MOValley|Hybrids|25|17,MOValley,Hybrids,25,17,2FACC X 3IIH6,60,2022-06-28,148.13,,,0,1,124.39821127158281,nitrogen,held_out_location
MOValley|Hybrids|25|39,MOValley,Hybrids,25,39,2FACC X 3IIH6,60,2022-06-28,151.44,,,0,1,124.39821127158281,nitrogen,held_out_location
MOValley|Hybrids|29|11,MOValley,Hybrids,29,11,4N506 X 3IIH6,60,2022-06-28,135.17,,,0,1,124.39821127158281,nitrogen,held_out_location
MOValley|Hybrids|25|36,MOValley,Hybrids,25,36,4N506 X 3IIH6,60,2022-06-28,162.15,,,0,1,124.39821127158281,nitrogen,held_out_location
MOValley|Hybrids|23|8,MOValley,Hybrids,23,8,B105 X 3IIH6,60,2022-06-28,92.91,,,0,1,124.39821127158281,nitrogen,held_out_location
MOValley|Hybrids|27|35,MOValley,Hybrids,27,35,B105 X 3IIH6,60,2022-06-28,112.77,,,0,1,124.39821127158281,nitrogen,held_out_location
MOValley|Hybrids|23|20,MOValley,Hybrids,23,20,B14A X MO17,60,2022-06-28,166.09,,,0,1,124.39821127158281,nitrogen,held_out_location
MOValley|Hybrids|29|40,MOValley,Hybrids,29,40,B14A X MO17,60,2022-06-28,158.58,,,0,1,124.39821127158281,nitrogen,held_out_location
MOValley|Hybrids|29|21,MOValley,Hybrids,29,21,B37 X H95,60,2022-06-28,133.97,,,0,1,124.39821127158281,nitrogen,held_out_location
MOValley|Hybrids|25|33,MOValley,Hybrids,25,33,B37 X H95,60,2022-06-28,137.85,,,0,1,124.39821127158281,nitrogen,held_out_location
MOValley|Hybrids|25|3,MOValley,Hybrids,25,3,B37 X MO17,60,2022-06-28,157.7,,,0,1,124.39821127158281,nitrogen,held_out_location
MOValley|Hybrids|25|32,MOValley,Hybrids,25,32,B37 X MO17,60,2022-06-28,156.12,,,0,1,124.39821127158281,nitrogen,held_out_location
MOValley|Hybrids|27|22,MOValley,Hybrids,27,22,B37 X OH43,60,2022-06-28,150.28,,,0,1,124.39821127158281,nitrogen,held_out_location
MOValley|Hybrids|27|42,MOValley,Hybrids,27,42,B37 X OH43,60,2022-06-28,142.69,,,0,1,124.39821127158281,nitrogen,held_out_location
MOValley|Hybrids|27|11,MOValley,Hybrids,27,11,B73 X 3IIH6,60,2022-06-28,104.07,,,0,1,124.39821127158281,nitrogen,held_out_location
MOValley|Hybrids|27|39,MOValley,Hybrids,27,39,B73 X 3IIH6,60,2022-06-28,144.08,,,0,1,124.39821127158281,nitrogen,held_out_location
MOValley|Hybrids|25|8,MOValley,Hybrids,25,8,B73 X MO17,60,2022-06-28,159.3,,,0,1,124.39821127158281,nitrogen,held_out_location
MOValley|Hybrids|27|38,MOValley,Hybrids,27,38,B73 X MO17,60,2022-06-28,144.82,,,0,1,124.39821127158281,nitrogen,held_out_location
MOValley|Hybrids|23|13,MOValley,Hybrids,23,13,B73 X PHM49,60,2022-06-28,166.76,,,0,1,124.39821127158281,nitrogen,held_out_location
MOValley|Hybrids|29|38,MOValley,Hybrids,29,38,B73 X PHM49,60,2022-06-28,166.1,,,0,1,124.39821127158281,nitrogen,held_out_location
MOValley|Hybrids|25|7,MOValley,Hybrids,25,7,B73 X PHN82,60,2022-06-28,169.11,,,0,1,124.39821127158281,nitrogen,held_out_location
MOValley|Hybrids|29|28,MOValley,Hybrids,29,28,B73 X PHN82,60,2022-06-28,180.65,,,0,1,124.39821127158281,nitrogen,held_out_location
MOValley|Hybrids|27|3,MOValley,Hybrids,27,3,B73 X PHZ51,60,2022-06-28,109.44,,,0,1,124.39821127158281,nitrogen,held_out_location
MOValley|Hybrids|27|26,MOValley,Hybrids,27,26,B73 X PHZ51,60,2022-06-28,141.61,,,0,1,124.39821127158281,nitrogen,held_out_location
MOValley|Hybrids|23|23,MOValley,Hybrids,23,23,B84 X 3IIH6,60,2022-06-28,112.61,,,0,1,124.39821127158281,nitrogen,held_out_location
MOValley|Hybrids|25|35,MOValley,Hybrids,25,35,B84 X 3IIH6,60,2022-06-28,122.51,,,0,1,124.39821127158281,nitrogen,held_out_location
MOValley|Hybrids|25|22,MOValley,Hybrids,25,22,F42 X MO17,60,2022-06-28,172.77,,,0,1,124.39821127158281,nitrogen,held_out_location
MOValley|Hybrids|29|41,MOValley,Hybrids,29,41,F42 X MO17,60,2022-06-28,180.74,,,0,1,124.39821127158281,nitrogen,held_out_location
MOValley|Hybrids|29|7,MOValley,Hybrids,29,7,F42 X OH43,60,2022-06-28,146.09,,,0,1,124.39821127158281,nitrogen,held_out_location
MOValley|Hybrids|29|34,MOValley,Hybrids,29,34,F42 X OH43,60,2022-06-28,167.23,,,0,1,124.39821127158281,nitrogen,held_out_location
MOValley|Hybrids|25|18,MOValley,Hybrids,25,18,HOEGEMEYER 7089 AMXT,60,2022-06-28,206.52,,,0,1,124.39821127158281,nitrogen,held_out_location
MOValley|Hybrids|23|35,MOValley,Hybrids,23,35,HOEGEMEYER 7089 AMXT,60,2022-06-28,194.13,,,0,1,124.39821127158281,nitrogen,held_out_location
MOValley|Hybrids|25|11,MOValley,Hybrids,25,11,HOEGEMEYER 8065RR,60,2022-06-28,176.51,,,0,1,124.39821127158281,nitrogen,held_out_location
MOValley|Hybrids|23|43,MOValley,Hybrids,23,43,HOEGEMEYER 8065RR,60,2022-06-28,214.08,,,0,1,124.39821127158281,nitrogen,held_out_location
MOValley|Hybrids|25|4,MOValley,Hybrids,25,4,LH123HT X 3IIH6,60,2022-06-28,127.16,,,0,1,124.39821127158281,nitrogen,held_out_location
MOValley|Hybrids|27|33,MOValley,Hybrids,27,33,LH123HT X 3IIH6,60,2022-06-28,94.56,,,0,1,124.39821127158281,nitrogen,held_out_location
MOValley|Hybrids|29|12,MOValley,Hybrids,29,12,LH123HT X PHB47,60,2022-06-28,136.27,,,0,1,124.39821127158281,nitrogen,held_out_location
MOValley|Hybrids|27|44,MOValley,Hybrids,27,44,LH123HT X PHB47,60,2022-06-28,128.62,,,0,1,124.39821127158281,nitrogen,held_out_location
MOValley|Hybrids|29|8,MOValley,Hybrids,29,8,LH145 X LH162,60,2022-06-28,153.8,,,0,1,124.39821127158281,nitrogen,held_out_location
MOValley|Hybrids|27|34,MOValley,Hybrids,27,34,LH145 X LH162,60,2022-06-28,153.81,,,0,1,124.39821127158281,nitrogen,held_out_location
MOValley|Hybrids|25|25,MOValley,Hybrids,25,25,LH185 X LH145,60,2022-06-28,166.01,,,0,1,124.39821127158281,nitrogen,held_out_location
MOValley|Hybrids|29|22,MOValley,Hybrids,29,22,LH185 X LH82,60,2022-06-28,171.47,,,0,1,124.39821127158281,nitrogen,held_out_location
MOValley|Hybrids|25|24,MOValley,Hybrids,25,24,LH185 X LH82,60,2022-06-28,169.29,,,0,1,124.39821127158281,nitrogen,held_out_location
MOValley|Hybrids|25|44,MOValley,Hybrids,25,44,LH185 X W606S,60,2022-06-28,173.07,,,0,1,124.39821127158281,nitrogen,held_out_location
MOValley|Hybrids|27|19,MOValley,Hybrids,27,19,LH195 X 3IIH6,60,2022-06-28,159.92,,,0,1,124.39821127158281,nitrogen,held_out_location
MOValley|Hybrids|25|34,MOValley,Hybrids,25,34,LH195 X 3IIH6,60,2022-06-28,180.0,,,0,1,124.39821127158281,nitrogen,held_out_location
MOValley|Hybrids|29|5,MOValley,Hybrids,29,5,LH195 X LH123HT,60,2022-06-28,130.7,,,0,1,124.39821127158281,nitrogen,held_out_location
MOValley|Hybrids|29|35,MOValley,Hybrids,29,35,LH195 X LH123HT,60,2022-06-28,127.23,,,0,1,124.39821127158281,nitrogen,held_out_location
MOValley|Hybrids|25|23,MOValley,Hybrids,25,23,LH195 X LH185,60,2022-06-28,175.48,,,0,1,124.39821127158281,nitrogen,held_out_location
MOValley|Hybrids|25|26,MOValley,Hybrids,25,26,LH195 X LH185,60,2022-06-28,160.66,,,0,1,124.39821127158281,nitrogen,held_out_location
MOValley|Hybrids|29|18,MOValley,Hybrids,29,18,LH195 X PHM49,60,2022-06-28,116.64,,,0,1,124.39821127158281,nitrogen,held_out_location
MOValley|Hybrids|25|38,MOValley,Hybrids,25,38,LH195 X PHM49,60,2022-06-28,143.8,,,0,1,124.39821127158281,nitrogen,held_out_location
MOValley|Hybrids|25|16,MOValley,Hybrids,25,16,LH195 X PHZ51,60,2022-06-28,180.65,,,0,1,124.39821127158281,nitrogen,held_out_location
MOValley|Hybrids|27|32,MOValley,Hybrids,27,32,LH195 X PHZ51,60,2022-06-28,145.99,,,0,1,124.39821127158281,nitrogen,held_out_location
MOValley|Hybrids|23|3,MOValley,Hybrids,23,3,LH198 X PHB47,60,2022-06-28,130.08,,,0,1,124.39821127158281,nitrogen,held_out_location
MOValley|Hybrids|27|43,MOValley,Hybrids,27,43,LH198 X PHB47,60,2022-06-28,137.69,,,0,1,124.39821127158281,nitrogen,held_out_location
MOValley|Hybrids|29|19,MOValley,Hybrids,29,19,LH198 X PHZ51,60,2022-06-28,144.92,,,0,1,124.39821127158281,nitrogen,held_out_location
MOValley|Hybrids|29|36,MOValley,Hybrids,29,36,LH198 X PHZ51,60,2022-06-28,142.93,,,0,1,124.39821127158281,nitrogen,held_out_location
MOValley|Hybrids|23|19,MOValley,Hybrids,23,19,LH74 X PHM49,60,2022-06-28,188.37,,,0,1,124.39821127158281,nitrogen,held_out_location
MOValley|Hybrids|29|31,MOValley,Hybrids,29,31,LH74 X PHM49,60,2022-06-28,160.02,,,0,1,124.39821127158281,nitrogen,held_out_location
MOValley|Hybrids|23|5,MOValley,Hybrids,23,5,LH74 X PHN82,60,2022-06-28,138.66,,,0,1,124.39821127158281,nitrogen,held_out_location
MOValley|Hybrids|27|27,MOValley,Hybrids,27,27,LH74 X PHN82,60,2022-06-28,154.59,,,0,1,124.39821127158281,nitrogen,held_out_location
MOValley|Hybrids|27|8,MOValley,Hybrids,27,8,LH82 X PHB47,60,2022-06-28,116.26,,,0,1,124.39821127158281,nitrogen,held_out_location
MOValley|Hybrids|25|30,MOValley,Hybrids,25,30,LH82 X PHB47,60,2022-06-28,156.69,,,0,1,124.39821127158281,nitrogen,held_out_location
MOValley|Hybrids|23|18,MOValley,Hybrids,23,18,LH82 X PHJ89,60,2022-06-28,200.71,,,0,1,124.39821127158281,nitrogen,held_out_location
MOValley|Hybrids|27|30,MOValley,Hybrids,27,30,LH82 X PHJ89,60,2022-06-28,150.58,,,0,1,124.39821127158281,nitrogen,held_out_location
MOValley|Hybrids|23|11,MOValley,Hybrids,23,11,LH82 X W606S,60,2022-06-28,150.82,,,0,1,124.39821127158281,nitrogen,held_out_location
MOValley|Hybrids|27|24,MOValley,Hybrids,27,24,LH82 X W606S,60,2022-06-28,161.33,,,0,1,124.39821127158281,nitrogen,held_out_location
MOValley|Hybrids|27|21,MOValley,Hybrids,27,21,N209 X 3IIH6,60,2022-06-28,171.24,,,0,1,124.39821127158281,nitrogen,held_out_location
MOValley|Hybrids|29|42,MOValley,Hybrids,29,42,N209 X 3IIH6,60,2022-06-28,198.86,,,0,1,124.39821127158281,nitrogen,held_out_location
MOValley|Hybrids|29|10,MOValley,Hybrids,29,10,PHB47 X 3IIH6,60,2022-06-28,121.76,,,0,1,124.39821127158281,nitrogen,held_out_location
MOValley|Hybrids|29|30,MOValley,Hybrids,29,30,PHB47 X 3IIH6,60,2022-06-28,131.21,,,0,1,124.39821127158281,nitrogen,held_out_location
MOValley|Hybrids|25|9,MOValley,Hybrids,25,9,PHB47 X LH185,60,2022-06-28,130.89,,,0,1,124.39821127158281,nitrogen,held_out_location
MOValley|Hybrids|27|29,MOValley,Hybrids,27,29,PHB47 X LH185,60,2022-06-28,162.79,,,0,1,124.39821127158281,nitrogen,held_out_location
MOValley|Hybrids|25|40,MOValley,Hybrids,25,40,PHB47 X PHJ89,60,2022-06-28,154.05,,,0,1,124.39821127158281,nitrogen,held_out_location
MOValley|Hybrids|25|6,MOValley,Hybrids,25,6,PHB47 X PHK56,60,2022-06-28,154.31,,,0,1,124.39821127158281,nitrogen,held_out_location
MOValley|Hybrids|29|32,MOValley,Hybrids,29,32,PHB47 X PHK56,60,2022-06-28,165.9,,,0,1,124.39821127158281,nitrogen,held_out_location
MOValley|Hybrids|29|2,MOValley,Hybrids,29,2,PHG39 X PHM49,60,2022-06-28,129.74,,,0,1,124.39821127158281,nitrogen,held_out_location
MOValley|Hybrids|25|37,MOValley,Hybrids,25,37,PHG39 X PHM49,60,2022-06-28,174.28,,,0,1,124.39821127158281,nitrogen,held_out_location
MOValley|Hybrids|27|40,MOValley,Hybrids,27,40,PHG39 X PHN82,60,2022-06-28,179.75,,,0,1,124.39821127158281,nitrogen,held_out_location
MOValley|Hybrids|29|15,MOValley,Hybrids,29,15,PHJ40 X LH82,60,2022-06-28,164.49,,,0,1,124.39821127158281,nitrogen,held_out_location
MOValley|Hybrids|29|45,MOValley,Hybrids,29,45,PHJ40 X LH82,60,2022-06-28,133.87,,,0,1,124.39821127158281,nitrogen,held_out_location
MOValley|Hybrids|23|16,MOValley,Hybrids,23,16,PHK56 X 3IIH6,60,2022-06-28,146.49,,,0,1,124.39821127158281,nitrogen,held_out_location
MOValley|Hybrids|25|43,MOValley,Hybrids,25,43,PHK56 X 3IIH6,60,2022-06-28,137.36,,,0,1,124.39821127158281,nitrogen,held_out_location
MOValley|Hybrids|23|26,MOValley,Hybrids,23,26,PHK56 X LH145,60,2022-06-28,160.8,,,0,1,124.39821127158281,nitrogen,held_out_location
MOValley|Hybrids|27|13,MOValley,Hybrids,27,13,PHK56 X LH185,60,2022-06-28,138.92,,,0,1,124.39821127158281,nitrogen,held_out_location
MOValley|Hybrids|23|31,MOValley,Hybrids,23,31,PHK56 X LH185,60,2022-06-28,181.91,,,0,1,124.39821127158281,nitrogen,held_out_location
MOValley|Hybrids|29|16,MOValley,Hybrids,29,16,PHK56 X LH198,60,2022-06-28,167.88,,,0,1,124.39821127158281,nitrogen,held_out_location
MOValley|Hybrids|25|29,MOValley,Hybrids,25,29,PHK56 X LH198,60,2022-06-28,163.72,,,0,1,124.39821127158281,nitrogen,held_out_location
MOValley|Hybrids|25|21,MOValley,Hybrids,25,21,PHK56 X LH82,60,2022-06-28,188.39,,,0,1,124.39821127158281,nitrogen,held_out_location
MOValley|Hybrids|29|44,MOValley,Hybrids,29,44,PHK56 X LH82,60,2022-06-28,172.02,,,0,1,124.39821127158281,nitrogen,held_out_location
MOValley|Hybrids|25|12,MOValley,Hybrids,25,12,PHK56 X PHJ89,60,2022-06-28,162.05,,,0,1,124.39821127158281,nitrogen,held_out_location
MOValley|Hybrids|23|44,MOValley,Hybrids,23,44,PHK56 X PHJ89,60,2022-06-28,157.49,,,0,1,124.39821127158281,nitrogen,held_out_location
MOValley|Hybrids|29|6,MOValley,Hybrids,29,6,PHK56 X W606S,60,2022-06-28,148.65,,,0,1,124.39821127158281,nitrogen,held_out_location
MOValley|Hybrids|23|29,MOValley,Hybrids,23,29,PHK56 X W606S,60,2022-06-28,195.03,,,0,1,124.39821127158281,nitrogen,held_out_location
MOValley|Hybrids|29|3,MOValley,Hybrids,29,3,PHK76 X 3IIH6,60,2022-06-28,90.49,,,0,1,124.39821127158281,nitrogen,held_out_location
MOValley|Hybrids|23|36,MOValley,Hybrids,23,36,PHK76 X 3IIH6,60,2022-06-28,149.17,,,0,1,124.39821127158281,nitrogen,held_out_location
MOValley|Hybrids|27|15,MOValley,Hybrids,27,15,PHK76 X LH145,60,2022-06-28,120.8,,,0,1,124.39821127158281,nitrogen,held_out_location
MOValley|Hybrids|23|37,MOValley,Hybrids,23,37,PHK76 X LH145,60,2022-06-28,135.58,,,0,1,124.39821127158281,nitrogen,held_out_location
MOValley|Hybrids|29|4,MOValley,Hybrids,29,4,PHK76 X LH198,60,2022-06-28,111.3,,,0,1,124.39821127158281,nitrogen,held_out_location
MOValley|Hybrids|23|42,MOValley,Hybrids,23,42,PHK76 X LH198,60,2022-06-28,165.5,,,0,1,124.39821127158281,nitrogen,held_out_location
MOValley|Hybrids|25|20,MOValley,Hybrids,25,20,PHK76 X LH82,60,2022-06-28,179.72,,,0,1,124.39821127158281,nitrogen,held_out_location
MOValley|Hybrids|23|27,MOValley,Hybrids,23,27,PHK76 X LH82,60,2022-06-28,173.64,,,0,1,124.39821127158281,nitrogen,held_out_location
MOValley|Hybrids|23|4,MOValley,Hybrids,23,4,PHK76 X W606S,60,2022-06-28,112.49,,,0,1,124.39821127158281,nitrogen,held_out_location
MOValley|Hybrids|29|25,MOValley,Hybrids,29,25,PHK76 X W606S,60,2022-06-28,157.91,,,0,1,124.39821127158281,nitrogen,held_out_location
MOValley|Hybrids|25|10,MOValley,Hybrids,25,10,PHN46 X PHB47,60,2022-06-28,140.61,,,0,1,124.39821127158281,nitrogen,held_out_location
MOValley|Hybrids|23|38,MOValley,Hybrids,23,38,PHN46 X PHB47,60,2022-06-28,181.57,,,0,1,124.39821127158281,nitrogen,held_out_location
MOValley|Hybrids|23|14,MOValley,Hybrids,23,14,PHN46 X PHK56,60,2022-06-28,130.72,,,0,1,124.39821127158281,nitrogen,held_out_location
MOValley|Hybrids|23|39,MOValley,Hybrids,23,39,PHN46 X PHK56,60,2022-06-28,166.65,,,0,1,124.39821127158281,nitrogen,held_out_location
MOValley|Hybrids|23|6,MOValley,Hybrids,23,6,PHN46 X W606S,60,2022-06-28,127.44,,,0,1,124.39821127158281,nitrogen,held_out_location
MOValley|Hybrids|23|32,MOValley,Hybrids,23,32,PHN46 X W606S,60,2022-06-28,169.1,,,0,1,124.39821127158281,nitrogen,held_out_location
MOValley|Hybrids|23|10,MOValley,Hybrids,23,10,PHP02 X LH145,60,2022-06-28,128.9,,,0,1,124.39821127158281,nitrogen,held_out_location
MOValley|Hybrids|23|25,MOValley,Hybrids,23,25,PHP02 X LH145,60,2022-06-28,148.86,,,0,1,124.39821127158281,nitrogen,held_out_location
MOValley|Hybrids|29|13,MOValley,Hybrids,29,13,PHP02 X LH185,60,2022-06-28,163.57,,,0,1,124.39821127158281,nitrogen,held_out_location
MOValley|Hybrids|23|33,MOValley,Hybrids,23,33,PHP02 X LH185,60,2022-06-28,174.08,,,0,1,124.39821127158281,nitrogen,held_out_location
MOValley|Hybrids|25|19,MOValley,Hybrids,25,19,PHP02 X LH198,60,2022-06-28,150.18,,,0,1,124.39821127158281,nitrogen,held_out_location
MOValley|Hybrids|27|45,MOValley,Hybrids,27,45,PHP02 X LH198,60,2022-06-28,145.73,,,0,1,124.39821127158281,nitrogen,held_out_location
MOValley|Hybrids|25|5,MOValley,Hybrids,25,5,PHP02 X LH82,60,2022-06-28,135.55,,,0,1,124.39821127158281,nitrogen,held_out_location
MOValley|Hybrids|23|41,MOValley,Hybrids,23,41,PHP02 X LH82,60,2022-06-28,168.07,,,0,1,124.39821127158281,nitrogen,held_out_location
MOValley|Hybrids|27|17,MOValley,Hybrids,27,17,PHP02 X PHB47,60,2022-06-28,121.22,,,0,1,124.39821127158281,nitrogen,held_out_location
MOValley|Hybrids|27|37,MOValley,Hybrids,27,37,PHP02 X PHB47,60,2022-06-28,149.89,,,0,1,124.39821127158281,nitrogen,held_out_location
MOValley|Hybrids|23|22,MOValley,Hybrids,23,22,PHP02 X PHG47,60,2022-06-28,161.93,,,0,1,124.39821127158281,nitrogen,held_out_location
MOValley|Hybrids|23|30,MOValley,Hybrids,23,30,PHP02 X PHG47,60,2022-06-28,171.18,,,0,1,124.39821127158281,nitrogen,held_out_location
MOValley|Hybrids|23|9,MOValley,Hybrids,23,9,PHP02 X PHJ89,60,2022-06-28,131.47,,,0,1,124.39821127158281,nitrogen,held_out_location
MOValley|Hybrids|25|45,MOValley,Hybrids,25,45,PHP02 X PHJ89,60,2022-06-28,143.69,,,0,1,124.39821127158281,nitrogen,held_out_location
MOValley|Hybrids|27|6,MOValley,Hybrids,27,6,PHP02 X PHK56,60,2022-06-28,114.77,,,0,1,124.39821127158281,nitrogen,held_out_location
MOValley|Hybrids|23|40,MOValley,Hybrids,23,40,PHP02 X PHK56,60,2022-06-28,201.74,,,0,1,124.39821127158281,nitrogen,held_out_location
MOValley|Hybrids|27|12,MOValley,Hybrids,27,12,PHP02 X PHK76,60,2022-06-28,136.21,,,0,1,124.39821127158281,nitrogen,held_out_location
MOValley|Hybrids|23|24,MOValley,Hybrids,23,24,PHP02 X PHK76,60,2022-06-28,159.23,,,0,1,124.39821127158281,nitrogen,held_out_location
MOValley|Hybrids|23|2,MOValley,Hybrids,23,2,PHP02 X PHN46,60,2022-06-28,156.64,,,0,1,124.39821127158281,nitrogen,held_out_location
MOValley|Hybrids|23|28,MOValley,Hybrids,23,28,PHP02 X PHN46,60,2022-06-28,155.82,,,0,1,124.39821127158281,nitrogen,held_out_location
MOValley|Hybrids|29|14,MOValley,Hybrids,29,14,PHP02 X W606S,60,2022-06-28,172.67,,,0,1,124.39821127158281,nitrogen,held_out_location
MOValley|Hybrids|27|25,MOValley,Hybrids,27,25,PHP02 X W606S,60,2022-06-28,144.2,,,0,1,124.39821127158281,nitrogen,held_out_location
MOValley|Hybrids|27|7,MOValley,Hybrids,27,7,PHT69 X 3IIH6,60,2022-06-28,121.06,,,0,1,124.39821127158281,nitrogen,held_out_location
MOValley|Hybrids|25|42,MOValley,Hybrids,25,42,PHT69 X 3IIH6,60,2022-06-28,159.97,,,0,1,124.39821127158281,nitrogen,held_out_location
MOValley|Hybrids|27|23,MOValley,Hybrids,27,23,PHW52 X LH185,60,2022-06-28,166.2,,,0,1,124.39821127158281,nitrogen,held_out_location
MOValley|Hybrids|25|28,MOValley,Hybrids,25,28,PHW52 X LH185,60,2022-06-28,171.18,,,0,1,124.39821127158281,nitrogen,held_out_location
MOValley|Hybrids|25|15,MOValley,Hybrids,25,15,PHW52 X PHM49,60,2022-06-28,159.66,,,0,1,124.39821127158281,nitrogen,held_out_location
MOValley|Hybrids|29|37,MOValley,Hybrids,29,37,PHW52 X PHM49,60,2022-06-28,167.51,,,0,1,124.39821127158281,nitrogen,held_out_location
MOValley|Hybrids|23|17,MOValley,Hybrids,23,17,PHW52 X PHN82,60,2022-06-28,182.77,,,0,1,124.39821127158281,nitrogen,held_out_location
MOValley|Hybrids|29|26,MOValley,Hybrids,29,26,PHW52 X PHN82,60,2022-06-28,184.4,,,0,1,124.39821127158281,nitrogen,held_out_location
MOValley|Hybrids|25|2,MOValley,Hybrids,25,2,PHW52 X PHZ51,60,2022-06-28,144.05,,,0,1,124.39821127158281,nitrogen,held_out_location
MOValley|Hybrids|29|39,MOValley,Hybrids,29,39,PHW52 X PHZ51,60,2022-06-28,162.23,,,0,1,124.39821127158281,nitrogen,held_out_location
MOValley|Hybrids|29|23,MOValley,Hybrids,29,23,PHZ51 X LH145,60,2022-06-28,148.65,,,0,1,124.39821127158281,nitrogen,held_out_location
MOValley|Hybrids|29|33,MOValley,Hybrids,29,33,PHZ51 X LH145,60,2022-06-28,128.01,,,0,1,124.39821127158281,nitrogen,held_out_location
MOValley|Hybrids|23|12,MOValley,Hybrids,23,12,PIONEER 1311 AMXT,60,2022-06-28,195.47,,,0,1,124.39821127158281,nitrogen,held_out_location
MOValley|Hybrids|29|24,MOValley,Hybrids,29,24,PIONEER 1311 AMXT,60,2022-06-28,203.85,,,0,1,124.39821127158281,nitrogen,held_out_location
MOValley|Hybrids|29|9,MOValley,Hybrids,29,9,PIONEER P0589 AMXT,60,2022-06-28,148.3,,,0,1,124.39821127158281,nitrogen,held_out_location
MOValley|Hybrids|23|45,MOValley,Hybrids,23,45,PIONEER P0589 AMXT,60,2022-06-28,176.11,,,0,1,124.39821127158281,nitrogen,held_out_location
MOValley|Hybrids|23|7,MOValley,Hybrids,23,7,SYNGENTA NK0760-3111,60,2022-06-28,155.25,,,0,1,124.39821127158281,nitrogen,held_out_location
MOValley|Hybrids|23|34,MOValley,Hybrids,23,34,SYNGENTA NK0760-3111,60,2022-06-28,177.17,,,0,1,124.39821127158281,nitrogen,held_out_location
MOValley|Hybrids|27|10,MOValley,Hybrids,27,10,WF9 X H95,60,2022-06-28,89.59,,,0,1,124.39821127158281,nitrogen,held_out_location
MOValley|Hybrids|25|31,MOValley,Hybrids,25,31,WF9 X H95,60,2022-06-28,123.55,,,0,1,124.39821127158281,nitrogen,held_out_location
Scottsbluff|n75|27|2,Scottsbluff,n75,27,2,2369 X 3IIH6,60,2022-07-18,133.85,0.2319254270732614,1.0,2,0,114.80640900701768,nitrogen,held_out_location
Scottsbluff|n75|7|5,Scottsbluff,n75,7,5,2369 X 3IIH6,60,2022-07-18,149.1,0.0753166705279548,1.0,2,0,114.80640900701768,nitrogen,held_out_location
Scottsbluff|n75|21|3,Scottsbluff,n75,21,3,2369 X LH123HT,60,2022-07-18,112.94,0.1893829702521965,1.0,2,0,114.80640900701768,nitrogen,held_out_location
Scottsbluff|n75|4|6,Scottsbluff,n75,4,6,2369 X LH123HT,60,2022-07-18,112.87,0.20541428331704,1.0,2,0,114.80640900701768,nitrogen,held_out_location
Scottsbluff|n75|6|2,Scottsbluff,n75,6,2,2369 X PHN82,60,2022-07-18,150.72,0.2521995631994411,1.0,2,0,114.80640900701768,nitrogen,held_out_location
Scottsbluff|n75|22|3,Scottsbluff,n75,22,3,2369 X PHN82,60,2022-07-18,107.0,0.169489726535601,1.0,2,0,114.80640900701768,nitrogen,held_out_location
Scottsbluff|n75|12|4,Scottsbluff,n75,12,4,2369 X PHP02,60,2022-07-18,163.11,0.1916514600326235,1.0,2,0,114.80640900701768,nitrogen,held_out_location
Scottsbluff|n75|25|5,Scottsbluff,n75,25,5,2369 X PHP02,60,2022-07-18,114.65,0.2034476786672243,1.0,2,0,114.80640900701768,nitrogen,held_out_location
Scottsbluff|n75|12|3,Scottsbluff,n75,12,3,2369 X PHZ51,60,2022-07-18,138.11,0.1295873068601177,1.0,2,0,114.80640900701768,nitrogen,held_out_location
Scottsbluff|n75|25|6,Scottsbluff,n75,25,6,2369 X PHZ51,60,2022-07-18,121.93,0.2427207978681228,1.0,2,0,114.80640900701768,nitrogen,held_out_location
Scottsbluff|n75|6|3,Scottsbluff,n75,6,3,2FACC X 3IIH6,60,2022-07-18,106.01,0.1502581775863394,1.0,2,0,114.80640900701768,nitrogen,held_out_location
Scottsbluff|n75|26|6,Scottsbluff,n75,26,6,2FACC X 3IIH6,60,2022-07-18,125.28,0.1899616251646992,1.0,2,0,114.80640900701768,nitrogen,held_out_location
Scottsbluff|n75|6|1,Scottsbluff,n75,6,1,4N506 X 3IIH6,60,2022-07-18,116.25,0.2673252562130742,1.0,2,0,114.80640900701768,nitrogen,held_out_location
Scottsbluff|n75|24|5,Scottsbluff,n75,24,5,4N506 X 3IIH6,60,2022-07-18,121.79,0.2583521796184565,1.0,2,0,114.80640900701768,nitrogen,held_out_location
Scottsbluff|n75|24|1,Scottsbluff,n75,24,1,B105 X 3IIH6,60,2022-07-18,134.33,0.1800211407783649,1.0,2,0,114.80640900701768,nitrogen,held_out_location
Scottsbluff|n75|13|3,Scottsbluff,n75,13,3,B105 X 3IIH6,60,2022-07-18,107.82,0.103548520678427,1.0,2,0,114.80640900701768,nitrogen,held_out_location
Scottsbluff|n75|25|1,Scottsbluff,n75,25,1,B14A X MO17,60,2022-07-18,96.9,0.1785683205526078,1.0,2,0,114.80640900701768,nitrogen,held_out_location
Scottsbluff|n75|10|4,Scottsbluff,n75,10,4,B14A X MO17,60,2022-07-18,134.29,0.2232596083454499,1.0,2,0,114.80640900701768,nitrogen,held_out_location
Scottsbluff|n75|16|1,Scottsbluff,n75,16,1,B37 X H95,60,2022-07-18,86.98,0.2109438595884101,1.0,2,0,114.80640900701768,nitrogen,held_out_location
Scottsbluff|n75|4|1,Scottsbluff,n75,4,1,B37 X MO17,60,2022-07-18,126.64,0.2781360178727324,1.0,2,0,114.80640900701768,nitrogen,held_out_location
Scottsbluff|n75|25|2,Scottsbluff,n75,25,2,B37 X MO17,60,2022-07-18,106.55,0.1812964071163967,1.0,2,0,114.80640900701768,nitrogen,held_out_location
Scottsbluff|n75|3|4,Scottsbluff,n75,3,4,B37 X OH43,60,2022-07-18,79.84,0.2259606254442973,1.0,2,0,114.80640900701768,nitrogen,held_out_location
Scottsbluff|n75|25|4,Scottsbluff,n75,25,4,B37 X OH43,60,2022-07-18,80.01,0.2556605297735232,1.0,2,0,114.80640900701768,nitrogen,held_out_location
Scottsbluff|n75|19|4,Scottsbluff,n75,19,4,B73 X 3IIH6,60,2022-07-18,80.83,0.248524377281734,1.0,2,0,114.80640900701768,nitrogen,held_out_location
Scottsbluff|n75|3|6,Scottsbluff,n75,3,6,B73 X 3IIH6,60,2022-07-18,150.02,0.2438890124542091,1.0,2,0,114.80640900701768,nitrogen,held_out_location
Scottsbluff|n75|20|7,Scottsbluff,n75,20,7,B73 X MO17,60,2022-07-18,97.94,0.191527969183068,1.0,2,0,114.80640900701768,nitrogen,held_out_location
Scottsbluff|n75|16|3,Scottsbluff,n75,16,3,B73 X PHM49,60,2022-07-18,108.97,0.052870194313971,1.0,2,0,114.80640900701768,nitrogen,held_out_location
Scottsbluff|n75|5|4,Scottsbluff,n75,5,4,B73 X PHM49,60,2022-07-18,125.94,0.2548507042120871,1.0,2,0,114.80640900701768,nitrogen,held_out_location
Scottsbluff|n75|27|1,Scottsbluff,n75,27,1,B73 X PHN82,60,2022-07-18,115.15,0.1947323680534496,1.0,2,0,114.80640900701768,nitrogen,held_out_location
Scottsbluff|n75|6|6,Scottsbluff,n75,6,6,B73 X PHN82,60,2022-07-18,157.69,0.2445035368264183,1.0,2,0,114.80640900701768,nitrogen,held_out_location
Scottsbluff|n75|17|1,Scottsbluff,n75,17,1,B73 X PHZ51,60,2022-07-18,101.08,0.1341049729666715,1.0,2,0,114.80640900701768,nitrogen,held_out_location
Scottsbluff|n75|3|3,Scottsbluff,n75,3,3,B73 X PHZ51,60,2022-07-18,108.38,0.1603582831677026,1.0,2,0,114.80640900701768,nitrogen,held_out_location
Scottsbluff|n75|7|2,Scottsbluff,n75,7,2,B84 X 3IIH6,60,2022-07-18,166.35,0.1468147791840784,1.0,2,0,114.80640900701768,nitrogen,held_out_location
Scottsbluff|n75|23|3,Scottsbluff,n75,23,3,B84 X 3IIH6,60,2022-07-18,123.74,0.2099235194109292,1.0,2,0,114.80640900701768,nitrogen,held_out_location
Scottsbluff|n75|23|1,Scottsbluff,n75,23,1,F42 X MO17,60,2022-07-18,118.16,0.1819433934945999,1.0,2,0,114.80640900701768,nitrogen,held_out_location
Scottsbluff|n75|4|2,Scottsbluff,n75,4,2,F42 X OH43,60,2022-07-18,147.22,0.2375530639544341,1.0,2,0,114.80640900701768,nitrogen,held_out_location
Scottsbluff|n75|18|2,Scottsbluff,n75,18,2,F42 X OH43,60,2022-07-18,86.85,0.1308415601642815,1.0,2,0,114.80640900701768,nitrogen,held_out_location
Scottsbluff|n75|18|1,Scottsbluff,n75,18,1,HOEGEMEYER 7089 AMXT,60,2022-07-18,111.92,0.1794595109256233,1.0,2,0,114.80640900701768,nitrogen,held_out_location
Scottsbluff|n75|13|5,Scottsbluff,n75,13,5,HOEGEMEYER 7089 AMXT,60,2022-07-18,106.08,0.1361305877522256,1.0,2,0,114.80640900701768,nitrogen,held_out_location
Scottsbluff|n75|20|1,Scottsbluff,n75,20,1,HOEGEMEYER 8065RR,60,2022-07-18,137.67,0.1855737963974669,1.0,2,0,114.80640900701768,nitrogen,held_out_location
Scottsbluff|n75|10|6,Scottsbluff,n75,10,6,HOEGEMEYER 8065RR,60,2022-07-18,178.56,0.1939682142410211,1.0,2,0,114.80640900701768,nitrogen,held_out_location
Scottsbluff|n75|21|1,Scottsbluff,n75,21,1,LH123HT X 3IIH6,60,2022-07-18,90.75,0.1950551893602866,1.0,2,0,114.80640900701768,nitrogen,held_out_location
Scottsbluff|n75|12|2,Scottsbluff,n75,12,2,LH123HT X 3IIH6,60,2022-07-18,135.81,0.161205222613756,1.0,2,0,114.80640900701768,nitrogen,held_out_location
Scottsbluff|n75|10|2,Scottsbluff,n75,10,2,LH123HT X PHB47,60,2022-07-18,156.45,0.1877819639684269,1.0,2,0,114.80640900701768,nitrogen,held_out_location
Scottsbluff|n75|17|4,Scottsbluff,n75,17,4,LH123HT X PHB47,60,2022-07-18,93.63,0.1705625708445012,1.0,2,0,114.80640900701768,nitrogen,held_out_location
Scottsbluff|n75|8|4,Scottsbluff,n75,8,4,LH145 X LH162,60,2022-07-18,124.43,0.2687505535296077,1.0,2,0,114.80640900701768,nitrogen,held_out_location
Scottsbluff|n75|15|6,Scottsbluff,n75,15,6,LH145 X LH162,60,2022-07-18,65.56,0.2249135987617825,1.0,2,0,114.80640900701768,nitrogen,held_out_location
Scottsbluff|n75|17|6,Scottsbluff,n75,17,6,LH185 X LH145,60,2022-07-18,109.0,0.18809365938025,1.0,2,0,114.80640900701768,nitrogen,held_out_location
Scottsbluff|n75|3|2,Scottsbluff,n75,3,2,LH185 X LH82,60,2022-07-18,137.76,0.2774276739062292,1.0,2,0,114.80640900701768,nitrogen,held_out_location
Scottsbluff|n75|21|2,Scottsbluff,n75,21,2,LH185 X W606S,60,2022-07-18,123.79,0.2362679526363056,1.0,2,0,114.80640900701768,nitrogen,held_out_location
Scottsbluff|n75|25|3,Scottsbluff,n75,25,3,LH195 X 3IIH6,60,2022-07-18,99.86,0.2012110945444622,1.0,2,0,114.80640900701768,nitrogen,held_out_location
Scottsbluff|n75|6|7,Scottsbluff,n75,6,7,LH195 X 3IIH6,60,2022-07-18,112.02,0.2111263684726041,1.0,2,0,114.80640900701768,nitrogen,held_out_location
Scottsbluff|n75|16|2,Scottsbluff,n75,16,2,LH195 X LH123HT,60,2022-07-18,141.47,0.1713403345788453,1.0,2,0,114.80640900701768,nitrogen,held_out_location
Scottsbluff|n75|7|4,Scottsbluff,n75,7,4,LH195 X LH123HT,60,2022-07-18,122.51,0.1596211042129472,1.0,2,0,114.80640900701768,nitrogen,held_out_location
Scottsbluff|n75|5|3,Scottsbluff,n75,5,3,LH195 X LH185,60,2022-07-18,102.0,0.1396526279791136,1.0,2,0,114.80640900701768,nitrogen,held_out_location
Scottsbluff|n75|15|4,Scottsbluff,n75,15,4,LH195 X LH185,60,2022-07-18,73.2,0.2330966743180484,1.0,2,0,114.80640900701768,nitrogen,held_out_location
Scottsbluff|n75|15|2,Scottsbluff,n75,15,2,LH195 X PHM49,60,2022-07-18,115.43,0.1504686044297931,1.0,2,0,114.80640900701768,nitrogen,held_out_location
Scottsbluff|n75|11|5,Scottsbluff,n75,11,5,LH195 X PHM49,60,2022-07-18,109.95,0.0915533260354248,1.0,2,0,114.80640900701768,nitrogen,held_out_location
Scottsbluff|n75|8|3,Scottsbluff,n75,8,3,LH195 X PHZ51,60,2022-07-18,125.51,0.164394973823486,1.0,2,0,114.80640900701768,nitrogen,held_out_location
Scottsbluff|n75|18|3,Scottsbluff,n75,18,3,LH195 X PHZ51,60,2022-07-18,87.14,0.0949254118761485,1.0,2,0,114.80640900701768,nitrogen,held_out_location
Scottsbluff|n75|9|7,Scottsbluff,n75,9,7,LH198 X PHB47,60,2022-07-18,117.71,0.1813598504275598,1.0,2,0,114.80640900701768,nitrogen,held_out_location
Scottsbluff|n75|19|7,Scottsbluff,n75,19,7,LH198 X PHB47,60,2022-07-18,93.97,0.2047547707074098,1.0,2,0,114.80640900701768,nitrogen,held_out_location
Scottsbluff|n75|18|4,Scottsbluff,n75,18,4,LH198 X PHZ51,60,2022-07-18,98.94,0.2301738406099026,1.0,2,0,114.80640900701768,nitrogen,held_out_location
Scottsbluff|n75|11|6,Scottsbluff,n75,11,6,LH198 X PHZ51,60,2022-07-18,166.4,0.2264733580302496,1.0,2,0,114.80640900701768,nitrogen,held_out_location
Scottsbluff|n75|7|3,Scottsbluff,n75,7,3,LH74 X PHM49,60,2022-07-18,118.96,0.0550835932036067,1.0,2,0,114.80640900701768,nitrogen,held_out_location
Scottsbluff|n75|23|5,Scottsbluff,n75,23,5,LH74 X PHM49,60,2022-07-18,132.99,0.2209468178415786,1.0,2,0,114.80640900701768,nitrogen,held_out_location
Scottsbluff|n75|7|1,Scottsbluff,n75,7,1,LH74 X PHN82,60,2022-07-18,73.85,0.1660780499628195,1.0,2,0,114.80640900701768,nitrogen,held_out_location
Scottsbluff|n75|21|5,Scottsbluff,n75,21,5,LH74 X PHN82,60,2022-07-18,81.32,0.2155670550116448,1.0,2,0,114.80640900701768,nitrogen,held_out_location
Scottsbluff|n75|22|1,Scottsbluff,n75,22,1,LH82 X PHB47,60,2022-07-18,113.61,0.2241294677097713,1.0,2,0,114.80640900701768,nitrogen,held_out_location
Scottsbluff|n75|13|2,Scottsbluff,n75,13,2,LH82 X PHB47,60,2022-07-18,166.87,0.1964608258073116,1.0,2,0,114.80640900701768,nitrogen,held_out_location
Scottsbluff|n75|9|6,Scottsbluff,n75,9,6,LH82 X PHJ89,60,2022-07-18,143.55,0.2128434739593759,1.0,2,0,114.80640900701768,nitrogen,held_out_location
Scottsbluff|n75|23|6,Scottsbluff,n75,23,6,LH82 X PHJ89,60,2022-07-18,124.34,0.2530212168513038,1.0,2,0,114.80640900701768,nitrogen,held_out_location
Scottsbluff|n75|3|1,Scottsbluff,n75,3,1,LH82 X W606S,60,2022-07-18,160.29,0.2678188432980238,1.0,2,0,114.80640900701768,nitrogen,held_out_location
Scottsbluff|n75|20|3,Scottsbluff,n75,20,3,LH82 X W606S,60,2022-07-18,98.7,0.2088933531792519,1.0,2,0,114.80640900701768,nitrogen,held_out_location
Scottsbluff|n75|11|2,Scottsbluff,n75,11,2,N209 X 3IIH6,60,2022-07-18,153.65,0.2015712686695246,1.0,2,0,114.80640900701768,nitrogen,held_out_location
Scottsbluff|n75|27|5,Scottsbluff,n75,27,5,N209 X 3IIH6,60,2022-07-18,117.6,0.1897064027309438,1.0,2,0,114.80640900701768,nitrogen,held_out_location
Scottsbluff|n75|9|5,Scottsbluff,n75,9,5,PHB47 X 3IIH6,60,2022-07-18,125.05,0.0920067309709199,1.0,2,0,114.80640900701768,nitrogen,held_out_location
Scottsbluff|n75|22|6,Scottsbluff,n75,22,6,PHB47 X 3IIH6,60,2022-07-18,128.63,0.2513701345030784,1.0,2,0,114.80640900701768,nitrogen,held_out_location
Scottsbluff|n75|9|1,Scottsbluff,n75,9,1,PHB47 X LH185,60,2022-07-18,158.68,0.1627858469692652,1.0,2,0,114.80640900701768,nitrogen,held_out_location
Scottsbluff|n75|22|2,Scottsbluff,n75,22,2,PHB47 X LH185,60,2022-07-18,139.62,0.2215722010343963,1.0,2,0,114.80640900701768,nitrogen,held_out_location
Scottsbluff|n75|16|7,Scottsbluff,n75,16,7,PHB47 X PHJ89,60,2022-07-18,68.0,0.1797406538798875,1.0,2,0,114.80640900701768,nitrogen,held_out_location
Scottsbluff|n75|9|2,Scottsbluff,n75,9,2,PHB47 X PHK56,60,2022-07-18,153.2,0.2063950474718576,1.0,2,0,114.80640900701768,nitrogen,held_out_location
Scottsbluff|n75|23|2,Scottsbluff,n75,23,2,PHB47 X PHK56,60,2022-07-18,124.36,0.2220526059169571,1.0,2,0,114.80640900701768,nitrogen,held_out_location
Scottsbluff|n75|10|3,Scottsbluff,n75,10,3,PHG39 X PHM49,60,2022-07-18,134.6,0.1388516541342478,1.0,2,0,114.80640900701768,nitrogen,held_out_location
Scottsbluff|n75|18|7,Scottsbluff,n75,18,7,PHG39 X PHM49,60,2022-07-18,82.6,0.2188380452406253,1.0,2,0,114.80640900701768,nitrogen,held_out_location
Scottsbluff|n75|19|2,Scottsbluff,n75,19,2,PHG39 X PHN82,60,2022-07-18,70.78,0.1956051187515292,1.0,2,0,114.80640900701768,nitrogen,held_out_location
Scottsbluff|n75|10|5,Scottsbluff,n75,10,5,PHJ40 X LH82,60,2022-07-18,97.93,0.1356340314404577,1.0,2,0,114.80640900701768,nitrogen,held_out_location
Scottsbluff|n75|20|5,Scottsbluff,n75,20,5,PHJ40 X LH82,60,2022-07-18,74.34,0.1946644640658664,1.0,2,0,114.80640900701768,nitrogen,held_out_location
Scottsbluff|n75|26|2,Scottsbluff,n75,26,2,PHK56 X 3IIH6,60,2022-07-18,143.35,0.2174487282384502,1.0,2,0,114.80640900701768,nitrogen,held_out_location
Scottsbluff|n75|8|5,Scottsbluff,n75,8,5,PHK56 X 3IIH6,60,2022-07-18,131.69,0.1223441056276099,1.0,2,0,114.80640900701768,nitrogen,held_out_location
Scottsbluff|n75|20|2,Scottsbluff,n75,20,2,PHK56 X LH145,60,2022-07-18,96.57,0.2702120934384588,1.0,2,0,114.80640900701768,nitrogen,held_out_location
Scottsbluff|n75|6|4,Scottsbluff,n75,6,4,PHK56 X LH185,60,2022-07-18,141.85,0.2538713755234257,1.0,2,0,114.80640900701768,nitrogen,held_out_location
Scottsbluff|n75|24|4,Scottsbluff,n75,24,4,PHK56 X LH185,60,2022-07-18,135.3,0.2816822014292333,1.0,2,0,114.80640900701768,nitrogen,held_out_location
Scottsbluff|n75|22|5,Scottsbluff,n75,22,5,PHK56 X LH198,60,2022-07-18,116.57,0.2167701159647482,1.0,2,0,114.80640900701768,nitrogen,held_out_location
Scottsbluff|n75|8|6,Scottsbluff,n75,8,6,PHK56 X LH198,60,2022-07-18,145.01,0.2035114032072714,1.0,2,0,114.80640900701768,nitrogen,held_out_location
Scottsbluff|n75|4|5,Scottsbluff,n75,4,5,PHK56 X LH82,60,2022-07-18,106.36,0.1511859031576122,1.0,2,0,114.80640900701768,nitrogen,held_out_location
Scottsbluff|n75|21|6,Scottsbluff,n75,21,6,PHK56 X LH82,60,2022-07-18,155.3,0.2605160639117023,1.0,2,0,114.80640900701768,nitrogen,held_out_location
Scottsbluff|n75|13|4,Scottsbluff,n75,13,4,PHK56 X PHJ89,60,2022-07-18,132.77,0.1618427076777239,1.0,2,0,114.80640900701768,nitrogen,held_out_location
Scottsbluff|n75|24|6,Scottsbluff,n75,24,6,PHK56 X PHJ89,60,2022-07-18,118.5,0.2185671458324295,1.0,2,0,114.80640900701768,nitrogen,held_out_location
Scottsbluff|n75|26|5,Scottsbluff,n75,26,5,PHK56 X W606S,60,2022-07-18,124.54,0.2089624435091724,1.0,2,0,114.80640900701768,nitrogen,held_out_location
Scottsbluff|n75|3|7,Scottsbluff,n75,3,7,PHK56 X W606S,60,2022-07-18,128.01,0.15334688460692,1.0,2,0,114.80640900701768,nitrogen,held_out_location
Scottsbluff|n75|9|3,Scottsbluff,n75,9,3,PHK76 X 3IIH6,60,2022-07-18,125.07,0.113728971107291,1.0,2,0,114.80640900701768,nitrogen,held_out_location
Scottsbluff|n75|17|5,Scottsbluff,n75,17,5,PHK76 X 3IIH6,60,2022-07-18,72.3,0.1496538887843235,1.0,2,0,114.80640900701768,nitrogen,held_out_location
Scottsbluff|n75|12|1,Scottsbluff,n75,12,1,PHK76 X LH145,60,2022-07-18,130.91,0.1636076986908733,1.0,2,0,114.80640900701768,nitrogen,held_out_location
Scottsbluff|n75|16|4,Scottsbluff,n75,16,4,PHK76 X LH145,60,2022-07-18,84.97,0.2072719194023662,1.0,2,0,114.80640900701768,nitrogen,held_out_location
Scottsbluff|n75|24|3,Scottsbluff,n75,24,3,PHK76 X LH198,60,2022-07-18,130.09,0.1988074022272853,1.0,2,0,114.80640900701768,nitrogen,held_out_location
Scottsbluff|n75|8|7,Scottsbluff,n75,8,7,PHK76 X LH198,60,2022-07-18,124.51,0.1356654673121999,1.0,2,0,114.80640900701768,nitrogen,held_out_location
Scottsbluff|n75|9|4,Scottsbluff,n75,9,4,PHK76 X LH82,60,2022-07-18,130.11,0.2214860551373714,1.0,2,0,114.80640900701768,nitrogen,held_out_location
Scottsbluff|n75|3|5,Scottsbluff,n75,3,5,PHK76 X W606S,60,2022-07-18,118.19,0.2007763225383417,1.0,2,0,114.80640900701768,nitrogen,held_out_location
Scottsbluff|n75|16|6,Scottsbluff,n75,16,6,PHK76 X W606S,60,2022-07-18,108.83,0.2488895847063444,1.0,2,0,114.80640900701768,nitrogen,held_out_location
Scottsbluff|n75|24|2,Scottsbluff,n75,24,2,PHN46 X PHB47,60,2022-07-18,111.26,0.2212604191757107,1.0,2,0,114.80640900701768,nitrogen,held_out_location
Scottsbluff|n75|13|6,Scottsbluff,n75,13,6,PHN46 X PHB47,60,2022-07-18,136.86,0.2190562709042263,1.0,2,0,114.80640900701768,nitrogen,held_out_location
Scottsbluff|n75|27|6,Scottsbluff,n75,27,6,PHN46 X PHK56,60,2022-07-18,124.28,0.1847300351260469,1.0,2,0,114.80640900701768,nitrogen,held_out_location
Scottsbluff|n75|7|7,Scottsbluff,n75,7,7,PHN46 X PHK56,60,2022-07-18,127.93,0.1550964686040058,1.0,2,0,114.80640900701768,nitrogen,held_out_location
Scottsbluff|n75|4|3,Scottsbluff,n75,4,3,PHN46 X W606S,60,2022-07-18,131.77,0.1924749974787534,1.0,2,0,114.80640900701768,nitrogen,held_out_location
Scottsbluff|n75|16|5,Scottsbluff,n75,16,5,PHN46 X W606S,60,2022-07-18,83.64,0.1624379246556992,1.0,2,0,114.80640900701768,nitrogen,held_out_location
Scottsbluff|n75|12|5,Scottsbluff,n75,12,5,PHP02 X LH145,60,2022-07-18,119.56,0.1734830043042134,1.0,2,0,114.80640900701768,nitrogen,held_out_location
Scottsbluff|n75|21|7,Scottsbluff,n75,21,7,PHP02 X LH145,60,2022-07-18,107.16,0.2651806391105284,1.0,2,0,114.80640900701768,nitrogen,held_out_location
Scottsbluff|n75|8|1,Scottsbluff,n75,8,1,PHP02 X LH185,60,2022-07-18,145.12,0.1924569359098807,1.0,2,0,114.80640900701768,nitrogen,held_out_location
Scottsbluff|n75|15|7,Scottsbluff,n75,15,7,PHP02 X LH185,60,2022-07-18,86.26,0.1933643108848113,1.0,2,0,114.80640900701768,nitrogen,held_out_location
Scottsbluff|n75|26|3,Scottsbluff,n75,26,3,PHP02 X LH198,60,2022-07-18,113.59,0.2744729783136797,1.0,2,0,114.80640900701768,nitrogen,held_out_location
Scottsbluff|n75|4|4,Scottsbluff,n75,4,4,PHP02 X LH198,60,2022-07-18,134.53,0.2420174367928466,1.0,2,0,114.80640900701768,nitrogen,held_out_location
Scottsbluff|n75|10|1,Scottsbluff,n75,10,1,PHP02 X LH82,60,2022-07-18,128.64,0.1638745024041978,1.0,2,0,114.80640900701768,nitrogen,held_out_location
Scottsbluff|n75|19|6,Scottsbluff,n75,19,6,PHP02 X LH82,60,2022-07-18,94.33,0.2337624209575428,1.0,2,0,114.80640900701768,nitrogen,held_out_location
Scottsbluff|n75|19|1,Scottsbluff,n75,19,1,PHP02 X PHB47,60,2022-07-18,102.3,0.2376653849730078,1.0,2,0,114.80640900701768,nitrogen,held_out_location
Scottsbluff|n75|5|7,Scottsbluff,n75,5,7,PHP02 X PHB47,60,2022-07-18,75.49,0.1858647811987748,1.0,2,0,114.80640900701768,nitrogen,held_out_location
Scottsbluff|n75|7|6,Scottsbluff,n75,7,6,PHP02 X PHG47,60,2022-07-18,164.93,0.2003829402307592,1.0,2,0,114.80640900701768,nitrogen,held_out_location
Scottsbluff|n75|18|6,Scottsbluff,n75,18,6,PHP02 X PHG47,60,2022-07-18,111.39,0.2384625759409279,1.0,2,0,114.80640900701768,nitrogen,held_out_location
Scottsbluff|n75|11|1,Scottsbluff,n75,11,1,PHP02 X PHJ89,60,2022-07-18,146.41,0.1387595063367138,1.0,2,0,114.80640900701768,nitrogen,held_out_location
Scottsbluff|n75|21|4,Scottsbluff,n75,21,4,PHP02 X PHJ89,60,2022-07-18,153.38,0.251404909790003,1.0,2,0,114.80640900701768,nitrogen,held_out_location
Scottsbluff|n75|14|1,Scottsbluff,n75,14,1,PHP02 X PHK56,60,2022-07-18,126.22,0.10336768116555,1.0,2,0,114.80640900701768,nitrogen,held_out_location
Scottsbluff|n75|27|4,Scottsbluff,n75,27,4,PHP02 X PHK56,60,2022-07-18,118.4,0.2622612676201114,1.0,2,0,114.80640900701768,nitrogen,held_out_location
Scottsbluff|n75|11|4,Scottsbluff,n75,11,4,PHP02 X PHK76,60,2022-07-18,130.0,0.2510177630613928,1.0,2,0,114.80640900701768,nitrogen,held_out_location
Scottsbluff|n75|26|4,Scottsbluff,n75,26,4,PHP02 X PHK76,60,2022-07-18,121.93,0.3105186474941483,1.0,2,0,114.80640900701768,nitrogen,held_out_location
Scottsbluff|n75|15|1,Scottsbluff,n75,15,1,PHP02 X PHN46,60,2022-07-18,113.42,0.1553371055664176,1.0,2,0,114.80640900701768,nitrogen,held_out_location
Scottsbluff|n75|5|5,Scottsbluff,n75,5,5,PHP02 X PHN46,60,2022-07-18,113.6,0.2132728044530276,1.0,2,0,114.80640900701768,nitrogen,held_out_location
Scottsbluff|n75|11|3,Scottsbluff,n75,11,3,PHP02 X W606S,60,2022-07-18,147.22,0.1300782925190617,1.0,2,0,114.80640900701768,nitrogen,held_out_location
Scottsbluff|n75|20|6,Scottsbluff,n75,20,6,PHP02 X W606S,60,2022-07-18,110.23,0.2056952328108325,1.0,2,0,114.80640900701768,nitrogen,held_out_location
Scottsbluff|n75|14|4,Scottsbluff,n75,14,4,PHT69 X 3IIH6,60,2022-07-18,116.34,0.2182454370273329,1.0,2,0,114.80640900701768,nitrogen,held_out_location
Scottsbluff|n75|17|7,Scottsbluff,n75,17,7,PHT69 X 3IIH6,60,2022-07-18,84.48,0.197281295989205,1.0,2,0,114.80640900701768,nitrogen,held_out_location
Scottsbluff|n75|26|1,Scottsbluff,n75,26,1,PHW52 X LH185,60,2022-07-18,116.87,0.1623314753111764,1.0,2,0,114.80640900701768,nitrogen,held_out_location
Scottsbluff|n75|14|6,Scottsbluff,n75,14,6,PHW52 X LH185,60,2022-07-18,104.14,0.2355983044049242,1.0,2,0,114.80640900701768,nitrogen,held_out_location
Scottsbluff|n75|5|2,Scottsbluff,n75,5,2,PHW52 X PHM49,60,2022-07-18,135.65,0.2347832549441041,1.0,2,0,114.80640900701768,nitrogen,held_out_location
Scottsbluff|n75|14|3,Scottsbluff,n75,14,3,PHW52 X PHN82,60,2022-07-18,113.92,0.1277987313108878,1.0,2,0,114.80640900701768,nitrogen,held_out_location
Scottsbluff|n75|20|4,Scottsbluff,n75,20,4,PHW52 X PHN82,60,2022-07-18,89.66,0.190076501369972,1.0,2,0,114.80640900701768,nitrogen,held_out_location
Scottsbluff|n75|8|2,Scottsbluff,n75,8,2,PHW52 X PHZ51,60,2022-07-18,159.01,0.2203852627599045,1.0,2,0,114.80640900701768,nitrogen,held_out_location
Scottsbluff|n75|17|3,Scottsbluff,n75,17,3,PHW52 X PHZ51,60,2022-07-18,60.06,0.0577315554861619,1.0,2,0,114.80640900701768,nitrogen,held_out_location
Scottsbluff|n75|19|3,Scottsbluff,n75,19,3,PHZ51 X LH145,60,2022-07-18,121.64,0.2235608665336251,1.0,2,0,114.80640900701768,nitrogen,held_out_location
Scottsbluff|n75|5|6,Scottsbluff,n75,5,6,PHZ51 X LH145,60,2022-07-18,101.22,0.2139891789425115,1.0,2,0,114.80640900701768,nitrogen,held_out_location
Scottsbluff|n75|19|5,Scottsbluff,n75,19,5,PIONEER 1311 AMXT,60,2022-07-18,51.28,0.2147949805066036,1.0,2,0,114.80640900701768,nitrogen,held_out_location
Scottsbluff|n75|12|6,Scottsbluff,n75,12,6,PIONEER 1311 AMXT,60,2022-07-18,181.88,0.2283556622207929,1.0,2,0,114.80640900701768,nitrogen,held_out_location
Scottsbluff|n75|15|3,Scottsbluff,n75,15,3,PIONEER P0589 AMXT,60,2022-07-18,109.26,0.1117290765014117,1.0,2,0,114.80640900701768,nitrogen,held_out_location
Scottsbluff|n75|4|7,Scottsbluff,n75,4,7,PIONEER P0589 AMXT,60,2022-07-18,101.73,0.2010184839872254,1.0,2,0,114.80640900701768,nitrogen,held_out_location
Scottsbluff|n75|5|1,Scottsbluff,n75,5,1,SYNGENTA NK0760-3111,60,2022-07-18,167.55,0.2520892280439239,1.0,2,0,114.80640900701768,nitrogen,held_out_location
Scottsbluff|n75|14|2,Scottsbluff,n75,14,2,SYNGENTA NK0760-3111,60,2022-07-18,132.66,0.1250871219897627,1.0,2,0,114.80640900701768,nitrogen,held_out_location
Scottsbluff|n75|17|2,Scottsbluff,n75,17,2,SYNGENTA NK0760-3111,60,2022-07-18,124.49,0.1079583585369542,1.0,2,0,114.80640900701768,nitrogen,held_out_location
Scottsbluff|n75|22|4,Scottsbluff,n75,22,4,SYNGENTA NK0760-3111,60,2022-07-18,91.51,0.2583393015542516,1.0,2,0,114.80640900701768,nitrogen,held_out_location
Scottsbluff|n75|10|7,Scottsbluff,n75,10,7,SYNGENTA NK0760-3111,60,2022-07-18,155.33,0.1139263252470799,1.0,2,0,114.80640900701768,nitrogen,held_out_location
Scottsbluff|n75|11|7,Scottsbluff,n75,11,7,SYNGENTA NK0760-3111,60,2022-07-18,161.78,0.1429723654333498,1.0,2,0,114.80640900701768,nitrogen,held_out_location
Scottsbluff|n75|12|7,Scottsbluff,n75,12,7,SYNGENTA NK0760-3111,60,2022-07-18,187.61,0.1727622363005499,1.0,2,0,114.80640900701768,nitrogen,held_out_location
Scottsbluff|n75|13|7,Scottsbluff,n75,13,7,SYNGENTA NK0760-3111,60,2022-07-18,151.39,0.1043272310136907,1.0,2,0,114.80640900701768,nitrogen,held_out_location
Scottsbluff|n75|14|7,Scottsbluff,n75,14,7,SYNGENTA NK0760-3111,60,2022-07-18,140.55,0.1861490942211568,1.0,2,0,114.80640900701768,nitrogen,held_out_location
Scottsbluff|n75|22|7,Scottsbluff,n75,22,7,SYNGENTA NK0760-3111,60,2022-07-18,160.21,0.2184642537003004,1.0,2,0,114.80640900701768,nitrogen,held_out_location
Scottsbluff|n75|13|1,Scottsbluff,n75,13,1,WF9 X H95,60,2022-07-18,97.94,0.1480575433989905,1.0,2,0,114.80640900701768,nitrogen,held_out_location
Scottsbluff|n150|17|12,Scottsbluff,n150,17,12,2369 X 3IIH6,60,2022-07-18,142.9,0.2056246826683556,1.0,2,0,115.88401087982507,nitrogen,held_out_location
Scottsbluff|n150|7|14,Scottsbluff,n150,7,14,2369 X 3IIH6,60,2022-07-18,127.4,0.1465001365891497,1.0,2,0,115.88401087982507,nitrogen,held_out_location
Scottsbluff|n150|25|15,Scottsbluff,n150,25,15,2369 X LH123HT,60,2022-07-18,150.56,0.2349470143158409,1.0,2,0,115.88401087982507,nitrogen,held_out_location
Scottsbluff|n150|5|16,Scottsbluff,n150,5,16,2369 X LH123HT,60,2022-07-18,158.52,0.2546366527008909,1.0,2,0,115.88401087982507,nitrogen,held_out_location
Scottsbluff|n150|7|11,Scottsbluff,n150,7,11,2369 X PHN82,60,2022-07-18,157.98,0.1960150170867493,1.0,2,0,115.88401087982507,nitrogen,held_out_location
Scottsbluff|n150|22|13,Scottsbluff,n150,22,13,2369 X PHN82,60,2022-07-18,155.55,0.269553975632521,1.0,2,0,115.88401087982507,nitrogen,held_out_location
Scottsbluff|n150|17|14,Scottsbluff,n150,17,14,2369 X PHP02,60,2022-07-18,154.31,0.1914281808806132,1.0,2,0,115.88401087982507,nitrogen,held_out_location
Scottsbluff|n150|9|16,Scottsbluff,n150,9,16,2369 X PHP02,60,2022-07-18,146.88,0.1700608154598598,1.0,2,0,115.88401087982507,nitrogen,held_out_location
Scottsbluff|n150|11|11,Scottsbluff,n150,11,11,2369 X PHZ51,60,2022-07-18,140.56,0.1441941531162326,1.0,2,0,115.88401087982507,nitrogen,held_out_location
Scottsbluff|n150|9|12,Scottsbluff,n150,9,12,2FACC X 3IIH6,60,2022-07-18,195.15,0.1627011516405564,1.0,2,0,115.88401087982507,nitrogen,held_out_location
Scottsbluff|n150|21|16,Scottsbluff,n150,21,16,2FACC X 3IIH6,60,2022-07-18,157.42,0.1948626366524488,1.0,2,0,115.88401087982507,nitrogen,held_out_location
Scottsbluff|n150|19|11,Scottsbluff,n150,19,11,4N506 X 3IIH6,60,2022-07-18,106.65,0.1802020035965332,1.0,2,0,115.88401087982507,nitrogen,held_out_location
Scottsbluff|n150|6|15,Scottsbluff,n150,6,15,4N506 X 3IIH6,60,2022-07-18,156.93,0.2715678214006153,1.0,2,0,115.88401087982507,nitrogen,held_out_location
Scottsbluff|n150|4|14,Scottsbluff,n150,4,14,B105 X 3IIH6,60,2022-07-18,98.9,0.2117528737667415,1.0,2,0,115.88401087982507,nitrogen,held_out_location
Scottsbluff|n150|18|15,Scottsbluff,n150,18,15,B105 X 3IIH6,60,2022-07-18,144.62,0.2536394677568767,1.0,2,0,115.88401087982507,nitrogen,held_out_location
Scottsbluff|n150|27|13,Scottsbluff,n150,27,13,B14A X MO17,60,2022-07-18,147.5,0.2818563447273139,1.0,2,0,115.88401087982507,nitrogen,held_out_location
Scottsbluff|n150|13|16,Scottsbluff,n150,13,16,B14A X MO17,60,2022-07-18,139.91,0.1454115309576358,1.0,2,0,115.88401087982507,nitrogen,held_out_location
Scottsbluff|n150|6|12,Scottsbluff,n150,6,12,B37 X H95,60,2022-07-18,124.17,0.2986633771168256,1.0,2,0,115.88401087982507,nitrogen,held_out_location
Scottsbluff|n150|18|13,Scottsbluff,n150,18,13,B37 X H95,60,2022-07-18,105.45,0.2392967297139587,1.0,2,0,115.88401087982507,nitrogen,held_out_location
Scottsbluff|n150|26|16,Scottsbluff,n150,26,16,B37 X MO17,60,2022-07-18,103.17,0.2511569684321154,1.0,2,0,115.88401087982507,nitrogen,held_out_location
Scottsbluff|n150|4|17,Scottsbluff,n150,4,17,B37 X MO17,60,2022-07-18,131.71,0.2384763000060177,1.0,2,0,115.88401087982507,nitrogen,held_out_location
Scottsbluff|n150|8|13,Scottsbluff,n150,8,13,B37 X OH43,60,2022-07-18,137.0,0.1802222874626117,1.0,2,0,115.88401087982507,nitrogen,held_out_location
Scottsbluff|n150|26|15,Scottsbluff,n150,26,15,B37 X OH43,60,2022-07-18,127.58,0.2699867687695799,1.0,2,0,115.88401087982507,nitrogen,held_out_location
Scottsbluff|n150|19|13,Scottsbluff,n150,19,13,B73 X 3IIH6,60,2022-07-18,152.92,0.2196610328768917,1.0,2,0,115.88401087982507,nitrogen,held_out_location
Scottsbluff|n150|8|16,Scottsbluff,n150,8,16,B73 X 3IIH6,60,2022-07-18,182.58,0.2015312064421346,1.0,2,0,115.88401087982507,nitrogen,held_out_location
Scottsbluff|n150|19|14,Scottsbluff,n150,19,14,B73 X MO17,60,2022-07-18,139.14,0.261604640902941,1.0,2,0,115.88401087982507,nitrogen,held_out_location
Scottsbluff|n150|26|11,Scottsbluff,n150,26,11,B73 X PHM49,60,2022-07-18,138.68,0.2293048597087111,1.0,2,0,115.88401087982507,nitrogen,held_out_location
Scottsbluff|n150|4|13,Scottsbluff,n150,4,13,B73 X PHM49,60,2022-07-18,130.81,0.236534294869278,1.0,2,0,115.88401087982507,nitrogen,held_out_location
Scottsbluff|n150|15|14,Scottsbluff,n150,15,14,B73 X PHN82,60,2022-07-18,184.18,0.1756572815286927,1.0,2,0,115.88401087982507,nitrogen,held_out_location
Scottsbluff|n150|8|15,Scottsbluff,n150,8,15,B73 X PHN82,60,2022-07-18,192.8,0.2634223954415825,1.0,2,0,115.88401087982507,nitrogen,held_out_location
Scottsbluff|n150|16|11,Scottsbluff,n150,16,11,B73 X PHZ51,60,2022-07-18,100.55,0.1510011883861728,1.0,2,0,115.88401087982507,nitrogen,held_out_location
Scottsbluff|n150|7|16,Scottsbluff,n150,7,16,B73 X PHZ51,60,2022-07-18,137.73,0.1705444179296443,1.0,2,0,115.88401087982507,nitrogen,held_out_location
Scottsbluff|n150|3|12,Scottsbluff,n150,3,12,B84 X 3IIH6,60,2022-07-18,145.33,0.2422569027611044,1.0,2,0,115.88401087982507,nitrogen,held_out_location
Scottsbluff|n150|20|16,Scottsbluff,n150,20,16,B84 X 3IIH6,60,2022-07-18,154.38,0.1769854051653316,1.0,2,0,115.88401087982507,nitrogen,held_out_location
Scottsbluff|n150|7|13,Scottsbluff,n150,7,13,F42 X MO17,60,2022-07-18,154.97,0.1946852794769016,1.0,2,0,115.88401087982507,nitrogen,held_out_location
Scottsbluff|n150|24|14,Scottsbluff,n150,24,14,F42 X MO17,60,2022-07-18,138.88,0.2523794869063977,1.0,2,0,115.88401087982507,nitrogen,held_out_location
Scottsbluff|n150|26|12,Scottsbluff,n150,26,12,F42 X OH43,60,2022-07-18,118.46,0.2651345313448466,1.0,2,0,115.88401087982507,nitrogen,held_out_location
Scottsbluff|n150|13|15,Scottsbluff,n150,13,15,F42 X OH43,60,2022-07-18,173.1,0.1433586499095887,1.0,2,0,115.88401087982507,nitrogen,held_out_location
Scottsbluff|n150|11|14,Scottsbluff,n150,11,14,HOEGEMEYER 7089 AMXT,60,2022-07-18,156.92,0.1504975548045521,1.0,2,0,115.88401087982507,nitrogen,held_out_location
Scottsbluff|n150|18|16,Scottsbluff,n150,18,16,HOEGEMEYER 7089 AMXT,60,2022-07-18,166.6,0.2096190361735368,1.0,2,0,115.88401087982507,nitrogen,held_out_location
Scottsbluff|n150|5|11,Scottsbluff,n150,5,11,HOEGEMEYER 8065RR,60,2022-07-18,154.43,0.2986954641346719,1.0,2,0,115.88401087982507,nitrogen,held_out_location
Scottsbluff|n150|19|12,Scottsbluff,n150,19,12,HOEGEMEYER 8065RR,60,2022-07-18,185.31,0.184960510559818,1.0,2,0,115.88401087982507,nitrogen,held_out_location
Scottsbluff|n150|21|11,Scottsbluff,n150,21,11,LH123HT X 3IIH6,60,2022-07-18,151.04,0.2459841614806435,1.0,2,0,115.88401087982507,nitrogen,held_out_location
Scottsbluff|n150|10|15,Scottsbluff,n150,10,15,LH123HT X 3IIH6,60,2022-07-18,156.55,0.2006028545240278,1.0,2,0,115.88401087982507,nitrogen,held_out_location
Scottsbluff|n150|16|13,Scottsbluff,n150,16,13,LH123HT X PHB47,60,2022-07-18,130.61,0.1935881475063602,1.0,2,0,115.88401087982507,nitrogen,held_out_location
Scottsbluff|n150|12|14,Scottsbluff,n150,12,14,LH123HT X PHB47,60,2022-07-18,192.0,0.18942926808271,1.0,2,0,115.88401087982507,nitrogen,held_out_location
Scottsbluff|n150|10|11,Scottsbluff,n150,10,11,LH145 X LH162,60,2022-07-18,109.78,0.1728322414507697,1.0,2,0,115.88401087982507,nitrogen,held_out_location
Scottsbluff|n150|16|17,Scottsbluff,n150,16,17,LH145 X LH162,60,2022-07-18,128.5,0.1902307666087193,1.0,2,0,115.88401087982507,nitrogen,held_out_location
Scottsbluff|n150|26|14,Scottsbluff,n150,26,14,LH185 X LH145,60,2022-07-18,147.93,0.2503742464569285,1.0,2,0,115.88401087982507,nitrogen,held_out_location
Scottsbluff|n150|20|13,Scottsbluff,n150,20,13,LH185 X LH82,60,2022-07-18,139.35,0.2465953638168596,1.0,2,0,115.88401087982507,nitrogen,held_out_location
Scottsbluff|n150|4|16,Scottsbluff,n150,4,16,LH185 X LH82,60,2022-07-18,120.89,0.2416874563740079,1.0,2,0,115.88401087982507,nitrogen,held_out_location
Scottsbluff|n150|15|17,Scottsbluff,n150,15,17,LH185 X W606S,60,2022-07-18,170.04,0.1681486264576067,1.0,2,0,115.88401087982507,nitrogen,held_out_location
Scottsbluff|n150|25|12,Scottsbluff,n150,25,12,LH195 X 3IIH6,60,2022-07-18,182.48,0.2149759829033161,1.0,2,0,115.88401087982507,nitrogen,held_out_location
Scottsbluff|n150|5|14,Scottsbluff,n150,5,14,LH195 X 3IIH6,60,2022-07-18,108.37,0.2041381699251633,1.0,2,0,115.88401087982507,nitrogen,held_out_location
Scottsbluff|n150|13|11,Scottsbluff,n150,13,11,LH195 X LH123HT,60,2022-07-18,117.32,0.1466206508662949,1.0,2,0,115.88401087982507,nitrogen,held_out_location
Scottsbluff|n150|20|17,Scottsbluff,n150,20,17,LH195 X LH123HT,60,2022-07-18,145.04,0.225196304129027,1.0,2,0,115.88401087982507,nitrogen,held_out_location
Scottsbluff|n150|21|13,Scottsbluff,n150,21,13,LH195 X LH185,60,2022-07-18,175.41,0.2612107049823981,1.0,2,0,115.88401087982507,nitrogen,held_out_location
Scottsbluff|n150|7|15,Scottsbluff,n150,7,15,LH195 X LH185,60,2022-07-18,190.8,0.2133567395843356,1.0,2,0,115.88401087982507,nitrogen,held_out_location
Scottsbluff|n150|23|11,Scottsbluff,n150,23,11,LH195 X PHM49,60,2022-07-18,115.59,0.230130954307601,1.0,2,0,115.88401087982507,nitrogen,held_out_location
Scottsbluff|n150|8|14,Scottsbluff,n150,8,14,LH195 X PHM49,60,2022-07-18,133.01,0.2059071557066765,1.0,2,0,115.88401087982507,nitrogen,held_out_location
Scottsbluff|n150|20|14,Scottsbluff,n150,20,14,LH195 X PHZ51,60,2022-07-18,139.44,0.2606987882388952,1.0,2,0,115.88401087982507,nitrogen,held_out_location
Scottsbluff|n150|5|17,Scottsbluff,n150,5,17,LH195 X PHZ51,60,2022-07-18,146.19,0.2430547810389455,1.0,2,0,115.88401087982507,nitrogen,held_out_location
Scottsbluff|n150|16|14,Scottsbluff,n150,16,14,LH198 X PHB47,60,2022-07-18,121.34,0.2000942326703708,1.0,2,0,115.88401087982507,nitrogen,held_out_location
Scottsbluff|n150|9|15,Scottsbluff,n150,9,15,LH198 X PHB47,60,2022-07-18,161.37,0.1745295129508414,1.0,2,0,115.88401087982507,nitrogen,held_out_location
Scottsbluff|n150|23|13,Scottsbluff,n150,23,13,LH198 X PHZ51,60,2022-07-18,149.73,0.2592175769989737,1.0,2,0,115.88401087982507,nitrogen,held_out_location
Scottsbluff|n150|6|14,Scottsbluff,n150,6,14,LH198 X PHZ51,60,2022-07-18,117.09,0.2310263256843976,1.0,2,0,115.88401087982507,nitrogen,held_out_location
Scottsbluff|n150|10|14,Scottsbluff,n150,10,14,LH74 X PHM49,60,2022-07-18,140.02,0.1798219853571178,1.0,2,0,115.88401087982507,nitrogen,held_out_location
Scottsbluff|n150|23|16,Scottsbluff,n150,23,16,LH74 X PHM49,60,2022-07-18,163.91,0.2272613773265258,1.0,2,0,115.88401087982507,nitrogen,held_out_location
Scottsbluff|n150|20|15,Scottsbluff,n150,20,15,LH74 X PHN82,60,2022-07-18,139.54,0.255898866439245,1.0,2,0,115.88401087982507,nitrogen,held_out_location
Scottsbluff|n150|3|16,Scottsbluff,n150,3,16,LH74 X PHN82,60,2022-07-18,118.47,0.17736125921617,1.0,2,0,115.88401087982507,nitrogen,held_out_location
Scottsbluff|n150|5|12,Scottsbluff,n150,5,12,LH82 X PHB47,60,2022-07-18,145.47,0.2704695083042463,1.0,2,0,115.88401087982507,nitrogen,held_out_location
Scottsbluff|n150|23|15,Scottsbluff,n150,23,15,LH82 X PHB47,60,2022-07-18,140.28,0.2560841273454123,1.0,2,0,115.88401087982507,nitrogen,held_out_location
Scottsbluff|n150|8|11,Scottsbluff,n150,8,11,LH82 X PHJ89,60,2022-07-18,148.56,0.21408012556148,1.0,2,0,115.88401087982507,nitrogen,held_out_location
Scottsbluff|n150|22|11,Scottsbluff,n150,22,11,LH82 X PHJ89,60,2022-07-18,119.87,0.265230051270613,1.0,2,0,115.88401087982507,nitrogen,held_out_location
Scottsbluff|n150|13|13,Scottsbluff,n150,13,13,LH82 X W606S,60,2022-07-18,148.71,0.1775772313765076,1.0,2,0,115.88401087982507,nitrogen,held_out_location
Scottsbluff|n150|23|14,Scottsbluff,n150,23,14,LH82 X W606S,60,2022-07-18,149.98,0.2013630944056669,1.0,2,0,115.88401087982507,nitrogen,held_out_location
Scottsbluff|n150|13|12,Scottsbluff,n150,13,12,N209 X 3IIH6,60,2022-07-18,158.6,0.1680021538647123,1.0,2,0,115.88401087982507,nitrogen,held_out_location
Scottsbluff|n150|15|13,Scottsbluff,n150,15,13,N209 X 3IIH6,60,2022-07-18,156.07,0.1637838545218909,1.0,2,0,115.88401087982507,nitrogen,held_out_location
Scottsbluff|n150|11|13,Scottsbluff,n150,11,13,PHB47 X 3IIH6,60,2022-07-18,165.46,0.1848317967607678,1.0,2,0,115.88401087982507,nitrogen,held_out_location
Scottsbluff|n150|22|15,Scottsbluff,n150,22,15,PHB47 X 3IIH6,60,2022-07-18,153.82,0.2481032314086036,1.0,2,0,115.88401087982507,nitrogen,held_out_location
Scottsbluff|n150|12|16,Scottsbluff,n150,12,16,PHB47 X LH185,60,2022-07-18,164.11,0.1537256602464841,1.0,2,0,115.88401087982507,nitrogen,held_out_location
Scottsbluff|n150|22|16,Scottsbluff,n150,22,16,PHB47 X LH185,60,2022-07-18,126.12,0.2381719040044604,1.0,2,0,115.88401087982507,nitrogen,held_out_location
Scottsbluff|n150|27|15,Scottsbluff,n150,27,15,PHB47 X PHJ89,60,2022-07-18,170.2,0.2292492545212039,1.0,2,0,115.88401087982507,nitrogen,held_out_location
Scottsbluff|n150|15|12,Scottsbluff,n150,15,12,PHB47 X PHK56,60,2022-07-18,153.06,0.1530502752069311,1.0,2,0,115.88401087982507,nitrogen,held_out_location
Scottsbluff|n150|8|17,Scottsbluff,n150,8,17,PHB47 X PHK56,60,2022-07-18,174.94,0.1760932222398219,1.0,2,0,115.88401087982507,nitrogen,held_out_location
Scottsbluff|n150|6|11,Scottsbluff,n150,6,11,PHG39 X PHM49,60,2022-07-18,115.77,0.2574421904731881,1.0,2,0,115.88401087982507,nitrogen,held_out_location
Scottsbluff|n150|21|14,Scottsbluff,n150,21,14,PHG39 X PHM49,60,2022-07-18,144.68,0.2162572016304962,1.0,2,0,115.88401087982507,nitrogen,held_out_location
Scottsbluff|n150|17|17,Scottsbluff,n150,17,17,PHG39 X PHN82,60,2022-07-18,141.42,0.1865264414709934,1.0,2,0,115.88401087982507,nitrogen,held_out_location
Scottsbluff|n150|8|12,Scottsbluff,n150,8,12,PHJ40 X LH82,60,2022-07-18,154.29,0.1933487916332339,1.0,2,0,115.88401087982507,nitrogen,held_out_location
Scottsbluff|n150|19|15,Scottsbluff,n150,19,15,PHJ40 X LH82,60,2022-07-18,153.98,0.2643652002518568,1.0,2,0,115.88401087982507,nitrogen,held_out_location
Scottsbluff|n150|4|11,Scottsbluff,n150,4,11,PHK56 X 3IIH6,60,2022-07-18,143.31,0.2852341952782537,1.0,2,0,115.88401087982507,nitrogen,held_out_location
Scottsbluff|n150|25|16,Scottsbluff,n150,25,16,PHK56 X 3IIH6,60,2022-07-18,137.15,0.2245731239567145,1.0,2,0,115.88401087982507,nitrogen,held_out_location
Scottsbluff|n150|24|12,Scottsbluff,n150,24,12,PHK56 X LH145,60,2022-07-18,138.53,0.2520659764363671,1.0,2,0,115.88401087982507,nitrogen,held_out_location
Scottsbluff|n150|6|16,Scottsbluff,n150,6,16,PHK56 X LH185,60,2022-07-18,169.97,0.2563391349131725,1.0,2,0,115.88401087982507,nitrogen,held_out_location
Scottsbluff|n150|24|16,Scottsbluff,n150,24,16,PHK56 X LH185,60,2022-07-18,165.84,0.2220690217462726,1.0,2,0,115.88401087982507,nitrogen,held_out_location
Scottsbluff|n150|12|12,Scottsbluff,n150,12,12,PHK56 X LH198,60,2022-07-18,179.79,0.2255394038152275,1.0,2,0,115.88401087982507,nitrogen,held_out_location
Scottsbluff|n150|22|12,Scottsbluff,n150,22,12,PHK56 X LH198,60,2022-07-18,198.63,0.2816536808768732,1.0,2,0,115.88401087982507,nitrogen,held_out_location
Scottsbluff|n150|4|12,Scottsbluff,n150,4,12,PHK56 X LH82,60,2022-07-18,157.76,0.2452314054123849,1.0,2,0,115.88401087982507,nitrogen,held_out_location
Scottsbluff|n150|21|15,Scottsbluff,n150,21,15,PHK56 X LH82,60,2022-07-18,158.99,0.2635059261022658,1.0,2,0,115.88401087982507,nitrogen,held_out_location
Scottsbluff|n150|27|12,Scottsbluff,n150,27,12,PHK56 X PHJ89,60,2022-07-18,142.89,0.2402135808539254,1.0,2,0,115.88401087982507,nitrogen,held_out_location
Scottsbluff|n150|14|15,Scottsbluff,n150,14,15,PHK56 X PHJ89,60,2022-07-18,155.82,0.1621214324257082,1.0,2,0,115.88401087982507,nitrogen,held_out_location
Scottsbluff|n150|11|15,Scottsbluff,n150,11,15,PHK56 X W606S,60,2022-07-18,180.53,0.1622847964736608,1.0,2,0,115.88401087982507,nitrogen,held_out_location
Scottsbluff|n150|16|15,Scottsbluff,n150,16,15,PHK56 X W606S,60,2022-07-18,140.31,0.2368482207697894,1.0,2,0,115.88401087982507,nitrogen,held_out_location
Scottsbluff|n150|11|12,Scottsbluff,n150,11,12,PHK76 X 3IIH6,60,2022-07-18,166.16,0.1978492844098061,1.0,2,0,115.88401087982507,nitrogen,held_out_location
Scottsbluff|n150|16|16,Scottsbluff,n150,16,16,PHK76 X 3IIH6,60,2022-07-18,123.84,0.1630715975440599,1.0,2,0,115.88401087982507,nitrogen,held_out_location
Scottsbluff|n150|7|12,Scottsbluff,n150,7,12,PHK76 X LH145,60,2022-07-18,117.46,0.2043005691334198,1.0,2,0,115.88401087982507,nitrogen,held_out_location
Scottsbluff|n150|17|15,Scottsbluff,n150,17,15,PHK76 X LH145,60,2022-07-18,145.18,0.2280156333675986,1.0,2,0,115.88401087982507,nitrogen,held_out_location
Scottsbluff|n150|9|11,Scottsbluff,n150,9,11,PHK76 X LH198,60,2022-07-18,136.8,0.198367556106091,1.0,2,0,115.88401087982507,nitrogen,held_out_location
Scottsbluff|n150|19|17,Scottsbluff,n150,19,17,PHK76 X LH198,60,2022-07-18,163.9,0.2114767505562089,1.0,2,0,115.88401087982507,nitrogen,held_out_location
Scottsbluff|n150|4|15,Scottsbluff,n150,4,15,PHK76 X LH82,60,2022-07-18,137.38,0.2416987787577413,1.0,2,0,115.88401087982507,nitrogen,held_out_location
Scottsbluff|n150|18|17,Scottsbluff,n150,18,17,PHK76 X LH82,60,2022-07-18,146.13,0.213465511768898,1.0,2,0,115.88401087982507,nitrogen,held_out_location
Scottsbluff|n150|10|12,Scottsbluff,n150,10,12,PHK76 X W606S,60,2022-07-18,150.17,0.1443289154466307,1.0,2,0,115.88401087982507,nitrogen,held_out_location
Scottsbluff|n150|19|16,Scottsbluff,n150,19,16,PHK76 X W606S,60,2022-07-18,130.58,0.2095701647168383,1.0,2,0,115.88401087982507,nitrogen,held_out_location
Scottsbluff|n150|10|13,Scottsbluff,n150,10,13,PHN46 X PHB47,60,2022-07-18,165.53,0.1929450682236119,1.0,2,0,115.88401087982507,nitrogen,held_out_location
Scottsbluff|n150|27|14,Scottsbluff,n150,27,14,PHN46 X PHB47,60,2022-07-18,151.03,0.2494266239597456,1.0,2,0,115.88401087982507,nitrogen,held_out_location
Scottsbluff|n150|12|11,Scottsbluff,n150,12,11,PHN46 X PHK56,60,2022-07-18,142.5,0.1955093691377173,1.0,2,0,115.88401087982507,nitrogen,held_out_location
Scottsbluff|n150|15|11,Scottsbluff,n150,15,11,PHN46 X PHK56,60,2022-07-18,80.01,0.1509488711647128,1.0,2,0,115.88401087982507,nitrogen,held_out_location
Scottsbluff|n150|3|14,Scottsbluff,n150,3,14,PHN46 X W606S,60,2022-07-18,125.4,0.2184500881854018,1.0,2,0,115.88401087982507,nitrogen,held_out_location
Scottsbluff|n150|25|14,Scottsbluff,n150,25,14,PHN46 X W606S,60,2022-07-18,143.43,0.239453157869103,1.0,2,0,115.88401087982507,nitrogen,held_out_location
Scottsbluff|n150|3|11,Scottsbluff,n150,3,11,PHP02 X LH145,60,2022-07-18,129.13,0.2591738694548019,1.0,2,0,115.88401087982507,nitrogen,held_out_location
Scottsbluff|n150|15|15,Scottsbluff,n150,15,15,PHP02 X LH145,60,2022-07-18,149.32,0.1987447471001759,1.0,2,0,115.88401087982507,nitrogen,held_out_location
Scottsbluff|n150|25|11,Scottsbluff,n150,25,11,PHP02 X LH185,60,2022-07-18,120.13,0.2452482671033276,1.0,2,0,115.88401087982507,nitrogen,held_out_location
Scottsbluff|n150|6|13,Scottsbluff,n150,6,13,PHP02 X LH185,60,2022-07-18,120.61,0.2825141249863992,1.0,2,0,115.88401087982507,nitrogen,held_out_location
Scottsbluff|n150|9|13,Scottsbluff,n150,9,13,PHP02 X LH198,60,2022-07-18,169.14,0.189781288214354,1.0,2,0,115.88401087982507,nitrogen,held_out_location
Scottsbluff|n150|25|13,Scottsbluff,n150,25,13,PHP02 X LH198,60,2022-07-18,153.72,0.2646029065311799,1.0,2,0,115.88401087982507,nitrogen,held_out_location
Scottsbluff|n150|18|11,Scottsbluff,n150,18,11,PHP02 X LH82,60,2022-07-18,101.56,0.1859366605046145,1.0,2,0,115.88401087982507,nitrogen,held_out_location
Scottsbluff|n150|3|15,Scottsbluff,n150,3,15,PHP02 X LH82,60,2022-07-18,133.58,0.2274645239916056,1.0,2,0,115.88401087982507,nitrogen,held_out_location
Scottsbluff|n150|3|13,Scottsbluff,n150,3,13,PHP02 X PHB47,60,2022-07-18,114.16,0.2502118817852042,1.0,2,0,115.88401087982507,nitrogen,held_out_location
Scottsbluff|n150|17|16,Scottsbluff,n150,17,16,PHP02 X PHB47,60,2022-07-18,162.31,0.1884550210095643,1.0,2,0,115.88401087982507,nitrogen,held_out_location
Scottsbluff|n150|5|13,Scottsbluff,n150,5,13,PHP02 X PHG47,60,2022-07-18,149.01,0.2471061787681208,1.0,2,0,115.88401087982507,nitrogen,held_out_location
Scottsbluff|n150|17|13,Scottsbluff,n150,17,13,PHP02 X PHG47,60,2022-07-18,152.86,0.2271604002346288,1.0,2,0,115.88401087982507,nitrogen,held_out_location
Scottsbluff|n150|20|12,Scottsbluff,n150,20,12,PHP02 X PHJ89,60,2022-07-18,167.3,0.2217298415796079,1.0,2,0,115.88401087982507,nitrogen,held_out_location
Scottsbluff|n150|3|17,Scottsbluff,n150,3,17,PHP02 X PHJ89,60,2022-07-18,168.21,0.1855113511309023,1.0,2,0,115.88401087982507,nitrogen,held_out_location
Scottsbluff|n150|12|15,Scottsbluff,n150,12,15,PHP02 X PHK56,60,2022-07-18,167.24,0.172935548286966,1.0,2,0,115.88401087982507,nitrogen,held_out_location
Scottsbluff|n150|27|16,Scottsbluff,n150,27,16,PHP02 X PHK56,60,2022-07-18,148.08,0.2210950250062503,1.0,2,0,115.88401087982507,nitrogen,held_out_location
Scottsbluff|n150|18|14,Scottsbluff,n150,18,14,PHP02 X PHK76,60,2022-07-18,144.33,0.2320304038620223,1.0,2,0,115.88401087982507,nitrogen,held_out_location
Scottsbluff|n150|9|17,Scottsbluff,n150,9,17,PHP02 X PHK76,60,2022-07-18,170.82,0.1727992640883094,1.0,2,0,115.88401087982507,nitrogen,held_out_location
Scottsbluff|n150|12|13,Scottsbluff,n150,12,13,PHP02 X PHN46,60,2022-07-18,158.27,0.194612460904086,1.0,2,0,115.88401087982507,nitrogen,held_out_location
Scottsbluff|n150|21|17,Scottsbluff,n150,21,17,PHP02 X PHN46,60,2022-07-18,169.63,0.2134988042377706,1.0,2,0,115.88401087982507,nitrogen,held_out_location
Scottsbluff|n150|13|14,Scottsbluff,n150,13,14,PHP02 X W606S,60,2022-07-18,186.18,0.1527541988214538,1.0,2,0,115.88401087982507,nitrogen,held_out_location
Scottsbluff|n150|15|16,Scottsbluff,n150,15,16,PHP02 X W606S,60,2022-07-18,167.2,0.2076085393295688,1.0,2,0,115.88401087982507,nitrogen,held_out_location
Scottsbluff|n150|23|12,Scottsbluff,n150,23,12,PHT69 X 3IIH6,60,2022-07-18,176.99,0.2370786524041125,1.0,2,0,115.88401087982507,nitrogen,held_out_location
Scottsbluff|n150|11|16,Scottsbluff,n150,11,16,PHT69 X 3IIH6,60,2022-07-18,140.86,0.137034435923297,1.0,2,0,115.88401087982507,nitrogen,held_out_location
Scottsbluff|n150|24|11,Scottsbluff,n150,24,11,PHW52 X LH185,60,2022-07-18,167.36,0.2255096811652374,1.0,2,0,115.88401087982507,nitrogen,held_out_location
Scottsbluff|n150|14|16,Scottsbluff,n150,14,16,PHW52 X LH185,60,2022-07-18,159.01,0.1612854918465196,1.0,2,0,115.88401087982507,nitrogen,held_out_location
Scottsbluff|n150|14|11,Scottsbluff,n150,14,11,PHW52 X PHM49,60,2022-07-18,116.13,0.1277629425445774,1.0,2,0,115.88401087982507,nitrogen,held_out_location
Scottsbluff|n150|18|12,Scottsbluff,n150,18,12,PHW52 X PHM49,60,2022-07-18,144.19,0.1832051618459385,1.0,2,0,115.88401087982507,nitrogen,held_out_location
Scottsbluff|n150|21|12,Scottsbluff,n150,21,12,PHW52 X PHN82,60,2022-07-18,152.07,0.259001554041274,1.0,2,0,115.88401087982507,nitrogen,held_out_location
Scottsbluff|n150|6|17,Scottsbluff,n150,6,17,PHW52 X PHN82,60,2022-07-18,185.51,0.258696935139746,1.0,2,0,115.88401087982507,nitrogen,held_out_location
Scottsbluff|n150|26|13,Scottsbluff,n150,26,13,PHW52 X PHZ51,60,2022-07-18,154.5,0.283774355248763,1.0,2,0,115.88401087982507,nitrogen,held_out_location
Scottsbluff|n150|9|14,Scottsbluff,n150,9,14,PHW52 X PHZ51,60,2022-07-18,123.09,0.1824028540753545,1.0,2,0,115.88401087982507,nitrogen,held_out_location
Scottsbluff|n150|14|12,Scottsbluff,n150,14,12,PHZ51 X LH145,60,2022-07-18,104.83,0.1838422130958981,1.0,2,0,115.88401087982507,nitrogen,held_out_location
Scottsbluff|n150|16|12,Scottsbluff,n150,16,12,PHZ51 X LH145,60,2022-07-18,87.99,0.1406838164274264,1.0,2,0,115.88401087982507,nitrogen,held_out_location
Scottsbluff|n150|17|11,Scottsbluff,n150,17,11,PIONEER 1311 AMXT,60,2022-07-18,99.84,0.1698951039389508,1.0,2,0,115.88401087982507,nitrogen,held_out_location
Scottsbluff|n150|5|15,Scottsbluff,n150,5,15,PIONEER 1311 AMXT,60,2022-07-18,159.93,0.2526183028957724,1.0,2,0,115.88401087982507,nitrogen,held_out_location
Scottsbluff|n150|24|13,Scottsbluff,n150,24,13,PIONEER P0589 AMXT,60,2022-07-18,158.66,0.2571845256846353,1.0,2,0,115.88401087982507,nitrogen,held_out_location
Scottsbluff|n150|10|16,Scottsbluff,n150,10,16,PIONEER P0589 AMXT,60,2022-07-18,200.92,0.1326999833491505,1.0,2,0,115.88401087982507,nitrogen,held_out_location
Scottsbluff|n150|14|13,Scottsbluff,n150,14,13,SYNGENTA NK0760-3111,60,2022-07-18,188.72,0.1588225297451595,1.0,2,0,115.88401087982507,nitrogen,held_out_location
Scottsbluff|n150|22|14,Scottsbluff,n150,22,14,SYNGENTA NK0760-3111,60,2022-07-18,72.24,0.2248377259379285,1.0,2,0,115.88401087982507,nitrogen,held_out_location
Scottsbluff|n150|24|15,Scottsbluff,n150,24,15,SYNGENTA NK0760-3111,60,2022-07-18,204.3,0.2512735890858508,1.0,2,0,115.88401087982507,nitrogen,held_out_location
Scottsbluff|n150|7|17,Scottsbluff,n150,7,17,SYNGENTA NK0760-3111,60,2022-07-18,213.55,0.1958123465207225,1.0,2,0,115.88401087982507,nitrogen,held_out_location
Scottsbluff|n150|10|17,Scottsbluff,n150,10,17,SYNGENTA NK0760-3111,60,2022-07-18,216.31,0.1465950741852673,1.0,2,0,115.88401087982507,nitrogen,held_out_location
Scottsbluff|n150|11|17,Scottsbluff,n150,11,17,SYNGENTA NK0760-3111,60,2022-07-18,229.16,0.184479370645084,1.0,2,0,115.88401087982507,nitrogen,held_out_location
Scottsbluff|n150|12|17,Scottsbluff,n150,12,17,SYNGENTA NK0760-3111,60,2022-07-18,216.9,0.1517995643106307,1.0,2,0,115.88401087982507,nitrogen,held_out_location
Scottsbluff|n150|13|17,Scottsbluff,n150,13,17,SYNGENTA NK0760-3111,60,2022-07-18,211.3,0.1644701776121779,1.0,2,0,115.88401087982507,nitrogen,held_out_location
Scottsbluff|n150|14|17,Scottsbluff,n150,14,17,SYNGENTA NK0760-3111,60,2022-07-18,222.53,0.158769842358329,1.0,2,0,115.88401087982507,nitrogen,held_out_location
Scottsbluff|n150|22|17,Scottsbluff,n150,22,17,SYNGENTA NK0760-3111,60,2022-07-18,171.89,0.2393912624978093,1.0,2,0,115.88401087982507,nitrogen,held_out_location
Scottsbluff|n150|20|11,Scottsbluff,n150,20,11,WF9 X H95,60,2022-07-18,97.34,0.1934691865028027,1.0,2,0,115.88401087982507,nitrogen,held_out_location
Scottsbluff|n150|14|14,Scottsbluff,n150,14,14,WF9 X H95,60,2022-07-18,122.57,0.2049900483776674,1.0,2,0,115.88401087982507,nitrogen,held_out_location
Scottsbluff|n225|20|21,Scottsbluff,n225,20,21,2369 X 3IIH6,60,2022-07-18,183.83,0.1668592565419417,1.0,2,0,93.82802480258883,nitrogen,held_out_location
Scottsbluff|n225|11|22,Scottsbluff,n225,11,22,2369 X 3IIH6,60,2022-07-18,191.1,0.1902125557342402,1.0,2,0,93.82802480258883,nitrogen,held_out_location
Scottsbluff|n225|23|23,Scottsbluff,n225,23,23,2369 X LH123HT,60,2022-07-18,156.34,0.2077645468404668,1.0,2,0,93.82802480258883,nitrogen,held_out_location
Scottsbluff|n225|11|25,Scottsbluff,n225,11,25,2369 X LH123HT,60,2022-07-18,165.5,0.1795548214169914,1.0,2,0,93.82802480258883,nitrogen,held_out_location
Scottsbluff|n225|21|20,Scottsbluff,n225,21,20,2369 X PHN82,60,2022-07-18,184.3,0.1812943259683477,1.0,2,0,93.82802480258883,nitrogen,held_out_location
Scottsbluff|n225|9|22,Scottsbluff,n225,9,22,2369 X PHN82,60,2022-07-18,110.56,0.1757608440156577,1.0,2,0,93.82802480258883,nitrogen,held_out_location
Scottsbluff|n225|13|20,Scottsbluff,n225,13,20,2369 X PHP02,60,2022-07-18,200.64,0.1788568994519016,1.0,2,0,93.82802480258883,nitrogen,held_out_location
Scottsbluff|n225|19|25,Scottsbluff,n225,19,25,2369 X PHP02,60,2022-07-18,157.55,0.1350064214046709,1.0,2,0,93.82802480258883,nitrogen,held_out_location
Scottsbluff|n225|4|21,Scottsbluff,n225,4,21,2369 X PHZ51,60,2022-07-18,188.97,0.2821656643997935,1.0,2,0,93.82802480258883,nitrogen,held_out_location
Scottsbluff|n225|20|22,Scottsbluff,n225,20,22,2369 X PHZ51,60,2022-07-18,181.77,0.2173418266243083,1.0,2,0,93.82802480258883,nitrogen,held_out_location
Scottsbluff|n225|5|25,Scottsbluff,n225,5,25,2FACC X 3IIH6,60,2022-07-18,194.4,0.2841869858081178,1.0,2,0,93.82802480258883,nitrogen,held_out_location
Scottsbluff|n225|25|25,Scottsbluff,n225,25,25,2FACC X 3IIH6,60,2022-07-18,192.47,0.1977250009367358,1.0,2,0,93.82802480258883,nitrogen,held_out_location
Scottsbluff|n225|24|20,Scottsbluff,n225,24,20,4N506 X 3IIH6,60,2022-07-18,161.62,0.2187921085815104,1.0,2,0,93.82802480258883,nitrogen,held_out_location
Scottsbluff|n225|3|25,Scottsbluff,n225,3,25,4N506 X 3IIH6,60,2022-07-18,182.26,0.2373990309098813,1.0,2,0,93.82802480258883,nitrogen,held_out_location
Scottsbluff|n225|3|21,Scottsbluff,n225,3,21,B105 X 3IIH6,60,2022-07-18,179.06,0.2120804308150679,1.0,2,0,93.82802480258883,nitrogen,held_out_location
Scottsbluff|n225|27|22,Scottsbluff,n225,27,22,B105 X 3IIH6,60,2022-07-18,128.68,0.2226840975887564,1.0,2,0,93.82802480258883,nitrogen,held_out_location
Scottsbluff|n225|12|24,Scottsbluff,n225,12,24,B14A X MO17,60,2022-07-18,52.55,0.2184066998857475,1.0,2,0,93.82802480258883,nitrogen,held_out_location
Scottsbluff|n225|25|24,Scottsbluff,n225,25,24,B14A X MO17,60,2022-07-18,135.56,0.2073021205933606,1.0,2,0,93.82802480258883,nitrogen,held_out_location
Scottsbluff|n225|5|21,Scottsbluff,n225,5,21,B37 X H95,60,2022-07-18,177.0,0.2830025726436205,1.0,2,0,93.82802480258883,nitrogen,held_out_location
Scottsbluff|n225|24|24,Scottsbluff,n225,24,24,B37 X H95,60,2022-07-18,109.55,0.2354626330167996,1.0,2,0,93.82802480258883,nitrogen,held_out_location
Scottsbluff|n225|20|24,Scottsbluff,n225,20,24,B37 X MO17,60,2022-07-18,97.58,0.1598603569693755,1.0,2,0,93.82802480258883,nitrogen,held_out_location
Scottsbluff|n225|6|26,Scottsbluff,n225,6,26,B37 X MO17,60,2022-07-18,167.69,0.2668827273350549,1.0,2,0,93.82802480258883,nitrogen,held_out_location
Scottsbluff|n225|12|20,Scottsbluff,n225,12,20,B37 X OH43,60,2022-07-18,152.58,0.1316390558071237,1.0,2,0,93.82802480258883,nitrogen,held_out_location
Scottsbluff|n225|24|22,Scottsbluff,n225,24,22,B37 X OH43,60,2022-07-18,141.57,0.2360124626927791,1.0,2,0,93.82802480258883,nitrogen,held_out_location
Scottsbluff|n225|10|20,Scottsbluff,n225,10,20,B73 X 3IIH6,60,2022-07-18,225.69,0.1302801079648355,1.0,2,0,93.82802480258883,nitrogen,held_out_location
Scottsbluff|n225|22|26,Scottsbluff,n225,22,26,B73 X 3IIH6,60,2022-07-18,204.14,0.2532854002862952,1.0,2,0,93.82802480258883,nitrogen,held_out_location
Scottsbluff|n225|14|20,Scottsbluff,n225,14,20,B73 X MO17,60,2022-07-18,187.73,0.1661065230239373,1.0,2,0,93.82802480258883,nitrogen,held_out_location
Scottsbluff|n225|13|21,Scottsbluff,n225,13,21,B73 X PHM49,60,2022-07-18,175.38,0.2305474881645963,1.0,2,0,93.82802480258883,nitrogen,held_out_location
Scottsbluff|n225|26|24,Scottsbluff,n225,26,24,B73 X PHM49,60,2022-07-18,159.07,0.2189919159140405,1.0,2,0,93.82802480258883,nitrogen,held_out_location
Scottsbluff|n225|10|21,Scottsbluff,n225,10,21,B73 X PHN82,60,2022-07-18,189.74,0.1534891958271242,1.0,2,0,93.82802480258883,nitrogen,held_out_location
Scottsbluff|n225|26|22,Scottsbluff,n225,26,22,B73 X PHN82,60,2022-07-18,149.28,0.2320485761188543,1.0,2,0,93.82802480258883,nitrogen,held_out_location
Scottsbluff|n225|7|20,Scottsbluff,n225,7,20,B73 X PHZ51,60,2022-07-18,197.85,0.19936323117586,1.0,2,0,93.82802480258883,nitrogen,held_out_location
Scottsbluff|n225|20|25,Scottsbluff,n225,20,25,B73 X PHZ51,60,2022-07-18,162.67,0.1249071644122875,1.0,2,0,93.82802480258883,nitrogen,held_out_location
Scottsbluff|n225|4|23,Scottsbluff,n225,4,23,B84 X 3IIH6,60,2022-07-18,166.29,0.2283913717365568,1.0,2,0,93.82802480258883,nitrogen,held_out_location
Scottsbluff|n225|26|23,Scottsbluff,n225,26,23,B84 X 3IIH6,60,2022-07-18,153.48,0.2481537124888751,1.0,2,0,93.82802480258883,nitrogen,held_out_location
Scottsbluff|n225|6|25,Scottsbluff,n225,6,25,F42 X MO17,60,2022-07-18,198.41,0.2478639452478289,1.0,2,0,93.82802480258883,nitrogen,held_out_location
Scottsbluff|n225|21|25,Scottsbluff,n225,21,25,F42 X MO17,60,2022-07-18,149.6,0.194196199152782,1.0,2,0,93.82802480258883,nitrogen,held_out_location
Scottsbluff|n225|27|20,Scottsbluff,n225,27,20,F42 X OH43,60,2022-07-18,169.09,0.190063044107266,1.0,2,0,93.82802480258883,nitrogen,held_out_location
Scottsbluff|n225|13|25,Scottsbluff,n225,13,25,F42 X OH43,60,2022-07-18,150.31,0.2305520135621705,1.0,2,0,93.82802480258883,nitrogen,held_out_location
Scottsbluff|n225|15|21,Scottsbluff,n225,15,21,HOEGEMEYER 7089 AMXT,60,2022-07-18,190.52,0.1663164285193816,1.0,2,0,93.82802480258883,nitrogen,held_out_location
Scottsbluff|n225|5|26,Scottsbluff,n225,5,26,HOEGEMEYER 7089 AMXT,60,2022-07-18,208.89,0.2814492557124139,1.0,2,0,93.82802480258883,nitrogen,held_out_location
Scottsbluff|n225|16|23,Scottsbluff,n225,16,23,HOEGEMEYER 8065RR,60,2022-07-18,183.21,0.1880000459583403,1.0,2,0,93.82802480258883,nitrogen,held_out_location
Scottsbluff|n225|9|20,Scottsbluff,n225,9,20,LH123HT X 3IIH6,60,2022-07-18,188.91,0.1689746066491997,1.0,2,0,93.82802480258883,nitrogen,held_out_location
Scottsbluff|n225|25|21,Scottsbluff,n225,25,21,LH123HT X 3IIH6,60,2022-07-18,138.27,0.2383794254162906,1.0,2,0,93.82802480258883,nitrogen,held_out_location
Scottsbluff|n225|17|20,Scottsbluff,n225,17,20,LH123HT X PHB47,60,2022-07-18,182.31,0.1441591141254514,1.0,2,0,93.82802480258883,nitrogen,held_out_location
Scottsbluff|n225|10|23,Scottsbluff,n225,10,23,LH123HT X PHB47,60,2022-07-18,131.48,0.1930619002215297,1.0,2,0,93.82802480258883,nitrogen,held_out_location
Scottsbluff|n225|5|23,Scottsbluff,n225,5,23,LH145 X LH162,60,2022-07-18,149.68,0.2952810999549835,1.0,2,0,93.82802480258883,nitrogen,held_out_location
Scottsbluff|n225|25|23,Scottsbluff,n225,25,23,LH145 X LH162,60,2022-07-18,121.17,0.2702600507201451,1.0,2,0,93.82802480258883,nitrogen,held_out_location
Scottsbluff|n225|19|22,Scottsbluff,n225,19,22,LH185 X LH145,60,2022-07-18,145.69,0.2316706335507549,1.0,2,0,93.82802480258883,nitrogen,held_out_location
Scottsbluff|n225|19|26,Scottsbluff,n225,19,26,LH185 X LH82,60,2022-07-18,167.3,0.2192020794271217,1.0,2,0,93.82802480258883,nitrogen,held_out_location
Scottsbluff|n225|18|20,Scottsbluff,n225,18,20,LH185 X W606S,60,2022-07-18,154.69,0.1656812380860068,1.0,2,0,93.82802480258883,nitrogen,held_out_location
Scottsbluff|n225|12|21,Scottsbluff,n225,12,21,LH195 X 3IIH6,60,2022-07-18,185.06,0.167985322581817,1.0,2,0,93.82802480258883,nitrogen,held_out_location
Scottsbluff|n225|22|25,Scottsbluff,n225,22,25,LH195 X 3IIH6,60,2022-07-18,206.18,0.2424211838373142,1.0,2,0,93.82802480258883,nitrogen,held_out_location
Scottsbluff|n225|26|21,Scottsbluff,n225,26,21,LH195 X LH123HT,60,2022-07-18,170.4,0.2372837598601085,1.0,2,0,93.82802480258883,nitrogen,held_out_location
Scottsbluff|n225|7|22,Scottsbluff,n225,7,22,LH195 X LH123HT,60,2022-07-18,134.64,0.1503526754875645,1.0,2,0,93.82802480258883,nitrogen,held_out_location
Scottsbluff|n225|21|24,Scottsbluff,n225,21,24,LH195 X LH185,60,2022-07-18,91.79,0.1676364045348728,1.0,2,0,93.82802480258883,nitrogen,held_out_location
Scottsbluff|n225|3|22,Scottsbluff,n225,3,22,LH195 X PHM49,60,2022-07-18,175.84,0.2400349117413257,1.0,2,0,93.82802480258883,nitrogen,held_out_location
Scottsbluff|n225|25|22,Scottsbluff,n225,25,22,LH195 X PHM49,60,2022-07-18,152.08,0.2113916278431651,1.0,2,0,93.82802480258883,nitrogen,held_out_location
Scottsbluff|n225|14|21,Scottsbluff,n225,14,21,LH195 X PHZ51,60,2022-07-18,168.76,0.2211577760404068,1.0,2,0,93.82802480258883,nitrogen,held_out_location
Scottsbluff|n225|27|24,Scottsbluff,n225,27,24,LH195 X PHZ51,60,2022-07-18,135.48,0.104298713842082,1.0,2,0,93.82802480258883,nitrogen,held_out_location
Scottsbluff|n225|5|20,Scottsbluff,n225,5,20,LH198 X PHB47,60,2022-07-18,176.93,0.2352809584003601,1.0,2,0,93.82802480258883,nitrogen,held_out_location
Scottsbluff|n225|18|23,Scottsbluff,n225,18,23,LH198 X PHB47,60,2022-07-18,145.7,0.2288840277779385,1.0,2,0,93.82802480258883,nitrogen,held_out_location
Scottsbluff|n225|10|22,Scottsbluff,n225,10,22,LH198 X PHZ51,60,2022-07-18,177.24,0.1642784402758965,1.0,2,0,93.82802480258883,nitrogen,held_out_location
Scottsbluff|n225|23|22,Scottsbluff,n225,23,22,LH198 X PHZ51,60,2022-07-18,176.83,0.2534300779224248,1.0,2,0,93.82802480258883,nitrogen,held_out_location
Scottsbluff|n225|22|22,Scottsbluff,n225,22,22,LH74 X PHM49,60,2022-07-18,177.56,0.2457363743795183,1.0,2,0,93.82802480258883,nitrogen,held_out_location
Scottsbluff|n225|14|24,Scottsbluff,n225,14,24,LH74 X PHM49,60,2022-07-18,105.78,0.2191872296520458,1.0,2,0,93.82802480258883,nitrogen,held_out_location
Scottsbluff|n225|23|25,Scottsbluff,n225,23,25,LH74 X PHN82,60,2022-07-18,172.43,0.2228697148608858,1.0,2,0,93.82802480258883,nitrogen,held_out_location
Scottsbluff|n225|7|26,Scottsbluff,n225,7,26,LH74 X PHN82,60,2022-07-18,188.58,0.1812773348220841,1.0,2,0,93.82802480258883,nitrogen,held_out_location
Scottsbluff|n225|21|22,Scottsbluff,n225,21,22,LH82 X PHB47,60,2022-07-18,111.22,0.2133795036141124,1.0,2,0,93.82802480258883,nitrogen,held_out_location
Scottsbluff|n225|4|26,Scottsbluff,n225,4,26,LH82 X PHB47,60,2022-07-18,163.65,0.2750051957122742,1.0,2,0,93.82802480258883,nitrogen,held_out_location
Scottsbluff|n225|3|20,Scottsbluff,n225,3,20,LH82 X PHJ89,60,2022-07-18,171.11,0.1944670421019337,1.0,2,0,93.82802480258883,nitrogen,held_out_location
Scottsbluff|n225|21|21,Scottsbluff,n225,21,21,LH82 X PHJ89,60,2022-07-18,144.62,0.228178773981374,1.0,2,0,93.82802480258883,nitrogen,held_out_location
Scottsbluff|n225|20|20,Scottsbluff,n225,20,20,LH82 X W606S,60,2022-07-18,161.56,0.2154675669291808,1.0,2,0,93.82802480258883,nitrogen,held_out_location
Scottsbluff|n225|14|22,Scottsbluff,n225,14,22,LH82 X W606S,60,2022-07-18,103.35,0.2560257614229414,1.0,2,0,93.82802480258883,nitrogen,held_out_location
Scottsbluff|n225|6|23,Scottsbluff,n225,6,23,N209 X 3IIH6,60,2022-07-18,170.22,0.3021940436846124,1.0,2,0,93.82802480258883,nitrogen,held_out_location
Scottsbluff|n225|21|26,Scottsbluff,n225,21,26,N209 X 3IIH6,60,2022-07-18,190.99,0.2408156207113502,1.0,2,0,93.82802480258883,nitrogen,held_out_location
Scottsbluff|n225|22|21,Scottsbluff,n225,22,21,PHB47 X 3IIH6,60,2022-07-18,169.11,0.2498268565715001,1.0,2,0,93.82802480258883,nitrogen,held_out_location
Scottsbluff|n225|3|26,Scottsbluff,n225,3,26,PHB47 X 3IIH6,60,2022-07-18,192.43,0.1901413253302663,1.0,2,0,93.82802480258883,nitrogen,held_out_location
Scottsbluff|n225|6|20,Scottsbluff,n225,6,20,PHB47 X LH185,60,2022-07-18,200.31,0.2398949684500304,1.0,2,0,93.82802480258883,nitrogen,held_out_location
Scottsbluff|n225|23|21,Scottsbluff,n225,23,21,PHB47 X LH185,60,2022-07-18,169.94,0.2216236860453591,1.0,2,0,93.82802480258883,nitrogen,held_out_location
Scottsbluff|n225|27|25,Scottsbluff,n225,27,25,PHB47 X PHJ89,60,2022-07-18,147.28,0.1912109356382447,1.0,2,0,93.82802480258883,nitrogen,held_out_location
Scottsbluff|n225|25|20,Scottsbluff,n225,25,20,PHB47 X PHK56,60,2022-07-18,169.45,0.2070498464140253,1.0,2,0,93.82802480258883,nitrogen,held_out_location
Scottsbluff|n225|13|23,Scottsbluff,n225,13,23,PHB47 X PHK56,60,2022-07-18,172.49,0.2092079533963937,1.0,2,0,93.82802480258883,nitrogen,held_out_location
Scottsbluff|n225|8|21,Scottsbluff,n225,8,21,PHG39 X PHM49,60,2022-07-18,182.09,0.1901853449100973,1.0,2,0,93.82802480258883,nitrogen,held_out_location
Scottsbluff|n225|27|23,Scottsbluff,n225,27,23,PHG39 X PHM49,60,2022-07-18,154.98,0.2054538981765597,1.0,2,0,93.82802480258883,nitrogen,held_out_location
Scottsbluff|n225|20|23,Scottsbluff,n225,20,23,PHG39 X PHN82,60,2022-07-18,161.93,0.1949606329274286,1.0,2,0,93.82802480258883,nitrogen,held_out_location
Scottsbluff|n225|5|22,Scottsbluff,n225,5,22,PHJ40 X LH82,60,2022-07-18,139.37,0.2313146639765896,1.0,2,0,93.82802480258883,nitrogen,held_out_location
Scottsbluff|n225|19|24,Scottsbluff,n225,19,24,PHJ40 X LH82,60,2022-07-18,130.02,0.1249955774815653,1.0,2,0,93.82802480258883,nitrogen,held_out_location
Scottsbluff|n225|9|21,Scottsbluff,n225,9,21,PHK56 X 3IIH6,60,2022-07-18,172.69,0.1740261936010178,1.0,2,0,93.82802480258883,nitrogen,held_out_location
Scottsbluff|n225|16|26,Scottsbluff,n225,16,26,PHK56 X LH145,60,2022-07-18,137.65,0.2338928211268636,1.0,2,0,93.82802480258883,nitrogen,held_out_location
Scottsbluff|n225|8|20,Scottsbluff,n225,8,20,PHK56 X LH198,60,2022-07-18,218.19,0.1679152757394221,1.0,2,0,93.82802480258883,nitrogen,held_out_location
Scottsbluff|n225|22|20,Scottsbluff,n225,22,20,PHK56 X LH198,60,2022-07-18,187.17,0.2290396130345229,1.0,2,0,93.82802480258883,nitrogen,held_out_location
Scottsbluff|n225|11|20,Scottsbluff,n225,11,20,PHK56 X LH82,60,2022-07-18,179.59,0.1460689133219305,1.0,2,0,93.82802480258883,nitrogen,held_out_location
Scottsbluff|n225|17|22,Scottsbluff,n225,17,22,PHK56 X LH82,60,2022-07-18,127.99,0.1567627405238258,1.0,2,0,93.82802480258883,nitrogen,held_out_location
Scottsbluff|n225|23|20,Scottsbluff,n225,23,20,PHK56 X PHJ89,60,2022-07-18,158.48,0.2125922296150538,1.0,2,0,93.82802480258883,nitrogen,held_out_location
Scottsbluff|n225|8|23,Scottsbluff,n225,8,23,PHK56 X PHJ89,60,2022-07-18,161.03,0.2055293926330078,1.0,2,0,93.82802480258883,nitrogen,held_out_location
Scottsbluff|n225|19|20,Scottsbluff,n225,19,20,PHK56 X W606S,60,2022-07-18,157.06,0.2050798314544113,1.0,2,0,93.82802480258883,nitrogen,held_out_location
Scottsbluff|n225|6|22,Scottsbluff,n225,6,22,PHK76 X 3IIH6,60,2022-07-18,133.89,0.2623710100735849,1.0,2,0,93.82802480258883,nitrogen,held_out_location
Scottsbluff|n225|18|26,Scottsbluff,n225,18,26,PHK76 X 3IIH6,60,2022-07-18,171.91,0.1520154612985221,1.0,2,0,93.82802480258883,nitrogen,held_out_location
Scottsbluff|n225|6|21,Scottsbluff,n225,6,21,PHK76 X LH145,60,2022-07-18,145.01,0.262951845806939,1.0,2,0,93.82802480258883,nitrogen,held_out_location
Scottsbluff|n225|16|25,Scottsbluff,n225,16,25,PHK76 X LH145,60,2022-07-18,113.88,0.1876327348583448,1.0,2,0,93.82802480258883,nitrogen,held_out_location
Scottsbluff|n225|4|22,Scottsbluff,n225,4,22,PHK76 X LH198,60,2022-07-18,109.99,0.2410016270729639,1.0,2,0,93.82802480258883,nitrogen,held_out_location
Scottsbluff|n225|17|23,Scottsbluff,n225,17,23,PHK76 X LH198,60,2022-07-18,153.04,0.1812724935872316,1.0,2,0,93.82802480258883,nitrogen,held_out_location
Scottsbluff|n225|4|20,Scottsbluff,n225,4,20,PHK76 X LH82,60,2022-07-18,162.67,0.2330061267383068,1.0,2,0,93.82802480258883,nitrogen,held_out_location
Scottsbluff|n225|15|25,Scottsbluff,n225,15,25,PHK76 X W606S,60,2022-07-18,134.67,0.1751918687127798,1.0,2,0,93.82802480258883,nitrogen,held_out_location
Scottsbluff|n225|18|21,Scottsbluff,n225,18,21,PHN46 X PHB47,60,2022-07-18,152.16,0.2055116385010789,1.0,2,0,93.82802480258883,nitrogen,held_out_location
Scottsbluff|n225|11|23,Scottsbluff,n225,11,23,PHN46 X PHB47,60,2022-07-18,178.53,0.1783723835628148,1.0,2,0,93.82802480258883,nitrogen,held_out_location
Scottsbluff|n225|12|22,Scottsbluff,n225,12,22,PHN46 X PHK56,60,2022-07-18,162.02,0.1588590297181119,1.0,2,0,93.82802480258883,nitrogen,held_out_location
Scottsbluff|n225|15|24,Scottsbluff,n225,15,24,PHN46 X PHK56,60,2022-07-18,56.64,0.1997765639695465,1.0,2,0,93.82802480258883,nitrogen,held_out_location
Scottsbluff|n225|8|22,Scottsbluff,n225,8,22,PHN46 X W606S,60,2022-07-18,129.2,0.1846293778279213,1.0,2,0,93.82802480258883,nitrogen,held_out_location
Scottsbluff|n225|19|23,Scottsbluff,n225,19,23,PHN46 X W606S,60,2022-07-18,156.35,0.2140030015302024,1.0,2,0,93.82802480258883,nitrogen,held_out_location
Scottsbluff|n225|15|22,Scottsbluff,n225,15,22,PHP02 X LH145,60,2022-07-18,78.75,0.2379405754586377,1.0,2,0,93.82802480258883,nitrogen,held_out_location
Scottsbluff|n225|13|24,Scottsbluff,n225,13,24,PHP02 X LH145,60,2022-07-18,49.68,0.2401039054471172,1.0,2,0,93.82802480258883,nitrogen,held_out_location
Scottsbluff|n225|18|22,Scottsbluff,n225,18,22,PHP02 X LH185,60,2022-07-18,155.97,0.2321627009740072,1.0,2,0,93.82802480258883,nitrogen,held_out_location
Scottsbluff|n225|14|23,Scottsbluff,n225,14,23,PHP02 X LH185,60,2022-07-18,124.67,0.2172946264831651,1.0,2,0,93.82802480258883,nitrogen,held_out_location
Scottsbluff|n225|17|21,Scottsbluff,n225,17,21,PHP02 X LH198,60,2022-07-18,185.73,0.1814688020533118,1.0,2,0,93.82802480258883,nitrogen,held_out_location
Scottsbluff|n225|14|25,Scottsbluff,n225,14,25,PHP02 X LH198,60,2022-07-18,186.79,0.2133819311057508,1.0,2,0,93.82802480258883,nitrogen,held_out_location
Scottsbluff|n225|8|26,Scottsbluff,n225,8,26,PHP02 X LH82,60,2022-07-18,165.12,0.2608925191000897,1.0,2,0,93.82802480258883,nitrogen,held_out_location
Scottsbluff|n225|15|26,Scottsbluff,n225,15,26,PHP02 X LH82,60,2022-07-18,137.51,0.2045090910684104,1.0,2,0,93.82802480258883,nitrogen,held_out_location
Scottsbluff|n225|12|23,Scottsbluff,n225,12,23,PHP02 X PHB47,60,2022-07-18,161.65,0.1873450507921416,1.0,2,0,93.82802480258883,nitrogen,held_out_location
Scottsbluff|n225|24|23,Scottsbluff,n225,24,23,PHP02 X PHB47,60,2022-07-18,153.89,0.2373160525257479,1.0,2,0,93.82802480258883,nitrogen,held_out_location
Scottsbluff|n225|16|21,Scottsbluff,n225,16,21,PHP02 X PHG47,60,2022-07-18,161.38,0.1477905593057537,1.0,2,0,93.82802480258883,nitrogen,held_out_location
Scottsbluff|n225|18|25,Scottsbluff,n225,18,25,PHP02 X PHJ89,60,2022-07-18,182.68,0.1252594159804885,1.0,2,0,93.82802480258883,nitrogen,held_out_location
Scottsbluff|n225|16|20,Scottsbluff,n225,16,20,PHP02 X PHK56,60,2022-07-18,206.27,0.1460825807372957,1.0,2,0,93.82802480258883,nitrogen,held_out_location
Scottsbluff|n225|9|23,Scottsbluff,n225,9,23,PHP02 X PHK56,60,2022-07-18,191.02,0.2000268603158478,1.0,2,0,93.82802480258883,nitrogen,held_out_location
Scottsbluff|n225|7|21,Scottsbluff,n225,7,21,PHP02 X PHK76,60,2022-07-18,178.66,0.1932929103157248,1.0,2,0,93.82802480258883,nitrogen,held_out_location
Scottsbluff|n225|15|23,Scottsbluff,n225,15,23,PHP02 X PHK76,60,2022-07-18,152.47,0.220096768233799,1.0,2,0,93.82802480258883,nitrogen,held_out_location
Scottsbluff|n225|11|21,Scottsbluff,n225,11,21,PHP02 X PHN46,60,2022-07-18,157.76,0.1773955542180715,1.0,2,0,93.82802480258883,nitrogen,held_out_location
Scottsbluff|n225|19|21,Scottsbluff,n225,19,21,PHP02 X W606S,60,2022-07-18,171.84,0.2065496948143374,1.0,2,0,93.82802480258883,nitrogen,held_out_location
Scottsbluff|n225|9|26,Scottsbluff,n225,9,26,PHP02 X W606S,60,2022-07-18,198.16,0.2634834968275765,1.0,2,0,93.82802480258883,nitrogen,held_out_location
Scottsbluff|n225|22|24,Scottsbluff,n225,22,24,PHT69 X 3IIH6,60,2022-07-18,67.73,0.2060740740072756,1.0,2,0,93.82802480258883,nitrogen,held_out_location
Scottsbluff|n225|4|25,Scottsbluff,n225,4,25,PHT69 X 3IIH6,60,2022-07-18,180.85,0.2755595518472994,1.0,2,0,93.82802480258883,nitrogen,held_out_location
Scottsbluff|n225|10|25,Scottsbluff,n225,10,25,PHW52 X LH185,60,2022-07-18,156.59,0.188097861896847,1.0,2,0,93.82802480258883,nitrogen,held_out_location
Scottsbluff|n225|24|25,Scottsbluff,n225,24,25,PHW52 X LH185,60,2022-07-18,180.42,0.247858438953484,1.0,2,0,93.82802480258883,nitrogen,held_out_location
Scottsbluff|n225|3|23,Scottsbluff,n225,3,23,PHW52 X PHM49,60,2022-07-18,146.34,0.2607279849111074,1.0,2,0,93.82802480258883,nitrogen,held_out_location
Scottsbluff|n225|26|25,Scottsbluff,n225,26,25,PHW52 X PHM49,60,2022-07-18,165.3,0.1746360524130139,1.0,2,0,93.82802480258883,nitrogen,held_out_location
Scottsbluff|n225|7|23,Scottsbluff,n225,7,23,PHW52 X PHN82,60,2022-07-18,170.65,0.2278460215112391,1.0,2,0,93.82802480258883,nitrogen,held_out_location
Scottsbluff|n225|20|26,Scottsbluff,n225,20,26,PHW52 X PHN82,60,2022-07-18,178.96,0.1935609059206923,1.0,2,0,93.82802480258883,nitrogen,held_out_location
Scottsbluff|n225|24|21,Scottsbluff,n225,24,21,PHW52 X PHZ51,60,2022-07-18,155.63,0.2366636681884344,1.0,2,0,93.82802480258883,nitrogen,held_out_location
Scottsbluff|n225|26|20,Scottsbluff,n225,26,20,PHZ51 X LH145,60,2022-07-18,157.86,0.2000702944260746,1.0,2,0,93.82802480258883,nitrogen,held_out_location
Scottsbluff|n225|8|25,Scottsbluff,n225,8,25,PHZ51 X LH145,60,2022-07-18,122.94,0.2594750046988681,1.0,2,0,93.82802480258883,nitrogen,held_out_location
Scottsbluff|n225|15|20,Scottsbluff,n225,15,20,PIONEER 1311 AMXT,60,2022-07-18,200.52,0.1580953263165649,1.0,2,0,93.82802480258883,nitrogen,held_out_location
Scottsbluff|n225|12|25,Scottsbluff,n225,12,25,PIONEER 1311 AMXT,60,2022-07-18,199.14,0.2117873736835541,1.0,2,0,93.82802480258883,nitrogen,held_out_location
Scottsbluff|n225|7|25,Scottsbluff,n225,7,25,PIONEER P0589 AMXT,60,2022-07-18,204.04,0.2150068653582101,1.0,2,0,93.82802480258883,nitrogen,held_out_location
Scottsbluff|n225|17|26,Scottsbluff,n225,17,26,PIONEER P0589 AMXT,60,2022-07-18,205.2,0.2379775187335802,1.0,2,0,93.82802480258883,nitrogen,held_out_location
Scottsbluff|n225|27|21,Scottsbluff,n225,27,21,SYNGENTA NK0760-3111,60,2022-07-18,189.76,0.1999863491094801,1.0,2,0,93.82802480258883,nitrogen,held_out_location
Scottsbluff|n225|22|23,Scottsbluff,n225,22,23,SYNGENTA NK0760-3111,60,2022-07-18,84.42,0.1892528872965346,1.0,2,0,93.82802480258883,nitrogen,held_out_location
Scottsbluff|n225|9|25,Scottsbluff,n225,9,25,SYNGENTA NK0760-3111,60,2022-07-18,214.1,0.2328102878716375,1.0,2,0,93.82802480258883,nitrogen,held_out_location
Scottsbluff|n225|17|25,Scottsbluff,n225,17,25,SYNGENTA NK0760-3111,60,2022-07-18,196.51,0.1563715536302513,1.0,2,0,93.82802480258883,nitrogen,held_out_location
Scottsbluff|n225|10|26,Scottsbluff,n225,10,26,SYNGENTA NK0760-3111,60,2022-07-18,206.41,0.2116138574785166,1.0,2,0,93.82802480258883,nitrogen,held_out_location
Scottsbluff|n225|11|26,Scottsbluff,n225,11,26,SYNGENTA NK0760-3111,60,2022-07-18,213.39,0.1783740337600532,1.0,2,0,93.82802480258883,nitrogen,held_out_location
Scottsbluff|n225|12|26,Scottsbluff,n225,12,26,SYNGENTA NK0760-3111,60,2022-07-18,227.3,0.2218625389915226,1.0,2,0,93.82802480258883,nitrogen,held_out_location
Scottsbluff|n225|13|26,Scottsbluff,n225,13,26,SYNGENTA NK0760-3111,60,2022-07-18,219.07,0.2742325330602379,1.0,2,0,93.82802480258883,nitrogen,held_out_location
Scottsbluff|n225|14|26,Scottsbluff,n225,14,26,SYNGENTA NK0760-3111,60,2022-07-18,180.48,0.2338793675008585,1.0,2,0,93.82802480258883,nitrogen,held_out_location
Scottsbluff|n225|13|22,Scottsbluff,n225,13,22,WF9 X H95,60,2022-07-18,70.31,0.2172425364398462,1.0,2,0,93.82802480258883,nitrogen,held_out_location
Scottsbluff|n225|23|24,Scottsbluff,n225,23,24,WF9 X H95,60,2022-07-18,98.09,0.2092248904413541,1.0,2,0,93.82802480258883,nitrogen,held_out_location
Ames|4233|12|4,Ames,4233,12,4,2369 X 3IIH6,75,2022-08-06,174.48,0.0319123247703065,14.0,2,0,106.54813744498418,nitrogen,held_out_location
Ames|4233|15|8,Ames,4233,15,8,2369 X 3IIH6,75,2022-08-06,184.74,0.0301098302389581,14.0,2,0,106.54813744498418,nitrogen,held_out_location
Ames|4233|3|4,Ames,4233,3,4,2369 X LH123HT,75,2022-08-06,171.61,0.024410622550161,14.0,2,0,106.54813744498418,nitrogen,held_out_location
Ames|4233|22|5,Ames,4233,22,5,2369 X LH123HT,75,2022-08-06,90.78,0.0261656969550145,14.0,2,0,106.54813744498418,nitrogen,held_out_location
Ames|4233|7|8,Ames,4233,7,8,2369 X PHN82,75,2022-08-06,117.26,0.0362378389841741,14.0,2,0,106.54813744498418,nitrogen,held_out_location
Ames|4233|16|9,Ames,4233,16,9,2369 X PHN82,75,2022-08-06,122.41,0.0242144547510412,14.0,2,0,106.54813744498418,nitrogen,held_out_location
Ames|4233|20|6,Ames,4233,20,6,2369 X PHP02,75,2022-08-06,131.15,0.0274251509928883,14.0,2,0,106.54813744498418,nitrogen,held_out_location
Ames|4233|3|7,Ames,4233,3,7,2369 X PHP02,75,2022-08-06,171.44,0.0333209761523072,14.0,2,0,106.54813744498418,nitrogen,held_out_location
Ames|4233|7|5,Ames,4233,7,5,2369 X PHZ51,75,2022-08-06,116.02,0.0389668392905888,14.0,2,0,106.54813744498418,nitrogen,held_out_location
Ames|4233|24|7,Ames,4233,24,7,2369 X PHZ51,75,2022-08-06,129.74,0.0414776000748279,14.0,2,0,106.54813744498418,nitrogen,held_out_location
Ames|4233|4|3,Ames,4233,4,3,2FACC X 3IIH6,75,2022-08-06,149.08,0.026560627889304,14.0,2,0,106.54813744498418,nitrogen,held_out_location
Ames|4233|16|8,Ames,4233,16,8,2FACC X 3IIH6,75,2022-08-06,172.27,0.0173341695993548,14.0,2,0,106.54813744498418,nitrogen,held_out_location
Ames|4233|14|3,Ames,4233,14,3,4N506 X 3IIH6,75,2022-08-06,162.27,0.0313400294120798,14.0,2,0,106.54813744498418,nitrogen,held_out_location
Ames|4233|3|10,Ames,4233,3,10,4N506 X 3IIH6,75,2022-08-06,175.25,0.0343011881877186,14.0,2,0,106.54813744498418,nitrogen,held_out_location
Ames|4233|8|3,Ames,4233,8,3,B105 X 3IIH6,75,2022-08-06,94.98,0.0582967242954952,14.0,2,0,106.54813744498418,nitrogen,held_out_location
Ames|4233|24|10,Ames,4233,24,10,B105 X 3IIH6,75,2022-08-06,159.48,0.0458993497122965,14.0,2,0,106.54813744498418,nitrogen,held_out_location
Ames|4233|3|5,Ames,4233,3,5,B14A X MO17,75,2022-08-06,154.03,0.0184567222670232,14.0,2,0,106.54813744498418,nitrogen,held_out_location
Ames|4233|16|6,Ames,4233,16,6,B14A X MO17,75,2022-08-06,161.11,0.0219426288746681,14.0,2,0,106.54813744498418,nitrogen,held_out_location
Ames|4233|19|4,Ames,4233,19,4,B37 X H95,75,2022-08-06,64.05,0.0177707266103851,14.0,2,0,106.54813744498418,nitrogen,held_out_location
Ames|4233|5|8,Ames,4233,5,8,B37 X H95,75,2022-08-06,106.29,0.02407870221004,14.0,2,0,106.54813744498418,nitrogen,held_out_location
Ames|4233|12|5,Ames,4233,12,5,B37 X MO17,75,2022-08-06,157.36,0.0348777482235551,14.0,2,0,106.54813744498418,nitrogen,held_out_location
Ames|4233|19|7,Ames,4233,19,7,B37 X MO17,75,2022-08-06,121.29,0.0328316630211386,14.0,2,0,106.54813744498418,nitrogen,held_out_location
Ames|4233|9|8,Ames,4233,9,8,B37 X OH43,75,2022-08-06,134.57,0.0290945602282595,14.0,2,0,106.54813744498418,nitrogen,held_out_location
Ames|4233|24|8,Ames,4233,24,8,B37 X OH43,75,2022-08-06,118.43,0.0394689149139647,14.0,2,0,106.54813744498418,nitrogen,held_out_location
Ames|4233|3|9,Ames,4233,3,9,B73 X 3IIH6,75,2022-08-06,193.47,0.0270426053329967,14.0,2,0,106.54813744498418,nitrogen,held_out_location
Ames|4233|20|9,Ames,4233,20,9,B73 X 3IIH6,75,2022-08-06,174.06,0.0394390297293414,14.0,2,0,106.54813744498418,nitrogen,held_out_location
Ames|4233|17|4,Ames,4233,17,4,B73 X MO17,75,2022-08-06,126.57,0.0222269603929279,14.0,2,0,106.54813744498418,nitrogen,held_out_location
Ames|4233|5|5,Ames,4233,5,5,B73 X MO17,75,2022-08-06,151.82,0.0571366442410312,14.0,2,0,106.54813744498418,nitrogen,held_out_location
Ames|4233|11|3,Ames,4233,11,3,B73 X PHM49,75,2022-08-06,128.98,0.0435614401733523,14.0,2,0,106.54813744498418,nitrogen,held_out_location
Ames|4233|21|9,Ames,4233,21,9,B73 X PHM49,75,2022-08-06,139.93,0.0267620859939367,14.0,2,0,106.54813744498418,nitrogen,held_out_location
Ames|4233|14|7,Ames,4233,14,7,B73 X PHN82,75,2022-08-06,137.7,0.0330622051663642,14.0,2,0,106.54813744498418,nitrogen,held_out_location
Ames|4233|9|10,Ames,4233,9,10,B73 X PHN82,75,2022-08-06,177.63,0.039817440145634,14.0,2,0,106.54813744498418,nitrogen,held_out_location
Ames|4233|12|3,Ames,4233,12,3,B73 X PHZ51,75,2022-08-06,103.34,0.0468351986374532,14.0,2,0,106.54813744498418,nitrogen,held_out_location
Ames|4233|23|5,Ames,4233,23,5,B73 X PHZ51,75,2022-08-06,147.77,0.0276596494600915,14.0,2,0,106.54813744498418,nitrogen,held_out_location
Ames|4233|11|4,Ames,4233,11,4,B84 X 3IIH6,75,2022-08-06,156.89,0.0375427607332392,14.0,2,0,106.54813744498418,nitrogen,held_out_location
Ames|4233|17|5,Ames,4233,17,5,B84 X 3IIH6,75,2022-08-06,135.91,0.027909789424994,14.0,2,0,106.54813744498418,nitrogen,held_out_location
Ames|4233|23|3,Ames,4233,23,3,F42 X MO17,75,2022-08-06,138.0,0.0359927694288249,14.0,2,0,106.54813744498418,nitrogen,held_out_location
Ames|4233|4|4,Ames,4233,4,4,F42 X MO17,75,2022-08-06,162.43,0.031423262724448,14.0,2,0,106.54813744498418,nitrogen,held_out_location
Ames|4233|10|5,Ames,4233,10,5,F42 X OH43,75,2022-08-06,124.69,0.0282126290542039,14.0,2,0,106.54813744498418,nitrogen,held_out_location
Ames|4233|17|9,Ames,4233,17,9,F42 X OH43,75,2022-08-06,97.88,0.0112177402051099,14.0,2,0,106.54813744498418,nitrogen,held_out_location
Ames|4233|23|4,Ames,4233,23,4,HOEGEMEYER 7089 AMXT,75,2022-08-06,137.09,0.0316588662836974,14.0,2,0,106.54813744498418,nitrogen,held_out_location
Ames|4233|5|6,Ames,4233,5,6,HOEGEMEYER 7089 AMXT,75,2022-08-06,134.97,0.065152753389142,14.0,2,0,106.54813744498418,nitrogen,held_out_location
Ames|4233|24|4,Ames,4233,24,4,HOEGEMEYER 8065RR,75,2022-08-06,111.36,0.0488781255985646,14.0,2,0,106.54813744498418,nitrogen,held_out_location
Ames|4233|11|10,Ames,4233,11,10,HOEGEMEYER 8065RR,75,2022-08-06,198.42,0.0360133138281166,14.0,2,0,106.54813744498418,nitrogen,held_out_location
Ames|4233|15|3,Ames,4233,15,3,LH123HT X 3IIH6,75,2022-08-06,163.37,0.0409439662635342,14.0,2,0,106.54813744498418,nitrogen,held_out_location
Ames|4233|8|4,Ames,4233,8,4,LH123HT X 3IIH6,75,2022-08-06,152.63,0.0480726378864362,14.0,2,0,106.54813744498418,nitrogen,held_out_location
Ames|4233|21|6,Ames,4233,21,6,LH123HT X PHB47,75,2022-08-06,156.27,0.0343937257372278,14.0,2,0,106.54813744498418,nitrogen,held_out_location
Ames|4233|7|7,Ames,4233,7,7,LH123HT X PHB47,75,2022-08-06,144.63,0.0331237819772454,14.0,2,0,106.54813744498418,nitrogen,held_out_location
Ames|4233|9|4,Ames,4233,9,4,LH145 X LH162,75,2022-08-06,142.7,0.0394097613120977,14.0,2,0,106.54813744498418,nitrogen,held_out_location
Ames|4233|23|6,Ames,4233,23,6,LH145 X LH162,75,2022-08-06,145.72,0.0410845998281345,14.0,2,0,106.54813744498418,nitrogen,held_out_location
Ames|4233|13|9,Ames,4233,13,9,LH185 X LH145,75,2022-08-06,143.07,0.0304399223672888,14.0,2,0,106.54813744498418,nitrogen,held_out_location
Ames|4233|13|8,Ames,4233,13,8,LH185 X LH82,75,2022-08-06,188.24,0.0394129850140996,14.0,2,0,106.54813744498418,nitrogen,held_out_location
Ames|4233|14|10,Ames,4233,14,10,LH185 X LH82,75,2022-08-06,170.56,0.0420942445452934,14.0,2,0,106.54813744498418,nitrogen,held_out_location
Ames|4233|13|7,Ames,4233,13,7,LH185 X W606S,75,2022-08-06,155.02,0.0392904239410304,14.0,2,0,106.54813744498418,nitrogen,held_out_location
Ames|4233|3|3,Ames,4233,3,3,LH195 X 3IIH6,75,2022-08-06,141.65,0.0245993562264391,14.0,2,0,106.54813744498418,nitrogen,held_out_location
Ames|4233|22|3,Ames,4233,22,3,LH195 X 3IIH6,75,2022-08-06,141.07,0.0091795378893196,14.0,2,0,106.54813744498418,nitrogen,held_out_location
Ames|4233|7|3,Ames,4233,7,3,LH195 X LH123HT,75,2022-08-06,105.62,0.0551084188877037,14.0,2,0,106.54813744498418,nitrogen,held_out_location
Ames|4233|23|7,Ames,4233,23,7,LH195 X LH123HT,75,2022-08-06,170.01,0.0408204743367259,14.0,2,0,106.54813744498418,nitrogen,held_out_location
Ames|4233|22|6,Ames,4233,22,6,LH195 X LH185,75,2022-08-06,158.88,0.0377783863488508,14.0,2,0,106.54813744498418,nitrogen,held_out_location
Ames|4233|4|8,Ames,4233,4,8,LH195 X LH185,75,2022-08-06,168.46,0.0390050692697465,14.0,2,0,106.54813744498418,nitrogen,held_out_location
Ames|4233|19|6,Ames,4233,19,6,LH195 X PHM49,75,2022-08-06,96.47,-0.0100194669977385,14.0,2,0,106.54813744498418,nitrogen,held_out_location
Ames|4233|5|10,Ames,4233,5,10,LH195 X PHM49,75,2022-08-06,137.44,-0.002281208915304,14.0,2,0,106.54813744498418,nitrogen,held_out_location
Ames|4233|15|7,Ames,4233,15,7,LH195 X PHZ51,75,2022-08-06,119.26,0.0351417238370904,14.0,2,0,106.54813744498418,nitrogen,held_out_location
Ames|4233|9|9,Ames,4233,9,9,LH195 X PHZ51,75,2022-08-06,161.49,0.0221091644204851,14.0,2,0,106.54813744498418,nitrogen,held_out_location
Ames|4233|11|7,Ames,4233,11,7,LH198 X PHB47,75,2022-08-06,132.89,0.0388981021482225,14.0,2,0,106.54813744498418,nitrogen,held_out_location
Ames|4233|22|10,Ames,4233,22,10,LH198 X PHB47,75,2022-08-06,140.18,0.0355193882508607,14.0,2,0,106.54813744498418,nitrogen,held_out_location
Ames|4233|6|3,Ames,4233,6,3,LH198 X PHZ51,75,2022-08-06,111.68,0.0387318123608748,14.0,2,0,106.54813744498418,nitrogen,held_out_location
Ames|4233|21|3,Ames,4233,21,3,LH198 X PHZ51,75,2022-08-06,79.42,0.0117947944122188,14.0,2,0,106.54813744498418,nitrogen,held_out_location
Ames|4233|7|9,Ames,4233,7,9,LH74 X PHM49,75,2022-08-06,149.7,0.0232552503940209,14.0,2,0,106.54813744498418,nitrogen,held_out_location
Ames|4233|18|10,Ames,4233,18,10,LH74 X PHM49,75,2022-08-06,131.49,0.0190725161939155,14.0,2,0,106.54813744498418,nitrogen,held_out_location
Ames|4233|23|8,Ames,4233,23,8,LH74 X PHN82,75,2022-08-06,151.44,0.0282342300664789,14.0,2,0,106.54813744498418,nitrogen,held_out_location
Ames|4233|4|9,Ames,4233,4,9,LH74 X PHN82,75,2022-08-06,152.13,0.0390056739805192,14.0,2,0,106.54813744498418,nitrogen,held_out_location
Ames|4233|6|8,Ames,4233,6,8,LH82 X PHB47,75,2022-08-06,158.17,0.0190173924127381,14.0,2,0,106.54813744498418,nitrogen,held_out_location
Ames|4233|21|8,Ames,4233,21,8,LH82 X PHB47,75,2022-08-06,146.7,0.0348419160662143,14.0,2,0,106.54813744498418,nitrogen,held_out_location
Ames|4233|14|9,Ames,4233,14,9,LH82 X PHJ89,75,2022-08-06,175.02,0.0332038859016978,14.0,2,0,106.54813744498418,nitrogen,held_out_location
Ames|4233|7|10,Ames,4233,7,10,LH82 X PHJ89,75,2022-08-06,179.68,0.0422950512670532,14.0,2,0,106.54813744498418,nitrogen,held_out_location
Ames|4233|9|7,Ames,4233,9,7,LH82 X W606S,75,2022-08-06,149.42,0.0476724447139567,14.0,2,0,106.54813744498418,nitrogen,held_out_location
Ames|4233|15|9,Ames,4233,15,9,LH82 X W606S,75,2022-08-06,170.47,0.0481162067320145,14.0,2,0,106.54813744498418,nitrogen,held_out_location
Ames|4233|5|3,Ames,4233,5,3,N209 X 3IIH6,75,2022-08-06,134.42,0.0252615752245966,14.0,2,0,106.54813744498418,nitrogen,held_out_location
Ames|4233|21|7,Ames,4233,21,7,N209 X 3IIH6,75,2022-08-06,143.63,0.0381378380791618,14.0,2,0,106.54813744498418,nitrogen,held_out_location
Ames|4233|14|5,Ames,4233,14,5,PHB47 X 3IIH6,75,2022-08-06,160.85,0.0225488688100972,14.0,2,0,106.54813744498418,nitrogen,held_out_location
Ames|4233|6|10,Ames,4233,6,10,PHB47 X 3IIH6,75,2022-08-06,178.1,0.0310723756675985,14.0,2,0,106.54813744498418,nitrogen,held_out_location
Ames|4233|6|9,Ames,4233,6,9,PHB47 X LH185,75,2022-08-06,168.55,0.0266322580776966,14.0,2,0,106.54813744498418,nitrogen,held_out_location
Ames|4233|17|10,Ames,4233,17,10,PHB47 X LH185,75,2022-08-06,138.8,0.0266471020803258,14.0,2,0,106.54813744498418,nitrogen,held_out_location
Ames|4233|8|5,Ames,4233,8,5,PHB47 X PHJ89,75,2022-08-06,131.61,0.0335237642953046,14.0,2,0,106.54813744498418,nitrogen,held_out_location
Ames|4233|8|8,Ames,4233,8,8,PHB47 X PHK56,75,2022-08-06,175.08,0.0227671467478678,14.0,2,0,106.54813744498418,nitrogen,held_out_location
Ames|4233|15|10,Ames,4233,15,10,PHB47 X PHK56,75,2022-08-06,181.96,0.0297147467418934,14.0,2,0,106.54813744498418,nitrogen,held_out_location
Ames|4233|11|5,Ames,4233,11,5,PHG39 X PHM49,75,2022-08-06,167.18,0.0470737769840824,14.0,2,0,106.54813744498418,nitrogen,held_out_location
Ames|4233|15|6,Ames,4233,15,6,PHG39 X PHM49,75,2022-08-06,122.36,0.0328411351008683,14.0,2,0,106.54813744498418,nitrogen,held_out_location
Ames|4233|3|8,Ames,4233,3,8,PHG39 X PHN82,75,2022-08-06,189.48,0.0383654639634645,14.0,2,0,106.54813744498418,nitrogen,held_out_location
Ames|4233|20|5,Ames,4233,20,5,PHJ40 X LH82,75,2022-08-06,113.39,0.0174094568621629,14.0,2,0,106.54813744498418,nitrogen,held_out_location
Ames|4233|7|6,Ames,4233,7,6,PHJ40 X LH82,75,2022-08-06,161.92,0.0182706405880379,14.0,2,0,106.54813744498418,nitrogen,held_out_location
Ames|4233|6|6,Ames,4233,6,6,PHK56 X 3IIH6,75,2022-08-06,154.68,0.0460810710231995,14.0,2,0,106.54813744498418,nitrogen,held_out_location
Ames|4233|19|8,Ames,4233,19,8,PHK56 X 3IIH6,75,2022-08-06,158.53,0.0395505360188659,14.0,2,0,106.54813744498418,nitrogen,held_out_location
Ames|4233|12|7,Ames,4233,12,7,PHK56 X LH145,75,2022-08-06,132.96,0.0253344982824902,14.0,2,0,106.54813744498418,nitrogen,held_out_location
Ames|4233|13|6,Ames,4233,13,6,PHK56 X LH185,75,2022-08-06,153.61,0.0318848369409945,14.0,2,0,106.54813744498418,nitrogen,held_out_location
Ames|4233|16|7,Ames,4233,16,7,PHK56 X LH185,75,2022-08-06,152.37,0.0345031014538383,14.0,2,0,106.54813744498418,nitrogen,held_out_location
Ames|4233|24|5,Ames,4233,24,5,PHK56 X LH198,75,2022-08-06,137.7,0.0402310884568984,14.0,2,0,106.54813744498418,nitrogen,held_out_location
Ames|4233|8|10,Ames,4233,8,10,PHK56 X LH198,75,2022-08-06,173.97,0.0465695416185717,14.0,2,0,106.54813744498418,nitrogen,held_out_location
Ames|4233|13|4,Ames,4233,13,4,PHK56 X LH82,75,2022-08-06,171.52,0.0255012545895074,14.0,2,0,106.54813744498418,nitrogen,held_out_location
Ames|4233|19|9,Ames,4233,19,9,PHK56 X LH82,75,2022-08-06,153.73,0.036115158415071,14.0,2,0,106.54813744498418,nitrogen,held_out_location
Ames|4233|15|5,Ames,4233,15,5,PHK56 X PHJ89,75,2022-08-06,166.84,0.0379060261779379,14.0,2,0,106.54813744498418,nitrogen,held_out_location
Ames|4233|5|7,Ames,4233,5,7,PHK56 X PHJ89,75,2022-08-06,143.86,0.0733820752312065,14.0,2,0,106.54813744498418,nitrogen,held_out_location
Ames|4233|12|6,Ames,4233,12,6,PHK56 X W606S,75,2022-08-06,164.72,0.0434726961891682,14.0,2,0,106.54813744498418,nitrogen,held_out_location
Ames|4233|23|9,Ames,4233,23,9,PHK56 X W606S,75,2022-08-06,184.89,0.0481649885503743,14.0,2,0,106.54813744498418,nitrogen,held_out_location
Ames|4233|18|4,Ames,4233,18,4,PHK76 X 3IIH6,75,2022-08-06,148.68,0.0325061701690179,14.0,2,0,106.54813744498418,nitrogen,held_out_location
Ames|4233|8|7,Ames,4233,8,7,PHK76 X 3IIH6,75,2022-08-06,155.53,0.0435470363030254,14.0,2,0,106.54813744498418,nitrogen,held_out_location
Ames|4233|18|3,Ames,4233,18,3,PHK76 X LH145,75,2022-08-06,86.79,0.0125428776610232,14.0,2,0,106.54813744498418,nitrogen,held_out_location
Ames|4233|10|10,Ames,4233,10,10,PHK76 X LH145,75,2022-08-06,127.82,0.0314636470884783,14.0,2,0,106.54813744498418,nitrogen,held_out_location
Ames|4233|16|4,Ames,4233,16,4,PHK76 X LH198,75,2022-08-06,116.21,0.0250432077525546,14.0,2,0,106.54813744498418,nitrogen,held_out_location
Ames|4233|3|6,Ames,4233,3,6,PHK76 X LH198,75,2022-08-06,172.04,0.0319172620160267,14.0,2,0,106.54813744498418,nitrogen,held_out_location
Ames|4233|14|4,Ames,4233,14,4,PHK76 X LH82,75,2022-08-06,151.74,0.0295782585937074,14.0,2,0,106.54813744498418,nitrogen,held_out_location
Ames|4233|11|8,Ames,4233,11,8,PHK76 X LH82,75,2022-08-06,168.7,0.0332090145367532,14.0,2,0,106.54813744498418,nitrogen,held_out_location
Ames|4233|10|7,Ames,4233,10,7,PHK76 X W606S,75,2022-08-06,137.71,0.0477314786876671,14.0,2,0,106.54813744498418,nitrogen,held_out_location
Ames|4233|18|7,Ames,4233,18,7,PHK76 X W606S,75,2022-08-06,107.3,0.0500634105709811,14.0,2,0,106.54813744498418,nitrogen,held_out_location
Ames|4233|15|4,Ames,4233,15,4,PHN46 X PHB47,75,2022-08-06,147.61,0.0365443212487477,14.0,2,0,106.54813744498418,nitrogen,held_out_location
Ames|4233|10|6,Ames,4233,10,6,PHN46 X PHB47,75,2022-08-06,160.22,0.0406430583509586,14.0,2,0,106.54813744498418,nitrogen,held_out_location
Ames|4233|6|7,Ames,4233,6,7,PHN46 X PHK56,75,2022-08-06,142.69,0.0328959578917197,14.0,2,0,106.54813744498418,nitrogen,held_out_location
Ames|4233|20|7,Ames,4233,20,7,PHN46 X PHK56,75,2022-08-06,163.93,0.0379540233646475,14.0,2,0,106.54813744498418,nitrogen,held_out_location
Ames|4233|12|10,Ames,4233,12,10,PHN46 X W606S,75,2022-08-06,164.92,0.0447721048464664,14.0,2,0,106.54813744498418,nitrogen,held_out_location
Ames|4233|19|10,Ames,4233,19,10,PHN46 X W606S,75,2022-08-06,154.26,0.0520904253610996,14.0,2,0,106.54813744498418,nitrogen,held_out_location
Ames|4233|22|4,Ames,4233,22,4,PHP02 X LH145,75,2022-08-06,69.68,-0.0025046597020899,14.0,2,0,106.54813744498418,nitrogen,held_out_location
Ames|4233|11|9,Ames,4233,11,9,PHP02 X LH145,75,2022-08-06,125.59,0.0403444221292682,14.0,2,0,106.54813744498418,nitrogen,held_out_location
Ames|4233|16|5,Ames,4233,16,5,PHP02 X LH185,75,2022-08-06,145.92,0.0353466730334852,14.0,2,0,106.54813744498418,nitrogen,held_out_location
Ames|4233|10|8,Ames,4233,10,8,PHP02 X LH185,75,2022-08-06,170.07,0.0326414313931169,14.0,2,0,106.54813744498418,nitrogen,held_out_location
Ames|4233|4|6,Ames,4233,4,6,PHP02 X LH198,75,2022-08-06,163.3,0.0348357684432734,14.0,2,0,106.54813744498418,nitrogen,held_out_location
Ames|4233|17|6,Ames,4233,17,6,PHP02 X LH198,75,2022-08-06,114.85,0.022585985717219,14.0,2,0,106.54813744498418,nitrogen,held_out_location
Ames|4233|21|4,Ames,4233,21,4,PHP02 X LH82,75,2022-08-06,99.6,0.01612998492947,14.0,2,0,106.54813744498418,nitrogen,held_out_location
Ames|4233|9|6,Ames,4233,9,6,PHP02 X LH82,75,2022-08-06,153.95,0.0205790189464928,14.0,2,0,106.54813744498418,nitrogen,held_out_location
Ames|4233|10|3,Ames,4233,10,3,PHP02 X PHB47,75,2022-08-06,115.15,0.0168672128349547,14.0,2,0,106.54813744498418,nitrogen,held_out_location
Ames|4233|16|10,Ames,4233,16,10,PHP02 X PHB47,75,2022-08-06,123.1,0.008459816953134,14.0,2,0,106.54813744498418,nitrogen,held_out_location
Ames|4233|13|5,Ames,4233,13,5,PHP02 X PHG47,75,2022-08-06,171.53,0.029919888125714,14.0,2,0,106.54813744498418,nitrogen,held_out_location
Ames|4233|17|8,Ames,4233,17,8,PHP02 X PHG47,75,2022-08-06,142.83,0.0128035500751899,14.0,2,0,106.54813744498418,nitrogen,held_out_location
Ames|4233|17|3,Ames,4233,17,3,PHP02 X PHJ89,75,2022-08-06,117.75,0.0319631751140143,14.0,2,0,106.54813744498418,nitrogen,held_out_location
Ames|4233|8|6,Ames,4233,8,6,PHP02 X PHJ89,75,2022-08-06,183.33,0.0196922513746833,14.0,2,0,106.54813744498418,nitrogen,held_out_location
Ames|4233|18|6,Ames,4233,18,6,PHP02 X PHK56,75,2022-08-06,165.13,0.0327876248399048,14.0,2,0,106.54813744498418,nitrogen,held_out_location
Ames|4233|12|8,Ames,4233,12,8,PHP02 X PHK56,75,2022-08-06,195.96,0.0416655155249929,14.0,2,0,106.54813744498418,nitrogen,held_out_location
Ames|4233|22|8,Ames,4233,22,8,PHP02 X PHK76,75,2022-08-06,149.42,0.0379179014441675,14.0,2,0,106.54813744498418,nitrogen,held_out_location
Ames|4233|10|9,Ames,4233,10,9,PHP02 X PHK76,75,2022-08-06,168.88,0.0292311833822822,14.0,2,0,106.54813744498418,nitrogen,held_out_location
Ames|4233|13|3,Ames,4233,13,3,PHP02 X PHN46,75,2022-08-06,125.56,0.0347242105655838,14.0,2,0,106.54813744498418,nitrogen,held_out_location
Ames|4233|18|9,Ames,4233,18,9,PHP02 X PHN46,75,2022-08-06,117.95,0.0298781212513218,14.0,2,0,106.54813744498418,nitrogen,held_out_location
Ames|4233|13|10,Ames,4233,13,10,PHP02 X W606S,75,2022-08-06,163.96,0.0309527838224468,14.0,2,0,106.54813744498418,nitrogen,held_out_location
Ames|4233|20|10,Ames,4233,20,10,PHP02 X W606S,75,2022-08-06,157.67,0.0429986786421875,14.0,2,0,106.54813744498418,nitrogen,held_out_location
Ames|4233|9|3,Ames,4233,9,3,PHT69 X 3IIH6,75,2022-08-06,151.84,0.0278231955458816,14.0,2,0,106.54813744498418,nitrogen,held_out_location
Ames|4233|21|10,Ames,4233,21,10,PHT69 X 3IIH6,75,2022-08-06,163.79,0.026734013224144,14.0,2,0,106.54813744498418,nitrogen,held_out_location
Ames|4233|20|4,Ames,4233,20,4,PHW52 X LH185,75,2022-08-06,95.15,0.0282998694430971,14.0,2,0,106.54813744498418,nitrogen,held_out_location
Ames|4233|6|5,Ames,4233,6,5,PHW52 X LH185,75,2022-08-06,124.66,0.0496345613751411,14.0,2,0,106.54813744498418,nitrogen,held_out_location
Ames|4233|19|3,Ames,4233,19,3,PHW52 X PHM49,75,2022-08-06,76.95,0.0129100954512937,14.0,2,0,106.54813744498418,nitrogen,held_out_location
Ames|4233|4|5,Ames,4233,4,5,PHW52 X PHM49,75,2022-08-06,141.29,0.0460170659448661,14.0,2,0,106.54813744498418,nitrogen,held_out_location
Ames|4233|4|10,Ames,4233,4,10,PHW52 X PHN82,75,2022-08-06,193.63,0.0425364579384249,14.0,2,0,106.54813744498418,nitrogen,held_out_location
Ames|4233|23|10,Ames,4233,23,10,PHW52 X PHN82,75,2022-08-06,170.8,0.044621966643895,14.0,2,0,106.54813744498418,nitrogen,held_out_location
Ames|4233|16|3,Ames,4233,16,3,PHW52 X PHZ51,75,2022-08-06,114.57,0.0244852069963945,14.0,2,0,106.54813744498418,nitrogen,held_out_location
Ames|4233|7|4,Ames,4233,7,4,PHW52 X PHZ51,75,2022-08-06,146.19,0.0445958293121644,14.0,2,0,106.54813744498418,nitrogen,held_out_location
Ames|4233|6|4,Ames,4233,6,4,PHZ51 X LH145,75,2022-08-06,131.97,0.0545694990364834,14.0,2,0,106.54813744498418,nitrogen,held_out_location
Ames|4233|21|5,Ames,4233,21,5,PHZ51 X LH145,75,2022-08-06,74.27,0.0172911943347011,14.0,2,0,106.54813744498418,nitrogen,held_out_location
Ames|4233|14|6,Ames,4233,14,6,PIONEER 1311 AMXT,75,2022-08-06,141.97,0.0319040664786915,14.0,2,0,106.54813744498418,nitrogen,held_out_location
Ames|4233|12|9,Ames,4233,12,9,PIONEER 1311 AMXT,75,2022-08-06,221.49,0.0349628131872186,14.0,2,0,106.54813744498418,nitrogen,held_out_location
Ames|4233|11|6,Ames,4233,11,6,PIONEER P0589 AMXT,75,2022-08-06,182.0,0.0461230388127138,14.0,2,0,106.54813744498418,nitrogen,held_out_location
Ames|4233|24|6,Ames,4233,24,6,PIONEER P0589 AMXT,75,2022-08-06,134.83,0.037797254718303,14.0,2,0,106.54813744498418,nitrogen,held_out_location
Ames|4233|4|7,Ames,4233,4,7,SYNGENTA NK0760-3111,75,2022-08-06,167.43,0.0351407001918528,14.0,2,0,106.54813744498418,nitrogen,held_out_location
Ames|4233|17|7,Ames,4233,17,7,SYNGENTA NK0760-3111,75,2022-08-06,151.07,0.0184599002578373,14.0,2,0,106.54813744498418,nitrogen,held_out_location
Ames|4233|9|5,Ames,4233,9,5,WF9 X H95,75,2022-08-06,135.85,0.0320224601876434,14.0,2,0,106.54813744498418,nitrogen,held_out_location
Ames|4233|19|5,Ames,4233,19,5,WF9 X H95,75,2022-08-06,66.18,0.0111257600456908,14.0,2,0,106.54813744498418,nitrogen,held_out_location
Ames|4232|2|18,Ames,4232,2,18,2369 X 3IIH6,75,2022-08-05,119.07,0.0089018589928119,13.0,2,0,125.13320277721698,nitrogen,held_out_location
Ames|4232|20|21,Ames,4232,20,21,2369 X 3IIH6,75,2022-08-05,137.78,0.0376733196504227,13.0,2,0,125.13320277721698,nitrogen,held_out_location
Ames|4232|2|22,Ames,4232,2,22,2369 X LH123HT,75,2022-08-05,77.09,0.0078742493844444,13.0,2,0,125.13320277721698,nitrogen,held_out_location
Ames|4232|29|22,Ames,4232,29,22,2369 X LH123HT,75,2022-08-05,133.91,0.0279300333332298,13.0,2,0,125.13320277721698,nitrogen,held_out_location
Ames|4232|5|19,Ames,4232,5,19,2369 X PHN82,75,2022-08-05,123.28,0.0263226130146108,13.0,2,0,125.13320277721698,nitrogen,held_out_location
Ames|4232|20|19,Ames,4232,20,19,2369 X PHN82,75,2022-08-05,126.3,0.0434644737372286,13.0,2,0,125.13320277721698,nitrogen,held_out_location
Ames|4232|26|19,Ames,4232,26,19,2369 X PHP02,75,2022-08-05,107.51,0.0071514140571687,13.0,2,0,125.13320277721698,nitrogen,held_out_location
Ames|4232|8|20,Ames,4232,8,20,2369 X PHP02,75,2022-08-05,126.31,0.0326468472193073,13.0,2,0,125.13320277721698,nitrogen,held_out_location
Ames|4232|12|19,Ames,4232,12,19,2369 X PHZ51,75,2022-08-05,111.17,0.0139854188270706,13.0,2,0,125.13320277721698,nitrogen,held_out_location
Ames|4232|28|21,Ames,4232,28,21,2369 X PHZ51,75,2022-08-05,109.88,0.0234850904362908,13.0,2,0,125.13320277721698,nitrogen,held_out_location
Ames|4232|10|18,Ames,4232,10,18,2FACC X 3IIH6,75,2022-08-05,159.05,0.0255170016313035,13.0,2,0,125.13320277721698,nitrogen,held_out_location
Ames|4232|22|20,Ames,4232,22,20,2FACC X 3IIH6,75,2022-08-05,119.28,0.018073846457373,13.0,2,0,125.13320277721698,nitrogen,held_out_location
Ames|4232|12|17,Ames,4232,12,17,4N506 X 3IIH6,75,2022-08-05,151.66,0.0352753140824443,13.0,2,0,125.13320277721698,nitrogen,held_out_location
Ames|4232|29|20,Ames,4232,29,20,4N506 X 3IIH6,75,2022-08-05,132.22,0.0216629059892458,13.0,2,0,125.13320277721698,nitrogen,held_out_location
Ames|4232|14|18,Ames,4232,14,18,B105 X 3IIH6,75,2022-08-05,140.83,0.0236090367773029,13.0,2,0,125.13320277721698,nitrogen,held_out_location
Ames|4232|20|20,Ames,4232,20,20,B105 X 3IIH6,75,2022-08-05,112.23,0.0417860512169648,13.0,2,0,125.13320277721698,nitrogen,held_out_location
Ames|4232|30|17,Ames,4232,30,17,B14A X MO17,75,2022-08-05,193.64,0.0346674307541258,13.0,2,0,125.13320277721698,nitrogen,held_out_location
Ames|4232|4|19,Ames,4232,4,19,B14A X MO17,75,2022-08-05,120.53,0.0149529882962365,13.0,2,0,125.13320277721698,nitrogen,held_out_location
Ames|4232|10|17,Ames,4232,10,17,B37 X H95,75,2022-08-05,91.52,0.0419711167577395,13.0,2,0,125.13320277721698,nitrogen,held_out_location
Ames|4232|21|21,Ames,4232,21,21,B37 X H95,75,2022-08-05,40.95,0.0531456611196606,13.0,2,0,125.13320277721698,nitrogen,held_out_location
Ames|4232|9|19,Ames,4232,9,19,B37 X MO17,75,2022-08-05,83.59,0.0434705837950956,13.0,2,0,125.13320277721698,nitrogen,held_out_location
Ames|4232|30|20,Ames,4232,30,20,B37 X MO17,75,2022-08-05,110.11,0.0267790571420487,13.0,2,0,125.13320277721698,nitrogen,held_out_location
Ames|4232|3|22,Ames,4232,3,22,B37 X OH43,75,2022-08-05,44.04,0.0098602051526532,13.0,2,0,125.13320277721698,nitrogen,held_out_location
Ames|4232|28|22,Ames,4232,28,22,B37 X OH43,75,2022-08-05,47.82,0.006764079760763,13.0,2,0,125.13320277721698,nitrogen,held_out_location
Ames|4232|2|17,Ames,4232,2,17,B73 X 3IIH6,75,2022-08-05,137.19,0.0132621199085087,13.0,2,0,125.13320277721698,nitrogen,held_out_location
Ames|4232|17|19,Ames,4232,17,19,B73 X 3IIH6,75,2022-08-05,158.58,0.0383570955545539,13.0,2,0,125.13320277721698,nitrogen,held_out_location
Ames|4232|11|17,Ames,4232,11,17,B73 X MO17,75,2022-08-05,136.17,0.0391301589210619,13.0,2,0,125.13320277721698,nitrogen,held_out_location
Ames|4232|18|19,Ames,4232,18,19,B73 X MO17,75,2022-08-05,119.39,0.0347715585409059,13.0,2,0,125.13320277721698,nitrogen,held_out_location
Ames|4232|9|18,Ames,4232,9,18,B73 X PHM49,75,2022-08-05,121.7,0.0338258002857927,13.0,2,0,125.13320277721698,nitrogen,held_out_location
Ames|4232|23|22,Ames,4232,23,22,B73 X PHM49,75,2022-08-05,97.2,0.0181058374408099,13.0,2,0,125.13320277721698,nitrogen,held_out_location
Ames|4232|27|22,Ames,4232,27,22,B73 X PHN82,75,2022-08-05,120.87,0.0104384170162594,13.0,2,0,125.13320277721698,nitrogen,held_out_location
Ames|4232|8|17,Ames,4232,8,17,B73 X PHZ51,75,2022-08-05,120.22,0.0406268558182483,13.0,2,0,125.13320277721698,nitrogen,held_out_location
Ames|4232|25|18,Ames,4232,25,18,B73 X PHZ51,75,2022-08-05,122.92,0.0072460316962279,13.0,2,0,125.13320277721698,nitrogen,held_out_location
Ames|4232|7|19,Ames,4232,7,19,B84 X 3IIH6,75,2022-08-05,104.59,0.0265669442051735,13.0,2,0,125.13320277721698,nitrogen,held_out_location
Ames|4232|21|19,Ames,4232,21,19,B84 X 3IIH6,75,2022-08-05,95.94,0.0349263162187425,13.0,2,0,125.13320277721698,nitrogen,held_out_location
Ames|4232|5|21,Ames,4232,5,21,F42 X MO17,75,2022-08-05,101.6,0.0286150982844602,13.0,2,0,125.13320277721698,nitrogen,held_out_location
Ames|4232|18|22,Ames,4232,18,22,F42 X MO17,75,2022-08-05,100.53,0.0338246689355172,13.0,2,0,125.13320277721698,nitrogen,held_out_location
Ames|4232|19|17,Ames,4232,19,17,F42 X OH43,75,2022-08-05,117.72,0.0427496120461793,13.0,2,0,125.13320277721698,nitrogen,held_out_location
Ames|4232|11|18,Ames,4232,11,18,F42 X OH43,75,2022-08-05,115.08,0.0242233224966916,13.0,2,0,125.13320277721698,nitrogen,held_out_location
Ames|4232|19|21,Ames,4232,19,21,HOEGEMEYER 7089 AMXT,75,2022-08-05,164.15,0.0524695124839316,13.0,2,0,125.13320277721698,nitrogen,held_out_location
Ames|4232|14|22,Ames,4232,14,22,HOEGEMEYER 7089 AMXT,75,2022-08-05,136.46,0.0429170786696613,13.0,2,0,125.13320277721698,nitrogen,held_out_location
Ames|4232|27|20,Ames,4232,27,20,HOEGEMEYER 8065RR,75,2022-08-05,186.23,0.0036800406724349,13.0,2,0,125.13320277721698,nitrogen,held_out_location
Ames|4232|6|21,Ames,4232,6,21,HOEGEMEYER 8065RR,75,2022-08-05,159.04,0.0471391991288492,13.0,2,0,125.13320277721698,nitrogen,held_out_location
Ames|4232|21|20,Ames,4232,21,20,LH123HT X 3IIH6,75,2022-08-05,119.96,0.0388125483512284,13.0,2,0,125.13320277721698,nitrogen,held_out_location
Ames|4232|7|20,Ames,4232,7,20,LH123HT X PHB47,75,2022-08-05,106.87,0.0397966088698031,13.0,2,0,125.13320277721698,nitrogen,held_out_location
Ames|4232|26|22,Ames,4232,26,22,LH123HT X PHB47,75,2022-08-05,105.14,0.0197053729746147,13.0,2,0,125.13320277721698,nitrogen,held_out_location
Ames|4232|3|18,Ames,4232,3,18,LH145 X LH162,75,2022-08-05,133.32,0.0182216364137086,13.0,2,0,125.13320277721698,nitrogen,held_out_location
Ames|4232|29|19,Ames,4232,29,19,LH145 X LH162,75,2022-08-05,139.7,0.0231871474590189,13.0,2,0,125.13320277721698,nitrogen,held_out_location
Ames|4232|10|22,Ames,4232,10,22,LH185 X LH145,75,2022-08-05,71.53,0.0362741661822626,13.0,2,0,125.13320277721698,nitrogen,held_out_location
Ames|4232|16|20,Ames,4232,16,20,LH185 X LH82,75,2022-08-05,140.47,0.0417039961324343,13.0,2,0,125.13320277721698,nitrogen,held_out_location
Ames|4232|22|22,Ames,4232,22,22,LH185 X LH82,75,2022-08-05,115.67,0.0483049185113311,13.0,2,0,125.13320277721698,nitrogen,held_out_location
Ames|4232|12|21,Ames,4232,12,21,LH185 X W606S,75,2022-08-05,104.49,0.0476240167392236,13.0,2,0,125.13320277721698,nitrogen,held_out_location
Ames|4232|28|18,Ames,4232,28,18,LH195 X 3IIH6,75,2022-08-05,173.67,0.0165481103474881,13.0,2,0,125.13320277721698,nitrogen,held_out_location
Ames|4232|2|20,Ames,4232,2,20,LH195 X 3IIH6,75,2022-08-05,115.09,0.0087824590649603,13.0,2,0,125.13320277721698,nitrogen,held_out_location
Ames|4232|25|19,Ames,4232,25,19,LH195 X LH123HT,75,2022-08-05,87.85,0.0201264119666564,13.0,2,0,125.13320277721698,nitrogen,held_out_location
Ames|4232|5|20,Ames,4232,5,20,LH195 X LH123HT,75,2022-08-05,108.71,0.0274352559270779,13.0,2,0,125.13320277721698,nitrogen,held_out_location
Ames|4232|13|17,Ames,4232,13,17,LH195 X LH185,75,2022-08-05,150.62,0.049609830308216,13.0,2,0,125.13320277721698,nitrogen,held_out_location
Ames|4232|25|21,Ames,4232,25,21,LH195 X LH185,75,2022-08-05,84.88,0.0067637051570609,13.0,2,0,125.13320277721698,nitrogen,held_out_location
Ames|4232|10|19,Ames,4232,10,19,LH195 X PHM49,75,2022-08-05,70.54,0.0179802520777263,13.0,2,0,125.13320277721698,nitrogen,held_out_location
Ames|4232|28|19,Ames,4232,28,19,LH195 X PHM49,75,2022-08-05,59.58,-0.014613533569555,13.0,2,0,125.13320277721698,nitrogen,held_out_location
Ames|4232|24|17,Ames,4232,24,17,LH195 X PHZ51,75,2022-08-05,103.13,0.0190341806544729,13.0,2,0,125.13320277721698,nitrogen,held_out_location
Ames|4232|4|22,Ames,4232,4,22,LH195 X PHZ51,75,2022-08-05,104.99,0.0165788416675494,13.0,2,0,125.13320277721698,nitrogen,held_out_location
Ames|4232|22|17,Ames,4232,22,17,LH198 X PHB47,75,2022-08-05,138.53,0.0465907257626418,13.0,2,0,125.13320277721698,nitrogen,held_out_location
Ames|4232|8|21,Ames,4232,8,21,LH198 X PHB47,75,2022-08-05,69.84,0.037912560688242,13.0,2,0,125.13320277721698,nitrogen,held_out_location
Ames|4232|9|17,Ames,4232,9,17,LH198 X PHZ51,75,2022-08-05,126.88,0.0363256237724749,13.0,2,0,125.13320277721698,nitrogen,held_out_location
Ames|4232|19|18,Ames,4232,19,18,LH198 X PHZ51,75,2022-08-05,169.91,0.0448405768604843,13.0,2,0,125.13320277721698,nitrogen,held_out_location
Ames|4232|6|18,Ames,4232,6,18,LH74 X PHM49,75,2022-08-05,125.07,0.0334550970642384,13.0,2,0,125.13320277721698,nitrogen,held_out_location
Ames|4232|29|18,Ames,4232,29,18,LH74 X PHM49,75,2022-08-05,128.95,0.0186492587567063,13.0,2,0,125.13320277721698,nitrogen,held_out_location
Ames|4232|3|19,Ames,4232,3,19,LH74 X PHN82,75,2022-08-05,131.3,0.0111236553319443,13.0,2,0,125.13320277721698,nitrogen,held_out_location
Ames|4232|30|19,Ames,4232,30,19,LH74 X PHN82,75,2022-08-05,121.82,0.0173479411841195,13.0,2,0,125.13320277721698,nitrogen,held_out_location
Ames|4232|7|17,Ames,4232,7,17,LH82 X PHB47,75,2022-08-05,127.16,0.0411520113530616,13.0,2,0,125.13320277721698,nitrogen,held_out_location
Ames|4232|22|19,Ames,4232,22,19,LH82 X PHB47,75,2022-08-05,114.01,0.0360117789938925,13.0,2,0,125.13320277721698,nitrogen,held_out_location
Ames|4232|6|17,Ames,4232,6,17,LH82 X PHJ89,75,2022-08-05,125.35,0.0425947516309769,13.0,2,0,125.13320277721698,nitrogen,held_out_location
Ames|4232|21|22,Ames,4232,21,22,LH82 X PHJ89,75,2022-08-05,99.33,0.0529780577061071,13.0,2,0,125.13320277721698,nitrogen,held_out_location
Ames|4232|19|19,Ames,4232,19,19,LH82 X W606S,75,2022-08-05,118.15,0.0545158281759902,13.0,2,0,125.13320277721698,nitrogen,held_out_location
Ames|4232|7|22,Ames,4232,7,22,LH82 X W606S,75,2022-08-05,119.92,0.0403191047767683,13.0,2,0,125.13320277721698,nitrogen,held_out_location
Ames|4232|28|17,Ames,4232,28,17,N209 X 3IIH6,75,2022-08-05,161.72,0.0230582354816293,13.0,2,0,125.13320277721698,nitrogen,held_out_location
Ames|4232|14|19,Ames,4232,14,19,N209 X 3IIH6,75,2022-08-05,130.63,0.0220289232898458,13.0,2,0,125.13320277721698,nitrogen,held_out_location
Ames|4232|5|17,Ames,4232,5,17,PHB47 X 3IIH6,75,2022-08-05,86.68,0.0435881483785676,13.0,2,0,125.13320277721698,nitrogen,held_out_location
Ames|4232|23|20,Ames,4232,23,20,PHB47 X 3IIH6,75,2022-08-05,98.63,0.0220235477252794,13.0,2,0,125.13320277721698,nitrogen,held_out_location
Ames|4232|5|18,Ames,4232,5,18,PHB47 X LH185,75,2022-08-05,118.12,0.0261521477356331,13.0,2,0,125.13320277721698,nitrogen,held_out_location
Ames|4232|21|18,Ames,4232,21,18,PHB47 X LH185,75,2022-08-05,161.72,0.0418219799287477,13.0,2,0,125.13320277721698,nitrogen,held_out_location
Ames|4232|3|20,Ames,4232,3,20,PHB47 X PHJ89,75,2022-08-05,91.06,0.016587992426392,13.0,2,0,125.13320277721698,nitrogen,held_out_location
Ames|4232|27|18,Ames,4232,27,18,PHB47 X PHK56,75,2022-08-05,138.82,0.008771382604984,13.0,2,0,125.13320277721698,nitrogen,held_out_location
Ames|4232|4|20,Ames,4232,4,20,PHB47 X PHK56,75,2022-08-05,138.47,0.0289797247048586,13.0,2,0,125.13320277721698,nitrogen,held_out_location
Ames|4232|8|19,Ames,4232,8,19,PHG39 X PHM49,75,2022-08-05,102.3,0.0430532623923236,13.0,2,0,125.13320277721698,nitrogen,held_out_location
Ames|4232|28|20,Ames,4232,28,20,PHG39 X PHM49,75,2022-08-05,141.01,0.0255176609127845,13.0,2,0,125.13320277721698,nitrogen,held_out_location
Ames|4232|13|18,Ames,4232,13,18,PHG39 X PHN82,75,2022-08-05,188.35,0.0451052349421827,13.0,2,0,125.13320277721698,nitrogen,held_out_location
Ames|4232|14|21,Ames,4232,14,21,PHJ40 X LH82,75,2022-08-05,103.9,0.0305930911524865,13.0,2,0,125.13320277721698,nitrogen,held_out_location
Ames|4232|27|21,Ames,4232,27,21,PHJ40 X LH82,75,2022-08-05,119.5,0.0034727812622156,13.0,2,0,125.13320277721698,nitrogen,held_out_location
Ames|4232|7|21,Ames,4232,7,21,PHK56 X 3IIH6,75,2022-08-05,112.84,0.0487235857611427,13.0,2,0,125.13320277721698,nitrogen,held_out_location
Ames|4232|30|21,Ames,4232,30,21,PHK56 X 3IIH6,75,2022-08-05,161.71,0.0361859464515648,13.0,2,0,125.13320277721698,nitrogen,held_out_location
Ames|4232|9|21,Ames,4232,9,21,PHK56 X LH145,75,2022-08-05,91.36,0.0464853820806367,13.0,2,0,125.13320277721698,nitrogen,held_out_location
Ames|4232|9|20,Ames,4232,9,20,PHK56 X LH185,75,2022-08-05,146.79,0.0403814627781834,13.0,2,0,125.13320277721698,nitrogen,held_out_location
Ames|4232|19|20,Ames,4232,19,20,PHK56 X LH185,75,2022-08-05,155.01,0.0389166975440256,13.0,2,0,125.13320277721698,nitrogen,held_out_location
Ames|4232|18|17,Ames,4232,18,17,PHK56 X LH198,75,2022-08-05,173.03,0.051074363268404,13.0,2,0,125.13320277721698,nitrogen,held_out_location
Ames|4232|6|19,Ames,4232,6,19,PHK56 X LH198,75,2022-08-05,121.12,0.0344468122683148,13.0,2,0,125.13320277721698,nitrogen,held_out_location
Ames|4232|21|17,Ames,4232,21,17,PHK56 X LH82,75,2022-08-05,181.64,0.0469367479539634,13.0,2,0,125.13320277721698,nitrogen,held_out_location
Ames|4232|15|20,Ames,4232,15,20,PHK56 X LH82,75,2022-08-05,150.82,0.0311440424195448,13.0,2,0,125.13320277721698,nitrogen,held_out_location
Ames|4232|16|17,Ames,4232,16,17,PHK56 X PHJ89,75,2022-08-05,162.52,0.0514584314247428,13.0,2,0,125.13320277721698,nitrogen,held_out_location
Ames|4232|22|21,Ames,4232,22,21,PHK56 X PHJ89,75,2022-08-05,156.05,0.0302657822123515,13.0,2,0,125.13320277721698,nitrogen,held_out_location
Ames|4232|15|18,Ames,4232,15,18,PHK56 X W606S,75,2022-08-05,150.69,0.0432124644687368,13.0,2,0,125.13320277721698,nitrogen,held_out_location
Ames|4232|24|22,Ames,4232,24,22,PHK56 X W606S,75,2022-08-05,109.0,0.0062603739882035,13.0,2,0,125.13320277721698,nitrogen,held_out_location
Ames|4232|29|17,Ames,4232,29,17,PHK76 X 3IIH6,75,2022-08-05,155.41,0.0334230685992327,13.0,2,0,125.13320277721698,nitrogen,held_out_location
Ames|4232|15|22,Ames,4232,15,22,PHK76 X 3IIH6,75,2022-08-05,109.01,0.0322802881160928,13.0,2,0,125.13320277721698,nitrogen,held_out_location
Ames|4232|15|19,Ames,4232,15,19,PHK76 X LH145,75,2022-08-05,66.25,0.0168270115741349,13.0,2,0,125.13320277721698,nitrogen,held_out_location
Ames|4232|23|19,Ames,4232,23,19,PHK76 X LH145,75,2022-08-05,64.96,0.0101056453624532,13.0,2,0,125.13320277721698,nitrogen,held_out_location
Ames|4232|27|19,Ames,4232,27,19,PHK76 X LH198,75,2022-08-05,125.7,0.0006527737766773,13.0,2,0,125.13320277721698,nitrogen,held_out_location
Ames|4232|12|20,Ames,4232,12,20,PHK76 X LH198,75,2022-08-05,123.19,0.0236324353114961,13.0,2,0,125.13320277721698,nitrogen,held_out_location
Ames|4232|6|22,Ames,4232,6,22,PHK76 X LH82,75,2022-08-05,121.32,0.0265254747373104,13.0,2,0,125.13320277721698,nitrogen,held_out_location
Ames|4232|17|22,Ames,4232,17,22,PHK76 X LH82,75,2022-08-05,113.73,0.0256820100993466,13.0,2,0,125.13320277721698,nitrogen,held_out_location
Ames|4232|10|20,Ames,4232,10,20,PHK76 X W606S,75,2022-08-05,138.75,0.0548182003247528,13.0,2,0,125.13320277721698,nitrogen,held_out_location
Ames|4232|25|22,Ames,4232,25,22,PHK76 X W606S,75,2022-08-05,88.27,0.0125801046923306,13.0,2,0,125.13320277721698,nitrogen,held_out_location
Ames|4232|16|18,Ames,4232,16,18,PHN46 X PHB47,75,2022-08-05,180.16,0.0550331058236116,13.0,2,0,125.13320277721698,nitrogen,held_out_location
Ames|4232|20|22,Ames,4232,20,22,PHN46 X PHB47,75,2022-08-05,101.98,0.0364399818598942,13.0,2,0,125.13320277721698,nitrogen,held_out_location
Ames|4232|26|18,Ames,4232,26,18,PHN46 X PHK56,75,2022-08-05,146.61,0.0166410568413533,13.0,2,0,125.13320277721698,nitrogen,held_out_location
Ames|4232|13|21,Ames,4232,13,21,PHN46 X PHK56,75,2022-08-05,129.39,0.0389802374624987,13.0,2,0,125.13320277721698,nitrogen,held_out_location
Ames|4232|22|18,Ames,4232,22,18,PHN46 X W606S,75,2022-08-05,188.11,0.0605120552755529,13.0,2,0,125.13320277721698,nitrogen,held_out_location
Ames|4232|13|22,Ames,4232,13,22,PHN46 X W606S,75,2022-08-05,119.16,0.053826495760839,13.0,2,0,125.13320277721698,nitrogen,held_out_location
Ames|4232|11|20,Ames,4232,11,20,PHP02 X LH145,75,2022-08-05,82.69,0.0251996912270581,13.0,2,0,125.13320277721698,nitrogen,held_out_location
Ames|4232|17|21,Ames,4232,17,21,PHP02 X LH145,75,2022-08-05,93.65,0.0271351589887807,13.0,2,0,125.13320277721698,nitrogen,held_out_location
Ames|4232|27|17,Ames,4232,27,17,PHP02 X LH185,75,2022-08-05,136.25,0.0422017896687642,13.0,2,0,125.13320277721698,nitrogen,held_out_location
Ames|4232|15|21,Ames,4232,15,21,PHP02 X LH185,75,2022-08-05,89.17,0.0319847009003576,13.0,2,0,125.13320277721698,nitrogen,held_out_location
Ames|4232|26|17,Ames,4232,26,17,PHP02 X LH198,75,2022-08-05,133.84,0.0115631985549733,13.0,2,0,125.13320277721698,nitrogen,held_out_location
Ames|4232|12|22,Ames,4232,12,22,PHP02 X LH198,75,2022-08-05,119.13,0.0270562792751178,13.0,2,0,125.13320277721698,nitrogen,held_out_location
Ames|4232|18|18,Ames,4232,18,18,PHP02 X LH82,75,2022-08-05,135.26,0.0317063847399635,13.0,2,0,125.13320277721698,nitrogen,held_out_location
Ames|4232|6|20,Ames,4232,6,20,PHP02 X LH82,75,2022-08-05,113.74,0.0304655175612544,13.0,2,0,125.13320277721698,nitrogen,held_out_location
Ames|4232|11|19,Ames,4232,11,19,PHP02 X PHB47,75,2022-08-05,100.53,0.0143051584261346,13.0,2,0,125.13320277721698,nitrogen,held_out_location
Ames|4232|26|21,Ames,4232,26,21,PHP02 X PHB47,75,2022-08-05,115.68,-0.0137516152130242,13.0,2,0,125.13320277721698,nitrogen,held_out_location
Ames|4232|23|18,Ames,4232,23,18,PHP02 X PHG47,75,2022-08-05,135.23,0.0307125420306052,13.0,2,0,125.13320277721698,nitrogen,held_out_location
Ames|4232|13|20,Ames,4232,13,20,PHP02 X PHG47,75,2022-08-05,120.93,0.0159722777555645,13.0,2,0,125.13320277721698,nitrogen,held_out_location
Ames|4232|30|18,Ames,4232,30,18,PHP02 X PHJ89,75,2022-08-05,127.62,0.0218971569810206,13.0,2,0,125.13320277721698,nitrogen,held_out_location
Ames|4232|11|22,Ames,4232,11,22,PHP02 X PHJ89,75,2022-08-05,101.58,0.0207908856425333,13.0,2,0,125.13320277721698,nitrogen,held_out_location
Ames|4232|11|21,Ames,4232,11,21,PHP02 X PHK56,75,2022-08-05,108.31,0.0497814737382964,13.0,2,0,125.13320277721698,nitrogen,held_out_location
Ames|4232|29|21,Ames,4232,29,21,PHP02 X PHK56,75,2022-08-05,160.42,0.0241605579961937,13.0,2,0,125.13320277721698,nitrogen,held_out_location
Ames|4232|15|17,Ames,4232,15,17,PHP02 X PHK76,75,2022-08-05,145.61,0.0464194466692433,13.0,2,0,125.13320277721698,nitrogen,held_out_location
Ames|4232|18|21,Ames,4232,18,21,PHP02 X PHK76,75,2022-08-05,127.58,0.0360400642162013,13.0,2,0,125.13320277721698,nitrogen,held_out_location
Ames|4232|17|18,Ames,4232,17,18,PHP02 X PHN46,75,2022-08-05,155.95,0.0500985886950775,13.0,2,0,125.13320277721698,nitrogen,held_out_location
Ames|4232|8|22,Ames,4232,8,22,PHP02 X PHN46,75,2022-08-05,115.36,0.0587919679154242,13.0,2,0,125.13320277721698,nitrogen,held_out_location
Ames|4232|25|17,Ames,4232,25,17,PHP02 X W606S,75,2022-08-05,117.39,0.0295171562047656,13.0,2,0,125.13320277721698,nitrogen,held_out_location
Ames|4232|10|21,Ames,4232,10,21,PHP02 X W606S,75,2022-08-05,82.39,0.0435846759982248,13.0,2,0,125.13320277721698,nitrogen,held_out_location
Ames|4232|14|17,Ames,4232,14,17,PHT69 X 3IIH6,75,2022-08-05,134.69,0.0387029649396726,13.0,2,0,125.13320277721698,nitrogen,held_out_location
Ames|4232|19|22,Ames,4232,19,22,PHT69 X 3IIH6,75,2022-08-05,112.01,0.0260579548540283,13.0,2,0,125.13320277721698,nitrogen,held_out_location
Ames|4232|2|19,Ames,4232,2,19,PHW52 X LH185,75,2022-08-05,99.15,0.0135651209652852,13.0,2,0,125.13320277721698,nitrogen,held_out_location
Ames|4232|23|21,Ames,4232,23,21,PHW52 X LH185,75,2022-08-05,107.39,0.0265409061917439,13.0,2,0,125.13320277721698,nitrogen,held_out_location
Ames|4232|4|17,Ames,4232,4,17,PHW52 X PHM49,75,2022-08-05,131.93,0.0410454663319934,13.0,2,0,125.13320277721698,nitrogen,held_out_location
Ames|4232|20|18,Ames,4232,20,18,PHW52 X PHM49,75,2022-08-05,188.81,0.0460136730395995,13.0,2,0,125.13320277721698,nitrogen,held_out_location
Ames|4232|3|17,Ames,4232,3,17,PHW52 X PHN82,75,2022-08-05,155.26,0.036116938406406,13.0,2,0,125.13320277721698,nitrogen,held_out_location
Ames|4232|26|20,Ames,4232,26,20,PHW52 X PHN82,75,2022-08-05,155.16,0.0060894717609059,13.0,2,0,125.13320277721698,nitrogen,held_out_location
Ames|4232|13|19,Ames,4232,13,19,PHW52 X PHZ51,75,2022-08-05,126.8,0.0331631947801229,13.0,2,0,125.13320277721698,nitrogen,held_out_location
Ames|4232|24|19,Ames,4232,24,19,PHW52 X PHZ51,75,2022-08-05,64.36,0.0244847075928351,13.0,2,0,125.13320277721698,nitrogen,held_out_location
Ames|4232|20|17,Ames,4232,20,17,PHZ51 X LH145,75,2022-08-05,89.17,0.0447053191866817,13.0,2,0,125.13320277721698,nitrogen,held_out_location
Ames|4232|8|18,Ames,4232,8,18,PHZ51 X LH145,75,2022-08-05,112.32,0.0412182183726137,13.0,2,0,125.13320277721698,nitrogen,held_out_location
Ames|4232|23|17,Ames,4232,23,17,PIONEER 1311 AMXT,75,2022-08-05,150.25,0.0415645536690861,13.0,2,0,125.13320277721698,nitrogen,held_out_location
Ames|4232|14|20,Ames,4232,14,20,PIONEER 1311 AMXT,75,2022-08-05,123.31,0.0391953387981147,13.0,2,0,125.13320277721698,nitrogen,held_out_location
Ames|4232|24|18,Ames,4232,24,18,PIONEER P0589 AMXT,75,2022-08-05,139.09,0.0220923226356606,13.0,2,0,125.13320277721698,nitrogen,held_out_location
Ames|4232|16|19,Ames,4232,16,19,PIONEER P0589 AMXT,75,2022-08-05,184.49,0.0426888549262018,13.0,2,0,125.13320277721698,nitrogen,held_out_location
Ames|4232|17|20,Ames,4232,17,20,SYNGENTA NK0760-3111,75,2022-08-05,166.82,0.035360177364539,13.0,2,0,125.13320277721698,nitrogen,held_out_location
Ames|4232|9|22,Ames,4232,9,22,SYNGENTA NK0760-3111,75,2022-08-05,148.82,0.0382929361706294,13.0,2,0,125.13320277721698,nitrogen,held_out_location
Ames|4232|24|20,Ames,4232,24,20,WF9 X H95,75,2022-08-05,27.3,-0.0007845761477223,13.0,2,0,125.13320277721698,nitrogen,held_out_location
Ames|4232|5|22,Ames,4232,5,22,WF9 X H95,75,2022-08-05,51.91,0.0071441642130835,13.0,2,0,125.13320277721698,nitrogen,held_out_location
Ames|4231|28|4,Ames,4231,28,4,2369 X 3IIH6,75,2022-08-05,149.81,0.0295919325781106,13.0,2,0,115.50363667020748,nitrogen,held_out_location
Ames|4231|2|6,Ames,4231,2,6,2369 X 3IIH6,75,2022-08-05,117.66,0.0174223525154226,13.0,2,0,115.50363667020748,nitrogen,held_out_location
Ames|4231|21|4,Ames,4231,21,4,2369 X LH123HT,75,2022-08-05,95.28,0.0488091751509296,13.0,2,0,115.50363667020748,nitrogen,held_out_location
Ames|4231|14|7,Ames,4231,14,7,2369 X LH123HT,75,2022-08-05,87.35,0.0416911780842309,13.0,2,0,115.50363667020748,nitrogen,held_out_location
Ames|4231|6|6,Ames,4231,6,6,2369 X PHN82,75,2022-08-05,100.8,0.044498212037851,13.0,2,0,115.50363667020748,nitrogen,held_out_location
Ames|4231|25|7,Ames,4231,25,7,2369 X PHN82,75,2022-08-05,140.06,0.0277067178505013,13.0,2,0,115.50363667020748,nitrogen,held_out_location
Ames|4231|27|2,Ames,4231,27,2,2369 X PHP02,75,2022-08-05,116.89,0.0417759671591236,13.0,2,0,115.50363667020748,nitrogen,held_out_location
Ames|4231|9|4,Ames,4231,9,4,2369 X PHP02,75,2022-08-05,83.49,0.0072395162542623,13.0,2,0,115.50363667020748,nitrogen,held_out_location
Ames|4231|2|5,Ames,4231,2,5,2369 X PHZ51,75,2022-08-05,111.89,0.0350356216340108,13.0,2,0,115.50363667020748,nitrogen,held_out_location
Ames|4231|20|6,Ames,4231,20,6,2369 X PHZ51,75,2022-08-05,139.76,0.0358978909663001,13.0,2,0,115.50363667020748,nitrogen,held_out_location
Ames|4231|25|2,Ames,4231,25,2,2FACC X 3IIH6,75,2022-08-05,150.24,0.0390806877920987,13.0,2,0,115.50363667020748,nitrogen,held_out_location
Ames|4231|10|6,Ames,4231,10,6,2FACC X 3IIH6,75,2022-08-05,119.39,0.0219900763240677,13.0,2,0,115.50363667020748,nitrogen,held_out_location
Ames|4231|8|5,Ames,4231,8,5,4N506 X 3IIH6,75,2022-08-05,116.17,0.0140144906410321,13.0,2,0,115.50363667020748,nitrogen,held_out_location
Ames|4231|24|6,Ames,4231,24,6,4N506 X 3IIH6,75,2022-08-05,145.85,0.0409746651304263,13.0,2,0,115.50363667020748,nitrogen,held_out_location
Ames|4231|19|4,Ames,4231,19,4,B105 X 3IIH6,75,2022-08-05,111.85,0.0329205736388735,13.0,2,0,115.50363667020748,nitrogen,held_out_location
Ames|4231|8|7,Ames,4231,8,7,B105 X 3IIH6,75,2022-08-05,62.27,0.0280113902111206,13.0,2,0,115.50363667020748,nitrogen,held_out_location
Ames|4231|22|2,Ames,4231,22,2,B14A X MO17,75,2022-08-05,99.32,0.0448947336853957,13.0,2,0,115.50363667020748,nitrogen,held_out_location
Ames|4231|9|6,Ames,4231,9,6,B14A X MO17,75,2022-08-05,82.92,0.0106085396986572,13.0,2,0,115.50363667020748,nitrogen,held_out_location
Ames|4231|3|5,Ames,4231,3,5,B37 X H95,75,2022-08-05,65.46,0.0441601560638187,13.0,2,0,115.50363667020748,nitrogen,held_out_location
Ames|4231|24|7,Ames,4231,24,7,B37 X H95,75,2022-08-05,72.93,0.033537089752296,13.0,2,0,115.50363667020748,nitrogen,held_out_location
Ames|4231|5|3,Ames,4231,5,3,B37 X MO17,75,2022-08-05,95.3,0.0386709062293907,13.0,2,0,115.50363667020748,nitrogen,held_out_location
Ames|4231|20|7,Ames,4231,20,7,B37 X MO17,75,2022-08-05,115.26,0.0260012919738698,13.0,2,0,115.50363667020748,nitrogen,held_out_location
Ames|4231|28|3,Ames,4231,28,3,B37 X OH43,75,2022-08-05,84.99,0.0321149146287511,13.0,2,0,115.50363667020748,nitrogen,held_out_location
Ames|4231|2|7,Ames,4231,2,7,B37 X OH43,75,2022-08-05,67.75,0.0011719354898127,13.0,2,0,115.50363667020748,nitrogen,held_out_location
Ames|4231|7|5,Ames,4231,7,5,B73 X 3IIH6,75,2022-08-05,140.91,0.0136058229741511,13.0,2,0,115.50363667020748,nitrogen,held_out_location
Ames|4231|20|5,Ames,4231,20,5,B73 X 3IIH6,75,2022-08-05,124.98,0.0285430588669393,13.0,2,0,115.50363667020748,nitrogen,held_out_location
Ames|4231|30|5,Ames,4231,30,5,B73 X MO17,75,2022-08-05,138.23,0.0320437125636872,13.0,2,0,115.50363667020748,nitrogen,held_out_location
Ames|4231|12|7,Ames,4231,12,7,B73 X MO17,75,2022-08-05,107.98,0.0332004748078726,13.0,2,0,115.50363667020748,nitrogen,held_out_location
Ames|4231|21|6,Ames,4231,21,6,B73 X PHM49,75,2022-08-05,125.39,0.0384607109396197,13.0,2,0,115.50363667020748,nitrogen,held_out_location
Ames|4231|9|7,Ames,4231,9,7,B73 X PHM49,75,2022-08-05,79.96,0.0278968607934546,13.0,2,0,115.50363667020748,nitrogen,held_out_location
Ames|4231|4|5,Ames,4231,4,5,B73 X PHN82,75,2022-08-05,111.46,0.0571623421930694,13.0,2,0,115.50363667020748,nitrogen,held_out_location
Ames|4231|26|6,Ames,4231,26,6,B73 X PHN82,75,2022-08-05,150.01,0.0392292401338454,13.0,2,0,115.50363667020748,nitrogen,held_out_location
Ames|4231|30|3,Ames,4231,30,3,B73 X PHZ51,75,2022-08-05,125.45,0.0319782702178965,13.0,2,0,115.50363667020748,nitrogen,held_out_location
Ames|4231|10|5,Ames,4231,10,5,B73 X PHZ51,75,2022-08-05,109.4,0.0286704982927267,13.0,2,0,115.50363667020748,nitrogen,held_out_location
Ames|4231|17|3,Ames,4231,17,3,B84 X 3IIH6,75,2022-08-05,143.8,0.0347168579763275,13.0,2,0,115.50363667020748,nitrogen,held_out_location
Ames|4231|5|4,Ames,4231,5,4,B84 X 3IIH6,75,2022-08-05,125.29,0.0396101861538275,13.0,2,0,115.50363667020748,nitrogen,held_out_location
Ames|4231|12|5,Ames,4231,12,5,F42 X MO17,75,2022-08-05,111.78,0.0337744018398457,13.0,2,0,115.50363667020748,nitrogen,held_out_location
Ames|4231|19|6,Ames,4231,19,6,F42 X MO17,75,2022-08-05,165.92,0.0275689805402264,13.0,2,0,115.50363667020748,nitrogen,held_out_location
Ames|4231|22|4,Ames,4231,22,4,F42 X OH43,75,2022-08-05,75.38,0.0322713078389307,13.0,2,0,115.50363667020748,nitrogen,held_out_location
Ames|4231|4|7,Ames,4231,4,7,F42 X OH43,75,2022-08-05,89.27,0.0273327660617542,13.0,2,0,115.50363667020748,nitrogen,held_out_location
Ames|4231|12|2,Ames,4231,12,2,HOEGEMEYER 7089 AMXT,75,2022-08-05,183.96,0.065845332704936,13.0,2,0,115.50363667020748,nitrogen,held_out_location
Ames|4231|23|4,Ames,4231,23,4,HOEGEMEYER 7089 AMXT,75,2022-08-05,177.1,0.0483262729625145,13.0,2,0,115.50363667020748,nitrogen,held_out_location
Ames|4231|10|3,Ames,4231,10,3,HOEGEMEYER 8065RR,75,2022-08-05,153.29,0.0245275109010522,13.0,2,0,115.50363667020748,nitrogen,held_out_location
Ames|4231|24|5,Ames,4231,24,5,HOEGEMEYER 8065RR,75,2022-08-05,164.28,0.0478864839647419,13.0,2,0,115.50363667020748,nitrogen,held_out_location
Ames|4231|18|3,Ames,4231,18,3,LH123HT X 3IIH6,75,2022-08-05,119.22,0.0429463696922309,13.0,2,0,115.50363667020748,nitrogen,held_out_location
Ames|4231|11|7,Ames,4231,11,7,LH123HT X 3IIH6,75,2022-08-05,103.65,0.0363182730915497,13.0,2,0,115.50363667020748,nitrogen,held_out_location
Ames|4231|11|3,Ames,4231,11,3,LH123HT X PHB47,75,2022-08-05,113.07,0.0315078341268095,13.0,2,0,115.50363667020748,nitrogen,held_out_location
Ames|4231|25|5,Ames,4231,25,5,LH123HT X PHB47,75,2022-08-05,125.3,0.0540079011584226,13.0,2,0,115.50363667020748,nitrogen,held_out_location
Ames|4231|24|3,Ames,4231,24,3,LH145 X LH162,75,2022-08-05,130.65,0.0427547160656216,13.0,2,0,115.50363667020748,nitrogen,held_out_location
Ames|4231|3|6,Ames,4231,3,6,LH145 X LH162,75,2022-08-05,135.73,0.0420458716803697,13.0,2,0,115.50363667020748,nitrogen,held_out_location
Ames|4231|7|4,Ames,4231,7,4,LH185 X LH145,75,2022-08-05,54.7,0.0084148820421979,13.0,2,0,115.50363667020748,nitrogen,held_out_location
Ames|4231|15|6,Ames,4231,15,6,LH185 X LH82,75,2022-08-05,155.39,0.0419255659927675,13.0,2,0,115.50363667020748,nitrogen,held_out_location
Ames|4231|23|7,Ames,4231,23,7,LH185 X LH82,75,2022-08-05,154.05,0.0291049680010875,13.0,2,0,115.50363667020748,nitrogen,held_out_location
Ames|4231|12|4,Ames,4231,12,4,LH185 X W606S,75,2022-08-05,130.97,0.0533078644041186,13.0,2,0,115.50363667020748,nitrogen,held_out_location
Ames|4231|3|4,Ames,4231,3,4,LH195 X 3IIH6,75,2022-08-05,136.32,0.0377176331208493,13.0,2,0,115.50363667020748,nitrogen,held_out_location
Ames|4231|17|6,Ames,4231,17,6,LH195 X 3IIH6,75,2022-08-05,130.76,0.0370019662671399,13.0,2,0,115.50363667020748,nitrogen,held_out_location
Ames|4231|4|2,Ames,4231,4,2,LH195 X LH123HT,75,2022-08-05,107.93,0.081853873715365,13.0,2,0,115.50363667020748,nitrogen,held_out_location
Ames|4231|27|4,Ames,4231,27,4,LH195 X LH123HT,75,2022-08-05,128.39,0.0411407617350443,13.0,2,0,115.50363667020748,nitrogen,held_out_location
Ames|4231|2|4,Ames,4231,2,4,LH195 X LH185,75,2022-08-05,105.31,0.0366812168567212,13.0,2,0,115.50363667020748,nitrogen,held_out_location
Ames|4231|17|4,Ames,4231,17,4,LH195 X LH185,75,2022-08-05,105.03,0.043908074313448,13.0,2,0,115.50363667020748,nitrogen,held_out_location
Ames|4231|5|2,Ames,4231,5,2,LH195 X PHM49,75,2022-08-05,72.53,0.038572419158672,13.0,2,0,115.50363667020748,nitrogen,held_out_location
Ames|4231|26|4,Ames,4231,26,4,LH195 X PHM49,75,2022-08-05,91.96,0.0280954012897143,13.0,2,0,115.50363667020748,nitrogen,held_out_location
Ames|4231|2|2,Ames,4231,2,2,LH195 X PHZ51,75,2022-08-05,147.92,0.0521870378174531,13.0,2,0,115.50363667020748,nitrogen,held_out_location
Ames|4231|20|4,Ames,4231,20,4,LH195 X PHZ51,75,2022-08-05,112.79,0.0366911728359515,13.0,2,0,115.50363667020748,nitrogen,held_out_location
Ames|4231|16|3,Ames,4231,16,3,LH198 X PHB47,75,2022-08-05,129.24,0.0420575667649789,13.0,2,0,115.50363667020748,nitrogen,held_out_location
Ames|4231|27|3,Ames,4231,27,3,LH198 X PHB47,75,2022-08-05,130.32,0.0370841771950551,13.0,2,0,115.50363667020748,nitrogen,held_out_location
Ames|4231|2|3,Ames,4231,2,3,LH198 X PHZ51,75,2022-08-05,122.52,0.039259348200219,13.0,2,0,115.50363667020748,nitrogen,held_out_location
Ames|4231|21|5,Ames,4231,21,5,LH198 X PHZ51,75,2022-08-05,105.18,0.0304141882707833,13.0,2,0,115.50363667020748,nitrogen,held_out_location
Ames|4231|28|2,Ames,4231,28,2,LH74 X PHM49,75,2022-08-05,97.82,0.0555453459213381,13.0,2,0,115.50363667020748,nitrogen,held_out_location
Ames|4231|6|5,Ames,4231,6,5,LH74 X PHM49,75,2022-08-05,89.45,0.0105318198687762,13.0,2,0,115.50363667020748,nitrogen,held_out_location
Ames|4231|9|5,Ames,4231,9,5,LH74 X PHN82,75,2022-08-05,102.55,0.0107833359278499,13.0,2,0,115.50363667020748,nitrogen,held_out_location
Ames|4231|25|6,Ames,4231,25,6,LH74 X PHN82,75,2022-08-05,154.07,0.0419719438993223,13.0,2,0,115.50363667020748,nitrogen,held_out_location
Ames|4231|20|3,Ames,4231,20,3,LH82 X PHB47,75,2022-08-05,112.56,0.0386413611868976,13.0,2,0,115.50363667020748,nitrogen,held_out_location
Ames|4231|5|7,Ames,4231,5,7,LH82 X PHB47,75,2022-08-05,90.56,0.0514409344304345,13.0,2,0,115.50363667020748,nitrogen,held_out_location
Ames|4231|5|5,Ames,4231,5,5,LH82 X PHJ89,75,2022-08-05,116.49,0.0502600664200321,13.0,2,0,115.50363667020748,nitrogen,held_out_location
Ames|4231|17|5,Ames,4231,17,5,LH82 X PHJ89,75,2022-08-05,124.13,0.0515363249484867,13.0,2,0,115.50363667020748,nitrogen,held_out_location
Ames|4231|7|2,Ames,4231,7,2,LH82 X W606S,75,2022-08-05,109.93,0.0423644723438414,13.0,2,0,115.50363667020748,nitrogen,held_out_location
Ames|4231|17|7,Ames,4231,17,7,LH82 X W606S,75,2022-08-05,115.33,0.0497353688382939,13.0,2,0,115.50363667020748,nitrogen,held_out_location
Ames|4231|19|3,Ames,4231,19,3,N209 X 3IIH6,75,2022-08-05,123.8,0.0280221457971776,13.0,2,0,115.50363667020748,nitrogen,held_out_location
Ames|4231|13|5,Ames,4231,13,5,N209 X 3IIH6,75,2022-08-05,141.72,0.0538345084232434,13.0,2,0,115.50363667020748,nitrogen,held_out_location
Ames|4231|23|3,Ames,4231,23,3,PHB47 X 3IIH6,75,2022-08-05,142.83,0.0398808593914953,13.0,2,0,115.50363667020748,nitrogen,held_out_location
Ames|4231|6|7,Ames,4231,6,7,PHB47 X 3IIH6,75,2022-08-05,85.28,0.0471260381086661,13.0,2,0,115.50363667020748,nitrogen,held_out_location
Ames|4231|5|6,Ames,4231,5,6,PHB47 X LH185,75,2022-08-05,108.75,0.0585706413385461,13.0,2,0,115.50363667020748,nitrogen,held_out_location
Ames|4231|26|7,Ames,4231,26,7,PHB47 X LH185,75,2022-08-05,140.49,0.0221011297108865,13.0,2,0,115.50363667020748,nitrogen,held_out_location
Ames|4231|8|6,Ames,4231,8,6,PHB47 X PHJ89,75,2022-08-05,57.69,0.0131384704339704,13.0,2,0,115.50363667020748,nitrogen,held_out_location
Ames|4231|17|2,Ames,4231,17,2,PHB47 X PHK56,75,2022-08-05,121.24,0.0441250238762603,13.0,2,0,115.50363667020748,nitrogen,held_out_location
Ames|4231|14|5,Ames,4231,14,5,PHB47 X PHK56,75,2022-08-05,129.0,0.0435176791086699,13.0,2,0,115.50363667020748,nitrogen,held_out_location
Ames|4231|3|2,Ames,4231,3,2,PHG39 X PHM49,75,2022-08-05,134.19,0.0695413543749962,13.0,2,0,115.50363667020748,nitrogen,held_out_location
Ames|4231|29|5,Ames,4231,29,5,PHG39 X PHM49,75,2022-08-05,147.54,0.0397404484489668,13.0,2,0,115.50363667020748,nitrogen,held_out_location
Ames|4231|13|6,Ames,4231,13,6,PHG39 X PHN82,75,2022-08-05,193.95,0.0426637706526452,13.0,2,0,115.50363667020748,nitrogen,held_out_location
Ames|4231|13|3,Ames,4231,13,3,PHJ40 X LH82,75,2022-08-05,140.89,0.031907893314656,13.0,2,0,115.50363667020748,nitrogen,held_out_location
Ames|4231|19|7,Ames,4231,19,7,PHJ40 X LH82,75,2022-08-05,139.37,0.0129086294903425,13.0,2,0,115.50363667020748,nitrogen,held_out_location
Ames|4231|18|2,Ames,4231,18,2,PHK56 X 3IIH6,75,2022-08-05,133.72,0.0432716538197051,13.0,2,0,115.50363667020748,nitrogen,held_out_location
Ames|4231|16|5,Ames,4231,16,5,PHK56 X 3IIH6,75,2022-08-05,143.62,0.0606183657419001,13.0,2,0,115.50363667020748,nitrogen,held_out_location
Ames|4231|13|4,Ames,4231,13,4,PHK56 X LH145,75,2022-08-05,121.67,0.0481059192660129,13.0,2,0,115.50363667020748,nitrogen,held_out_location
Ames|4231|16|2,Ames,4231,16,2,PHK56 X LH185,75,2022-08-05,144.65,0.0547874838856123,13.0,2,0,115.50363667020748,nitrogen,held_out_location
Ames|4231|21|7,Ames,4231,21,7,PHK56 X LH185,75,2022-08-05,173.47,0.0297859094041069,13.0,2,0,115.50363667020748,nitrogen,held_out_location
Ames|4231|30|6,Ames,4231,30,6,PHK56 X LH198,75,2022-08-05,174.86,0.0250248872428746,13.0,2,0,115.50363667020748,nitrogen,held_out_location
Ames|4231|7|7,Ames,4231,7,7,PHK56 X LH198,75,2022-08-05,82.19,0.0048230057025536,13.0,2,0,115.50363667020748,nitrogen,held_out_location
Ames|4231|6|2,Ames,4231,6,2,PHK56 X LH82,75,2022-08-05,138.9,0.0384811132986006,13.0,2,0,115.50363667020748,nitrogen,held_out_location
Ames|4231|30|4,Ames,4231,30,4,PHK56 X LH82,75,2022-08-05,150.2,0.0415214853778862,13.0,2,0,115.50363667020748,nitrogen,held_out_location
Ames|4231|30|2,Ames,4231,30,2,PHK56 X PHJ89,75,2022-08-05,141.04,0.0229983529614734,13.0,2,0,115.50363667020748,nitrogen,held_out_location
Ames|4231|10|4,Ames,4231,10,4,PHK56 X PHJ89,75,2022-08-05,146.77,0.0368954614975912,13.0,2,0,115.50363667020748,nitrogen,held_out_location
Ames|4231|8|2,Ames,4231,8,2,PHK56 X W606S,75,2022-08-05,145.95,0.0339711852979727,13.0,2,0,115.50363667020748,nitrogen,held_out_location
Ames|4231|26|3,Ames,4231,26,3,PHK56 X W606S,75,2022-08-05,171.24,0.0524492965375817,13.0,2,0,115.50363667020748,nitrogen,held_out_location
Ames|4231|8|4,Ames,4231,8,4,PHK76 X 3IIH6,75,2022-08-05,96.84,0.0049485920695382,13.0,2,0,115.50363667020748,nitrogen,held_out_location
Ames|4231|22|5,Ames,4231,22,5,PHK76 X 3IIH6,75,2022-08-05,123.54,0.039383198028954,13.0,2,0,115.50363667020748,nitrogen,held_out_location
Ames|4231|19|2,Ames,4231,19,2,PHK76 X LH145,75,2022-08-05,89.87,0.0242027543636969,13.0,2,0,115.50363667020748,nitrogen,held_out_location
Ames|4231|9|3,Ames,4231,9,3,PHK76 X LH145,75,2022-08-05,60.38,0.0133418027964407,13.0,2,0,115.50363667020748,nitrogen,held_out_location
Ames|4231|12|3,Ames,4231,12,3,PHK76 X LH198,75,2022-08-05,128.42,0.0365425634145886,13.0,2,0,115.50363667020748,nitrogen,held_out_location
Ames|4231|23|5,Ames,4231,23,5,PHK76 X LH198,75,2022-08-05,134.57,0.039757249946374,13.0,2,0,115.50363667020748,nitrogen,held_out_location
Ames|4231|15|2,Ames,4231,15,2,PHK76 X LH82,75,2022-08-05,118.06,0.0763648510121044,13.0,2,0,115.50363667020748,nitrogen,held_out_location
Ames|4231|18|5,Ames,4231,18,5,PHK76 X LH82,75,2022-08-05,125.79,0.0405873831677284,13.0,2,0,115.50363667020748,nitrogen,held_out_location
Ames|4231|11|2,Ames,4231,11,2,PHK76 X W606S,75,2022-08-05,123.24,0.0702368719086083,13.0,2,0,115.50363667020748,nitrogen,held_out_location
Ames|4231|19|5,Ames,4231,19,5,PHK76 X W606S,75,2022-08-05,91.66,0.0532740158450617,13.0,2,0,115.50363667020748,nitrogen,held_out_location
Ames|4231|26|2,Ames,4231,26,2,PHN46 X PHB47,75,2022-08-05,119.34,0.0624289351739667,13.0,2,0,115.50363667020748,nitrogen,held_out_location
Ames|4231|14|3,Ames,4231,14,3,PHN46 X PHB47,75,2022-08-05,126.88,0.0475517950812499,13.0,2,0,115.50363667020748,nitrogen,held_out_location
Ames|4231|15|4,Ames,4231,15,4,PHN46 X PHK56,75,2022-08-05,138.53,0.0447403077339516,13.0,2,0,115.50363667020748,nitrogen,held_out_location
Ames|4231|18|4,Ames,4231,18,4,PHN46 X PHK56,75,2022-08-05,159.78,0.0446190951992733,13.0,2,0,115.50363667020748,nitrogen,held_out_location
Ames|4231|7|3,Ames,4231,7,3,PHN46 X W606S,75,2022-08-05,115.8,0.0290666760705419,13.0,2,0,115.50363667020748,nitrogen,held_out_location
Ames|4231|25|4,Ames,4231,25,4,PHN46 X W606S,75,2022-08-05,115.21,0.0744981735658998,13.0,2,0,115.50363667020748,nitrogen,held_out_location
Ames|4231|6|4,Ames,4231,6,4,PHP02 X LH145,75,2022-08-05,59.88,0.0104382869014543,13.0,2,0,115.50363667020748,nitrogen,held_out_location
Ames|4231|27|6,Ames,4231,27,6,PHP02 X LH145,75,2022-08-05,92.36,0.0253743120092841,13.0,2,0,115.50363667020748,nitrogen,held_out_location
Ames|4231|6|3,Ames,4231,6,3,PHP02 X LH185,75,2022-08-05,82.49,0.0230544038769491,13.0,2,0,115.50363667020748,nitrogen,held_out_location
Ames|4231|28|7,Ames,4231,28,7,PHP02 X LH185,75,2022-08-05,143.22,0.0174288272862581,13.0,2,0,115.50363667020748,nitrogen,held_out_location
Ames|4231|14|2,Ames,4231,14,2,PHP02 X LH198,75,2022-08-05,138.38,0.0604520970691653,13.0,2,0,115.50363667020748,nitrogen,held_out_location
Ames|4231|23|6,Ames,4231,23,6,PHP02 X LH198,75,2022-08-05,185.41,0.0352545298536564,13.0,2,0,115.50363667020748,nitrogen,held_out_location
Ames|4231|8|3,Ames,4231,8,3,PHP02 X LH82,75,2022-08-05,66.25,-0.0030287581152874,13.0,2,0,115.50363667020748,nitrogen,held_out_location
Ames|4231|28|6,Ames,4231,28,6,PHP02 X LH82,75,2022-08-05,131.25,0.0321336092905599,13.0,2,0,115.50363667020748,nitrogen,held_out_location
Ames|4231|29|2,Ames,4231,29,2,PHP02 X PHB47,75,2022-08-05,117.93,0.0267623627187627,13.0,2,0,115.50363667020748,nitrogen,held_out_location
Ames|4231|4|4,Ames,4231,4,4,PHP02 X PHB47,75,2022-08-05,89.81,0.0535926917604607,13.0,2,0,115.50363667020748,nitrogen,held_out_location
Ames|4231|22|3,Ames,4231,22,3,PHP02 X PHG47,75,2022-08-05,141.99,0.025815092480997,13.0,2,0,115.50363667020748,nitrogen,held_out_location
Ames|4231|16|4,Ames,4231,16,4,PHP02 X PHG47,75,2022-08-05,170.55,0.0326493758185133,13.0,2,0,115.50363667020748,nitrogen,held_out_location
Ames|4231|27|5,Ames,4231,27,5,PHP02 X PHJ89,75,2022-08-05,149.05,0.0254611104033447,13.0,2,0,115.50363667020748,nitrogen,held_out_location
Ames|4231|15|7,Ames,4231,15,7,PHP02 X PHJ89,75,2022-08-05,94.73,0.0289450122713991,13.0,2,0,115.50363667020748,nitrogen,held_out_location
Ames|4231|25|3,Ames,4231,25,3,PHP02 X PHK56,75,2022-08-05,160.54,0.0382624776269544,13.0,2,0,115.50363667020748,nitrogen,held_out_location
Ames|4231|15|5,Ames,4231,15,5,PHP02 X PHK56,75,2022-08-05,140.97,0.0387105373802615,13.0,2,0,115.50363667020748,nitrogen,held_out_location
Ames|4231|9|2,Ames,4231,9,2,PHP02 X PHK76,75,2022-08-05,124.39,0.0239947857584114,13.0,2,0,115.50363667020748,nitrogen,held_out_location
Ames|4231|29|4,Ames,4231,29,4,PHP02 X PHK76,75,2022-08-05,139.23,0.0352189483079535,13.0,2,0,115.50363667020748,nitrogen,held_out_location
Ames|4231|11|4,Ames,4231,11,4,PHP02 X PHN46,75,2022-08-05,120.13,0.0534683336401679,13.0,2,0,115.50363667020748,nitrogen,held_out_location
Ames|4231|18|6,Ames,4231,18,6,PHP02 X PHN46,75,2022-08-05,139.12,0.0388222075071538,13.0,2,0,115.50363667020748,nitrogen,held_out_location
Ames|4231|10|2,Ames,4231,10,2,PHP02 X W606S,75,2022-08-05,152.81,0.0390428820003656,13.0,2,0,115.50363667020748,nitrogen,held_out_location
Ames|4231|24|2,Ames,4231,24,2,PHP02 X W606S,75,2022-08-05,130.08,0.0534388004060794,13.0,2,0,115.50363667020748,nitrogen,held_out_location
Ames|4231|14|6,Ames,4231,14,6,PHT69 X 3IIH6,75,2022-08-05,124.37,0.0337918015840126,13.0,2,0,115.50363667020748,nitrogen,held_out_location
Ames|4231|29|6,Ames,4231,29,6,PHT69 X 3IIH6,75,2022-08-05,146.85,0.0162658702086871,13.0,2,0,115.50363667020748,nitrogen,held_out_location
Ames|4231|21|3,Ames,4231,21,3,PHW52 X LH185,75,2022-08-05,137.73,0.0490733972122569,13.0,2,0,115.50363667020748,nitrogen,held_out_location
Ames|4231|13|7,Ames,4231,13,7,PHW52 X LH185,75,2022-08-05,129.52,0.0410885359251985,13.0,2,0,115.50363667020748,nitrogen,held_out_location
Ames|4231|11|5,Ames,4231,11,5,PHW52 X PHM49,75,2022-08-05,141.98,0.0347652939115984,13.0,2,0,115.50363667020748,nitrogen,held_out_location
Ames|4231|27|7,Ames,4231,27,7,PHW52 X PHM49,75,2022-08-05,145.0,0.029575946424286,13.0,2,0,115.50363667020748,nitrogen,held_out_location
Ames|4231|3|3,Ames,4231,3,3,PHW52 X PHN82,75,2022-08-05,149.3,0.0620697732094814,13.0,2,0,115.50363667020748,nitrogen,held_out_location
Ames|4231|28|5,Ames,4231,28,5,PHW52 X PHN82,75,2022-08-05,142.45,0.0383711649722159,13.0,2,0,115.50363667020748,nitrogen,held_out_location
Ames|4231|24|4,Ames,4231,24,4,PHW52 X PHZ51,75,2022-08-05,133.73,0.0445529155612797,13.0,2,0,115.50363667020748,nitrogen,held_out_location
Ames|4231|11|6,Ames,4231,11,6,PHW52 X PHZ51,75,2022-08-05,143.59,0.039956473491038,13.0,2,0,115.50363667020748,nitrogen,held_out_location
Ames|4231|10|7,Ames,4231,10,7,PHZ51 X LH145,75,2022-08-05,62.87,0.0209164460256667,13.0,2,0,115.50363667020748,nitrogen,held_out_location
Ames|4231|18|7,Ames,4231,18,7,PHZ51 X LH145,75,2022-08-05,99.93,0.0220708767648551,13.0,2,0,115.50363667020748,nitrogen,held_out_location
Ames|4231|13|2,Ames,4231,13,2,PIONEER 1311 AMXT,75,2022-08-05,128.91,0.0537897046134016,13.0,2,0,115.50363667020748,nitrogen,held_out_location
Ames|4231|26|5,Ames,4231,26,5,PIONEER 1311 AMXT,75,2022-08-05,135.5,0.0409774984556838,13.0,2,0,115.50363667020748,nitrogen,held_out_location
Ames|4231|15|3,Ames,4231,15,3,PIONEER P0589 AMXT,75,2022-08-05,207.13,0.0467066784582189,13.0,2,0,115.50363667020748,nitrogen,held_out_location
Ames|4231|29|7,Ames,4231,29,7,PIONEER P0589 AMXT,75,2022-08-05,185.23,0.0259999845864254,13.0,2,0,115.50363667020748,nitrogen,held_out_location
Ames|4231|20|2,Ames,4231,20,2,SYNGENTA NK0760-3111,75,2022-08-05,183.75,0.0353609379874569,13.0,2,0,115.50363667020748,nitrogen,held_out_location
Ames|4231|14|4,Ames,4231,14,4,SYNGENTA NK0760-3111,75,2022-08-05,202.1,0.0436175010110206,13.0,2,0,115.50363667020748,nitrogen,held_out_location
Ames|4231|21|2,Ames,4231,21,2,WF9 X H95,75,2022-08-05,63.36,0.0397078849048516,13.0,2,0,115.50363667020748,nitrogen,held_out_location
Ames|4231|3|7,Ames,4231,3,7,WF9 X H95,75,2022-08-05,75.66,0.025629649398819,13.0,2,0,115.50363667020748,nitrogen,held_out_location
Crawfordsville|4352|5|2,Crawfordsville,4352,5,2,2369 X 3IIH6,75,2022-07-25,146.85,-0.0189520283345432,5.0,2,0,102.18294705942849,nitrogen,held_out_location
Crawfordsville|4352|20|8,Crawfordsville,4352,20,8,2369 X 3IIH6,75,2022-07-25,147.65,-0.0116839063276478,5.0,2,0,102.18294705942849,nitrogen,held_out_location
Crawfordsville|4352|16|7,Crawfordsville,4352,16,7,2369 X LH123HT,75,2022-07-25,177.71,-0.0115121325023666,5.0,2,0,102.18294705942849,nitrogen,held_out_location
Crawfordsville|4352|9|7,Crawfordsville,4352,9,7,2369 X LH123HT,75,2022-07-25,166.65,-0.0069173772752095,5.0,2,0,102.18294705942849,nitrogen,held_out_location
Crawfordsville|4352|20|2,Crawfordsville,4352,20,2,2369 X PHN82,75,2022-07-25,157.69,-0.0127864238809258,5.0,2,0,102.18294705942849,nitrogen,held_out_location
Crawfordsville|4352|12|4,Crawfordsville,4352,12,4,2369 X PHN82,75,2022-07-25,187.79,-0.0144640015068303,5.0,2,0,102.18294705942849,nitrogen,held_out_location
Crawfordsville|4352|17|7,Crawfordsville,4352,17,7,2369 X PHP02,75,2022-07-25,155.95,-0.0208397721739471,5.0,2,0,102.18294705942849,nitrogen,held_out_location
Crawfordsville|4352|4|8,Crawfordsville,4352,4,8,2369 X PHP02,75,2022-07-25,126.68,-0.0191453329431157,5.0,2,0,102.18294705942849,nitrogen,held_out_location
Crawfordsville|4352|7|2,Crawfordsville,4352,7,2,2369 X PHZ51,75,2022-07-25,131.06,-0.0109874145635203,5.0,2,0,102.18294705942849,nitrogen,held_out_location
Crawfordsville|4352|21|9,Crawfordsville,4352,21,9,2369 X PHZ51,75,2022-07-25,121.64,-0.0160705524678491,5.0,2,0,102.18294705942849,nitrogen,held_out_location
Crawfordsville|4352|10|2,Crawfordsville,4352,10,2,2FACC X 3IIH6,75,2022-07-25,162.19,-0.0182925747030704,5.0,2,0,102.18294705942849,nitrogen,held_out_location
Crawfordsville|4352|18|6,Crawfordsville,4352,18,6,2FACC X 3IIH6,75,2022-07-25,187.22,-0.0213827698944767,5.0,2,0,102.18294705942849,nitrogen,held_out_location
Crawfordsville|4352|6|5,Crawfordsville,4352,6,5,4N506 X 3IIH6,75,2022-07-25,148.28,-0.0209672902736439,5.0,2,0,102.18294705942849,nitrogen,held_out_location
Crawfordsville|4352|19|8,Crawfordsville,4352,19,8,4N506 X 3IIH6,75,2022-07-25,138.96,-0.0139882790376228,5.0,2,0,102.18294705942849,nitrogen,held_out_location
Crawfordsville|4352|10|8,Crawfordsville,4352,10,8,B105 X 3IIH6,75,2022-07-25,140.93,-0.0284842848996377,5.0,2,0,102.18294705942849,nitrogen,held_out_location
Crawfordsville|4352|20|9,Crawfordsville,4352,20,9,B105 X 3IIH6,75,2022-07-25,148.22,-0.0349007402052553,5.0,2,0,102.18294705942849,nitrogen,held_out_location
Crawfordsville|4352|3|6,Crawfordsville,4352,3,6,B14A X MO17,75,2022-07-25,171.69,-0.0171191872875595,5.0,2,0,102.18294705942849,nitrogen,held_out_location
Crawfordsville|4352|20|7,Crawfordsville,4352,20,7,B14A X MO17,75,2022-07-25,184.88,-0.0180929728968191,5.0,2,0,102.18294705942849,nitrogen,held_out_location
Crawfordsville|4352|15|6,Crawfordsville,4352,15,6,B37 X H95,75,2022-07-25,127.0,-0.0343929017621588,5.0,2,0,102.18294705942849,nitrogen,held_out_location
Crawfordsville|4352|5|6,Crawfordsville,4352,5,6,B37 X H95,75,2022-07-25,126.22,-0.0224132276394947,5.0,2,0,102.18294705942849,nitrogen,held_out_location
Crawfordsville|4352|19|3,Crawfordsville,4352,19,3,B37 X MO17,75,2022-07-25,160.94,-0.0252794301421651,5.0,2,0,102.18294705942849,nitrogen,held_out_location
Crawfordsville|4352|12|3,Crawfordsville,4352,12,3,B37 X MO17,75,2022-07-25,179.28,-0.0272721787879443,5.0,2,0,102.18294705942849,nitrogen,held_out_location
Crawfordsville|4352|15|5,Crawfordsville,4352,15,5,B37 X OH43,75,2022-07-25,121.84,-0.0344237347841905,5.0,2,0,102.18294705942849,nitrogen,held_out_location
Crawfordsville|4352|4|7,Crawfordsville,4352,4,7,B37 X OH43,75,2022-07-25,123.82,-0.0334356698857664,5.0,2,0,102.18294705942849,nitrogen,held_out_location
Crawfordsville|4352|7|5,Crawfordsville,4352,7,5,B73 X 3IIH6,75,2022-07-25,184.86,-0.0225900568025845,5.0,2,0,102.18294705942849,nitrogen,held_out_location
Crawfordsville|4352|22|7,Crawfordsville,4352,22,7,B73 X 3IIH6,75,2022-07-25,170.44,-0.027427803530194,5.0,2,0,102.18294705942849,nitrogen,held_out_location
Crawfordsville|4352|19|6,Crawfordsville,4352,19,6,B73 X MO17,75,2022-07-25,194.93,-0.0158330421899817,5.0,2,0,102.18294705942849,nitrogen,held_out_location
Crawfordsville|4352|7|9,Crawfordsville,4352,7,9,B73 X MO17,75,2022-07-25,163.12,-0.0110694848534573,5.0,2,0,102.18294705942849,nitrogen,held_out_location
Crawfordsville|4352|10|6,Crawfordsville,4352,10,6,B73 X PHM49,75,2022-07-25,197.93,-0.0234891476566933,5.0,2,0,102.18294705942849,nitrogen,held_out_location
Crawfordsville|4352|19|9,Crawfordsville,4352,19,9,B73 X PHM49,75,2022-07-25,174.06,-0.0185568906888401,5.0,2,0,102.18294705942849,nitrogen,held_out_location
Crawfordsville|4352|9|5,Crawfordsville,4352,9,5,B73 X PHN82,75,2022-07-25,183.49,-0.0184096478058026,5.0,2,0,102.18294705942849,nitrogen,held_out_location
Crawfordsville|4352|16|6,Crawfordsville,4352,16,6,B73 X PHN82,75,2022-07-25,187.35,-0.0327517045474903,5.0,2,0,102.18294705942849,nitrogen,held_out_location
Crawfordsville|4352|18|2,Crawfordsville,4352,18,2,B73 X PHZ51,75,2022-07-25,149.53,-0.0160547819531329,5.0,2,0,102.18294705942849,nitrogen,held_out_location
Crawfordsville|4352|12|7,Crawfordsville,4352,12,7,B73 X PHZ51,75,2022-07-25,175.09,-0.0209484758641972,5.0,2,0,102.18294705942849,nitrogen,held_out_location
Crawfordsville|4352|6|2,Crawfordsville,4352,6,2,B84 X 3IIH6,75,2022-07-25,114.9,-0.0242431670797382,5.0,2,0,102.18294705942849,nitrogen,held_out_location
Crawfordsville|4352|15|4,Crawfordsville,4352,15,4,B84 X 3IIH6,75,2022-07-25,168.96,-0.0286994815049139,5.0,2,0,102.18294705942849,nitrogen,held_out_location
Crawfordsville|4352|17|2,Crawfordsville,4352,17,2,F42 X MO17,75,2022-07-25,144.1,-0.0219117795102422,5.0,2,0,102.18294705942849,nitrogen,held_out_location
Crawfordsville|4352|5|5,Crawfordsville,4352,5,5,F42 X MO17,75,2022-07-25,167.42,-0.0178724728917257,5.0,2,0,102.18294705942849,nitrogen,held_out_location
Crawfordsville|4352|16|3,Crawfordsville,4352,16,3,F42 X OH43,75,2022-07-25,166.74,-0.0276320465962559,5.0,2,0,102.18294705942849,nitrogen,held_out_location
Crawfordsville|4352|3|4,Crawfordsville,4352,3,4,F42 X OH43,75,2022-07-25,153.03,-0.0138170552364208,5.0,2,0,102.18294705942849,nitrogen,held_out_location
Crawfordsville|4352|7|6,Crawfordsville,4352,7,6,HOEGEMEYER 7089 AMXT,75,2022-07-25,221.71,-0.0216864469280371,5.0,2,0,102.18294705942849,nitrogen,held_out_location
Crawfordsville|4352|17|9,Crawfordsville,4352,17,9,HOEGEMEYER 7089 AMXT,75,2022-07-25,217.03,-0.0094258784499058,5.0,2,0,102.18294705942849,nitrogen,held_out_location
Crawfordsville|4352|21|6,Crawfordsville,4352,21,6,HOEGEMEYER 8065RR,75,2022-07-25,231.8,-0.0255374661008527,5.0,2,0,102.18294705942849,nitrogen,held_out_location
Crawfordsville|4352|8|7,Crawfordsville,4352,8,7,HOEGEMEYER 8065RR,75,2022-07-25,210.78,-0.014349822760089,5.0,2,0,102.18294705942849,nitrogen,held_out_location
Crawfordsville|4352|12|2,Crawfordsville,4352,12,2,LH123HT X 3IIH6,75,2022-07-25,171.34,-0.0200167123170609,5.0,2,0,102.18294705942849,nitrogen,held_out_location
Crawfordsville|4352|20|6,Crawfordsville,4352,20,6,LH123HT X 3IIH6,75,2022-07-25,169.57,-0.029154071617339,5.0,2,0,102.18294705942849,nitrogen,held_out_location
Crawfordsville|4352|13|8,Crawfordsville,4352,13,8,LH123HT X PHB47,75,2022-07-25,139.44,-0.015707653375568,5.0,2,0,102.18294705942849,nitrogen,held_out_location
Crawfordsville|4352|8|9,Crawfordsville,4352,8,9,LH123HT X PHB47,75,2022-07-25,139.04,-0.0176981791901466,5.0,2,0,102.18294705942849,nitrogen,held_out_location
Crawfordsville|4352|14|6,Crawfordsville,4352,14,6,LH145 X LH162,75,2022-07-25,171.5,-0.0199113229467011,5.0,2,0,102.18294705942849,nitrogen,held_out_location
Crawfordsville|4352|4|6,Crawfordsville,4352,4,6,LH145 X LH162,75,2022-07-25,154.19,-0.0200624551496609,5.0,2,0,102.18294705942849,nitrogen,held_out_location
Crawfordsville|4352|13|9,Crawfordsville,4352,13,9,LH185 X LH145,75,2022-07-25,128.72,-0.0097245133042347,5.0,2,0,102.18294705942849,nitrogen,held_out_location
Crawfordsville|4352|17|4,Crawfordsville,4352,17,4,LH185 X LH82,75,2022-07-25,170.66,-0.0199411654078678,5.0,2,0,102.18294705942849,nitrogen,held_out_location
Crawfordsville|4352|11|9,Crawfordsville,4352,11,9,LH185 X LH82,75,2022-07-25,178.59,-0.0326738832444267,5.0,2,0,102.18294705942849,nitrogen,held_out_location
Crawfordsville|4352|22|6,Crawfordsville,4352,22,6,LH185 X W606S,75,2022-07-25,155.78,-0.0202407669196118,5.0,2,0,102.18294705942849,nitrogen,held_out_location
Crawfordsville|4352|13|4,Crawfordsville,4352,13,4,LH195 X 3IIH6,75,2022-07-25,163.22,-0.0302436733929581,5.0,2,0,102.18294705942849,nitrogen,held_out_location
Crawfordsville|4352|6|4,Crawfordsville,4352,6,4,LH195 X 3IIH6,75,2022-07-25,154.52,-0.0408694661539216,5.0,2,0,102.18294705942849,nitrogen,held_out_location
Crawfordsville|4352|22|5,Crawfordsville,4352,22,5,LH195 X LH123HT,75,2022-07-25,165.77,-0.0174293109055474,5.0,2,0,102.18294705942849,nitrogen,held_out_location
Crawfordsville|4352|9|8,Crawfordsville,4352,9,8,LH195 X LH123HT,75,2022-07-25,138.8,-0.0100072145139358,5.0,2,0,102.18294705942849,nitrogen,held_out_location
Crawfordsville|4352|3|5,Crawfordsville,4352,3,5,LH195 X LH185,75,2022-07-25,154.26,-0.0345747712278881,5.0,2,0,102.18294705942849,nitrogen,held_out_location
Crawfordsville|4352|15|9,Crawfordsville,4352,15,9,LH195 X LH185,75,2022-07-25,181.7,-0.0305116134545171,5.0,2,0,102.18294705942849,nitrogen,held_out_location
Crawfordsville|4352|21|7,Crawfordsville,4352,21,7,LH195 X PHM49,75,2022-07-25,69.54,-0.003802431390644,5.0,2,0,102.18294705942849,nitrogen,held_out_location
Crawfordsville|4352|3|9,Crawfordsville,4352,3,9,LH195 X PHM49,75,2022-07-25,87.57,-0.0101727760836247,5.0,2,0,102.18294705942849,nitrogen,held_out_location
Crawfordsville|4352|9|6,Crawfordsville,4352,9,6,LH195 X PHZ51,75,2022-07-25,156.07,-0.0235465254064735,5.0,2,0,102.18294705942849,nitrogen,held_out_location
Crawfordsville|4352|14|9,Crawfordsville,4352,14,9,LH195 X PHZ51,75,2022-07-25,149.54,-0.0123760200335334,5.0,2,0,102.18294705942849,nitrogen,held_out_location
Crawfordsville|4352|2|4,Crawfordsville,4352,2,4,LH198 X PHB47,75,2022-07-25,148.47,-0.0208573809739702,5.0,2,0,102.18294705942849,nitrogen,held_out_location
Crawfordsville|4352|16|9,Crawfordsville,4352,16,9,LH198 X PHB47,75,2022-07-25,163.37,-0.0292000689125112,5.0,2,0,102.18294705942849,nitrogen,held_out_location
Crawfordsville|4352|4|2,Crawfordsville,4352,4,2,LH198 X PHZ51,75,2022-07-25,131.24,-0.0103329109759001,5.0,2,0,102.18294705942849,nitrogen,held_out_location
Crawfordsville|4352|20|5,Crawfordsville,4352,20,5,LH198 X PHZ51,75,2022-07-25,139.97,-0.0223527939222459,5.0,2,0,102.18294705942849,nitrogen,held_out_location
Crawfordsville|4352|3|7,Crawfordsville,4352,3,7,LH74 X PHM49,75,2022-07-25,158.79,-0.02681160525094,5.0,2,0,102.18294705942849,nitrogen,held_out_location
Crawfordsville|4352|23|2,Crawfordsville,4352,23,2,LH74 X PHN82,75,2022-07-25,154.81,-0.0173070800705862,5.0,2,0,102.18294705942849,nitrogen,held_out_location
Crawfordsville|4352|4|4,Crawfordsville,4352,4,4,LH74 X PHN82,75,2022-07-25,160.94,-0.0168554314336368,5.0,2,0,102.18294705942849,nitrogen,held_out_location
Crawfordsville|4352|21|2,Crawfordsville,4352,21,2,LH82 X PHB47,75,2022-07-25,114.51,-0.016827965531811,5.0,2,0,102.18294705942849,nitrogen,held_out_location
Crawfordsville|4352|8|8,Crawfordsville,4352,8,8,LH82 X PHB47,75,2022-07-25,134.0,-0.0245938199280982,5.0,2,0,102.18294705942849,nitrogen,held_out_location
Crawfordsville|4352|7|3,Crawfordsville,4352,7,3,LH82 X PHJ89,75,2022-07-25,178.65,-0.0276579692357814,5.0,2,0,102.18294705942849,nitrogen,held_out_location
Crawfordsville|4352|22|4,Crawfordsville,4352,22,4,LH82 X PHJ89,75,2022-07-25,156.13,-0.0163861379692278,5.0,2,0,102.18294705942849,nitrogen,held_out_location
Crawfordsville|4352|12|5,Crawfordsville,4352,12,5,LH82 X W606S,75,2022-07-25,157.16,-0.0107765235789798,5.0,2,0,102.18294705942849,nitrogen,held_out_location
Crawfordsville|4352|15|8,Crawfordsville,4352,15,8,LH82 X W606S,75,2022-07-25,158.48,-0.0163269617747648,5.0,2,0,102.18294705942849,nitrogen,held_out_location
Crawfordsville|4352|2|6,Crawfordsville,4352,2,6,N209 X 3IIH6,75,2022-07-25,181.18,-0.020467004780463,5.0,2,0,102.18294705942849,nitrogen,held_out_location
Crawfordsville|4352|23|9,Crawfordsville,4352,23,9,N209 X 3IIH6,75,2022-07-25,182.48,-0.0138989934280856,5.0,2,0,102.18294705942849,nitrogen,held_out_location
Crawfordsville|4352|6|3,Crawfordsville,4352,6,3,PHB47 X 3IIH6,75,2022-07-25,190.78,-0.0343741925593542,5.0,2,0,102.18294705942849,nitrogen,held_out_location
Crawfordsville|4352|20|4,Crawfordsville,4352,20,4,PHB47 X 3IIH6,75,2022-07-25,147.07,-0.0260435984878212,5.0,2,0,102.18294705942849,nitrogen,held_out_location
Crawfordsville|4352|22|2,Crawfordsville,4352,22,2,PHB47 X LH185,75,2022-07-25,125.37,-0.0301626822965205,5.0,2,0,102.18294705942849,nitrogen,held_out_location
Crawfordsville|4352|11|8,Crawfordsville,4352,11,8,PHB47 X LH185,75,2022-07-25,143.4,-0.0245224408073003,5.0,2,0,102.18294705942849,nitrogen,held_out_location
Crawfordsville|4352|15|7,Crawfordsville,4352,15,7,PHB47 X PHJ89,75,2022-07-25,171.94,-0.015712395382908,5.0,2,0,102.18294705942849,nitrogen,held_out_location
Crawfordsville|4352|14|8,Crawfordsville,4352,14,8,PHB47 X PHK56,75,2022-07-25,159.17,-0.0156869946914208,5.0,2,0,102.18294705942849,nitrogen,held_out_location
Crawfordsville|4352|3|8,Crawfordsville,4352,3,8,PHB47 X PHK56,75,2022-07-25,167.04,-0.011657072216068,5.0,2,0,102.18294705942849,nitrogen,held_out_location
Crawfordsville|4352|18|8,Crawfordsville,4352,18,8,PHG39 X PHM49,75,2022-07-25,149.53,-0.0319609063184866,5.0,2,0,102.18294705942849,nitrogen,held_out_location
Crawfordsville|4352|12|9,Crawfordsville,4352,12,9,PHG39 X PHM49,75,2022-07-25,174.89,-0.0254146208288109,5.0,2,0,102.18294705942849,nitrogen,held_out_location
Crawfordsville|4352|18|5,Crawfordsville,4352,18,5,PHG39 X PHN82,75,2022-07-25,166.45,-0.0299740198733351,5.0,2,0,102.18294705942849,nitrogen,held_out_location
Crawfordsville|4352|17|3,Crawfordsville,4352,17,3,PHJ40 X LH82,75,2022-07-25,189.04,-0.0201216486970989,5.0,2,0,102.18294705942849,nitrogen,held_out_location
Crawfordsville|4352|10|3,Crawfordsville,4352,10,3,PHJ40 X LH82,75,2022-07-25,140.08,-0.0183952536308644,5.0,2,0,102.18294705942849,nitrogen,held_out_location
Crawfordsville|4352|22|3,Crawfordsville,4352,22,3,PHK56 X 3IIH6,75,2022-07-25,148.9,-0.0191029089446708,5.0,2,0,102.18294705942849,nitrogen,held_out_location
Crawfordsville|4352|11|6,Crawfordsville,4352,11,6,PHK56 X 3IIH6,75,2022-07-25,177.0,-0.0158918531319126,5.0,2,0,102.18294705942849,nitrogen,held_out_location
Crawfordsville|4352|21|5,Crawfordsville,4352,21,5,PHK56 X LH145,75,2022-07-25,140.66,-0.0062869564718999,5.0,2,0,102.18294705942849,nitrogen,held_out_location
Crawfordsville|4352|3|2,Crawfordsville,4352,3,2,PHK56 X LH185,75,2022-07-25,148.93,-0.0138233444022967,5.0,2,0,102.18294705942849,nitrogen,held_out_location
Crawfordsville|4352|18|7,Crawfordsville,4352,18,7,PHK56 X LH185,75,2022-07-25,155.96,-0.0176091377581978,5.0,2,0,102.18294705942849,nitrogen,held_out_location
Crawfordsville|4352|21|4,Crawfordsville,4352,21,4,PHK56 X LH198,75,2022-07-25,158.77,-0.0128867432621385,5.0,2,0,102.18294705942849,nitrogen,held_out_location
Crawfordsville|4352|2|8,Crawfordsville,4352,2,8,PHK56 X LH198,75,2022-07-25,164.14,-0.0199105043376974,5.0,2,0,102.18294705942849,nitrogen,held_out_location
Crawfordsville|4352|11|4,Crawfordsville,4352,11,4,PHK56 X LH82,75,2022-07-25,132.16,-0.0051071448553072,5.0,2,0,102.18294705942849,nitrogen,held_out_location
Crawfordsville|4352|17|8,Crawfordsville,4352,17,8,PHK56 X LH82,75,2022-07-25,172.0,-0.0214755860296713,5.0,2,0,102.18294705942849,nitrogen,held_out_location
Crawfordsville|4352|19|4,Crawfordsville,4352,19,4,PHK56 X PHJ89,75,2022-07-25,160.52,-0.0129572950431073,5.0,2,0,102.18294705942849,nitrogen,held_out_location
Crawfordsville|4352|9|9,Crawfordsville,4352,9,9,PHK56 X PHJ89,75,2022-07-25,180.46,-0.0172045807348868,5.0,2,0,102.18294705942849,nitrogen,held_out_location
Crawfordsville|4352|13|5,Crawfordsville,4352,13,5,PHK56 X W606S,75,2022-07-25,167.07,-0.0094993369567213,5.0,2,0,102.18294705942849,nitrogen,held_out_location
Crawfordsville|4352|7|8,Crawfordsville,4352,7,8,PHK56 X W606S,75,2022-07-25,134.92,-0.0134717729922565,5.0,2,0,102.18294705942849,nitrogen,held_out_location
Crawfordsville|4352|16|2,Crawfordsville,4352,16,2,PHK76 X 3IIH6,75,2022-07-25,149.55,-0.0290854411320518,5.0,2,0,102.18294705942849,nitrogen,held_out_location
Crawfordsville|4352|2|7,Crawfordsville,4352,2,7,PHK76 X 3IIH6,75,2022-07-25,145.19,-0.0268596737858533,5.0,2,0,102.18294705942849,nitrogen,held_out_location
Crawfordsville|4352|11|3,Crawfordsville,4352,11,3,PHK76 X LH145,75,2022-07-25,131.41,-0.0141245666148693,5.0,2,0,102.18294705942849,nitrogen,held_out_location
Crawfordsville|4352|18|9,Crawfordsville,4352,18,9,PHK76 X LH145,75,2022-07-25,125.16,-0.0035925965184673,5.0,2,0,102.18294705942849,nitrogen,held_out_location
Crawfordsville|4352|18|3,Crawfordsville,4352,18,3,PHK76 X LH198,75,2022-07-25,101.81,-0.0237918195795517,5.0,2,0,102.18294705942849,nitrogen,held_out_location
Crawfordsville|4352|7|4,Crawfordsville,4352,7,4,PHK76 X LH198,75,2022-07-25,179.08,-0.0279955852980874,5.0,2,0,102.18294705942849,nitrogen,held_out_location
Crawfordsville|4352|15|3,Crawfordsville,4352,15,3,PHK76 X LH82,75,2022-07-25,164.02,-0.0398577844121367,5.0,2,0,102.18294705942849,nitrogen,held_out_location
Crawfordsville|4352|4|9,Crawfordsville,4352,4,9,PHK76 X LH82,75,2022-07-25,151.61,-0.0212852737542101,5.0,2,0,102.18294705942849,nitrogen,held_out_location
Crawfordsville|4352|13|2,Crawfordsville,4352,13,2,PHK76 X W606S,75,2022-07-25,137.12,-0.0179460641104769,5.0,2,0,102.18294705942849,nitrogen,held_out_location
Crawfordsville|4352|9|4,Crawfordsville,4352,9,4,PHK76 X W606S,75,2022-07-25,145.09,-0.0215999532517947,5.0,2,0,102.18294705942849,nitrogen,held_out_location
Crawfordsville|4352|4|3,Crawfordsville,4352,4,3,PHN46 X PHB47,75,2022-07-25,191.36,-0.0241908393937696,5.0,2,0,102.18294705942849,nitrogen,held_out_location
Crawfordsville|4352|22|9,Crawfordsville,4352,22,9,PHN46 X PHB47,75,2022-07-25,149.61,-0.0304847013714875,5.0,2,0,102.18294705942849,nitrogen,held_out_location
Crawfordsville|4352|17|6,Crawfordsville,4352,17,6,PHN46 X PHK56,75,2022-07-25,169.97,-0.0229171075605775,5.0,2,0,102.18294705942849,nitrogen,held_out_location
Crawfordsville|4352|6|9,Crawfordsville,4352,6,9,PHN46 X PHK56,75,2022-07-25,195.59,-0.0130582511285058,5.0,2,0,102.18294705942849,nitrogen,held_out_location
Crawfordsville|4352|8|2,Crawfordsville,4352,8,2,PHN46 X W606S,75,2022-07-25,162.12,-0.0149235382944701,5.0,2,0,102.18294705942849,nitrogen,held_out_location
Crawfordsville|4352|21|8,Crawfordsville,4352,21,8,PHN46 X W606S,75,2022-07-25,152.83,-0.0145550002734411,5.0,2,0,102.18294705942849,nitrogen,held_out_location
Crawfordsville|4352|8|5,Crawfordsville,4352,8,5,PHP02 X LH145,75,2022-07-25,131.24,-0.0157506017277996,5.0,2,0,102.18294705942849,nitrogen,held_out_location
Crawfordsville|4352|13|6,Crawfordsville,4352,13,6,PHP02 X LH145,75,2022-07-25,154.9,-0.0172482786830999,5.0,2,0,102.18294705942849,nitrogen,held_out_location
Crawfordsville|4352|11|5,Crawfordsville,4352,11,5,PHP02 X LH185,75,2022-07-25,174.99,-0.0205649986257293,5.0,2,0,102.18294705942849,nitrogen,held_out_location
Crawfordsville|4352|16|8,Crawfordsville,4352,16,8,PHP02 X LH185,75,2022-07-25,152.91,-0.016624660421068,5.0,2,0,102.18294705942849,nitrogen,held_out_location
Crawfordsville|4352|14|5,Crawfordsville,4352,14,5,PHP02 X LH198,75,2022-07-25,167.2,-0.0202470370959158,5.0,2,0,102.18294705942849,nitrogen,held_out_location
Crawfordsville|4352|2|9,Crawfordsville,4352,2,9,PHP02 X LH198,75,2022-07-25,164.88,-0.0163391628217081,5.0,2,0,102.18294705942849,nitrogen,held_out_location
Crawfordsville|4352|19|7,Crawfordsville,4352,19,7,PHP02 X LH82,75,2022-07-25,137.5,-0.0231308062300421,5.0,2,0,102.18294705942849,nitrogen,held_out_location
Crawfordsville|4352|10|7,Crawfordsville,4352,10,7,PHP02 X LH82,75,2022-07-25,153.77,-0.0257201577664403,5.0,2,0,102.18294705942849,nitrogen,held_out_location
Crawfordsville|4352|23|3,Crawfordsville,4352,23,3,PHP02 X PHB47,75,2022-07-25,191.1,-0.0275033418651132,5.0,2,0,102.18294705942849,nitrogen,held_out_location
Crawfordsville|4352|5|9,Crawfordsville,4352,5,9,PHP02 X PHB47,75,2022-07-25,170.48,-0.0218206960416488,5.0,2,0,102.18294705942849,nitrogen,held_out_location
Crawfordsville|4352|18|4,Crawfordsville,4352,18,4,PHP02 X PHG47,75,2022-07-25,111.91,-0.018009951488866,5.0,2,0,102.18294705942849,nitrogen,held_out_location
Crawfordsville|4352|5|8,Crawfordsville,4352,5,8,PHP02 X PHG47,75,2022-07-25,141.2,-0.0083348680355985,5.0,2,0,102.18294705942849,nitrogen,held_out_location
Crawfordsville|4352|13|3,Crawfordsville,4352,13,3,PHP02 X PHJ89,75,2022-07-25,161.64,-0.0168139940224293,5.0,2,0,102.18294705942849,nitrogen,held_out_location
Crawfordsville|4352|6|8,Crawfordsville,4352,6,8,PHP02 X PHJ89,75,2022-07-25,140.36,-0.014625037486147,5.0,2,0,102.18294705942849,nitrogen,held_out_location
Crawfordsville|4352|17|5,Crawfordsville,4352,17,5,PHP02 X PHK56,75,2022-07-25,159.98,-0.0220270053867936,5.0,2,0,102.18294705942849,nitrogen,held_out_location
Crawfordsville|4352|12|6,Crawfordsville,4352,12,6,PHP02 X PHK56,75,2022-07-25,171.94,-0.0232379246694587,5.0,2,0,102.18294705942849,nitrogen,held_out_location
Crawfordsville|4352|15|2,Crawfordsville,4352,15,2,PHP02 X PHK76,75,2022-07-25,159.62,-0.0156418730809156,5.0,2,0,102.18294705942849,nitrogen,held_out_location
Crawfordsville|4352|4|5,Crawfordsville,4352,4,5,PHP02 X PHK76,75,2022-07-25,145.87,-0.0151721306320015,5.0,2,0,102.18294705942849,nitrogen,held_out_location
Crawfordsville|4352|23|6,Crawfordsville,4352,23,6,PHP02 X PHN46,75,2022-07-25,152.71,-0.0296670504866737,5.0,2,0,102.18294705942849,nitrogen,held_out_location
Crawfordsville|4352|12|8,Crawfordsville,4352,12,8,PHP02 X PHN46,75,2022-07-25,135.91,-0.0315290225460497,5.0,2,0,102.18294705942849,nitrogen,held_out_location
Crawfordsville|4352|14|3,Crawfordsville,4352,14,3,PHP02 X W606S,75,2022-07-25,145.31,-0.0205038802521622,5.0,2,0,102.18294705942849,nitrogen,held_out_location
Crawfordsville|4352|5|4,Crawfordsville,4352,5,4,PHP02 X W606S,75,2022-07-25,171.33,-0.0196223299087638,5.0,2,0,102.18294705942849,nitrogen,held_out_location
Crawfordsville|4352|8|6,Crawfordsville,4352,8,6,PHT69 X 3IIH6,75,2022-07-25,178.82,-0.0192023512293969,5.0,2,0,102.18294705942849,nitrogen,held_out_location
Crawfordsville|4352|23|7,Crawfordsville,4352,23,7,PHT69 X 3IIH6,75,2022-07-25,158.19,-0.0192920944225497,5.0,2,0,102.18294705942849,nitrogen,held_out_location
Crawfordsville|4352|2|2,Crawfordsville,4352,2,2,PHW52 X LH185,75,2022-07-25,182.67,-0.0199378912961729,5.0,2,0,102.18294705942849,nitrogen,held_out_location
Crawfordsville|4352|16|5,Crawfordsville,4352,16,5,PHW52 X LH185,75,2022-07-25,179.36,-0.0364007058279164,5.0,2,0,102.18294705942849,nitrogen,held_out_location
Crawfordsville|4352|23|4,Crawfordsville,4352,23,4,PHW52 X PHM49,75,2022-07-25,162.69,-0.0418505108079197,5.0,2,0,102.18294705942849,nitrogen,held_out_location
Crawfordsville|4352|5|7,Crawfordsville,4352,5,7,PHW52 X PHM49,75,2022-07-25,160.33,-0.0329244580420453,5.0,2,0,102.18294705942849,nitrogen,held_out_location
Crawfordsville|4352|8|3,Crawfordsville,4352,8,3,PHW52 X PHN82,75,2022-07-25,196.28,-0.0367228187412899,5.0,2,0,102.18294705942849,nitrogen,held_out_location
Crawfordsville|4352|23|8,Crawfordsville,4352,23,8,PHW52 X PHN82,75,2022-07-25,165.32,-0.0239154942357305,5.0,2,0,102.18294705942849,nitrogen,held_out_location
Crawfordsville|4352|16|4,Crawfordsville,4352,16,4,PHW52 X PHZ51,75,2022-07-25,178.31,-0.0193840280270529,5.0,2,0,102.18294705942849,nitrogen,held_out_location
Crawfordsville|4352|7|7,Crawfordsville,4352,7,7,PHW52 X PHZ51,75,2022-07-25,155.62,-0.0212827506536266,5.0,2,0,102.18294705942849,nitrogen,held_out_location
Crawfordsville|4352|10|5,Crawfordsville,4352,10,5,PHZ51 X LH145,75,2022-07-25,117.2,-0.0186819467295109,5.0,2,0,102.18294705942849,nitrogen,held_out_location
Crawfordsville|4352|13|7,Crawfordsville,4352,13,7,PHZ51 X LH145,75,2022-07-25,131.06,-0.0151564056332443,5.0,2,0,102.18294705942849,nitrogen,held_out_location
Crawfordsville|4352|19|2,Crawfordsville,4352,19,2,PIONEER 1311 AMXT,75,2022-07-25,190.02,-0.0153209472705931,5.0,2,0,102.18294705942849,nitrogen,held_out_location
Crawfordsville|4352|11|7,Crawfordsville,4352,11,7,PIONEER 1311 AMXT,75,2022-07-25,203.86,-0.0239681101810051,5.0,2,0,102.18294705942849,nitrogen,held_out_location
Crawfordsville|4352|9|3,Crawfordsville,4352,9,3,PIONEER P0589 AMXT,75,2022-07-25,171.13,-0.0126495552870057,5.0,2,0,102.18294705942849,nitrogen,held_out_location
Crawfordsville|4352|14|4,Crawfordsville,4352,14,4,PIONEER P0589 AMXT,75,2022-07-25,211.33,-0.0134759671855688,5.0,2,0,102.18294705942849,nitrogen,held_out_location
Crawfordsville|4352|3|3,Crawfordsville,4352,3,3,SYNGENTA NK0760-3111,75,2022-07-25,152.82,-0.0046732678853772,5.0,2,0,102.18294705942849,nitrogen,held_out_location
Crawfordsville|4352|23|5,Crawfordsville,4352,23,5,SYNGENTA NK0760-3111,75,2022-07-25,205.17,-0.0165697338956649,5.0,2,0,102.18294705942849,nitrogen,held_out_location
Crawfordsville|4352|8|4,Crawfordsville,4352,8,4,WF9 X H95,75,2022-07-25,136.45,-0.0313663238627613,5.0,2,0,102.18294705942849,nitrogen,held_out_location
Crawfordsville|4352|19|5,Crawfordsville,4352,19,5,WF9 X H95,75,2022-07-25,124.58,-0.0442397627349847,5.0,2,0,102.18294705942849,nitrogen,held_out_location
Crawfordsville|4353|26|42,Crawfordsville,4353,26,42,2369 X 3IIH6,75,2022-07-25,219.6,-0.0257715766047339,5.0,2,0,108.05753967784564,nitrogen,held_out_location
Crawfordsville|4353|15|43,Crawfordsville,4353,15,43,2369 X 3IIH6,75,2022-07-25,174.71,-0.0244877636361171,5.0,2,0,108.05753967784564,nitrogen,held_out_location
Crawfordsville|4353|17|45,Crawfordsville,4353,17,45,2369 X LH123HT,75,2022-07-25,184.34,-0.0096743540658282,5.0,2,0,108.05753967784564,nitrogen,held_out_location
Crawfordsville|4353|20|46,Crawfordsville,4353,20,46,2369 X LH123HT,75,2022-07-25,138.31,-0.0110234518747638,5.0,2,0,108.05753967784564,nitrogen,held_out_location
Crawfordsville|4353|32|42,Crawfordsville,4353,32,42,2369 X PHN82,75,2022-07-25,176.64,-0.0165133513786638,5.0,2,0,108.05753967784564,nitrogen,held_out_location
Crawfordsville|4353|6|43,Crawfordsville,4353,6,43,2369 X PHN82,75,2022-07-25,172.74,-0.0051336630811601,5.0,2,0,108.05753967784564,nitrogen,held_out_location
Crawfordsville|4353|18|44,Crawfordsville,4353,18,44,2369 X PHP02,75,2022-07-25,152.36,-0.0180823977432674,5.0,2,0,108.05753967784564,nitrogen,held_out_location
Crawfordsville|4353|20|45,Crawfordsville,4353,20,45,2369 X PHP02,75,2022-07-25,180.77,-0.0178376001248895,5.0,2,0,108.05753967784564,nitrogen,held_out_location
Crawfordsville|4353|3|44,Crawfordsville,4353,3,44,2369 X PHZ51,75,2022-07-25,161.36,-0.0113945292013731,5.0,2,0,108.05753967784564,nitrogen,held_out_location
Crawfordsville|4353|32|46,Crawfordsville,4353,32,46,2369 X PHZ51,75,2022-07-25,138.31,-0.0112558514524256,5.0,2,0,108.05753967784564,nitrogen,held_out_location
Crawfordsville|4353|30|42,Crawfordsville,4353,30,42,2FACC X 3IIH6,75,2022-07-25,163.82,-0.0220255419887935,5.0,2,0,108.05753967784564,nitrogen,held_out_location
Crawfordsville|4353|16|43,Crawfordsville,4353,16,43,2FACC X 3IIH6,75,2022-07-25,175.77,-0.0327210963648776,5.0,2,0,108.05753967784564,nitrogen,held_out_location
Crawfordsville|4353|9|43,Crawfordsville,4353,9,43,4N506 X 3IIH6,75,2022-07-25,149.43,-0.0222904068418898,5.0,2,0,108.05753967784564,nitrogen,held_out_location
Crawfordsville|4353|33|46,Crawfordsville,4353,33,46,4N506 X 3IIH6,75,2022-07-25,162.26,-0.0228644717994164,5.0,2,0,108.05753967784564,nitrogen,held_out_location
Crawfordsville|4353|3|43,Crawfordsville,4353,3,43,B105 X 3IIH6,75,2022-07-25,172.25,-0.0156833304099031,5.0,2,0,108.05753967784564,nitrogen,held_out_location
Crawfordsville|4353|25|44,Crawfordsville,4353,25,44,B105 X 3IIH6,75,2022-07-25,146.6,-0.0275192139434798,5.0,2,0,108.05753967784564,nitrogen,held_out_location
Crawfordsville|4353|12|45,Crawfordsville,4353,12,45,B14A X MO17,75,2022-07-25,205.37,-0.0120995835631301,5.0,2,0,108.05753967784564,nitrogen,held_out_location
Crawfordsville|4353|34|46,Crawfordsville,4353,34,46,B14A X MO17,75,2022-07-25,181.41,-0.012635600325493,5.0,2,0,108.05753967784564,nitrogen,held_out_location
Crawfordsville|4353|29|46,Crawfordsville,4353,29,46,B37 X H95,75,2022-07-25,113.11,-0.0178277120070186,5.0,2,0,108.05753967784564,nitrogen,held_out_location
Crawfordsville|4353|7|46,Crawfordsville,4353,7,46,B37 X H95,75,2022-07-25,136.53,-0.0174783996400526,5.0,2,0,108.05753967784564,nitrogen,held_out_location
Crawfordsville|4353|13|44,Crawfordsville,4353,13,44,B37 X MO17,75,2022-07-25,144.59,-0.0263970782041707,5.0,2,0,108.05753967784564,nitrogen,held_out_location
Crawfordsville|4353|23|46,Crawfordsville,4353,23,46,B37 X MO17,75,2022-07-25,144.46,-0.0299611420848116,5.0,2,0,108.05753967784564,nitrogen,held_out_location
Crawfordsville|4353|17|42,Crawfordsville,4353,17,42,B37 X OH43,75,2022-07-25,161.51,-0.0307348344079394,5.0,2,0,108.05753967784564,nitrogen,held_out_location
Crawfordsville|4353|27|43,Crawfordsville,4353,27,43,B37 X OH43,75,2022-07-25,146.7,-0.0274695714424355,5.0,2,0,108.05753967784564,nitrogen,held_out_location
Crawfordsville|4353|36|44,Crawfordsville,4353,36,44,B73 X 3IIH6,75,2022-07-25,166.6,-0.0206679289846637,5.0,2,0,108.05753967784564,nitrogen,held_out_location
Crawfordsville|4353|19|44,Crawfordsville,4353,19,44,B73 X 3IIH6,75,2022-07-25,170.44,-0.0201493805932506,5.0,2,0,108.05753967784564,nitrogen,held_out_location
Crawfordsville|4353|19|45,Crawfordsville,4353,19,45,B73 X MO17,75,2022-07-25,207.88,-0.0178194906018904,5.0,2,0,108.05753967784564,nitrogen,held_out_location
Crawfordsville|4353|30|46,Crawfordsville,4353,30,46,B73 X MO17,75,2022-07-25,161.49,-0.0143123690267614,5.0,2,0,108.05753967784564,nitrogen,held_out_location
Crawfordsville|4353|28|42,Crawfordsville,4353,28,42,B73 X PHM49,75,2022-07-25,211.78,-0.0051602027135844,5.0,2,0,108.05753967784564,nitrogen,held_out_location
Crawfordsville|4353|15|42,Crawfordsville,4353,15,42,B73 X PHM49,75,2022-07-25,223.97,-0.0190442515950415,5.0,2,0,108.05753967784564,nitrogen,held_out_location
Crawfordsville|4353|20|43,Crawfordsville,4353,20,43,B73 X PHN82,75,2022-07-25,214.48,-0.019416545446262,5.0,2,0,108.05753967784564,nitrogen,held_out_location
Crawfordsville|4353|13|43,Crawfordsville,4353,13,43,B73 X PHN82,75,2022-07-25,205.97,-0.0069728620839616,5.0,2,0,108.05753967784564,nitrogen,held_out_location
Crawfordsville|4353|29|44,Crawfordsville,4353,29,44,B73 X PHZ51,75,2022-07-25,157.15,-0.0200742590219913,5.0,2,0,108.05753967784564,nitrogen,held_out_location
Crawfordsville|4353|10|46,Crawfordsville,4353,10,46,B73 X PHZ51,75,2022-07-25,154.89,-0.0125533460821541,5.0,2,0,108.05753967784564,nitrogen,held_out_location
Crawfordsville|4353|11|42,Crawfordsville,4353,11,42,B84 X 3IIH6,75,2022-07-25,186.47,-0.0258418032947238,5.0,2,0,108.05753967784564,nitrogen,held_out_location
Crawfordsville|4353|36|43,Crawfordsville,4353,36,43,B84 X 3IIH6,75,2022-07-25,165.7,-0.0170044594525629,5.0,2,0,108.05753967784564,nitrogen,held_out_location
Crawfordsville|4353|24|42,Crawfordsville,4353,24,42,F42 X MO17,75,2022-07-25,214.47,-0.0162219534432465,5.0,2,0,108.05753967784564,nitrogen,held_out_location
Crawfordsville|4353|16|45,Crawfordsville,4353,16,45,F42 X MO17,75,2022-07-25,197.03,-0.0098990684323353,5.0,2,0,108.05753967784564,nitrogen,held_out_location
Crawfordsville|4353|9|44,Crawfordsville,4353,9,44,F42 X OH43,75,2022-07-25,169.02,-0.0270012850755997,5.0,2,0,108.05753967784564,nitrogen,held_out_location
Crawfordsville|4353|25|45,Crawfordsville,4353,25,45,F42 X OH43,75,2022-07-25,164.67,-0.0190199934207105,5.0,2,0,108.05753967784564,nitrogen,held_out_location
Crawfordsville|4353|35|43,Crawfordsville,4353,35,43,HOEGEMEYER 7089 AMXT,75,2022-07-25,191.88,-0.0158414125674847,5.0,2,0,108.05753967784564,nitrogen,held_out_location
Crawfordsville|4353|11|45,Crawfordsville,4353,11,45,HOEGEMEYER 7089 AMXT,75,2022-07-25,224.91,-0.0043144959387675,5.0,2,0,108.05753967784564,nitrogen,held_out_location
Crawfordsville|4353|8|42,Crawfordsville,4353,8,42,HOEGEMEYER 8065RR,75,2022-07-25,226.42,-0.0144380007623265,5.0,2,0,108.05753967784564,nitrogen,held_out_location
Crawfordsville|4353|24|46,Crawfordsville,4353,24,46,HOEGEMEYER 8065RR,75,2022-07-25,207.99,-0.0248192433062492,5.0,2,0,108.05753967784564,nitrogen,held_out_location
Crawfordsville|4353|4|44,Crawfordsville,4353,4,44,LH123HT X 3IIH6,75,2022-07-25,172.69,-0.0081102125014151,5.0,2,0,108.05753967784564,nitrogen,held_out_location
Crawfordsville|4353|28|45,Crawfordsville,4353,28,45,LH123HT X 3IIH6,75,2022-07-25,191.54,-0.0240111381558062,5.0,2,0,108.05753967784564,nitrogen,held_out_location
Crawfordsville|4353|3|42,Crawfordsville,4353,3,42,LH123HT X PHB47,75,2022-07-25,184.65,-0.0195155454696052,5.0,2,0,108.05753967784564,nitrogen,held_out_location
Crawfordsville|4353|27|44,Crawfordsville,4353,27,44,LH123HT X PHB47,75,2022-07-25,164.02,-0.0311975628036235,5.0,2,0,108.05753967784564,nitrogen,held_out_location
Crawfordsville|4353|8|43,Crawfordsville,4353,8,43,LH145 X LH162,75,2022-07-25,216.64,-0.0116548889351542,5.0,2,0,108.05753967784564,nitrogen,held_out_location
Crawfordsville|4353|23|45,Crawfordsville,4353,23,45,LH145 X LH162,75,2022-07-25,208.95,-0.0156617814267316,5.0,2,0,108.05753967784564,nitrogen,held_out_location
Crawfordsville|4353|36|46,Crawfordsville,4353,36,46,LH185 X LH145,75,2022-07-25,142.16,-0.0210525996941665,5.0,2,0,108.05753967784564,nitrogen,held_out_location
Crawfordsville|4353|36|42,Crawfordsville,4353,36,42,LH185 X LH82,75,2022-07-25,178.12,-0.0252154549626882,5.0,2,0,108.05753967784564,nitrogen,held_out_location
Crawfordsville|4353|16|44,Crawfordsville,4353,16,44,LH185 X LH82,75,2022-07-25,175.74,-0.020747077711791,5.0,2,0,108.05753967784564,nitrogen,held_out_location
Crawfordsville|4353|21|45,Crawfordsville,4353,21,45,LH185 X W606S,75,2022-07-25,174.96,-0.0139200462318415,5.0,2,0,108.05753967784564,nitrogen,held_out_location
Crawfordsville|4353|34|43,Crawfordsville,4353,34,43,LH195 X 3IIH6,75,2022-07-25,181.42,-0.0338584062991943,5.0,2,0,108.05753967784564,nitrogen,held_out_location
Crawfordsville|4353|6|46,Crawfordsville,4353,6,46,LH195 X 3IIH6,75,2022-07-25,149.37,-0.0258777710650988,5.0,2,0,108.05753967784564,nitrogen,held_out_location
Crawfordsville|4353|19|42,Crawfordsville,4353,19,42,LH195 X LH123HT,75,2022-07-25,195.48,-0.0163135215005227,5.0,2,0,108.05753967784564,nitrogen,held_out_location
Crawfordsville|4353|26|44,Crawfordsville,4353,26,44,LH195 X LH123HT,75,2022-07-25,210.22,-0.022697377806636,5.0,2,0,108.05753967784564,nitrogen,held_out_location
Crawfordsville|4353|28|43,Crawfordsville,4353,28,43,LH195 X LH185,75,2022-07-25,216.61,-0.0169812632196723,5.0,2,0,108.05753967784564,nitrogen,held_out_location
Crawfordsville|4353|5|44,Crawfordsville,4353,5,44,LH195 X LH185,75,2022-07-25,194.38,-0.0222874780921403,5.0,2,0,108.05753967784564,nitrogen,held_out_location
Crawfordsville|4353|31|46,Crawfordsville,4353,31,46,LH195 X PHM49,75,2022-07-25,106.89,-0.0161503519348117,5.0,2,0,108.05753967784564,nitrogen,held_out_location
Crawfordsville|4353|15|46,Crawfordsville,4353,15,46,LH195 X PHM49,75,2022-07-25,99.14,-0.0103808691508024,5.0,2,0,108.05753967784564,nitrogen,held_out_location
Crawfordsville|4353|14|42,Crawfordsville,4353,14,42,LH195 X PHZ51,75,2022-07-25,173.42,-0.0012907356473378,5.0,2,0,108.05753967784564,nitrogen,held_out_location
Crawfordsville|4353|35|45,Crawfordsville,4353,35,45,LH195 X PHZ51,75,2022-07-25,164.72,-0.0204336381520452,5.0,2,0,108.05753967784564,nitrogen,held_out_location
Crawfordsville|4353|32|45,Crawfordsville,4353,32,45,LH198 X PHB47,75,2022-07-25,153.19,-0.031002036730393,5.0,2,0,108.05753967784564,nitrogen,held_out_location
Crawfordsville|4353|19|46,Crawfordsville,4353,19,46,LH198 X PHB47,75,2022-07-25,158.86,-0.028651034684993,5.0,2,0,108.05753967784564,nitrogen,held_out_location
Crawfordsville|4353|33|43,Crawfordsville,4353,33,43,LH198 X PHZ51,75,2022-07-25,138.27,-0.0187957051101705,5.0,2,0,108.05753967784564,nitrogen,held_out_location
Crawfordsville|4353|14|44,Crawfordsville,4353,14,44,LH198 X PHZ51,75,2022-07-25,177.0,-0.0199041493644341,5.0,2,0,108.05753967784564,nitrogen,held_out_location
Crawfordsville|4353|33|42,Crawfordsville,4353,33,42,LH74 X PHM49,75,2022-07-25,179.36,-0.0271189381082677,5.0,2,0,108.05753967784564,nitrogen,held_out_location
Crawfordsville|4353|4|46,Crawfordsville,4353,4,46,LH74 X PHM49,75,2022-07-25,177.03,-0.0233743555003574,5.0,2,0,108.05753967784564,nitrogen,held_out_location
Crawfordsville|4353|28|44,Crawfordsville,4353,28,44,LH74 X PHN82,75,2022-07-25,167.66,-0.0275219992112114,5.0,2,0,108.05753967784564,nitrogen,held_out_location
Crawfordsville|4353|15|44,Crawfordsville,4353,15,44,LH74 X PHN82,75,2022-07-25,170.28,-0.0227538161367237,5.0,2,0,108.05753967784564,nitrogen,held_out_location
Crawfordsville|4353|31|43,Crawfordsville,4353,31,43,LH82 X PHB47,75,2022-07-25,150.17,-0.0286908332595766,5.0,2,0,108.05753967784564,nitrogen,held_out_location
Crawfordsville|4353|5|46,Crawfordsville,4353,5,46,LH82 X PHB47,75,2022-07-25,149.47,-0.0185038382205355,5.0,2,0,108.05753967784564,nitrogen,held_out_location
Crawfordsville|4353|31|42,Crawfordsville,4353,31,42,LH82 X PHJ89,75,2022-07-25,181.52,-0.0235285285946926,5.0,2,0,108.05753967784564,nitrogen,held_out_location
Crawfordsville|4353|6|45,Crawfordsville,4353,6,45,LH82 X PHJ89,75,2022-07-25,182.19,-0.0100658568626252,5.0,2,0,108.05753967784564,nitrogen,held_out_location
Crawfordsville|4353|21|42,Crawfordsville,4353,21,42,LH82 X W606S,75,2022-07-25,165.38,-0.0098015323397195,5.0,2,0,108.05753967784564,nitrogen,held_out_location
Crawfordsville|4353|3|46,Crawfordsville,4353,3,46,LH82 X W606S,75,2022-07-25,173.07,-0.00473411302802,5.0,2,0,108.05753967784564,nitrogen,held_out_location
Crawfordsville|4353|25|42,Crawfordsville,4353,25,42,N209 X 3IIH6,75,2022-07-25,178.52,-0.0239347531457022,5.0,2,0,108.05753967784564,nitrogen,held_out_location
Crawfordsville|4353|4|43,Crawfordsville,4353,4,43,N209 X 3IIH6,75,2022-07-25,186.66,-0.0140094502793971,5.0,2,0,108.05753967784564,nitrogen,held_out_location
Crawfordsville|4353|12|42,Crawfordsville,4353,12,42,PHB47 X 3IIH6,75,2022-07-25,174.67,-0.0250555622631869,5.0,2,0,108.05753967784564,nitrogen,held_out_location
Crawfordsville|4353|31|44,Crawfordsville,4353,31,44,PHB47 X 3IIH6,75,2022-07-25,146.83,-0.0317533336991309,5.0,2,0,108.05753967784564,nitrogen,held_out_location
Crawfordsville|4353|33|44,Crawfordsville,4353,33,44,PHB47 X LH185,75,2022-07-25,157.98,-0.0300550923783677,5.0,2,0,108.05753967784564,nitrogen,held_out_location
Crawfordsville|4353|18|45,Crawfordsville,4353,18,45,PHB47 X LH185,75,2022-07-25,180.74,-0.0282017409990692,5.0,2,0,108.05753967784564,nitrogen,held_out_location
Crawfordsville|4353|35|46,Crawfordsville,4353,35,46,PHB47 X PHJ89,75,2022-07-25,161.14,-0.0196500385019808,5.0,2,0,108.05753967784564,nitrogen,held_out_location
Crawfordsville|4353|29|43,Crawfordsville,4353,29,43,PHB47 X PHK56,75,2022-07-25,170.44,-0.0148765628234086,5.0,2,0,108.05753967784564,nitrogen,held_out_location
Crawfordsville|4353|18|43,Crawfordsville,4353,18,43,PHB47 X PHK56,75,2022-07-25,188.9,-0.0197875786448822,5.0,2,0,108.05753967784564,nitrogen,held_out_location
Crawfordsville|4353|12|44,Crawfordsville,4353,12,44,PHG39 X PHM49,75,2022-07-25,194.18,-0.0331683540960129,5.0,2,0,108.05753967784564,nitrogen,held_out_location
Crawfordsville|4353|26|46,Crawfordsville,4353,26,46,PHG39 X PHM49,75,2022-07-25,166.56,-0.0423444142851537,5.0,2,0,108.05753967784564,nitrogen,held_out_location
Crawfordsville|4353|22|46,Crawfordsville,4353,22,46,PHG39 X PHN82,75,2022-07-25,160.6,-0.0205435708203235,5.0,2,0,108.05753967784564,nitrogen,held_out_location
Crawfordsville|4353|6|42,Crawfordsville,4353,6,42,PHJ40 X LH82,75,2022-07-25,158.33,0.001234466432352,5.0,2,0,108.05753967784564,nitrogen,held_out_location
Crawfordsville|4353|29|45,Crawfordsville,4353,29,45,PHJ40 X LH82,75,2022-07-25,173.31,-0.0161290670856839,5.0,2,0,108.05753967784564,nitrogen,held_out_location
Crawfordsville|4353|27|42,Crawfordsville,4353,27,42,PHK56 X 3IIH6,75,2022-07-25,154.87,-0.0087209836511417,5.0,2,0,108.05753967784564,nitrogen,held_out_location
Crawfordsville|4353|16|46,Crawfordsville,4353,16,46,PHK56 X 3IIH6,75,2022-07-25,163.08,-0.0233572576763396,5.0,2,0,108.05753967784564,nitrogen,held_out_location
Crawfordsville|4353|25|43,Crawfordsville,4353,25,43,PHK56 X LH145,75,2022-07-25,165.76,-0.0071587123031586,5.0,2,0,108.05753967784564,nitrogen,held_out_location
Crawfordsville|4353|6|44,Crawfordsville,4353,6,44,PHK56 X LH185,75,2022-07-25,190.74,-0.0165206978457669,5.0,2,0,108.05753967784564,nitrogen,held_out_location
Crawfordsville|4353|26|45,Crawfordsville,4353,26,45,PHK56 X LH185,75,2022-07-25,187.26,-0.0216630266672915,5.0,2,0,108.05753967784564,nitrogen,held_out_location
Crawfordsville|4353|12|43,Crawfordsville,4353,12,43,PHK56 X LH198,75,2022-07-25,205.56,-0.0215813696470266,5.0,2,0,108.05753967784564,nitrogen,held_out_location
Crawfordsville|4353|32|44,Crawfordsville,4353,32,44,PHK56 X LH198,75,2022-07-25,180.44,-0.0232804232804232,5.0,2,0,108.05753967784564,nitrogen,held_out_location
Crawfordsville|4353|30|44,Crawfordsville,4353,30,44,PHK56 X LH82,75,2022-07-25,179.51,-0.0188252558708037,5.0,2,0,108.05753967784564,nitrogen,held_out_location
Crawfordsville|4353|14|46,Crawfordsville,4353,14,46,PHK56 X LH82,75,2022-07-25,154.08,-0.0143632991502142,5.0,2,0,108.05753967784564,nitrogen,held_out_location
Crawfordsville|4353|13|42,Crawfordsville,4353,13,42,PHK56 X PHJ89,75,2022-07-25,189.98,-0.0032251215669667,5.0,2,0,108.05753967784564,nitrogen,held_out_location
Crawfordsville|4353|23|44,Crawfordsville,4353,23,44,PHK56 X PHJ89,75,2022-07-25,184.77,-0.014257310493974,5.0,2,0,108.05753967784564,nitrogen,held_out_location
Crawfordsville|4353|7|43,Crawfordsville,4353,7,43,PHK56 X W606S,75,2022-07-25,178.88,0.0018032779316399,5.0,2,0,108.05753967784564,nitrogen,held_out_location
Crawfordsville|4353|27|45,Crawfordsville,4353,27,45,PHK56 X W606S,75,2022-07-25,189.36,-0.0125466356014627,5.0,2,0,108.05753967784564,nitrogen,held_out_location
Crawfordsville|4353|35|42,Crawfordsville,4353,35,42,PHK76 X 3IIH6,75,2022-07-25,152.39,-0.0235191838623779,5.0,2,0,108.05753967784564,nitrogen,held_out_location
Crawfordsville|4353|18|46,Crawfordsville,4353,18,46,PHK76 X 3IIH6,75,2022-07-25,147.03,-0.0324581135301973,5.0,2,0,108.05753967784564,nitrogen,held_out_location
Crawfordsville|4353|34|44,Crawfordsville,4353,34,44,PHK76 X LH145,75,2022-07-25,123.48,-0.0172416392504618,5.0,2,0,108.05753967784564,nitrogen,held_out_location
Crawfordsville|4353|11|44,Crawfordsville,4353,11,44,PHK76 X LH145,75,2022-07-25,143.42,-0.0125717182165596,5.0,2,0,108.05753967784564,nitrogen,held_out_location
Crawfordsville|4353|14|43,Crawfordsville,4353,14,43,PHK76 X LH198,75,2022-07-25,190.02,-0.0116192758954707,5.0,2,0,108.05753967784564,nitrogen,held_out_location
Crawfordsville|4353|25|46,Crawfordsville,4353,25,46,PHK76 X LH198,75,2022-07-25,170.46,-0.0228113199666586,5.0,2,0,108.05753967784564,nitrogen,held_out_location
Crawfordsville|4353|9|45,Crawfordsville,4353,9,45,PHK76 X LH82,75,2022-07-25,169.93,-0.0212027362244475,5.0,2,0,108.05753967784564,nitrogen,held_out_location
Crawfordsville|4353|28|46,Crawfordsville,4353,28,46,PHK76 X LH82,75,2022-07-25,156.34,-0.0297149304583789,5.0,2,0,108.05753967784564,nitrogen,held_out_location
Crawfordsville|4353|30|45,Crawfordsville,4353,30,45,PHK76 X W606S,75,2022-07-25,158.15,-0.0128069237103551,5.0,2,0,108.05753967784564,nitrogen,held_out_location
Crawfordsville|4353|5|45,Crawfordsville,4353,5,45,PHK76 X W606S,75,2022-07-25,154.35,-0.0178027341211547,5.0,2,0,108.05753967784564,nitrogen,held_out_location
Crawfordsville|4353|23|43,Crawfordsville,4353,23,43,PHN46 X PHB47,75,2022-07-25,175.93,-0.0262427837353205,5.0,2,0,108.05753967784564,nitrogen,held_out_location
Crawfordsville|4353|10|43,Crawfordsville,4353,10,43,PHN46 X PHB47,75,2022-07-25,186.07,-0.0252449159404667,5.0,2,0,108.05753967784564,nitrogen,held_out_location
Crawfordsville|4353|20|42,Crawfordsville,4353,20,42,PHN46 X PHK56,75,2022-07-25,193.57,-0.0158974880281717,5.0,2,0,108.05753967784564,nitrogen,held_out_location
Crawfordsville|4353|8|45,Crawfordsville,4353,8,45,PHN46 X PHK56,75,2022-07-25,197.3,0.0003215886308084,5.0,2,0,108.05753967784564,nitrogen,held_out_location
Crawfordsville|4353|26|43,Crawfordsville,4353,26,43,PHN46 X W606S,75,2022-07-25,185.22,-0.026119387184062,5.0,2,0,108.05753967784564,nitrogen,held_out_location
Crawfordsville|4353|9|46,Crawfordsville,4353,9,46,PHN46 X W606S,75,2022-07-25,158.97,-0.0068531885061855,5.0,2,0,108.05753967784564,nitrogen,held_out_location
Crawfordsville|4353|10|42,Crawfordsville,4353,10,42,PHP02 X LH145,75,2022-07-25,136.09,-0.0161039304090475,5.0,2,0,108.05753967784564,nitrogen,held_out_location
Crawfordsville|4353|24|44,Crawfordsville,4353,24,44,PHP02 X LH145,75,2022-07-25,163.09,-0.0127845589869329,5.0,2,0,108.05753967784564,nitrogen,held_out_location
Crawfordsville|4353|21|44,Crawfordsville,4353,21,44,PHP02 X LH185,75,2022-07-25,174.45,-0.0338347935284115,5.0,2,0,108.05753967784564,nitrogen,held_out_location
Crawfordsville|4353|8|46,Crawfordsville,4353,8,46,PHP02 X LH185,75,2022-07-25,154.89,-0.0142103130667221,5.0,2,0,108.05753967784564,nitrogen,held_out_location
Crawfordsville|4353|7|44,Crawfordsville,4353,7,44,PHP02 X LH198,75,2022-07-25,176.02,-0.0194841854689581,5.0,2,0,108.05753967784564,nitrogen,held_out_location
Crawfordsville|4353|36|45,Crawfordsville,4353,36,45,PHP02 X LH198,75,2022-07-25,192.84,-0.021431853073898,5.0,2,0,108.05753967784564,nitrogen,held_out_location
Crawfordsville|4353|4|45,Crawfordsville,4353,4,45,PHP02 X LH82,75,2022-07-25,160.3,-0.0201414581211183,5.0,2,0,108.05753967784564,nitrogen,held_out_location
Crawfordsville|4353|21|46,Crawfordsville,4353,21,46,PHP02 X LH82,75,2022-07-25,134.63,-0.0190415034568377,5.0,2,0,108.05753967784564,nitrogen,held_out_location
Crawfordsville|4353|35|44,Crawfordsville,4353,35,44,PHP02 X PHB47,75,2022-07-25,157.8,-0.0282975126352172,5.0,2,0,108.05753967784564,nitrogen,held_out_location
Crawfordsville|4353|17|46,Crawfordsville,4353,17,46,PHP02 X PHB47,75,2022-07-25,151.99,-0.0225016802888283,5.0,2,0,108.05753967784564,nitrogen,held_out_location
Crawfordsville|4353|34|42,Crawfordsville,4353,34,42,PHP02 X PHG47,75,2022-07-25,173.25,-0.0183567221652789,5.0,2,0,108.05753967784564,nitrogen,held_out_location
Crawfordsville|4353|10|45,Crawfordsville,4353,10,45,PHP02 X PHG47,75,2022-07-25,172.12,-0.007826605404237,5.0,2,0,108.05753967784564,nitrogen,held_out_location
Crawfordsville|4353|4|42,Crawfordsville,4353,4,42,PHP02 X PHJ89,75,2022-07-25,175.95,-0.0017889085440956,5.0,2,0,108.05753967784564,nitrogen,held_out_location
Crawfordsville|4353|31|45,Crawfordsville,4353,31,45,PHP02 X PHJ89,75,2022-07-25,191.8,-0.0167711897919338,5.0,2,0,108.05753967784564,nitrogen,held_out_location
Crawfordsville|4353|5|43,Crawfordsville,4353,5,43,PHP02 X PHK56,75,2022-07-25,183.82,-0.0076000234532389,5.0,2,0,108.05753967784564,nitrogen,held_out_location
Crawfordsville|4353|22|44,Crawfordsville,4353,22,44,PHP02 X PHK56,75,2022-07-25,181.25,-0.0215017577352076,5.0,2,0,108.05753967784564,nitrogen,held_out_location
Crawfordsville|4353|34|45,Crawfordsville,4353,34,45,PHP02 X PHK76,75,2022-07-25,160.15,-0.0209531543160694,5.0,2,0,108.05753967784564,nitrogen,held_out_location
Crawfordsville|4353|13|45,Crawfordsville,4353,13,45,PHP02 X PHK76,75,2022-07-25,156.16,-0.0207727109982748,5.0,2,0,108.05753967784564,nitrogen,held_out_location
Crawfordsville|4353|20|44,Crawfordsville,4353,20,44,PHP02 X PHN46,75,2022-07-25,186.05,-0.0270763888293104,5.0,2,0,108.05753967784564,nitrogen,held_out_location
Crawfordsville|4353|15|45,Crawfordsville,4353,15,45,PHP02 X PHN46,75,2022-07-25,182.98,-0.0183178880170108,5.0,2,0,108.05753967784564,nitrogen,held_out_location
Crawfordsville|4353|11|43,Crawfordsville,4353,11,43,PHP02 X W606S,75,2022-07-25,182.34,-0.0235653828765636,5.0,2,0,108.05753967784564,nitrogen,held_out_location
Crawfordsville|4353|24|45,Crawfordsville,4353,24,45,PHP02 X W606S,75,2022-07-25,194.97,-0.018292247804055,5.0,2,0,108.05753967784564,nitrogen,held_out_location
Crawfordsville|4353|30|43,Crawfordsville,4353,30,43,PHT69 X 3IIH6,75,2022-07-25,188.0,-0.0289393198048454,5.0,2,0,108.05753967784564,nitrogen,held_out_location
Crawfordsville|4353|19|43,Crawfordsville,4353,19,43,PHT69 X 3IIH6,75,2022-07-25,161.19,-0.0126746899238608,5.0,2,0,108.05753967784564,nitrogen,held_out_location
Crawfordsville|4353|22|42,Crawfordsville,4353,22,42,PHW52 X LH185,75,2022-07-25,193.79,-0.0286132587719446,5.0,2,0,108.05753967784564,nitrogen,held_out_location
Crawfordsville|4353|11|46,Crawfordsville,4353,11,46,PHW52 X LH185,75,2022-07-25,195.56,-0.0277136742536,5.0,2,0,108.05753967784564,nitrogen,held_out_location
Crawfordsville|4353|8|44,Crawfordsville,4353,8,44,PHW52 X PHM49,75,2022-07-25,185.62,-0.0256743387243456,5.0,2,0,108.05753967784564,nitrogen,held_out_location
Crawfordsville|4353|33|45,Crawfordsville,4353,33,45,PHW52 X PHM49,75,2022-07-25,179.1,-0.0337902729689743,5.0,2,0,108.05753967784564,nitrogen,held_out_location
Crawfordsville|4353|23|42,Crawfordsville,4353,23,42,PHW52 X PHN82,75,2022-07-25,183.18,-0.0268245300865235,5.0,2,0,108.05753967784564,nitrogen,held_out_location
Crawfordsville|4353|13|46,Crawfordsville,4353,13,46,PHW52 X PHN82,75,2022-07-25,176.59,-0.0178586485410087,5.0,2,0,108.05753967784564,nitrogen,held_out_location
Crawfordsville|4353|18|42,Crawfordsville,4353,18,42,PHW52 X PHZ51,75,2022-07-25,174.68,-0.0266314432149727,5.0,2,0,108.05753967784564,nitrogen,held_out_location
Crawfordsville|4353|21|43,Crawfordsville,4353,21,43,PHW52 X PHZ51,75,2022-07-25,170.17,-0.024319773622851,5.0,2,0,108.05753967784564,nitrogen,held_out_location
Crawfordsville|4353|17|44,Crawfordsville,4353,17,44,PHZ51 X LH145,75,2022-07-25,157.34,-0.0145474984057804,5.0,2,0,108.05753967784564,nitrogen,held_out_location
Crawfordsville|4353|27|46,Crawfordsville,4353,27,46,PHZ51 X LH145,75,2022-07-25,139.87,-0.0133420886826883,5.0,2,0,108.05753967784564,nitrogen,held_out_location
Crawfordsville|4353|29|42,Crawfordsville,4353,29,42,PIONEER 1311 AMXT,75,2022-07-25,243.93,-0.0052945467485636,5.0,2,0,108.05753967784564,nitrogen,held_out_location
Crawfordsville|4353|17|43,Crawfordsville,4353,17,43,PIONEER 1311 AMXT,75,2022-07-25,231.68,-0.0295534810217718,5.0,2,0,108.05753967784564,nitrogen,held_out_location
Crawfordsville|4353|22|45,Crawfordsville,4353,22,45,PIONEER P0589 AMXT,75,2022-07-25,207.91,-0.0067290462470276,5.0,2,0,108.05753967784564,nitrogen,held_out_location
Crawfordsville|4353|14|45,Crawfordsville,4353,14,45,PIONEER P0589 AMXT,75,2022-07-25,224.52,-0.0088113111142077,5.0,2,0,108.05753967784564,nitrogen,held_out_location
Crawfordsville|4353|24|43,Crawfordsville,4353,24,43,SYNGENTA NK0760-3111,75,2022-07-25,211.79,-0.0188694336208103,5.0,2,0,108.05753967784564,nitrogen,held_out_location
Crawfordsville|4353|12|46,Crawfordsville,4353,12,46,SYNGENTA NK0760-3111,75,2022-07-25,227.01,-0.01296169644346,5.0,2,0,108.05753967784564,nitrogen,held_out_location
Crawfordsville|4353|9|42,Crawfordsville,4353,9,42,WF9 X H95,75,2022-07-25,149.61,-0.0335830572214063,5.0,2,0,108.05753967784564,nitrogen,held_out_location
Crawfordsville|4353|22|43,Crawfordsville,4353,22,43,WF9 X H95,75,2022-07-25,133.58,-0.0351354577820435,5.0,2,0,108.05753967784564,nitrogen,held_out_location
Crawfordsville|4351|11|17,Crawfordsville,4351,11,17,2369 X 3IIH6,75,2022-07-25,167.22,-0.0259593288410274,5.0,2,0,92.00233709617845,nitrogen,held_out_location
Crawfordsville|4351|14|19,Crawfordsville,4351,14,19,2369 X 3IIH6,75,2022-07-25,153.8,-0.020260674973427,5.0,2,0,92.00233709617845,nitrogen,held_out_location
Crawfordsville|4351|17|18,Crawfordsville,4351,17,18,2369 X LH123HT,75,2022-07-25,149.87,-0.0099026678952329,5.0,2,0,92.00233709617845,nitrogen,held_out_location
Crawfordsville|4351|6|18,Crawfordsville,4351,6,18,2369 X LH123HT,75,2022-07-25,189.04,-0.0040987669026564,5.0,2,0,92.00233709617845,nitrogen,held_out_location
Crawfordsville|4351|2|14,Crawfordsville,4351,2,14,2369 X PHN82,75,2022-07-25,174.04,-0.006187196217958,5.0,2,0,92.00233709617845,nitrogen,held_out_location
Crawfordsville|4351|19|15,Crawfordsville,4351,19,15,2369 X PHN82,75,2022-07-25,158.94,-0.0084587587831429,5.0,2,0,92.00233709617845,nitrogen,held_out_location
Crawfordsville|4351|7|14,Crawfordsville,4351,7,14,2369 X PHP02,75,2022-07-25,148.69,-0.018287554471765,5.0,2,0,92.00233709617845,nitrogen,held_out_location
Crawfordsville|4351|17|16,Crawfordsville,4351,17,16,2369 X PHP02,75,2022-07-25,181.43,-0.0116005775638219,5.0,2,0,92.00233709617845,nitrogen,held_out_location
Crawfordsville|4351|20|15,Crawfordsville,4351,20,15,2369 X PHZ51,75,2022-07-25,144.39,0.0224290465106576,5.0,2,0,92.00233709617845,nitrogen,held_out_location
Crawfordsville|4351|8|20,Crawfordsville,4351,8,20,2369 X PHZ51,75,2022-07-25,138.32,0.0007129412247394,5.0,2,0,92.00233709617845,nitrogen,held_out_location
Crawfordsville|4351|7|13,Crawfordsville,4351,7,13,2FACC X 3IIH6,75,2022-07-25,177.23,-0.0267566438144376,5.0,2,0,92.00233709617845,nitrogen,held_out_location
Crawfordsville|4351|22|14,Crawfordsville,4351,22,14,2FACC X 3IIH6,75,2022-07-25,171.0,-0.0253356778250996,5.0,2,0,92.00233709617845,nitrogen,held_out_location
Crawfordsville|4351|2|17,Crawfordsville,4351,2,17,4N506 X 3IIH6,75,2022-07-25,168.4,-0.0200595967039124,5.0,2,0,92.00233709617845,nitrogen,held_out_location
Crawfordsville|4351|20|18,Crawfordsville,4351,20,18,4N506 X 3IIH6,75,2022-07-25,161.18,-0.0280419414363418,5.0,2,0,92.00233709617845,nitrogen,held_out_location
Crawfordsville|4351|4|17,Crawfordsville,4351,4,17,B105 X 3IIH6,75,2022-07-25,166.45,-0.0309173493380423,5.0,2,0,92.00233709617845,nitrogen,held_out_location
Crawfordsville|4351|16|19,Crawfordsville,4351,16,19,B105 X 3IIH6,75,2022-07-25,139.6,-0.0240599818609471,5.0,2,0,92.00233709617845,nitrogen,held_out_location
Crawfordsville|4351|8|14,Crawfordsville,4351,8,14,B14A X MO17,75,2022-07-25,164.27,-0.0172740086811507,5.0,2,0,92.00233709617845,nitrogen,held_out_location
Crawfordsville|4351|18|19,Crawfordsville,4351,18,19,B14A X MO17,75,2022-07-25,127.91,-0.015531799228845,5.0,2,0,92.00233709617845,nitrogen,held_out_location
Crawfordsville|4351|9|17,Crawfordsville,4351,9,17,B37 X H95,75,2022-07-25,118.11,-0.0297110436115612,5.0,2,0,92.00233709617845,nitrogen,held_out_location
Crawfordsville|4351|13|20,Crawfordsville,4351,13,20,B37 X H95,75,2022-07-25,107.28,-0.0215393445303004,5.0,2,0,92.00233709617845,nitrogen,held_out_location
Crawfordsville|4351|3|15,Crawfordsville,4351,3,15,B37 X MO17,75,2022-07-25,128.06,-0.0189111082940319,5.0,2,0,92.00233709617845,nitrogen,held_out_location
Crawfordsville|4351|17|20,Crawfordsville,4351,17,20,B37 X MO17,75,2022-07-25,153.09,-0.0225442616897584,5.0,2,0,92.00233709617845,nitrogen,held_out_location
Crawfordsville|4351|18|18,Crawfordsville,4351,18,18,B37 X OH43,75,2022-07-25,139.2,-0.0303921582117014,5.0,2,0,92.00233709617845,nitrogen,held_out_location
Crawfordsville|4351|11|18,Crawfordsville,4351,11,18,B37 X OH43,75,2022-07-25,148.2,-0.0255144314360975,5.0,2,0,92.00233709617845,nitrogen,held_out_location
Crawfordsville|4351|22|13,Crawfordsville,4351,22,13,B73 X 3IIH6,75,2022-07-25,186.68,-0.031824981046713,5.0,2,0,92.00233709617845,nitrogen,held_out_location
Crawfordsville|4351|7|17,Crawfordsville,4351,7,17,B73 X 3IIH6,75,2022-07-25,189.57,-0.0268620111010714,5.0,2,0,92.00233709617845,nitrogen,held_out_location
Crawfordsville|4351|8|13,Crawfordsville,4351,8,13,B73 X MO17,75,2022-07-25,168.84,-0.0192478580610271,5.0,2,0,92.00233709617845,nitrogen,held_out_location
Crawfordsville|4351|21|15,Crawfordsville,4351,21,15,B73 X MO17,75,2022-07-25,177.0,-0.015143418514831,5.0,2,0,92.00233709617845,nitrogen,held_out_location
Crawfordsville|4351|5|14,Crawfordsville,4351,5,14,B73 X PHM49,75,2022-07-25,169.34,-0.0127891668966422,5.0,2,0,92.00233709617845,nitrogen,held_out_location
Crawfordsville|4351|19|20,Crawfordsville,4351,19,20,B73 X PHM49,75,2022-07-25,183.73,-0.0248375708471315,5.0,2,0,92.00233709617845,nitrogen,held_out_location
Crawfordsville|4351|12|14,Crawfordsville,4351,12,14,B73 X PHN82,75,2022-07-25,177.61,-0.0102377831558313,5.0,2,0,92.00233709617845,nitrogen,held_out_location
Crawfordsville|4351|19|19,Crawfordsville,4351,19,19,B73 X PHN82,75,2022-07-25,170.89,-0.024052883070867,5.0,2,0,92.00233709617845,nitrogen,held_out_location
Crawfordsville|4351|22|18,Crawfordsville,4351,22,18,B73 X PHZ51,75,2022-07-25,150.61,-0.0171112473488146,5.0,2,0,92.00233709617845,nitrogen,held_out_location
Crawfordsville|4351|10|20,Crawfordsville,4351,10,20,B73 X PHZ51,75,2022-07-25,142.69,-0.0114094372233579,5.0,2,0,92.00233709617845,nitrogen,held_out_location
Crawfordsville|4351|9|16,Crawfordsville,4351,9,16,B84 X 3IIH6,75,2022-07-25,132.5,-0.0212239287913255,5.0,2,0,92.00233709617845,nitrogen,held_out_location
Crawfordsville|4351|13|18,Crawfordsville,4351,13,18,B84 X 3IIH6,75,2022-07-25,167.55,-0.0139077156375618,5.0,2,0,92.00233709617845,nitrogen,held_out_location
Crawfordsville|4351|10|16,Crawfordsville,4351,10,16,F42 X MO17,75,2022-07-25,146.21,-0.0229640387516956,5.0,2,0,92.00233709617845,nitrogen,held_out_location
Crawfordsville|4351|22|19,Crawfordsville,4351,22,19,F42 X MO17,75,2022-07-25,140.82,-0.0228806973546398,5.0,2,0,92.00233709617845,nitrogen,held_out_location
Crawfordsville|4351|3|13,Crawfordsville,4351,3,13,F42 X OH43,75,2022-07-25,149.88,-0.0226271892743891,5.0,2,0,92.00233709617845,nitrogen,held_out_location
Crawfordsville|4351|15|14,Crawfordsville,4351,15,14,F42 X OH43,75,2022-07-25,172.3,-0.019246919161289,5.0,2,0,92.00233709617845,nitrogen,held_out_location
Crawfordsville|4351|19|17,Crawfordsville,4351,19,17,HOEGEMEYER 7089 AMXT,75,2022-07-25,220.6,-0.0193041284164953,5.0,2,0,92.00233709617845,nitrogen,held_out_location
Crawfordsville|4351|7|19,Crawfordsville,4351,7,19,HOEGEMEYER 7089 AMXT,75,2022-07-25,182.53,-0.0076177585462308,5.0,2,0,92.00233709617845,nitrogen,held_out_location
Crawfordsville|4351|2|15,Crawfordsville,4351,2,15,HOEGEMEYER 8065RR,75,2022-07-25,216.44,-0.0150705450171793,5.0,2,0,92.00233709617845,nitrogen,held_out_location
Crawfordsville|4351|13|16,Crawfordsville,4351,13,16,HOEGEMEYER 8065RR,75,2022-07-25,205.12,-0.0144658501552084,5.0,2,0,92.00233709617845,nitrogen,held_out_location
Crawfordsville|4351|16|14,Crawfordsville,4351,16,14,LH123HT X 3IIH6,75,2022-07-25,153.75,-0.0123482230345233,5.0,2,0,92.00233709617845,nitrogen,held_out_location
Crawfordsville|4351|9|20,Crawfordsville,4351,9,20,LH123HT X 3IIH6,75,2022-07-25,154.93,-0.0146066887121393,5.0,2,0,92.00233709617845,nitrogen,held_out_location
Crawfordsville|4351|4|14,Crawfordsville,4351,4,14,LH123HT X PHB47,75,2022-07-25,136.66,-0.0186321365639516,5.0,2,0,92.00233709617845,nitrogen,held_out_location
Crawfordsville|4351|14|17,Crawfordsville,4351,14,17,LH123HT X PHB47,75,2022-07-25,162.68,-0.0231149469440574,5.0,2,0,92.00233709617845,nitrogen,held_out_location
Crawfordsville|4351|17|13,Crawfordsville,4351,17,13,LH145 X LH162,75,2022-07-25,177.27,-0.0180193063630105,5.0,2,0,92.00233709617845,nitrogen,held_out_location
Crawfordsville|4351|2|13,Crawfordsville,4351,2,13,LH145 X LH162,75,2022-07-25,179.36,-0.0221776190284662,5.0,2,0,92.00233709617845,nitrogen,held_out_location
Crawfordsville|4351|13|13,Crawfordsville,4351,13,13,LH185 X LH145,75,2022-07-25,135.49,-0.0074284900685258,5.0,2,0,92.00233709617845,nitrogen,held_out_location
Crawfordsville|4351|9|14,Crawfordsville,4351,9,14,LH185 X LH82,75,2022-07-25,170.28,-0.0246537992703402,5.0,2,0,92.00233709617845,nitrogen,held_out_location
Crawfordsville|4351|23|18,Crawfordsville,4351,23,18,LH185 X LH82,75,2022-07-25,163.62,-0.0215304644889463,5.0,2,0,92.00233709617845,nitrogen,held_out_location
Crawfordsville|4351|15|16,Crawfordsville,4351,15,16,LH185 X W606S,75,2022-07-25,149.6,-0.0084681078234893,5.0,2,0,92.00233709617845,nitrogen,held_out_location
Crawfordsville|4351|10|13,Crawfordsville,4351,10,13,LH195 X 3IIH6,75,2022-07-25,176.76,-0.0306024733257317,5.0,2,0,92.00233709617845,nitrogen,held_out_location
Crawfordsville|4351|19|18,Crawfordsville,4351,19,18,LH195 X 3IIH6,75,2022-07-25,178.01,-0.0350252485912283,5.0,2,0,92.00233709617845,nitrogen,held_out_location
Crawfordsville|4351|16|13,Crawfordsville,4351,16,13,LH195 X LH123HT,75,2022-07-25,175.95,-0.0178759404046147,5.0,2,0,92.00233709617845,nitrogen,held_out_location
Crawfordsville|4351|9|13,Crawfordsville,4351,9,13,LH195 X LH123HT,75,2022-07-25,178.83,-0.016235771036291,5.0,2,0,92.00233709617845,nitrogen,held_out_location
Crawfordsville|4351|3|16,Crawfordsville,4351,3,16,LH195 X LH185,75,2022-07-25,186.97,-0.026215184143491,5.0,2,0,92.00233709617845,nitrogen,held_out_location
Crawfordsville|4351|21|18,Crawfordsville,4351,21,18,LH195 X LH185,75,2022-07-25,176.08,-0.0288119631914054,5.0,2,0,92.00233709617845,nitrogen,held_out_location
Crawfordsville|4351|22|15,Crawfordsville,4351,22,15,LH195 X PHM49,75,2022-07-25,102.22,-0.0182671953307345,5.0,2,0,92.00233709617845,nitrogen,held_out_location
Crawfordsville|4351|10|18,Crawfordsville,4351,10,18,LH195 X PHM49,75,2022-07-25,112.14,-0.0211300247348438,5.0,2,0,92.00233709617845,nitrogen,held_out_location
Crawfordsville|4351|6|17,Crawfordsville,4351,6,17,LH195 X PHZ51,75,2022-07-25,142.42,-0.0224535081556086,5.0,2,0,92.00233709617845,nitrogen,held_out_location
Crawfordsville|4351|17|19,Crawfordsville,4351,17,19,LH195 X PHZ51,75,2022-07-25,139.15,-0.0148925011695214,5.0,2,0,92.00233709617845,nitrogen,held_out_location
Crawfordsville|4351|22|17,Crawfordsville,4351,22,17,LH198 X PHB47,75,2022-07-25,132.22,-0.0255514863845093,5.0,2,0,92.00233709617845,nitrogen,held_out_location
Crawfordsville|4351|3|17,Crawfordsville,4351,3,17,LH198 X PHB47,75,2022-07-25,150.86,-0.0215069932980502,5.0,2,0,92.00233709617845,nitrogen,held_out_location
Crawfordsville|4351|7|18,Crawfordsville,4351,7,18,LH198 X PHZ51,75,2022-07-25,143.78,-0.0207079994649628,5.0,2,0,92.00233709617845,nitrogen,held_out_location
Crawfordsville|4351|21|20,Crawfordsville,4351,21,20,LH198 X PHZ51,75,2022-07-25,158.89,-0.0200174565036184,5.0,2,0,92.00233709617845,nitrogen,held_out_location
Crawfordsville|4351|18|13,Crawfordsville,4351,18,13,LH74 X PHM49,75,2022-07-25,172.03,-0.0336800643648749,5.0,2,0,92.00233709617845,nitrogen,held_out_location
Crawfordsville|4351|8|16,Crawfordsville,4351,8,16,LH74 X PHM49,75,2022-07-25,169.61,-0.0263139902283295,5.0,2,0,92.00233709617845,nitrogen,held_out_location
Crawfordsville|4351|14|18,Crawfordsville,4351,14,18,LH74 X PHN82,75,2022-07-25,170.57,-0.0268545757970157,5.0,2,0,92.00233709617845,nitrogen,held_out_location
Crawfordsville|4351|6|20,Crawfordsville,4351,6,20,LH74 X PHN82,75,2022-07-25,159.12,-0.009449128335861,5.0,2,0,92.00233709617845,nitrogen,held_out_location
Crawfordsville|4351|17|15,Crawfordsville,4351,17,15,LH82 X PHB47,75,2022-07-25,131.75,-0.0167579753667337,5.0,2,0,92.00233709617845,nitrogen,held_out_location
Crawfordsville|4351|11|15,Crawfordsville,4351,11,15,LH82 X PHB47,75,2022-07-25,145.08,-0.0150111483671655,5.0,2,0,92.00233709617845,nitrogen,held_out_location
Crawfordsville|4351|19|13,Crawfordsville,4351,19,13,LH82 X PHJ89,75,2022-07-25,146.0,-0.0127363897217808,5.0,2,0,92.00233709617845,nitrogen,held_out_location
Crawfordsville|4351|12|16,Crawfordsville,4351,12,16,LH82 X PHJ89,75,2022-07-25,173.52,-0.0219081808699108,5.0,2,0,92.00233709617845,nitrogen,held_out_location
Crawfordsville|4351|6|14,Crawfordsville,4351,6,14,LH82 X W606S,75,2022-07-25,157.06,-0.0138497766008198,5.0,2,0,92.00233709617845,nitrogen,held_out_location
Crawfordsville|4351|23|19,Crawfordsville,4351,23,19,LH82 X W606S,75,2022-07-25,149.03,-0.0159125095460191,5.0,2,0,92.00233709617845,nitrogen,held_out_location
Crawfordsville|4351|16|20,Crawfordsville,4351,16,20,N209 X 3IIH6,75,2022-07-25,176.39,-0.0144763220034158,5.0,2,0,92.00233709617845,nitrogen,held_out_location
Crawfordsville|4351|3|20,Crawfordsville,4351,3,20,N209 X 3IIH6,75,2022-07-25,159.04,-0.001449660334975,5.0,2,0,92.00233709617845,nitrogen,held_out_location
Crawfordsville|4351|18|15,Crawfordsville,4351,18,15,PHB47 X 3IIH6,75,2022-07-25,139.97,-0.0279838730586053,5.0,2,0,92.00233709617845,nitrogen,held_out_location
Crawfordsville|4351|5|19,Crawfordsville,4351,5,19,PHB47 X 3IIH6,75,2022-07-25,148.96,-0.0196552330332839,5.0,2,0,92.00233709617845,nitrogen,held_out_location
Crawfordsville|4351|19|14,Crawfordsville,4351,19,14,PHB47 X LH185,75,2022-07-25,116.63,-0.0222279982286913,5.0,2,0,92.00233709617845,nitrogen,held_out_location
Crawfordsville|4351|12|19,Crawfordsville,4351,12,19,PHB47 X LH185,75,2022-07-25,166.24,-0.0220421321773375,5.0,2,0,92.00233709617845,nitrogen,held_out_location
Crawfordsville|4351|18|20,Crawfordsville,4351,18,20,PHB47 X PHJ89,75,2022-07-25,182.2,-0.0154751649724577,5.0,2,0,92.00233709617845,nitrogen,held_out_location
Crawfordsville|4351|20|13,Crawfordsville,4351,20,13,PHB47 X PHK56,75,2022-07-25,179.92,-0.0055557377776105,5.0,2,0,92.00233709617845,nitrogen,held_out_location
Crawfordsville|4351|4|15,Crawfordsville,4351,4,15,PHB47 X PHK56,75,2022-07-25,171.97,-0.0186841985461241,5.0,2,0,92.00233709617845,nitrogen,held_out_location
Crawfordsville|4351|10|17,Crawfordsville,4351,10,17,PHG39 X PHM49,75,2022-07-25,173.06,-0.0311059047895793,5.0,2,0,92.00233709617845,nitrogen,held_out_location
Crawfordsville|4351|16|18,Crawfordsville,4351,16,18,PHG39 X PHM49,75,2022-07-25,172.18,-0.0381477228697317,5.0,2,0,92.00233709617845,nitrogen,held_out_location
Crawfordsville|4351|21|14,Crawfordsville,4351,21,14,PHG39 X PHN82,75,2022-07-25,169.32,-0.0171596466194832,5.0,2,0,92.00233709617845,nitrogen,held_out_location
Crawfordsville|4351|20|16,Crawfordsville,4351,20,16,PHJ40 X LH82,75,2022-07-25,178.34,0.0066588906221838,5.0,2,0,92.00233709617845,nitrogen,held_out_location
Crawfordsville|4351|5|20,Crawfordsville,4351,5,20,PHJ40 X LH82,75,2022-07-25,144.46,-0.0034240942648132,5.0,2,0,92.00233709617845,nitrogen,held_out_location
Crawfordsville|4351|13|14,Crawfordsville,4351,13,14,PHK56 X 3IIH6,75,2022-07-25,175.93,-0.0155945499618517,5.0,2,0,92.00233709617845,nitrogen,held_out_location
Crawfordsville|4351|5|16,Crawfordsville,4351,5,16,PHK56 X 3IIH6,75,2022-07-25,149.07,-0.0181390243903198,5.0,2,0,92.00233709617845,nitrogen,held_out_location
Crawfordsville|4351|23|16,Crawfordsville,4351,23,16,PHK56 X LH145,75,2022-07-25,151.08,-0.0034566325872054,5.0,2,0,92.00233709617845,nitrogen,held_out_location
Crawfordsville|4351|13|15,Crawfordsville,4351,13,15,PHK56 X LH185,75,2022-07-25,166.25,-0.016056067641728,5.0,2,0,92.00233709617845,nitrogen,held_out_location
Crawfordsville|4351|5|17,Crawfordsville,4351,5,17,PHK56 X LH185,75,2022-07-25,180.64,-0.0154035774278407,5.0,2,0,92.00233709617845,nitrogen,held_out_location
Crawfordsville|4351|6|13,Crawfordsville,4351,6,13,PHK56 X LH198,75,2022-07-25,199.77,-0.0228590966967241,5.0,2,0,92.00233709617845,nitrogen,held_out_location
Crawfordsville|4351|18|14,Crawfordsville,4351,18,14,PHK56 X LH198,75,2022-07-25,128.17,-0.0152917702417613,5.0,2,0,92.00233709617845,nitrogen,held_out_location
Crawfordsville|4351|19|16,Crawfordsville,4351,19,16,PHK56 X LH82,75,2022-07-25,185.19,-0.0126297840190585,5.0,2,0,92.00233709617845,nitrogen,held_out_location
Crawfordsville|4351|6|16,Crawfordsville,4351,6,16,PHK56 X LH82,75,2022-07-25,170.1,-0.0098546035789081,5.0,2,0,92.00233709617845,nitrogen,held_out_location
Crawfordsville|4351|15|13,Crawfordsville,4351,15,13,PHK56 X PHJ89,75,2022-07-25,165.13,-0.0093437011168027,5.0,2,0,92.00233709617845,nitrogen,held_out_location
Crawfordsville|4351|11|13,Crawfordsville,4351,11,13,PHK56 X PHJ89,75,2022-07-25,186.2,-0.0115297586448991,5.0,2,0,92.00233709617845,nitrogen,held_out_location
Crawfordsville|4351|22|16,Crawfordsville,4351,22,16,PHK56 X W606S,75,2022-07-25,175.75,-0.011065549780894,5.0,2,0,92.00233709617845,nitrogen,held_out_location
Crawfordsville|4351|9|19,Crawfordsville,4351,9,19,PHK56 X W606S,75,2022-07-25,156.43,-0.013640336979758,5.0,2,0,92.00233709617845,nitrogen,held_out_location
Crawfordsville|4351|14|14,Crawfordsville,4351,14,14,PHK76 X 3IIH6,75,2022-07-25,154.43,-0.0209079551496882,5.0,2,0,92.00233709617845,nitrogen,held_out_location
Crawfordsville|4351|3|18,Crawfordsville,4351,3,18,PHK76 X 3IIH6,75,2022-07-25,165.25,-0.0261599674368296,5.0,2,0,92.00233709617845,nitrogen,held_out_location
Crawfordsville|4351|16|17,Crawfordsville,4351,16,17,PHK76 X LH145,75,2022-07-25,139.98,-0.0107776780334351,5.0,2,0,92.00233709617845,nitrogen,held_out_location
Crawfordsville|4351|2|19,Crawfordsville,4351,2,19,PHK76 X LH145,75,2022-07-25,113.16,0.0001408617788908,5.0,2,0,92.00233709617845,nitrogen,held_out_location
Crawfordsville|4351|9|15,Crawfordsville,4351,9,15,PHK76 X LH198,75,2022-07-25,179.83,-0.0272409145864795,5.0,2,0,92.00233709617845,nitrogen,held_out_location
Crawfordsville|4351|14|16,Crawfordsville,4351,14,16,PHK76 X LH198,75,2022-07-25,166.55,-0.0223396694844781,5.0,2,0,92.00233709617845,nitrogen,held_out_location
Crawfordsville|4351|23|14,Crawfordsville,4351,23,14,PHK76 X LH82,75,2022-07-25,148.25,-0.0215298267772016,5.0,2,0,92.00233709617845,nitrogen,held_out_location
Crawfordsville|4351|2|16,Crawfordsville,4351,2,16,PHK76 X LH82,75,2022-07-25,150.92,-0.0247417498627382,5.0,2,0,92.00233709617845,nitrogen,held_out_location
Crawfordsville|4351|18|16,Crawfordsville,4351,18,16,PHK76 X W606S,75,2022-07-25,153.1,-0.0117963473590286,5.0,2,0,92.00233709617845,nitrogen,held_out_location
Crawfordsville|4351|3|19,Crawfordsville,4351,3,19,PHK76 X W606S,75,2022-07-25,143.97,-0.0121863825030972,5.0,2,0,92.00233709617845,nitrogen,held_out_location
Crawfordsville|4351|16|16,Crawfordsville,4351,16,16,PHN46 X PHB47,75,2022-07-25,170.03,-0.0193575182103059,5.0,2,0,92.00233709617845,nitrogen,held_out_location
Crawfordsville|4351|9|18,Crawfordsville,4351,9,18,PHN46 X PHB47,75,2022-07-25,168.49,-0.0276676802249213,5.0,2,0,92.00233709617845,nitrogen,held_out_location
Crawfordsville|4351|11|16,Crawfordsville,4351,11,16,PHN46 X PHK56,75,2022-07-25,195.96,-0.0103324323922957,5.0,2,0,92.00233709617845,nitrogen,held_out_location
Crawfordsville|4351|23|17,Crawfordsville,4351,23,17,PHN46 X PHK56,75,2022-07-25,167.11,-0.0159755270700219,5.0,2,0,92.00233709617845,nitrogen,held_out_location
Crawfordsville|4351|5|18,Crawfordsville,4351,5,18,PHN46 X W606S,75,2022-07-25,173.04,-0.014850596266893,5.0,2,0,92.00233709617845,nitrogen,held_out_location
Crawfordsville|4351|22|20,Crawfordsville,4351,22,20,PHN46 X W606S,75,2022-07-25,172.64,-0.0124963337816702,5.0,2,0,92.00233709617845,nitrogen,held_out_location
Crawfordsville|4351|14|13,Crawfordsville,4351,14,13,PHP02 X LH145,75,2022-07-25,136.89,-0.0168357839343754,5.0,2,0,92.00233709617845,nitrogen,held_out_location
Crawfordsville|4351|3|14,Crawfordsville,4351,3,14,PHP02 X LH145,75,2022-07-25,134.4,-0.0171007673694915,5.0,2,0,92.00233709617845,nitrogen,held_out_location
Crawfordsville|4351|5|15,Crawfordsville,4351,5,15,PHP02 X LH185,75,2022-07-25,158.61,-0.0220220887923712,5.0,2,0,92.00233709617845,nitrogen,held_out_location
Crawfordsville|4351|17|17,Crawfordsville,4351,17,17,PHP02 X LH185,75,2022-07-25,158.71,-0.0202527696550065,5.0,2,0,92.00233709617845,nitrogen,held_out_location
Crawfordsville|4351|23|20,Crawfordsville,4351,23,20,PHP02 X LH198,75,2022-07-25,171.27,-0.0216313541310018,5.0,2,0,92.00233709617845,nitrogen,held_out_location
Crawfordsville|4351|11|20,Crawfordsville,4351,11,20,PHP02 X LH198,75,2022-07-25,149.41,-0.0121710774248207,5.0,2,0,92.00233709617845,nitrogen,held_out_location
Crawfordsville|4351|15|15,Crawfordsville,4351,15,15,PHP02 X LH82,75,2022-07-25,153.5,-0.0242950481594272,5.0,2,0,92.00233709617845,nitrogen,held_out_location
Crawfordsville|4351|12|15,Crawfordsville,4351,12,15,PHP02 X LH82,75,2022-07-25,140.97,-0.014867412438912,5.0,2,0,92.00233709617845,nitrogen,held_out_location
Crawfordsville|4351|4|13,Crawfordsville,4351,4,13,PHP02 X PHB47,75,2022-07-25,157.41,-0.0266218671632845,5.0,2,0,92.00233709617845,nitrogen,held_out_location
Crawfordsville|4351|16|15,Crawfordsville,4351,16,15,PHP02 X PHB47,75,2022-07-25,158.43,-0.0211940688046414,5.0,2,0,92.00233709617845,nitrogen,held_out_location
Crawfordsville|4351|7|16,Crawfordsville,4351,7,16,PHP02 X PHG47,75,2022-07-25,178.07,-0.0224681559416933,5.0,2,0,92.00233709617845,nitrogen,held_out_location
Crawfordsville|4351|21|17,Crawfordsville,4351,21,17,PHP02 X PHG47,75,2022-07-25,166.55,-0.0251477047673751,5.0,2,0,92.00233709617845,nitrogen,held_out_location
Crawfordsville|4351|23|15,Crawfordsville,4351,23,15,PHP02 X PHJ89,75,2022-07-25,178.87,-0.0202591451011329,5.0,2,0,92.00233709617845,nitrogen,held_out_location
Crawfordsville|4351|6|19,Crawfordsville,4351,6,19,PHP02 X PHJ89,75,2022-07-25,174.16,-0.0133900443314718,5.0,2,0,92.00233709617845,nitrogen,held_out_location
Crawfordsville|4351|11|14,Crawfordsville,4351,11,14,PHP02 X PHK56,75,2022-07-25,180.9,-0.0091335426715477,5.0,2,0,92.00233709617845,nitrogen,held_out_location
Crawfordsville|4351|18|17,Crawfordsville,4351,18,17,PHP02 X PHK56,75,2022-07-25,173.79,-0.026298319083206,5.0,2,0,92.00233709617845,nitrogen,held_out_location
Crawfordsville|4351|8|15,Crawfordsville,4351,8,15,PHP02 X PHK76,75,2022-07-25,151.06,-0.0144768449202158,5.0,2,0,92.00233709617845,nitrogen,held_out_location
Crawfordsville|4351|20|17,Crawfordsville,4351,20,17,PHP02 X PHK76,75,2022-07-25,146.46,-0.0171332641243754,5.0,2,0,92.00233709617845,nitrogen,held_out_location
Crawfordsville|4351|14|15,Crawfordsville,4351,14,15,PHP02 X PHN46,75,2022-07-25,154.26,-0.0287667002577237,5.0,2,0,92.00233709617845,nitrogen,held_out_location
Crawfordsville|4351|8|17,Crawfordsville,4351,8,17,PHP02 X PHN46,75,2022-07-25,159.75,-0.0323810735118463,5.0,2,0,92.00233709617845,nitrogen,held_out_location
Crawfordsville|4351|15|17,Crawfordsville,4351,15,17,PHP02 X W606S,75,2022-07-25,176.43,-0.017645309142808,5.0,2,0,92.00233709617845,nitrogen,held_out_location
Crawfordsville|4351|11|19,Crawfordsville,4351,11,19,PHP02 X W606S,75,2022-07-25,163.8,-0.0187980912136853,5.0,2,0,92.00233709617845,nitrogen,held_out_location
Crawfordsville|4351|10|15,Crawfordsville,4351,10,15,PHT69 X 3IIH6,75,2022-07-25,168.98,-0.0191690402793424,5.0,2,0,92.00233709617845,nitrogen,held_out_location
Crawfordsville|4351|15|20,Crawfordsville,4351,15,20,PHT69 X 3IIH6,75,2022-07-25,186.26,-0.0068146918840884,5.0,2,0,92.00233709617845,nitrogen,held_out_location
Crawfordsville|4351|5|13,Crawfordsville,4351,5,13,PHW52 X LH185,75,2022-07-25,176.74,-0.0287335620865893,5.0,2,0,92.00233709617845,nitrogen,held_out_location
Crawfordsville|4351|21|19,Crawfordsville,4351,21,19,PHW52 X LH185,75,2022-07-25,144.76,-0.0338722479095351,5.0,2,0,92.00233709617845,nitrogen,held_out_location
Crawfordsville|4351|21|13,Crawfordsville,4351,21,13,PHW52 X PHM49,75,2022-07-25,185.97,-0.033995625565009,5.0,2,0,92.00233709617845,nitrogen,held_out_location
Crawfordsville|4351|8|18,Crawfordsville,4351,8,18,PHW52 X PHM49,75,2022-07-25,191.8,-0.0332792564007961,5.0,2,0,92.00233709617845,nitrogen,held_out_location
Crawfordsville|4351|4|16,Crawfordsville,4351,4,16,PHW52 X PHN82,75,2022-07-25,187.1,-0.0204986809953544,5.0,2,0,92.00233709617845,nitrogen,held_out_location
Crawfordsville|4351|15|18,Crawfordsville,4351,15,18,PHW52 X PHN82,75,2022-07-25,166.43,-0.0226199732910197,5.0,2,0,92.00233709617845,nitrogen,held_out_location
Crawfordsville|4351|12|17,Crawfordsville,4351,12,17,PHW52 X PHZ51,75,2022-07-25,178.45,-0.0172988613291457,5.0,2,0,92.00233709617845,nitrogen,held_out_location
Crawfordsville|4351|14|20,Crawfordsville,4351,14,20,PHW52 X PHZ51,75,2022-07-25,168.1,-0.0229351372202171,5.0,2,0,92.00233709617845,nitrogen,held_out_location
Crawfordsville|4351|13|19,Crawfordsville,4351,13,19,PHZ51 X LH145,75,2022-07-25,93.85,-0.015317033589465,5.0,2,0,92.00233709617845,nitrogen,held_out_location
Crawfordsville|4351|4|20,Crawfordsville,4351,4,20,PHZ51 X LH145,75,2022-07-25,130.76,-0.0046853136576656,5.0,2,0,92.00233709617845,nitrogen,held_out_location
Crawfordsville|4351|23|13,Crawfordsville,4351,23,13,PIONEER 1311 AMXT,75,2022-07-25,188.5,-0.0188733965799043,5.0,2,0,92.00233709617845,nitrogen,held_out_location
Crawfordsville|4351|2|20,Crawfordsville,4351,2,20,PIONEER 1311 AMXT,75,2022-07-25,219.67,0.0001769874639508,5.0,2,0,92.00233709617845,nitrogen,held_out_location
Crawfordsville|4351|21|16,Crawfordsville,4351,21,16,PIONEER P0589 AMXT,75,2022-07-25,217.34,-0.0108969145782975,5.0,2,0,92.00233709617845,nitrogen,held_out_location
Crawfordsville|4351|7|20,Crawfordsville,4351,7,20,PIONEER P0589 AMXT,75,2022-07-25,188.59,-0.0038373644605372,5.0,2,0,92.00233709617845,nitrogen,held_out_location
Crawfordsville|4351|12|13,Crawfordsville,4351,12,13,SYNGENTA NK0760-3111,75,2022-07-25,213.04,-0.0142353124420094,5.0,2,0,92.00233709617845,nitrogen,held_out_location
Crawfordsville|4351|13|17,Crawfordsville,4351,13,17,SYNGENTA NK0760-3111,75,2022-07-25,186.59,-0.0212728682960741,5.0,2,0,92.00233709617845,nitrogen,held_out_location
Crawfordsville|4351|20|20,Crawfordsville,4351,20,20,WF9 X H95,75,2022-07-25,136.8,-0.0355426381077375,5.0,2,0,92.00233709617845,nitrogen,held_out_location
Crawfordsville|4351|12|20,Crawfordsville,4351,12,20,WF9 X H95,75,2022-07-25,118.67,-0.031260276643649,5.0,2,0,92.00233709617845,nitrogen,held_out_location
Lincoln|hybrids|2|19,Lincoln,hybrids,2,19,2369 X 3IIH6,75,2022-08-05,27.55,,18.0,1,0,141.2458098266078,nitrogen,held_out_location
Lincoln|hybrids|13|26,Lincoln,hybrids,13,26,2369 X 3IIH6,75,2022-08-05,21.87,,18.0,1,0,141.2458098266078,nitrogen,held_out_location
Lincoln|hybrids|13|18,Lincoln,hybrids,13,18,2369 X LH123HT,75,2022-08-05,6.04,,18.0,1,0,141.2458098266078,nitrogen,held_out_location
Lincoln|hybrids|7|20,Lincoln,hybrids,7,20,2369 X LH123HT,75,2022-08-05,6.67,,18.0,1,0,141.2458098266078,nitrogen,held_out_location
Lincoln|hybrids|8|15,Lincoln,hybrids,8,15,2369 X PHN82,75,2022-08-05,91.51,,18.0,1,0,141.2458098266078,nitrogen,held_out_location
Lincoln|hybrids|9|23,Lincoln,hybrids,9,23,2369 X PHN82,75,2022-08-05,52.02,,18.0,1,0,141.2458098266078,nitrogen,held_out_location
Lincoln|hybrids|6|20,Lincoln,hybrids,6,20,2369 X PHP02,75,2022-08-05,50.11,,18.0,1,0,141.2458098266078,nitrogen,held_out_location
Lincoln|hybrids|14|24,Lincoln,hybrids,14,24,2369 X PHP02,75,2022-08-05,35.54,,18.0,1,0,141.2458098266078,nitrogen,held_out_location
Lincoln|hybrids|3|15,Lincoln,hybrids,3,15,2369 X PHZ51,75,2022-08-05,47.01,,18.0,1,0,141.2458098266078,nitrogen,held_out_location
Lincoln|hybrids|12|21,Lincoln,hybrids,12,21,2369 X PHZ51,75,2022-08-05,42.9,,18.0,1,0,141.2458098266078,nitrogen,held_out_location
Lincoln|hybrids|9|15,Lincoln,hybrids,9,15,2FACC X 3IIH6,75,2022-08-05,121.12,,18.0,1,0,141.2458098266078,nitrogen,held_out_location
Lincoln|hybrids|3|21,Lincoln,hybrids,3,21,2FACC X 3IIH6,75,2022-08-05,11.74,,18.0,1,0,141.2458098266078,nitrogen,held_out_location
Lincoln|hybrids|15|16,Lincoln,hybrids,15,16,4N506 X 3IIH6,75,2022-08-05,18.1,,18.0,1,0,141.2458098266078,nitrogen,held_out_location
Lincoln|hybrids|7|24,Lincoln,hybrids,7,24,4N506 X 3IIH6,75,2022-08-05,13.01,,18.0,1,0,141.2458098266078,nitrogen,held_out_location
Lincoln|hybrids|13|16,Lincoln,hybrids,13,16,B105 X 3IIH6,75,2022-08-05,14.59,,18.0,1,0,141.2458098266078,nitrogen,held_out_location
Lincoln|hybrids|4|24,Lincoln,hybrids,4,24,B105 X 3IIH6,75,2022-08-05,29.14,,18.0,1,0,141.2458098266078,nitrogen,held_out_location
Lincoln|hybrids|10|20,Lincoln,hybrids,10,20,B14A X MO17,75,2022-08-05,52.14,,18.0,1,0,141.2458098266078,nitrogen,held_out_location
Lincoln|hybrids|4|22,Lincoln,hybrids,4,22,B14A X MO17,75,2022-08-05,31.99,,18.0,1,0,141.2458098266078,nitrogen,held_out_location
Lincoln|hybrids|3|17,Lincoln,hybrids,3,17,B37 X H95,75,2022-08-05,18.98,,18.0,1,0,141.2458098266078,nitrogen,held_out_location
Lincoln|hybrids|13|24,Lincoln,hybrids,13,24,B37 X H95,75,2022-08-05,20.71,,18.0,1,0,141.2458098266078,nitrogen,held_out_location
Lincoln|hybrids|10|17,Lincoln,hybrids,10,17,B37 X MO17,75,2022-08-05,28.73,,18.0,1,0,141.2458098266078,nitrogen,held_out_location
Lincoln|hybrids|5|22,Lincoln,hybrids,5,22,B37 X MO17,75,2022-08-05,31.85,,18.0,1,0,141.2458098266078,nitrogen,held_out_location
Lincoln|hybrids|11|16,Lincoln,hybrids,11,16,B37 X OH43,75,2022-08-05,52.9,,18.0,1,0,141.2458098266078,nitrogen,held_out_location
Lincoln|hybrids|7|23,Lincoln,hybrids,7,23,B37 X OH43,75,2022-08-05,25.03,,18.0,1,0,141.2458098266078,nitrogen,held_out_location
Lincoln|hybrids|6|22,Lincoln,hybrids,6,22,B73 X 3IIH6,75,2022-08-05,6.91,,18.0,1,0,141.2458098266078,nitrogen,held_out_location
Lincoln|hybrids|13|23,Lincoln,hybrids,13,23,B73 X 3IIH6,75,2022-08-05,7.36,,18.0,1,0,141.2458098266078,nitrogen,held_out_location
Lincoln|hybrids|11|21,Lincoln,hybrids,11,21,B73 X MO17,75,2022-08-05,28.23,,18.0,1,0,141.2458098266078,nitrogen,held_out_location
Lincoln|hybrids|7|25,Lincoln,hybrids,7,25,B73 X MO17,75,2022-08-05,24.09,,18.0,1,0,141.2458098266078,nitrogen,held_out_location
Lincoln|hybrids|4|21,Lincoln,hybrids,4,21,B73 X PHM49,75,2022-08-05,19.5,,18.0,1,0,141.2458098266078,nitrogen,held_out_location
Lincoln|hybrids|12|23,Lincoln,hybrids,12,23,B73 X PHM49,75,2022-08-05,22.35,,18.0,1,0,141.2458098266078,nitrogen,held_out_location
Lincoln|hybrids|8|20,Lincoln,hybrids,8,20,B73 X PHN82,75,2022-08-05,41.8,,18.0,1,0,141.2458098266078,nitrogen,held_out_location
Lincoln|hybrids|14|21,Lincoln,hybrids,14,21,B73 X PHN82,75,2022-08-05,20.29,,18.0,1,0,141.2458098266078,nitrogen,held_out_location
Lincoln|hybrids|6|21,Lincoln,hybrids,6,21,B73 X PHZ51,75,2022-08-05,32.75,,18.0,1,0,141.2458098266078,nitrogen,held_out_location
Lincoln|hybrids|10|25,Lincoln,hybrids,10,25,B73 X PHZ51,75,2022-08-05,39.63,,18.0,1,0,141.2458098266078,nitrogen,held_out_location
Lincoln|hybrids|12|16,Lincoln,hybrids,12,16,B84 X 3IIH6,75,2022-08-05,77.69,,18.0,1,0,141.2458098266078,nitrogen,held_out_location
Lincoln|hybrids|6|23,Lincoln,hybrids,6,23,B84 X 3IIH6,75,2022-08-05,20.34,,18.0,1,0,141.2458098266078,nitrogen,held_out_location
Lincoln|hybrids|4|19,Lincoln,hybrids,4,19,F42 X MO17,75,2022-08-05,27.18,,18.0,1,0,141.2458098266078,nitrogen,held_out_location
Lincoln|hybrids|15|24,Lincoln,hybrids,15,24,F42 X MO17,75,2022-08-05,54.04,,18.0,1,0,141.2458098266078,nitrogen,held_out_location
Lincoln|hybrids|14|17,Lincoln,hybrids,14,17,F42 X OH43,75,2022-08-05,84.74,,18.0,1,0,141.2458098266078,nitrogen,held_out_location
Lincoln|hybrids|5|23,Lincoln,hybrids,5,23,F42 X OH43,75,2022-08-05,52.51,,18.0,1,0,141.2458098266078,nitrogen,held_out_location
Lincoln|hybrids|15|15,Lincoln,hybrids,15,15,HOEGEMEYER 7089 AMXT,75,2022-08-05,114.39,,18.0,1,0,141.2458098266078,nitrogen,held_out_location
Lincoln|hybrids|5|16,Lincoln,hybrids,5,16,HOEGEMEYER 7089 AMXT,75,2022-08-05,126.8,,18.0,1,0,141.2458098266078,nitrogen,held_out_location
Lincoln|hybrids|5|17,Lincoln,hybrids,5,17,HOEGEMEYER 8065RR,75,2022-08-05,89.02,,18.0,1,0,141.2458098266078,nitrogen,held_out_location
Lincoln|hybrids|14|25,Lincoln,hybrids,14,25,HOEGEMEYER 8065RR,75,2022-08-05,71.95,,18.0,1,0,141.2458098266078,nitrogen,held_out_location
Lincoln|hybrids|15|21,Lincoln,hybrids,15,21,LH123HT X 3IIH6,75,2022-08-05,3.16,,18.0,1,0,141.2458098266078,nitrogen,held_out_location
Lincoln|hybrids|2|22,Lincoln,hybrids,2,22,LH123HT X 3IIH6,75,2022-08-05,5.63,,18.0,1,0,141.2458098266078,nitrogen,held_out_location
Lincoln|hybrids|12|19,Lincoln,hybrids,12,19,LH123HT X PHB47,75,2022-08-05,7.68,,18.0,1,0,141.2458098266078,nitrogen,held_out_location
Lincoln|hybrids|6|25,Lincoln,hybrids,6,25,LH123HT X PHB47,75,2022-08-05,6.53,,18.0,1,0,141.2458098266078,nitrogen,held_out_location
Lincoln|hybrids|13|19,Lincoln,hybrids,13,19,LH145 X LH162,75,2022-08-05,43.54,,18.0,1,0,141.2458098266078,nitrogen,held_out_location
Lincoln|hybrids|2|25,Lincoln,hybrids,2,25,LH145 X LH162,75,2022-08-05,12.1,,18.0,1,0,141.2458098266078,nitrogen,held_out_location
Lincoln|hybrids|11|17,Lincoln,hybrids,11,17,LH185 X LH145,75,2022-08-05,66.1,,18.0,1,0,141.2458098266078,nitrogen,held_out_location
Lincoln|hybrids|8|17,Lincoln,hybrids,8,17,LH185 X LH82,75,2022-08-05,74.51,,18.0,1,0,141.2458098266078,nitrogen,held_out_location
Lincoln|hybrids|12|18,Lincoln,hybrids,12,18,LH185 X LH82,75,2022-08-05,9.93,,18.0,1,0,141.2458098266078,nitrogen,held_out_location
Lincoln|hybrids|15|20,Lincoln,hybrids,15,20,LH185 X W606S,75,2022-08-05,22.0,,18.0,1,0,141.2458098266078,nitrogen,held_out_location
Lincoln|hybrids|6|15,Lincoln,hybrids,6,15,LH195 X 3IIH6,75,2022-08-05,22.2,,18.0,1,0,141.2458098266078,nitrogen,held_out_location
Lincoln|hybrids|11|25,Lincoln,hybrids,11,25,LH195 X 3IIH6,75,2022-08-05,21.06,,18.0,1,0,141.2458098266078,nitrogen,held_out_location
Lincoln|hybrids|15|22,Lincoln,hybrids,15,22,LH195 X LH123HT,75,2022-08-05,10.89,,18.0,1,0,141.2458098266078,nitrogen,held_out_location
Lincoln|hybrids|5|26,Lincoln,hybrids,5,26,LH195 X LH123HT,75,2022-08-05,3.08,,18.0,1,0,141.2458098266078,nitrogen,held_out_location
Lincoln|hybrids|7|22,Lincoln,hybrids,7,22,LH195 X LH185,75,2022-08-05,42.46,,18.0,1,0,141.2458098266078,nitrogen,held_out_location
Lincoln|hybrids|14|26,Lincoln,hybrids,14,26,LH195 X LH185,75,2022-08-05,60.92,,18.0,1,0,141.2458098266078,nitrogen,held_out_location
Lincoln|hybrids|5|18,Lincoln,hybrids,5,18,LH195 X PHM49,75,2022-08-05,44.79,,18.0,1,0,141.2458098266078,nitrogen,held_out_location
Lincoln|hybrids|9|20,Lincoln,hybrids,9,20,LH195 X PHM49,75,2022-08-05,29.48,,18.0,1,0,141.2458098266078,nitrogen,held_out_location
Lincoln|hybrids|6|16,Lincoln,hybrids,6,16,LH195 X PHZ51,75,2022-08-05,36.15,,18.0,1,0,141.2458098266078,nitrogen,held_out_location
Lincoln|hybrids|15|25,Lincoln,hybrids,15,25,LH195 X PHZ51,75,2022-08-05,54.71,,18.0,1,0,141.2458098266078,nitrogen,held_out_location
Lincoln|hybrids|14|20,Lincoln,hybrids,14,20,LH198 X PHB47,75,2022-08-05,12.22,,18.0,1,0,141.2458098266078,nitrogen,held_out_location
Lincoln|hybrids|4|23,Lincoln,hybrids,4,23,LH198 X PHB47,75,2022-08-05,51.99,,18.0,1,0,141.2458098266078,nitrogen,held_out_location
Lincoln|hybrids|10|18,Lincoln,hybrids,10,18,LH198 X PHZ51,75,2022-08-05,59.0,,18.0,1,0,141.2458098266078,nitrogen,held_out_location
Lincoln|hybrids|2|21,Lincoln,hybrids,2,21,LH198 X PHZ51,75,2022-08-05,32.51,,18.0,1,0,141.2458098266078,nitrogen,held_out_location
Lincoln|hybrids|11|22,Lincoln,hybrids,11,22,LH74 X PHM49,75,2022-08-05,31.78,,18.0,1,0,141.2458098266078,nitrogen,held_out_location
Lincoln|hybrids|4|26,Lincoln,hybrids,4,26,LH74 X PHM49,75,2022-08-05,33.64,,18.0,1,0,141.2458098266078,nitrogen,held_out_location
Lincoln|hybrids|4|18,Lincoln,hybrids,4,18,LH74 X PHN82,75,2022-08-05,44.45,,18.0,1,0,141.2458098266078,nitrogen,held_out_location
Lincoln|hybrids|14|19,Lincoln,hybrids,14,19,LH74 X PHN82,75,2022-08-05,42.16,,18.0,1,0,141.2458098266078,nitrogen,held_out_location
Lincoln|hybrids|13|22,Lincoln,hybrids,13,22,LH82 X PHB47,75,2022-08-05,39.86,,18.0,1,0,141.2458098266078,nitrogen,held_out_location
Lincoln|hybrids|2|26,Lincoln,hybrids,2,26,LH82 X PHB47,75,2022-08-05,7.9,,18.0,1,0,141.2458098266078,nitrogen,held_out_location
Lincoln|hybrids|5|21,Lincoln,hybrids,5,21,LH82 X PHJ89,75,2022-08-05,62.83,,18.0,1,0,141.2458098266078,nitrogen,held_out_location
Lincoln|hybrids|14|22,Lincoln,hybrids,14,22,LH82 X PHJ89,75,2022-08-05,61.01,,18.0,1,0,141.2458098266078,nitrogen,held_out_location
Lincoln|hybrids|11|15,Lincoln,hybrids,11,15,LH82 X W606S,75,2022-08-05,76.42,,18.0,1,0,141.2458098266078,nitrogen,held_out_location
Lincoln|hybrids|7|17,Lincoln,hybrids,7,17,LH82 X W606S,75,2022-08-05,86.01,,18.0,1,0,141.2458098266078,nitrogen,held_out_location
Lincoln|hybrids|12|17,Lincoln,hybrids,12,17,N209 X 3IIH6,75,2022-08-05,62.37,,18.0,1,0,141.2458098266078,nitrogen,held_out_location
Lincoln|hybrids|6|19,Lincoln,hybrids,6,19,N209 X 3IIH6,75,2022-08-05,47.27,,18.0,1,0,141.2458098266078,nitrogen,held_out_location
Lincoln|hybrids|2|20,Lincoln,hybrids,2,20,PHB47 X 3IIH6,75,2022-08-05,11.6,,18.0,1,0,141.2458098266078,nitrogen,held_out_location
Lincoln|hybrids|10|23,Lincoln,hybrids,10,23,PHB47 X 3IIH6,75,2022-08-05,11.15,,18.0,1,0,141.2458098266078,nitrogen,held_out_location
Lincoln|hybrids|4|15,Lincoln,hybrids,4,15,PHB47 X LH185,75,2022-08-05,45.58,,18.0,1,0,141.2458098266078,nitrogen,held_out_location
Lincoln|hybrids|10|22,Lincoln,hybrids,10,22,PHB47 X LH185,75,2022-08-05,48.6,,18.0,1,0,141.2458098266078,nitrogen,held_out_location
Lincoln|hybrids|12|26,Lincoln,hybrids,12,26,PHB47 X PHJ89,75,2022-08-05,23.68,,18.0,1,0,141.2458098266078,nitrogen,held_out_location
Lincoln|hybrids|4|16,Lincoln,hybrids,4,16,PHB47 X PHK56,75,2022-08-05,66.69,,18.0,1,0,141.2458098266078,nitrogen,held_out_location
Lincoln|hybrids|15|17,Lincoln,hybrids,15,17,PHB47 X PHK56,75,2022-08-05,38.01,,18.0,1,0,141.2458098266078,nitrogen,held_out_location
Lincoln|hybrids|5|19,Lincoln,hybrids,5,19,PHG39 X PHM49,75,2022-08-05,57.43,,18.0,1,0,141.2458098266078,nitrogen,held_out_location
Lincoln|hybrids|11|26,Lincoln,hybrids,11,26,PHG39 X PHM49,75,2022-08-05,20.36,,18.0,1,0,141.2458098266078,nitrogen,held_out_location
Lincoln|hybrids|15|19,Lincoln,hybrids,15,19,PHG39 X PHN82,75,2022-08-05,60.89,,18.0,1,0,141.2458098266078,nitrogen,held_out_location
Lincoln|hybrids|8|19,Lincoln,hybrids,8,19,PHJ40 X LH82,75,2022-08-05,95.41,,18.0,1,0,141.2458098266078,nitrogen,held_out_location
Lincoln|hybrids|13|21,Lincoln,hybrids,13,21,PHJ40 X LH82,75,2022-08-05,69.26,,18.0,1,0,141.2458098266078,nitrogen,held_out_location
Lincoln|hybrids|11|19,Lincoln,hybrids,11,19,PHK56 X 3IIH6,75,2022-08-05,27.25,,18.0,1,0,141.2458098266078,nitrogen,held_out_location
Lincoln|hybrids|3|26,Lincoln,hybrids,3,26,PHK56 X 3IIH6,75,2022-08-05,18.35,,18.0,1,0,141.2458098266078,nitrogen,held_out_location
Lincoln|hybrids|15|18,Lincoln,hybrids,15,18,PHK56 X LH145,75,2022-08-05,31.14,,18.0,1,0,141.2458098266078,nitrogen,held_out_location
Lincoln|hybrids|11|18,Lincoln,hybrids,11,18,PHK56 X LH185,75,2022-08-05,26.48,,18.0,1,0,141.2458098266078,nitrogen,held_out_location
Lincoln|hybrids|7|26,Lincoln,hybrids,7,26,PHK56 X LH185,75,2022-08-05,7.57,,18.0,1,0,141.2458098266078,nitrogen,held_out_location
Lincoln|hybrids|8|16,Lincoln,hybrids,8,16,PHK56 X LH198,75,2022-08-05,57.37,,18.0,1,0,141.2458098266078,nitrogen,held_out_location
Lincoln|hybrids|9|22,Lincoln,hybrids,9,22,PHK56 X LH198,75,2022-08-05,50.83,,18.0,1,0,141.2458098266078,nitrogen,held_out_location
Lincoln|hybrids|4|17,Lincoln,hybrids,4,17,PHK56 X LH82,75,2022-08-05,58.95,,18.0,1,0,141.2458098266078,nitrogen,held_out_location
Lincoln|hybrids|8|26,Lincoln,hybrids,8,26,PHK56 X LH82,75,2022-08-05,53.91,,18.0,1,0,141.2458098266078,nitrogen,held_out_location
Lincoln|hybrids|8|21,Lincoln,hybrids,8,21,PHK56 X PHJ89,75,2022-08-05,20.78,,18.0,1,0,141.2458098266078,nitrogen,held_out_location
Lincoln|hybrids|12|24,Lincoln,hybrids,12,24,PHK56 X PHJ89,75,2022-08-05,28.47,,18.0,1,0,141.2458098266078,nitrogen,held_out_location
Lincoln|hybrids|6|24,Lincoln,hybrids,6,24,PHK56 X W606S,75,2022-08-05,22.41,,18.0,1,0,141.2458098266078,nitrogen,held_out_location
Lincoln|hybrids|11|24,Lincoln,hybrids,11,24,PHK56 X W606S,75,2022-08-05,30.75,,18.0,1,0,141.2458098266078,nitrogen,held_out_location
Lincoln|hybrids|3|19,Lincoln,hybrids,3,19,PHK76 X 3IIH6,75,2022-08-05,15.93,,18.0,1,0,141.2458098266078,nitrogen,held_out_location
Lincoln|hybrids|13|20,Lincoln,hybrids,13,20,PHK76 X 3IIH6,75,2022-08-05,21.32,,18.0,1,0,141.2458098266078,nitrogen,held_out_location
Lincoln|hybrids|8|18,Lincoln,hybrids,8,18,PHK76 X LH145,75,2022-08-05,70.75,,18.0,1,0,141.2458098266078,nitrogen,held_out_location
Lincoln|hybrids|9|21,Lincoln,hybrids,9,21,PHK76 X LH145,75,2022-08-05,59.54,,18.0,1,0,141.2458098266078,nitrogen,held_out_location
Lincoln|hybrids|5|15,Lincoln,hybrids,5,15,PHK76 X LH198,75,2022-08-05,60.09,,18.0,1,0,141.2458098266078,nitrogen,held_out_location
Lincoln|hybrids|12|25,Lincoln,hybrids,12,25,PHK76 X LH198,75,2022-08-05,21.01,,18.0,1,0,141.2458098266078,nitrogen,held_out_location
Lincoln|hybrids|14|15,Lincoln,hybrids,14,15,PHK76 X LH82,75,2022-08-05,61.05,,18.0,1,0,141.2458098266078,nitrogen,held_out_location
Lincoln|hybrids|6|26,Lincoln,hybrids,6,26,PHK76 X LH82,75,2022-08-05,12.38,,18.0,1,0,141.2458098266078,nitrogen,held_out_location
Lincoln|hybrids|2|23,Lincoln,hybrids,2,23,PHK76 X W606S,75,2022-08-05,25.85,,18.0,1,0,141.2458098266078,nitrogen,held_out_location
Lincoln|hybrids|14|23,Lincoln,hybrids,14,23,PHK76 X W606S,75,2022-08-05,74.14,,18.0,1,0,141.2458098266078,nitrogen,held_out_location
Lincoln|hybrids|4|20,Lincoln,hybrids,4,20,PHN46 X PHB47,75,2022-08-05,39.22,,18.0,1,0,141.2458098266078,nitrogen,held_out_location
Lincoln|hybrids|15|26,Lincoln,hybrids,15,26,PHN46 X PHB47,75,2022-08-05,34.62,,18.0,1,0,141.2458098266078,nitrogen,held_out_location
Lincoln|hybrids|2|17,Lincoln,hybrids,2,17,PHN46 X PHK56,75,2022-08-05,29.92,,18.0,1,0,141.2458098266078,nitrogen,held_out_location
Lincoln|hybrids|9|19,Lincoln,hybrids,9,19,PHN46 X PHK56,75,2022-08-05,57.23,,18.0,1,0,141.2458098266078,nitrogen,held_out_location
Lincoln|hybrids|12|20,Lincoln,hybrids,12,20,PHN46 X W606S,75,2022-08-05,21.29,,18.0,1,0,141.2458098266078,nitrogen,held_out_location
Lincoln|hybrids|5|25,Lincoln,hybrids,5,25,PHN46 X W606S,75,2022-08-05,30.78,,18.0,1,0,141.2458098266078,nitrogen,held_out_location
Lincoln|hybrids|13|17,Lincoln,hybrids,13,17,PHP02 X LH145,75,2022-08-05,58.1,,18.0,1,0,141.2458098266078,nitrogen,held_out_location
Lincoln|hybrids|2|24,Lincoln,hybrids,2,24,PHP02 X LH145,75,2022-08-05,33.58,,18.0,1,0,141.2458098266078,nitrogen,held_out_location
Lincoln|hybrids|9|16,Lincoln,hybrids,9,16,PHP02 X LH185,75,2022-08-05,56.79,,18.0,1,0,141.2458098266078,nitrogen,held_out_location
Lincoln|hybrids|7|19,Lincoln,hybrids,7,19,PHP02 X LH185,75,2022-08-05,37.04,,18.0,1,0,141.2458098266078,nitrogen,held_out_location
Lincoln|hybrids|12|15,Lincoln,hybrids,12,15,PHP02 X LH198,75,2022-08-05,10.15,,18.0,1,0,141.2458098266078,nitrogen,held_out_location
Lincoln|hybrids|7|21,Lincoln,hybrids,7,21,PHP02 X LH198,75,2022-08-05,40.09,,18.0,1,0,141.2458098266078,nitrogen,held_out_location
Lincoln|hybrids|13|15,Lincoln,hybrids,13,15,PHP02 X LH82,75,2022-08-05,45.05,,18.0,1,0,141.2458098266078,nitrogen,held_out_location
Lincoln|hybrids|3|25,Lincoln,hybrids,3,25,PHP02 X LH82,75,2022-08-05,26.54,,18.0,1,0,141.2458098266078,nitrogen,held_out_location
Lincoln|hybrids|9|17,Lincoln,hybrids,9,17,PHP02 X PHB47,75,2022-08-05,27.92,,18.0,1,0,141.2458098266078,nitrogen,held_out_location
Lincoln|hybrids|3|22,Lincoln,hybrids,3,22,PHP02 X PHB47,75,2022-08-05,17.34,,18.0,1,0,141.2458098266078,nitrogen,held_out_location
Lincoln|hybrids|7|16,Lincoln,hybrids,7,16,PHP02 X PHG47,75,2022-08-05,57.0,,18.0,1,0,141.2458098266078,nitrogen,held_out_location
Lincoln|hybrids|9|24,Lincoln,hybrids,9,24,PHP02 X PHG47,75,2022-08-05,38.94,,18.0,1,0,141.2458098266078,nitrogen,held_out_location
Lincoln|hybrids|3|23,Lincoln,hybrids,3,23,PHP02 X PHJ89,75,2022-08-05,56.15,,18.0,1,0,141.2458098266078,nitrogen,held_out_location
Lincoln|hybrids|10|26,Lincoln,hybrids,10,26,PHP02 X PHJ89,75,2022-08-05,43.42,,18.0,1,0,141.2458098266078,nitrogen,held_out_location
Lincoln|hybrids|3|16,Lincoln,hybrids,3,16,PHP02 X PHK56,75,2022-08-05,34.89,,18.0,1,0,141.2458098266078,nitrogen,held_out_location
Lincoln|hybrids|10|16,Lincoln,hybrids,10,16,PHP02 X PHK56,75,2022-08-05,35.9,,18.0,1,0,141.2458098266078,nitrogen,held_out_location
Lincoln|hybrids|15|23,Lincoln,hybrids,15,23,PHP02 X PHK76,75,2022-08-05,38.66,,18.0,1,0,141.2458098266078,nitrogen,held_out_location
Lincoln|hybrids|5|24,Lincoln,hybrids,5,24,PHP02 X PHK76,75,2022-08-05,46.99,,18.0,1,0,141.2458098266078,nitrogen,held_out_location
Lincoln|hybrids|2|16,Lincoln,hybrids,2,16,PHP02 X PHN46,75,2022-08-05,66.73,,18.0,1,0,141.2458098266078,nitrogen,held_out_location
Lincoln|hybrids|9|18,Lincoln,hybrids,9,18,PHP02 X PHN46,75,2022-08-05,25.96,,18.0,1,0,141.2458098266078,nitrogen,held_out_location
Lincoln|hybrids|5|20,Lincoln,hybrids,5,20,PHP02 X W606S,75,2022-08-05,59.49,,18.0,1,0,141.2458098266078,nitrogen,held_out_location
Lincoln|hybrids|13|25,Lincoln,hybrids,13,25,PHP02 X W606S,75,2022-08-05,35.66,,18.0,1,0,141.2458098266078,nitrogen,held_out_location
Lincoln|hybrids|3|20,Lincoln,hybrids,3,20,PHT69 X 3IIH6,75,2022-08-05,39.54,,18.0,1,0,141.2458098266078,nitrogen,held_out_location
Lincoln|hybrids|9|25,Lincoln,hybrids,9,25,PHT69 X 3IIH6,75,2022-08-05,44.55,,18.0,1,0,141.2458098266078,nitrogen,held_out_location
Lincoln|hybrids|2|18,Lincoln,hybrids,2,18,PHW52 X LH185,75,2022-08-05,29.77,,18.0,1,0,141.2458098266078,nitrogen,held_out_location
Lincoln|hybrids|11|23,Lincoln,hybrids,11,23,PHW52 X LH185,75,2022-08-05,32.79,,18.0,1,0,141.2458098266078,nitrogen,held_out_location
Lincoln|hybrids|2|15,Lincoln,hybrids,2,15,PHW52 X PHM49,75,2022-08-05,77.44,,18.0,1,0,141.2458098266078,nitrogen,held_out_location
Lincoln|hybrids|9|26,Lincoln,hybrids,9,26,PHW52 X PHM49,75,2022-08-05,45.43,,18.0,1,0,141.2458098266078,nitrogen,held_out_location
Lincoln|hybrids|7|18,Lincoln,hybrids,7,18,PHW52 X PHN82,75,2022-08-05,129.79,,18.0,1,0,141.2458098266078,nitrogen,held_out_location
Lincoln|hybrids|10|21,Lincoln,hybrids,10,21,PHW52 X PHN82,75,2022-08-05,66.04,,18.0,1,0,141.2458098266078,nitrogen,held_out_location
Lincoln|hybrids|10|15,Lincoln,hybrids,10,15,PHW52 X PHZ51,75,2022-08-05,69.07,,18.0,1,0,141.2458098266078,nitrogen,held_out_location
Lincoln|hybrids|6|17,Lincoln,hybrids,6,17,PHW52 X PHZ51,75,2022-08-05,57.55,,18.0,1,0,141.2458098266078,nitrogen,held_out_location
Lincoln|hybrids|3|18,Lincoln,hybrids,3,18,PHZ51 X LH145,75,2022-08-05,37.31,,18.0,1,0,141.2458098266078,nitrogen,held_out_location
Lincoln|hybrids|14|18,Lincoln,hybrids,14,18,PHZ51 X LH145,75,2022-08-05,58.38,,18.0,1,0,141.2458098266078,nitrogen,held_out_location
Lincoln|hybrids|10|24,Lincoln,hybrids,10,24,PIONEER 1311 AMXT,75,2022-08-05,34.23,,18.0,1,0,141.2458098266078,nitrogen,held_out_location
Lincoln|hybrids|4|25,Lincoln,hybrids,4,25,PIONEER 1311 AMXT,75,2022-08-05,47.78,,18.0,1,0,141.2458098266078,nitrogen,held_out_location
Lincoln|hybrids|10|19,Lincoln,hybrids,10,19,PIONEER P0589 AMXT,75,2022-08-05,112.43,,18.0,1,0,141.2458098266078,nitrogen,held_out_location
Lincoln|hybrids|3|24,Lincoln,hybrids,3,24,PIONEER P0589 AMXT,75,2022-08-05,92.63,,18.0,1,0,141.2458098266078,nitrogen,held_out_location
Lincoln|hybrids|7|15,Lincoln,hybrids,7,15,SYNGENTA NK0760-3111,75,2022-08-05,99.9,,18.0,1,0,141.2458098266078,nitrogen,held_out_location
Lincoln|hybrids|14|16,Lincoln,hybrids,14,16,SYNGENTA NK0760-3111,75,2022-08-05,118.89,,18.0,1,0,141.2458098266078,nitrogen,held_out_location
Lincoln|hybrids|8|22,Lincoln,hybrids,8,22,SYNGENTA NK0760-3111,75,2022-08-05,89.93,,18.0,1,0,141.2458098266078,nitrogen,held_out_location
Lincoln|hybrids|12|22,Lincoln,hybrids,12,22,SYNGENTA NK0760-3111,75,2022-08-05,44.88,,18.0,1,0,141.2458098266078,nitrogen,held_out_location
Lincoln|hybrids|8|23,Lincoln,hybrids,8,23,SYNGENTA NK0760-3111,75,2022-08-05,43.09,,18.0,1,0,141.2458098266078,nitrogen,held_out_location
Lincoln|hybrids|8|24,Lincoln,hybrids,8,24,SYNGENTA NK0760-3111,75,2022-08-05,86.26,,18.0,1,0,141.2458098266078,nitrogen,held_out_location
Lincoln|hybrids|8|25,Lincoln,hybrids,8,25,SYNGENTA NK0760-3111,75,2022-08-05,71.29,,18.0,1,0,141.2458098266078,nitrogen,held_out_location
Lincoln|hybrids|6|18,Lincoln,hybrids,6,18,WF9 X H95,75,2022-08-05,24.13,,18.0,1,0,141.2458098266078,nitrogen,held_out_location
Lincoln|hybrids|11|20,Lincoln,hybrids,11,20,WF9 X H95,75,2022-08-05,20.81,,18.0,1,0,141.2458098266078,nitrogen,held_out_location
Lincoln|hybrids|5|5,Lincoln,hybrids,5,5,2369 X 3IIH6,75,2022-08-05,44.76,,18.0,1,0,148.65614254894794,nitrogen,held_out_location
Lincoln|hybrids|8|13,Lincoln,hybrids,8,13,2369 X 3IIH6,75,2022-08-05,64.3,,18.0,1,0,148.65614254894794,nitrogen,held_out_location
Lincoln|hybrids|10|7,Lincoln,hybrids,10,7,2369 X LH123HT,75,2022-08-05,10.57,,18.0,1,0,148.65614254894794,nitrogen,held_out_location
Lincoln|hybrids|6|8,Lincoln,hybrids,6,8,2369 X LH123HT,75,2022-08-05,19.0,,18.0,1,0,148.65614254894794,nitrogen,held_out_location
Lincoln|hybrids|4|8,Lincoln,hybrids,4,8,2369 X PHN82,75,2022-08-05,42.26,,18.0,1,0,148.65614254894794,nitrogen,held_out_location
Lincoln|hybrids|13|9,Lincoln,hybrids,13,9,2369 X PHN82,75,2022-08-05,71.11,,18.0,1,0,148.65614254894794,nitrogen,held_out_location
Lincoln|hybrids|2|8,Lincoln,hybrids,2,8,2369 X PHP02,75,2022-08-05,58.99,,18.0,1,0,148.65614254894794,nitrogen,held_out_location
Lincoln|hybrids|11|8,Lincoln,hybrids,11,8,2369 X PHP02,75,2022-08-05,39.9,,18.0,1,0,148.65614254894794,nitrogen,held_out_location
Lincoln|hybrids|4|7,Lincoln,hybrids,4,7,2369 X PHZ51,75,2022-08-05,81.65,,18.0,1,0,148.65614254894794,nitrogen,held_out_location
Lincoln|hybrids|15|13,Lincoln,hybrids,15,13,2369 X PHZ51,75,2022-08-05,85.52,,18.0,1,0,148.65614254894794,nitrogen,held_out_location
Lincoln|hybrids|7|2,Lincoln,hybrids,7,2,2FACC X 3IIH6,75,2022-08-05,32.33,,18.0,1,0,148.65614254894794,nitrogen,held_out_location
Lincoln|hybrids|11|4,Lincoln,hybrids,11,4,2FACC X 3IIH6,75,2022-08-05,9.3,,18.0,1,0,148.65614254894794,nitrogen,held_out_location
Lincoln|hybrids|14|10,Lincoln,hybrids,14,10,4N506 X 3IIH6,75,2022-08-05,51.1,,18.0,1,0,148.65614254894794,nitrogen,held_out_location
Lincoln|hybrids|4|11,Lincoln,hybrids,4,11,4N506 X 3IIH6,75,2022-08-05,32.48,,18.0,1,0,148.65614254894794,nitrogen,held_out_location
Lincoln|hybrids|15|4,Lincoln,hybrids,15,4,B105 X 3IIH6,75,2022-08-05,56.7,,18.0,1,0,148.65614254894794,nitrogen,held_out_location
Lincoln|hybrids|5|8,Lincoln,hybrids,5,8,B105 X 3IIH6,75,2022-08-05,23.5,,18.0,1,0,148.65614254894794,nitrogen,held_out_location
Lincoln|hybrids|4|6,Lincoln,hybrids,4,6,B14A X MO17,75,2022-08-05,66.25,,18.0,1,0,148.65614254894794,nitrogen,held_out_location
Lincoln|hybrids|14|6,Lincoln,hybrids,14,6,B14A X MO17,75,2022-08-05,52.53,,18.0,1,0,148.65614254894794,nitrogen,held_out_location
Lincoln|hybrids|2|6,Lincoln,hybrids,2,6,B37 X H95,75,2022-08-05,41.75,,18.0,1,0,148.65614254894794,nitrogen,held_out_location
Lincoln|hybrids|10|8,Lincoln,hybrids,10,8,B37 X H95,75,2022-08-05,8.33,,18.0,1,0,148.65614254894794,nitrogen,held_out_location
Lincoln|hybrids|9|7,Lincoln,hybrids,9,7,B37 X MO17,75,2022-08-05,33.51,,18.0,1,0,148.65614254894794,nitrogen,held_out_location
Lincoln|hybrids|6|9,Lincoln,hybrids,6,9,B37 X MO17,75,2022-08-05,37.78,,18.0,1,0,148.65614254894794,nitrogen,held_out_location
Lincoln|hybrids|2|3,Lincoln,hybrids,2,3,B37 X OH43,75,2022-08-05,33.14,,18.0,1,0,148.65614254894794,nitrogen,held_out_location
Lincoln|hybrids|12|12,Lincoln,hybrids,12,12,B37 X OH43,75,2022-08-05,35.5,,18.0,1,0,148.65614254894794,nitrogen,held_out_location
Lincoln|hybrids|4|10,Lincoln,hybrids,4,10,B73 X 3IIH6,75,2022-08-05,25.97,,18.0,1,0,148.65614254894794,nitrogen,held_out_location
Lincoln|hybrids|12|11,Lincoln,hybrids,12,11,B73 X 3IIH6,75,2022-08-05,34.18,,18.0,1,0,148.65614254894794,nitrogen,held_out_location
Lincoln|hybrids|2|5,Lincoln,hybrids,2,5,B73 X MO17,75,2022-08-05,52.33,,18.0,1,0,148.65614254894794,nitrogen,held_out_location
Lincoln|hybrids|15|9,Lincoln,hybrids,15,9,B73 X MO17,75,2022-08-05,65.73,,18.0,1,0,148.65614254894794,nitrogen,held_out_location
Lincoln|hybrids|5|9,Lincoln,hybrids,5,9,B73 X PHM49,75,2022-08-05,45.52,,18.0,1,0,148.65614254894794,nitrogen,held_out_location
Lincoln|hybrids|11|11,Lincoln,hybrids,11,11,B73 X PHM49,75,2022-08-05,14.9,,18.0,1,0,148.65614254894794,nitrogen,held_out_location
Lincoln|hybrids|3|4,Lincoln,hybrids,3,4,B73 X PHN82,75,2022-08-05,23.06,,18.0,1,0,148.65614254894794,nitrogen,held_out_location
Lincoln|hybrids|14|8,Lincoln,hybrids,14,8,B73 X PHN82,75,2022-08-05,65.99,,18.0,1,0,148.65614254894794,nitrogen,held_out_location
Lincoln|hybrids|4|5,Lincoln,hybrids,4,5,B73 X PHZ51,75,2022-08-05,45.65,,18.0,1,0,148.65614254894794,nitrogen,held_out_location
Lincoln|hybrids|12|5,Lincoln,hybrids,12,5,B73 X PHZ51,75,2022-08-05,61.23,,18.0,1,0,148.65614254894794,nitrogen,held_out_location
Lincoln|hybrids|10|4,Lincoln,hybrids,10,4,B84 X 3IIH6,75,2022-08-05,24.04,,18.0,1,0,148.65614254894794,nitrogen,held_out_location
Lincoln|hybrids|3|10,Lincoln,hybrids,3,10,B84 X 3IIH6,75,2022-08-05,29.12,,18.0,1,0,148.65614254894794,nitrogen,held_out_location
Lincoln|hybrids|8|5,Lincoln,hybrids,8,5,F42 X MO17,75,2022-08-05,52.26,,18.0,1,0,148.65614254894794,nitrogen,held_out_location
Lincoln|hybrids|11|12,Lincoln,hybrids,11,12,F42 X MO17,75,2022-08-05,44.83,,18.0,1,0,148.65614254894794,nitrogen,held_out_location
Lincoln|hybrids|5|11,Lincoln,hybrids,5,11,F42 X OH43,75,2022-08-05,55.23,,18.0,1,0,148.65614254894794,nitrogen,held_out_location
Lincoln|hybrids|10|12,Lincoln,hybrids,10,12,F42 X OH43,75,2022-08-05,43.87,,18.0,1,0,148.65614254894794,nitrogen,held_out_location
Lincoln|hybrids|10|2,Lincoln,hybrids,10,2,HOEGEMEYER 7089 AMXT,75,2022-08-05,102.31,,18.0,1,0,148.65614254894794,nitrogen,held_out_location
Lincoln|hybrids|5|10,Lincoln,hybrids,5,10,HOEGEMEYER 7089 AMXT,75,2022-08-05,87.25,,18.0,1,0,148.65614254894794,nitrogen,held_out_location
Lincoln|hybrids|8|4,Lincoln,hybrids,8,4,HOEGEMEYER 8065RR,75,2022-08-05,96.27,,18.0,1,0,148.65614254894794,nitrogen,held_out_location
Lincoln|hybrids|9|11,Lincoln,hybrids,9,11,HOEGEMEYER 8065RR,75,2022-08-05,82.66,,18.0,1,0,148.65614254894794,nitrogen,held_out_location
Lincoln|hybrids|7|9,Lincoln,hybrids,7,9,LH123HT X 3IIH6,75,2022-08-05,13.33,,18.0,1,0,148.65614254894794,nitrogen,held_out_location
Lincoln|hybrids|12|10,Lincoln,hybrids,12,10,LH123HT X 3IIH6,75,2022-08-05,20.99,,18.0,1,0,148.65614254894794,nitrogen,held_out_location
Lincoln|hybrids|11|6,Lincoln,hybrids,11,6,LH123HT X PHB47,75,2022-08-05,12.52,,18.0,1,0,148.65614254894794,nitrogen,held_out_location
Lincoln|hybrids|4|13,Lincoln,hybrids,4,13,LH123HT X PHB47,75,2022-08-05,19.61,,18.0,1,0,148.65614254894794,nitrogen,held_out_location
Lincoln|hybrids|12|6,Lincoln,hybrids,12,6,LH145 X LH162,75,2022-08-05,59.79,,18.0,1,0,148.65614254894794,nitrogen,held_out_location
Lincoln|hybrids|3|9,Lincoln,hybrids,3,9,LH145 X LH162,75,2022-08-05,60.57,,18.0,1,0,148.65614254894794,nitrogen,held_out_location
Lincoln|hybrids|15|8,Lincoln,hybrids,15,8,LH185 X LH145,75,2022-08-05,80.45,,18.0,1,0,148.65614254894794,nitrogen,held_out_location
Lincoln|hybrids|4|12,Lincoln,hybrids,4,12,LH185 X LH82,75,2022-08-05,57.35,,18.0,1,0,148.65614254894794,nitrogen,held_out_location
Lincoln|hybrids|9|13,Lincoln,hybrids,9,13,LH185 X LH82,75,2022-08-05,78.63,,18.0,1,0,148.65614254894794,nitrogen,held_out_location
Lincoln|hybrids|13|11,Lincoln,hybrids,13,11,LH185 X W606S,75,2022-08-05,59.17,,18.0,1,0,148.65614254894794,nitrogen,held_out_location
Lincoln|hybrids|5|6,Lincoln,hybrids,5,6,LH195 X 3IIH6,75,2022-08-05,19.72,,18.0,1,0,148.65614254894794,nitrogen,held_out_location
Lincoln|hybrids|12|7,Lincoln,hybrids,12,7,LH195 X 3IIH6,75,2022-08-05,49.27,,18.0,1,0,148.65614254894794,nitrogen,held_out_location
Lincoln|hybrids|11|5,Lincoln,hybrids,11,5,LH195 X LH123HT,75,2022-08-05,11.36,,18.0,1,0,148.65614254894794,nitrogen,held_out_location
Lincoln|hybrids|7|7,Lincoln,hybrids,7,7,LH195 X LH123HT,75,2022-08-05,12.24,,18.0,1,0,148.65614254894794,nitrogen,held_out_location
Lincoln|hybrids|11|2,Lincoln,hybrids,11,2,LH195 X LH185,75,2022-08-05,51.16,,18.0,1,0,148.65614254894794,nitrogen,held_out_location
Lincoln|hybrids|2|10,Lincoln,hybrids,2,10,LH195 X LH185,75,2022-08-05,70.35,,18.0,1,0,148.65614254894794,nitrogen,held_out_location
Lincoln|hybrids|9|8,Lincoln,hybrids,9,8,LH195 X PHM49,75,2022-08-05,42.95,,18.0,1,0,148.65614254894794,nitrogen,held_out_location
Lincoln|hybrids|6|11,Lincoln,hybrids,6,11,LH195 X PHM49,75,2022-08-05,23.59,,18.0,1,0,148.65614254894794,nitrogen,held_out_location
Lincoln|hybrids|5|12,Lincoln,hybrids,5,12,LH195 X PHZ51,75,2022-08-05,65.22,,18.0,1,0,148.65614254894794,nitrogen,held_out_location
Lincoln|hybrids|13|13,Lincoln,hybrids,13,13,LH195 X PHZ51,75,2022-08-05,50.12,,18.0,1,0,148.65614254894794,nitrogen,held_out_location
Lincoln|hybrids|13|5,Lincoln,hybrids,13,5,LH198 X PHB47,75,2022-08-05,51.92,,18.0,1,0,148.65614254894794,nitrogen,held_out_location
Lincoln|hybrids|2|13,Lincoln,hybrids,2,13,LH198 X PHB47,75,2022-08-05,54.25,,18.0,1,0,148.65614254894794,nitrogen,held_out_location
Lincoln|hybrids|11|10,Lincoln,hybrids,11,10,LH198 X PHZ51,75,2022-08-05,53.92,,18.0,1,0,148.65614254894794,nitrogen,held_out_location
Lincoln|hybrids|2|12,Lincoln,hybrids,2,12,LH198 X PHZ51,75,2022-08-05,57.27,,18.0,1,0,148.65614254894794,nitrogen,held_out_location
Lincoln|hybrids|7|6,Lincoln,hybrids,7,6,LH74 X PHM49,75,2022-08-05,23.71,,18.0,1,0,148.65614254894794,nitrogen,held_out_location
Lincoln|hybrids|14|9,Lincoln,hybrids,14,9,LH74 X PHM49,75,2022-08-05,48.83,,18.0,1,0,148.65614254894794,nitrogen,held_out_location
Lincoln|hybrids|3|3,Lincoln,hybrids,3,3,LH74 X PHN82,75,2022-08-05,45.02,,18.0,1,0,148.65614254894794,nitrogen,held_out_location
Lincoln|hybrids|10|6,Lincoln,hybrids,10,6,LH74 X PHN82,75,2022-08-05,71.69,,18.0,1,0,148.65614254894794,nitrogen,held_out_location
Lincoln|hybrids|2|7,Lincoln,hybrids,2,7,LH82 X PHB47,75,2022-08-05,49.76,,18.0,1,0,148.65614254894794,nitrogen,held_out_location
Lincoln|hybrids|11|9,Lincoln,hybrids,11,9,LH82 X PHB47,75,2022-08-05,15.35,,18.0,1,0,148.65614254894794,nitrogen,held_out_location
Lincoln|hybrids|9|9,Lincoln,hybrids,9,9,LH82 X PHJ89,75,2022-08-05,73.82,,18.0,1,0,148.65614254894794,nitrogen,held_out_location
Lincoln|hybrids|6|12,Lincoln,hybrids,6,12,LH82 X PHJ89,75,2022-08-05,58.92,,18.0,1,0,148.65614254894794,nitrogen,held_out_location
Lincoln|hybrids|11|7,Lincoln,hybrids,11,7,LH82 X W606S,75,2022-08-05,75.92,,18.0,1,0,148.65614254894794,nitrogen,held_out_location
Lincoln|hybrids|2|11,Lincoln,hybrids,2,11,LH82 X W606S,75,2022-08-05,70.22,,18.0,1,0,148.65614254894794,nitrogen,held_out_location
Lincoln|hybrids|15|2,Lincoln,hybrids,15,2,N209 X 3IIH6,75,2022-08-05,59.66,,18.0,1,0,148.65614254894794,nitrogen,held_out_location
Lincoln|hybrids|3|8,Lincoln,hybrids,3,8,N209 X 3IIH6,75,2022-08-05,66.54,,18.0,1,0,148.65614254894794,nitrogen,held_out_location
Lincoln|hybrids|3|5,Lincoln,hybrids,3,5,PHB47 X 3IIH6,75,2022-08-05,8.4,,18.0,1,0,148.65614254894794,nitrogen,held_out_location
Lincoln|hybrids|10|10,Lincoln,hybrids,10,10,PHB47 X 3IIH6,75,2022-08-05,27.16,,18.0,1,0,148.65614254894794,nitrogen,held_out_location
Lincoln|hybrids|7|8,Lincoln,hybrids,7,8,PHB47 X LH185,75,2022-08-05,36.83,,18.0,1,0,148.65614254894794,nitrogen,held_out_location
Lincoln|hybrids|10|9,Lincoln,hybrids,10,9,PHB47 X LH185,75,2022-08-05,35.64,,18.0,1,0,148.65614254894794,nitrogen,held_out_location
Lincoln|hybrids|14|3,Lincoln,hybrids,14,3,PHB47 X PHJ89,75,2022-08-05,67.54,,18.0,1,0,148.65614254894794,nitrogen,held_out_location
Lincoln|hybrids|9|4,Lincoln,hybrids,9,4,PHB47 X PHK56,75,2022-08-05,60.2,,18.0,1,0,148.65614254894794,nitrogen,held_out_location
Lincoln|hybrids|6|7,Lincoln,hybrids,6,7,PHB47 X PHK56,75,2022-08-05,64.34,,18.0,1,0,148.65614254894794,nitrogen,held_out_location
Lincoln|hybrids|6|5,Lincoln,hybrids,6,5,PHG39 X PHM49,75,2022-08-05,66.13,,18.0,1,0,148.65614254894794,nitrogen,held_out_location
Lincoln|hybrids|14|11,Lincoln,hybrids,14,11,PHG39 X PHM49,75,2022-08-05,72.57,,18.0,1,0,148.65614254894794,nitrogen,held_out_location
Lincoln|hybrids|13|10,Lincoln,hybrids,13,10,PHG39 X PHN82,75,2022-08-05,81.93,,18.0,1,0,148.65614254894794,nitrogen,held_out_location
Lincoln|hybrids|5|2,Lincoln,hybrids,5,2,PHJ40 X LH82,75,2022-08-05,77.88,,18.0,1,0,148.65614254894794,nitrogen,held_out_location
Lincoln|hybrids|10|13,Lincoln,hybrids,10,13,PHJ40 X LH82,75,2022-08-05,78.16,,18.0,1,0,148.65614254894794,nitrogen,held_out_location
Lincoln|hybrids|7|4,Lincoln,hybrids,7,4,PHK56 X 3IIH6,75,2022-08-05,31.92,,18.0,1,0,148.65614254894794,nitrogen,held_out_location
Lincoln|hybrids|10|5,Lincoln,hybrids,10,5,PHK56 X 3IIH6,75,2022-08-05,32.22,,18.0,1,0,148.65614254894794,nitrogen,held_out_location
Lincoln|hybrids|14|2,Lincoln,hybrids,14,2,PHK56 X LH145,75,2022-08-05,18.63,,18.0,1,0,148.65614254894794,nitrogen,held_out_location
Lincoln|hybrids|12|4,Lincoln,hybrids,12,4,PHK56 X LH185,75,2022-08-05,48.57,,18.0,1,0,148.65614254894794,nitrogen,held_out_location
Lincoln|hybrids|8|7,Lincoln,hybrids,8,7,PHK56 X LH185,75,2022-08-05,35.95,,18.0,1,0,148.65614254894794,nitrogen,held_out_location
Lincoln|hybrids|9|10,Lincoln,hybrids,9,10,PHK56 X LH198,75,2022-08-05,70.62,,18.0,1,0,148.65614254894794,nitrogen,held_out_location
Lincoln|hybrids|5|13,Lincoln,hybrids,5,13,PHK56 X LH198,75,2022-08-05,62.08,,18.0,1,0,148.65614254894794,nitrogen,held_out_location
Lincoln|hybrids|14|5,Lincoln,hybrids,14,5,PHK56 X LH82,75,2022-08-05,90.95,,18.0,1,0,148.65614254894794,nitrogen,held_out_location
Lincoln|hybrids|3|11,Lincoln,hybrids,3,11,PHK56 X LH82,75,2022-08-05,52.14,,18.0,1,0,148.65614254894794,nitrogen,held_out_location
Lincoln|hybrids|4|2,Lincoln,hybrids,4,2,PHK56 X PHJ89,75,2022-08-05,34.32,,18.0,1,0,148.65614254894794,nitrogen,held_out_location
Lincoln|hybrids|13|12,Lincoln,hybrids,13,12,PHK56 X PHJ89,75,2022-08-05,44.33,,18.0,1,0,148.65614254894794,nitrogen,held_out_location
Lincoln|hybrids|3|2,Lincoln,hybrids,3,2,PHK56 X W606S,75,2022-08-05,62.19,,18.0,1,0,148.65614254894794,nitrogen,held_out_location
Lincoln|hybrids|15|3,Lincoln,hybrids,15,3,PHK56 X W606S,75,2022-08-05,39.25,,18.0,1,0,148.65614254894794,nitrogen,held_out_location
Lincoln|hybrids|5|3,Lincoln,hybrids,5,3,PHK76 X 3IIH6,75,2022-08-05,39.22,,18.0,1,0,148.65614254894794,nitrogen,held_out_location
Lincoln|hybrids|15|12,Lincoln,hybrids,15,12,PHK76 X 3IIH6,75,2022-08-05,51.43,,18.0,1,0,148.65614254894794,nitrogen,held_out_location
Lincoln|hybrids|12|2,Lincoln,hybrids,12,2,PHK76 X LH145,75,2022-08-05,47.28,,18.0,1,0,148.65614254894794,nitrogen,held_out_location
Lincoln|hybrids|6|4,Lincoln,hybrids,6,4,PHK76 X LH145,75,2022-08-05,64.62,,18.0,1,0,148.65614254894794,nitrogen,held_out_location
Lincoln|hybrids|7|3,Lincoln,hybrids,7,3,PHK76 X LH198,75,2022-08-05,54.66,,18.0,1,0,148.65614254894794,nitrogen,held_out_location
Lincoln|hybrids|14|13,Lincoln,hybrids,14,13,PHK76 X LH198,75,2022-08-05,57.47,,18.0,1,0,148.65614254894794,nitrogen,held_out_location
Lincoln|hybrids|13|2,Lincoln,hybrids,13,2,PHK76 X LH82,75,2022-08-05,63.25,,18.0,1,0,148.65614254894794,nitrogen,held_out_location
Lincoln|hybrids|2|4,Lincoln,hybrids,2,4,PHK76 X LH82,75,2022-08-05,65.77,,18.0,1,0,148.65614254894794,nitrogen,held_out_location
Lincoln|hybrids|9|6,Lincoln,hybrids,9,6,PHK76 X W606S,75,2022-08-05,69.43,,18.0,1,0,148.65614254894794,nitrogen,held_out_location
Lincoln|hybrids|4|9,Lincoln,hybrids,4,9,PHK76 X W606S,75,2022-08-05,59.86,,18.0,1,0,148.65614254894794,nitrogen,held_out_location
Lincoln|hybrids|13|3,Lincoln,hybrids,13,3,PHN46 X PHB47,75,2022-08-05,48.49,,18.0,1,0,148.65614254894794,nitrogen,held_out_location
Lincoln|hybrids|3|13,Lincoln,hybrids,3,13,PHN46 X PHB47,75,2022-08-05,36.04,,18.0,1,0,148.65614254894794,nitrogen,held_out_location
Lincoln|hybrids|3|12,Lincoln,hybrids,3,12,PHN46 X PHK56,75,2022-08-05,22.88,,18.0,1,0,148.65614254894794,nitrogen,held_out_location
Lincoln|hybrids|14|12,Lincoln,hybrids,14,12,PHN46 X PHK56,75,2022-08-05,38.11,,18.0,1,0,148.65614254894794,nitrogen,held_out_location
Lincoln|hybrids|2|2,Lincoln,hybrids,2,2,PHN46 X W606S,75,2022-08-05,51.57,,18.0,1,0,148.65614254894794,nitrogen,held_out_location
Lincoln|hybrids|15|10,Lincoln,hybrids,15,10,PHN46 X W606S,75,2022-08-05,88.49,,18.0,1,0,148.65614254894794,nitrogen,held_out_location
Lincoln|hybrids|15|6,Lincoln,hybrids,15,6,PHP02 X LH145,75,2022-08-05,55.15,,18.0,1,0,148.65614254894794,nitrogen,held_out_location
Lincoln|hybrids|8|8,Lincoln,hybrids,8,8,PHP02 X LH145,75,2022-08-05,44.64,,18.0,1,0,148.65614254894794,nitrogen,held_out_location
Lincoln|hybrids|6|3,Lincoln,hybrids,6,3,PHP02 X LH185,75,2022-08-05,35.14,,18.0,1,0,148.65614254894794,nitrogen,held_out_location
Lincoln|hybrids|11|3,Lincoln,hybrids,11,3,PHP02 X LH185,75,2022-08-05,41.94,,18.0,1,0,148.65614254894794,nitrogen,held_out_location
Lincoln|hybrids|5|7,Lincoln,hybrids,5,7,PHP02 X LH198,75,2022-08-05,43.07,,18.0,1,0,148.65614254894794,nitrogen,held_out_location
Lincoln|hybrids|15|11,Lincoln,hybrids,15,11,PHP02 X LH198,75,2022-08-05,75.86,,18.0,1,0,148.65614254894794,nitrogen,held_out_location
Lincoln|hybrids|12|8,Lincoln,hybrids,12,8,PHP02 X LH82,75,2022-08-05,68.22,,18.0,1,0,148.65614254894794,nitrogen,held_out_location
Lincoln|hybrids|7|10,Lincoln,hybrids,7,10,PHP02 X LH82,75,2022-08-05,47.79,,18.0,1,0,148.65614254894794,nitrogen,held_out_location
Lincoln|hybrids|10|11,Lincoln,hybrids,10,11,PHP02 X PHB47,75,2022-08-05,29.65,,18.0,1,0,148.65614254894794,nitrogen,held_out_location
Lincoln|hybrids|7|12,Lincoln,hybrids,7,12,PHP02 X PHB47,75,2022-08-05,37.47,,18.0,1,0,148.65614254894794,nitrogen,held_out_location
Lincoln|hybrids|3|6,Lincoln,hybrids,3,6,PHP02 X PHG47,75,2022-08-05,63.74,,18.0,1,0,148.65614254894794,nitrogen,held_out_location
Lincoln|hybrids|13|7,Lincoln,hybrids,13,7,PHP02 X PHG47,75,2022-08-05,56.97,,18.0,1,0,148.65614254894794,nitrogen,held_out_location
Lincoln|hybrids|6|6,Lincoln,hybrids,6,6,PHP02 X PHJ89,75,2022-08-05,65.04,,18.0,1,0,148.65614254894794,nitrogen,held_out_location
Lincoln|hybrids|13|6,Lincoln,hybrids,13,6,PHP02 X PHJ89,75,2022-08-05,67.54,,18.0,1,0,148.65614254894794,nitrogen,held_out_location
Lincoln|hybrids|9|5,Lincoln,hybrids,9,5,PHP02 X PHK56,75,2022-08-05,81.1,,18.0,1,0,148.65614254894794,nitrogen,held_out_location
Lincoln|hybrids|3|7,Lincoln,hybrids,3,7,PHP02 X PHK56,75,2022-08-05,50.24,,18.0,1,0,148.65614254894794,nitrogen,held_out_location
Lincoln|hybrids|6|2,Lincoln,hybrids,6,2,PHP02 X PHK76,75,2022-08-05,38.89,,18.0,1,0,148.65614254894794,nitrogen,held_out_location
Lincoln|hybrids|10|3,Lincoln,hybrids,10,3,PHP02 X PHK76,75,2022-08-05,75.29,,18.0,1,0,148.65614254894794,nitrogen,held_out_location
Lincoln|hybrids|4|4,Lincoln,hybrids,4,4,PHP02 X PHN46,75,2022-08-05,54.73,,18.0,1,0,148.65614254894794,nitrogen,held_out_location
Lincoln|hybrids|9|12,Lincoln,hybrids,9,12,PHP02 X PHN46,75,2022-08-05,50.02,,18.0,1,0,148.65614254894794,nitrogen,held_out_location
Lincoln|hybrids|15|7,Lincoln,hybrids,15,7,PHP02 X W606S,75,2022-08-05,73.55,,18.0,1,0,148.65614254894794,nitrogen,held_out_location
Lincoln|hybrids|6|13,Lincoln,hybrids,6,13,PHP02 X W606S,75,2022-08-05,35.03,,18.0,1,0,148.65614254894794,nitrogen,held_out_location
Lincoln|hybrids|4|3,Lincoln,hybrids,4,3,PHT69 X 3IIH6,75,2022-08-05,74.58,,18.0,1,0,148.65614254894794,nitrogen,held_out_location
Lincoln|hybrids|13|4,Lincoln,hybrids,13,4,PHT69 X 3IIH6,75,2022-08-05,49.55,,18.0,1,0,148.65614254894794,nitrogen,held_out_location
Lincoln|hybrids|7|11,Lincoln,hybrids,7,11,PHW52 X LH185,75,2022-08-05,49.67,,18.0,1,0,148.65614254894794,nitrogen,held_out_location
Lincoln|hybrids|12|13,Lincoln,hybrids,12,13,PHW52 X LH185,75,2022-08-05,144.93,,18.0,1,0,148.65614254894794,nitrogen,held_out_location
Lincoln|hybrids|14|4,Lincoln,hybrids,14,4,PHW52 X PHM49,75,2022-08-05,74.11,,18.0,1,0,148.65614254894794,nitrogen,held_out_location
Lincoln|hybrids|2|9,Lincoln,hybrids,2,9,PHW52 X PHM49,75,2022-08-05,62.27,,18.0,1,0,148.65614254894794,nitrogen,held_out_location
Lincoln|hybrids|9|2,Lincoln,hybrids,9,2,PHW52 X PHN82,75,2022-08-05,63.26,,18.0,1,0,148.65614254894794,nitrogen,held_out_location
Lincoln|hybrids|8|3,Lincoln,hybrids,8,3,PHW52 X PHN82,75,2022-08-05,70.15,,18.0,1,0,148.65614254894794,nitrogen,held_out_location
Lincoln|hybrids|12|3,Lincoln,hybrids,12,3,PHW52 X PHZ51,75,2022-08-05,56.72,,18.0,1,0,148.65614254894794,nitrogen,held_out_location
Lincoln|hybrids|6|10,Lincoln,hybrids,6,10,PHW52 X PHZ51,75,2022-08-05,38.31,,18.0,1,0,148.65614254894794,nitrogen,held_out_location
Lincoln|hybrids|8|6,Lincoln,hybrids,8,6,PHZ51 X LH145,75,2022-08-05,40.14,,18.0,1,0,148.65614254894794,nitrogen,held_out_location
Lincoln|hybrids|13|8,Lincoln,hybrids,13,8,PHZ51 X LH145,75,2022-08-05,80.08,,18.0,1,0,148.65614254894794,nitrogen,held_out_location
Lincoln|hybrids|5|4,Lincoln,hybrids,5,4,PIONEER 1311 AMXT,75,2022-08-05,74.22,,18.0,1,0,148.65614254894794,nitrogen,held_out_location
Lincoln|hybrids|15|5,Lincoln,hybrids,15,5,PIONEER 1311 AMXT,75,2022-08-05,80.45,,18.0,1,0,148.65614254894794,nitrogen,held_out_location
Lincoln|hybrids|8|2,Lincoln,hybrids,8,2,PIONEER P0589 AMXT,75,2022-08-05,98.82,,18.0,1,0,148.65614254894794,nitrogen,held_out_location
Lincoln|hybrids|9|3,Lincoln,hybrids,9,3,PIONEER P0589 AMXT,75,2022-08-05,106.87,,18.0,1,0,148.65614254894794,nitrogen,held_out_location
Lincoln|hybrids|14|7,Lincoln,hybrids,14,7,SYNGENTA NK0760-3111,75,2022-08-05,74.89,,18.0,1,0,148.65614254894794,nitrogen,held_out_location
Lincoln|hybrids|8|9,Lincoln,hybrids,8,9,SYNGENTA NK0760-3111,75,2022-08-05,80.36,,18.0,1,0,148.65614254894794,nitrogen,held_out_location
Lincoln|hybrids|12|9,Lincoln,hybrids,12,9,SYNGENTA NK0760-3111,75,2022-08-05,60.02,,18.0,1,0,148.65614254894794,nitrogen,held_out_location
Lincoln|hybrids|8|10,Lincoln,hybrids,8,10,SYNGENTA NK0760-3111,75,2022-08-05,50.72,,18.0,1,0,148.65614254894794,nitrogen,held_out_location
Lincoln|hybrids|8|11,Lincoln,hybrids,8,11,SYNGENTA NK0760-3111,75,2022-08-05,105.55,,18.0,1,0,148.65614254894794,nitrogen,held_out_location
Lincoln|hybrids|8|12,Lincoln,hybrids,8,12,SYNGENTA NK0760-3111,75,2022-08-05,82.11,,18.0,1,0,148.65614254894794,nitrogen,held_out_location
Lincoln|hybrids|7|13,Lincoln,hybrids,7,13,SYNGENTA NK0760-3111,75,2022-08-05,88.29,,18.0,1,0,148.65614254894794,nitrogen,held_out_location
Lincoln|hybrids|7|5,Lincoln,hybrids,7,5,WF9 X H95,75,2022-08-05,31.01,,18.0,1,0,148.65614254894794,nitrogen,held_out_location
Lincoln|hybrids|11|13,Lincoln,hybrids,11,13,WF9 X H95,75,2022-08-05,33.22,,18.0,1,0,148.65614254894794,nitrogen,held_out_location
Lincoln|hybrids|6|28,Lincoln,hybrids,6,28,2369 X 3IIH6,75,2022-08-05,34.6,,18.0,1,0,161.86431704727875,nitrogen,held_out_location
Lincoln|hybrids|13|33,Lincoln,hybrids,13,33,2369 X 3IIH6,75,2022-08-05,8.98,,18.0,1,0,161.86431704727875,nitrogen,held_out_location
Lincoln|hybrids|8|29,Lincoln,hybrids,8,29,2369 X LH123HT,75,2022-08-05,11.6,,18.0,1,0,161.86431704727875,nitrogen,held_out_location
Lincoln|hybrids|9|31,Lincoln,hybrids,9,31,2369 X LH123HT,75,2022-08-05,4.02,,18.0,1,0,161.86431704727875,nitrogen,held_out_location
Lincoln|hybrids|5|30,Lincoln,hybrids,5,30,2369 X PHN82,75,2022-08-05,45.93,,18.0,1,0,161.86431704727875,nitrogen,held_out_location
Lincoln|hybrids|11|36,Lincoln,hybrids,11,36,2369 X PHN82,75,2022-08-05,21.43,,18.0,1,0,161.86431704727875,nitrogen,held_out_location
Lincoln|hybrids|2|35,Lincoln,hybrids,2,35,2369 X PHP02,75,2022-08-05,18.56,,18.0,1,0,161.86431704727875,nitrogen,held_out_location
Lincoln|hybrids|8|35,Lincoln,hybrids,8,35,2369 X PHP02,75,2022-08-05,26.27,,18.0,1,0,161.86431704727875,nitrogen,held_out_location
Lincoln|hybrids|4|31,Lincoln,hybrids,4,31,2369 X PHZ51,75,2022-08-05,22.82,,18.0,1,0,161.86431704727875,nitrogen,held_out_location
Lincoln|hybrids|11|31,Lincoln,hybrids,11,31,2369 X PHZ51,75,2022-08-05,22.78,,18.0,1,0,161.86431704727875,nitrogen,held_out_location
Lincoln|hybrids|13|31,Lincoln,hybrids,13,31,2FACC X 3IIH6,75,2022-08-05,18.47,,18.0,1,0,161.86431704727875,nitrogen,held_out_location
Lincoln|hybrids|4|36,Lincoln,hybrids,4,36,2FACC X 3IIH6,75,2022-08-05,14.1,,18.0,1,0,161.86431704727875,nitrogen,held_out_location
Lincoln|hybrids|3|32,Lincoln,hybrids,3,32,4N506 X 3IIH6,75,2022-08-05,14.01,,18.0,1,0,161.86431704727875,nitrogen,held_out_location
Lincoln|hybrids|13|35,Lincoln,hybrids,13,35,4N506 X 3IIH6,75,2022-08-05,8.97,,18.0,1,0,161.86431704727875,nitrogen,held_out_location
Lincoln|hybrids|6|31,Lincoln,hybrids,6,31,B105 X 3IIH6,75,2022-08-05,16.39,,18.0,1,0,161.86431704727875,nitrogen,held_out_location
Lincoln|hybrids|10|32,Lincoln,hybrids,10,32,B105 X 3IIH6,75,2022-08-05,14.48,,18.0,1,0,161.86431704727875,nitrogen,held_out_location
Lincoln|hybrids|6|33,Lincoln,hybrids,6,33,B14A X MO17,75,2022-08-05,25.52,,18.0,1,0,161.86431704727875,nitrogen,held_out_location
Lincoln|hybrids|13|36,Lincoln,hybrids,13,36,B14A X MO17,75,2022-08-05,31.52,,18.0,1,0,161.86431704727875,nitrogen,held_out_location
Lincoln|hybrids|3|36,Lincoln,hybrids,3,36,B37 X H95,75,2022-08-05,7.5,,18.0,1,0,161.86431704727875,nitrogen,held_out_location
Lincoln|hybrids|12|38,Lincoln,hybrids,12,38,B37 X H95,75,2022-08-05,7.61,,18.0,1,0,161.86431704727875,nitrogen,held_out_location
Lincoln|hybrids|7|35,Lincoln,hybrids,7,35,B37 X MO17,75,2022-08-05,15.62,,18.0,1,0,161.86431704727875,nitrogen,held_out_location
Lincoln|hybrids|14|36,Lincoln,hybrids,14,36,B37 X MO17,75,2022-08-05,15.4,,18.0,1,0,161.86431704727875,nitrogen,held_out_location
Lincoln|hybrids|5|35,Lincoln,hybrids,5,35,B37 X OH43,75,2022-08-05,12.65,,18.0,1,0,161.86431704727875,nitrogen,held_out_location
Lincoln|hybrids|12|37,Lincoln,hybrids,12,37,B37 X OH43,75,2022-08-05,4.9,,18.0,1,0,161.86431704727875,nitrogen,held_out_location
Lincoln|hybrids|8|34,Lincoln,hybrids,8,34,B73 X 3IIH6,75,2022-08-05,14.73,,18.0,1,0,161.86431704727875,nitrogen,held_out_location
Lincoln|hybrids|13|37,Lincoln,hybrids,13,37,B73 X 3IIH6,75,2022-08-05,8.06,,18.0,1,0,161.86431704727875,nitrogen,held_out_location
Lincoln|hybrids|11|33,Lincoln,hybrids,11,33,B73 X MO17,75,2022-08-05,10.03,,18.0,1,0,161.86431704727875,nitrogen,held_out_location
Lincoln|hybrids|7|36,Lincoln,hybrids,7,36,B73 X MO17,75,2022-08-05,19.47,,18.0,1,0,161.86431704727875,nitrogen,held_out_location
Lincoln|hybrids|8|32,Lincoln,hybrids,8,32,B73 X PHM49,75,2022-08-05,23.4,,18.0,1,0,161.86431704727875,nitrogen,held_out_location
Lincoln|hybrids|14|34,Lincoln,hybrids,14,34,B73 X PHM49,75,2022-08-05,4.51,,18.0,1,0,161.86431704727875,nitrogen,held_out_location
Lincoln|hybrids|5|28,Lincoln,hybrids,5,28,B73 X PHN82,75,2022-08-05,51.34,,18.0,1,0,161.86431704727875,nitrogen,held_out_location
Lincoln|hybrids|9|32,Lincoln,hybrids,9,32,B73 X PHN82,75,2022-08-05,45.14,,18.0,1,0,161.86431704727875,nitrogen,held_out_location
Lincoln|hybrids|5|29,Lincoln,hybrids,5,29,B73 X PHZ51,75,2022-08-05,47.99,,18.0,1,0,161.86431704727875,nitrogen,held_out_location
Lincoln|hybrids|13|34,Lincoln,hybrids,13,34,B73 X PHZ51,75,2022-08-05,17.0,,18.0,1,0,161.86431704727875,nitrogen,held_out_location
Lincoln|hybrids|7|32,Lincoln,hybrids,7,32,B84 X 3IIH6,75,2022-08-05,20.75,,18.0,1,0,161.86431704727875,nitrogen,held_out_location
Lincoln|hybrids|14|33,Lincoln,hybrids,14,33,B84 X 3IIH6,75,2022-08-05,8.94,,18.0,1,0,161.86431704727875,nitrogen,held_out_location
Lincoln|hybrids|10|31,Lincoln,hybrids,10,31,F42 X MO17,75,2022-08-05,19.84,,18.0,1,0,161.86431704727875,nitrogen,held_out_location
Lincoln|hybrids|3|33,Lincoln,hybrids,3,33,F42 X MO17,75,2022-08-05,5.75,,18.0,1,0,161.86431704727875,nitrogen,held_out_location
Lincoln|hybrids|7|31,Lincoln,hybrids,7,31,F42 X OH43,75,2022-08-05,23.48,,18.0,1,0,161.86431704727875,nitrogen,held_out_location
Lincoln|hybrids|10|38,Lincoln,hybrids,10,38,F42 X OH43,75,2022-08-05,14.98,,18.0,1,0,161.86431704727875,nitrogen,held_out_location
Lincoln|hybrids|13|29,Lincoln,hybrids,13,29,HOEGEMEYER 7089 AMXT,75,2022-08-05,81.56,,18.0,1,0,161.86431704727875,nitrogen,held_out_location
Lincoln|hybrids|2|37,Lincoln,hybrids,2,37,HOEGEMEYER 7089 AMXT,75,2022-08-05,70.22,,18.0,1,0,161.86431704727875,nitrogen,held_out_location
Lincoln|hybrids|9|28,Lincoln,hybrids,9,28,HOEGEMEYER 8065RR,75,2022-08-05,80.73,,18.0,1,0,161.86431704727875,nitrogen,held_out_location
Lincoln|hybrids|6|29,Lincoln,hybrids,6,29,HOEGEMEYER 8065RR,75,2022-08-05,53.76,,18.0,1,0,161.86431704727875,nitrogen,held_out_location
Lincoln|hybrids|8|31,Lincoln,hybrids,8,31,LH123HT X 3IIH6,75,2022-08-05,5.06,,18.0,1,0,161.86431704727875,nitrogen,held_out_location
Lincoln|hybrids|14|35,Lincoln,hybrids,14,35,LH123HT X 3IIH6,75,2022-08-05,1.78,,18.0,1,0,161.86431704727875,nitrogen,held_out_location
Lincoln|hybrids|3|35,Lincoln,hybrids,3,35,LH123HT X PHB47,75,2022-08-05,1.67,,18.0,1,0,161.86431704727875,nitrogen,held_out_location
Lincoln|hybrids|12|39,Lincoln,hybrids,12,39,LH123HT X PHB47,75,2022-08-05,7.58,,18.0,1,0,161.86431704727875,nitrogen,held_out_location
Lincoln|hybrids|2|28,Lincoln,hybrids,2,28,LH145 X LH162,75,2022-08-05,12.31,,18.0,1,0,161.86431704727875,nitrogen,held_out_location
Lincoln|hybrids|15|35,Lincoln,hybrids,15,35,LH145 X LH162,75,2022-08-05,15.6,,18.0,1,0,161.86431704727875,nitrogen,held_out_location
Lincoln|hybrids|11|28,Lincoln,hybrids,11,28,LH185 X LH145,75,2022-08-05,34.01,,18.0,1,0,161.86431704727875,nitrogen,held_out_location
Lincoln|hybrids|10|30,Lincoln,hybrids,10,30,LH185 X LH82,75,2022-08-05,50.75,,18.0,1,0,161.86431704727875,nitrogen,held_out_location
Lincoln|hybrids|5|31,Lincoln,hybrids,5,31,LH185 X LH82,75,2022-08-05,34.34,,18.0,1,0,161.86431704727875,nitrogen,held_out_location
Lincoln|hybrids|10|28,Lincoln,hybrids,10,28,LH185 X W606S,75,2022-08-05,47.98,,18.0,1,0,161.86431704727875,nitrogen,held_out_location
Lincoln|hybrids|10|37,Lincoln,hybrids,10,37,LH195 X 3IIH6,75,2022-08-05,3.6,,18.0,1,0,161.86431704727875,nitrogen,held_out_location
Lincoln|hybrids|7|38,Lincoln,hybrids,7,38,LH195 X 3IIH6,75,2022-08-05,22.45,,18.0,1,0,161.86431704727875,nitrogen,held_out_location
Lincoln|hybrids|3|29,Lincoln,hybrids,3,29,LH195 X LH123HT,75,2022-08-05,18.14,,18.0,1,0,161.86431704727875,nitrogen,held_out_location
Lincoln|hybrids|15|38,Lincoln,hybrids,15,38,LH195 X LH123HT,75,2022-08-05,10.17,,18.0,1,0,161.86431704727875,nitrogen,held_out_location
Lincoln|hybrids|10|33,Lincoln,hybrids,10,33,LH195 X LH185,75,2022-08-05,14.29,,18.0,1,0,161.86431704727875,nitrogen,held_out_location
Lincoln|hybrids|6|39,Lincoln,hybrids,6,39,LH195 X LH185,75,2022-08-05,36.58,,18.0,1,0,161.86431704727875,nitrogen,held_out_location
Lincoln|hybrids|12|36,Lincoln,hybrids,12,36,LH195 X PHM49,75,2022-08-05,8.22,,18.0,1,0,161.86431704727875,nitrogen,held_out_location
Lincoln|hybrids|4|37,Lincoln,hybrids,4,37,LH195 X PHM49,75,2022-08-05,10.84,,18.0,1,0,161.86431704727875,nitrogen,held_out_location
Lincoln|hybrids|2|38,Lincoln,hybrids,2,38,LH195 X PHZ51,75,2022-08-05,17.19,,18.0,1,0,161.86431704727875,nitrogen,held_out_location
Lincoln|hybrids|13|38,Lincoln,hybrids,13,38,LH195 X PHZ51,75,2022-08-05,22.7,,18.0,1,0,161.86431704727875,nitrogen,held_out_location
Lincoln|hybrids|8|36,Lincoln,hybrids,8,36,LH198 X PHB47,75,2022-08-05,37.17,,18.0,1,0,161.86431704727875,nitrogen,held_out_location
Lincoln|hybrids|5|37,Lincoln,hybrids,5,37,LH198 X PHB47,75,2022-08-05,9.42,,18.0,1,0,161.86431704727875,nitrogen,held_out_location
Lincoln|hybrids|6|34,Lincoln,hybrids,6,34,LH198 X PHZ51,75,2022-08-05,16.72,,18.0,1,0,161.86431704727875,nitrogen,held_out_location
Lincoln|hybrids|11|38,Lincoln,hybrids,11,38,LH198 X PHZ51,75,2022-08-05,25.03,,18.0,1,0,161.86431704727875,nitrogen,held_out_location
Lincoln|hybrids|2|30,Lincoln,hybrids,2,30,LH74 X PHM49,75,2022-08-05,13.21,,18.0,1,0,161.86431704727875,nitrogen,held_out_location
Lincoln|hybrids|10|34,Lincoln,hybrids,10,34,LH74 X PHM49,75,2022-08-05,8.59,,18.0,1,0,161.86431704727875,nitrogen,held_out_location
Lincoln|hybrids|14|37,Lincoln,hybrids,14,37,LH74 X PHN82,75,2022-08-05,32.68,,18.0,1,0,161.86431704727875,nitrogen,held_out_location
Lincoln|hybrids|3|38,Lincoln,hybrids,3,38,LH74 X PHN82,75,2022-08-05,38.68,,18.0,1,0,161.86431704727875,nitrogen,held_out_location
Lincoln|hybrids|7|28,Lincoln,hybrids,7,28,LH82 X PHB47,75,2022-08-05,41.09,,18.0,1,0,161.86431704727875,nitrogen,held_out_location
Lincoln|hybrids|11|34,Lincoln,hybrids,11,34,LH82 X PHB47,75,2022-08-05,4.89,,18.0,1,0,161.86431704727875,nitrogen,held_out_location
Lincoln|hybrids|4|33,Lincoln,hybrids,4,33,LH82 X PHJ89,75,2022-08-05,26.09,,18.0,1,0,161.86431704727875,nitrogen,held_out_location
Lincoln|hybrids|9|35,Lincoln,hybrids,9,35,LH82 X PHJ89,75,2022-08-05,39.95,,18.0,1,0,161.86431704727875,nitrogen,held_out_location
Lincoln|hybrids|14|28,Lincoln,hybrids,14,28,LH82 X W606S,75,2022-08-05,54.47,,18.0,1,0,161.86431704727875,nitrogen,held_out_location
Lincoln|hybrids|2|33,Lincoln,hybrids,2,33,LH82 X W606S,75,2022-08-05,44.37,,18.0,1,0,161.86431704727875,nitrogen,held_out_location
Lincoln|hybrids|13|32,Lincoln,hybrids,13,32,N209 X 3IIH6,75,2022-08-05,37.84,,18.0,1,0,161.86431704727875,nitrogen,held_out_location
Lincoln|hybrids|7|34,Lincoln,hybrids,7,34,N209 X 3IIH6,75,2022-08-05,26.54,,18.0,1,0,161.86431704727875,nitrogen,held_out_location
Lincoln|hybrids|11|35,Lincoln,hybrids,11,35,PHB47 X 3IIH6,75,2022-08-05,12.57,,18.0,1,0,161.86431704727875,nitrogen,held_out_location
Lincoln|hybrids|5|39,Lincoln,hybrids,5,39,PHB47 X 3IIH6,75,2022-08-05,7.49,,18.0,1,0,161.86431704727875,nitrogen,held_out_location
Lincoln|hybrids|9|34,Lincoln,hybrids,9,34,PHB47 X LH185,75,2022-08-05,26.18,,18.0,1,0,161.86431704727875,nitrogen,held_out_location
Lincoln|hybrids|4|39,Lincoln,hybrids,4,39,PHB47 X LH185,75,2022-08-05,17.57,,18.0,1,0,161.86431704727875,nitrogen,held_out_location
Lincoln|hybrids|11|32,Lincoln,hybrids,11,32,PHB47 X PHJ89,75,2022-08-05,28.69,,18.0,1,0,161.86431704727875,nitrogen,held_out_location
Lincoln|hybrids|6|35,Lincoln,hybrids,6,35,PHB47 X PHK56,75,2022-08-05,26.03,,18.0,1,0,161.86431704727875,nitrogen,held_out_location
Lincoln|hybrids|11|37,Lincoln,hybrids,11,37,PHB47 X PHK56,75,2022-08-05,7.67,,18.0,1,0,161.86431704727875,nitrogen,held_out_location
Lincoln|hybrids|15|32,Lincoln,hybrids,15,32,PHG39 X PHM49,75,2022-08-05,38.76,,18.0,1,0,161.86431704727875,nitrogen,held_out_location
Lincoln|hybrids|2|39,Lincoln,hybrids,2,39,PHG39 X PHM49,75,2022-08-05,29.21,,18.0,1,0,161.86431704727875,nitrogen,held_out_location
Lincoln|hybrids|15|34,Lincoln,hybrids,15,34,PHG39 X PHN82,75,2022-08-05,51.42,,18.0,1,0,161.86431704727875,nitrogen,held_out_location
Lincoln|hybrids|2|31,Lincoln,hybrids,2,31,PHJ40 X LH82,75,2022-08-05,40.4,,18.0,1,0,161.86431704727875,nitrogen,held_out_location
Lincoln|hybrids|8|39,Lincoln,hybrids,8,39,PHJ40 X LH82,75,2022-08-05,41.79,,18.0,1,0,161.86431704727875,nitrogen,held_out_location
Lincoln|hybrids|3|34,Lincoln,hybrids,3,34,PHK56 X 3IIH6,75,2022-08-05,3.5,,18.0,1,0,161.86431704727875,nitrogen,held_out_location
Lincoln|hybrids|9|38,Lincoln,hybrids,9,38,PHK56 X 3IIH6,75,2022-08-05,11.74,,18.0,1,0,161.86431704727875,nitrogen,held_out_location
Lincoln|hybrids|12|30,Lincoln,hybrids,12,30,PHK56 X LH145,75,2022-08-05,24.53,,18.0,1,0,161.86431704727875,nitrogen,held_out_location
Lincoln|hybrids|10|29,Lincoln,hybrids,10,29,PHK56 X LH185,75,2022-08-05,31.08,,18.0,1,0,161.86431704727875,nitrogen,held_out_location
Lincoln|hybrids|5|36,Lincoln,hybrids,5,36,PHK56 X LH185,75,2022-08-05,14.35,,18.0,1,0,161.86431704727875,nitrogen,held_out_location
Lincoln|hybrids|10|35,Lincoln,hybrids,10,35,PHK56 X LH198,75,2022-08-05,13.27,,18.0,1,0,161.86431704727875,nitrogen,held_out_location
Lincoln|hybrids|7|37,Lincoln,hybrids,7,37,PHK56 X LH198,75,2022-08-05,18.11,,18.0,1,0,161.86431704727875,nitrogen,held_out_location
Lincoln|hybrids|8|30,Lincoln,hybrids,8,30,PHK56 X LH82,75,2022-08-05,44.4,,18.0,1,0,161.86431704727875,nitrogen,held_out_location
Lincoln|hybrids|9|30,Lincoln,hybrids,9,30,PHK56 X LH82,75,2022-08-05,63.74,,18.0,1,0,161.86431704727875,nitrogen,held_out_location
Lincoln|hybrids|13|28,Lincoln,hybrids,13,28,PHK56 X PHJ89,75,2022-08-05,36.91,,18.0,1,0,161.86431704727875,nitrogen,held_out_location
Lincoln|hybrids|7|33,Lincoln,hybrids,7,33,PHK56 X PHJ89,75,2022-08-05,16.97,,18.0,1,0,161.86431704727875,nitrogen,held_out_location
Lincoln|hybrids|12|28,Lincoln,hybrids,12,28,PHK56 X W606S,75,2022-08-05,49.0,,18.0,1,0,161.86431704727875,nitrogen,held_out_location
Lincoln|hybrids|2|29,Lincoln,hybrids,2,29,PHK56 X W606S,75,2022-08-05,13.41,,18.0,1,0,161.86431704727875,nitrogen,held_out_location
Lincoln|hybrids|4|29,Lincoln,hybrids,4,29,PHK76 X 3IIH6,75,2022-08-05,32.01,,18.0,1,0,161.86431704727875,nitrogen,held_out_location
Lincoln|hybrids|13|30,Lincoln,hybrids,13,30,PHK76 X 3IIH6,75,2022-08-05,12.66,,18.0,1,0,161.86431704727875,nitrogen,held_out_location
Lincoln|hybrids|11|29,Lincoln,hybrids,11,29,PHK76 X LH145,75,2022-08-05,36.79,,18.0,1,0,161.86431704727875,nitrogen,held_out_location
Lincoln|hybrids|2|34,Lincoln,hybrids,2,34,PHK76 X LH145,75,2022-08-05,26.59,,18.0,1,0,161.86431704727875,nitrogen,held_out_location
Lincoln|hybrids|6|32,Lincoln,hybrids,6,32,PHK76 X LH198,75,2022-08-05,30.0,,18.0,1,0,161.86431704727875,nitrogen,held_out_location
Lincoln|hybrids|14|39,Lincoln,hybrids,14,39,PHK76 X LH198,75,2022-08-05,14.04,,18.0,1,0,161.86431704727875,nitrogen,held_out_location
Lincoln|hybrids|8|37,Lincoln,hybrids,8,37,PHK76 X LH82,75,2022-08-05,46.07,,18.0,1,0,161.86431704727875,nitrogen,held_out_location
Lincoln|hybrids|5|38,Lincoln,hybrids,5,38,PHK76 X LH82,75,2022-08-05,35.39,,18.0,1,0,161.86431704727875,nitrogen,held_out_location
Lincoln|hybrids|15|29,Lincoln,hybrids,15,29,PHK76 X W606S,75,2022-08-05,50.64,,18.0,1,0,161.86431704727875,nitrogen,held_out_location
Lincoln|hybrids|5|34,Lincoln,hybrids,5,34,PHK76 X W606S,75,2022-08-05,26.54,,18.0,1,0,161.86431704727875,nitrogen,held_out_location
Lincoln|hybrids|2|36,Lincoln,hybrids,2,36,PHN46 X PHB47,75,2022-08-05,22.14,,18.0,1,0,161.86431704727875,nitrogen,held_out_location
Lincoln|hybrids|9|39,Lincoln,hybrids,9,39,PHN46 X PHB47,75,2022-08-05,11.2,,18.0,1,0,161.86431704727875,nitrogen,held_out_location
Lincoln|hybrids|8|33,Lincoln,hybrids,8,33,PHN46 X PHK56,75,2022-08-05,12.73,,18.0,1,0,161.86431704727875,nitrogen,held_out_location
Lincoln|hybrids|15|39,Lincoln,hybrids,15,39,PHN46 X PHK56,75,2022-08-05,8.81,,18.0,1,0,161.86431704727875,nitrogen,held_out_location
Lincoln|hybrids|6|30,Lincoln,hybrids,6,30,PHN46 X W606S,75,2022-08-05,24.47,,18.0,1,0,161.86431704727875,nitrogen,held_out_location
Lincoln|hybrids|9|37,Lincoln,hybrids,9,37,PHN46 X W606S,75,2022-08-05,32.57,,18.0,1,0,161.86431704727875,nitrogen,held_out_location
Lincoln|hybrids|15|28,Lincoln,hybrids,15,28,PHP02 X LH145,75,2022-08-05,67.04,,18.0,1,0,161.86431704727875,nitrogen,held_out_location
Lincoln|hybrids|6|36,Lincoln,hybrids,6,36,PHP02 X LH145,75,2022-08-05,7.47,,18.0,1,0,161.86431704727875,nitrogen,held_out_location
Lincoln|hybrids|10|36,Lincoln,hybrids,10,36,PHP02 X LH185,75,2022-08-05,15.07,,18.0,1,0,161.86431704727875,nitrogen,held_out_location
Lincoln|hybrids|6|37,Lincoln,hybrids,6,37,PHP02 X LH185,75,2022-08-05,5.05,,18.0,1,0,161.86431704727875,nitrogen,held_out_location
Lincoln|hybrids|4|28,Lincoln,hybrids,4,28,PHP02 X LH198,75,2022-08-05,37.77,,18.0,1,0,161.86431704727875,nitrogen,held_out_location
Lincoln|hybrids|11|30,Lincoln,hybrids,11,30,PHP02 X LH198,75,2022-08-05,31.48,,18.0,1,0,161.86431704727875,nitrogen,held_out_location
Lincoln|hybrids|14|30,Lincoln,hybrids,14,30,PHP02 X LH82,75,2022-08-05,35.9,,18.0,1,0,161.86431704727875,nitrogen,held_out_location
Lincoln|hybrids|4|34,Lincoln,hybrids,4,34,PHP02 X LH82,75,2022-08-05,24.61,,18.0,1,0,161.86431704727875,nitrogen,held_out_location
Lincoln|hybrids|15|31,Lincoln,hybrids,15,31,PHP02 X PHB47,75,2022-08-05,38.75,,18.0,1,0,161.86431704727875,nitrogen,held_out_location
Lincoln|hybrids|4|35,Lincoln,hybrids,4,35,PHP02 X PHB47,75,2022-08-05,12.73,,18.0,1,0,161.86431704727875,nitrogen,held_out_location
Lincoln|hybrids|7|39,Lincoln,hybrids,7,39,PHP02 X PHG47,75,2022-08-05,17.87,,18.0,1,0,161.86431704727875,nitrogen,held_out_location
Lincoln|hybrids|10|39,Lincoln,hybrids,10,39,PHP02 X PHG47,75,2022-08-05,20.07,,18.0,1,0,161.86431704727875,nitrogen,held_out_location
Lincoln|hybrids|2|32,Lincoln,hybrids,2,32,PHP02 X PHJ89,75,2022-08-05,65.84,,18.0,1,0,161.86431704727875,nitrogen,held_out_location
Lincoln|hybrids|11|39,Lincoln,hybrids,11,39,PHP02 X PHJ89,75,2022-08-05,38.19,,18.0,1,0,161.86431704727875,nitrogen,held_out_location
Lincoln|hybrids|9|29,Lincoln,hybrids,9,29,PHP02 X PHK56,75,2022-08-05,60.3,,18.0,1,0,161.86431704727875,nitrogen,held_out_location
Lincoln|hybrids|3|39,Lincoln,hybrids,3,39,PHP02 X PHK56,75,2022-08-05,12.79,,18.0,1,0,161.86431704727875,nitrogen,held_out_location
Lincoln|hybrids|8|28,Lincoln,hybrids,8,28,PHP02 X PHK76,75,2022-08-05,48.92,,18.0,1,0,161.86431704727875,nitrogen,held_out_location
Lincoln|hybrids|15|30,Lincoln,hybrids,15,30,PHP02 X PHK76,75,2022-08-05,44.25,,18.0,1,0,161.86431704727875,nitrogen,held_out_location
Lincoln|hybrids|14|29,Lincoln,hybrids,14,29,PHP02 X PHN46,75,2022-08-05,49.22,,18.0,1,0,161.86431704727875,nitrogen,held_out_location
Lincoln|hybrids|7|30,Lincoln,hybrids,7,30,PHP02 X PHN46,75,2022-08-05,23.87,,18.0,1,0,161.86431704727875,nitrogen,held_out_location
Lincoln|hybrids|12|29,Lincoln,hybrids,12,29,PHP02 X W606S,75,2022-08-05,44.11,,18.0,1,0,161.86431704727875,nitrogen,held_out_location
Lincoln|hybrids|4|32,Lincoln,hybrids,4,32,PHP02 X W606S,75,2022-08-05,38.21,,18.0,1,0,161.86431704727875,nitrogen,held_out_location
Lincoln|hybrids|7|29,Lincoln,hybrids,7,29,PHT69 X 3IIH6,75,2022-08-05,29.95,,18.0,1,0,161.86431704727875,nitrogen,held_out_location
Lincoln|hybrids|15|37,Lincoln,hybrids,15,37,PHT69 X 3IIH6,75,2022-08-05,23.0,,18.0,1,0,161.86431704727875,nitrogen,held_out_location
Lincoln|hybrids|4|30,Lincoln,hybrids,4,30,PHW52 X LH185,75,2022-08-05,35.56,,18.0,1,0,161.86431704727875,nitrogen,held_out_location
Lincoln|hybrids|14|32,Lincoln,hybrids,14,32,PHW52 X LH185,75,2022-08-05,27.71,,18.0,1,0,161.86431704727875,nitrogen,held_out_location
Lincoln|hybrids|9|33,Lincoln,hybrids,9,33,PHW52 X PHM49,75,2022-08-05,32.47,,18.0,1,0,161.86431704727875,nitrogen,held_out_location
Lincoln|hybrids|6|38,Lincoln,hybrids,6,38,PHW52 X PHM49,75,2022-08-05,26.18,,18.0,1,0,161.86431704727875,nitrogen,held_out_location
Lincoln|hybrids|5|33,Lincoln,hybrids,5,33,PHW52 X PHN82,75,2022-08-05,29.85,,18.0,1,0,161.86431704727875,nitrogen,held_out_location
Lincoln|hybrids|15|33,Lincoln,hybrids,15,33,PHW52 X PHN82,75,2022-08-05,50.37,,18.0,1,0,161.86431704727875,nitrogen,held_out_location
Lincoln|hybrids|3|31,Lincoln,hybrids,3,31,PHW52 X PHZ51,75,2022-08-05,15.22,,18.0,1,0,161.86431704727875,nitrogen,held_out_location
Lincoln|hybrids|14|31,Lincoln,hybrids,14,31,PHW52 X PHZ51,75,2022-08-05,41.61,,18.0,1,0,161.86431704727875,nitrogen,held_out_location
Lincoln|hybrids|5|32,Lincoln,hybrids,5,32,PHZ51 X LH145,75,2022-08-05,49.64,,18.0,1,0,161.86431704727875,nitrogen,held_out_location
Lincoln|hybrids|14|38,Lincoln,hybrids,14,38,PHZ51 X LH145,75,2022-08-05,22.64,,18.0,1,0,161.86431704727875,nitrogen,held_out_location
Lincoln|hybrids|3|28,Lincoln,hybrids,3,28,PIONEER 1311 AMXT,75,2022-08-05,46.99,,18.0,1,0,161.86431704727875,nitrogen,held_out_location
Lincoln|hybrids|13|39,Lincoln,hybrids,13,39,PIONEER 1311 AMXT,75,2022-08-05,58.82,,18.0,1,0,161.86431704727875,nitrogen,held_out_location
Lincoln|hybrids|9|36,Lincoln,hybrids,9,36,PIONEER P0589 AMXT,75,2022-08-05,82.11,,18.0,1,0,161.86431704727875,nitrogen,held_out_location
Lincoln|hybrids|3|37,Lincoln,hybrids,3,37,PIONEER P0589 AMXT,75,2022-08-05,75.34,,18.0,1,0,161.86431704727875,nitrogen,held_out_location
Lincoln|hybrids|12|31,Lincoln,hybrids,12,31,SYNGENTA NK0760-3111,75,2022-08-05,39.02,,18.0,1,0,161.86431704727875,nitrogen,held_out_location
Lincoln|hybrids|12|32,Lincoln,hybrids,12,32,SYNGENTA NK0760-3111,75,2022-08-05,40.5,,18.0,1,0,161.86431704727875,nitrogen,held_out_location
Lincoln|hybrids|12|33,Lincoln,hybrids,12,33,SYNGENTA NK0760-3111,75,2022-08-05,20.94,,18.0,1,0,161.86431704727875,nitrogen,held_out_location
Lincoln|hybrids|12|34,Lincoln,hybrids,12,34,SYNGENTA NK0760-3111,75,2022-08-05,19.81,,18.0,1,0,161.86431704727875,nitrogen,held_out_location
Lincoln|hybrids|12|35,Lincoln,hybrids,12,35,SYNGENTA NK0760-3111,75,2022-08-05,24.9,,18.0,1,0,161.86431704727875,nitrogen,held_out_location
Lincoln|hybrids|4|38,Lincoln,hybrids,4,38,SYNGENTA NK0760-3111,75,2022-08-05,52.81,,18.0,1,0,161.86431704727875,nitrogen,held_out_location
Lincoln|hybrids|8|38,Lincoln,hybrids,8,38,SYNGENTA NK0760-3111,75,2022-08-05,41.09,,18.0,1,0,161.86431704727875,nitrogen,held_out_location
Lincoln|hybrids|3|30,Lincoln,hybrids,3,30,WF9 X H95,75,2022-08-05,6.11,,18.0,1,0,161.86431704727875,nitrogen,held_out_location
Lincoln|hybrids|15|36,Lincoln,hybrids,15,36,WF9 X H95,75,2022-08-05,14.15,,18.0,1,0,161.86431704727875,nitrogen,held_out_location
MOValley|Hybrids|27|18,MOValley,Hybrids,27,18,2369 X 3IIH6,75,2022-07-13,156.54,,0.0,1,0,124.39821127158281,nitrogen,held_out_location
MOValley|Hybrids|25|41,MOValley,Hybrids,25,41,2369 X 3IIH6,75,2022-07-13,157.56,,0.0,1,0,124.39821127158281,nitrogen,held_out_location
MOValley|Hybrids|27|20,MOValley,Hybrids,27,20,2369 X LH123HT,75,2022-07-13,134.23,,0.0,1,0,124.39821127158281,nitrogen,held_out_location
MOValley|Hybrids|29|27,MOValley,Hybrids,29,27,2369 X LH123HT,75,2022-07-13,145.57,,0.0,1,0,124.39821127158281,nitrogen,held_out_location
MOValley|Hybrids|27|5,MOValley,Hybrids,27,5,2369 X PHN82,75,2022-07-13,133.78,,0.0,1,0,124.39821127158281,nitrogen,held_out_location
MOValley|Hybrids|29|29,MOValley,Hybrids,29,29,2369 X PHN82,75,2022-07-13,154.74,,0.0,1,0,124.39821127158281,nitrogen,held_out_location
MOValley|Hybrids|27|2,MOValley,Hybrids,27,2,2369 X PHP02,75,2022-07-13,107.62,,0.0,1,0,124.39821127158281,nitrogen,held_out_location
MOValley|Hybrids|29|43,MOValley,Hybrids,29,43,2369 X PHP02,75,2022-07-13,173.36,,0.0,1,0,124.39821127158281,nitrogen,held_out_location
MOValley|Hybrids|27|9,MOValley,Hybrids,27,9,2369 X PHZ51,75,2022-07-13,107.62,,0.0,1,0,124.39821127158281,nitrogen,held_out_location
MOValley|Hybrids|25|27,MOValley,Hybrids,25,27,2369 X PHZ51,75,2022-07-13,158.87,,0.0,1,0,124.39821127158281,nitrogen,held_out_location
MOValley|Hybrids|25|17,MOValley,Hybrids,25,17,2FACC X 3IIH6,75,2022-07-13,148.13,,0.0,1,0,124.39821127158281,nitrogen,held_out_location
MOValley|Hybrids|25|39,MOValley,Hybrids,25,39,2FACC X 3IIH6,75,2022-07-13,151.44,,0.0,1,0,124.39821127158281,nitrogen,held_out_location
MOValley|Hybrids|29|11,MOValley,Hybrids,29,11,4N506 X 3IIH6,75,2022-07-13,135.17,,0.0,1,0,124.39821127158281,nitrogen,held_out_location
MOValley|Hybrids|25|36,MOValley,Hybrids,25,36,4N506 X 3IIH6,75,2022-07-13,162.15,,0.0,1,0,124.39821127158281,nitrogen,held_out_location
MOValley|Hybrids|23|8,MOValley,Hybrids,23,8,B105 X 3IIH6,75,2022-07-13,92.91,,0.0,1,0,124.39821127158281,nitrogen,held_out_location
MOValley|Hybrids|27|35,MOValley,Hybrids,27,35,B105 X 3IIH6,75,2022-07-13,112.77,,0.0,1,0,124.39821127158281,nitrogen,held_out_location
MOValley|Hybrids|23|20,MOValley,Hybrids,23,20,B14A X MO17,75,2022-07-13,166.09,,0.0,1,0,124.39821127158281,nitrogen,held_out_location
MOValley|Hybrids|29|40,MOValley,Hybrids,29,40,B14A X MO17,75,2022-07-13,158.58,,0.0,1,0,124.39821127158281,nitrogen,held_out_location
MOValley|Hybrids|29|21,MOValley,Hybrids,29,21,B37 X H95,75,2022-07-13,133.97,,0.0,1,0,124.39821127158281,nitrogen,held_out_location
MOValley|Hybrids|25|33,MOValley,Hybrids,25,33,B37 X H95,75,2022-07-13,137.85,,0.0,1,0,124.39821127158281,nitrogen,held_out_location
MOValley|Hybrids|25|3,MOValley,Hybrids,25,3,B37 X MO17,75,2022-07-13,157.7,,0.0,1,0,124.39821127158281,nitrogen,held_out_location
MOValley|Hybrids|25|32,MOValley,Hybrids,25,32,B37 X MO17,75,2022-07-13,156.12,,0.0,1,0,124.39821127158281,nitrogen,held_out_location
MOValley|Hybrids|27|22,MOValley,Hybrids,27,22,B37 X OH43,75,2022-07-13,150.28,,0.0,1,0,124.39821127158281,nitrogen,held_out_location
MOValley|Hybrids|27|42,MOValley,Hybrids,27,42,B37 X OH43,75,2022-07-13,142.69,,0.0,1,0,124.39821127158281,nitrogen,held_out_location
MOValley|Hybrids|27|11,MOValley,Hybrids,27,11,B73 X 3IIH6,75,2022-07-13,104.07,,0.0,1,0,124.39821127158281,nitrogen,held_out_location
MOValley|Hybrids|27|39,MOValley,Hybrids,27,39,B73 X 3IIH6,75,2022-07-13,144.08,,0.0,1,0,124.39821127158281,nitrogen,held_out_location
MOValley|Hybrids|25|8,MOValley,Hybrids,25,8,B73 X MO17,75,2022-07-13,159.3,,0.0,1,0,124.39821127158281,nitrogen,held_out_location
MOValley|Hybrids|27|38,MOValley,Hybrids,27,38,B73 X MO17,75,2022-07-13,144.82,,0.0,1,0,124.39821127158281,nitrogen,held_out_location
MOValley|Hybrids|23|13,MOValley,Hybrids,23,13,B73 X PHM49,75,2022-07-13,166.76,,0.0,1,0,124.39821127158281,nitrogen,held_out_location
MOValley|Hybrids|29|38,MOValley,Hybrids,29,38,B73 X PHM49,75,2022-07-13,166.1,,0.0,1,0,124.39821127158281,nitrogen,held_out_location
MOValley|Hybrids|25|7,MOValley,Hybrids,25,7,B73 X PHN82,75,2022-07-13,169.11,,0.0,1,0,124.39821127158281,nitrogen,held_out_location
MOValley|Hybrids|29|28,MOValley,Hybrids,29,28,B73 X PHN82,75,2022-07-13,180.65,,0.0,1,0,124.39821127158281,nitrogen,held_out_location
MOValley|Hybrids|27|3,MOValley,Hybrids,27,3,B73 X PHZ51,75,2022-07-13,109.44,,0.0,1,0,124.39821127158281,nitrogen,held_out_location
MOValley|Hybrids|27|26,MOValley,Hybrids,27,26,B73 X PHZ51,75,2022-07-13,141.61,,0.0,1,0,124.39821127158281,nitrogen,held_out_location
MOValley|Hybrids|23|23,MOValley,Hybrids,23,23,B84 X 3IIH6,75,2022-07-13,112.61,,0.0,1,0,124.39821127158281,nitrogen,held_out_location
MOValley|Hybrids|25|35,MOValley,Hybrids,25,35,B84 X 3IIH6,75,2022-07-13,122.51,,0.0,1,0,124.39821127158281,nitrogen,held_out_location
MOValley|Hybrids|25|22,MOValley,Hybrids,25,22,F42 X MO17,75,2022-07-13,172.77,,0.0,1,0,124.39821127158281,nitrogen,held_out_location
MOValley|Hybrids|29|41,MOValley,Hybrids,29,41,F42 X MO17,75,2022-07-13,180.74,,0.0,1,0,124.39821127158281,nitrogen,held_out_location
MOValley|Hybrids|29|7,MOValley,Hybrids,29,7,F42 X OH43,75,2022-07-13,146.09,,0.0,1,0,124.39821127158281,nitrogen,held_out_location
MOValley|Hybrids|29|34,MOValley,Hybrids,29,34,F42 X OH43,75,2022-07-13,167.23,,0.0,1,0,124.39821127158281,nitrogen,held_out_location
MOValley|Hybrids|25|18,MOValley,Hybrids,25,18,HOEGEMEYER 7089 AMXT,75,2022-07-13,206.52,,0.0,1,0,124.39821127158281,nitrogen,held_out_location
MOValley|Hybrids|23|35,MOValley,Hybrids,23,35,HOEGEMEYER 7089 AMXT,75,2022-07-13,194.13,,0.0,1,0,124.39821127158281,nitrogen,held_out_location
MOValley|Hybrids|25|11,MOValley,Hybrids,25,11,HOEGEMEYER 8065RR,75,2022-07-13,176.51,,0.0,1,0,124.39821127158281,nitrogen,held_out_location
MOValley|Hybrids|23|43,MOValley,Hybrids,23,43,HOEGEMEYER 8065RR,75,2022-07-13,214.08,,0.0,1,0,124.39821127158281,nitrogen,held_out_location
MOValley|Hybrids|25|4,MOValley,Hybrids,25,4,LH123HT X 3IIH6,75,2022-07-13,127.16,,0.0,1,0,124.39821127158281,nitrogen,held_out_location
MOValley|Hybrids|27|33,MOValley,Hybrids,27,33,LH123HT X 3IIH6,75,2022-07-13,94.56,,0.0,1,0,124.39821127158281,nitrogen,held_out_location
MOValley|Hybrids|29|12,MOValley,Hybrids,29,12,LH123HT X PHB47,75,2022-07-13,136.27,,0.0,1,0,124.39821127158281,nitrogen,held_out_location
MOValley|Hybrids|27|44,MOValley,Hybrids,27,44,LH123HT X PHB47,75,2022-07-13,128.62,,0.0,1,0,124.39821127158281,nitrogen,held_out_location
MOValley|Hybrids|29|8,MOValley,Hybrids,29,8,LH145 X LH162,75,2022-07-13,153.8,,0.0,1,0,124.39821127158281,nitrogen,held_out_location
MOValley|Hybrids|27|34,MOValley,Hybrids,27,34,LH145 X LH162,75,2022-07-13,153.81,,0.0,1,0,124.39821127158281,nitrogen,held_out_location
MOValley|Hybrids|25|25,MOValley,Hybrids,25,25,LH185 X LH145,75,2022-07-13,166.01,,0.0,1,0,124.39821127158281,nitrogen,held_out_location
MOValley|Hybrids|29|22,MOValley,Hybrids,29,22,LH185 X LH82,75,2022-07-13,171.47,,0.0,1,0,124.39821127158281,nitrogen,held_out_location
MOValley|Hybrids|25|24,MOValley,Hybrids,25,24,LH185 X LH82,75,2022-07-13,169.29,,0.0,1,0,124.39821127158281,nitrogen,held_out_location
MOValley|Hybrids|25|44,MOValley,Hybrids,25,44,LH185 X W606S,75,2022-07-13,173.07,,0.0,1,0,124.39821127158281,nitrogen,held_out_location
MOValley|Hybrids|27|19,MOValley,Hybrids,27,19,LH195 X 3IIH6,75,2022-07-13,159.92,,0.0,1,0,124.39821127158281,nitrogen,held_out_location
MOValley|Hybrids|25|34,MOValley,Hybrids,25,34,LH195 X 3IIH6,75,2022-07-13,180.0,,0.0,1,0,124.39821127158281,nitrogen,held_out_location
MOValley|Hybrids|29|5,MOValley,Hybrids,29,5,LH195 X LH123HT,75,2022-07-13,130.7,,0.0,1,0,124.39821127158281,nitrogen,held_out_location
MOValley|Hybrids|29|35,MOValley,Hybrids,29,35,LH195 X LH123HT,75,2022-07-13,127.23,,0.0,1,0,124.39821127158281,nitrogen,held_out_location
MOValley|Hybrids|25|23,MOValley,Hybrids,25,23,LH195 X LH185,75,2022-07-13,175.48,,0.0,1,0,124.39821127158281,nitrogen,held_out_location
MOValley|Hybrids|25|26,MOValley,Hybrids,25,26,LH195 X LH185,75,2022-07-13,160.66,,0.0,1,0,124.39821127158281,nitrogen,held_out_location
MOValley|Hybrids|29|18,MOValley,Hybrids,29,18,LH195 X PHM49,75,2022-07-13,116.64,,0.0,1,0,124.39821127158281,nitrogen,held_out_location
MOValley|Hybrids|25|38,MOValley,Hybrids,25,38,LH195 X PHM49,75,2022-07-13,143.8,,0.0,1,0,124.39821127158281,nitrogen,held_out_location
MOValley|Hybrids|25|16,MOValley,Hybrids,25,16,LH195 X PHZ51,75,2022-07-13,180.65,,0.0,1,0,124.39821127158281,nitrogen,held_out_location
MOValley|Hybrids|27|32,MOValley,Hybrids,27,32,LH195 X PHZ51,75,2022-07-13,145.99,,0.0,1,0,124.39821127158281,nitrogen,held_out_location
MOValley|Hybrids|23|3,MOValley,Hybrids,23,3,LH198 X PHB47,75,2022-07-13,130.08,,0.0,1,0,124.39821127158281,nitrogen,held_out_location
MOValley|Hybrids|27|43,MOValley,Hybrids,27,43,LH198 X PHB47,75,2022-07-13,137.69,,0.0,1,0,124.39821127158281,nitrogen,held_out_location
MOValley|Hybrids|29|19,MOValley,Hybrids,29,19,LH198 X PHZ51,75,2022-07-13,144.92,,0.0,1,0,124.39821127158281,nitrogen,held_out_location
MOValley|Hybrids|29|36,MOValley,Hybrids,29,36,LH198 X PHZ51,75,2022-07-13,142.93,,0.0,1,0,124.39821127158281,nitrogen,held_out_location
MOValley|Hybrids|23|19,MOValley,Hybrids,23,19,LH74 X PHM49,75,2022-07-13,188.37,,0.0,1,0,124.39821127158281,nitrogen,held_out_location
MOValley|Hybrids|29|31,MOValley,Hybrids,29,31,LH74 X PHM49,75,2022-07-13,160.02,,0.0,1,0,124.39821127158281,nitrogen,held_out_location
MOValley|Hybrids|23|5,MOValley,Hybrids,23,5,LH74 X PHN82,75,2022-07-13,138.66,,0.0,1,0,124.39821127158281,nitrogen,held_out_location
MOValley|Hybrids|27|27,MOValley,Hybrids,27,27,LH74 X PHN82,75,2022-07-13,154.59,,0.0,1,0,124.39821127158281,nitrogen,held_out_location
MOValley|Hybrids|27|8,MOValley,Hybrids,27,8,LH82 X PHB47,75,2022-07-13,116.26,,0.0,1,0,124.39821127158281,nitrogen,held_out_location
MOValley|Hybrids|25|30,MOValley,Hybrids,25,30,LH82 X PHB47,75,2022-07-13,156.69,,0.0,1,0,124.39821127158281,nitrogen,held_out_location
MOValley|Hybrids|23|18,MOValley,Hybrids,23,18,LH82 X PHJ89,75,2022-07-13,200.71,,0.0,1,0,124.39821127158281,nitrogen,held_out_location
MOValley|Hybrids|27|30,MOValley,Hybrids,27,30,LH82 X PHJ89,75,2022-07-13,150.58,,0.0,1,0,124.39821127158281,nitrogen,held_out_location
MOValley|Hybrids|23|11,MOValley,Hybrids,23,11,LH82 X W606S,75,2022-07-13,150.82,,0.0,1,0,124.39821127158281,nitrogen,held_out_location
MOValley|Hybrids|27|24,MOValley,Hybrids,27,24,LH82 X W606S,75,2022-07-13,161.33,,0.0,1,0,124.39821127158281,nitrogen,held_out_location
MOValley|Hybrids|27|21,MOValley,Hybrids,27,21,N209 X 3IIH6,75,2022-07-13,171.24,,0.0,1,0,124.39821127158281,nitrogen,held_out_location
MOValley|Hybrids|29|42,MOValley,Hybrids,29,42,N209 X 3IIH6,75,2022-07-13,198.86,,0.0,1,0,124.39821127158281,nitrogen,held_out_location
MOValley|Hybrids|29|10,MOValley,Hybrids,29,10,PHB47 X 3IIH6,75,2022-07-13,121.76,,0.0,1,0,124.39821127158281,nitrogen,held_out_location
MOValley|Hybrids|29|30,MOValley,Hybrids,29,30,PHB47 X 3IIH6,75,2022-07-13,131.21,,0.0,1,0,124.39821127158281,nitrogen,held_out_location
MOValley|Hybrids|25|9,MOValley,Hybrids,25,9,PHB47 X LH185,75,2022-07-13,130.89,,0.0,1,0,124.39821127158281,nitrogen,held_out_location
MOValley|Hybrids|27|29,MOValley,Hybrids,27,29,PHB47 X LH185,75,2022-07-13,162.79,,0.0,1,0,124.39821127158281,nitrogen,held_out_location
MOValley|Hybrids|25|40,MOValley,Hybrids,25,40,PHB47 X PHJ89,75,2022-07-13,154.05,,0.0,1,0,124.39821127158281,nitrogen,held_out_location
MOValley|Hybrids|25|6,MOValley,Hybrids,25,6,PHB47 X PHK56,75,2022-07-13,154.31,,0.0,1,0,124.39821127158281,nitrogen,held_out_location
MOValley|Hybrids|29|32,MOValley,Hybrids,29,32,PHB47 X PHK56,75,2022-07-13,165.9,,0.0,1,0,124.39821127158281,nitrogen,held_out_location
MOValley|Hybrids|29|2,MOValley,Hybrids,29,2,PHG39 X PHM49,75,2022-07-13,129.74,,0.0,1,0,124.39821127158281,nitrogen,held_out_location
MOValley|Hybrids|25|37,MOValley,Hybrids,25,37,PHG39 X PHM49,75,2022-07-13,174.28,,0.0,1,0,124.39821127158281,nitrogen,held_out_location
MOValley|Hybrids|27|40,MOValley,Hybrids,27,40,PHG39 X PHN82,75,2022-07-13,179.75,,0.0,1,0,124.39821127158281,nitrogen,held_out_location
MOValley|Hybrids|29|15,MOValley,Hybrids,29,15,PHJ40 X LH82,75,2022-07-13,164.49,,0.0,1,0,124.39821127158281,nitrogen,held_out_location
MOValley|Hybrids|29|45,MOValley,Hybrids,29,45,PHJ40 X LH82,75,2022-07-13,133.87,,0.0,1,0,124.39821127158281,nitrogen,held_out_location
MOValley|Hybrids|23|16,MOValley,Hybrids,23,16,PHK56 X 3IIH6,75,2022-07-13,146.49,,0.0,1,0,124.39821127158281,nitrogen,held_out_location
MOValley|Hybrids|25|43,MOValley,Hybrids,25,43,PHK56 X 3IIH6,75,2022-07-13,137.36,,0.0,1,0,124.39821127158281,nitrogen,held_out_location
MOValley|Hybrids|23|26,MOValley,Hybrids,23,26,PHK56 X LH145,75,2022-07-13,160.8,,0.0,1,0,124.39821127158281,nitrogen,held_out_location
MOValley|Hybrids|27|13,MOValley,Hybrids,27,13,PHK56 X LH185,75,2022-07-13,138.92,,0.0,1,0,124.39821127158281,nitrogen,held_out_location
MOValley|Hybrids|23|31,MOValley,Hybrids,23,31,PHK56 X LH185,75,2022-07-13,181.91,,0.0,1,0,124.39821127158281,nitrogen,held_out_location
MOValley|Hybrids|29|16,MOValley,Hybrids,29,16,PHK56 X LH198,75,2022-07-13,167.88,,0.0,1,0,124.39821127158281,nitrogen,held_out_location
MOValley|Hybrids|25|29,MOValley,Hybrids,25,29,PHK56 X LH198,75,2022-07-13,163.72,,0.0,1,0,124.39821127158281,nitrogen,held_out_location
MOValley|Hybrids|25|21,MOValley,Hybrids,25,21,PHK56 X LH82,75,2022-07-13,188.39,,0.0,1,0,124.39821127158281,nitrogen,held_out_location
MOValley|Hybrids|29|44,MOValley,Hybrids,29,44,PHK56 X LH82,75,2022-07-13,172.02,,0.0,1,0,124.39821127158281,nitrogen,held_out_location
MOValley|Hybrids|25|12,MOValley,Hybrids,25,12,PHK56 X PHJ89,75,2022-07-13,162.05,,0.0,1,0,124.39821127158281,nitrogen,held_out_location
MOValley|Hybrids|23|44,MOValley,Hybrids,23,44,PHK56 X PHJ89,75,2022-07-13,157.49,,0.0,1,0,124.39821127158281,nitrogen,held_out_location
MOValley|Hybrids|29|6,MOValley,Hybrids,29,6,PHK56 X W606S,75,2022-07-13,148.65,,0.0,1,0,124.39821127158281,nitrogen,held_out_location
MOValley|Hybrids|23|29,MOValley,Hybrids,23,29,PHK56 X W606S,75,2022-07-13,195.03,,0.0,1,0,124.39821127158281,nitrogen,held_out_location
MOValley|Hybrids|29|3,MOValley,Hybrids,29,3,PHK76 X 3IIH6,75,2022-07-13,90.49,,0.0,1,0,124.39821127158281,nitrogen,held_out_location
MOValley|Hybrids|23|36,MOValley,Hybrids,23,36,PHK76 X 3IIH6,75,2022-07-13,149.17,,0.0,1,0,124.39821127158281,nitrogen,held_out_location
MOValley|Hybrids|27|15,MOValley,Hybrids,27,15,PHK76 X LH145,75,2022-07-13,120.8,,0.0,1,0,124.39821127158281,nitrogen,held_out_location
MOValley|Hybrids|23|37,MOValley,Hybrids,23,37,PHK76 X LH145,75,2022-07-13,135.58,,0.0,1,0,124.39821127158281,nitrogen,held_out_location
MOValley|Hybrids|29|4,MOValley,Hybrids,29,4,PHK76 X LH198,75,2022-07-13,111.3,,0.0,1,0,124.39821127158281,nitrogen,held_out_location
MOValley|Hybrids|23|42,MOValley,Hybrids,23,42,PHK76 X LH198,75,2022-07-13,165.5,,0.0,1,0,124.39821127158281,nitrogen,held_out_location
MOValley|Hybrids|25|20,MOValley,Hybrids,25,20,PHK76 X LH82,75,2022-07-13,179.72,,0.0,1,0,124.39821127158281,nitrogen,held_out_location
MOValley|Hybrids|23|27,MOValley,Hybrids,23,27,PHK76 X LH82,75,2022-07-13,173.64,,0.0,1,0,124.39821127158281,nitrogen,held_out_location
MOValley|Hybrids|23|4,MOValley,Hybrids,23,4,PHK76 X W606S,75,2022-07-13,112.49,,0.0,1,0,124.39821127158281,nitrogen,held_out_location
MOValley|Hybrids|29|25,MOValley,Hybrids,29,25,PHK76 X W606S,75,2022-07-13,157.91,,0.0,1,0,124.39821127158281,nitrogen,held_out_location
MOValley|Hybrids|25|10,MOValley,Hybrids,25,10,PHN46 X PHB47,75,2022-07-13,140.61,,0.0,1,0,124.39821127158281,nitrogen,held_out_location
MOValley|Hybrids|23|38,MOValley,Hybrids,23,38,PHN46 X PHB47,75,2022-07-13,181.57,,0.0,1,0,124.39821127158281,nitrogen,held_out_location
MOValley|Hybrids|23|14,MOValley,Hybrids,23,14,PHN46 X PHK56,75,2022-07-13,130.72,,0.0,1,0,124.39821127158281,nitrogen,held_out_location
MOValley|Hybrids|23|39,MOValley,Hybrids,23,39,PHN46 X PHK56,75,2022-07-13,166.65,,0.0,1,0,124.39821127158281,nitrogen,held_out_location
MOValley|Hybrids|23|6,MOValley,Hybrids,23,6,PHN46 X W606S,75,2022-07-13,127.44,,0.0,1,0,124.39821127158281,nitrogen,held_out_location
MOValley|Hybrids|23|32,MOValley,Hybrids,23,32,PHN46 X W606S,75,2022-07-13,169.1,,0.0,1,0,124.39821127158281,nitrogen,held_out_location
MOValley|Hybrids|23|10,MOValley,Hybrids,23,10,PHP02 X LH145,75,2022-07-13,128.9,,0.0,1,0,124.39821127158281,nitrogen,held_out_location
MOValley|Hybrids|23|25,MOValley,Hybrids,23,25,PHP02 X LH145,75,2022-07-13,148.86,,0.0,1,0,124.39821127158281,nitrogen,held_out_location
MOValley|Hybrids|29|13,MOValley,Hybrids,29,13,PHP02 X LH185,75,2022-07-13,163.57,,0.0,1,0,124.39821127158281,nitrogen,held_out_location
MOValley|Hybrids|23|33,MOValley,Hybrids,23,33,PHP02 X LH185,75,2022-07-13,174.08,,0.0,1,0,124.39821127158281,nitrogen,held_out_location
MOValley|Hybrids|25|19,MOValley,Hybrids,25,19,PHP02 X LH198,75,2022-07-13,150.18,,0.0,1,0,124.39821127158281,nitrogen,held_out_location
MOValley|Hybrids|27|45,MOValley,Hybrids,27,45,PHP02 X LH198,75,2022-07-13,145.73,,0.0,1,0,124.39821127158281,nitrogen,held_out_location
MOValley|Hybrids|25|5,MOValley,Hybrids,25,5,PHP02 X LH82,75,2022-07-13,135.55,,0.0,1,0,124.39821127158281,nitrogen,held_out_location
MOValley|Hybrids|23|41,MOValley,Hybrids,23,41,PHP02 X LH82,75,2022-07-13,168.07,,0.0,1,0,124.39821127158281,nitrogen,held_out_location
MOValley|Hybrids|27|17,MOValley,Hybrids,27,17,PHP02 X PHB47,75,2022-07-13,121.22,,0.0,1,0,124.39821127158281,nitrogen,held_out_location
MOValley|Hybrids|27|37,MOValley,Hybrids,27,37,PHP02 X PHB47,75,2022-07-13,149.89,,0.0,1,0,124.39821127158281,nitrogen,held_out_location
MOValley|Hybrids|23|22,MOValley,Hybrids,23,22,PHP02 X PHG47,75,2022-07-13,161.93,,0.0,1,0,124.39821127158281,nitrogen,held_out_location
MOValley|Hybrids|23|30,MOValley,Hybrids,23,30,PHP02 X PHG47,75,2022-07-13,171.18,,0.0,1,0,124.39821127158281,nitrogen,held_out_location
MOValley|Hybrids|23|9,MOValley,Hybrids,23,9,PHP02 X PHJ89,75,2022-07-13,131.47,,0.0,1,0,124.39821127158281,nitrogen,held_out_location
MOValley|Hybrids|25|45,MOValley,Hybrids,25,45,PHP02 X PHJ89,75,2022-07-13,143.69,,0.0,1,0,124.39821127158281,nitrogen,held_out_location
MOValley|Hybrids|27|6,MOValley,Hybrids,27,6,PHP02 X PHK56,75,2022-07-13,114.77,,0.0,1,0,124.39821127158281,nitrogen,held_out_location
MOValley|Hybrids|23|40,MOValley,Hybrids,23,40,PHP02 X PHK56,75,2022-07-13,201.74,,0.0,1,0,124.39821127158281,nitrogen,held_out_location
MOValley|Hybrids|27|12,MOValley,Hybrids,27,12,PHP02 X PHK76,75,2022-07-13,136.21,,0.0,1,0,124.39821127158281,nitrogen,held_out_location
MOValley|Hybrids|23|24,MOValley,Hybrids,23,24,PHP02 X PHK76,75,2022-07-13,159.23,,0.0,1,0,124.39821127158281,nitrogen,held_out_location
MOValley|Hybrids|23|2,MOValley,Hybrids,23,2,PHP02 X PHN46,75,2022-07-13,156.64,,0.0,1,0,124.39821127158281,nitrogen,held_out_location
MOValley|Hybrids|23|28,MOValley,Hybrids,23,28,PHP02 X PHN46,75,2022-07-13,155.82,,0.0,1,0,124.39821127158281,nitrogen,held_out_location
MOValley|Hybrids|29|14,MOValley,Hybrids,29,14,PHP02 X W606S,75,2022-07-13,172.67,,0.0,1,0,124.39821127158281,nitrogen,held_out_location
MOValley|Hybrids|27|25,MOValley,Hybrids,27,25,PHP02 X W606S,75,2022-07-13,144.2,,0.0,1,0,124.39821127158281,nitrogen,held_out_location
MOValley|Hybrids|27|7,MOValley,Hybrids,27,7,PHT69 X 3IIH6,75,2022-07-13,121.06,,0.0,1,0,124.39821127158281,nitrogen,held_out_location
MOValley|Hybrids|25|42,MOValley,Hybrids,25,42,PHT69 X 3IIH6,75,2022-07-13,159.97,,0.0,1,0,124.39821127158281,nitrogen,held_out_location
MOValley|Hybrids|27|23,MOValley,Hybrids,27,23,PHW52 X LH185,75,2022-07-13,166.2,,0.0,1,0,124.39821127158281,nitrogen,held_out_location
MOValley|Hybrids|25|28,MOValley,Hybrids,25,28,PHW52 X LH185,75,2022-07-13,171.18,,0.0,1,0,124.39821127158281,nitrogen,held_out_location
MOValley|Hybrids|25|15,MOValley,Hybrids,25,15,PHW52 X PHM49,75,2022-07-13,159.66,,0.0,1,0,124.39821127158281,nitrogen,held_out_location
MOValley|Hybrids|29|37,MOValley,Hybrids,29,37,PHW52 X PHM49,75,2022-07-13,167.51,,0.0,1,0,124.39821127158281,nitrogen,held_out_location
MOValley|Hybrids|23|17,MOValley,Hybrids,23,17,PHW52 X PHN82,75,2022-07-13,182.77,,0.0,1,0,124.39821127158281,nitrogen,held_out_location
MOValley|Hybrids|29|26,MOValley,Hybrids,29,26,PHW52 X PHN82,75,2022-07-13,184.4,,0.0,1,0,124.39821127158281,nitrogen,held_out_location
MOValley|Hybrids|25|2,MOValley,Hybrids,25,2,PHW52 X PHZ51,75,2022-07-13,144.05,,0.0,1,0,124.39821127158281,nitrogen,held_out_location
MOValley|Hybrids|29|39,MOValley,Hybrids,29,39,PHW52 X PHZ51,75,2022-07-13,162.23,,0.0,1,0,124.39821127158281,nitrogen,held_out_location
MOValley|Hybrids|29|23,MOValley,Hybrids,29,23,PHZ51 X LH145,75,2022-07-13,148.65,,0.0,1,0,124.39821127158281,nitrogen,held_out_location
MOValley|Hybrids|29|33,MOValley,Hybrids,29,33,PHZ51 X LH145,75,2022-07-13,128.01,,0.0,1,0,124.39821127158281,nitrogen,held_out_location
MOValley|Hybrids|23|12,MOValley,Hybrids,23,12,PIONEER 1311 AMXT,75,2022-07-13,195.47,,0.0,1,0,124.39821127158281,nitrogen,held_out_location
MOValley|Hybrids|29|24,MOValley,Hybrids,29,24,PIONEER 1311 AMXT,75,2022-07-13,203.85,,0.0,1,0,124.39821127158281,nitrogen,held_out_location
MOValley|Hybrids|29|9,MOValley,Hybrids,29,9,PIONEER P0589 AMXT,75,2022-07-13,148.3,,0.0,1,0,124.39821127158281,nitrogen,held_out_location
MOValley|Hybrids|23|45,MOValley,Hybrids,23,45,PIONEER P0589 AMXT,75,2022-07-13,176.11,,0.0,1,0,124.39821127158281,nitrogen,held_out_location
MOValley|Hybrids|23|7,MOValley,Hybrids,23,7,SYNGENTA NK0760-3111,75,2022-07-13,155.25,,0.0,1,0,124.39821127158281,nitrogen,held_out_location
MOValley|Hybrids|23|34,MOValley,Hybrids,23,34,SYNGENTA NK0760-3111,75,2022-07-13,177.17,,0.0,1,0,124.39821127158281,nitrogen,held_out_location
MOValley|Hybrids|27|10,MOValley,Hybrids,27,10,WF9 X H95,75,2022-07-13,89.59,,0.0,1,0,124.39821127158281,nitrogen,held_out_location
MOValley|Hybrids|25|31,MOValley,Hybrids,25,31,WF9 X H95,75,2022-07-13,123.55,,0.0,1,0,124.39821127158281,nitrogen,held_out_location
Scottsbluff|n75|27|2,Scottsbluff,n75,27,2,2369 X 3IIH6,75,2022-08-02,133.85,0.2319254270732614,16.0,2,0,114.80640900701768,nitrogen,held_out_location
Scottsbluff|n75|7|5,Scottsbluff,n75,7,5,2369 X 3IIH6,75,2022-08-02,149.1,0.0753166705279548,16.0,2,0,114.80640900701768,nitrogen,held_out_location
Scottsbluff|n75|21|3,Scottsbluff,n75,21,3,2369 X LH123HT,75,2022-08-02,112.94,0.1893829702521965,16.0,2,0,114.80640900701768,nitrogen,held_out_location
Scottsbluff|n75|4|6,Scottsbluff,n75,4,6,2369 X LH123HT,75,2022-08-02,112.87,0.20541428331704,16.0,2,0,114.80640900701768,nitrogen,held_out_location
Scottsbluff|n75|6|2,Scottsbluff,n75,6,2,2369 X PHN82,75,2022-08-02,150.72,0.2521995631994411,16.0,2,0,114.80640900701768,nitrogen,held_out_location
Scottsbluff|n75|22|3,Scottsbluff,n75,22,3,2369 X PHN82,75,2022-08-02,107.0,0.169489726535601,16.0,2,0,114.80640900701768,nitrogen,held_out_location
Scottsbluff|n75|12|4,Scottsbluff,n75,12,4,2369 X PHP02,75,2022-08-02,163.11,0.1916514600326235,16.0,2,0,114.80640900701768,nitrogen,held_out_location
Scottsbluff|n75|25|5,Scottsbluff,n75,25,5,2369 X PHP02,75,2022-08-02,114.65,0.2034476786672243,16.0,2,0,114.80640900701768,nitrogen,held_out_location
Scottsbluff|n75|12|3,Scottsbluff,n75,12,3,2369 X PHZ51,75,2022-08-02,138.11,0.1295873068601177,16.0,2,0,114.80640900701768,nitrogen,held_out_location
Scottsbluff|n75|25|6,Scottsbluff,n75,25,6,2369 X PHZ51,75,2022-08-02,121.93,0.2427207978681228,16.0,2,0,114.80640900701768,nitrogen,held_out_location
Scottsbluff|n75|6|3,Scottsbluff,n75,6,3,2FACC X 3IIH6,75,2022-08-02,106.01,0.1502581775863394,16.0,2,0,114.80640900701768,nitrogen,held_out_location
Scottsbluff|n75|26|6,Scottsbluff,n75,26,6,2FACC X 3IIH6,75,2022-08-02,125.28,0.1899616251646992,16.0,2,0,114.80640900701768,nitrogen,held_out_location
Scottsbluff|n75|6|1,Scottsbluff,n75,6,1,4N506 X 3IIH6,75,2022-08-02,116.25,0.2673252562130742,16.0,2,0,114.80640900701768,nitrogen,held_out_location
Scottsbluff|n75|24|5,Scottsbluff,n75,24,5,4N506 X 3IIH6,75,2022-08-02,121.79,0.2583521796184565,16.0,2,0,114.80640900701768,nitrogen,held_out_location
Scottsbluff|n75|24|1,Scottsbluff,n75,24,1,B105 X 3IIH6,75,2022-08-02,134.33,0.1800211407783649,16.0,2,0,114.80640900701768,nitrogen,held_out_location
Scottsbluff|n75|13|3,Scottsbluff,n75,13,3,B105 X 3IIH6,75,2022-08-02,107.82,0.103548520678427,16.0,2,0,114.80640900701768,nitrogen,held_out_location
Scottsbluff|n75|25|1,Scottsbluff,n75,25,1,B14A X MO17,75,2022-08-02,96.9,0.1785683205526078,16.0,2,0,114.80640900701768,nitrogen,held_out_location
Scottsbluff|n75|10|4,Scottsbluff,n75,10,4,B14A X MO17,75,2022-08-02,134.29,0.2232596083454499,16.0,2,0,114.80640900701768,nitrogen,held_out_location
Scottsbluff|n75|16|1,Scottsbluff,n75,16,1,B37 X H95,75,2022-08-02,86.98,0.2109438595884101,16.0,2,0,114.80640900701768,nitrogen,held_out_location
Scottsbluff|n75|4|1,Scottsbluff,n75,4,1,B37 X MO17,75,2022-08-02,126.64,0.2781360178727324,16.0,2,0,114.80640900701768,nitrogen,held_out_location
Scottsbluff|n75|25|2,Scottsbluff,n75,25,2,B37 X MO17,75,2022-08-02,106.55,0.1812964071163967,16.0,2,0,114.80640900701768,nitrogen,held_out_location
Scottsbluff|n75|3|4,Scottsbluff,n75,3,4,B37 X OH43,75,2022-08-02,79.84,0.2259606254442973,16.0,2,0,114.80640900701768,nitrogen,held_out_location
Scottsbluff|n75|25|4,Scottsbluff,n75,25,4,B37 X OH43,75,2022-08-02,80.01,0.2556605297735232,16.0,2,0,114.80640900701768,nitrogen,held_out_location
Scottsbluff|n75|19|4,Scottsbluff,n75,19,4,B73 X 3IIH6,75,2022-08-02,80.83,0.248524377281734,16.0,2,0,114.80640900701768,nitrogen,held_out_location
Scottsbluff|n75|3|6,Scottsbluff,n75,3,6,B73 X 3IIH6,75,2022-08-02,150.02,0.2438890124542091,16.0,2,0,114.80640900701768,nitrogen,held_out_location
Scottsbluff|n75|20|7,Scottsbluff,n75,20,7,B73 X MO17,75,2022-08-02,97.94,0.191527969183068,16.0,2,0,114.80640900701768,nitrogen,held_out_location
Scottsbluff|n75|16|3,Scottsbluff,n75,16,3,B73 X PHM49,75,2022-08-02,108.97,0.052870194313971,16.0,2,0,114.80640900701768,nitrogen,held_out_location
Scottsbluff|n75|5|4,Scottsbluff,n75,5,4,B73 X PHM49,75,2022-08-02,125.94,0.2548507042120871,16.0,2,0,114.80640900701768,nitrogen,held_out_location
Scottsbluff|n75|27|1,Scottsbluff,n75,27,1,B73 X PHN82,75,2022-08-02,115.15,0.1947323680534496,16.0,2,0,114.80640900701768,nitrogen,held_out_location
Scottsbluff|n75|6|6,Scottsbluff,n75,6,6,B73 X PHN82,75,2022-08-02,157.69,0.2445035368264183,16.0,2,0,114.80640900701768,nitrogen,held_out_location
Scottsbluff|n75|17|1,Scottsbluff,n75,17,1,B73 X PHZ51,75,2022-08-02,101.08,0.1341049729666715,16.0,2,0,114.80640900701768,nitrogen,held_out_location
Scottsbluff|n75|3|3,Scottsbluff,n75,3,3,B73 X PHZ51,75,2022-08-02,108.38,0.1603582831677026,16.0,2,0,114.80640900701768,nitrogen,held_out_location
Scottsbluff|n75|7|2,Scottsbluff,n75,7,2,B84 X 3IIH6,75,2022-08-02,166.35,0.1468147791840784,16.0,2,0,114.80640900701768,nitrogen,held_out_location
Scottsbluff|n75|23|3,Scottsbluff,n75,23,3,B84 X 3IIH6,75,2022-08-02,123.74,0.2099235194109292,16.0,2,0,114.80640900701768,nitrogen,held_out_location
Scottsbluff|n75|23|1,Scottsbluff,n75,23,1,F42 X MO17,75,2022-08-02,118.16,0.1819433934945999,16.0,2,0,114.80640900701768,nitrogen,held_out_location
Scottsbluff|n75|4|2,Scottsbluff,n75,4,2,F42 X OH43,75,2022-08-02,147.22,0.2375530639544341,16.0,2,0,114.80640900701768,nitrogen,held_out_location
Scottsbluff|n75|18|2,Scottsbluff,n75,18,2,F42 X OH43,75,2022-08-02,86.85,0.1308415601642815,16.0,2,0,114.80640900701768,nitrogen,held_out_location
Scottsbluff|n75|18|1,Scottsbluff,n75,18,1,HOEGEMEYER 7089 AMXT,75,2022-08-02,111.92,0.1794595109256233,16.0,2,0,114.80640900701768,nitrogen,held_out_location
Scottsbluff|n75|13|5,Scottsbluff,n75,13,5,HOEGEMEYER 7089 AMXT,75,2022-08-02,106.08,0.1361305877522256,16.0,2,0,114.80640900701768,nitrogen,held_out_location
Scottsbluff|n75|20|1,Scottsbluff,n75,20,1,HOEGEMEYER 8065RR,75,2022-08-02,137.67,0.1855737963974669,16.0,2,0,114.80640900701768,nitrogen,held_out_location
Scottsbluff|n75|10|6,Scottsbluff,n75,10,6,HOEGEMEYER 8065RR,75,2022-08-02,178.56,0.1939682142410211,16.0,2,0,114.80640900701768,nitrogen,held_out_location
Scottsbluff|n75|21|1,Scottsbluff,n75,21,1,LH123HT X 3IIH6,75,2022-08-02,90.75,0.1950551893602866,16.0,2,0,114.80640900701768,nitrogen,held_out_location
Scottsbluff|n75|12|2,Scottsbluff,n75,12,2,LH123HT X 3IIH6,75,2022-08-02,135.81,0.161205222613756,16.0,2,0,114.80640900701768,nitrogen,held_out_location
Scottsbluff|n75|10|2,Scottsbluff,n75,10,2,LH123HT X PHB47,75,2022-08-02,156.45,0.1877819639684269,16.0,2,0,114.80640900701768,nitrogen,held_out_location
Scottsbluff|n75|17|4,Scottsbluff,n75,17,4,LH123HT X PHB47,75,2022-08-02,93.63,0.1705625708445012,16.0,2,0,114.80640900701768,nitrogen,held_out_location
Scottsbluff|n75|8|4,Scottsbluff,n75,8,4,LH145 X LH162,75,2022-08-02,124.43,0.2687505535296077,16.0,2,0,114.80640900701768,nitrogen,held_out_location
Scottsbluff|n75|15|6,Scottsbluff,n75,15,6,LH145 X LH162,75,2022-08-02,65.56,0.2249135987617825,16.0,2,0,114.80640900701768,nitrogen,held_out_location
Scottsbluff|n75|17|6,Scottsbluff,n75,17,6,LH185 X LH145,75,2022-08-02,109.0,0.18809365938025,16.0,2,0,114.80640900701768,nitrogen,held_out_location
Scottsbluff|n75|3|2,Scottsbluff,n75,3,2,LH185 X LH82,75,2022-08-02,137.76,0.2774276739062292,16.0,2,0,114.80640900701768,nitrogen,held_out_location
Scottsbluff|n75|21|2,Scottsbluff,n75,21,2,LH185 X W606S,75,2022-08-02,123.79,0.2362679526363056,16.0,2,0,114.80640900701768,nitrogen,held_out_location
Scottsbluff|n75|25|3,Scottsbluff,n75,25,3,LH195 X 3IIH6,75,2022-08-02,99.86,0.2012110945444622,16.0,2,0,114.80640900701768,nitrogen,held_out_location
Scottsbluff|n75|6|7,Scottsbluff,n75,6,7,LH195 X 3IIH6,75,2022-08-02,112.02,0.2111263684726041,16.0,2,0,114.80640900701768,nitrogen,held_out_location
Scottsbluff|n75|16|2,Scottsbluff,n75,16,2,LH195 X LH123HT,75,2022-08-02,141.47,0.1713403345788453,16.0,2,0,114.80640900701768,nitrogen,held_out_location
Scottsbluff|n75|7|4,Scottsbluff,n75,7,4,LH195 X LH123HT,75,2022-08-02,122.51,0.1596211042129472,16.0,2,0,114.80640900701768,nitrogen,held_out_location
Scottsbluff|n75|5|3,Scottsbluff,n75,5,3,LH195 X LH185,75,2022-08-02,102.0,0.1396526279791136,16.0,2,0,114.80640900701768,nitrogen,held_out_location
Scottsbluff|n75|15|4,Scottsbluff,n75,15,4,LH195 X LH185,75,2022-08-02,73.2,0.2330966743180484,16.0,2,0,114.80640900701768,nitrogen,held_out_location
Scottsbluff|n75|15|2,Scottsbluff,n75,15,2,LH195 X PHM49,75,2022-08-02,115.43,0.1504686044297931,16.0,2,0,114.80640900701768,nitrogen,held_out_location
Scottsbluff|n75|11|5,Scottsbluff,n75,11,5,LH195 X PHM49,75,2022-08-02,109.95,0.0915533260354248,16.0,2,0,114.80640900701768,nitrogen,held_out_location
Scottsbluff|n75|8|3,Scottsbluff,n75,8,3,LH195 X PHZ51,75,2022-08-02,125.51,0.164394973823486,16.0,2,0,114.80640900701768,nitrogen,held_out_location
Scottsbluff|n75|18|3,Scottsbluff,n75,18,3,LH195 X PHZ51,75,2022-08-02,87.14,0.0949254118761485,16.0,2,0,114.80640900701768,nitrogen,held_out_location
Scottsbluff|n75|9|7,Scottsbluff,n75,9,7,LH198 X PHB47,75,2022-08-02,117.71,0.1813598504275598,16.0,2,0,114.80640900701768,nitrogen,held_out_location
Scottsbluff|n75|19|7,Scottsbluff,n75,19,7,LH198 X PHB47,75,2022-08-02,93.97,0.2047547707074098,16.0,2,0,114.80640900701768,nitrogen,held_out_location
Scottsbluff|n75|18|4,Scottsbluff,n75,18,4,LH198 X PHZ51,75,2022-08-02,98.94,0.2301738406099026,16.0,2,0,114.80640900701768,nitrogen,held_out_location
Scottsbluff|n75|11|6,Scottsbluff,n75,11,6,LH198 X PHZ51,75,2022-08-02,166.4,0.2264733580302496,16.0,2,0,114.80640900701768,nitrogen,held_out_location
Scottsbluff|n75|7|3,Scottsbluff,n75,7,3,LH74 X PHM49,75,2022-08-02,118.96,0.0550835932036067,16.0,2,0,114.80640900701768,nitrogen,held_out_location
Scottsbluff|n75|23|5,Scottsbluff,n75,23,5,LH74 X PHM49,75,2022-08-02,132.99,0.2209468178415786,16.0,2,0,114.80640900701768,nitrogen,held_out_location
Scottsbluff|n75|7|1,Scottsbluff,n75,7,1,LH74 X PHN82,75,2022-08-02,73.85,0.1660780499628195,16.0,2,0,114.80640900701768,nitrogen,held_out_location
Scottsbluff|n75|21|5,Scottsbluff,n75,21,5,LH74 X PHN82,75,2022-08-02,81.32,0.2155670550116448,16.0,2,0,114.80640900701768,nitrogen,held_out_location
Scottsbluff|n75|22|1,Scottsbluff,n75,22,1,LH82 X PHB47,75,2022-08-02,113.61,0.2241294677097713,16.0,2,0,114.80640900701768,nitrogen,held_out_location
Scottsbluff|n75|13|2,Scottsbluff,n75,13,2,LH82 X PHB47,75,2022-08-02,166.87,0.1964608258073116,16.0,2,0,114.80640900701768,nitrogen,held_out_location
Scottsbluff|n75|9|6,Scottsbluff,n75,9,6,LH82 X PHJ89,75,2022-08-02,143.55,0.2128434739593759,16.0,2,0,114.80640900701768,nitrogen,held_out_location
Scottsbluff|n75|23|6,Scottsbluff,n75,23,6,LH82 X PHJ89,75,2022-08-02,124.34,0.2530212168513038,16.0,2,0,114.80640900701768,nitrogen,held_out_location
Scottsbluff|n75|3|1,Scottsbluff,n75,3,1,LH82 X W606S,75,2022-08-02,160.29,0.2678188432980238,16.0,2,0,114.80640900701768,nitrogen,held_out_location
Scottsbluff|n75|20|3,Scottsbluff,n75,20,3,LH82 X W606S,75,2022-08-02,98.7,0.2088933531792519,16.0,2,0,114.80640900701768,nitrogen,held_out_location
Scottsbluff|n75|11|2,Scottsbluff,n75,11,2,N209 X 3IIH6,75,2022-08-02,153.65,0.2015712686695246,16.0,2,0,114.80640900701768,nitrogen,held_out_location
Scottsbluff|n75|27|5,Scottsbluff,n75,27,5,N209 X 3IIH6,75,2022-08-02,117.6,0.1897064027309438,16.0,2,0,114.80640900701768,nitrogen,held_out_location
Scottsbluff|n75|9|5,Scottsbluff,n75,9,5,PHB47 X 3IIH6,75,2022-08-02,125.05,0.0920067309709199,16.0,2,0,114.80640900701768,nitrogen,held_out_location
Scottsbluff|n75|22|6,Scottsbluff,n75,22,6,PHB47 X 3IIH6,75,2022-08-02,128.63,0.2513701345030784,16.0,2,0,114.80640900701768,nitrogen,held_out_location
Scottsbluff|n75|9|1,Scottsbluff,n75,9,1,PHB47 X LH185,75,2022-08-02,158.68,0.1627858469692652,16.0,2,0,114.80640900701768,nitrogen,held_out_location
Scottsbluff|n75|22|2,Scottsbluff,n75,22,2,PHB47 X LH185,75,2022-08-02,139.62,0.2215722010343963,16.0,2,0,114.80640900701768,nitrogen,held_out_location
Scottsbluff|n75|16|7,Scottsbluff,n75,16,7,PHB47 X PHJ89,75,2022-08-02,68.0,0.1797406538798875,16.0,2,0,114.80640900701768,nitrogen,held_out_location
Scottsbluff|n75|9|2,Scottsbluff,n75,9,2,PHB47 X PHK56,75,2022-08-02,153.2,0.2063950474718576,16.0,2,0,114.80640900701768,nitrogen,held_out_location
Scottsbluff|n75|23|2,Scottsbluff,n75,23,2,PHB47 X PHK56,75,2022-08-02,124.36,0.2220526059169571,16.0,2,0,114.80640900701768,nitrogen,held_out_location
Scottsbluff|n75|10|3,Scottsbluff,n75,10,3,PHG39 X PHM49,75,2022-08-02,134.6,0.1388516541342478,16.0,2,0,114.80640900701768,nitrogen,held_out_location
Scottsbluff|n75|18|7,Scottsbluff,n75,18,7,PHG39 X PHM49,75,2022-08-02,82.6,0.2188380452406253,16.0,2,0,114.80640900701768,nitrogen,held_out_location
Scottsbluff|n75|19|2,Scottsbluff,n75,19,2,PHG39 X PHN82,75,2022-08-02,70.78,0.1956051187515292,16.0,2,0,114.80640900701768,nitrogen,held_out_location
Scottsbluff|n75|10|5,Scottsbluff,n75,10,5,PHJ40 X LH82,75,2022-08-02,97.93,0.1356340314404577,16.0,2,0,114.80640900701768,nitrogen,held_out_location
Scottsbluff|n75|20|5,Scottsbluff,n75,20,5,PHJ40 X LH82,75,2022-08-02,74.34,0.1946644640658664,16.0,2,0,114.80640900701768,nitrogen,held_out_location
Scottsbluff|n75|26|2,Scottsbluff,n75,26,2,PHK56 X 3IIH6,75,2022-08-02,143.35,0.2174487282384502,16.0,2,0,114.80640900701768,nitrogen,held_out_location
Scottsbluff|n75|8|5,Scottsbluff,n75,8,5,PHK56 X 3IIH6,75,2022-08-02,131.69,0.1223441056276099,16.0,2,0,114.80640900701768,nitrogen,held_out_location
Scottsbluff|n75|20|2,Scottsbluff,n75,20,2,PHK56 X LH145,75,2022-08-02,96.57,0.2702120934384588,16.0,2,0,114.80640900701768,nitrogen,held_out_location
Scottsbluff|n75|6|4,Scottsbluff,n75,6,4,PHK56 X LH185,75,2022-08-02,141.85,0.2538713755234257,16.0,2,0,114.80640900701768,nitrogen,held_out_location
Scottsbluff|n75|24|4,Scottsbluff,n75,24,4,PHK56 X LH185,75,2022-08-02,135.3,0.2816822014292333,16.0,2,0,114.80640900701768,nitrogen,held_out_location
Scottsbluff|n75|22|5,Scottsbluff,n75,22,5,PHK56 X LH198,75,2022-08-02,116.57,0.2167701159647482,16.0,2,0,114.80640900701768,nitrogen,held_out_location
Scottsbluff|n75|8|6,Scottsbluff,n75,8,6,PHK56 X LH198,75,2022-08-02,145.01,0.2035114032072714,16.0,2,0,114.80640900701768,nitrogen,held_out_location
Scottsbluff|n75|4|5,Scottsbluff,n75,4,5,PHK56 X LH82,75,2022-08-02,106.36,0.1511859031576122,16.0,2,0,114.80640900701768,nitrogen,held_out_location
Scottsbluff|n75|21|6,Scottsbluff,n75,21,6,PHK56 X LH82,75,2022-08-02,155.3,0.2605160639117023,16.0,2,0,114.80640900701768,nitrogen,held_out_location
Scottsbluff|n75|13|4,Scottsbluff,n75,13,4,PHK56 X PHJ89,75,2022-08-02,132.77,0.1618427076777239,16.0,2,0,114.80640900701768,nitrogen,held_out_location
Scottsbluff|n75|24|6,Scottsbluff,n75,24,6,PHK56 X PHJ89,75,2022-08-02,118.5,0.2185671458324295,16.0,2,0,114.80640900701768,nitrogen,held_out_location
Scottsbluff|n75|26|5,Scottsbluff,n75,26,5,PHK56 X W606S,75,2022-08-02,124.54,0.2089624435091724,16.0,2,0,114.80640900701768,nitrogen,held_out_location
Scottsbluff|n75|3|7,Scottsbluff,n75,3,7,PHK56 X W606S,75,2022-08-02,128.01,0.15334688460692,16.0,2,0,114.80640900701768,nitrogen,held_out_location
Scottsbluff|n75|9|3,Scottsbluff,n75,9,3,PHK76 X 3IIH6,75,2022-08-02,125.07,0.113728971107291,16.0,2,0,114.80640900701768,nitrogen,held_out_location
Scottsbluff|n75|17|5,Scottsbluff,n75,17,5,PHK76 X 3IIH6,75,2022-08-02,72.3,0.1496538887843235,16.0,2,0,114.80640900701768,nitrogen,held_out_location
Scottsbluff|n75|12|1,Scottsbluff,n75,12,1,PHK76 X LH145,75,2022-08-02,130.91,0.1636076986908733,16.0,2,0,114.80640900701768,nitrogen,held_out_location
Scottsbluff|n75|16|4,Scottsbluff,n75,16,4,PHK76 X LH145,75,2022-08-02,84.97,0.2072719194023662,16.0,2,0,114.80640900701768,nitrogen,held_out_location
Scottsbluff|n75|24|3,Scottsbluff,n75,24,3,PHK76 X LH198,75,2022-08-02,130.09,0.1988074022272853,16.0,2,0,114.80640900701768,nitrogen,held_out_location
Scottsbluff|n75|8|7,Scottsbluff,n75,8,7,PHK76 X LH198,75,2022-08-02,124.51,0.1356654673121999,16.0,2,0,114.80640900701768,nitrogen,held_out_location
Scottsbluff|n75|9|4,Scottsbluff,n75,9,4,PHK76 X LH82,75,2022-08-02,130.11,0.2214860551373714,16.0,2,0,114.80640900701768,nitrogen,held_out_location
Scottsbluff|n75|3|5,Scottsbluff,n75,3,5,PHK76 X W606S,75,2022-08-02,118.19,0.2007763225383417,16.0,2,0,114.80640900701768,nitrogen,held_out_location
Scottsbluff|n75|16|6,Scottsbluff,n75,16,6,PHK76 X W606S,75,2022-08-02,108.83,0.2488895847063444,16.0,2,0,114.80640900701768,nitrogen,held_out_location
Scottsbluff|n75|24|2,Scottsbluff,n75,24,2,PHN46 X PHB47,75,2022-08-02,111.26,0.2212604191757107,16.0,2,0,114.80640900701768,nitrogen,held_out_location
Scottsbluff|n75|13|6,Scottsbluff,n75,13,6,PHN46 X PHB47,75,2022-08-02,136.86,0.2190562709042263,16.0,2,0,114.80640900701768,nitrogen,held_out_location
Scottsbluff|n75|27|6,Scottsbluff,n75,27,6,PHN46 X PHK56,75,2022-08-02,124.28,0.1847300351260469,16.0,2,0,114.80640900701768,nitrogen,held_out_location
Scottsbluff|n75|7|7,Scottsbluff,n75,7,7,PHN46 X PHK56,75,2022-08-02,127.93,0.1550964686040058,16.0,2,0,114.80640900701768,nitrogen,held_out_location
Scottsbluff|n75|4|3,Scottsbluff,n75,4,3,PHN46 X W606S,75,2022-08-02,131.77,0.1924749974787534,16.0,2,0,114.80640900701768,nitrogen,held_out_location
Scottsbluff|n75|16|5,Scottsbluff,n75,16,5,PHN46 X W606S,75,2022-08-02,83.64,0.1624379246556992,16.0,2,0,114.80640900701768,nitrogen,held_out_location
Scottsbluff|n75|12|5,Scottsbluff,n75,12,5,PHP02 X LH145,75,2022-08-02,119.56,0.1734830043042134,16.0,2,0,114.80640900701768,nitrogen,held_out_location
Scottsbluff|n75|21|7,Scottsbluff,n75,21,7,PHP02 X LH145,75,2022-08-02,107.16,0.2651806391105284,16.0,2,0,114.80640900701768,nitrogen,held_out_location
Scottsbluff|n75|8|1,Scottsbluff,n75,8,1,PHP02 X LH185,75,2022-08-02,145.12,0.1924569359098807,16.0,2,0,114.80640900701768,nitrogen,held_out_location
Scottsbluff|n75|15|7,Scottsbluff,n75,15,7,PHP02 X LH185,75,2022-08-02,86.26,0.1933643108848113,16.0,2,0,114.80640900701768,nitrogen,held_out_location
Scottsbluff|n75|26|3,Scottsbluff,n75,26,3,PHP02 X LH198,75,2022-08-02,113.59,0.2744729783136797,16.0,2,0,114.80640900701768,nitrogen,held_out_location
Scottsbluff|n75|4|4,Scottsbluff,n75,4,4,PHP02 X LH198,75,2022-08-02,134.53,0.2420174367928466,16.0,2,0,114.80640900701768,nitrogen,held_out_location
Scottsbluff|n75|10|1,Scottsbluff,n75,10,1,PHP02 X LH82,75,2022-08-02,128.64,0.1638745024041978,16.0,2,0,114.80640900701768,nitrogen,held_out_location
Scottsbluff|n75|19|6,Scottsbluff,n75,19,6,PHP02 X LH82,75,2022-08-02,94.33,0.2337624209575428,16.0,2,0,114.80640900701768,nitrogen,held_out_location
Scottsbluff|n75|19|1,Scottsbluff,n75,19,1,PHP02 X PHB47,75,2022-08-02,102.3,0.2376653849730078,16.0,2,0,114.80640900701768,nitrogen,held_out_location
Scottsbluff|n75|5|7,Scottsbluff,n75,5,7,PHP02 X PHB47,75,2022-08-02,75.49,0.1858647811987748,16.0,2,0,114.80640900701768,nitrogen,held_out_location
Scottsbluff|n75|7|6,Scottsbluff,n75,7,6,PHP02 X PHG47,75,2022-08-02,164.93,0.2003829402307592,16.0,2,0,114.80640900701768,nitrogen,held_out_location
Scottsbluff|n75|18|6,Scottsbluff,n75,18,6,PHP02 X PHG47,75,2022-08-02,111.39,0.2384625759409279,16.0,2,0,114.80640900701768,nitrogen,held_out_location
Scottsbluff|n75|11|1,Scottsbluff,n75,11,1,PHP02 X PHJ89,75,2022-08-02,146.41,0.1387595063367138,16.0,2,0,114.80640900701768,nitrogen,held_out_location
Scottsbluff|n75|21|4,Scottsbluff,n75,21,4,PHP02 X PHJ89,75,2022-08-02,153.38,0.251404909790003,16.0,2,0,114.80640900701768,nitrogen,held_out_location
Scottsbluff|n75|14|1,Scottsbluff,n75,14,1,PHP02 X PHK56,75,2022-08-02,126.22,0.10336768116555,16.0,2,0,114.80640900701768,nitrogen,held_out_location
Scottsbluff|n75|27|4,Scottsbluff,n75,27,4,PHP02 X PHK56,75,2022-08-02,118.4,0.2622612676201114,16.0,2,0,114.80640900701768,nitrogen,held_out_location
Scottsbluff|n75|11|4,Scottsbluff,n75,11,4,PHP02 X PHK76,75,2022-08-02,130.0,0.2510177630613928,16.0,2,0,114.80640900701768,nitrogen,held_out_location
Scottsbluff|n75|26|4,Scottsbluff,n75,26,4,PHP02 X PHK76,75,2022-08-02,121.93,0.3105186474941483,16.0,2,0,114.80640900701768,nitrogen,held_out_location
Scottsbluff|n75|15|1,Scottsbluff,n75,15,1,PHP02 X PHN46,75,2022-08-02,113.42,0.1553371055664176,16.0,2,0,114.80640900701768,nitrogen,held_out_location
Scottsbluff|n75|5|5,Scottsbluff,n75,5,5,PHP02 X PHN46,75,2022-08-02,113.6,0.2132728044530276,16.0,2,0,114.80640900701768,nitrogen,held_out_location
Scottsbluff|n75|11|3,Scottsbluff,n75,11,3,PHP02 X W606S,75,2022-08-02,147.22,0.1300782925190617,16.0,2,0,114.80640900701768,nitrogen,held_out_location
Scottsbluff|n75|20|6,Scottsbluff,n75,20,6,PHP02 X W606S,75,2022-08-02,110.23,0.2056952328108325,16.0,2,0,114.80640900701768,nitrogen,held_out_location
Scottsbluff|n75|14|4,Scottsbluff,n75,14,4,PHT69 X 3IIH6,75,2022-08-02,116.34,0.2182454370273329,16.0,2,0,114.80640900701768,nitrogen,held_out_location
Scottsbluff|n75|17|7,Scottsbluff,n75,17,7,PHT69 X 3IIH6,75,2022-08-02,84.48,0.197281295989205,16.0,2,0,114.80640900701768,nitrogen,held_out_location
Scottsbluff|n75|26|1,Scottsbluff,n75,26,1,PHW52 X LH185,75,2022-08-02,116.87,0.1623314753111764,16.0,2,0,114.80640900701768,nitrogen,held_out_location
Scottsbluff|n75|14|6,Scottsbluff,n75,14,6,PHW52 X LH185,75,2022-08-02,104.14,0.2355983044049242,16.0,2,0,114.80640900701768,nitrogen,held_out_location
Scottsbluff|n75|5|2,Scottsbluff,n75,5,2,PHW52 X PHM49,75,2022-08-02,135.65,0.2347832549441041,16.0,2,0,114.80640900701768,nitrogen,held_out_location
Scottsbluff|n75|14|3,Scottsbluff,n75,14,3,PHW52 X PHN82,75,2022-08-02,113.92,0.1277987313108878,16.0,2,0,114.80640900701768,nitrogen,held_out_location
Scottsbluff|n75|20|4,Scottsbluff,n75,20,4,PHW52 X PHN82,75,2022-08-02,89.66,0.190076501369972,16.0,2,0,114.80640900701768,nitrogen,held_out_location
Scottsbluff|n75|8|2,Scottsbluff,n75,8,2,PHW52 X PHZ51,75,2022-08-02,159.01,0.2203852627599045,16.0,2,0,114.80640900701768,nitrogen,held_out_location
Scottsbluff|n75|17|3,Scottsbluff,n75,17,3,PHW52 X PHZ51,75,2022-08-02,60.06,0.0577315554861619,16.0,2,0,114.80640900701768,nitrogen,held_out_location
Scottsbluff|n75|19|3,Scottsbluff,n75,19,3,PHZ51 X LH145,75,2022-08-02,121.64,0.2235608665336251,16.0,2,0,114.80640900701768,nitrogen,held_out_location
Scottsbluff|n75|5|6,Scottsbluff,n75,5,6,PHZ51 X LH145,75,2022-08-02,101.22,0.2139891789425115,16.0,2,0,114.80640900701768,nitrogen,held_out_location
Scottsbluff|n75|19|5,Scottsbluff,n75,19,5,PIONEER 1311 AMXT,75,2022-08-02,51.28,0.2147949805066036,16.0,2,0,114.80640900701768,nitrogen,held_out_location
Scottsbluff|n75|12|6,Scottsbluff,n75,12,6,PIONEER 1311 AMXT,75,2022-08-02,181.88,0.2283556622207929,16.0,2,0,114.80640900701768,nitrogen,held_out_location
Scottsbluff|n75|15|3,Scottsbluff,n75,15,3,PIONEER P0589 AMXT,75,2022-08-02,109.26,0.1117290765014117,16.0,2,0,114.80640900701768,nitrogen,held_out_location
Scottsbluff|n75|4|7,Scottsbluff,n75,4,7,PIONEER P0589 AMXT,75,2022-08-02,101.73,0.2010184839872254,16.0,2,0,114.80640900701768,nitrogen,held_out_location
Scottsbluff|n75|5|1,Scottsbluff,n75,5,1,SYNGENTA NK0760-3111,75,2022-08-02,167.55,0.2520892280439239,16.0,2,0,114.80640900701768,nitrogen,held_out_location
Scottsbluff|n75|14|2,Scottsbluff,n75,14,2,SYNGENTA NK0760-3111,75,2022-08-02,132.66,0.1250871219897627,16.0,2,0,114.80640900701768,nitrogen,held_out_location
Scottsbluff|n75|17|2,Scottsbluff,n75,17,2,SYNGENTA NK0760-3111,75,2022-08-02,124.49,0.1079583585369542,16.0,2,0,114.80640900701768,nitrogen,held_out_location
Scottsbluff|n75|22|4,Scottsbluff,n75,22,4,SYNGENTA NK0760-3111,75,2022-08-02,91.51,0.2583393015542516,16.0,2,0,114.80640900701768,nitrogen,held_out_location
Scottsbluff|n75|10|7,Scottsbluff,n75,10,7,SYNGENTA NK0760-3111,75,2022-08-02,155.33,0.1139263252470799,16.0,2,0,114.80640900701768,nitrogen,held_out_location
Scottsbluff|n75|11|7,Scottsbluff,n75,11,7,SYNGENTA NK0760-3111,75,2022-08-02,161.78,0.1429723654333498,16.0,2,0,114.80640900701768,nitrogen,held_out_location
Scottsbluff|n75|12|7,Scottsbluff,n75,12,7,SYNGENTA NK0760-3111,75,2022-08-02,187.61,0.1727622363005499,16.0,2,0,114.80640900701768,nitrogen,held_out_location
Scottsbluff|n75|13|7,Scottsbluff,n75,13,7,SYNGENTA NK0760-3111,75,2022-08-02,151.39,0.1043272310136907,16.0,2,0,114.80640900701768,nitrogen,held_out_location
Scottsbluff|n75|14|7,Scottsbluff,n75,14,7,SYNGENTA NK0760-3111,75,2022-08-02,140.55,0.1861490942211568,16.0,2,0,114.80640900701768,nitrogen,held_out_location
Scottsbluff|n75|22|7,Scottsbluff,n75,22,7,SYNGENTA NK0760-3111,75,2022-08-02,160.21,0.2184642537003004,16.0,2,0,114.80640900701768,nitrogen,held_out_location
Scottsbluff|n75|13|1,Scottsbluff,n75,13,1,WF9 X H95,75,2022-08-02,97.94,0.1480575433989905,16.0,2,0,114.80640900701768,nitrogen,held_out_location
Scottsbluff|n150|17|12,Scottsbluff,n150,17,12,2369 X 3IIH6,75,2022-08-02,142.9,0.2056246826683556,16.0,2,0,115.88401087982507,nitrogen,held_out_location
Scottsbluff|n150|7|14,Scottsbluff,n150,7,14,2369 X 3IIH6,75,2022-08-02,127.4,0.1465001365891497,16.0,2,0,115.88401087982507,nitrogen,held_out_location
Scottsbluff|n150|25|15,Scottsbluff,n150,25,15,2369 X LH123HT,75,2022-08-02,150.56,0.2349470143158409,16.0,2,0,115.88401087982507,nitrogen,held_out_location
Scottsbluff|n150|5|16,Scottsbluff,n150,5,16,2369 X LH123HT,75,2022-08-02,158.52,0.2546366527008909,16.0,2,0,115.88401087982507,nitrogen,held_out_location
Scottsbluff|n150|7|11,Scottsbluff,n150,7,11,2369 X PHN82,75,2022-08-02,157.98,0.1960150170867493,16.0,2,0,115.88401087982507,nitrogen,held_out_location
Scottsbluff|n150|22|13,Scottsbluff,n150,22,13,2369 X PHN82,75,2022-08-02,155.55,0.269553975632521,16.0,2,0,115.88401087982507,nitrogen,held_out_location
Scottsbluff|n150|17|14,Scottsbluff,n150,17,14,2369 X PHP02,75,2022-08-02,154.31,0.1914281808806132,16.0,2,0,115.88401087982507,nitrogen,held_out_location
Scottsbluff|n150|9|16,Scottsbluff,n150,9,16,2369 X PHP02,75,2022-08-02,146.88,0.1700608154598598,16.0,2,0,115.88401087982507,nitrogen,held_out_location
Scottsbluff|n150|11|11,Scottsbluff,n150,11,11,2369 X PHZ51,75,2022-08-02,140.56,0.1441941531162326,16.0,2,0,115.88401087982507,nitrogen,held_out_location
Scottsbluff|n150|9|12,Scottsbluff,n150,9,12,2FACC X 3IIH6,75,2022-08-02,195.15,0.1627011516405564,16.0,2,0,115.88401087982507,nitrogen,held_out_location
Scottsbluff|n150|21|16,Scottsbluff,n150,21,16,2FACC X 3IIH6,75,2022-08-02,157.42,0.1948626366524488,16.0,2,0,115.88401087982507,nitrogen,held_out_location
Scottsbluff|n150|19|11,Scottsbluff,n150,19,11,4N506 X 3IIH6,75,2022-08-02,106.65,0.1802020035965332,16.0,2,0,115.88401087982507,nitrogen,held_out_location
Scottsbluff|n150|6|15,Scottsbluff,n150,6,15,4N506 X 3IIH6,75,2022-08-02,156.93,0.2715678214006153,16.0,2,0,115.88401087982507,nitrogen,held_out_location
Scottsbluff|n150|4|14,Scottsbluff,n150,4,14,B105 X 3IIH6,75,2022-08-02,98.9,0.2117528737667415,16.0,2,0,115.88401087982507,nitrogen,held_out_location
Scottsbluff|n150|18|15,Scottsbluff,n150,18,15,B105 X 3IIH6,75,2022-08-02,144.62,0.2536394677568767,16.0,2,0,115.88401087982507,nitrogen,held_out_location
Scottsbluff|n150|27|13,Scottsbluff,n150,27,13,B14A X MO17,75,2022-08-02,147.5,0.2818563447273139,16.0,2,0,115.88401087982507,nitrogen,held_out_location
Scottsbluff|n150|13|16,Scottsbluff,n150,13,16,B14A X MO17,75,2022-08-02,139.91,0.1454115309576358,16.0,2,0,115.88401087982507,nitrogen,held_out_location
Scottsbluff|n150|6|12,Scottsbluff,n150,6,12,B37 X H95,75,2022-08-02,124.17,0.2986633771168256,16.0,2,0,115.88401087982507,nitrogen,held_out_location
Scottsbluff|n150|18|13,Scottsbluff,n150,18,13,B37 X H95,75,2022-08-02,105.45,0.2392967297139587,16.0,2,0,115.88401087982507,nitrogen,held_out_location
Scottsbluff|n150|26|16,Scottsbluff,n150,26,16,B37 X MO17,75,2022-08-02,103.17,0.2511569684321154,16.0,2,0,115.88401087982507,nitrogen,held_out_location
Scottsbluff|n150|4|17,Scottsbluff,n150,4,17,B37 X MO17,75,2022-08-02,131.71,0.2384763000060177,16.0,2,0,115.88401087982507,nitrogen,held_out_location
Scottsbluff|n150|8|13,Scottsbluff,n150,8,13,B37 X OH43,75,2022-08-02,137.0,0.1802222874626117,16.0,2,0,115.88401087982507,nitrogen,held_out_location
Scottsbluff|n150|26|15,Scottsbluff,n150,26,15,B37 X OH43,75,2022-08-02,127.58,0.2699867687695799,16.0,2,0,115.88401087982507,nitrogen,held_out_location
Scottsbluff|n150|19|13,Scottsbluff,n150,19,13,B73 X 3IIH6,75,2022-08-02,152.92,0.2196610328768917,16.0,2,0,115.88401087982507,nitrogen,held_out_location
Scottsbluff|n150|8|16,Scottsbluff,n150,8,16,B73 X 3IIH6,75,2022-08-02,182.58,0.2015312064421346,16.0,2,0,115.88401087982507,nitrogen,held_out_location
Scottsbluff|n150|19|14,Scottsbluff,n150,19,14,B73 X MO17,75,2022-08-02,139.14,0.261604640902941,16.0,2,0,115.88401087982507,nitrogen,held_out_location
Scottsbluff|n150|26|11,Scottsbluff,n150,26,11,B73 X PHM49,75,2022-08-02,138.68,0.2293048597087111,16.0,2,0,115.88401087982507,nitrogen,held_out_location
Scottsbluff|n150|4|13,Scottsbluff,n150,4,13,B73 X PHM49,75,2022-08-02,130.81,0.236534294869278,16.0,2,0,115.88401087982507,nitrogen,held_out_location
Scottsbluff|n150|15|14,Scottsbluff,n150,15,14,B73 X PHN82,75,2022-08-02,184.18,0.1756572815286927,16.0,2,0,115.88401087982507,nitrogen,held_out_location
Scottsbluff|n150|8|15,Scottsbluff,n150,8,15,B73 X PHN82,75,2022-08-02,192.8,0.2634223954415825,16.0,2,0,115.88401087982507,nitrogen,held_out_location
Scottsbluff|n150|16|11,Scottsbluff,n150,16,11,B73 X PHZ51,75,2022-08-02,100.55,0.1510011883861728,16.0,2,0,115.88401087982507,nitrogen,held_out_location
Scottsbluff|n150|7|16,Scottsbluff,n150,7,16,B73 X PHZ51,75,2022-08-02,137.73,0.1705444179296443,16.0,2,0,115.88401087982507,nitrogen,held_out_location
Scottsbluff|n150|3|12,Scottsbluff,n150,3,12,B84 X 3IIH6,75,2022-08-02,145.33,0.2422569027611044,16.0,2,0,115.88401087982507,nitrogen,held_out_location
Scottsbluff|n150|20|16,Scottsbluff,n150,20,16,B84 X 3IIH6,75,2022-08-02,154.38,0.1769854051653316,16.0,2,0,115.88401087982507,nitrogen,held_out_location
Scottsbluff|n150|7|13,Scottsbluff,n150,7,13,F42 X MO17,75,2022-08-02,154.97,0.1946852794769016,16.0,2,0,115.88401087982507,nitrogen,held_out_location
Scottsbluff|n150|24|14,Scottsbluff,n150,24,14,F42 X MO17,75,2022-08-02,138.88,0.2523794869063977,16.0,2,0,115.88401087982507,nitrogen,held_out_location
Scottsbluff|n150|26|12,Scottsbluff,n150,26,12,F42 X OH43,75,2022-08-02,118.46,0.2651345313448466,16.0,2,0,115.88401087982507,nitrogen,held_out_location
Scottsbluff|n150|13|15,Scottsbluff,n150,13,15,F42 X OH43,75,2022-08-02,173.1,0.1433586499095887,16.0,2,0,115.88401087982507,nitrogen,held_out_location
Scottsbluff|n150|11|14,Scottsbluff,n150,11,14,HOEGEMEYER 7089 AMXT,75,2022-08-02,156.92,0.1504975548045521,16.0,2,0,115.88401087982507,nitrogen,held_out_location
Scottsbluff|n150|18|16,Scottsbluff,n150,18,16,HOEGEMEYER 7089 AMXT,75,2022-08-02,166.6,0.2096190361735368,16.0,2,0,115.88401087982507,nitrogen,held_out_location
Scottsbluff|n150|5|11,Scottsbluff,n150,5,11,HOEGEMEYER 8065RR,75,2022-08-02,154.43,0.2986954641346719,16.0,2,0,115.88401087982507,nitrogen,held_out_location
Scottsbluff|n150|19|12,Scottsbluff,n150,19,12,HOEGEMEYER 8065RR,75,2022-08-02,185.31,0.184960510559818,16.0,2,0,115.88401087982507,nitrogen,held_out_location
Scottsbluff|n150|21|11,Scottsbluff,n150,21,11,LH123HT X 3IIH6,75,2022-08-02,151.04,0.2459841614806435,16.0,2,0,115.88401087982507,nitrogen,held_out_location
Scottsbluff|n150|10|15,Scottsbluff,n150,10,15,LH123HT X 3IIH6,75,2022-08-02,156.55,0.2006028545240278,16.0,2,0,115.88401087982507,nitrogen,held_out_location
Scottsbluff|n150|16|13,Scottsbluff,n150,16,13,LH123HT X PHB47,75,2022-08-02,130.61,0.1935881475063602,16.0,2,0,115.88401087982507,nitrogen,held_out_location
Scottsbluff|n150|12|14,Scottsbluff,n150,12,14,LH123HT X PHB47,75,2022-08-02,192.0,0.18942926808271,16.0,2,0,115.88401087982507,nitrogen,held_out_location
Scottsbluff|n150|10|11,Scottsbluff,n150,10,11,LH145 X LH162,75,2022-08-02,109.78,0.1728322414507697,16.0,2,0,115.88401087982507,nitrogen,held_out_location
Scottsbluff|n150|16|17,Scottsbluff,n150,16,17,LH145 X LH162,75,2022-08-02,128.5,0.1902307666087193,16.0,2,0,115.88401087982507,nitrogen,held_out_location
Scottsbluff|n150|26|14,Scottsbluff,n150,26,14,LH185 X LH145,75,2022-08-02,147.93,0.2503742464569285,16.0,2,0,115.88401087982507,nitrogen,held_out_location
Scottsbluff|n150|20|13,Scottsbluff,n150,20,13,LH185 X LH82,75,2022-08-02,139.35,0.2465953638168596,16.0,2,0,115.88401087982507,nitrogen,held_out_location
Scottsbluff|n150|4|16,Scottsbluff,n150,4,16,LH185 X LH82,75,2022-08-02,120.89,0.2416874563740079,16.0,2,0,115.88401087982507,nitrogen,held_out_location
Scottsbluff|n150|15|17,Scottsbluff,n150,15,17,LH185 X W606S,75,2022-08-02,170.04,0.1681486264576067,16.0,2,0,115.88401087982507,nitrogen,held_out_location
Scottsbluff|n150|25|12,Scottsbluff,n150,25,12,LH195 X 3IIH6,75,2022-08-02,182.48,0.2149759829033161,16.0,2,0,115.88401087982507,nitrogen,held_out_location
Scottsbluff|n150|5|14,Scottsbluff,n150,5,14,LH195 X 3IIH6,75,2022-08-02,108.37,0.2041381699251633,16.0,2,0,115.88401087982507,nitrogen,held_out_location
Scottsbluff|n150|13|11,Scottsbluff,n150,13,11,LH195 X LH123HT,75,2022-08-02,117.32,0.1466206508662949,16.0,2,0,115.88401087982507,nitrogen,held_out_location
Scottsbluff|n150|20|17,Scottsbluff,n150,20,17,LH195 X LH123HT,75,2022-08-02,145.04,0.225196304129027,16.0,2,0,115.88401087982507,nitrogen,held_out_location
Scottsbluff|n150|21|13,Scottsbluff,n150,21,13,LH195 X LH185,75,2022-08-02,175.41,0.2612107049823981,16.0,2,0,115.88401087982507,nitrogen,held_out_location
Scottsbluff|n150|7|15,Scottsbluff,n150,7,15,LH195 X LH185,75,2022-08-02,190.8,0.2133567395843356,16.0,2,0,115.88401087982507,nitrogen,held_out_location
Scottsbluff|n150|23|11,Scottsbluff,n150,23,11,LH195 X PHM49,75,2022-08-02,115.59,0.230130954307601,16.0,2,0,115.88401087982507,nitrogen,held_out_location
Scottsbluff|n150|8|14,Scottsbluff,n150,8,14,LH195 X PHM49,75,2022-08-02,133.01,0.2059071557066765,16.0,2,0,115.88401087982507,nitrogen,held_out_location
Scottsbluff|n150|20|14,Scottsbluff,n150,20,14,LH195 X PHZ51,75,2022-08-02,139.44,0.2606987882388952,16.0,2,0,115.88401087982507,nitrogen,held_out_location
Scottsbluff|n150|5|17,Scottsbluff,n150,5,17,LH195 X PHZ51,75,2022-08-02,146.19,0.2430547810389455,16.0,2,0,115.88401087982507,nitrogen,held_out_location
Scottsbluff|n150|16|14,Scottsbluff,n150,16,14,LH198 X PHB47,75,2022-08-02,121.34,0.2000942326703708,16.0,2,0,115.88401087982507,nitrogen,held_out_location
Scottsbluff|n150|9|15,Scottsbluff,n150,9,15,LH198 X PHB47,75,2022-08-02,161.37,0.1745295129508414,16.0,2,0,115.88401087982507,nitrogen,held_out_location
Scottsbluff|n150|23|13,Scottsbluff,n150,23,13,LH198 X PHZ51,75,2022-08-02,149.73,0.2592175769989737,16.0,2,0,115.88401087982507,nitrogen,held_out_location
Scottsbluff|n150|6|14,Scottsbluff,n150,6,14,LH198 X PHZ51,75,2022-08-02,117.09,0.2310263256843976,16.0,2,0,115.88401087982507,nitrogen,held_out_location
Scottsbluff|n150|10|14,Scottsbluff,n150,10,14,LH74 X PHM49,75,2022-08-02,140.02,0.1798219853571178,16.0,2,0,115.88401087982507,nitrogen,held_out_location
Scottsbluff|n150|23|16,Scottsbluff,n150,23,16,LH74 X PHM49,75,2022-08-02,163.91,0.2272613773265258,16.0,2,0,115.88401087982507,nitrogen,held_out_location
Scottsbluff|n150|20|15,Scottsbluff,n150,20,15,LH74 X PHN82,75,2022-08-02,139.54,0.255898866439245,16.0,2,0,115.88401087982507,nitrogen,held_out_location
Scottsbluff|n150|3|16,Scottsbluff,n150,3,16,LH74 X PHN82,75,2022-08-02,118.47,0.17736125921617,16.0,2,0,115.88401087982507,nitrogen,held_out_location
Scottsbluff|n150|5|12,Scottsbluff,n150,5,12,LH82 X PHB47,75,2022-08-02,145.47,0.2704695083042463,16.0,2,0,115.88401087982507,nitrogen,held_out_location
Scottsbluff|n150|23|15,Scottsbluff,n150,23,15,LH82 X PHB47,75,2022-08-02,140.28,0.2560841273454123,16.0,2,0,115.88401087982507,nitrogen,held_out_location
Scottsbluff|n150|8|11,Scottsbluff,n150,8,11,LH82 X PHJ89,75,2022-08-02,148.56,0.21408012556148,16.0,2,0,115.88401087982507,nitrogen,held_out_location
Scottsbluff|n150|22|11,Scottsbluff,n150,22,11,LH82 X PHJ89,75,2022-08-02,119.87,0.265230051270613,16.0,2,0,115.88401087982507,nitrogen,held_out_location
Scottsbluff|n150|13|13,Scottsbluff,n150,13,13,LH82 X W606S,75,2022-08-02,148.71,0.1775772313765076,16.0,2,0,115.88401087982507,nitrogen,held_out_location
Scottsbluff|n150|23|14,Scottsbluff,n150,23,14,LH82 X W606S,75,2022-08-02,149.98,0.2013630944056669,16.0,2,0,115.88401087982507,nitrogen,held_out_location
Scottsbluff|n150|13|12,Scottsbluff,n150,13,12,N209 X 3IIH6,75,2022-08-02,158.6,0.1680021538647123,16.0,2,0,115.88401087982507,nitrogen,held_out_location
Scottsbluff|n150|15|13,Scottsbluff,n150,15,13,N209 X 3IIH6,75,2022-08-02,156.07,0.1637838545218909,16.0,2,0,115.88401087982507,nitrogen,held_out_location
Scottsbluff|n150|11|13,Scottsbluff,n150,11,13,PHB47 X 3IIH6,75,2022-08-02,165.46,0.1848317967607678,16.0,2,0,115.88401087982507,nitrogen,held_out_location
Scottsbluff|n150|22|15,Scottsbluff,n150,22,15,PHB47 X 3IIH6,75,2022-08-02,153.82,0.2481032314086036,16.0,2,0,115.88401087982507,nitrogen,held_out_location
Scottsbluff|n150|12|16,Scottsbluff,n150,12,16,PHB47 X LH185,75,2022-08-02,164.11,0.1537256602464841,16.0,2,0,115.88401087982507,nitrogen,held_out_location
Scottsbluff|n150|22|16,Scottsbluff,n150,22,16,PHB47 X LH185,75,2022-08-02,126.12,0.2381719040044604,16.0,2,0,115.88401087982507,nitrogen,held_out_location
Scottsbluff|n150|27|15,Scottsbluff,n150,27,15,PHB47 X PHJ89,75,2022-08-02,170.2,0.2292492545212039,16.0,2,0,115.88401087982507,nitrogen,held_out_location
Scottsbluff|n150|15|12,Scottsbluff,n150,15,12,PHB47 X PHK56,75,2022-08-02,153.06,0.1530502752069311,16.0,2,0,115.88401087982507,nitrogen,held_out_location
Scottsbluff|n150|8|17,Scottsbluff,n150,8,17,PHB47 X PHK56,75,2022-08-02,174.94,0.1760932222398219,16.0,2,0,115.88401087982507,nitrogen,held_out_location
Scottsbluff|n150|6|11,Scottsbluff,n150,6,11,PHG39 X PHM49,75,2022-08-02,115.77,0.2574421904731881,16.0,2,0,115.88401087982507,nitrogen,held_out_location
Scottsbluff|n150|21|14,Scottsbluff,n150,21,14,PHG39 X PHM49,75,2022-08-02,144.68,0.2162572016304962,16.0,2,0,115.88401087982507,nitrogen,held_out_location
Scottsbluff|n150|17|17,Scottsbluff,n150,17,17,PHG39 X PHN82,75,2022-08-02,141.42,0.1865264414709934,16.0,2,0,115.88401087982507,nitrogen,held_out_location
Scottsbluff|n150|8|12,Scottsbluff,n150,8,12,PHJ40 X LH82,75,2022-08-02,154.29,0.1933487916332339,16.0,2,0,115.88401087982507,nitrogen,held_out_location
Scottsbluff|n150|19|15,Scottsbluff,n150,19,15,PHJ40 X LH82,75,2022-08-02,153.98,0.2643652002518568,16.0,2,0,115.88401087982507,nitrogen,held_out_location
Scottsbluff|n150|4|11,Scottsbluff,n150,4,11,PHK56 X 3IIH6,75,2022-08-02,143.31,0.2852341952782537,16.0,2,0,115.88401087982507,nitrogen,held_out_location
Scottsbluff|n150|25|16,Scottsbluff,n150,25,16,PHK56 X 3IIH6,75,2022-08-02,137.15,0.2245731239567145,16.0,2,0,115.88401087982507,nitrogen,held_out_location
Scottsbluff|n150|24|12,Scottsbluff,n150,24,12,PHK56 X LH145,75,2022-08-02,138.53,0.2520659764363671,16.0,2,0,115.88401087982507,nitrogen,held_out_location
Scottsbluff|n150|6|16,Scottsbluff,n150,6,16,PHK56 X LH185,75,2022-08-02,169.97,0.2563391349131725,16.0,2,0,115.88401087982507,nitrogen,held_out_location
Scottsbluff|n150|24|16,Scottsbluff,n150,24,16,PHK56 X LH185,75,2022-08-02,165.84,0.2220690217462726,16.0,2,0,115.88401087982507,nitrogen,held_out_location
Scottsbluff|n150|12|12,Scottsbluff,n150,12,12,PHK56 X LH198,75,2022-08-02,179.79,0.2255394038152275,16.0,2,0,115.88401087982507,nitrogen,held_out_location
Scottsbluff|n150|22|12,Scottsbluff,n150,22,12,PHK56 X LH198,75,2022-08-02,198.63,0.2816536808768732,16.0,2,0,115.88401087982507,nitrogen,held_out_location
Scottsbluff|n150|4|12,Scottsbluff,n150,4,12,PHK56 X LH82,75,2022-08-02,157.76,0.2452314054123849,16.0,2,0,115.88401087982507,nitrogen,held_out_location
Scottsbluff|n150|21|15,Scottsbluff,n150,21,15,PHK56 X LH82,75,2022-08-02,158.99,0.2635059261022658,16.0,2,0,115.88401087982507,nitrogen,held_out_location
Scottsbluff|n150|27|12,Scottsbluff,n150,27,12,PHK56 X PHJ89,75,2022-08-02,142.89,0.2402135808539254,16.0,2,0,115.88401087982507,nitrogen,held_out_location
Scottsbluff|n150|14|15,Scottsbluff,n150,14,15,PHK56 X PHJ89,75,2022-08-02,155.82,0.1621214324257082,16.0,2,0,115.88401087982507,nitrogen,held_out_location
Scottsbluff|n150|11|15,Scottsbluff,n150,11,15,PHK56 X W606S,75,2022-08-02,180.53,0.1622847964736608,16.0,2,0,115.88401087982507,nitrogen,held_out_location
Scottsbluff|n150|16|15,Scottsbluff,n150,16,15,PHK56 X W606S,75,2022-08-02,140.31,0.2368482207697894,16.0,2,0,115.88401087982507,nitrogen,held_out_location
Scottsbluff|n150|11|12,Scottsbluff,n150,11,12,PHK76 X 3IIH6,75,2022-08-02,166.16,0.1978492844098061,16.0,2,0,115.88401087982507,nitrogen,held_out_location
Scottsbluff|n150|16|16,Scottsbluff,n150,16,16,PHK76 X 3IIH6,75,2022-08-02,123.84,0.1630715975440599,16.0,2,0,115.88401087982507,nitrogen,held_out_location
Scottsbluff|n150|7|12,Scottsbluff,n150,7,12,PHK76 X LH145,75,2022-08-02,117.46,0.2043005691334198,16.0,2,0,115.88401087982507,nitrogen,held_out_location
Scottsbluff|n150|17|15,Scottsbluff,n150,17,15,PHK76 X LH145,75,2022-08-02,145.18,0.2280156333675986,16.0,2,0,115.88401087982507,nitrogen,held_out_location
Scottsbluff|n150|9|11,Scottsbluff,n150,9,11,PHK76 X LH198,75,2022-08-02,136.8,0.198367556106091,16.0,2,0,115.88401087982507,nitrogen,held_out_location
Scottsbluff|n150|19|17,Scottsbluff,n150,19,17,PHK76 X LH198,75,2022-08-02,163.9,0.2114767505562089,16.0,2,0,115.88401087982507,nitrogen,held_out_location
Scottsbluff|n150|4|15,Scottsbluff,n150,4,15,PHK76 X LH82,75,2022-08-02,137.38,0.2416987787577413,16.0,2,0,115.88401087982507,nitrogen,held_out_location
Scottsbluff|n150|18|17,Scottsbluff,n150,18,17,PHK76 X LH82,75,2022-08-02,146.13,0.213465511768898,16.0,2,0,115.88401087982507,nitrogen,held_out_location
Scottsbluff|n150|10|12,Scottsbluff,n150,10,12,PHK76 X W606S,75,2022-08-02,150.17,0.1443289154466307,16.0,2,0,115.88401087982507,nitrogen,held_out_location
Scottsbluff|n150|19|16,Scottsbluff,n150,19,16,PHK76 X W606S,75,2022-08-02,130.58,0.2095701647168383,16.0,2,0,115.88401087982507,nitrogen,held_out_location
Scottsbluff|n150|10|13,Scottsbluff,n150,10,13,PHN46 X PHB47,75,2022-08-02,165.53,0.1929450682236119,16.0,2,0,115.88401087982507,nitrogen,held_out_location
Scottsbluff|n150|27|14,Scottsbluff,n150,27,14,PHN46 X PHB47,75,2022-08-02,151.03,0.2494266239597456,16.0,2,0,115.88401087982507,nitrogen,held_out_location
Scottsbluff|n150|12|11,Scottsbluff,n150,12,11,PHN46 X PHK56,75,2022-08-02,142.5,0.1955093691377173,16.0,2,0,115.88401087982507,nitrogen,held_out_location
Scottsbluff|n150|15|11,Scottsbluff,n150,15,11,PHN46 X PHK56,75,2022-08-02,80.01,0.1509488711647128,16.0,2,0,115.88401087982507,nitrogen,held_out_location
Scottsbluff|n150|3|14,Scottsbluff,n150,3,14,PHN46 X W606S,75,2022-08-02,125.4,0.2184500881854018,16.0,2,0,115.88401087982507,nitrogen,held_out_location
Scottsbluff|n150|25|14,Scottsbluff,n150,25,14,PHN46 X W606S,75,2022-08-02,143.43,0.239453157869103,16.0,2,0,115.88401087982507,nitrogen,held_out_location
Scottsbluff|n150|3|11,Scottsbluff,n150,3,11,PHP02 X LH145,75,2022-08-02,129.13,0.2591738694548019,16.0,2,0,115.88401087982507,nitrogen,held_out_location
Scottsbluff|n150|15|15,Scottsbluff,n150,15,15,PHP02 X LH145,75,2022-08-02,149.32,0.1987447471001759,16.0,2,0,115.88401087982507,nitrogen,held_out_location
Scottsbluff|n150|25|11,Scottsbluff,n150,25,11,PHP02 X LH185,75,2022-08-02,120.13,0.2452482671033276,16.0,2,0,115.88401087982507,nitrogen,held_out_location
Scottsbluff|n150|6|13,Scottsbluff,n150,6,13,PHP02 X LH185,75,2022-08-02,120.61,0.2825141249863992,16.0,2,0,115.88401087982507,nitrogen,held_out_location
Scottsbluff|n150|9|13,Scottsbluff,n150,9,13,PHP02 X LH198,75,2022-08-02,169.14,0.189781288214354,16.0,2,0,115.88401087982507,nitrogen,held_out_location
Scottsbluff|n150|25|13,Scottsbluff,n150,25,13,PHP02 X LH198,75,2022-08-02,153.72,0.2646029065311799,16.0,2,0,115.88401087982507,nitrogen,held_out_location
Scottsbluff|n150|18|11,Scottsbluff,n150,18,11,PHP02 X LH82,75,2022-08-02,101.56,0.1859366605046145,16.0,2,0,115.88401087982507,nitrogen,held_out_location
Scottsbluff|n150|3|15,Scottsbluff,n150,3,15,PHP02 X LH82,75,2022-08-02,133.58,0.2274645239916056,16.0,2,0,115.88401087982507,nitrogen,held_out_location
Scottsbluff|n150|3|13,Scottsbluff,n150,3,13,PHP02 X PHB47,75,2022-08-02,114.16,0.2502118817852042,16.0,2,0,115.88401087982507,nitrogen,held_out_location
Scottsbluff|n150|17|16,Scottsbluff,n150,17,16,PHP02 X PHB47,75,2022-08-02,162.31,0.1884550210095643,16.0,2,0,115.88401087982507,nitrogen,held_out_location
Scottsbluff|n150|5|13,Scottsbluff,n150,5,13,PHP02 X PHG47,75,2022-08-02,149.01,0.2471061787681208,16.0,2,0,115.88401087982507,nitrogen,held_out_location
Scottsbluff|n150|17|13,Scottsbluff,n150,17,13,PHP02 X PHG47,75,2022-08-02,152.86,0.2271604002346288,16.0,2,0,115.88401087982507,nitrogen,held_out_location
Scottsbluff|n150|20|12,Scottsbluff,n150,20,12,PHP02 X PHJ89,75,2022-08-02,167.3,0.2217298415796079,16.0,2,0,115.88401087982507,nitrogen,held_out_location
Scottsbluff|n150|3|17,Scottsbluff,n150,3,17,PHP02 X PHJ89,75,2022-08-02,168.21,0.1855113511309023,16.0,2,0,115.88401087982507,nitrogen,held_out_location
Scottsbluff|n150|12|15,Scottsbluff,n150,12,15,PHP02 X PHK56,75,2022-08-02,167.24,0.172935548286966,16.0,2,0,115.88401087982507,nitrogen,held_out_location
Scottsbluff|n150|27|16,Scottsbluff,n150,27,16,PHP02 X PHK56,75,2022-08-02,148.08,0.2210950250062503,16.0,2,0,115.88401087982507,nitrogen,held_out_location
Scottsbluff|n150|18|14,Scottsbluff,n150,18,14,PHP02 X PHK76,75,2022-08-02,144.33,0.2320304038620223,16.0,2,0,115.88401087982507,nitrogen,held_out_location
Scottsbluff|n150|9|17,Scottsbluff,n150,9,17,PHP02 X PHK76,75,2022-08-02,170.82,0.1727992640883094,16.0,2,0,115.88401087982507,nitrogen,held_out_location
Scottsbluff|n150|12|13,Scottsbluff,n150,12,13,PHP02 X PHN46,75,2022-08-02,158.27,0.194612460904086,16.0,2,0,115.88401087982507,nitrogen,held_out_location
Scottsbluff|n150|21|17,Scottsbluff,n150,21,17,PHP02 X PHN46,75,2022-08-02,169.63,0.2134988042377706,16.0,2,0,115.88401087982507,nitrogen,held_out_location
Scottsbluff|n150|13|14,Scottsbluff,n150,13,14,PHP02 X W606S,75,2022-08-02,186.18,0.1527541988214538,16.0,2,0,115.88401087982507,nitrogen,held_out_location
Scottsbluff|n150|15|16,Scottsbluff,n150,15,16,PHP02 X W606S,75,2022-08-02,167.2,0.2076085393295688,16.0,2,0,115.88401087982507,nitrogen,held_out_location
Scottsbluff|n150|23|12,Scottsbluff,n150,23,12,PHT69 X 3IIH6,75,2022-08-02,176.99,0.2370786524041125,16.0,2,0,115.88401087982507,nitrogen,held_out_location
Scottsbluff|n150|11|16,Scottsbluff,n150,11,16,PHT69 X 3IIH6,75,2022-08-02,140.86,0.137034435923297,16.0,2,0,115.88401087982507,nitrogen,held_out_location
Scottsbluff|n150|24|11,Scottsbluff,n150,24,11,PHW52 X LH185,75,2022-08-02,167.36,0.2255096811652374,16.0,2,0,115.88401087982507,nitrogen,held_out_location
Scottsbluff|n150|14|16,Scottsbluff,n150,14,16,PHW52 X LH185,75,2022-08-02,159.01,0.1612854918465196,16.0,2,0,115.88401087982507,nitrogen,held_out_location
Scottsbluff|n150|14|11,Scottsbluff,n150,14,11,PHW52 X PHM49,75,2022-08-02,116.13,0.1277629425445774,16.0,2,0,115.88401087982507,nitrogen,held_out_location
Scottsbluff|n150|18|12,Scottsbluff,n150,18,12,PHW52 X PHM49,75,2022-08-02,144.19,0.1832051618459385,16.0,2,0,115.88401087982507,nitrogen,held_out_location
Scottsbluff|n150|21|12,Scottsbluff,n150,21,12,PHW52 X PHN82,75,2022-08-02,152.07,0.259001554041274,16.0,2,0,115.88401087982507,nitrogen,held_out_location
Scottsbluff|n150|6|17,Scottsbluff,n150,6,17,PHW52 X PHN82,75,2022-08-02,185.51,0.258696935139746,16.0,2,0,115.88401087982507,nitrogen,held_out_location
Scottsbluff|n150|26|13,Scottsbluff,n150,26,13,PHW52 X PHZ51,75,2022-08-02,154.5,0.283774355248763,16.0,2,0,115.88401087982507,nitrogen,held_out_location
Scottsbluff|n150|9|14,Scottsbluff,n150,9,14,PHW52 X PHZ51,75,2022-08-02,123.09,0.1824028540753545,16.0,2,0,115.88401087982507,nitrogen,held_out_location
Scottsbluff|n150|14|12,Scottsbluff,n150,14,12,PHZ51 X LH145,75,2022-08-02,104.83,0.1838422130958981,16.0,2,0,115.88401087982507,nitrogen,held_out_location
Scottsbluff|n150|16|12,Scottsbluff,n150,16,12,PHZ51 X LH145,75,2022-08-02,87.99,0.1406838164274264,16.0,2,0,115.88401087982507,nitrogen,held_out_location
Scottsbluff|n150|17|11,Scottsbluff,n150,17,11,PIONEER 1311 AMXT,75,2022-08-02,99.84,0.1698951039389508,16.0,2,0,115.88401087982507,nitrogen,held_out_location
Scottsbluff|n150|5|15,Scottsbluff,n150,5,15,PIONEER 1311 AMXT,75,2022-08-02,159.93,0.2526183028957724,16.0,2,0,115.88401087982507,nitrogen,held_out_location
Scottsbluff|n150|24|13,Scottsbluff,n150,24,13,PIONEER P0589 AMXT,75,2022-08-02,158.66,0.2571845256846353,16.0,2,0,115.88401087982507,nitrogen,held_out_location
Scottsbluff|n150|10|16,Scottsbluff,n150,10,16,PIONEER P0589 AMXT,75,2022-08-02,200.92,0.1326999833491505,16.0,2,0,115.88401087982507,nitrogen,held_out_location
Scottsbluff|n150|14|13,Scottsbluff,n150,14,13,SYNGENTA NK0760-3111,75,2022-08-02,188.72,0.1588225297451595,16.0,2,0,115.88401087982507,nitrogen,held_out_location
Scottsbluff|n150|22|14,Scottsbluff,n150,22,14,SYNGENTA NK0760-3111,75,2022-08-02,72.24,0.2248377259379285,16.0,2,0,115.88401087982507,nitrogen,held_out_location
Scottsbluff|n150|24|15,Scottsbluff,n150,24,15,SYNGENTA NK0760-3111,75,2022-08-02,204.3,0.2512735890858508,16.0,2,0,115.88401087982507,nitrogen,held_out_location
Scottsbluff|n150|7|17,Scottsbluff,n150,7,17,SYNGENTA NK0760-3111,75,2022-08-02,213.55,0.1958123465207225,16.0,2,0,115.88401087982507,nitrogen,held_out_location
Scottsbluff|n150|10|17,Scottsbluff,n150,10,17,SYNGENTA NK0760-3111,75,2022-08-02,216.31,0.1465950741852673,16.0,2,0,115.88401087982507,nitrogen,held_out_location
Scottsbluff|n150|11|17,Scottsbluff,n150,11,17,SYNGENTA NK0760-3111,75,2022-08-02,229.16,0.184479370645084,16.0,2,0,115.88401087982507,nitrogen,held_out_location
Scottsbluff|n150|12|17,Scottsbluff,n150,12,17,SYNGENTA NK0760-3111,75,2022-08-02,216.9,0.1517995643106307,16.0,2,0,115.88401087982507,nitrogen,held_out_location
Scottsbluff|n150|13|17,Scottsbluff,n150,13,17,SYNGENTA NK0760-3111,75,2022-08-02,211.3,0.1644701776121779,16.0,2,0,115.88401087982507,nitrogen,held_out_location
Scottsbluff|n150|14|17,Scottsbluff,n150,14,17,SYNGENTA NK0760-3111,75,2022-08-02,222.53,0.158769842358329,16.0,2,0,115.88401087982507,nitrogen,held_out_location
Scottsbluff|n150|22|17,Scottsbluff,n150,22,17,SYNGENTA NK0760-3111,75,2022-08-02,171.89,0.2393912624978093,16.0,2,0,115.88401087982507,nitrogen,held_out_location
Scottsbluff|n150|20|11,Scottsbluff,n150,20,11,WF9 X H95,75,2022-08-02,97.34,0.1934691865028027,16.0,2,0,115.88401087982507,nitrogen,held_out_location
Scottsbluff|n150|14|14,Scottsbluff,n150,14,14,WF9 X H95,75,2022-08-02,122.57,0.2049900483776674,16.0,2,0,115.88401087982507,nitrogen,held_out_location
Scottsbluff|n225|20|21,Scottsbluff,n225,20,21,2369 X 3IIH6,75,2022-08-02,183.83,0.1668592565419417,16.0,2,0,93.82802480258883,nitrogen,held_out_location
Scottsbluff|n225|11|22,Scottsbluff,n225,11,22,2369 X 3IIH6,75,2022-08-02,191.1,0.1902125557342402,16.0,2,0,93.82802480258883,nitrogen,held_out_location
Scottsbluff|n225|23|23,Scottsbluff,n225,23,23,2369 X LH123HT,75,2022-08-02,156.34,0.2077645468404668,16.0,2,0,93.82802480258883,nitrogen,held_out_location
Scottsbluff|n225|11|25,Scottsbluff,n225,11,25,2369 X LH123HT,75,2022-08-02,165.5,0.1795548214169914,16.0,2,0,93.82802480258883,nitrogen,held_out_location
Scottsbluff|n225|21|20,Scottsbluff,n225,21,20,2369 X PHN82,75,2022-08-02,184.3,0.1812943259683477,16.0,2,0,93.82802480258883,nitrogen,held_out_location
Scottsbluff|n225|9|22,Scottsbluff,n225,9,22,2369 X PHN82,75,2022-08-02,110.56,0.1757608440156577,16.0,2,0,93.82802480258883,nitrogen,held_out_location
Scottsbluff|n225|13|20,Scottsbluff,n225,13,20,2369 X PHP02,75,2022-08-02,200.64,0.1788568994519016,16.0,2,0,93.82802480258883,nitrogen,held_out_location
Scottsbluff|n225|19|25,Scottsbluff,n225,19,25,2369 X PHP02,75,2022-08-02,157.55,0.1350064214046709,16.0,2,0,93.82802480258883,nitrogen,held_out_location
Scottsbluff|n225|4|21,Scottsbluff,n225,4,21,2369 X PHZ51,75,2022-08-02,188.97,0.2821656643997935,16.0,2,0,93.82802480258883,nitrogen,held_out_location
Scottsbluff|n225|20|22,Scottsbluff,n225,20,22,2369 X PHZ51,75,2022-08-02,181.77,0.2173418266243083,16.0,2,0,93.82802480258883,nitrogen,held_out_location
Scottsbluff|n225|5|25,Scottsbluff,n225,5,25,2FACC X 3IIH6,75,2022-08-02,194.4,0.2841869858081178,16.0,2,0,93.82802480258883,nitrogen,held_out_location
Scottsbluff|n225|25|25,Scottsbluff,n225,25,25,2FACC X 3IIH6,75,2022-08-02,192.47,0.1977250009367358,16.0,2,0,93.82802480258883,nitrogen,held_out_location
Scottsbluff|n225|24|20,Scottsbluff,n225,24,20,4N506 X 3IIH6,75,2022-08-02,161.62,0.2187921085815104,16.0,2,0,93.82802480258883,nitrogen,held_out_location
Scottsbluff|n225|3|25,Scottsbluff,n225,3,25,4N506 X 3IIH6,75,2022-08-02,182.26,0.2373990309098813,16.0,2,0,93.82802480258883,nitrogen,held_out_location
Scottsbluff|n225|3|21,Scottsbluff,n225,3,21,B105 X 3IIH6,75,2022-08-02,179.06,0.2120804308150679,16.0,2,0,93.82802480258883,nitrogen,held_out_location
Scottsbluff|n225|27|22,Scottsbluff,n225,27,22,B105 X 3IIH6,75,2022-08-02,128.68,0.2226840975887564,16.0,2,0,93.82802480258883,nitrogen,held_out_location
Scottsbluff|n225|12|24,Scottsbluff,n225,12,24,B14A X MO17,75,2022-08-02,52.55,0.2184066998857475,16.0,2,0,93.82802480258883,nitrogen,held_out_location
Scottsbluff|n225|25|24,Scottsbluff,n225,25,24,B14A X MO17,75,2022-08-02,135.56,0.2073021205933606,16.0,2,0,93.82802480258883,nitrogen,held_out_location
Scottsbluff|n225|5|21,Scottsbluff,n225,5,21,B37 X H95,75,2022-08-02,177.0,0.2830025726436205,16.0,2,0,93.82802480258883,nitrogen,held_out_location
Scottsbluff|n225|24|24,Scottsbluff,n225,24,24,B37 X H95,75,2022-08-02,109.55,0.2354626330167996,16.0,2,0,93.82802480258883,nitrogen,held_out_location
Scottsbluff|n225|20|24,Scottsbluff,n225,20,24,B37 X MO17,75,2022-08-02,97.58,0.1598603569693755,16.0,2,0,93.82802480258883,nitrogen,held_out_location
Scottsbluff|n225|6|26,Scottsbluff,n225,6,26,B37 X MO17,75,2022-08-02,167.69,0.2668827273350549,16.0,2,0,93.82802480258883,nitrogen,held_out_location
Scottsbluff|n225|12|20,Scottsbluff,n225,12,20,B37 X OH43,75,2022-08-02,152.58,0.1316390558071237,16.0,2,0,93.82802480258883,nitrogen,held_out_location
Scottsbluff|n225|24|22,Scottsbluff,n225,24,22,B37 X OH43,75,2022-08-02,141.57,0.2360124626927791,16.0,2,0,93.82802480258883,nitrogen,held_out_location
Scottsbluff|n225|10|20,Scottsbluff,n225,10,20,B73 X 3IIH6,75,2022-08-02,225.69,0.1302801079648355,16.0,2,0,93.82802480258883,nitrogen,held_out_location
Scottsbluff|n225|22|26,Scottsbluff,n225,22,26,B73 X 3IIH6,75,2022-08-02,204.14,0.2532854002862952,16.0,2,0,93.82802480258883,nitrogen,held_out_location
Scottsbluff|n225|14|20,Scottsbluff,n225,14,20,B73 X MO17,75,2022-08-02,187.73,0.1661065230239373,16.0,2,0,93.82802480258883,nitrogen,held_out_location
Scottsbluff|n225|13|21,Scottsbluff,n225,13,21,B73 X PHM49,75,2022-08-02,175.38,0.2305474881645963,16.0,2,0,93.82802480258883,nitrogen,held_out_location
Scottsbluff|n225|26|24,Scottsbluff,n225,26,24,B73 X PHM49,75,2022-08-02,159.07,0.2189919159140405,16.0,2,0,93.82802480258883,nitrogen,held_out_location
Scottsbluff|n225|10|21,Scottsbluff,n225,10,21,B73 X PHN82,75,2022-08-02,189.74,0.1534891958271242,16.0,2,0,93.82802480258883,nitrogen,held_out_location
Scottsbluff|n225|26|22,Scottsbluff,n225,26,22,B73 X PHN82,75,2022-08-02,149.28,0.2320485761188543,16.0,2,0,93.82802480258883,nitrogen,held_out_location
Scottsbluff|n225|7|20,Scottsbluff,n225,7,20,B73 X PHZ51,75,2022-08-02,197.85,0.19936323117586,16.0,2,0,93.82802480258883,nitrogen,held_out_location
Scottsbluff|n225|20|25,Scottsbluff,n225,20,25,B73 X PHZ51,75,2022-08-02,162.67,0.1249071644122875,16.0,2,0,93.82802480258883,nitrogen,held_out_location
Scottsbluff|n225|4|23,Scottsbluff,n225,4,23,B84 X 3IIH6,75,2022-08-02,166.29,0.2283913717365568,16.0,2,0,93.82802480258883,nitrogen,held_out_location
Scottsbluff|n225|26|23,Scottsbluff,n225,26,23,B84 X 3IIH6,75,2022-08-02,153.48,0.2481537124888751,16.0,2,0,93.82802480258883,nitrogen,held_out_location
Scottsbluff|n225|6|25,Scottsbluff,n225,6,25,F42 X MO17,75,2022-08-02,198.41,0.2478639452478289,16.0,2,0,93.82802480258883,nitrogen,held_out_location
Scottsbluff|n225|21|25,Scottsbluff,n225,21,25,F42 X MO17,75,2022-08-02,149.6,0.194196199152782,16.0,2,0,93.82802480258883,nitrogen,held_out_location
Scottsbluff|n225|27|20,Scottsbluff,n225,27,20,F42 X OH43,75,2022-08-02,169.09,0.190063044107266,16.0,2,0,93.82802480258883,nitrogen,held_out_location
Scottsbluff|n225|13|25,Scottsbluff,n225,13,25,F42 X OH43,75,2022-08-02,150.31,0.2305520135621705,16.0,2,0,93.82802480258883,nitrogen,held_out_location
Scottsbluff|n225|15|21,Scottsbluff,n225,15,21,HOEGEMEYER 7089 AMXT,75,2022-08-02,190.52,0.1663164285193816,16.0,2,0,93.82802480258883,nitrogen,held_out_location
Scottsbluff|n225|5|26,Scottsbluff,n225,5,26,HOEGEMEYER 7089 AMXT,75,2022-08-02,208.89,0.2814492557124139,16.0,2,0,93.82802480258883,nitrogen,held_out_location
Scottsbluff|n225|16|23,Scottsbluff,n225,16,23,HOEGEMEYER 8065RR,75,2022-08-02,183.21,0.1880000459583403,16.0,2,0,93.82802480258883,nitrogen,held_out_location
Scottsbluff|n225|9|20,Scottsbluff,n225,9,20,LH123HT X 3IIH6,75,2022-08-02,188.91,0.1689746066491997,16.0,2,0,93.82802480258883,nitrogen,held_out_location
Scottsbluff|n225|25|21,Scottsbluff,n225,25,21,LH123HT X 3IIH6,75,2022-08-02,138.27,0.2383794254162906,16.0,2,0,93.82802480258883,nitrogen,held_out_location
Scottsbluff|n225|17|20,Scottsbluff,n225,17,20,LH123HT X PHB47,75,2022-08-02,182.31,0.1441591141254514,16.0,2,0,93.82802480258883,nitrogen,held_out_location
Scottsbluff|n225|10|23,Scottsbluff,n225,10,23,LH123HT X PHB47,75,2022-08-02,131.48,0.1930619002215297,16.0,2,0,93.82802480258883,nitrogen,held_out_location
Scottsbluff|n225|5|23,Scottsbluff,n225,5,23,LH145 X LH162,75,2022-08-02,149.68,0.2952810999549835,16.0,2,0,93.82802480258883,nitrogen,held_out_location
Scottsbluff|n225|25|23,Scottsbluff,n225,25,23,LH145 X LH162,75,2022-08-02,121.17,0.2702600507201451,16.0,2,0,93.82802480258883,nitrogen,held_out_location
Scottsbluff|n225|19|22,Scottsbluff,n225,19,22,LH185 X LH145,75,2022-08-02,145.69,0.2316706335507549,16.0,2,0,93.82802480258883,nitrogen,held_out_location
Scottsbluff|n225|19|26,Scottsbluff,n225,19,26,LH185 X LH82,75,2022-08-02,167.3,0.2192020794271217,16.0,2,0,93.82802480258883,nitrogen,held_out_location
Scottsbluff|n225|18|20,Scottsbluff,n225,18,20,LH185 X W606S,75,2022-08-02,154.69,0.1656812380860068,16.0,2,0,93.82802480258883,nitrogen,held_out_location
Scottsbluff|n225|12|21,Scottsbluff,n225,12,21,LH195 X 3IIH6,75,2022-08-02,185.06,0.167985322581817,16.0,2,0,93.82802480258883,nitrogen,held_out_location
Scottsbluff|n225|22|25,Scottsbluff,n225,22,25,LH195 X 3IIH6,75,2022-08-02,206.18,0.2424211838373142,16.0,2,0,93.82802480258883,nitrogen,held_out_location
Scottsbluff|n225|26|21,Scottsbluff,n225,26,21,LH195 X LH123HT,75,2022-08-02,170.4,0.2372837598601085,16.0,2,0,93.82802480258883,nitrogen,held_out_location
Scottsbluff|n225|7|22,Scottsbluff,n225,7,22,LH195 X LH123HT,75,2022-08-02,134.64,0.1503526754875645,16.0,2,0,93.82802480258883,nitrogen,held_out_location
Scottsbluff|n225|21|24,Scottsbluff,n225,21,24,LH195 X LH185,75,2022-08-02,91.79,0.1676364045348728,16.0,2,0,93.82802480258883,nitrogen,held_out_location
Scottsbluff|n225|3|22,Scottsbluff,n225,3,22,LH195 X PHM49,75,2022-08-02,175.84,0.2400349117413257,16.0,2,0,93.82802480258883,nitrogen,held_out_location
Scottsbluff|n225|25|22,Scottsbluff,n225,25,22,LH195 X PHM49,75,2022-08-02,152.08,0.2113916278431651,16.0,2,0,93.82802480258883,nitrogen,held_out_location
Scottsbluff|n225|14|21,Scottsbluff,n225,14,21,LH195 X PHZ51,75,2022-08-02,168.76,0.2211577760404068,16.0,2,0,93.82802480258883,nitrogen,held_out_location
Scottsbluff|n225|27|24,Scottsbluff,n225,27,24,LH195 X PHZ51,75,2022-08-02,135.48,0.104298713842082,16.0,2,0,93.82802480258883,nitrogen,held_out_location
Scottsbluff|n225|5|20,Scottsbluff,n225,5,20,LH198 X PHB47,75,2022-08-02,176.93,0.2352809584003601,16.0,2,0,93.82802480258883,nitrogen,held_out_location
Scottsbluff|n225|18|23,Scottsbluff,n225,18,23,LH198 X PHB47,75,2022-08-02,145.7,0.2288840277779385,16.0,2,0,93.82802480258883,nitrogen,held_out_location
Scottsbluff|n225|10|22,Scottsbluff,n225,10,22,LH198 X PHZ51,75,2022-08-02,177.24,0.1642784402758965,16.0,2,0,93.82802480258883,nitrogen,held_out_location
Scottsbluff|n225|23|22,Scottsbluff,n225,23,22,LH198 X PHZ51,75,2022-08-02,176.83,0.2534300779224248,16.0,2,0,93.82802480258883,nitrogen,held_out_location
Scottsbluff|n225|22|22,Scottsbluff,n225,22,22,LH74 X PHM49,75,2022-08-02,177.56,0.2457363743795183,16.0,2,0,93.82802480258883,nitrogen,held_out_location
Scottsbluff|n225|14|24,Scottsbluff,n225,14,24,LH74 X PHM49,75,2022-08-02,105.78,0.2191872296520458,16.0,2,0,93.82802480258883,nitrogen,held_out_location
Scottsbluff|n225|23|25,Scottsbluff,n225,23,25,LH74 X PHN82,75,2022-08-02,172.43,0.2228697148608858,16.0,2,0,93.82802480258883,nitrogen,held_out_location
Scottsbluff|n225|7|26,Scottsbluff,n225,7,26,LH74 X PHN82,75,2022-08-02,188.58,0.1812773348220841,16.0,2,0,93.82802480258883,nitrogen,held_out_location
Scottsbluff|n225|21|22,Scottsbluff,n225,21,22,LH82 X PHB47,75,2022-08-02,111.22,0.2133795036141124,16.0,2,0,93.82802480258883,nitrogen,held_out_location
Scottsbluff|n225|4|26,Scottsbluff,n225,4,26,LH82 X PHB47,75,2022-08-02,163.65,0.2750051957122742,16.0,2,0,93.82802480258883,nitrogen,held_out_location
Scottsbluff|n225|3|20,Scottsbluff,n225,3,20,LH82 X PHJ89,75,2022-08-02,171.11,0.1944670421019337,16.0,2,0,93.82802480258883,nitrogen,held_out_location
Scottsbluff|n225|21|21,Scottsbluff,n225,21,21,LH82 X PHJ89,75,2022-08-02,144.62,0.228178773981374,16.0,2,0,93.82802480258883,nitrogen,held_out_location
Scottsbluff|n225|20|20,Scottsbluff,n225,20,20,LH82 X W606S,75,2022-08-02,161.56,0.2154675669291808,16.0,2,0,93.82802480258883,nitrogen,held_out_location
Scottsbluff|n225|14|22,Scottsbluff,n225,14,22,LH82 X W606S,75,2022-08-02,103.35,0.2560257614229414,16.0,2,0,93.82802480258883,nitrogen,held_out_location
Scottsbluff|n225|6|23,Scottsbluff,n225,6,23,N209 X 3IIH6,75,2022-08-02,170.22,0.3021940436846124,16.0,2,0,93.82802480258883,nitrogen,held_out_location
Scottsbluff|n225|21|26,Scottsbluff,n225,21,26,N209 X 3IIH6,75,2022-08-02,190.99,0.2408156207113502,16.0,2,0,93.82802480258883,nitrogen,held_out_location
Scottsbluff|n225|22|21,Scottsbluff,n225,22,21,PHB47 X 3IIH6,75,2022-08-02,169.11,0.2498268565715001,16.0,2,0,93.82802480258883,nitrogen,held_out_location
Scottsbluff|n225|3|26,Scottsbluff,n225,3,26,PHB47 X 3IIH6,75,2022-08-02,192.43,0.1901413253302663,16.0,2,0,93.82802480258883,nitrogen,held_out_location
Scottsbluff|n225|6|20,Scottsbluff,n225,6,20,PHB47 X LH185,75,2022-08-02,200.31,0.2398949684500304,16.0,2,0,93.82802480258883,nitrogen,held_out_location
Scottsbluff|n225|23|21,Scottsbluff,n225,23,21,PHB47 X LH185,75,2022-08-02,169.94,0.2216236860453591,16.0,2,0,93.82802480258883,nitrogen,held_out_location
Scottsbluff|n225|27|25,Scottsbluff,n225,27,25,PHB47 X PHJ89,75,2022-08-02,147.28,0.1912109356382447,16.0,2,0,93.82802480258883,nitrogen,held_out_location
Scottsbluff|n225|25|20,Scottsbluff,n225,25,20,PHB47 X PHK56,75,2022-08-02,169.45,0.2070498464140253,16.0,2,0,93.82802480258883,nitrogen,held_out_location
Scottsbluff|n225|13|23,Scottsbluff,n225,13,23,PHB47 X PHK56,75,2022-08-02,172.49,0.2092079533963937,16.0,2,0,93.82802480258883,nitrogen,held_out_location
Scottsbluff|n225|8|21,Scottsbluff,n225,8,21,PHG39 X PHM49,75,2022-08-02,182.09,0.1901853449100973,16.0,2,0,93.82802480258883,nitrogen,held_out_location
Scottsbluff|n225|27|23,Scottsbluff,n225,27,23,PHG39 X PHM49,75,2022-08-02,154.98,0.2054538981765597,16.0,2,0,93.82802480258883,nitrogen,held_out_location
Scottsbluff|n225|20|23,Scottsbluff,n225,20,23,PHG39 X PHN82,75,2022-08-02,161.93,0.1949606329274286,16.0,2,0,93.82802480258883,nitrogen,held_out_location
Scottsbluff|n225|5|22,Scottsbluff,n225,5,22,PHJ40 X LH82,75,2022-08-02,139.37,0.2313146639765896,16.0,2,0,93.82802480258883,nitrogen,held_out_location
Scottsbluff|n225|19|24,Scottsbluff,n225,19,24,PHJ40 X LH82,75,2022-08-02,130.02,0.1249955774815653,16.0,2,0,93.82802480258883,nitrogen,held_out_location
Scottsbluff|n225|9|21,Scottsbluff,n225,9,21,PHK56 X 3IIH6,75,2022-08-02,172.69,0.1740261936010178,16.0,2,0,93.82802480258883,nitrogen,held_out_location
Scottsbluff|n225|16|26,Scottsbluff,n225,16,26,PHK56 X LH145,75,2022-08-02,137.65,0.2338928211268636,16.0,2,0,93.82802480258883,nitrogen,held_out_location
Scottsbluff|n225|8|20,Scottsbluff,n225,8,20,PHK56 X LH198,75,2022-08-02,218.19,0.1679152757394221,16.0,2,0,93.82802480258883,nitrogen,held_out_location
Scottsbluff|n225|22|20,Scottsbluff,n225,22,20,PHK56 X LH198,75,2022-08-02,187.17,0.2290396130345229,16.0,2,0,93.82802480258883,nitrogen,held_out_location
Scottsbluff|n225|11|20,Scottsbluff,n225,11,20,PHK56 X LH82,75,2022-08-02,179.59,0.1460689133219305,16.0,2,0,93.82802480258883,nitrogen,held_out_location
Scottsbluff|n225|17|22,Scottsbluff,n225,17,22,PHK56 X LH82,75,2022-08-02,127.99,0.1567627405238258,16.0,2,0,93.82802480258883,nitrogen,held_out_location
Scottsbluff|n225|23|20,Scottsbluff,n225,23,20,PHK56 X PHJ89,75,2022-08-02,158.48,0.2125922296150538,16.0,2,0,93.82802480258883,nitrogen,held_out_location
Scottsbluff|n225|8|23,Scottsbluff,n225,8,23,PHK56 X PHJ89,75,2022-08-02,161.03,0.2055293926330078,16.0,2,0,93.82802480258883,nitrogen,held_out_location
Scottsbluff|n225|19|20,Scottsbluff,n225,19,20,PHK56 X W606S,75,2022-08-02,157.06,0.2050798314544113,16.0,2,0,93.82802480258883,nitrogen,held_out_location
Scottsbluff|n225|6|22,Scottsbluff,n225,6,22,PHK76 X 3IIH6,75,2022-08-02,133.89,0.2623710100735849,16.0,2,0,93.82802480258883,nitrogen,held_out_location
Scottsbluff|n225|18|26,Scottsbluff,n225,18,26,PHK76 X 3IIH6,75,2022-08-02,171.91,0.1520154612985221,16.0,2,0,93.82802480258883,nitrogen,held_out_location
Scottsbluff|n225|6|21,Scottsbluff,n225,6,21,PHK76 X LH145,75,2022-08-02,145.01,0.262951845806939,16.0,2,0,93.82802480258883,nitrogen,held_out_location
Scottsbluff|n225|16|25,Scottsbluff,n225,16,25,PHK76 X LH145,75,2022-08-02,113.88,0.1876327348583448,16.0,2,0,93.82802480258883,nitrogen,held_out_location
Scottsbluff|n225|4|22,Scottsbluff,n225,4,22,PHK76 X LH198,75,2022-08-02,109.99,0.2410016270729639,16.0,2,0,93.82802480258883,nitrogen,held_out_location
Scottsbluff|n225|17|23,Scottsbluff,n225,17,23,PHK76 X LH198,75,2022-08-02,153.04,0.1812724935872316,16.0,2,0,93.82802480258883,nitrogen,held_out_location
Scottsbluff|n225|4|20,Scottsbluff,n225,4,20,PHK76 X LH82,75,2022-08-02,162.67,0.2330061267383068,16.0,2,0,93.82802480258883,nitrogen,held_out_location
Scottsbluff|n225|15|25,Scottsbluff,n225,15,25,PHK76 X W606S,75,2022-08-02,134.67,0.1751918687127798,16.0,2,0,93.82802480258883,nitrogen,held_out_location
Scottsbluff|n225|18|21,Scottsbluff,n225,18,21,PHN46 X PHB47,75,2022-08-02,152.16,0.2055116385010789,16.0,2,0,93.82802480258883,nitrogen,held_out_location
Scottsbluff|n225|11|23,Scottsbluff,n225,11,23,PHN46 X PHB47,75,2022-08-02,178.53,0.1783723835628148,16.0,2,0,93.82802480258883,nitrogen,held_out_location
Scottsbluff|n225|12|22,Scottsbluff,n225,12,22,PHN46 X PHK56,75,2022-08-02,162.02,0.1588590297181119,16.0,2,0,93.82802480258883,nitrogen,held_out_location
Scottsbluff|n225|15|24,Scottsbluff,n225,15,24,PHN46 X PHK56,75,2022-08-02,56.64,0.1997765639695465,16.0,2,0,93.82802480258883,nitrogen,held_out_location
Scottsbluff|n225|8|22,Scottsbluff,n225,8,22,PHN46 X W606S,75,2022-08-02,129.2,0.1846293778279213,16.0,2,0,93.82802480258883,nitrogen,held_out_location
Scottsbluff|n225|19|23,Scottsbluff,n225,19,23,PHN46 X W606S,75,2022-08-02,156.35,0.2140030015302024,16.0,2,0,93.82802480258883,nitrogen,held_out_location
Scottsbluff|n225|15|22,Scottsbluff,n225,15,22,PHP02 X LH145,75,2022-08-02,78.75,0.2379405754586377,16.0,2,0,93.82802480258883,nitrogen,held_out_location
Scottsbluff|n225|13|24,Scottsbluff,n225,13,24,PHP02 X LH145,75,2022-08-02,49.68,0.2401039054471172,16.0,2,0,93.82802480258883,nitrogen,held_out_location
Scottsbluff|n225|18|22,Scottsbluff,n225,18,22,PHP02 X LH185,75,2022-08-02,155.97,0.2321627009740072,16.0,2,0,93.82802480258883,nitrogen,held_out_location
Scottsbluff|n225|14|23,Scottsbluff,n225,14,23,PHP02 X LH185,75,2022-08-02,124.67,0.2172946264831651,16.0,2,0,93.82802480258883,nitrogen,held_out_location
Scottsbluff|n225|17|21,Scottsbluff,n225,17,21,PHP02 X LH198,75,2022-08-02,185.73,0.1814688020533118,16.0,2,0,93.82802480258883,nitrogen,held_out_location
Scottsbluff|n225|14|25,Scottsbluff,n225,14,25,PHP02 X LH198,75,2022-08-02,186.79,0.2133819311057508,16.0,2,0,93.82802480258883,nitrogen,held_out_location
Scottsbluff|n225|8|26,Scottsbluff,n225,8,26,PHP02 X LH82,75,2022-08-02,165.12,0.2608925191000897,16.0,2,0,93.82802480258883,nitrogen,held_out_location
Scottsbluff|n225|15|26,Scottsbluff,n225,15,26,PHP02 X LH82,75,2022-08-02,137.51,0.2045090910684104,16.0,2,0,93.82802480258883,nitrogen,held_out_location
Scottsbluff|n225|12|23,Scottsbluff,n225,12,23,PHP02 X PHB47,75,2022-08-02,161.65,0.1873450507921416,16.0,2,0,93.82802480258883,nitrogen,held_out_location
Scottsbluff|n225|24|23,Scottsbluff,n225,24,23,PHP02 X PHB47,75,2022-08-02,153.89,0.2373160525257479,16.0,2,0,93.82802480258883,nitrogen,held_out_location
Scottsbluff|n225|16|21,Scottsbluff,n225,16,21,PHP02 X PHG47,75,2022-08-02,161.38,0.1477905593057537,16.0,2,0,93.82802480258883,nitrogen,held_out_location
Scottsbluff|n225|18|25,Scottsbluff,n225,18,25,PHP02 X PHJ89,75,2022-08-02,182.68,0.1252594159804885,16.0,2,0,93.82802480258883,nitrogen,held_out_location
Scottsbluff|n225|16|20,Scottsbluff,n225,16,20,PHP02 X PHK56,75,2022-08-02,206.27,0.1460825807372957,16.0,2,0,93.82802480258883,nitrogen,held_out_location
Scottsbluff|n225|9|23,Scottsbluff,n225,9,23,PHP02 X PHK56,75,2022-08-02,191.02,0.2000268603158478,16.0,2,0,93.82802480258883,nitrogen,held_out_location
Scottsbluff|n225|7|21,Scottsbluff,n225,7,21,PHP02 X PHK76,75,2022-08-02,178.66,0.1932929103157248,16.0,2,0,93.82802480258883,nitrogen,held_out_location
Scottsbluff|n225|15|23,Scottsbluff,n225,15,23,PHP02 X PHK76,75,2022-08-02,152.47,0.220096768233799,16.0,2,0,93.82802480258883,nitrogen,held_out_location
Scottsbluff|n225|11|21,Scottsbluff,n225,11,21,PHP02 X PHN46,75,2022-08-02,157.76,0.1773955542180715,16.0,2,0,93.82802480258883,nitrogen,held_out_location
Scottsbluff|n225|19|21,Scottsbluff,n225,19,21,PHP02 X W606S,75,2022-08-02,171.84,0.2065496948143374,16.0,2,0,93.82802480258883,nitrogen,held_out_location
Scottsbluff|n225|9|26,Scottsbluff,n225,9,26,PHP02 X W606S,75,2022-08-02,198.16,0.2634834968275765,16.0,2,0,93.82802480258883,nitrogen,held_out_location
Scottsbluff|n225|22|24,Scottsbluff,n225,22,24,PHT69 X 3IIH6,75,2022-08-02,67.73,0.2060740740072756,16.0,2,0,93.82802480258883,nitrogen,held_out_location
Scottsbluff|n225|4|25,Scottsbluff,n225,4,25,PHT69 X 3IIH6,75,2022-08-02,180.85,0.2755595518472994,16.0,2,0,93.82802480258883,nitrogen,held_out_location
Scottsbluff|n225|10|25,Scottsbluff,n225,10,25,PHW52 X LH185,75,2022-08-02,156.59,0.188097861896847,16.0,2,0,93.82802480258883,nitrogen,held_out_location
Scottsbluff|n225|24|25,Scottsbluff,n225,24,25,PHW52 X LH185,75,2022-08-02,180.42,0.247858438953484,16.0,2,0,93.82802480258883,nitrogen,held_out_location
Scottsbluff|n225|3|23,Scottsbluff,n225,3,23,PHW52 X PHM49,75,2022-08-02,146.34,0.2607279849111074,16.0,2,0,93.82802480258883,nitrogen,held_out_location
Scottsbluff|n225|26|25,Scottsbluff,n225,26,25,PHW52 X PHM49,75,2022-08-02,165.3,0.1746360524130139,16.0,2,0,93.82802480258883,nitrogen,held_out_location
Scottsbluff|n225|7|23,Scottsbluff,n225,7,23,PHW52 X PHN82,75,2022-08-02,170.65,0.2278460215112391,16.0,2,0,93.82802480258883,nitrogen,held_out_location
Scottsbluff|n225|20|26,Scottsbluff,n225,20,26,PHW52 X PHN82,75,2022-08-02,178.96,0.1935609059206923,16.0,2,0,93.82802480258883,nitrogen,held_out_location
Scottsbluff|n225|24|21,Scottsbluff,n225,24,21,PHW52 X PHZ51,75,2022-08-02,155.63,0.2366636681884344,16.0,2,0,93.82802480258883,nitrogen,held_out_location
Scottsbluff|n225|26|20,Scottsbluff,n225,26,20,PHZ51 X LH145,75,2022-08-02,157.86,0.2000702944260746,16.0,2,0,93.82802480258883,nitrogen,held_out_location
Scottsbluff|n225|8|25,Scottsbluff,n225,8,25,PHZ51 X LH145,75,2022-08-02,122.94,0.2594750046988681,16.0,2,0,93.82802480258883,nitrogen,held_out_location
Scottsbluff|n225|15|20,Scottsbluff,n225,15,20,PIONEER 1311 AMXT,75,2022-08-02,200.52,0.1580953263165649,16.0,2,0,93.82802480258883,nitrogen,held_out_location
Scottsbluff|n225|12|25,Scottsbluff,n225,12,25,PIONEER 1311 AMXT,75,2022-08-02,199.14,0.2117873736835541,16.0,2,0,93.82802480258883,nitrogen,held_out_location
Scottsbluff|n225|7|25,Scottsbluff,n225,7,25,PIONEER P0589 AMXT,75,2022-08-02,204.04,0.2150068653582101,16.0,2,0,93.82802480258883,nitrogen,held_out_location
Scottsbluff|n225|17|26,Scottsbluff,n225,17,26,PIONEER P0589 AMXT,75,2022-08-02,205.2,0.2379775187335802,16.0,2,0,93.82802480258883,nitrogen,held_out_location
Scottsbluff|n225|27|21,Scottsbluff,n225,27,21,SYNGENTA NK0760-3111,75,2022-08-02,189.76,0.1999863491094801,16.0,2,0,93.82802480258883,nitrogen,held_out_location
Scottsbluff|n225|22|23,Scottsbluff,n225,22,23,SYNGENTA NK0760-3111,75,2022-08-02,84.42,0.1892528872965346,16.0,2,0,93.82802480258883,nitrogen,held_out_location
Scottsbluff|n225|9|25,Scottsbluff,n225,9,25,SYNGENTA NK0760-3111,75,2022-08-02,214.1,0.2328102878716375,16.0,2,0,93.82802480258883,nitrogen,held_out_location
Scottsbluff|n225|17|25,Scottsbluff,n225,17,25,SYNGENTA NK0760-3111,75,2022-08-02,196.51,0.1563715536302513,16.0,2,0,93.82802480258883,nitrogen,held_out_location
Scottsbluff|n225|10|26,Scottsbluff,n225,10,26,SYNGENTA NK0760-3111,75,2022-08-02,206.41,0.2116138574785166,16.0,2,0,93.82802480258883,nitrogen,held_out_location
Scottsbluff|n225|11|26,Scottsbluff,n225,11,26,SYNGENTA NK0760-3111,75,2022-08-02,213.39,0.1783740337600532,16.0,2,0,93.82802480258883,nitrogen,held_out_location
Scottsbluff|n225|12|26,Scottsbluff,n225,12,26,SYNGENTA NK0760-3111,75,2022-08-02,227.3,0.2218625389915226,16.0,2,0,93.82802480258883,nitrogen,held_out_location
Scottsbluff|n225|13|26,Scottsbluff,n225,13,26,SYNGENTA NK0760-3111,75,2022-08-02,219.07,0.2742325330602379,16.0,2,0,93.82802480258883,nitrogen,held_out_location
Scottsbluff|n225|14|26,Scottsbluff,n225,14,26,SYNGENTA NK0760-3111,75,2022-08-02,180.48,0.2338793675008585,16.0,2,0,93.82802480258883,nitrogen,held_out_location
Scottsbluff|n225|13|22,Scottsbluff,n225,13,22,WF9 X H95,75,2022-08-02,70.31,0.2172425364398462,16.0,2,0,93.82802480258883,nitrogen,held_out_location
Scottsbluff|n225|23|24,Scottsbluff,n225,23,24,WF9 X H95,75,2022-08-02,98.09,0.2092248904413541,16.0,2,0,93.82802480258883,nitrogen,held_out_location
Ames|4233|12|4,Ames,4233,12,4,2369 X 3IIH6,90,2022-08-21,174.48,-0.0297283948970693,11.0,3,0,106.54813744498418,nitrogen,held_out_location
Ames|4233|15|8,Ames,4233,15,8,2369 X 3IIH6,90,2022-08-21,184.74,-0.0075297695265839,11.0,3,0,106.54813744498418,nitrogen,held_out_location
Ames|4233|3|4,Ames,4233,3,4,2369 X LH123HT,90,2022-08-21,171.61,-0.0196087374268436,11.0,3,0,106.54813744498418,nitrogen,held_out_location
Ames|4233|22|5,Ames,4233,22,5,2369 X LH123HT,90,2022-08-21,90.78,-0.035230985612743,11.0,3,0,106.54813744498418,nitrogen,held_out_location
Ames|4233|7|8,Ames,4233,7,8,2369 X PHN82,90,2022-08-21,117.26,-0.0268321640582838,11.0,3,0,106.54813744498418,nitrogen,held_out_location
Ames|4233|16|9,Ames,4233,16,9,2369 X PHN82,90,2022-08-21,122.41,-0.0315131211640571,11.0,3,0,106.54813744498418,nitrogen,held_out_location
Ames|4233|20|6,Ames,4233,20,6,2369 X PHP02,90,2022-08-21,131.15,-0.0380557291473668,11.0,3,0,106.54813744498418,nitrogen,held_out_location
Ames|4233|3|7,Ames,4233,3,7,2369 X PHP02,90,2022-08-21,171.44,-0.0113035177120368,11.0,3,0,106.54813744498418,nitrogen,held_out_location
Ames|4233|7|5,Ames,4233,7,5,2369 X PHZ51,90,2022-08-21,116.02,-0.0165449140999669,11.0,3,0,106.54813744498418,nitrogen,held_out_location
Ames|4233|24|7,Ames,4233,24,7,2369 X PHZ51,90,2022-08-21,129.74,-0.039219823443094,11.0,3,0,106.54813744498418,nitrogen,held_out_location
Ames|4233|4|3,Ames,4233,4,3,2FACC X 3IIH6,90,2022-08-21,149.08,-0.0177718563517834,11.0,3,0,106.54813744498418,nitrogen,held_out_location
Ames|4233|16|8,Ames,4233,16,8,2FACC X 3IIH6,90,2022-08-21,172.27,-0.0047647581322092,11.0,3,0,106.54813744498418,nitrogen,held_out_location
Ames|4233|14|3,Ames,4233,14,3,4N506 X 3IIH6,90,2022-08-21,162.27,-0.0355673850224116,11.0,3,0,106.54813744498418,nitrogen,held_out_location
Ames|4233|3|10,Ames,4233,3,10,4N506 X 3IIH6,90,2022-08-21,175.25,-0.0045819998397975,11.0,3,0,106.54813744498418,nitrogen,held_out_location
Ames|4233|8|3,Ames,4233,8,3,B105 X 3IIH6,90,2022-08-21,94.98,-0.0388948556989354,11.0,3,0,106.54813744498418,nitrogen,held_out_location
Ames|4233|24|10,Ames,4233,24,10,B105 X 3IIH6,90,2022-08-21,159.48,-0.0077033996435074,11.0,3,0,106.54813744498418,nitrogen,held_out_location
Ames|4233|3|5,Ames,4233,3,5,B14A X MO17,90,2022-08-21,154.03,-0.0170086458958808,11.0,3,0,106.54813744498418,nitrogen,held_out_location
Ames|4233|16|6,Ames,4233,16,6,B14A X MO17,90,2022-08-21,161.11,-0.0312373676952963,11.0,3,0,106.54813744498418,nitrogen,held_out_location
Ames|4233|19|4,Ames,4233,19,4,B37 X H95,90,2022-08-21,64.05,-0.0997794228371417,11.0,3,0,106.54813744498418,nitrogen,held_out_location
Ames|4233|5|8,Ames,4233,5,8,B37 X H95,90,2022-08-21,106.29,-0.0355893606181622,11.0,3,0,106.54813744498418,nitrogen,held_out_location
Ames|4233|12|5,Ames,4233,12,5,B37 X MO17,90,2022-08-21,157.36,-0.0381469565684378,11.0,3,0,106.54813744498418,nitrogen,held_out_location
Ames|4233|19|7,Ames,4233,19,7,B37 X MO17,90,2022-08-21,121.29,-0.0329561907086161,11.0,3,0,106.54813744498418,nitrogen,held_out_location
Ames|4233|9|8,Ames,4233,9,8,B37 X OH43,90,2022-08-21,134.57,-0.0488792166351076,11.0,3,0,106.54813744498418,nitrogen,held_out_location
Ames|4233|24|8,Ames,4233,24,8,B37 X OH43,90,2022-08-21,118.43,-0.0363391895372168,11.0,3,0,106.54813744498418,nitrogen,held_out_location
Ames|4233|3|9,Ames,4233,3,9,B73 X 3IIH6,90,2022-08-21,193.47,-0.0195079855138401,11.0,3,0,106.54813744498418,nitrogen,held_out_location
Ames|4233|20|9,Ames,4233,20,9,B73 X 3IIH6,90,2022-08-21,174.06,-0.0243996049632344,11.0,3,0,106.54813744498418,nitrogen,held_out_location
Ames|4233|17|4,Ames,4233,17,4,B73 X MO17,90,2022-08-21,126.57,-0.0535356975830696,11.0,3,0,106.54813744498418,nitrogen,held_out_location
Ames|4233|5|5,Ames,4233,5,5,B73 X MO17,90,2022-08-21,151.82,-0.022585618345859,11.0,3,0,106.54813744498418,nitrogen,held_out_location
Ames|4233|11|3,Ames,4233,11,3,B73 X PHM49,90,2022-08-21,128.98,-0.0165691543647753,11.0,3,0,106.54813744498418,nitrogen,held_out_location
Ames|4233|21|9,Ames,4233,21,9,B73 X PHM49,90,2022-08-21,139.93,-0.0254526142613011,11.0,3,0,106.54813744498418,nitrogen,held_out_location
Ames|4233|14|7,Ames,4233,14,7,B73 X PHN82,90,2022-08-21,137.7,-0.0213421541674398,11.0,3,0,106.54813744498418,nitrogen,held_out_location
Ames|4233|9|10,Ames,4233,9,10,B73 X PHN82,90,2022-08-21,177.63,-0.0063682592314094,11.0,3,0,106.54813744498418,nitrogen,held_out_location
Ames|4233|12|3,Ames,4233,12,3,B73 X PHZ51,90,2022-08-21,103.34,-0.0181541167895601,11.0,3,0,106.54813744498418,nitrogen,held_out_location
Ames|4233|23|5,Ames,4233,23,5,B73 X PHZ51,90,2022-08-21,147.77,-0.0194577869001852,11.0,3,0,106.54813744498418,nitrogen,held_out_location
Ames|4233|11|4,Ames,4233,11,4,B84 X 3IIH6,90,2022-08-21,156.89,-0.0313081033753603,11.0,3,0,106.54813744498418,nitrogen,held_out_location
Ames|4233|17|5,Ames,4233,17,5,B84 X 3IIH6,90,2022-08-21,135.91,-0.0574981023789687,11.0,3,0,106.54813744498418,nitrogen,held_out_location
Ames|4233|23|3,Ames,4233,23,3,F42 X MO17,90,2022-08-21,138.0,-0.0275012188173653,11.0,3,0,106.54813744498418,nitrogen,held_out_location
Ames|4233|4|4,Ames,4233,4,4,F42 X MO17,90,2022-08-21,162.43,-0.0271612500057502,11.0,3,0,106.54813744498418,nitrogen,held_out_location
Ames|4233|10|5,Ames,4233,10,5,F42 X OH43,90,2022-08-21,124.69,-0.0332623256066555,11.0,3,0,106.54813744498418,nitrogen,held_out_location
Ames|4233|17|9,Ames,4233,17,9,F42 X OH43,90,2022-08-21,97.88,-0.0602907385581086,11.0,3,0,106.54813744498418,nitrogen,held_out_location
Ames|4233|23|4,Ames,4233,23,4,HOEGEMEYER 7089 AMXT,90,2022-08-21,137.09,-0.0234422463023715,11.0,3,0,106.54813744498418,nitrogen,held_out_location
Ames|4233|5|6,Ames,4233,5,6,HOEGEMEYER 7089 AMXT,90,2022-08-21,134.97,0.0161145323650062,11.0,3,0,106.54813744498418,nitrogen,held_out_location
Ames|4233|24|4,Ames,4233,24,4,HOEGEMEYER 8065RR,90,2022-08-21,111.36,-0.0297601728601381,11.0,3,0,106.54813744498418,nitrogen,held_out_location
Ames|4233|11|10,Ames,4233,11,10,HOEGEMEYER 8065RR,90,2022-08-21,198.42,0.0139012401091598,11.0,3,0,106.54813744498418,nitrogen,held_out_location
Ames|4233|15|3,Ames,4233,15,3,LH123HT X 3IIH6,90,2022-08-21,163.37,-0.0417521421894016,11.0,3,0,106.54813744498418,nitrogen,held_out_location
Ames|4233|8|4,Ames,4233,8,4,LH123HT X 3IIH6,90,2022-08-21,152.63,-0.0467459932082403,11.0,3,0,106.54813744498418,nitrogen,held_out_location
Ames|4233|21|6,Ames,4233,21,6,LH123HT X PHB47,90,2022-08-21,156.27,-0.0435098544739419,11.0,3,0,106.54813744498418,nitrogen,held_out_location
Ames|4233|7|7,Ames,4233,7,7,LH123HT X PHB47,90,2022-08-21,144.63,-0.0314402611120507,11.0,3,0,106.54813744498418,nitrogen,held_out_location
Ames|4233|9|4,Ames,4233,9,4,LH145 X LH162,90,2022-08-21,142.7,-0.0470414193698234,11.0,3,0,106.54813744498418,nitrogen,held_out_location
Ames|4233|23|6,Ames,4233,23,6,LH145 X LH162,90,2022-08-21,145.72,-0.0331798315393754,11.0,3,0,106.54813744498418,nitrogen,held_out_location
Ames|4233|13|9,Ames,4233,13,9,LH185 X LH145,90,2022-08-21,143.07,-0.0122355039048032,11.0,3,0,106.54813744498418,nitrogen,held_out_location
Ames|4233|13|8,Ames,4233,13,8,LH185 X LH82,90,2022-08-21,188.24,-0.0240882796545147,11.0,3,0,106.54813744498418,nitrogen,held_out_location
Ames|4233|14|10,Ames,4233,14,10,LH185 X LH82,90,2022-08-21,170.56,-0.0135529558437634,11.0,3,0,106.54813744498418,nitrogen,held_out_location
Ames|4233|13|7,Ames,4233,13,7,LH185 X W606S,90,2022-08-21,155.02,-0.0180595879359725,11.0,3,0,106.54813744498418,nitrogen,held_out_location
Ames|4233|3|3,Ames,4233,3,3,LH195 X 3IIH6,90,2022-08-21,141.65,-0.0218811551398746,11.0,3,0,106.54813744498418,nitrogen,held_out_location
Ames|4233|22|3,Ames,4233,22,3,LH195 X 3IIH6,90,2022-08-21,141.07,-0.0584964737367786,11.0,3,0,106.54813744498418,nitrogen,held_out_location
Ames|4233|7|3,Ames,4233,7,3,LH195 X LH123HT,90,2022-08-21,105.62,-0.0162109662070524,11.0,3,0,106.54813744498418,nitrogen,held_out_location
Ames|4233|23|7,Ames,4233,23,7,LH195 X LH123HT,90,2022-08-21,170.01,-0.0149923608883005,11.0,3,0,106.54813744498418,nitrogen,held_out_location
Ames|4233|22|6,Ames,4233,22,6,LH195 X LH185,90,2022-08-21,158.88,-0.0188995473009668,11.0,3,0,106.54813744498418,nitrogen,held_out_location
Ames|4233|4|8,Ames,4233,4,8,LH195 X LH185,90,2022-08-21,168.46,-0.0155315383000458,11.0,3,0,106.54813744498418,nitrogen,held_out_location
Ames|4233|19|6,Ames,4233,19,6,LH195 X PHM49,90,2022-08-21,96.47,-0.0352803172696112,11.0,3,0,106.54813744498418,nitrogen,held_out_location
Ames|4233|5|10,Ames,4233,5,10,LH195 X PHM49,90,2022-08-21,137.44,0.0170875975230379,11.0,3,0,106.54813744498418,nitrogen,held_out_location
Ames|4233|15|7,Ames,4233,15,7,LH195 X PHZ51,90,2022-08-21,119.26,-0.0265333723069853,11.0,3,0,106.54813744498418,nitrogen,held_out_location
Ames|4233|9|9,Ames,4233,9,9,LH195 X PHZ51,90,2022-08-21,161.49,-0.0142014525454801,11.0,3,0,106.54813744498418,nitrogen,held_out_location
Ames|4233|11|7,Ames,4233,11,7,LH198 X PHB47,90,2022-08-21,132.89,-0.0227353787960191,11.0,3,0,106.54813744498418,nitrogen,held_out_location
Ames|4233|22|10,Ames,4233,22,10,LH198 X PHB47,90,2022-08-21,140.18,-0.0159835343587136,11.0,3,0,106.54813744498418,nitrogen,held_out_location
Ames|4233|6|3,Ames,4233,6,3,LH198 X PHZ51,90,2022-08-21,111.68,-0.0285995645905164,11.0,3,0,106.54813744498418,nitrogen,held_out_location
Ames|4233|21|3,Ames,4233,21,3,LH198 X PHZ51,90,2022-08-21,79.42,-0.0528484507115094,11.0,3,0,106.54813744498418,nitrogen,held_out_location
Ames|4233|7|9,Ames,4233,7,9,LH74 X PHM49,90,2022-08-21,149.7,-0.0291630334480281,11.0,3,0,106.54813744498418,nitrogen,held_out_location
Ames|4233|18|10,Ames,4233,18,10,LH74 X PHM49,90,2022-08-21,131.49,-0.04323376107271,11.0,3,0,106.54813744498418,nitrogen,held_out_location
Ames|4233|23|8,Ames,4233,23,8,LH74 X PHN82,90,2022-08-21,151.44,-0.0112461216105121,11.0,3,0,106.54813744498418,nitrogen,held_out_location
Ames|4233|4|9,Ames,4233,4,9,LH74 X PHN82,90,2022-08-21,152.13,-0.0274186549049961,11.0,3,0,106.54813744498418,nitrogen,held_out_location
Ames|4233|6|8,Ames,4233,6,8,LH82 X PHB47,90,2022-08-21,158.17,-0.0121406917064417,11.0,3,0,106.54813744498418,nitrogen,held_out_location
Ames|4233|21|8,Ames,4233,21,8,LH82 X PHB47,90,2022-08-21,146.7,-0.0281013873683093,11.0,3,0,106.54813744498418,nitrogen,held_out_location
Ames|4233|14|9,Ames,4233,14,9,LH82 X PHJ89,90,2022-08-21,175.02,-0.0087735684719584,11.0,3,0,106.54813744498418,nitrogen,held_out_location
Ames|4233|7|10,Ames,4233,7,10,LH82 X PHJ89,90,2022-08-21,179.68,-0.0127168508477868,11.0,3,0,106.54813744498418,nitrogen,held_out_location
Ames|4233|9|7,Ames,4233,9,7,LH82 X W606S,90,2022-08-21,149.42,-0.0370208796001231,11.0,3,0,106.54813744498418,nitrogen,held_out_location
Ames|4233|15|9,Ames,4233,15,9,LH82 X W606S,90,2022-08-21,170.47,-0.0128529543601138,11.0,3,0,106.54813744498418,nitrogen,held_out_location
Ames|4233|5|3,Ames,4233,5,3,N209 X 3IIH6,90,2022-08-21,134.42,-0.028411338491378,11.0,3,0,106.54813744498418,nitrogen,held_out_location
Ames|4233|21|7,Ames,4233,21,7,N209 X 3IIH6,90,2022-08-21,143.63,-0.0469680840066611,11.0,3,0,106.54813744498418,nitrogen,held_out_location
Ames|4233|14|5,Ames,4233,14,5,PHB47 X 3IIH6,90,2022-08-21,160.85,-0.0471357704787223,11.0,3,0,106.54813744498418,nitrogen,held_out_location
Ames|4233|6|10,Ames,4233,6,10,PHB47 X 3IIH6,90,2022-08-21,178.1,-0.0242373775246766,11.0,3,0,106.54813744498418,nitrogen,held_out_location
Ames|4233|6|9,Ames,4233,6,9,PHB47 X LH185,90,2022-08-21,168.55,-0.0335991112892546,11.0,3,0,106.54813744498418,nitrogen,held_out_location
Ames|4233|17|10,Ames,4233,17,10,PHB47 X LH185,90,2022-08-21,138.8,-0.0319038335627497,11.0,3,0,106.54813744498418,nitrogen,held_out_location
Ames|4233|8|5,Ames,4233,8,5,PHB47 X PHJ89,90,2022-08-21,131.61,-0.0284880302183182,11.0,3,0,106.54813744498418,nitrogen,held_out_location
Ames|4233|8|8,Ames,4233,8,8,PHB47 X PHK56,90,2022-08-21,175.08,-0.0096684975283882,11.0,3,0,106.54813744498418,nitrogen,held_out_location
Ames|4233|15|10,Ames,4233,15,10,PHB47 X PHK56,90,2022-08-21,181.96,-0.0039491251840741,11.0,3,0,106.54813744498418,nitrogen,held_out_location
Ames|4233|11|5,Ames,4233,11,5,PHG39 X PHM49,90,2022-08-21,167.18,-0.025186226641249,11.0,3,0,106.54813744498418,nitrogen,held_out_location
Ames|4233|15|6,Ames,4233,15,6,PHG39 X PHM49,90,2022-08-21,122.36,-0.0500967062963699,11.0,3,0,106.54813744498418,nitrogen,held_out_location
Ames|4233|3|8,Ames,4233,3,8,PHG39 X PHN82,90,2022-08-21,189.48,-0.0219458299823845,11.0,3,0,106.54813744498418,nitrogen,held_out_location
Ames|4233|20|5,Ames,4233,20,5,PHJ40 X LH82,90,2022-08-21,113.39,-0.0421674344838696,11.0,3,0,106.54813744498418,nitrogen,held_out_location
Ames|4233|7|6,Ames,4233,7,6,PHJ40 X LH82,90,2022-08-21,161.92,-0.0130365005788108,11.0,3,0,106.54813744498418,nitrogen,held_out_location
Ames|4233|6|6,Ames,4233,6,6,PHK56 X 3IIH6,90,2022-08-21,154.68,0.0088017602436556,11.0,3,0,106.54813744498418,nitrogen,held_out_location
Ames|4233|19|8,Ames,4233,19,8,PHK56 X 3IIH6,90,2022-08-21,158.53,-0.0137230986492414,11.0,3,0,106.54813744498418,nitrogen,held_out_location
Ames|4233|12|7,Ames,4233,12,7,PHK56 X LH145,90,2022-08-21,132.96,-0.0166199997126119,11.0,3,0,106.54813744498418,nitrogen,held_out_location
Ames|4233|13|6,Ames,4233,13,6,PHK56 X LH185,90,2022-08-21,153.61,-0.0128576435855678,11.0,3,0,106.54813744498418,nitrogen,held_out_location
Ames|4233|16|7,Ames,4233,16,7,PHK56 X LH185,90,2022-08-21,152.37,-0.0113752313199275,11.0,3,0,106.54813744498418,nitrogen,held_out_location
Ames|4233|24|5,Ames,4233,24,5,PHK56 X LH198,90,2022-08-21,137.7,-0.0204680719950171,11.0,3,0,106.54813744498418,nitrogen,held_out_location
Ames|4233|8|10,Ames,4233,8,10,PHK56 X LH198,90,2022-08-21,173.97,-0.007341110407351,11.0,3,0,106.54813744498418,nitrogen,held_out_location
Ames|4233|13|4,Ames,4233,13,4,PHK56 X LH82,90,2022-08-21,171.52,-0.0192562121072595,11.0,3,0,106.54813744498418,nitrogen,held_out_location
Ames|4233|19|9,Ames,4233,19,9,PHK56 X LH82,90,2022-08-21,153.73,-0.029163379120467,11.0,3,0,106.54813744498418,nitrogen,held_out_location
Ames|4233|15|5,Ames,4233,15,5,PHK56 X PHJ89,90,2022-08-21,166.84,-0.0054286734021676,11.0,3,0,106.54813744498418,nitrogen,held_out_location
Ames|4233|5|7,Ames,4233,5,7,PHK56 X PHJ89,90,2022-08-21,143.86,-0.0186542979626564,11.0,3,0,106.54813744498418,nitrogen,held_out_location
Ames|4233|12|6,Ames,4233,12,6,PHK56 X W606S,90,2022-08-21,164.72,-0.0184956168347603,11.0,3,0,106.54813744498418,nitrogen,held_out_location
Ames|4233|23|9,Ames,4233,23,9,PHK56 X W606S,90,2022-08-21,184.89,0.0124930691049504,11.0,3,0,106.54813744498418,nitrogen,held_out_location
Ames|4233|18|4,Ames,4233,18,4,PHK76 X 3IIH6,90,2022-08-21,148.68,-0.0353795644691588,11.0,3,0,106.54813744498418,nitrogen,held_out_location
Ames|4233|8|7,Ames,4233,8,7,PHK76 X 3IIH6,90,2022-08-21,155.53,-0.0287428612521896,11.0,3,0,106.54813744498418,nitrogen,held_out_location
Ames|4233|18|3,Ames,4233,18,3,PHK76 X LH145,90,2022-08-21,86.79,-0.0411529916587081,11.0,3,0,106.54813744498418,nitrogen,held_out_location
Ames|4233|10|10,Ames,4233,10,10,PHK76 X LH145,90,2022-08-21,127.82,0.0042208902950923,11.0,3,0,106.54813744498418,nitrogen,held_out_location
Ames|4233|16|4,Ames,4233,16,4,PHK76 X LH198,90,2022-08-21,116.21,-0.0476034950111379,11.0,3,0,106.54813744498418,nitrogen,held_out_location
Ames|4233|3|6,Ames,4233,3,6,PHK76 X LH198,90,2022-08-21,172.04,-0.0128977072534516,11.0,3,0,106.54813744498418,nitrogen,held_out_location
Ames|4233|14|4,Ames,4233,14,4,PHK76 X LH82,90,2022-08-21,151.74,-0.0432812988750613,11.0,3,0,106.54813744498418,nitrogen,held_out_location
Ames|4233|11|8,Ames,4233,11,8,PHK76 X LH82,90,2022-08-21,168.7,-0.0195368230743421,11.0,3,0,106.54813744498418,nitrogen,held_out_location
Ames|4233|10|7,Ames,4233,10,7,PHK76 X W606S,90,2022-08-21,137.71,-0.0009551613144695,11.0,3,0,106.54813744498418,nitrogen,held_out_location
Ames|4233|18|7,Ames,4233,18,7,PHK76 X W606S,90,2022-08-21,107.3,-0.0346606276582065,11.0,3,0,106.54813744498418,nitrogen,held_out_location
Ames|4233|15|4,Ames,4233,15,4,PHN46 X PHB47,90,2022-08-21,147.61,-0.0539674841472523,11.0,3,0,106.54813744498418,nitrogen,held_out_location
Ames|4233|10|6,Ames,4233,10,6,PHN46 X PHB47,90,2022-08-21,160.22,-0.0253795503659548,11.0,3,0,106.54813744498418,nitrogen,held_out_location
Ames|4233|6|7,Ames,4233,6,7,PHN46 X PHK56,90,2022-08-21,142.69,-0.012871291387843,11.0,3,0,106.54813744498418,nitrogen,held_out_location
Ames|4233|20|7,Ames,4233,20,7,PHN46 X PHK56,90,2022-08-21,163.93,-0.0108408551024858,11.0,3,0,106.54813744498418,nitrogen,held_out_location
Ames|4233|12|10,Ames,4233,12,10,PHN46 X W606S,90,2022-08-21,164.92,0.0004841162435473,11.0,3,0,106.54813744498418,nitrogen,held_out_location
Ames|4233|19|10,Ames,4233,19,10,PHN46 X W606S,90,2022-08-21,154.26,-0.0265314802986555,11.0,3,0,106.54813744498418,nitrogen,held_out_location
Ames|4233|22|4,Ames,4233,22,4,PHP02 X LH145,90,2022-08-21,69.68,-0.053966944223793,11.0,3,0,106.54813744498418,nitrogen,held_out_location
Ames|4233|11|9,Ames,4233,11,9,PHP02 X LH145,90,2022-08-21,125.59,-0.0128797766605678,11.0,3,0,106.54813744498418,nitrogen,held_out_location
Ames|4233|16|5,Ames,4233,16,5,PHP02 X LH185,90,2022-08-21,145.92,-0.0312616526329965,11.0,3,0,106.54813744498418,nitrogen,held_out_location
Ames|4233|10|8,Ames,4233,10,8,PHP02 X LH185,90,2022-08-21,170.07,-0.0059197650735659,11.0,3,0,106.54813744498418,nitrogen,held_out_location
Ames|4233|4|6,Ames,4233,4,6,PHP02 X LH198,90,2022-08-21,163.3,-0.0111615310816574,11.0,3,0,106.54813744498418,nitrogen,held_out_location
Ames|4233|17|6,Ames,4233,17,6,PHP02 X LH198,90,2022-08-21,114.85,-0.0452896480600869,11.0,3,0,106.54813744498418,nitrogen,held_out_location
Ames|4233|21|4,Ames,4233,21,4,PHP02 X LH82,90,2022-08-21,99.6,-0.0806811148734465,11.0,3,0,106.54813744498418,nitrogen,held_out_location
Ames|4233|9|6,Ames,4233,9,6,PHP02 X LH82,90,2022-08-21,153.95,-0.0206910833534328,11.0,3,0,106.54813744498418,nitrogen,held_out_location
Ames|4233|10|3,Ames,4233,10,3,PHP02 X PHB47,90,2022-08-21,115.15,-0.0181714043001303,11.0,3,0,106.54813744498418,nitrogen,held_out_location
Ames|4233|16|10,Ames,4233,16,10,PHP02 X PHB47,90,2022-08-21,123.1,-0.0125620015267687,11.0,3,0,106.54813744498418,nitrogen,held_out_location
Ames|4233|13|5,Ames,4233,13,5,PHP02 X PHG47,90,2022-08-21,171.53,-0.0168524312781082,11.0,3,0,106.54813744498418,nitrogen,held_out_location
Ames|4233|17|8,Ames,4233,17,8,PHP02 X PHG47,90,2022-08-21,142.83,-0.0303125303723494,11.0,3,0,106.54813744498418,nitrogen,held_out_location
Ames|4233|17|3,Ames,4233,17,3,PHP02 X PHJ89,90,2022-08-21,117.75,-0.0565015412609075,11.0,3,0,106.54813744498418,nitrogen,held_out_location
Ames|4233|8|6,Ames,4233,8,6,PHP02 X PHJ89,90,2022-08-21,183.33,-0.0100811193882976,11.0,3,0,106.54813744498418,nitrogen,held_out_location
Ames|4233|18|6,Ames,4233,18,6,PHP02 X PHK56,90,2022-08-21,165.13,-0.0333441293699316,11.0,3,0,106.54813744498418,nitrogen,held_out_location
Ames|4233|12|8,Ames,4233,12,8,PHP02 X PHK56,90,2022-08-21,195.96,-0.0191828336364032,11.0,3,0,106.54813744498418,nitrogen,held_out_location
Ames|4233|22|8,Ames,4233,22,8,PHP02 X PHK76,90,2022-08-21,149.42,-0.0167112059182912,11.0,3,0,106.54813744498418,nitrogen,held_out_location
Ames|4233|10|9,Ames,4233,10,9,PHP02 X PHK76,90,2022-08-21,168.88,-0.009666013751469,11.0,3,0,106.54813744498418,nitrogen,held_out_location
Ames|4233|13|3,Ames,4233,13,3,PHP02 X PHN46,90,2022-08-21,125.56,-0.0248451833139132,11.0,3,0,106.54813744498418,nitrogen,held_out_location
Ames|4233|18|9,Ames,4233,18,9,PHP02 X PHN46,90,2022-08-21,117.95,-0.041336926996047,11.0,3,0,106.54813744498418,nitrogen,held_out_location
Ames|4233|13|10,Ames,4233,13,10,PHP02 X W606S,90,2022-08-21,163.96,-0.0008062549971609,11.0,3,0,106.54813744498418,nitrogen,held_out_location
Ames|4233|20|10,Ames,4233,20,10,PHP02 X W606S,90,2022-08-21,157.67,-0.0131396360561421,11.0,3,0,106.54813744498418,nitrogen,held_out_location
Ames|4233|9|3,Ames,4233,9,3,PHT69 X 3IIH6,90,2022-08-21,151.84,-0.0139388255771644,11.0,3,0,106.54813744498418,nitrogen,held_out_location
Ames|4233|21|10,Ames,4233,21,10,PHT69 X 3IIH6,90,2022-08-21,163.79,-0.0129977023168037,11.0,3,0,106.54813744498418,nitrogen,held_out_location
Ames|4233|20|4,Ames,4233,20,4,PHW52 X LH185,90,2022-08-21,95.15,-0.0533576972651528,11.0,3,0,106.54813744498418,nitrogen,held_out_location
Ames|4233|6|5,Ames,4233,6,5,PHW52 X LH185,90,2022-08-21,124.66,-0.0158546082423123,11.0,3,0,106.54813744498418,nitrogen,held_out_location
Ames|4233|19|3,Ames,4233,19,3,PHW52 X PHM49,90,2022-08-21,76.95,-0.0915879037853413,11.0,3,0,106.54813744498418,nitrogen,held_out_location
Ames|4233|4|5,Ames,4233,4,5,PHW52 X PHM49,90,2022-08-21,141.29,-0.028199063274938,11.0,3,0,106.54813744498418,nitrogen,held_out_location
Ames|4233|4|10,Ames,4233,4,10,PHW52 X PHN82,90,2022-08-21,193.63,-0.0081571603195016,11.0,3,0,106.54813744498418,nitrogen,held_out_location
Ames|4233|23|10,Ames,4233,23,10,PHW52 X PHN82,90,2022-08-21,170.8,-0.0040355244345239,11.0,3,0,106.54813744498418,nitrogen,held_out_location
Ames|4233|16|3,Ames,4233,16,3,PHW52 X PHZ51,90,2022-08-21,114.57,-0.0527362619150318,11.0,3,0,106.54813744498418,nitrogen,held_out_location
Ames|4233|7|4,Ames,4233,7,4,PHW52 X PHZ51,90,2022-08-21,146.19,-0.0135282053125269,11.0,3,0,106.54813744498418,nitrogen,held_out_location
Ames|4233|6|4,Ames,4233,6,4,PHZ51 X LH145,90,2022-08-21,131.97,-0.039629580665908,11.0,3,0,106.54813744498418,nitrogen,held_out_location
Ames|4233|21|5,Ames,4233,21,5,PHZ51 X LH145,90,2022-08-21,74.27,-0.0641207866272446,11.0,3,0,106.54813744498418,nitrogen,held_out_location
Ames|4233|14|6,Ames,4233,14,6,PIONEER 1311 AMXT,90,2022-08-21,141.97,-0.0487119017374129,11.0,3,0,106.54813744498418,nitrogen,held_out_location
Ames|4233|12|9,Ames,4233,12,9,PIONEER 1311 AMXT,90,2022-08-21,221.49,-0.0113779631104274,11.0,3,0,106.54813744498418,nitrogen,held_out_location
Ames|4233|11|6,Ames,4233,11,6,PIONEER P0589 AMXT,90,2022-08-21,182.0,-0.0074328678229635,11.0,3,0,106.54813744498418,nitrogen,held_out_location
Ames|4233|24|6,Ames,4233,24,6,PIONEER P0589 AMXT,90,2022-08-21,134.83,-0.0055799696898862,11.0,3,0,106.54813744498418,nitrogen,held_out_location
Ames|4233|4|7,Ames,4233,4,7,SYNGENTA NK0760-3111,90,2022-08-21,167.43,-0.0177700402660281,11.0,3,0,106.54813744498418,nitrogen,held_out_location
Ames|4233|17|7,Ames,4233,17,7,SYNGENTA NK0760-3111,90,2022-08-21,151.07,-0.0463302306579265,11.0,3,0,106.54813744498418,nitrogen,held_out_location
Ames|4233|9|5,Ames,4233,9,5,WF9 X H95,90,2022-08-21,135.85,-0.0514615296704037,11.0,3,0,106.54813744498418,nitrogen,held_out_location
Ames|4233|19|5,Ames,4233,19,5,WF9 X H95,90,2022-08-21,66.18,-0.0962366409478268,11.0,3,0,106.54813744498418,nitrogen,held_out_location
Ames|4232|2|18,Ames,4232,2,18,2369 X 3IIH6,90,2022-08-20,119.07,-0.0376769694244888,10.0,3,0,125.13320277721698,nitrogen,held_out_location
Ames|4232|20|21,Ames,4232,20,21,2369 X 3IIH6,90,2022-08-20,137.78,-0.0241197891032347,10.0,3,0,125.13320277721698,nitrogen,held_out_location
Ames|4232|2|22,Ames,4232,2,22,2369 X LH123HT,90,2022-08-20,77.09,-0.0592148571952788,10.0,3,0,125.13320277721698,nitrogen,held_out_location
Ames|4232|29|22,Ames,4232,29,22,2369 X LH123HT,90,2022-08-20,133.91,-0.0034340374485951,10.0,3,0,125.13320277721698,nitrogen,held_out_location
Ames|4232|5|19,Ames,4232,5,19,2369 X PHN82,90,2022-08-20,123.28,-0.0302003563334043,10.0,3,0,125.13320277721698,nitrogen,held_out_location
Ames|4232|20|19,Ames,4232,20,19,2369 X PHN82,90,2022-08-20,126.3,-0.0237811367952266,10.0,3,0,125.13320277721698,nitrogen,held_out_location
Ames|4232|26|19,Ames,4232,26,19,2369 X PHP02,90,2022-08-20,107.51,-0.0448365721092993,10.0,3,0,125.13320277721698,nitrogen,held_out_location
Ames|4232|8|20,Ames,4232,8,20,2369 X PHP02,90,2022-08-20,126.31,-0.0183522391899106,10.0,3,0,125.13320277721698,nitrogen,held_out_location
Ames|4232|12|19,Ames,4232,12,19,2369 X PHZ51,90,2022-08-20,111.17,-0.0117321528297333,10.0,3,0,125.13320277721698,nitrogen,held_out_location
Ames|4232|28|21,Ames,4232,28,21,2369 X PHZ51,90,2022-08-20,109.88,-0.0316858077003385,10.0,3,0,125.13320277721698,nitrogen,held_out_location
Ames|4232|10|18,Ames,4232,10,18,2FACC X 3IIH6,90,2022-08-20,159.05,-0.0333188609816814,10.0,3,0,125.13320277721698,nitrogen,held_out_location
Ames|4232|22|20,Ames,4232,22,20,2FACC X 3IIH6,90,2022-08-20,119.28,-0.0301592480554385,10.0,3,0,125.13320277721698,nitrogen,held_out_location
Ames|4232|12|17,Ames,4232,12,17,4N506 X 3IIH6,90,2022-08-20,151.66,-0.0073541376986335,10.0,3,0,125.13320277721698,nitrogen,held_out_location
Ames|4232|29|20,Ames,4232,29,20,4N506 X 3IIH6,90,2022-08-20,132.22,-0.0405217332707866,10.0,3,0,125.13320277721698,nitrogen,held_out_location
Ames|4232|14|18,Ames,4232,14,18,B105 X 3IIH6,90,2022-08-20,140.83,-0.0371623662902986,10.0,3,0,125.13320277721698,nitrogen,held_out_location
Ames|4232|20|20,Ames,4232,20,20,B105 X 3IIH6,90,2022-08-20,112.23,-0.0212825696273254,10.0,3,0,125.13320277721698,nitrogen,held_out_location
Ames|4232|30|17,Ames,4232,30,17,B14A X MO17,90,2022-08-20,193.64,0.0018232002260704,10.0,3,0,125.13320277721698,nitrogen,held_out_location
Ames|4232|4|19,Ames,4232,4,19,B14A X MO17,90,2022-08-20,120.53,-0.040139895383106,10.0,3,0,125.13320277721698,nitrogen,held_out_location
Ames|4232|10|17,Ames,4232,10,17,B37 X H95,90,2022-08-20,91.52,-0.0411845854968255,10.0,3,0,125.13320277721698,nitrogen,held_out_location
Ames|4232|21|21,Ames,4232,21,21,B37 X H95,90,2022-08-20,40.95,-0.0386322458963489,10.0,3,0,125.13320277721698,nitrogen,held_out_location
Ames|4232|9|19,Ames,4232,9,19,B37 X MO17,90,2022-08-20,83.59,-0.0372808958556968,10.0,3,0,125.13320277721698,nitrogen,held_out_location
Ames|4232|30|20,Ames,4232,30,20,B37 X MO17,90,2022-08-20,110.11,-0.0498566193631013,10.0,3,0,125.13320277721698,nitrogen,held_out_location
Ames|4232|3|22,Ames,4232,3,22,B37 X OH43,90,2022-08-20,44.04,-0.0600820474680932,10.0,3,0,125.13320277721698,nitrogen,held_out_location
Ames|4232|28|22,Ames,4232,28,22,B37 X OH43,90,2022-08-20,47.82,-0.0489402055643831,10.0,3,0,125.13320277721698,nitrogen,held_out_location
Ames|4232|2|17,Ames,4232,2,17,B73 X 3IIH6,90,2022-08-20,137.19,-0.0261878813445519,10.0,3,0,125.13320277721698,nitrogen,held_out_location
Ames|4232|17|19,Ames,4232,17,19,B73 X 3IIH6,90,2022-08-20,158.58,-0.0217989942592667,10.0,3,0,125.13320277721698,nitrogen,held_out_location
Ames|4232|11|17,Ames,4232,11,17,B73 X MO17,90,2022-08-20,136.17,-0.0100557465590497,10.0,3,0,125.13320277721698,nitrogen,held_out_location
Ames|4232|18|19,Ames,4232,18,19,B73 X MO17,90,2022-08-20,119.39,-0.0237770470762189,10.0,3,0,125.13320277721698,nitrogen,held_out_location
Ames|4232|9|18,Ames,4232,9,18,B73 X PHM49,90,2022-08-20,121.7,-0.0285743598403568,10.0,3,0,125.13320277721698,nitrogen,held_out_location
Ames|4232|23|22,Ames,4232,23,22,B73 X PHM49,90,2022-08-20,97.2,-0.0198600306829374,10.0,3,0,125.13320277721698,nitrogen,held_out_location
Ames|4232|27|22,Ames,4232,27,22,B73 X PHN82,90,2022-08-20,120.87,-0.0255016579205993,10.0,3,0,125.13320277721698,nitrogen,held_out_location
Ames|4232|8|17,Ames,4232,8,17,B73 X PHZ51,90,2022-08-20,120.22,-0.0038523013799556,10.0,3,0,125.13320277721698,nitrogen,held_out_location
Ames|4232|25|18,Ames,4232,25,18,B73 X PHZ51,90,2022-08-20,122.92,-0.0415434389287797,10.0,3,0,125.13320277721698,nitrogen,held_out_location
Ames|4232|7|19,Ames,4232,7,19,B84 X 3IIH6,90,2022-08-20,104.59,-0.0415448831692712,10.0,3,0,125.13320277721698,nitrogen,held_out_location
Ames|4232|21|19,Ames,4232,21,19,B84 X 3IIH6,90,2022-08-20,95.94,-0.0227888898603595,10.0,3,0,125.13320277721698,nitrogen,held_out_location
Ames|4232|5|21,Ames,4232,5,21,F42 X MO17,90,2022-08-20,101.6,-0.0352479594854282,10.0,3,0,125.13320277721698,nitrogen,held_out_location
Ames|4232|18|22,Ames,4232,18,22,F42 X MO17,90,2022-08-20,100.53,-0.0205188108966503,10.0,3,0,125.13320277721698,nitrogen,held_out_location
Ames|4232|19|17,Ames,4232,19,17,F42 X OH43,90,2022-08-20,117.72,0.0050632795033125,10.0,3,0,125.13320277721698,nitrogen,held_out_location
Ames|4232|11|18,Ames,4232,11,18,F42 X OH43,90,2022-08-20,115.08,-0.0330464046840109,10.0,3,0,125.13320277721698,nitrogen,held_out_location
Ames|4232|19|21,Ames,4232,19,21,HOEGEMEYER 7089 AMXT,90,2022-08-20,164.15,-0.0062309464616836,10.0,3,0,125.13320277721698,nitrogen,held_out_location
Ames|4232|14|22,Ames,4232,14,22,HOEGEMEYER 7089 AMXT,90,2022-08-20,136.46,-0.0094662247390784,10.0,3,0,125.13320277721698,nitrogen,held_out_location
Ames|4232|27|20,Ames,4232,27,20,HOEGEMEYER 8065RR,90,2022-08-20,186.23,-0.0286783136387912,10.0,3,0,125.13320277721698,nitrogen,held_out_location
Ames|4232|6|21,Ames,4232,6,21,HOEGEMEYER 8065RR,90,2022-08-20,159.04,-0.0305637440945063,10.0,3,0,125.13320277721698,nitrogen,held_out_location
Ames|4232|21|20,Ames,4232,21,20,LH123HT X 3IIH6,90,2022-08-20,119.96,-0.0335396229401108,10.0,3,0,125.13320277721698,nitrogen,held_out_location
Ames|4232|7|20,Ames,4232,7,20,LH123HT X PHB47,90,2022-08-20,106.87,-0.0272253573972308,10.0,3,0,125.13320277721698,nitrogen,held_out_location
Ames|4232|26|22,Ames,4232,26,22,LH123HT X PHB47,90,2022-08-20,105.14,-0.0531453840917264,10.0,3,0,125.13320277721698,nitrogen,held_out_location
Ames|4232|3|18,Ames,4232,3,18,LH145 X LH162,90,2022-08-20,133.32,-0.0225815000802382,10.0,3,0,125.13320277721698,nitrogen,held_out_location
Ames|4232|29|19,Ames,4232,29,19,LH145 X LH162,90,2022-08-20,139.7,-0.044483614827849,10.0,3,0,125.13320277721698,nitrogen,held_out_location
Ames|4232|10|22,Ames,4232,10,22,LH185 X LH145,90,2022-08-20,71.53,-0.018896433425236,10.0,3,0,125.13320277721698,nitrogen,held_out_location
Ames|4232|16|20,Ames,4232,16,20,LH185 X LH82,90,2022-08-20,140.47,-0.0047640570046036,10.0,3,0,125.13320277721698,nitrogen,held_out_location
Ames|4232|22|22,Ames,4232,22,22,LH185 X LH82,90,2022-08-20,115.67,-0.0068930468226915,10.0,3,0,125.13320277721698,nitrogen,held_out_location
Ames|4232|12|21,Ames,4232,12,21,LH185 X W606S,90,2022-08-20,104.49,-0.0324745930087436,10.0,3,0,125.13320277721698,nitrogen,held_out_location
Ames|4232|28|18,Ames,4232,28,18,LH195 X 3IIH6,90,2022-08-20,173.67,-0.0456327568763522,10.0,3,0,125.13320277721698,nitrogen,held_out_location
Ames|4232|2|20,Ames,4232,2,20,LH195 X 3IIH6,90,2022-08-20,115.09,-0.063161551390926,10.0,3,0,125.13320277721698,nitrogen,held_out_location
Ames|4232|25|19,Ames,4232,25,19,LH195 X LH123HT,90,2022-08-20,87.85,-0.0623158872069851,10.0,3,0,125.13320277721698,nitrogen,held_out_location
Ames|4232|5|20,Ames,4232,5,20,LH195 X LH123HT,90,2022-08-20,108.71,-0.0236712715235692,10.0,3,0,125.13320277721698,nitrogen,held_out_location
Ames|4232|13|17,Ames,4232,13,17,LH195 X LH185,90,2022-08-20,150.62,-0.013277178095494,10.0,3,0,125.13320277721698,nitrogen,held_out_location
Ames|4232|25|21,Ames,4232,25,21,LH195 X LH185,90,2022-08-20,84.88,-0.0597424024202217,10.0,3,0,125.13320277721698,nitrogen,held_out_location
Ames|4232|10|19,Ames,4232,10,19,LH195 X PHM49,90,2022-08-20,70.54,-0.0259508929892293,10.0,3,0,125.13320277721698,nitrogen,held_out_location
Ames|4232|28|19,Ames,4232,28,19,LH195 X PHM49,90,2022-08-20,59.58,-0.0297279425092144,10.0,3,0,125.13320277721698,nitrogen,held_out_location
Ames|4232|24|17,Ames,4232,24,17,LH195 X PHZ51,90,2022-08-20,103.13,-0.0341028225241244,10.0,3,0,125.13320277721698,nitrogen,held_out_location
Ames|4232|4|22,Ames,4232,4,22,LH195 X PHZ51,90,2022-08-20,104.99,-0.0365193066997235,10.0,3,0,125.13320277721698,nitrogen,held_out_location
Ames|4232|22|17,Ames,4232,22,17,LH198 X PHB47,90,2022-08-20,138.53,0.0057483074845422,10.0,3,0,125.13320277721698,nitrogen,held_out_location
Ames|4232|8|21,Ames,4232,8,21,LH198 X PHB47,90,2022-08-20,69.84,-0.036492338944756,10.0,3,0,125.13320277721698,nitrogen,held_out_location
Ames|4232|9|17,Ames,4232,9,17,LH198 X PHZ51,90,2022-08-20,126.88,-0.0061240423636905,10.0,3,0,125.13320277721698,nitrogen,held_out_location
Ames|4232|19|18,Ames,4232,19,18,LH198 X PHZ51,90,2022-08-20,169.91,-0.0110707790776753,10.0,3,0,125.13320277721698,nitrogen,held_out_location
Ames|4232|6|18,Ames,4232,6,18,LH74 X PHM49,90,2022-08-20,125.07,-0.029920003405922,10.0,3,0,125.13320277721698,nitrogen,held_out_location
Ames|4232|29|18,Ames,4232,29,18,LH74 X PHM49,90,2022-08-20,128.95,-0.0367589796892225,10.0,3,0,125.13320277721698,nitrogen,held_out_location
Ames|4232|3|19,Ames,4232,3,19,LH74 X PHN82,90,2022-08-20,131.3,-0.028602870441959,10.0,3,0,125.13320277721698,nitrogen,held_out_location
Ames|4232|30|19,Ames,4232,30,19,LH74 X PHN82,90,2022-08-20,121.82,-0.0599070210593443,10.0,3,0,125.13320277721698,nitrogen,held_out_location
Ames|4232|7|17,Ames,4232,7,17,LH82 X PHB47,90,2022-08-20,127.16,0.0071616916671586,10.0,3,0,125.13320277721698,nitrogen,held_out_location
Ames|4232|22|19,Ames,4232,22,19,LH82 X PHB47,90,2022-08-20,114.01,-0.0128261841091285,10.0,3,0,125.13320277721698,nitrogen,held_out_location
Ames|4232|6|17,Ames,4232,6,17,LH82 X PHJ89,90,2022-08-20,125.35,0.0020075414130381,10.0,3,0,125.13320277721698,nitrogen,held_out_location
Ames|4232|21|22,Ames,4232,21,22,LH82 X PHJ89,90,2022-08-20,99.33,-0.0323176529840849,10.0,3,0,125.13320277721698,nitrogen,held_out_location
Ames|4232|19|19,Ames,4232,19,19,LH82 X W606S,90,2022-08-20,118.15,-0.017832918192343,10.0,3,0,125.13320277721698,nitrogen,held_out_location
Ames|4232|7|22,Ames,4232,7,22,LH82 X W606S,90,2022-08-20,119.92,-0.0208841431309365,10.0,3,0,125.13320277721698,nitrogen,held_out_location
Ames|4232|28|17,Ames,4232,28,17,N209 X 3IIH6,90,2022-08-20,161.72,-0.026636375990672,10.0,3,0,125.13320277721698,nitrogen,held_out_location
Ames|4232|14|19,Ames,4232,14,19,N209 X 3IIH6,90,2022-08-20,130.63,-0.058035790429709,10.0,3,0,125.13320277721698,nitrogen,held_out_location
Ames|4232|5|17,Ames,4232,5,17,PHB47 X 3IIH6,90,2022-08-20,86.68,-0.0334554201060515,10.0,3,0,125.13320277721698,nitrogen,held_out_location
Ames|4232|23|20,Ames,4232,23,20,PHB47 X 3IIH6,90,2022-08-20,98.63,-0.1061581045424826,10.0,3,0,125.13320277721698,nitrogen,held_out_location
Ames|4232|5|18,Ames,4232,5,18,PHB47 X LH185,90,2022-08-20,118.12,-0.0370226901633073,10.0,3,0,125.13320277721698,nitrogen,held_out_location
Ames|4232|21|18,Ames,4232,21,18,PHB47 X LH185,90,2022-08-20,161.72,-0.0071110614770318,10.0,3,0,125.13320277721698,nitrogen,held_out_location
Ames|4232|3|20,Ames,4232,3,20,PHB47 X PHJ89,90,2022-08-20,91.06,-0.0530398559163547,10.0,3,0,125.13320277721698,nitrogen,held_out_location
Ames|4232|27|18,Ames,4232,27,18,PHB47 X PHK56,90,2022-08-20,138.82,-0.0379809896341399,10.0,3,0,125.13320277721698,nitrogen,held_out_location
Ames|4232|4|20,Ames,4232,4,20,PHB47 X PHK56,90,2022-08-20,138.47,-0.0258437051624147,10.0,3,0,125.13320277721698,nitrogen,held_out_location
Ames|4232|8|19,Ames,4232,8,19,PHG39 X PHM49,90,2022-08-20,102.3,-0.0343719672779674,10.0,3,0,125.13320277721698,nitrogen,held_out_location
Ames|4232|28|20,Ames,4232,28,20,PHG39 X PHM49,90,2022-08-20,141.01,-0.047662881544479,10.0,3,0,125.13320277721698,nitrogen,held_out_location
Ames|4232|13|18,Ames,4232,13,18,PHG39 X PHN82,90,2022-08-20,188.35,-0.0275397289351349,10.0,3,0,125.13320277721698,nitrogen,held_out_location
Ames|4232|14|21,Ames,4232,14,21,PHJ40 X LH82,90,2022-08-20,103.9,-0.0114059976645273,10.0,3,0,125.13320277721698,nitrogen,held_out_location
Ames|4232|27|21,Ames,4232,27,21,PHJ40 X LH82,90,2022-08-20,119.5,-0.0163646311611083,10.0,3,0,125.13320277721698,nitrogen,held_out_location
Ames|4232|7|21,Ames,4232,7,21,PHK56 X 3IIH6,90,2022-08-20,112.84,-0.0094703265977833,10.0,3,0,125.13320277721698,nitrogen,held_out_location
Ames|4232|30|21,Ames,4232,30,21,PHK56 X 3IIH6,90,2022-08-20,161.71,-0.0020274404964727,10.0,3,0,125.13320277721698,nitrogen,held_out_location
Ames|4232|9|21,Ames,4232,9,21,PHK56 X LH145,90,2022-08-20,91.36,-0.0196310859402495,10.0,3,0,125.13320277721698,nitrogen,held_out_location
Ames|4232|9|20,Ames,4232,9,20,PHK56 X LH185,90,2022-08-20,146.79,-0.0118478548680555,10.0,3,0,125.13320277721698,nitrogen,held_out_location
Ames|4232|19|20,Ames,4232,19,20,PHK56 X LH185,90,2022-08-20,155.01,-0.0024575552585442,10.0,3,0,125.13320277721698,nitrogen,held_out_location
Ames|4232|18|17,Ames,4232,18,17,PHK56 X LH198,90,2022-08-20,173.03,0.0050262070476381,10.0,3,0,125.13320277721698,nitrogen,held_out_location
Ames|4232|6|19,Ames,4232,6,19,PHK56 X LH198,90,2022-08-20,121.12,-0.0367649939820078,10.0,3,0,125.13320277721698,nitrogen,held_out_location
Ames|4232|21|17,Ames,4232,21,17,PHK56 X LH82,90,2022-08-20,181.64,0.0023409757798861,10.0,3,0,125.13320277721698,nitrogen,held_out_location
Ames|4232|15|20,Ames,4232,15,20,PHK56 X LH82,90,2022-08-20,150.82,-0.016347497216187,10.0,3,0,125.13320277721698,nitrogen,held_out_location
Ames|4232|16|17,Ames,4232,16,17,PHK56 X PHJ89,90,2022-08-20,162.52,0.0113808164071663,10.0,3,0,125.13320277721698,nitrogen,held_out_location
Ames|4232|22|21,Ames,4232,22,21,PHK56 X PHJ89,90,2022-08-20,156.05,-0.0065809303362598,10.0,3,0,125.13320277721698,nitrogen,held_out_location
Ames|4232|15|18,Ames,4232,15,18,PHK56 X W606S,90,2022-08-20,150.69,-0.0085699403962389,10.0,3,0,125.13320277721698,nitrogen,held_out_location
Ames|4232|24|22,Ames,4232,24,22,PHK56 X W606S,90,2022-08-20,109.0,-0.0557554535118802,10.0,3,0,125.13320277721698,nitrogen,held_out_location
Ames|4232|29|17,Ames,4232,29,17,PHK76 X 3IIH6,90,2022-08-20,155.41,-0.0118686616917792,10.0,3,0,125.13320277721698,nitrogen,held_out_location
Ames|4232|15|22,Ames,4232,15,22,PHK76 X 3IIH6,90,2022-08-20,109.01,-0.0085963326259075,10.0,3,0,125.13320277721698,nitrogen,held_out_location
Ames|4232|15|19,Ames,4232,15,19,PHK76 X LH145,90,2022-08-20,66.25,-0.0330867512415716,10.0,3,0,125.13320277721698,nitrogen,held_out_location
Ames|4232|23|19,Ames,4232,23,19,PHK76 X LH145,90,2022-08-20,64.96,-0.0484251190734981,10.0,3,0,125.13320277721698,nitrogen,held_out_location
Ames|4232|27|19,Ames,4232,27,19,PHK76 X LH198,90,2022-08-20,125.7,-0.0341726129240396,10.0,3,0,125.13320277721698,nitrogen,held_out_location
Ames|4232|12|20,Ames,4232,12,20,PHK76 X LH198,90,2022-08-20,123.19,-0.0370796691871171,10.0,3,0,125.13320277721698,nitrogen,held_out_location
Ames|4232|6|22,Ames,4232,6,22,PHK76 X LH82,90,2022-08-20,121.32,-0.0121288908903451,10.0,3,0,125.13320277721698,nitrogen,held_out_location
Ames|4232|17|22,Ames,4232,17,22,PHK76 X LH82,90,2022-08-20,113.73,-0.0326966089000801,10.0,3,0,125.13320277721698,nitrogen,held_out_location
Ames|4232|10|20,Ames,4232,10,20,PHK76 X W606S,90,2022-08-20,138.75,-0.0374616776380698,10.0,3,0,125.13320277721698,nitrogen,held_out_location
Ames|4232|25|22,Ames,4232,25,22,PHK76 X W606S,90,2022-08-20,88.27,-0.0596617879411952,10.0,3,0,125.13320277721698,nitrogen,held_out_location
Ames|4232|16|18,Ames,4232,16,18,PHN46 X PHB47,90,2022-08-20,180.16,-0.0129098559886464,10.0,3,0,125.13320277721698,nitrogen,held_out_location
Ames|4232|20|22,Ames,4232,20,22,PHN46 X PHB47,90,2022-08-20,101.98,-0.0061670273381474,10.0,3,0,125.13320277721698,nitrogen,held_out_location
Ames|4232|26|18,Ames,4232,26,18,PHN46 X PHK56,90,2022-08-20,146.61,-0.0304661126099865,10.0,3,0,125.13320277721698,nitrogen,held_out_location
Ames|4232|13|21,Ames,4232,13,21,PHN46 X PHK56,90,2022-08-20,129.39,-0.0061030852594716,10.0,3,0,125.13320277721698,nitrogen,held_out_location
Ames|4232|22|18,Ames,4232,22,18,PHN46 X W606S,90,2022-08-20,188.11,0.0034964752047215,10.0,3,0,125.13320277721698,nitrogen,held_out_location
Ames|4232|13|22,Ames,4232,13,22,PHN46 X W606S,90,2022-08-20,119.16,-0.0084993799090533,10.0,3,0,125.13320277721698,nitrogen,held_out_location
Ames|4232|11|20,Ames,4232,11,20,PHP02 X LH145,90,2022-08-20,82.69,-0.0437909267136603,10.0,3,0,125.13320277721698,nitrogen,held_out_location
Ames|4232|17|21,Ames,4232,17,21,PHP02 X LH145,90,2022-08-20,93.65,-0.0260972540952986,10.0,3,0,125.13320277721698,nitrogen,held_out_location
Ames|4232|27|17,Ames,4232,27,17,PHP02 X LH185,90,2022-08-20,136.25,-0.0434591683526471,10.0,3,0,125.13320277721698,nitrogen,held_out_location
Ames|4232|15|21,Ames,4232,15,21,PHP02 X LH185,90,2022-08-20,89.17,-0.0127754188449107,10.0,3,0,125.13320277721698,nitrogen,held_out_location
Ames|4232|26|17,Ames,4232,26,17,PHP02 X LH198,90,2022-08-20,133.84,-0.0244791578261533,10.0,3,0,125.13320277721698,nitrogen,held_out_location
Ames|4232|12|22,Ames,4232,12,22,PHP02 X LH198,90,2022-08-20,119.13,-0.0237293349605631,10.0,3,0,125.13320277721698,nitrogen,held_out_location
Ames|4232|18|18,Ames,4232,18,18,PHP02 X LH82,90,2022-08-20,135.26,-0.0089711300564486,10.0,3,0,125.13320277721698,nitrogen,held_out_location
Ames|4232|6|20,Ames,4232,6,20,PHP02 X LH82,90,2022-08-20,113.74,-0.0105775741631958,10.0,3,0,125.13320277721698,nitrogen,held_out_location
Ames|4232|11|19,Ames,4232,11,19,PHP02 X PHB47,90,2022-08-20,100.53,-0.0283443390840671,10.0,3,0,125.13320277721698,nitrogen,held_out_location
Ames|4232|26|21,Ames,4232,26,21,PHP02 X PHB47,90,2022-08-20,115.68,-0.0393471374931481,10.0,3,0,125.13320277721698,nitrogen,held_out_location
Ames|4232|23|18,Ames,4232,23,18,PHP02 X PHG47,90,2022-08-20,135.23,-0.0296442119620184,10.0,3,0,125.13320277721698,nitrogen,held_out_location
Ames|4232|13|20,Ames,4232,13,20,PHP02 X PHG47,90,2022-08-20,120.93,-0.0176605428980767,10.0,3,0,125.13320277721698,nitrogen,held_out_location
Ames|4232|30|18,Ames,4232,30,18,PHP02 X PHJ89,90,2022-08-20,127.62,-0.0273756966411002,10.0,3,0,125.13320277721698,nitrogen,held_out_location
Ames|4232|11|22,Ames,4232,11,22,PHP02 X PHJ89,90,2022-08-20,101.58,-0.0282547467834803,10.0,3,0,125.13320277721698,nitrogen,held_out_location
Ames|4232|11|21,Ames,4232,11,21,PHP02 X PHK56,90,2022-08-20,108.31,-0.0332914423572038,10.0,3,0,125.13320277721698,nitrogen,held_out_location
Ames|4232|29|21,Ames,4232,29,21,PHP02 X PHK56,90,2022-08-20,160.42,-0.0204156665653704,10.0,3,0,125.13320277721698,nitrogen,held_out_location
Ames|4232|15|17,Ames,4232,15,17,PHP02 X PHK76,90,2022-08-20,145.61,0.0004949780243015,10.0,3,0,125.13320277721698,nitrogen,held_out_location
Ames|4232|18|21,Ames,4232,18,21,PHP02 X PHK76,90,2022-08-20,127.58,-0.0043511493834738,10.0,3,0,125.13320277721698,nitrogen,held_out_location
Ames|4232|17|18,Ames,4232,17,18,PHP02 X PHN46,90,2022-08-20,155.95,0.0042833778738375,10.0,3,0,125.13320277721698,nitrogen,held_out_location
Ames|4232|8|22,Ames,4232,8,22,PHP02 X PHN46,90,2022-08-20,115.36,-0.013622091191304,10.0,3,0,125.13320277721698,nitrogen,held_out_location
Ames|4232|25|17,Ames,4232,25,17,PHP02 X W606S,90,2022-08-20,117.39,-0.0622793129781141,10.0,3,0,125.13320277721698,nitrogen,held_out_location
Ames|4232|10|21,Ames,4232,10,21,PHP02 X W606S,90,2022-08-20,82.39,-0.0252740613405129,10.0,3,0,125.13320277721698,nitrogen,held_out_location
Ames|4232|14|17,Ames,4232,14,17,PHT69 X 3IIH6,90,2022-08-20,134.69,-0.0075510945357069,10.0,3,0,125.13320277721698,nitrogen,held_out_location
Ames|4232|19|22,Ames,4232,19,22,PHT69 X 3IIH6,90,2022-08-20,112.01,0.008474811263847,10.0,3,0,125.13320277721698,nitrogen,held_out_location
Ames|4232|2|19,Ames,4232,2,19,PHW52 X LH185,90,2022-08-20,99.15,-0.0433089631099916,10.0,3,0,125.13320277721698,nitrogen,held_out_location
Ames|4232|23|21,Ames,4232,23,21,PHW52 X LH185,90,2022-08-20,107.39,-0.0633097282221333,10.0,3,0,125.13320277721698,nitrogen,held_out_location
Ames|4232|4|17,Ames,4232,4,17,PHW52 X PHM49,90,2022-08-20,131.93,-0.0067398986052081,10.0,3,0,125.13320277721698,nitrogen,held_out_location
Ames|4232|20|18,Ames,4232,20,18,PHW52 X PHM49,90,2022-08-20,188.81,-0.0284471613531882,10.0,3,0,125.13320277721698,nitrogen,held_out_location
Ames|4232|3|17,Ames,4232,3,17,PHW52 X PHN82,90,2022-08-20,155.26,0.0010098285788218,10.0,3,0,125.13320277721698,nitrogen,held_out_location
Ames|4232|26|20,Ames,4232,26,20,PHW52 X PHN82,90,2022-08-20,155.16,-0.0331937584837578,10.0,3,0,125.13320277721698,nitrogen,held_out_location
Ames|4232|13|19,Ames,4232,13,19,PHW52 X PHZ51,90,2022-08-20,126.8,-0.0281519645174612,10.0,3,0,125.13320277721698,nitrogen,held_out_location
Ames|4232|24|19,Ames,4232,24,19,PHW52 X PHZ51,90,2022-08-20,64.36,-0.0618829847839856,10.0,3,0,125.13320277721698,nitrogen,held_out_location
Ames|4232|20|17,Ames,4232,20,17,PHZ51 X LH145,90,2022-08-20,89.17,0.0054838031071765,10.0,3,0,125.13320277721698,nitrogen,held_out_location
Ames|4232|8|18,Ames,4232,8,18,PHZ51 X LH145,90,2022-08-20,112.32,-0.0255558629233926,10.0,3,0,125.13320277721698,nitrogen,held_out_location
Ames|4232|23|17,Ames,4232,23,17,PIONEER 1311 AMXT,90,2022-08-20,150.25,-0.0109940639197215,10.0,3,0,125.13320277721698,nitrogen,held_out_location
Ames|4232|14|20,Ames,4232,14,20,PIONEER 1311 AMXT,90,2022-08-20,123.31,-0.0388530264201381,10.0,3,0,125.13320277721698,nitrogen,held_out_location
Ames|4232|24|18,Ames,4232,24,18,PIONEER P0589 AMXT,90,2022-08-20,139.09,-0.0365922317070782,10.0,3,0,125.13320277721698,nitrogen,held_out_location
Ames|4232|16|19,Ames,4232,16,19,PIONEER P0589 AMXT,90,2022-08-20,184.49,-0.004189278737116,10.0,3,0,125.13320277721698,nitrogen,held_out_location
Ames|4232|17|20,Ames,4232,17,20,SYNGENTA NK0760-3111,90,2022-08-20,166.82,-0.007806996548752,10.0,3,0,125.13320277721698,nitrogen,held_out_location
Ames|4232|9|22,Ames,4232,9,22,SYNGENTA NK0760-3111,90,2022-08-20,148.82,-0.0190758971342958,10.0,3,0,125.13320277721698,nitrogen,held_out_location
Ames|4232|24|20,Ames,4232,24,20,WF9 X H95,90,2022-08-20,27.3,-0.1007222614242134,10.0,3,0,125.13320277721698,nitrogen,held_out_location
Ames|4232|5|22,Ames,4232,5,22,WF9 X H95,90,2022-08-20,51.91,-0.0703365390690108,10.0,3,0,125.13320277721698,nitrogen,held_out_location
Ames|4231|28|4,Ames,4231,28,4,2369 X 3IIH6,90,2022-08-20,149.81,-0.002034128378598,10.0,3,0,115.50363667020748,nitrogen,held_out_location
Ames|4231|2|6,Ames,4231,2,6,2369 X 3IIH6,90,2022-08-20,117.66,-0.0232282323574462,10.0,3,0,115.50363667020748,nitrogen,held_out_location
Ames|4231|21|4,Ames,4231,21,4,2369 X LH123HT,90,2022-08-20,95.28,-0.0206712440754232,10.0,3,0,115.50363667020748,nitrogen,held_out_location
Ames|4231|14|7,Ames,4231,14,7,2369 X LH123HT,90,2022-08-20,87.35,-0.0168525041179963,10.0,3,0,115.50363667020748,nitrogen,held_out_location
Ames|4231|6|6,Ames,4231,6,6,2369 X PHN82,90,2022-08-20,100.8,-0.0441524735312974,10.0,3,0,115.50363667020748,nitrogen,held_out_location
Ames|4231|25|7,Ames,4231,25,7,2369 X PHN82,90,2022-08-20,140.06,-0.0196006712833171,10.0,3,0,115.50363667020748,nitrogen,held_out_location
Ames|4231|27|2,Ames,4231,27,2,2369 X PHP02,90,2022-08-20,116.89,-0.0069721058899177,10.0,3,0,115.50363667020748,nitrogen,held_out_location
Ames|4231|9|4,Ames,4231,9,4,2369 X PHP02,90,2022-08-20,83.49,-0.0641318882305738,10.0,3,0,115.50363667020748,nitrogen,held_out_location
Ames|4231|2|5,Ames,4231,2,5,2369 X PHZ51,90,2022-08-20,111.89,-0.0250313162498079,10.0,3,0,115.50363667020748,nitrogen,held_out_location
Ames|4231|20|6,Ames,4231,20,6,2369 X PHZ51,90,2022-08-20,139.76,-0.034101154505902,10.0,3,0,115.50363667020748,nitrogen,held_out_location
Ames|4231|25|2,Ames,4231,25,2,2FACC X 3IIH6,90,2022-08-20,150.24,0.0019106623907354,10.0,3,0,115.50363667020748,nitrogen,held_out_location
Ames|4231|10|6,Ames,4231,10,6,2FACC X 3IIH6,90,2022-08-20,119.39,-0.0565868354262559,10.0,3,0,115.50363667020748,nitrogen,held_out_location
Ames|4231|8|5,Ames,4231,8,5,4N506 X 3IIH6,90,2022-08-20,116.17,-0.0664306939853659,10.0,3,0,115.50363667020748,nitrogen,held_out_location
Ames|4231|24|6,Ames,4231,24,6,4N506 X 3IIH6,90,2022-08-20,145.85,-0.0214419072360497,10.0,3,0,115.50363667020748,nitrogen,held_out_location
Ames|4231|19|4,Ames,4231,19,4,B105 X 3IIH6,90,2022-08-20,111.85,-0.0448897076221694,10.0,3,0,115.50363667020748,nitrogen,held_out_location
Ames|4231|8|7,Ames,4231,8,7,B105 X 3IIH6,90,2022-08-20,62.27,-0.0996276177167518,10.0,3,0,115.50363667020748,nitrogen,held_out_location
Ames|4231|22|2,Ames,4231,22,2,B14A X MO17,90,2022-08-20,99.32,-0.0138488790202071,10.0,3,0,115.50363667020748,nitrogen,held_out_location
Ames|4231|9|6,Ames,4231,9,6,B14A X MO17,90,2022-08-20,82.92,-0.0884403624328686,10.0,3,0,115.50363667020748,nitrogen,held_out_location
Ames|4231|3|5,Ames,4231,3,5,B37 X H95,90,2022-08-20,65.46,-0.0268531924880315,10.0,3,0,115.50363667020748,nitrogen,held_out_location
Ames|4231|24|7,Ames,4231,24,7,B37 X H95,90,2022-08-20,72.93,-0.0532980864526795,10.0,3,0,115.50363667020748,nitrogen,held_out_location
Ames|4231|5|3,Ames,4231,5,3,B37 X MO17,90,2022-08-20,95.3,-0.027036642142282,10.0,3,0,115.50363667020748,nitrogen,held_out_location
Ames|4231|20|7,Ames,4231,20,7,B37 X MO17,90,2022-08-20,115.26,-0.0219614797297111,10.0,3,0,115.50363667020748,nitrogen,held_out_location
Ames|4231|28|3,Ames,4231,28,3,B37 X OH43,90,2022-08-20,84.99,-0.0173258214791682,10.0,3,0,115.50363667020748,nitrogen,held_out_location
Ames|4231|2|7,Ames,4231,2,7,B37 X OH43,90,2022-08-20,67.75,-0.067348109332139,10.0,3,0,115.50363667020748,nitrogen,held_out_location
Ames|4231|7|5,Ames,4231,7,5,B73 X 3IIH6,90,2022-08-20,140.91,-0.0795667292020401,10.0,3,0,115.50363667020748,nitrogen,held_out_location
Ames|4231|20|5,Ames,4231,20,5,B73 X 3IIH6,90,2022-08-20,124.98,-0.0435765385880867,10.0,3,0,115.50363667020748,nitrogen,held_out_location
Ames|4231|30|5,Ames,4231,30,5,B73 X MO17,90,2022-08-20,138.23,-0.0158211494163003,10.0,3,0,115.50363667020748,nitrogen,held_out_location
Ames|4231|12|7,Ames,4231,12,7,B73 X MO17,90,2022-08-20,107.98,-0.0166661894215389,10.0,3,0,115.50363667020748,nitrogen,held_out_location
Ames|4231|21|6,Ames,4231,21,6,B73 X PHM49,90,2022-08-20,125.39,-0.0236928220824219,10.0,3,0,115.50363667020748,nitrogen,held_out_location
Ames|4231|9|7,Ames,4231,9,7,B73 X PHM49,90,2022-08-20,79.96,-0.0585153504156881,10.0,3,0,115.50363667020748,nitrogen,held_out_location
Ames|4231|4|5,Ames,4231,4,5,B73 X PHN82,90,2022-08-20,111.46,-0.0165671671054513,10.0,3,0,115.50363667020748,nitrogen,held_out_location
Ames|4231|26|6,Ames,4231,26,6,B73 X PHN82,90,2022-08-20,150.01,-0.0125703165627018,10.0,3,0,115.50363667020748,nitrogen,held_out_location
Ames|4231|30|3,Ames,4231,30,3,B73 X PHZ51,90,2022-08-20,125.45,-0.011647891845865,10.0,3,0,115.50363667020748,nitrogen,held_out_location
Ames|4231|10|5,Ames,4231,10,5,B73 X PHZ51,90,2022-08-20,109.4,-0.0295812443187094,10.0,3,0,115.50363667020748,nitrogen,held_out_location
Ames|4231|17|3,Ames,4231,17,3,B84 X 3IIH6,90,2022-08-20,143.8,-0.0198900068723199,10.0,3,0,115.50363667020748,nitrogen,held_out_location
Ames|4231|5|4,Ames,4231,5,4,B84 X 3IIH6,90,2022-08-20,125.29,-0.0143502395550827,10.0,3,0,115.50363667020748,nitrogen,held_out_location
Ames|4231|12|5,Ames,4231,12,5,F42 X MO17,90,2022-08-20,111.78,-0.0210408269646146,10.0,3,0,115.50363667020748,nitrogen,held_out_location
Ames|4231|19|6,Ames,4231,19,6,F42 X MO17,90,2022-08-20,165.92,-0.020472067194482,10.0,3,0,115.50363667020748,nitrogen,held_out_location
Ames|4231|22|4,Ames,4231,22,4,F42 X OH43,90,2022-08-20,75.38,-0.0345273442086189,10.0,3,0,115.50363667020748,nitrogen,held_out_location
Ames|4231|4|7,Ames,4231,4,7,F42 X OH43,90,2022-08-20,89.27,-0.0334437359673813,10.0,3,0,115.50363667020748,nitrogen,held_out_location
Ames|4231|12|2,Ames,4231,12,2,HOEGEMEYER 7089 AMXT,90,2022-08-20,183.96,0.0148782591947881,10.0,3,0,115.50363667020748,nitrogen,held_out_location
Ames|4231|23|4,Ames,4231,23,4,HOEGEMEYER 7089 AMXT,90,2022-08-20,177.1,-0.0062405422975378,10.0,3,0,115.50363667020748,nitrogen,held_out_location
Ames|4231|10|3,Ames,4231,10,3,HOEGEMEYER 8065RR,90,2022-08-20,153.29,-0.0516961310195288,10.0,3,0,115.50363667020748,nitrogen,held_out_location
Ames|4231|24|5,Ames,4231,24,5,HOEGEMEYER 8065RR,90,2022-08-20,164.28,-0.0188567585093217,10.0,3,0,115.50363667020748,nitrogen,held_out_location
Ames|4231|18|3,Ames,4231,18,3,LH123HT X 3IIH6,90,2022-08-20,119.22,0.0100008934608761,10.0,3,0,115.50363667020748,nitrogen,held_out_location
Ames|4231|11|7,Ames,4231,11,7,LH123HT X 3IIH6,90,2022-08-20,103.65,-0.0303356731222405,10.0,3,0,115.50363667020748,nitrogen,held_out_location
Ames|4231|11|3,Ames,4231,11,3,LH123HT X PHB47,90,2022-08-20,113.07,-0.0066130366965173,10.0,3,0,115.50363667020748,nitrogen,held_out_location
Ames|4231|25|5,Ames,4231,25,5,LH123HT X PHB47,90,2022-08-20,125.3,-0.0172655647004377,10.0,3,0,115.50363667020748,nitrogen,held_out_location
Ames|4231|24|3,Ames,4231,24,3,LH145 X LH162,90,2022-08-20,130.65,-0.0220229945560197,10.0,3,0,115.50363667020748,nitrogen,held_out_location
Ames|4231|3|6,Ames,4231,3,6,LH145 X LH162,90,2022-08-20,135.73,-0.0354765815314775,10.0,3,0,115.50363667020748,nitrogen,held_out_location
Ames|4231|7|4,Ames,4231,7,4,LH185 X LH145,90,2022-08-20,54.7,-0.0503445685039145,10.0,3,0,115.50363667020748,nitrogen,held_out_location
Ames|4231|15|6,Ames,4231,15,6,LH185 X LH82,90,2022-08-20,155.39,-0.0160561362575957,10.0,3,0,115.50363667020748,nitrogen,held_out_location
Ames|4231|23|7,Ames,4231,23,7,LH185 X LH82,90,2022-08-20,154.05,-0.023271180566305,10.0,3,0,115.50363667020748,nitrogen,held_out_location
Ames|4231|12|4,Ames,4231,12,4,LH185 X W606S,90,2022-08-20,130.97,-0.0112274684012616,10.0,3,0,115.50363667020748,nitrogen,held_out_location
Ames|4231|3|4,Ames,4231,3,4,LH195 X 3IIH6,90,2022-08-20,136.32,-0.0254261426440046,10.0,3,0,115.50363667020748,nitrogen,held_out_location
Ames|4231|17|6,Ames,4231,17,6,LH195 X 3IIH6,90,2022-08-20,130.76,-0.0363186675615796,10.0,3,0,115.50363667020748,nitrogen,held_out_location
Ames|4231|4|2,Ames,4231,4,2,LH195 X LH123HT,90,2022-08-20,107.93,0.0126598786984656,10.0,3,0,115.50363667020748,nitrogen,held_out_location
Ames|4231|27|4,Ames,4231,27,4,LH195 X LH123HT,90,2022-08-20,128.39,-0.0028328628722662,10.0,3,0,115.50363667020748,nitrogen,held_out_location
Ames|4231|2|4,Ames,4231,2,4,LH195 X LH185,90,2022-08-20,105.31,-0.0324835363508486,10.0,3,0,115.50363667020748,nitrogen,held_out_location
Ames|4231|17|4,Ames,4231,17,4,LH195 X LH185,90,2022-08-20,105.03,-0.0206482897718398,10.0,3,0,115.50363667020748,nitrogen,held_out_location
Ames|4231|5|2,Ames,4231,5,2,LH195 X PHM49,90,2022-08-20,72.53,-0.0001655556504739,10.0,3,0,115.50363667020748,nitrogen,held_out_location
Ames|4231|26|4,Ames,4231,26,4,LH195 X PHM49,90,2022-08-20,91.96,0.0111168675815858,10.0,3,0,115.50363667020748,nitrogen,held_out_location
Ames|4231|2|2,Ames,4231,2,2,LH195 X PHZ51,90,2022-08-20,147.92,-0.0040854829958633,10.0,3,0,115.50363667020748,nitrogen,held_out_location
Ames|4231|20|4,Ames,4231,20,4,LH195 X PHZ51,90,2022-08-20,112.79,-0.0300844429627589,10.0,3,0,115.50363667020748,nitrogen,held_out_location
Ames|4231|16|3,Ames,4231,16,3,LH198 X PHB47,90,2022-08-20,129.24,-0.016767005975639,10.0,3,0,115.50363667020748,nitrogen,held_out_location
Ames|4231|27|3,Ames,4231,27,3,LH198 X PHB47,90,2022-08-20,130.32,-0.008375997661065,10.0,3,0,115.50363667020748,nitrogen,held_out_location
Ames|4231|2|3,Ames,4231,2,3,LH198 X PHZ51,90,2022-08-20,122.52,-0.0102574439256,10.0,3,0,115.50363667020748,nitrogen,held_out_location
Ames|4231|21|5,Ames,4231,21,5,LH198 X PHZ51,90,2022-08-20,105.18,-0.0176917734070337,10.0,3,0,115.50363667020748,nitrogen,held_out_location
Ames|4231|28|2,Ames,4231,28,2,LH74 X PHM49,90,2022-08-20,97.82,-0.0451527240923307,10.0,3,0,115.50363667020748,nitrogen,held_out_location
Ames|4231|6|5,Ames,4231,6,5,LH74 X PHM49,90,2022-08-20,89.45,-0.0606267483036675,10.0,3,0,115.50363667020748,nitrogen,held_out_location
Ames|4231|9|5,Ames,4231,9,5,LH74 X PHN82,90,2022-08-20,102.55,-0.0609214998121679,10.0,3,0,115.50363667020748,nitrogen,held_out_location
Ames|4231|25|6,Ames,4231,25,6,LH74 X PHN82,90,2022-08-20,154.07,-0.0210189028279762,10.0,3,0,115.50363667020748,nitrogen,held_out_location
Ames|4231|20|3,Ames,4231,20,3,LH82 X PHB47,90,2022-08-20,112.56,-0.0170140882607041,10.0,3,0,115.50363667020748,nitrogen,held_out_location
Ames|4231|5|7,Ames,4231,5,7,LH82 X PHB47,90,2022-08-20,90.56,-0.0143032781204833,10.0,3,0,115.50363667020748,nitrogen,held_out_location
Ames|4231|5|5,Ames,4231,5,5,LH82 X PHJ89,90,2022-08-20,116.49,-0.0050421092544302,10.0,3,0,115.50363667020748,nitrogen,held_out_location
Ames|4231|17|5,Ames,4231,17,5,LH82 X PHJ89,90,2022-08-20,124.13,-0.0112194564889915,10.0,3,0,115.50363667020748,nitrogen,held_out_location
Ames|4231|7|2,Ames,4231,7,2,LH82 X W606S,90,2022-08-20,109.93,-0.0022434682870817,10.0,3,0,115.50363667020748,nitrogen,held_out_location
Ames|4231|17|7,Ames,4231,17,7,LH82 X W606S,90,2022-08-20,115.33,-0.0399078268670255,10.0,3,0,115.50363667020748,nitrogen,held_out_location
Ames|4231|19|3,Ames,4231,19,3,N209 X 3IIH6,90,2022-08-20,123.8,-0.0696301095018232,10.0,3,0,115.50363667020748,nitrogen,held_out_location
Ames|4231|13|5,Ames,4231,13,5,N209 X 3IIH6,90,2022-08-20,141.72,-0.0191014464139229,10.0,3,0,115.50363667020748,nitrogen,held_out_location
Ames|4231|23|3,Ames,4231,23,3,PHB47 X 3IIH6,90,2022-08-20,142.83,-0.0082256022562273,10.0,3,0,115.50363667020748,nitrogen,held_out_location
Ames|4231|6|7,Ames,4231,6,7,PHB47 X 3IIH6,90,2022-08-20,85.28,-0.0343623030545382,10.0,3,0,115.50363667020748,nitrogen,held_out_location
Ames|4231|5|6,Ames,4231,5,6,PHB47 X LH185,90,2022-08-20,108.75,-0.0101703579278603,10.0,3,0,115.50363667020748,nitrogen,held_out_location
Ames|4231|26|7,Ames,4231,26,7,PHB47 X LH185,90,2022-08-20,140.49,-0.0011690970288249,10.0,3,0,115.50363667020748,nitrogen,held_out_location
Ames|4231|8|6,Ames,4231,8,6,PHB47 X PHJ89,90,2022-08-20,57.69,-0.1001453921573913,10.0,3,0,115.50363667020748,nitrogen,held_out_location
Ames|4231|17|2,Ames,4231,17,2,PHB47 X PHK56,90,2022-08-20,121.24,0.0061069671621569,10.0,3,0,115.50363667020748,nitrogen,held_out_location
Ames|4231|14|5,Ames,4231,14,5,PHB47 X PHK56,90,2022-08-20,129.0,0.0035125509364567,10.0,3,0,115.50363667020748,nitrogen,held_out_location
Ames|4231|3|2,Ames,4231,3,2,PHG39 X PHM49,90,2022-08-20,134.19,0.028898587112409,10.0,3,0,115.50363667020748,nitrogen,held_out_location
Ames|4231|29|5,Ames,4231,29,5,PHG39 X PHM49,90,2022-08-20,147.54,-0.0093715034556531,10.0,3,0,115.50363667020748,nitrogen,held_out_location
Ames|4231|13|6,Ames,4231,13,6,PHG39 X PHN82,90,2022-08-20,193.95,-0.0219442846315807,10.0,3,0,115.50363667020748,nitrogen,held_out_location
Ames|4231|13|3,Ames,4231,13,3,PHJ40 X LH82,90,2022-08-20,140.89,-0.0001139935942644,10.0,3,0,115.50363667020748,nitrogen,held_out_location
Ames|4231|19|7,Ames,4231,19,7,PHJ40 X LH82,90,2022-08-20,139.37,0.0009267432634082,10.0,3,0,115.50363667020748,nitrogen,held_out_location
Ames|4231|18|2,Ames,4231,18,2,PHK56 X 3IIH6,90,2022-08-20,133.72,0.0188718580847555,10.0,3,0,115.50363667020748,nitrogen,held_out_location
Ames|4231|16|5,Ames,4231,16,5,PHK56 X 3IIH6,90,2022-08-20,143.62,0.0026363192999376,10.0,3,0,115.50363667020748,nitrogen,held_out_location
Ames|4231|13|4,Ames,4231,13,4,PHK56 X LH145,90,2022-08-20,121.67,-0.0180536579877867,10.0,3,0,115.50363667020748,nitrogen,held_out_location
Ames|4231|16|2,Ames,4231,16,2,PHK56 X LH185,90,2022-08-20,144.65,0.0155593013992068,10.0,3,0,115.50363667020748,nitrogen,held_out_location
Ames|4231|21|7,Ames,4231,21,7,PHK56 X LH185,90,2022-08-20,173.47,-0.0080098747823816,10.0,3,0,115.50363667020748,nitrogen,held_out_location
Ames|4231|30|6,Ames,4231,30,6,PHK56 X LH198,90,2022-08-20,174.86,-0.0050884830009731,10.0,3,0,115.50363667020748,nitrogen,held_out_location
Ames|4231|7|7,Ames,4231,7,7,PHK56 X LH198,90,2022-08-20,82.19,-0.09287547571731,10.0,3,0,115.50363667020748,nitrogen,held_out_location
Ames|4231|6|2,Ames,4231,6,2,PHK56 X LH82,90,2022-08-20,138.9,-0.0006051793649228,10.0,3,0,115.50363667020748,nitrogen,held_out_location
Ames|4231|30|4,Ames,4231,30,4,PHK56 X LH82,90,2022-08-20,150.2,-0.0068599138382849,10.0,3,0,115.50363667020748,nitrogen,held_out_location
Ames|4231|30|2,Ames,4231,30,2,PHK56 X PHJ89,90,2022-08-20,141.04,-0.0058125541070366,10.0,3,0,115.50363667020748,nitrogen,held_out_location
Ames|4231|10|4,Ames,4231,10,4,PHK56 X PHJ89,90,2022-08-20,146.77,-0.0352520615182865,10.0,3,0,115.50363667020748,nitrogen,held_out_location
Ames|4231|8|2,Ames,4231,8,2,PHK56 X W606S,90,2022-08-20,145.95,-0.0326056568452211,10.0,3,0,115.50363667020748,nitrogen,held_out_location
Ames|4231|26|3,Ames,4231,26,3,PHK56 X W606S,90,2022-08-20,171.24,0.0092028314787968,10.0,3,0,115.50363667020748,nitrogen,held_out_location
Ames|4231|8|4,Ames,4231,8,4,PHK76 X 3IIH6,90,2022-08-20,96.84,-0.0547959823725412,10.0,3,0,115.50363667020748,nitrogen,held_out_location
Ames|4231|22|5,Ames,4231,22,5,PHK76 X 3IIH6,90,2022-08-20,123.54,-0.0173910999941984,10.0,3,0,115.50363667020748,nitrogen,held_out_location
Ames|4231|19|2,Ames,4231,19,2,PHK76 X LH145,90,2022-08-20,89.87,-0.0276239793719945,10.0,3,0,115.50363667020748,nitrogen,held_out_location
Ames|4231|9|3,Ames,4231,9,3,PHK76 X LH145,90,2022-08-20,60.38,-0.061527660808732,10.0,3,0,115.50363667020748,nitrogen,held_out_location
Ames|4231|12|3,Ames,4231,12,3,PHK76 X LH198,90,2022-08-20,128.42,-0.0048724815645888,10.0,3,0,115.50363667020748,nitrogen,held_out_location
Ames|4231|23|5,Ames,4231,23,5,PHK76 X LH198,90,2022-08-20,134.57,-0.0013919455260237,10.0,3,0,115.50363667020748,nitrogen,held_out_location
Ames|4231|15|2,Ames,4231,15,2,PHK76 X LH82,90,2022-08-20,118.06,0.0054231512069997,10.0,3,0,115.50363667020748,nitrogen,held_out_location
Ames|4231|18|5,Ames,4231,18,5,PHK76 X LH82,90,2022-08-20,125.79,-0.0112742637284496,10.0,3,0,115.50363667020748,nitrogen,held_out_location
Ames|4231|11|2,Ames,4231,11,2,PHK76 X W606S,90,2022-08-20,123.24,0.006687309469795,10.0,3,0,115.50363667020748,nitrogen,held_out_location
Ames|4231|19|5,Ames,4231,19,5,PHK76 X W606S,90,2022-08-20,91.66,-0.0503657688428242,10.0,3,0,115.50363667020748,nitrogen,held_out_location
Ames|4231|26|2,Ames,4231,26,2,PHN46 X PHB47,90,2022-08-20,119.34,0.0125109006510706,10.0,3,0,115.50363667020748,nitrogen,held_out_location
Ames|4231|14|3,Ames,4231,14,3,PHN46 X PHB47,90,2022-08-20,126.88,-0.0183275712116207,10.0,3,0,115.50363667020748,nitrogen,held_out_location
Ames|4231|15|4,Ames,4231,15,4,PHN46 X PHK56,90,2022-08-20,138.53,0.0099916652129756,10.0,3,0,115.50363667020748,nitrogen,held_out_location
Ames|4231|18|4,Ames,4231,18,4,PHN46 X PHK56,90,2022-08-20,159.78,-0.0022384189200278,10.0,3,0,115.50363667020748,nitrogen,held_out_location
Ames|4231|7|3,Ames,4231,7,3,PHN46 X W606S,90,2022-08-20,115.8,-0.0594410411407222,10.0,3,0,115.50363667020748,nitrogen,held_out_location
Ames|4231|25|4,Ames,4231,25,4,PHN46 X W606S,90,2022-08-20,115.21,-0.0082817215747352,10.0,3,0,115.50363667020748,nitrogen,held_out_location
Ames|4231|6|4,Ames,4231,6,4,PHP02 X LH145,90,2022-08-20,59.88,-0.0582223285691935,10.0,3,0,115.50363667020748,nitrogen,held_out_location
Ames|4231|27|6,Ames,4231,27,6,PHP02 X LH145,90,2022-08-20,92.36,0.000149393250213,10.0,3,0,115.50363667020748,nitrogen,held_out_location
Ames|4231|6|3,Ames,4231,6,3,PHP02 X LH185,90,2022-08-20,82.49,-0.0583319461962644,10.0,3,0,115.50363667020748,nitrogen,held_out_location
Ames|4231|28|7,Ames,4231,28,7,PHP02 X LH185,90,2022-08-20,143.22,-0.0113497945713947,10.0,3,0,115.50363667020748,nitrogen,held_out_location
Ames|4231|14|2,Ames,4231,14,2,PHP02 X LH198,90,2022-08-20,138.38,0.0061705584619391,10.0,3,0,115.50363667020748,nitrogen,held_out_location
Ames|4231|23|6,Ames,4231,23,6,PHP02 X LH198,90,2022-08-20,185.41,-0.0097663743138995,10.0,3,0,115.50363667020748,nitrogen,held_out_location
Ames|4231|8|3,Ames,4231,8,3,PHP02 X LH82,90,2022-08-20,66.25,-0.0856290604824066,10.0,3,0,115.50363667020748,nitrogen,held_out_location
Ames|4231|28|6,Ames,4231,28,6,PHP02 X LH82,90,2022-08-20,131.25,-0.0055886454824383,10.0,3,0,115.50363667020748,nitrogen,held_out_location
Ames|4231|29|2,Ames,4231,29,2,PHP02 X PHB47,90,2022-08-20,117.93,-0.0095089484106811,10.0,3,0,115.50363667020748,nitrogen,held_out_location
Ames|4231|4|4,Ames,4231,4,4,PHP02 X PHB47,90,2022-08-20,89.81,-0.0117439558547303,10.0,3,0,115.50363667020748,nitrogen,held_out_location
Ames|4231|22|3,Ames,4231,22,3,PHP02 X PHG47,90,2022-08-20,141.99,-0.0197590018245736,10.0,3,0,115.50363667020748,nitrogen,held_out_location
Ames|4231|16|4,Ames,4231,16,4,PHP02 X PHG47,90,2022-08-20,170.55,0.0003104419200514,10.0,3,0,115.50363667020748,nitrogen,held_out_location
Ames|4231|27|5,Ames,4231,27,5,PHP02 X PHJ89,90,2022-08-20,149.05,0.001085313231073,10.0,3,0,115.50363667020748,nitrogen,held_out_location
Ames|4231|15|7,Ames,4231,15,7,PHP02 X PHJ89,90,2022-08-20,94.73,-0.0284713231601828,10.0,3,0,115.50363667020748,nitrogen,held_out_location
Ames|4231|25|3,Ames,4231,25,3,PHP02 X PHK56,90,2022-08-20,160.54,0.0063604005774563,10.0,3,0,115.50363667020748,nitrogen,held_out_location
Ames|4231|15|5,Ames,4231,15,5,PHP02 X PHK56,90,2022-08-20,140.97,0.0084009264381418,10.0,3,0,115.50363667020748,nitrogen,held_out_location
Ames|4231|9|2,Ames,4231,9,2,PHP02 X PHK76,90,2022-08-20,124.39,-0.0209874318341777,10.0,3,0,115.50363667020748,nitrogen,held_out_location
Ames|4231|29|4,Ames,4231,29,4,PHP02 X PHK76,90,2022-08-20,139.23,-0.0019945150835203,10.0,3,0,115.50363667020748,nitrogen,held_out_location
Ames|4231|11|4,Ames,4231,11,4,PHP02 X PHN46,90,2022-08-20,120.13,-0.00868531189089,10.0,3,0,115.50363667020748,nitrogen,held_out_location
Ames|4231|18|6,Ames,4231,18,6,PHP02 X PHN46,90,2022-08-20,139.12,-0.0235372204322685,10.0,3,0,115.50363667020748,nitrogen,held_out_location
Ames|4231|10|2,Ames,4231,10,2,PHP02 X W606S,90,2022-08-20,152.81,-0.0210579118630176,10.0,3,0,115.50363667020748,nitrogen,held_out_location
Ames|4231|24|2,Ames,4231,24,2,PHP02 X W606S,90,2022-08-20,130.08,-0.0063462332996405,10.0,3,0,115.50363667020748,nitrogen,held_out_location
Ames|4231|14|6,Ames,4231,14,6,PHT69 X 3IIH6,90,2022-08-20,124.37,-0.0139213131730114,10.0,3,0,115.50363667020748,nitrogen,held_out_location
Ames|4231|29|6,Ames,4231,29,6,PHT69 X 3IIH6,90,2022-08-20,146.85,0.0074583552136988,10.0,3,0,115.50363667020748,nitrogen,held_out_location
Ames|4231|21|3,Ames,4231,21,3,PHW52 X LH185,90,2022-08-20,137.73,-0.0380017890428715,10.0,3,0,115.50363667020748,nitrogen,held_out_location
Ames|4231|13|7,Ames,4231,13,7,PHW52 X LH185,90,2022-08-20,129.52,-0.017824766637015,10.0,3,0,115.50363667020748,nitrogen,held_out_location
Ames|4231|11|5,Ames,4231,11,5,PHW52 X PHM49,90,2022-08-20,141.98,-0.0220567585862421,10.0,3,0,115.50363667020748,nitrogen,held_out_location
Ames|4231|27|7,Ames,4231,27,7,PHW52 X PHM49,90,2022-08-20,145.0,-0.0165125613480332,10.0,3,0,115.50363667020748,nitrogen,held_out_location
Ames|4231|3|3,Ames,4231,3,3,PHW52 X PHN82,90,2022-08-20,149.3,-0.0005144366802135,10.0,3,0,115.50363667020748,nitrogen,held_out_location
Ames|4231|28|5,Ames,4231,28,5,PHW52 X PHN82,90,2022-08-20,142.45,-0.0107332117973608,10.0,3,0,115.50363667020748,nitrogen,held_out_location
Ames|4231|24|4,Ames,4231,24,4,PHW52 X PHZ51,90,2022-08-20,133.73,-0.0181372622643947,10.0,3,0,115.50363667020748,nitrogen,held_out_location
Ames|4231|11|6,Ames,4231,11,6,PHW52 X PHZ51,90,2022-08-20,143.59,-0.035179216129537,10.0,3,0,115.50363667020748,nitrogen,held_out_location
Ames|4231|10|7,Ames,4231,10,7,PHZ51 X LH145,90,2022-08-20,62.87,-0.0742173735190393,10.0,3,0,115.50363667020748,nitrogen,held_out_location
Ames|4231|18|7,Ames,4231,18,7,PHZ51 X LH145,90,2022-08-20,99.93,-0.0218666378470588,10.0,3,0,115.50363667020748,nitrogen,held_out_location
Ames|4231|13|2,Ames,4231,13,2,PIONEER 1311 AMXT,90,2022-08-20,128.91,0.0143640813408114,10.0,3,0,115.50363667020748,nitrogen,held_out_location
Ames|4231|26|5,Ames,4231,26,5,PIONEER 1311 AMXT,90,2022-08-20,135.5,-0.0084809474052748,10.0,3,0,115.50363667020748,nitrogen,held_out_location
Ames|4231|15|3,Ames,4231,15,3,PIONEER P0589 AMXT,90,2022-08-20,207.13,0.0019792879257444,10.0,3,0,115.50363667020748,nitrogen,held_out_location
Ames|4231|29|7,Ames,4231,29,7,PIONEER P0589 AMXT,90,2022-08-20,185.23,0.0003536384795491,10.0,3,0,115.50363667020748,nitrogen,held_out_location
Ames|4231|20|2,Ames,4231,20,2,SYNGENTA NK0760-3111,90,2022-08-20,183.75,0.0054923876912725,10.0,3,0,115.50363667020748,nitrogen,held_out_location
Ames|4231|14|4,Ames,4231,14,4,SYNGENTA NK0760-3111,90,2022-08-20,202.1,-0.0092375552181658,10.0,3,0,115.50363667020748,nitrogen,held_out_location
Ames|4231|21|2,Ames,4231,21,2,WF9 X H95,90,2022-08-20,63.36,-0.0465107866404016,10.0,3,0,115.50363667020748,nitrogen,held_out_location
Ames|4231|3|7,Ames,4231,3,7,WF9 X H95,90,2022-08-20,75.66,-0.0576710266088544,10.0,3,0,115.50363667020748,nitrogen,held_out_location
Crawfordsville|4352|5|2,Crawfordsville,4352,5,2,2369 X 3IIH6,90,2022-08-09,146.85,-0.0591118428871021,7.0,3,0,102.18294705942849,nitrogen,held_out_location
Crawfordsville|4352|20|8,Crawfordsville,4352,20,8,2369 X 3IIH6,90,2022-08-09,147.65,-0.0568669489050148,7.0,3,0,102.18294705942849,nitrogen,held_out_location
Crawfordsville|4352|16|7,Crawfordsville,4352,16,7,2369 X LH123HT,90,2022-08-09,177.71,-0.0586034826480583,7.0,3,0,102.18294705942849,nitrogen,held_out_location
Crawfordsville|4352|9|7,Crawfordsville,4352,9,7,2369 X LH123HT,90,2022-08-09,166.65,-0.0587609440296743,7.0,3,0,102.18294705942849,nitrogen,held_out_location
Crawfordsville|4352|20|2,Crawfordsville,4352,20,2,2369 X PHN82,90,2022-08-09,157.69,-0.0609254034277932,7.0,3,0,102.18294705942849,nitrogen,held_out_location
Crawfordsville|4352|12|4,Crawfordsville,4352,12,4,2369 X PHN82,90,2022-08-09,187.79,-0.0487996653081592,7.0,3,0,102.18294705942849,nitrogen,held_out_location
Crawfordsville|4352|17|7,Crawfordsville,4352,17,7,2369 X PHP02,90,2022-08-09,155.95,-0.0508846284463126,7.0,3,0,102.18294705942849,nitrogen,held_out_location
Crawfordsville|4352|4|8,Crawfordsville,4352,4,8,2369 X PHP02,90,2022-08-09,126.68,-0.0493244115101605,7.0,3,0,102.18294705942849,nitrogen,held_out_location
Crawfordsville|4352|7|2,Crawfordsville,4352,7,2,2369 X PHZ51,90,2022-08-09,131.06,-0.0598473966959237,7.0,3,0,102.18294705942849,nitrogen,held_out_location
Crawfordsville|4352|21|9,Crawfordsville,4352,21,9,2369 X PHZ51,90,2022-08-09,121.64,-0.0530144096301123,7.0,3,0,102.18294705942849,nitrogen,held_out_location
Crawfordsville|4352|10|2,Crawfordsville,4352,10,2,2FACC X 3IIH6,90,2022-08-09,162.19,-0.046983782456258,7.0,3,0,102.18294705942849,nitrogen,held_out_location
Crawfordsville|4352|18|6,Crawfordsville,4352,18,6,2FACC X 3IIH6,90,2022-08-09,187.22,-0.0485598146454843,7.0,3,0,102.18294705942849,nitrogen,held_out_location
Crawfordsville|4352|6|5,Crawfordsville,4352,6,5,4N506 X 3IIH6,90,2022-08-09,148.28,-0.0531948360734904,7.0,3,0,102.18294705942849,nitrogen,held_out_location
Crawfordsville|4352|19|8,Crawfordsville,4352,19,8,4N506 X 3IIH6,90,2022-08-09,138.96,-0.0538907218577136,7.0,3,0,102.18294705942849,nitrogen,held_out_location
Crawfordsville|4352|10|8,Crawfordsville,4352,10,8,B105 X 3IIH6,90,2022-08-09,140.93,-0.0475643481929329,7.0,3,0,102.18294705942849,nitrogen,held_out_location
Crawfordsville|4352|20|9,Crawfordsville,4352,20,9,B105 X 3IIH6,90,2022-08-09,148.22,-0.0432584243119317,7.0,3,0,102.18294705942849,nitrogen,held_out_location
Crawfordsville|4352|3|6,Crawfordsville,4352,3,6,B14A X MO17,90,2022-08-09,171.69,-0.0604698689984848,7.0,3,0,102.18294705942849,nitrogen,held_out_location
Crawfordsville|4352|20|7,Crawfordsville,4352,20,7,B14A X MO17,90,2022-08-09,184.88,-0.0507900277637832,7.0,3,0,102.18294705942849,nitrogen,held_out_location
Crawfordsville|4352|15|6,Crawfordsville,4352,15,6,B37 X H95,90,2022-08-09,127.0,-0.0590365390397206,7.0,3,0,102.18294705942849,nitrogen,held_out_location
Crawfordsville|4352|5|6,Crawfordsville,4352,5,6,B37 X H95,90,2022-08-09,126.22,-0.0661210374845663,7.0,3,0,102.18294705942849,nitrogen,held_out_location
Crawfordsville|4352|19|3,Crawfordsville,4352,19,3,B37 X MO17,90,2022-08-09,160.94,-0.0565836217240257,7.0,3,0,102.18294705942849,nitrogen,held_out_location
Crawfordsville|4352|12|3,Crawfordsville,4352,12,3,B37 X MO17,90,2022-08-09,179.28,-0.0497523918609541,7.0,3,0,102.18294705942849,nitrogen,held_out_location
Crawfordsville|4352|15|5,Crawfordsville,4352,15,5,B37 X OH43,90,2022-08-09,121.84,-0.0526656371223843,7.0,3,0,102.18294705942849,nitrogen,held_out_location
Crawfordsville|4352|4|7,Crawfordsville,4352,4,7,B37 X OH43,90,2022-08-09,123.82,-0.0502793240918932,7.0,3,0,102.18294705942849,nitrogen,held_out_location
Crawfordsville|4352|7|5,Crawfordsville,4352,7,5,B73 X 3IIH6,90,2022-08-09,184.86,-0.0504880055558973,7.0,3,0,102.18294705942849,nitrogen,held_out_location
Crawfordsville|4352|22|7,Crawfordsville,4352,22,7,B73 X 3IIH6,90,2022-08-09,170.44,-0.044859124608404,7.0,3,0,102.18294705942849,nitrogen,held_out_location
Crawfordsville|4352|19|6,Crawfordsville,4352,19,6,B73 X MO17,90,2022-08-09,194.93,-0.0612042309429345,7.0,3,0,102.18294705942849,nitrogen,held_out_location
Crawfordsville|4352|7|9,Crawfordsville,4352,7,9,B73 X MO17,90,2022-08-09,163.12,-0.0605773622305787,7.0,3,0,102.18294705942849,nitrogen,held_out_location
Crawfordsville|4352|10|6,Crawfordsville,4352,10,6,B73 X PHM49,90,2022-08-09,197.93,-0.051948161658518,7.0,3,0,102.18294705942849,nitrogen,held_out_location
Crawfordsville|4352|19|9,Crawfordsville,4352,19,9,B73 X PHM49,90,2022-08-09,174.06,-0.0527128256802461,7.0,3,0,102.18294705942849,nitrogen,held_out_location
Crawfordsville|4352|9|5,Crawfordsville,4352,9,5,B73 X PHN82,90,2022-08-09,183.49,-0.0498776063583167,7.0,3,0,102.18294705942849,nitrogen,held_out_location
Crawfordsville|4352|16|6,Crawfordsville,4352,16,6,B73 X PHN82,90,2022-08-09,187.35,-0.0437981727596699,7.0,3,0,102.18294705942849,nitrogen,held_out_location
Crawfordsville|4352|18|2,Crawfordsville,4352,18,2,B73 X PHZ51,90,2022-08-09,149.53,-0.0587641312375915,7.0,3,0,102.18294705942849,nitrogen,held_out_location
Crawfordsville|4352|12|7,Crawfordsville,4352,12,7,B73 X PHZ51,90,2022-08-09,175.09,-0.0597923586556859,7.0,3,0,102.18294705942849,nitrogen,held_out_location
Crawfordsville|4352|6|2,Crawfordsville,4352,6,2,B84 X 3IIH6,90,2022-08-09,114.9,-0.0570774232032568,7.0,3,0,102.18294705942849,nitrogen,held_out_location
Crawfordsville|4352|15|4,Crawfordsville,4352,15,4,B84 X 3IIH6,90,2022-08-09,168.96,-0.0578319671150673,7.0,3,0,102.18294705942849,nitrogen,held_out_location
Crawfordsville|4352|17|2,Crawfordsville,4352,17,2,F42 X MO17,90,2022-08-09,144.1,-0.0546355310177592,7.0,3,0,102.18294705942849,nitrogen,held_out_location
Crawfordsville|4352|5|5,Crawfordsville,4352,5,5,F42 X MO17,90,2022-08-09,167.42,-0.0549299930094209,7.0,3,0,102.18294705942849,nitrogen,held_out_location
Crawfordsville|4352|16|3,Crawfordsville,4352,16,3,F42 X OH43,90,2022-08-09,166.74,-0.0495828539292219,7.0,3,0,102.18294705942849,nitrogen,held_out_location
Crawfordsville|4352|3|4,Crawfordsville,4352,3,4,F42 X OH43,90,2022-08-09,153.03,-0.057734221185881,7.0,3,0,102.18294705942849,nitrogen,held_out_location
Crawfordsville|4352|7|6,Crawfordsville,4352,7,6,HOEGEMEYER 7089 AMXT,90,2022-08-09,221.71,-0.0404376018166778,7.0,3,0,102.18294705942849,nitrogen,held_out_location
Crawfordsville|4352|17|9,Crawfordsville,4352,17,9,HOEGEMEYER 7089 AMXT,90,2022-08-09,217.03,-0.048187733418699,7.0,3,0,102.18294705942849,nitrogen,held_out_location
Crawfordsville|4352|21|6,Crawfordsville,4352,21,6,HOEGEMEYER 8065RR,90,2022-08-09,231.8,-0.0508042019188306,7.0,3,0,102.18294705942849,nitrogen,held_out_location
Crawfordsville|4352|8|7,Crawfordsville,4352,8,7,HOEGEMEYER 8065RR,90,2022-08-09,210.78,-0.0463653947564858,7.0,3,0,102.18294705942849,nitrogen,held_out_location
Crawfordsville|4352|12|2,Crawfordsville,4352,12,2,LH123HT X 3IIH6,90,2022-08-09,171.34,-0.0549449049547436,7.0,3,0,102.18294705942849,nitrogen,held_out_location
Crawfordsville|4352|20|6,Crawfordsville,4352,20,6,LH123HT X 3IIH6,90,2022-08-09,169.57,-0.051775471616792,7.0,3,0,102.18294705942849,nitrogen,held_out_location
Crawfordsville|4352|13|8,Crawfordsville,4352,13,8,LH123HT X PHB47,90,2022-08-09,139.44,-0.0562413063503197,7.0,3,0,102.18294705942849,nitrogen,held_out_location
Crawfordsville|4352|8|9,Crawfordsville,4352,8,9,LH123HT X PHB47,90,2022-08-09,139.04,-0.0598074390916097,7.0,3,0,102.18294705942849,nitrogen,held_out_location
Crawfordsville|4352|14|6,Crawfordsville,4352,14,6,LH145 X LH162,90,2022-08-09,171.5,-0.0533004404709527,7.0,3,0,102.18294705942849,nitrogen,held_out_location
Crawfordsville|4352|4|6,Crawfordsville,4352,4,6,LH145 X LH162,90,2022-08-09,154.19,-0.0610142542473068,7.0,3,0,102.18294705942849,nitrogen,held_out_location
Crawfordsville|4352|13|9,Crawfordsville,4352,13,9,LH185 X LH145,90,2022-08-09,128.72,-0.0451586910953096,7.0,3,0,102.18294705942849,nitrogen,held_out_location
Crawfordsville|4352|17|4,Crawfordsville,4352,17,4,LH185 X LH82,90,2022-08-09,170.66,-0.0473015168387155,7.0,3,0,102.18294705942849,nitrogen,held_out_location
Crawfordsville|4352|11|9,Crawfordsville,4352,11,9,LH185 X LH82,90,2022-08-09,178.59,-0.0335595588546869,7.0,3,0,102.18294705942849,nitrogen,held_out_location
Crawfordsville|4352|22|6,Crawfordsville,4352,22,6,LH185 X W606S,90,2022-08-09,155.78,-0.0452741512424921,7.0,3,0,102.18294705942849,nitrogen,held_out_location
Crawfordsville|4352|13|4,Crawfordsville,4352,13,4,LH195 X 3IIH6,90,2022-08-09,163.22,-0.0443954328054125,7.0,3,0,102.18294705942849,nitrogen,held_out_location
Crawfordsville|4352|6|4,Crawfordsville,4352,6,4,LH195 X 3IIH6,90,2022-08-09,154.52,-0.045991736676985,7.0,3,0,102.18294705942849,nitrogen,held_out_location
Crawfordsville|4352|22|5,Crawfordsville,4352,22,5,LH195 X LH123HT,90,2022-08-09,165.77,-0.0479818509276716,7.0,3,0,102.18294705942849,nitrogen,held_out_location
Crawfordsville|4352|9|8,Crawfordsville,4352,9,8,LH195 X LH123HT,90,2022-08-09,138.8,-0.0527701318359761,7.0,3,0,102.18294705942849,nitrogen,held_out_location
Crawfordsville|4352|3|5,Crawfordsville,4352,3,5,LH195 X LH185,90,2022-08-09,154.26,-0.0446963243259008,7.0,3,0,102.18294705942849,nitrogen,held_out_location
Crawfordsville|4352|15|9,Crawfordsville,4352,15,9,LH195 X LH185,90,2022-08-09,181.7,-0.0508303343798929,7.0,3,0,102.18294705942849,nitrogen,held_out_location
Crawfordsville|4352|21|7,Crawfordsville,4352,21,7,LH195 X PHM49,90,2022-08-09,69.54,-0.0505142885563367,7.0,3,0,102.18294705942849,nitrogen,held_out_location
Crawfordsville|4352|3|9,Crawfordsville,4352,3,9,LH195 X PHM49,90,2022-08-09,87.57,-0.0513882339635944,7.0,3,0,102.18294705942849,nitrogen,held_out_location
Crawfordsville|4352|9|6,Crawfordsville,4352,9,6,LH195 X PHZ51,90,2022-08-09,156.07,-0.0581748681618642,7.0,3,0,102.18294705942849,nitrogen,held_out_location
Crawfordsville|4352|14|9,Crawfordsville,4352,14,9,LH195 X PHZ51,90,2022-08-09,149.54,-0.0606267075849752,7.0,3,0,102.18294705942849,nitrogen,held_out_location
Crawfordsville|4352|2|4,Crawfordsville,4352,2,4,LH198 X PHB47,90,2022-08-09,148.47,-0.0484295301455869,7.0,3,0,102.18294705942849,nitrogen,held_out_location
Crawfordsville|4352|16|9,Crawfordsville,4352,16,9,LH198 X PHB47,90,2022-08-09,163.37,-0.0459893271565822,7.0,3,0,102.18294705942849,nitrogen,held_out_location
Crawfordsville|4352|4|2,Crawfordsville,4352,4,2,LH198 X PHZ51,90,2022-08-09,131.24,-0.0614281004375465,7.0,3,0,102.18294705942849,nitrogen,held_out_location
Crawfordsville|4352|20|5,Crawfordsville,4352,20,5,LH198 X PHZ51,90,2022-08-09,139.97,-0.054000127329538,7.0,3,0,102.18294705942849,nitrogen,held_out_location
Crawfordsville|4352|3|7,Crawfordsville,4352,3,7,LH74 X PHM49,90,2022-08-09,158.79,-0.0377973713290379,7.0,3,0,102.18294705942849,nitrogen,held_out_location
Crawfordsville|4352|23|2,Crawfordsville,4352,23,2,LH74 X PHN82,90,2022-08-09,154.81,-0.0514067048776621,7.0,3,0,102.18294705942849,nitrogen,held_out_location
Crawfordsville|4352|4|4,Crawfordsville,4352,4,4,LH74 X PHN82,90,2022-08-09,160.94,-0.0457712487455822,7.0,3,0,102.18294705942849,nitrogen,held_out_location
Crawfordsville|4352|21|2,Crawfordsville,4352,21,2,LH82 X PHB47,90,2022-08-09,114.51,-0.0519525149814801,7.0,3,0,102.18294705942849,nitrogen,held_out_location
Crawfordsville|4352|8|8,Crawfordsville,4352,8,8,LH82 X PHB47,90,2022-08-09,134.0,-0.0458332365842651,7.0,3,0,102.18294705942849,nitrogen,held_out_location
Crawfordsville|4352|7|3,Crawfordsville,4352,7,3,LH82 X PHJ89,90,2022-08-09,178.65,-0.0408001904074432,7.0,3,0,102.18294705942849,nitrogen,held_out_location
Crawfordsville|4352|22|4,Crawfordsville,4352,22,4,LH82 X PHJ89,90,2022-08-09,156.13,-0.0411663380107604,7.0,3,0,102.18294705942849,nitrogen,held_out_location
Crawfordsville|4352|12|5,Crawfordsville,4352,12,5,LH82 X W606S,90,2022-08-09,157.16,-0.0616191612085619,7.0,3,0,102.18294705942849,nitrogen,held_out_location
Crawfordsville|4352|15|8,Crawfordsville,4352,15,8,LH82 X W606S,90,2022-08-09,158.48,-0.0511892177141505,7.0,3,0,102.18294705942849,nitrogen,held_out_location
Crawfordsville|4352|2|6,Crawfordsville,4352,2,6,N209 X 3IIH6,90,2022-08-09,181.18,-0.0464958372657382,7.0,3,0,102.18294705942849,nitrogen,held_out_location
Crawfordsville|4352|23|9,Crawfordsville,4352,23,9,N209 X 3IIH6,90,2022-08-09,182.48,-0.0537377497161307,7.0,3,0,102.18294705942849,nitrogen,held_out_location
Crawfordsville|4352|6|3,Crawfordsville,4352,6,3,PHB47 X 3IIH6,90,2022-08-09,190.78,-0.0504482855536619,7.0,3,0,102.18294705942849,nitrogen,held_out_location
Crawfordsville|4352|20|4,Crawfordsville,4352,20,4,PHB47 X 3IIH6,90,2022-08-09,147.07,-0.0590661388883557,7.0,3,0,102.18294705942849,nitrogen,held_out_location
Crawfordsville|4352|22|2,Crawfordsville,4352,22,2,PHB47 X LH185,90,2022-08-09,125.37,-0.0453300783609216,7.0,3,0,102.18294705942849,nitrogen,held_out_location
Crawfordsville|4352|11|8,Crawfordsville,4352,11,8,PHB47 X LH185,90,2022-08-09,143.4,-0.0476999097403888,7.0,3,0,102.18294705942849,nitrogen,held_out_location
Crawfordsville|4352|15|7,Crawfordsville,4352,15,7,PHB47 X PHJ89,90,2022-08-09,171.94,-0.0492924465233113,7.0,3,0,102.18294705942849,nitrogen,held_out_location
Crawfordsville|4352|14|8,Crawfordsville,4352,14,8,PHB47 X PHK56,90,2022-08-09,159.17,-0.0537474181832864,7.0,3,0,102.18294705942849,nitrogen,held_out_location
Crawfordsville|4352|3|8,Crawfordsville,4352,3,8,PHB47 X PHK56,90,2022-08-09,167.04,-0.0495726971502143,7.0,3,0,102.18294705942849,nitrogen,held_out_location
Crawfordsville|4352|18|8,Crawfordsville,4352,18,8,PHG39 X PHM49,90,2022-08-09,149.53,-0.053590969236491,7.0,3,0,102.18294705942849,nitrogen,held_out_location
Crawfordsville|4352|12|9,Crawfordsville,4352,12,9,PHG39 X PHM49,90,2022-08-09,174.89,-0.0542727986354364,7.0,3,0,102.18294705942849,nitrogen,held_out_location
Crawfordsville|4352|18|5,Crawfordsville,4352,18,5,PHG39 X PHN82,90,2022-08-09,166.45,-0.0501538147911976,7.0,3,0,102.18294705942849,nitrogen,held_out_location
Crawfordsville|4352|17|3,Crawfordsville,4352,17,3,PHJ40 X LH82,90,2022-08-09,189.04,-0.0435350616783152,7.0,3,0,102.18294705942849,nitrogen,held_out_location
Crawfordsville|4352|10|3,Crawfordsville,4352,10,3,PHJ40 X LH82,90,2022-08-09,140.08,-0.0378593262307447,7.0,3,0,102.18294705942849,nitrogen,held_out_location
Crawfordsville|4352|22|3,Crawfordsville,4352,22,3,PHK56 X 3IIH6,90,2022-08-09,148.9,-0.04784129081317,7.0,3,0,102.18294705942849,nitrogen,held_out_location
Crawfordsville|4352|11|6,Crawfordsville,4352,11,6,PHK56 X 3IIH6,90,2022-08-09,177.0,-0.0568140690281721,7.0,3,0,102.18294705942849,nitrogen,held_out_location
Crawfordsville|4352|21|5,Crawfordsville,4352,21,5,PHK56 X LH145,90,2022-08-09,140.66,-0.0543934268803263,7.0,3,0,102.18294705942849,nitrogen,held_out_location
Crawfordsville|4352|3|2,Crawfordsville,4352,3,2,PHK56 X LH185,90,2022-08-09,148.93,-0.0526184222279471,7.0,3,0,102.18294705942849,nitrogen,held_out_location
Crawfordsville|4352|18|7,Crawfordsville,4352,18,7,PHK56 X LH185,90,2022-08-09,155.96,-0.0521936299937525,7.0,3,0,102.18294705942849,nitrogen,held_out_location
Crawfordsville|4352|21|4,Crawfordsville,4352,21,4,PHK56 X LH198,90,2022-08-09,158.77,-0.0522349168094733,7.0,3,0,102.18294705942849,nitrogen,held_out_location
Crawfordsville|4352|2|8,Crawfordsville,4352,2,8,PHK56 X LH198,90,2022-08-09,164.14,-0.0420750673076485,7.0,3,0,102.18294705942849,nitrogen,held_out_location
Crawfordsville|4352|11|4,Crawfordsville,4352,11,4,PHK56 X LH82,90,2022-08-09,132.16,-0.0338434201972692,7.0,3,0,102.18294705942849,nitrogen,held_out_location
Crawfordsville|4352|17|8,Crawfordsville,4352,17,8,PHK56 X LH82,90,2022-08-09,172.0,-0.0431559854993075,7.0,3,0,102.18294705942849,nitrogen,held_out_location
Crawfordsville|4352|19|4,Crawfordsville,4352,19,4,PHK56 X PHJ89,90,2022-08-09,160.52,-0.0627976731404569,7.0,3,0,102.18294705942849,nitrogen,held_out_location
Crawfordsville|4352|9|9,Crawfordsville,4352,9,9,PHK56 X PHJ89,90,2022-08-09,180.46,-0.0425218197044587,7.0,3,0,102.18294705942849,nitrogen,held_out_location
Crawfordsville|4352|13|5,Crawfordsville,4352,13,5,PHK56 X W606S,90,2022-08-09,167.07,-0.0582464198424462,7.0,3,0,102.18294705942849,nitrogen,held_out_location
Crawfordsville|4352|7|8,Crawfordsville,4352,7,8,PHK56 X W606S,90,2022-08-09,134.92,-0.0429400196331187,7.0,3,0,102.18294705942849,nitrogen,held_out_location
Crawfordsville|4352|16|2,Crawfordsville,4352,16,2,PHK76 X 3IIH6,90,2022-08-09,149.55,-0.0516194165959464,7.0,3,0,102.18294705942849,nitrogen,held_out_location
Crawfordsville|4352|2|7,Crawfordsville,4352,2,7,PHK76 X 3IIH6,90,2022-08-09,145.19,-0.0545847136499031,7.0,3,0,102.18294705942849,nitrogen,held_out_location
Crawfordsville|4352|11|3,Crawfordsville,4352,11,3,PHK76 X LH145,90,2022-08-09,131.41,-0.0508070772330486,7.0,3,0,102.18294705942849,nitrogen,held_out_location
Crawfordsville|4352|18|9,Crawfordsville,4352,18,9,PHK76 X LH145,90,2022-08-09,125.16,-0.0441144632670684,7.0,3,0,102.18294705942849,nitrogen,held_out_location
Crawfordsville|4352|18|3,Crawfordsville,4352,18,3,PHK76 X LH198,90,2022-08-09,101.81,-0.0449553727645565,7.0,3,0,102.18294705942849,nitrogen,held_out_location
Crawfordsville|4352|7|4,Crawfordsville,4352,7,4,PHK76 X LH198,90,2022-08-09,179.08,-0.0496380693367722,7.0,3,0,102.18294705942849,nitrogen,held_out_location
Crawfordsville|4352|15|3,Crawfordsville,4352,15,3,PHK76 X LH82,90,2022-08-09,164.02,-0.0410968219124754,7.0,3,0,102.18294705942849,nitrogen,held_out_location
Crawfordsville|4352|4|9,Crawfordsville,4352,4,9,PHK76 X LH82,90,2022-08-09,151.61,-0.0528100156569653,7.0,3,0,102.18294705942849,nitrogen,held_out_location
Crawfordsville|4352|13|2,Crawfordsville,4352,13,2,PHK76 X W606S,90,2022-08-09,137.12,-0.0569020672657414,7.0,3,0,102.18294705942849,nitrogen,held_out_location
Crawfordsville|4352|9|4,Crawfordsville,4352,9,4,PHK76 X W606S,90,2022-08-09,145.09,-0.0497514838385835,7.0,3,0,102.18294705942849,nitrogen,held_out_location
Crawfordsville|4352|4|3,Crawfordsville,4352,4,3,PHN46 X PHB47,90,2022-08-09,191.36,-0.0559720766186011,7.0,3,0,102.18294705942849,nitrogen,held_out_location
Crawfordsville|4352|22|9,Crawfordsville,4352,22,9,PHN46 X PHB47,90,2022-08-09,149.61,-0.0462062132512904,7.0,3,0,102.18294705942849,nitrogen,held_out_location
Crawfordsville|4352|17|6,Crawfordsville,4352,17,6,PHN46 X PHK56,90,2022-08-09,169.97,-0.0406765649305096,7.0,3,0,102.18294705942849,nitrogen,held_out_location
Crawfordsville|4352|6|9,Crawfordsville,4352,6,9,PHN46 X PHK56,90,2022-08-09,195.59,-0.0514838532267331,7.0,3,0,102.18294705942849,nitrogen,held_out_location
Crawfordsville|4352|8|2,Crawfordsville,4352,8,2,PHN46 X W606S,90,2022-08-09,162.12,-0.0536160178403981,7.0,3,0,102.18294705942849,nitrogen,held_out_location
Crawfordsville|4352|21|8,Crawfordsville,4352,21,8,PHN46 X W606S,90,2022-08-09,152.83,-0.0577566599564891,7.0,3,0,102.18294705942849,nitrogen,held_out_location
Crawfordsville|4352|8|5,Crawfordsville,4352,8,5,PHP02 X LH145,90,2022-08-09,131.24,-0.0437852769103218,7.0,3,0,102.18294705942849,nitrogen,held_out_location
Crawfordsville|4352|13|6,Crawfordsville,4352,13,6,PHP02 X LH145,90,2022-08-09,154.9,-0.043170408448751,7.0,3,0,102.18294705942849,nitrogen,held_out_location
Crawfordsville|4352|11|5,Crawfordsville,4352,11,5,PHP02 X LH185,90,2022-08-09,174.99,-0.0470064232636839,7.0,3,0,102.18294705942849,nitrogen,held_out_location
Crawfordsville|4352|16|8,Crawfordsville,4352,16,8,PHP02 X LH185,90,2022-08-09,152.91,-0.0463468316967281,7.0,3,0,102.18294705942849,nitrogen,held_out_location
Crawfordsville|4352|14|5,Crawfordsville,4352,14,5,PHP02 X LH198,90,2022-08-09,167.2,-0.0573551630036883,7.0,3,0,102.18294705942849,nitrogen,held_out_location
Crawfordsville|4352|2|9,Crawfordsville,4352,2,9,PHP02 X LH198,90,2022-08-09,164.88,-0.0441305019543558,7.0,3,0,102.18294705942849,nitrogen,held_out_location
Crawfordsville|4352|19|7,Crawfordsville,4352,19,7,PHP02 X LH82,90,2022-08-09,137.5,-0.0411804975329118,7.0,3,0,102.18294705942849,nitrogen,held_out_location
Crawfordsville|4352|10|7,Crawfordsville,4352,10,7,PHP02 X LH82,90,2022-08-09,153.77,-0.0408434339319989,7.0,3,0,102.18294705942849,nitrogen,held_out_location
Crawfordsville|4352|23|3,Crawfordsville,4352,23,3,PHP02 X PHB47,90,2022-08-09,191.1,-0.0386589910722575,7.0,3,0,102.18294705942849,nitrogen,held_out_location
Crawfordsville|4352|5|9,Crawfordsville,4352,5,9,PHP02 X PHB47,90,2022-08-09,170.48,-0.0479052997655956,7.0,3,0,102.18294705942849,nitrogen,held_out_location
Crawfordsville|4352|18|4,Crawfordsville,4352,18,4,PHP02 X PHG47,90,2022-08-09,111.91,-0.0302617024922975,7.0,3,0,102.18294705942849,nitrogen,held_out_location
Crawfordsville|4352|5|8,Crawfordsville,4352,5,8,PHP02 X PHG47,90,2022-08-09,141.2,-0.0460603014142453,7.0,3,0,102.18294705942849,nitrogen,held_out_location
Crawfordsville|4352|13|3,Crawfordsville,4352,13,3,PHP02 X PHJ89,90,2022-08-09,161.64,-0.0473401251553669,7.0,3,0,102.18294705942849,nitrogen,held_out_location
Crawfordsville|4352|6|8,Crawfordsville,4352,6,8,PHP02 X PHJ89,90,2022-08-09,140.36,-0.0454422444333338,7.0,3,0,102.18294705942849,nitrogen,held_out_location
Crawfordsville|4352|17|5,Crawfordsville,4352,17,5,PHP02 X PHK56,90,2022-08-09,159.98,-0.0469153265477955,7.0,3,0,102.18294705942849,nitrogen,held_out_location
Crawfordsville|4352|12|6,Crawfordsville,4352,12,6,PHP02 X PHK56,90,2022-08-09,171.94,-0.0435075013768471,7.0,3,0,102.18294705942849,nitrogen,held_out_location
Crawfordsville|4352|15|2,Crawfordsville,4352,15,2,PHP02 X PHK76,90,2022-08-09,159.62,-0.049310959959849,7.0,3,0,102.18294705942849,nitrogen,held_out_location
Crawfordsville|4352|4|5,Crawfordsville,4352,4,5,PHP02 X PHK76,90,2022-08-09,145.87,-0.0525934287080354,7.0,3,0,102.18294705942849,nitrogen,held_out_location
Crawfordsville|4352|23|6,Crawfordsville,4352,23,6,PHP02 X PHN46,90,2022-08-09,152.71,-0.0449382967281033,7.0,3,0,102.18294705942849,nitrogen,held_out_location
Crawfordsville|4352|12|8,Crawfordsville,4352,12,8,PHP02 X PHN46,90,2022-08-09,135.91,-0.0413514216916804,7.0,3,0,102.18294705942849,nitrogen,held_out_location
Crawfordsville|4352|14|3,Crawfordsville,4352,14,3,PHP02 X W606S,90,2022-08-09,145.31,-0.0520315082179915,7.0,3,0,102.18294705942849,nitrogen,held_out_location
Crawfordsville|4352|5|4,Crawfordsville,4352,5,4,PHP02 X W606S,90,2022-08-09,171.33,-0.0471766629871375,7.0,3,0,102.18294705942849,nitrogen,held_out_location
Crawfordsville|4352|8|6,Crawfordsville,4352,8,6,PHT69 X 3IIH6,90,2022-08-09,178.82,-0.0433595470648605,7.0,3,0,102.18294705942849,nitrogen,held_out_location
Crawfordsville|4352|23|7,Crawfordsville,4352,23,7,PHT69 X 3IIH6,90,2022-08-09,158.19,-0.0456632816618463,7.0,3,0,102.18294705942849,nitrogen,held_out_location
Crawfordsville|4352|2|2,Crawfordsville,4352,2,2,PHW52 X LH185,90,2022-08-09,182.67,-0.0420600360874495,7.0,3,0,102.18294705942849,nitrogen,held_out_location
Crawfordsville|4352|16|5,Crawfordsville,4352,16,5,PHW52 X LH185,90,2022-08-09,179.36,-0.0431515102990112,7.0,3,0,102.18294705942849,nitrogen,held_out_location
Crawfordsville|4352|23|4,Crawfordsville,4352,23,4,PHW52 X PHM49,90,2022-08-09,162.69,-0.0467303336280993,7.0,3,0,102.18294705942849,nitrogen,held_out_location
Crawfordsville|4352|5|7,Crawfordsville,4352,5,7,PHW52 X PHM49,90,2022-08-09,160.33,-0.0618021020084252,7.0,3,0,102.18294705942849,nitrogen,held_out_location
Crawfordsville|4352|8|3,Crawfordsville,4352,8,3,PHW52 X PHN82,90,2022-08-09,196.28,-0.0432177481832506,7.0,3,0,102.18294705942849,nitrogen,held_out_location
Crawfordsville|4352|23|8,Crawfordsville,4352,23,8,PHW52 X PHN82,90,2022-08-09,165.32,-0.050548811668312,7.0,3,0,102.18294705942849,nitrogen,held_out_location
Crawfordsville|4352|16|4,Crawfordsville,4352,16,4,PHW52 X PHZ51,90,2022-08-09,178.31,-0.0590251772075445,7.0,3,0,102.18294705942849,nitrogen,held_out_location
Crawfordsville|4352|7|7,Crawfordsville,4352,7,7,PHW52 X PHZ51,90,2022-08-09,155.62,-0.0507546442337729,7.0,3,0,102.18294705942849,nitrogen,held_out_location
Crawfordsville|4352|10|5,Crawfordsville,4352,10,5,PHZ51 X LH145,90,2022-08-09,117.2,-0.0477699189273304,7.0,3,0,102.18294705942849,nitrogen,held_out_location
Crawfordsville|4352|13|7,Crawfordsville,4352,13,7,PHZ51 X LH145,90,2022-08-09,131.06,-0.0473520734774125,7.0,3,0,102.18294705942849,nitrogen,held_out_location
Crawfordsville|4352|19|2,Crawfordsville,4352,19,2,PIONEER 1311 AMXT,90,2022-08-09,190.02,-0.0593662761486785,7.0,3,0,102.18294705942849,nitrogen,held_out_location
Crawfordsville|4352|11|7,Crawfordsville,4352,11,7,PIONEER 1311 AMXT,90,2022-08-09,203.86,-0.0433944230704925,7.0,3,0,102.18294705942849,nitrogen,held_out_location
Crawfordsville|4352|9|3,Crawfordsville,4352,9,3,PIONEER P0589 AMXT,90,2022-08-09,171.13,-0.0464228993925854,7.0,3,0,102.18294705942849,nitrogen,held_out_location
Crawfordsville|4352|14|4,Crawfordsville,4352,14,4,PIONEER P0589 AMXT,90,2022-08-09,211.33,-0.0456633499178301,7.0,3,0,102.18294705942849,nitrogen,held_out_location
Crawfordsville|4352|3|3,Crawfordsville,4352,3,3,SYNGENTA NK0760-3111,90,2022-08-09,152.82,-0.0495860486316683,7.0,3,0,102.18294705942849,nitrogen,held_out_location
Crawfordsville|4352|23|5,Crawfordsville,4352,23,5,SYNGENTA NK0760-3111,90,2022-08-09,205.17,-0.0528498220800791,7.0,3,0,102.18294705942849,nitrogen,held_out_location
Crawfordsville|4352|8|4,Crawfordsville,4352,8,4,WF9 X H95,90,2022-08-09,136.45,-0.0585900308645672,7.0,3,0,102.18294705942849,nitrogen,held_out_location
Crawfordsville|4352|19|5,Crawfordsville,4352,19,5,WF9 X H95,90,2022-08-09,124.58,-0.0563266152708257,7.0,3,0,102.18294705942849,nitrogen,held_out_location
Crawfordsville|4353|26|42,Crawfordsville,4353,26,42,2369 X 3IIH6,90,2022-08-09,219.6,-0.0496640080178568,7.0,3,0,108.05753967784564,nitrogen,held_out_location
Crawfordsville|4353|15|43,Crawfordsville,4353,15,43,2369 X 3IIH6,90,2022-08-09,174.71,-0.0525271948574107,7.0,3,0,108.05753967784564,nitrogen,held_out_location
Crawfordsville|4353|17|45,Crawfordsville,4353,17,45,2369 X LH123HT,90,2022-08-09,184.34,-0.063824461363683,7.0,3,0,108.05753967784564,nitrogen,held_out_location
Crawfordsville|4353|20|46,Crawfordsville,4353,20,46,2369 X LH123HT,90,2022-08-09,138.31,-0.0640173265515178,7.0,3,0,108.05753967784564,nitrogen,held_out_location
Crawfordsville|4353|32|42,Crawfordsville,4353,32,42,2369 X PHN82,90,2022-08-09,176.64,-0.045880507519225,7.0,3,0,108.05753967784564,nitrogen,held_out_location
Crawfordsville|4353|6|43,Crawfordsville,4353,6,43,2369 X PHN82,90,2022-08-09,172.74,-0.0561166657424231,7.0,3,0,108.05753967784564,nitrogen,held_out_location
Crawfordsville|4353|18|44,Crawfordsville,4353,18,44,2369 X PHP02,90,2022-08-09,152.36,-0.0541272770599328,7.0,3,0,108.05753967784564,nitrogen,held_out_location
Crawfordsville|4353|20|45,Crawfordsville,4353,20,45,2369 X PHP02,90,2022-08-09,180.77,-0.0511319179892297,7.0,3,0,108.05753967784564,nitrogen,held_out_location
Crawfordsville|4353|3|44,Crawfordsville,4353,3,44,2369 X PHZ51,90,2022-08-09,161.36,-0.0575669355009422,7.0,3,0,108.05753967784564,nitrogen,held_out_location
Crawfordsville|4353|32|46,Crawfordsville,4353,32,46,2369 X PHZ51,90,2022-08-09,138.31,-0.0655689137321287,7.0,3,0,108.05753967784564,nitrogen,held_out_location
Crawfordsville|4353|30|42,Crawfordsville,4353,30,42,2FACC X 3IIH6,90,2022-08-09,163.82,-0.0449036092728231,7.0,3,0,108.05753967784564,nitrogen,held_out_location
Crawfordsville|4353|16|43,Crawfordsville,4353,16,43,2FACC X 3IIH6,90,2022-08-09,175.77,-0.0411979158881642,7.0,3,0,108.05753967784564,nitrogen,held_out_location
Crawfordsville|4353|9|43,Crawfordsville,4353,9,43,4N506 X 3IIH6,90,2022-08-09,149.43,-0.0580572323201357,7.0,3,0,108.05753967784564,nitrogen,held_out_location
Crawfordsville|4353|33|46,Crawfordsville,4353,33,46,4N506 X 3IIH6,90,2022-08-09,162.26,-0.0577583981363272,7.0,3,0,108.05753967784564,nitrogen,held_out_location
Crawfordsville|4353|3|43,Crawfordsville,4353,3,43,B105 X 3IIH6,90,2022-08-09,172.25,-0.0521990665125955,7.0,3,0,108.05753967784564,nitrogen,held_out_location
Crawfordsville|4353|25|44,Crawfordsville,4353,25,44,B105 X 3IIH6,90,2022-08-09,146.6,-0.0485599116405962,7.0,3,0,108.05753967784564,nitrogen,held_out_location
Crawfordsville|4353|12|45,Crawfordsville,4353,12,45,B14A X MO17,90,2022-08-09,205.37,-0.0685686806761473,7.0,3,0,108.05753967784564,nitrogen,held_out_location
Crawfordsville|4353|34|46,Crawfordsville,4353,34,46,B14A X MO17,90,2022-08-09,181.41,-0.0627011799994164,7.0,3,0,108.05753967784564,nitrogen,held_out_location
Crawfordsville|4353|29|46,Crawfordsville,4353,29,46,B37 X H95,90,2022-08-09,113.11,-0.0624227521441324,7.0,3,0,108.05753967784564,nitrogen,held_out_location
Crawfordsville|4353|7|46,Crawfordsville,4353,7,46,B37 X H95,90,2022-08-09,136.53,-0.0637230158251153,7.0,3,0,108.05753967784564,nitrogen,held_out_location
Crawfordsville|4353|13|44,Crawfordsville,4353,13,44,B37 X MO17,90,2022-08-09,144.59,-0.0641419997268057,7.0,3,0,108.05753967784564,nitrogen,held_out_location
Crawfordsville|4353|23|46,Crawfordsville,4353,23,46,B37 X MO17,90,2022-08-09,144.46,-0.0570363183566808,7.0,3,0,108.05753967784564,nitrogen,held_out_location
Crawfordsville|4353|17|42,Crawfordsville,4353,17,42,B37 X OH43,90,2022-08-09,161.51,-0.0501953670273565,7.0,3,0,108.05753967784564,nitrogen,held_out_location
Crawfordsville|4353|27|43,Crawfordsville,4353,27,43,B37 X OH43,90,2022-08-09,146.7,-0.0591953423780412,7.0,3,0,108.05753967784564,nitrogen,held_out_location
Crawfordsville|4353|36|44,Crawfordsville,4353,36,44,B73 X 3IIH6,90,2022-08-09,166.6,-0.0513075917145899,7.0,3,0,108.05753967784564,nitrogen,held_out_location
Crawfordsville|4353|19|44,Crawfordsville,4353,19,44,B73 X 3IIH6,90,2022-08-09,170.44,-0.0511953454473776,7.0,3,0,108.05753967784564,nitrogen,held_out_location
Crawfordsville|4353|19|45,Crawfordsville,4353,19,45,B73 X MO17,90,2022-08-09,207.88,-0.0542708571375217,7.0,3,0,108.05753967784564,nitrogen,held_out_location
Crawfordsville|4353|30|46,Crawfordsville,4353,30,46,B73 X MO17,90,2022-08-09,161.49,-0.0634374939163276,7.0,3,0,108.05753967784564,nitrogen,held_out_location
Crawfordsville|4353|28|42,Crawfordsville,4353,28,42,B73 X PHM49,90,2022-08-09,211.78,-0.0617877243657484,7.0,3,0,108.05753967784564,nitrogen,held_out_location
Crawfordsville|4353|15|42,Crawfordsville,4353,15,42,B73 X PHM49,90,2022-08-09,223.97,-0.0469069225074946,7.0,3,0,108.05753967784564,nitrogen,held_out_location
Crawfordsville|4353|20|43,Crawfordsville,4353,20,43,B73 X PHN82,90,2022-08-09,214.48,-0.0457445079542389,7.0,3,0,108.05753967784564,nitrogen,held_out_location
Crawfordsville|4353|13|43,Crawfordsville,4353,13,43,B73 X PHN82,90,2022-08-09,205.97,-0.0556365547630828,7.0,3,0,108.05753967784564,nitrogen,held_out_location
Crawfordsville|4353|29|44,Crawfordsville,4353,29,44,B73 X PHZ51,90,2022-08-09,157.15,-0.0513880762857743,7.0,3,0,108.05753967784564,nitrogen,held_out_location
Crawfordsville|4353|10|46,Crawfordsville,4353,10,46,B73 X PHZ51,90,2022-08-09,154.89,-0.0594190542323962,7.0,3,0,108.05753967784564,nitrogen,held_out_location
Crawfordsville|4353|11|42,Crawfordsville,4353,11,42,B84 X 3IIH6,90,2022-08-09,186.47,-0.054440855912242,7.0,3,0,108.05753967784564,nitrogen,held_out_location
Crawfordsville|4353|36|43,Crawfordsville,4353,36,43,B84 X 3IIH6,90,2022-08-09,165.7,-0.0605437203672316,7.0,3,0,108.05753967784564,nitrogen,held_out_location
Crawfordsville|4353|24|42,Crawfordsville,4353,24,42,F42 X MO17,90,2022-08-09,214.47,-0.0519927702121648,7.0,3,0,108.05753967784564,nitrogen,held_out_location
Crawfordsville|4353|16|45,Crawfordsville,4353,16,45,F42 X MO17,90,2022-08-09,197.03,-0.0678268239456376,7.0,3,0,108.05753967784564,nitrogen,held_out_location
Crawfordsville|4353|9|44,Crawfordsville,4353,9,44,F42 X OH43,90,2022-08-09,169.02,-0.0396466190773132,7.0,3,0,108.05753967784564,nitrogen,held_out_location
Crawfordsville|4353|25|45,Crawfordsville,4353,25,45,F42 X OH43,90,2022-08-09,164.67,-0.0560815966154458,7.0,3,0,108.05753967784564,nitrogen,held_out_location
Crawfordsville|4353|35|43,Crawfordsville,4353,35,43,HOEGEMEYER 7089 AMXT,90,2022-08-09,191.88,-0.047503088684122,7.0,3,0,108.05753967784564,nitrogen,held_out_location
Crawfordsville|4353|11|45,Crawfordsville,4353,11,45,HOEGEMEYER 7089 AMXT,90,2022-08-09,224.91,-0.0544162255238126,7.0,3,0,108.05753967784564,nitrogen,held_out_location
Crawfordsville|4353|8|42,Crawfordsville,4353,8,42,HOEGEMEYER 8065RR,90,2022-08-09,226.42,-0.049263940901832,7.0,3,0,108.05753967784564,nitrogen,held_out_location
Crawfordsville|4353|24|46,Crawfordsville,4353,24,46,HOEGEMEYER 8065RR,90,2022-08-09,207.99,-0.0433354401270279,7.0,3,0,108.05753967784564,nitrogen,held_out_location
Crawfordsville|4353|4|44,Crawfordsville,4353,4,44,LH123HT X 3IIH6,90,2022-08-09,172.69,-0.0649689505225482,7.0,3,0,108.05753967784564,nitrogen,held_out_location
Crawfordsville|4353|28|45,Crawfordsville,4353,28,45,LH123HT X 3IIH6,90,2022-08-09,191.54,-0.0609703003739794,7.0,3,0,108.05753967784564,nitrogen,held_out_location
Crawfordsville|4353|3|42,Crawfordsville,4353,3,42,LH123HT X PHB47,90,2022-08-09,184.65,-0.0513408089591496,7.0,3,0,108.05753967784564,nitrogen,held_out_location
Crawfordsville|4353|27|44,Crawfordsville,4353,27,44,LH123HT X PHB47,90,2022-08-09,164.02,-0.0575968007947639,7.0,3,0,108.05753967784564,nitrogen,held_out_location
Crawfordsville|4353|8|43,Crawfordsville,4353,8,43,LH145 X LH162,90,2022-08-09,216.64,-0.0566579544672949,7.0,3,0,108.05753967784564,nitrogen,held_out_location
Crawfordsville|4353|23|45,Crawfordsville,4353,23,45,LH145 X LH162,90,2022-08-09,208.95,-0.0583755936437435,7.0,3,0,108.05753967784564,nitrogen,held_out_location
Crawfordsville|4353|36|46,Crawfordsville,4353,36,46,LH185 X LH145,90,2022-08-09,142.16,-0.0431699387250608,7.0,3,0,108.05753967784564,nitrogen,held_out_location
Crawfordsville|4353|36|42,Crawfordsville,4353,36,42,LH185 X LH82,90,2022-08-09,178.12,-0.0345866037997304,7.0,3,0,108.05753967784564,nitrogen,held_out_location
Crawfordsville|4353|16|44,Crawfordsville,4353,16,44,LH185 X LH82,90,2022-08-09,175.74,-0.0453810942698398,7.0,3,0,108.05753967784564,nitrogen,held_out_location
Crawfordsville|4353|21|45,Crawfordsville,4353,21,45,LH185 X W606S,90,2022-08-09,174.96,-0.0540970734081264,7.0,3,0,108.05753967784564,nitrogen,held_out_location
Crawfordsville|4353|34|43,Crawfordsville,4353,34,43,LH195 X 3IIH6,90,2022-08-09,181.42,-0.0506240729288443,7.0,3,0,108.05753967784564,nitrogen,held_out_location
Crawfordsville|4353|6|46,Crawfordsville,4353,6,46,LH195 X 3IIH6,90,2022-08-09,149.37,-0.054022216173919,7.0,3,0,108.05753967784564,nitrogen,held_out_location
Crawfordsville|4353|19|42,Crawfordsville,4353,19,42,LH195 X LH123HT,90,2022-08-09,195.48,-0.0438453048497309,7.0,3,0,108.05753967784564,nitrogen,held_out_location
Crawfordsville|4353|26|44,Crawfordsville,4353,26,44,LH195 X LH123HT,90,2022-08-09,210.22,-0.0600098034203057,7.0,3,0,108.05753967784564,nitrogen,held_out_location
Crawfordsville|4353|28|43,Crawfordsville,4353,28,43,LH195 X LH185,90,2022-08-09,216.61,-0.0531011791340061,7.0,3,0,108.05753967784564,nitrogen,held_out_location
Crawfordsville|4353|5|44,Crawfordsville,4353,5,44,LH195 X LH185,90,2022-08-09,194.38,-0.0487812871534261,7.0,3,0,108.05753967784564,nitrogen,held_out_location
Crawfordsville|4353|31|46,Crawfordsville,4353,31,46,LH195 X PHM49,90,2022-08-09,106.89,-0.0470593707532702,7.0,3,0,108.05753967784564,nitrogen,held_out_location
Crawfordsville|4353|15|46,Crawfordsville,4353,15,46,LH195 X PHM49,90,2022-08-09,99.14,-0.0510375496133186,7.0,3,0,108.05753967784564,nitrogen,held_out_location
Crawfordsville|4353|14|42,Crawfordsville,4353,14,42,LH195 X PHZ51,90,2022-08-09,173.42,-0.0573147626133329,7.0,3,0,108.05753967784564,nitrogen,held_out_location
Crawfordsville|4353|35|45,Crawfordsville,4353,35,45,LH195 X PHZ51,90,2022-08-09,164.72,-0.0593517525494167,7.0,3,0,108.05753967784564,nitrogen,held_out_location
Crawfordsville|4353|32|45,Crawfordsville,4353,32,45,LH198 X PHB47,90,2022-08-09,153.19,-0.0494071196060307,7.0,3,0,108.05753967784564,nitrogen,held_out_location
Crawfordsville|4353|19|46,Crawfordsville,4353,19,46,LH198 X PHB47,90,2022-08-09,158.86,-0.0523754779519417,7.0,3,0,108.05753967784564,nitrogen,held_out_location
Crawfordsville|4353|33|43,Crawfordsville,4353,33,43,LH198 X PHZ51,90,2022-08-09,138.27,-0.0499086425648013,7.0,3,0,108.05753967784564,nitrogen,held_out_location
Crawfordsville|4353|14|44,Crawfordsville,4353,14,44,LH198 X PHZ51,90,2022-08-09,177.0,-0.0599464968209257,7.0,3,0,108.05753967784564,nitrogen,held_out_location
Crawfordsville|4353|33|42,Crawfordsville,4353,33,42,LH74 X PHM49,90,2022-08-09,179.36,-0.0448558151093786,7.0,3,0,108.05753967784564,nitrogen,held_out_location
Crawfordsville|4353|4|46,Crawfordsville,4353,4,46,LH74 X PHM49,90,2022-08-09,177.03,-0.0484977875712784,7.0,3,0,108.05753967784564,nitrogen,held_out_location
Crawfordsville|4353|28|44,Crawfordsville,4353,28,44,LH74 X PHN82,90,2022-08-09,167.66,-0.0411220789665619,7.0,3,0,108.05753967784564,nitrogen,held_out_location
Crawfordsville|4353|15|44,Crawfordsville,4353,15,44,LH74 X PHN82,90,2022-08-09,170.28,-0.041122023653953,7.0,3,0,108.05753967784564,nitrogen,held_out_location
Crawfordsville|4353|31|43,Crawfordsville,4353,31,43,LH82 X PHB47,90,2022-08-09,150.17,-0.0421970165790599,7.0,3,0,108.05753967784564,nitrogen,held_out_location
Crawfordsville|4353|5|46,Crawfordsville,4353,5,46,LH82 X PHB47,90,2022-08-09,149.47,-0.0427073056731996,7.0,3,0,108.05753967784564,nitrogen,held_out_location
Crawfordsville|4353|31|42,Crawfordsville,4353,31,42,LH82 X PHJ89,90,2022-08-09,181.52,-0.0363764676848268,7.0,3,0,108.05753967784564,nitrogen,held_out_location
Crawfordsville|4353|6|45,Crawfordsville,4353,6,45,LH82 X PHJ89,90,2022-08-09,182.19,-0.0497546210038497,7.0,3,0,108.05753967784564,nitrogen,held_out_location
Crawfordsville|4353|21|42,Crawfordsville,4353,21,42,LH82 X W606S,90,2022-08-09,165.38,-0.0463696653300746,7.0,3,0,108.05753967784564,nitrogen,held_out_location
Crawfordsville|4353|3|46,Crawfordsville,4353,3,46,LH82 X W606S,90,2022-08-09,173.07,-0.0499041212860293,7.0,3,0,108.05753967784564,nitrogen,held_out_location
Crawfordsville|4353|25|42,Crawfordsville,4353,25,42,N209 X 3IIH6,90,2022-08-09,178.52,-0.0455893440029222,7.0,3,0,108.05753967784564,nitrogen,held_out_location
Crawfordsville|4353|4|43,Crawfordsville,4353,4,43,N209 X 3IIH6,90,2022-08-09,186.66,-0.0480355241431459,7.0,3,0,108.05753967784564,nitrogen,held_out_location
Crawfordsville|4353|12|42,Crawfordsville,4353,12,42,PHB47 X 3IIH6,90,2022-08-09,174.67,-0.0480190813956414,7.0,3,0,108.05753967784564,nitrogen,held_out_location
Crawfordsville|4353|31|44,Crawfordsville,4353,31,44,PHB47 X 3IIH6,90,2022-08-09,146.83,-0.053052482706843,7.0,3,0,108.05753967784564,nitrogen,held_out_location
Crawfordsville|4353|33|44,Crawfordsville,4353,33,44,PHB47 X LH185,90,2022-08-09,157.98,-0.0496716095917237,7.0,3,0,108.05753967784564,nitrogen,held_out_location
Crawfordsville|4353|18|45,Crawfordsville,4353,18,45,PHB47 X LH185,90,2022-08-09,180.74,-0.0482620367758603,7.0,3,0,108.05753967784564,nitrogen,held_out_location
Crawfordsville|4353|35|46,Crawfordsville,4353,35,46,PHB47 X PHJ89,90,2022-08-09,161.14,-0.0502400324195453,7.0,3,0,108.05753967784564,nitrogen,held_out_location
Crawfordsville|4353|29|43,Crawfordsville,4353,29,43,PHB47 X PHK56,90,2022-08-09,170.44,-0.0497491916132054,7.0,3,0,108.05753967784564,nitrogen,held_out_location
Crawfordsville|4353|18|43,Crawfordsville,4353,18,43,PHB47 X PHK56,90,2022-08-09,188.9,-0.0509579001218484,7.0,3,0,108.05753967784564,nitrogen,held_out_location
Crawfordsville|4353|12|44,Crawfordsville,4353,12,44,PHG39 X PHM49,90,2022-08-09,194.18,-0.0480392646714044,7.0,3,0,108.05753967784564,nitrogen,held_out_location
Crawfordsville|4353|26|46,Crawfordsville,4353,26,46,PHG39 X PHM49,90,2022-08-09,166.56,-0.043440948167655,7.0,3,0,108.05753967784564,nitrogen,held_out_location
Crawfordsville|4353|22|46,Crawfordsville,4353,22,46,PHG39 X PHN82,90,2022-08-09,160.6,-0.0547840916011936,7.0,3,0,108.05753967784564,nitrogen,held_out_location
Crawfordsville|4353|6|42,Crawfordsville,4353,6,42,PHJ40 X LH82,90,2022-08-09,158.33,-0.0428152601815606,7.0,3,0,108.05753967784564,nitrogen,held_out_location
Crawfordsville|4353|29|45,Crawfordsville,4353,29,45,PHJ40 X LH82,90,2022-08-09,173.31,-0.0468866558740256,7.0,3,0,108.05753967784564,nitrogen,held_out_location
Crawfordsville|4353|27|42,Crawfordsville,4353,27,42,PHK56 X 3IIH6,90,2022-08-09,154.87,-0.0533217407765589,7.0,3,0,108.05753967784564,nitrogen,held_out_location
Crawfordsville|4353|16|46,Crawfordsville,4353,16,46,PHK56 X 3IIH6,90,2022-08-09,163.08,-0.0485839896332167,7.0,3,0,108.05753967784564,nitrogen,held_out_location
Crawfordsville|4353|25|43,Crawfordsville,4353,25,43,PHK56 X LH145,90,2022-08-09,165.76,-0.0509354151056425,7.0,3,0,108.05753967784564,nitrogen,held_out_location
Crawfordsville|4353|6|44,Crawfordsville,4353,6,44,PHK56 X LH185,90,2022-08-09,190.74,-0.0505302689049244,7.0,3,0,108.05753967784564,nitrogen,held_out_location
Crawfordsville|4353|26|45,Crawfordsville,4353,26,45,PHK56 X LH185,90,2022-08-09,187.26,-0.0527699387125543,7.0,3,0,108.05753967784564,nitrogen,held_out_location
Crawfordsville|4353|12|43,Crawfordsville,4353,12,43,PHK56 X LH198,90,2022-08-09,205.56,-0.0491858693895421,7.0,3,0,108.05753967784564,nitrogen,held_out_location
Crawfordsville|4353|32|44,Crawfordsville,4353,32,44,PHK56 X LH198,90,2022-08-09,180.44,-0.0562327775442529,7.0,3,0,108.05753967784564,nitrogen,held_out_location
Crawfordsville|4353|30|44,Crawfordsville,4353,30,44,PHK56 X LH82,90,2022-08-09,179.51,-0.0467595859141252,7.0,3,0,108.05753967784564,nitrogen,held_out_location
Crawfordsville|4353|14|46,Crawfordsville,4353,14,46,PHK56 X LH82,90,2022-08-09,154.08,-0.0572858322139657,7.0,3,0,108.05753967784564,nitrogen,held_out_location
Crawfordsville|4353|13|42,Crawfordsville,4353,13,42,PHK56 X PHJ89,90,2022-08-09,189.98,-0.0466483313708483,7.0,3,0,108.05753967784564,nitrogen,held_out_location
Crawfordsville|4353|23|44,Crawfordsville,4353,23,44,PHK56 X PHJ89,90,2022-08-09,184.77,-0.0543351259424198,7.0,3,0,108.05753967784564,nitrogen,held_out_location
Crawfordsville|4353|7|43,Crawfordsville,4353,7,43,PHK56 X W606S,90,2022-08-09,178.88,-0.0545351512961634,7.0,3,0,108.05753967784564,nitrogen,held_out_location
Crawfordsville|4353|27|45,Crawfordsville,4353,27,45,PHK56 X W606S,90,2022-08-09,189.36,-0.0576062947190694,7.0,3,0,108.05753967784564,nitrogen,held_out_location
Crawfordsville|4353|35|42,Crawfordsville,4353,35,42,PHK76 X 3IIH6,90,2022-08-09,152.39,-0.0444280892070789,7.0,3,0,108.05753967784564,nitrogen,held_out_location
Crawfordsville|4353|18|46,Crawfordsville,4353,18,46,PHK76 X 3IIH6,90,2022-08-09,147.03,-0.055298788534566,7.0,3,0,108.05753967784564,nitrogen,held_out_location
Crawfordsville|4353|34|44,Crawfordsville,4353,34,44,PHK76 X LH145,90,2022-08-09,123.48,-0.0521235280734907,7.0,3,0,108.05753967784564,nitrogen,held_out_location
Crawfordsville|4353|11|44,Crawfordsville,4353,11,44,PHK76 X LH145,90,2022-08-09,143.42,-0.0583222081547609,7.0,3,0,108.05753967784564,nitrogen,held_out_location
Crawfordsville|4353|14|43,Crawfordsville,4353,14,43,PHK76 X LH198,90,2022-08-09,190.02,-0.0551369533447225,7.0,3,0,108.05753967784564,nitrogen,held_out_location
Crawfordsville|4353|25|46,Crawfordsville,4353,25,46,PHK76 X LH198,90,2022-08-09,170.46,-0.0555180752406271,7.0,3,0,108.05753967784564,nitrogen,held_out_location
Crawfordsville|4353|9|45,Crawfordsville,4353,9,45,PHK76 X LH82,90,2022-08-09,169.93,-0.0544471898258211,7.0,3,0,108.05753967784564,nitrogen,held_out_location
Crawfordsville|4353|28|46,Crawfordsville,4353,28,46,PHK76 X LH82,90,2022-08-09,156.34,-0.0531359928480503,7.0,3,0,108.05753967784564,nitrogen,held_out_location
Crawfordsville|4353|30|45,Crawfordsville,4353,30,45,PHK76 X W606S,90,2022-08-09,158.15,-0.0549425470376501,7.0,3,0,108.05753967784564,nitrogen,held_out_location
Crawfordsville|4353|5|45,Crawfordsville,4353,5,45,PHK76 X W606S,90,2022-08-09,154.35,-0.0533987406019463,7.0,3,0,108.05753967784564,nitrogen,held_out_location
Crawfordsville|4353|23|43,Crawfordsville,4353,23,43,PHN46 X PHB47,90,2022-08-09,175.93,-0.0527791918247013,7.0,3,0,108.05753967784564,nitrogen,held_out_location
Crawfordsville|4353|10|43,Crawfordsville,4353,10,43,PHN46 X PHB47,90,2022-08-09,186.07,-0.0529745687867498,7.0,3,0,108.05753967784564,nitrogen,held_out_location
Crawfordsville|4353|20|42,Crawfordsville,4353,20,42,PHN46 X PHK56,90,2022-08-09,193.57,-0.0408280548891724,7.0,3,0,108.05753967784564,nitrogen,held_out_location
Crawfordsville|4353|8|45,Crawfordsville,4353,8,45,PHN46 X PHK56,90,2022-08-09,197.3,-0.054029157693876,7.0,3,0,108.05753967784564,nitrogen,held_out_location
Crawfordsville|4353|26|43,Crawfordsville,4353,26,43,PHN46 X W606S,90,2022-08-09,185.22,-0.0536505211420624,7.0,3,0,108.05753967784564,nitrogen,held_out_location
Crawfordsville|4353|9|46,Crawfordsville,4353,9,46,PHN46 X W606S,90,2022-08-09,158.97,-0.0628849637681159,7.0,3,0,108.05753967784564,nitrogen,held_out_location
Crawfordsville|4353|10|42,Crawfordsville,4353,10,42,PHP02 X LH145,90,2022-08-09,136.09,-0.0510653600284863,7.0,3,0,108.05753967784564,nitrogen,held_out_location
Crawfordsville|4353|24|44,Crawfordsville,4353,24,44,PHP02 X LH145,90,2022-08-09,163.09,-0.0510980965047417,7.0,3,0,108.05753967784564,nitrogen,held_out_location
Crawfordsville|4353|21|44,Crawfordsville,4353,21,44,PHP02 X LH185,90,2022-08-09,174.45,-0.0379786036838196,7.0,3,0,108.05753967784564,nitrogen,held_out_location
Crawfordsville|4353|8|46,Crawfordsville,4353,8,46,PHP02 X LH185,90,2022-08-09,154.89,-0.0474682217938444,7.0,3,0,108.05753967784564,nitrogen,held_out_location
Crawfordsville|4353|7|44,Crawfordsville,4353,7,44,PHP02 X LH198,90,2022-08-09,176.02,-0.0472920539435642,7.0,3,0,108.05753967784564,nitrogen,held_out_location
Crawfordsville|4353|36|45,Crawfordsville,4353,36,45,PHP02 X LH198,90,2022-08-09,192.84,-0.0496388677428601,7.0,3,0,108.05753967784564,nitrogen,held_out_location
Crawfordsville|4353|4|45,Crawfordsville,4353,4,45,PHP02 X LH82,90,2022-08-09,160.3,-0.041212204024559,7.0,3,0,108.05753967784564,nitrogen,held_out_location
Crawfordsville|4353|21|46,Crawfordsville,4353,21,46,PHP02 X LH82,90,2022-08-09,134.63,-0.0473797105376052,7.0,3,0,108.05753967784564,nitrogen,held_out_location
Crawfordsville|4353|35|44,Crawfordsville,4353,35,44,PHP02 X PHB47,90,2022-08-09,157.8,-0.0442766186737456,7.0,3,0,108.05753967784564,nitrogen,held_out_location
Crawfordsville|4353|17|46,Crawfordsville,4353,17,46,PHP02 X PHB47,90,2022-08-09,151.99,-0.0463287110074297,7.0,3,0,108.05753967784564,nitrogen,held_out_location
Crawfordsville|4353|34|42,Crawfordsville,4353,34,42,PHP02 X PHG47,90,2022-08-09,173.25,-0.0425379786597897,7.0,3,0,108.05753967784564,nitrogen,held_out_location
Crawfordsville|4353|10|45,Crawfordsville,4353,10,45,PHP02 X PHG47,90,2022-08-09,172.12,-0.0502222273960962,7.0,3,0,108.05753967784564,nitrogen,held_out_location
Crawfordsville|4353|4|42,Crawfordsville,4353,4,42,PHP02 X PHJ89,90,2022-08-09,175.95,-0.0462442553191793,7.0,3,0,108.05753967784564,nitrogen,held_out_location
Crawfordsville|4353|31|45,Crawfordsville,4353,31,45,PHP02 X PHJ89,90,2022-08-09,191.8,-0.0440819603907206,7.0,3,0,108.05753967784564,nitrogen,held_out_location
Crawfordsville|4353|5|43,Crawfordsville,4353,5,43,PHP02 X PHK56,90,2022-08-09,183.82,-0.0461898659354467,7.0,3,0,108.05753967784564,nitrogen,held_out_location
Crawfordsville|4353|22|44,Crawfordsville,4353,22,44,PHP02 X PHK56,90,2022-08-09,181.25,-0.0533741678210133,7.0,3,0,108.05753967784564,nitrogen,held_out_location
Crawfordsville|4353|34|45,Crawfordsville,4353,34,45,PHP02 X PHK76,90,2022-08-09,160.15,-0.0514780466696936,7.0,3,0,108.05753967784564,nitrogen,held_out_location
Crawfordsville|4353|13|45,Crawfordsville,4353,13,45,PHP02 X PHK76,90,2022-08-09,156.16,-0.0432078285859799,7.0,3,0,108.05753967784564,nitrogen,held_out_location
Crawfordsville|4353|20|44,Crawfordsville,4353,20,44,PHP02 X PHN46,90,2022-08-09,186.05,-0.0424295031987265,7.0,3,0,108.05753967784564,nitrogen,held_out_location
Crawfordsville|4353|15|45,Crawfordsville,4353,15,45,PHP02 X PHN46,90,2022-08-09,182.98,-0.0503023715312502,7.0,3,0,108.05753967784564,nitrogen,held_out_location
Crawfordsville|4353|11|43,Crawfordsville,4353,11,43,PHP02 X W606S,90,2022-08-09,182.34,-0.0483284251979723,7.0,3,0,108.05753967784564,nitrogen,held_out_location
Crawfordsville|4353|24|45,Crawfordsville,4353,24,45,PHP02 X W606S,90,2022-08-09,194.97,-0.0583366832114055,7.0,3,0,108.05753967784564,nitrogen,held_out_location
Crawfordsville|4353|30|43,Crawfordsville,4353,30,43,PHT69 X 3IIH6,90,2022-08-09,188.0,-0.0451238485525388,7.0,3,0,108.05753967784564,nitrogen,held_out_location
Crawfordsville|4353|19|43,Crawfordsville,4353,19,43,PHT69 X 3IIH6,90,2022-08-09,161.19,-0.0473855528167506,7.0,3,0,108.05753967784564,nitrogen,held_out_location
Crawfordsville|4353|22|42,Crawfordsville,4353,22,42,PHW52 X LH185,90,2022-08-09,193.79,-0.0460291389472041,7.0,3,0,108.05753967784564,nitrogen,held_out_location
Crawfordsville|4353|11|46,Crawfordsville,4353,11,46,PHW52 X LH185,90,2022-08-09,195.56,-0.050361077192176,7.0,3,0,108.05753967784564,nitrogen,held_out_location
Crawfordsville|4353|8|44,Crawfordsville,4353,8,44,PHW52 X PHM49,90,2022-08-09,185.62,-0.0601888075006253,7.0,3,0,108.05753967784564,nitrogen,held_out_location
Crawfordsville|4353|33|45,Crawfordsville,4353,33,45,PHW52 X PHM49,90,2022-08-09,179.1,-0.058560515915623,7.0,3,0,108.05753967784564,nitrogen,held_out_location
Crawfordsville|4353|23|42,Crawfordsville,4353,23,42,PHW52 X PHN82,90,2022-08-09,183.18,-0.0398226966675748,7.0,3,0,108.05753967784564,nitrogen,held_out_location
Crawfordsville|4353|13|46,Crawfordsville,4353,13,46,PHW52 X PHN82,90,2022-08-09,176.59,-0.0461472810549734,7.0,3,0,108.05753967784564,nitrogen,held_out_location
Crawfordsville|4353|18|42,Crawfordsville,4353,18,42,PHW52 X PHZ51,90,2022-08-09,174.68,-0.0505610745105811,7.0,3,0,108.05753967784564,nitrogen,held_out_location
Crawfordsville|4353|21|43,Crawfordsville,4353,21,43,PHW52 X PHZ51,90,2022-08-09,170.17,-0.0583044563622043,7.0,3,0,108.05753967784564,nitrogen,held_out_location
Crawfordsville|4353|17|44,Crawfordsville,4353,17,44,PHZ51 X LH145,90,2022-08-09,157.34,-0.0559339985777399,7.0,3,0,108.05753967784564,nitrogen,held_out_location
Crawfordsville|4353|27|46,Crawfordsville,4353,27,46,PHZ51 X LH145,90,2022-08-09,139.87,-0.0552931648141433,7.0,3,0,108.05753967784564,nitrogen,held_out_location
Crawfordsville|4353|29|42,Crawfordsville,4353,29,42,PIONEER 1311 AMXT,90,2022-08-09,243.93,-0.0506978850705688,7.0,3,0,108.05753967784564,nitrogen,held_out_location
Crawfordsville|4353|17|43,Crawfordsville,4353,17,43,PIONEER 1311 AMXT,90,2022-08-09,231.68,-0.0488502935347495,7.0,3,0,108.05753967784564,nitrogen,held_out_location
Crawfordsville|4353|22|45,Crawfordsville,4353,22,45,PIONEER P0589 AMXT,90,2022-08-09,207.91,-0.0440814830189778,7.0,3,0,108.05753967784564,nitrogen,held_out_location
Crawfordsville|4353|14|45,Crawfordsville,4353,14,45,PIONEER P0589 AMXT,90,2022-08-09,224.52,-0.0510017720354167,7.0,3,0,108.05753967784564,nitrogen,held_out_location
Crawfordsville|4353|24|43,Crawfordsville,4353,24,43,SYNGENTA NK0760-3111,90,2022-08-09,211.79,-0.0416866346782573,7.0,3,0,108.05753967784564,nitrogen,held_out_location
Crawfordsville|4353|12|46,Crawfordsville,4353,12,46,SYNGENTA NK0760-3111,90,2022-08-09,227.01,-0.0528298623567883,7.0,3,0,108.05753967784564,nitrogen,held_out_location
Crawfordsville|4353|9|42,Crawfordsville,4353,9,42,WF9 X H95,90,2022-08-09,149.61,-0.0415447308512254,7.0,3,0,108.05753967784564,nitrogen,held_out_location
Crawfordsville|4353|22|43,Crawfordsville,4353,22,43,WF9 X H95,90,2022-08-09,133.58,-0.0597537365558956,7.0,3,0,108.05753967784564,nitrogen,held_out_location
Crawfordsville|4351|11|17,Crawfordsville,4351,11,17,2369 X 3IIH6,90,2022-08-09,167.22,-0.047098352038943,7.0,3,0,92.00233709617845,nitrogen,held_out_location
Crawfordsville|4351|14|19,Crawfordsville,4351,14,19,2369 X 3IIH6,90,2022-08-09,153.8,-0.0563406878771866,7.0,3,0,92.00233709617845,nitrogen,held_out_location
Crawfordsville|4351|17|18,Crawfordsville,4351,17,18,2369 X LH123HT,90,2022-08-09,149.87,-0.0597278519125765,7.0,3,0,92.00233709617845,nitrogen,held_out_location
Crawfordsville|4351|6|18,Crawfordsville,4351,6,18,2369 X LH123HT,90,2022-08-09,189.04,-0.0579174210713326,7.0,3,0,92.00233709617845,nitrogen,held_out_location
Crawfordsville|4351|2|14,Crawfordsville,4351,2,14,2369 X PHN82,90,2022-08-09,174.04,-0.0512542161782429,7.0,3,0,92.00233709617845,nitrogen,held_out_location
Crawfordsville|4351|19|15,Crawfordsville,4351,19,15,2369 X PHN82,90,2022-08-09,158.94,-0.0507507746453858,7.0,3,0,92.00233709617845,nitrogen,held_out_location
Crawfordsville|4351|7|14,Crawfordsville,4351,7,14,2369 X PHP02,90,2022-08-09,148.69,-0.0477588907315276,7.0,3,0,92.00233709617845,nitrogen,held_out_location
Crawfordsville|4351|17|16,Crawfordsville,4351,17,16,2369 X PHP02,90,2022-08-09,181.43,-0.0510190574624709,7.0,3,0,92.00233709617845,nitrogen,held_out_location
Crawfordsville|4351|20|15,Crawfordsville,4351,20,15,2369 X PHZ51,90,2022-08-09,144.39,-0.0569325314220926,7.0,3,0,92.00233709617845,nitrogen,held_out_location
Crawfordsville|4351|8|20,Crawfordsville,4351,8,20,2369 X PHZ51,90,2022-08-09,138.32,-0.0578172460352873,7.0,3,0,92.00233709617845,nitrogen,held_out_location
Crawfordsville|4351|7|13,Crawfordsville,4351,7,13,2FACC X 3IIH6,90,2022-08-09,177.23,-0.046308360541941,7.0,3,0,92.00233709617845,nitrogen,held_out_location
Crawfordsville|4351|22|14,Crawfordsville,4351,22,14,2FACC X 3IIH6,90,2022-08-09,171.0,-0.0517484338482585,7.0,3,0,92.00233709617845,nitrogen,held_out_location
Crawfordsville|4351|2|17,Crawfordsville,4351,2,17,4N506 X 3IIH6,90,2022-08-09,168.4,-0.0498164301947242,7.0,3,0,92.00233709617845,nitrogen,held_out_location
Crawfordsville|4351|20|18,Crawfordsville,4351,20,18,4N506 X 3IIH6,90,2022-08-09,161.18,-0.0512818043788447,7.0,3,0,92.00233709617845,nitrogen,held_out_location
Crawfordsville|4351|4|17,Crawfordsville,4351,4,17,B105 X 3IIH6,90,2022-08-09,166.45,-0.0434146361458843,7.0,3,0,92.00233709617845,nitrogen,held_out_location
Crawfordsville|4351|16|19,Crawfordsville,4351,16,19,B105 X 3IIH6,90,2022-08-09,139.6,-0.0497049971628204,7.0,3,0,92.00233709617845,nitrogen,held_out_location
Crawfordsville|4351|8|14,Crawfordsville,4351,8,14,B14A X MO17,90,2022-08-09,164.27,-0.0531767828999379,7.0,3,0,92.00233709617845,nitrogen,held_out_location
Crawfordsville|4351|18|19,Crawfordsville,4351,18,19,B14A X MO17,90,2022-08-09,127.91,-0.0616685729848418,7.0,3,0,92.00233709617845,nitrogen,held_out_location
Crawfordsville|4351|9|17,Crawfordsville,4351,9,17,B37 X H95,90,2022-08-09,118.11,-0.0566144397189378,7.0,3,0,92.00233709617845,nitrogen,held_out_location
Crawfordsville|4351|13|20,Crawfordsville,4351,13,20,B37 X H95,90,2022-08-09,107.28,-0.0569622406065131,7.0,3,0,92.00233709617845,nitrogen,held_out_location
Crawfordsville|4351|3|15,Crawfordsville,4351,3,15,B37 X MO17,90,2022-08-09,128.06,-0.0581834764088895,7.0,3,0,92.00233709617845,nitrogen,held_out_location
Crawfordsville|4351|17|20,Crawfordsville,4351,17,20,B37 X MO17,90,2022-08-09,153.09,-0.0530766242764572,7.0,3,0,92.00233709617845,nitrogen,held_out_location
Crawfordsville|4351|18|18,Crawfordsville,4351,18,18,B37 X OH43,90,2022-08-09,139.2,-0.0468430547248542,7.0,3,0,92.00233709617845,nitrogen,held_out_location
Crawfordsville|4351|11|18,Crawfordsville,4351,11,18,B37 X OH43,90,2022-08-09,148.2,-0.0538102869192121,7.0,3,0,92.00233709617845,nitrogen,held_out_location
Crawfordsville|4351|22|13,Crawfordsville,4351,22,13,B73 X 3IIH6,90,2022-08-09,186.68,-0.0504155319724555,7.0,3,0,92.00233709617845,nitrogen,held_out_location
Crawfordsville|4351|7|17,Crawfordsville,4351,7,17,B73 X 3IIH6,90,2022-08-09,189.57,-0.0430202073960859,7.0,3,0,92.00233709617845,nitrogen,held_out_location
Crawfordsville|4351|8|13,Crawfordsville,4351,8,13,B73 X MO17,90,2022-08-09,168.84,-0.0577541003513203,7.0,3,0,92.00233709617845,nitrogen,held_out_location
Crawfordsville|4351|21|15,Crawfordsville,4351,21,15,B73 X MO17,90,2022-08-09,177.0,-0.0495619466241804,7.0,3,0,92.00233709617845,nitrogen,held_out_location
Crawfordsville|4351|5|14,Crawfordsville,4351,5,14,B73 X PHM49,90,2022-08-09,169.34,-0.0589218819042702,7.0,3,0,92.00233709617845,nitrogen,held_out_location
Crawfordsville|4351|19|20,Crawfordsville,4351,19,20,B73 X PHM49,90,2022-08-09,183.73,-0.0467072571043447,7.0,3,0,92.00233709617845,nitrogen,held_out_location
Crawfordsville|4351|12|14,Crawfordsville,4351,12,14,B73 X PHN82,90,2022-08-09,177.61,-0.0509111633788268,7.0,3,0,92.00233709617845,nitrogen,held_out_location
Crawfordsville|4351|19|19,Crawfordsville,4351,19,19,B73 X PHN82,90,2022-08-09,170.89,-0.0468049090139652,7.0,3,0,92.00233709617845,nitrogen,held_out_location
Crawfordsville|4351|22|18,Crawfordsville,4351,22,18,B73 X PHZ51,90,2022-08-09,150.61,-0.0537548049226159,7.0,3,0,92.00233709617845,nitrogen,held_out_location
Crawfordsville|4351|10|20,Crawfordsville,4351,10,20,B73 X PHZ51,90,2022-08-09,142.69,-0.0556791503530711,7.0,3,0,92.00233709617845,nitrogen,held_out_location
Crawfordsville|4351|9|16,Crawfordsville,4351,9,16,B84 X 3IIH6,90,2022-08-09,132.5,-0.0533327222582068,7.0,3,0,92.00233709617845,nitrogen,held_out_location
Crawfordsville|4351|13|18,Crawfordsville,4351,13,18,B84 X 3IIH6,90,2022-08-09,167.55,-0.0600389389187273,7.0,3,0,92.00233709617845,nitrogen,held_out_location
Crawfordsville|4351|10|16,Crawfordsville,4351,10,16,F42 X MO17,90,2022-08-09,146.21,-0.0462491395416828,7.0,3,0,92.00233709617845,nitrogen,held_out_location
Crawfordsville|4351|22|19,Crawfordsville,4351,22,19,F42 X MO17,90,2022-08-09,140.82,-0.0428351701939573,7.0,3,0,92.00233709617845,nitrogen,held_out_location
Crawfordsville|4351|3|13,Crawfordsville,4351,3,13,F42 X OH43,90,2022-08-09,149.88,-0.0459400006147433,7.0,3,0,92.00233709617845,nitrogen,held_out_location
Crawfordsville|4351|15|14,Crawfordsville,4351,15,14,F42 X OH43,90,2022-08-09,172.3,-0.0484142948777015,7.0,3,0,92.00233709617845,nitrogen,held_out_location
Crawfordsville|4351|19|17,Crawfordsville,4351,19,17,HOEGEMEYER 7089 AMXT,90,2022-08-09,220.6,-0.0535021587503448,7.0,3,0,92.00233709617845,nitrogen,held_out_location
Crawfordsville|4351|7|19,Crawfordsville,4351,7,19,HOEGEMEYER 7089 AMXT,90,2022-08-09,182.53,-0.0465724929742921,7.0,3,0,92.00233709617845,nitrogen,held_out_location
Crawfordsville|4351|2|15,Crawfordsville,4351,2,15,HOEGEMEYER 8065RR,90,2022-08-09,216.44,-0.0471079652490189,7.0,3,0,92.00233709617845,nitrogen,held_out_location
Crawfordsville|4351|13|16,Crawfordsville,4351,13,16,HOEGEMEYER 8065RR,90,2022-08-09,205.12,-0.0472309982491303,7.0,3,0,92.00233709617845,nitrogen,held_out_location
Crawfordsville|4351|16|14,Crawfordsville,4351,16,14,LH123HT X 3IIH6,90,2022-08-09,153.75,-0.0553993501543439,7.0,3,0,92.00233709617845,nitrogen,held_out_location
Crawfordsville|4351|9|20,Crawfordsville,4351,9,20,LH123HT X 3IIH6,90,2022-08-09,154.93,-0.0527095903139449,7.0,3,0,92.00233709617845,nitrogen,held_out_location
Crawfordsville|4351|4|14,Crawfordsville,4351,4,14,LH123HT X PHB47,90,2022-08-09,136.66,-0.0574272007157918,7.0,3,0,92.00233709617845,nitrogen,held_out_location
Crawfordsville|4351|14|17,Crawfordsville,4351,14,17,LH123HT X PHB47,90,2022-08-09,162.68,-0.0507047314475364,7.0,3,0,92.00233709617845,nitrogen,held_out_location
Crawfordsville|4351|17|13,Crawfordsville,4351,17,13,LH145 X LH162,90,2022-08-09,177.27,-0.0556944398152232,7.0,3,0,92.00233709617845,nitrogen,held_out_location
Crawfordsville|4351|2|13,Crawfordsville,4351,2,13,LH145 X LH162,90,2022-08-09,179.36,-0.0511286264061575,7.0,3,0,92.00233709617845,nitrogen,held_out_location
Crawfordsville|4351|13|13,Crawfordsville,4351,13,13,LH185 X LH145,90,2022-08-09,135.49,-0.0516344633020472,7.0,3,0,92.00233709617845,nitrogen,held_out_location
Crawfordsville|4351|9|14,Crawfordsville,4351,9,14,LH185 X LH82,90,2022-08-09,170.28,-0.0428017866255989,7.0,3,0,92.00233709617845,nitrogen,held_out_location
Crawfordsville|4351|23|18,Crawfordsville,4351,23,18,LH185 X LH82,90,2022-08-09,163.62,-0.0453752914350862,7.0,3,0,92.00233709617845,nitrogen,held_out_location
Crawfordsville|4351|15|16,Crawfordsville,4351,15,16,LH185 X W606S,90,2022-08-09,149.6,-0.0443343789604345,7.0,3,0,92.00233709617845,nitrogen,held_out_location
Crawfordsville|4351|10|13,Crawfordsville,4351,10,13,LH195 X 3IIH6,90,2022-08-09,176.76,-0.0548883712552832,7.0,3,0,92.00233709617845,nitrogen,held_out_location
Crawfordsville|4351|19|18,Crawfordsville,4351,19,18,LH195 X 3IIH6,90,2022-08-09,178.01,-0.0427290576077108,7.0,3,0,92.00233709617845,nitrogen,held_out_location
Crawfordsville|4351|16|13,Crawfordsville,4351,16,13,LH195 X LH123HT,90,2022-08-09,175.95,-0.0450325188648906,7.0,3,0,92.00233709617845,nitrogen,held_out_location
Crawfordsville|4351|9|13,Crawfordsville,4351,9,13,LH195 X LH123HT,90,2022-08-09,178.83,-0.0565259067185024,7.0,3,0,92.00233709617845,nitrogen,held_out_location
Crawfordsville|4351|3|16,Crawfordsville,4351,3,16,LH195 X LH185,90,2022-08-09,186.97,-0.0462237272622068,7.0,3,0,92.00233709617845,nitrogen,held_out_location
Crawfordsville|4351|21|18,Crawfordsville,4351,21,18,LH195 X LH185,90,2022-08-09,176.08,-0.0544267739927027,7.0,3,0,92.00233709617845,nitrogen,held_out_location
Crawfordsville|4351|22|15,Crawfordsville,4351,22,15,LH195 X PHM49,90,2022-08-09,102.22,-0.0361197272031155,7.0,3,0,92.00233709617845,nitrogen,held_out_location
Crawfordsville|4351|10|18,Crawfordsville,4351,10,18,LH195 X PHM49,90,2022-08-09,112.14,-0.0416862469930349,7.0,3,0,92.00233709617845,nitrogen,held_out_location
Crawfordsville|4351|6|17,Crawfordsville,4351,6,17,LH195 X PHZ51,90,2022-08-09,142.42,-0.0450020114784072,7.0,3,0,92.00233709617845,nitrogen,held_out_location
Crawfordsville|4351|17|19,Crawfordsville,4351,17,19,LH195 X PHZ51,90,2022-08-09,139.15,-0.0606799755818959,7.0,3,0,92.00233709617845,nitrogen,held_out_location
Crawfordsville|4351|22|17,Crawfordsville,4351,22,17,LH198 X PHB47,90,2022-08-09,132.22,-0.0484688833696209,7.0,3,0,92.00233709617845,nitrogen,held_out_location
Crawfordsville|4351|3|17,Crawfordsville,4351,3,17,LH198 X PHB47,90,2022-08-09,150.86,-0.0528759627650047,7.0,3,0,92.00233709617845,nitrogen,held_out_location
Crawfordsville|4351|7|18,Crawfordsville,4351,7,18,LH198 X PHZ51,90,2022-08-09,143.78,-0.0425079590054664,7.0,3,0,92.00233709617845,nitrogen,held_out_location
Crawfordsville|4351|21|20,Crawfordsville,4351,21,20,LH198 X PHZ51,90,2022-08-09,158.89,-0.0489542621473716,7.0,3,0,92.00233709617845,nitrogen,held_out_location
Crawfordsville|4351|18|13,Crawfordsville,4351,18,13,LH74 X PHM49,90,2022-08-09,172.03,-0.0404747689876584,7.0,3,0,92.00233709617845,nitrogen,held_out_location
Crawfordsville|4351|8|16,Crawfordsville,4351,8,16,LH74 X PHM49,90,2022-08-09,169.61,-0.0525851677252834,7.0,3,0,92.00233709617845,nitrogen,held_out_location
Crawfordsville|4351|14|18,Crawfordsville,4351,14,18,LH74 X PHN82,90,2022-08-09,170.57,-0.0452634990594331,7.0,3,0,92.00233709617845,nitrogen,held_out_location
Crawfordsville|4351|6|20,Crawfordsville,4351,6,20,LH74 X PHN82,90,2022-08-09,159.12,-0.0418427193729615,7.0,3,0,92.00233709617845,nitrogen,held_out_location
Crawfordsville|4351|17|15,Crawfordsville,4351,17,15,LH82 X PHB47,90,2022-08-09,131.75,-0.0462718747886954,7.0,3,0,92.00233709617845,nitrogen,held_out_location
Crawfordsville|4351|11|15,Crawfordsville,4351,11,15,LH82 X PHB47,90,2022-08-09,145.08,-0.0450793910117455,7.0,3,0,92.00233709617845,nitrogen,held_out_location
Crawfordsville|4351|19|13,Crawfordsville,4351,19,13,LH82 X PHJ89,90,2022-08-09,146.0,-0.0442636300764677,7.0,3,0,92.00233709617845,nitrogen,held_out_location
Crawfordsville|4351|12|16,Crawfordsville,4351,12,16,LH82 X PHJ89,90,2022-08-09,173.52,-0.036599345539179,7.0,3,0,92.00233709617845,nitrogen,held_out_location
Crawfordsville|4351|6|14,Crawfordsville,4351,6,14,LH82 X W606S,90,2022-08-09,157.06,-0.0453975678912863,7.0,3,0,92.00233709617845,nitrogen,held_out_location
Crawfordsville|4351|23|19,Crawfordsville,4351,23,19,LH82 X W606S,90,2022-08-09,149.03,-0.0581837775551979,7.0,3,0,92.00233709617845,nitrogen,held_out_location
Crawfordsville|4351|16|20,Crawfordsville,4351,16,20,N209 X 3IIH6,90,2022-08-09,176.39,-0.0518054751758123,7.0,3,0,92.00233709617845,nitrogen,held_out_location
Crawfordsville|4351|3|20,Crawfordsville,4351,3,20,N209 X 3IIH6,90,2022-08-09,159.04,-0.049341982576916,7.0,3,0,92.00233709617845,nitrogen,held_out_location
Crawfordsville|4351|18|15,Crawfordsville,4351,18,15,PHB47 X 3IIH6,90,2022-08-09,139.97,-0.045870968884802,7.0,3,0,92.00233709617845,nitrogen,held_out_location
Crawfordsville|4351|5|19,Crawfordsville,4351,5,19,PHB47 X 3IIH6,90,2022-08-09,148.96,-0.0548468772039905,7.0,3,0,92.00233709617845,nitrogen,held_out_location
Crawfordsville|4351|19|14,Crawfordsville,4351,19,14,PHB47 X LH185,90,2022-08-09,116.63,-0.0447993517149377,7.0,3,0,92.00233709617845,nitrogen,held_out_location
Crawfordsville|4351|12|19,Crawfordsville,4351,12,19,PHB47 X LH185,90,2022-08-09,166.24,-0.0499057229094728,7.0,3,0,92.00233709617845,nitrogen,held_out_location
Crawfordsville|4351|18|20,Crawfordsville,4351,18,20,PHB47 X PHJ89,90,2022-08-09,182.2,-0.0485915687425599,7.0,3,0,92.00233709617845,nitrogen,held_out_location
Crawfordsville|4351|20|13,Crawfordsville,4351,20,13,PHB47 X PHK56,90,2022-08-09,179.92,-0.0473071203622801,7.0,3,0,92.00233709617845,nitrogen,held_out_location
Crawfordsville|4351|4|15,Crawfordsville,4351,4,15,PHB47 X PHK56,90,2022-08-09,171.97,-0.044783258257513,7.0,3,0,92.00233709617845,nitrogen,held_out_location
Crawfordsville|4351|10|17,Crawfordsville,4351,10,17,PHG39 X PHM49,90,2022-08-09,173.06,-0.0623059479572798,7.0,3,0,92.00233709617845,nitrogen,held_out_location
Crawfordsville|4351|16|18,Crawfordsville,4351,16,18,PHG39 X PHM49,90,2022-08-09,172.18,-0.0489942106740646,7.0,3,0,92.00233709617845,nitrogen,held_out_location
Crawfordsville|4351|21|14,Crawfordsville,4351,21,14,PHG39 X PHN82,90,2022-08-09,169.32,-0.041093570811124,7.0,3,0,92.00233709617845,nitrogen,held_out_location
Crawfordsville|4351|20|16,Crawfordsville,4351,20,16,PHJ40 X LH82,90,2022-08-09,178.34,-0.0450347264488253,7.0,3,0,92.00233709617845,nitrogen,held_out_location
Crawfordsville|4351|5|20,Crawfordsville,4351,5,20,PHJ40 X LH82,90,2022-08-09,144.46,-0.0387337524716828,7.0,3,0,92.00233709617845,nitrogen,held_out_location
Crawfordsville|4351|13|14,Crawfordsville,4351,13,14,PHK56 X 3IIH6,90,2022-08-09,175.93,-0.0471886529422871,7.0,3,0,92.00233709617845,nitrogen,held_out_location
Crawfordsville|4351|5|16,Crawfordsville,4351,5,16,PHK56 X 3IIH6,90,2022-08-09,149.07,-0.0464718185707007,7.0,3,0,92.00233709617845,nitrogen,held_out_location
Crawfordsville|4351|23|16,Crawfordsville,4351,23,16,PHK56 X LH145,90,2022-08-09,151.08,-0.0555630396140169,7.0,3,0,92.00233709617845,nitrogen,held_out_location
Crawfordsville|4351|13|15,Crawfordsville,4351,13,15,PHK56 X LH185,90,2022-08-09,166.25,-0.0449467327900847,7.0,3,0,92.00233709617845,nitrogen,held_out_location
Crawfordsville|4351|5|17,Crawfordsville,4351,5,17,PHK56 X LH185,90,2022-08-09,180.64,-0.0530944380846593,7.0,3,0,92.00233709617845,nitrogen,held_out_location
Crawfordsville|4351|6|13,Crawfordsville,4351,6,13,PHK56 X LH198,90,2022-08-09,199.77,-0.0514323547568822,7.0,3,0,92.00233709617845,nitrogen,held_out_location
Crawfordsville|4351|18|14,Crawfordsville,4351,18,14,PHK56 X LH198,90,2022-08-09,128.17,-0.0488502184126973,7.0,3,0,92.00233709617845,nitrogen,held_out_location
Crawfordsville|4351|19|16,Crawfordsville,4351,19,16,PHK56 X LH82,90,2022-08-09,185.19,-0.0407968613162895,7.0,3,0,92.00233709617845,nitrogen,held_out_location
Crawfordsville|4351|6|16,Crawfordsville,4351,6,16,PHK56 X LH82,90,2022-08-09,170.1,-0.0474139875478566,7.0,3,0,92.00233709617845,nitrogen,held_out_location
Crawfordsville|4351|15|13,Crawfordsville,4351,15,13,PHK56 X PHJ89,90,2022-08-09,165.13,-0.0462749540087005,7.0,3,0,92.00233709617845,nitrogen,held_out_location
Crawfordsville|4351|11|13,Crawfordsville,4351,11,13,PHK56 X PHJ89,90,2022-08-09,186.2,-0.0499656037846979,7.0,3,0,92.00233709617845,nitrogen,held_out_location
Crawfordsville|4351|22|16,Crawfordsville,4351,22,16,PHK56 X W606S,90,2022-08-09,175.75,-0.0501620498838706,7.0,3,0,92.00233709617845,nitrogen,held_out_location
Crawfordsville|4351|9|19,Crawfordsville,4351,9,19,PHK56 X W606S,90,2022-08-09,156.43,-0.0475988169576336,7.0,3,0,92.00233709617845,nitrogen,held_out_location
Crawfordsville|4351|14|14,Crawfordsville,4351,14,14,PHK76 X 3IIH6,90,2022-08-09,154.43,-0.0549345488570143,7.0,3,0,92.00233709617845,nitrogen,held_out_location
Crawfordsville|4351|3|18,Crawfordsville,4351,3,18,PHK76 X 3IIH6,90,2022-08-09,165.25,-0.0480920700404342,7.0,3,0,92.00233709617845,nitrogen,held_out_location
Crawfordsville|4351|16|17,Crawfordsville,4351,16,17,PHK76 X LH145,90,2022-08-09,139.98,-0.0464525288315792,7.0,3,0,92.00233709617845,nitrogen,held_out_location
Crawfordsville|4351|2|19,Crawfordsville,4351,2,19,PHK76 X LH145,90,2022-08-09,113.16,-0.0406572714845525,7.0,3,0,92.00233709617845,nitrogen,held_out_location
Crawfordsville|4351|9|15,Crawfordsville,4351,9,15,PHK76 X LH198,90,2022-08-09,179.83,-0.0415678707571733,7.0,3,0,92.00233709617845,nitrogen,held_out_location
Crawfordsville|4351|14|16,Crawfordsville,4351,14,16,PHK76 X LH198,90,2022-08-09,166.55,-0.0411528813357051,7.0,3,0,92.00233709617845,nitrogen,held_out_location
Crawfordsville|4351|23|14,Crawfordsville,4351,23,14,PHK76 X LH82,90,2022-08-09,148.25,-0.0486351111130801,7.0,3,0,92.00233709617845,nitrogen,held_out_location
Crawfordsville|4351|2|16,Crawfordsville,4351,2,16,PHK76 X LH82,90,2022-08-09,150.92,-0.0434391088834932,7.0,3,0,92.00233709617845,nitrogen,held_out_location
Crawfordsville|4351|18|16,Crawfordsville,4351,18,16,PHK76 X W606S,90,2022-08-09,153.1,-0.0495481244354156,7.0,3,0,92.00233709617845,nitrogen,held_out_location
Crawfordsville|4351|3|19,Crawfordsville,4351,3,19,PHK76 X W606S,90,2022-08-09,143.97,-0.0557150766342859,7.0,3,0,92.00233709617845,nitrogen,held_out_location
Crawfordsville|4351|16|16,Crawfordsville,4351,16,16,PHN46 X PHB47,90,2022-08-09,170.03,-0.0465457172849118,7.0,3,0,92.00233709617845,nitrogen,held_out_location
Crawfordsville|4351|9|18,Crawfordsville,4351,9,18,PHN46 X PHB47,90,2022-08-09,168.49,-0.0550420246463216,7.0,3,0,92.00233709617845,nitrogen,held_out_location
Crawfordsville|4351|11|16,Crawfordsville,4351,11,16,PHN46 X PHK56,90,2022-08-09,195.96,-0.0509439604419702,7.0,3,0,92.00233709617845,nitrogen,held_out_location
Crawfordsville|4351|23|17,Crawfordsville,4351,23,17,PHN46 X PHK56,90,2022-08-09,167.11,-0.0546432118279731,7.0,3,0,92.00233709617845,nitrogen,held_out_location
Crawfordsville|4351|5|18,Crawfordsville,4351,5,18,PHN46 X W606S,90,2022-08-09,173.04,-0.048856734220654,7.0,3,0,92.00233709617845,nitrogen,held_out_location
Crawfordsville|4351|22|20,Crawfordsville,4351,22,20,PHN46 X W606S,90,2022-08-09,172.64,-0.0562165609361229,7.0,3,0,92.00233709617845,nitrogen,held_out_location
Crawfordsville|4351|14|13,Crawfordsville,4351,14,13,PHP02 X LH145,90,2022-08-09,136.89,-0.0438350503636872,7.0,3,0,92.00233709617845,nitrogen,held_out_location
Crawfordsville|4351|3|14,Crawfordsville,4351,3,14,PHP02 X LH145,90,2022-08-09,134.4,-0.0470821124803432,7.0,3,0,92.00233709617845,nitrogen,held_out_location
Crawfordsville|4351|5|15,Crawfordsville,4351,5,15,PHP02 X LH185,90,2022-08-09,158.61,-0.0450697138071535,7.0,3,0,92.00233709617845,nitrogen,held_out_location
Crawfordsville|4351|17|17,Crawfordsville,4351,17,17,PHP02 X LH185,90,2022-08-09,158.71,-0.0392572448300123,7.0,3,0,92.00233709617845,nitrogen,held_out_location
Crawfordsville|4351|23|20,Crawfordsville,4351,23,20,PHP02 X LH198,90,2022-08-09,171.27,-0.0445273504645873,7.0,3,0,92.00233709617845,nitrogen,held_out_location
Crawfordsville|4351|11|20,Crawfordsville,4351,11,20,PHP02 X LH198,90,2022-08-09,149.41,-0.051620328066158,7.0,3,0,92.00233709617845,nitrogen,held_out_location
Crawfordsville|4351|15|15,Crawfordsville,4351,15,15,PHP02 X LH82,90,2022-08-09,153.5,-0.0395816931573933,7.0,3,0,92.00233709617845,nitrogen,held_out_location
Crawfordsville|4351|12|15,Crawfordsville,4351,12,15,PHP02 X LH82,90,2022-08-09,140.97,-0.0440068605804879,7.0,3,0,92.00233709617845,nitrogen,held_out_location
Crawfordsville|4351|4|13,Crawfordsville,4351,4,13,PHP02 X PHB47,90,2022-08-09,157.41,-0.051841983453432,7.0,3,0,92.00233709617845,nitrogen,held_out_location
Crawfordsville|4351|16|15,Crawfordsville,4351,16,15,PHP02 X PHB47,90,2022-08-09,158.43,-0.0480076101083779,7.0,3,0,92.00233709617845,nitrogen,held_out_location
Crawfordsville|4351|7|16,Crawfordsville,4351,7,16,PHP02 X PHG47,90,2022-08-09,178.07,-0.0436420381170493,7.0,3,0,92.00233709617845,nitrogen,held_out_location
Crawfordsville|4351|21|17,Crawfordsville,4351,21,17,PHP02 X PHG47,90,2022-08-09,166.55,-0.0483694270724508,7.0,3,0,92.00233709617845,nitrogen,held_out_location
Crawfordsville|4351|23|15,Crawfordsville,4351,23,15,PHP02 X PHJ89,90,2022-08-09,178.87,-0.0425829653722962,7.0,3,0,92.00233709617845,nitrogen,held_out_location
Crawfordsville|4351|6|19,Crawfordsville,4351,6,19,PHP02 X PHJ89,90,2022-08-09,174.16,-0.0484720516187426,7.0,3,0,92.00233709617845,nitrogen,held_out_location
Crawfordsville|4351|11|14,Crawfordsville,4351,11,14,PHP02 X PHK56,90,2022-08-09,180.9,-0.047535189355899,7.0,3,0,92.00233709617845,nitrogen,held_out_location
Crawfordsville|4351|18|17,Crawfordsville,4351,18,17,PHP02 X PHK56,90,2022-08-09,173.79,-0.0446718618219104,7.0,3,0,92.00233709617845,nitrogen,held_out_location
Crawfordsville|4351|8|15,Crawfordsville,4351,8,15,PHP02 X PHK76,90,2022-08-09,151.06,-0.0483894682241269,7.0,3,0,92.00233709617845,nitrogen,held_out_location
Crawfordsville|4351|20|17,Crawfordsville,4351,20,17,PHP02 X PHK76,90,2022-08-09,146.46,-0.0434534808691279,7.0,3,0,92.00233709617845,nitrogen,held_out_location
Crawfordsville|4351|14|15,Crawfordsville,4351,14,15,PHP02 X PHN46,90,2022-08-09,154.26,-0.0511889921899789,7.0,3,0,92.00233709617845,nitrogen,held_out_location
Crawfordsville|4351|8|17,Crawfordsville,4351,8,17,PHP02 X PHN46,90,2022-08-09,159.75,-0.044918250628934,7.0,3,0,92.00233709617845,nitrogen,held_out_location
Crawfordsville|4351|15|17,Crawfordsville,4351,15,17,PHP02 X W606S,90,2022-08-09,176.43,-0.0472599055722584,7.0,3,0,92.00233709617845,nitrogen,held_out_location
Crawfordsville|4351|11|19,Crawfordsville,4351,11,19,PHP02 X W606S,90,2022-08-09,163.8,-0.047523502998275,7.0,3,0,92.00233709617845,nitrogen,held_out_location
Crawfordsville|4351|10|15,Crawfordsville,4351,10,15,PHT69 X 3IIH6,90,2022-08-09,168.98,-0.0444542340719883,7.0,3,0,92.00233709617845,nitrogen,held_out_location
Crawfordsville|4351|15|20,Crawfordsville,4351,15,20,PHT69 X 3IIH6,90,2022-08-09,186.26,-0.0469158581609487,7.0,3,0,92.00233709617845,nitrogen,held_out_location
Crawfordsville|4351|5|13,Crawfordsville,4351,5,13,PHW52 X LH185,90,2022-08-09,176.74,-0.0468962462583728,7.0,3,0,92.00233709617845,nitrogen,held_out_location
Crawfordsville|4351|21|19,Crawfordsville,4351,21,19,PHW52 X LH185,90,2022-08-09,144.76,-0.0394944464992875,7.0,3,0,92.00233709617845,nitrogen,held_out_location
Crawfordsville|4351|21|13,Crawfordsville,4351,21,13,PHW52 X PHM49,90,2022-08-09,185.97,-0.0437010089210802,7.0,3,0,92.00233709617845,nitrogen,held_out_location
Crawfordsville|4351|8|18,Crawfordsville,4351,8,18,PHW52 X PHM49,90,2022-08-09,191.8,-0.0405652342050172,7.0,3,0,92.00233709617845,nitrogen,held_out_location
Crawfordsville|4351|4|16,Crawfordsville,4351,4,16,PHW52 X PHN82,90,2022-08-09,187.1,-0.0405368625182867,7.0,3,0,92.00233709617845,nitrogen,held_out_location
Crawfordsville|4351|15|18,Crawfordsville,4351,15,18,PHW52 X PHN82,90,2022-08-09,166.43,-0.0439175611571396,7.0,3,0,92.00233709617845,nitrogen,held_out_location
Crawfordsville|4351|12|17,Crawfordsville,4351,12,17,PHW52 X PHZ51,90,2022-08-09,178.45,-0.0578000376150353,7.0,3,0,92.00233709617845,nitrogen,held_out_location
Crawfordsville|4351|14|20,Crawfordsville,4351,14,20,PHW52 X PHZ51,90,2022-08-09,168.1,-0.0502359696269414,7.0,3,0,92.00233709617845,nitrogen,held_out_location
Crawfordsville|4351|13|19,Crawfordsville,4351,13,19,PHZ51 X LH145,90,2022-08-09,93.85,-0.0586968459280009,7.0,3,0,92.00233709617845,nitrogen,held_out_location
Crawfordsville|4351|4|20,Crawfordsville,4351,4,20,PHZ51 X LH145,90,2022-08-09,130.76,-0.0439644912973614,7.0,3,0,92.00233709617845,nitrogen,held_out_location
Crawfordsville|4351|23|13,Crawfordsville,4351,23,13,PIONEER 1311 AMXT,90,2022-08-09,188.5,-0.0553911252593005,7.0,3,0,92.00233709617845,nitrogen,held_out_location
Crawfordsville|4351|2|20,Crawfordsville,4351,2,20,PIONEER 1311 AMXT,90,2022-08-09,219.67,-0.0523900309066387,7.0,3,0,92.00233709617845,nitrogen,held_out_location
Crawfordsville|4351|21|16,Crawfordsville,4351,21,16,PIONEER P0589 AMXT,90,2022-08-09,217.34,-0.0468433694732796,7.0,3,0,92.00233709617845,nitrogen,held_out_location
Crawfordsville|4351|7|20,Crawfordsville,4351,7,20,PIONEER P0589 AMXT,90,2022-08-09,188.59,-0.0492500669640666,7.0,3,0,92.00233709617845,nitrogen,held_out_location
Crawfordsville|4351|12|13,Crawfordsville,4351,12,13,SYNGENTA NK0760-3111,90,2022-08-09,213.04,-0.0469766483153601,7.0,3,0,92.00233709617845,nitrogen,held_out_location
Crawfordsville|4351|13|17,Crawfordsville,4351,13,17,SYNGENTA NK0760-3111,90,2022-08-09,186.59,-0.041667904304106,7.0,3,0,92.00233709617845,nitrogen,held_out_location
Crawfordsville|4351|20|20,Crawfordsville,4351,20,20,WF9 X H95,90,2022-08-09,136.8,-0.0505602869091507,7.0,3,0,92.00233709617845,nitrogen,held_out_location
Crawfordsville|4351|12|20,Crawfordsville,4351,12,20,WF9 X H95,90,2022-08-09,118.67,-0.0575731485951382,7.0,3,0,92.00233709617845,nitrogen,held_out_location
Lincoln|hybrids|2|19,Lincoln,hybrids,2,19,2369 X 3IIH6,90,2022-08-20,27.55,-0.1439784648303228,14.0,2,0,141.2458098266078,nitrogen,held_out_location
Lincoln|hybrids|13|26,Lincoln,hybrids,13,26,2369 X 3IIH6,90,2022-08-20,21.87,-0.1316553103165604,14.0,2,0,141.2458098266078,nitrogen,held_out_location
Lincoln|hybrids|13|18,Lincoln,hybrids,13,18,2369 X LH123HT,90,2022-08-20,6.04,-0.1705569940559528,14.0,2,0,141.2458098266078,nitrogen,held_out_location
Lincoln|hybrids|7|20,Lincoln,hybrids,7,20,2369 X LH123HT,90,2022-08-20,6.67,-0.1708703356611614,14.0,2,0,141.2458098266078,nitrogen,held_out_location
Lincoln|hybrids|8|15,Lincoln,hybrids,8,15,2369 X PHN82,90,2022-08-20,91.51,-0.122471376813081,14.0,2,0,141.2458098266078,nitrogen,held_out_location
Lincoln|hybrids|9|23,Lincoln,hybrids,9,23,2369 X PHN82,90,2022-08-20,52.02,-0.1666594679493471,14.0,2,0,141.2458098266078,nitrogen,held_out_location
Lincoln|hybrids|6|20,Lincoln,hybrids,6,20,2369 X PHP02,90,2022-08-20,50.11,-0.1373241763470528,14.0,2,0,141.2458098266078,nitrogen,held_out_location
Lincoln|hybrids|14|24,Lincoln,hybrids,14,24,2369 X PHP02,90,2022-08-20,35.54,-0.1724305526962772,14.0,2,0,141.2458098266078,nitrogen,held_out_location
Lincoln|hybrids|3|15,Lincoln,hybrids,3,15,2369 X PHZ51,90,2022-08-20,47.01,-0.1288901006772227,14.0,2,0,141.2458098266078,nitrogen,held_out_location
Lincoln|hybrids|12|21,Lincoln,hybrids,12,21,2369 X PHZ51,90,2022-08-20,42.9,-0.172666468006251,14.0,2,0,141.2458098266078,nitrogen,held_out_location
Lincoln|hybrids|9|15,Lincoln,hybrids,9,15,2FACC X 3IIH6,90,2022-08-20,121.12,-0.1747063857084468,14.0,2,0,141.2458098266078,nitrogen,held_out_location
Lincoln|hybrids|3|21,Lincoln,hybrids,3,21,2FACC X 3IIH6,90,2022-08-20,11.74,-0.1574905169194008,14.0,2,0,141.2458098266078,nitrogen,held_out_location
Lincoln|hybrids|15|16,Lincoln,hybrids,15,16,4N506 X 3IIH6,90,2022-08-20,18.1,-0.1219647609299187,14.0,2,0,141.2458098266078,nitrogen,held_out_location
Lincoln|hybrids|7|24,Lincoln,hybrids,7,24,4N506 X 3IIH6,90,2022-08-20,13.01,-0.1320470144435063,14.0,2,0,141.2458098266078,nitrogen,held_out_location
Lincoln|hybrids|13|16,Lincoln,hybrids,13,16,B105 X 3IIH6,90,2022-08-20,14.59,-0.1616620835166795,14.0,2,0,141.2458098266078,nitrogen,held_out_location
Lincoln|hybrids|4|24,Lincoln,hybrids,4,24,B105 X 3IIH6,90,2022-08-20,29.14,-0.1627840071878152,14.0,2,0,141.2458098266078,nitrogen,held_out_location
Lincoln|hybrids|10|20,Lincoln,hybrids,10,20,B14A X MO17,90,2022-08-20,52.14,-0.18502797802087,14.0,2,0,141.2458098266078,nitrogen,held_out_location
Lincoln|hybrids|4|22,Lincoln,hybrids,4,22,B14A X MO17,90,2022-08-20,31.99,-0.2123841180723131,14.0,2,0,141.2458098266078,nitrogen,held_out_location
Lincoln|hybrids|3|17,Lincoln,hybrids,3,17,B37 X H95,90,2022-08-20,18.98,-0.1379834533400377,14.0,2,0,141.2458098266078,nitrogen,held_out_location
Lincoln|hybrids|13|24,Lincoln,hybrids,13,24,B37 X H95,90,2022-08-20,20.71,-0.1737376120738059,14.0,2,0,141.2458098266078,nitrogen,held_out_location
Lincoln|hybrids|10|17,Lincoln,hybrids,10,17,B37 X MO17,90,2022-08-20,28.73,-0.1757692568599049,14.0,2,0,141.2458098266078,nitrogen,held_out_location
Lincoln|hybrids|5|22,Lincoln,hybrids,5,22,B37 X MO17,90,2022-08-20,31.85,-0.1473602956240129,14.0,2,0,141.2458098266078,nitrogen,held_out_location
Lincoln|hybrids|11|16,Lincoln,hybrids,11,16,B37 X OH43,90,2022-08-20,52.9,-0.1192199486932762,14.0,2,0,141.2458098266078,nitrogen,held_out_location
Lincoln|hybrids|7|23,Lincoln,hybrids,7,23,B37 X OH43,90,2022-08-20,25.03,-0.1338804222754056,14.0,2,0,141.2458098266078,nitrogen,held_out_location
Lincoln|hybrids|6|22,Lincoln,hybrids,6,22,B73 X 3IIH6,90,2022-08-20,6.91,-0.0946392113399055,14.0,2,0,141.2458098266078,nitrogen,held_out_location
Lincoln|hybrids|13|23,Lincoln,hybrids,13,23,B73 X 3IIH6,90,2022-08-20,7.36,-0.205880402224352,14.0,2,0,141.2458098266078,nitrogen,held_out_location
Lincoln|hybrids|11|21,Lincoln,hybrids,11,21,B73 X MO17,90,2022-08-20,28.23,-0.1915108317505075,14.0,2,0,141.2458098266078,nitrogen,held_out_location
Lincoln|hybrids|7|25,Lincoln,hybrids,7,25,B73 X MO17,90,2022-08-20,24.09,-0.1857983587863086,14.0,2,0,141.2458098266078,nitrogen,held_out_location
Lincoln|hybrids|4|21,Lincoln,hybrids,4,21,B73 X PHM49,90,2022-08-20,19.5,-0.1780984205411193,14.0,2,0,141.2458098266078,nitrogen,held_out_location
Lincoln|hybrids|12|23,Lincoln,hybrids,12,23,B73 X PHM49,90,2022-08-20,22.35,-0.1564239782486729,14.0,2,0,141.2458098266078,nitrogen,held_out_location
Lincoln|hybrids|8|20,Lincoln,hybrids,8,20,B73 X PHN82,90,2022-08-20,41.8,-0.1627035413203502,14.0,2,0,141.2458098266078,nitrogen,held_out_location
Lincoln|hybrids|14|21,Lincoln,hybrids,14,21,B73 X PHN82,90,2022-08-20,20.29,-0.1634213986474405,14.0,2,0,141.2458098266078,nitrogen,held_out_location
Lincoln|hybrids|6|21,Lincoln,hybrids,6,21,B73 X PHZ51,90,2022-08-20,32.75,-0.1329295423974914,14.0,2,0,141.2458098266078,nitrogen,held_out_location
Lincoln|hybrids|10|25,Lincoln,hybrids,10,25,B73 X PHZ51,90,2022-08-20,39.63,-0.1640935175492768,14.0,2,0,141.2458098266078,nitrogen,held_out_location
Lincoln|hybrids|12|16,Lincoln,hybrids,12,16,B84 X 3IIH6,90,2022-08-20,77.69,-0.121894766083778,14.0,2,0,141.2458098266078,nitrogen,held_out_location
Lincoln|hybrids|6|23,Lincoln,hybrids,6,23,B84 X 3IIH6,90,2022-08-20,20.34,-0.0794362622048678,14.0,2,0,141.2458098266078,nitrogen,held_out_location
Lincoln|hybrids|4|19,Lincoln,hybrids,4,19,F42 X MO17,90,2022-08-20,27.18,-0.1827878549795697,14.0,2,0,141.2458098266078,nitrogen,held_out_location
Lincoln|hybrids|15|24,Lincoln,hybrids,15,24,F42 X MO17,90,2022-08-20,54.04,-0.1644221017363041,14.0,2,0,141.2458098266078,nitrogen,held_out_location
Lincoln|hybrids|14|17,Lincoln,hybrids,14,17,F42 X OH43,90,2022-08-20,84.74,-0.1322009536084698,14.0,2,0,141.2458098266078,nitrogen,held_out_location
Lincoln|hybrids|5|23,Lincoln,hybrids,5,23,F42 X OH43,90,2022-08-20,52.51,-0.1380957069836548,14.0,2,0,141.2458098266078,nitrogen,held_out_location
Lincoln|hybrids|15|15,Lincoln,hybrids,15,15,HOEGEMEYER 7089 AMXT,90,2022-08-20,114.39,-0.0811756855363975,14.0,2,0,141.2458098266078,nitrogen,held_out_location
Lincoln|hybrids|5|16,Lincoln,hybrids,5,16,HOEGEMEYER 7089 AMXT,90,2022-08-20,126.8,-0.0990306229560523,14.0,2,0,141.2458098266078,nitrogen,held_out_location
Lincoln|hybrids|5|17,Lincoln,hybrids,5,17,HOEGEMEYER 8065RR,90,2022-08-20,89.02,-0.1151032191975608,14.0,2,0,141.2458098266078,nitrogen,held_out_location
Lincoln|hybrids|14|25,Lincoln,hybrids,14,25,HOEGEMEYER 8065RR,90,2022-08-20,71.95,-0.1728662587037909,14.0,2,0,141.2458098266078,nitrogen,held_out_location
Lincoln|hybrids|15|21,Lincoln,hybrids,15,21,LH123HT X 3IIH6,90,2022-08-20,3.16,-0.1184410450046238,14.0,2,0,141.2458098266078,nitrogen,held_out_location
Lincoln|hybrids|2|22,Lincoln,hybrids,2,22,LH123HT X 3IIH6,90,2022-08-20,5.63,-0.1064917169813157,14.0,2,0,141.2458098266078,nitrogen,held_out_location
Lincoln|hybrids|12|19,Lincoln,hybrids,12,19,LH123HT X PHB47,90,2022-08-20,7.68,-0.1707696655856164,14.0,2,0,141.2458098266078,nitrogen,held_out_location
Lincoln|hybrids|6|25,Lincoln,hybrids,6,25,LH123HT X PHB47,90,2022-08-20,6.53,-0.0282796539869762,14.0,2,0,141.2458098266078,nitrogen,held_out_location
Lincoln|hybrids|13|19,Lincoln,hybrids,13,19,LH145 X LH162,90,2022-08-20,43.54,-0.1503749967365442,14.0,2,0,141.2458098266078,nitrogen,held_out_location
Lincoln|hybrids|2|25,Lincoln,hybrids,2,25,LH145 X LH162,90,2022-08-20,12.1,-0.1761920868803126,14.0,2,0,141.2458098266078,nitrogen,held_out_location
Lincoln|hybrids|11|17,Lincoln,hybrids,11,17,LH185 X LH145,90,2022-08-20,66.1,-0.1210149773508643,14.0,2,0,141.2458098266078,nitrogen,held_out_location
Lincoln|hybrids|8|17,Lincoln,hybrids,8,17,LH185 X LH82,90,2022-08-20,74.51,-0.0751417654992111,14.0,2,0,141.2458098266078,nitrogen,held_out_location
Lincoln|hybrids|12|18,Lincoln,hybrids,12,18,LH185 X LH82,90,2022-08-20,9.93,-0.1044896388493876,14.0,2,0,141.2458098266078,nitrogen,held_out_location
Lincoln|hybrids|15|20,Lincoln,hybrids,15,20,LH185 X W606S,90,2022-08-20,22.0,-0.170286525579612,14.0,2,0,141.2458098266078,nitrogen,held_out_location
Lincoln|hybrids|6|15,Lincoln,hybrids,6,15,LH195 X 3IIH6,90,2022-08-20,22.2,-0.1369349353181562,14.0,2,0,141.2458098266078,nitrogen,held_out_location
Lincoln|hybrids|11|25,Lincoln,hybrids,11,25,LH195 X 3IIH6,90,2022-08-20,21.06,-0.1202554922241074,14.0,2,0,141.2458098266078,nitrogen,held_out_location
Lincoln|hybrids|15|22,Lincoln,hybrids,15,22,LH195 X LH123HT,90,2022-08-20,10.89,-0.1473827499948263,14.0,2,0,141.2458098266078,nitrogen,held_out_location
Lincoln|hybrids|5|26,Lincoln,hybrids,5,26,LH195 X LH123HT,90,2022-08-20,3.08,-0.0551408005323293,14.0,2,0,141.2458098266078,nitrogen,held_out_location
Lincoln|hybrids|7|22,Lincoln,hybrids,7,22,LH195 X LH185,90,2022-08-20,42.46,-0.20338857866235,14.0,2,0,141.2458098266078,nitrogen,held_out_location
Lincoln|hybrids|14|26,Lincoln,hybrids,14,26,LH195 X LH185,90,2022-08-20,60.92,-0.1884182953000474,14.0,2,0,141.2458098266078,nitrogen,held_out_location
Lincoln|hybrids|5|18,Lincoln,hybrids,5,18,LH195 X PHM49,90,2022-08-20,44.79,-0.1830104332095472,14.0,2,0,141.2458098266078,nitrogen,held_out_location
Lincoln|hybrids|9|20,Lincoln,hybrids,9,20,LH195 X PHM49,90,2022-08-20,29.48,-0.1626161066971529,14.0,2,0,141.2458098266078,nitrogen,held_out_location
Lincoln|hybrids|6|16,Lincoln,hybrids,6,16,LH195 X PHZ51,90,2022-08-20,36.15,-0.1221072181343512,14.0,2,0,141.2458098266078,nitrogen,held_out_location
Lincoln|hybrids|15|25,Lincoln,hybrids,15,25,LH195 X PHZ51,90,2022-08-20,54.71,-0.1587703292558874,14.0,2,0,141.2458098266078,nitrogen,held_out_location
Lincoln|hybrids|14|20,Lincoln,hybrids,14,20,LH198 X PHB47,90,2022-08-20,12.22,-0.1424536626454644,14.0,2,0,141.2458098266078,nitrogen,held_out_location
Lincoln|hybrids|4|23,Lincoln,hybrids,4,23,LH198 X PHB47,90,2022-08-20,51.99,-0.1621358426753487,14.0,2,0,141.2458098266078,nitrogen,held_out_location
Lincoln|hybrids|10|18,Lincoln,hybrids,10,18,LH198 X PHZ51,90,2022-08-20,59.0,-0.1446620450129517,14.0,2,0,141.2458098266078,nitrogen,held_out_location
Lincoln|hybrids|2|21,Lincoln,hybrids,2,21,LH198 X PHZ51,90,2022-08-20,32.51,-0.1805398996351127,14.0,2,0,141.2458098266078,nitrogen,held_out_location
Lincoln|hybrids|11|22,Lincoln,hybrids,11,22,LH74 X PHM49,90,2022-08-20,31.78,-0.2070706813128351,14.0,2,0,141.2458098266078,nitrogen,held_out_location
Lincoln|hybrids|4|26,Lincoln,hybrids,4,26,LH74 X PHM49,90,2022-08-20,33.64,-0.1726914250860857,14.0,2,0,141.2458098266078,nitrogen,held_out_location
Lincoln|hybrids|4|18,Lincoln,hybrids,4,18,LH74 X PHN82,90,2022-08-20,44.45,-0.1720487308539834,14.0,2,0,141.2458098266078,nitrogen,held_out_location
Lincoln|hybrids|14|19,Lincoln,hybrids,14,19,LH74 X PHN82,90,2022-08-20,42.16,-0.1384917419515379,14.0,2,0,141.2458098266078,nitrogen,held_out_location
Lincoln|hybrids|13|22,Lincoln,hybrids,13,22,LH82 X PHB47,90,2022-08-20,39.86,-0.2131686292817575,14.0,2,0,141.2458098266078,nitrogen,held_out_location
Lincoln|hybrids|2|26,Lincoln,hybrids,2,26,LH82 X PHB47,90,2022-08-20,7.9,-0.1679447073731059,14.0,2,0,141.2458098266078,nitrogen,held_out_location
Lincoln|hybrids|5|21,Lincoln,hybrids,5,21,LH82 X PHJ89,90,2022-08-20,62.83,-0.1447783767817708,14.0,2,0,141.2458098266078,nitrogen,held_out_location
Lincoln|hybrids|14|22,Lincoln,hybrids,14,22,LH82 X PHJ89,90,2022-08-20,61.01,-0.1508628020773121,14.0,2,0,141.2458098266078,nitrogen,held_out_location
Lincoln|hybrids|11|15,Lincoln,hybrids,11,15,LH82 X W606S,90,2022-08-20,76.42,-0.1303247941925491,14.0,2,0,141.2458098266078,nitrogen,held_out_location
Lincoln|hybrids|7|17,Lincoln,hybrids,7,17,LH82 X W606S,90,2022-08-20,86.01,-0.1147159634791301,14.0,2,0,141.2458098266078,nitrogen,held_out_location
Lincoln|hybrids|12|17,Lincoln,hybrids,12,17,N209 X 3IIH6,90,2022-08-20,62.37,-0.1353387170531872,14.0,2,0,141.2458098266078,nitrogen,held_out_location
Lincoln|hybrids|6|19,Lincoln,hybrids,6,19,N209 X 3IIH6,90,2022-08-20,47.27,-0.1367832606923397,14.0,2,0,141.2458098266078,nitrogen,held_out_location
Lincoln|hybrids|2|20,Lincoln,hybrids,2,20,PHB47 X 3IIH6,90,2022-08-20,11.6,-0.1997936035133805,14.0,2,0,141.2458098266078,nitrogen,held_out_location
Lincoln|hybrids|10|23,Lincoln,hybrids,10,23,PHB47 X 3IIH6,90,2022-08-20,11.15,-0.1974967973170533,14.0,2,0,141.2458098266078,nitrogen,held_out_location
Lincoln|hybrids|4|15,Lincoln,hybrids,4,15,PHB47 X LH185,90,2022-08-20,45.58,-0.1797141585498454,14.0,2,0,141.2458098266078,nitrogen,held_out_location
Lincoln|hybrids|10|22,Lincoln,hybrids,10,22,PHB47 X LH185,90,2022-08-20,48.6,-0.1959000588716438,14.0,2,0,141.2458098266078,nitrogen,held_out_location
Lincoln|hybrids|12|26,Lincoln,hybrids,12,26,PHB47 X PHJ89,90,2022-08-20,23.68,-0.1730298009858665,14.0,2,0,141.2458098266078,nitrogen,held_out_location
Lincoln|hybrids|4|16,Lincoln,hybrids,4,16,PHB47 X PHK56,90,2022-08-20,66.69,-0.148135289048565,14.0,2,0,141.2458098266078,nitrogen,held_out_location
Lincoln|hybrids|15|17,Lincoln,hybrids,15,17,PHB47 X PHK56,90,2022-08-20,38.01,-0.1542808472603144,14.0,2,0,141.2458098266078,nitrogen,held_out_location
Lincoln|hybrids|5|19,Lincoln,hybrids,5,19,PHG39 X PHM49,90,2022-08-20,57.43,-0.1555945596596393,14.0,2,0,141.2458098266078,nitrogen,held_out_location
Lincoln|hybrids|11|26,Lincoln,hybrids,11,26,PHG39 X PHM49,90,2022-08-20,20.36,-0.1320423037528213,14.0,2,0,141.2458098266078,nitrogen,held_out_location
Lincoln|hybrids|15|19,Lincoln,hybrids,15,19,PHG39 X PHN82,90,2022-08-20,60.89,-0.138485342120993,14.0,2,0,141.2458098266078,nitrogen,held_out_location
Lincoln|hybrids|8|19,Lincoln,hybrids,8,19,PHJ40 X LH82,90,2022-08-20,95.41,-0.0700196607539715,14.0,2,0,141.2458098266078,nitrogen,held_out_location
Lincoln|hybrids|13|21,Lincoln,hybrids,13,21,PHJ40 X LH82,90,2022-08-20,69.26,-0.12670644756849,14.0,2,0,141.2458098266078,nitrogen,held_out_location
Lincoln|hybrids|11|19,Lincoln,hybrids,11,19,PHK56 X 3IIH6,90,2022-08-20,27.25,-0.1425642287954341,14.0,2,0,141.2458098266078,nitrogen,held_out_location
Lincoln|hybrids|3|26,Lincoln,hybrids,3,26,PHK56 X 3IIH6,90,2022-08-20,18.35,-0.1771923431221045,14.0,2,0,141.2458098266078,nitrogen,held_out_location
Lincoln|hybrids|15|18,Lincoln,hybrids,15,18,PHK56 X LH145,90,2022-08-20,31.14,-0.1724520722534686,14.0,2,0,141.2458098266078,nitrogen,held_out_location
Lincoln|hybrids|11|18,Lincoln,hybrids,11,18,PHK56 X LH185,90,2022-08-20,26.48,-0.150247050211317,14.0,2,0,141.2458098266078,nitrogen,held_out_location
Lincoln|hybrids|7|26,Lincoln,hybrids,7,26,PHK56 X LH185,90,2022-08-20,7.57,-0.1022242374555542,14.0,2,0,141.2458098266078,nitrogen,held_out_location
Lincoln|hybrids|8|16,Lincoln,hybrids,8,16,PHK56 X LH198,90,2022-08-20,57.37,-0.168528937941543,14.0,2,0,141.2458098266078,nitrogen,held_out_location
Lincoln|hybrids|9|22,Lincoln,hybrids,9,22,PHK56 X LH198,90,2022-08-20,50.83,-0.165977695022304,14.0,2,0,141.2458098266078,nitrogen,held_out_location
Lincoln|hybrids|4|17,Lincoln,hybrids,4,17,PHK56 X LH82,90,2022-08-20,58.95,-0.1061483567536205,14.0,2,0,141.2458098266078,nitrogen,held_out_location
Lincoln|hybrids|8|26,Lincoln,hybrids,8,26,PHK56 X LH82,90,2022-08-20,53.91,-0.1610652105077918,14.0,2,0,141.2458098266078,nitrogen,held_out_location
Lincoln|hybrids|8|21,Lincoln,hybrids,8,21,PHK56 X PHJ89,90,2022-08-20,20.78,-0.1811002839717462,14.0,2,0,141.2458098266078,nitrogen,held_out_location
Lincoln|hybrids|12|24,Lincoln,hybrids,12,24,PHK56 X PHJ89,90,2022-08-20,28.47,-0.1578008375274407,14.0,2,0,141.2458098266078,nitrogen,held_out_location
Lincoln|hybrids|6|24,Lincoln,hybrids,6,24,PHK56 X W606S,90,2022-08-20,22.41,-0.1148776819119388,14.0,2,0,141.2458098266078,nitrogen,held_out_location
Lincoln|hybrids|11|24,Lincoln,hybrids,11,24,PHK56 X W606S,90,2022-08-20,30.75,-0.1400120112814684,14.0,2,0,141.2458098266078,nitrogen,held_out_location
Lincoln|hybrids|3|19,Lincoln,hybrids,3,19,PHK76 X 3IIH6,90,2022-08-20,15.93,-0.0956611847400029,14.0,2,0,141.2458098266078,nitrogen,held_out_location
Lincoln|hybrids|13|20,Lincoln,hybrids,13,20,PHK76 X 3IIH6,90,2022-08-20,21.32,-0.1410680123110916,14.0,2,0,141.2458098266078,nitrogen,held_out_location
Lincoln|hybrids|8|18,Lincoln,hybrids,8,18,PHK76 X LH145,90,2022-08-20,70.75,-0.1000727519605106,14.0,2,0,141.2458098266078,nitrogen,held_out_location
Lincoln|hybrids|9|21,Lincoln,hybrids,9,21,PHK76 X LH145,90,2022-08-20,59.54,-0.1377621330809617,14.0,2,0,141.2458098266078,nitrogen,held_out_location
Lincoln|hybrids|5|15,Lincoln,hybrids,5,15,PHK76 X LH198,90,2022-08-20,60.09,-0.1535812599586783,14.0,2,0,141.2458098266078,nitrogen,held_out_location
Lincoln|hybrids|12|25,Lincoln,hybrids,12,25,PHK76 X LH198,90,2022-08-20,21.01,-0.1763416603743681,14.0,2,0,141.2458098266078,nitrogen,held_out_location
Lincoln|hybrids|14|15,Lincoln,hybrids,14,15,PHK76 X LH82,90,2022-08-20,61.05,-0.0972146942611534,14.0,2,0,141.2458098266078,nitrogen,held_out_location
Lincoln|hybrids|6|26,Lincoln,hybrids,6,26,PHK76 X LH82,90,2022-08-20,12.38,-0.022518573499124,14.0,2,0,141.2458098266078,nitrogen,held_out_location
Lincoln|hybrids|2|23,Lincoln,hybrids,2,23,PHK76 X W606S,90,2022-08-20,25.85,-0.1485373121966355,14.0,2,0,141.2458098266078,nitrogen,held_out_location
Lincoln|hybrids|14|23,Lincoln,hybrids,14,23,PHK76 X W606S,90,2022-08-20,74.14,-0.1429157733876641,14.0,2,0,141.2458098266078,nitrogen,held_out_location
Lincoln|hybrids|4|20,Lincoln,hybrids,4,20,PHN46 X PHB47,90,2022-08-20,39.22,-0.1930188408064519,14.0,2,0,141.2458098266078,nitrogen,held_out_location
Lincoln|hybrids|15|26,Lincoln,hybrids,15,26,PHN46 X PHB47,90,2022-08-20,34.62,-0.1530268189628156,14.0,2,0,141.2458098266078,nitrogen,held_out_location
Lincoln|hybrids|2|17,Lincoln,hybrids,2,17,PHN46 X PHK56,90,2022-08-20,29.92,-0.1107966494257391,14.0,2,0,141.2458098266078,nitrogen,held_out_location
Lincoln|hybrids|9|19,Lincoln,hybrids,9,19,PHN46 X PHK56,90,2022-08-20,57.23,-0.0624859952632589,14.0,2,0,141.2458098266078,nitrogen,held_out_location
Lincoln|hybrids|12|20,Lincoln,hybrids,12,20,PHN46 X W606S,90,2022-08-20,21.29,-0.1815703582820266,14.0,2,0,141.2458098266078,nitrogen,held_out_location
Lincoln|hybrids|5|25,Lincoln,hybrids,5,25,PHN46 X W606S,90,2022-08-20,30.78,-0.1206687586688693,14.0,2,0,141.2458098266078,nitrogen,held_out_location
Lincoln|hybrids|13|17,Lincoln,hybrids,13,17,PHP02 X LH145,90,2022-08-20,58.1,-0.1229718493720181,14.0,2,0,141.2458098266078,nitrogen,held_out_location
Lincoln|hybrids|2|24,Lincoln,hybrids,2,24,PHP02 X LH145,90,2022-08-20,33.58,-0.1557279109788822,14.0,2,0,141.2458098266078,nitrogen,held_out_location
Lincoln|hybrids|9|16,Lincoln,hybrids,9,16,PHP02 X LH185,90,2022-08-20,56.79,-0.1118379710103689,14.0,2,0,141.2458098266078,nitrogen,held_out_location
Lincoln|hybrids|7|19,Lincoln,hybrids,7,19,PHP02 X LH185,90,2022-08-20,37.04,-0.0897525741525593,14.0,2,0,141.2458098266078,nitrogen,held_out_location
Lincoln|hybrids|12|15,Lincoln,hybrids,12,15,PHP02 X LH198,90,2022-08-20,10.15,-0.1221232323348154,14.0,2,0,141.2458098266078,nitrogen,held_out_location
Lincoln|hybrids|7|21,Lincoln,hybrids,7,21,PHP02 X LH198,90,2022-08-20,40.09,-0.1869004117768353,14.0,2,0,141.2458098266078,nitrogen,held_out_location
Lincoln|hybrids|13|15,Lincoln,hybrids,13,15,PHP02 X LH82,90,2022-08-20,45.05,-0.1304823573128404,14.0,2,0,141.2458098266078,nitrogen,held_out_location
Lincoln|hybrids|3|25,Lincoln,hybrids,3,25,PHP02 X LH82,90,2022-08-20,26.54,-0.1672867560520676,14.0,2,0,141.2458098266078,nitrogen,held_out_location
Lincoln|hybrids|9|17,Lincoln,hybrids,9,17,PHP02 X PHB47,90,2022-08-20,27.92,-0.1332128397315315,14.0,2,0,141.2458098266078,nitrogen,held_out_location
Lincoln|hybrids|3|22,Lincoln,hybrids,3,22,PHP02 X PHB47,90,2022-08-20,17.34,-0.1639540773187499,14.0,2,0,141.2458098266078,nitrogen,held_out_location
Lincoln|hybrids|7|16,Lincoln,hybrids,7,16,PHP02 X PHG47,90,2022-08-20,57.0,-0.1667495155190717,14.0,2,0,141.2458098266078,nitrogen,held_out_location
Lincoln|hybrids|9|24,Lincoln,hybrids,9,24,PHP02 X PHG47,90,2022-08-20,38.94,-0.1654813777810113,14.0,2,0,141.2458098266078,nitrogen,held_out_location
Lincoln|hybrids|3|23,Lincoln,hybrids,3,23,PHP02 X PHJ89,90,2022-08-20,56.15,-0.1516008788968058,14.0,2,0,141.2458098266078,nitrogen,held_out_location
Lincoln|hybrids|10|26,Lincoln,hybrids,10,26,PHP02 X PHJ89,90,2022-08-20,43.42,-0.1626233774372372,14.0,2,0,141.2458098266078,nitrogen,held_out_location
Lincoln|hybrids|3|16,Lincoln,hybrids,3,16,PHP02 X PHK56,90,2022-08-20,34.89,-0.1613791904119361,14.0,2,0,141.2458098266078,nitrogen,held_out_location
Lincoln|hybrids|10|16,Lincoln,hybrids,10,16,PHP02 X PHK56,90,2022-08-20,35.9,-0.1666365913160129,14.0,2,0,141.2458098266078,nitrogen,held_out_location
Lincoln|hybrids|15|23,Lincoln,hybrids,15,23,PHP02 X PHK76,90,2022-08-20,38.66,-0.1256597266035751,14.0,2,0,141.2458098266078,nitrogen,held_out_location
Lincoln|hybrids|5|24,Lincoln,hybrids,5,24,PHP02 X PHK76,90,2022-08-20,46.99,-0.1310275999425618,14.0,2,0,141.2458098266078,nitrogen,held_out_location
Lincoln|hybrids|2|16,Lincoln,hybrids,2,16,PHP02 X PHN46,90,2022-08-20,66.73,-0.1321635304142052,14.0,2,0,141.2458098266078,nitrogen,held_out_location
Lincoln|hybrids|9|18,Lincoln,hybrids,9,18,PHP02 X PHN46,90,2022-08-20,25.96,-0.1061301316308771,14.0,2,0,141.2458098266078,nitrogen,held_out_location
Lincoln|hybrids|5|20,Lincoln,hybrids,5,20,PHP02 X W606S,90,2022-08-20,59.49,-0.1614142780835543,14.0,2,0,141.2458098266078,nitrogen,held_out_location
Lincoln|hybrids|13|25,Lincoln,hybrids,13,25,PHP02 X W606S,90,2022-08-20,35.66,-0.1873793492295377,14.0,2,0,141.2458098266078,nitrogen,held_out_location
Lincoln|hybrids|3|20,Lincoln,hybrids,3,20,PHT69 X 3IIH6,90,2022-08-20,39.54,-0.1790589958937216,14.0,2,0,141.2458098266078,nitrogen,held_out_location
Lincoln|hybrids|9|25,Lincoln,hybrids,9,25,PHT69 X 3IIH6,90,2022-08-20,44.55,-0.1927085402988707,14.0,2,0,141.2458098266078,nitrogen,held_out_location
Lincoln|hybrids|2|18,Lincoln,hybrids,2,18,PHW52 X LH185,90,2022-08-20,29.77,-0.1681375139241991,14.0,2,0,141.2458098266078,nitrogen,held_out_location
Lincoln|hybrids|11|23,Lincoln,hybrids,11,23,PHW52 X LH185,90,2022-08-20,32.79,-0.1945375001760498,14.0,2,0,141.2458098266078,nitrogen,held_out_location
Lincoln|hybrids|2|15,Lincoln,hybrids,2,15,PHW52 X PHM49,90,2022-08-20,77.44,-0.1329970057826567,14.0,2,0,141.2458098266078,nitrogen,held_out_location
Lincoln|hybrids|9|26,Lincoln,hybrids,9,26,PHW52 X PHM49,90,2022-08-20,45.43,-0.1946648046498696,14.0,2,0,141.2458098266078,nitrogen,held_out_location
Lincoln|hybrids|7|18,Lincoln,hybrids,7,18,PHW52 X PHN82,90,2022-08-20,129.79,-0.1126390439747169,14.0,2,0,141.2458098266078,nitrogen,held_out_location
Lincoln|hybrids|10|21,Lincoln,hybrids,10,21,PHW52 X PHN82,90,2022-08-20,66.04,-0.1562662196979383,14.0,2,0,141.2458098266078,nitrogen,held_out_location
Lincoln|hybrids|10|15,Lincoln,hybrids,10,15,PHW52 X PHZ51,90,2022-08-20,69.07,-0.1194653236182716,14.0,2,0,141.2458098266078,nitrogen,held_out_location
Lincoln|hybrids|6|17,Lincoln,hybrids,6,17,PHW52 X PHZ51,90,2022-08-20,57.55,-0.1012780892758101,14.0,2,0,141.2458098266078,nitrogen,held_out_location
Lincoln|hybrids|3|18,Lincoln,hybrids,3,18,PHZ51 X LH145,90,2022-08-20,37.31,-0.1325090515751994,14.0,2,0,141.2458098266078,nitrogen,held_out_location
Lincoln|hybrids|14|18,Lincoln,hybrids,14,18,PHZ51 X LH145,90,2022-08-20,58.38,-0.1075078895370903,14.0,2,0,141.2458098266078,nitrogen,held_out_location
Lincoln|hybrids|10|24,Lincoln,hybrids,10,24,PIONEER 1311 AMXT,90,2022-08-20,34.23,-0.1734031142774565,14.0,2,0,141.2458098266078,nitrogen,held_out_location
Lincoln|hybrids|4|25,Lincoln,hybrids,4,25,PIONEER 1311 AMXT,90,2022-08-20,47.78,-0.1675311884188531,14.0,2,0,141.2458098266078,nitrogen,held_out_location
Lincoln|hybrids|10|19,Lincoln,hybrids,10,19,PIONEER P0589 AMXT,90,2022-08-20,112.43,-0.0983805148211073,14.0,2,0,141.2458098266078,nitrogen,held_out_location
Lincoln|hybrids|3|24,Lincoln,hybrids,3,24,PIONEER P0589 AMXT,90,2022-08-20,92.63,-0.1258001002236832,14.0,2,0,141.2458098266078,nitrogen,held_out_location
Lincoln|hybrids|7|15,Lincoln,hybrids,7,15,SYNGENTA NK0760-3111,90,2022-08-20,99.9,-0.1240218773373479,14.0,2,0,141.2458098266078,nitrogen,held_out_location
Lincoln|hybrids|14|16,Lincoln,hybrids,14,16,SYNGENTA NK0760-3111,90,2022-08-20,118.89,-0.1143382405848221,14.0,2,0,141.2458098266078,nitrogen,held_out_location
Lincoln|hybrids|8|22,Lincoln,hybrids,8,22,SYNGENTA NK0760-3111,90,2022-08-20,89.93,-0.1633133759705602,14.0,2,0,141.2458098266078,nitrogen,held_out_location
Lincoln|hybrids|12|22,Lincoln,hybrids,12,22,SYNGENTA NK0760-3111,90,2022-08-20,44.88,-0.1817338050047235,14.0,2,0,141.2458098266078,nitrogen,held_out_location
Lincoln|hybrids|8|23,Lincoln,hybrids,8,23,SYNGENTA NK0760-3111,90,2022-08-20,43.09,-0.1375592979398083,14.0,2,0,141.2458098266078,nitrogen,held_out_location
Lincoln|hybrids|8|24,Lincoln,hybrids,8,24,SYNGENTA NK0760-3111,90,2022-08-20,86.26,-0.1660845817771694,14.0,2,0,141.2458098266078,nitrogen,held_out_location
Lincoln|hybrids|8|25,Lincoln,hybrids,8,25,SYNGENTA NK0760-3111,90,2022-08-20,71.29,-0.2062748356681089,14.0,2,0,141.2458098266078,nitrogen,held_out_location
Lincoln|hybrids|6|18,Lincoln,hybrids,6,18,WF9 X H95,90,2022-08-20,24.13,-0.1405723364647855,14.0,2,0,141.2458098266078,nitrogen,held_out_location
Lincoln|hybrids|11|20,Lincoln,hybrids,11,20,WF9 X H95,90,2022-08-20,20.81,-0.174324015743378,14.0,2,0,141.2458098266078,nitrogen,held_out_location
Lincoln|hybrids|5|5,Lincoln,hybrids,5,5,2369 X 3IIH6,90,2022-08-20,44.76,-0.1806025827128541,14.0,2,0,148.65614254894794,nitrogen,held_out_location
Lincoln|hybrids|8|13,Lincoln,hybrids,8,13,2369 X 3IIH6,90,2022-08-20,64.3,-0.1719687081193265,14.0,2,0,148.65614254894794,nitrogen,held_out_location
Lincoln|hybrids|10|7,Lincoln,hybrids,10,7,2369 X LH123HT,90,2022-08-20,10.57,-0.203731652387799,14.0,2,0,148.65614254894794,nitrogen,held_out_location
Lincoln|hybrids|6|8,Lincoln,hybrids,6,8,2369 X LH123HT,90,2022-08-20,19.0,-0.261259449700257,14.0,2,0,148.65614254894794,nitrogen,held_out_location
Lincoln|hybrids|4|8,Lincoln,hybrids,4,8,2369 X PHN82,90,2022-08-20,42.26,-0.1592234896135632,14.0,2,0,148.65614254894794,nitrogen,held_out_location
Lincoln|hybrids|13|9,Lincoln,hybrids,13,9,2369 X PHN82,90,2022-08-20,71.11,-0.153365231259968,14.0,2,0,148.65614254894794,nitrogen,held_out_location
Lincoln|hybrids|2|8,Lincoln,hybrids,2,8,2369 X PHP02,90,2022-08-20,58.99,-0.1652181077937184,14.0,2,0,148.65614254894794,nitrogen,held_out_location
Lincoln|hybrids|11|8,Lincoln,hybrids,11,8,2369 X PHP02,90,2022-08-20,39.9,-0.1859933086738741,14.0,2,0,148.65614254894794,nitrogen,held_out_location
Lincoln|hybrids|4|7,Lincoln,hybrids,4,7,2369 X PHZ51,90,2022-08-20,81.65,-0.1307266670978918,14.0,2,0,148.65614254894794,nitrogen,held_out_location
Lincoln|hybrids|15|13,Lincoln,hybrids,15,13,2369 X PHZ51,90,2022-08-20,85.52,-0.1271613381617661,14.0,2,0,148.65614254894794,nitrogen,held_out_location
Lincoln|hybrids|7|2,Lincoln,hybrids,7,2,2FACC X 3IIH6,90,2022-08-20,32.33,-0.2233344403572721,14.0,2,0,148.65614254894794,nitrogen,held_out_location
Lincoln|hybrids|11|4,Lincoln,hybrids,11,4,2FACC X 3IIH6,90,2022-08-20,9.3,-0.205085388185822,14.0,2,0,148.65614254894794,nitrogen,held_out_location
Lincoln|hybrids|14|10,Lincoln,hybrids,14,10,4N506 X 3IIH6,90,2022-08-20,51.1,-0.1764536891019396,14.0,2,0,148.65614254894794,nitrogen,held_out_location
Lincoln|hybrids|4|11,Lincoln,hybrids,4,11,4N506 X 3IIH6,90,2022-08-20,32.48,-0.2137409931694296,14.0,2,0,148.65614254894794,nitrogen,held_out_location
Lincoln|hybrids|15|4,Lincoln,hybrids,15,4,B105 X 3IIH6,90,2022-08-20,56.7,-0.1994083007917201,14.0,2,0,148.65614254894794,nitrogen,held_out_location
Lincoln|hybrids|5|8,Lincoln,hybrids,5,8,B105 X 3IIH6,90,2022-08-20,23.5,-0.2126511583266349,14.0,2,0,148.65614254894794,nitrogen,held_out_location
Lincoln|hybrids|4|6,Lincoln,hybrids,4,6,B14A X MO17,90,2022-08-20,66.25,-0.1569602004344933,14.0,2,0,148.65614254894794,nitrogen,held_out_location
Lincoln|hybrids|14|6,Lincoln,hybrids,14,6,B14A X MO17,90,2022-08-20,52.53,-0.1913143236213557,14.0,2,0,148.65614254894794,nitrogen,held_out_location
Lincoln|hybrids|2|6,Lincoln,hybrids,2,6,B37 X H95,90,2022-08-20,41.75,-0.1527388241673071,14.0,2,0,148.65614254894794,nitrogen,held_out_location
Lincoln|hybrids|10|8,Lincoln,hybrids,10,8,B37 X H95,90,2022-08-20,8.33,-0.1797845784746875,14.0,2,0,148.65614254894794,nitrogen,held_out_location
Lincoln|hybrids|9|7,Lincoln,hybrids,9,7,B37 X MO17,90,2022-08-20,33.51,-0.1558516875828836,14.0,2,0,148.65614254894794,nitrogen,held_out_location
Lincoln|hybrids|6|9,Lincoln,hybrids,6,9,B37 X MO17,90,2022-08-20,37.78,-0.1484250264418337,14.0,2,0,148.65614254894794,nitrogen,held_out_location
Lincoln|hybrids|2|3,Lincoln,hybrids,2,3,B37 X OH43,90,2022-08-20,33.14,-0.1411843664189096,14.0,2,0,148.65614254894794,nitrogen,held_out_location
Lincoln|hybrids|12|12,Lincoln,hybrids,12,12,B37 X OH43,90,2022-08-20,35.5,-0.146967606447067,14.0,2,0,148.65614254894794,nitrogen,held_out_location
Lincoln|hybrids|4|10,Lincoln,hybrids,4,10,B73 X 3IIH6,90,2022-08-20,25.97,-0.2275245940128085,14.0,2,0,148.65614254894794,nitrogen,held_out_location
Lincoln|hybrids|12|11,Lincoln,hybrids,12,11,B73 X 3IIH6,90,2022-08-20,34.18,-0.2053060746098721,14.0,2,0,148.65614254894794,nitrogen,held_out_location
Lincoln|hybrids|2|5,Lincoln,hybrids,2,5,B73 X MO17,90,2022-08-20,52.33,-0.1791719607775932,14.0,2,0,148.65614254894794,nitrogen,held_out_location
Lincoln|hybrids|15|9,Lincoln,hybrids,15,9,B73 X MO17,90,2022-08-20,65.73,-0.1535179015769429,14.0,2,0,148.65614254894794,nitrogen,held_out_location
Lincoln|hybrids|5|9,Lincoln,hybrids,5,9,B73 X PHM49,90,2022-08-20,45.52,-0.1642507495737821,14.0,2,0,148.65614254894794,nitrogen,held_out_location
Lincoln|hybrids|11|11,Lincoln,hybrids,11,11,B73 X PHM49,90,2022-08-20,14.9,-0.1853598678360839,14.0,2,0,148.65614254894794,nitrogen,held_out_location
Lincoln|hybrids|3|4,Lincoln,hybrids,3,4,B73 X PHN82,90,2022-08-20,23.06,-0.1551901840204762,14.0,2,0,148.65614254894794,nitrogen,held_out_location
Lincoln|hybrids|14|8,Lincoln,hybrids,14,8,B73 X PHN82,90,2022-08-20,65.99,-0.1694418842067403,14.0,2,0,148.65614254894794,nitrogen,held_out_location
Lincoln|hybrids|4|5,Lincoln,hybrids,4,5,B73 X PHZ51,90,2022-08-20,45.65,-0.1321777203773422,14.0,2,0,148.65614254894794,nitrogen,held_out_location
Lincoln|hybrids|12|5,Lincoln,hybrids,12,5,B73 X PHZ51,90,2022-08-20,61.23,-0.1525007700666736,14.0,2,0,148.65614254894794,nitrogen,held_out_location
Lincoln|hybrids|10|4,Lincoln,hybrids,10,4,B84 X 3IIH6,90,2022-08-20,24.04,-0.1759834759055721,14.0,2,0,148.65614254894794,nitrogen,held_out_location
Lincoln|hybrids|3|10,Lincoln,hybrids,3,10,B84 X 3IIH6,90,2022-08-20,29.12,-0.1806893996052048,14.0,2,0,148.65614254894794,nitrogen,held_out_location
Lincoln|hybrids|8|5,Lincoln,hybrids,8,5,F42 X MO17,90,2022-08-20,52.26,-0.1631353617339145,14.0,2,0,148.65614254894794,nitrogen,held_out_location
Lincoln|hybrids|11|12,Lincoln,hybrids,11,12,F42 X MO17,90,2022-08-20,44.83,-0.1745020274895303,14.0,2,0,148.65614254894794,nitrogen,held_out_location
Lincoln|hybrids|5|11,Lincoln,hybrids,5,11,F42 X OH43,90,2022-08-20,55.23,-0.1464616538022938,14.0,2,0,148.65614254894794,nitrogen,held_out_location
Lincoln|hybrids|10|12,Lincoln,hybrids,10,12,F42 X OH43,90,2022-08-20,43.87,-0.1621336164875326,14.0,2,0,148.65614254894794,nitrogen,held_out_location
Lincoln|hybrids|10|2,Lincoln,hybrids,10,2,HOEGEMEYER 7089 AMXT,90,2022-08-20,102.31,-0.1185053200105226,14.0,2,0,148.65614254894794,nitrogen,held_out_location
Lincoln|hybrids|5|10,Lincoln,hybrids,5,10,HOEGEMEYER 7089 AMXT,90,2022-08-20,87.25,-0.1268755202293429,14.0,2,0,148.65614254894794,nitrogen,held_out_location
Lincoln|hybrids|8|4,Lincoln,hybrids,8,4,HOEGEMEYER 8065RR,90,2022-08-20,96.27,-0.1832300575709883,14.0,2,0,148.65614254894794,nitrogen,held_out_location
Lincoln|hybrids|9|11,Lincoln,hybrids,9,11,HOEGEMEYER 8065RR,90,2022-08-20,82.66,-0.1543953243046444,14.0,2,0,148.65614254894794,nitrogen,held_out_location
Lincoln|hybrids|7|9,Lincoln,hybrids,7,9,LH123HT X 3IIH6,90,2022-08-20,13.33,-0.1520146003076452,14.0,2,0,148.65614254894794,nitrogen,held_out_location
Lincoln|hybrids|12|10,Lincoln,hybrids,12,10,LH123HT X 3IIH6,90,2022-08-20,20.99,-0.1952799286508322,14.0,2,0,148.65614254894794,nitrogen,held_out_location
Lincoln|hybrids|11|6,Lincoln,hybrids,11,6,LH123HT X PHB47,90,2022-08-20,12.52,-0.2404472807922554,14.0,2,0,148.65614254894794,nitrogen,held_out_location
Lincoln|hybrids|4|13,Lincoln,hybrids,4,13,LH123HT X PHB47,90,2022-08-20,19.61,-0.2270634892793642,14.0,2,0,148.65614254894794,nitrogen,held_out_location
Lincoln|hybrids|12|6,Lincoln,hybrids,12,6,LH145 X LH162,90,2022-08-20,59.79,-0.163560862683896,14.0,2,0,148.65614254894794,nitrogen,held_out_location
Lincoln|hybrids|3|9,Lincoln,hybrids,3,9,LH145 X LH162,90,2022-08-20,60.57,-0.1249791233503663,14.0,2,0,148.65614254894794,nitrogen,held_out_location
Lincoln|hybrids|15|8,Lincoln,hybrids,15,8,LH185 X LH145,90,2022-08-20,80.45,-0.1115353218796425,14.0,2,0,148.65614254894794,nitrogen,held_out_location
Lincoln|hybrids|4|12,Lincoln,hybrids,4,12,LH185 X LH82,90,2022-08-20,57.35,-0.1309319497665133,14.0,2,0,148.65614254894794,nitrogen,held_out_location
Lincoln|hybrids|9|13,Lincoln,hybrids,9,13,LH185 X LH82,90,2022-08-20,78.63,-0.1242221715955635,14.0,2,0,148.65614254894794,nitrogen,held_out_location
Lincoln|hybrids|13|11,Lincoln,hybrids,13,11,LH185 X W606S,90,2022-08-20,59.17,-0.1509083083287283,14.0,2,0,148.65614254894794,nitrogen,held_out_location
Lincoln|hybrids|5|6,Lincoln,hybrids,5,6,LH195 X 3IIH6,90,2022-08-20,19.72,-0.1706334104446939,14.0,2,0,148.65614254894794,nitrogen,held_out_location
Lincoln|hybrids|12|7,Lincoln,hybrids,12,7,LH195 X 3IIH6,90,2022-08-20,49.27,-0.2129603164166194,14.0,2,0,148.65614254894794,nitrogen,held_out_location
Lincoln|hybrids|11|5,Lincoln,hybrids,11,5,LH195 X LH123HT,90,2022-08-20,11.36,-0.1899773601015426,14.0,2,0,148.65614254894794,nitrogen,held_out_location
Lincoln|hybrids|7|7,Lincoln,hybrids,7,7,LH195 X LH123HT,90,2022-08-20,12.24,-0.2181692847631919,14.0,2,0,148.65614254894794,nitrogen,held_out_location
Lincoln|hybrids|11|2,Lincoln,hybrids,11,2,LH195 X LH185,90,2022-08-20,51.16,-0.1786359175546519,14.0,2,0,148.65614254894794,nitrogen,held_out_location
Lincoln|hybrids|2|10,Lincoln,hybrids,2,10,LH195 X LH185,90,2022-08-20,70.35,-0.1575615235687247,14.0,2,0,148.65614254894794,nitrogen,held_out_location
Lincoln|hybrids|9|8,Lincoln,hybrids,9,8,LH195 X PHM49,90,2022-08-20,42.95,-0.2246393656687707,14.0,2,0,148.65614254894794,nitrogen,held_out_location
Lincoln|hybrids|6|11,Lincoln,hybrids,6,11,LH195 X PHM49,90,2022-08-20,23.59,-0.1677054232799517,14.0,2,0,148.65614254894794,nitrogen,held_out_location
Lincoln|hybrids|5|12,Lincoln,hybrids,5,12,LH195 X PHZ51,90,2022-08-20,65.22,-0.1392780927638086,14.0,2,0,148.65614254894794,nitrogen,held_out_location
Lincoln|hybrids|13|13,Lincoln,hybrids,13,13,LH195 X PHZ51,90,2022-08-20,50.12,-0.1521552328119894,14.0,2,0,148.65614254894794,nitrogen,held_out_location
Lincoln|hybrids|13|5,Lincoln,hybrids,13,5,LH198 X PHB47,90,2022-08-20,51.92,-0.1729790556857706,14.0,2,0,148.65614254894794,nitrogen,held_out_location
Lincoln|hybrids|2|13,Lincoln,hybrids,2,13,LH198 X PHB47,90,2022-08-20,54.25,-0.1682591273535979,14.0,2,0,148.65614254894794,nitrogen,held_out_location
Lincoln|hybrids|11|10,Lincoln,hybrids,11,10,LH198 X PHZ51,90,2022-08-20,53.92,-0.1688828592478122,14.0,2,0,148.65614254894794,nitrogen,held_out_location
Lincoln|hybrids|2|12,Lincoln,hybrids,2,12,LH198 X PHZ51,90,2022-08-20,57.27,-0.1440610784825416,14.0,2,0,148.65614254894794,nitrogen,held_out_location
Lincoln|hybrids|7|6,Lincoln,hybrids,7,6,LH74 X PHM49,90,2022-08-20,23.71,-0.2086296238595035,14.0,2,0,148.65614254894794,nitrogen,held_out_location
Lincoln|hybrids|14|9,Lincoln,hybrids,14,9,LH74 X PHM49,90,2022-08-20,48.83,-0.1531468286263335,14.0,2,0,148.65614254894794,nitrogen,held_out_location
Lincoln|hybrids|3|3,Lincoln,hybrids,3,3,LH74 X PHN82,90,2022-08-20,45.02,-0.1475658753219838,14.0,2,0,148.65614254894794,nitrogen,held_out_location
Lincoln|hybrids|10|6,Lincoln,hybrids,10,6,LH74 X PHN82,90,2022-08-20,71.69,-0.1712489818569237,14.0,2,0,148.65614254894794,nitrogen,held_out_location
Lincoln|hybrids|2|7,Lincoln,hybrids,2,7,LH82 X PHB47,90,2022-08-20,49.76,-0.1789868536306792,14.0,2,0,148.65614254894794,nitrogen,held_out_location
Lincoln|hybrids|11|9,Lincoln,hybrids,11,9,LH82 X PHB47,90,2022-08-20,15.35,-0.2246370774124386,14.0,2,0,148.65614254894794,nitrogen,held_out_location
Lincoln|hybrids|9|9,Lincoln,hybrids,9,9,LH82 X PHJ89,90,2022-08-20,73.82,-0.1561011547654472,14.0,2,0,148.65614254894794,nitrogen,held_out_location
Lincoln|hybrids|6|12,Lincoln,hybrids,6,12,LH82 X PHJ89,90,2022-08-20,58.92,-0.1397690820405207,14.0,2,0,148.65614254894794,nitrogen,held_out_location
Lincoln|hybrids|11|7,Lincoln,hybrids,11,7,LH82 X W606S,90,2022-08-20,75.92,-0.1741883573418994,14.0,2,0,148.65614254894794,nitrogen,held_out_location
Lincoln|hybrids|2|11,Lincoln,hybrids,2,11,LH82 X W606S,90,2022-08-20,70.22,-0.1436761952353177,14.0,2,0,148.65614254894794,nitrogen,held_out_location
Lincoln|hybrids|15|2,Lincoln,hybrids,15,2,N209 X 3IIH6,90,2022-08-20,59.66,-0.1883623895040951,14.0,2,0,148.65614254894794,nitrogen,held_out_location
Lincoln|hybrids|3|8,Lincoln,hybrids,3,8,N209 X 3IIH6,90,2022-08-20,66.54,-0.1648051688223144,14.0,2,0,148.65614254894794,nitrogen,held_out_location
Lincoln|hybrids|3|5,Lincoln,hybrids,3,5,PHB47 X 3IIH6,90,2022-08-20,8.4,-0.2161209456587932,14.0,2,0,148.65614254894794,nitrogen,held_out_location
Lincoln|hybrids|10|10,Lincoln,hybrids,10,10,PHB47 X 3IIH6,90,2022-08-20,27.16,-0.2344512957574918,14.0,2,0,148.65614254894794,nitrogen,held_out_location
Lincoln|hybrids|7|8,Lincoln,hybrids,7,8,PHB47 X LH185,90,2022-08-20,36.83,-0.2041210692674656,14.0,2,0,148.65614254894794,nitrogen,held_out_location
Lincoln|hybrids|10|9,Lincoln,hybrids,10,9,PHB47 X LH185,90,2022-08-20,35.64,-0.1966784329164577,14.0,2,0,148.65614254894794,nitrogen,held_out_location
Lincoln|hybrids|14|3,Lincoln,hybrids,14,3,PHB47 X PHJ89,90,2022-08-20,67.54,-0.1544150458710441,14.0,2,0,148.65614254894794,nitrogen,held_out_location
Lincoln|hybrids|9|4,Lincoln,hybrids,9,4,PHB47 X PHK56,90,2022-08-20,60.2,-0.1619024626817841,14.0,2,0,148.65614254894794,nitrogen,held_out_location
Lincoln|hybrids|6|7,Lincoln,hybrids,6,7,PHB47 X PHK56,90,2022-08-20,64.34,-0.1766014898491882,14.0,2,0,148.65614254894794,nitrogen,held_out_location
Lincoln|hybrids|6|5,Lincoln,hybrids,6,5,PHG39 X PHM49,90,2022-08-20,66.13,-0.1495178700615133,14.0,2,0,148.65614254894794,nitrogen,held_out_location
Lincoln|hybrids|14|11,Lincoln,hybrids,14,11,PHG39 X PHM49,90,2022-08-20,72.57,-0.1421019786876436,14.0,2,0,148.65614254894794,nitrogen,held_out_location
Lincoln|hybrids|13|10,Lincoln,hybrids,13,10,PHG39 X PHN82,90,2022-08-20,81.93,-0.1404439443912192,14.0,2,0,148.65614254894794,nitrogen,held_out_location
Lincoln|hybrids|5|2,Lincoln,hybrids,5,2,PHJ40 X LH82,90,2022-08-20,77.88,-0.1201207750207098,14.0,2,0,148.65614254894794,nitrogen,held_out_location
Lincoln|hybrids|10|13,Lincoln,hybrids,10,13,PHJ40 X LH82,90,2022-08-20,78.16,-0.1000167713399505,14.0,2,0,148.65614254894794,nitrogen,held_out_location
Lincoln|hybrids|7|4,Lincoln,hybrids,7,4,PHK56 X 3IIH6,90,2022-08-20,31.92,-0.2152789340683205,14.0,2,0,148.65614254894794,nitrogen,held_out_location
Lincoln|hybrids|10|5,Lincoln,hybrids,10,5,PHK56 X 3IIH6,90,2022-08-20,32.22,-0.2286298118442613,14.0,2,0,148.65614254894794,nitrogen,held_out_location
Lincoln|hybrids|14|2,Lincoln,hybrids,14,2,PHK56 X LH145,90,2022-08-20,18.63,-0.163101130312502,14.0,2,0,148.65614254894794,nitrogen,held_out_location
Lincoln|hybrids|12|4,Lincoln,hybrids,12,4,PHK56 X LH185,90,2022-08-20,48.57,-0.1630195629342494,14.0,2,0,148.65614254894794,nitrogen,held_out_location
Lincoln|hybrids|8|7,Lincoln,hybrids,8,7,PHK56 X LH185,90,2022-08-20,35.95,-0.1773611076624138,14.0,2,0,148.65614254894794,nitrogen,held_out_location
Lincoln|hybrids|9|10,Lincoln,hybrids,9,10,PHK56 X LH198,90,2022-08-20,70.62,-0.1754241592350818,14.0,2,0,148.65614254894794,nitrogen,held_out_location
Lincoln|hybrids|5|13,Lincoln,hybrids,5,13,PHK56 X LH198,90,2022-08-20,62.08,-0.1714761863410685,14.0,2,0,148.65614254894794,nitrogen,held_out_location
Lincoln|hybrids|14|5,Lincoln,hybrids,14,5,PHK56 X LH82,90,2022-08-20,90.95,-0.1462430838054256,14.0,2,0,148.65614254894794,nitrogen,held_out_location
Lincoln|hybrids|3|11,Lincoln,hybrids,3,11,PHK56 X LH82,90,2022-08-20,52.14,-0.1438654974199145,14.0,2,0,148.65614254894794,nitrogen,held_out_location
Lincoln|hybrids|4|2,Lincoln,hybrids,4,2,PHK56 X PHJ89,90,2022-08-20,34.32,-0.1711778913429673,14.0,2,0,148.65614254894794,nitrogen,held_out_location
Lincoln|hybrids|13|12,Lincoln,hybrids,13,12,PHK56 X PHJ89,90,2022-08-20,44.33,-0.1696307094826723,14.0,2,0,148.65614254894794,nitrogen,held_out_location
Lincoln|hybrids|3|2,Lincoln,hybrids,3,2,PHK56 X W606S,90,2022-08-20,62.19,-0.1700154926640783,14.0,2,0,148.65614254894794,nitrogen,held_out_location
Lincoln|hybrids|15|3,Lincoln,hybrids,15,3,PHK56 X W606S,90,2022-08-20,39.25,-0.1721564334759677,14.0,2,0,148.65614254894794,nitrogen,held_out_location
Lincoln|hybrids|5|3,Lincoln,hybrids,5,3,PHK76 X 3IIH6,90,2022-08-20,39.22,-0.1683596375040588,14.0,2,0,148.65614254894794,nitrogen,held_out_location
Lincoln|hybrids|15|12,Lincoln,hybrids,15,12,PHK76 X 3IIH6,90,2022-08-20,51.43,-0.1375264876669752,14.0,2,0,148.65614254894794,nitrogen,held_out_location
Lincoln|hybrids|12|2,Lincoln,hybrids,12,2,PHK76 X LH145,90,2022-08-20,47.28,-0.159947964204096,14.0,2,0,148.65614254894794,nitrogen,held_out_location
Lincoln|hybrids|6|4,Lincoln,hybrids,6,4,PHK76 X LH145,90,2022-08-20,64.62,-0.1335270275581908,14.0,2,0,148.65614254894794,nitrogen,held_out_location
Lincoln|hybrids|7|3,Lincoln,hybrids,7,3,PHK76 X LH198,90,2022-08-20,54.66,-0.1526884835760007,14.0,2,0,148.65614254894794,nitrogen,held_out_location
Lincoln|hybrids|14|13,Lincoln,hybrids,14,13,PHK76 X LH198,90,2022-08-20,57.47,-0.1468202717130383,14.0,2,0,148.65614254894794,nitrogen,held_out_location
Lincoln|hybrids|13|2,Lincoln,hybrids,13,2,PHK76 X LH82,90,2022-08-20,63.25,-0.175197153746633,14.0,2,0,148.65614254894794,nitrogen,held_out_location
Lincoln|hybrids|2|4,Lincoln,hybrids,2,4,PHK76 X LH82,90,2022-08-20,65.77,-0.1448426141668541,14.0,2,0,148.65614254894794,nitrogen,held_out_location
Lincoln|hybrids|9|6,Lincoln,hybrids,9,6,PHK76 X W606S,90,2022-08-20,69.43,-0.2017596906141457,14.0,2,0,148.65614254894794,nitrogen,held_out_location
Lincoln|hybrids|4|9,Lincoln,hybrids,4,9,PHK76 X W606S,90,2022-08-20,59.86,-0.1320623217712433,14.0,2,0,148.65614254894794,nitrogen,held_out_location
Lincoln|hybrids|13|3,Lincoln,hybrids,13,3,PHN46 X PHB47,90,2022-08-20,48.49,-0.1870674718206411,14.0,2,0,148.65614254894794,nitrogen,held_out_location
Lincoln|hybrids|3|13,Lincoln,hybrids,3,13,PHN46 X PHB47,90,2022-08-20,36.04,-0.2089299546723378,14.0,2,0,148.65614254894794,nitrogen,held_out_location
Lincoln|hybrids|3|12,Lincoln,hybrids,3,12,PHN46 X PHK56,90,2022-08-20,22.88,-0.1199617374236258,14.0,2,0,148.65614254894794,nitrogen,held_out_location
Lincoln|hybrids|14|12,Lincoln,hybrids,14,12,PHN46 X PHK56,90,2022-08-20,38.11,-0.1263423284911434,14.0,2,0,148.65614254894794,nitrogen,held_out_location
Lincoln|hybrids|2|2,Lincoln,hybrids,2,2,PHN46 X W606S,90,2022-08-20,51.57,-0.1937312501675956,14.0,2,0,148.65614254894794,nitrogen,held_out_location
Lincoln|hybrids|15|10,Lincoln,hybrids,15,10,PHN46 X W606S,90,2022-08-20,88.49,-0.1588667033384396,14.0,2,0,148.65614254894794,nitrogen,held_out_location
Lincoln|hybrids|15|6,Lincoln,hybrids,15,6,PHP02 X LH145,90,2022-08-20,55.15,-0.1640956472676966,14.0,2,0,148.65614254894794,nitrogen,held_out_location
Lincoln|hybrids|8|8,Lincoln,hybrids,8,8,PHP02 X LH145,90,2022-08-20,44.64,-0.1828569120335956,14.0,2,0,148.65614254894794,nitrogen,held_out_location
Lincoln|hybrids|6|3,Lincoln,hybrids,6,3,PHP02 X LH185,90,2022-08-20,35.14,-0.1028764508443166,14.0,2,0,148.65614254894794,nitrogen,held_out_location
Lincoln|hybrids|11|3,Lincoln,hybrids,11,3,PHP02 X LH185,90,2022-08-20,41.94,-0.1229369230272776,14.0,2,0,148.65614254894794,nitrogen,held_out_location
Lincoln|hybrids|5|7,Lincoln,hybrids,5,7,PHP02 X LH198,90,2022-08-20,43.07,-0.1760527425307997,14.0,2,0,148.65614254894794,nitrogen,held_out_location
Lincoln|hybrids|15|11,Lincoln,hybrids,15,11,PHP02 X LH198,90,2022-08-20,75.86,-0.1474009065776143,14.0,2,0,148.65614254894794,nitrogen,held_out_location
Lincoln|hybrids|12|8,Lincoln,hybrids,12,8,PHP02 X LH82,90,2022-08-20,68.22,-0.1689437185717394,14.0,2,0,148.65614254894794,nitrogen,held_out_location
Lincoln|hybrids|7|10,Lincoln,hybrids,7,10,PHP02 X LH82,90,2022-08-20,47.79,-0.1837905220227378,14.0,2,0,148.65614254894794,nitrogen,held_out_location
Lincoln|hybrids|10|11,Lincoln,hybrids,10,11,PHP02 X PHB47,90,2022-08-20,29.65,-0.2070320263785928,14.0,2,0,148.65614254894794,nitrogen,held_out_location
Lincoln|hybrids|7|12,Lincoln,hybrids,7,12,PHP02 X PHB47,90,2022-08-20,37.47,-0.1841600865591965,14.0,2,0,148.65614254894794,nitrogen,held_out_location
Lincoln|hybrids|3|6,Lincoln,hybrids,3,6,PHP02 X PHG47,90,2022-08-20,63.74,-0.1668973739568331,14.0,2,0,148.65614254894794,nitrogen,held_out_location
Lincoln|hybrids|13|7,Lincoln,hybrids,13,7,PHP02 X PHG47,90,2022-08-20,56.97,-0.1899327852022632,14.0,2,0,148.65614254894794,nitrogen,held_out_location
Lincoln|hybrids|6|6,Lincoln,hybrids,6,6,PHP02 X PHJ89,90,2022-08-20,65.04,-0.1678077814104317,14.0,2,0,148.65614254894794,nitrogen,held_out_location
Lincoln|hybrids|13|6,Lincoln,hybrids,13,6,PHP02 X PHJ89,90,2022-08-20,67.54,-0.1734402785737324,14.0,2,0,148.65614254894794,nitrogen,held_out_location
Lincoln|hybrids|9|5,Lincoln,hybrids,9,5,PHP02 X PHK56,90,2022-08-20,81.1,-0.148202593545387,14.0,2,0,148.65614254894794,nitrogen,held_out_location
Lincoln|hybrids|3|7,Lincoln,hybrids,3,7,PHP02 X PHK56,90,2022-08-20,50.24,-0.1781229575879902,14.0,2,0,148.65614254894794,nitrogen,held_out_location
Lincoln|hybrids|6|2,Lincoln,hybrids,6,2,PHP02 X PHK76,90,2022-08-20,38.89,-0.1337661638062962,14.0,2,0,148.65614254894794,nitrogen,held_out_location
Lincoln|hybrids|10|3,Lincoln,hybrids,10,3,PHP02 X PHK76,90,2022-08-20,75.29,-0.1258961054258477,14.0,2,0,148.65614254894794,nitrogen,held_out_location
Lincoln|hybrids|4|4,Lincoln,hybrids,4,4,PHP02 X PHN46,90,2022-08-20,54.73,-0.1484030855277188,14.0,2,0,148.65614254894794,nitrogen,held_out_location
Lincoln|hybrids|9|12,Lincoln,hybrids,9,12,PHP02 X PHN46,90,2022-08-20,50.02,-0.1659799816362956,14.0,2,0,148.65614254894794,nitrogen,held_out_location
Lincoln|hybrids|15|7,Lincoln,hybrids,15,7,PHP02 X W606S,90,2022-08-20,73.55,-0.1631230048990088,14.0,2,0,148.65614254894794,nitrogen,held_out_location
Lincoln|hybrids|6|13,Lincoln,hybrids,6,13,PHP02 X W606S,90,2022-08-20,35.03,-0.1996410728821608,14.0,2,0,148.65614254894794,nitrogen,held_out_location
Lincoln|hybrids|4|3,Lincoln,hybrids,4,3,PHT69 X 3IIH6,90,2022-08-20,74.58,-0.1721838149058807,14.0,2,0,148.65614254894794,nitrogen,held_out_location
Lincoln|hybrids|13|4,Lincoln,hybrids,13,4,PHT69 X 3IIH6,90,2022-08-20,49.55,-0.1655882812837363,14.0,2,0,148.65614254894794,nitrogen,held_out_location
Lincoln|hybrids|7|11,Lincoln,hybrids,7,11,PHW52 X LH185,90,2022-08-20,49.67,-0.1509566967528122,14.0,2,0,148.65614254894794,nitrogen,held_out_location
Lincoln|hybrids|12|13,Lincoln,hybrids,12,13,PHW52 X LH185,90,2022-08-20,144.93,-0.1568282755423257,14.0,2,0,148.65614254894794,nitrogen,held_out_location
Lincoln|hybrids|14|4,Lincoln,hybrids,14,4,PHW52 X PHM49,90,2022-08-20,74.11,-0.1815980131533353,14.0,2,0,148.65614254894794,nitrogen,held_out_location
Lincoln|hybrids|2|9,Lincoln,hybrids,2,9,PHW52 X PHM49,90,2022-08-20,62.27,-0.1471387871482845,14.0,2,0,148.65614254894794,nitrogen,held_out_location
Lincoln|hybrids|9|2,Lincoln,hybrids,9,2,PHW52 X PHN82,90,2022-08-20,63.26,-0.1374953772638205,14.0,2,0,148.65614254894794,nitrogen,held_out_location
Lincoln|hybrids|8|3,Lincoln,hybrids,8,3,PHW52 X PHN82,90,2022-08-20,70.15,-0.1401259813072498,14.0,2,0,148.65614254894794,nitrogen,held_out_location
Lincoln|hybrids|12|3,Lincoln,hybrids,12,3,PHW52 X PHZ51,90,2022-08-20,56.72,-0.1415237960437853,14.0,2,0,148.65614254894794,nitrogen,held_out_location
Lincoln|hybrids|6|10,Lincoln,hybrids,6,10,PHW52 X PHZ51,90,2022-08-20,38.31,-0.1379217716062392,14.0,2,0,148.65614254894794,nitrogen,held_out_location
Lincoln|hybrids|8|6,Lincoln,hybrids,8,6,PHZ51 X LH145,90,2022-08-20,40.14,-0.1473912875420354,14.0,2,0,148.65614254894794,nitrogen,held_out_location
Lincoln|hybrids|13|8,Lincoln,hybrids,13,8,PHZ51 X LH145,90,2022-08-20,80.08,-0.121843194152118,14.0,2,0,148.65614254894794,nitrogen,held_out_location
Lincoln|hybrids|5|4,Lincoln,hybrids,5,4,PIONEER 1311 AMXT,90,2022-08-20,74.22,-0.1382676855144887,14.0,2,0,148.65614254894794,nitrogen,held_out_location
Lincoln|hybrids|15|5,Lincoln,hybrids,15,5,PIONEER 1311 AMXT,90,2022-08-20,80.45,-0.151130491629211,14.0,2,0,148.65614254894794,nitrogen,held_out_location
Lincoln|hybrids|8|2,Lincoln,hybrids,8,2,PIONEER P0589 AMXT,90,2022-08-20,98.82,-0.1353148751400106,14.0,2,0,148.65614254894794,nitrogen,held_out_location
Lincoln|hybrids|9|3,Lincoln,hybrids,9,3,PIONEER P0589 AMXT,90,2022-08-20,106.87,-0.1278461098250074,14.0,2,0,148.65614254894794,nitrogen,held_out_location
Lincoln|hybrids|14|7,Lincoln,hybrids,14,7,SYNGENTA NK0760-3111,90,2022-08-20,74.89,-0.1643463986652705,14.0,2,0,148.65614254894794,nitrogen,held_out_location
Lincoln|hybrids|8|9,Lincoln,hybrids,8,9,SYNGENTA NK0760-3111,90,2022-08-20,80.36,-0.1489968048378199,14.0,2,0,148.65614254894794,nitrogen,held_out_location
Lincoln|hybrids|12|9,Lincoln,hybrids,12,9,SYNGENTA NK0760-3111,90,2022-08-20,60.02,-0.1589203140633268,14.0,2,0,148.65614254894794,nitrogen,held_out_location
Lincoln|hybrids|8|10,Lincoln,hybrids,8,10,SYNGENTA NK0760-3111,90,2022-08-20,50.72,-0.1595897173568577,14.0,2,0,148.65614254894794,nitrogen,held_out_location
Lincoln|hybrids|8|11,Lincoln,hybrids,8,11,SYNGENTA NK0760-3111,90,2022-08-20,105.55,-0.1612165658079968,14.0,2,0,148.65614254894794,nitrogen,held_out_location
Lincoln|hybrids|8|12,Lincoln,hybrids,8,12,SYNGENTA NK0760-3111,90,2022-08-20,82.11,-0.1362037720766789,14.0,2,0,148.65614254894794,nitrogen,held_out_location
Lincoln|hybrids|7|13,Lincoln,hybrids,7,13,SYNGENTA NK0760-3111,90,2022-08-20,88.29,-0.1404357167702681,14.0,2,0,148.65614254894794,nitrogen,held_out_location
Lincoln|hybrids|7|5,Lincoln,hybrids,7,5,WF9 X H95,90,2022-08-20,31.01,-0.1780975326672419,14.0,2,0,148.65614254894794,nitrogen,held_out_location
Lincoln|hybrids|11|13,Lincoln,hybrids,11,13,WF9 X H95,90,2022-08-20,33.22,-0.14249717271374,14.0,2,0,148.65614254894794,nitrogen,held_out_location
Lincoln|hybrids|6|28,Lincoln,hybrids,6,28,2369 X 3IIH6,90,2022-08-20,34.6,-0.1896386666099613,14.0,2,0,161.86431704727875,nitrogen,held_out_location
Lincoln|hybrids|13|33,Lincoln,hybrids,13,33,2369 X 3IIH6,90,2022-08-20,8.98,-0.091215922351325,14.0,2,0,161.86431704727875,nitrogen,held_out_location
Lincoln|hybrids|8|29,Lincoln,hybrids,8,29,2369 X LH123HT,90,2022-08-20,11.6,-0.2167427269627477,14.0,2,0,161.86431704727875,nitrogen,held_out_location
Lincoln|hybrids|9|31,Lincoln,hybrids,9,31,2369 X LH123HT,90,2022-08-20,4.02,-0.1832636584841004,14.0,2,0,161.86431704727875,nitrogen,held_out_location
Lincoln|hybrids|5|30,Lincoln,hybrids,5,30,2369 X PHN82,90,2022-08-20,45.93,-0.1640563296371705,14.0,2,0,161.86431704727875,nitrogen,held_out_location
Lincoln|hybrids|11|36,Lincoln,hybrids,11,36,2369 X PHN82,90,2022-08-20,21.43,-0.0778423140232185,14.0,2,0,161.86431704727875,nitrogen,held_out_location
Lincoln|hybrids|2|35,Lincoln,hybrids,2,35,2369 X PHP02,90,2022-08-20,18.56,-0.1395344705473893,14.0,2,0,161.86431704727875,nitrogen,held_out_location
Lincoln|hybrids|8|35,Lincoln,hybrids,8,35,2369 X PHP02,90,2022-08-20,26.27,-0.1905481643044589,14.0,2,0,161.86431704727875,nitrogen,held_out_location
Lincoln|hybrids|4|31,Lincoln,hybrids,4,31,2369 X PHZ51,90,2022-08-20,22.82,-0.1548447979077383,14.0,2,0,161.86431704727875,nitrogen,held_out_location
Lincoln|hybrids|11|31,Lincoln,hybrids,11,31,2369 X PHZ51,90,2022-08-20,22.78,-0.167488089323335,14.0,2,0,161.86431704727875,nitrogen,held_out_location
Lincoln|hybrids|13|31,Lincoln,hybrids,13,31,2FACC X 3IIH6,90,2022-08-20,18.47,-0.1560012568210181,14.0,2,0,161.86431704727875,nitrogen,held_out_location
Lincoln|hybrids|4|36,Lincoln,hybrids,4,36,2FACC X 3IIH6,90,2022-08-20,14.1,-0.1247156924229719,14.0,2,0,161.86431704727875,nitrogen,held_out_location
Lincoln|hybrids|3|32,Lincoln,hybrids,3,32,4N506 X 3IIH6,90,2022-08-20,14.01,-0.166961347169106,14.0,2,0,161.86431704727875,nitrogen,held_out_location
Lincoln|hybrids|13|35,Lincoln,hybrids,13,35,4N506 X 3IIH6,90,2022-08-20,8.97,-0.0760139138374631,14.0,2,0,161.86431704727875,nitrogen,held_out_location
Lincoln|hybrids|6|31,Lincoln,hybrids,6,31,B105 X 3IIH6,90,2022-08-20,16.39,-0.1587828990888378,14.0,2,0,161.86431704727875,nitrogen,held_out_location
Lincoln|hybrids|10|32,Lincoln,hybrids,10,32,B105 X 3IIH6,90,2022-08-20,14.48,-0.168198740946321,14.0,2,0,161.86431704727875,nitrogen,held_out_location
Lincoln|hybrids|6|33,Lincoln,hybrids,6,33,B14A X MO17,90,2022-08-20,25.52,-0.2040658951306146,14.0,2,0,161.86431704727875,nitrogen,held_out_location
Lincoln|hybrids|13|36,Lincoln,hybrids,13,36,B14A X MO17,90,2022-08-20,31.52,-0.1777977787842577,14.0,2,0,161.86431704727875,nitrogen,held_out_location
Lincoln|hybrids|3|36,Lincoln,hybrids,3,36,B37 X H95,90,2022-08-20,7.5,-0.1810653321498265,14.0,2,0,161.86431704727875,nitrogen,held_out_location
Lincoln|hybrids|12|38,Lincoln,hybrids,12,38,B37 X H95,90,2022-08-20,7.61,-0.1690224138619682,14.0,2,0,161.86431704727875,nitrogen,held_out_location
Lincoln|hybrids|7|35,Lincoln,hybrids,7,35,B37 X MO17,90,2022-08-20,15.62,-0.194206992095178,14.0,2,0,161.86431704727875,nitrogen,held_out_location
Lincoln|hybrids|14|36,Lincoln,hybrids,14,36,B37 X MO17,90,2022-08-20,15.4,-0.1967403556080779,14.0,2,0,161.86431704727875,nitrogen,held_out_location
Lincoln|hybrids|5|35,Lincoln,hybrids,5,35,B37 X OH43,90,2022-08-20,12.65,-0.2013538598885222,14.0,2,0,161.86431704727875,nitrogen,held_out_location
Lincoln|hybrids|12|37,Lincoln,hybrids,12,37,B37 X OH43,90,2022-08-20,4.9,-0.1632936511322144,14.0,2,0,161.86431704727875,nitrogen,held_out_location
Lincoln|hybrids|8|34,Lincoln,hybrids,8,34,B73 X 3IIH6,90,2022-08-20,14.73,-0.1519199840899646,14.0,2,0,161.86431704727875,nitrogen,held_out_location
Lincoln|hybrids|13|37,Lincoln,hybrids,13,37,B73 X 3IIH6,90,2022-08-20,8.06,-0.1049842254338206,14.0,2,0,161.86431704727875,nitrogen,held_out_location
Lincoln|hybrids|11|33,Lincoln,hybrids,11,33,B73 X MO17,90,2022-08-20,10.03,-0.2221139864529129,14.0,2,0,161.86431704727875,nitrogen,held_out_location
Lincoln|hybrids|7|36,Lincoln,hybrids,7,36,B73 X MO17,90,2022-08-20,19.47,-0.2165995442696378,14.0,2,0,161.86431704727875,nitrogen,held_out_location
Lincoln|hybrids|8|32,Lincoln,hybrids,8,32,B73 X PHM49,90,2022-08-20,23.4,-0.1852760773536989,14.0,2,0,161.86431704727875,nitrogen,held_out_location
Lincoln|hybrids|14|34,Lincoln,hybrids,14,34,B73 X PHM49,90,2022-08-20,4.51,-0.0933391540575004,14.0,2,0,161.86431704727875,nitrogen,held_out_location
Lincoln|hybrids|5|28,Lincoln,hybrids,5,28,B73 X PHN82,90,2022-08-20,51.34,-0.162400076752562,14.0,2,0,161.86431704727875,nitrogen,held_out_location
Lincoln|hybrids|9|32,Lincoln,hybrids,9,32,B73 X PHN82,90,2022-08-20,45.14,-0.1816256312712737,14.0,2,0,161.86431704727875,nitrogen,held_out_location
Lincoln|hybrids|5|29,Lincoln,hybrids,5,29,B73 X PHZ51,90,2022-08-20,47.99,-0.1645435729224106,14.0,2,0,161.86431704727875,nitrogen,held_out_location
Lincoln|hybrids|13|34,Lincoln,hybrids,13,34,B73 X PHZ51,90,2022-08-20,17.0,-0.1356115894089182,14.0,2,0,161.86431704727875,nitrogen,held_out_location
Lincoln|hybrids|7|32,Lincoln,hybrids,7,32,B84 X 3IIH6,90,2022-08-20,20.75,-0.1601637616480928,14.0,2,0,161.86431704727875,nitrogen,held_out_location
Lincoln|hybrids|14|33,Lincoln,hybrids,14,33,B84 X 3IIH6,90,2022-08-20,8.94,-0.0889861660455122,14.0,2,0,161.86431704727875,nitrogen,held_out_location
Lincoln|hybrids|10|31,Lincoln,hybrids,10,31,F42 X MO17,90,2022-08-20,19.84,-0.1979150111447479,14.0,2,0,161.86431704727875,nitrogen,held_out_location
Lincoln|hybrids|3|33,Lincoln,hybrids,3,33,F42 X MO17,90,2022-08-20,5.75,-0.1931170202162463,14.0,2,0,161.86431704727875,nitrogen,held_out_location
Lincoln|hybrids|7|31,Lincoln,hybrids,7,31,F42 X OH43,90,2022-08-20,23.48,-0.18358943674872,14.0,2,0,161.86431704727875,nitrogen,held_out_location
Lincoln|hybrids|10|38,Lincoln,hybrids,10,38,F42 X OH43,90,2022-08-20,14.98,-0.1889422025609757,14.0,2,0,161.86431704727875,nitrogen,held_out_location
Lincoln|hybrids|13|29,Lincoln,hybrids,13,29,HOEGEMEYER 7089 AMXT,90,2022-08-20,81.56,-0.1364086438518221,14.0,2,0,161.86431704727875,nitrogen,held_out_location
Lincoln|hybrids|2|37,Lincoln,hybrids,2,37,HOEGEMEYER 7089 AMXT,90,2022-08-20,70.22,-0.1372017176750823,14.0,2,0,161.86431704727875,nitrogen,held_out_location
Lincoln|hybrids|9|28,Lincoln,hybrids,9,28,HOEGEMEYER 8065RR,90,2022-08-20,80.73,-0.1576646825260563,14.0,2,0,161.86431704727875,nitrogen,held_out_location
Lincoln|hybrids|6|29,Lincoln,hybrids,6,29,HOEGEMEYER 8065RR,90,2022-08-20,53.76,-0.1746227164598618,14.0,2,0,161.86431704727875,nitrogen,held_out_location
Lincoln|hybrids|8|31,Lincoln,hybrids,8,31,LH123HT X 3IIH6,90,2022-08-20,5.06,-0.1190760814398738,14.0,2,0,161.86431704727875,nitrogen,held_out_location
Lincoln|hybrids|14|35,Lincoln,hybrids,14,35,LH123HT X 3IIH6,90,2022-08-20,1.78,-0.0435713555259786,14.0,2,0,161.86431704727875,nitrogen,held_out_location
Lincoln|hybrids|3|35,Lincoln,hybrids,3,35,LH123HT X PHB47,90,2022-08-20,1.67,-0.1239117613354078,14.0,2,0,161.86431704727875,nitrogen,held_out_location
Lincoln|hybrids|12|39,Lincoln,hybrids,12,39,LH123HT X PHB47,90,2022-08-20,7.58,-0.1127453599997844,14.0,2,0,161.86431704727875,nitrogen,held_out_location
Lincoln|hybrids|2|28,Lincoln,hybrids,2,28,LH145 X LH162,90,2022-08-20,12.31,-0.1795823970201194,14.0,2,0,161.86431704727875,nitrogen,held_out_location
Lincoln|hybrids|15|35,Lincoln,hybrids,15,35,LH145 X LH162,90,2022-08-20,15.6,-0.1316150888895448,14.0,2,0,161.86431704727875,nitrogen,held_out_location
Lincoln|hybrids|11|28,Lincoln,hybrids,11,28,LH185 X LH145,90,2022-08-20,34.01,-0.1545449826821514,14.0,2,0,161.86431704727875,nitrogen,held_out_location
Lincoln|hybrids|10|30,Lincoln,hybrids,10,30,LH185 X LH82,90,2022-08-20,50.75,-0.1463368632842732,14.0,2,0,161.86431704727875,nitrogen,held_out_location
Lincoln|hybrids|5|31,Lincoln,hybrids,5,31,LH185 X LH82,90,2022-08-20,34.34,-0.1446583298313017,14.0,2,0,161.86431704727875,nitrogen,held_out_location
Lincoln|hybrids|10|28,Lincoln,hybrids,10,28,LH185 X W606S,90,2022-08-20,47.98,-0.1568128033805009,14.0,2,0,161.86431704727875,nitrogen,held_out_location
Lincoln|hybrids|10|37,Lincoln,hybrids,10,37,LH195 X 3IIH6,90,2022-08-20,3.6,-0.0877169307299704,14.0,2,0,161.86431704727875,nitrogen,held_out_location
Lincoln|hybrids|7|38,Lincoln,hybrids,7,38,LH195 X 3IIH6,90,2022-08-20,22.45,-0.2090420949294877,14.0,2,0,161.86431704727875,nitrogen,held_out_location
Lincoln|hybrids|3|29,Lincoln,hybrids,3,29,LH195 X LH123HT,90,2022-08-20,18.14,-0.1735090985883655,14.0,2,0,161.86431704727875,nitrogen,held_out_location
Lincoln|hybrids|15|38,Lincoln,hybrids,15,38,LH195 X LH123HT,90,2022-08-20,10.17,-0.0788965688581456,14.0,2,0,161.86431704727875,nitrogen,held_out_location
Lincoln|hybrids|10|33,Lincoln,hybrids,10,33,LH195 X LH185,90,2022-08-20,14.29,-0.2130668259624137,14.0,2,0,161.86431704727875,nitrogen,held_out_location
Lincoln|hybrids|6|39,Lincoln,hybrids,6,39,LH195 X LH185,90,2022-08-20,36.58,-0.1674291728110565,14.0,2,0,161.86431704727875,nitrogen,held_out_location
Lincoln|hybrids|12|36,Lincoln,hybrids,12,36,LH195 X PHM49,90,2022-08-20,8.22,-0.0862840882153337,14.0,2,0,161.86431704727875,nitrogen,held_out_location
Lincoln|hybrids|4|37,Lincoln,hybrids,4,37,LH195 X PHM49,90,2022-08-20,10.84,-0.1012574354301283,14.0,2,0,161.86431704727875,nitrogen,held_out_location
Lincoln|hybrids|2|38,Lincoln,hybrids,2,38,LH195 X PHZ51,90,2022-08-20,17.19,-0.1177609838163329,14.0,2,0,161.86431704727875,nitrogen,held_out_location
Lincoln|hybrids|13|38,Lincoln,hybrids,13,38,LH195 X PHZ51,90,2022-08-20,22.7,-0.1518598345570478,14.0,2,0,161.86431704727875,nitrogen,held_out_location
Lincoln|hybrids|8|36,Lincoln,hybrids,8,36,LH198 X PHB47,90,2022-08-20,37.17,-0.1391647099962446,14.0,2,0,161.86431704727875,nitrogen,held_out_location
Lincoln|hybrids|5|37,Lincoln,hybrids,5,37,LH198 X PHB47,90,2022-08-20,9.42,-0.1095241864870842,14.0,2,0,161.86431704727875,nitrogen,held_out_location
Lincoln|hybrids|6|34,Lincoln,hybrids,6,34,LH198 X PHZ51,90,2022-08-20,16.72,-0.2113398667609318,14.0,2,0,161.86431704727875,nitrogen,held_out_location
Lincoln|hybrids|11|38,Lincoln,hybrids,11,38,LH198 X PHZ51,90,2022-08-20,25.03,-0.1607905485621213,14.0,2,0,161.86431704727875,nitrogen,held_out_location
Lincoln|hybrids|2|30,Lincoln,hybrids,2,30,LH74 X PHM49,90,2022-08-20,13.21,-0.1822404421172424,14.0,2,0,161.86431704727875,nitrogen,held_out_location
Lincoln|hybrids|10|34,Lincoln,hybrids,10,34,LH74 X PHM49,90,2022-08-20,8.59,-0.2206743643933173,14.0,2,0,161.86431704727875,nitrogen,held_out_location
Lincoln|hybrids|14|37,Lincoln,hybrids,14,37,LH74 X PHN82,90,2022-08-20,32.68,-0.1729751004277993,14.0,2,0,161.86431704727875,nitrogen,held_out_location
Lincoln|hybrids|3|38,Lincoln,hybrids,3,38,LH74 X PHN82,90,2022-08-20,38.68,-0.1316209074454029,14.0,2,0,161.86431704727875,nitrogen,held_out_location
Lincoln|hybrids|7|28,Lincoln,hybrids,7,28,LH82 X PHB47,90,2022-08-20,41.09,-0.208434858164947,14.0,2,0,161.86431704727875,nitrogen,held_out_location
Lincoln|hybrids|11|34,Lincoln,hybrids,11,34,LH82 X PHB47,90,2022-08-20,4.89,-0.1979539521740189,14.0,2,0,161.86431704727875,nitrogen,held_out_location
Lincoln|hybrids|4|33,Lincoln,hybrids,4,33,LH82 X PHJ89,90,2022-08-20,26.09,-0.2107869957950987,14.0,2,0,161.86431704727875,nitrogen,held_out_location
Lincoln|hybrids|9|35,Lincoln,hybrids,9,35,LH82 X PHJ89,90,2022-08-20,39.95,-0.2018148412762677,14.0,2,0,161.86431704727875,nitrogen,held_out_location
Lincoln|hybrids|14|28,Lincoln,hybrids,14,28,LH82 X W606S,90,2022-08-20,54.47,-0.1587169296780523,14.0,2,0,161.86431704727875,nitrogen,held_out_location
Lincoln|hybrids|2|33,Lincoln,hybrids,2,33,LH82 X W606S,90,2022-08-20,44.37,-0.1597549926057555,14.0,2,0,161.86431704727875,nitrogen,held_out_location
Lincoln|hybrids|13|32,Lincoln,hybrids,13,32,N209 X 3IIH6,90,2022-08-20,37.84,-0.1893310180589587,14.0,2,0,161.86431704727875,nitrogen,held_out_location
Lincoln|hybrids|7|34,Lincoln,hybrids,7,34,N209 X 3IIH6,90,2022-08-20,26.54,-0.2095889424305642,14.0,2,0,161.86431704727875,nitrogen,held_out_location
Lincoln|hybrids|11|35,Lincoln,hybrids,11,35,PHB47 X 3IIH6,90,2022-08-20,12.57,-0.1587662564511807,14.0,2,0,161.86431704727875,nitrogen,held_out_location
Lincoln|hybrids|5|39,Lincoln,hybrids,5,39,PHB47 X 3IIH6,90,2022-08-20,7.49,-0.0920848329048843,14.0,2,0,161.86431704727875,nitrogen,held_out_location
Lincoln|hybrids|9|34,Lincoln,hybrids,9,34,PHB47 X LH185,90,2022-08-20,26.18,-0.2189603716289515,14.0,2,0,161.86431704727875,nitrogen,held_out_location
Lincoln|hybrids|4|39,Lincoln,hybrids,4,39,PHB47 X LH185,90,2022-08-20,17.57,-0.129095925879445,14.0,2,0,161.86431704727875,nitrogen,held_out_location
Lincoln|hybrids|11|32,Lincoln,hybrids,11,32,PHB47 X PHJ89,90,2022-08-20,28.69,-0.1767791979252424,14.0,2,0,161.86431704727875,nitrogen,held_out_location
Lincoln|hybrids|6|35,Lincoln,hybrids,6,35,PHB47 X PHK56,90,2022-08-20,26.03,-0.2161055861454139,14.0,2,0,161.86431704727875,nitrogen,held_out_location
Lincoln|hybrids|11|37,Lincoln,hybrids,11,37,PHB47 X PHK56,90,2022-08-20,7.67,-0.1658666218098951,14.0,2,0,161.86431704727875,nitrogen,held_out_location
Lincoln|hybrids|15|32,Lincoln,hybrids,15,32,PHG39 X PHM49,90,2022-08-20,38.76,-0.1777411938139077,14.0,2,0,161.86431704727875,nitrogen,held_out_location
Lincoln|hybrids|2|39,Lincoln,hybrids,2,39,PHG39 X PHM49,90,2022-08-20,29.21,-0.1441189884492596,14.0,2,0,161.86431704727875,nitrogen,held_out_location
Lincoln|hybrids|15|34,Lincoln,hybrids,15,34,PHG39 X PHN82,90,2022-08-20,51.42,-0.1332038069449495,14.0,2,0,161.86431704727875,nitrogen,held_out_location
Lincoln|hybrids|2|31,Lincoln,hybrids,2,31,PHJ40 X LH82,90,2022-08-20,40.4,-0.148974532488008,14.0,2,0,161.86431704727875,nitrogen,held_out_location
Lincoln|hybrids|8|39,Lincoln,hybrids,8,39,PHJ40 X LH82,90,2022-08-20,41.79,-0.167886094062419,14.0,2,0,161.86431704727875,nitrogen,held_out_location
Lincoln|hybrids|3|34,Lincoln,hybrids,3,34,PHK56 X 3IIH6,90,2022-08-20,3.5,-0.1298736533121337,14.0,2,0,161.86431704727875,nitrogen,held_out_location
Lincoln|hybrids|9|38,Lincoln,hybrids,9,38,PHK56 X 3IIH6,90,2022-08-20,11.74,-0.1581698061162332,14.0,2,0,161.86431704727875,nitrogen,held_out_location
Lincoln|hybrids|12|30,Lincoln,hybrids,12,30,PHK56 X LH145,90,2022-08-20,24.53,-0.1535558502555158,14.0,2,0,161.86431704727875,nitrogen,held_out_location
Lincoln|hybrids|10|29,Lincoln,hybrids,10,29,PHK56 X LH185,90,2022-08-20,31.08,-0.1737073694325979,14.0,2,0,161.86431704727875,nitrogen,held_out_location
Lincoln|hybrids|5|36,Lincoln,hybrids,5,36,PHK56 X LH185,90,2022-08-20,14.35,-0.1598332931406557,14.0,2,0,161.86431704727875,nitrogen,held_out_location
Lincoln|hybrids|10|35,Lincoln,hybrids,10,35,PHK56 X LH198,90,2022-08-20,13.27,-0.1894936752662408,14.0,2,0,161.86431704727875,nitrogen,held_out_location
Lincoln|hybrids|7|37,Lincoln,hybrids,7,37,PHK56 X LH198,90,2022-08-20,18.11,-0.1899287398697804,14.0,2,0,161.86431704727875,nitrogen,held_out_location
Lincoln|hybrids|8|30,Lincoln,hybrids,8,30,PHK56 X LH82,90,2022-08-20,44.4,-0.1668355438532217,14.0,2,0,161.86431704727875,nitrogen,held_out_location
Lincoln|hybrids|9|30,Lincoln,hybrids,9,30,PHK56 X LH82,90,2022-08-20,63.74,-0.1433148270441562,14.0,2,0,161.86431704727875,nitrogen,held_out_location
Lincoln|hybrids|13|28,Lincoln,hybrids,13,28,PHK56 X PHJ89,90,2022-08-20,36.91,-0.1568536323730137,14.0,2,0,161.86431704727875,nitrogen,held_out_location
Lincoln|hybrids|7|33,Lincoln,hybrids,7,33,PHK56 X PHJ89,90,2022-08-20,16.97,-0.1861394657961634,14.0,2,0,161.86431704727875,nitrogen,held_out_location
Lincoln|hybrids|12|28,Lincoln,hybrids,12,28,PHK56 X W606S,90,2022-08-20,49.0,-0.1797857514682068,14.0,2,0,161.86431704727875,nitrogen,held_out_location
Lincoln|hybrids|2|29,Lincoln,hybrids,2,29,PHK56 X W606S,90,2022-08-20,13.41,-0.1801064509261231,14.0,2,0,161.86431704727875,nitrogen,held_out_location
Lincoln|hybrids|4|29,Lincoln,hybrids,4,29,PHK76 X 3IIH6,90,2022-08-20,32.01,-0.1559365528389573,14.0,2,0,161.86431704727875,nitrogen,held_out_location
Lincoln|hybrids|13|30,Lincoln,hybrids,13,30,PHK76 X 3IIH6,90,2022-08-20,12.66,-0.1264726693396738,14.0,2,0,161.86431704727875,nitrogen,held_out_location
Lincoln|hybrids|11|29,Lincoln,hybrids,11,29,PHK76 X LH145,90,2022-08-20,36.79,-0.1575117707035827,14.0,2,0,161.86431704727875,nitrogen,held_out_location
Lincoln|hybrids|2|34,Lincoln,hybrids,2,34,PHK76 X LH145,90,2022-08-20,26.59,-0.1340425404810995,14.0,2,0,161.86431704727875,nitrogen,held_out_location
Lincoln|hybrids|6|32,Lincoln,hybrids,6,32,PHK76 X LH198,90,2022-08-20,30.0,-0.1471669521582452,14.0,2,0,161.86431704727875,nitrogen,held_out_location
Lincoln|hybrids|14|39,Lincoln,hybrids,14,39,PHK76 X LH198,90,2022-08-20,14.04,-0.1164222042659962,14.0,2,0,161.86431704727875,nitrogen,held_out_location
Lincoln|hybrids|8|37,Lincoln,hybrids,8,37,PHK76 X LH82,90,2022-08-20,46.07,-0.1642570575012619,14.0,2,0,161.86431704727875,nitrogen,held_out_location
Lincoln|hybrids|5|38,Lincoln,hybrids,5,38,PHK76 X LH82,90,2022-08-20,35.39,-0.1276357018397313,14.0,2,0,161.86431704727875,nitrogen,held_out_location
Lincoln|hybrids|15|29,Lincoln,hybrids,15,29,PHK76 X W606S,90,2022-08-20,50.64,-0.1597580549032182,14.0,2,0,161.86431704727875,nitrogen,held_out_location
Lincoln|hybrids|5|34,Lincoln,hybrids,5,34,PHK76 X W606S,90,2022-08-20,26.54,-0.1932195733327375,14.0,2,0,161.86431704727875,nitrogen,held_out_location
Lincoln|hybrids|2|36,Lincoln,hybrids,2,36,PHN46 X PHB47,90,2022-08-20,22.14,-0.1302373456042626,14.0,2,0,161.86431704727875,nitrogen,held_out_location
Lincoln|hybrids|9|39,Lincoln,hybrids,9,39,PHN46 X PHB47,90,2022-08-20,11.2,-0.1608796819316544,14.0,2,0,161.86431704727875,nitrogen,held_out_location
Lincoln|hybrids|8|33,Lincoln,hybrids,8,33,PHN46 X PHK56,90,2022-08-20,12.73,-0.1379276920031353,14.0,2,0,161.86431704727875,nitrogen,held_out_location
Lincoln|hybrids|15|39,Lincoln,hybrids,15,39,PHN46 X PHK56,90,2022-08-20,8.81,-0.0302927193570613,14.0,2,0,161.86431704727875,nitrogen,held_out_location
Lincoln|hybrids|6|30,Lincoln,hybrids,6,30,PHN46 X W606S,90,2022-08-20,24.47,-0.1559070775798378,14.0,2,0,161.86431704727875,nitrogen,held_out_location
Lincoln|hybrids|9|37,Lincoln,hybrids,9,37,PHN46 X W606S,90,2022-08-20,32.57,-0.1547007638806362,14.0,2,0,161.86431704727875,nitrogen,held_out_location
Lincoln|hybrids|15|28,Lincoln,hybrids,15,28,PHP02 X LH145,90,2022-08-20,67.04,-0.1279591118107627,14.0,2,0,161.86431704727875,nitrogen,held_out_location
Lincoln|hybrids|6|36,Lincoln,hybrids,6,36,PHP02 X LH145,90,2022-08-20,7.47,-0.2031586000874636,14.0,2,0,161.86431704727875,nitrogen,held_out_location
Lincoln|hybrids|10|36,Lincoln,hybrids,10,36,PHP02 X LH185,90,2022-08-20,15.07,-0.0282988503235644,14.0,2,0,161.86431704727875,nitrogen,held_out_location
Lincoln|hybrids|6|37,Lincoln,hybrids,6,37,PHP02 X LH185,90,2022-08-20,5.05,-0.0351001793078784,14.0,2,0,161.86431704727875,nitrogen,held_out_location
Lincoln|hybrids|4|28,Lincoln,hybrids,4,28,PHP02 X LH198,90,2022-08-20,37.77,-0.1570608573510644,14.0,2,0,161.86431704727875,nitrogen,held_out_location
Lincoln|hybrids|11|30,Lincoln,hybrids,11,30,PHP02 X LH198,90,2022-08-20,31.48,-0.176473737344976,14.0,2,0,161.86431704727875,nitrogen,held_out_location
Lincoln|hybrids|14|30,Lincoln,hybrids,14,30,PHP02 X LH82,90,2022-08-20,35.9,-0.1815549663869649,14.0,2,0,161.86431704727875,nitrogen,held_out_location
Lincoln|hybrids|4|34,Lincoln,hybrids,4,34,PHP02 X LH82,90,2022-08-20,24.61,-0.2013460928232773,14.0,2,0,161.86431704727875,nitrogen,held_out_location
Lincoln|hybrids|15|31,Lincoln,hybrids,15,31,PHP02 X PHB47,90,2022-08-20,38.75,-0.188234538867365,14.0,2,0,161.86431704727875,nitrogen,held_out_location
Lincoln|hybrids|4|35,Lincoln,hybrids,4,35,PHP02 X PHB47,90,2022-08-20,12.73,-0.2090848573869559,14.0,2,0,161.86431704727875,nitrogen,held_out_location
Lincoln|hybrids|7|39,Lincoln,hybrids,7,39,PHP02 X PHG47,90,2022-08-20,17.87,-0.1863307444149119,14.0,2,0,161.86431704727875,nitrogen,held_out_location
Lincoln|hybrids|10|39,Lincoln,hybrids,10,39,PHP02 X PHG47,90,2022-08-20,20.07,-0.1523545321206163,14.0,2,0,161.86431704727875,nitrogen,held_out_location
Lincoln|hybrids|2|32,Lincoln,hybrids,2,32,PHP02 X PHJ89,90,2022-08-20,65.84,-0.1657785994721219,14.0,2,0,161.86431704727875,nitrogen,held_out_location
Lincoln|hybrids|11|39,Lincoln,hybrids,11,39,PHP02 X PHJ89,90,2022-08-20,38.19,-0.1747673545700971,14.0,2,0,161.86431704727875,nitrogen,held_out_location
Lincoln|hybrids|9|29,Lincoln,hybrids,9,29,PHP02 X PHK56,90,2022-08-20,60.3,-0.1812533815196439,14.0,2,0,161.86431704727875,nitrogen,held_out_location
Lincoln|hybrids|3|39,Lincoln,hybrids,3,39,PHP02 X PHK56,90,2022-08-20,12.79,-0.1623235758305321,14.0,2,0,161.86431704727875,nitrogen,held_out_location
Lincoln|hybrids|8|28,Lincoln,hybrids,8,28,PHP02 X PHK76,90,2022-08-20,48.92,-0.1864692811635939,14.0,2,0,161.86431704727875,nitrogen,held_out_location
Lincoln|hybrids|15|30,Lincoln,hybrids,15,30,PHP02 X PHK76,90,2022-08-20,44.25,-0.159031045071055,14.0,2,0,161.86431704727875,nitrogen,held_out_location
Lincoln|hybrids|14|29,Lincoln,hybrids,14,29,PHP02 X PHN46,90,2022-08-20,49.22,-0.1305063834992076,14.0,2,0,161.86431704727875,nitrogen,held_out_location
Lincoln|hybrids|7|30,Lincoln,hybrids,7,30,PHP02 X PHN46,90,2022-08-20,23.87,-0.1512197236189364,14.0,2,0,161.86431704727875,nitrogen,held_out_location
Lincoln|hybrids|12|29,Lincoln,hybrids,12,29,PHP02 X W606S,90,2022-08-20,44.11,-0.1790597724964555,14.0,2,0,161.86431704727875,nitrogen,held_out_location
Lincoln|hybrids|4|32,Lincoln,hybrids,4,32,PHP02 X W606S,90,2022-08-20,38.21,-0.1996603829996815,14.0,2,0,161.86431704727875,nitrogen,held_out_location
Lincoln|hybrids|7|29,Lincoln,hybrids,7,29,PHT69 X 3IIH6,90,2022-08-20,29.95,-0.2021665607759476,14.0,2,0,161.86431704727875,nitrogen,held_out_location
Lincoln|hybrids|15|37,Lincoln,hybrids,15,37,PHT69 X 3IIH6,90,2022-08-20,23.0,-0.2093814235404039,14.0,2,0,161.86431704727875,nitrogen,held_out_location
Lincoln|hybrids|4|30,Lincoln,hybrids,4,30,PHW52 X LH185,90,2022-08-20,35.56,-0.1797348134688063,14.0,2,0,161.86431704727875,nitrogen,held_out_location
Lincoln|hybrids|14|32,Lincoln,hybrids,14,32,PHW52 X LH185,90,2022-08-20,27.71,-0.1747014245345179,14.0,2,0,161.86431704727875,nitrogen,held_out_location
Lincoln|hybrids|9|33,Lincoln,hybrids,9,33,PHW52 X PHM49,90,2022-08-20,32.47,-0.1943151154174182,14.0,2,0,161.86431704727875,nitrogen,held_out_location
Lincoln|hybrids|6|38,Lincoln,hybrids,6,38,PHW52 X PHM49,90,2022-08-20,26.18,-0.1477283675543497,14.0,2,0,161.86431704727875,nitrogen,held_out_location
Lincoln|hybrids|5|33,Lincoln,hybrids,5,33,PHW52 X PHN82,90,2022-08-20,29.85,-0.1648097970146251,14.0,2,0,161.86431704727875,nitrogen,held_out_location
Lincoln|hybrids|15|33,Lincoln,hybrids,15,33,PHW52 X PHN82,90,2022-08-20,50.37,-0.146527063194882,14.0,2,0,161.86431704727875,nitrogen,held_out_location
Lincoln|hybrids|3|31,Lincoln,hybrids,3,31,PHW52 X PHZ51,90,2022-08-20,15.22,-0.1740320945669767,14.0,2,0,161.86431704727875,nitrogen,held_out_location
Lincoln|hybrids|14|31,Lincoln,hybrids,14,31,PHW52 X PHZ51,90,2022-08-20,41.61,-0.1763385221498739,14.0,2,0,161.86431704727875,nitrogen,held_out_location
Lincoln|hybrids|5|32,Lincoln,hybrids,5,32,PHZ51 X LH145,90,2022-08-20,49.64,-0.1352579589986073,14.0,2,0,161.86431704727875,nitrogen,held_out_location
Lincoln|hybrids|14|38,Lincoln,hybrids,14,38,PHZ51 X LH145,90,2022-08-20,22.64,-0.1678957494025482,14.0,2,0,161.86431704727875,nitrogen,held_out_location
Lincoln|hybrids|3|28,Lincoln,hybrids,3,28,PIONEER 1311 AMXT,90,2022-08-20,46.99,-0.1559965953853552,14.0,2,0,161.86431704727875,nitrogen,held_out_location
Lincoln|hybrids|13|39,Lincoln,hybrids,13,39,PIONEER 1311 AMXT,90,2022-08-20,58.82,-0.1574143202202591,14.0,2,0,161.86431704727875,nitrogen,held_out_location
Lincoln|hybrids|9|36,Lincoln,hybrids,9,36,PIONEER P0589 AMXT,90,2022-08-20,82.11,-0.1396321998566483,14.0,2,0,161.86431704727875,nitrogen,held_out_location
Lincoln|hybrids|3|37,Lincoln,hybrids,3,37,PIONEER P0589 AMXT,90,2022-08-20,75.34,-0.1379860793547953,14.0,2,0,161.86431704727875,nitrogen,held_out_location
Lincoln|hybrids|12|31,Lincoln,hybrids,12,31,SYNGENTA NK0760-3111,90,2022-08-20,39.02,-0.1618010701076453,14.0,2,0,161.86431704727875,nitrogen,held_out_location
Lincoln|hybrids|12|32,Lincoln,hybrids,12,32,SYNGENTA NK0760-3111,90,2022-08-20,40.5,-0.1526714968428165,14.0,2,0,161.86431704727875,nitrogen,held_out_location
Lincoln|hybrids|12|33,Lincoln,hybrids,12,33,SYNGENTA NK0760-3111,90,2022-08-20,20.94,-0.1686477937710381,14.0,2,0,161.86431704727875,nitrogen,held_out_location
Lincoln|hybrids|12|34,Lincoln,hybrids,12,34,SYNGENTA NK0760-3111,90,2022-08-20,19.81,-0.1493780228667749,14.0,2,0,161.86431704727875,nitrogen,held_out_location
Lincoln|hybrids|12|35,Lincoln,hybrids,12,35,SYNGENTA NK0760-3111,90,2022-08-20,24.9,-0.1222859895556789,14.0,2,0,161.86431704727875,nitrogen,held_out_location
Lincoln|hybrids|4|38,Lincoln,hybrids,4,38,SYNGENTA NK0760-3111,90,2022-08-20,52.81,-0.1489985971695455,14.0,2,0,161.86431704727875,nitrogen,held_out_location
Lincoln|hybrids|8|38,Lincoln,hybrids,8,38,SYNGENTA NK0760-3111,90,2022-08-20,41.09,-0.198791686326693,14.0,2,0,161.86431704727875,nitrogen,held_out_location
Lincoln|hybrids|3|30,Lincoln,hybrids,3,30,WF9 X H95,90,2022-08-20,6.11,-0.1789754451625707,14.0,2,0,161.86431704727875,nitrogen,held_out_location
Lincoln|hybrids|15|36,Lincoln,hybrids,15,36,WF9 X H95,90,2022-08-20,14.15,-0.2065015390561075,14.0,2,0,161.86431704727875,nitrogen,held_out_location
MOValley|Hybrids|27|18,MOValley,Hybrids,27,18,2369 X 3IIH6,90,2022-07-28,156.54,-0.017171120496944,7.0,2,0,124.39821127158281,nitrogen,held_out_location
MOValley|Hybrids|25|41,MOValley,Hybrids,25,41,2369 X 3IIH6,90,2022-07-28,157.56,-0.0143178555073524,7.0,2,0,124.39821127158281,nitrogen,held_out_location
MOValley|Hybrids|27|20,MOValley,Hybrids,27,20,2369 X LH123HT,90,2022-07-28,134.23,-0.0292401627353123,7.0,2,0,124.39821127158281,nitrogen,held_out_location
MOValley|Hybrids|29|27,MOValley,Hybrids,29,27,2369 X LH123HT,90,2022-07-28,145.57,-0.0174016258637244,7.0,2,0,124.39821127158281,nitrogen,held_out_location
MOValley|Hybrids|27|5,MOValley,Hybrids,27,5,2369 X PHN82,90,2022-07-28,133.78,-0.0094703495472493,7.0,2,0,124.39821127158281,nitrogen,held_out_location
MOValley|Hybrids|29|29,MOValley,Hybrids,29,29,2369 X PHN82,90,2022-07-28,154.74,-0.0206021191520908,7.0,2,0,124.39821127158281,nitrogen,held_out_location
MOValley|Hybrids|27|2,MOValley,Hybrids,27,2,2369 X PHP02,90,2022-07-28,107.62,-0.0199928143150398,7.0,2,0,124.39821127158281,nitrogen,held_out_location
MOValley|Hybrids|29|43,MOValley,Hybrids,29,43,2369 X PHP02,90,2022-07-28,173.36,-0.0087506623207216,7.0,2,0,124.39821127158281,nitrogen,held_out_location
MOValley|Hybrids|27|9,MOValley,Hybrids,27,9,2369 X PHZ51,90,2022-07-28,107.62,-0.0146826324981137,7.0,2,0,124.39821127158281,nitrogen,held_out_location
MOValley|Hybrids|25|27,MOValley,Hybrids,25,27,2369 X PHZ51,90,2022-07-28,158.87,-0.0154899811291224,7.0,2,0,124.39821127158281,nitrogen,held_out_location
MOValley|Hybrids|25|17,MOValley,Hybrids,25,17,2FACC X 3IIH6,90,2022-07-28,148.13,-0.0159743221346176,7.0,2,0,124.39821127158281,nitrogen,held_out_location
MOValley|Hybrids|25|39,MOValley,Hybrids,25,39,2FACC X 3IIH6,90,2022-07-28,151.44,-0.0215414387711176,7.0,2,0,124.39821127158281,nitrogen,held_out_location
MOValley|Hybrids|29|11,MOValley,Hybrids,29,11,4N506 X 3IIH6,90,2022-07-28,135.17,-0.0160835167663573,7.0,2,0,124.39821127158281,nitrogen,held_out_location
MOValley|Hybrids|25|36,MOValley,Hybrids,25,36,4N506 X 3IIH6,90,2022-07-28,162.15,-0.0196922923875163,7.0,2,0,124.39821127158281,nitrogen,held_out_location
MOValley|Hybrids|23|8,MOValley,Hybrids,23,8,B105 X 3IIH6,90,2022-07-28,92.91,-0.0216120906801007,7.0,2,0,124.39821127158281,nitrogen,held_out_location
MOValley|Hybrids|27|35,MOValley,Hybrids,27,35,B105 X 3IIH6,90,2022-07-28,112.77,-0.0271566246254382,7.0,2,0,124.39821127158281,nitrogen,held_out_location
MOValley|Hybrids|23|20,MOValley,Hybrids,23,20,B14A X MO17,90,2022-07-28,166.09,-0.0153674894606137,7.0,2,0,124.39821127158281,nitrogen,held_out_location
MOValley|Hybrids|29|40,MOValley,Hybrids,29,40,B14A X MO17,90,2022-07-28,158.58,-0.007878274418542,7.0,2,0,124.39821127158281,nitrogen,held_out_location
MOValley|Hybrids|29|21,MOValley,Hybrids,29,21,B37 X H95,90,2022-07-28,133.97,-0.0253061571434642,7.0,2,0,124.39821127158281,nitrogen,held_out_location
MOValley|Hybrids|25|33,MOValley,Hybrids,25,33,B37 X H95,90,2022-07-28,137.85,-0.0286545925751655,7.0,2,0,124.39821127158281,nitrogen,held_out_location
MOValley|Hybrids|25|3,MOValley,Hybrids,25,3,B37 X MO17,90,2022-07-28,157.7,-0.0156315061088784,7.0,2,0,124.39821127158281,nitrogen,held_out_location
MOValley|Hybrids|25|32,MOValley,Hybrids,25,32,B37 X MO17,90,2022-07-28,156.12,-0.0240594077151169,7.0,2,0,124.39821127158281,nitrogen,held_out_location
MOValley|Hybrids|27|22,MOValley,Hybrids,27,22,B37 X OH43,90,2022-07-28,150.28,-0.0254507806087901,7.0,2,0,124.39821127158281,nitrogen,held_out_location
MOValley|Hybrids|27|42,MOValley,Hybrids,27,42,B37 X OH43,90,2022-07-28,142.69,-0.0156536045672862,7.0,2,0,124.39821127158281,nitrogen,held_out_location
MOValley|Hybrids|27|11,MOValley,Hybrids,27,11,B73 X 3IIH6,90,2022-07-28,104.07,-0.0216071865197007,7.0,2,0,124.39821127158281,nitrogen,held_out_location
MOValley|Hybrids|27|39,MOValley,Hybrids,27,39,B73 X 3IIH6,90,2022-07-28,144.08,-0.0264017264020498,7.0,2,0,124.39821127158281,nitrogen,held_out_location
MOValley|Hybrids|25|8,MOValley,Hybrids,25,8,B73 X MO17,90,2022-07-28,159.3,-0.0122518142385402,7.0,2,0,124.39821127158281,nitrogen,held_out_location
MOValley|Hybrids|27|38,MOValley,Hybrids,27,38,B73 X MO17,90,2022-07-28,144.82,-0.0155868471891326,7.0,2,0,124.39821127158281,nitrogen,held_out_location
MOValley|Hybrids|23|13,MOValley,Hybrids,23,13,B73 X PHM49,90,2022-07-28,166.76,-0.0167619241413705,7.0,2,0,124.39821127158281,nitrogen,held_out_location
MOValley|Hybrids|29|38,MOValley,Hybrids,29,38,B73 X PHM49,90,2022-07-28,166.1,-0.0180328739901224,7.0,2,0,124.39821127158281,nitrogen,held_out_location
MOValley|Hybrids|25|7,MOValley,Hybrids,25,7,B73 X PHN82,90,2022-07-28,169.11,-0.0153948740256941,7.0,2,0,124.39821127158281,nitrogen,held_out_location
MOValley|Hybrids|29|28,MOValley,Hybrids,29,28,B73 X PHN82,90,2022-07-28,180.65,-0.0141570284134906,7.0,2,0,124.39821127158281,nitrogen,held_out_location
MOValley|Hybrids|27|3,MOValley,Hybrids,27,3,B73 X PHZ51,90,2022-07-28,109.44,-0.0248469380468866,7.0,2,0,124.39821127158281,nitrogen,held_out_location
MOValley|Hybrids|27|26,MOValley,Hybrids,27,26,B73 X PHZ51,90,2022-07-28,141.61,-0.0175473640315725,7.0,2,0,124.39821127158281,nitrogen,held_out_location
MOValley|Hybrids|23|23,MOValley,Hybrids,23,23,B84 X 3IIH6,90,2022-07-28,112.61,-0.0235172310891699,7.0,2,0,124.39821127158281,nitrogen,held_out_location
MOValley|Hybrids|25|35,MOValley,Hybrids,25,35,B84 X 3IIH6,90,2022-07-28,122.51,-0.0161128007318942,7.0,2,0,124.39821127158281,nitrogen,held_out_location
MOValley|Hybrids|25|22,MOValley,Hybrids,25,22,F42 X MO17,90,2022-07-28,172.77,-0.0162231340995157,7.0,2,0,124.39821127158281,nitrogen,held_out_location
MOValley|Hybrids|29|41,MOValley,Hybrids,29,41,F42 X MO17,90,2022-07-28,180.74,-0.0048095798012179,7.0,2,0,124.39821127158281,nitrogen,held_out_location
MOValley|Hybrids|29|7,MOValley,Hybrids,29,7,F42 X OH43,90,2022-07-28,146.09,-0.0145430416332268,7.0,2,0,124.39821127158281,nitrogen,held_out_location
MOValley|Hybrids|29|34,MOValley,Hybrids,29,34,F42 X OH43,90,2022-07-28,167.23,-0.0073213910994471,7.0,2,0,124.39821127158281,nitrogen,held_out_location
MOValley|Hybrids|25|18,MOValley,Hybrids,25,18,HOEGEMEYER 7089 AMXT,90,2022-07-28,206.52,-0.0107062960366937,7.0,2,0,124.39821127158281,nitrogen,held_out_location
MOValley|Hybrids|23|35,MOValley,Hybrids,23,35,HOEGEMEYER 7089 AMXT,90,2022-07-28,194.13,-0.0103461682966636,7.0,2,0,124.39821127158281,nitrogen,held_out_location
MOValley|Hybrids|25|11,MOValley,Hybrids,25,11,HOEGEMEYER 8065RR,90,2022-07-28,176.51,-0.00672486685424,7.0,2,0,124.39821127158281,nitrogen,held_out_location
MOValley|Hybrids|23|43,MOValley,Hybrids,23,43,HOEGEMEYER 8065RR,90,2022-07-28,214.08,-0.0106760463889843,7.0,2,0,124.39821127158281,nitrogen,held_out_location
MOValley|Hybrids|25|4,MOValley,Hybrids,25,4,LH123HT X 3IIH6,90,2022-07-28,127.16,-0.0193046642115956,7.0,2,0,124.39821127158281,nitrogen,held_out_location
MOValley|Hybrids|27|33,MOValley,Hybrids,27,33,LH123HT X 3IIH6,90,2022-07-28,94.56,-0.0343636387385248,7.0,2,0,124.39821127158281,nitrogen,held_out_location
MOValley|Hybrids|29|12,MOValley,Hybrids,29,12,LH123HT X PHB47,90,2022-07-28,136.27,-0.0111225540252988,7.0,2,0,124.39821127158281,nitrogen,held_out_location
MOValley|Hybrids|27|44,MOValley,Hybrids,27,44,LH123HT X PHB47,90,2022-07-28,128.62,-0.0140876898565693,7.0,2,0,124.39821127158281,nitrogen,held_out_location
MOValley|Hybrids|29|8,MOValley,Hybrids,29,8,LH145 X LH162,90,2022-07-28,153.8,-0.0034437233983206,7.0,2,0,124.39821127158281,nitrogen,held_out_location
MOValley|Hybrids|27|34,MOValley,Hybrids,27,34,LH145 X LH162,90,2022-07-28,153.81,-0.0232571630214595,7.0,2,0,124.39821127158281,nitrogen,held_out_location
MOValley|Hybrids|25|25,MOValley,Hybrids,25,25,LH185 X LH145,90,2022-07-28,166.01,-0.0126026564429536,7.0,2,0,124.39821127158281,nitrogen,held_out_location
MOValley|Hybrids|29|22,MOValley,Hybrids,29,22,LH185 X LH82,90,2022-07-28,171.47,-0.0170101243650337,7.0,2,0,124.39821127158281,nitrogen,held_out_location
MOValley|Hybrids|25|24,MOValley,Hybrids,25,24,LH185 X LH82,90,2022-07-28,169.29,-0.0180251723148638,7.0,2,0,124.39821127158281,nitrogen,held_out_location
MOValley|Hybrids|25|44,MOValley,Hybrids,25,44,LH185 X W606S,90,2022-07-28,173.07,-0.0116169792199603,7.0,2,0,124.39821127158281,nitrogen,held_out_location
MOValley|Hybrids|27|19,MOValley,Hybrids,27,19,LH195 X 3IIH6,90,2022-07-28,159.92,-0.0352936751401756,7.0,2,0,124.39821127158281,nitrogen,held_out_location
MOValley|Hybrids|25|34,MOValley,Hybrids,25,34,LH195 X 3IIH6,90,2022-07-28,180.0,-0.0225346539458152,7.0,2,0,124.39821127158281,nitrogen,held_out_location
MOValley|Hybrids|29|5,MOValley,Hybrids,29,5,LH195 X LH123HT,90,2022-07-28,130.7,-0.0126104038847759,7.0,2,0,124.39821127158281,nitrogen,held_out_location
MOValley|Hybrids|29|35,MOValley,Hybrids,29,35,LH195 X LH123HT,90,2022-07-28,127.23,-0.0133938427723829,7.0,2,0,124.39821127158281,nitrogen,held_out_location
MOValley|Hybrids|25|23,MOValley,Hybrids,25,23,LH195 X LH185,90,2022-07-28,175.48,-0.0253209249376804,7.0,2,0,124.39821127158281,nitrogen,held_out_location
MOValley|Hybrids|25|26,MOValley,Hybrids,25,26,LH195 X LH185,90,2022-07-28,160.66,-0.0214456350653746,7.0,2,0,124.39821127158281,nitrogen,held_out_location
MOValley|Hybrids|29|18,MOValley,Hybrids,29,18,LH195 X PHM49,90,2022-07-28,116.64,-0.0157618015353945,7.0,2,0,124.39821127158281,nitrogen,held_out_location
MOValley|Hybrids|25|38,MOValley,Hybrids,25,38,LH195 X PHM49,90,2022-07-28,143.8,-0.0175958609179164,7.0,2,0,124.39821127158281,nitrogen,held_out_location
MOValley|Hybrids|25|16,MOValley,Hybrids,25,16,LH195 X PHZ51,90,2022-07-28,180.65,-0.0194230217013666,7.0,2,0,124.39821127158281,nitrogen,held_out_location
MOValley|Hybrids|27|32,MOValley,Hybrids,27,32,LH195 X PHZ51,90,2022-07-28,145.99,-0.0371373714208382,7.0,2,0,124.39821127158281,nitrogen,held_out_location
MOValley|Hybrids|23|3,MOValley,Hybrids,23,3,LH198 X PHB47,90,2022-07-28,130.08,-0.017599969678728,7.0,2,0,124.39821127158281,nitrogen,held_out_location
MOValley|Hybrids|27|43,MOValley,Hybrids,27,43,LH198 X PHB47,90,2022-07-28,137.69,-0.0177810020912159,7.0,2,0,124.39821127158281,nitrogen,held_out_location
MOValley|Hybrids|29|19,MOValley,Hybrids,29,19,LH198 X PHZ51,90,2022-07-28,144.92,-0.0164069241897537,7.0,2,0,124.39821127158281,nitrogen,held_out_location
MOValley|Hybrids|29|36,MOValley,Hybrids,29,36,LH198 X PHZ51,90,2022-07-28,142.93,-0.0065738632473361,7.0,2,0,124.39821127158281,nitrogen,held_out_location
MOValley|Hybrids|23|19,MOValley,Hybrids,23,19,LH74 X PHM49,90,2022-07-28,188.37,-0.0216088879839022,7.0,2,0,124.39821127158281,nitrogen,held_out_location
MOValley|Hybrids|29|31,MOValley,Hybrids,29,31,LH74 X PHM49,90,2022-07-28,160.02,-0.0175743579422846,7.0,2,0,124.39821127158281,nitrogen,held_out_location
MOValley|Hybrids|23|5,MOValley,Hybrids,23,5,LH74 X PHN82,90,2022-07-28,138.66,-0.0132231201832311,7.0,2,0,124.39821127158281,nitrogen,held_out_location
MOValley|Hybrids|27|27,MOValley,Hybrids,27,27,LH74 X PHN82,90,2022-07-28,154.59,-0.0203585677679974,7.0,2,0,124.39821127158281,nitrogen,held_out_location
MOValley|Hybrids|27|8,MOValley,Hybrids,27,8,LH82 X PHB47,90,2022-07-28,116.26,-0.0193229151658449,7.0,2,0,124.39821127158281,nitrogen,held_out_location
MOValley|Hybrids|25|30,MOValley,Hybrids,25,30,LH82 X PHB47,90,2022-07-28,156.69,-0.0184793626168989,7.0,2,0,124.39821127158281,nitrogen,held_out_location
MOValley|Hybrids|23|18,MOValley,Hybrids,23,18,LH82 X PHJ89,90,2022-07-28,200.71,-0.0114346948538874,7.0,2,0,124.39821127158281,nitrogen,held_out_location
MOValley|Hybrids|27|30,MOValley,Hybrids,27,30,LH82 X PHJ89,90,2022-07-28,150.58,-0.0161613039512348,7.0,2,0,124.39821127158281,nitrogen,held_out_location
MOValley|Hybrids|23|11,MOValley,Hybrids,23,11,LH82 X W606S,90,2022-07-28,150.82,-0.0022155311991858,7.0,2,0,124.39821127158281,nitrogen,held_out_location
MOValley|Hybrids|27|24,MOValley,Hybrids,27,24,LH82 X W606S,90,2022-07-28,161.33,-0.0021603224408939,7.0,2,0,124.39821127158281,nitrogen,held_out_location
MOValley|Hybrids|27|21,MOValley,Hybrids,27,21,N209 X 3IIH6,90,2022-07-28,171.24,-0.0259554378325845,7.0,2,0,124.39821127158281,nitrogen,held_out_location
MOValley|Hybrids|29|42,MOValley,Hybrids,29,42,N209 X 3IIH6,90,2022-07-28,198.86,-0.018629125317332,7.0,2,0,124.39821127158281,nitrogen,held_out_location
MOValley|Hybrids|29|10,MOValley,Hybrids,29,10,PHB47 X 3IIH6,90,2022-07-28,121.76,-0.0243246696645396,7.0,2,0,124.39821127158281,nitrogen,held_out_location
MOValley|Hybrids|29|30,MOValley,Hybrids,29,30,PHB47 X 3IIH6,90,2022-07-28,131.21,-0.0195798556439165,7.0,2,0,124.39821127158281,nitrogen,held_out_location
MOValley|Hybrids|25|9,MOValley,Hybrids,25,9,PHB47 X LH185,90,2022-07-28,130.89,-0.0146592655905206,7.0,2,0,124.39821127158281,nitrogen,held_out_location
MOValley|Hybrids|27|29,MOValley,Hybrids,27,29,PHB47 X LH185,90,2022-07-28,162.79,-0.019826516292384,7.0,2,0,124.39821127158281,nitrogen,held_out_location
MOValley|Hybrids|25|40,MOValley,Hybrids,25,40,PHB47 X PHJ89,90,2022-07-28,154.05,-0.0141555746494018,7.0,2,0,124.39821127158281,nitrogen,held_out_location
MOValley|Hybrids|25|6,MOValley,Hybrids,25,6,PHB47 X PHK56,90,2022-07-28,154.31,0.0038376180191647,7.0,2,0,124.39821127158281,nitrogen,held_out_location
MOValley|Hybrids|29|32,MOValley,Hybrids,29,32,PHB47 X PHK56,90,2022-07-28,165.9,-0.0210847931799209,7.0,2,0,124.39821127158281,nitrogen,held_out_location
MOValley|Hybrids|29|2,MOValley,Hybrids,29,2,PHG39 X PHM49,90,2022-07-28,129.74,-0.0197298896933062,7.0,2,0,124.39821127158281,nitrogen,held_out_location
MOValley|Hybrids|25|37,MOValley,Hybrids,25,37,PHG39 X PHM49,90,2022-07-28,174.28,-0.0101083621853217,7.0,2,0,124.39821127158281,nitrogen,held_out_location
MOValley|Hybrids|27|40,MOValley,Hybrids,27,40,PHG39 X PHN82,90,2022-07-28,179.75,-0.0181378221312149,7.0,2,0,124.39821127158281,nitrogen,held_out_location
MOValley|Hybrids|29|15,MOValley,Hybrids,29,15,PHJ40 X LH82,90,2022-07-28,164.49,-0.0127553024223801,7.0,2,0,124.39821127158281,nitrogen,held_out_location
MOValley|Hybrids|29|45,MOValley,Hybrids,29,45,PHJ40 X LH82,90,2022-07-28,133.87,-0.014869745116009,7.0,2,0,124.39821127158281,nitrogen,held_out_location
MOValley|Hybrids|23|16,MOValley,Hybrids,23,16,PHK56 X 3IIH6,90,2022-07-28,146.49,-0.0120194610146534,7.0,2,0,124.39821127158281,nitrogen,held_out_location
MOValley|Hybrids|25|43,MOValley,Hybrids,25,43,PHK56 X 3IIH6,90,2022-07-28,137.36,-0.0165228561517907,7.0,2,0,124.39821127158281,nitrogen,held_out_location
MOValley|Hybrids|23|26,MOValley,Hybrids,23,26,PHK56 X LH145,90,2022-07-28,160.8,-0.0050238834709407,7.0,2,0,124.39821127158281,nitrogen,held_out_location
MOValley|Hybrids|27|13,MOValley,Hybrids,27,13,PHK56 X LH185,90,2022-07-28,138.92,-0.0031508174327309,7.0,2,0,124.39821127158281,nitrogen,held_out_location
MOValley|Hybrids|23|31,MOValley,Hybrids,23,31,PHK56 X LH185,90,2022-07-28,181.91,-0.0089067260433681,7.0,2,0,124.39821127158281,nitrogen,held_out_location
MOValley|Hybrids|29|16,MOValley,Hybrids,29,16,PHK56 X LH198,90,2022-07-28,167.88,-0.0090902778598673,7.0,2,0,124.39821127158281,nitrogen,held_out_location
MOValley|Hybrids|25|29,MOValley,Hybrids,25,29,PHK56 X LH198,90,2022-07-28,163.72,-0.0082025591683834,7.0,2,0,124.39821127158281,nitrogen,held_out_location
MOValley|Hybrids|25|21,MOValley,Hybrids,25,21,PHK56 X LH82,90,2022-07-28,188.39,-0.0113231089877976,7.0,2,0,124.39821127158281,nitrogen,held_out_location
MOValley|Hybrids|29|44,MOValley,Hybrids,29,44,PHK56 X LH82,90,2022-07-28,172.02,-0.0070994416528369,7.0,2,0,124.39821127158281,nitrogen,held_out_location
MOValley|Hybrids|25|12,MOValley,Hybrids,25,12,PHK56 X PHJ89,90,2022-07-28,162.05,-0.0008682184530254,7.0,2,0,124.39821127158281,nitrogen,held_out_location
MOValley|Hybrids|23|44,MOValley,Hybrids,23,44,PHK56 X PHJ89,90,2022-07-28,157.49,-0.0033769428603376,7.0,2,0,124.39821127158281,nitrogen,held_out_location
MOValley|Hybrids|29|6,MOValley,Hybrids,29,6,PHK56 X W606S,90,2022-07-28,148.65,-0.0017886286284589,7.0,2,0,124.39821127158281,nitrogen,held_out_location
MOValley|Hybrids|23|29,MOValley,Hybrids,23,29,PHK56 X W606S,90,2022-07-28,195.03,0.0044624368176814,7.0,2,0,124.39821127158281,nitrogen,held_out_location
MOValley|Hybrids|29|3,MOValley,Hybrids,29,3,PHK76 X 3IIH6,90,2022-07-28,90.49,-0.0226875353759028,7.0,2,0,124.39821127158281,nitrogen,held_out_location
MOValley|Hybrids|23|36,MOValley,Hybrids,23,36,PHK76 X 3IIH6,90,2022-07-28,149.17,-0.0102386780086124,7.0,2,0,124.39821127158281,nitrogen,held_out_location
MOValley|Hybrids|27|15,MOValley,Hybrids,27,15,PHK76 X LH145,90,2022-07-28,120.8,-0.0017239953417451,7.0,2,0,124.39821127158281,nitrogen,held_out_location
MOValley|Hybrids|23|37,MOValley,Hybrids,23,37,PHK76 X LH145,90,2022-07-28,135.58,-0.0118708322265055,7.0,2,0,124.39821127158281,nitrogen,held_out_location
MOValley|Hybrids|29|4,MOValley,Hybrids,29,4,PHK76 X LH198,90,2022-07-28,111.3,-0.0030965965430611,7.0,2,0,124.39821127158281,nitrogen,held_out_location
MOValley|Hybrids|23|42,MOValley,Hybrids,23,42,PHK76 X LH198,90,2022-07-28,165.5,-0.0035009668834734,7.0,2,0,124.39821127158281,nitrogen,held_out_location
MOValley|Hybrids|25|20,MOValley,Hybrids,25,20,PHK76 X LH82,90,2022-07-28,179.72,-0.0149965495108412,7.0,2,0,124.39821127158281,nitrogen,held_out_location
MOValley|Hybrids|23|27,MOValley,Hybrids,23,27,PHK76 X LH82,90,2022-07-28,173.64,-0.013241268519175,7.0,2,0,124.39821127158281,nitrogen,held_out_location
MOValley|Hybrids|23|4,MOValley,Hybrids,23,4,PHK76 X W606S,90,2022-07-28,112.49,-0.0019324523532592,7.0,2,0,124.39821127158281,nitrogen,held_out_location
MOValley|Hybrids|29|25,MOValley,Hybrids,29,25,PHK76 X W606S,90,2022-07-28,157.91,-0.0036762815014954,7.0,2,0,124.39821127158281,nitrogen,held_out_location
MOValley|Hybrids|25|10,MOValley,Hybrids,25,10,PHN46 X PHB47,90,2022-07-28,140.61,-0.0160606890618747,7.0,2,0,124.39821127158281,nitrogen,held_out_location
MOValley|Hybrids|23|38,MOValley,Hybrids,23,38,PHN46 X PHB47,90,2022-07-28,181.57,-0.0118992920729651,7.0,2,0,124.39821127158281,nitrogen,held_out_location
MOValley|Hybrids|23|14,MOValley,Hybrids,23,14,PHN46 X PHK56,90,2022-07-28,130.72,-0.0134773519638865,7.0,2,0,124.39821127158281,nitrogen,held_out_location
MOValley|Hybrids|23|39,MOValley,Hybrids,23,39,PHN46 X PHK56,90,2022-07-28,166.65,-0.0109248668855403,7.0,2,0,124.39821127158281,nitrogen,held_out_location
MOValley|Hybrids|23|6,MOValley,Hybrids,23,6,PHN46 X W606S,90,2022-07-28,127.44,0.0159871172264939,7.0,2,0,124.39821127158281,nitrogen,held_out_location
MOValley|Hybrids|23|32,MOValley,Hybrids,23,32,PHN46 X W606S,90,2022-07-28,169.1,-0.012578895968386,7.0,2,0,124.39821127158281,nitrogen,held_out_location
MOValley|Hybrids|23|10,MOValley,Hybrids,23,10,PHP02 X LH145,90,2022-07-28,128.9,-0.0005996063142605,7.0,2,0,124.39821127158281,nitrogen,held_out_location
MOValley|Hybrids|23|25,MOValley,Hybrids,23,25,PHP02 X LH145,90,2022-07-28,148.86,-0.0185439160308273,7.0,2,0,124.39821127158281,nitrogen,held_out_location
MOValley|Hybrids|29|13,MOValley,Hybrids,29,13,PHP02 X LH185,90,2022-07-28,163.57,-0.0100100955428413,7.0,2,0,124.39821127158281,nitrogen,held_out_location
MOValley|Hybrids|23|33,MOValley,Hybrids,23,33,PHP02 X LH185,90,2022-07-28,174.08,-0.0136081101160788,7.0,2,0,124.39821127158281,nitrogen,held_out_location
MOValley|Hybrids|25|19,MOValley,Hybrids,25,19,PHP02 X LH198,90,2022-07-28,150.18,-0.0139918396025863,7.0,2,0,124.39821127158281,nitrogen,held_out_location
MOValley|Hybrids|27|45,MOValley,Hybrids,27,45,PHP02 X LH198,90,2022-07-28,145.73,-0.0174111755031292,7.0,2,0,124.39821127158281,nitrogen,held_out_location
MOValley|Hybrids|25|5,MOValley,Hybrids,25,5,PHP02 X LH82,90,2022-07-28,135.55,-0.005770980270374,7.0,2,0,124.39821127158281,nitrogen,held_out_location
MOValley|Hybrids|23|41,MOValley,Hybrids,23,41,PHP02 X LH82,90,2022-07-28,168.07,-0.0049095504861215,7.0,2,0,124.39821127158281,nitrogen,held_out_location
MOValley|Hybrids|27|17,MOValley,Hybrids,27,17,PHP02 X PHB47,90,2022-07-28,121.22,-0.0174426253541989,7.0,2,0,124.39821127158281,nitrogen,held_out_location
MOValley|Hybrids|27|37,MOValley,Hybrids,27,37,PHP02 X PHB47,90,2022-07-28,149.89,-0.0136940063009324,7.0,2,0,124.39821127158281,nitrogen,held_out_location
MOValley|Hybrids|23|22,MOValley,Hybrids,23,22,PHP02 X PHG47,90,2022-07-28,161.93,-0.0240872347514914,7.0,2,0,124.39821127158281,nitrogen,held_out_location
MOValley|Hybrids|23|30,MOValley,Hybrids,23,30,PHP02 X PHG47,90,2022-07-28,171.18,-0.0155706111041176,7.0,2,0,124.39821127158281,nitrogen,held_out_location
MOValley|Hybrids|23|9,MOValley,Hybrids,23,9,PHP02 X PHJ89,90,2022-07-28,131.47,-0.0148354980957012,7.0,2,0,124.39821127158281,nitrogen,held_out_location
MOValley|Hybrids|25|45,MOValley,Hybrids,25,45,PHP02 X PHJ89,90,2022-07-28,143.69,-0.0084212551163597,7.0,2,0,124.39821127158281,nitrogen,held_out_location
MOValley|Hybrids|27|6,MOValley,Hybrids,27,6,PHP02 X PHK56,90,2022-07-28,114.77,-0.0058894297256792,7.0,2,0,124.39821127158281,nitrogen,held_out_location
MOValley|Hybrids|23|40,MOValley,Hybrids,23,40,PHP02 X PHK56,90,2022-07-28,201.74,-0.004956289903917,7.0,2,0,124.39821127158281,nitrogen,held_out_location
MOValley|Hybrids|27|12,MOValley,Hybrids,27,12,PHP02 X PHK76,90,2022-07-28,136.21,-0.0029260529382312,7.0,2,0,124.39821127158281,nitrogen,held_out_location
MOValley|Hybrids|23|24,MOValley,Hybrids,23,24,PHP02 X PHK76,90,2022-07-28,159.23,-0.0118130042813632,7.0,2,0,124.39821127158281,nitrogen,held_out_location
MOValley|Hybrids|23|2,MOValley,Hybrids,23,2,PHP02 X PHN46,90,2022-07-28,156.64,-0.0162527342822225,7.0,2,0,124.39821127158281,nitrogen,held_out_location
MOValley|Hybrids|23|28,MOValley,Hybrids,23,28,PHP02 X PHN46,90,2022-07-28,155.82,-0.0124493736402792,7.0,2,0,124.39821127158281,nitrogen,held_out_location
MOValley|Hybrids|29|14,MOValley,Hybrids,29,14,PHP02 X W606S,90,2022-07-28,172.67,-0.0097321843054349,7.0,2,0,124.39821127158281,nitrogen,held_out_location
MOValley|Hybrids|27|25,MOValley,Hybrids,27,25,PHP02 X W606S,90,2022-07-28,144.2,-0.012052033384817,7.0,2,0,124.39821127158281,nitrogen,held_out_location
MOValley|Hybrids|27|7,MOValley,Hybrids,27,7,PHT69 X 3IIH6,90,2022-07-28,121.06,-0.0109716837850296,7.0,2,0,124.39821127158281,nitrogen,held_out_location
MOValley|Hybrids|25|42,MOValley,Hybrids,25,42,PHT69 X 3IIH6,90,2022-07-28,159.97,-0.0107148068793604,7.0,2,0,124.39821127158281,nitrogen,held_out_location
MOValley|Hybrids|27|23,MOValley,Hybrids,27,23,PHW52 X LH185,90,2022-07-28,166.2,-0.0247788507615684,7.0,2,0,124.39821127158281,nitrogen,held_out_location
MOValley|Hybrids|25|28,MOValley,Hybrids,25,28,PHW52 X LH185,90,2022-07-28,171.18,-0.0205968793118789,7.0,2,0,124.39821127158281,nitrogen,held_out_location
MOValley|Hybrids|25|15,MOValley,Hybrids,25,15,PHW52 X PHM49,90,2022-07-28,159.66,-0.0246291524997928,7.0,2,0,124.39821127158281,nitrogen,held_out_location
MOValley|Hybrids|29|37,MOValley,Hybrids,29,37,PHW52 X PHM49,90,2022-07-28,167.51,-0.0372425623439105,7.0,2,0,124.39821127158281,nitrogen,held_out_location
MOValley|Hybrids|23|17,MOValley,Hybrids,23,17,PHW52 X PHN82,90,2022-07-28,182.77,-0.0161090399675616,7.0,2,0,124.39821127158281,nitrogen,held_out_location
MOValley|Hybrids|29|26,MOValley,Hybrids,29,26,PHW52 X PHN82,90,2022-07-28,184.4,-0.0310459600409503,7.0,2,0,124.39821127158281,nitrogen,held_out_location
MOValley|Hybrids|25|2,MOValley,Hybrids,25,2,PHW52 X PHZ51,90,2022-07-28,144.05,-0.0203330116282338,7.0,2,0,124.39821127158281,nitrogen,held_out_location
MOValley|Hybrids|29|39,MOValley,Hybrids,29,39,PHW52 X PHZ51,90,2022-07-28,162.23,-0.025488509922114,7.0,2,0,124.39821127158281,nitrogen,held_out_location
MOValley|Hybrids|29|23,MOValley,Hybrids,29,23,PHZ51 X LH145,90,2022-07-28,148.65,-0.0073989882509043,7.0,2,0,124.39821127158281,nitrogen,held_out_location
MOValley|Hybrids|29|33,MOValley,Hybrids,29,33,PHZ51 X LH145,90,2022-07-28,128.01,-0.015389714828608,7.0,2,0,124.39821127158281,nitrogen,held_out_location
MOValley|Hybrids|23|12,MOValley,Hybrids,23,12,PIONEER 1311 AMXT,90,2022-07-28,195.47,-0.0176862435360642,7.0,2,0,124.39821127158281,nitrogen,held_out_location
MOValley|Hybrids|29|24,MOValley,Hybrids,29,24,PIONEER 1311 AMXT,90,2022-07-28,203.85,-0.0118266676786195,7.0,2,0,124.39821127158281,nitrogen,held_out_location
MOValley|Hybrids|29|9,MOValley,Hybrids,29,9,PIONEER P0589 AMXT,90,2022-07-28,148.3,-0.0187080589667987,7.0,2,0,124.39821127158281,nitrogen,held_out_location
MOValley|Hybrids|23|45,MOValley,Hybrids,23,45,PIONEER P0589 AMXT,90,2022-07-28,176.11,-0.0132223067964014,7.0,2,0,124.39821127158281,nitrogen,held_out_location
MOValley|Hybrids|23|7,MOValley,Hybrids,23,7,SYNGENTA NK0760-3111,90,2022-07-28,155.25,-0.0044574739617178,7.0,2,0,124.39821127158281,nitrogen,held_out_location
MOValley|Hybrids|23|34,MOValley,Hybrids,23,34,SYNGENTA NK0760-3111,90,2022-07-28,177.17,-0.0123361653393077,7.0,2,0,124.39821127158281,nitrogen,held_out_location
MOValley|Hybrids|27|10,MOValley,Hybrids,27,10,WF9 X H95,90,2022-07-28,89.59,-0.0322379700476623,7.0,2,0,124.39821127158281,nitrogen,held_out_location
MOValley|Hybrids|25|31,MOValley,Hybrids,25,31,WF9 X H95,90,2022-07-28,123.55,-0.0217741465222456,7.0,2,0,124.39821127158281,nitrogen,held_out_location
Scottsbluff|n75|27|2,Scottsbluff,n75,27,2,2369 X 3IIH6,90,2022-08-17,133.85,0.1290087678789648,10.0,3,0,114.80640900701768,nitrogen,held_out_location
Scottsbluff|n75|7|5,Scottsbluff,n75,7,5,2369 X 3IIH6,90,2022-08-17,149.1,0.3143656377529396,10.0,3,0,114.80640900701768,nitrogen,held_out_location
Scottsbluff|n75|21|3,Scottsbluff,n75,21,3,2369 X LH123HT,90,2022-08-17,112.94,0.22016399925143,10.0,3,0,114.80640900701768,nitrogen,held_out_location
Scottsbluff|n75|4|6,Scottsbluff,n75,4,6,2369 X LH123HT,90,2022-08-17,112.87,0.1801229692309622,10.0,3,0,114.80640900701768,nitrogen,held_out_location
Scottsbluff|n75|6|2,Scottsbluff,n75,6,2,2369 X PHN82,90,2022-08-17,150.72,0.1034741823418419,10.0,3,0,114.80640900701768,nitrogen,held_out_location
Scottsbluff|n75|22|3,Scottsbluff,n75,22,3,2369 X PHN82,90,2022-08-17,107.0,0.1828451980145837,10.0,3,0,114.80640900701768,nitrogen,held_out_location
Scottsbluff|n75|12|4,Scottsbluff,n75,12,4,2369 X PHP02,90,2022-08-17,163.11,0.1986954620228698,10.0,3,0,114.80640900701768,nitrogen,held_out_location
Scottsbluff|n75|25|5,Scottsbluff,n75,25,5,2369 X PHP02,90,2022-08-17,114.65,0.1996613432691109,10.0,3,0,114.80640900701768,nitrogen,held_out_location
Scottsbluff|n75|12|3,Scottsbluff,n75,12,3,2369 X PHZ51,90,2022-08-17,138.11,0.2551399101549599,10.0,3,0,114.80640900701768,nitrogen,held_out_location
Scottsbluff|n75|25|6,Scottsbluff,n75,25,6,2369 X PHZ51,90,2022-08-17,121.93,0.1716237369382809,10.0,3,0,114.80640900701768,nitrogen,held_out_location
Scottsbluff|n75|6|3,Scottsbluff,n75,6,3,2FACC X 3IIH6,90,2022-08-17,106.01,0.1761762576362945,10.0,3,0,114.80640900701768,nitrogen,held_out_location
Scottsbluff|n75|26|6,Scottsbluff,n75,26,6,2FACC X 3IIH6,90,2022-08-17,125.28,0.2293868845472861,10.0,3,0,114.80640900701768,nitrogen,held_out_location
Scottsbluff|n75|6|1,Scottsbluff,n75,6,1,4N506 X 3IIH6,90,2022-08-17,116.25,0.1174074230877367,10.0,3,0,114.80640900701768,nitrogen,held_out_location
Scottsbluff|n75|24|5,Scottsbluff,n75,24,5,4N506 X 3IIH6,90,2022-08-17,121.79,0.0862380091210993,10.0,3,0,114.80640900701768,nitrogen,held_out_location
Scottsbluff|n75|24|1,Scottsbluff,n75,24,1,B105 X 3IIH6,90,2022-08-17,134.33,0.1271698870049197,10.0,3,0,114.80640900701768,nitrogen,held_out_location
Scottsbluff|n75|13|3,Scottsbluff,n75,13,3,B105 X 3IIH6,90,2022-08-17,107.82,0.2439329961192953,10.0,3,0,114.80640900701768,nitrogen,held_out_location
Scottsbluff|n75|25|1,Scottsbluff,n75,25,1,B14A X MO17,90,2022-08-17,96.9,0.1354121786829664,10.0,3,0,114.80640900701768,nitrogen,held_out_location
Scottsbluff|n75|10|4,Scottsbluff,n75,10,4,B14A X MO17,90,2022-08-17,134.29,0.2424328206116824,10.0,3,0,114.80640900701768,nitrogen,held_out_location
Scottsbluff|n75|16|1,Scottsbluff,n75,16,1,B37 X H95,90,2022-08-17,86.98,0.2341026493040467,10.0,3,0,114.80640900701768,nitrogen,held_out_location
Scottsbluff|n75|4|1,Scottsbluff,n75,4,1,B37 X MO17,90,2022-08-17,126.64,0.1405573241062786,10.0,3,0,114.80640900701768,nitrogen,held_out_location
Scottsbluff|n75|25|2,Scottsbluff,n75,25,2,B37 X MO17,90,2022-08-17,106.55,0.1821426360797261,10.0,3,0,114.80640900701768,nitrogen,held_out_location
Scottsbluff|n75|3|4,Scottsbluff,n75,3,4,B37 X OH43,90,2022-08-17,79.84,0.1851632217852659,10.0,3,0,114.80640900701768,nitrogen,held_out_location
Scottsbluff|n75|25|4,Scottsbluff,n75,25,4,B37 X OH43,90,2022-08-17,80.01,0.1434493945638546,10.0,3,0,114.80640900701768,nitrogen,held_out_location
Scottsbluff|n75|19|4,Scottsbluff,n75,19,4,B73 X 3IIH6,90,2022-08-17,80.83,0.18792185407978,10.0,3,0,114.80640900701768,nitrogen,held_out_location
Scottsbluff|n75|3|6,Scottsbluff,n75,3,6,B73 X 3IIH6,90,2022-08-17,150.02,0.1404288249334315,10.0,3,0,114.80640900701768,nitrogen,held_out_location
Scottsbluff|n75|20|7,Scottsbluff,n75,20,7,B73 X MO17,90,2022-08-17,97.94,0.2299218937902469,10.0,3,0,114.80640900701768,nitrogen,held_out_location
Scottsbluff|n75|16|3,Scottsbluff,n75,16,3,B73 X PHM49,90,2022-08-17,108.97,0.2981206770130014,10.0,3,0,114.80640900701768,nitrogen,held_out_location
Scottsbluff|n75|5|4,Scottsbluff,n75,5,4,B73 X PHM49,90,2022-08-17,125.94,0.1049013609454122,10.0,3,0,114.80640900701768,nitrogen,held_out_location
Scottsbluff|n75|27|1,Scottsbluff,n75,27,1,B73 X PHN82,90,2022-08-17,115.15,0.1031479283334892,10.0,3,0,114.80640900701768,nitrogen,held_out_location
Scottsbluff|n75|6|6,Scottsbluff,n75,6,6,B73 X PHN82,90,2022-08-17,157.69,0.0916079224861575,10.0,3,0,114.80640900701768,nitrogen,held_out_location
Scottsbluff|n75|17|1,Scottsbluff,n75,17,1,B73 X PHZ51,90,2022-08-17,101.08,0.3149371305614765,10.0,3,0,114.80640900701768,nitrogen,held_out_location
Scottsbluff|n75|3|3,Scottsbluff,n75,3,3,B73 X PHZ51,90,2022-08-17,108.38,0.2339972735140837,10.0,3,0,114.80640900701768,nitrogen,held_out_location
Scottsbluff|n75|7|2,Scottsbluff,n75,7,2,B84 X 3IIH6,90,2022-08-17,166.35,0.2613054850081497,10.0,3,0,114.80640900701768,nitrogen,held_out_location
Scottsbluff|n75|23|3,Scottsbluff,n75,23,3,B84 X 3IIH6,90,2022-08-17,123.74,0.1917177902850231,10.0,3,0,114.80640900701768,nitrogen,held_out_location
Scottsbluff|n75|23|1,Scottsbluff,n75,23,1,F42 X MO17,90,2022-08-17,118.16,0.187448540276144,10.0,3,0,114.80640900701768,nitrogen,held_out_location
Scottsbluff|n75|4|2,Scottsbluff,n75,4,2,F42 X OH43,90,2022-08-17,147.22,0.1557242322434731,10.0,3,0,114.80640900701768,nitrogen,held_out_location
Scottsbluff|n75|18|2,Scottsbluff,n75,18,2,F42 X OH43,90,2022-08-17,86.85,0.2803864497411019,10.0,3,0,114.80640900701768,nitrogen,held_out_location
Scottsbluff|n75|18|1,Scottsbluff,n75,18,1,HOEGEMEYER 7089 AMXT,90,2022-08-17,111.92,0.2688756729937578,10.0,3,0,114.80640900701768,nitrogen,held_out_location
Scottsbluff|n75|13|5,Scottsbluff,n75,13,5,HOEGEMEYER 7089 AMXT,90,2022-08-17,106.08,0.2813682701261882,10.0,3,0,114.80640900701768,nitrogen,held_out_location
Scottsbluff|n75|20|1,Scottsbluff,n75,20,1,HOEGEMEYER 8065RR,90,2022-08-17,137.67,0.2455384134115728,10.0,3,0,114.80640900701768,nitrogen,held_out_location
Scottsbluff|n75|10|6,Scottsbluff,n75,10,6,HOEGEMEYER 8065RR,90,2022-08-17,178.56,0.2130443436674574,10.0,3,0,114.80640900701768,nitrogen,held_out_location
Scottsbluff|n75|21|1,Scottsbluff,n75,21,1,LH123HT X 3IIH6,90,2022-08-17,90.75,0.2187680946792051,10.0,3,0,114.80640900701768,nitrogen,held_out_location
Scottsbluff|n75|12|2,Scottsbluff,n75,12,2,LH123HT X 3IIH6,90,2022-08-17,135.81,0.2510735729077387,10.0,3,0,114.80640900701768,nitrogen,held_out_location
Scottsbluff|n75|10|2,Scottsbluff,n75,10,2,LH123HT X PHB47,90,2022-08-17,156.45,0.2324491948705566,10.0,3,0,114.80640900701768,nitrogen,held_out_location
Scottsbluff|n75|17|4,Scottsbluff,n75,17,4,LH123HT X PHB47,90,2022-08-17,93.63,0.2568193389904467,10.0,3,0,114.80640900701768,nitrogen,held_out_location
Scottsbluff|n75|8|4,Scottsbluff,n75,8,4,LH145 X LH162,90,2022-08-17,124.43,0.1532116396882816,10.0,3,0,114.80640900701768,nitrogen,held_out_location
Scottsbluff|n75|15|6,Scottsbluff,n75,15,6,LH145 X LH162,90,2022-08-17,65.56,0.202732734686734,10.0,3,0,114.80640900701768,nitrogen,held_out_location
Scottsbluff|n75|17|6,Scottsbluff,n75,17,6,LH185 X LH145,90,2022-08-17,109.0,0.2212735959008963,10.0,3,0,114.80640900701768,nitrogen,held_out_location
Scottsbluff|n75|3|2,Scottsbluff,n75,3,2,LH185 X LH82,90,2022-08-17,137.76,0.1537765256415285,10.0,3,0,114.80640900701768,nitrogen,held_out_location
Scottsbluff|n75|21|2,Scottsbluff,n75,21,2,LH185 X W606S,90,2022-08-17,123.79,0.1712295135223993,10.0,3,0,114.80640900701768,nitrogen,held_out_location
Scottsbluff|n75|25|3,Scottsbluff,n75,25,3,LH195 X 3IIH6,90,2022-08-17,99.86,0.2269162628706386,10.0,3,0,114.80640900701768,nitrogen,held_out_location
Scottsbluff|n75|6|7,Scottsbluff,n75,6,7,LH195 X 3IIH6,90,2022-08-17,112.02,0.1718832880308162,10.0,3,0,114.80640900701768,nitrogen,held_out_location
Scottsbluff|n75|16|2,Scottsbluff,n75,16,2,LH195 X LH123HT,90,2022-08-17,141.47,0.2620401583811081,10.0,3,0,114.80640900701768,nitrogen,held_out_location
Scottsbluff|n75|7|4,Scottsbluff,n75,7,4,LH195 X LH123HT,90,2022-08-17,122.51,0.2394405199972906,10.0,3,0,114.80640900701768,nitrogen,held_out_location
Scottsbluff|n75|5|3,Scottsbluff,n75,5,3,LH195 X LH185,90,2022-08-17,102.0,0.183074534504119,10.0,3,0,114.80640900701768,nitrogen,held_out_location
Scottsbluff|n75|15|4,Scottsbluff,n75,15,4,LH195 X LH185,90,2022-08-17,73.2,0.2015048242896343,10.0,3,0,114.80640900701768,nitrogen,held_out_location
Scottsbluff|n75|15|2,Scottsbluff,n75,15,2,LH195 X PHM49,90,2022-08-17,115.43,0.3140745308919472,10.0,3,0,114.80640900701768,nitrogen,held_out_location
Scottsbluff|n75|11|5,Scottsbluff,n75,11,5,LH195 X PHM49,90,2022-08-17,109.95,0.2961867713473108,10.0,3,0,114.80640900701768,nitrogen,held_out_location
Scottsbluff|n75|8|3,Scottsbluff,n75,8,3,LH195 X PHZ51,90,2022-08-17,125.51,0.2197904385827852,10.0,3,0,114.80640900701768,nitrogen,held_out_location
Scottsbluff|n75|18|3,Scottsbluff,n75,18,3,LH195 X PHZ51,90,2022-08-17,87.14,0.2730338636853704,10.0,3,0,114.80640900701768,nitrogen,held_out_location
Scottsbluff|n75|9|7,Scottsbluff,n75,9,7,LH198 X PHB47,90,2022-08-17,117.71,0.2101167558475624,10.0,3,0,114.80640900701768,nitrogen,held_out_location
Scottsbluff|n75|19|7,Scottsbluff,n75,19,7,LH198 X PHB47,90,2022-08-17,93.97,0.2094747503163836,10.0,3,0,114.80640900701768,nitrogen,held_out_location
Scottsbluff|n75|18|4,Scottsbluff,n75,18,4,LH198 X PHZ51,90,2022-08-17,98.94,0.1915237157760532,10.0,3,0,114.80640900701768,nitrogen,held_out_location
Scottsbluff|n75|11|6,Scottsbluff,n75,11,6,LH198 X PHZ51,90,2022-08-17,166.4,0.1679854523926489,10.0,3,0,114.80640900701768,nitrogen,held_out_location
Scottsbluff|n75|7|3,Scottsbluff,n75,7,3,LH74 X PHM49,90,2022-08-17,118.96,0.2369595509227479,10.0,3,0,114.80640900701768,nitrogen,held_out_location
Scottsbluff|n75|23|5,Scottsbluff,n75,23,5,LH74 X PHM49,90,2022-08-17,132.99,0.1664064934545804,10.0,3,0,114.80640900701768,nitrogen,held_out_location
Scottsbluff|n75|7|1,Scottsbluff,n75,7,1,LH74 X PHN82,90,2022-08-17,73.85,0.2309155277374653,10.0,3,0,114.80640900701768,nitrogen,held_out_location
Scottsbluff|n75|21|5,Scottsbluff,n75,21,5,LH74 X PHN82,90,2022-08-17,81.32,0.145333509506959,10.0,3,0,114.80640900701768,nitrogen,held_out_location
Scottsbluff|n75|22|1,Scottsbluff,n75,22,1,LH82 X PHB47,90,2022-08-17,113.61,0.1596715410980583,10.0,3,0,114.80640900701768,nitrogen,held_out_location
Scottsbluff|n75|13|2,Scottsbluff,n75,13,2,LH82 X PHB47,90,2022-08-17,166.87,0.2358612689943162,10.0,3,0,114.80640900701768,nitrogen,held_out_location
Scottsbluff|n75|9|6,Scottsbluff,n75,9,6,LH82 X PHJ89,90,2022-08-17,143.55,0.1491459786655184,10.0,3,0,114.80640900701768,nitrogen,held_out_location
Scottsbluff|n75|23|6,Scottsbluff,n75,23,6,LH82 X PHJ89,90,2022-08-17,124.34,0.1710375670840788,10.0,3,0,114.80640900701768,nitrogen,held_out_location
Scottsbluff|n75|3|1,Scottsbluff,n75,3,1,LH82 X W606S,90,2022-08-17,160.29,0.1578431067406576,10.0,3,0,114.80640900701768,nitrogen,held_out_location
Scottsbluff|n75|20|3,Scottsbluff,n75,20,3,LH82 X W606S,90,2022-08-17,98.7,0.1720674131752644,10.0,3,0,114.80640900701768,nitrogen,held_out_location
Scottsbluff|n75|11|2,Scottsbluff,n75,11,2,N209 X 3IIH6,90,2022-08-17,153.65,0.2690056914247414,10.0,3,0,114.80640900701768,nitrogen,held_out_location
Scottsbluff|n75|27|5,Scottsbluff,n75,27,5,N209 X 3IIH6,90,2022-08-17,117.6,0.181174415874134,10.0,3,0,114.80640900701768,nitrogen,held_out_location
Scottsbluff|n75|9|5,Scottsbluff,n75,9,5,PHB47 X 3IIH6,90,2022-08-17,125.05,0.2328054943184368,10.0,3,0,114.80640900701768,nitrogen,held_out_location
Scottsbluff|n75|22|6,Scottsbluff,n75,22,6,PHB47 X 3IIH6,90,2022-08-17,128.63,0.1420597752801713,10.0,3,0,114.80640900701768,nitrogen,held_out_location
Scottsbluff|n75|9|1,Scottsbluff,n75,9,1,PHB47 X LH185,90,2022-08-17,158.68,0.2607226113428467,10.0,3,0,114.80640900701768,nitrogen,held_out_location
Scottsbluff|n75|22|2,Scottsbluff,n75,22,2,PHB47 X LH185,90,2022-08-17,139.62,0.1282976412168051,10.0,3,0,114.80640900701768,nitrogen,held_out_location
Scottsbluff|n75|16|7,Scottsbluff,n75,16,7,PHB47 X PHJ89,90,2022-08-17,68.0,0.2400707261424132,10.0,3,0,114.80640900701768,nitrogen,held_out_location
Scottsbluff|n75|9|2,Scottsbluff,n75,9,2,PHB47 X PHK56,90,2022-08-17,153.2,0.2139270833456042,10.0,3,0,114.80640900701768,nitrogen,held_out_location
Scottsbluff|n75|23|2,Scottsbluff,n75,23,2,PHB47 X PHK56,90,2022-08-17,124.36,0.1515820876197572,10.0,3,0,114.80640900701768,nitrogen,held_out_location
Scottsbluff|n75|10|3,Scottsbluff,n75,10,3,PHG39 X PHM49,90,2022-08-17,134.6,0.2790898095703829,10.0,3,0,114.80640900701768,nitrogen,held_out_location
Scottsbluff|n75|18|7,Scottsbluff,n75,18,7,PHG39 X PHM49,90,2022-08-17,82.6,0.2283136361943128,10.0,3,0,114.80640900701768,nitrogen,held_out_location
Scottsbluff|n75|19|2,Scottsbluff,n75,19,2,PHG39 X PHN82,90,2022-08-17,70.78,0.1916054396796227,10.0,3,0,114.80640900701768,nitrogen,held_out_location
Scottsbluff|n75|10|5,Scottsbluff,n75,10,5,PHJ40 X LH82,90,2022-08-17,97.93,0.2806044784924564,10.0,3,0,114.80640900701768,nitrogen,held_out_location
Scottsbluff|n75|20|5,Scottsbluff,n75,20,5,PHJ40 X LH82,90,2022-08-17,74.34,0.2046823937908497,10.0,3,0,114.80640900701768,nitrogen,held_out_location
Scottsbluff|n75|26|2,Scottsbluff,n75,26,2,PHK56 X 3IIH6,90,2022-08-17,143.35,0.135915110289991,10.0,3,0,114.80640900701768,nitrogen,held_out_location
Scottsbluff|n75|8|5,Scottsbluff,n75,8,5,PHK56 X 3IIH6,90,2022-08-17,131.69,0.2436013938093146,10.0,3,0,114.80640900701768,nitrogen,held_out_location
Scottsbluff|n75|20|2,Scottsbluff,n75,20,2,PHK56 X LH145,90,2022-08-17,96.57,0.1648178169156071,10.0,3,0,114.80640900701768,nitrogen,held_out_location
Scottsbluff|n75|6|4,Scottsbluff,n75,6,4,PHK56 X LH185,90,2022-08-17,141.85,0.12073687319163,10.0,3,0,114.80640900701768,nitrogen,held_out_location
Scottsbluff|n75|24|4,Scottsbluff,n75,24,4,PHK56 X LH185,90,2022-08-17,135.3,0.1169666117357247,10.0,3,0,114.80640900701768,nitrogen,held_out_location
Scottsbluff|n75|22|5,Scottsbluff,n75,22,5,PHK56 X LH198,90,2022-08-17,116.57,0.1480638638512224,10.0,3,0,114.80640900701768,nitrogen,held_out_location
Scottsbluff|n75|8|6,Scottsbluff,n75,8,6,PHK56 X LH198,90,2022-08-17,145.01,0.1752868053284058,10.0,3,0,114.80640900701768,nitrogen,held_out_location
Scottsbluff|n75|4|5,Scottsbluff,n75,4,5,PHK56 X LH82,90,2022-08-17,106.36,0.2166617957304237,10.0,3,0,114.80640900701768,nitrogen,held_out_location
Scottsbluff|n75|21|6,Scottsbluff,n75,21,6,PHK56 X LH82,90,2022-08-17,155.3,0.1624717279283044,10.0,3,0,114.80640900701768,nitrogen,held_out_location
Scottsbluff|n75|13|4,Scottsbluff,n75,13,4,PHK56 X PHJ89,90,2022-08-17,132.77,0.2318473050297773,10.0,3,0,114.80640900701768,nitrogen,held_out_location
Scottsbluff|n75|24|6,Scottsbluff,n75,24,6,PHK56 X PHJ89,90,2022-08-17,118.5,0.1751851992607377,10.0,3,0,114.80640900701768,nitrogen,held_out_location
Scottsbluff|n75|26|5,Scottsbluff,n75,26,5,PHK56 X W606S,90,2022-08-17,124.54,0.1740205379527803,10.0,3,0,114.80640900701768,nitrogen,held_out_location
Scottsbluff|n75|3|7,Scottsbluff,n75,3,7,PHK56 X W606S,90,2022-08-17,128.01,0.2269182547641834,10.0,3,0,114.80640900701768,nitrogen,held_out_location
Scottsbluff|n75|9|3,Scottsbluff,n75,9,3,PHK76 X 3IIH6,90,2022-08-17,125.07,0.2267666336499776,10.0,3,0,114.80640900701768,nitrogen,held_out_location
Scottsbluff|n75|17|5,Scottsbluff,n75,17,5,PHK76 X 3IIH6,90,2022-08-17,72.3,0.2248980759467784,10.0,3,0,114.80640900701768,nitrogen,held_out_location
Scottsbluff|n75|12|1,Scottsbluff,n75,12,1,PHK76 X LH145,90,2022-08-17,130.91,0.2876281623000781,10.0,3,0,114.80640900701768,nitrogen,held_out_location
Scottsbluff|n75|16|4,Scottsbluff,n75,16,4,PHK76 X LH145,90,2022-08-17,84.97,0.22253148860317,10.0,3,0,114.80640900701768,nitrogen,held_out_location
Scottsbluff|n75|24|3,Scottsbluff,n75,24,3,PHK76 X LH198,90,2022-08-17,130.09,0.1898273142193343,10.0,3,0,114.80640900701768,nitrogen,held_out_location
Scottsbluff|n75|8|7,Scottsbluff,n75,8,7,PHK76 X LH198,90,2022-08-17,124.51,0.2141180449380659,10.0,3,0,114.80640900701768,nitrogen,held_out_location
Scottsbluff|n75|9|4,Scottsbluff,n75,9,4,PHK76 X LH82,90,2022-08-17,130.11,0.1600082640881379,10.0,3,0,114.80640900701768,nitrogen,held_out_location
Scottsbluff|n75|3|5,Scottsbluff,n75,3,5,PHK76 X W606S,90,2022-08-17,118.19,0.2184708432425839,10.0,3,0,114.80640900701768,nitrogen,held_out_location
Scottsbluff|n75|16|6,Scottsbluff,n75,16,6,PHK76 X W606S,90,2022-08-17,108.83,0.1427874028157935,10.0,3,0,114.80640900701768,nitrogen,held_out_location
Scottsbluff|n75|24|2,Scottsbluff,n75,24,2,PHN46 X PHB47,90,2022-08-17,111.26,0.1508970286835484,10.0,3,0,114.80640900701768,nitrogen,held_out_location
Scottsbluff|n75|13|6,Scottsbluff,n75,13,6,PHN46 X PHB47,90,2022-08-17,136.86,0.2203792885096093,10.0,3,0,114.80640900701768,nitrogen,held_out_location
Scottsbluff|n75|27|6,Scottsbluff,n75,27,6,PHN46 X PHK56,90,2022-08-17,124.28,0.247706875385427,10.0,3,0,114.80640900701768,nitrogen,held_out_location
Scottsbluff|n75|7|7,Scottsbluff,n75,7,7,PHN46 X PHK56,90,2022-08-17,127.93,0.2563720483306698,10.0,3,0,114.80640900701768,nitrogen,held_out_location
Scottsbluff|n75|4|3,Scottsbluff,n75,4,3,PHN46 X W606S,90,2022-08-17,131.77,0.1900315477864873,10.0,3,0,114.80640900701768,nitrogen,held_out_location
Scottsbluff|n75|16|5,Scottsbluff,n75,16,5,PHN46 X W606S,90,2022-08-17,83.64,0.2087577587351319,10.0,3,0,114.80640900701768,nitrogen,held_out_location
Scottsbluff|n75|12|5,Scottsbluff,n75,12,5,PHP02 X LH145,90,2022-08-17,119.56,0.2090092576803165,10.0,3,0,114.80640900701768,nitrogen,held_out_location
Scottsbluff|n75|21|7,Scottsbluff,n75,21,7,PHP02 X LH145,90,2022-08-17,107.16,0.164819112750183,10.0,3,0,114.80640900701768,nitrogen,held_out_location
Scottsbluff|n75|8|1,Scottsbluff,n75,8,1,PHP02 X LH185,90,2022-08-17,145.12,0.2081964615321223,10.0,3,0,114.80640900701768,nitrogen,held_out_location
Scottsbluff|n75|15|7,Scottsbluff,n75,15,7,PHP02 X LH185,90,2022-08-17,86.26,0.2528171090891723,10.0,3,0,114.80640900701768,nitrogen,held_out_location
Scottsbluff|n75|26|3,Scottsbluff,n75,26,3,PHP02 X LH198,90,2022-08-17,113.59,0.1385597735301186,10.0,3,0,114.80640900701768,nitrogen,held_out_location
Scottsbluff|n75|4|4,Scottsbluff,n75,4,4,PHP02 X LH198,90,2022-08-17,134.53,0.1868848029966447,10.0,3,0,114.80640900701768,nitrogen,held_out_location
Scottsbluff|n75|10|1,Scottsbluff,n75,10,1,PHP02 X LH82,90,2022-08-17,128.64,0.295962975270797,10.0,3,0,114.80640900701768,nitrogen,held_out_location
Scottsbluff|n75|19|6,Scottsbluff,n75,19,6,PHP02 X LH82,90,2022-08-17,94.33,0.1642032505080348,10.0,3,0,114.80640900701768,nitrogen,held_out_location
Scottsbluff|n75|19|1,Scottsbluff,n75,19,1,PHP02 X PHB47,90,2022-08-17,102.3,0.2018781699750264,10.0,3,0,114.80640900701768,nitrogen,held_out_location
Scottsbluff|n75|5|7,Scottsbluff,n75,5,7,PHP02 X PHB47,90,2022-08-17,75.49,0.1560134850910738,10.0,3,0,114.80640900701768,nitrogen,held_out_location
Scottsbluff|n75|7|6,Scottsbluff,n75,7,6,PHP02 X PHG47,90,2022-08-17,164.93,0.1758411756443256,10.0,3,0,114.80640900701768,nitrogen,held_out_location
Scottsbluff|n75|18|6,Scottsbluff,n75,18,6,PHP02 X PHG47,90,2022-08-17,111.39,0.1787636900742437,10.0,3,0,114.80640900701768,nitrogen,held_out_location
Scottsbluff|n75|11|1,Scottsbluff,n75,11,1,PHP02 X PHJ89,90,2022-08-17,146.41,0.3341654608469784,10.0,3,0,114.80640900701768,nitrogen,held_out_location
Scottsbluff|n75|21|4,Scottsbluff,n75,21,4,PHP02 X PHJ89,90,2022-08-17,153.38,0.0791010116169279,10.0,3,0,114.80640900701768,nitrogen,held_out_location
Scottsbluff|n75|14|1,Scottsbluff,n75,14,1,PHP02 X PHK56,90,2022-08-17,126.22,0.3276203271680463,10.0,3,0,114.80640900701768,nitrogen,held_out_location
Scottsbluff|n75|27|4,Scottsbluff,n75,27,4,PHP02 X PHK56,90,2022-08-17,118.4,0.1782220286020082,10.0,3,0,114.80640900701768,nitrogen,held_out_location
Scottsbluff|n75|11|4,Scottsbluff,n75,11,4,PHP02 X PHK76,90,2022-08-17,130.0,0.177843489246354,10.0,3,0,114.80640900701768,nitrogen,held_out_location
Scottsbluff|n75|26|4,Scottsbluff,n75,26,4,PHP02 X PHK76,90,2022-08-17,121.93,0.109655570312901,10.0,3,0,114.80640900701768,nitrogen,held_out_location
Scottsbluff|n75|15|1,Scottsbluff,n75,15,1,PHP02 X PHN46,90,2022-08-17,113.42,0.279581577726513,10.0,3,0,114.80640900701768,nitrogen,held_out_location
Scottsbluff|n75|5|5,Scottsbluff,n75,5,5,PHP02 X PHN46,90,2022-08-17,113.6,0.1237320921236798,10.0,3,0,114.80640900701768,nitrogen,held_out_location
Scottsbluff|n75|11|3,Scottsbluff,n75,11,3,PHP02 X W606S,90,2022-08-17,147.22,0.2603021675771039,10.0,3,0,114.80640900701768,nitrogen,held_out_location
Scottsbluff|n75|20|6,Scottsbluff,n75,20,6,PHP02 X W606S,90,2022-08-17,110.23,0.2137298260782838,10.0,3,0,114.80640900701768,nitrogen,held_out_location
Scottsbluff|n75|14|4,Scottsbluff,n75,14,4,PHT69 X 3IIH6,90,2022-08-17,116.34,0.2542706765244071,10.0,3,0,114.80640900701768,nitrogen,held_out_location
Scottsbluff|n75|17|7,Scottsbluff,n75,17,7,PHT69 X 3IIH6,90,2022-08-17,84.48,0.2501538839894928,10.0,3,0,114.80640900701768,nitrogen,held_out_location
Scottsbluff|n75|26|1,Scottsbluff,n75,26,1,PHW52 X LH185,90,2022-08-17,116.87,0.1072586091039524,10.0,3,0,114.80640900701768,nitrogen,held_out_location
Scottsbluff|n75|14|6,Scottsbluff,n75,14,6,PHW52 X LH185,90,2022-08-17,104.14,0.2192843315339285,10.0,3,0,114.80640900701768,nitrogen,held_out_location
Scottsbluff|n75|5|2,Scottsbluff,n75,5,2,PHW52 X PHM49,90,2022-08-17,135.65,0.1391568542603823,10.0,3,0,114.80640900701768,nitrogen,held_out_location
Scottsbluff|n75|14|3,Scottsbluff,n75,14,3,PHW52 X PHN82,90,2022-08-17,113.92,0.2677583049092649,10.0,3,0,114.80640900701768,nitrogen,held_out_location
Scottsbluff|n75|20|4,Scottsbluff,n75,20,4,PHW52 X PHN82,90,2022-08-17,89.66,0.2291356656820081,10.0,3,0,114.80640900701768,nitrogen,held_out_location
Scottsbluff|n75|8|2,Scottsbluff,n75,8,2,PHW52 X PHZ51,90,2022-08-17,159.01,0.1568504638133786,10.0,3,0,114.80640900701768,nitrogen,held_out_location
Scottsbluff|n75|17|3,Scottsbluff,n75,17,3,PHW52 X PHZ51,90,2022-08-17,60.06,0.2921723146187002,10.0,3,0,114.80640900701768,nitrogen,held_out_location
Scottsbluff|n75|19|3,Scottsbluff,n75,19,3,PHZ51 X LH145,90,2022-08-17,121.64,0.1755502036075771,10.0,3,0,114.80640900701768,nitrogen,held_out_location
Scottsbluff|n75|5|6,Scottsbluff,n75,5,6,PHZ51 X LH145,90,2022-08-17,101.22,0.0949681946996301,10.0,3,0,114.80640900701768,nitrogen,held_out_location
Scottsbluff|n75|19|5,Scottsbluff,n75,19,5,PIONEER 1311 AMXT,90,2022-08-17,51.28,0.1792525357623797,10.0,3,0,114.80640900701768,nitrogen,held_out_location
Scottsbluff|n75|12|6,Scottsbluff,n75,12,6,PIONEER 1311 AMXT,90,2022-08-17,181.88,0.1522977960768111,10.0,3,0,114.80640900701768,nitrogen,held_out_location
Scottsbluff|n75|15|3,Scottsbluff,n75,15,3,PIONEER P0589 AMXT,90,2022-08-17,109.26,0.2627915655686272,10.0,3,0,114.80640900701768,nitrogen,held_out_location
Scottsbluff|n75|4|7,Scottsbluff,n75,4,7,PIONEER P0589 AMXT,90,2022-08-17,101.73,0.2210741493226857,10.0,3,0,114.80640900701768,nitrogen,held_out_location
Scottsbluff|n75|5|1,Scottsbluff,n75,5,1,SYNGENTA NK0760-3111,90,2022-08-17,167.55,0.1732219261481055,10.0,3,0,114.80640900701768,nitrogen,held_out_location
Scottsbluff|n75|14|2,Scottsbluff,n75,14,2,SYNGENTA NK0760-3111,90,2022-08-17,132.66,0.288186704115329,10.0,3,0,114.80640900701768,nitrogen,held_out_location
Scottsbluff|n75|17|2,Scottsbluff,n75,17,2,SYNGENTA NK0760-3111,90,2022-08-17,124.49,0.3373904764035136,10.0,3,0,114.80640900701768,nitrogen,held_out_location
Scottsbluff|n75|22|4,Scottsbluff,n75,22,4,SYNGENTA NK0760-3111,90,2022-08-17,91.51,0.0750587544142253,10.0,3,0,114.80640900701768,nitrogen,held_out_location
Scottsbluff|n75|10|7,Scottsbluff,n75,10,7,SYNGENTA NK0760-3111,90,2022-08-17,155.33,0.293096014211552,10.0,3,0,114.80640900701768,nitrogen,held_out_location
Scottsbluff|n75|11|7,Scottsbluff,n75,11,7,SYNGENTA NK0760-3111,90,2022-08-17,161.78,0.2438423034365411,10.0,3,0,114.80640900701768,nitrogen,held_out_location
Scottsbluff|n75|12|7,Scottsbluff,n75,12,7,SYNGENTA NK0760-3111,90,2022-08-17,187.61,0.2014078508070533,10.0,3,0,114.80640900701768,nitrogen,held_out_location
Scottsbluff|n75|13|7,Scottsbluff,n75,13,7,SYNGENTA NK0760-3111,90,2022-08-17,151.39,0.2981929175190862,10.0,3,0,114.80640900701768,nitrogen,held_out_location
Scottsbluff|n75|14|7,Scottsbluff,n75,14,7,SYNGENTA NK0760-3111,90,2022-08-17,140.55,0.2306777044386319,10.0,3,0,114.80640900701768,nitrogen,held_out_location
Scottsbluff|n75|22|7,Scottsbluff,n75,22,7,SYNGENTA NK0760-3111,90,2022-08-17,160.21,0.1727512850649655,10.0,3,0,114.80640900701768,nitrogen,held_out_location
Scottsbluff|n75|13|1,Scottsbluff,n75,13,1,WF9 X H95,90,2022-08-17,97.94,0.316840855354911,10.0,3,0,114.80640900701768,nitrogen,held_out_location
Scottsbluff|n150|17|12,Scottsbluff,n150,17,12,2369 X 3IIH6,90,2022-08-17,142.9,0.2112897059842049,10.0,3,0,115.88401087982507,nitrogen,held_out_location
Scottsbluff|n150|7|14,Scottsbluff,n150,7,14,2369 X 3IIH6,90,2022-08-17,127.4,0.2573744884528902,10.0,3,0,115.88401087982507,nitrogen,held_out_location
Scottsbluff|n150|25|15,Scottsbluff,n150,25,15,2369 X LH123HT,90,2022-08-17,150.56,0.1301680499310795,10.0,3,0,115.88401087982507,nitrogen,held_out_location
Scottsbluff|n150|5|16,Scottsbluff,n150,5,16,2369 X LH123HT,90,2022-08-17,158.52,0.1284641864401056,10.0,3,0,115.88401087982507,nitrogen,held_out_location
Scottsbluff|n150|7|11,Scottsbluff,n150,7,11,2369 X PHN82,90,2022-08-17,157.98,0.2587395599512323,10.0,3,0,115.88401087982507,nitrogen,held_out_location
Scottsbluff|n150|22|13,Scottsbluff,n150,22,13,2369 X PHN82,90,2022-08-17,155.55,0.1229767663401372,10.0,3,0,115.88401087982507,nitrogen,held_out_location
Scottsbluff|n150|17|14,Scottsbluff,n150,17,14,2369 X PHP02,90,2022-08-17,154.31,0.2757272397455415,10.0,3,0,115.88401087982507,nitrogen,held_out_location
Scottsbluff|n150|9|16,Scottsbluff,n150,9,16,2369 X PHP02,90,2022-08-17,146.88,0.2600690513368571,10.0,3,0,115.88401087982507,nitrogen,held_out_location
Scottsbluff|n150|11|11,Scottsbluff,n150,11,11,2369 X PHZ51,90,2022-08-17,140.56,0.3071951176460722,10.0,3,0,115.88401087982507,nitrogen,held_out_location
Scottsbluff|n150|9|12,Scottsbluff,n150,9,12,2FACC X 3IIH6,90,2022-08-17,195.15,0.2440688528968456,10.0,3,0,115.88401087982507,nitrogen,held_out_location
Scottsbluff|n150|21|16,Scottsbluff,n150,21,16,2FACC X 3IIH6,90,2022-08-17,157.42,0.1954880246131196,10.0,3,0,115.88401087982507,nitrogen,held_out_location
Scottsbluff|n150|19|11,Scottsbluff,n150,19,11,4N506 X 3IIH6,90,2022-08-17,106.65,0.2606206803308135,10.0,3,0,115.88401087982507,nitrogen,held_out_location
Scottsbluff|n150|6|15,Scottsbluff,n150,6,15,4N506 X 3IIH6,90,2022-08-17,156.93,0.164805305725011,10.0,3,0,115.88401087982507,nitrogen,held_out_location
Scottsbluff|n150|4|14,Scottsbluff,n150,4,14,B105 X 3IIH6,90,2022-08-17,98.9,0.1760653675387392,10.0,3,0,115.88401087982507,nitrogen,held_out_location
Scottsbluff|n150|18|15,Scottsbluff,n150,18,15,B105 X 3IIH6,90,2022-08-17,144.62,0.1740071177008281,10.0,3,0,115.88401087982507,nitrogen,held_out_location
Scottsbluff|n150|27|13,Scottsbluff,n150,27,13,B14A X MO17,90,2022-08-17,147.5,0.1205206543295147,10.0,3,0,115.88401087982507,nitrogen,held_out_location
Scottsbluff|n150|13|16,Scottsbluff,n150,13,16,B14A X MO17,90,2022-08-17,139.91,0.3045429425044044,10.0,3,0,115.88401087982507,nitrogen,held_out_location
Scottsbluff|n150|6|12,Scottsbluff,n150,6,12,B37 X H95,90,2022-08-17,124.17,0.1164151887997382,10.0,3,0,115.88401087982507,nitrogen,held_out_location
Scottsbluff|n150|18|13,Scottsbluff,n150,18,13,B37 X H95,90,2022-08-17,105.45,0.217834310280426,10.0,3,0,115.88401087982507,nitrogen,held_out_location
Scottsbluff|n150|26|16,Scottsbluff,n150,26,16,B37 X MO17,90,2022-08-17,103.17,0.1300785961313942,10.0,3,0,115.88401087982507,nitrogen,held_out_location
Scottsbluff|n150|4|17,Scottsbluff,n150,4,17,B37 X MO17,90,2022-08-17,131.71,0.1909557101439181,10.0,3,0,115.88401087982507,nitrogen,held_out_location
Scottsbluff|n150|8|13,Scottsbluff,n150,8,13,B37 X OH43,90,2022-08-17,137.0,0.2507796436078782,10.0,3,0,115.88401087982507,nitrogen,held_out_location
Scottsbluff|n150|26|15,Scottsbluff,n150,26,15,B37 X OH43,90,2022-08-17,127.58,0.1321506911191408,10.0,3,0,115.88401087982507,nitrogen,held_out_location
Scottsbluff|n150|19|13,Scottsbluff,n150,19,13,B73 X 3IIH6,90,2022-08-17,152.92,0.192900096473498,10.0,3,0,115.88401087982507,nitrogen,held_out_location
Scottsbluff|n150|8|16,Scottsbluff,n150,8,16,B73 X 3IIH6,90,2022-08-17,182.58,0.2093210307260523,10.0,3,0,115.88401087982507,nitrogen,held_out_location
Scottsbluff|n150|19|14,Scottsbluff,n150,19,14,B73 X MO17,90,2022-08-17,139.14,0.2054710525926035,10.0,3,0,115.88401087982507,nitrogen,held_out_location
Scottsbluff|n150|26|11,Scottsbluff,n150,26,11,B73 X PHM49,90,2022-08-17,138.68,0.1726956156831233,10.0,3,0,115.88401087982507,nitrogen,held_out_location
Scottsbluff|n150|4|13,Scottsbluff,n150,4,13,B73 X PHM49,90,2022-08-17,130.81,0.1616234108348756,10.0,3,0,115.88401087982507,nitrogen,held_out_location
Scottsbluff|n150|15|14,Scottsbluff,n150,15,14,B73 X PHN82,90,2022-08-17,184.18,0.3194372720918769,10.0,3,0,115.88401087982507,nitrogen,held_out_location
Scottsbluff|n150|8|15,Scottsbluff,n150,8,15,B73 X PHN82,90,2022-08-17,192.8,0.1734970421501449,10.0,3,0,115.88401087982507,nitrogen,held_out_location
Scottsbluff|n150|16|11,Scottsbluff,n150,16,11,B73 X PHZ51,90,2022-08-17,100.55,0.2687290066445784,10.0,3,0,115.88401087982507,nitrogen,held_out_location
Scottsbluff|n150|7|16,Scottsbluff,n150,7,16,B73 X PHZ51,90,2022-08-17,137.73,0.2607466046892128,10.0,3,0,115.88401087982507,nitrogen,held_out_location
Scottsbluff|n150|3|12,Scottsbluff,n150,3,12,B84 X 3IIH6,90,2022-08-17,145.33,0.1710784313725489,10.0,3,0,115.88401087982507,nitrogen,held_out_location
Scottsbluff|n150|20|16,Scottsbluff,n150,20,16,B84 X 3IIH6,90,2022-08-17,154.38,0.2148326489603781,10.0,3,0,115.88401087982507,nitrogen,held_out_location
Scottsbluff|n150|7|13,Scottsbluff,n150,7,13,F42 X MO17,90,2022-08-17,154.97,0.2670849543286369,10.0,3,0,115.88401087982507,nitrogen,held_out_location
Scottsbluff|n150|24|14,Scottsbluff,n150,24,14,F42 X MO17,90,2022-08-17,138.88,0.2005783496391384,10.0,3,0,115.88401087982507,nitrogen,held_out_location
Scottsbluff|n150|26|12,Scottsbluff,n150,26,12,F42 X OH43,90,2022-08-17,118.46,0.114254200872113,10.0,3,0,115.88401087982507,nitrogen,held_out_location
Scottsbluff|n150|13|15,Scottsbluff,n150,13,15,F42 X OH43,90,2022-08-17,173.1,0.3386138288879491,10.0,3,0,115.88401087982507,nitrogen,held_out_location
Scottsbluff|n150|11|14,Scottsbluff,n150,11,14,HOEGEMEYER 7089 AMXT,90,2022-08-17,156.92,0.3038175480207623,10.0,3,0,115.88401087982507,nitrogen,held_out_location
Scottsbluff|n150|18|16,Scottsbluff,n150,18,16,HOEGEMEYER 7089 AMXT,90,2022-08-17,166.6,0.1994953460093262,10.0,3,0,115.88401087982507,nitrogen,held_out_location
Scottsbluff|n150|5|11,Scottsbluff,n150,5,11,HOEGEMEYER 8065RR,90,2022-08-17,154.43,0.1241050887752317,10.0,3,0,115.88401087982507,nitrogen,held_out_location
Scottsbluff|n150|19|12,Scottsbluff,n150,19,12,HOEGEMEYER 8065RR,90,2022-08-17,185.31,0.2532164290188671,10.0,3,0,115.88401087982507,nitrogen,held_out_location
Scottsbluff|n150|21|11,Scottsbluff,n150,21,11,LH123HT X 3IIH6,90,2022-08-17,151.04,0.1854745549052985,10.0,3,0,115.88401087982507,nitrogen,held_out_location
Scottsbluff|n150|10|15,Scottsbluff,n150,10,15,LH123HT X 3IIH6,90,2022-08-17,156.55,0.2443699242053084,10.0,3,0,115.88401087982507,nitrogen,held_out_location
Scottsbluff|n150|16|13,Scottsbluff,n150,16,13,LH123HT X PHB47,90,2022-08-17,130.61,0.2743901287433623,10.0,3,0,115.88401087982507,nitrogen,held_out_location
Scottsbluff|n150|12|14,Scottsbluff,n150,12,14,LH123HT X PHB47,90,2022-08-17,192.0,0.2693371252004474,10.0,3,0,115.88401087982507,nitrogen,held_out_location
Scottsbluff|n150|10|11,Scottsbluff,n150,10,11,LH145 X LH162,90,2022-08-17,109.78,0.2942195621210914,10.0,3,0,115.88401087982507,nitrogen,held_out_location
Scottsbluff|n150|16|17,Scottsbluff,n150,16,17,LH145 X LH162,90,2022-08-17,128.5,0.2695888010442001,10.0,3,0,115.88401087982507,nitrogen,held_out_location
Scottsbluff|n150|26|14,Scottsbluff,n150,26,14,LH185 X LH145,90,2022-08-17,147.93,0.1643233905388097,10.0,3,0,115.88401087982507,nitrogen,held_out_location
Scottsbluff|n150|20|13,Scottsbluff,n150,20,13,LH185 X LH82,90,2022-08-17,139.35,0.1552263932111947,10.0,3,0,115.88401087982507,nitrogen,held_out_location
Scottsbluff|n150|4|16,Scottsbluff,n150,4,16,LH185 X LH82,90,2022-08-17,120.89,0.1768436202063489,10.0,3,0,115.88401087982507,nitrogen,held_out_location
Scottsbluff|n150|15|17,Scottsbluff,n150,15,17,LH185 X W606S,90,2022-08-17,170.04,0.2239332327258776,10.0,3,0,115.88401087982507,nitrogen,held_out_location
Scottsbluff|n150|25|12,Scottsbluff,n150,25,12,LH195 X 3IIH6,90,2022-08-17,182.48,0.2143053928565593,10.0,3,0,115.88401087982507,nitrogen,held_out_location
Scottsbluff|n150|5|14,Scottsbluff,n150,5,14,LH195 X 3IIH6,90,2022-08-17,108.37,0.1763813160039574,10.0,3,0,115.88401087982507,nitrogen,held_out_location
Scottsbluff|n150|13|11,Scottsbluff,n150,13,11,LH195 X LH123HT,90,2022-08-17,117.32,0.3088665961226384,10.0,3,0,115.88401087982507,nitrogen,held_out_location
Scottsbluff|n150|20|17,Scottsbluff,n150,20,17,LH195 X LH123HT,90,2022-08-17,145.04,0.2197957863869007,10.0,3,0,115.88401087982507,nitrogen,held_out_location
Scottsbluff|n150|21|13,Scottsbluff,n150,21,13,LH195 X LH185,90,2022-08-17,175.41,0.1507066714177207,10.0,3,0,115.88401087982507,nitrogen,held_out_location
Scottsbluff|n150|7|15,Scottsbluff,n150,7,15,LH195 X LH185,90,2022-08-17,190.8,0.2517978886535922,10.0,3,0,115.88401087982507,nitrogen,held_out_location
Scottsbluff|n150|23|11,Scottsbluff,n150,23,11,LH195 X PHM49,90,2022-08-17,115.59,0.1925276654607364,10.0,3,0,115.88401087982507,nitrogen,held_out_location
Scottsbluff|n150|8|14,Scottsbluff,n150,8,14,LH195 X PHM49,90,2022-08-17,133.01,0.2637872550204072,10.0,3,0,115.88401087982507,nitrogen,held_out_location
Scottsbluff|n150|20|14,Scottsbluff,n150,20,14,LH195 X PHZ51,90,2022-08-17,139.44,0.2181453638932505,10.0,3,0,115.88401087982507,nitrogen,held_out_location
Scottsbluff|n150|5|17,Scottsbluff,n150,5,17,LH195 X PHZ51,90,2022-08-17,146.19,0.1647487110487366,10.0,3,0,115.88401087982507,nitrogen,held_out_location
Scottsbluff|n150|16|14,Scottsbluff,n150,16,14,LH198 X PHB47,90,2022-08-17,121.34,0.2527611808908159,10.0,3,0,115.88401087982507,nitrogen,held_out_location
Scottsbluff|n150|9|15,Scottsbluff,n150,9,15,LH198 X PHB47,90,2022-08-17,161.37,0.25147573695259,10.0,3,0,115.88401087982507,nitrogen,held_out_location
Scottsbluff|n150|23|13,Scottsbluff,n150,23,13,LH198 X PHZ51,90,2022-08-17,149.73,0.1430381625735193,10.0,3,0,115.88401087982507,nitrogen,held_out_location
Scottsbluff|n150|6|14,Scottsbluff,n150,6,14,LH198 X PHZ51,90,2022-08-17,117.09,0.141744262643526,10.0,3,0,115.88401087982507,nitrogen,held_out_location
Scottsbluff|n150|10|14,Scottsbluff,n150,10,14,LH74 X PHM49,90,2022-08-17,140.02,0.2546827530015251,10.0,3,0,115.88401087982507,nitrogen,held_out_location
Scottsbluff|n150|23|16,Scottsbluff,n150,23,16,LH74 X PHM49,90,2022-08-17,163.91,0.1649606246928991,10.0,3,0,115.88401087982507,nitrogen,held_out_location
Scottsbluff|n150|20|15,Scottsbluff,n150,20,15,LH74 X PHN82,90,2022-08-17,139.54,0.1691697103042743,10.0,3,0,115.88401087982507,nitrogen,held_out_location
Scottsbluff|n150|3|16,Scottsbluff,n150,3,16,LH74 X PHN82,90,2022-08-17,118.47,0.2595211557906118,10.0,3,0,115.88401087982507,nitrogen,held_out_location
Scottsbluff|n150|5|12,Scottsbluff,n150,5,12,LH82 X PHB47,90,2022-08-17,145.47,0.1870473171223314,10.0,3,0,115.88401087982507,nitrogen,held_out_location
Scottsbluff|n150|23|15,Scottsbluff,n150,23,15,LH82 X PHB47,90,2022-08-17,140.28,0.1464116443406669,10.0,3,0,115.88401087982507,nitrogen,held_out_location
Scottsbluff|n150|8|11,Scottsbluff,n150,8,11,LH82 X PHJ89,90,2022-08-17,148.56,0.1824581602424408,10.0,3,0,115.88401087982507,nitrogen,held_out_location
Scottsbluff|n150|22|11,Scottsbluff,n150,22,11,LH82 X PHJ89,90,2022-08-17,119.87,0.1518849013230436,10.0,3,0,115.88401087982507,nitrogen,held_out_location
Scottsbluff|n150|13|13,Scottsbluff,n150,13,13,LH82 X W606S,90,2022-08-17,148.71,0.289312747217424,10.0,3,0,115.88401087982507,nitrogen,held_out_location
Scottsbluff|n150|23|14,Scottsbluff,n150,23,14,LH82 X W606S,90,2022-08-17,149.98,0.2589744100587667,10.0,3,0,115.88401087982507,nitrogen,held_out_location
Scottsbluff|n150|13|12,Scottsbluff,n150,13,12,N209 X 3IIH6,90,2022-08-17,158.6,0.3090041551571434,10.0,3,0,115.88401087982507,nitrogen,held_out_location
Scottsbluff|n150|15|13,Scottsbluff,n150,15,13,N209 X 3IIH6,90,2022-08-17,156.07,0.2855555093297397,10.0,3,0,115.88401087982507,nitrogen,held_out_location
Scottsbluff|n150|11|13,Scottsbluff,n150,11,13,PHB47 X 3IIH6,90,2022-08-17,165.46,0.248912726929886,10.0,3,0,115.88401087982507,nitrogen,held_out_location
Scottsbluff|n150|22|15,Scottsbluff,n150,22,15,PHB47 X 3IIH6,90,2022-08-17,153.82,0.1717213959756334,10.0,3,0,115.88401087982507,nitrogen,held_out_location
Scottsbluff|n150|12|16,Scottsbluff,n150,12,16,PHB47 X LH185,90,2022-08-17,164.11,0.2636671313463683,10.0,3,0,115.88401087982507,nitrogen,held_out_location
Scottsbluff|n150|22|16,Scottsbluff,n150,22,16,PHB47 X LH185,90,2022-08-17,126.12,0.1592704589716935,10.0,3,0,115.88401087982507,nitrogen,held_out_location
Scottsbluff|n150|27|15,Scottsbluff,n150,27,15,PHB47 X PHJ89,90,2022-08-17,170.2,0.2001948078451032,10.0,3,0,115.88401087982507,nitrogen,held_out_location
Scottsbluff|n150|15|12,Scottsbluff,n150,15,12,PHB47 X PHK56,90,2022-08-17,153.06,0.2956302347319597,10.0,3,0,115.88401087982507,nitrogen,held_out_location
Scottsbluff|n150|8|17,Scottsbluff,n150,8,17,PHB47 X PHK56,90,2022-08-17,174.94,0.2564613492684555,10.0,3,0,115.88401087982507,nitrogen,held_out_location
Scottsbluff|n150|6|11,Scottsbluff,n150,6,11,PHG39 X PHM49,90,2022-08-17,115.77,0.1124848276519948,10.0,3,0,115.88401087982507,nitrogen,held_out_location
Scottsbluff|n150|21|14,Scottsbluff,n150,21,14,PHG39 X PHM49,90,2022-08-17,144.68,0.2134840374716697,10.0,3,0,115.88401087982507,nitrogen,held_out_location
Scottsbluff|n150|17|17,Scottsbluff,n150,17,17,PHG39 X PHN82,90,2022-08-17,141.42,0.2475492553084133,10.0,3,0,115.88401087982507,nitrogen,held_out_location
Scottsbluff|n150|8|12,Scottsbluff,n150,8,12,PHJ40 X LH82,90,2022-08-17,154.29,0.2328824369890522,10.0,3,0,115.88401087982507,nitrogen,held_out_location
Scottsbluff|n150|19|15,Scottsbluff,n150,19,15,PHJ40 X LH82,90,2022-08-17,153.98,0.1610555489425593,10.0,3,0,115.88401087982507,nitrogen,held_out_location
Scottsbluff|n150|4|11,Scottsbluff,n150,4,11,PHK56 X 3IIH6,90,2022-08-17,143.31,0.1072017744668563,10.0,3,0,115.88401087982507,nitrogen,held_out_location
Scottsbluff|n150|25|16,Scottsbluff,n150,25,16,PHK56 X 3IIH6,90,2022-08-17,137.15,0.1410849944897697,10.0,3,0,115.88401087982507,nitrogen,held_out_location
Scottsbluff|n150|24|12,Scottsbluff,n150,24,12,PHK56 X LH145,90,2022-08-17,138.53,0.1794033645792989,10.0,3,0,115.88401087982507,nitrogen,held_out_location
Scottsbluff|n150|6|16,Scottsbluff,n150,6,16,PHK56 X LH185,90,2022-08-17,169.97,0.145916783899394,10.0,3,0,115.88401087982507,nitrogen,held_out_location
Scottsbluff|n150|24|16,Scottsbluff,n150,24,16,PHK56 X LH185,90,2022-08-17,165.84,0.1401296510480866,10.0,3,0,115.88401087982507,nitrogen,held_out_location
Scottsbluff|n150|12|12,Scottsbluff,n150,12,12,PHK56 X LH198,90,2022-08-17,179.79,0.2172964942176017,10.0,3,0,115.88401087982507,nitrogen,held_out_location
Scottsbluff|n150|22|12,Scottsbluff,n150,22,12,PHK56 X LH198,90,2022-08-17,198.63,0.1361903559543397,10.0,3,0,115.88401087982507,nitrogen,held_out_location
Scottsbluff|n150|4|12,Scottsbluff,n150,4,12,PHK56 X LH82,90,2022-08-17,157.76,0.1665270228223935,10.0,3,0,115.88401087982507,nitrogen,held_out_location
Scottsbluff|n150|21|15,Scottsbluff,n150,21,15,PHK56 X LH82,90,2022-08-17,158.99,0.1646422700962875,10.0,3,0,115.88401087982507,nitrogen,held_out_location
Scottsbluff|n150|27|12,Scottsbluff,n150,27,12,PHK56 X PHJ89,90,2022-08-17,142.89,0.1581796445837892,10.0,3,0,115.88401087982507,nitrogen,held_out_location
Scottsbluff|n150|14|15,Scottsbluff,n150,14,15,PHK56 X PHJ89,90,2022-08-17,155.82,0.3157782135853093,10.0,3,0,115.88401087982507,nitrogen,held_out_location
Scottsbluff|n150|11|15,Scottsbluff,n150,11,15,PHK56 X W606S,90,2022-08-17,180.53,0.2798849749008442,10.0,3,0,115.88401087982507,nitrogen,held_out_location
Scottsbluff|n150|16|15,Scottsbluff,n150,16,15,PHK56 X W606S,90,2022-08-17,140.31,0.2238245415898654,10.0,3,0,115.88401087982507,nitrogen,held_out_location
Scottsbluff|n150|11|12,Scottsbluff,n150,11,12,PHK76 X 3IIH6,90,2022-08-17,166.16,0.2201752780990142,10.0,3,0,115.88401087982507,nitrogen,held_out_location
Scottsbluff|n150|16|16,Scottsbluff,n150,16,16,PHK76 X 3IIH6,90,2022-08-17,123.84,0.2013843056447233,10.0,3,0,115.88401087982507,nitrogen,held_out_location
Scottsbluff|n150|7|12,Scottsbluff,n150,7,12,PHK76 X LH145,90,2022-08-17,117.46,0.2461512500888222,10.0,3,0,115.88401087982507,nitrogen,held_out_location
Scottsbluff|n150|17|15,Scottsbluff,n150,17,15,PHK76 X LH145,90,2022-08-17,145.18,0.2075533024275104,10.0,3,0,115.88401087982507,nitrogen,held_out_location
Scottsbluff|n150|9|11,Scottsbluff,n150,9,11,PHK76 X LH198,90,2022-08-17,136.8,0.209251904805629,10.0,3,0,115.88401087982507,nitrogen,held_out_location
Scottsbluff|n150|19|17,Scottsbluff,n150,19,17,PHK76 X LH198,90,2022-08-17,163.9,0.2239961078950786,10.0,3,0,115.88401087982507,nitrogen,held_out_location
Scottsbluff|n150|4|15,Scottsbluff,n150,4,15,PHK76 X LH82,90,2022-08-17,137.38,0.2004120641735505,10.0,3,0,115.88401087982507,nitrogen,held_out_location
Scottsbluff|n150|18|17,Scottsbluff,n150,18,17,PHK76 X LH82,90,2022-08-17,146.13,0.2150665680866129,10.0,3,0,115.88401087982507,nitrogen,held_out_location
Scottsbluff|n150|10|12,Scottsbluff,n150,10,12,PHK76 X W606S,90,2022-08-17,150.17,0.3118998774202778,10.0,3,0,115.88401087982507,nitrogen,held_out_location
Scottsbluff|n150|19|16,Scottsbluff,n150,19,16,PHK76 X W606S,90,2022-08-17,130.58,0.2081851359618589,10.0,3,0,115.88401087982507,nitrogen,held_out_location
Scottsbluff|n150|10|13,Scottsbluff,n150,10,13,PHN46 X PHB47,90,2022-08-17,165.53,0.2583401214026507,10.0,3,0,115.88401087982507,nitrogen,held_out_location
Scottsbluff|n150|27|14,Scottsbluff,n150,27,14,PHN46 X PHB47,90,2022-08-17,151.03,0.1619537215579739,10.0,3,0,115.88401087982507,nitrogen,held_out_location
Scottsbluff|n150|12|11,Scottsbluff,n150,12,11,PHN46 X PHK56,90,2022-08-17,142.5,0.2510908574057384,10.0,3,0,115.88401087982507,nitrogen,held_out_location
Scottsbluff|n150|15|11,Scottsbluff,n150,15,11,PHN46 X PHK56,90,2022-08-17,80.01,0.3064531361318088,10.0,3,0,115.88401087982507,nitrogen,held_out_location
Scottsbluff|n150|3|14,Scottsbluff,n150,3,14,PHN46 X W606S,90,2022-08-17,125.4,0.2208327908227003,10.0,3,0,115.88401087982507,nitrogen,held_out_location
Scottsbluff|n150|25|14,Scottsbluff,n150,25,14,PHN46 X W606S,90,2022-08-17,143.43,0.2358914426546979,10.0,3,0,115.88401087982507,nitrogen,held_out_location
Scottsbluff|n150|3|11,Scottsbluff,n150,3,11,PHP02 X LH145,90,2022-08-17,129.13,0.1690746683637775,10.0,3,0,115.88401087982507,nitrogen,held_out_location
Scottsbluff|n150|15|15,Scottsbluff,n150,15,15,PHP02 X LH145,90,2022-08-17,149.32,0.2479555341322027,10.0,3,0,115.88401087982507,nitrogen,held_out_location
Scottsbluff|n150|25|11,Scottsbluff,n150,25,11,PHP02 X LH185,90,2022-08-17,120.13,0.1773070269881546,10.0,3,0,115.88401087982507,nitrogen,held_out_location
Scottsbluff|n150|6|13,Scottsbluff,n150,6,13,PHP02 X LH185,90,2022-08-17,120.61,0.0926960997822213,10.0,3,0,115.88401087982507,nitrogen,held_out_location
Scottsbluff|n150|9|13,Scottsbluff,n150,9,13,PHP02 X LH198,90,2022-08-17,169.14,0.2223167966676283,10.0,3,0,115.88401087982507,nitrogen,held_out_location
Scottsbluff|n150|25|13,Scottsbluff,n150,25,13,PHP02 X LH198,90,2022-08-17,153.72,0.2097460280337014,10.0,3,0,115.88401087982507,nitrogen,held_out_location
Scottsbluff|n150|18|11,Scottsbluff,n150,18,11,PHP02 X LH82,90,2022-08-17,101.56,0.2459591191361742,10.0,3,0,115.88401087982507,nitrogen,held_out_location
Scottsbluff|n150|3|15,Scottsbluff,n150,3,15,PHP02 X LH82,90,2022-08-17,133.58,0.1840975220896826,10.0,3,0,115.88401087982507,nitrogen,held_out_location
Scottsbluff|n150|3|13,Scottsbluff,n150,3,13,PHP02 X PHB47,90,2022-08-17,114.16,0.1712644333858328,10.0,3,0,115.88401087982507,nitrogen,held_out_location
Scottsbluff|n150|17|16,Scottsbluff,n150,17,16,PHP02 X PHB47,90,2022-08-17,162.31,0.2227355627413093,10.0,3,0,115.88401087982507,nitrogen,held_out_location
Scottsbluff|n150|5|13,Scottsbluff,n150,5,13,PHP02 X PHG47,90,2022-08-17,149.01,0.1239873012247286,10.0,3,0,115.88401087982507,nitrogen,held_out_location
Scottsbluff|n150|17|13,Scottsbluff,n150,17,13,PHP02 X PHG47,90,2022-08-17,152.86,0.2353382607931338,10.0,3,0,115.88401087982507,nitrogen,held_out_location
Scottsbluff|n150|20|12,Scottsbluff,n150,20,12,PHP02 X PHJ89,90,2022-08-17,167.3,0.2085319895352305,10.0,3,0,115.88401087982507,nitrogen,held_out_location
Scottsbluff|n150|3|17,Scottsbluff,n150,3,17,PHP02 X PHJ89,90,2022-08-17,168.21,0.2073819797534992,10.0,3,0,115.88401087982507,nitrogen,held_out_location
Scottsbluff|n150|12|15,Scottsbluff,n150,12,15,PHP02 X PHK56,90,2022-08-17,167.24,0.2883739186838907,10.0,3,0,115.88401087982507,nitrogen,held_out_location
Scottsbluff|n150|27|16,Scottsbluff,n150,27,16,PHP02 X PHK56,90,2022-08-17,148.08,0.1829046567576475,10.0,3,0,115.88401087982507,nitrogen,held_out_location
Scottsbluff|n150|18|14,Scottsbluff,n150,18,14,PHP02 X PHK76,90,2022-08-17,144.33,0.2296492122477781,10.0,3,0,115.88401087982507,nitrogen,held_out_location
Scottsbluff|n150|9|17,Scottsbluff,n150,9,17,PHP02 X PHK76,90,2022-08-17,170.82,0.2785824253979809,10.0,3,0,115.88401087982507,nitrogen,held_out_location
Scottsbluff|n150|12|13,Scottsbluff,n150,12,13,PHP02 X PHN46,90,2022-08-17,158.27,0.2496630786632137,10.0,3,0,115.88401087982507,nitrogen,held_out_location
Scottsbluff|n150|21|17,Scottsbluff,n150,21,17,PHP02 X PHN46,90,2022-08-17,169.63,0.2482199244132318,10.0,3,0,115.88401087982507,nitrogen,held_out_location
Scottsbluff|n150|13|14,Scottsbluff,n150,13,14,PHP02 X W606S,90,2022-08-17,186.18,0.3247242179747767,10.0,3,0,115.88401087982507,nitrogen,held_out_location
Scottsbluff|n150|15|16,Scottsbluff,n150,15,16,PHP02 X W606S,90,2022-08-17,167.2,0.1779650081212763,10.0,3,0,115.88401087982507,nitrogen,held_out_location
Scottsbluff|n150|23|12,Scottsbluff,n150,23,12,PHT69 X 3IIH6,90,2022-08-17,176.99,0.1835737067578421,10.0,3,0,115.88401087982507,nitrogen,held_out_location
Scottsbluff|n150|11|16,Scottsbluff,n150,11,16,PHT69 X 3IIH6,90,2022-08-17,140.86,0.3258530933310446,10.0,3,0,115.88401087982507,nitrogen,held_out_location
Scottsbluff|n150|24|11,Scottsbluff,n150,24,11,PHW52 X LH185,90,2022-08-17,167.36,0.1901515142372697,10.0,3,0,115.88401087982507,nitrogen,held_out_location
Scottsbluff|n150|14|16,Scottsbluff,n150,14,16,PHW52 X LH185,90,2022-08-17,159.01,0.2481523195013979,10.0,3,0,115.88401087982507,nitrogen,held_out_location
Scottsbluff|n150|14|11,Scottsbluff,n150,14,11,PHW52 X PHM49,90,2022-08-17,116.13,0.3336411822054492,10.0,3,0,115.88401087982507,nitrogen,held_out_location
Scottsbluff|n150|18|12,Scottsbluff,n150,18,12,PHW52 X PHM49,90,2022-08-17,144.19,0.2459699095213113,10.0,3,0,115.88401087982507,nitrogen,held_out_location
Scottsbluff|n150|21|12,Scottsbluff,n150,21,12,PHW52 X PHN82,90,2022-08-17,152.07,0.133158361363423,10.0,3,0,115.88401087982507,nitrogen,held_out_location
Scottsbluff|n150|6|17,Scottsbluff,n150,6,17,PHW52 X PHN82,90,2022-08-17,185.51,0.1321620470578561,10.0,3,0,115.88401087982507,nitrogen,held_out_location
Scottsbluff|n150|26|13,Scottsbluff,n150,26,13,PHW52 X PHZ51,90,2022-08-17,154.5,0.0923802479710842,10.0,3,0,115.88401087982507,nitrogen,held_out_location
Scottsbluff|n150|9|14,Scottsbluff,n150,9,14,PHW52 X PHZ51,90,2022-08-17,123.09,0.248298852526756,10.0,3,0,115.88401087982507,nitrogen,held_out_location
Scottsbluff|n150|14|12,Scottsbluff,n150,14,12,PHZ51 X LH145,90,2022-08-17,104.83,0.2727884887400701,10.0,3,0,115.88401087982507,nitrogen,held_out_location
Scottsbluff|n150|16|12,Scottsbluff,n150,16,12,PHZ51 X LH145,90,2022-08-17,87.99,0.3050269837411266,10.0,3,0,115.88401087982507,nitrogen,held_out_location
Scottsbluff|n150|17|11,Scottsbluff,n150,17,11,PIONEER 1311 AMXT,90,2022-08-17,99.84,0.246476816818267,10.0,3,0,115.88401087982507,nitrogen,held_out_location
Scottsbluff|n150|5|15,Scottsbluff,n150,5,15,PIONEER 1311 AMXT,90,2022-08-17,159.93,0.1282000971272879,10.0,3,0,115.88401087982507,nitrogen,held_out_location
Scottsbluff|n150|24|13,Scottsbluff,n150,24,13,PIONEER P0589 AMXT,90,2022-08-17,158.66,0.1710754465010149,10.0,3,0,115.88401087982507,nitrogen,held_out_location
Scottsbluff|n150|10|16,Scottsbluff,n150,10,16,PIONEER P0589 AMXT,90,2022-08-17,200.92,0.3310791917329906,10.0,3,0,115.88401087982507,nitrogen,held_out_location
Scottsbluff|n150|14|13,Scottsbluff,n150,14,13,SYNGENTA NK0760-3111,90,2022-08-17,188.72,0.291770811298392,10.0,3,0,115.88401087982507,nitrogen,held_out_location
Scottsbluff|n150|22|14,Scottsbluff,n150,22,14,SYNGENTA NK0760-3111,90,2022-08-17,72.24,0.1220519861853499,10.0,3,0,115.88401087982507,nitrogen,held_out_location
Scottsbluff|n150|24|15,Scottsbluff,n150,24,15,SYNGENTA NK0760-3111,90,2022-08-17,204.3,0.179598901889554,10.0,3,0,115.88401087982507,nitrogen,held_out_location
Scottsbluff|n150|7|17,Scottsbluff,n150,7,17,SYNGENTA NK0760-3111,90,2022-08-17,213.55,0.2548916765426674,10.0,3,0,115.88401087982507,nitrogen,held_out_location
Scottsbluff|n150|10|17,Scottsbluff,n150,10,17,SYNGENTA NK0760-3111,90,2022-08-17,216.31,0.2878004502437422,10.0,3,0,115.88401087982507,nitrogen,held_out_location
Scottsbluff|n150|11|17,Scottsbluff,n150,11,17,SYNGENTA NK0760-3111,90,2022-08-17,229.16,0.3031236308885479,10.0,3,0,115.88401087982507,nitrogen,held_out_location
Scottsbluff|n150|12|17,Scottsbluff,n150,12,17,SYNGENTA NK0760-3111,90,2022-08-17,216.9,0.3143447529488784,10.0,3,0,115.88401087982507,nitrogen,held_out_location
Scottsbluff|n150|13|17,Scottsbluff,n150,13,17,SYNGENTA NK0760-3111,90,2022-08-17,211.3,0.3348058182955186,10.0,3,0,115.88401087982507,nitrogen,held_out_location
Scottsbluff|n150|14|17,Scottsbluff,n150,14,17,SYNGENTA NK0760-3111,90,2022-08-17,222.53,0.2897401631747509,10.0,3,0,115.88401087982507,nitrogen,held_out_location
Scottsbluff|n150|22|17,Scottsbluff,n150,22,17,SYNGENTA NK0760-3111,90,2022-08-17,171.89,0.1797855255502493,10.0,3,0,115.88401087982507,nitrogen,held_out_location
Scottsbluff|n150|20|11,Scottsbluff,n150,20,11,WF9 X H95,90,2022-08-17,97.34,0.2803186285794179,10.0,3,0,115.88401087982507,nitrogen,held_out_location
Scottsbluff|n150|14|14,Scottsbluff,n150,14,14,WF9 X H95,90,2022-08-17,122.57,0.2858059652672589,10.0,3,0,115.88401087982507,nitrogen,held_out_location
Scottsbluff|n225|20|21,Scottsbluff,n225,20,21,2369 X 3IIH6,90,2022-08-17,183.83,0.2189593169584627,10.0,3,0,93.82802480258883,nitrogen,held_out_location
Scottsbluff|n225|11|22,Scottsbluff,n225,11,22,2369 X 3IIH6,90,2022-08-17,191.1,0.2516345100044433,10.0,3,0,93.82802480258883,nitrogen,held_out_location
Scottsbluff|n225|23|23,Scottsbluff,n225,23,23,2369 X LH123HT,90,2022-08-17,156.34,0.1183258454783593,10.0,3,0,93.82802480258883,nitrogen,held_out_location
Scottsbluff|n225|11|25,Scottsbluff,n225,11,25,2369 X LH123HT,90,2022-08-17,165.5,0.2502303645034678,10.0,3,0,93.82802480258883,nitrogen,held_out_location
Scottsbluff|n225|21|20,Scottsbluff,n225,21,20,2369 X PHN82,90,2022-08-17,184.3,0.1664208477290504,10.0,3,0,93.82802480258883,nitrogen,held_out_location
Scottsbluff|n225|9|22,Scottsbluff,n225,9,22,2369 X PHN82,90,2022-08-17,110.56,0.1904036801142263,10.0,3,0,93.82802480258883,nitrogen,held_out_location
Scottsbluff|n225|13|20,Scottsbluff,n225,13,20,2369 X PHP02,90,2022-08-17,200.64,0.2651537428201865,10.0,3,0,93.82802480258883,nitrogen,held_out_location
Scottsbluff|n225|19|25,Scottsbluff,n225,19,25,2369 X PHP02,90,2022-08-17,157.55,0.2199321102170542,10.0,3,0,93.82802480258883,nitrogen,held_out_location
Scottsbluff|n225|4|21,Scottsbluff,n225,4,21,2369 X PHZ51,90,2022-08-17,188.97,0.1778808530272702,10.0,3,0,93.82802480258883,nitrogen,held_out_location
Scottsbluff|n225|20|22,Scottsbluff,n225,20,22,2369 X PHZ51,90,2022-08-17,181.77,0.1767005824236505,10.0,3,0,93.82802480258883,nitrogen,held_out_location
Scottsbluff|n225|5|25,Scottsbluff,n225,5,25,2FACC X 3IIH6,90,2022-08-17,194.4,0.1091269099361079,10.0,3,0,93.82802480258883,nitrogen,held_out_location
Scottsbluff|n225|25|25,Scottsbluff,n225,25,25,2FACC X 3IIH6,90,2022-08-17,192.47,0.1779125910232459,10.0,3,0,93.82802480258883,nitrogen,held_out_location
Scottsbluff|n225|24|20,Scottsbluff,n225,24,20,4N506 X 3IIH6,90,2022-08-17,161.62,0.1505539457295999,10.0,3,0,93.82802480258883,nitrogen,held_out_location
Scottsbluff|n225|3|25,Scottsbluff,n225,3,25,4N506 X 3IIH6,90,2022-08-17,182.26,0.2018080432487315,10.0,3,0,93.82802480258883,nitrogen,held_out_location
Scottsbluff|n225|3|21,Scottsbluff,n225,3,21,B105 X 3IIH6,90,2022-08-17,179.06,0.20442495644848,10.0,3,0,93.82802480258883,nitrogen,held_out_location
Scottsbluff|n225|27|22,Scottsbluff,n225,27,22,B105 X 3IIH6,90,2022-08-17,128.68,0.1472551202366595,10.0,3,0,93.82802480258883,nitrogen,held_out_location
Scottsbluff|n225|12|24,Scottsbluff,n225,12,24,B14A X MO17,90,2022-08-17,52.55,0.2421822587551219,10.0,3,0,93.82802480258883,nitrogen,held_out_location
Scottsbluff|n225|25|24,Scottsbluff,n225,25,24,B14A X MO17,90,2022-08-17,135.56,0.1960487297682873,10.0,3,0,93.82802480258883,nitrogen,held_out_location
Scottsbluff|n225|5|21,Scottsbluff,n225,5,21,B37 X H95,90,2022-08-17,177.0,0.1126824629317808,10.0,3,0,93.82802480258883,nitrogen,held_out_location
Scottsbluff|n225|24|24,Scottsbluff,n225,24,24,B37 X H95,90,2022-08-17,109.55,0.1554564663467493,10.0,3,0,93.82802480258883,nitrogen,held_out_location
Scottsbluff|n225|20|24,Scottsbluff,n225,20,24,B37 X MO17,90,2022-08-17,97.58,0.2825853969115995,10.0,3,0,93.82802480258883,nitrogen,held_out_location
Scottsbluff|n225|6|26,Scottsbluff,n225,6,26,B37 X MO17,90,2022-08-17,167.69,0.067149077709661,10.0,3,0,93.82802480258883,nitrogen,held_out_location
Scottsbluff|n225|12|20,Scottsbluff,n225,12,20,B37 X OH43,90,2022-08-17,152.58,0.3035703970291664,10.0,3,0,93.82802480258883,nitrogen,held_out_location
Scottsbluff|n225|24|22,Scottsbluff,n225,24,22,B37 X OH43,90,2022-08-17,141.57,0.1054048903810167,10.0,3,0,93.82802480258883,nitrogen,held_out_location
Scottsbluff|n225|10|20,Scottsbluff,n225,10,20,B73 X 3IIH6,90,2022-08-17,225.69,0.3207163340479265,10.0,3,0,93.82802480258883,nitrogen,held_out_location
Scottsbluff|n225|22|26,Scottsbluff,n225,22,26,B73 X 3IIH6,90,2022-08-17,204.14,0.0865287498227196,10.0,3,0,93.82802480258883,nitrogen,held_out_location
Scottsbluff|n225|14|20,Scottsbluff,n225,14,20,B73 X MO17,90,2022-08-17,187.73,0.2479712168589078,10.0,3,0,93.82802480258883,nitrogen,held_out_location
Scottsbluff|n225|13|21,Scottsbluff,n225,13,21,B73 X PHM49,90,2022-08-17,175.38,0.1982172031953942,10.0,3,0,93.82802480258883,nitrogen,held_out_location
Scottsbluff|n225|26|24,Scottsbluff,n225,26,24,B73 X PHM49,90,2022-08-17,159.07,0.1828796931576287,10.0,3,0,93.82802480258883,nitrogen,held_out_location
Scottsbluff|n225|10|21,Scottsbluff,n225,10,21,B73 X PHN82,90,2022-08-17,189.74,0.3104021700848441,10.0,3,0,93.82802480258883,nitrogen,held_out_location
Scottsbluff|n225|26|22,Scottsbluff,n225,26,22,B73 X PHN82,90,2022-08-17,149.28,0.1385656520940974,10.0,3,0,93.82802480258883,nitrogen,held_out_location
Scottsbluff|n225|7|20,Scottsbluff,n225,7,20,B73 X PHZ51,90,2022-08-17,197.85,0.2289408028160446,10.0,3,0,93.82802480258883,nitrogen,held_out_location
Scottsbluff|n225|20|25,Scottsbluff,n225,20,25,B73 X PHZ51,90,2022-08-17,162.67,0.2717093195312066,10.0,3,0,93.82802480258883,nitrogen,held_out_location
Scottsbluff|n225|4|23,Scottsbluff,n225,4,23,B84 X 3IIH6,90,2022-08-17,166.29,0.1645820061852155,10.0,3,0,93.82802480258883,nitrogen,held_out_location
Scottsbluff|n225|26|23,Scottsbluff,n225,26,23,B84 X 3IIH6,90,2022-08-17,153.48,0.1442017096215769,10.0,3,0,93.82802480258883,nitrogen,held_out_location
Scottsbluff|n225|6|25,Scottsbluff,n225,6,25,F42 X MO17,90,2022-08-17,198.41,0.1114547122775656,10.0,3,0,93.82802480258883,nitrogen,held_out_location
Scottsbluff|n225|21|25,Scottsbluff,n225,21,25,F42 X MO17,90,2022-08-17,149.6,0.2064904179326134,10.0,3,0,93.82802480258883,nitrogen,held_out_location
Scottsbluff|n225|27|20,Scottsbluff,n225,27,20,F42 X OH43,90,2022-08-17,169.09,0.1869980166360348,10.0,3,0,93.82802480258883,nitrogen,held_out_location
Scottsbluff|n225|13|25,Scottsbluff,n225,13,25,F42 X OH43,90,2022-08-17,150.31,0.2023322256925132,10.0,3,0,93.82802480258883,nitrogen,held_out_location
Scottsbluff|n225|15|21,Scottsbluff,n225,15,21,HOEGEMEYER 7089 AMXT,90,2022-08-17,190.52,0.1848866791750358,10.0,3,0,93.82802480258883,nitrogen,held_out_location
Scottsbluff|n225|5|26,Scottsbluff,n225,5,26,HOEGEMEYER 7089 AMXT,90,2022-08-17,208.89,0.1120018094537054,10.0,3,0,93.82802480258883,nitrogen,held_out_location
Scottsbluff|n225|16|23,Scottsbluff,n225,16,23,HOEGEMEYER 8065RR,90,2022-08-17,183.21,0.225323645020969,10.0,3,0,93.82802480258883,nitrogen,held_out_location
Scottsbluff|n225|9|20,Scottsbluff,n225,9,20,LH123HT X 3IIH6,90,2022-08-17,188.91,0.2511025557617912,10.0,3,0,93.82802480258883,nitrogen,held_out_location
Scottsbluff|n225|25|21,Scottsbluff,n225,25,21,LH123HT X 3IIH6,90,2022-08-17,138.27,0.1773380605463875,10.0,3,0,93.82802480258883,nitrogen,held_out_location
Scottsbluff|n225|17|20,Scottsbluff,n225,17,20,LH123HT X PHB47,90,2022-08-17,182.31,0.1808351141301043,10.0,3,0,93.82802480258883,nitrogen,held_out_location
Scottsbluff|n225|10|23,Scottsbluff,n225,10,23,LH123HT X PHB47,90,2022-08-17,131.48,0.2631538970522021,10.0,3,0,93.82802480258883,nitrogen,held_out_location
Scottsbluff|n225|5|23,Scottsbluff,n225,5,23,LH145 X LH162,90,2022-08-17,149.68,0.1134992424271721,10.0,3,0,93.82802480258883,nitrogen,held_out_location
Scottsbluff|n225|25|23,Scottsbluff,n225,25,23,LH145 X LH162,90,2022-08-17,121.17,0.1258175115459862,10.0,3,0,93.82802480258883,nitrogen,held_out_location
Scottsbluff|n225|19|22,Scottsbluff,n225,19,22,LH185 X LH145,90,2022-08-17,145.69,0.1504981044563778,10.0,3,0,93.82802480258883,nitrogen,held_out_location
Scottsbluff|n225|19|26,Scottsbluff,n225,19,26,LH185 X LH82,90,2022-08-17,167.3,0.1283900489722851,10.0,3,0,93.82802480258883,nitrogen,held_out_location
Scottsbluff|n225|18|20,Scottsbluff,n225,18,20,LH185 X W606S,90,2022-08-17,154.69,0.1705441292539116,10.0,3,0,93.82802480258883,nitrogen,held_out_location
Scottsbluff|n225|12|21,Scottsbluff,n225,12,21,LH195 X 3IIH6,90,2022-08-17,185.06,0.2731029933719392,10.0,3,0,93.82802480258883,nitrogen,held_out_location
Scottsbluff|n225|22|25,Scottsbluff,n225,22,25,LH195 X 3IIH6,90,2022-08-17,206.18,0.1035930191166962,10.0,3,0,93.82802480258883,nitrogen,held_out_location
Scottsbluff|n225|26|21,Scottsbluff,n225,26,21,LH195 X LH123HT,90,2022-08-17,170.4,0.1460192877221502,10.0,3,0,93.82802480258883,nitrogen,held_out_location
Scottsbluff|n225|7|22,Scottsbluff,n225,7,22,LH195 X LH123HT,90,2022-08-17,134.64,0.2566802901815685,10.0,3,0,93.82802480258883,nitrogen,held_out_location
Scottsbluff|n225|21|24,Scottsbluff,n225,21,24,LH195 X LH185,90,2022-08-17,91.79,0.252551554253465,10.0,3,0,93.82802480258883,nitrogen,held_out_location
Scottsbluff|n225|3|22,Scottsbluff,n225,3,22,LH195 X PHM49,90,2022-08-17,175.84,0.1867233703720041,10.0,3,0,93.82802480258883,nitrogen,held_out_location
Scottsbluff|n225|25|22,Scottsbluff,n225,25,22,LH195 X PHM49,90,2022-08-17,152.08,0.1630372324666733,10.0,3,0,93.82802480258883,nitrogen,held_out_location
Scottsbluff|n225|14|21,Scottsbluff,n225,14,21,LH195 X PHZ51,90,2022-08-17,168.76,0.1668295887758699,10.0,3,0,93.82802480258883,nitrogen,held_out_location
Scottsbluff|n225|27|24,Scottsbluff,n225,27,24,LH195 X PHZ51,90,2022-08-17,135.48,0.205440837219856,10.0,3,0,93.82802480258883,nitrogen,held_out_location
Scottsbluff|n225|5|20,Scottsbluff,n225,5,20,LH198 X PHB47,90,2022-08-17,176.93,0.1199818456199078,10.0,3,0,93.82802480258883,nitrogen,held_out_location
Scottsbluff|n225|18|23,Scottsbluff,n225,18,23,LH198 X PHB47,90,2022-08-17,145.7,0.1807751962645645,10.0,3,0,93.82802480258883,nitrogen,held_out_location
Scottsbluff|n225|10|22,Scottsbluff,n225,10,22,LH198 X PHZ51,90,2022-08-17,177.24,0.2344680789833466,10.0,3,0,93.82802480258883,nitrogen,held_out_location
Scottsbluff|n225|23|22,Scottsbluff,n225,23,22,LH198 X PHZ51,90,2022-08-17,176.83,0.1144329628603936,10.0,3,0,93.82802480258883,nitrogen,held_out_location
Scottsbluff|n225|22|22,Scottsbluff,n225,22,22,LH74 X PHM49,90,2022-08-17,177.56,0.1291995444010547,10.0,3,0,93.82802480258883,nitrogen,held_out_location
Scottsbluff|n225|14|24,Scottsbluff,n225,14,24,LH74 X PHM49,90,2022-08-17,105.78,0.1838257929613727,10.0,3,0,93.82802480258883,nitrogen,held_out_location
Scottsbluff|n225|23|25,Scottsbluff,n225,23,25,LH74 X PHN82,90,2022-08-17,172.43,0.1224907894824705,10.0,3,0,93.82802480258883,nitrogen,held_out_location
Scottsbluff|n225|7|26,Scottsbluff,n225,7,26,LH74 X PHN82,90,2022-08-17,188.58,0.1701742957255499,10.0,3,0,93.82802480258883,nitrogen,held_out_location
Scottsbluff|n225|21|22,Scottsbluff,n225,21,22,LH82 X PHB47,90,2022-08-17,111.22,0.1813819449916288,10.0,3,0,93.82802480258883,nitrogen,held_out_location
Scottsbluff|n225|4|26,Scottsbluff,n225,4,26,LH82 X PHB47,90,2022-08-17,163.65,0.0838859547011661,10.0,3,0,93.82802480258883,nitrogen,held_out_location
Scottsbluff|n225|3|20,Scottsbluff,n225,3,20,LH82 X PHJ89,90,2022-08-17,171.11,0.2187665072156225,10.0,3,0,93.82802480258883,nitrogen,held_out_location
Scottsbluff|n225|21|21,Scottsbluff,n225,21,21,LH82 X PHJ89,90,2022-08-17,144.62,0.1871718373999708,10.0,3,0,93.82802480258883,nitrogen,held_out_location
Scottsbluff|n225|20|20,Scottsbluff,n225,20,20,LH82 X W606S,90,2022-08-17,161.56,0.1765877945175917,10.0,3,0,93.82802480258883,nitrogen,held_out_location
Scottsbluff|n225|14|22,Scottsbluff,n225,14,22,LH82 X W606S,90,2022-08-17,103.35,0.1495498271067499,10.0,3,0,93.82802480258883,nitrogen,held_out_location
Scottsbluff|n225|6|23,Scottsbluff,n225,6,23,N209 X 3IIH6,90,2022-08-17,170.22,0.0833684198179165,10.0,3,0,93.82802480258883,nitrogen,held_out_location
Scottsbluff|n225|21|26,Scottsbluff,n225,21,26,N209 X 3IIH6,90,2022-08-17,190.99,0.1553183105624955,10.0,3,0,93.82802480258883,nitrogen,held_out_location
Scottsbluff|n225|22|21,Scottsbluff,n225,22,21,PHB47 X 3IIH6,90,2022-08-17,169.11,0.134652704116432,10.0,3,0,93.82802480258883,nitrogen,held_out_location
Scottsbluff|n225|3|26,Scottsbluff,n225,3,26,PHB47 X 3IIH6,90,2022-08-17,192.43,0.2199495669207303,10.0,3,0,93.82802480258883,nitrogen,held_out_location
Scottsbluff|n225|6|20,Scottsbluff,n225,6,20,PHB47 X LH185,90,2022-08-17,200.31,0.1202179954199623,10.0,3,0,93.82802480258883,nitrogen,held_out_location
Scottsbluff|n225|23|21,Scottsbluff,n225,23,21,PHB47 X LH185,90,2022-08-17,169.94,0.1675932648565858,10.0,3,0,93.82802480258883,nitrogen,held_out_location
Scottsbluff|n225|27|25,Scottsbluff,n225,27,25,PHB47 X PHJ89,90,2022-08-17,147.28,0.192188477844003,10.0,3,0,93.82802480258883,nitrogen,held_out_location
Scottsbluff|n225|25|20,Scottsbluff,n225,25,20,PHB47 X PHK56,90,2022-08-17,169.45,0.1791258249191561,10.0,3,0,93.82802480258883,nitrogen,held_out_location
Scottsbluff|n225|13|23,Scottsbluff,n225,13,23,PHB47 X PHK56,90,2022-08-17,172.49,0.2092953968289503,10.0,3,0,93.82802480258883,nitrogen,held_out_location
Scottsbluff|n225|8|21,Scottsbluff,n225,8,21,PHG39 X PHM49,90,2022-08-17,182.09,0.2106249801352486,10.0,3,0,93.82802480258883,nitrogen,held_out_location
Scottsbluff|n225|27|23,Scottsbluff,n225,27,23,PHG39 X PHM49,90,2022-08-17,154.98,0.1823943481194625,10.0,3,0,93.82802480258883,nitrogen,held_out_location
Scottsbluff|n225|20|23,Scottsbluff,n225,20,23,PHG39 X PHN82,90,2022-08-17,161.93,0.1962099399693694,10.0,3,0,93.82802480258883,nitrogen,held_out_location
Scottsbluff|n225|5|22,Scottsbluff,n225,5,22,PHJ40 X LH82,90,2022-08-17,139.37,0.1194574072743108,10.0,3,0,93.82802480258883,nitrogen,held_out_location
Scottsbluff|n225|19|24,Scottsbluff,n225,19,24,PHJ40 X LH82,90,2022-08-17,130.02,0.2636691467035563,10.0,3,0,93.82802480258883,nitrogen,held_out_location
Scottsbluff|n225|9|21,Scottsbluff,n225,9,21,PHK56 X 3IIH6,90,2022-08-17,172.69,0.2532381217574816,10.0,3,0,93.82802480258883,nitrogen,held_out_location
Scottsbluff|n225|16|26,Scottsbluff,n225,16,26,PHK56 X LH145,90,2022-08-17,137.65,0.1389349963281287,10.0,3,0,93.82802480258883,nitrogen,held_out_location
Scottsbluff|n225|8|20,Scottsbluff,n225,8,20,PHK56 X LH198,90,2022-08-17,218.19,0.2508185570260146,10.0,3,0,93.82802480258883,nitrogen,held_out_location
Scottsbluff|n225|22|20,Scottsbluff,n225,22,20,PHK56 X LH198,90,2022-08-17,187.17,0.1617330042068969,10.0,3,0,93.82802480258883,nitrogen,held_out_location
Scottsbluff|n225|11|20,Scottsbluff,n225,11,20,PHK56 X LH82,90,2022-08-17,179.59,0.3074966931064127,10.0,3,0,93.82802480258883,nitrogen,held_out_location
Scottsbluff|n225|17|22,Scottsbluff,n225,17,22,PHK56 X LH82,90,2022-08-17,127.99,0.2219005828986572,10.0,3,0,93.82802480258883,nitrogen,held_out_location
Scottsbluff|n225|23|20,Scottsbluff,n225,23,20,PHK56 X PHJ89,90,2022-08-17,158.48,0.1524519385681441,10.0,3,0,93.82802480258883,nitrogen,held_out_location
Scottsbluff|n225|8|23,Scottsbluff,n225,8,23,PHK56 X PHJ89,90,2022-08-17,161.03,0.1744610631275893,10.0,3,0,93.82802480258883,nitrogen,held_out_location
Scottsbluff|n225|19|20,Scottsbluff,n225,19,20,PHK56 X W606S,90,2022-08-17,157.06,0.157746420618936,10.0,3,0,93.82802480258883,nitrogen,held_out_location
Scottsbluff|n225|6|22,Scottsbluff,n225,6,22,PHK76 X 3IIH6,90,2022-08-17,133.89,0.0933736798291149,10.0,3,0,93.82802480258883,nitrogen,held_out_location
Scottsbluff|n225|18|26,Scottsbluff,n225,18,26,PHK76 X 3IIH6,90,2022-08-17,171.91,0.243547335582304,10.0,3,0,93.82802480258883,nitrogen,held_out_location
Scottsbluff|n225|6|21,Scottsbluff,n225,6,21,PHK76 X LH145,90,2022-08-17,145.01,0.1257413011901684,10.0,3,0,93.82802480258883,nitrogen,held_out_location
Scottsbluff|n225|16|25,Scottsbluff,n225,16,25,PHK76 X LH145,90,2022-08-17,113.88,0.2605875277818377,10.0,3,0,93.82802480258883,nitrogen,held_out_location
Scottsbluff|n225|4|22,Scottsbluff,n225,4,22,PHK76 X LH198,90,2022-08-17,109.99,0.1313324381706722,10.0,3,0,93.82802480258883,nitrogen,held_out_location
Scottsbluff|n225|17|23,Scottsbluff,n225,17,23,PHK76 X LH198,90,2022-08-17,153.04,0.2522234424973615,10.0,3,0,93.82802480258883,nitrogen,held_out_location
Scottsbluff|n225|4|20,Scottsbluff,n225,4,20,PHK76 X LH82,90,2022-08-17,162.67,0.1654819148470353,10.0,3,0,93.82802480258883,nitrogen,held_out_location
Scottsbluff|n225|15|25,Scottsbluff,n225,15,25,PHK76 X W606S,90,2022-08-17,134.67,0.2565940397393559,10.0,3,0,93.82802480258883,nitrogen,held_out_location
Scottsbluff|n225|18|21,Scottsbluff,n225,18,21,PHN46 X PHB47,90,2022-08-17,152.16,0.1812409585462104,10.0,3,0,93.82802480258883,nitrogen,held_out_location
Scottsbluff|n225|11|23,Scottsbluff,n225,11,23,PHN46 X PHB47,90,2022-08-17,178.53,0.2589325520623691,10.0,3,0,93.82802480258883,nitrogen,held_out_location
Scottsbluff|n225|12|22,Scottsbluff,n225,12,22,PHN46 X PHK56,90,2022-08-17,162.02,0.2059972662723324,10.0,3,0,93.82802480258883,nitrogen,held_out_location
Scottsbluff|n225|15|24,Scottsbluff,n225,15,24,PHN46 X PHK56,90,2022-08-17,56.64,0.2307121685025309,10.0,3,0,93.82802480258883,nitrogen,held_out_location
Scottsbluff|n225|8|22,Scottsbluff,n225,8,22,PHN46 X W606S,90,2022-08-17,129.2,0.1998062393372464,10.0,3,0,93.82802480258883,nitrogen,held_out_location
Scottsbluff|n225|19|23,Scottsbluff,n225,19,23,PHN46 X W606S,90,2022-08-17,156.35,0.1861873118634563,10.0,3,0,93.82802480258883,nitrogen,held_out_location
Scottsbluff|n225|15|22,Scottsbluff,n225,15,22,PHP02 X LH145,90,2022-08-17,78.75,0.1317611264492774,10.0,3,0,93.82802480258883,nitrogen,held_out_location
Scottsbluff|n225|13|24,Scottsbluff,n225,13,24,PHP02 X LH145,90,2022-08-17,49.68,0.1819574933827387,10.0,3,0,93.82802480258883,nitrogen,held_out_location
Scottsbluff|n225|18|22,Scottsbluff,n225,18,22,PHP02 X LH185,90,2022-08-17,155.97,0.127968750817324,10.0,3,0,93.82802480258883,nitrogen,held_out_location
Scottsbluff|n225|14|23,Scottsbluff,n225,14,23,PHP02 X LH185,90,2022-08-17,124.67,0.1851510445811726,10.0,3,0,93.82802480258883,nitrogen,held_out_location
Scottsbluff|n225|17|21,Scottsbluff,n225,17,21,PHP02 X LH198,90,2022-08-17,185.73,0.1749379014989294,10.0,3,0,93.82802480258883,nitrogen,held_out_location
Scottsbluff|n225|14|25,Scottsbluff,n225,14,25,PHP02 X LH198,90,2022-08-17,186.79,0.2017303238270613,10.0,3,0,93.82802480258883,nitrogen,held_out_location
Scottsbluff|n225|8|26,Scottsbluff,n225,8,26,PHP02 X LH82,90,2022-08-17,165.12,0.1845728479426343,10.0,3,0,93.82802480258883,nitrogen,held_out_location
Scottsbluff|n225|15|26,Scottsbluff,n225,15,26,PHP02 X LH82,90,2022-08-17,137.51,0.1889436056709938,10.0,3,0,93.82802480258883,nitrogen,held_out_location
Scottsbluff|n225|12|23,Scottsbluff,n225,12,23,PHP02 X PHB47,90,2022-08-17,161.65,0.2429879920654352,10.0,3,0,93.82802480258883,nitrogen,held_out_location
Scottsbluff|n225|24|23,Scottsbluff,n225,24,23,PHP02 X PHB47,90,2022-08-17,153.89,0.1530394781400218,10.0,3,0,93.82802480258883,nitrogen,held_out_location
Scottsbluff|n225|16|21,Scottsbluff,n225,16,21,PHP02 X PHG47,90,2022-08-17,161.38,0.2624629498010513,10.0,3,0,93.82802480258883,nitrogen,held_out_location
Scottsbluff|n225|18|25,Scottsbluff,n225,18,25,PHP02 X PHJ89,90,2022-08-17,182.68,0.2656242400519198,10.0,3,0,93.82802480258883,nitrogen,held_out_location
Scottsbluff|n225|16|20,Scottsbluff,n225,16,20,PHP02 X PHK56,90,2022-08-17,206.27,0.1824060803864411,10.0,3,0,93.82802480258883,nitrogen,held_out_location
Scottsbluff|n225|9|23,Scottsbluff,n225,9,23,PHP02 X PHK56,90,2022-08-17,191.02,0.2335595482638921,10.0,3,0,93.82802480258883,nitrogen,held_out_location
Scottsbluff|n225|7|21,Scottsbluff,n225,7,21,PHP02 X PHK76,90,2022-08-17,178.66,0.2315195163863757,10.0,3,0,93.82802480258883,nitrogen,held_out_location
Scottsbluff|n225|15|23,Scottsbluff,n225,15,23,PHP02 X PHK76,90,2022-08-17,152.47,0.2134726442090686,10.0,3,0,93.82802480258883,nitrogen,held_out_location
Scottsbluff|n225|11|21,Scottsbluff,n225,11,21,PHP02 X PHN46,90,2022-08-17,157.76,0.2845718826674783,10.0,3,0,93.82802480258883,nitrogen,held_out_location
Scottsbluff|n225|19|21,Scottsbluff,n225,19,21,PHP02 X W606S,90,2022-08-17,171.84,0.1667521447860374,10.0,3,0,93.82802480258883,nitrogen,held_out_location
Scottsbluff|n225|9|26,Scottsbluff,n225,9,26,PHP02 X W606S,90,2022-08-17,198.16,0.1700963692657067,10.0,3,0,93.82802480258883,nitrogen,held_out_location
Scottsbluff|n225|22|24,Scottsbluff,n225,22,24,PHT69 X 3IIH6,90,2022-08-17,67.73,0.1821525164885447,10.0,3,0,93.82802480258883,nitrogen,held_out_location
Scottsbluff|n225|4|25,Scottsbluff,n225,4,25,PHT69 X 3IIH6,90,2022-08-17,180.85,0.1159450435464045,10.0,3,0,93.82802480258883,nitrogen,held_out_location
Scottsbluff|n225|10|25,Scottsbluff,n225,10,25,PHW52 X LH185,90,2022-08-17,156.59,0.248106089912073,10.0,3,0,93.82802480258883,nitrogen,held_out_location
Scottsbluff|n225|24|25,Scottsbluff,n225,24,25,PHW52 X LH185,90,2022-08-17,180.42,0.1146874501812023,10.0,3,0,93.82802480258883,nitrogen,held_out_location
Scottsbluff|n225|3|23,Scottsbluff,n225,3,23,PHW52 X PHM49,90,2022-08-17,146.34,0.1527824008142503,10.0,3,0,93.82802480258883,nitrogen,held_out_location
Scottsbluff|n225|26|25,Scottsbluff,n225,26,25,PHW52 X PHM49,90,2022-08-17,165.3,0.1879070061800622,10.0,3,0,93.82802480258883,nitrogen,held_out_location
Scottsbluff|n225|7|23,Scottsbluff,n225,7,23,PHW52 X PHN82,90,2022-08-17,170.65,0.2496598224883048,10.0,3,0,93.82802480258883,nitrogen,held_out_location
Scottsbluff|n225|20|26,Scottsbluff,n225,20,26,PHW52 X PHN82,90,2022-08-17,178.96,0.1814440985061043,10.0,3,0,93.82802480258883,nitrogen,held_out_location
Scottsbluff|n225|24|21,Scottsbluff,n225,24,21,PHW52 X PHZ51,90,2022-08-17,155.63,0.1712374494226861,10.0,3,0,93.82802480258883,nitrogen,held_out_location
Scottsbluff|n225|26|20,Scottsbluff,n225,26,20,PHZ51 X LH145,90,2022-08-17,157.86,0.1475027036008596,10.0,3,0,93.82802480258883,nitrogen,held_out_location
Scottsbluff|n225|8|25,Scottsbluff,n225,8,25,PHZ51 X LH145,90,2022-08-17,122.94,0.1488445605356927,10.0,3,0,93.82802480258883,nitrogen,held_out_location
Scottsbluff|n225|15|20,Scottsbluff,n225,15,20,PIONEER 1311 AMXT,90,2022-08-17,200.52,0.2472968195049196,10.0,3,0,93.82802480258883,nitrogen,held_out_location
Scottsbluff|n225|12|25,Scottsbluff,n225,12,25,PIONEER 1311 AMXT,90,2022-08-17,199.14,0.2257230989869907,10.0,3,0,93.82802480258883,nitrogen,held_out_location
Scottsbluff|n225|7|25,Scottsbluff,n225,7,25,PIONEER P0589 AMXT,90,2022-08-17,204.04,0.2138705982236236,10.0,3,0,93.82802480258883,nitrogen,held_out_location
Scottsbluff|n225|17|26,Scottsbluff,n225,17,26,PIONEER P0589 AMXT,90,2022-08-17,205.2,0.1854626348092956,10.0,3,0,93.82802480258883,nitrogen,held_out_location
Scottsbluff|n225|27|21,Scottsbluff,n225,27,21,SYNGENTA NK0760-3111,90,2022-08-17,189.76,0.2346130794587492,10.0,3,0,93.82802480258883,nitrogen,held_out_location
Scottsbluff|n225|22|23,Scottsbluff,n225,22,23,SYNGENTA NK0760-3111,90,2022-08-17,84.42,0.1122672347204143,10.0,3,0,93.82802480258883,nitrogen,held_out_location
Scottsbluff|n225|9|25,Scottsbluff,n225,9,25,SYNGENTA NK0760-3111,90,2022-08-17,214.1,0.180543127170299,10.0,3,0,93.82802480258883,nitrogen,held_out_location
Scottsbluff|n225|17|25,Scottsbluff,n225,17,25,SYNGENTA NK0760-3111,90,2022-08-17,196.51,0.2746492170691033,10.0,3,0,93.82802480258883,nitrogen,held_out_location
Scottsbluff|n225|10|26,Scottsbluff,n225,10,26,SYNGENTA NK0760-3111,90,2022-08-17,206.41,0.2187632256903554,10.0,3,0,93.82802480258883,nitrogen,held_out_location
Scottsbluff|n225|11|26,Scottsbluff,n225,11,26,SYNGENTA NK0760-3111,90,2022-08-17,213.39,0.2382130937881639,10.0,3,0,93.82802480258883,nitrogen,held_out_location
Scottsbluff|n225|12|26,Scottsbluff,n225,12,26,SYNGENTA NK0760-3111,90,2022-08-17,227.3,0.1931436137748399,10.0,3,0,93.82802480258883,nitrogen,held_out_location
Scottsbluff|n225|13|26,Scottsbluff,n225,13,26,SYNGENTA NK0760-3111,90,2022-08-17,219.07,0.1258559986688405,10.0,3,0,93.82802480258883,nitrogen,held_out_location
Scottsbluff|n225|14|26,Scottsbluff,n225,14,26,SYNGENTA NK0760-3111,90,2022-08-17,180.48,0.1469005960682232,10.0,3,0,93.82802480258883,nitrogen,held_out_location
Scottsbluff|n225|13|22,Scottsbluff,n225,13,22,WF9 X H95,90,2022-08-17,70.31,0.1856925689569443,10.0,3,0,93.82802480258883,nitrogen,held_out_location
Scottsbluff|n225|23|24,Scottsbluff,n225,23,24,WF9 X H95,90,2022-08-17,98.09,0.1718845346922733,10.0,3,0,93.82802480258883,nitrogen,held_out_location
