path,error,mode,location,experiment,range,row,timepoint,width,height,plot_id,image_date,matched_plot
UAV/Ames/TP1/Ames-TP1-4231_10_2.PNG,,RGBA,Ames,4231,10,2,TP1,357,702,Ames|4231|10|2,2022-07-12,True
UAV/Ames/TP1/Ames-TP1-4231_10_3.PNG,,RGBA,Ames,4231,10,3,TP1,356,702,Ames|4231|10|3,2022-07-12,True
UAV/Ames/TP1/Ames-TP1-4231_10_4.PNG,,RGBA,Ames,4231,10,4,TP1,356,702,Ames|4231|10|4,2022-07-12,True
UAV/Ames/TP1/Ames-TP1-4231_10_5.PNG,,RGBA,Ames,4231,10,5,TP1,357,701,Ames|4231|10|5,2022-07-12,True
UAV/Ames/TP1/Ames-TP1-4231_10_6.PNG,,RGBA,Ames,4231,10,6,TP1,356,702,Ames|4231|10|6,2022-07-12,True
UAV/Ames/TP1/Ames-TP1-4231_10_7.PNG,,RGBA,Ames,4231,10,7,TP1,356,702,Ames|4231|10|7,2022-07-12,True
UAV/Ames/TP1/Ames-TP1-4231_11_2.PNG,,RGBA,Ames,4231,11,2,TP1,357,702,Ames|4231|11|2,2022-07-12,True
UAV/Ames/TP1/Ames-TP1-4231_11_3.PNG,,RGBA,Ames,4231,11,3,TP1,356,702,Ames|4231|11|3,2022-07-12,True
UAV/Ames/TP1/Ames-TP1-4231_11_4.PNG,,RGBA,Ames,4231,11,4,TP1,356,701,Ames|4231|11|4,2022-07-12,True
UAV/Ames/TP1/Ames-TP1-4231_11_5.PNG,,RGBA,Ames,4231,11,5,TP1,357,702,Ames|4231|11|5,2022-07-12,True
UAV/Ames/TP1/Ames-TP1-4231_11_6.PNG,,RGBA,Ames,4231,11,6,TP1,356,702,Ames|4231|11|6,2022-07-12,True
UAV/Ames/TP1/Ames-TP1-4231_11_7.PNG,,RGBA,Ames,4231,11,7,TP1,356,701,Ames|4231|11|7,2022-07-12,True
UAV/Ames/TP1/Ames-TP1-4231_12_2.PNG,,RGBA,Ames,4231,12,2,TP1,356,702,Ames|4231|12|2,2022-07-12,True
UAV/Ames/TP1/Ames-TP1-4231_12_3.PNG,,RGBA,Ames,4231,12,3,TP1,356,701,Ames|4231|12|3,2022-07-12,True
UAV/Ames/TP1/Ames-TP1-4231_12_4.PNG,,RGBA,Ames,4231,12,4,TP1,356,702,Ames|4231|12|4,2022-07-12,True
UAV/Ames/TP1/Ames-TP1-4231_12_5.PNG,,RGBA,Ames,4231,12,5,TP1,357,702,Ames|4231|12|5,2022-07-12,True
UAV/Ames/TP1/Ames-TP1-4231_12_6.PNG,,RGBA,Ames,4231,12,6,TP1,356,701,Ames|4231|12|6,2022-07-12,True
UAV/Ames/TP1/Ames-TP1-4231_12_7.PNG,,RGBA,Ames,4231,12,7,TP1,356,701,Ames|4231|12|7,2022-07-12,True
UAV/Ames/TP1/Ames-TP1-4231_13_2.PNG,,RGBA,Ames,4231,13,2,TP1,356,702,Ames|4231|13|2,2022-07-12,True
UAV/Ames/TP1/Ames-TP1-4231_13_3.PNG,,RGBA,Ames,4231,13,3,TP1,356,702,Ames|4231|13|3,2022-07-12,True
UAV/Ames/TP1/Ames-TP1-4231_13_4.PNG,,RGBA,Ames,4231,13,4,TP1,356,702,Ames|4231|13|4,2022-07-12,True
UAV/Ames/TP1/Ames-TP1-4231_13_5.PNG,,RGBA,Ames,4231,13,5,TP1,356,701,Ames|4231|13|5,2022-07-12,True
UAV/Ames/TP1/Ames-TP1-4231_13_6.PNG,,RGBA,Ames,4231,13,6,TP1,356,701,Ames|4231|13|6,2022-07-12,True
UAV/Ames/TP1/Ames-TP1-4231_13_7.PNG,,RGBA,Ames,4231,13,7,TP1,356,702,Ames|4231|13|7,2022-07-12,True
UAV/Ames/TP1/Ames-TP1-4231_14_2.PNG,,RGBA,Ames,4231,14,2,TP1,356,702,Ames|4231|14|2,2022-07-12,True
UAV/Ames/TP1/Ames-TP1-4231_14_3.PNG,,RGBA,Ames,4231,14,3,TP1,356,701,Ames|4231|14|3,2022-07-12,True
UAV/Ames/TP1/Ames-TP1-4231_14_4.PNG,,RGBA,Ames,4231,14,4,TP1,356,701,Ames|4231|14|4,2022-07-12,True
UAV/Ames/TP1/Ames-TP1-4231_14_5.PNG,,RGBA,Ames,4231,14,5,TP1,356,701,Ames|4231|14|5,2022-07-12,True
UAV/Ames/TP1/Ames-TP1-4231_14_6.PNG,,RGBA,Ames,4231,14,6,TP1,356,702,Ames|4231|14|6,2022-07-12,True
UAV/Ames/TP1/Ames-TP1-4231_14_7.PNG,,RGBA,Ames,4231,14,7,TP1,356,702,Ames|4231|14|7,2022-07-12,True
UAV/Ames/TP1/Ames-TP1-4231_15_2.PNG,,RGBA,Ames,4231,15,2,TP1,356,701,Ames|4231|15|2,2022-07-12,True
UAV/Ames/TP1/Ames-TP1-4231_15_3.PNG,,RGBA,Ames,4231,15,3,TP1,356,702,Ames|4231|15|3,2022-07-12,True
UAV/Ames/TP1/Ames-TP1-4231_15_4.PNG,,RGBA,Ames,4231,15,4,TP1,356,702,Ames|4231|15|4,2022-07-12,True
UAV/Ames/TP1/Ames-TP1-4231_15_5.PNG,,RGBA,Ames,4231,15,5,TP1,356,702,Ames|4231|15|5,2022-07-12,True
UAV/Ames/TP1/Ames-TP1-4231_15_6.PNG,,RGBA,Ames,4231,15,6,TP1,356,702,Ames|4231|15|6,2022-07-12,True
UAV/Ames/TP1/Ames-TP1-4231_15_7.PNG,,RGBA,Ames,4231,15,7,TP1,356,701,Ames|4231|15|7,2022-07-12,True
UAV/Ames/TP1/Ames-TP1-4231_16_2.PNG,,RGBA,Ames,4231,16,2,TP1,356,702,Ames|4231|16|2,2022-07-12,True
UAV/Ames/TP1/Ames-TP1-4231_16_3.PNG,,RGBA,Ames,4231,16,3,TP1,356,702,Ames|4231|16|3,2022-07-12,True
UAV/Ames/TP1/Ames-TP1-4231_16_4.PNG,,RGBA,Ames,4231,16,4,TP1,356,701,Ames|4231|16|4,2022-07-12,True
UAV/Ames/TP1/Ames-TP1-4231_16_5.PNG,,RGBA,Ames,4231,16,5,TP1,356,701,Ames|4231|16|5,2022-07-12,True
UAV/Ames/TP1/Ames-TP1-4231_16_6.PNG,,RGBA,Ames,4231,16,6,TP1,356,701,Ames|4231|16|6,2022-07-12,True
UAV/Ames/TP1/Ames-TP1-4231_16_7.PNG,,RGBA,Ames,4231,16,7,TP1,356,701,Ames|4231|16|7,2022-07-12,True
UAV/Ames/TP1/Ames-TP1-4231_17_2.PNG,,RGBA,Ames,4231,17,2,TP1,357,701,Ames|4231|17|2,2022-07-12,True
UAV/Ames/TP1/Ames-TP1-4231_17_3.PNG,,RGBA,Ames,4231,17,3,TP1,356,701,Ames|4231|17|3,2022-07-12,True
UAV/Ames/TP1/Ames-TP1-4231_17_4.PNG,,RGBA,Ames,4231,17,4,TP1,356,701,Ames|4231|17|4,2022-07-12,True
UAV/Ames/TP1/Ames-TP1-4231_17_5.PNG,,RGBA,Ames,4231,17,5,TP1,356,701,Ames|4231|17|5,2022-07-12,True
UAV/Ames/TP1/Ames-TP1-4231_17_6.PNG,,RGBA,Ames,4231,17,6,TP1,356,701,Ames|4231|17|6,2022-07-12,True
UAV/Ames/TP1/Ames-TP1-4231_17_7.PNG,,RGBA,Ames,4231,17,7,TP1,356,701,Ames|4231|17|7,2022-07-12,True
UAV/Ames/TP1/Ames-TP1-4231_18_2.PNG,,RGBA,Ames,4231,18,2,TP1,356,702,Ames|4231|18|2,2022-07-12,True
UAV/Ames/TP1/Ames-TP1-4231_18_3.PNG,,RGBA,Ames,4231,18,3,TP1,355,702,Ames|4231|18|3,2022-07-12,True
UAV/Ames/TP1/Ames-TP1-4231_18_4.PNG,,RGBA,Ames,4231,18,4,TP1,356,702,Ames|4231|18|4,2022-07-12,True
UAV/Ames/TP1/Ames-TP1-4231_18_5.PNG,,RGBA,Ames,4231,18,5,TP1,356,702,Ames|4231|18|5,2022-07-12,True
UAV/Ames/TP1/Ames-TP1-4231_18_6.PNG,,RGBA,Ames,4231,18,6,TP1,356,701,Ames|4231|18|6,2022-07-12,True
UAV/Ames/TP1/Ames-TP1-4231_18_7.PNG,,RGBA,Ames,4231,18,7,TP1,356,701,Ames|4231|18|7,2022-07-12,True
UAV/Ames/TP1/Ames-TP1-4231_19_2.PNG,,RGBA,Ames,4231,19,2,TP1,356,701,Ames|4231|19|2,2022-07-12,True
UAV/Ames/TP1/Ames-TP1-4231_19_3.PNG,,RGBA,Ames,4231,19,3,TP1,355,701,Ames|4231|19|3,2022-07-12,True
UAV/Ames/TP1/Ames-TP1-4231_19_4.PNG,,RGBA,Ames,4231,19,4,TP1,356,701,Ames|4231|19|4,2022-07-12,True
UAV/Ames/TP1/Ames-TP1-4231_19_5.PNG,,RGBA,Ames,4231,19,5,TP1,356,701,Ames|4231|19|5,2022-07-12,True
UAV/Ames/TP1/Ames-TP1-4231_19_6.PNG,,RGBA,Ames,4231,19,6,TP1,356,701,Ames|4231|19|6,2022-07-12,True
UAV/Ames/TP1/Ames-TP1-4231_19_7.PNG,,RGBA,Ames,4231,19,7,TP1,355,702,Ames|4231|19|7,2022-07-12,True
UAV/Ames/TP1/Ames-TP1-4231_1_2.PNG,,RGBA,Ames,4231,1,2,TP1,357,702,Ames|4231|1|2,2022-07-12,False
UAV/Ames/TP1/Ames-TP1-4231_1_3.PNG,,RGBA,Ames,4231,1,3,TP1,357,702,Ames|4231|1|3,2022-07-12,False
UAV/Ames/TP1/Ames-TP1-4231_1_4.PNG,,RGBA,Ames,4231,1,4,TP1,357,702,Ames|4231|1|4,2022-07-12,False
UAV/Ames/TP1/Ames-TP1-4231_1_5.PNG,,RGBA,Ames,4231,1,5,TP1,357,702,Ames|4231|1|5,2022-07-12,False
UAV/Ames/TP1/Ames-TP1-4231_1_6.PNG,,RGBA,Ames,4231,1,6,TP1,357,702,Ames|4231|1|6,2022-07-12,False
UAV/Ames/TP1/Ames-TP1-4231_1_7.PNG,,RGBA,Ames,4231,1,7,TP1,357,702,Ames|4231|1|7,2022-07-12,False
UAV/Ames/TP1/Ames-TP1-4231_20_2.PNG,,RGBA,Ames,4231,20,2,TP1,356,702,Ames|4231|20|2,2022-07-12,True
UAV/Ames/TP1/Ames-TP1-4231_20_3.PNG,,RGBA,Ames,4231,20,3,TP1,355,701,Ames|4231|20|3,2022-07-12,True
UAV/Ames/TP1/Ames-TP1-4231_20_4.PNG,,RGBA,Ames,4231,20,4,TP1,356,701,Ames|4231|20|4,2022-07-12,True
UAV/Ames/TP1/Ames-TP1-4231_20_5.PNG,,RGBA,Ames,4231,20,5,TP1,356,701,Ames|4231|20|5,2022-07-12,True
UAV/Ames/TP1/Ames-TP1-4231_20_6.PNG,,RGBA,Ames,4231,20,6,TP1,355,701,Ames|4231|20|6,2022-07-12,True
UAV/Ames/TP1/Ames-TP1-4231_20_7.PNG,,RGBA,Ames,4231,20,7,TP1,355,701,Ames|4231|20|7,2022-07-12,True
UAV/Ames/TP1/Ames-TP1-4231_21_2.PNG,,RGBA,Ames,4231,21,2,TP1,356,701,Ames|4231|21|2,2022-07-12,True
UAV/Ames/TP1/Ames-TP1-4231_21_3.PNG,,RGBA,Ames,4231,21,3,TP1,356,701,Ames|4231|21|3,2022-07-12,True
UAV/Ames/TP1/Ames-TP1-4231_21_4.PNG,,RGBA,Ames,4231,21,4,TP1,356,702,Ames|4231|21|4,2022-07-12,True
UAV/Ames/TP1/Ames-TP1-4231_21_5.PNG,,RGBA,Ames,4231,21,5,TP1,356,701,Ames|4231|21|5,2022-07-12,True
UAV/Ames/TP1/Ames-TP1-4231_21_6.PNG,,RGBA,Ames,4231,21,6,TP1,355,701,Ames|4231|21|6,2022-07-12,True
UAV/Ames/TP1/Ames-TP1-4231_21_7.PNG,,RGBA,Ames,4231,21,7,TP1,356,701,Ames|4231|21|7,2022-07-12,True
UAV/Ames/TP1/Ames-TP1-4231_22_2.PNG,,RGBA,Ames,4231,22,2,TP1,356,702,Ames|4231|22|2,2022-07-12,True
UAV/Ames/TP1/Ames-TP1-4231_22_3.PNG,,RGBA,Ames,4231,22,3,TP1,356,701,Ames|4231|22|3,2022-07-12,True
UAV/Ames/TP1/Ames-TP1-4231_22_4.PNG,,RGBA,Ames,4231,22,4,TP1,355,701,Ames|4231|22|4,2022-07-12,True
UAV/Ames/TP1/Ames-TP1-4231_22_5.PNG,,RGBA,Ames,4231,22,5,TP1,356,701,Ames|4231|22|5,2022-07-12,True
UAV/Ames/TP1/Ames-TP1-4231_22_6.PNG,,RGBA,Ames,4231,22,6,TP1,355,701,Ames|4231|22|6,2022-07-12,True
UAV/Ames/TP1/Ames-TP1-4231_22_7.PNG,,RGBA,Ames,4231,22,7,TP1,356,701,Ames|4231|22|7,2022-07-12,True
UAV/Ames/TP1/Ames-TP1-4231_23_2.PNG,,RGBA,Ames,4231,23,2,TP1,355,701,Ames|4231|23|2,2022-07-12,True
UAV/Ames/TP1/Ames-TP1-4231_23_3.PNG,,RGBA,Ames,4231,23,3,TP1,356,701,Ames|4231|23|3,2022-07-12,True
UAV/Ames/TP1/Ames-TP1-4231_23_4.PNG,,RGBA,Ames,4231,23,4,TP1,355,701,Ames|4231|23|4,2022-07-12,True
UAV/Ames/TP1/Ames-TP1-4231_23_5.PNG,,RGBA,Ames,4231,23,5,TP1,356,701,Ames|4231|23|5,2022-07-12,True
UAV/Ames/TP1/Ames-TP1-4231_23_6.PNG,,RGBA,Ames,4231,23,6,TP1,355,701,Ames|4231|23|6,2022-07-12,True
UAV/Ames/TP1/Ames-TP1-4231_23_7.PNG,,RGBA,Ames,4231,23,7,TP1,355,701,Ames|4231|23|7,2022-07-12,True
UAV/Ames/TP1/Ames-TP1-4231_24_2.PNG,,RGBA,Ames,4231,24,2,TP1,355,701,Ames|4231|24|2,2022-07-12,True
UAV/Ames/TP1/Ames-TP1-4231_24_3.PNG,,RGBA,Ames,4231,24,3,TP1,356,701,Ames|4231|24|3,2022-07-12,True
UAV/Ames/TP1/Ames-TP1-4231_24_4.PNG,,RGBA,Ames,4231,24,4,TP1,355,701,Ames|4231|24|4,2022-07-12,True
UAV/Ames/TP1/Ames-TP1-4231_24_5.PNG,,RGBA,Ames,4231,24,5,TP1,355,701,Ames|4231|24|5,2022-07-12,True
UAV/Ames/TP1/Ames-TP1-4231_24_6.PNG,,RGBA,Ames,4231,24,6,TP1,355,701,Ames|4231|24|6,2022-07-12,True
UAV/Ames/TP1/Ames-TP1-4231_24_7.PNG,,RGBA,Ames,4231,24,7,TP1,355,700,Ames|4231|24|7,2022-07-12,True
UAV/Ames/TP1/Ames-TP1-4231_25_2.PNG,,RGBA,Ames,4231,25,2,TP1,355,701,Ames|4231|25|2,2022-07-12,True
UAV/Ames/TP1/Ames-TP1-4231_25_3.PNG,,RGBA,Ames,4231,25,3,TP1,356,701,Ames|4231|25|3,2022-07-12,True
UAV/Ames/TP1/Ames-TP1-4231_25_4.PNG,,RGBA,Ames,4231,25,4,TP1,355,701,Ames|4231|25|4,2022-07-12,True
UAV/Ames/TP1/Ames-TP1-4231_25_5.PNG,,RGBA,Ames,4231,25,5,TP1,355,700,Ames|4231|25|5,2022-07-12,True
UAV/Ames/TP1/Ames-TP1-4231_25_6.PNG,,RGBA,Ames,4231,25,6,TP1,356,701,Ames|4231|25|6,2022-07-12,True
UAV/Ames/TP1/Ames-TP1-4231_25_7.PNG,,RGBA,Ames,4231,25,7,TP1,355,701,Ames|4231|25|7,2022-07-12,True
UAV/Ames/TP1/Ames-TP1-4231_26_2.PNG,,RGBA,Ames,4231,26,2,TP1,355,701,Ames|4231|26|2,2022-07-12,True
UAV/Ames/TP1/Ames-TP1-4231_26_3.PNG,,RGBA,Ames,4231,26,3,TP1,356,701,Ames|4231|26|3,2022-07-12,True
UAV/Ames/TP1/Ames-TP1-4231_26_4.PNG,,RGBA,Ames,4231,26,4,TP1,355,701,Ames|4231|26|4,2022-07-12,True
UAV/Ames/TP1/Ames-TP1-4231_26_5.PNG,,RGBA,Ames,4231,26,5,TP1,355,701,Ames|4231|26|5,2022-07-12,True
UAV/Ames/TP1/Ames-TP1-4231_26_6.PNG,,RGBA,Ames,4231,26,6,TP1,355,701,Ames|4231|26|6,2022-07-12,True
UAV/Ames/TP1/Ames-TP1-4231_26_7.PNG,,RGBA,Ames,4231,26,7,TP1,355,701,Ames|4231|26|7,2022-07-12,True
UAV/Ames/TP1/Ames-TP1-4231_27_2.PNG,,RGBA,Ames,4231,27,2,TP1,356,701,Ames|4231|27|2,2022-07-12,True
UAV/Ames/TP1/Ames-TP1-4231_27_3.PNG,,RGBA,Ames,4231,27,3,TP1,356,701,Ames|4231|27|3,2022-07-12,True
UAV/Ames/TP1/Ames-TP1-4231_27_4.PNG,,RGBA,Ames,4231,27,4,TP1,355,701,Ames|4231|27|4,2022-07-12,True
UAV/Ames/TP1/Ames-TP1-4231_27_5.PNG,,RGBA,Ames,4231,27,5,TP1,355,701,Ames|4231|27|5,2022-07-12,True
UAV/Ames/TP1/Ames-TP1-4231_27_6.PNG,,RGBA,Ames,4231,27,6,TP1,355,700,Ames|4231|27|6,2022-07-12,True
UAV/Ames/TP1/Ames-TP1-4231_27_7.PNG,,RGBA,Ames,4231,27,7,TP1,356,701,Ames|4231|27|7,2022-07-12,True
UAV/Ames/TP1/Ames-TP1-4231_28_2.PNG,,RGBA,Ames,4231,28,2,TP1,356,701,Ames|4231|28|2,2022-07-12,True
UAV/Ames/TP1/Ames-TP1-4231_28_3.PNG,,RGBA,Ames,4231,28,3,TP1,355,701,Ames|4231|28|3,2022-07-12,True
UAV/Ames/TP1/Ames-TP1-4231_28_4.PNG,,RGBA,Ames,4231,28,4,TP1,355,701,Ames|4231|28|4,2022-07-12,True
UAV/Ames/TP1/Ames-TP1-4231_28_5.PNG,,RGBA,Ames,4231,28,5,TP1,355,700,Ames|4231|28|5,2022-07-12,True
UAV/Ames/TP1/Ames-TP1-4231_28_6.PNG,,RGBA,Ames,4231,28,6,TP1,355,701,Ames|4231|28|6,2022-07-12,True
UAV/Ames/TP1/Ames-TP1-4231_28_7.PNG,,RGBA,Ames,4231,28,7,TP1,355,701,Ames|4231|28|7,2022-07-12,True
UAV/Ames/TP1/Ames-TP1-4231_29_2.PNG,,RGBA,Ames,4231,29,2,TP1,355,701,Ames|4231|29|2,2022-07-12,True
UAV/Ames/TP1/Ames-TP1-4231_29_3.PNG,,RGBA,Ames,4231,29,3,TP1,355,701,Ames|4231|29|3,2022-07-12,True
UAV/Ames/TP1/Ames-TP1-4231_29_4.PNG,,RGBA,Ames,4231,29,4,TP1,355,700,Ames|4231|29|4,2022-07-12,True
UAV/Ames/TP1/Ames-TP1-4231_29_5.PNG,,RGBA,Ames,4231,29,5,TP1,355,701,Ames|4231|29|5,2022-07-12,True
UAV/Ames/TP1/Ames-TP1-4231_29_6.PNG,,RGBA,Ames,4231,29,6,TP1,355,701,Ames|4231|29|6,2022-07-12,True
UAV/Ames/TP1/Ames-TP1-4231_29_7.PNG,,RGBA,Ames,4231,29,7,TP1,355,700,Ames|4231|29|7,2022-07-12,True
UAV/Ames/TP1/Ames-TP1-4231_2_2.PNG,,RGBA,Ames,4231,2,2,TP1,357,703,Ames|4231|2|2,2022-07-12,True
UAV/Ames/TP1/Ames-TP1-4231_2_3.PNG,,RGBA,Ames,4231,2,3,TP1,357,703,Ames|4231|2|3,2022-07-12,True
UAV/Ames/TP1/Ames-TP1-4231_2_4.PNG,,RGBA,Ames,4231,2,4,TP1,357,702,Ames|4231|2|4,2022-07-12,True
UAV/Ames/TP1/Ames-TP1-4231_2_5.PNG,,RGBA,Ames,4231,2,5,TP1,357,702,Ames|4231|2|5,2022-07-12,True
UAV/Ames/TP1/Ames-TP1-4231_2_6.PNG,,RGBA,Ames,4231,2,6,TP1,356,702,Ames|4231|2|6,2022-07-12,True
UAV/Ames/TP1/Ames-TP1-4231_2_7.PNG,,RGBA,Ames,4231,2,7,TP1,356,702,Ames|4231|2|7,2022-07-12,True
UAV/Ames/TP1/Ames-TP1-4231_30_2.PNG,,RGBA,Ames,4231,30,2,TP1,355,701,Ames|4231|30|2,2022-07-12,True
UAV/Ames/TP1/Ames-TP1-4231_30_3.PNG,,RGBA,Ames,4231,30,3,TP1,355,700,Ames|4231|30|3,2022-07-12,True
UAV/Ames/TP1/Ames-TP1-4231_30_4.PNG,,RGBA,Ames,4231,30,4,TP1,355,701,Ames|4231|30|4,2022-07-12,True
UAV/Ames/TP1/Ames-TP1-4231_30_5.PNG,,RGBA,Ames,4231,30,5,TP1,355,701,Ames|4231|30|5,2022-07-12,True
UAV/Ames/TP1/Ames-TP1-4231_30_6.PNG,,RGBA,Ames,4231,30,6,TP1,355,700,Ames|4231|30|6,2022-07-12,True
UAV/Ames/TP1/Ames-TP1-4231_30_7.PNG,,RGBA,Ames,4231,30,7,TP1,355,700,Ames|4231|30|7,2022-07-12,True
UAV/Ames/TP1/Ames-TP1-4231_31_2.PNG,,RGBA,Ames,4231,31,2,TP1,355,700,Ames|4231|31|2,2022-07-12,True
UAV/Ames/TP1/Ames-TP1-4231_31_3.PNG,,RGBA,Ames,4231,31,3,TP1,355,701,Ames|4231|31|3,2022-07-12,True
UAV/Ames/TP1/Ames-TP1-4231_31_4.PNG,,RGBA,Ames,4231,31,4,TP1,355,701,Ames|4231|31|4,2022-07-12,True
UAV/Ames/TP1/Ames-TP1-4231_31_5.PNG,,RGBA,Ames,4231,31,5,TP1,355,700,Ames|4231|31|5,2022-07-12,True
UAV/Ames/TP1/Ames-TP1-4231_31_6.PNG,,RGBA,Ames,4231,31,6,TP1,355,700,Ames|4231|31|6,2022-07-12,True
UAV/Ames/TP1/Ames-TP1-4231_31_7.PNG,,RGBA,Ames,4231,31,7,TP1,355,701,Ames|4231|31|7,2022-07-12,True
UAV/Ames/TP1/Ames-TP1-4231_3_2.PNG,,RGBA,Ames,4231,3,2,TP1,357,702,Ames|4231|3|2,2022-07-12,True
UAV/Ames/TP1/Ames-TP1-4231_3_3.PNG,,RGBA,Ames,4231,3,3,TP1,357,702,Ames|4231|3|3,2022-07-12,True
UAV/Ames/TP1/Ames-TP1-4231_3_4.PNG,,RGBA,Ames,4231,3,4,TP1,357,702,Ames|4231|3|4,2022-07-12,True
UAV/Ames/TP1/Ames-TP1-4231_3_5.PNG,,RGBA,Ames,4231,3,5,TP1,356,702,Ames|4231|3|5,2022-07-12,True
UAV/Ames/TP1/Ames-TP1-4231_3_6.PNG,,RGBA,Ames,4231,3,6,TP1,356,702,Ames|4231|3|6,2022-07-12,True
UAV/Ames/TP1/Ames-TP1-4231_3_7.PNG,,RGBA,Ames,4231,3,7,TP1,357,702,Ames|4231|3|7,2022-07-12,True
UAV/Ames/TP1/Ames-TP1-4231_4_2.PNG,,RGBA,Ames,4231,4,2,TP1,357,703,Ames|4231|4|2,2022-07-12,True
UAV/Ames/TP1/Ames-TP1-4231_4_3.PNG,,RGBA,Ames,4231,4,3,TP1,357,702,Ames|4231|4|3,2022-07-12,True
UAV/Ames/TP1/Ames-TP1-4231_4_4.PNG,,RGBA,Ames,4231,4,4,TP1,357,702,Ames|4231|4|4,2022-07-12,True
UAV/Ames/TP1/Ames-TP1-4231_4_5.PNG,,RGBA,Ames,4231,4,5,TP1,356,702,Ames|4231|4|5,2022-07-12,True
UAV/Ames/TP1/Ames-TP1-4231_4_6.PNG,,RGBA,Ames,4231,4,6,TP1,357,702,Ames|4231|4|6,2022-07-12,True
UAV/Ames/TP1/Ames-TP1-4231_4_7.PNG,,RGBA,Ames,4231,4,7,TP1,357,702,Ames|4231|4|7,2022-07-12,True
UAV/Ames/TP1/Ames-TP1-4231_5_2.PNG,,RGBA,Ames,4231,5,2,TP1,357,702,Ames|4231|5|2,2022-07-12,True
UAV/Ames/TP1/Ames-TP1-4231_5_3.PNG,,RGBA,Ames,4231,5,3,TP1,357,702,Ames|4231|5|3,2022-07-12,True
UAV/Ames/TP1/Ames-TP1-4231_5_4.PNG,,RGBA,Ames,4231,5,4,TP1,357,702,Ames|4231|5|4,2022-07-12,True
UAV/Ames/TP1/Ames-TP1-4231_5_5.PNG,,RGBA,Ames,4231,5,5,TP1,356,702,Ames|4231|5|5,2022-07-12,True
UAV/Ames/TP1/Ames-TP1-4231_5_6.PNG,,RGBA,Ames,4231,5,6,TP1,357,702,Ames|4231|5|6,2022-07-12,True
UAV/Ames/TP1/Ames-TP1-4231_5_7.PNG,,RGBA,Ames,4231,5,7,TP1,357,702,Ames|4231|5|7,2022-07-12,True
UAV/Ames/TP1/Ames-TP1-4231_6_2.PNG,,RGBA,Ames,4231,6,2,TP1,356,702,Ames|4231|6|2,2022-07-12,True
UAV/Ames/TP1/Ames-TP1-4231_6_3.PNG,,RGBA,Ames,4231,6,3,TP1,357,702,Ames|4231|6|3,2022-07-12,True
UAV/Ames/TP1/Ames-TP1-4231_6_4.PNG,,RGBA,Ames,4231,6,4,TP1,357,702,Ames|4231|6|4,2022-07-12,True
UAV/Ames/TP1/Ames-TP1-4231_6_5.PNG,,RGBA,Ames,4231,6,5,TP1,356,702,Ames|4231|6|5,2022-07-12,True
UAV/Ames/TP1/Ames-TP1-4231_6_6.PNG,,RGBA,Ames,4231,6,6,TP1,357,702,Ames|4231|6|6,2022-07-12,True
UAV/Ames/TP1/Ames-TP1-4231_6_7.PNG,,RGBA,Ames,4231,6,7,TP1,356,701,Ames|4231|6|7,2022-07-12,True
UAV/Ames/TP1/Ames-TP1-4231_7_2.PNG,,RGBA,Ames,4231,7,2,TP1,356,702,Ames|4231|7|2,2022-07-12,True
UAV/Ames/TP1/Ames-TP1-4231_7_3.PNG,,RGBA,Ames,4231,7,3,TP1,357,702,Ames|4231|7|3,2022-07-12,True
UAV/Ames/TP1/Ames-TP1-4231_7_4.PNG,,RGBA,Ames,4231,7,4,TP1,357,702,Ames|4231|7|4,2022-07-12,True
UAV/Ames/TP1/Ames-TP1-4231_7_5.PNG,,RGBA,Ames,4231,7,5,TP1,356,702,Ames|4231|7|5,2022-07-12,True
UAV/Ames/TP1/Ames-TP1-4231_7_6.PNG,,RGBA,Ames,4231,7,6,TP1,357,702,Ames|4231|7|6,2022-07-12,True
UAV/Ames/TP1/Ames-TP1-4231_7_7.PNG,,RGBA,Ames,4231,7,7,TP1,356,702,Ames|4231|7|7,2022-07-12,True
UAV/Ames/TP1/Ames-TP1-4231_8_2.PNG,,RGBA,Ames,4231,8,2,TP1,357,702,Ames|4231|8|2,2022-07-12,True
UAV/Ames/TP1/Ames-TP1-4231_8_3.PNG,,RGBA,Ames,4231,8,3,TP1,357,702,Ames|4231|8|3,2022-07-12,True
UAV/Ames/TP1/Ames-TP1-4231_8_4.PNG,,RGBA,Ames,4231,8,4,TP1,356,702,Ames|4231|8|4,2022-07-12,True
UAV/Ames/TP1/Ames-TP1-4231_8_5.PNG,,RGBA,Ames,4231,8,5,TP1,356,702,Ames|4231|8|5,2022-07-12,True
UAV/Ames/TP1/Ames-TP1-4231_8_6.PNG,,RGBA,Ames,4231,8,6,TP1,356,701,Ames|4231|8|6,2022-07-12,True
UAV/Ames/TP1/Ames-TP1-4231_8_7.PNG,,RGBA,Ames,4231,8,7,TP1,356,702,Ames|4231|8|7,2022-07-12,True
UAV/Ames/TP1/Ames-TP1-4231_9_2.PNG,,RGBA,Ames,4231,9,2,TP1,357,702,Ames|4231|9|2,2022-07-12,True
UAV/Ames/TP1/Ames-TP1-4231_9_3.PNG,,RGBA,Ames,4231,9,3,TP1,356,702,Ames|4231|9|3,2022-07-12,True
UAV/Ames/TP1/Ames-TP1-4231_9_4.PNG,,RGBA,Ames,4231,9,4,TP1,356,702,Ames|4231|9|4,2022-07-12,True
UAV/Ames/TP1/Ames-TP1-4231_9_5.PNG,,RGBA,Ames,4231,9,5,TP1,357,702,Ames|4231|9|5,2022-07-12,True
UAV/Ames/TP1/Ames-TP1-4231_9_6.PNG,,RGBA,Ames,4231,9,6,TP1,356,701,Ames|4231|9|6,2022-07-12,True
UAV/Ames/TP1/Ames-TP1-4231_9_7.PNG,,RGBA,Ames,4231,9,7,TP1,357,702,Ames|4231|9|7,2022-07-12,True
UAV/Ames/TP1/Ames-TP1-4232_10_17.PNG,,RGBA,Ames,4232,10,17,TP1,357,697,Ames|4232|10|17,2022-07-12,True
UAV/Ames/TP1/Ames-TP1-4232_10_18.PNG,,RGBA,Ames,4232,10,18,TP1,356,697,Ames|4232|10|18,2022-07-12,True
UAV/Ames/TP1/Ames-TP1-4232_10_19.PNG,,RGBA,Ames,4232,10,19,TP1,356,697,Ames|4232|10|19,2022-07-12,True
UAV/Ames/TP1/Ames-TP1-4232_10_20.PNG,,RGBA,Ames,4232,10,20,TP1,356,697,Ames|4232|10|20,2022-07-12,True
UAV/Ames/TP1/Ames-TP1-4232_10_21.PNG,,RGBA,Ames,4232,10,21,TP1,356,697,Ames|4232|10|21,2022-07-12,True
UAV/Ames/TP1/Ames-TP1-4232_10_22.PNG,,RGBA,Ames,4232,10,22,TP1,356,697,Ames|4232|10|22,2022-07-12,True
UAV/Ames/TP1/Ames-TP1-4232_11_17.PNG,,RGBA,Ames,4232,11,17,TP1,356,697,Ames|4232|11|17,2022-07-12,True
UAV/Ames/TP1/Ames-TP1-4232_11_18.PNG,,RGBA,Ames,4232,11,18,TP1,356,697,Ames|4232|11|18,2022-07-12,True
UAV/Ames/TP1/Ames-TP1-4232_11_19.PNG,,RGBA,Ames,4232,11,19,TP1,356,697,Ames|4232|11|19,2022-07-12,True
UAV/Ames/TP1/Ames-TP1-4232_11_20.PNG,,RGBA,Ames,4232,11,20,TP1,356,697,Ames|4232|11|20,2022-07-12,True
UAV/Ames/TP1/Ames-TP1-4232_11_21.PNG,,RGBA,Ames,4232,11,21,TP1,356,697,Ames|4232|11|21,2022-07-12,True
UAV/Ames/TP1/Ames-TP1-4232_11_22.PNG,,RGBA,Ames,4232,11,22,TP1,356,697,Ames|4232|11|22,2022-07-12,True
UAV/Ames/TP1/Ames-TP1-4232_12_17.PNG,,RGBA,Ames,4232,12,17,TP1,356,698,Ames|4232|12|17,2022-07-12,True
UAV/Ames/TP1/Ames-TP1-4232_12_18.PNG,,RGBA,Ames,4232,12,18,TP1,356,697,Ames|4232|12|18,2022-07-12,True
UAV/Ames/TP1/Ames-TP1-4232_12_19.PNG,,RGBA,Ames,4232,12,19,TP1,356,697,Ames|4232|12|19,2022-07-12,True
UAV/Ames/TP1/Ames-TP1-4232_12_20.PNG,,RGBA,Ames,4232,12,20,TP1,356,697,Ames|4232|12|20,2022-07-12,True
UAV/Ames/TP1/Ames-TP1-4232_12_21.PNG,,RGBA,Ames,4232,12,21,TP1,356,697,Ames|4232|12|21,2022-07-12,True
UAV/Ames/TP1/Ames-TP1-4232_12_22.PNG,,RGBA,Ames,4232,12,22,TP1,357,697,Ames|4232|12|22,2022-07-12,True
UAV/Ames/TP1/Ames-TP1-4232_13_17.PNG,,RGBA,Ames,4232,13,17,TP1,356,697,Ames|4232|13|17,2022-07-12,True
UAV/Ames/TP1/Ames-TP1-4232_13_18.PNG,,RGBA,Ames,4232,13,18,TP1,356,697,Ames|4232|13|18,2022-07-12,True
UAV/Ames/TP1/Ames-TP1-4232_13_19.PNG,,RGBA,Ames,4232,13,19,TP1,356,697,Ames|4232|13|19,2022-07-12,True
UAV/Ames/TP1/Ames-TP1-4232_13_20.PNG,,RGBA,Ames,4232,13,20,TP1,356,697,Ames|4232|13|20,2022-07-12,True
UAV/Ames/TP1/Ames-TP1-4232_13_21.PNG,,RGBA,Ames,4232,13,21,TP1,357,697,Ames|4232|13|21,2022-07-12,True
UAV/Ames/TP1/Ames-TP1-4232_13_22.PNG,,RGBA,Ames,4232,13,22,TP1,357,697,Ames|4232|13|22,2022-07-12,True
UAV/Ames/TP1/Ames-TP1-4232_14_17.PNG,,RGBA,Ames,4232,14,17,TP1,356,697,Ames|4232|14|17,2022-07-12,True
UAV/Ames/TP1/Ames-TP1-4232_14_18.PNG,,RGBA,Ames,4232,14,18,TP1,356,697,Ames|4232|14|18,2022-07-12,True
UAV/Ames/TP1/Ames-TP1-4232_14_19.PNG,,RGBA,Ames,4232,14,19,TP1,356,697,Ames|4232|14|19,2022-07-12,True
UAV/Ames/TP1/Ames-TP1-4232_14_20.PNG,,RGBA,Ames,4232,14,20,TP1,357,697,Ames|4232|14|20,2022-07-12,True
UAV/Ames/TP1/Ames-TP1-4232_14_21.PNG,,RGBA,Ames,4232,14,21,TP1,357,697,Ames|4232|14|21,2022-07-12,True
UAV/Ames/TP1/Ames-TP1-4232_14_22.PNG,,RGBA,Ames,4232,14,22,TP1,356,697,Ames|4232|14|22,2022-07-12,True
UAV/Ames/TP1/Ames-TP1-4232_15_17.PNG,,RGBA,Ames,4232,15,17,TP1,356,698,Ames|4232|15|17,2022-07-12,True
UAV/Ames/TP1/Ames-TP1-4232_15_18.PNG,,RGBA,Ames,4232,15,18,TP1,356,697,Ames|4232|15|18,2022-07-12,True
UAV/Ames/TP1/Ames-TP1-4232_15_19.PNG,,RGBA,Ames,4232,15,19,TP1,356,697,Ames|4232|15|19,2022-07-12,True
UAV/Ames/TP1/Ames-TP1-4232_15_20.PNG,,RGBA,Ames,4232,15,20,TP1,357,697,Ames|4232|15|20,2022-07-12,True
UAV/Ames/TP1/Ames-TP1-4232_15_21.PNG,,RGBA,Ames,4232,15,21,TP1,356,697,Ames|4232|15|21,2022-07-12,True
UAV/Ames/TP1/Ames-TP1-4232_15_22.PNG,,RGBA,Ames,4232,15,22,TP1,356,697,Ames|4232|15|22,2022-07-12,True
UAV/Ames/TP1/Ames-TP1-4232_16_17.PNG,,RGBA,Ames,4232,16,17,TP1,356,697,Ames|4232|16|17,2022-07-12,True
UAV/Ames/TP1/Ames-TP1-4232_16_18.PNG,,RGBA,Ames,4232,16,18,TP1,356,696,Ames|4232|16|18,2022-07-12,True
UAV/Ames/TP1/Ames-TP1-4232_16_19.PNG,,RGBA,Ames,4232,16,19,TP1,357,697,Ames|4232|16|19,2022-07-12,True
UAV/Ames/TP1/Ames-TP1-4232_16_20.PNG,,RGBA,Ames,4232,16,20,TP1,357,697,Ames|4232|16|20,2022-07-12,True
UAV/Ames/TP1/Ames-TP1-4232_16_21.PNG,,RGBA,Ames,4232,16,21,TP1,356,696,Ames|4232|16|21,2022-07-12,True
UAV/Ames/TP1/Ames-TP1-4232_16_22.PNG,,RGBA,Ames,4232,16,22,TP1,356,697,Ames|4232|16|22,2022-07-12,True
UAV/Ames/TP1/Ames-TP1-4232_17_17.PNG,,RGBA,Ames,4232,17,17,TP1,356,697,Ames|4232|17|17,2022-07-12,True
UAV/Ames/TP1/Ames-TP1-4232_17_18.PNG,,RGBA,Ames,4232,17,18,TP1,357,697,Ames|4232|17|18,2022-07-12,True
UAV/Ames/TP1/Ames-TP1-4232_17_19.PNG,,RGBA,Ames,4232,17,19,TP1,357,697,Ames|4232|17|19,2022-07-12,True
UAV/Ames/TP1/Ames-TP1-4232_17_20.PNG,,RGBA,Ames,4232,17,20,TP1,356,697,Ames|4232|17|20,2022-07-12,True
UAV/Ames/TP1/Ames-TP1-4232_17_21.PNG,,RGBA,Ames,4232,17,21,TP1,356,697,Ames|4232|17|21,2022-07-12,True
UAV/Ames/TP1/Ames-TP1-4232_17_22.PNG,,RGBA,Ames,4232,17,22,TP1,356,697,Ames|4232|17|22,2022-07-12,True
UAV/Ames/TP1/Ames-TP1-4232_18_17.PNG,,RGBA,Ames,4232,18,17,TP1,356,697,Ames|4232|18|17,2022-07-12,True
UAV/Ames/TP1/Ames-TP1-4232_18_18.PNG,,RGBA,Ames,4232,18,18,TP1,357,697,Ames|4232|18|18,2022-07-12,True
UAV/Ames/TP1/Ames-TP1-4232_18_19.PNG,,RGBA,Ames,4232,18,19,TP1,356,697,Ames|4232|18|19,2022-07-12,True
UAV/Ames/TP1/Ames-TP1-4232_18_20.PNG,,RGBA,Ames,4232,18,20,TP1,356,697,Ames|4232|18|20,2022-07-12,True
UAV/Ames/TP1/Ames-TP1-4232_18_21.PNG,,RGBA,Ames,4232,18,21,TP1,356,697,Ames|4232|18|21,2022-07-12,True
UAV/Ames/TP1/Ames-TP1-4232_18_22.PNG,,RGBA,Ames,4232,18,22,TP1,356,696,Ames|4232|18|22,2022-07-12,True
UAV/Ames/TP1/Ames-TP1-4232_19_17.PNG,,RGBA,Ames,4232,19,17,TP1,357,697,Ames|4232|19|17,2022-07-12,True
UAV/Ames/TP1/Ames-TP1-4232_19_18.PNG,,RGBA,Ames,4232,19,18,TP1,357,696,Ames|4232|19|18,2022-07-12,True
UAV/Ames/TP1/Ames-TP1-4232_19_19.PNG,,RGBA,Ames,4232,19,19,TP1,356,697,Ames|4232|19|19,2022-07-12,True
UAV/Ames/TP1/Ames-TP1-4232_19_20.PNG,,RGBA,Ames,4232,19,20,TP1,356,696,Ames|4232|19|20,2022-07-12,True
UAV/Ames/TP1/Ames-TP1-4232_19_21.PNG,,RGBA,Ames,4232,19,21,TP1,356,697,Ames|4232|19|21,2022-07-12,True
UAV/Ames/TP1/Ames-TP1-4232_19_22.PNG,,RGBA,Ames,4232,19,22,TP1,356,696,Ames|4232|19|22,2022-07-12,True
UAV/Ames/TP1/Ames-TP1-4232_1_17.PNG,,RGBA,Ames,4232,1,17,TP1,357,698,Ames|4232|1|17,2022-07-12,False
UAV/Ames/TP1/Ames-TP1-4232_1_18.PNG,,RGBA,Ames,4232,1,18,TP1,356,697,Ames|4232|1|18,2022-07-12,False
UAV/Ames/TP1/Ames-TP1-4232_1_19.PNG,,RGBA,Ames,4232,1,19,TP1,356,698,Ames|4232|1|19,2022-07-12,False
UAV/Ames/TP1/Ames-TP1-4232_1_20.PNG,,RGBA,Ames,4232,1,20,TP1,356,697,Ames|4232|1|20,2022-07-12,False
UAV/Ames/TP1/Ames-TP1-4232_1_21.PNG,,RGBA,Ames,4232,1,21,TP1,356,698,Ames|4232|1|21,2022-07-12,False
UAV/Ames/TP1/Ames-TP1-4232_1_22.PNG,,RGBA,Ames,4232,1,22,TP1,356,697,Ames|4232|1|22,2022-07-12,False
UAV/Ames/TP1/Ames-TP1-4232_20_17.PNG,,RGBA,Ames,4232,20,17,TP1,357,697,Ames|4232|20|17,2022-07-12,True
UAV/Ames/TP1/Ames-TP1-4232_20_18.PNG,,RGBA,Ames,4232,20,18,TP1,356,697,Ames|4232|20|18,2022-07-12,True
UAV/Ames/TP1/Ames-TP1-4232_20_19.PNG,,RGBA,Ames,4232,20,19,TP1,356,697,Ames|4232|20|19,2022-07-12,True
UAV/Ames/TP1/Ames-TP1-4232_20_20.PNG,,RGBA,Ames,4232,20,20,TP1,356,696,Ames|4232|20|20,2022-07-12,True
UAV/Ames/TP1/Ames-TP1-4232_20_21.PNG,,RGBA,Ames,4232,20,21,TP1,356,697,Ames|4232|20|21,2022-07-12,True
UAV/Ames/TP1/Ames-TP1-4232_20_22.PNG,,RGBA,Ames,4232,20,22,TP1,357,696,Ames|4232|20|22,2022-07-12,True
UAV/Ames/TP1/Ames-TP1-4232_21_17.PNG,,RGBA,Ames,4232,21,17,TP1,356,697,Ames|4232|21|17,2022-07-12,True
UAV/Ames/TP1/Ames-TP1-4232_21_18.PNG,,RGBA,Ames,4232,21,18,TP1,356,697,Ames|4232|21|18,2022-07-12,True
UAV/Ames/TP1/Ames-TP1-4232_21_19.PNG,,RGBA,Ames,4232,21,19,TP1,356,696,Ames|4232|21|19,2022-07-12,True
UAV/Ames/TP1/Ames-TP1-4232_21_20.PNG,,RGBA,Ames,4232,21,20,TP1,356,697,Ames|4232|21|20,2022-07-12,True
UAV/Ames/TP1/Ames-TP1-4232_21_21.PNG,,RGBA,Ames,4232,21,21,TP1,357,697,Ames|4232|21|21,2022-07-12,True
UAV/Ames/TP1/Ames-TP1-4232_21_22.PNG,,RGBA,Ames,4232,21,22,TP1,357,696,Ames|4232|21|22,2022-07-12,True
UAV/Ames/TP1/Ames-TP1-4232_22_17.PNG,,RGBA,Ames,4232,22,17,TP1,356,697,Ames|4232|22|17,2022-07-12,True
UAV/Ames/TP1/Ames-TP1-4232_22_18.PNG,,RGBA,Ames,4232,22,18,TP1,356,696,Ames|4232|22|18,2022-07-12,True
UAV/Ames/TP1/Ames-TP1-4232_22_19.PNG,,RGBA,Ames,4232,22,19,TP1,356,696,Ames|4232|22|19,2022-07-12,True
UAV/Ames/TP1/Ames-TP1-4232_22_20.PNG,,RGBA,Ames,4232,22,20,TP1,357,697,Ames|4232|22|20,2022-07-12,True
UAV/Ames/TP1/Ames-TP1-4232_22_21.PNG,,RGBA,Ames,4232,22,21,TP1,357,696,Ames|4232|22|21,2022-07-12,True
UAV/Ames/TP1/Ames-TP1-4232_22_22.PNG,,RGBA,Ames,4232,22,22,TP1,356,696,Ames|4232|22|22,2022-07-12,True
UAV/Ames/TP1/Ames-TP1-4232_23_17.PNG,,RGBA,Ames,4232,23,17,TP1,356,696,Ames|4232|23|17,2022-07-12,True
UAV/Ames/TP1/Ames-TP1-4232_23_18.PNG,,RGBA,Ames,4232,23,18,TP1,356,696,Ames|4232|23|18,2022-07-12,True
UAV/Ames/TP1/Ames-TP1-4232_23_19.PNG,,RGBA,Ames,4232,23,19,TP1,356,697,Ames|4232|23|19,2022-07-12,True
UAV/Ames/TP1/Ames-TP1-4232_23_20.PNG,,RGBA,Ames,4232,23,20,TP1,357,697,Ames|4232|23|20,2022-07-12,True
UAV/Ames/TP1/Ames-TP1-4232_23_21.PNG,,RGBA,Ames,4232,23,21,TP1,356,696,Ames|4232|23|21,2022-07-12,True
UAV/Ames/TP1/Ames-TP1-4232_23_22.PNG,,RGBA,Ames,4232,23,22,TP1,356,696,Ames|4232|23|22,2022-07-12,True
UAV/Ames/TP1/Ames-TP1-4232_24_17.PNG,,RGBA,Ames,4232,24,17,TP1,356,696,Ames|4232|24|17,2022-07-12,True
UAV/Ames/TP1/Ames-TP1-4232_24_18.PNG,,RGBA,Ames,4232,24,18,TP1,356,697,Ames|4232|24|18,2022-07-12,True
UAV/Ames/TP1/Ames-TP1-4232_24_19.PNG,,RGBA,Ames,4232,24,19,TP1,357,697,Ames|4232|24|19,2022-07-12,True
UAV/Ames/TP1/Ames-TP1-4232_24_20.PNG,,RGBA,Ames,4232,24,20,TP1,357,696,Ames|4232|24|20,2022-07-12,True
UAV/Ames/TP1/Ames-TP1-4232_24_21.PNG,,RGBA,Ames,4232,24,21,TP1,356,696,Ames|4232|24|21,2022-07-12,True
UAV/Ames/TP1/Ames-TP1-4232_24_22.PNG,,RGBA,Ames,4232,24,22,TP1,356,696,Ames|4232|24|22,2022-07-12,True
UAV/Ames/TP1/Ames-TP1-4232_25_17.PNG,,RGBA,Ames,4232,25,17,TP1,356,697,Ames|4232|25|17,2022-07-12,True
UAV/Ames/TP1/Ames-TP1-4232_25_18.PNG,,RGBA,Ames,4232,25,18,TP1,356,697,Ames|4232|25|18,2022-07-12,True
UAV/Ames/TP1/Ames-TP1-4232_25_19.PNG,,RGBA,Ames,4232,25,19,TP1,357,696,Ames|4232|25|19,2022-07-12,True
UAV/Ames/TP1/Ames-TP1-4232_25_20.PNG,,RGBA,Ames,4232,25,20,TP1,356,696,Ames|4232|25|20,2022-07-12,True
UAV/Ames/TP1/Ames-TP1-4232_25_21.PNG,,RGBA,Ames,4232,25,21,TP1,356,696,Ames|4232|25|21,2022-07-12,True
UAV/Ames/TP1/Ames-TP1-4232_25_22.PNG,,RGBA,Ames,4232,25,22,TP1,356,697,Ames|4232|25|22,2022-07-12,True
UAV/Ames/TP1/Ames-TP1-4232_26_17.PNG,,RGBA,Ames,4232,26,17,TP1,356,696,Ames|4232|26|17,2022-07-12,True
UAV/Ames/TP1/Ames-TP1-4232_26_18.PNG,,RGBA,Ames,4232,26,18,TP1,357,696,Ames|4232|26|18,2022-07-12,True
UAV/Ames/TP1/Ames-TP1-4232_26_19.PNG,,RGBA,Ames,4232,26,19,TP1,357,696,Ames|4232|26|19,2022-07-12,True
UAV/Ames/TP1/Ames-TP1-4232_26_20.PNG,,RGBA,Ames,4232,26,20,TP1,356,696,Ames|4232|26|20,2022-07-12,True
UAV/Ames/TP1/Ames-TP1-4232_26_21.PNG,,RGBA,Ames,4232,26,21,TP1,356,696,Ames|4232|26|21,2022-07-12,True
UAV/Ames/TP1/Ames-TP1-4232_26_22.PNG,,RGBA,Ames,4232,26,22,TP1,356,697,Ames|4232|26|22,2022-07-12,True
UAV/Ames/TP1/Ames-TP1-4232_27_17.PNG,,RGBA,Ames,4232,27,17,TP1,356,696,Ames|4232|27|17,2022-07-12,True
UAV/Ames/TP1/Ames-TP1-4232_27_18.PNG,,RGBA,Ames,4232,27,18,TP1,357,697,Ames|4232|27|18,2022-07-12,True
UAV/Ames/TP1/Ames-TP1-4232_27_19.PNG,,RGBA,Ames,4232,27,19,TP1,356,697,Ames|4232|27|19,2022-07-12,True
UAV/Ames/TP1/Ames-TP1-4232_27_20.PNG,,RGBA,Ames,4232,27,20,TP1,356,697,Ames|4232|27|20,2022-07-12,True
UAV/Ames/TP1/Ames-TP1-4232_27_21.PNG,,RGBA,Ames,4232,27,21,TP1,356,697,Ames|4232|27|21,2022-07-12,True
UAV/Ames/TP1/Ames-TP1-4232_27_22.PNG,,RGBA,Ames,4232,27,22,TP1,357,697,Ames|4232|27|22,2022-07-12,True
UAV/Ames/TP1/Ames-TP1-4232_28_17.PNG,,RGBA,Ames,4232,28,17,TP1,357,697,Ames|4232|28|17,2022-07-12,True
UAV/Ames/TP1/Ames-TP1-4232_28_18.PNG,,RGBA,Ames,4232,28,18,TP1,357,697,Ames|4232|28|18,2022-07-12,True
UAV/Ames/TP1/Ames-TP1-4232_28_19.PNG,,RGBA,Ames,4232,28,19,TP1,356,696,Ames|4232|28|19,2022-07-12,True
UAV/Ames/TP1/Ames-TP1-4232_28_20.PNG,,RGBA,Ames,4232,28,20,TP1,356,696,Ames|4232|28|20,2022-07-12,True
UAV/Ames/TP1/Ames-TP1-4232_28_21.PNG,,RGBA,Ames,4232,28,21,TP1,356,696,Ames|4232|28|21,2022-07-12,True
UAV/Ames/TP1/Ames-TP1-4232_28_22.PNG,,RGBA,Ames,4232,28,22,TP1,357,696,Ames|4232|28|22,2022-07-12,True
UAV/Ames/TP1/Ames-TP1-4232_29_17.PNG,,RGBA,Ames,4232,29,17,TP1,357,696,Ames|4232|29|17,2022-07-12,True
UAV/Ames/TP1/Ames-TP1-4232_29_18.PNG,,RGBA,Ames,4232,29,18,TP1,356,696,Ames|4232|29|18,2022-07-12,True
UAV/Ames/TP1/Ames-TP1-4232_29_19.PNG,,RGBA,Ames,4232,29,19,TP1,356,696,Ames|4232|29|19,2022-07-12,True
UAV/Ames/TP1/Ames-TP1-4232_29_20.PNG,,RGBA,Ames,4232,29,20,TP1,356,696,Ames|4232|29|20,2022-07-12,True
UAV/Ames/TP1/Ames-TP1-4232_29_21.PNG,,RGBA,Ames,4232,29,21,TP1,357,696,Ames|4232|29|21,2022-07-12,True
UAV/Ames/TP1/Ames-TP1-4232_29_22.PNG,,RGBA,Ames,4232,29,22,TP1,357,696,Ames|4232|29|22,2022-07-12,True
UAV/Ames/TP1/Ames-TP1-4232_2_17.PNG,,RGBA,Ames,4232,2,17,TP1,356,698,Ames|4232|2|17,2022-07-12,True
UAV/Ames/TP1/Ames-TP1-4232_2_18.PNG,,RGBA,Ames,4232,2,18,TP1,356,698,Ames|4232|2|18,2022-07-12,True
UAV/Ames/TP1/Ames-TP1-4232_2_19.PNG,,RGBA,Ames,4232,2,19,TP1,356,698,Ames|4232|2|19,2022-07-12,True
UAV/Ames/TP1/Ames-TP1-4232_2_20.PNG,,RGBA,Ames,4232,2,20,TP1,356,697,Ames|4232|2|20,2022-07-12,True
UAV/Ames/TP1/Ames-TP1-4232_2_21.PNG,,RGBA,Ames,4232,2,21,TP1,356,698,Ames|4232|2|21,2022-07-12,True
UAV/Ames/TP1/Ames-TP1-4232_2_22.PNG,,RGBA,Ames,4232,2,22,TP1,356,697,Ames|4232|2|22,2022-07-12,True
UAV/Ames/TP1/Ames-TP1-4232_30_17.PNG,,RGBA,Ames,4232,30,17,TP1,357,697,Ames|4232|30|17,2022-07-12,True
UAV/Ames/TP1/Ames-TP1-4232_30_18.PNG,,RGBA,Ames,4232,30,18,TP1,356,696,Ames|4232|30|18,2022-07-12,True
UAV/Ames/TP1/Ames-TP1-4232_30_19.PNG,,RGBA,Ames,4232,30,19,TP1,356,696,Ames|4232|30|19,2022-07-12,True
UAV/Ames/TP1/Ames-TP1-4232_30_20.PNG,,RGBA,Ames,4232,30,20,TP1,357,696,Ames|4232|30|20,2022-07-12,True
UAV/Ames/TP1/Ames-TP1-4232_30_21.PNG,,RGBA,Ames,4232,30,21,TP1,357,696,Ames|4232|30|21,2022-07-12,True
UAV/Ames/TP1/Ames-TP1-4232_30_22.PNG,,RGBA,Ames,4232,30,22,TP1,356,696,Ames|4232|30|22,2022-07-12,True
UAV/Ames/TP1/Ames-TP1-4232_31_17.PNG,,RGBA,Ames,4232,31,17,TP1,356,697,Ames|4232|31|17,2022-07-12,True
UAV/Ames/TP1/Ames-TP1-4232_31_18.PNG,,RGBA,Ames,4232,31,18,TP1,356,697,Ames|4232|31|18,2022-07-12,True
UAV/Ames/TP1/Ames-TP1-4232_31_19.PNG,,RGBA,Ames,4232,31,19,TP1,356,697,Ames|4232|31|19,2022-07-12,True
UAV/Ames/TP1/Ames-TP1-4232_31_20.PNG,,RGBA,Ames,4232,31,20,TP1,357,696,Ames|4232|31|20,2022-07-12,True
UAV/Ames/TP1/Ames-TP1-4232_31_21.PNG,,RGBA,Ames,4232,31,21,TP1,356,696,Ames|4232|31|21,2022-07-12,True
UAV/Ames/TP1/Ames-TP1-4232_31_22.PNG,,RGBA,Ames,4232,31,22,TP1,356,696,Ames|4232|31|22,2022-07-12,True
UAV/Ames/TP1/Ames-TP1-4232_3_17.PNG,,RGBA,Ames,4232,3,17,TP1,356,698,Ames|4232|3|17,2022-07-12,True
UAV/Ames/TP1/Ames-TP1-4232_3_18.PNG,,RGBA,Ames,4232,3,18,TP1,356,698,Ames|4232|3|18,2022-07-12,True
UAV/Ames/TP1/Ames-TP1-4232_3_19.PNG,,RGBA,Ames,4232,3,19,TP1,356,697,Ames|4232|3|19,2022-07-12,True
UAV/Ames/TP1/Ames-TP1-4232_3_20.PNG,,RGBA,Ames,4232,3,20,TP1,356,698,Ames|4232|3|20,2022-07-12,True
UAV/Ames/TP1/Ames-TP1-4232_3_21.PNG,,RGBA,Ames,4232,3,21,TP1,356,698,Ames|4232|3|21,2022-07-12,True
UAV/Ames/TP1/Ames-TP1-4232_3_22.PNG,,RGBA,Ames,4232,3,22,TP1,356,697,Ames|4232|3|22,2022-07-12,True
UAV/Ames/TP1/Ames-TP1-4232_4_17.PNG,,RGBA,Ames,4232,4,17,TP1,356,698,Ames|4232|4|17,2022-07-12,True
UAV/Ames/TP1/Ames-TP1-4232_4_18.PNG,,RGBA,Ames,4232,4,18,TP1,356,697,Ames|4232|4|18,2022-07-12,True
UAV/Ames/TP1/Ames-TP1-4232_4_19.PNG,,RGBA,Ames,4232,4,19,TP1,356,698,Ames|4232|4|19,2022-07-12,True
UAV/Ames/TP1/Ames-TP1-4232_4_20.PNG,,RGBA,Ames,4232,4,20,TP1,356,698,Ames|4232|4|20,2022-07-12,True
UAV/Ames/TP1/Ames-TP1-4232_4_21.PNG,,RGBA,Ames,4232,4,21,TP1,356,697,Ames|4232|4|21,2022-07-12,True
UAV/Ames/TP1/Ames-TP1-4232_4_22.PNG,,RGBA,Ames,4232,4,22,TP1,356,697,Ames|4232|4|22,2022-07-12,True
UAV/Ames/TP1/Ames-TP1-4232_5_17.PNG,,RGBA,Ames,4232,5,17,TP1,356,697,Ames|4232|5|17,2022-07-12,True
UAV/Ames/TP1/Ames-TP1-4232_5_18.PNG,,RGBA,Ames,4232,5,18,TP1,356,697,Ames|4232|5|18,2022-07-12,True
UAV/Ames/TP1/Ames-TP1-4232_5_19.PNG,,RGBA,Ames,4232,5,19,TP1,356,698,Ames|4232|5|19,2022-07-12,True
UAV/Ames/TP1/Ames-TP1-4232_5_20.PNG,,RGBA,Ames,4232,5,20,TP1,356,697,Ames|4232|5|20,2022-07-12,True
UAV/Ames/TP1/Ames-TP1-4232_5_21.PNG,,RGBA,Ames,4232,5,21,TP1,356,697,Ames|4232|5|21,2022-07-12,True
UAV/Ames/TP1/Ames-TP1-4232_5_22.PNG,,RGBA,Ames,4232,5,22,TP1,357,697,Ames|4232|5|22,2022-07-12,True
UAV/Ames/TP1/Ames-TP1-4232_6_17.PNG,,RGBA,Ames,4232,6,17,TP1,356,698,Ames|4232|6|17,2022-07-12,True
UAV/Ames/TP1/Ames-TP1-4232_6_18.PNG,,RGBA,Ames,4232,6,18,TP1,356,698,Ames|4232|6|18,2022-07-12,True
UAV/Ames/TP1/Ames-TP1-4232_6_19.PNG,,RGBA,Ames,4232,6,19,TP1,356,698,Ames|4232|6|19,2022-07-12,True
UAV/Ames/TP1/Ames-TP1-4232_6_20.PNG,,RGBA,Ames,4232,6,20,TP1,356,697,Ames|4232|6|20,2022-07-12,True
UAV/Ames/TP1/Ames-TP1-4232_6_21.PNG,,RGBA,Ames,4232,6,21,TP1,357,697,Ames|4232|6|21,2022-07-12,True
UAV/Ames/TP1/Ames-TP1-4232_6_22.PNG,,RGBA,Ames,4232,6,22,TP1,357,698,Ames|4232|6|22,2022-07-12,True
UAV/Ames/TP1/Ames-TP1-4232_7_17.PNG,,RGBA,Ames,4232,7,17,TP1,356,698,Ames|4232|7|17,2022-07-12,True
UAV/Ames/TP1/Ames-TP1-4232_7_18.PNG,,RGBA,Ames,4232,7,18,TP1,356,697,Ames|4232|7|18,2022-07-12,True
UAV/Ames/TP1/Ames-TP1-4232_7_19.PNG,,RGBA,Ames,4232,7,19,TP1,357,697,Ames|4232|7|19,2022-07-12,True
UAV/Ames/TP1/Ames-TP1-4232_7_20.PNG,,RGBA,Ames,4232,7,20,TP1,357,697,Ames|4232|7|20,2022-07-12,True
UAV/Ames/TP1/Ames-TP1-4232_7_21.PNG,,RGBA,Ames,4232,7,21,TP1,357,697,Ames|4232|7|21,2022-07-12,True
UAV/Ames/TP1/Ames-TP1-4232_7_22.PNG,,RGBA,Ames,4232,7,22,TP1,356,698,Ames|4232|7|22,2022-07-12,True
UAV/Ames/TP1/Ames-TP1-4232_8_17.PNG,,RGBA,Ames,4232,8,17,TP1,356,697,Ames|4232|8|17,2022-07-12,True
UAV/Ames/TP1/Ames-TP1-4232_8_18.PNG,,RGBA,Ames,4232,8,18,TP1,357,697,Ames|4232|8|18,2022-07-12,True
UAV/Ames/TP1/Ames-TP1-4232_8_19.PNG,,RGBA,Ames,4232,8,19,TP1,357,697,Ames|4232|8|19,2022-07-12,True
UAV/Ames/TP1/Ames-TP1-4232_8_20.PNG,,RGBA,Ames,4232,8,20,TP1,356,697,Ames|4232|8|20,2022-07-12,True
UAV/Ames/TP1/Ames-TP1-4232_8_21.PNG,,RGBA,Ames,4232,8,21,TP1,356,698,Ames|4232|8|21,2022-07-12,True
UAV/Ames/TP1/Ames-TP1-4232_8_22.PNG,,RGBA,Ames,4232,8,22,TP1,356,698,Ames|4232|8|22,2022-07-12,True
UAV/Ames/TP1/Ames-TP1-4232_9_17.PNG,,RGBA,Ames,4232,9,17,TP1,357,698,Ames|4232|9|17,2022-07-12,True
UAV/Ames/TP1/Ames-TP1-4232_9_18.PNG,,RGBA,Ames,4232,9,18,TP1,357,698,Ames|4232|9|18,2022-07-12,True
UAV/Ames/TP1/Ames-TP1-4232_9_19.PNG,,RGBA,Ames,4232,9,19,TP1,356,698,Ames|4232|9|19,2022-07-12,True
UAV/Ames/TP1/Ames-TP1-4232_9_20.PNG,,RGBA,Ames,4232,9,20,TP1,356,698,Ames|4232|9|20,2022-07-12,True
UAV/Ames/TP1/Ames-TP1-4232_9_21.PNG,,RGBA,Ames,4232,9,21,TP1,356,698,Ames|4232|9|21,2022-07-12,True
UAV/Ames/TP1/Ames-TP1-4232_9_22.PNG,,RGBA,Ames,4232,9,22,TP1,356,697,Ames|4232|9|22,2022-07-12,True
UAV/Ames/TP1/Ames-TP1-4233_10_1.PNG,,RGBA,Ames,4233,10,1,TP1,721,363,Ames|4233|10|1,2022-07-12,False
UAV/Ames/TP1/Ames-TP1-4233_10_10.PNG,,RGBA,Ames,4233,10,10,TP1,722,363,Ames|4233|10|10,2022-07-12,True
UAV/Ames/TP1/Ames-TP1-4233_10_11.PNG,,RGBA,Ames,4233,10,11,TP1,722,363,Ames|4233|10|11,2022-07-12,False
UAV/Ames/TP1/Ames-TP1-4233_10_12.PNG,,RGBA,Ames,4233,10,12,TP1,722,363,Ames|4233|10|12,2022-07-12,False
UAV/Ames/TP1/Ames-TP1-4233_10_2.PNG,,RGBA,Ames,4233,10,2,TP1,722,363,Ames|4233|10|2,2022-07-12,False
UAV/Ames/TP1/Ames-TP1-4233_10_3.PNG,,RGBA,Ames,4233,10,3,TP1,722,363,Ames|4233|10|3,2022-07-12,True
UAV/Ames/TP1/Ames-TP1-4233_10_4.PNG,,RGBA,Ames,4233,10,4,TP1,721,363,Ames|4233|10|4,2022-07-12,True
UAV/Ames/TP1/Ames-TP1-4233_10_5.PNG,,RGBA,Ames,4233,10,5,TP1,721,364,Ames|4233|10|5,2022-07-12,True
UAV/Ames/TP1/Ames-TP1-4233_10_6.PNG,,RGBA,Ames,4233,10,6,TP1,722,363,Ames|4233|10|6,2022-07-12,True
UAV/Ames/TP1/Ames-TP1-4233_10_7.PNG,,RGBA,Ames,4233,10,7,TP1,722,364,Ames|4233|10|7,2022-07-12,True
UAV/Ames/TP1/Ames-TP1-4233_10_8.PNG,,RGBA,Ames,4233,10,8,TP1,721,363,Ames|4233|10|8,2022-07-12,True
UAV/Ames/TP1/Ames-TP1-4233_10_9.PNG,,RGBA,Ames,4233,10,9,TP1,722,364,Ames|4233|10|9,2022-07-12,True
UAV/Ames/TP1/Ames-TP1-4233_11_1.PNG,,RGBA,Ames,4233,11,1,TP1,721,363,Ames|4233|11|1,2022-07-12,False
UAV/Ames/TP1/Ames-TP1-4233_11_10.PNG,,RGBA,Ames,4233,11,10,TP1,722,363,Ames|4233|11|10,2022-07-12,True
UAV/Ames/TP1/Ames-TP1-4233_11_11.PNG,,RGBA,Ames,4233,11,11,TP1,722,363,Ames|4233|11|11,2022-07-12,False
UAV/Ames/TP1/Ames-TP1-4233_11_12.PNG,,RGBA,Ames,4233,11,12,TP1,721,363,Ames|4233|11|12,2022-07-12,False
UAV/Ames/TP1/Ames-TP1-4233_11_2.PNG,,RGBA,Ames,4233,11,2,TP1,722,364,Ames|4233|11|2,2022-07-12,False
UAV/Ames/TP1/Ames-TP1-4233_11_3.PNG,,RGBA,Ames,4233,11,3,TP1,722,363,Ames|4233|11|3,2022-07-12,True
UAV/Ames/TP1/Ames-TP1-4233_11_4.PNG,,RGBA,Ames,4233,11,4,TP1,722,364,Ames|4233|11|4,2022-07-12,True
UAV/Ames/TP1/Ames-TP1-4233_11_5.PNG,,RGBA,Ames,4233,11,5,TP1,721,363,Ames|4233|11|5,2022-07-12,True
UAV/Ames/TP1/Ames-TP1-4233_11_6.PNG,,RGBA,Ames,4233,11,6,TP1,722,363,Ames|4233|11|6,2022-07-12,True
UAV/Ames/TP1/Ames-TP1-4233_11_7.PNG,,RGBA,Ames,4233,11,7,TP1,722,363,Ames|4233|11|7,2022-07-12,True
UAV/Ames/TP1/Ames-TP1-4233_11_8.PNG,,RGBA,Ames,4233,11,8,TP1,721,363,Ames|4233|11|8,2022-07-12,True
UAV/Ames/TP1/Ames-TP1-4233_11_9.PNG,,RGBA,Ames,4233,11,9,TP1,722,363,Ames|4233|11|9,2022-07-12,True
UAV/Ames/TP1/Ames-TP1-4233_12_1.PNG,,RGBA,Ames,4233,12,1,TP1,721,363,Ames|4233|12|1,2022-07-12,False
UAV/Ames/TP1/Ames-TP1-4233_12_10.PNG,,RGBA,Ames,4233,12,10,TP1,722,364,Ames|4233|12|10,2022-07-12,True
UAV/Ames/TP1/Ames-TP1-4233_12_11.PNG,,RGBA,Ames,4233,12,11,TP1,722,363,Ames|4233|12|11,2022-07-12,False
UAV/Ames/TP1/Ames-TP1-4233_12_12.PNG,,RGBA,Ames,4233,12,12,TP1,721,364,Ames|4233|12|12,2022-07-12,False
UAV/Ames/TP1/Ames-TP1-4233_12_2.PNG,,RGBA,Ames,4233,12,2,TP1,721,364,Ames|4233|12|2,2022-07-12,False
UAV/Ames/TP1/Ames-TP1-4233_12_3.PNG,,RGBA,Ames,4233,12,3,TP1,722,363,Ames|4233|12|3,2022-07-12,True
UAV/Ames/TP1/Ames-TP1-4233_12_4.PNG,,RGBA,Ames,4233,12,4,TP1,722,364,Ames|4233|12|4,2022-07-12,True
UAV/Ames/TP1/Ames-TP1-4233_12_5.PNG,,RGBA,Ames,4233,12,5,TP1,721,363,Ames|4233|12|5,2022-07-12,True
UAV/Ames/TP1/Ames-TP1-4233_12_6.PNG,,RGBA,Ames,4233,12,6,TP1,722,364,Ames|4233|12|6,2022-07-12,True
UAV/Ames/TP1/Ames-TP1-4233_12_7.PNG,,RGBA,Ames,4233,12,7,TP1,722,363,Ames|4233|12|7,2022-07-12,True
UAV/Ames/TP1/Ames-TP1-4233_12_8.PNG,,RGBA,Ames,4233,12,8,TP1,721,364,Ames|4233|12|8,2022-07-12,True
UAV/Ames/TP1/Ames-TP1-4233_12_9.PNG,,RGBA,Ames,4233,12,9,TP1,722,363,Ames|4233|12|9,2022-07-12,True
UAV/Ames/TP1/Ames-TP1-4233_13_1.PNG,,RGBA,Ames,4233,13,1,TP1,722,363,Ames|4233|13|1,2022-07-12,False
UAV/Ames/TP1/Ames-TP1-4233_13_10.PNG,,RGBA,Ames,4233,13,10,TP1,722,363,Ames|4233|13|10,2022-07-12,True
UAV/Ames/TP1/Ames-TP1-4233_13_11.PNG,,RGBA,Ames,4233,13,11,TP1,722,363,Ames|4233|13|11,2022-07-12,False
UAV/Ames/TP1/Ames-TP1-4233_13_12.PNG,,RGBA,Ames,4233,13,12,TP1,722,363,Ames|4233|13|12,2022-07-12,False
UAV/Ames/TP1/Ames-TP1-4233_13_2.PNG,,RGBA,Ames,4233,13,2,TP1,721,364,Ames|4233|13|2,2022-07-12,False
UAV/Ames/TP1/Ames-TP1-4233_13_3.PNG,,RGBA,Ames,4233,13,3,TP1,721,363,Ames|4233|13|3,2022-07-12,True
UAV/Ames/TP1/Ames-TP1-4233_13_4.PNG,,RGBA,Ames,4233,13,4,TP1,722,363,Ames|4233|13|4,2022-07-12,True
UAV/Ames/TP1/Ames-TP1-4233_13_5.PNG,,RGBA,Ames,4233,13,5,TP1,721,363,Ames|4233|13|5,2022-07-12,True
UAV/Ames/TP1/Ames-TP1-4233_13_6.PNG,,RGBA,Ames,4233,13,6,TP1,721,363,Ames|4233|13|6,2022-07-12,True
UAV/Ames/TP1/Ames-TP1-4233_13_7.PNG,,RGBA,Ames,4233,13,7,TP1,722,363,Ames|4233|13|7,2022-07-12,True
UAV/Ames/TP1/Ames-TP1-4233_13_8.PNG,,RGBA,Ames,4233,13,8,TP1,721,363,Ames|4233|13|8,2022-07-12,True
UAV/Ames/TP1/Ames-TP1-4233_13_9.PNG,,RGBA,Ames,4233,13,9,TP1,721,363,Ames|4233|13|9,2022-07-12,True
UAV/Ames/TP1/Ames-TP1-4233_14_1.PNG,,RGBA,Ames,4233,14,1,TP1,721,363,Ames|4233|14|1,2022-07-12,False
UAV/Ames/TP1/Ames-TP1-4233_14_10.PNG,,RGBA,Ames,4233,14,10,TP1,722,363,Ames|4233|14|10,2022-07-12,True
UAV/Ames/TP1/Ames-TP1-4233_14_11.PNG,,RGBA,Ames,4233,14,11,TP1,721,364,Ames|4233|14|11,2022-07-12,False
UAV/Ames/TP1/Ames-TP1-4233_14_12.PNG,,RGBA,Ames,4233,14,12,TP1,722,363,Ames|4233|14|12,2022-07-12,False
UAV/Ames/TP1/Ames-TP1-4233_14_2.PNG,,RGBA,Ames,4233,14,2,TP1,722,363,Ames|4233|14|2,2022-07-12,False
UAV/Ames/TP1/Ames-TP1-4233_14_3.PNG,,RGBA,Ames,4233,14,3,TP1,721,363,Ames|4233|14|3,2022-07-12,True
UAV/Ames/TP1/Ames-TP1-4233_14_4.PNG,,RGBA,Ames,4233,14,4,TP1,722,363,Ames|4233|14|4,2022-07-12,True
UAV/Ames/TP1/Ames-TP1-4233_14_5.PNG,,RGBA,Ames,4233,14,5,TP1,722,364,Ames|4233|14|5,2022-07-12,True
UAV/Ames/TP1/Ames-TP1-4233_14_6.PNG,,RGBA,Ames,4233,14,6,TP1,721,363,Ames|4233|14|6,2022-07-12,True
UAV/Ames/TP1/Ames-TP1-4233_14_7.PNG,,RGBA,Ames,4233,14,7,TP1,722,364,Ames|4233|14|7,2022-07-12,True
UAV/Ames/TP1/Ames-TP1-4233_14_8.PNG,,RGBA,Ames,4233,14,8,TP1,722,363,Ames|4233|14|8,2022-07-12,True
UAV/Ames/TP1/Ames-TP1-4233_14_9.PNG,,RGBA,Ames,4233,14,9,TP1,721,364,Ames|4233|14|9,2022-07-12,True
UAV/Ames/TP1/Ames-TP1-4233_15_1.PNG,,RGBA,Ames,4233,15,1,TP1,721,364,Ames|4233|15|1,2022-07-12,False
UAV/Ames/TP1/Ames-TP1-4233_15_10.PNG,,RGBA,Ames,4233,15,10,TP1,722,363,Ames|4233|15|10,2022-07-12,True
UAV/Ames/TP1/Ames-TP1-4233_15_11.PNG,,RGBA,Ames,4233,15,11,TP1,721,363,Ames|4233|15|11,2022-07-12,False
UAV/Ames/TP1/Ames-TP1-4233_15_12.PNG,,RGBA,Ames,4233,15,12,TP1,722,363,Ames|4233|15|12,2022-07-12,False
UAV/Ames/TP1/Ames-TP1-4233_15_2.PNG,,RGBA,Ames,4233,15,2,TP1,722,363,Ames|4233|15|2,2022-07-12,False
UAV/Ames/TP1/Ames-TP1-4233_15_3.PNG,,RGBA,Ames,4233,15,3,TP1,721,364,Ames|4233|15|3,2022-07-12,True
UAV/Ames/TP1/Ames-TP1-4233_15_4.PNG,,RGBA,Ames,4233,15,4,TP1,721,363,Ames|4233|15|4,2022-07-12,True
UAV/Ames/TP1/Ames-TP1-4233_15_5.PNG,,RGBA,Ames,4233,15,5,TP1,722,364,Ames|4233|15|5,2022-07-12,True
UAV/Ames/TP1/Ames-TP1-4233_15_6.PNG,,RGBA,Ames,4233,15,6,TP1,721,363,Ames|4233|15|6,2022-07-12,True
UAV/Ames/TP1/Ames-TP1-4233_15_7.PNG,,RGBA,Ames,4233,15,7,TP1,722,363,Ames|4233|15|7,2022-07-12,True
UAV/Ames/TP1/Ames-TP1-4233_15_8.PNG,,RGBA,Ames,4233,15,8,TP1,722,363,Ames|4233|15|8,2022-07-12,True
UAV/Ames/TP1/Ames-TP1-4233_15_9.PNG,,RGBA,Ames,4233,15,9,TP1,721,363,Ames|4233|15|9,2022-07-12,True
UAV/Ames/TP1/Ames-TP1-4233_16_1.PNG,,RGBA,Ames,4233,16,1,TP1,721,364,Ames|4233|16|1,2022-07-12,False
UAV/Ames/TP1/Ames-TP1-4233_16_10.PNG,,RGBA,Ames,4233,16,10,TP1,722,363,Ames|4233|16|10,2022-07-12,True
UAV/Ames/TP1/Ames-TP1-4233_16_11.PNG,,RGBA,Ames,4233,16,11,TP1,721,363,Ames|4233|16|11,2022-07-12,False
UAV/Ames/TP1/Ames-TP1-4233_16_12.PNG,,RGBA,Ames,4233,16,12,TP1,722,363,Ames|4233|16|12,2022-07-12,False
UAV/Ames/TP1/Ames-TP1-4233_16_2.PNG,,RGBA,Ames,4233,16,2,TP1,721,363,Ames|4233|16|2,2022-07-12,False
UAV/Ames/TP1/Ames-TP1-4233_16_3.PNG,,RGBA,Ames,4233,16,3,TP1,722,363,Ames|4233|16|3,2022-07-12,True
UAV/Ames/TP1/Ames-TP1-4233_16_4.PNG,,RGBA,Ames,4233,16,4,TP1,721,363,Ames|4233|16|4,2022-07-12,True
UAV/Ames/TP1/Ames-TP1-4233_16_5.PNG,,RGBA,Ames,4233,16,5,TP1,722,363,Ames|4233|16|5,2022-07-12,True
UAV/Ames/TP1/Ames-TP1-4233_16_6.PNG,,RGBA,Ames,4233,16,6,TP1,721,363,Ames|4233|16|6,2022-07-12,True
UAV/Ames/TP1/Ames-TP1-4233_16_7.PNG,,RGBA,Ames,4233,16,7,TP1,722,363,Ames|4233|16|7,2022-07-12,True
UAV/Ames/TP1/Ames-TP1-4233_16_8.PNG,,RGBA,Ames,4233,16,8,TP1,722,364,Ames|4233|16|8,2022-07-12,True
UAV/Ames/TP1/Ames-TP1-4233_16_9.PNG,,RGBA,Ames,4233,16,9,TP1,721,363,Ames|4233|16|9,2022-07-12,True
UAV/Ames/TP1/Ames-TP1-4233_17_1.PNG,,RGBA,Ames,4233,17,1,TP1,722,364,Ames|4233|17|1,2022-07-12,False
UAV/Ames/TP1/Ames-TP1-4233_17_10.PNG,,RGBA,Ames,4233,17,10,TP1,722,363,Ames|4233|17|10,2022-07-12,True
UAV/Ames/TP1/Ames-TP1-4233_17_11.PNG,,RGBA,Ames,4233,17,11,TP1,721,364,Ames|4233|17|11,2022-07-12,False
UAV/Ames/TP1/Ames-TP1-4233_17_12.PNG,,RGBA,Ames,4233,17,12,TP1,722,363,Ames|4233|17|12,2022-07-12,False
UAV/Ames/TP1/Ames-TP1-4233_17_2.PNG,,RGBA,Ames,4233,17,2,TP1,721,363,Ames|4233|17|2,2022-07-12,False
UAV/Ames/TP1/Ames-TP1-4233_17_3.PNG,,RGBA,Ames,4233,17,3,TP1,722,363,Ames|4233|17|3,2022-07-12,True
UAV/Ames/TP1/Ames-TP1-4233_17_4.PNG,,RGBA,Ames,4233,17,4,TP1,721,364,Ames|4233|17|4,2022-07-12,True
UAV/Ames/TP1/Ames-TP1-4233_17_5.PNG,,RGBA,Ames,4233,17,5,TP1,722,363,Ames|4233|17|5,2022-07-12,True
UAV/Ames/TP1/Ames-TP1-4233_17_6.PNG,,RGBA,Ames,4233,17,6,TP1,721,364,Ames|4233|17|6,2022-07-12,True
UAV/Ames/TP1/Ames-TP1-4233_17_7.PNG,,RGBA,Ames,4233,17,7,TP1,722,363,Ames|4233|17|7,2022-07-12,True
UAV/Ames/TP1/Ames-TP1-4233_17_8.PNG,,RGBA,Ames,4233,17,8,TP1,722,363,Ames|4233|17|8,2022-07-12,True
UAV/Ames/TP1/Ames-TP1-4233_17_9.PNG,,RGBA,Ames,4233,17,9,TP1,721,363,Ames|4233|17|9,2022-07-12,True
UAV/Ames/TP1/Ames-TP1-4233_18_1.PNG,,RGBA,Ames,4233,18,1,TP1,722,363,Ames|4233|18|1,2022-07-12,False
UAV/Ames/TP1/Ames-TP1-4233_18_10.PNG,,RGBA,Ames,4233,18,10,TP1,722,363,Ames|4233|18|10,2022-07-12,True
UAV/Ames/TP1/Ames-TP1-4233_18_11.PNG,,RGBA,Ames,4233,18,11,TP1,721,363,Ames|4233|18|11,2022-07-12,False
UAV/Ames/TP1/Ames-TP1-4233_18_12.PNG,,RGBA,Ames,4233,18,12,TP1,722,363,Ames|4233|18|12,2022-07-12,False
UAV/Ames/TP1/Ames-TP1-4233_18_2.PNG,,RGBA,Ames,4233,18,2,TP1,721,363,Ames|4233|18|2,2022-07-12,False
UAV/Ames/TP1/Ames-TP1-4233_18_3.PNG,,RGBA,Ames,4233,18,3,TP1,722,363,Ames|4233|18|3,2022-07-12,True
UAV/Ames/TP1/Ames-TP1-4233_18_4.PNG,,RGBA,Ames,4233,18,4,TP1,721,364,Ames|4233|18|4,2022-07-12,True
UAV/Ames/TP1/Ames-TP1-4233_18_5.PNG,,RGBA,Ames,4233,18,5,TP1,721,363,Ames|4233|18|5,2022-07-12,True
UAV/Ames/TP1/Ames-TP1-4233_18_6.PNG,,RGBA,Ames,4233,18,6,TP1,721,363,Ames|4233|18|6,2022-07-12,True
UAV/Ames/TP1/Ames-TP1-4233_18_7.PNG,,RGBA,Ames,4233,18,7,TP1,721,363,Ames|4233|18|7,2022-07-12,True
UAV/Ames/TP1/Ames-TP1-4233_18_8.PNG,,RGBA,Ames,4233,18,8,TP1,722,363,Ames|4233|18|8,2022-07-12,True
UAV/Ames/TP1/Ames-TP1-4233_18_9.PNG,,RGBA,Ames,4233,18,9,TP1,721,363,Ames|4233|18|9,2022-07-12,True
UAV/Ames/TP1/Ames-TP1-4233_19_1.PNG,,RGBA,Ames,4233,19,1,TP1,721,363,Ames|4233|19|1,2022-07-12,False
UAV/Ames/TP1/Ames-TP1-4233_19_10.PNG,,RGBA,Ames,4233,19,10,TP1,722,364,Ames|4233|19|10,2022-07-12,True
UAV/Ames/TP1/Ames-TP1-4233_19_11.PNG,,RGBA,Ames,4233,19,11,TP1,721,363,Ames|4233|19|11,2022-07-12,False
UAV/Ames/TP1/Ames-TP1-4233_19_12.PNG,,RGBA,Ames,4233,19,12,TP1,722,363,Ames|4233|19|12,2022-07-12,False
UAV/Ames/TP1/Ames-TP1-4233_19_2.PNG,,RGBA,Ames,4233,19,2,TP1,721,364,Ames|4233|19|2,2022-07-12,False
UAV/Ames/TP1/Ames-TP1-4233_19_3.PNG,,RGBA,Ames,4233,19,3,TP1,721,363,Ames|4233|19|3,2022-07-12,True
UAV/Ames/TP1/Ames-TP1-4233_19_4.PNG,,RGBA,Ames,4233,19,4,TP1,722,363,Ames|4233|19|4,2022-07-12,True
UAV/Ames/TP1/Ames-TP1-4233_19_5.PNG,,RGBA,Ames,4233,19,5,TP1,721,363,Ames|4233|19|5,2022-07-12,True
UAV/Ames/TP1/Ames-TP1-4233_19_6.PNG,,RGBA,Ames,4233,19,6,TP1,722,363,Ames|4233|19|6,2022-07-12,True
UAV/Ames/TP1/Ames-TP1-4233_19_7.PNG,,RGBA,Ames,4233,19,7,TP1,721,363,Ames|4233|19|7,2022-07-12,True
UAV/Ames/TP1/Ames-TP1-4233_19_8.PNG,,RGBA,Ames,4233,19,8,TP1,722,363,Ames|4233|19|8,2022-07-12,True
UAV/Ames/TP1/Ames-TP1-4233_19_9.PNG,,RGBA,Ames,4233,19,9,TP1,721,363,Ames|4233|19|9,2022-07-12,True
UAV/Ames/TP1/Ames-TP1-4233_1_1.PNG,,RGBA,Ames,4233,1,1,TP1,722,364,Ames|4233|1|1,2022-07-12,False
UAV/Ames/TP1/Ames-TP1-4233_1_10.PNG,,RGBA,Ames,4233,1,10,TP1,722,363,Ames|4233|1|10,2022-07-12,False
UAV/Ames/TP1/Ames-TP1-4233_1_11.PNG,,RGBA,Ames,4233,1,11,TP1,722,364,Ames|4233|1|11,2022-07-12,False
UAV/Ames/TP1/Ames-TP1-4233_1_12.PNG,,RGBA,Ames,4233,1,12,TP1,722,363,Ames|4233|1|12,2022-07-12,False
UAV/Ames/TP1/Ames-TP1-4233_1_2.PNG,,RGBA,Ames,4233,1,2,TP1,722,363,Ames|4233|1|2,2022-07-12,False
UAV/Ames/TP1/Ames-TP1-4233_1_3.PNG,,RGBA,Ames,4233,1,3,TP1,722,364,Ames|4233|1|3,2022-07-12,False
UAV/Ames/TP1/Ames-TP1-4233_1_4.PNG,,RGBA,Ames,4233,1,4,TP1,722,364,Ames|4233|1|4,2022-07-12,False
UAV/Ames/TP1/Ames-TP1-4233_1_5.PNG,,RGBA,Ames,4233,1,5,TP1,722,363,Ames|4233|1|5,2022-07-12,False
UAV/Ames/TP1/Ames-TP1-4233_1_6.PNG,,RGBA,Ames,4233,1,6,TP1,722,363,Ames|4233|1|6,2022-07-12,False
UAV/Ames/TP1/Ames-TP1-4233_1_7.PNG,,RGBA,Ames,4233,1,7,TP1,722,364,Ames|4233|1|7,2022-07-12,False
UAV/Ames/TP1/Ames-TP1-4233_1_8.PNG,,RGBA,Ames,4233,1,8,TP1,722,364,Ames|4233|1|8,2022-07-12,False
UAV/Ames/TP1/Ames-TP1-4233_1_9.PNG,,RGBA,Ames,4233,1,9,TP1,722,363,Ames|4233|1|9,2022-07-12,False
UAV/Ames/TP1/Ames-TP1-4233_20_1.PNG,,RGBA,Ames,4233,20,1,TP1,721,363,Ames|4233|20|1,2022-07-12,False
UAV/Ames/TP1/Ames-TP1-4233_20_10.PNG,,RGBA,Ames,4233,20,10,TP1,722,363,Ames|4233|20|10,2022-07-12,True
UAV/Ames/TP1/Ames-TP1-4233_20_11.PNG,,RGBA,Ames,4233,20,11,TP1,721,363,Ames|4233|20|11,2022-07-12,False
UAV/Ames/TP1/Ames-TP1-4233_20_12.PNG,,RGBA,Ames,4233,20,12,TP1,722,363,Ames|4233|20|12,2022-07-12,False
UAV/Ames/TP1/Ames-TP1-4233_20_2.PNG,,RGBA,Ames,4233,20,2,TP1,722,363,Ames|4233|20|2,2022-07-12,False
UAV/Ames/TP1/Ames-TP1-4233_20_3.PNG,,RGBA,Ames,4233,20,3,TP1,721,363,Ames|4233|20|3,2022-07-12,True
UAV/Ames/TP1/Ames-TP1-4233_20_4.PNG,,RGBA,Ames,4233,20,4,TP1,722,363,Ames|4233|20|4,2022-07-12,True
UAV/Ames/TP1/Ames-TP1-4233_20_5.PNG,,RGBA,Ames,4233,20,5,TP1,721,363,Ames|4233|20|5,2022-07-12,True
UAV/Ames/TP1/Ames-TP1-4233_20_6.PNG,,RGBA,Ames,4233,20,6,TP1,722,363,Ames|4233|20|6,2022-07-12,True
UAV/Ames/TP1/Ames-TP1-4233_20_7.PNG,,RGBA,Ames,4233,20,7,TP1,721,363,Ames|4233|20|7,2022-07-12,True
UAV/Ames/TP1/Ames-TP1-4233_20_8.PNG,,RGBA,Ames,4233,20,8,TP1,722,364,Ames|4233|20|8,2022-07-12,True
UAV/Ames/TP1/Ames-TP1-4233_20_9.PNG,,RGBA,Ames,4233,20,9,TP1,721,363,Ames|4233|20|9,2022-07-12,True
UAV/Ames/TP1/Ames-TP1-4233_21_1.PNG,,RGBA,Ames,4233,21,1,TP1,721,363,Ames|4233|21|1,2022-07-12,False
UAV/Ames/TP1/Ames-TP1-4233_21_10.PNG,,RGBA,Ames,4233,21,10,TP1,722,363,Ames|4233|21|10,2022-07-12,True
UAV/Ames/TP1/Ames-TP1-4233_21_11.PNG,,RGBA,Ames,4233,21,11,TP1,721,363,Ames|4233|21|11,2022-07-12,False
UAV/Ames/TP1/Ames-TP1-4233_21_12.PNG,,RGBA,Ames,4233,21,12,TP1,722,363,Ames|4233|21|12,2022-07-12,False
UAV/Ames/TP1/Ames-TP1-4233_21_2.PNG,,RGBA,Ames,4233,21,2,TP1,721,363,Ames|4233|21|2,2022-07-12,False
UAV/Ames/TP1/Ames-TP1-4233_21_3.PNG,,RGBA,Ames,4233,21,3,TP1,721,364,Ames|4233|21|3,2022-07-12,True
UAV/Ames/TP1/Ames-TP1-4233_21_4.PNG,,RGBA,Ames,4233,21,4,TP1,722,363,Ames|4233|21|4,2022-07-12,True
UAV/Ames/TP1/Ames-TP1-4233_21_5.PNG,,RGBA,Ames,4233,21,5,TP1,721,363,Ames|4233|21|5,2022-07-12,True
UAV/Ames/TP1/Ames-TP1-4233_21_6.PNG,,RGBA,Ames,4233,21,6,TP1,722,364,Ames|4233|21|6,2022-07-12,True
UAV/Ames/TP1/Ames-TP1-4233_21_7.PNG,,RGBA,Ames,4233,21,7,TP1,721,363,Ames|4233|21|7,2022-07-12,True
UAV/Ames/TP1/Ames-TP1-4233_21_8.PNG,,RGBA,Ames,4233,21,8,TP1,722,363,Ames|4233|21|8,2022-07-12,True
UAV/Ames/TP1/Ames-TP1-4233_21_9.PNG,,RGBA,Ames,4233,21,9,TP1,721,363,Ames|4233|21|9,2022-07-12,True
UAV/Ames/TP1/Ames-TP1-4233_22_1.PNG,,RGBA,Ames,4233,22,1,TP1,722,363,Ames|4233|22|1,2022-07-12,False
UAV/Ames/TP1/Ames-TP1-4233_22_10.PNG,,RGBA,Ames,4233,22,10,TP1,722,363,Ames|4233|22|10,2022-07-12,True
UAV/Ames/TP1/Ames-TP1-4233_22_11.PNG,,RGBA,Ames,4233,22,11,TP1,721,363,Ames|4233|22|11,2022-07-12,False
UAV/Ames/TP1/Ames-TP1-4233_22_12.PNG,,RGBA,Ames,4233,22,12,TP1,721,363,Ames|4233|22|12,2022-07-12,False
UAV/Ames/TP1/Ames-TP1-4233_22_2.PNG,,RGBA,Ames,4233,22,2,TP1,721,363,Ames|4233|22|2,2022-07-12,False
UAV/Ames/TP1/Ames-TP1-4233_22_3.PNG,,RGBA,Ames,4233,22,3,TP1,721,363,Ames|4233|22|3,2022-07-12,True
UAV/Ames/TP1/Ames-TP1-4233_22_4.PNG,,RGBA,Ames,4233,22,4,TP1,721,363,Ames|4233|22|4,2022-07-12,True
UAV/Ames/TP1/Ames-TP1-4233_22_5.PNG,,RGBA,Ames,4233,22,5,TP1,721,363,Ames|4233|22|5,2022-07-12,True
UAV/Ames/TP1/Ames-TP1-4233_22_6.PNG,,RGBA,Ames,4233,22,6,TP1,722,363,Ames|4233|22|6,2022-07-12,True
UAV/Ames/TP1/Ames-TP1-4233_22_7.PNG,,RGBA,Ames,4233,22,7,TP1,721,363,Ames|4233|22|7,2022-07-12,True
UAV/Ames/TP1/Ames-TP1-4233_22_8.PNG,,RGBA,Ames,4233,22,8,TP1,722,363,Ames|4233|22|8,2022-07-12,True
UAV/Ames/TP1/Ames-TP1-4233_22_9.PNG,,RGBA,Ames,4233,22,9,TP1,721,363,Ames|4233|22|9,2022-07-12,True
UAV/Ames/TP1/Ames-TP1-4233_23_1.PNG,,RGBA,Ames,4233,23,1,TP1,721,363,Ames|4233|23|1,2022-07-12,False
UAV/Ames/TP1/Ames-TP1-4233_23_10.PNG,,RGBA,Ames,4233,23,10,TP1,722,363,Ames|4233|23|10,2022-07-12,True
UAV/Ames/TP1/Ames-TP1-4233_23_11.PNG,,RGBA,Ames,4233,23,11,TP1,722,363,Ames|4233|23|11,2022-07-12,False
UAV/Ames/TP1/Ames-TP1-4233_23_12.PNG,,RGBA,Ames,4233,23,12,TP1,721,363,Ames|4233|23|12,2022-07-12,False
UAV/Ames/TP1/Ames-TP1-4233_23_2.PNG,,RGBA,Ames,4233,23,2,TP1,721,363,Ames|4233|23|2,2022-07-12,False
UAV/Ames/TP1/Ames-TP1-4233_23_3.PNG,,RGBA,Ames,4233,23,3,TP1,722,363,Ames|4233|23|3,2022-07-12,True
UAV/Ames/TP1/Ames-TP1-4233_23_4.PNG,,RGBA,Ames,4233,23,4,TP1,721,364,Ames|4233|23|4,2022-07-12,True
UAV/Ames/TP1/Ames-TP1-4233_23_5.PNG,,RGBA,Ames,4233,23,5,TP1,721,363,Ames|4233|23|5,2022-07-12,True
UAV/Ames/TP1/Ames-TP1-4233_23_6.PNG,,RGBA,Ames,4233,23,6,TP1,721,363,Ames|4233|23|6,2022-07-12,True
UAV/Ames/TP1/Ames-TP1-4233_23_7.PNG,,RGBA,Ames,4233,23,7,TP1,721,363,Ames|4233|23|7,2022-07-12,True
UAV/Ames/TP1/Ames-TP1-4233_23_8.PNG,,RGBA,Ames,4233,23,8,TP1,722,363,Ames|4233|23|8,2022-07-12,True
UAV/Ames/TP1/Ames-TP1-4233_23_9.PNG,,RGBA,Ames,4233,23,9,TP1,721,363,Ames|4233|23|9,2022-07-12,True
UAV/Ames/TP1/Ames-TP1-4233_24_1.PNG,,RGBA,Ames,4233,24,1,TP1,721,364,Ames|4233|24|1,2022-07-12,False
UAV/Ames/TP1/Ames-TP1-4233_24_10.PNG,,RGBA,Ames,4233,24,10,TP1,721,363,Ames|4233|24|10,2022-07-12,True
UAV/Ames/TP1/Ames-TP1-4233_24_11.PNG,,RGBA,Ames,4233,24,11,TP1,722,363,Ames|4233|24|11,2022-07-12,False
UAV/Ames/TP1/Ames-TP1-4233_24_12.PNG,,RGBA,Ames,4233,24,12,TP1,721,363,Ames|4233|24|12,2022-07-12,False
UAV/Ames/TP1/Ames-TP1-4233_24_2.PNG,,RGBA,Ames,4233,24,2,TP1,721,363,Ames|4233|24|2,2022-07-12,False
UAV/Ames/TP1/Ames-TP1-4233_24_3.PNG,,RGBA,Ames,4233,24,3,TP1,721,363,Ames|4233|24|3,2022-07-12,True
UAV/Ames/TP1/Ames-TP1-4233_24_4.PNG,,RGBA,Ames,4233,24,4,TP1,721,363,Ames|4233|24|4,2022-07-12,True
UAV/Ames/TP1/Ames-TP1-4233_24_5.PNG,,RGBA,Ames,4233,24,5,TP1,722,363,Ames|4233|24|5,2022-07-12,True
UAV/Ames/TP1/Ames-TP1-4233_24_6.PNG,,RGBA,Ames,4233,24,6,TP1,721,363,Ames|4233|24|6,2022-07-12,True
UAV/Ames/TP1/Ames-TP1-4233_24_7.PNG,,RGBA,Ames,4233,24,7,TP1,721,363,Ames|4233|24|7,2022-07-12,True
UAV/Ames/TP1/Ames-TP1-4233_24_8.PNG,,RGBA,Ames,4233,24,8,TP1,722,363,Ames|4233|24|8,2022-07-12,True
UAV/Ames/TP1/Ames-TP1-4233_24_9.PNG,,RGBA,Ames,4233,24,9,TP1,721,363,Ames|4233|24|9,2022-07-12,True
UAV/Ames/TP1/Ames-TP1-4233_25_1.PNG,,RGBA,Ames,4233,25,1,TP1,721,363,Ames|4233|25|1,2022-07-12,False
UAV/Ames/TP1/Ames-TP1-4233_25_10.PNG,,RGBA,Ames,4233,25,10,TP1,721,363,Ames|4233|25|10,2022-07-12,False
UAV/Ames/TP1/Ames-TP1-4233_25_11.PNG,,RGBA,Ames,4233,25,11,TP1,722,363,Ames|4233|25|11,2022-07-12,False
UAV/Ames/TP1/Ames-TP1-4233_25_12.PNG,,RGBA,Ames,4233,25,12,TP1,721,363,Ames|4233|25|12,2022-07-12,False
UAV/Ames/TP1/Ames-TP1-4233_25_2.PNG,,RGBA,Ames,4233,25,2,TP1,722,363,Ames|4233|25|2,2022-07-12,False
UAV/Ames/TP1/Ames-TP1-4233_25_3.PNG,,RGBA,Ames,4233,25,3,TP1,721,363,Ames|4233|25|3,2022-07-12,False
UAV/Ames/TP1/Ames-TP1-4233_25_4.PNG,,RGBA,Ames,4233,25,4,TP1,721,363,Ames|4233|25|4,2022-07-12,False
UAV/Ames/TP1/Ames-TP1-4233_25_5.PNG,,RGBA,Ames,4233,25,5,TP1,722,363,Ames|4233|25|5,2022-07-12,False
UAV/Ames/TP1/Ames-TP1-4233_25_6.PNG,,RGBA,Ames,4233,25,6,TP1,721,363,Ames|4233|25|6,2022-07-12,False
UAV/Ames/TP1/Ames-TP1-4233_25_7.PNG,,RGBA,Ames,4233,25,7,TP1,721,363,Ames|4233|25|7,2022-07-12,False
UAV/Ames/TP1/Ames-TP1-4233_25_8.PNG,,RGBA,Ames,4233,25,8,TP1,722,363,Ames|4233|25|8,2022-07-12,False
UAV/Ames/TP1/Ames-TP1-4233_25_9.PNG,,RGBA,Ames,4233,25,9,TP1,721,363,Ames|4233|25|9,2022-07-12,False
UAV/Ames/TP1/Ames-TP1-4233_2_1.PNG,,RGBA,Ames,4233,2,1,TP1,721,363,Ames|4233|2|1,2022-07-12,False
UAV/Ames/TP1/Ames-TP1-4233_2_10.PNG,,RGBA,Ames,4233,2,10,TP1,722,364,Ames|4233|2|10,2022-07-12,False
UAV/Ames/TP1/Ames-TP1-4233_2_11.PNG,,RGBA,Ames,4233,2,11,TP1,722,363,Ames|4233|2|11,2022-07-12,False
UAV/Ames/TP1/Ames-TP1-4233_2_12.PNG,,RGBA,Ames,4233,2,12,TP1,722,363,Ames|4233|2|12,2022-07-12,False
UAV/Ames/TP1/Ames-TP1-4233_2_2.PNG,,RGBA,Ames,4233,2,2,TP1,721,363,Ames|4233|2|2,2022-07-12,False
UAV/Ames/TP1/Ames-TP1-4233_2_3.PNG,,RGBA,Ames,4233,2,3,TP1,721,364,Ames|4233|2|3,2022-07-12,False
UAV/Ames/TP1/Ames-TP1-4233_2_4.PNG,,RGBA,Ames,4233,2,4,TP1,721,364,Ames|4233|2|4,2022-07-12,False
UAV/Ames/TP1/Ames-TP1-4233_2_5.PNG,,RGBA,Ames,4233,2,5,TP1,722,363,Ames|4233|2|5,2022-07-12,False
UAV/Ames/TP1/Ames-TP1-4233_2_6.PNG,,RGBA,Ames,4233,2,6,TP1,722,364,Ames|4233|2|6,2022-07-12,False
UAV/Ames/TP1/Ames-TP1-4233_2_7.PNG,,RGBA,Ames,4233,2,7,TP1,722,364,Ames|4233|2|7,2022-07-12,False
UAV/Ames/TP1/Ames-TP1-4233_2_8.PNG,,RGBA,Ames,4233,2,8,TP1,722,363,Ames|4233|2|8,2022-07-12,False
UAV/Ames/TP1/Ames-TP1-4233_2_9.PNG,,RGBA,Ames,4233,2,9,TP1,722,363,Ames|4233|2|9,2022-07-12,False
UAV/Ames/TP1/Ames-TP1-4233_3_1.PNG,,RGBA,Ames,4233,3,1,TP1,722,363,Ames|4233|3|1,2022-07-12,False
UAV/Ames/TP1/Ames-TP1-4233_3_10.PNG,,RGBA,Ames,4233,3,10,TP1,722,363,Ames|4233|3|10,2022-07-12,True
UAV/Ames/TP1/Ames-TP1-4233_3_11.PNG,,RGBA,Ames,4233,3,11,TP1,722,363,Ames|4233|3|11,2022-07-12,False
UAV/Ames/TP1/Ames-TP1-4233_3_12.PNG,,RGBA,Ames,4233,3,12,TP1,722,364,Ames|4233|3|12,2022-07-12,False
UAV/Ames/TP1/Ames-TP1-4233_3_2.PNG,,RGBA,Ames,4233,3,2,TP1,722,364,Ames|4233|3|2,2022-07-12,False
UAV/Ames/TP1/Ames-TP1-4233_3_3.PNG,,RGBA,Ames,4233,3,3,TP1,722,364,Ames|4233|3|3,2022-07-12,True
UAV/Ames/TP1/Ames-TP1-4233_3_4.PNG,,RGBA,Ames,4233,3,4,TP1,721,363,Ames|4233|3|4,2022-07-12,True
UAV/Ames/TP1/Ames-TP1-4233_3_5.PNG,,RGBA,Ames,4233,3,5,TP1,721,363,Ames|4233|3|5,2022-07-12,True
UAV/Ames/TP1/Ames-TP1-4233_3_6.PNG,,RGBA,Ames,4233,3,6,TP1,721,364,Ames|4233|3|6,2022-07-12,True
UAV/Ames/TP1/Ames-TP1-4233_3_7.PNG,,RGBA,Ames,4233,3,7,TP1,722,363,Ames|4233|3|7,2022-07-12,True
UAV/Ames/TP1/Ames-TP1-4233_3_8.PNG,,RGBA,Ames,4233,3,8,TP1,722,363,Ames|4233|3|8,2022-07-12,True
UAV/Ames/TP1/Ames-TP1-4233_3_9.PNG,,RGBA,Ames,4233,3,9,TP1,722,364,Ames|4233|3|9,2022-07-12,True
UAV/Ames/TP1/Ames-TP1-4233_4_1.PNG,,RGBA,Ames,4233,4,1,TP1,722,363,Ames|4233|4|1,2022-07-12,False
UAV/Ames/TP1/Ames-TP1-4233_4_10.PNG,,RGBA,Ames,4233,4,10,TP1,722,363,Ames|4233|4|10,2022-07-12,True
UAV/Ames/TP1/Ames-TP1-4233_4_11.PNG,,RGBA,Ames,4233,4,11,TP1,722,364,Ames|4233|4|11,2022-07-12,False
UAV/Ames/TP1/Ames-TP1-4233_4_12.PNG,,RGBA,Ames,4233,4,12,TP1,722,363,Ames|4233|4|12,2022-07-12,False
UAV/Ames/TP1/Ames-TP1-4233_4_2.PNG,,RGBA,Ames,4233,4,2,TP1,722,364,Ames|4233|4|2,2022-07-12,False
UAV/Ames/TP1/Ames-TP1-4233_4_3.PNG,,RGBA,Ames,4233,4,3,TP1,722,363,Ames|4233|4|3,2022-07-12,True
UAV/Ames/TP1/Ames-TP1-4233_4_4.PNG,,RGBA,Ames,4233,4,4,TP1,722,363,Ames|4233|4|4,2022-07-12,True
UAV/Ames/TP1/Ames-TP1-4233_4_5.PNG,,RGBA,Ames,4233,4,5,TP1,722,364,Ames|4233|4|5,2022-07-12,True
UAV/Ames/TP1/Ames-TP1-4233_4_6.PNG,,RGBA,Ames,4233,4,6,TP1,721,363,Ames|4233|4|6,2022-07-12,True
UAV/Ames/TP1/Ames-TP1-4233_4_7.PNG,,RGBA,Ames,4233,4,7,TP1,721,363,Ames|4233|4|7,2022-07-12,True
UAV/Ames/TP1/Ames-TP1-4233_4_8.PNG,,RGBA,Ames,4233,4,8,TP1,722,364,Ames|4233|4|8,2022-07-12,True
UAV/Ames/TP1/Ames-TP1-4233_4_9.PNG,,RGBA,Ames,4233,4,9,TP1,722,363,Ames|4233|4|9,2022-07-12,True
UAV/Ames/TP1/Ames-TP1-4233_5_1.PNG,,RGBA,Ames,4233,5,1,TP1,722,363,Ames|4233|5|1,2022-07-12,False
UAV/Ames/TP1/Ames-TP1-4233_5_10.PNG,,RGBA,Ames,4233,5,10,TP1,722,364,Ames|4233|5|10,2022-07-12,True
UAV/Ames/TP1/Ames-TP1-4233_5_11.PNG,,RGBA,Ames,4233,5,11,TP1,722,363,Ames|4233|5|11,2022-07-12,False
UAV/Ames/TP1/Ames-TP1-4233_5_12.PNG,,RGBA,Ames,4233,5,12,TP1,722,363,Ames|4233|5|12,2022-07-12,False
UAV/Ames/TP1/Ames-TP1-4233_5_2.PNG,,RGBA,Ames,4233,5,2,TP1,722,364,Ames|4233|5|2,2022-07-12,False
UAV/Ames/TP1/Ames-TP1-4233_5_3.PNG,,RGBA,Ames,4233,5,3,TP1,722,363,Ames|4233|5|3,2022-07-12,True
UAV/Ames/TP1/Ames-TP1-4233_5_4.PNG,,RGBA,Ames,4233,5,4,TP1,722,364,Ames|4233|5|4,2022-07-12,True
UAV/Ames/TP1/Ames-TP1-4233_5_5.PNG,,RGBA,Ames,4233,5,5,TP1,722,364,Ames|4233|5|5,2022-07-12,True
UAV/Ames/TP1/Ames-TP1-4233_5_6.PNG,,RGBA,Ames,4233,5,6,TP1,722,363,Ames|4233|5|6,2022-07-12,True
UAV/Ames/TP1/Ames-TP1-4233_5_7.PNG,,RGBA,Ames,4233,5,7,TP1,721,364,Ames|4233|5|7,2022-07-12,True
UAV/Ames/TP1/Ames-TP1-4233_5_8.PNG,,RGBA,Ames,4233,5,8,TP1,722,364,Ames|4233|5|8,2022-07-12,True
UAV/Ames/TP1/Ames-TP1-4233_5_9.PNG,,RGBA,Ames,4233,5,9,TP1,722,363,Ames|4233|5|9,2022-07-12,True
UAV/Ames/TP1/Ames-TP1-4233_6_1.PNG,,RGBA,Ames,4233,6,1,TP1,721,364,Ames|4233|6|1,2022-07-12,False
UAV/Ames/TP1/Ames-TP1-4233_6_10.PNG,,RGBA,Ames,4233,6,10,TP1,722,363,Ames|4233|6|10,2022-07-12,True
UAV/Ames/TP1/Ames-TP1-4233_6_11.PNG,,RGBA,Ames,4233,6,11,TP1,722,363,Ames|4233|6|11,2022-07-12,False
UAV/Ames/TP1/Ames-TP1-4233_6_12.PNG,,RGBA,Ames,4233,6,12,TP1,722,364,Ames|4233|6|12,2022-07-12,False
UAV/Ames/TP1/Ames-TP1-4233_6_2.PNG,,RGBA,Ames,4233,6,2,TP1,722,364,Ames|4233|6|2,2022-07-12,False
UAV/Ames/TP1/Ames-TP1-4233_6_3.PNG,,RGBA,Ames,4233,6,3,TP1,722,363,Ames|4233|6|3,2022-07-12,True
UAV/Ames/TP1/Ames-TP1-4233_6_4.PNG,,RGBA,Ames,4233,6,4,TP1,722,364,Ames|4233|6|4,2022-07-12,True
UAV/Ames/TP1/Ames-TP1-4233_6_5.PNG,,RGBA,Ames,4233,6,5,TP1,722,363,Ames|4233|6|5,2022-07-12,True
UAV/Ames/TP1/Ames-TP1-4233_6_6.PNG,,RGBA,Ames,4233,6,6,TP1,722,363,Ames|4233|6|6,2022-07-12,True
UAV/Ames/TP1/Ames-TP1-4233_6_7.PNG,,RGBA,Ames,4233,6,7,TP1,721,364,Ames|4233|6|7,2022-07-12,True
UAV/Ames/TP1/Ames-TP1-4233_6_8.PNG,,RGBA,Ames,4233,6,8,TP1,721,363,Ames|4233|6|8,2022-07-12,True
UAV/Ames/TP1/Ames-TP1-4233_6_9.PNG,,RGBA,Ames,4233,6,9,TP1,722,363,Ames|4233|6|9,2022-07-12,True
UAV/Ames/TP1/Ames-TP1-4233_7_1.PNG,,RGBA,Ames,4233,7,1,TP1,721,364,Ames|4233|7|1,2022-07-12,False
UAV/Ames/TP1/Ames-TP1-4233_7_10.PNG,,RGBA,Ames,4233,7,10,TP1,722,363,Ames|4233|7|10,2022-07-12,True
UAV/Ames/TP1/Ames-TP1-4233_7_11.PNG,,RGBA,Ames,4233,7,11,TP1,722,364,Ames|4233|7|11,2022-07-12,False
UAV/Ames/TP1/Ames-TP1-4233_7_12.PNG,,RGBA,Ames,4233,7,12,TP1,722,363,Ames|4233|7|12,2022-07-12,False
UAV/Ames/TP1/Ames-TP1-4233_7_2.PNG,,RGBA,Ames,4233,7,2,TP1,721,363,Ames|4233|7|2,2022-07-12,False
UAV/Ames/TP1/Ames-TP1-4233_7_3.PNG,,RGBA,Ames,4233,7,3,TP1,722,363,Ames|4233|7|3,2022-07-12,True
UAV/Ames/TP1/Ames-TP1-4233_7_4.PNG,,RGBA,Ames,4233,7,4,TP1,722,364,Ames|4233|7|4,2022-07-12,True
UAV/Ames/TP1/Ames-TP1-4233_7_5.PNG,,RGBA,Ames,4233,7,5,TP1,722,363,Ames|4233|7|5,2022-07-12,True
UAV/Ames/TP1/Ames-TP1-4233_7_6.PNG,,RGBA,Ames,4233,7,6,TP1,722,364,Ames|4233|7|6,2022-07-12,True
UAV/Ames/TP1/Ames-TP1-4233_7_7.PNG,,RGBA,Ames,4233,7,7,TP1,722,363,Ames|4233|7|7,2022-07-12,True
UAV/Ames/TP1/Ames-TP1-4233_7_8.PNG,,RGBA,Ames,4233,7,8,TP1,721,363,Ames|4233|7|8,2022-07-12,True
UAV/Ames/TP1/Ames-TP1-4233_7_9.PNG,,RGBA,Ames,4233,7,9,TP1,722,364,Ames|4233|7|9,2022-07-12,True
UAV/Ames/TP1/Ames-TP1-4233_8_1.PNG,,RGBA,Ames,4233,8,1,TP1,722,364,Ames|4233|8|1,2022-07-12,False
UAV/Ames/TP1/Ames-TP1-4233_8_10.PNG,,RGBA,Ames,4233,8,10,TP1,722,363,Ames|4233|8|10,2022-07-12,True
UAV/Ames/TP1/Ames-TP1-4233_8_11.PNG,,RGBA,Ames,4233,8,11,TP1,722,363,Ames|4233|8|11,2022-07-12,False
UAV/Ames/TP1/Ames-TP1-4233_8_12.PNG,,RGBA,Ames,4233,8,12,TP1,722,363,Ames|4233|8|12,2022-07-12,False
UAV/Ames/TP1/Ames-TP1-4233_8_2.PNG,,RGBA,Ames,4233,8,2,TP1,721,363,Ames|4233|8|2,2022-07-12,False
UAV/Ames/TP1/Ames-TP1-4233_8_3.PNG,,RGBA,Ames,4233,8,3,TP1,721,364,Ames|4233|8|3,2022-07-12,True
UAV/Ames/TP1/Ames-TP1-4233_8_4.PNG,,RGBA,Ames,4233,8,4,TP1,722,363,Ames|4233|8|4,2022-07-12,True
UAV/Ames/TP1/Ames-TP1-4233_8_5.PNG,,RGBA,Ames,4233,8,5,TP1,722,363,Ames|4233|8|5,2022-07-12,True
UAV/Ames/TP1/Ames-TP1-4233_8_6.PNG,,RGBA,Ames,4233,8,6,TP1,722,364,Ames|4233|8|6,2022-07-12,True
UAV/Ames/TP1/Ames-TP1-4233_8_7.PNG,,RGBA,Ames,4233,8,7,TP1,722,363,Ames|4233|8|7,2022-07-12,True
UAV/Ames/TP1/Ames-TP1-4233_8_8.PNG,,RGBA,Ames,4233,8,8,TP1,721,364,Ames|4233|8|8,2022-07-12,True
UAV/Ames/TP1/Ames-TP1-4233_8_9.PNG,,RGBA,Ames,4233,8,9,TP1,722,363,Ames|4233|8|9,2022-07-12,True
UAV/Ames/TP1/Ames-TP1-4233_9_1.PNG,,RGBA,Ames,4233,9,1,TP1,722,364,Ames|4233|9|1,2022-07-12,False
UAV/Ames/TP1/Ames-TP1-4233_9_10.PNG,,RGBA,Ames,4233,9,10,TP1,722,364,Ames|4233|9|10,2022-07-12,True
UAV/Ames/TP1/Ames-TP1-4233_9_11.PNG,,RGBA,Ames,4233,9,11,TP1,722,363,Ames|4233|9|11,2022-07-12,False
UAV/Ames/TP1/Ames-TP1-4233_9_12.PNG,,RGBA,Ames,4233,9,12,TP1,722,364,Ames|4233|9|12,2022-07-12,False
UAV/Ames/TP1/Ames-TP1-4233_9_2.PNG,,RGBA,Ames,4233,9,2,TP1,722,363,Ames|4233|9|2,2022-07-12,False
UAV/Ames/TP1/Ames-TP1-4233_9_3.PNG,,RGBA,Ames,4233,9,3,TP1,721,364,Ames|4233|9|3,2022-07-12,True
UAV/Ames/TP1/Ames-TP1-4233_9_4.PNG,,RGBA,Ames,4233,9,4,TP1,721,363,Ames|4233|9|4,2022-07-12,True
UAV/Ames/TP1/Ames-TP1-4233_9_5.PNG,,RGBA,Ames,4233,9,5,TP1,722,364,Ames|4233|9|5,2022-07-12,True
UAV/Ames/TP1/Ames-TP1-4233_9_6.PNG,,RGBA,Ames,4233,9,6,TP1,722,363,Ames|4233|9|6,2022-07-12,True
UAV/Ames/TP1/Ames-TP1-4233_9_7.PNG,,RGBA,Ames,4233,9,7,TP1,722,363,Ames|4233|9|7,2022-07-12,True
UAV/Ames/TP1/Ames-TP1-4233_9_8.PNG,,RGBA,Ames,4233,9,8,TP1,721,363,Ames|4233|9|8,2022-07-12,True
UAV/Ames/TP1/Ames-TP1-4233_9_9.PNG,,RGBA,Ames,4233,9,9,TP1,722,363,Ames|4233|9|9,2022-07-12,True
UAV/Ames/TP2/Ames-TP2-4231_10_2.PNG,,RGBA,Ames,4231,10,2,TP2,384,759,Ames|4231|10|2,2022-07-26,True
UAV/Ames/TP2/Ames-TP2-4231_10_3.PNG,,RGBA,Ames,4231,10,3,TP2,384,759,Ames|4231|10|3,2022-07-26,True
UAV/Ames/TP2/Ames-TP2-4231_10_4.PNG,,RGBA,Ames,4231,10,4,TP2,385,759,Ames|4231|10|4,2022-07-26,True
UAV/Ames/TP2/Ames-TP2-4231_10_5.PNG,,RGBA,Ames,4231,10,5,TP2,385,759,Ames|4231|10|5,2022-07-26,True
UAV/Ames/TP2/Ames-TP2-4231_10_6.PNG,,RGBA,Ames,4231,10,6,TP2,384,758,Ames|4231|10|6,2022-07-26,True
UAV/Ames/TP2/Ames-TP2-4231_10_7.PNG,,RGBA,Ames,4231,10,7,TP2,384,759,Ames|4231|10|7,2022-07-26,True
UAV/Ames/TP2/Ames-TP2-4231_11_2.PNG,,RGBA,Ames,4231,11,2,TP2,385,759,Ames|4231|11|2,2022-07-26,True
UAV/Ames/TP2/Ames-TP2-4231_11_3.PNG,,RGBA,Ames,4231,11,3,TP2,384,759,Ames|4231|11|3,2022-07-26,True
UAV/Ames/TP2/Ames-TP2-4231_11_4.PNG,,RGBA,Ames,4231,11,4,TP2,384,759,Ames|4231|11|4,2022-07-26,True
UAV/Ames/TP2/Ames-TP2-4231_11_5.PNG,,RGBA,Ames,4231,11,5,TP2,384,759,Ames|4231|11|5,2022-07-26,True
UAV/Ames/TP2/Ames-TP2-4231_11_6.PNG,,RGBA,Ames,4231,11,6,TP2,384,758,Ames|4231|11|6,2022-07-26,True
UAV/Ames/TP2/Ames-TP2-4231_11_7.PNG,,RGBA,Ames,4231,11,7,TP2,384,759,Ames|4231|11|7,2022-07-26,True
UAV/Ames/TP2/Ames-TP2-4231_12_2.PNG,,RGBA,Ames,4231,12,2,TP2,384,759,Ames|4231|12|2,2022-07-26,True
UAV/Ames/TP2/Ames-TP2-4231_12_3.PNG,,RGBA,Ames,4231,12,3,TP2,384,759,Ames|4231|12|3,2022-07-26,True
UAV/Ames/TP2/Ames-TP2-4231_12_4.PNG,,RGBA,Ames,4231,12,4,TP2,385,759,Ames|4231|12|4,2022-07-26,True
UAV/Ames/TP2/Ames-TP2-4231_12_5.PNG,,RGBA,Ames,4231,12,5,TP2,384,759,Ames|4231|12|5,2022-07-26,True
UAV/Ames/TP2/Ames-TP2-4231_12_6.PNG,,RGBA,Ames,4231,12,6,TP2,384,758,Ames|4231|12|6,2022-07-26,True
UAV/Ames/TP2/Ames-TP2-4231_12_7.PNG,,RGBA,Ames,4231,12,7,TP2,384,759,Ames|4231|12|7,2022-07-26,True
UAV/Ames/TP2/Ames-TP2-4231_13_2.PNG,,RGBA,Ames,4231,13,2,TP2,384,759,Ames|4231|13|2,2022-07-26,True
UAV/Ames/TP2/Ames-TP2-4231_13_3.PNG,,RGBA,Ames,4231,13,3,TP2,385,758,Ames|4231|13|3,2022-07-26,True
UAV/Ames/TP2/Ames-TP2-4231_13_4.PNG,,RGBA,Ames,4231,13,4,TP2,384,759,Ames|4231|13|4,2022-07-26,True
UAV/Ames/TP2/Ames-TP2-4231_13_5.PNG,,RGBA,Ames,4231,13,5,TP2,384,759,Ames|4231|13|5,2022-07-26,True
UAV/Ames/TP2/Ames-TP2-4231_13_6.PNG,,RGBA,Ames,4231,13,6,TP2,384,758,Ames|4231|13|6,2022-07-26,True
UAV/Ames/TP2/Ames-TP2-4231_13_7.PNG,,RGBA,Ames,4231,13,7,TP2,384,759,Ames|4231|13|7,2022-07-26,True
UAV/Ames/TP2/Ames-TP2-4231_14_2.PNG,,RGBA,Ames,4231,14,2,TP2,385,759,Ames|4231|14|2,2022-07-26,True
UAV/Ames/TP2/Ames-TP2-4231_14_3.PNG,,RGBA,Ames,4231,14,3,TP2,384,759,Ames|4231|14|3,2022-07-26,True
UAV/Ames/TP2/Ames-TP2-4231_14_4.PNG,,RGBA,Ames,4231,14,4,TP2,384,759,Ames|4231|14|4,2022-07-26,True
UAV/Ames/TP2/Ames-TP2-4231_14_5.PNG,,RGBA,Ames,4231,14,5,TP2,384,759,Ames|4231|14|5,2022-07-26,True
UAV/Ames/TP2/Ames-TP2-4231_14_6.PNG,,RGBA,Ames,4231,14,6,TP2,384,758,Ames|4231|14|6,2022-07-26,True
UAV/Ames/TP2/Ames-TP2-4231_14_7.PNG,,RGBA,Ames,4231,14,7,TP2,384,759,Ames|4231|14|7,2022-07-26,True
UAV/Ames/TP2/Ames-TP2-4231_15_2.PNG,,RGBA,Ames,4231,15,2,TP2,384,758,Ames|4231|15|2,2022-07-26,True
UAV/Ames/TP2/Ames-TP2-4231_15_3.PNG,,RGBA,Ames,4231,15,3,TP2,384,759,Ames|4231|15|3,2022-07-26,True
UAV/Ames/TP2/Ames-TP2-4231_15_4.PNG,,RGBA,Ames,4231,15,4,TP2,384,758,Ames|4231|15|4,2022-07-26,True
UAV/Ames/TP2/Ames-TP2-4231_15_5.PNG,,RGBA,Ames,4231,15,5,TP2,383,759,Ames|4231|15|5,2022-07-26,True
UAV/Ames/TP2/Ames-TP2-4231_15_6.PNG,,RGBA,Ames,4231,15,6,TP2,384,758,Ames|4231|15|6,2022-07-26,True
UAV/Ames/TP2/Ames-TP2-4231_15_7.PNG,,RGBA,Ames,4231,15,7,TP2,383,759,Ames|4231|15|7,2022-07-26,True
UAV/Ames/TP2/Ames-TP2-4231_16_2.PNG,,RGBA,Ames,4231,16,2,TP2,384,759,Ames|4231|16|2,2022-07-26,True
UAV/Ames/TP2/Ames-TP2-4231_16_3.PNG,,RGBA,Ames,4231,16,3,TP2,384,759,Ames|4231|16|3,2022-07-26,True
UAV/Ames/TP2/Ames-TP2-4231_16_4.PNG,,RGBA,Ames,4231,16,4,TP2,383,758,Ames|4231|16|4,2022-07-26,True
UAV/Ames/TP2/Ames-TP2-4231_16_5.PNG,,RGBA,Ames,4231,16,5,TP2,384,759,Ames|4231|16|5,2022-07-26,True
UAV/Ames/TP2/Ames-TP2-4231_16_6.PNG,,RGBA,Ames,4231,16,6,TP2,384,758,Ames|4231|16|6,2022-07-26,True
UAV/Ames/TP2/Ames-TP2-4231_16_7.PNG,,RGBA,Ames,4231,16,7,TP2,384,759,Ames|4231|16|7,2022-07-26,True
UAV/Ames/TP2/Ames-TP2-4231_17_2.PNG,,RGBA,Ames,4231,17,2,TP2,384,759,Ames|4231|17|2,2022-07-26,True
UAV/Ames/TP2/Ames-TP2-4231_17_3.PNG,,RGBA,Ames,4231,17,3,TP2,384,758,Ames|4231|17|3,2022-07-26,True
UAV/Ames/TP2/Ames-TP2-4231_17_4.PNG,,RGBA,Ames,4231,17,4,TP2,384,759,Ames|4231|17|4,2022-07-26,True
UAV/Ames/TP2/Ames-TP2-4231_17_5.PNG,,RGBA,Ames,4231,17,5,TP2,384,759,Ames|4231|17|5,2022-07-26,True
UAV/Ames/TP2/Ames-TP2-4231_17_6.PNG,,RGBA,Ames,4231,17,6,TP2,384,758,Ames|4231|17|6,2022-07-26,True
UAV/Ames/TP2/Ames-TP2-4231_17_7.PNG,,RGBA,Ames,4231,17,7,TP2,384,759,Ames|4231|17|7,2022-07-26,True
UAV/Ames/TP2/Ames-TP2-4231_18_2.PNG,,RGBA,Ames,4231,18,2,TP2,384,759,Ames|4231|18|2,2022-07-26,True
UAV/Ames/TP2/Ames-TP2-4231_18_3.PNG,,RGBA,Ames,4231,18,3,TP2,384,758,Ames|4231|18|3,2022-07-26,True
UAV/Ames/TP2/Ames-TP2-4231_18_4.PNG,,RGBA,Ames,4231,18,4,TP2,383,759,Ames|4231|18|4,2022-07-26,True
UAV/Ames/TP2/Ames-TP2-4231_18_5.PNG,,RGBA,Ames,4231,18,5,TP2,384,758,Ames|4231|18|5,2022-07-26,True
UAV/Ames/TP2/Ames-TP2-4231_18_6.PNG,,RGBA,Ames,4231,18,6,TP2,384,758,Ames|4231|18|6,2022-07-26,True
UAV/Ames/TP2/Ames-TP2-4231_18_7.PNG,,RGBA,Ames,4231,18,7,TP2,383,759,Ames|4231|18|7,2022-07-26,True
UAV/Ames/TP2/Ames-TP2-4231_19_2.PNG,,RGBA,Ames,4231,19,2,TP2,383,758,Ames|4231|19|2,2022-07-26,True
UAV/Ames/TP2/Ames-TP2-4231_19_3.PNG,,RGBA,Ames,4231,19,3,TP2,384,758,Ames|4231|19|3,2022-07-26,True
UAV/Ames/TP2/Ames-TP2-4231_19_4.PNG,,RGBA,Ames,4231,19,4,TP2,384,759,Ames|4231|19|4,2022-07-26,True
UAV/Ames/TP2/Ames-TP2-4231_19_5.PNG,,RGBA,Ames,4231,19,5,TP2,384,758,Ames|4231|19|5,2022-07-26,True
UAV/Ames/TP2/Ames-TP2-4231_19_6.PNG,,RGBA,Ames,4231,19,6,TP2,383,758,Ames|4231|19|6,2022-07-26,True
UAV/Ames/TP2/Ames-TP2-4231_19_7.PNG,,RGBA,Ames,4231,19,7,TP2,383,759,Ames|4231|19|7,2022-07-26,True
UAV/Ames/TP2/Ames-TP2-4231_1_2.PNG,,RGBA,Ames,4231,1,2,TP2,385,759,Ames|4231|1|2,2022-07-26,False
UAV/Ames/TP2/Ames-TP2-4231_1_3.PNG,,RGBA,Ames,4231,1,3,TP2,385,760,Ames|4231|1|3,2022-07-26,False
UAV/Ames/TP2/Ames-TP2-4231_1_4.PNG,,RGBA,Ames,4231,1,4,TP2,385,760,Ames|4231|1|4,2022-07-26,False
UAV/Ames/TP2/Ames-TP2-4231_1_5.PNG,,RGBA,Ames,4231,1,5,TP2,385,759,Ames|4231|1|5,2022-07-26,False
UAV/Ames/TP2/Ames-TP2-4231_1_6.PNG,,RGBA,Ames,4231,1,6,TP2,385,760,Ames|4231|1|6,2022-07-26,False
UAV/Ames/TP2/Ames-TP2-4231_1_7.PNG,,RGBA,Ames,4231,1,7,TP2,384,759,Ames|4231|1|7,2022-07-26,False
UAV/Ames/TP2/Ames-TP2-4231_20_2.PNG,,RGBA,Ames,4231,20,2,TP2,384,758,Ames|4231|20|2,2022-07-26,True
UAV/Ames/TP2/Ames-TP2-4231_20_3.PNG,,RGBA,Ames,4231,20,3,TP2,384,759,Ames|4231|20|3,2022-07-26,True
UAV/Ames/TP2/Ames-TP2-4231_20_4.PNG,,RGBA,Ames,4231,20,4,TP2,383,759,Ames|4231|20|4,2022-07-26,True
UAV/Ames/TP2/Ames-TP2-4231_20_5.PNG,,RGBA,Ames,4231,20,5,TP2,383,758,Ames|4231|20|5,2022-07-26,True
UAV/Ames/TP2/Ames-TP2-4231_20_6.PNG,,RGBA,Ames,4231,20,6,TP2,383,758,Ames|4231|20|6,2022-07-26,True
UAV/Ames/TP2/Ames-TP2-4231_20_7.PNG,,RGBA,Ames,4231,20,7,TP2,384,758,Ames|4231|20|7,2022-07-26,True
UAV/Ames/TP2/Ames-TP2-4231_21_2.PNG,,RGBA,Ames,4231,21,2,TP2,384,759,Ames|4231|21|2,2022-07-26,True
UAV/Ames/TP2/Ames-TP2-4231_21_3.PNG,,RGBA,Ames,4231,21,3,TP2,384,759,Ames|4231|21|3,2022-07-26,True
UAV/Ames/TP2/Ames-TP2-4231_21_4.PNG,,RGBA,Ames,4231,21,4,TP2,384,758,Ames|4231|21|4,2022-07-26,True
UAV/Ames/TP2/Ames-TP2-4231_21_5.PNG,,RGBA,Ames,4231,21,5,TP2,384,758,Ames|4231|21|5,2022-07-26,True
UAV/Ames/TP2/Ames-TP2-4231_21_6.PNG,,RGBA,Ames,4231,21,6,TP2,384,758,Ames|4231|21|6,2022-07-26,True
UAV/Ames/TP2/Ames-TP2-4231_21_7.PNG,,RGBA,Ames,4231,21,7,TP2,384,758,Ames|4231|21|7,2022-07-26,True
UAV/Ames/TP2/Ames-TP2-4231_22_2.PNG,,RGBA,Ames,4231,22,2,TP2,383,759,Ames|4231|22|2,2022-07-26,True
UAV/Ames/TP2/Ames-TP2-4231_22_3.PNG,,RGBA,Ames,4231,22,3,TP2,383,758,Ames|4231|22|3,2022-07-26,True
UAV/Ames/TP2/Ames-TP2-4231_22_4.PNG,,RGBA,Ames,4231,22,4,TP2,383,758,Ames|4231|22|4,2022-07-26,True
UAV/Ames/TP2/Ames-TP2-4231_22_5.PNG,,RGBA,Ames,4231,22,5,TP2,383,758,Ames|4231|22|5,2022-07-26,True
UAV/Ames/TP2/Ames-TP2-4231_22_6.PNG,,RGBA,Ames,4231,22,6,TP2,383,758,Ames|4231|22|6,2022-07-26,True
UAV/Ames/TP2/Ames-TP2-4231_22_7.PNG,,RGBA,Ames,4231,22,7,TP2,383,758,Ames|4231|22|7,2022-07-26,True
UAV/Ames/TP2/Ames-TP2-4231_23_2.PNG,,RGBA,Ames,4231,23,2,TP2,384,758,Ames|4231|23|2,2022-07-26,True
UAV/Ames/TP2/Ames-TP2-4231_23_3.PNG,,RGBA,Ames,4231,23,3,TP2,384,758,Ames|4231|23|3,2022-07-26,True
UAV/Ames/TP2/Ames-TP2-4231_23_4.PNG,,RGBA,Ames,4231,23,4,TP2,384,758,Ames|4231|23|4,2022-07-26,True
UAV/Ames/TP2/Ames-TP2-4231_23_5.PNG,,RGBA,Ames,4231,23,5,TP2,383,758,Ames|4231|23|5,2022-07-26,True
UAV/Ames/TP2/Ames-TP2-4231_23_6.PNG,,RGBA,Ames,4231,23,6,TP2,383,758,Ames|4231|23|6,2022-07-26,True
UAV/Ames/TP2/Ames-TP2-4231_23_7.PNG,,RGBA,Ames,4231,23,7,TP2,383,758,Ames|4231|23|7,2022-07-26,True
UAV/Ames/TP2/Ames-TP2-4231_24_2.PNG,,RGBA,Ames,4231,24,2,TP2,383,758,Ames|4231|24|2,2022-07-26,True
UAV/Ames/TP2/Ames-TP2-4231_24_3.PNG,,RGBA,Ames,4231,24,3,TP2,383,758,Ames|4231|24|3,2022-07-26,True
UAV/Ames/TP2/Ames-TP2-4231_24_4.PNG,,RGBA,Ames,4231,24,4,TP2,383,758,Ames|4231|24|4,2022-07-26,True
UAV/Ames/TP2/Ames-TP2-4231_24_5.PNG,,RGBA,Ames,4231,24,5,TP2,383,758,Ames|4231|24|5,2022-07-26,True
UAV/Ames/TP2/Ames-TP2-4231_24_6.PNG,,RGBA,Ames,4231,24,6,TP2,384,758,Ames|4231|24|6,2022-07-26,True
UAV/Ames/TP2/Ames-TP2-4231_24_7.PNG,,RGBA,Ames,4231,24,7,TP2,383,758,Ames|4231|24|7,2022-07-26,True
UAV/Ames/TP2/Ames-TP2-4231_25_2.PNG,,RGBA,Ames,4231,25,2,TP2,383,759,Ames|4231|25|2,2022-07-26,True
UAV/Ames/TP2/Ames-TP2-4231_25_3.PNG,,RGBA,Ames,4231,25,3,TP2,384,758,Ames|4231|25|3,2022-07-26,True
UAV/Ames/TP2/Ames-TP2-4231_25_4.PNG,,RGBA,Ames,4231,25,4,TP2,383,758,Ames|4231|25|4,2022-07-26,True
UAV/Ames/TP2/Ames-TP2-4231_25_5.PNG,,RGBA,Ames,4231,25,5,TP2,383,758,Ames|4231|25|5,2022-07-26,True
UAV/Ames/TP2/Ames-TP2-4231_25_6.PNG,,RGBA,Ames,4231,25,6,TP2,383,758,Ames|4231|25|6,2022-07-26,True
UAV/Ames/TP2/Ames-TP2-4231_25_7.PNG,,RGBA,Ames,4231,25,7,TP2,383,758,Ames|4231|25|7,2022-07-26,True
UAV/Ames/TP2/Ames-TP2-4231_26_2.PNG,,RGBA,Ames,4231,26,2,TP2,384,758,Ames|4231|26|2,2022-07-26,True
UAV/Ames/TP2/Ames-TP2-4231_26_3.PNG,,RGBA,Ames,4231,26,3,TP2,383,758,Ames|4231|26|3,2022-07-26,True
UAV/Ames/TP2/Ames-TP2-4231_26_4.PNG,,RGBA,Ames,4231,26,4,TP2,383,758,Ames|4231|26|4,2022-07-26,True
UAV/Ames/TP2/Ames-TP2-4231_26_5.PNG,,RGBA,Ames,4231,26,5,TP2,384,758,Ames|4231|26|5,2022-07-26,True
UAV/Ames/TP2/Ames-TP2-4231_26_6.PNG,,RGBA,Ames,4231,26,6,TP2,383,758,Ames|4231|26|6,2022-07-26,True
UAV/Ames/TP2/Ames-TP2-4231_26_7.PNG,,RGBA,Ames,4231,26,7,TP2,383,758,Ames|4231|26|7,2022-07-26,True
UAV/Ames/TP2/Ames-TP2-4231_27_2.PNG,,RGBA,Ames,4231,27,2,TP2,383,758,Ames|4231|27|2,2022-07-26,True
UAV/Ames/TP2/Ames-TP2-4231_27_3.PNG,,RGBA,Ames,4231,27,3,TP2,383,758,Ames|4231|27|3,2022-07-26,True
UAV/Ames/TP2/Ames-TP2-4231_27_4.PNG,,RGBA,Ames,4231,27,4,TP2,383,758,Ames|4231|27|4,2022-07-26,True
UAV/Ames/TP2/Ames-TP2-4231_27_5.PNG,,RGBA,Ames,4231,27,5,TP2,383,758,Ames|4231|27|5,2022-07-26,True
UAV/Ames/TP2/Ames-TP2-4231_27_6.PNG,,RGBA,Ames,4231,27,6,TP2,382,758,Ames|4231|27|6,2022-07-26,True
UAV/Ames/TP2/Ames-TP2-4231_27_7.PNG,,RGBA,Ames,4231,27,7,TP2,383,758,Ames|4231|27|7,2022-07-26,True
UAV/Ames/TP2/Ames-TP2-4231_28_2.PNG,,RGBA,Ames,4231,28,2,TP2,383,758,Ames|4231|28|2,2022-07-26,True
UAV/Ames/TP2/Ames-TP2-4231_28_3.PNG,,RGBA,Ames,4231,28,3,TP2,383,758,Ames|4231|28|3,2022-07-26,True
UAV/Ames/TP2/Ames-TP2-4231_28_4.PNG,,RGBA,Ames,4231,28,4,TP2,383,758,Ames|4231|28|4,2022-07-26,True
UAV/Ames/TP2/Ames-TP2-4231_28_5.PNG,,RGBA,Ames,4231,28,5,TP2,383,757,Ames|4231|28|5,2022-07-26,True
UAV/Ames/TP2/Ames-TP2-4231_28_6.PNG,,RGBA,Ames,4231,28,6,TP2,383,758,Ames|4231|28|6,2022-07-26,True
UAV/Ames/TP2/Ames-TP2-4231_28_7.PNG,,RGBA,Ames,4231,28,7,TP2,383,758,Ames|4231|28|7,2022-07-26,True
UAV/Ames/TP2/Ames-TP2-4231_29_2.PNG,,RGBA,Ames,4231,29,2,TP2,383,758,Ames|4231|29|2,2022-07-26,True
UAV/Ames/TP2/Ames-TP2-4231_29_3.PNG,,RGBA,Ames,4231,29,3,TP2,383,758,Ames|4231|29|3,2022-07-26,True
UAV/Ames/TP2/Ames-TP2-4231_29_4.PNG,,RGBA,Ames,4231,29,4,TP2,383,758,Ames|4231|29|4,2022-07-26,True
UAV/Ames/TP2/Ames-TP2-4231_29_5.PNG,,RGBA,Ames,4231,29,5,TP2,383,757,Ames|4231|29|5,2022-07-26,True
UAV/Ames/TP2/Ames-TP2-4231_29_6.PNG,,RGBA,Ames,4231,29,6,TP2,383,758,Ames|4231|29|6,2022-07-26,True
UAV/Ames/TP2/Ames-TP2-4231_29_7.PNG,,RGBA,Ames,4231,29,7,TP2,383,758,Ames|4231|29|7,2022-07-26,True
UAV/Ames/TP2/Ames-TP2-4231_2_2.PNG,,RGBA,Ames,4231,2,2,TP2,385,759,Ames|4231|2|2,2022-07-26,True
UAV/Ames/TP2/Ames-TP2-4231_2_3.PNG,,RGBA,Ames,4231,2,3,TP2,385,760,Ames|4231|2|3,2022-07-26,True
UAV/Ames/TP2/Ames-TP2-4231_2_4.PNG,,RGBA,Ames,4231,2,4,TP2,385,759,Ames|4231|2|4,2022-07-26,True
UAV/Ames/TP2/Ames-TP2-4231_2_5.PNG,,RGBA,Ames,4231,2,5,TP2,385,759,Ames|4231|2|5,2022-07-26,True
UAV/Ames/TP2/Ames-TP2-4231_2_6.PNG,,RGBA,Ames,4231,2,6,TP2,385,760,Ames|4231|2|6,2022-07-26,True
UAV/Ames/TP2/Ames-TP2-4231_2_7.PNG,,RGBA,Ames,4231,2,7,TP2,384,759,Ames|4231|2|7,2022-07-26,True
UAV/Ames/TP2/Ames-TP2-4231_30_2.PNG,,RGBA,Ames,4231,30,2,TP2,383,758,Ames|4231|30|2,2022-07-26,True
UAV/Ames/TP2/Ames-TP2-4231_30_3.PNG,,RGBA,Ames,4231,30,3,TP2,383,758,Ames|4231|30|3,2022-07-26,True
UAV/Ames/TP2/Ames-TP2-4231_30_4.PNG,,RGBA,Ames,4231,30,4,TP2,383,758,Ames|4231|30|4,2022-07-26,True
UAV/Ames/TP2/Ames-TP2-4231_30_5.PNG,,RGBA,Ames,4231,30,5,TP2,383,757,Ames|4231|30|5,2022-07-26,True
UAV/Ames/TP2/Ames-TP2-4231_30_6.PNG,,RGBA,Ames,4231,30,6,TP2,382,758,Ames|4231|30|6,2022-07-26,True
UAV/Ames/TP2/Ames-TP2-4231_30_7.PNG,,RGBA,Ames,4231,30,7,TP2,383,758,Ames|4231|30|7,2022-07-26,True
UAV/Ames/TP2/Ames-TP2-4231_31_2.PNG,,RGBA,Ames,4231,31,2,TP2,383,758,Ames|4231|31|2,2022-07-26,True
UAV/Ames/TP2/Ames-TP2-4231_31_3.PNG,,RGBA,Ames,4231,31,3,TP2,383,757,Ames|4231|31|3,2022-07-26,True
UAV/Ames/TP2/Ames-TP2-4231_31_4.PNG,,RGBA,Ames,4231,31,4,TP2,383,758,Ames|4231|31|4,2022-07-26,True
UAV/Ames/TP2/Ames-TP2-4231_31_5.PNG,,RGBA,Ames,4231,31,5,TP2,382,758,Ames|4231|31|5,2022-07-26,True
UAV/Ames/TP2/Ames-TP2-4231_31_6.PNG,,RGBA,Ames,4231,31,6,TP2,383,758,Ames|4231|31|6,2022-07-26,True
UAV/Ames/TP2/Ames-TP2-4231_31_7.PNG,,RGBA,Ames,4231,31,7,TP2,383,758,Ames|4231|31|7,2022-07-26,True
UAV/Ames/TP2/Ames-TP2-4231_3_2.PNG,,RGBA,Ames,4231,3,2,TP2,385,760,Ames|4231|3|2,2022-07-26,True
UAV/Ames/TP2/Ames-TP2-4231_3_3.PNG,,RGBA,Ames,4231,3,3,TP2,385,760,Ames|4231|3|3,2022-07-26,True
UAV/Ames/TP2/Ames-TP2-4231_3_4.PNG,,RGBA,Ames,4231,3,4,TP2,385,759,Ames|4231|3|4,2022-07-26,True
UAV/Ames/TP2/Ames-TP2-4231_3_5.PNG,,RGBA,Ames,4231,3,5,TP2,385,759,Ames|4231|3|5,2022-07-26,True
UAV/Ames/TP2/Ames-TP2-4231_3_6.PNG,,RGBA,Ames,4231,3,6,TP2,384,760,Ames|4231|3|6,2022-07-26,True
UAV/Ames/TP2/Ames-TP2-4231_3_7.PNG,,RGBA,Ames,4231,3,7,TP2,385,759,Ames|4231|3|7,2022-07-26,True
UAV/Ames/TP2/Ames-TP2-4231_4_2.PNG,,RGBA,Ames,4231,4,2,TP2,385,760,Ames|4231|4|2,2022-07-26,True
UAV/Ames/TP2/Ames-TP2-4231_4_3.PNG,,RGBA,Ames,4231,4,3,TP2,385,759,Ames|4231|4|3,2022-07-26,True
UAV/Ames/TP2/Ames-TP2-4231_4_4.PNG,,RGBA,Ames,4231,4,4,TP2,385,759,Ames|4231|4|4,2022-07-26,True
UAV/Ames/TP2/Ames-TP2-4231_4_5.PNG,,RGBA,Ames,4231,4,5,TP2,384,759,Ames|4231|4|5,2022-07-26,True
UAV/Ames/TP2/Ames-TP2-4231_4_6.PNG,,RGBA,Ames,4231,4,6,TP2,385,760,Ames|4231|4|6,2022-07-26,True
UAV/Ames/TP2/Ames-TP2-4231_4_7.PNG,,RGBA,Ames,4231,4,7,TP2,385,759,Ames|4231|4|7,2022-07-26,True
UAV/Ames/TP2/Ames-TP2-4231_5_2.PNG,,RGBA,Ames,4231,5,2,TP2,385,759,Ames|4231|5|2,2022-07-26,True
UAV/Ames/TP2/Ames-TP2-4231_5_3.PNG,,RGBA,Ames,4231,5,3,TP2,384,759,Ames|4231|5|3,2022-07-26,True
UAV/Ames/TP2/Ames-TP2-4231_5_4.PNG,,RGBA,Ames,4231,5,4,TP2,385,759,Ames|4231|5|4,2022-07-26,True
UAV/Ames/TP2/Ames-TP2-4231_5_5.PNG,,RGBA,Ames,4231,5,5,TP2,385,759,Ames|4231|5|5,2022-07-26,True
UAV/Ames/TP2/Ames-TP2-4231_5_6.PNG,,RGBA,Ames,4231,5,6,TP2,385,759,Ames|4231|5|6,2022-07-26,True
UAV/Ames/TP2/Ames-TP2-4231_5_7.PNG,,RGBA,Ames,4231,5,7,TP2,384,759,Ames|4231|5|7,2022-07-26,True
UAV/Ames/TP2/Ames-TP2-4231_6_2.PNG,,RGBA,Ames,4231,6,2,TP2,385,759,Ames|4231|6|2,2022-07-26,True
UAV/Ames/TP2/Ames-TP2-4231_6_3.PNG,,RGBA,Ames,4231,6,3,TP2,385,759,Ames|4231|6|3,2022-07-26,True
UAV/Ames/TP2/Ames-TP2-4231_6_4.PNG,,RGBA,Ames,4231,6,4,TP2,385,759,Ames|4231|6|4,2022-07-26,True
UAV/Ames/TP2/Ames-TP2-4231_6_5.PNG,,RGBA,Ames,4231,6,5,TP2,384,759,Ames|4231|6|5,2022-07-26,True
UAV/Ames/TP2/Ames-TP2-4231_6_6.PNG,,RGBA,Ames,4231,6,6,TP2,384,759,Ames|4231|6|6,2022-07-26,True
UAV/Ames/TP2/Ames-TP2-4231_6_7.PNG,,RGBA,Ames,4231,6,7,TP2,384,760,Ames|4231|6|7,2022-07-26,True
UAV/Ames/TP2/Ames-TP2-4231_7_2.PNG,,RGBA,Ames,4231,7,2,TP2,384,760,Ames|4231|7|2,2022-07-26,True
UAV/Ames/TP2/Ames-TP2-4231_7_3.PNG,,RGBA,Ames,4231,7,3,TP2,384,760,Ames|4231|7|3,2022-07-26,True
UAV/Ames/TP2/Ames-TP2-4231_7_4.PNG,,RGBA,Ames,4231,7,4,TP2,384,759,Ames|4231|7|4,2022-07-26,True
UAV/Ames/TP2/Ames-TP2-4231_7_5.PNG,,RGBA,Ames,4231,7,5,TP2,385,759,Ames|4231|7|5,2022-07-26,True
UAV/Ames/TP2/Ames-TP2-4231_7_6.PNG,,RGBA,Ames,4231,7,6,TP2,385,759,Ames|4231|7|6,2022-07-26,True
UAV/Ames/TP2/Ames-TP2-4231_7_7.PNG,,RGBA,Ames,4231,7,7,TP2,385,759,Ames|4231|7|7,2022-07-26,True
UAV/Ames/TP2/Ames-TP2-4231_8_2.PNG,,RGBA,Ames,4231,8,2,TP2,385,759,Ames|4231|8|2,2022-07-26,True
UAV/Ames/TP2/Ames-TP2-4231_8_3.PNG,,RGBA,Ames,4231,8,3,TP2,385,759,Ames|4231|8|3,2022-07-26,True
UAV/Ames/TP2/Ames-TP2-4231_8_4.PNG,,RGBA,Ames,4231,8,4,TP2,385,759,Ames|4231|8|4,2022-07-26,True
UAV/Ames/TP2/Ames-TP2-4231_8_5.PNG,,RGBA,Ames,4231,8,5,TP2,385,760,Ames|4231|8|5,2022-07-26,True
UAV/Ames/TP2/Ames-TP2-4231_8_6.PNG,,RGBA,Ames,4231,8,6,TP2,384,759,Ames|4231|8|6,2022-07-26,True
UAV/Ames/TP2/Ames-TP2-4231_8_7.PNG,,RGBA,Ames,4231,8,7,TP2,384,759,Ames|4231|8|7,2022-07-26,True
UAV/Ames/TP2/Ames-TP2-4231_9_2.PNG,,RGBA,Ames,4231,9,2,TP2,385,759,Ames|4231|9|2,2022-07-26,True
UAV/Ames/TP2/Ames-TP2-4231_9_3.PNG,,RGBA,Ames,4231,9,3,TP2,384,759,Ames|4231|9|3,2022-07-26,True
UAV/Ames/TP2/Ames-TP2-4231_9_4.PNG,,RGBA,Ames,4231,9,4,TP2,384,759,Ames|4231|9|4,2022-07-26,True
UAV/Ames/TP2/Ames-TP2-4231_9_5.PNG,,RGBA,Ames,4231,9,5,TP2,384,759,Ames|4231|9|5,2022-07-26,True
UAV/Ames/TP2/Ames-TP2-4231_9_6.PNG,,RGBA,Ames,4231,9,6,TP2,384,758,Ames|4231|9|6,2022-07-26,True
UAV/Ames/TP2/Ames-TP2-4231_9_7.PNG,,RGBA,Ames,4231,9,7,TP2,384,759,Ames|4231|9|7,2022-07-26,True
UAV/Ames/TP2/Ames-TP2-4232_10_17.PNG,,RGBA,Ames,4232,10,17,TP2,384,755,Ames|4232|10|17,2022-07-26,True
UAV/Ames/TP2/Ames-TP2-4232_10_18.PNG,,RGBA,Ames,4232,10,18,TP2,384,754,Ames|4232|10|18,2022-07-26,True
UAV/Ames/TP2/Ames-TP2-4232_10_19.PNG,,RGBA,Ames,4232,10,19,TP2,384,754,Ames|4232|10|19,2022-07-26,True
UAV/Ames/TP2/Ames-TP2-4232_10_20.PNG,,RGBA,Ames,4232,10,20,TP2,385,754,Ames|4232|10|20,2022-07-26,True
UAV/Ames/TP2/Ames-TP2-4232_10_21.PNG,,RGBA,Ames,4232,10,21,TP2,384,754,Ames|4232|10|21,2022-07-26,True
UAV/Ames/TP2/Ames-TP2-4232_10_22.PNG,,RGBA,Ames,4232,10,22,TP2,384,754,Ames|4232|10|22,2022-07-26,True
UAV/Ames/TP2/Ames-TP2-4232_11_17.PNG,,RGBA,Ames,4232,11,17,TP2,384,754,Ames|4232|11|17,2022-07-26,True
UAV/Ames/TP2/Ames-TP2-4232_11_18.PNG,,RGBA,Ames,4232,11,18,TP2,384,754,Ames|4232|11|18,2022-07-26,True
UAV/Ames/TP2/Ames-TP2-4232_11_19.PNG,,RGBA,Ames,4232,11,19,TP2,385,754,Ames|4232|11|19,2022-07-26,True
UAV/Ames/TP2/Ames-TP2-4232_11_20.PNG,,RGBA,Ames,4232,11,20,TP2,384,754,Ames|4232|11|20,2022-07-26,True
UAV/Ames/TP2/Ames-TP2-4232_11_21.PNG,,RGBA,Ames,4232,11,21,TP2,384,754,Ames|4232|11|21,2022-07-26,True
UAV/Ames/TP2/Ames-TP2-4232_11_22.PNG,,RGBA,Ames,4232,11,22,TP2,384,754,Ames|4232|11|22,2022-07-26,True
UAV/Ames/TP2/Ames-TP2-4232_12_17.PNG,,RGBA,Ames,4232,12,17,TP2,384,754,Ames|4232|12|17,2022-07-26,True
UAV/Ames/TP2/Ames-TP2-4232_12_18.PNG,,RGBA,Ames,4232,12,18,TP2,385,754,Ames|4232|12|18,2022-07-26,True
UAV/Ames/TP2/Ames-TP2-4232_12_19.PNG,,RGBA,Ames,4232,12,19,TP2,384,754,Ames|4232|12|19,2022-07-26,True
UAV/Ames/TP2/Ames-TP2-4232_12_20.PNG,,RGBA,Ames,4232,12,20,TP2,384,754,Ames|4232|12|20,2022-07-26,True
UAV/Ames/TP2/Ames-TP2-4232_12_21.PNG,,RGBA,Ames,4232,12,21,TP2,384,754,Ames|4232|12|21,2022-07-26,True
UAV/Ames/TP2/Ames-TP2-4232_12_22.PNG,,RGBA,Ames,4232,12,22,TP2,384,753,Ames|4232|12|22,2022-07-26,True
UAV/Ames/TP2/Ames-TP2-4232_13_17.PNG,,RGBA,Ames,4232,13,17,TP2,385,754,Ames|4232|13|17,2022-07-26,True
UAV/Ames/TP2/Ames-TP2-4232_13_18.PNG,,RGBA,Ames,4232,13,18,TP2,384,754,Ames|4232|13|18,2022-07-26,True
UAV/Ames/TP2/Ames-TP2-4232_13_19.PNG,,RGBA,Ames,4232,13,19,TP2,384,754,Ames|4232|13|19,2022-07-26,True
UAV/Ames/TP2/Ames-TP2-4232_13_20.PNG,,RGBA,Ames,4232,13,20,TP2,384,754,Ames|4232|13|20,2022-07-26,True
UAV/Ames/TP2/Ames-TP2-4232_13_21.PNG,,RGBA,Ames,4232,13,21,TP2,384,753,Ames|4232|13|21,2022-07-26,True
UAV/Ames/TP2/Ames-TP2-4232_13_22.PNG,,RGBA,Ames,4232,13,22,TP2,385,753,Ames|4232|13|22,2022-07-26,True
UAV/Ames/TP2/Ames-TP2-4232_14_17.PNG,,RGBA,Ames,4232,14,17,TP2,384,754,Ames|4232|14|17,2022-07-26,True
UAV/Ames/TP2/Ames-TP2-4232_14_18.PNG,,RGBA,Ames,4232,14,18,TP2,384,754,Ames|4232|14|18,2022-07-26,True
UAV/Ames/TP2/Ames-TP2-4232_14_19.PNG,,RGBA,Ames,4232,14,19,TP2,384,754,Ames|4232|14|19,2022-07-26,True
UAV/Ames/TP2/Ames-TP2-4232_14_20.PNG,,RGBA,Ames,4232,14,20,TP2,384,753,Ames|4232|14|20,2022-07-26,True
UAV/Ames/TP2/Ames-TP2-4232_14_21.PNG,,RGBA,Ames,4232,14,21,TP2,385,753,Ames|4232|14|21,2022-07-26,True
UAV/Ames/TP2/Ames-TP2-4232_14_22.PNG,,RGBA,Ames,4232,14,22,TP2,384,754,Ames|4232|14|22,2022-07-26,True
UAV/Ames/TP2/Ames-TP2-4232_15_17.PNG,,RGBA,Ames,4232,15,17,TP2,385,754,Ames|4232|15|17,2022-07-26,True
UAV/Ames/TP2/Ames-TP2-4232_15_18.PNG,,RGBA,Ames,4232,15,18,TP2,384,754,Ames|4232|15|18,2022-07-26,True
UAV/Ames/TP2/Ames-TP2-4232_15_19.PNG,,RGBA,Ames,4232,15,19,TP2,384,754,Ames|4232|15|19,2022-07-26,True
UAV/Ames/TP2/Ames-TP2-4232_15_20.PNG,,RGBA,Ames,4232,15,20,TP2,385,753,Ames|4232|15|20,2022-07-26,True
UAV/Ames/TP2/Ames-TP2-4232_15_21.PNG,,RGBA,Ames,4232,15,21,TP2,384,754,Ames|4232|15|21,2022-07-26,True
UAV/Ames/TP2/Ames-TP2-4232_15_22.PNG,,RGBA,Ames,4232,15,22,TP2,384,754,Ames|4232|15|22,2022-07-26,True
UAV/Ames/TP2/Ames-TP2-4232_16_17.PNG,,RGBA,Ames,4232,16,17,TP2,384,754,Ames|4232|16|17,2022-07-26,True
UAV/Ames/TP2/Ames-TP2-4232_16_18.PNG,,RGBA,Ames,4232,16,18,TP2,384,754,Ames|4232|16|18,2022-07-26,True
UAV/Ames/TP2/Ames-TP2-4232_16_19.PNG,,RGBA,Ames,4232,16,19,TP2,385,754,Ames|4232|16|19,2022-07-26,True
UAV/Ames/TP2/Ames-TP2-4232_16_20.PNG,,RGBA,Ames,4232,16,20,TP2,384,753,Ames|4232|16|20,2022-07-26,True
UAV/Ames/TP2/Ames-TP2-4232_16_21.PNG,,RGBA,Ames,4232,16,21,TP2,384,754,Ames|4232|16|21,2022-07-26,True
UAV/Ames/TP2/Ames-TP2-4232_16_22.PNG,,RGBA,Ames,4232,16,22,TP2,384,754,Ames|4232|16|22,2022-07-26,True
UAV/Ames/TP2/Ames-TP2-4232_17_17.PNG,,RGBA,Ames,4232,17,17,TP2,384,753,Ames|4232|17|17,2022-07-26,True
UAV/Ames/TP2/Ames-TP2-4232_17_18.PNG,,RGBA,Ames,4232,17,18,TP2,385,754,Ames|4232|17|18,2022-07-26,True
UAV/Ames/TP2/Ames-TP2-4232_17_19.PNG,,RGBA,Ames,4232,17,19,TP2,384,754,Ames|4232|17|19,2022-07-26,True
UAV/Ames/TP2/Ames-TP2-4232_17_20.PNG,,RGBA,Ames,4232,17,20,TP2,384,753,Ames|4232|17|20,2022-07-26,True
UAV/Ames/TP2/Ames-TP2-4232_17_21.PNG,,RGBA,Ames,4232,17,21,TP2,384,754,Ames|4232|17|21,2022-07-26,True
UAV/Ames/TP2/Ames-TP2-4232_17_22.PNG,,RGBA,Ames,4232,17,22,TP2,384,754,Ames|4232|17|22,2022-07-26,True
UAV/Ames/TP2/Ames-TP2-4232_18_17.PNG,,RGBA,Ames,4232,18,17,TP2,384,753,Ames|4232|18|17,2022-07-26,True
UAV/Ames/TP2/Ames-TP2-4232_18_18.PNG,,RGBA,Ames,4232,18,18,TP2,384,754,Ames|4232|18|18,2022-07-26,True
UAV/Ames/TP2/Ames-TP2-4232_18_19.PNG,,RGBA,Ames,4232,18,19,TP2,384,754,Ames|4232|18|19,2022-07-26,True
UAV/Ames/TP2/Ames-TP2-4232_18_20.PNG,,RGBA,Ames,4232,18,20,TP2,384,753,Ames|4232|18|20,2022-07-26,True
UAV/Ames/TP2/Ames-TP2-4232_18_21.PNG,,RGBA,Ames,4232,18,21,TP2,384,754,Ames|4232|18|21,2022-07-26,True
UAV/Ames/TP2/Ames-TP2-4232_18_22.PNG,,RGBA,Ames,4232,18,22,TP2,385,753,Ames|4232|18|22,2022-07-26,True
UAV/Ames/TP2/Ames-TP2-4232_19_17.PNG,,RGBA,Ames,4232,19,17,TP2,384,754,Ames|4232|19|17,2022-07-26,True
UAV/Ames/TP2/Ames-TP2-4232_19_18.PNG,,RGBA,Ames,4232,19,18,TP2,385,754,Ames|4232|19|18,2022-07-26,True
UAV/Ames/TP2/Ames-TP2-4232_19_19.PNG,,RGBA,Ames,4232,19,19,TP2,384,754,Ames|4232|19|19,2022-07-26,True
UAV/Ames/TP2/Ames-TP2-4232_19_20.PNG,,RGBA,Ames,4232,19,20,TP2,384,753,Ames|4232|19|20,2022-07-26,True
UAV/Ames/TP2/Ames-TP2-4232_19_21.PNG,,RGBA,Ames,4232,19,21,TP2,385,754,Ames|4232|19|21,2022-07-26,True
UAV/Ames/TP2/Ames-TP2-4232_19_22.PNG,,RGBA,Ames,4232,19,22,TP2,384,753,Ames|4232|19|22,2022-07-26,True
UAV/Ames/TP2/Ames-TP2-4232_1_17.PNG,,RGBA,Ames,4232,1,17,TP2,384,755,Ames|4232|1|17,2022-07-26,False
UAV/Ames/TP2/Ames-TP2-4232_1_18.PNG,,RGBA,Ames,4232,1,18,TP2,384,754,Ames|4232|1|18,2022-07-26,False
UAV/Ames/TP2/Ames-TP2-4232_1_19.PNG,,RGBA,Ames,4232,1,19,TP2,385,755,Ames|4232|1|19,2022-07-26,False
UAV/Ames/TP2/Ames-TP2-4232_1_20.PNG,,RGBA,Ames,4232,1,20,TP2,384,754,Ames|4232|1|20,2022-07-26,False
UAV/Ames/TP2/Ames-TP2-4232_1_21.PNG,,RGBA,Ames,4232,1,21,TP2,385,754,Ames|4232|1|21,2022-07-26,False
UAV/Ames/TP2/Ames-TP2-4232_1_22.PNG,,RGBA,Ames,4232,1,22,TP2,384,755,Ames|4232|1|22,2022-07-26,False
UAV/Ames/TP2/Ames-TP2-4232_20_17.PNG,,RGBA,Ames,4232,20,17,TP2,385,754,Ames|4232|20|17,2022-07-26,True
UAV/Ames/TP2/Ames-TP2-4232_20_18.PNG,,RGBA,Ames,4232,20,18,TP2,384,753,Ames|4232|20|18,2022-07-26,True
UAV/Ames/TP2/Ames-TP2-4232_20_19.PNG,,RGBA,Ames,4232,20,19,TP2,384,754,Ames|4232|20|19,2022-07-26,True
UAV/Ames/TP2/Ames-TP2-4232_20_20.PNG,,RGBA,Ames,4232,20,20,TP2,385,753,Ames|4232|20|20,2022-07-26,True
UAV/Ames/TP2/Ames-TP2-4232_20_21.PNG,,RGBA,Ames,4232,20,21,TP2,384,753,Ames|4232|20|21,2022-07-26,True
UAV/Ames/TP2/Ames-TP2-4232_20_22.PNG,,RGBA,Ames,4232,20,22,TP2,384,753,Ames|4232|20|22,2022-07-26,True
UAV/Ames/TP2/Ames-TP2-4232_21_17.PNG,,RGBA,Ames,4232,21,17,TP2,384,754,Ames|4232|21|17,2022-07-26,True
UAV/Ames/TP2/Ames-TP2-4232_21_18.PNG,,RGBA,Ames,4232,21,18,TP2,384,753,Ames|4232|21|18,2022-07-26,True
UAV/Ames/TP2/Ames-TP2-4232_21_19.PNG,,RGBA,Ames,4232,21,19,TP2,385,754,Ames|4232|21|19,2022-07-26,True
UAV/Ames/TP2/Ames-TP2-4232_21_20.PNG,,RGBA,Ames,4232,21,20,TP2,384,753,Ames|4232|21|20,2022-07-26,True
UAV/Ames/TP2/Ames-TP2-4232_21_21.PNG,,RGBA,Ames,4232,21,21,TP2,384,753,Ames|4232|21|21,2022-07-26,True
UAV/Ames/TP2/Ames-TP2-4232_21_22.PNG,,RGBA,Ames,4232,21,22,TP2,385,754,Ames|4232|21|22,2022-07-26,True
UAV/Ames/TP2/Ames-TP2-4232_22_17.PNG,,RGBA,Ames,4232,22,17,TP2,384,754,Ames|4232|22|17,2022-07-26,True
UAV/Ames/TP2/Ames-TP2-4232_22_18.PNG,,RGBA,Ames,4232,22,18,TP2,384,753,Ames|4232|22|18,2022-07-26,True
UAV/Ames/TP2/Ames-TP2-4232_22_19.PNG,,RGBA,Ames,4232,22,19,TP2,384,754,Ames|4232|22|19,2022-07-26,True
UAV/Ames/TP2/Ames-TP2-4232_22_20.PNG,,RGBA,Ames,4232,22,20,TP2,384,753,Ames|4232|22|20,2022-07-26,True
UAV/Ames/TP2/Ames-TP2-4232_22_21.PNG,,RGBA,Ames,4232,22,21,TP2,384,753,Ames|4232|22|21,2022-07-26,True
UAV/Ames/TP2/Ames-TP2-4232_22_22.PNG,,RGBA,Ames,4232,22,22,TP2,384,754,Ames|4232|22|22,2022-07-26,True
UAV/Ames/TP2/Ames-TP2-4232_23_17.PNG,,RGBA,Ames,4232,23,17,TP2,384,753,Ames|4232|23|17,2022-07-26,True
UAV/Ames/TP2/Ames-TP2-4232_23_18.PNG,,RGBA,Ames,4232,23,18,TP2,384,753,Ames|4232|23|18,2022-07-26,True
UAV/Ames/TP2/Ames-TP2-4232_23_19.PNG,,RGBA,Ames,4232,23,19,TP2,385,754,Ames|4232|23|19,2022-07-26,True
UAV/Ames/TP2/Ames-TP2-4232_23_20.PNG,,RGBA,Ames,4232,23,20,TP2,384,753,Ames|4232|23|20,2022-07-26,True
UAV/Ames/TP2/Ames-TP2-4232_23_21.PNG,,RGBA,Ames,4232,23,21,TP2,384,753,Ames|4232|23|21,2022-07-26,True
UAV/Ames/TP2/Ames-TP2-4232_23_22.PNG,,RGBA,Ames,4232,23,22,TP2,385,753,Ames|4232|23|22,2022-07-26,True
UAV/Ames/TP2/Ames-TP2-4232_24_17.PNG,,RGBA,Ames,4232,24,17,TP2,384,753,Ames|4232|24|17,2022-07-26,True
UAV/Ames/TP2/Ames-TP2-4232_24_18.PNG,,RGBA,Ames,4232,24,18,TP2,385,753,Ames|4232|24|18,2022-07-26,True
UAV/Ames/TP2/Ames-TP2-4232_24_19.PNG,,RGBA,Ames,4232,24,19,TP2,384,753,Ames|4232|24|19,2022-07-26,True
UAV/Ames/TP2/Ames-TP2-4232_24_20.PNG,,RGBA,Ames,4232,24,20,TP2,384,753,Ames|4232|24|20,2022-07-26,True
UAV/Ames/TP2/Ames-TP2-4232_24_21.PNG,,RGBA,Ames,4232,24,21,TP2,385,753,Ames|4232|24|21,2022-07-26,True
UAV/Ames/TP2/Ames-TP2-4232_24_22.PNG,,RGBA,Ames,4232,24,22,TP2,384,753,Ames|4232|24|22,2022-07-26,True
UAV/Ames/TP2/Ames-TP2-4232_25_17.PNG,,RGBA,Ames,4232,25,17,TP2,385,753,Ames|4232|25|17,2022-07-26,True
UAV/Ames/TP2/Ames-TP2-4232_25_18.PNG,,RGBA,Ames,4232,25,18,TP2,384,753,Ames|4232|25|18,2022-07-26,True
UAV/Ames/TP2/Ames-TP2-4232_25_19.PNG,,RGBA,Ames,4232,25,19,TP2,384,753,Ames|4232|25|19,2022-07-26,True
UAV/Ames/TP2/Ames-TP2-4232_25_20.PNG,,RGBA,Ames,4232,25,20,TP2,385,754,Ames|4232|25|20,2022-07-26,True
UAV/Ames/TP2/Ames-TP2-4232_25_21.PNG,,RGBA,Ames,4232,25,21,TP2,384,753,Ames|4232|25|21,2022-07-26,True
UAV/Ames/TP2/Ames-TP2-4232_25_22.PNG,,RGBA,Ames,4232,25,22,TP2,384,753,Ames|4232|25|22,2022-07-26,True
UAV/Ames/TP2/Ames-TP2-4232_26_17.PNG,,RGBA,Ames,4232,26,17,TP2,384,753,Ames|4232|26|17,2022-07-26,True
UAV/Ames/TP2/Ames-TP2-4232_26_18.PNG,,RGBA,Ames,4232,26,18,TP2,384,753,Ames|4232|26|18,2022-07-26,True
UAV/Ames/TP2/Ames-TP2-4232_26_19.PNG,,RGBA,Ames,4232,26,19,TP2,385,753,Ames|4232|26|19,2022-07-26,True
UAV/Ames/TP2/Ames-TP2-4232_26_20.PNG,,RGBA,Ames,4232,26,20,TP2,384,754,Ames|4232|26|20,2022-07-26,True
UAV/Ames/TP2/Ames-TP2-4232_26_21.PNG,,RGBA,Ames,4232,26,21,TP2,384,753,Ames|4232|26|21,2022-07-26,True
UAV/Ames/TP2/Ames-TP2-4232_26_22.PNG,,RGBA,Ames,4232,26,22,TP2,385,753,Ames|4232|26|22,2022-07-26,True
UAV/Ames/TP2/Ames-TP2-4232_27_17.PNG,,RGBA,Ames,4232,27,17,TP2,385,753,Ames|4232|27|17,2022-07-26,True
UAV/Ames/TP2/Ames-TP2-4232_27_18.PNG,,RGBA,Ames,4232,27,18,TP2,384,753,Ames|4232|27|18,2022-07-26,True
UAV/Ames/TP2/Ames-TP2-4232_27_19.PNG,,RGBA,Ames,4232,27,19,TP2,384,753,Ames|4232|27|19,2022-07-26,True
UAV/Ames/TP2/Ames-TP2-4232_27_20.PNG,,RGBA,Ames,4232,27,20,TP2,384,753,Ames|4232|27|20,2022-07-26,True
UAV/Ames/TP2/Ames-TP2-4232_27_21.PNG,,RGBA,Ames,4232,27,21,TP2,385,753,Ames|4232|27|21,2022-07-26,True
UAV/Ames/TP2/Ames-TP2-4232_27_22.PNG,,RGBA,Ames,4232,27,22,TP2,384,753,Ames|4232|27|22,2022-07-26,True
UAV/Ames/TP2/Ames-TP2-4232_28_17.PNG,,RGBA,Ames,4232,28,17,TP2,384,754,Ames|4232|28|17,2022-07-26,True
UAV/Ames/TP2/Ames-TP2-4232_28_18.PNG,,RGBA,Ames,4232,28,18,TP2,384,753,Ames|4232|28|18,2022-07-26,True
UAV/Ames/TP2/Ames-TP2-4232_28_19.PNG,,RGBA,Ames,4232,28,19,TP2,385,753,Ames|4232|28|19,2022-07-26,True
UAV/Ames/TP2/Ames-TP2-4232_28_20.PNG,,RGBA,Ames,4232,28,20,TP2,384,753,Ames|4232|28|20,2022-07-26,True
UAV/Ames/TP2/Ames-TP2-4232_28_21.PNG,,RGBA,Ames,4232,28,21,TP2,384,753,Ames|4232|28|21,2022-07-26,True
UAV/Ames/TP2/Ames-TP2-4232_28_22.PNG,,RGBA,Ames,4232,28,22,TP2,384,752,Ames|4232|28|22,2022-07-26,True
UAV/Ames/TP2/Ames-TP2-4232_29_17.PNG,,RGBA,Ames,4232,29,17,TP2,384,754,Ames|4232|29|17,2022-07-26,True
UAV/Ames/TP2/Ames-TP2-4232_29_18.PNG,,RGBA,Ames,4232,29,18,TP2,385,754,Ames|4232|29|18,2022-07-26,True
UAV/Ames/TP2/Ames-TP2-4232_29_19.PNG,,RGBA,Ames,4232,29,19,TP2,384,754,Ames|4232|29|19,2022-07-26,True
UAV/Ames/TP2/Ames-TP2-4232_29_20.PNG,,RGBA,Ames,4232,29,20,TP2,384,753,Ames|4232|29|20,2022-07-26,True
UAV/Ames/TP2/Ames-TP2-4232_29_21.PNG,,RGBA,Ames,4232,29,21,TP2,385,753,Ames|4232|29|21,2022-07-26,True
UAV/Ames/TP2/Ames-TP2-4232_29_22.PNG,,RGBA,Ames,4232,29,22,TP2,385,753,Ames|4232|29|22,2022-07-26,True
UAV/Ames/TP2/Ames-TP2-4232_2_17.PNG,,RGBA,Ames,4232,2,17,TP2,384,755,Ames|4232|2|17,2022-07-26,True
UAV/Ames/TP2/Ames-TP2-4232_2_18.PNG,,RGBA,Ames,4232,2,18,TP2,385,754,Ames|4232|2|18,2022-07-26,True
UAV/Ames/TP2/Ames-TP2-4232_2_19.PNG,,RGBA,Ames,4232,2,19,TP2,384,755,Ames|4232|2|19,2022-07-26,True
UAV/Ames/TP2/Ames-TP2-4232_2_20.PNG,,RGBA,Ames,4232,2,20,TP2,384,754,Ames|4232|2|20,2022-07-26,True
UAV/Ames/TP2/Ames-TP2-4232_2_21.PNG,,RGBA,Ames,4232,2,21,TP2,384,755,Ames|4232|2|21,2022-07-26,True
UAV/Ames/TP2/Ames-TP2-4232_2_22.PNG,,RGBA,Ames,4232,2,22,TP2,384,754,Ames|4232|2|22,2022-07-26,True
UAV/Ames/TP2/Ames-TP2-4232_30_17.PNG,,RGBA,Ames,4232,30,17,TP2,385,753,Ames|4232|30|17,2022-07-26,True
UAV/Ames/TP2/Ames-TP2-4232_30_18.PNG,,RGBA,Ames,4232,30,18,TP2,384,753,Ames|4232|30|18,2022-07-26,True
UAV/Ames/TP2/Ames-TP2-4232_30_19.PNG,,RGBA,Ames,4232,30,19,TP2,384,754,Ames|4232|30|19,2022-07-26,True
UAV/Ames/TP2/Ames-TP2-4232_30_20.PNG,,RGBA,Ames,4232,30,20,TP2,385,753,Ames|4232|30|20,2022-07-26,True
UAV/Ames/TP2/Ames-TP2-4232_30_21.PNG,,RGBA,Ames,4232,30,21,TP2,384,753,Ames|4232|30|21,2022-07-26,True
UAV/Ames/TP2/Ames-TP2-4232_30_22.PNG,,RGBA,Ames,4232,30,22,TP2,384,753,Ames|4232|30|22,2022-07-26,True
UAV/Ames/TP2/Ames-TP2-4232_31_17.PNG,,RGBA,Ames,4232,31,17,TP2,384,753,Ames|4232|31|17,2022-07-26,True
UAV/Ames/TP2/Ames-TP2-4232_31_18.PNG,,RGBA,Ames,4232,31,18,TP2,384,753,Ames|4232|31|18,2022-07-26,True
UAV/Ames/TP2/Ames-TP2-4232_31_19.PNG,,RGBA,Ames,4232,31,19,TP2,385,754,Ames|4232|31|19,2022-07-26,True
UAV/Ames/TP2/Ames-TP2-4232_31_20.PNG,,RGBA,Ames,4232,31,20,TP2,384,753,Ames|4232|31|20,2022-07-26,True
UAV/Ames/TP2/Ames-TP2-4232_31_21.PNG,,RGBA,Ames,4232,31,21,TP2,384,753,Ames|4232|31|21,2022-07-26,True
UAV/Ames/TP2/Ames-TP2-4232_31_22.PNG,,RGBA,Ames,4232,31,22,TP2,385,753,Ames|4232|31|22,2022-07-26,True
UAV/Ames/TP2/Ames-TP2-4232_3_17.PNG,,RGBA,Ames,4232,3,17,TP2,384,755,Ames|4232|3|17,2022-07-26,True
UAV/Ames/TP2/Ames-TP2-4232_3_18.PNG,,RGBA,Ames,4232,3,18,TP2,384,754,Ames|4232|3|18,2022-07-26,True
UAV/Ames/TP2/Ames-TP2-4232_3_19.PNG,,RGBA,Ames,4232,3,19,TP2,384,755,Ames|4232|3|19,2022-07-26,True
UAV/Ames/TP2/Ames-TP2-4232_3_20.PNG,,RGBA,Ames,4232,3,20,TP2,384,754,Ames|4232|3|20,2022-07-26,True
UAV/Ames/TP2/Ames-TP2-4232_3_21.PNG,,RGBA,Ames,4232,3,21,TP2,384,755,Ames|4232|3|21,2022-07-26,True
UAV/Ames/TP2/Ames-TP2-4232_3_22.PNG,,RGBA,Ames,4232,3,22,TP2,384,754,Ames|4232|3|22,2022-07-26,True
UAV/Ames/TP2/Ames-TP2-4232_4_17.PNG,,RGBA,Ames,4232,4,17,TP2,384,755,Ames|4232|4|17,2022-07-26,True
UAV/Ames/TP2/Ames-TP2-4232_4_18.PNG,,RGBA,Ames,4232,4,18,TP2,384,754,Ames|4232|4|18,2022-07-26,True
UAV/Ames/TP2/Ames-TP2-4232_4_19.PNG,,RGBA,Ames,4232,4,19,TP2,384,755,Ames|4232|4|19,2022-07-26,True
UAV/Ames/TP2/Ames-TP2-4232_4_20.PNG,,RGBA,Ames,4232,4,20,TP2,384,754,Ames|4232|4|20,2022-07-26,True
UAV/Ames/TP2/Ames-TP2-4232_4_21.PNG,,RGBA,Ames,4232,4,21,TP2,384,755,Ames|4232|4|21,2022-07-26,True
UAV/Ames/TP2/Ames-TP2-4232_4_22.PNG,,RGBA,Ames,4232,4,22,TP2,384,754,Ames|4232|4|22,2022-07-26,True
UAV/Ames/TP2/Ames-TP2-4232_5_17.PNG,,RGBA,Ames,4232,5,17,TP2,384,754,Ames|4232|5|17,2022-07-26,True
UAV/Ames/TP2/Ames-TP2-4232_5_18.PNG,,RGBA,Ames,4232,5,18,TP2,384,754,Ames|4232|5|18,2022-07-26,True
UAV/Ames/TP2/Ames-TP2-4232_5_19.PNG,,RGBA,Ames,4232,5,19,TP2,384,755,Ames|4232|5|19,2022-07-26,True
UAV/Ames/TP2/Ames-TP2-4232_5_20.PNG,,RGBA,Ames,4232,5,20,TP2,384,754,Ames|4232|5|20,2022-07-26,True
UAV/Ames/TP2/Ames-TP2-4232_5_21.PNG,,RGBA,Ames,4232,5,21,TP2,384,755,Ames|4232|5|21,2022-07-26,True
UAV/Ames/TP2/Ames-TP2-4232_5_22.PNG,,RGBA,Ames,4232,5,22,TP2,385,754,Ames|4232|5|22,2022-07-26,True
UAV/Ames/TP2/Ames-TP2-4232_6_17.PNG,,RGBA,Ames,4232,6,17,TP2,384,754,Ames|4232|6|17,2022-07-26,True
UAV/Ames/TP2/Ames-TP2-4232_6_18.PNG,,RGBA,Ames,4232,6,18,TP2,384,754,Ames|4232|6|18,2022-07-26,True
UAV/Ames/TP2/Ames-TP2-4232_6_19.PNG,,RGBA,Ames,4232,6,19,TP2,385,755,Ames|4232|6|19,2022-07-26,True
UAV/Ames/TP2/Ames-TP2-4232_6_20.PNG,,RGBA,Ames,4232,6,20,TP2,384,754,Ames|4232|6|20,2022-07-26,True
UAV/Ames/TP2/Ames-TP2-4232_6_21.PNG,,RGBA,Ames,4232,6,21,TP2,385,754,Ames|4232|6|21,2022-07-26,True
UAV/Ames/TP2/Ames-TP2-4232_6_22.PNG,,RGBA,Ames,4232,6,22,TP2,384,754,Ames|4232|6|22,2022-07-26,True
UAV/Ames/TP2/Ames-TP2-4232_7_17.PNG,,RGBA,Ames,4232,7,17,TP2,384,754,Ames|4232|7|17,2022-07-26,True
UAV/Ames/TP2/Ames-TP2-4232_7_18.PNG,,RGBA,Ames,4232,7,18,TP2,385,755,Ames|4232|7|18,2022-07-26,True
UAV/Ames/TP2/Ames-TP2-4232_7_19.PNG,,RGBA,Ames,4232,7,19,TP2,384,755,Ames|4232|7|19,2022-07-26,True
UAV/Ames/TP2/Ames-TP2-4232_7_20.PNG,,RGBA,Ames,4232,7,20,TP2,384,754,Ames|4232|7|20,2022-07-26,True
UAV/Ames/TP2/Ames-TP2-4232_7_21.PNG,,RGBA,Ames,4232,7,21,TP2,384,754,Ames|4232|7|21,2022-07-26,True
UAV/Ames/TP2/Ames-TP2-4232_7_22.PNG,,RGBA,Ames,4232,7,22,TP2,384,754,Ames|4232|7|22,2022-07-26,True
UAV/Ames/TP2/Ames-TP2-4232_8_17.PNG,,RGBA,Ames,4232,8,17,TP2,385,754,Ames|4232|8|17,2022-07-26,True
UAV/Ames/TP2/Ames-TP2-4232_8_18.PNG,,RGBA,Ames,4232,8,18,TP2,384,755,Ames|4232|8|18,2022-07-26,True
UAV/Ames/TP2/Ames-TP2-4232_8_19.PNG,,RGBA,Ames,4232,8,19,TP2,384,754,Ames|4232|8|19,2022-07-26,True
UAV/Ames/TP2/Ames-TP2-4232_8_20.PNG,,RGBA,Ames,4232,8,20,TP2,384,754,Ames|4232|8|20,2022-07-26,True
UAV/Ames/TP2/Ames-TP2-4232_8_21.PNG,,RGBA,Ames,4232,8,21,TP2,384,754,Ames|4232|8|21,2022-07-26,True
UAV/Ames/TP2/Ames-TP2-4232_8_22.PNG,,RGBA,Ames,4232,8,22,TP2,384,754,Ames|4232|8|22,2022-07-26,True
UAV/Ames/TP2/Ames-TP2-4232_9_17.PNG,,RGBA,Ames,4232,9,17,TP2,384,755,Ames|4232|9|17,2022-07-26,True
UAV/Ames/TP2/Ames-TP2-4232_9_18.PNG,,RGBA,Ames,4232,9,18,TP2,384,755,Ames|4232|9|18,2022-07-26,True
UAV/Ames/TP2/Ames-TP2-4232_9_19.PNG,,RGBA,Ames,4232,9,19,TP2,384,754,Ames|4232|9|19,2022-07-26,True
UAV/Ames/TP2/Ames-TP2-4232_9_20.PNG,,RGBA,Ames,4232,9,20,TP2,384,754,Ames|4232|9|20,2022-07-26,True
UAV/Ames/TP2/Ames-TP2-4232_9_21.PNG,,RGBA,Ames,4232,9,21,TP2,385,754,Ames|4232|9|21,2022-07-26,True
UAV/Ames/TP2/Ames-TP2-4232_9_22.PNG,,RGBA,Ames,4232,9,22,TP2,384,754,Ames|4232|9|22,2022-07-26,True
UAV/Ames/TP2/Ames-TP2-4233_10_1.PNG,,RGBA,Ames,4233,10,1,TP2,726,366,Ames|4233|10|1,2022-07-26,False
UAV/Ames/TP2/Ames-TP2-4233_10_10.PNG,,RGBA,Ames,4233,10,10,TP2,727,366,Ames|4233|10|10,2022-07-26,True
UAV/Ames/TP2/Ames-TP2-4233_10_11.PNG,,RGBA,Ames,4233,10,11,TP2,727,366,Ames|4233|10|11,2022-07-26,False
UAV/Ames/TP2/Ames-TP2-4233_10_12.PNG,,RGBA,Ames,4233,10,12,TP2,727,366,Ames|4233|10|12,2022-07-26,False
UAV/Ames/TP2/Ames-TP2-4233_10_2.PNG,,RGBA,Ames,4233,10,2,TP2,727,366,Ames|4233|10|2,2022-07-26,False
UAV/Ames/TP2/Ames-TP2-4233_10_3.PNG,,RGBA,Ames,4233,10,3,TP2,727,366,Ames|4233|10|3,2022-07-26,True
UAV/Ames/TP2/Ames-TP2-4233_10_4.PNG,,RGBA,Ames,4233,10,4,TP2,726,366,Ames|4233|10|4,2022-07-26,True
UAV/Ames/TP2/Ames-TP2-4233_10_5.PNG,,RGBA,Ames,4233,10,5,TP2,726,366,Ames|4233|10|5,2022-07-26,True
UAV/Ames/TP2/Ames-TP2-4233_10_6.PNG,,RGBA,Ames,4233,10,6,TP2,727,366,Ames|4233|10|6,2022-07-26,True
UAV/Ames/TP2/Ames-TP2-4233_10_7.PNG,,RGBA,Ames,4233,10,7,TP2,727,366,Ames|4233|10|7,2022-07-26,True
UAV/Ames/TP2/Ames-TP2-4233_10_8.PNG,,RGBA,Ames,4233,10,8,TP2,727,366,Ames|4233|10|8,2022-07-26,True
UAV/Ames/TP2/Ames-TP2-4233_10_9.PNG,,RGBA,Ames,4233,10,9,TP2,726,366,Ames|4233|10|9,2022-07-26,True
UAV/Ames/TP2/Ames-TP2-4233_11_1.PNG,,RGBA,Ames,4233,11,1,TP2,726,366,Ames|4233|11|1,2022-07-26,False
UAV/Ames/TP2/Ames-TP2-4233_11_10.PNG,,RGBA,Ames,4233,11,10,TP2,727,366,Ames|4233|11|10,2022-07-26,True
UAV/Ames/TP2/Ames-TP2-4233_11_11.PNG,,RGBA,Ames,4233,11,11,TP2,727,365,Ames|4233|11|11,2022-07-26,False
UAV/Ames/TP2/Ames-TP2-4233_11_12.PNG,,RGBA,Ames,4233,11,12,TP2,727,365,Ames|4233|11|12,2022-07-26,False
UAV/Ames/TP2/Ames-TP2-4233_11_2.PNG,,RGBA,Ames,4233,11,2,TP2,727,366,Ames|4233|11|2,2022-07-26,False
UAV/Ames/TP2/Ames-TP2-4233_11_3.PNG,,RGBA,Ames,4233,11,3,TP2,727,366,Ames|4233|11|3,2022-07-26,True
UAV/Ames/TP2/Ames-TP2-4233_11_4.PNG,,RGBA,Ames,4233,11,4,TP2,727,366,Ames|4233|11|4,2022-07-26,True
UAV/Ames/TP2/Ames-TP2-4233_11_5.PNG,,RGBA,Ames,4233,11,5,TP2,726,366,Ames|4233|11|5,2022-07-26,True
UAV/Ames/TP2/Ames-TP2-4233_11_6.PNG,,RGBA,Ames,4233,11,6,TP2,727,366,Ames|4233|11|6,2022-07-26,True
UAV/Ames/TP2/Ames-TP2-4233_11_7.PNG,,RGBA,Ames,4233,11,7,TP2,727,366,Ames|4233|11|7,2022-07-26,True
UAV/Ames/TP2/Ames-TP2-4233_11_8.PNG,,RGBA,Ames,4233,11,8,TP2,727,366,Ames|4233|11|8,2022-07-26,True
UAV/Ames/TP2/Ames-TP2-4233_11_9.PNG,,RGBA,Ames,4233,11,9,TP2,726,366,Ames|4233|11|9,2022-07-26,True
UAV/Ames/TP2/Ames-TP2-4233_12_1.PNG,,RGBA,Ames,4233,12,1,TP2,726,366,Ames|4233|12|1,2022-07-26,False
UAV/Ames/TP2/Ames-TP2-4233_12_10.PNG,,RGBA,Ames,4233,12,10,TP2,727,366,Ames|4233|12|10,2022-07-26,True
UAV/Ames/TP2/Ames-TP2-4233_12_11.PNG,,RGBA,Ames,4233,12,11,TP2,727,366,Ames|4233|12|11,2022-07-26,False
UAV/Ames/TP2/Ames-TP2-4233_12_12.PNG,,RGBA,Ames,4233,12,12,TP2,727,366,Ames|4233|12|12,2022-07-26,False
UAV/Ames/TP2/Ames-TP2-4233_12_2.PNG,,RGBA,Ames,4233,12,2,TP2,726,366,Ames|4233|12|2,2022-07-26,False
UAV/Ames/TP2/Ames-TP2-4233_12_3.PNG,,RGBA,Ames,4233,12,3,TP2,727,366,Ames|4233|12|3,2022-07-26,True
UAV/Ames/TP2/Ames-TP2-4233_12_4.PNG,,RGBA,Ames,4233,12,4,TP2,727,366,Ames|4233|12|4,2022-07-26,True
UAV/Ames/TP2/Ames-TP2-4233_12_5.PNG,,RGBA,Ames,4233,12,5,TP2,726,366,Ames|4233|12|5,2022-07-26,True
UAV/Ames/TP2/Ames-TP2-4233_12_6.PNG,,RGBA,Ames,4233,12,6,TP2,726,366,Ames|4233|12|6,2022-07-26,True
UAV/Ames/TP2/Ames-TP2-4233_12_7.PNG,,RGBA,Ames,4233,12,7,TP2,727,366,Ames|4233|12|7,2022-07-26,True
UAV/Ames/TP2/Ames-TP2-4233_12_8.PNG,,RGBA,Ames,4233,12,8,TP2,727,366,Ames|4233|12|8,2022-07-26,True
UAV/Ames/TP2/Ames-TP2-4233_12_9.PNG,,RGBA,Ames,4233,12,9,TP2,726,366,Ames|4233|12|9,2022-07-26,True
UAV/Ames/TP2/Ames-TP2-4233_13_1.PNG,,RGBA,Ames,4233,13,1,TP2,727,366,Ames|4233|13|1,2022-07-26,False
UAV/Ames/TP2/Ames-TP2-4233_13_10.PNG,,RGBA,Ames,4233,13,10,TP2,727,366,Ames|4233|13|10,2022-07-26,True
UAV/Ames/TP2/Ames-TP2-4233_13_11.PNG,,RGBA,Ames,4233,13,11,TP2,727,366,Ames|4233|13|11,2022-07-26,False
UAV/Ames/TP2/Ames-TP2-4233_13_12.PNG,,RGBA,Ames,4233,13,12,TP2,727,366,Ames|4233|13|12,2022-07-26,False
UAV/Ames/TP2/Ames-TP2-4233_13_2.PNG,,RGBA,Ames,4233,13,2,TP2,726,366,Ames|4233|13|2,2022-07-26,False
UAV/Ames/TP2/Ames-TP2-4233_13_3.PNG,,RGBA,Ames,4233,13,3,TP2,726,366,Ames|4233|13|3,2022-07-26,True
UAV/Ames/TP2/Ames-TP2-4233_13_4.PNG,,RGBA,Ames,4233,13,4,TP2,727,366,Ames|4233|13|4,2022-07-26,True
UAV/Ames/TP2/Ames-TP2-4233_13_5.PNG,,RGBA,Ames,4233,13,5,TP2,727,366,Ames|4233|13|5,2022-07-26,True
UAV/Ames/TP2/Ames-TP2-4233_13_6.PNG,,RGBA,Ames,4233,13,6,TP2,726,365,Ames|4233|13|6,2022-07-26,True
UAV/Ames/TP2/Ames-TP2-4233_13_7.PNG,,RGBA,Ames,4233,13,7,TP2,727,366,Ames|4233|13|7,2022-07-26,True
UAV/Ames/TP2/Ames-TP2-4233_13_8.PNG,,RGBA,Ames,4233,13,8,TP2,727,366,Ames|4233|13|8,2022-07-26,True
UAV/Ames/TP2/Ames-TP2-4233_13_9.PNG,,RGBA,Ames,4233,13,9,TP2,726,366,Ames|4233|13|9,2022-07-26,True
UAV/Ames/TP2/Ames-TP2-4233_14_1.PNG,,RGBA,Ames,4233,14,1,TP2,727,366,Ames|4233|14|1,2022-07-26,False
UAV/Ames/TP2/Ames-TP2-4233_14_10.PNG,,RGBA,Ames,4233,14,10,TP2,727,365,Ames|4233|14|10,2022-07-26,True
UAV/Ames/TP2/Ames-TP2-4233_14_11.PNG,,RGBA,Ames,4233,14,11,TP2,727,366,Ames|4233|14|11,2022-07-26,False
UAV/Ames/TP2/Ames-TP2-4233_14_12.PNG,,RGBA,Ames,4233,14,12,TP2,726,366,Ames|4233|14|12,2022-07-26,False
UAV/Ames/TP2/Ames-TP2-4233_14_2.PNG,,RGBA,Ames,4233,14,2,TP2,727,366,Ames|4233|14|2,2022-07-26,False
UAV/Ames/TP2/Ames-TP2-4233_14_3.PNG,,RGBA,Ames,4233,14,3,TP2,726,366,Ames|4233|14|3,2022-07-26,True
UAV/Ames/TP2/Ames-TP2-4233_14_4.PNG,,RGBA,Ames,4233,14,4,TP2,727,366,Ames|4233|14|4,2022-07-26,True
UAV/Ames/TP2/Ames-TP2-4233_14_5.PNG,,RGBA,Ames,4233,14,5,TP2,727,366,Ames|4233|14|5,2022-07-26,True
UAV/Ames/TP2/Ames-TP2-4233_14_6.PNG,,RGBA,Ames,4233,14,6,TP2,726,366,Ames|4233|14|6,2022-07-26,True
UAV/Ames/TP2/Ames-TP2-4233_14_7.PNG,,RGBA,Ames,4233,14,7,TP2,727,366,Ames|4233|14|7,2022-07-26,True
UAV/Ames/TP2/Ames-TP2-4233_14_8.PNG,,RGBA,Ames,4233,14,8,TP2,727,365,Ames|4233|14|8,2022-07-26,True
UAV/Ames/TP2/Ames-TP2-4233_14_9.PNG,,RGBA,Ames,4233,14,9,TP2,726,365,Ames|4233|14|9,2022-07-26,True
UAV/Ames/TP2/Ames-TP2-4233_15_1.PNG,,RGBA,Ames,4233,15,1,TP2,726,366,Ames|4233|15|1,2022-07-26,False
UAV/Ames/TP2/Ames-TP2-4233_15_10.PNG,,RGBA,Ames,4233,15,10,TP2,727,366,Ames|4233|15|10,2022-07-26,True
UAV/Ames/TP2/Ames-TP2-4233_15_11.PNG,,RGBA,Ames,4233,15,11,TP2,727,366,Ames|4233|15|11,2022-07-26,False
UAV/Ames/TP2/Ames-TP2-4233_15_12.PNG,,RGBA,Ames,4233,15,12,TP2,726,365,Ames|4233|15|12,2022-07-26,False
UAV/Ames/TP2/Ames-TP2-4233_15_2.PNG,,RGBA,Ames,4233,15,2,TP2,727,366,Ames|4233|15|2,2022-07-26,False
UAV/Ames/TP2/Ames-TP2-4233_15_3.PNG,,RGBA,Ames,4233,15,3,TP2,726,366,Ames|4233|15|3,2022-07-26,True
UAV/Ames/TP2/Ames-TP2-4233_15_4.PNG,,RGBA,Ames,4233,15,4,TP2,726,366,Ames|4233|15|4,2022-07-26,True
UAV/Ames/TP2/Ames-TP2-4233_15_5.PNG,,RGBA,Ames,4233,15,5,TP2,727,366,Ames|4233|15|5,2022-07-26,True
UAV/Ames/TP2/Ames-TP2-4233_15_6.PNG,,RGBA,Ames,4233,15,6,TP2,726,366,Ames|4233|15|6,2022-07-26,True
UAV/Ames/TP2/Ames-TP2-4233_15_7.PNG,,RGBA,Ames,4233,15,7,TP2,727,366,Ames|4233|15|7,2022-07-26,True
UAV/Ames/TP2/Ames-TP2-4233_15_8.PNG,,RGBA,Ames,4233,15,8,TP2,727,366,Ames|4233|15|8,2022-07-26,True
UAV/Ames/TP2/Ames-TP2-4233_15_9.PNG,,RGBA,Ames,4233,15,9,TP2,726,366,Ames|4233|15|9,2022-07-26,True
UAV/Ames/TP2/Ames-TP2-4233_16_1.PNG,,RGBA,Ames,4233,16,1,TP2,726,366,Ames|4233|16|1,2022-07-26,False
UAV/Ames/TP2/Ames-TP2-4233_16_10.PNG,,RGBA,Ames,4233,16,10,TP2,727,366,Ames|4233|16|10,2022-07-26,True
UAV/Ames/TP2/Ames-TP2-4233_16_11.PNG,,RGBA,Ames,4233,16,11,TP2,727,366,Ames|4233|16|11,2022-07-26,False
UAV/Ames/TP2/Ames-TP2-4233_16_12.PNG,,RGBA,Ames,4233,16,12,TP2,726,366,Ames|4233|16|12,2022-07-26,False
UAV/Ames/TP2/Ames-TP2-4233_16_2.PNG,,RGBA,Ames,4233,16,2,TP2,726,366,Ames|4233|16|2,2022-07-26,False
UAV/Ames/TP2/Ames-TP2-4233_16_3.PNG,,RGBA,Ames,4233,16,3,TP2,727,366,Ames|4233|16|3,2022-07-26,True
UAV/Ames/TP2/Ames-TP2-4233_16_4.PNG,,RGBA,Ames,4233,16,4,TP2,726,366,Ames|4233|16|4,2022-07-26,True
UAV/Ames/TP2/Ames-TP2-4233_16_5.PNG,,RGBA,Ames,4233,16,5,TP2,727,366,Ames|4233|16|5,2022-07-26,True
UAV/Ames/TP2/Ames-TP2-4233_16_6.PNG,,RGBA,Ames,4233,16,6,TP2,726,366,Ames|4233|16|6,2022-07-26,True
UAV/Ames/TP2/Ames-TP2-4233_16_7.PNG,,RGBA,Ames,4233,16,7,TP2,726,366,Ames|4233|16|7,2022-07-26,True
UAV/Ames/TP2/Ames-TP2-4233_16_8.PNG,,RGBA,Ames,4233,16,8,TP2,727,366,Ames|4233|16|8,2022-07-26,True
UAV/Ames/TP2/Ames-TP2-4233_16_9.PNG,,RGBA,Ames,4233,16,9,TP2,726,366,Ames|4233|16|9,2022-07-26,True
UAV/Ames/TP2/Ames-TP2-4233_17_1.PNG,,RGBA,Ames,4233,17,1,TP2,727,366,Ames|4233|17|1,2022-07-26,False
UAV/Ames/TP2/Ames-TP2-4233_17_10.PNG,,RGBA,Ames,4233,17,10,TP2,727,366,Ames|4233|17|10,2022-07-26,True
UAV/Ames/TP2/Ames-TP2-4233_17_11.PNG,,RGBA,Ames,4233,17,11,TP2,727,366,Ames|4233|17|11,2022-07-26,False
UAV/Ames/TP2/Ames-TP2-4233_17_12.PNG,,RGBA,Ames,4233,17,12,TP2,726,366,Ames|4233|17|12,2022-07-26,False
UAV/Ames/TP2/Ames-TP2-4233_17_2.PNG,,RGBA,Ames,4233,17,2,TP2,726,366,Ames|4233|17|2,2022-07-26,False
UAV/Ames/TP2/Ames-TP2-4233_17_3.PNG,,RGBA,Ames,4233,17,3,TP2,727,366,Ames|4233|17|3,2022-07-26,True
UAV/Ames/TP2/Ames-TP2-4233_17_4.PNG,,RGBA,Ames,4233,17,4,TP2,726,366,Ames|4233|17|4,2022-07-26,True
UAV/Ames/TP2/Ames-TP2-4233_17_5.PNG,,RGBA,Ames,4233,17,5,TP2,727,366,Ames|4233|17|5,2022-07-26,True
UAV/Ames/TP2/Ames-TP2-4233_17_6.PNG,,RGBA,Ames,4233,17,6,TP2,727,366,Ames|4233|17|6,2022-07-26,True
UAV/Ames/TP2/Ames-TP2-4233_17_7.PNG,,RGBA,Ames,4233,17,7,TP2,726,366,Ames|4233|17|7,2022-07-26,True
UAV/Ames/TP2/Ames-TP2-4233_17_8.PNG,,RGBA,Ames,4233,17,8,TP2,727,366,Ames|4233|17|8,2022-07-26,True
UAV/Ames/TP2/Ames-TP2-4233_17_9.PNG,,RGBA,Ames,4233,17,9,TP2,726,366,Ames|4233|17|9,2022-07-26,True
UAV/Ames/TP2/Ames-TP2-4233_18_1.PNG,,RGBA,Ames,4233,18,1,TP2,727,366,Ames|4233|18|1,2022-07-26,False
UAV/Ames/TP2/Ames-TP2-4233_18_10.PNG,,RGBA,Ames,4233,18,10,TP2,727,365,Ames|4233|18|10,2022-07-26,True
UAV/Ames/TP2/Ames-TP2-4233_18_11.PNG,,RGBA,Ames,4233,18,11,TP2,727,365,Ames|4233|18|11,2022-07-26,False
UAV/Ames/TP2/Ames-TP2-4233_18_12.PNG,,RGBA,Ames,4233,18,12,TP2,727,365,Ames|4233|18|12,2022-07-26,False
UAV/Ames/TP2/Ames-TP2-4233_18_2.PNG,,RGBA,Ames,4233,18,2,TP2,726,366,Ames|4233|18|2,2022-07-26,False
UAV/Ames/TP2/Ames-TP2-4233_18_3.PNG,,RGBA,Ames,4233,18,3,TP2,727,366,Ames|4233|18|3,2022-07-26,True
UAV/Ames/TP2/Ames-TP2-4233_18_4.PNG,,RGBA,Ames,4233,18,4,TP2,726,366,Ames|4233|18|4,2022-07-26,True
UAV/Ames/TP2/Ames-TP2-4233_18_5.PNG,,RGBA,Ames,4233,18,5,TP2,726,366,Ames|4233|18|5,2022-07-26,True
UAV/Ames/TP2/Ames-TP2-4233_18_6.PNG,,RGBA,Ames,4233,18,6,TP2,727,366,Ames|4233|18|6,2022-07-26,True
UAV/Ames/TP2/Ames-TP2-4233_18_7.PNG,,RGBA,Ames,4233,18,7,TP2,726,365,Ames|4233|18|7,2022-07-26,True
UAV/Ames/TP2/Ames-TP2-4233_18_8.PNG,,RGBA,Ames,4233,18,8,TP2,727,365,Ames|4233|18|8,2022-07-26,True
UAV/Ames/TP2/Ames-TP2-4233_18_9.PNG,,RGBA,Ames,4233,18,9,TP2,726,365,Ames|4233|18|9,2022-07-26,True
UAV/Ames/TP2/Ames-TP2-4233_19_1.PNG,,RGBA,Ames,4233,19,1,TP2,726,366,Ames|4233|19|1,2022-07-26,False
UAV/Ames/TP2/Ames-TP2-4233_19_10.PNG,,RGBA,Ames,4233,19,10,TP2,727,366,Ames|4233|19|10,2022-07-26,True
UAV/Ames/TP2/Ames-TP2-4233_19_11.PNG,,RGBA,Ames,4233,19,11,TP2,726,366,Ames|4233|19|11,2022-07-26,False
UAV/Ames/TP2/Ames-TP2-4233_19_12.PNG,,RGBA,Ames,4233,19,12,TP2,727,366,Ames|4233|19|12,2022-07-26,False
UAV/Ames/TP2/Ames-TP2-4233_19_2.PNG,,RGBA,Ames,4233,19,2,TP2,726,366,Ames|4233|19|2,2022-07-26,False
UAV/Ames/TP2/Ames-TP2-4233_19_3.PNG,,RGBA,Ames,4233,19,3,TP2,726,365,Ames|4233|19|3,2022-07-26,True
UAV/Ames/TP2/Ames-TP2-4233_19_4.PNG,,RGBA,Ames,4233,19,4,TP2,727,365,Ames|4233|19|4,2022-07-26,True
UAV/Ames/TP2/Ames-TP2-4233_19_5.PNG,,RGBA,Ames,4233,19,5,TP2,726,365,Ames|4233|19|5,2022-07-26,True
UAV/Ames/TP2/Ames-TP2-4233_19_6.PNG,,RGBA,Ames,4233,19,6,TP2,727,365,Ames|4233|19|6,2022-07-26,True
UAV/Ames/TP2/Ames-TP2-4233_19_7.PNG,,RGBA,Ames,4233,19,7,TP2,726,365,Ames|4233|19|7,2022-07-26,True
UAV/Ames/TP2/Ames-TP2-4233_19_8.PNG,,RGBA,Ames,4233,19,8,TP2,727,366,Ames|4233|19|8,2022-07-26,True
UAV/Ames/TP2/Ames-TP2-4233_19_9.PNG,,RGBA,Ames,4233,19,9,TP2,726,366,Ames|4233|19|9,2022-07-26,True
UAV/Ames/TP2/Ames-TP2-4233_1_1.PNG,,RGBA,Ames,4233,1,1,TP2,727,366,Ames|4233|1|1,2022-07-26,False
UAV/Ames/TP2/Ames-TP2-4233_1_10.PNG,,RGBA,Ames,4233,1,10,TP2,727,366,Ames|4233|1|10,2022-07-26,False
UAV/Ames/TP2/Ames-TP2-4233_1_11.PNG,,RGBA,Ames,4233,1,11,TP2,727,366,Ames|4233|1|11,2022-07-26,False
UAV/Ames/TP2/Ames-TP2-4233_1_12.PNG,,RGBA,Ames,4233,1,12,TP2,727,367,Ames|4233|1|12,2022-07-26,False
UAV/Ames/TP2/Ames-TP2-4233_1_2.PNG,,RGBA,Ames,4233,1,2,TP2,727,366,Ames|4233|1|2,2022-07-26,False
UAV/Ames/TP2/Ames-TP2-4233_1_3.PNG,,RGBA,Ames,4233,1,3,TP2,727,366,Ames|4233|1|3,2022-07-26,False
UAV/Ames/TP2/Ames-TP2-4233_1_4.PNG,,RGBA,Ames,4233,1,4,TP2,727,366,Ames|4233|1|4,2022-07-26,False
UAV/Ames/TP2/Ames-TP2-4233_1_5.PNG,,RGBA,Ames,4233,1,5,TP2,727,366,Ames|4233|1|5,2022-07-26,False
UAV/Ames/TP2/Ames-TP2-4233_1_6.PNG,,RGBA,Ames,4233,1,6,TP2,726,366,Ames|4233|1|6,2022-07-26,False
UAV/Ames/TP2/Ames-TP2-4233_1_7.PNG,,RGBA,Ames,4233,1,7,TP2,727,366,Ames|4233|1|7,2022-07-26,False
UAV/Ames/TP2/Ames-TP2-4233_1_8.PNG,,RGBA,Ames,4233,1,8,TP2,727,366,Ames|4233|1|8,2022-07-26,False
UAV/Ames/TP2/Ames-TP2-4233_1_9.PNG,,RGBA,Ames,4233,1,9,TP2,727,367,Ames|4233|1|9,2022-07-26,False
UAV/Ames/TP2/Ames-TP2-4233_20_1.PNG,,RGBA,Ames,4233,20,1,TP2,726,365,Ames|4233|20|1,2022-07-26,False
UAV/Ames/TP2/Ames-TP2-4233_20_10.PNG,,RGBA,Ames,4233,20,10,TP2,727,366,Ames|4233|20|10,2022-07-26,True
UAV/Ames/TP2/Ames-TP2-4233_20_11.PNG,,RGBA,Ames,4233,20,11,TP2,726,366,Ames|4233|20|11,2022-07-26,False
UAV/Ames/TP2/Ames-TP2-4233_20_12.PNG,,RGBA,Ames,4233,20,12,TP2,727,366,Ames|4233|20|12,2022-07-26,False
UAV/Ames/TP2/Ames-TP2-4233_20_2.PNG,,RGBA,Ames,4233,20,2,TP2,727,365,Ames|4233|20|2,2022-07-26,False
UAV/Ames/TP2/Ames-TP2-4233_20_3.PNG,,RGBA,Ames,4233,20,3,TP2,726,365,Ames|4233|20|3,2022-07-26,True
UAV/Ames/TP2/Ames-TP2-4233_20_4.PNG,,RGBA,Ames,4233,20,4,TP2,727,366,Ames|4233|20|4,2022-07-26,True
UAV/Ames/TP2/Ames-TP2-4233_20_5.PNG,,RGBA,Ames,4233,20,5,TP2,726,366,Ames|4233|20|5,2022-07-26,True
UAV/Ames/TP2/Ames-TP2-4233_20_6.PNG,,RGBA,Ames,4233,20,6,TP2,727,366,Ames|4233|20|6,2022-07-26,True
UAV/Ames/TP2/Ames-TP2-4233_20_7.PNG,,RGBA,Ames,4233,20,7,TP2,726,366,Ames|4233|20|7,2022-07-26,True
UAV/Ames/TP2/Ames-TP2-4233_20_8.PNG,,RGBA,Ames,4233,20,8,TP2,727,366,Ames|4233|20|8,2022-07-26,True
UAV/Ames/TP2/Ames-TP2-4233_20_9.PNG,,RGBA,Ames,4233,20,9,TP2,726,366,Ames|4233|20|9,2022-07-26,True
UAV/Ames/TP2/Ames-TP2-4233_21_1.PNG,,RGBA,Ames,4233,21,1,TP2,726,365,Ames|4233|21|1,2022-07-26,False
UAV/Ames/TP2/Ames-TP2-4233_21_10.PNG,,RGBA,Ames,4233,21,10,TP2,727,366,Ames|4233|21|10,2022-07-26,True
UAV/Ames/TP2/Ames-TP2-4233_21_11.PNG,,RGBA,Ames,4233,21,11,TP2,726,366,Ames|4233|21|11,2022-07-26,False
UAV/Ames/TP2/Ames-TP2-4233_21_12.PNG,,RGBA,Ames,4233,21,12,TP2,727,365,Ames|4233|21|12,2022-07-26,False
UAV/Ames/TP2/Ames-TP2-4233_21_2.PNG,,RGBA,Ames,4233,21,2,TP2,726,366,Ames|4233|21|2,2022-07-26,False
UAV/Ames/TP2/Ames-TP2-4233_21_3.PNG,,RGBA,Ames,4233,21,3,TP2,726,366,Ames|4233|21|3,2022-07-26,True
UAV/Ames/TP2/Ames-TP2-4233_21_4.PNG,,RGBA,Ames,4233,21,4,TP2,727,366,Ames|4233|21|4,2022-07-26,True
UAV/Ames/TP2/Ames-TP2-4233_21_5.PNG,,RGBA,Ames,4233,21,5,TP2,726,366,Ames|4233|21|5,2022-07-26,True
UAV/Ames/TP2/Ames-TP2-4233_21_6.PNG,,RGBA,Ames,4233,21,6,TP2,727,366,Ames|4233|21|6,2022-07-26,True
UAV/Ames/TP2/Ames-TP2-4233_21_7.PNG,,RGBA,Ames,4233,21,7,TP2,726,366,Ames|4233|21|7,2022-07-26,True
UAV/Ames/TP2/Ames-TP2-4233_21_8.PNG,,RGBA,Ames,4233,21,8,TP2,727,366,Ames|4233|21|8,2022-07-26,True
UAV/Ames/TP2/Ames-TP2-4233_21_9.PNG,,RGBA,Ames,4233,21,9,TP2,726,366,Ames|4233|21|9,2022-07-26,True
UAV/Ames/TP2/Ames-TP2-4233_22_1.PNG,,RGBA,Ames,4233,22,1,TP2,727,366,Ames|4233|22|1,2022-07-26,False
UAV/Ames/TP2/Ames-TP2-4233_22_10.PNG,,RGBA,Ames,4233,22,10,TP2,727,365,Ames|4233|22|10,2022-07-26,True
UAV/Ames/TP2/Ames-TP2-4233_22_11.PNG,,RGBA,Ames,4233,22,11,TP2,726,365,Ames|4233|22|11,2022-07-26,False
UAV/Ames/TP2/Ames-TP2-4233_22_12.PNG,,RGBA,Ames,4233,22,12,TP2,727,365,Ames|4233|22|12,2022-07-26,False
UAV/Ames/TP2/Ames-TP2-4233_22_2.PNG,,RGBA,Ames,4233,22,2,TP2,726,366,Ames|4233|22|2,2022-07-26,False
UAV/Ames/TP2/Ames-TP2-4233_22_3.PNG,,RGBA,Ames,4233,22,3,TP2,726,366,Ames|4233|22|3,2022-07-26,True
UAV/Ames/TP2/Ames-TP2-4233_22_4.PNG,,RGBA,Ames,4233,22,4,TP2,726,366,Ames|4233|22|4,2022-07-26,True
UAV/Ames/TP2/Ames-TP2-4233_22_5.PNG,,RGBA,Ames,4233,22,5,TP2,726,366,Ames|4233|22|5,2022-07-26,True
UAV/Ames/TP2/Ames-TP2-4233_22_6.PNG,,RGBA,Ames,4233,22,6,TP2,726,366,Ames|4233|22|6,2022-07-26,True
UAV/Ames/TP2/Ames-TP2-4233_22_7.PNG,,RGBA,Ames,4233,22,7,TP2,726,366,Ames|4233|22|7,2022-07-26,True
UAV/Ames/TP2/Ames-TP2-4233_22_8.PNG,,RGBA,Ames,4233,22,8,TP2,727,366,Ames|4233|22|8,2022-07-26,True
UAV/Ames/TP2/Ames-TP2-4233_22_9.PNG,,RGBA,Ames,4233,22,9,TP2,726,365,Ames|4233|22|9,2022-07-26,True
UAV/Ames/TP2/Ames-TP2-4233_23_1.PNG,,RGBA,Ames,4233,23,1,TP2,726,366,Ames|4233|23|1,2022-07-26,False
UAV/Ames/TP2/Ames-TP2-4233_23_10.PNG,,RGBA,Ames,4233,23,10,TP2,727,366,Ames|4233|23|10,2022-07-26,True
UAV/Ames/TP2/Ames-TP2-4233_23_11.PNG,,RGBA,Ames,4233,23,11,TP2,726,366,Ames|4233|23|11,2022-07-26,False
UAV/Ames/TP2/Ames-TP2-4233_23_12.PNG,,RGBA,Ames,4233,23,12,TP2,727,366,Ames|4233|23|12,2022-07-26,False
UAV/Ames/TP2/Ames-TP2-4233_23_2.PNG,,RGBA,Ames,4233,23,2,TP2,726,366,Ames|4233|23|2,2022-07-26,False
UAV/Ames/TP2/Ames-TP2-4233_23_3.PNG,,RGBA,Ames,4233,23,3,TP2,727,366,Ames|4233|23|3,2022-07-26,True
UAV/Ames/TP2/Ames-TP2-4233_23_4.PNG,,RGBA,Ames,4233,23,4,TP2,726,366,Ames|4233|23|4,2022-07-26,True
UAV/Ames/TP2/Ames-TP2-4233_23_5.PNG,,RGBA,Ames,4233,23,5,TP2,727,366,Ames|4233|23|5,2022-07-26,True
UAV/Ames/TP2/Ames-TP2-4233_23_6.PNG,,RGBA,Ames,4233,23,6,TP2,726,366,Ames|4233|23|6,2022-07-26,True
UAV/Ames/TP2/Ames-TP2-4233_23_7.PNG,,RGBA,Ames,4233,23,7,TP2,726,365,Ames|4233|23|7,2022-07-26,True
UAV/Ames/TP2/Ames-TP2-4233_23_8.PNG,,RGBA,Ames,4233,23,8,TP2,727,365,Ames|4233|23|8,2022-07-26,True
UAV/Ames/TP2/Ames-TP2-4233_23_9.PNG,,RGBA,Ames,4233,23,9,TP2,726,365,Ames|4233|23|9,2022-07-26,True
UAV/Ames/TP2/Ames-TP2-4233_24_1.PNG,,RGBA,Ames,4233,24,1,TP2,726,366,Ames|4233|24|1,2022-07-26,False
UAV/Ames/TP2/Ames-TP2-4233_24_10.PNG,,RGBA,Ames,4233,24,10,TP2,727,366,Ames|4233|24|10,2022-07-26,True
UAV/Ames/TP2/Ames-TP2-4233_24_11.PNG,,RGBA,Ames,4233,24,11,TP2,726,366,Ames|4233|24|11,2022-07-26,False
UAV/Ames/TP2/Ames-TP2-4233_24_12.PNG,,RGBA,Ames,4233,24,12,TP2,726,366,Ames|4233|24|12,2022-07-26,False
UAV/Ames/TP2/Ames-TP2-4233_24_2.PNG,,RGBA,Ames,4233,24,2,TP2,726,366,Ames|4233|24|2,2022-07-26,False
UAV/Ames/TP2/Ames-TP2-4233_24_3.PNG,,RGBA,Ames,4233,24,3,TP2,726,366,Ames|4233|24|3,2022-07-26,True
UAV/Ames/TP2/Ames-TP2-4233_24_4.PNG,,RGBA,Ames,4233,24,4,TP2,726,366,Ames|4233|24|4,2022-07-26,True
UAV/Ames/TP2/Ames-TP2-4233_24_5.PNG,,RGBA,Ames,4233,24,5,TP2,727,366,Ames|4233|24|5,2022-07-26,True
UAV/Ames/TP2/Ames-TP2-4233_24_6.PNG,,RGBA,Ames,4233,24,6,TP2,726,365,Ames|4233|24|6,2022-07-26,True
UAV/Ames/TP2/Ames-TP2-4233_24_7.PNG,,RGBA,Ames,4233,24,7,TP2,726,365,Ames|4233|24|7,2022-07-26,True
UAV/Ames/TP2/Ames-TP2-4233_24_8.PNG,,RGBA,Ames,4233,24,8,TP2,727,366,Ames|4233|24|8,2022-07-26,True
UAV/Ames/TP2/Ames-TP2-4233_24_9.PNG,,RGBA,Ames,4233,24,9,TP2,726,366,Ames|4233|24|9,2022-07-26,True
UAV/Ames/TP2/Ames-TP2-4233_25_1.PNG,,RGBA,Ames,4233,25,1,TP2,726,366,Ames|4233|25|1,2022-07-26,False
UAV/Ames/TP2/Ames-TP2-4233_25_10.PNG,,RGBA,Ames,4233,25,10,TP2,727,366,Ames|4233|25|10,2022-07-26,False
UAV/Ames/TP2/Ames-TP2-4233_25_11.PNG,,RGBA,Ames,4233,25,11,TP2,726,365,Ames|4233|25|11,2022-07-26,False
UAV/Ames/TP2/Ames-TP2-4233_25_12.PNG,,RGBA,Ames,4233,25,12,TP2,726,365,Ames|4233|25|12,2022-07-26,False
UAV/Ames/TP2/Ames-TP2-4233_25_2.PNG,,RGBA,Ames,4233,25,2,TP2,727,366,Ames|4233|25|2,2022-07-26,False
UAV/Ames/TP2/Ames-TP2-4233_25_3.PNG,,RGBA,Ames,4233,25,3,TP2,726,366,Ames|4233|25|3,2022-07-26,False
UAV/Ames/TP2/Ames-TP2-4233_25_4.PNG,,RGBA,Ames,4233,25,4,TP2,726,366,Ames|4233|25|4,2022-07-26,False
UAV/Ames/TP2/Ames-TP2-4233_25_5.PNG,,RGBA,Ames,4233,25,5,TP2,727,365,Ames|4233|25|5,2022-07-26,False
UAV/Ames/TP2/Ames-TP2-4233_25_6.PNG,,RGBA,Ames,4233,25,6,TP2,726,365,Ames|4233|25|6,2022-07-26,False
UAV/Ames/TP2/Ames-TP2-4233_25_7.PNG,,RGBA,Ames,4233,25,7,TP2,726,366,Ames|4233|25|7,2022-07-26,False
UAV/Ames/TP2/Ames-TP2-4233_25_8.PNG,,RGBA,Ames,4233,25,8,TP2,726,366,Ames|4233|25|8,2022-07-26,False
UAV/Ames/TP2/Ames-TP2-4233_25_9.PNG,,RGBA,Ames,4233,25,9,TP2,726,366,Ames|4233|25|9,2022-07-26,False
UAV/Ames/TP2/Ames-TP2-4233_2_1.PNG,,RGBA,Ames,4233,2,1,TP2,726,366,Ames|4233|2|1,2022-07-26,False
UAV/Ames/TP2/Ames-TP2-4233_2_10.PNG,,RGBA,Ames,4233,2,10,TP2,727,366,Ames|4233|2|10,2022-07-26,False
UAV/Ames/TP2/Ames-TP2-4233_2_11.PNG,,RGBA,Ames,4233,2,11,TP2,727,366,Ames|4233|2|11,2022-07-26,False
UAV/Ames/TP2/Ames-TP2-4233_2_12.PNG,,RGBA,Ames,4233,2,12,TP2,727,366,Ames|4233|2|12,2022-07-26,False
UAV/Ames/TP2/Ames-TP2-4233_2_2.PNG,,RGBA,Ames,4233,2,2,TP2,726,366,Ames|4233|2|2,2022-07-26,False
UAV/Ames/TP2/Ames-TP2-4233_2_3.PNG,,RGBA,Ames,4233,2,3,TP2,726,367,Ames|4233|2|3,2022-07-26,False
UAV/Ames/TP2/Ames-TP2-4233_2_4.PNG,,RGBA,Ames,4233,2,4,TP2,726,366,Ames|4233|2|4,2022-07-26,False
UAV/Ames/TP2/Ames-TP2-4233_2_5.PNG,,RGBA,Ames,4233,2,5,TP2,727,366,Ames|4233|2|5,2022-07-26,False
UAV/Ames/TP2/Ames-TP2-4233_2_6.PNG,,RGBA,Ames,4233,2,6,TP2,727,366,Ames|4233|2|6,2022-07-26,False
UAV/Ames/TP2/Ames-TP2-4233_2_7.PNG,,RGBA,Ames,4233,2,7,TP2,727,366,Ames|4233|2|7,2022-07-26,False
UAV/Ames/TP2/Ames-TP2-4233_2_8.PNG,,RGBA,Ames,4233,2,8,TP2,727,366,Ames|4233|2|8,2022-07-26,False
UAV/Ames/TP2/Ames-TP2-4233_2_9.PNG,,RGBA,Ames,4233,2,9,TP2,727,366,Ames|4233|2|9,2022-07-26,False
UAV/Ames/TP2/Ames-TP2-4233_3_1.PNG,,RGBA,Ames,4233,3,1,TP2,727,366,Ames|4233|3|1,2022-07-26,False
UAV/Ames/TP2/Ames-TP2-4233_3_10.PNG,,RGBA,Ames,4233,3,10,TP2,727,366,Ames|4233|3|10,2022-07-26,True
UAV/Ames/TP2/Ames-TP2-4233_3_11.PNG,,RGBA,Ames,4233,3,11,TP2,727,366,Ames|4233|3|11,2022-07-26,False
UAV/Ames/TP2/Ames-TP2-4233_3_12.PNG,,RGBA,Ames,4233,3,12,TP2,727,366,Ames|4233|3|12,2022-07-26,False
UAV/Ames/TP2/Ames-TP2-4233_3_2.PNG,,RGBA,Ames,4233,3,2,TP2,727,366,Ames|4233|3|2,2022-07-26,False
UAV/Ames/TP2/Ames-TP2-4233_3_3.PNG,,RGBA,Ames,4233,3,3,TP2,727,366,Ames|4233|3|3,2022-07-26,True
UAV/Ames/TP2/Ames-TP2-4233_3_4.PNG,,RGBA,Ames,4233,3,4,TP2,727,366,Ames|4233|3|4,2022-07-26,True
UAV/Ames/TP2/Ames-TP2-4233_3_5.PNG,,RGBA,Ames,4233,3,5,TP2,727,366,Ames|4233|3|5,2022-07-26,True
UAV/Ames/TP2/Ames-TP2-4233_3_6.PNG,,RGBA,Ames,4233,3,6,TP2,727,366,Ames|4233|3|6,2022-07-26,True
UAV/Ames/TP2/Ames-TP2-4233_3_7.PNG,,RGBA,Ames,4233,3,7,TP2,727,367,Ames|4233|3|7,2022-07-26,True
UAV/Ames/TP2/Ames-TP2-4233_3_8.PNG,,RGBA,Ames,4233,3,8,TP2,727,366,Ames|4233|3|8,2022-07-26,True
UAV/Ames/TP2/Ames-TP2-4233_3_9.PNG,,RGBA,Ames,4233,3,9,TP2,727,366,Ames|4233|3|9,2022-07-26,True
UAV/Ames/TP2/Ames-TP2-4233_4_1.PNG,,RGBA,Ames,4233,4,1,TP2,727,366,Ames|4233|4|1,2022-07-26,False
UAV/Ames/TP2/Ames-TP2-4233_4_10.PNG,,RGBA,Ames,4233,4,10,TP2,727,366,Ames|4233|4|10,2022-07-26,True
UAV/Ames/TP2/Ames-TP2-4233_4_11.PNG,,RGBA,Ames,4233,4,11,TP2,728,366,Ames|4233|4|11,2022-07-26,False
UAV/Ames/TP2/Ames-TP2-4233_4_12.PNG,,RGBA,Ames,4233,4,12,TP2,727,366,Ames|4233|4|12,2022-07-26,False
UAV/Ames/TP2/Ames-TP2-4233_4_2.PNG,,RGBA,Ames,4233,4,2,TP2,727,366,Ames|4233|4|2,2022-07-26,False
UAV/Ames/TP2/Ames-TP2-4233_4_3.PNG,,RGBA,Ames,4233,4,3,TP2,727,366,Ames|4233|4|3,2022-07-26,True
UAV/Ames/TP2/Ames-TP2-4233_4_4.PNG,,RGBA,Ames,4233,4,4,TP2,727,367,Ames|4233|4|4,2022-07-26,True
UAV/Ames/TP2/Ames-TP2-4233_4_5.PNG,,RGBA,Ames,4233,4,5,TP2,727,366,Ames|4233|4|5,2022-07-26,True
UAV/Ames/TP2/Ames-TP2-4233_4_6.PNG,,RGBA,Ames,4233,4,6,TP2,727,366,Ames|4233|4|6,2022-07-26,True
UAV/Ames/TP2/Ames-TP2-4233_4_7.PNG,,RGBA,Ames,4233,4,7,TP2,727,366,Ames|4233|4|7,2022-07-26,True
UAV/Ames/TP2/Ames-TP2-4233_4_8.PNG,,RGBA,Ames,4233,4,8,TP2,727,366,Ames|4233|4|8,2022-07-26,True
UAV/Ames/TP2/Ames-TP2-4233_4_9.PNG,,RGBA,Ames,4233,4,9,TP2,727,366,Ames|4233|4|9,2022-07-26,True
UAV/Ames/TP2/Ames-TP2-4233_5_1.PNG,,RGBA,Ames,4233,5,1,TP2,727,366,Ames|4233|5|1,2022-07-26,False
UAV/Ames/TP2/Ames-TP2-4233_5_10.PNG,,RGBA,Ames,4233,5,10,TP2,726,366,Ames|4233|5|10,2022-07-26,True
UAV/Ames/TP2/Ames-TP2-4233_5_11.PNG,,RGBA,Ames,4233,5,11,TP2,727,366,Ames|4233|5|11,2022-07-26,False
UAV/Ames/TP2/Ames-TP2-4233_5_12.PNG,,RGBA,Ames,4233,5,12,TP2,727,366,Ames|4233|5|12,2022-07-26,False
UAV/Ames/TP2/Ames-TP2-4233_5_2.PNG,,RGBA,Ames,4233,5,2,TP2,727,366,Ames|4233|5|2,2022-07-26,False
UAV/Ames/TP2/Ames-TP2-4233_5_3.PNG,,RGBA,Ames,4233,5,3,TP2,727,366,Ames|4233|5|3,2022-07-26,True
UAV/Ames/TP2/Ames-TP2-4233_5_4.PNG,,RGBA,Ames,4233,5,4,TP2,727,366,Ames|4233|5|4,2022-07-26,True
UAV/Ames/TP2/Ames-TP2-4233_5_5.PNG,,RGBA,Ames,4233,5,5,TP2,727,366,Ames|4233|5|5,2022-07-26,True
UAV/Ames/TP2/Ames-TP2-4233_5_6.PNG,,RGBA,Ames,4233,5,6,TP2,727,366,Ames|4233|5|6,2022-07-26,True
UAV/Ames/TP2/Ames-TP2-4233_5_7.PNG,,RGBA,Ames,4233,5,7,TP2,727,366,Ames|4233|5|7,2022-07-26,True
UAV/Ames/TP2/Ames-TP2-4233_5_8.PNG,,RGBA,Ames,4233,5,8,TP2,727,366,Ames|4233|5|8,2022-07-26,True
UAV/Ames/TP2/Ames-TP2-4233_5_9.PNG,,RGBA,Ames,4233,5,9,TP2,727,366,Ames|4233|5|9,2022-07-26,True
UAV/Ames/TP2/Ames-TP2-4233_6_1.PNG,,RGBA,Ames,4233,6,1,TP2,726,366,Ames|4233|6|1,2022-07-26,False
UAV/Ames/TP2/Ames-TP2-4233_6_10.PNG,,RGBA,Ames,4233,6,10,TP2,726,366,Ames|4233|6|10,2022-07-26,True
UAV/Ames/TP2/Ames-TP2-4233_6_11.PNG,,RGBA,Ames,4233,6,11,TP2,727,366,Ames|4233|6|11,2022-07-26,False
UAV/Ames/TP2/Ames-TP2-4233_6_12.PNG,,RGBA,Ames,4233,6,12,TP2,727,366,Ames|4233|6|12,2022-07-26,False
UAV/Ames/TP2/Ames-TP2-4233_6_2.PNG,,RGBA,Ames,4233,6,2,TP2,727,366,Ames|4233|6|2,2022-07-26,False
UAV/Ames/TP2/Ames-TP2-4233_6_3.PNG,,RGBA,Ames,4233,6,3,TP2,727,366,Ames|4233|6|3,2022-07-26,True
UAV/Ames/TP2/Ames-TP2-4233_6_4.PNG,,RGBA,Ames,4233,6,4,TP2,727,366,Ames|4233|6|4,2022-07-26,True
UAV/Ames/TP2/Ames-TP2-4233_6_5.PNG,,RGBA,Ames,4233,6,5,TP2,727,367,Ames|4233|6|5,2022-07-26,True
UAV/Ames/TP2/Ames-TP2-4233_6_6.PNG,,RGBA,Ames,4233,6,6,TP2,727,366,Ames|4233|6|6,2022-07-26,True
UAV/Ames/TP2/Ames-TP2-4233_6_7.PNG,,RGBA,Ames,4233,6,7,TP2,727,366,Ames|4233|6|7,2022-07-26,True
UAV/Ames/TP2/Ames-TP2-4233_6_8.PNG,,RGBA,Ames,4233,6,8,TP2,727,366,Ames|4233|6|8,2022-07-26,True
UAV/Ames/TP2/Ames-TP2-4233_6_9.PNG,,RGBA,Ames,4233,6,9,TP2,727,366,Ames|4233|6|9,2022-07-26,True
UAV/Ames/TP2/Ames-TP2-4233_7_1.PNG,,RGBA,Ames,4233,7,1,TP2,726,367,Ames|4233|7|1,2022-07-26,False
UAV/Ames/TP2/Ames-TP2-4233_7_10.PNG,,RGBA,Ames,4233,7,10,TP2,726,366,Ames|4233|7|10,2022-07-26,True
UAV/Ames/TP2/Ames-TP2-4233_7_11.PNG,,RGBA,Ames,4233,7,11,TP2,727,366,Ames|4233|7|11,2022-07-26,False
UAV/Ames/TP2/Ames-TP2-4233_7_12.PNG,,RGBA,Ames,4233,7,12,TP2,727,366,Ames|4233|7|12,2022-07-26,False
UAV/Ames/TP2/Ames-TP2-4233_7_2.PNG,,RGBA,Ames,4233,7,2,TP2,726,366,Ames|4233|7|2,2022-07-26,False
UAV/Ames/TP2/Ames-TP2-4233_7_3.PNG,,RGBA,Ames,4233,7,3,TP2,726,366,Ames|4233|7|3,2022-07-26,True
UAV/Ames/TP2/Ames-TP2-4233_7_4.PNG,,RGBA,Ames,4233,7,4,TP2,727,366,Ames|4233|7|4,2022-07-26,True
UAV/Ames/TP2/Ames-TP2-4233_7_5.PNG,,RGBA,Ames,4233,7,5,TP2,727,366,Ames|4233|7|5,2022-07-26,True
UAV/Ames/TP2/Ames-TP2-4233_7_6.PNG,,RGBA,Ames,4233,7,6,TP2,727,366,Ames|4233|7|6,2022-07-26,True
UAV/Ames/TP2/Ames-TP2-4233_7_7.PNG,,RGBA,Ames,4233,7,7,TP2,727,366,Ames|4233|7|7,2022-07-26,True
UAV/Ames/TP2/Ames-TP2-4233_7_8.PNG,,RGBA,Ames,4233,7,8,TP2,727,366,Ames|4233|7|8,2022-07-26,True
UAV/Ames/TP2/Ames-TP2-4233_7_9.PNG,,RGBA,Ames,4233,7,9,TP2,727,366,Ames|4233|7|9,2022-07-26,True
UAV/Ames/TP2/Ames-TP2-4233_8_1.PNG,,RGBA,Ames,4233,8,1,TP2,727,366,Ames|4233|8|1,2022-07-26,False
UAV/Ames/TP2/Ames-TP2-4233_8_10.PNG,,RGBA,Ames,4233,8,10,TP2,727,366,Ames|4233|8|10,2022-07-26,True
UAV/Ames/TP2/Ames-TP2-4233_8_11.PNG,,RGBA,Ames,4233,8,11,TP2,727,366,Ames|4233|8|11,2022-07-26,False
UAV/Ames/TP2/Ames-TP2-4233_8_12.PNG,,RGBA,Ames,4233,8,12,TP2,727,365,Ames|4233|8|12,2022-07-26,False
UAV/Ames/TP2/Ames-TP2-4233_8_2.PNG,,RGBA,Ames,4233,8,2,TP2,727,366,Ames|4233|8|2,2022-07-26,False
UAV/Ames/TP2/Ames-TP2-4233_8_3.PNG,,RGBA,Ames,4233,8,3,TP2,726,366,Ames|4233|8|3,2022-07-26,True
UAV/Ames/TP2/Ames-TP2-4233_8_4.PNG,,RGBA,Ames,4233,8,4,TP2,726,366,Ames|4233|8|4,2022-07-26,True
UAV/Ames/TP2/Ames-TP2-4233_8_5.PNG,,RGBA,Ames,4233,8,5,TP2,727,366,Ames|4233|8|5,2022-07-26,True
UAV/Ames/TP2/Ames-TP2-4233_8_6.PNG,,RGBA,Ames,4233,8,6,TP2,727,366,Ames|4233|8|6,2022-07-26,True
UAV/Ames/TP2/Ames-TP2-4233_8_7.PNG,,RGBA,Ames,4233,8,7,TP2,727,366,Ames|4233|8|7,2022-07-26,True
UAV/Ames/TP2/Ames-TP2-4233_8_8.PNG,,RGBA,Ames,4233,8,8,TP2,727,366,Ames|4233|8|8,2022-07-26,True
UAV/Ames/TP2/Ames-TP2-4233_8_9.PNG,,RGBA,Ames,4233,8,9,TP2,727,366,Ames|4233|8|9,2022-07-26,True
UAV/Ames/TP2/Ames-TP2-4233_9_1.PNG,,RGBA,Ames,4233,9,1,TP2,727,366,Ames|4233|9|1,2022-07-26,False
UAV/Ames/TP2/Ames-TP2-4233_9_10.PNG,,RGBA,Ames,4233,9,10,TP2,727,366,Ames|4233|9|10,2022-07-26,True
UAV/Ames/TP2/Ames-TP2-4233_9_11.PNG,,RGBA,Ames,4233,9,11,TP2,727,366,Ames|4233|9|11,2022-07-26,False
UAV/Ames/TP2/Ames-TP2-4233_9_12.PNG,,RGBA,Ames,4233,9,12,TP2,727,366,Ames|4233|9|12,2022-07-26,False
UAV/Ames/TP2/Ames-TP2-4233_9_2.PNG,,RGBA,Ames,4233,9,2,TP2,727,367,Ames|4233|9|2,2022-07-26,False
UAV/Ames/TP2/Ames-TP2-4233_9_3.PNG,,RGBA,Ames,4233,9,3,TP2,727,366,Ames|4233|9|3,2022-07-26,True
UAV/Ames/TP2/Ames-TP2-4233_9_4.PNG,,RGBA,Ames,4233,9,4,TP2,726,366,Ames|4233|9|4,2022-07-26,True
UAV/Ames/TP2/Ames-TP2-4233_9_5.PNG,,RGBA,Ames,4233,9,5,TP2,727,366,Ames|4233|9|5,2022-07-26,True
UAV/Ames/TP2/Ames-TP2-4233_9_6.PNG,,RGBA,Ames,4233,9,6,TP2,727,366,Ames|4233|9|6,2022-07-26,True
UAV/Ames/TP2/Ames-TP2-4233_9_7.PNG,,RGBA,Ames,4233,9,7,TP2,727,366,Ames|4233|9|7,2022-07-26,True
UAV/Ames/TP2/Ames-TP2-4233_9_8.PNG,,RGBA,Ames,4233,9,8,TP2,727,365,Ames|4233|9|8,2022-07-26,True
UAV/Ames/TP2/Ames-TP2-4233_9_9.PNG,,RGBA,Ames,4233,9,9,TP2,726,366,Ames|4233|9|9,2022-07-26,True
UAV/Ames/TP3/Ames-TP3-4231_10_2.PNG,,RGBA,Ames,4231,10,2,TP3,380,752,Ames|4231|10|2,2022-08-10,True
UAV/Ames/TP3/Ames-TP3-4231_10_3.PNG,,RGBA,Ames,4231,10,3,TP3,380,751,Ames|4231|10|3,2022-08-10,True
UAV/Ames/TP3/Ames-TP3-4231_10_4.PNG,,RGBA,Ames,4231,10,4,TP3,380,751,Ames|4231|10|4,2022-08-10,True
UAV/Ames/TP3/Ames-TP3-4231_10_5.PNG,,RGBA,Ames,4231,10,5,TP3,380,751,Ames|4231|10|5,2022-08-10,True
UAV/Ames/TP3/Ames-TP3-4231_10_6.PNG,,RGBA,Ames,4231,10,6,TP3,380,751,Ames|4231|10|6,2022-08-10,True
UAV/Ames/TP3/Ames-TP3-4231_10_7.PNG,,RGBA,Ames,4231,10,7,TP3,380,751,Ames|4231|10|7,2022-08-10,True
UAV/Ames/TP3/Ames-TP3-4231_11_2.PNG,,RGBA,Ames,4231,11,2,TP3,381,751,Ames|4231|11|2,2022-08-10,True
UAV/Ames/TP3/Ames-TP3-4231_11_3.PNG,,RGBA,Ames,4231,11,3,TP3,381,751,Ames|4231|11|3,2022-08-10,True
UAV/Ames/TP3/Ames-TP3-4231_11_4.PNG,,RGBA,Ames,4231,11,4,TP3,381,751,Ames|4231|11|4,2022-08-10,True
UAV/Ames/TP3/Ames-TP3-4231_11_5.PNG,,RGBA,Ames,4231,11,5,TP3,381,751,Ames|4231|11|5,2022-08-10,True
UAV/Ames/TP3/Ames-TP3-4231_11_6.PNG,,RGBA,Ames,4231,11,6,TP3,381,751,Ames|4231|11|6,2022-08-10,True
UAV/Ames/TP3/Ames-TP3-4231_11_7.PNG,,RGBA,Ames,4231,11,7,TP3,381,750,Ames|4231|11|7,2022-08-10,True
UAV/Ames/TP3/Ames-TP3-4231_12_2.PNG,,RGBA,Ames,4231,12,2,TP3,380,751,Ames|4231|12|2,2022-08-10,True
UAV/Ames/TP3/Ames-TP3-4231_12_3.PNG,,RGBA,Ames,4231,12,3,TP3,380,751,Ames|4231|12|3,2022-08-10,True
UAV/Ames/TP3/Ames-TP3-4231_12_4.PNG,,RGBA,Ames,4231,12,4,TP3,380,751,Ames|4231|12|4,2022-08-10,True
UAV/Ames/TP3/Ames-TP3-4231_12_5.PNG,,RGBA,Ames,4231,12,5,TP3,380,751,Ames|4231|12|5,2022-08-10,True
UAV/Ames/TP3/Ames-TP3-4231_12_6.PNG,,RGBA,Ames,4231,12,6,TP3,380,751,Ames|4231|12|6,2022-08-10,True
UAV/Ames/TP3/Ames-TP3-4231_12_7.PNG,,RGBA,Ames,4231,12,7,TP3,380,750,Ames|4231|12|7,2022-08-10,True
UAV/Ames/TP3/Ames-TP3-4231_13_2.PNG,,RGBA,Ames,4231,13,2,TP3,381,751,Ames|4231|13|2,2022-08-10,True
UAV/Ames/TP3/Ames-TP3-4231_13_3.PNG,,RGBA,Ames,4231,13,3,TP3,381,751,Ames|4231|13|3,2022-08-10,True
UAV/Ames/TP3/Ames-TP3-4231_13_4.PNG,,RGBA,Ames,4231,13,4,TP3,381,751,Ames|4231|13|4,2022-08-10,True
UAV/Ames/TP3/Ames-TP3-4231_13_5.PNG,,RGBA,Ames,4231,13,5,TP3,380,750,Ames|4231|13|5,2022-08-10,True
UAV/Ames/TP3/Ames-TP3-4231_13_6.PNG,,RGBA,Ames,4231,13,6,TP3,380,751,Ames|4231|13|6,2022-08-10,True
UAV/Ames/TP3/Ames-TP3-4231_13_7.PNG,,RGBA,Ames,4231,13,7,TP3,380,750,Ames|4231|13|7,2022-08-10,True
UAV/Ames/TP3/Ames-TP3-4231_14_2.PNG,,RGBA,Ames,4231,14,2,TP3,380,751,Ames|4231|14|2,2022-08-10,True
UAV/Ames/TP3/Ames-TP3-4231_14_3.PNG,,RGBA,Ames,4231,14,3,TP3,380,750,Ames|4231|14|3,2022-08-10,True
UAV/Ames/TP3/Ames-TP3-4231_14_4.PNG,,RGBA,Ames,4231,14,4,TP3,380,751,Ames|4231|14|4,2022-08-10,True
UAV/Ames/TP3/Ames-TP3-4231_14_5.PNG,,RGBA,Ames,4231,14,5,TP3,380,751,Ames|4231|14|5,2022-08-10,True
UAV/Ames/TP3/Ames-TP3-4231_14_6.PNG,,RGBA,Ames,4231,14,6,TP3,380,751,Ames|4231|14|6,2022-08-10,True
UAV/Ames/TP3/Ames-TP3-4231_14_7.PNG,,RGBA,Ames,4231,14,7,TP3,380,751,Ames|4231|14|7,2022-08-10,True
UAV/Ames/TP3/Ames-TP3-4231_15_2.PNG,,RGBA,Ames,4231,15,2,TP3,380,751,Ames|4231|15|2,2022-08-10,True
UAV/Ames/TP3/Ames-TP3-4231_15_3.PNG,,RGBA,Ames,4231,15,3,TP3,381,751,Ames|4231|15|3,2022-08-10,True
UAV/Ames/TP3/Ames-TP3-4231_15_4.PNG,,RGBA,Ames,4231,15,4,TP3,380,751,Ames|4231|15|4,2022-08-10,True
UAV/Ames/TP3/Ames-TP3-4231_15_5.PNG,,RGBA,Ames,4231,15,5,TP3,380,751,Ames|4231|15|5,2022-08-10,True
UAV/Ames/TP3/Ames-TP3-4231_15_6.PNG,,RGBA,Ames,4231,15,6,TP3,380,750,Ames|4231|15|6,2022-08-10,True
UAV/Ames/TP3/Ames-TP3-4231_15_7.PNG,,RGBA,Ames,4231,15,7,TP3,380,751,Ames|4231|15|7,2022-08-10,True
UAV/Ames/TP3/Ames-TP3-4231_16_2.PNG,,RGBA,Ames,4231,16,2,TP3,380,751,Ames|4231|16|2,2022-08-10,True
UAV/Ames/TP3/Ames-TP3-4231_16_3.PNG,,RGBA,Ames,4231,16,3,TP3,380,751,Ames|4231|16|3,2022-08-10,True
UAV/Ames/TP3/Ames-TP3-4231_16_4.PNG,,RGBA,Ames,4231,16,4,TP3,380,750,Ames|4231|16|4,2022-08-10,True
UAV/Ames/TP3/Ames-TP3-4231_16_5.PNG,,RGBA,Ames,4231,16,5,TP3,380,751,Ames|4231|16|5,2022-08-10,True
UAV/Ames/TP3/Ames-TP3-4231_16_6.PNG,,RGBA,Ames,4231,16,6,TP3,380,750,Ames|4231|16|6,2022-08-10,True
UAV/Ames/TP3/Ames-TP3-4231_16_7.PNG,,RGBA,Ames,4231,16,7,TP3,379,751,Ames|4231|16|7,2022-08-10,True
UAV/Ames/TP3/Ames-TP3-4231_17_2.PNG,,RGBA,Ames,4231,17,2,TP3,380,751,Ames|4231|17|2,2022-08-10,True
UAV/Ames/TP3/Ames-TP3-4231_17_3.PNG,,RGBA,Ames,4231,17,3,TP3,380,750,Ames|4231|17|3,2022-08-10,True
UAV/Ames/TP3/Ames-TP3-4231_17_4.PNG,,RGBA,Ames,4231,17,4,TP3,380,751,Ames|4231|17|4,2022-08-10,True
UAV/Ames/TP3/Ames-TP3-4231_17_5.PNG,,RGBA,Ames,4231,17,5,TP3,380,751,Ames|4231|17|5,2022-08-10,True
UAV/Ames/TP3/Ames-TP3-4231_17_6.PNG,,RGBA,Ames,4231,17,6,TP3,380,750,Ames|4231|17|6,2022-08-10,True
UAV/Ames/TP3/Ames-TP3-4231_17_7.PNG,,RGBA,Ames,4231,17,7,TP3,380,751,Ames|4231|17|7,2022-08-10,True
UAV/Ames/TP3/Ames-TP3-4231_18_2.PNG,,RGBA,Ames,4231,18,2,TP3,380,750,Ames|4231|18|2,2022-08-10,True
UAV/Ames/TP3/Ames-TP3-4231_18_3.PNG,,RGBA,Ames,4231,18,3,TP3,380,751,Ames|4231|18|3,2022-08-10,True
UAV/Ames/TP3/Ames-TP3-4231_18_4.PNG,,RGBA,Ames,4231,18,4,TP3,380,751,Ames|4231|18|4,2022-08-10,True
UAV/Ames/TP3/Ames-TP3-4231_18_5.PNG,,RGBA,Ames,4231,18,5,TP3,380,750,Ames|4231|18|5,2022-08-10,True
UAV/Ames/TP3/Ames-TP3-4231_18_6.PNG,,RGBA,Ames,4231,18,6,TP3,379,750,Ames|4231|18|6,2022-08-10,True
UAV/Ames/TP3/Ames-TP3-4231_18_7.PNG,,RGBA,Ames,4231,18,7,TP3,380,751,Ames|4231|18|7,2022-08-10,True
UAV/Ames/TP3/Ames-TP3-4231_19_2.PNG,,RGBA,Ames,4231,19,2,TP3,380,751,Ames|4231|19|2,2022-08-10,True
UAV/Ames/TP3/Ames-TP3-4231_19_3.PNG,,RGBA,Ames,4231,19,3,TP3,380,751,Ames|4231|19|3,2022-08-10,True
UAV/Ames/TP3/Ames-TP3-4231_19_4.PNG,,RGBA,Ames,4231,19,4,TP3,380,750,Ames|4231|19|4,2022-08-10,True
UAV/Ames/TP3/Ames-TP3-4231_19_5.PNG,,RGBA,Ames,4231,19,5,TP3,380,750,Ames|4231|19|5,2022-08-10,True
UAV/Ames/TP3/Ames-TP3-4231_19_6.PNG,,RGBA,Ames,4231,19,6,TP3,380,751,Ames|4231|19|6,2022-08-10,True
UAV/Ames/TP3/Ames-TP3-4231_19_7.PNG,,RGBA,Ames,4231,19,7,TP3,380,751,Ames|4231|19|7,2022-08-10,True
UAV/Ames/TP3/Ames-TP3-4231_1_2.PNG,,RGBA,Ames,4231,1,2,TP3,382,751,Ames|4231|1|2,2022-08-10,False
UAV/Ames/TP3/Ames-TP3-4231_1_3.PNG,,RGBA,Ames,4231,1,3,TP3,381,752,Ames|4231|1|3,2022-08-10,False
UAV/Ames/TP3/Ames-TP3-4231_1_4.PNG,,RGBA,Ames,4231,1,4,TP3,381,752,Ames|4231|1|4,2022-08-10,False
UAV/Ames/TP3/Ames-TP3-4231_1_5.PNG,,RGBA,Ames,4231,1,5,TP3,381,751,Ames|4231|1|5,2022-08-10,False
UAV/Ames/TP3/Ames-TP3-4231_1_6.PNG,,RGBA,Ames,4231,1,6,TP3,381,752,Ames|4231|1|6,2022-08-10,False
UAV/Ames/TP3/Ames-TP3-4231_1_7.PNG,,RGBA,Ames,4231,1,7,TP3,381,752,Ames|4231|1|7,2022-08-10,False
UAV/Ames/TP3/Ames-TP3-4231_20_2.PNG,,RGBA,Ames,4231,20,2,TP3,380,750,Ames|4231|20|2,2022-08-10,True
UAV/Ames/TP3/Ames-TP3-4231_20_3.PNG,,RGBA,Ames,4231,20,3,TP3,380,750,Ames|4231|20|3,2022-08-10,True
UAV/Ames/TP3/Ames-TP3-4231_20_4.PNG,,RGBA,Ames,4231,20,4,TP3,380,750,Ames|4231|20|4,2022-08-10,True
UAV/Ames/TP3/Ames-TP3-4231_20_5.PNG,,RGBA,Ames,4231,20,5,TP3,379,751,Ames|4231|20|5,2022-08-10,True
UAV/Ames/TP3/Ames-TP3-4231_20_6.PNG,,RGBA,Ames,4231,20,6,TP3,380,751,Ames|4231|20|6,2022-08-10,True
UAV/Ames/TP3/Ames-TP3-4231_20_7.PNG,,RGBA,Ames,4231,20,7,TP3,379,750,Ames|4231|20|7,2022-08-10,True
UAV/Ames/TP3/Ames-TP3-4231_21_2.PNG,,RGBA,Ames,4231,21,2,TP3,380,750,Ames|4231|21|2,2022-08-10,True
UAV/Ames/TP3/Ames-TP3-4231_21_3.PNG,,RGBA,Ames,4231,21,3,TP3,379,751,Ames|4231|21|3,2022-08-10,True
UAV/Ames/TP3/Ames-TP3-4231_21_4.PNG,,RGBA,Ames,4231,21,4,TP3,380,751,Ames|4231|21|4,2022-08-10,True
UAV/Ames/TP3/Ames-TP3-4231_21_5.PNG,,RGBA,Ames,4231,21,5,TP3,380,751,Ames|4231|21|5,2022-08-10,True
UAV/Ames/TP3/Ames-TP3-4231_21_6.PNG,,RGBA,Ames,4231,21,6,TP3,380,750,Ames|4231|21|6,2022-08-10,True
UAV/Ames/TP3/Ames-TP3-4231_21_7.PNG,,RGBA,Ames,4231,21,7,TP3,379,750,Ames|4231|21|7,2022-08-10,True
UAV/Ames/TP3/Ames-TP3-4231_22_2.PNG,,RGBA,Ames,4231,22,2,TP3,380,751,Ames|4231|22|2,2022-08-10,True
UAV/Ames/TP3/Ames-TP3-4231_22_3.PNG,,RGBA,Ames,4231,22,3,TP3,380,751,Ames|4231|22|3,2022-08-10,True
UAV/Ames/TP3/Ames-TP3-4231_22_4.PNG,,RGBA,Ames,4231,22,4,TP3,380,750,Ames|4231|22|4,2022-08-10,True
UAV/Ames/TP3/Ames-TP3-4231_22_5.PNG,,RGBA,Ames,4231,22,5,TP3,379,750,Ames|4231|22|5,2022-08-10,True
UAV/Ames/TP3/Ames-TP3-4231_22_6.PNG,,RGBA,Ames,4231,22,6,TP3,379,750,Ames|4231|22|6,2022-08-10,True
UAV/Ames/TP3/Ames-TP3-4231_22_7.PNG,,RGBA,Ames,4231,22,7,TP3,379,750,Ames|4231|22|7,2022-08-10,True
UAV/Ames/TP3/Ames-TP3-4231_23_2.PNG,,RGBA,Ames,4231,23,2,TP3,380,750,Ames|4231|23|2,2022-08-10,True
UAV/Ames/TP3/Ames-TP3-4231_23_3.PNG,,RGBA,Ames,4231,23,3,TP3,379,750,Ames|4231|23|3,2022-08-10,True
UAV/Ames/TP3/Ames-TP3-4231_23_4.PNG,,RGBA,Ames,4231,23,4,TP3,379,750,Ames|4231|23|4,2022-08-10,True
UAV/Ames/TP3/Ames-TP3-4231_23_5.PNG,,RGBA,Ames,4231,23,5,TP3,379,750,Ames|4231|23|5,2022-08-10,True
UAV/Ames/TP3/Ames-TP3-4231_23_6.PNG,,RGBA,Ames,4231,23,6,TP3,379,750,Ames|4231|23|6,2022-08-10,True
UAV/Ames/TP3/Ames-TP3-4231_23_7.PNG,,RGBA,Ames,4231,23,7,TP3,380,750,Ames|4231|23|7,2022-08-10,True
UAV/Ames/TP3/Ames-TP3-4231_24_2.PNG,,RGBA,Ames,4231,24,2,TP3,380,750,Ames|4231|24|2,2022-08-10,True
UAV/Ames/TP3/Ames-TP3-4231_24_3.PNG,,RGBA,Ames,4231,24,3,TP3,380,750,Ames|4231|24|3,2022-08-10,True
UAV/Ames/TP3/Ames-TP3-4231_24_4.PNG,,RGBA,Ames,4231,24,4,TP3,380,750,Ames|4231|24|4,2022-08-10,True
UAV/Ames/TP3/Ames-TP3-4231_24_5.PNG,,RGBA,Ames,4231,24,5,TP3,380,750,Ames|4231|24|5,2022-08-10,True
UAV/Ames/TP3/Ames-TP3-4231_24_6.PNG,,RGBA,Ames,4231,24,6,TP3,380,750,Ames|4231|24|6,2022-08-10,True
UAV/Ames/TP3/Ames-TP3-4231_24_7.PNG,,RGBA,Ames,4231,24,7,TP3,380,750,Ames|4231|24|7,2022-08-10,True
UAV/Ames/TP3/Ames-TP3-4231_25_2.PNG,,RGBA,Ames,4231,25,2,TP3,379,750,Ames|4231|25|2,2022-08-10,True
UAV/Ames/TP3/Ames-TP3-4231_25_3.PNG,,RGBA,Ames,4231,25,3,TP3,379,751,Ames|4231|25|3,2022-08-10,True
UAV/Ames/TP3/Ames-TP3-4231_25_4.PNG,,RGBA,Ames,4231,25,4,TP3,379,751,Ames|4231|25|4,2022-08-10,True
UAV/Ames/TP3/Ames-TP3-4231_25_5.PNG,,RGBA,Ames,4231,25,5,TP3,379,750,Ames|4231|25|5,2022-08-10,True
UAV/Ames/TP3/Ames-TP3-4231_25_6.PNG,,RGBA,Ames,4231,25,6,TP3,379,750,Ames|4231|25|6,2022-08-10,True
UAV/Ames/TP3/Ames-TP3-4231_25_7.PNG,,RGBA,Ames,4231,25,7,TP3,379,750,Ames|4231|25|7,2022-08-10,True
UAV/Ames/TP3/Ames-TP3-4231_26_2.PNG,,RGBA,Ames,4231,26,2,TP3,380,750,Ames|4231|26|2,2022-08-10,True
UAV/Ames/TP3/Ames-TP3-4231_26_3.PNG,,RGBA,Ames,4231,26,3,TP3,380,750,Ames|4231|26|3,2022-08-10,True
UAV/Ames/TP3/Ames-TP3-4231_26_4.PNG,,RGBA,Ames,4231,26,4,TP3,379,750,Ames|4231|26|4,2022-08-10,True
UAV/Ames/TP3/Ames-TP3-4231_26_5.PNG,,RGBA,Ames,4231,26,5,TP3,379,750,Ames|4231|26|5,2022-08-10,True
UAV/Ames/TP3/Ames-TP3-4231_26_6.PNG,,RGBA,Ames,4231,26,6,TP3,379,750,Ames|4231|26|6,2022-08-10,True
UAV/Ames/TP3/Ames-TP3-4231_26_7.PNG,,RGBA,Ames,4231,26,7,TP3,379,750,Ames|4231|26|7,2022-08-10,True
UAV/Ames/TP3/Ames-TP3-4231_27_2.PNG,,RGBA,Ames,4231,27,2,TP3,379,751,Ames|4231|27|2,2022-08-10,True
UAV/Ames/TP3/Ames-TP3-4231_27_3.PNG,,RGBA,Ames,4231,27,3,TP3,379,750,Ames|4231|27|3,2022-08-10,True
UAV/Ames/TP3/Ames-TP3-4231_27_4.PNG,,RGBA,Ames,4231,27,4,TP3,379,750,Ames|4231|27|4,2022-08-10,True
UAV/Ames/TP3/Ames-TP3-4231_27_5.PNG,,RGBA,Ames,4231,27,5,TP3,380,750,Ames|4231|27|5,2022-08-10,True
UAV/Ames/TP3/Ames-TP3-4231_27_6.PNG,,RGBA,Ames,4231,27,6,TP3,379,749,Ames|4231|27|6,2022-08-10,True
UAV/Ames/TP3/Ames-TP3-4231_27_7.PNG,,RGBA,Ames,4231,27,7,TP3,379,750,Ames|4231|27|7,2022-08-10,True
UAV/Ames/TP3/Ames-TP3-4231_28_2.PNG,,RGBA,Ames,4231,28,2,TP3,380,750,Ames|4231|28|2,2022-08-10,True
UAV/Ames/TP3/Ames-TP3-4231_28_3.PNG,,RGBA,Ames,4231,28,3,TP3,379,750,Ames|4231|28|3,2022-08-10,True
UAV/Ames/TP3/Ames-TP3-4231_28_4.PNG,,RGBA,Ames,4231,28,4,TP3,379,750,Ames|4231|28|4,2022-08-10,True
UAV/Ames/TP3/Ames-TP3-4231_28_5.PNG,,RGBA,Ames,4231,28,5,TP3,379,750,Ames|4231|28|5,2022-08-10,True
UAV/Ames/TP3/Ames-TP3-4231_28_6.PNG,,RGBA,Ames,4231,28,6,TP3,379,750,Ames|4231|28|6,2022-08-10,True
UAV/Ames/TP3/Ames-TP3-4231_28_7.PNG,,RGBA,Ames,4231,28,7,TP3,379,750,Ames|4231|28|7,2022-08-10,True
UAV/Ames/TP3/Ames-TP3-4231_29_2.PNG,,RGBA,Ames,4231,29,2,TP3,379,750,Ames|4231|29|2,2022-08-10,True
UAV/Ames/TP3/Ames-TP3-4231_29_3.PNG,,RGBA,Ames,4231,29,3,TP3,379,750,Ames|4231|29|3,2022-08-10,True
UAV/Ames/TP3/Ames-TP3-4231_29_4.PNG,,RGBA,Ames,4231,29,4,TP3,380,749,Ames|4231|29|4,2022-08-10,True
UAV/Ames/TP3/Ames-TP3-4231_29_5.PNG,,RGBA,Ames,4231,29,5,TP3,379,750,Ames|4231|29|5,2022-08-10,True
UAV/Ames/TP3/Ames-TP3-4231_29_6.PNG,,RGBA,Ames,4231,29,6,TP3,379,750,Ames|4231|29|6,2022-08-10,True
UAV/Ames/TP3/Ames-TP3-4231_29_7.PNG,,RGBA,Ames,4231,29,7,TP3,379,749,Ames|4231|29|7,2022-08-10,True
UAV/Ames/TP3/Ames-TP3-4231_2_2.PNG,,RGBA,Ames,4231,2,2,TP3,381,752,Ames|4231|2|2,2022-08-10,True
UAV/Ames/TP3/Ames-TP3-4231_2_3.PNG,,RGBA,Ames,4231,2,3,TP3,381,752,Ames|4231|2|3,2022-08-10,True
UAV/Ames/TP3/Ames-TP3-4231_2_4.PNG,,RGBA,Ames,4231,2,4,TP3,381,751,Ames|4231|2|4,2022-08-10,True
UAV/Ames/TP3/Ames-TP3-4231_2_5.PNG,,RGBA,Ames,4231,2,5,TP3,381,751,Ames|4231|2|5,2022-08-10,True
UAV/Ames/TP3/Ames-TP3-4231_2_6.PNG,,RGBA,Ames,4231,2,6,TP3,381,752,Ames|4231|2|6,2022-08-10,True
UAV/Ames/TP3/Ames-TP3-4231_2_7.PNG,,RGBA,Ames,4231,2,7,TP3,381,751,Ames|4231|2|7,2022-08-10,True
UAV/Ames/TP3/Ames-TP3-4231_30_2.PNG,,RGBA,Ames,4231,30,2,TP3,379,750,Ames|4231|30|2,2022-08-10,True
UAV/Ames/TP3/Ames-TP3-4231_30_3.PNG,,RGBA,Ames,4231,30,3,TP3,379,750,Ames|4231|30|3,2022-08-10,True
UAV/Ames/TP3/Ames-TP3-4231_30_4.PNG,,RGBA,Ames,4231,30,4,TP3,379,750,Ames|4231|30|4,2022-08-10,True
UAV/Ames/TP3/Ames-TP3-4231_30_5.PNG,,RGBA,Ames,4231,30,5,TP3,379,750,Ames|4231|30|5,2022-08-10,True
UAV/Ames/TP3/Ames-TP3-4231_30_6.PNG,,RGBA,Ames,4231,30,6,TP3,379,750,Ames|4231|30|6,2022-08-10,True
UAV/Ames/TP3/Ames-TP3-4231_30_7.PNG,,RGBA,Ames,4231,30,7,TP3,379,749,Ames|4231|30|7,2022-08-10,True
UAV/Ames/TP3/Ames-TP3-4231_31_2.PNG,,RGBA,Ames,4231,31,2,TP3,379,750,Ames|4231|31|2,2022-08-10,True
UAV/Ames/TP3/Ames-TP3-4231_31_3.PNG,,RGBA,Ames,4231,31,3,TP3,379,749,Ames|4231|31|3,2022-08-10,True
UAV/Ames/TP3/Ames-TP3-4231_31_4.PNG,,RGBA,Ames,4231,31,4,TP3,379,750,Ames|4231|31|4,2022-08-10,True
UAV/Ames/TP3/Ames-TP3-4231_31_5.PNG,,RGBA,Ames,4231,31,5,TP3,379,749,Ames|4231|31|5,2022-08-10,True
UAV/Ames/TP3/Ames-TP3-4231_31_6.PNG,,RGBA,Ames,4231,31,6,TP3,378,750,Ames|4231|31|6,2022-08-10,True
UAV/Ames/TP3/Ames-TP3-4231_31_7.PNG,,RGBA,Ames,4231,31,7,TP3,379,749,Ames|4231|31|7,2022-08-10,True
UAV/Ames/TP3/Ames-TP3-4231_3_2.PNG,,RGBA,Ames,4231,3,2,TP3,382,751,Ames|4231|3|2,2022-08-10,True
UAV/Ames/TP3/Ames-TP3-4231_3_3.PNG,,RGBA,Ames,4231,3,3,TP3,381,751,Ames|4231|3|3,2022-08-10,True
UAV/Ames/TP3/Ames-TP3-4231_3_4.PNG,,RGBA,Ames,4231,3,4,TP3,381,751,Ames|4231|3|4,2022-08-10,True
UAV/Ames/TP3/Ames-TP3-4231_3_5.PNG,,RGBA,Ames,4231,3,5,TP3,381,752,Ames|4231|3|5,2022-08-10,True
UAV/Ames/TP3/Ames-TP3-4231_3_6.PNG,,RGBA,Ames,4231,3,6,TP3,381,752,Ames|4231|3|6,2022-08-10,True
UAV/Ames/TP3/Ames-TP3-4231_3_7.PNG,,RGBA,Ames,4231,3,7,TP3,380,751,Ames|4231|3|7,2022-08-10,True
UAV/Ames/TP3/Ames-TP3-4231_4_2.PNG,,RGBA,Ames,4231,4,2,TP3,381,751,Ames|4231|4|2,2022-08-10,True
UAV/Ames/TP3/Ames-TP3-4231_4_3.PNG,,RGBA,Ames,4231,4,3,TP3,381,752,Ames|4231|4|3,2022-08-10,True
UAV/Ames/TP3/Ames-TP3-4231_4_4.PNG,,RGBA,Ames,4231,4,4,TP3,381,752,Ames|4231|4|4,2022-08-10,True
UAV/Ames/TP3/Ames-TP3-4231_4_5.PNG,,RGBA,Ames,4231,4,5,TP3,381,752,Ames|4231|4|5,2022-08-10,True
UAV/Ames/TP3/Ames-TP3-4231_4_6.PNG,,RGBA,Ames,4231,4,6,TP3,381,751,Ames|4231|4|6,2022-08-10,True
UAV/Ames/TP3/Ames-TP3-4231_4_7.PNG,,RGBA,Ames,4231,4,7,TP3,381,751,Ames|4231|4|7,2022-08-10,True
UAV/Ames/TP3/Ames-TP3-4231_5_2.PNG,,RGBA,Ames,4231,5,2,TP3,381,752,Ames|4231|5|2,2022-08-10,True
UAV/Ames/TP3/Ames-TP3-4231_5_3.PNG,,RGBA,Ames,4231,5,3,TP3,381,752,Ames|4231|5|3,2022-08-10,True
UAV/Ames/TP3/Ames-TP3-4231_5_4.PNG,,RGBA,Ames,4231,5,4,TP3,380,751,Ames|4231|5|4,2022-08-10,True
UAV/Ames/TP3/Ames-TP3-4231_5_5.PNG,,RGBA,Ames,4231,5,5,TP3,381,751,Ames|4231|5|5,2022-08-10,True
UAV/Ames/TP3/Ames-TP3-4231_5_6.PNG,,RGBA,Ames,4231,5,6,TP3,380,751,Ames|4231|5|6,2022-08-10,True
UAV/Ames/TP3/Ames-TP3-4231_5_7.PNG,,RGBA,Ames,4231,5,7,TP3,381,751,Ames|4231|5|7,2022-08-10,True
UAV/Ames/TP3/Ames-TP3-4231_6_2.PNG,,RGBA,Ames,4231,6,2,TP3,381,751,Ames|4231|6|2,2022-08-10,True
UAV/Ames/TP3/Ames-TP3-4231_6_3.PNG,,RGBA,Ames,4231,6,3,TP3,381,751,Ames|4231|6|3,2022-08-10,True
UAV/Ames/TP3/Ames-TP3-4231_6_4.PNG,,RGBA,Ames,4231,6,4,TP3,381,751,Ames|4231|6|4,2022-08-10,True
UAV/Ames/TP3/Ames-TP3-4231_6_5.PNG,,RGBA,Ames,4231,6,5,TP3,381,751,Ames|4231|6|5,2022-08-10,True
UAV/Ames/TP3/Ames-TP3-4231_6_6.PNG,,RGBA,Ames,4231,6,6,TP3,381,751,Ames|4231|6|6,2022-08-10,True
UAV/Ames/TP3/Ames-TP3-4231_6_7.PNG,,RGBA,Ames,4231,6,7,TP3,381,751,Ames|4231|6|7,2022-08-10,True
UAV/Ames/TP3/Ames-TP3-4231_7_2.PNG,,RGBA,Ames,4231,7,2,TP3,381,752,Ames|4231|7|2,2022-08-10,True
UAV/Ames/TP3/Ames-TP3-4231_7_3.PNG,,RGBA,Ames,4231,7,3,TP3,381,751,Ames|4231|7|3,2022-08-10,True
UAV/Ames/TP3/Ames-TP3-4231_7_4.PNG,,RGBA,Ames,4231,7,4,TP3,380,751,Ames|4231|7|4,2022-08-10,True
UAV/Ames/TP3/Ames-TP3-4231_7_5.PNG,,RGBA,Ames,4231,7,5,TP3,380,751,Ames|4231|7|5,2022-08-10,True
UAV/Ames/TP3/Ames-TP3-4231_7_6.PNG,,RGBA,Ames,4231,7,6,TP3,381,751,Ames|4231|7|6,2022-08-10,True
UAV/Ames/TP3/Ames-TP3-4231_7_7.PNG,,RGBA,Ames,4231,7,7,TP3,380,751,Ames|4231|7|7,2022-08-10,True
UAV/Ames/TP3/Ames-TP3-4231_8_2.PNG,,RGBA,Ames,4231,8,2,TP3,381,751,Ames|4231|8|2,2022-08-10,True
UAV/Ames/TP3/Ames-TP3-4231_8_3.PNG,,RGBA,Ames,4231,8,3,TP3,380,751,Ames|4231|8|3,2022-08-10,True
UAV/Ames/TP3/Ames-TP3-4231_8_4.PNG,,RGBA,Ames,4231,8,4,TP3,381,752,Ames|4231|8|4,2022-08-10,True
UAV/Ames/TP3/Ames-TP3-4231_8_5.PNG,,RGBA,Ames,4231,8,5,TP3,381,751,Ames|4231|8|5,2022-08-10,True
UAV/Ames/TP3/Ames-TP3-4231_8_6.PNG,,RGBA,Ames,4231,8,6,TP3,381,751,Ames|4231|8|6,2022-08-10,True
UAV/Ames/TP3/Ames-TP3-4231_8_7.PNG,,RGBA,Ames,4231,8,7,TP3,380,751,Ames|4231|8|7,2022-08-10,True
UAV/Ames/TP3/Ames-TP3-4231_9_2.PNG,,RGBA,Ames,4231,9,2,TP3,381,751,Ames|4231|9|2,2022-08-10,True
UAV/Ames/TP3/Ames-TP3-4231_9_3.PNG,,RGBA,Ames,4231,9,3,TP3,381,751,Ames|4231|9|3,2022-08-10,True
UAV/Ames/TP3/Ames-TP3-4231_9_4.PNG,,RGBA,Ames,4231,9,4,TP3,381,751,Ames|4231|9|4,2022-08-10,True
UAV/Ames/TP3/Ames-TP3-4231_9_5.PNG,,RGBA,Ames,4231,9,5,TP3,380,751,Ames|4231|9|5,2022-08-10,True
UAV/Ames/TP3/Ames-TP3-4231_9_6.PNG,,RGBA,Ames,4231,9,6,TP3,380,751,Ames|4231|9|6,2022-08-10,True
UAV/Ames/TP3/Ames-TP3-4231_9_7.PNG,,RGBA,Ames,4231,9,7,TP3,380,751,Ames|4231|9|7,2022-08-10,True
UAV/Ames/TP3/Ames-TP3-4232_10_17.PNG,,RGBA,Ames,4232,10,17,TP3,380,747,Ames|4232|10|17,2022-08-10,True
UAV/Ames/TP3/Ames-TP3-4232_10_18.PNG,,RGBA,Ames,4232,10,18,TP3,380,747,Ames|4232|10|18,2022-08-10,True
UAV/Ames/TP3/Ames-TP3-4232_10_19.PNG,,RGBA,Ames,4232,10,19,TP3,381,747,Ames|4232|10|19,2022-08-10,True
UAV/Ames/TP3/Ames-TP3-4232_10_20.PNG,,RGBA,Ames,4232,10,20,TP3,380,746,Ames|4232|10|20,2022-08-10,True
UAV/Ames/TP3/Ames-TP3-4232_10_21.PNG,,RGBA,Ames,4232,10,21,TP3,380,746,Ames|4232|10|21,2022-08-10,True
UAV/Ames/TP3/Ames-TP3-4232_10_22.PNG,,RGBA,Ames,4232,10,22,TP3,380,746,Ames|4232|10|22,2022-08-10,True
UAV/Ames/TP3/Ames-TP3-4232_11_17.PNG,,RGBA,Ames,4232,11,17,TP3,381,746,Ames|4232|11|17,2022-08-10,True
UAV/Ames/TP3/Ames-TP3-4232_11_18.PNG,,RGBA,Ames,4232,11,18,TP3,380,746,Ames|4232|11|18,2022-08-10,True
UAV/Ames/TP3/Ames-TP3-4232_11_19.PNG,,RGBA,Ames,4232,11,19,TP3,380,746,Ames|4232|11|19,2022-08-10,True
UAV/Ames/TP3/Ames-TP3-4232_11_20.PNG,,RGBA,Ames,4232,11,20,TP3,380,746,Ames|4232|11|20,2022-08-10,True
UAV/Ames/TP3/Ames-TP3-4232_11_21.PNG,,RGBA,Ames,4232,11,21,TP3,381,746,Ames|4232|11|21,2022-08-10,True
UAV/Ames/TP3/Ames-TP3-4232_11_22.PNG,,RGBA,Ames,4232,11,22,TP3,381,746,Ames|4232|11|22,2022-08-10,True
UAV/Ames/TP3/Ames-TP3-4232_12_17.PNG,,RGBA,Ames,4232,12,17,TP3,380,746,Ames|4232|12|17,2022-08-10,True
UAV/Ames/TP3/Ames-TP3-4232_12_18.PNG,,RGBA,Ames,4232,12,18,TP3,380,746,Ames|4232|12|18,2022-08-10,True
UAV/Ames/TP3/Ames-TP3-4232_12_19.PNG,,RGBA,Ames,4232,12,19,TP3,381,746,Ames|4232|12|19,2022-08-10,True
UAV/Ames/TP3/Ames-TP3-4232_12_20.PNG,,RGBA,Ames,4232,12,20,TP3,381,746,Ames|4232|12|20,2022-08-10,True
UAV/Ames/TP3/Ames-TP3-4232_12_21.PNG,,RGBA,Ames,4232,12,21,TP3,380,746,Ames|4232|12|21,2022-08-10,True
UAV/Ames/TP3/Ames-TP3-4232_12_22.PNG,,RGBA,Ames,4232,12,22,TP3,380,746,Ames|4232|12|22,2022-08-10,True
UAV/Ames/TP3/Ames-TP3-4232_13_17.PNG,,RGBA,Ames,4232,13,17,TP3,381,746,Ames|4232|13|17,2022-08-10,True
UAV/Ames/TP3/Ames-TP3-4232_13_18.PNG,,RGBA,Ames,4232,13,18,TP3,380,746,Ames|4232|13|18,2022-08-10,True
UAV/Ames/TP3/Ames-TP3-4232_13_19.PNG,,RGBA,Ames,4232,13,19,TP3,380,746,Ames|4232|13|19,2022-08-10,True
UAV/Ames/TP3/Ames-TP3-4232_13_20.PNG,,RGBA,Ames,4232,13,20,TP3,380,746,Ames|4232|13|20,2022-08-10,True
UAV/Ames/TP3/Ames-TP3-4232_13_21.PNG,,RGBA,Ames,4232,13,21,TP3,380,746,Ames|4232|13|21,2022-08-10,True
UAV/Ames/TP3/Ames-TP3-4232_13_22.PNG,,RGBA,Ames,4232,13,22,TP3,381,746,Ames|4232|13|22,2022-08-10,True
UAV/Ames/TP3/Ames-TP3-4232_14_17.PNG,,RGBA,Ames,4232,14,17,TP3,380,747,Ames|4232|14|17,2022-08-10,True
UAV/Ames/TP3/Ames-TP3-4232_14_18.PNG,,RGBA,Ames,4232,14,18,TP3,380,746,Ames|4232|14|18,2022-08-10,True
UAV/Ames/TP3/Ames-TP3-4232_14_19.PNG,,RGBA,Ames,4232,14,19,TP3,381,746,Ames|4232|14|19,2022-08-10,True
UAV/Ames/TP3/Ames-TP3-4232_14_20.PNG,,RGBA,Ames,4232,14,20,TP3,381,746,Ames|4232|14|20,2022-08-10,True
UAV/Ames/TP3/Ames-TP3-4232_14_21.PNG,,RGBA,Ames,4232,14,21,TP3,380,746,Ames|4232|14|21,2022-08-10,True
UAV/Ames/TP3/Ames-TP3-4232_14_22.PNG,,RGBA,Ames,4232,14,22,TP3,380,746,Ames|4232|14|22,2022-08-10,True
UAV/Ames/TP3/Ames-TP3-4232_15_17.PNG,,RGBA,Ames,4232,15,17,TP3,381,746,Ames|4232|15|17,2022-08-10,True
UAV/Ames/TP3/Ames-TP3-4232_15_18.PNG,,RGBA,Ames,4232,15,18,TP3,380,746,Ames|4232|15|18,2022-08-10,True
UAV/Ames/TP3/Ames-TP3-4232_15_19.PNG,,RGBA,Ames,4232,15,19,TP3,380,746,Ames|4232|15|19,2022-08-10,True
UAV/Ames/TP3/Ames-TP3-4232_15_20.PNG,,RGBA,Ames,4232,15,20,TP3,380,746,Ames|4232|15|20,2022-08-10,True
UAV/Ames/TP3/Ames-TP3-4232_15_21.PNG,,RGBA,Ames,4232,15,21,TP3,380,746,Ames|4232|15|21,2022-08-10,True
UAV/Ames/TP3/Ames-TP3-4232_15_22.PNG,,RGBA,Ames,4232,15,22,TP3,381,745,Ames|4232|15|22,2022-08-10,True
UAV/Ames/TP3/Ames-TP3-4232_16_17.PNG,,RGBA,Ames,4232,16,17,TP3,380,746,Ames|4232|16|17,2022-08-10,True
UAV/Ames/TP3/Ames-TP3-4232_16_18.PNG,,RGBA,Ames,4232,16,18,TP3,380,746,Ames|4232|16|18,2022-08-10,True
UAV/Ames/TP3/Ames-TP3-4232_16_19.PNG,,RGBA,Ames,4232,16,19,TP3,381,745,Ames|4232|16|19,2022-08-10,True
UAV/Ames/TP3/Ames-TP3-4232_16_20.PNG,,RGBA,Ames,4232,16,20,TP3,381,746,Ames|4232|16|20,2022-08-10,True
UAV/Ames/TP3/Ames-TP3-4232_16_21.PNG,,RGBA,Ames,4232,16,21,TP3,381,746,Ames|4232|16|21,2022-08-10,True
UAV/Ames/TP3/Ames-TP3-4232_16_22.PNG,,RGBA,Ames,4232,16,22,TP3,380,745,Ames|4232|16|22,2022-08-10,True
UAV/Ames/TP3/Ames-TP3-4232_17_17.PNG,,RGBA,Ames,4232,17,17,TP3,381,746,Ames|4232|17|17,2022-08-10,True
UAV/Ames/TP3/Ames-TP3-4232_17_18.PNG,,RGBA,Ames,4232,17,18,TP3,381,746,Ames|4232|17|18,2022-08-10,True
UAV/Ames/TP3/Ames-TP3-4232_17_19.PNG,,RGBA,Ames,4232,17,19,TP3,380,745,Ames|4232|17|19,2022-08-10,True
UAV/Ames/TP3/Ames-TP3-4232_17_20.PNG,,RGBA,Ames,4232,17,20,TP3,380,746,Ames|4232|17|20,2022-08-10,True
UAV/Ames/TP3/Ames-TP3-4232_17_21.PNG,,RGBA,Ames,4232,17,21,TP3,380,746,Ames|4232|17|21,2022-08-10,True
UAV/Ames/TP3/Ames-TP3-4232_17_22.PNG,,RGBA,Ames,4232,17,22,TP3,380,745,Ames|4232|17|22,2022-08-10,True
UAV/Ames/TP3/Ames-TP3-4232_18_17.PNG,,RGBA,Ames,4232,18,17,TP3,380,745,Ames|4232|18|17,2022-08-10,True
UAV/Ames/TP3/Ames-TP3-4232_18_18.PNG,,RGBA,Ames,4232,18,18,TP3,380,746,Ames|4232|18|18,2022-08-10,True
UAV/Ames/TP3/Ames-TP3-4232_18_19.PNG,,RGBA,Ames,4232,18,19,TP3,380,746,Ames|4232|18|19,2022-08-10,True
UAV/Ames/TP3/Ames-TP3-4232_18_20.PNG,,RGBA,Ames,4232,18,20,TP3,381,746,Ames|4232|18|20,2022-08-10,True
UAV/Ames/TP3/Ames-TP3-4232_18_21.PNG,,RGBA,Ames,4232,18,21,TP3,381,746,Ames|4232|18|21,2022-08-10,True
UAV/Ames/TP3/Ames-TP3-4232_18_22.PNG,,RGBA,Ames,4232,18,22,TP3,381,745,Ames|4232|18|22,2022-08-10,True
UAV/Ames/TP3/Ames-TP3-4232_19_17.PNG,,RGBA,Ames,4232,19,17,TP3,381,746,Ames|4232|19|17,2022-08-10,True
UAV/Ames/TP3/Ames-TP3-4232_19_18.PNG,,RGBA,Ames,4232,19,18,TP3,381,746,Ames|4232|19|18,2022-08-10,True
UAV/Ames/TP3/Ames-TP3-4232_19_19.PNG,,RGBA,Ames,4232,19,19,TP3,380,746,Ames|4232|19|19,2022-08-10,True
UAV/Ames/TP3/Ames-TP3-4232_19_20.PNG,,RGBA,Ames,4232,19,20,TP3,380,745,Ames|4232|19|20,2022-08-10,True
UAV/Ames/TP3/Ames-TP3-4232_19_21.PNG,,RGBA,Ames,4232,19,21,TP3,380,746,Ames|4232|19|21,2022-08-10,True
UAV/Ames/TP3/Ames-TP3-4232_19_22.PNG,,RGBA,Ames,4232,19,22,TP3,380,745,Ames|4232|19|22,2022-08-10,True
UAV/Ames/TP3/Ames-TP3-4232_1_17.PNG,,RGBA,Ames,4232,1,17,TP3,380,747,Ames|4232|1|17,2022-08-10,False
UAV/Ames/TP3/Ames-TP3-4232_1_18.PNG,,RGBA,Ames,4232,1,18,TP3,380,747,Ames|4232|1|18,2022-08-10,False
UAV/Ames/TP3/Ames-TP3-4232_1_19.PNG,,RGBA,Ames,4232,1,19,TP3,380,747,Ames|4232|1|19,2022-08-10,False
UAV/Ames/TP3/Ames-TP3-4232_1_20.PNG,,RGBA,Ames,4232,1,20,TP3,381,746,Ames|4232|1|20,2022-08-10,False
UAV/Ames/TP3/Ames-TP3-4232_1_21.PNG,,RGBA,Ames,4232,1,21,TP3,380,747,Ames|4232|1|21,2022-08-10,False
UAV/Ames/TP3/Ames-TP3-4232_1_22.PNG,,RGBA,Ames,4232,1,22,TP3,380,746,Ames|4232|1|22,2022-08-10,False
UAV/Ames/TP3/Ames-TP3-4232_20_17.PNG,,RGBA,Ames,4232,20,17,TP3,380,746,Ames|4232|20|17,2022-08-10,True
UAV/Ames/TP3/Ames-TP3-4232_20_18.PNG,,RGBA,Ames,4232,20,18,TP3,380,745,Ames|4232|20|18,2022-08-10,True
UAV/Ames/TP3/Ames-TP3-4232_20_19.PNG,,RGBA,Ames,4232,20,19,TP3,380,746,Ames|4232|20|19,2022-08-10,True
UAV/Ames/TP3/Ames-TP3-4232_20_20.PNG,,RGBA,Ames,4232,20,20,TP3,381,745,Ames|4232|20|20,2022-08-10,True
UAV/Ames/TP3/Ames-TP3-4232_20_21.PNG,,RGBA,Ames,4232,20,21,TP3,381,746,Ames|4232|20|21,2022-08-10,True
UAV/Ames/TP3/Ames-TP3-4232_20_22.PNG,,RGBA,Ames,4232,20,22,TP3,381,745,Ames|4232|20|22,2022-08-10,True
UAV/Ames/TP3/Ames-TP3-4232_21_17.PNG,,RGBA,Ames,4232,21,17,TP3,381,746,Ames|4232|21|17,2022-08-10,True
UAV/Ames/TP3/Ames-TP3-4232_21_18.PNG,,RGBA,Ames,4232,21,18,TP3,381,746,Ames|4232|21|18,2022-08-10,True
UAV/Ames/TP3/Ames-TP3-4232_21_19.PNG,,RGBA,Ames,4232,21,19,TP3,381,746,Ames|4232|21|19,2022-08-10,True
UAV/Ames/TP3/Ames-TP3-4232_21_20.PNG,,RGBA,Ames,4232,21,20,TP3,380,745,Ames|4232|21|20,2022-08-10,True
UAV/Ames/TP3/Ames-TP3-4232_21_21.PNG,,RGBA,Ames,4232,21,21,TP3,380,746,Ames|4232|21|21,2022-08-10,True
UAV/Ames/TP3/Ames-TP3-4232_21_22.PNG,,RGBA,Ames,4232,21,22,TP3,380,745,Ames|4232|21|22,2022-08-10,True
UAV/Ames/TP3/Ames-TP3-4232_22_17.PNG,,RGBA,Ames,4232,22,17,TP3,380,745,Ames|4232|22|17,2022-08-10,True
UAV/Ames/TP3/Ames-TP3-4232_22_18.PNG,,RGBA,Ames,4232,22,18,TP3,380,746,Ames|4232|22|18,2022-08-10,True
UAV/Ames/TP3/Ames-TP3-4232_22_19.PNG,,RGBA,Ames,4232,22,19,TP3,380,745,Ames|4232|22|19,2022-08-10,True
UAV/Ames/TP3/Ames-TP3-4232_22_20.PNG,,RGBA,Ames,4232,22,20,TP3,380,745,Ames|4232|22|20,2022-08-10,True
UAV/Ames/TP3/Ames-TP3-4232_22_21.PNG,,RGBA,Ames,4232,22,21,TP3,381,746,Ames|4232|22|21,2022-08-10,True
UAV/Ames/TP3/Ames-TP3-4232_22_22.PNG,,RGBA,Ames,4232,22,22,TP3,381,745,Ames|4232|22|22,2022-08-10,True
UAV/Ames/TP3/Ames-TP3-4232_23_17.PNG,,RGBA,Ames,4232,23,17,TP3,381,746,Ames|4232|23|17,2022-08-10,True
UAV/Ames/TP3/Ames-TP3-4232_23_18.PNG,,RGBA,Ames,4232,23,18,TP3,381,746,Ames|4232|23|18,2022-08-10,True
UAV/Ames/TP3/Ames-TP3-4232_23_19.PNG,,RGBA,Ames,4232,23,19,TP3,381,745,Ames|4232|23|19,2022-08-10,True
UAV/Ames/TP3/Ames-TP3-4232_23_20.PNG,,RGBA,Ames,4232,23,20,TP3,381,745,Ames|4232|23|20,2022-08-10,True
UAV/Ames/TP3/Ames-TP3-4232_23_21.PNG,,RGBA,Ames,4232,23,21,TP3,380,746,Ames|4232|23|21,2022-08-10,True
UAV/Ames/TP3/Ames-TP3-4232_23_22.PNG,,RGBA,Ames,4232,23,22,TP3,380,745,Ames|4232|23|22,2022-08-10,True
UAV/Ames/TP3/Ames-TP3-4232_24_17.PNG,,RGBA,Ames,4232,24,17,TP3,380,746,Ames|4232|24|17,2022-08-10,True
UAV/Ames/TP3/Ames-TP3-4232_24_18.PNG,,RGBA,Ames,4232,24,18,TP3,380,745,Ames|4232|24|18,2022-08-10,True
UAV/Ames/TP3/Ames-TP3-4232_24_19.PNG,,RGBA,Ames,4232,24,19,TP3,380,745,Ames|4232|24|19,2022-08-10,True
UAV/Ames/TP3/Ames-TP3-4232_24_20.PNG,,RGBA,Ames,4232,24,20,TP3,380,745,Ames|4232|24|20,2022-08-10,True
UAV/Ames/TP3/Ames-TP3-4232_24_21.PNG,,RGBA,Ames,4232,24,21,TP3,380,746,Ames|4232|24|21,2022-08-10,True
UAV/Ames/TP3/Ames-TP3-4232_24_22.PNG,,RGBA,Ames,4232,24,22,TP3,381,745,Ames|4232|24|22,2022-08-10,True
UAV/Ames/TP3/Ames-TP3-4232_25_17.PNG,,RGBA,Ames,4232,25,17,TP3,381,745,Ames|4232|25|17,2022-08-10,True
UAV/Ames/TP3/Ames-TP3-4232_25_18.PNG,,RGBA,Ames,4232,25,18,TP3,381,745,Ames|4232|25|18,2022-08-10,True
UAV/Ames/TP3/Ames-TP3-4232_25_19.PNG,,RGBA,Ames,4232,25,19,TP3,381,745,Ames|4232|25|19,2022-08-10,True
UAV/Ames/TP3/Ames-TP3-4232_25_20.PNG,,RGBA,Ames,4232,25,20,TP3,381,746,Ames|4232|25|20,2022-08-10,True
UAV/Ames/TP3/Ames-TP3-4232_25_21.PNG,,RGBA,Ames,4232,25,21,TP3,381,746,Ames|4232|25|21,2022-08-10,True
UAV/Ames/TP3/Ames-TP3-4232_25_22.PNG,,RGBA,Ames,4232,25,22,TP3,380,745,Ames|4232|25|22,2022-08-10,True
UAV/Ames/TP3/Ames-TP3-4232_26_17.PNG,,RGBA,Ames,4232,26,17,TP3,380,745,Ames|4232|26|17,2022-08-10,True
UAV/Ames/TP3/Ames-TP3-4232_26_18.PNG,,RGBA,Ames,4232,26,18,TP3,380,745,Ames|4232|26|18,2022-08-10,True
UAV/Ames/TP3/Ames-TP3-4232_26_19.PNG,,RGBA,Ames,4232,26,19,TP3,380,745,Ames|4232|26|19,2022-08-10,True
UAV/Ames/TP3/Ames-TP3-4232_26_20.PNG,,RGBA,Ames,4232,26,20,TP3,380,746,Ames|4232|26|20,2022-08-10,True
UAV/Ames/TP3/Ames-TP3-4232_26_21.PNG,,RGBA,Ames,4232,26,21,TP3,380,745,Ames|4232|26|21,2022-08-10,True
UAV/Ames/TP3/Ames-TP3-4232_26_22.PNG,,RGBA,Ames,4232,26,22,TP3,380,745,Ames|4232|26|22,2022-08-10,True
UAV/Ames/TP3/Ames-TP3-4232_27_17.PNG,,RGBA,Ames,4232,27,17,TP3,381,746,Ames|4232|27|17,2022-08-10,True
UAV/Ames/TP3/Ames-TP3-4232_27_18.PNG,,RGBA,Ames,4232,27,18,TP3,381,746,Ames|4232|27|18,2022-08-10,True
UAV/Ames/TP3/Ames-TP3-4232_27_19.PNG,,RGBA,Ames,4232,27,19,TP3,381,746,Ames|4232|27|19,2022-08-10,True
UAV/Ames/TP3/Ames-TP3-4232_27_20.PNG,,RGBA,Ames,4232,27,20,TP3,381,746,Ames|4232|27|20,2022-08-10,True
UAV/Ames/TP3/Ames-TP3-4232_27_21.PNG,,RGBA,Ames,4232,27,21,TP3,381,745,Ames|4232|27|21,2022-08-10,True
UAV/Ames/TP3/Ames-TP3-4232_27_22.PNG,,RGBA,Ames,4232,27,22,TP3,381,745,Ames|4232|27|22,2022-08-10,True
UAV/Ames/TP3/Ames-TP3-4232_28_17.PNG,,RGBA,Ames,4232,28,17,TP3,380,746,Ames|4232|28|17,2022-08-10,True
UAV/Ames/TP3/Ames-TP3-4232_28_18.PNG,,RGBA,Ames,4232,28,18,TP3,380,745,Ames|4232|28|18,2022-08-10,True
UAV/Ames/TP3/Ames-TP3-4232_28_19.PNG,,RGBA,Ames,4232,28,19,TP3,380,745,Ames|4232|28|19,2022-08-10,True
UAV/Ames/TP3/Ames-TP3-4232_28_20.PNG,,RGBA,Ames,4232,28,20,TP3,380,745,Ames|4232|28|20,2022-08-10,True
UAV/Ames/TP3/Ames-TP3-4232_28_21.PNG,,RGBA,Ames,4232,28,21,TP3,380,745,Ames|4232|28|21,2022-08-10,True
UAV/Ames/TP3/Ames-TP3-4232_28_22.PNG,,RGBA,Ames,4232,28,22,TP3,380,745,Ames|4232|28|22,2022-08-10,True
UAV/Ames/TP3/Ames-TP3-4232_29_17.PNG,,RGBA,Ames,4232,29,17,TP3,380,745,Ames|4232|29|17,2022-08-10,True
UAV/Ames/TP3/Ames-TP3-4232_29_18.PNG,,RGBA,Ames,4232,29,18,TP3,381,745,Ames|4232|29|18,2022-08-10,True
UAV/Ames/TP3/Ames-TP3-4232_29_19.PNG,,RGBA,Ames,4232,29,19,TP3,381,745,Ames|4232|29|19,2022-08-10,True
UAV/Ames/TP3/Ames-TP3-4232_29_20.PNG,,RGBA,Ames,4232,29,20,TP3,381,745,Ames|4232|29|20,2022-08-10,True
UAV/Ames/TP3/Ames-TP3-4232_29_21.PNG,,RGBA,Ames,4232,29,21,TP3,381,745,Ames|4232|29|21,2022-08-10,True
UAV/Ames/TP3/Ames-TP3-4232_29_22.PNG,,RGBA,Ames,4232,29,22,TP3,381,745,Ames|4232|29|22,2022-08-10,True
UAV/Ames/TP3/Ames-TP3-4232_2_17.PNG,,RGBA,Ames,4232,2,17,TP3,380,747,Ames|4232|2|17,2022-08-10,True
UAV/Ames/TP3/Ames-TP3-4232_2_18.PNG,,RGBA,Ames,4232,2,18,TP3,381,746,Ames|4232|2|18,2022-08-10,True
UAV/Ames/TP3/Ames-TP3-4232_2_19.PNG,,RGBA,Ames,4232,2,19,TP3,380,747,Ames|4232|2|19,2022-08-10,True
UAV/Ames/TP3/Ames-TP3-4232_2_20.PNG,,RGBA,Ames,4232,2,20,TP3,380,746,Ames|4232|2|20,2022-08-10,True
UAV/Ames/TP3/Ames-TP3-4232_2_21.PNG,,RGBA,Ames,4232,2,21,TP3,380,747,Ames|4232|2|21,2022-08-10,True
UAV/Ames/TP3/Ames-TP3-4232_2_22.PNG,,RGBA,Ames,4232,2,22,TP3,381,746,Ames|4232|2|22,2022-08-10,True
UAV/Ames/TP3/Ames-TP3-4232_30_17.PNG,,RGBA,Ames,4232,30,17,TP3,380,745,Ames|4232|30|17,2022-08-10,True
UAV/Ames/TP3/Ames-TP3-4232_30_18.PNG,,RGBA,Ames,4232,30,18,TP3,380,745,Ames|4232|30|18,2022-08-10,True
UAV/Ames/TP3/Ames-TP3-4232_30_19.PNG,,RGBA,Ames,4232,30,19,TP3,380,745,Ames|4232|30|19,2022-08-10,True
UAV/Ames/TP3/Ames-TP3-4232_30_20.PNG,,RGBA,Ames,4232,30,20,TP3,380,745,Ames|4232|30|20,2022-08-10,True
UAV/Ames/TP3/Ames-TP3-4232_30_21.PNG,,RGBA,Ames,4232,30,21,TP3,380,745,Ames|4232|30|21,2022-08-10,True
UAV/Ames/TP3/Ames-TP3-4232_30_22.PNG,,RGBA,Ames,4232,30,22,TP3,380,745,Ames|4232|30|22,2022-08-10,True
UAV/Ames/TP3/Ames-TP3-4232_31_17.PNG,,RGBA,Ames,4232,31,17,TP3,380,746,Ames|4232|31|17,2022-08-10,True
UAV/Ames/TP3/Ames-TP3-4232_31_18.PNG,,RGBA,Ames,4232,31,18,TP3,381,745,Ames|4232|31|18,2022-08-10,True
UAV/Ames/TP3/Ames-TP3-4232_31_19.PNG,,RGBA,Ames,4232,31,19,TP3,381,745,Ames|4232|31|19,2022-08-10,True
UAV/Ames/TP3/Ames-TP3-4232_31_20.PNG,,RGBA,Ames,4232,31,20,TP3,381,745,Ames|4232|31|20,2022-08-10,True
UAV/Ames/TP3/Ames-TP3-4232_31_21.PNG,,RGBA,Ames,4232,31,21,TP3,381,745,Ames|4232|31|21,2022-08-10,True
UAV/Ames/TP3/Ames-TP3-4232_31_22.PNG,,RGBA,Ames,4232,31,22,TP3,381,746,Ames|4232|31|22,2022-08-10,True
UAV/Ames/TP3/Ames-TP3-4232_3_17.PNG,,RGBA,Ames,4232,3,17,TP3,380,747,Ames|4232|3|17,2022-08-10,True
UAV/Ames/TP3/Ames-TP3-4232_3_18.PNG,,RGBA,Ames,4232,3,18,TP3,380,746,Ames|4232|3|18,2022-08-10,True
UAV/Ames/TP3/Ames-TP3-4232_3_19.PNG,,RGBA,Ames,4232,3,19,TP3,380,747,Ames|4232|3|19,2022-08-10,True
UAV/Ames/TP3/Ames-TP3-4232_3_20.PNG,,RGBA,Ames,4232,3,20,TP3,381,746,Ames|4232|3|20,2022-08-10,True
UAV/Ames/TP3/Ames-TP3-4232_3_21.PNG,,RGBA,Ames,4232,3,21,TP3,380,747,Ames|4232|3|21,2022-08-10,True
UAV/Ames/TP3/Ames-TP3-4232_3_22.PNG,,RGBA,Ames,4232,3,22,TP3,380,746,Ames|4232|3|22,2022-08-10,True
UAV/Ames/TP3/Ames-TP3-4232_4_17.PNG,,RGBA,Ames,4232,4,17,TP3,380,746,Ames|4232|4|17,2022-08-10,True
UAV/Ames/TP3/Ames-TP3-4232_4_18.PNG,,RGBA,Ames,4232,4,18,TP3,381,747,Ames|4232|4|18,2022-08-10,True
UAV/Ames/TP3/Ames-TP3-4232_4_19.PNG,,RGBA,Ames,4232,4,19,TP3,380,747,Ames|4232|4|19,2022-08-10,True
UAV/Ames/TP3/Ames-TP3-4232_4_20.PNG,,RGBA,Ames,4232,4,20,TP3,380,746,Ames|4232|4|20,2022-08-10,True
UAV/Ames/TP3/Ames-TP3-4232_4_21.PNG,,RGBA,Ames,4232,4,21,TP3,380,747,Ames|4232|4|21,2022-08-10,True
UAV/Ames/TP3/Ames-TP3-4232_4_22.PNG,,RGBA,Ames,4232,4,22,TP3,381,746,Ames|4232|4|22,2022-08-10,True
UAV/Ames/TP3/Ames-TP3-4232_5_17.PNG,,RGBA,Ames,4232,5,17,TP3,380,746,Ames|4232|5|17,2022-08-10,True
UAV/Ames/TP3/Ames-TP3-4232_5_18.PNG,,RGBA,Ames,4232,5,18,TP3,380,747,Ames|4232|5|18,2022-08-10,True
UAV/Ames/TP3/Ames-TP3-4232_5_19.PNG,,RGBA,Ames,4232,5,19,TP3,380,746,Ames|4232|5|19,2022-08-10,True
UAV/Ames/TP3/Ames-TP3-4232_5_20.PNG,,RGBA,Ames,4232,5,20,TP3,381,746,Ames|4232|5|20,2022-08-10,True
UAV/Ames/TP3/Ames-TP3-4232_5_21.PNG,,RGBA,Ames,4232,5,21,TP3,381,747,Ames|4232|5|21,2022-08-10,True
UAV/Ames/TP3/Ames-TP3-4232_5_22.PNG,,RGBA,Ames,4232,5,22,TP3,380,746,Ames|4232|5|22,2022-08-10,True
UAV/Ames/TP3/Ames-TP3-4232_6_17.PNG,,RGBA,Ames,4232,6,17,TP3,380,747,Ames|4232|6|17,2022-08-10,True
UAV/Ames/TP3/Ames-TP3-4232_6_18.PNG,,RGBA,Ames,4232,6,18,TP3,381,747,Ames|4232|6|18,2022-08-10,True
UAV/Ames/TP3/Ames-TP3-4232_6_19.PNG,,RGBA,Ames,4232,6,19,TP3,381,746,Ames|4232|6|19,2022-08-10,True
UAV/Ames/TP3/Ames-TP3-4232_6_20.PNG,,RGBA,Ames,4232,6,20,TP3,380,747,Ames|4232|6|20,2022-08-10,True
UAV/Ames/TP3/Ames-TP3-4232_6_21.PNG,,RGBA,Ames,4232,6,21,TP3,380,747,Ames|4232|6|21,2022-08-10,True
UAV/Ames/TP3/Ames-TP3-4232_6_22.PNG,,RGBA,Ames,4232,6,22,TP3,380,746,Ames|4232|6|22,2022-08-10,True
UAV/Ames/TP3/Ames-TP3-4232_7_17.PNG,,RGBA,Ames,4232,7,17,TP3,380,747,Ames|4232|7|17,2022-08-10,True
UAV/Ames/TP3/Ames-TP3-4232_7_18.PNG,,RGBA,Ames,4232,7,18,TP3,380,746,Ames|4232|7|18,2022-08-10,True
UAV/Ames/TP3/Ames-TP3-4232_7_19.PNG,,RGBA,Ames,4232,7,19,TP3,380,746,Ames|4232|7|19,2022-08-10,True
UAV/Ames/TP3/Ames-TP3-4232_7_20.PNG,,RGBA,Ames,4232,7,20,TP3,380,747,Ames|4232|7|20,2022-08-10,True
UAV/Ames/TP3/Ames-TP3-4232_7_21.PNG,,RGBA,Ames,4232,7,21,TP3,381,746,Ames|4232|7|21,2022-08-10,True
UAV/Ames/TP3/Ames-TP3-4232_7_22.PNG,,RGBA,Ames,4232,7,22,TP3,380,746,Ames|4232|7|22,2022-08-10,True
UAV/Ames/TP3/Ames-TP3-4232_8_17.PNG,,RGBA,Ames,4232,8,17,TP3,380,746,Ames|4232|8|17,2022-08-10,True
UAV/Ames/TP3/Ames-TP3-4232_8_18.PNG,,RGBA,Ames,4232,8,18,TP3,381,746,Ames|4232|8|18,2022-08-10,True
UAV/Ames/TP3/Ames-TP3-4232_8_19.PNG,,RGBA,Ames,4232,8,19,TP3,381,746,Ames|4232|8|19,2022-08-10,True
UAV/Ames/TP3/Ames-TP3-4232_8_20.PNG,,RGBA,Ames,4232,8,20,TP3,380,747,Ames|4232|8|20,2022-08-10,True
UAV/Ames/TP3/Ames-TP3-4232_8_21.PNG,,RGBA,Ames,4232,8,21,TP3,380,746,Ames|4232|8|21,2022-08-10,True
UAV/Ames/TP3/Ames-TP3-4232_8_22.PNG,,RGBA,Ames,4232,8,22,TP3,380,746,Ames|4232|8|22,2022-08-10,True
UAV/Ames/TP3/Ames-TP3-4232_9_17.PNG,,RGBA,Ames,4232,9,17,TP3,381,746,Ames|4232|9|17,2022-08-10,True
UAV/Ames/TP3/Ames-TP3-4232_9_18.PNG,,RGBA,Ames,4232,9,18,TP3,380,746,Ames|4232|9|18,2022-08-10,True
UAV/Ames/TP3/Ames-TP3-4232_9_19.PNG,,RGBA,Ames,4232,9,19,TP3,380,747,Ames|4232|9|19,2022-08-10,True
UAV/Ames/TP3/Ames-TP3-4232_9_20.PNG,,RGBA,Ames,4232,9,20,TP3,380,747,Ames|4232|9|20,2022-08-10,True
UAV/Ames/TP3/Ames-TP3-4232_9_21.PNG,,RGBA,Ames,4232,9,21,TP3,381,746,Ames|4232|9|21,2022-08-10,True
UAV/Ames/TP3/Ames-TP3-4232_9_22.PNG,,RGBA,Ames,4232,9,22,TP3,381,746,Ames|4232|9|22,2022-08-10,True
UAV/Ames/TP3/Ames-TP3-4233_10_1.PNG,,RGBA,Ames,4233,10,1,TP3,715,361,Ames|4233|10|1,2022-08-10,False
UAV/Ames/TP3/Ames-TP3-4233_10_10.PNG,,RGBA,Ames,4233,10,10,TP3,715,361,Ames|4233|10|10,2022-08-10,True
UAV/Ames/TP3/Ames-TP3-4233_10_11.PNG,,RGBA,Ames,4233,10,11,TP3,716,361,Ames|4233|10|11,2022-08-10,False
UAV/Ames/TP3/Ames-TP3-4233_10_12.PNG,,RGBA,Ames,4233,10,12,TP3,715,361,Ames|4233|10|12,2022-08-10,False
UAV/Ames/TP3/Ames-TP3-4233_10_2.PNG,,RGBA,Ames,4233,10,2,TP3,715,361,Ames|4233|10|2,2022-08-10,False
UAV/Ames/TP3/Ames-TP3-4233_10_3.PNG,,RGBA,Ames,4233,10,3,TP3,715,362,Ames|4233|10|3,2022-08-10,True
UAV/Ames/TP3/Ames-TP3-4233_10_4.PNG,,RGBA,Ames,4233,10,4,TP3,715,361,Ames|4233|10|4,2022-08-10,True
UAV/Ames/TP3/Ames-TP3-4233_10_5.PNG,,RGBA,Ames,4233,10,5,TP3,715,361,Ames|4233|10|5,2022-08-10,True
UAV/Ames/TP3/Ames-TP3-4233_10_6.PNG,,RGBA,Ames,4233,10,6,TP3,715,361,Ames|4233|10|6,2022-08-10,True
UAV/Ames/TP3/Ames-TP3-4233_10_7.PNG,,RGBA,Ames,4233,10,7,TP3,715,361,Ames|4233|10|7,2022-08-10,True
UAV/Ames/TP3/Ames-TP3-4233_10_8.PNG,,RGBA,Ames,4233,10,8,TP3,715,361,Ames|4233|10|8,2022-08-10,True
UAV/Ames/TP3/Ames-TP3-4233_10_9.PNG,,RGBA,Ames,4233,10,9,TP3,715,361,Ames|4233|10|9,2022-08-10,True
UAV/Ames/TP3/Ames-TP3-4233_11_1.PNG,,RGBA,Ames,4233,11,1,TP3,715,361,Ames|4233|11|1,2022-08-10,False
UAV/Ames/TP3/Ames-TP3-4233_11_10.PNG,,RGBA,Ames,4233,11,10,TP3,715,361,Ames|4233|11|10,2022-08-10,True
UAV/Ames/TP3/Ames-TP3-4233_11_11.PNG,,RGBA,Ames,4233,11,11,TP3,715,361,Ames|4233|11|11,2022-08-10,False
UAV/Ames/TP3/Ames-TP3-4233_11_12.PNG,,RGBA,Ames,4233,11,12,TP3,715,360,Ames|4233|11|12,2022-08-10,False
UAV/Ames/TP3/Ames-TP3-4233_11_2.PNG,,RGBA,Ames,4233,11,2,TP3,715,361,Ames|4233|11|2,2022-08-10,False
UAV/Ames/TP3/Ames-TP3-4233_11_3.PNG,,RGBA,Ames,4233,11,3,TP3,715,361,Ames|4233|11|3,2022-08-10,True
UAV/Ames/TP3/Ames-TP3-4233_11_4.PNG,,RGBA,Ames,4233,11,4,TP3,715,361,Ames|4233|11|4,2022-08-10,True
UAV/Ames/TP3/Ames-TP3-4233_11_5.PNG,,RGBA,Ames,4233,11,5,TP3,715,361,Ames|4233|11|5,2022-08-10,True
UAV/Ames/TP3/Ames-TP3-4233_11_6.PNG,,RGBA,Ames,4233,11,6,TP3,715,361,Ames|4233|11|6,2022-08-10,True
UAV/Ames/TP3/Ames-TP3-4233_11_7.PNG,,RGBA,Ames,4233,11,7,TP3,715,361,Ames|4233|11|7,2022-08-10,True
UAV/Ames/TP3/Ames-TP3-4233_11_8.PNG,,RGBA,Ames,4233,11,8,TP3,715,360,Ames|4233|11|8,2022-08-10,True
UAV/Ames/TP3/Ames-TP3-4233_11_9.PNG,,RGBA,Ames,4233,11,9,TP3,715,361,Ames|4233|11|9,2022-08-10,True
UAV/Ames/TP3/Ames-TP3-4233_12_1.PNG,,RGBA,Ames,4233,12,1,TP3,715,361,Ames|4233|12|1,2022-08-10,False
UAV/Ames/TP3/Ames-TP3-4233_12_10.PNG,,RGBA,Ames,4233,12,10,TP3,715,361,Ames|4233|12|10,2022-08-10,True
UAV/Ames/TP3/Ames-TP3-4233_12_11.PNG,,RGBA,Ames,4233,12,11,TP3,715,361,Ames|4233|12|11,2022-08-10,False
UAV/Ames/TP3/Ames-TP3-4233_12_12.PNG,,RGBA,Ames,4233,12,12,TP3,715,361,Ames|4233|12|12,2022-08-10,False
UAV/Ames/TP3/Ames-TP3-4233_12_2.PNG,,RGBA,Ames,4233,12,2,TP3,715,361,Ames|4233|12|2,2022-08-10,False
UAV/Ames/TP3/Ames-TP3-4233_12_3.PNG,,RGBA,Ames,4233,12,3,TP3,715,361,Ames|4233|12|3,2022-08-10,True
UAV/Ames/TP3/Ames-TP3-4233_12_4.PNG,,RGBA,Ames,4233,12,4,TP3,715,361,Ames|4233|12|4,2022-08-10,True
UAV/Ames/TP3/Ames-TP3-4233_12_5.PNG,,RGBA,Ames,4233,12,5,TP3,715,361,Ames|4233|12|5,2022-08-10,True
UAV/Ames/TP3/Ames-TP3-4233_12_6.PNG,,RGBA,Ames,4233,12,6,TP3,715,361,Ames|4233|12|6,2022-08-10,True
UAV/Ames/TP3/Ames-TP3-4233_12_7.PNG,,RGBA,Ames,4233,12,7,TP3,715,361,Ames|4233|12|7,2022-08-10,True
UAV/Ames/TP3/Ames-TP3-4233_12_8.PNG,,RGBA,Ames,4233,12,8,TP3,715,361,Ames|4233|12|8,2022-08-10,True
UAV/Ames/TP3/Ames-TP3-4233_12_9.PNG,,RGBA,Ames,4233,12,9,TP3,715,361,Ames|4233|12|9,2022-08-10,True
UAV/Ames/TP3/Ames-TP3-4233_13_1.PNG,,RGBA,Ames,4233,13,1,TP3,715,362,Ames|4233|13|1,2022-08-10,False
UAV/Ames/TP3/Ames-TP3-4233_13_10.PNG,,RGBA,Ames,4233,13,10,TP3,715,361,Ames|4233|13|10,2022-08-10,True
UAV/Ames/TP3/Ames-TP3-4233_13_11.PNG,,RGBA,Ames,4233,13,11,TP3,715,360,Ames|4233|13|11,2022-08-10,False
UAV/Ames/TP3/Ames-TP3-4233_13_12.PNG,,RGBA,Ames,4233,13,12,TP3,715,361,Ames|4233|13|12,2022-08-10,False
UAV/Ames/TP3/Ames-TP3-4233_13_2.PNG,,RGBA,Ames,4233,13,2,TP3,714,361,Ames|4233|13|2,2022-08-10,False
UAV/Ames/TP3/Ames-TP3-4233_13_3.PNG,,RGBA,Ames,4233,13,3,TP3,715,361,Ames|4233|13|3,2022-08-10,True
UAV/Ames/TP3/Ames-TP3-4233_13_4.PNG,,RGBA,Ames,4233,13,4,TP3,715,361,Ames|4233|13|4,2022-08-10,True
UAV/Ames/TP3/Ames-TP3-4233_13_5.PNG,,RGBA,Ames,4233,13,5,TP3,714,361,Ames|4233|13|5,2022-08-10,True
UAV/Ames/TP3/Ames-TP3-4233_13_6.PNG,,RGBA,Ames,4233,13,6,TP3,715,360,Ames|4233|13|6,2022-08-10,True
UAV/Ames/TP3/Ames-TP3-4233_13_7.PNG,,RGBA,Ames,4233,13,7,TP3,715,361,Ames|4233|13|7,2022-08-10,True
UAV/Ames/TP3/Ames-TP3-4233_13_8.PNG,,RGBA,Ames,4233,13,8,TP3,715,361,Ames|4233|13|8,2022-08-10,True
UAV/Ames/TP3/Ames-TP3-4233_13_9.PNG,,RGBA,Ames,4233,13,9,TP3,715,361,Ames|4233|13|9,2022-08-10,True
UAV/Ames/TP3/Ames-TP3-4233_14_1.PNG,,RGBA,Ames,4233,14,1,TP3,715,361,Ames|4233|14|1,2022-08-10,False
UAV/Ames/TP3/Ames-TP3-4233_14_10.PNG,,RGBA,Ames,4233,14,10,TP3,715,361,Ames|4233|14|10,2022-08-10,True
UAV/Ames/TP3/Ames-TP3-4233_14_11.PNG,,RGBA,Ames,4233,14,11,TP3,715,361,Ames|4233|14|11,2022-08-10,False
UAV/Ames/TP3/Ames-TP3-4233_14_12.PNG,,RGBA,Ames,4233,14,12,TP3,715,361,Ames|4233|14|12,2022-08-10,False
UAV/Ames/TP3/Ames-TP3-4233_14_2.PNG,,RGBA,Ames,4233,14,2,TP3,715,361,Ames|4233|14|2,2022-08-10,False
UAV/Ames/TP3/Ames-TP3-4233_14_3.PNG,,RGBA,Ames,4233,14,3,TP3,715,361,Ames|4233|14|3,2022-08-10,True
UAV/Ames/TP3/Ames-TP3-4233_14_4.PNG,,RGBA,Ames,4233,14,4,TP3,715,361,Ames|4233|14|4,2022-08-10,True
UAV/Ames/TP3/Ames-TP3-4233_14_5.PNG,,RGBA,Ames,4233,14,5,TP3,715,361,Ames|4233|14|5,2022-08-10,True
UAV/Ames/TP3/Ames-TP3-4233_14_6.PNG,,RGBA,Ames,4233,14,6,TP3,715,361,Ames|4233|14|6,2022-08-10,True
UAV/Ames/TP3/Ames-TP3-4233_14_7.PNG,,RGBA,Ames,4233,14,7,TP3,715,361,Ames|4233|14|7,2022-08-10,True
UAV/Ames/TP3/Ames-TP3-4233_14_8.PNG,,RGBA,Ames,4233,14,8,TP3,715,361,Ames|4233|14|8,2022-08-10,True
UAV/Ames/TP3/Ames-TP3-4233_14_9.PNG,,RGBA,Ames,4233,14,9,TP3,715,361,Ames|4233|14|9,2022-08-10,True
UAV/Ames/TP3/Ames-TP3-4233_15_1.PNG,,RGBA,Ames,4233,15,1,TP3,714,361,Ames|4233|15|1,2022-08-10,False
UAV/Ames/TP3/Ames-TP3-4233_15_10.PNG,,RGBA,Ames,4233,15,10,TP3,715,361,Ames|4233|15|10,2022-08-10,True
UAV/Ames/TP3/Ames-TP3-4233_15_11.PNG,,RGBA,Ames,4233,15,11,TP3,715,361,Ames|4233|15|11,2022-08-10,False
UAV/Ames/TP3/Ames-TP3-4233_15_12.PNG,,RGBA,Ames,4233,15,12,TP3,715,361,Ames|4233|15|12,2022-08-10,False
UAV/Ames/TP3/Ames-TP3-4233_15_2.PNG,,RGBA,Ames,4233,15,2,TP3,715,361,Ames|4233|15|2,2022-08-10,False
UAV/Ames/TP3/Ames-TP3-4233_15_3.PNG,,RGBA,Ames,4233,15,3,TP3,715,361,Ames|4233|15|3,2022-08-10,True
UAV/Ames/TP3/Ames-TP3-4233_15_4.PNG,,RGBA,Ames,4233,15,4,TP3,715,361,Ames|4233|15|4,2022-08-10,True
UAV/Ames/TP3/Ames-TP3-4233_15_5.PNG,,RGBA,Ames,4233,15,5,TP3,715,361,Ames|4233|15|5,2022-08-10,True
UAV/Ames/TP3/Ames-TP3-4233_15_6.PNG,,RGBA,Ames,4233,15,6,TP3,714,361,Ames|4233|15|6,2022-08-10,True
UAV/Ames/TP3/Ames-TP3-4233_15_7.PNG,,RGBA,Ames,4233,15,7,TP3,715,361,Ames|4233|15|7,2022-08-10,True
UAV/Ames/TP3/Ames-TP3-4233_15_8.PNG,,RGBA,Ames,4233,15,8,TP3,715,361,Ames|4233|15|8,2022-08-10,True
UAV/Ames/TP3/Ames-TP3-4233_15_9.PNG,,RGBA,Ames,4233,15,9,TP3,715,360,Ames|4233|15|9,2022-08-10,True
UAV/Ames/TP3/Ames-TP3-4233_16_1.PNG,,RGBA,Ames,4233,16,1,TP3,714,361,Ames|4233|16|1,2022-08-10,False
UAV/Ames/TP3/Ames-TP3-4233_16_10.PNG,,RGBA,Ames,4233,16,10,TP3,715,361,Ames|4233|16|10,2022-08-10,True
UAV/Ames/TP3/Ames-TP3-4233_16_11.PNG,,RGBA,Ames,4233,16,11,TP3,715,360,Ames|4233|16|11,2022-08-10,False
UAV/Ames/TP3/Ames-TP3-4233_16_12.PNG,,RGBA,Ames,4233,16,12,TP3,715,361,Ames|4233|16|12,2022-08-10,False
UAV/Ames/TP3/Ames-TP3-4233_16_2.PNG,,RGBA,Ames,4233,16,2,TP3,715,361,Ames|4233|16|2,2022-08-10,False
UAV/Ames/TP3/Ames-TP3-4233_16_3.PNG,,RGBA,Ames,4233,16,3,TP3,714,361,Ames|4233|16|3,2022-08-10,True
UAV/Ames/TP3/Ames-TP3-4233_16_4.PNG,,RGBA,Ames,4233,16,4,TP3,715,360,Ames|4233|16|4,2022-08-10,True
UAV/Ames/TP3/Ames-TP3-4233_16_5.PNG,,RGBA,Ames,4233,16,5,TP3,715,361,Ames|4233|16|5,2022-08-10,True
UAV/Ames/TP3/Ames-TP3-4233_16_6.PNG,,RGBA,Ames,4233,16,6,TP3,715,361,Ames|4233|16|6,2022-08-10,True
UAV/Ames/TP3/Ames-TP3-4233_16_7.PNG,,RGBA,Ames,4233,16,7,TP3,715,361,Ames|4233|16|7,2022-08-10,True
UAV/Ames/TP3/Ames-TP3-4233_16_8.PNG,,RGBA,Ames,4233,16,8,TP3,715,361,Ames|4233|16|8,2022-08-10,True
UAV/Ames/TP3/Ames-TP3-4233_16_9.PNG,,RGBA,Ames,4233,16,9,TP3,715,361,Ames|4233|16|9,2022-08-10,True
UAV/Ames/TP3/Ames-TP3-4233_17_1.PNG,,RGBA,Ames,4233,17,1,TP3,715,361,Ames|4233|17|1,2022-08-10,False
UAV/Ames/TP3/Ames-TP3-4233_17_10.PNG,,RGBA,Ames,4233,17,10,TP3,715,361,Ames|4233|17|10,2022-08-10,True
UAV/Ames/TP3/Ames-TP3-4233_17_11.PNG,,RGBA,Ames,4233,17,11,TP3,714,361,Ames|4233|17|11,2022-08-10,False
UAV/Ames/TP3/Ames-TP3-4233_17_12.PNG,,RGBA,Ames,4233,17,12,TP3,715,361,Ames|4233|17|12,2022-08-10,False
UAV/Ames/TP3/Ames-TP3-4233_17_2.PNG,,RGBA,Ames,4233,17,2,TP3,715,361,Ames|4233|17|2,2022-08-10,False
UAV/Ames/TP3/Ames-TP3-4233_17_3.PNG,,RGBA,Ames,4233,17,3,TP3,714,361,Ames|4233|17|3,2022-08-10,True
UAV/Ames/TP3/Ames-TP3-4233_17_4.PNG,,RGBA,Ames,4233,17,4,TP3,715,361,Ames|4233|17|4,2022-08-10,True
UAV/Ames/TP3/Ames-TP3-4233_17_5.PNG,,RGBA,Ames,4233,17,5,TP3,714,361,Ames|4233|17|5,2022-08-10,True
UAV/Ames/TP3/Ames-TP3-4233_17_6.PNG,,RGBA,Ames,4233,17,6,TP3,715,360,Ames|4233|17|6,2022-08-10,True
UAV/Ames/TP3/Ames-TP3-4233_17_7.PNG,,RGBA,Ames,4233,17,7,TP3,714,361,Ames|4233|17|7,2022-08-10,True
UAV/Ames/TP3/Ames-TP3-4233_17_8.PNG,,RGBA,Ames,4233,17,8,TP3,715,361,Ames|4233|17|8,2022-08-10,True
UAV/Ames/TP3/Ames-TP3-4233_17_9.PNG,,RGBA,Ames,4233,17,9,TP3,714,361,Ames|4233|17|9,2022-08-10,True
UAV/Ames/TP3/Ames-TP3-4233_18_1.PNG,,RGBA,Ames,4233,18,1,TP3,715,361,Ames|4233|18|1,2022-08-10,False
UAV/Ames/TP3/Ames-TP3-4233_18_10.PNG,,RGBA,Ames,4233,18,10,TP3,715,361,Ames|4233|18|10,2022-08-10,True
UAV/Ames/TP3/Ames-TP3-4233_18_11.PNG,,RGBA,Ames,4233,18,11,TP3,715,361,Ames|4233|18|11,2022-08-10,False
UAV/Ames/TP3/Ames-TP3-4233_18_12.PNG,,RGBA,Ames,4233,18,12,TP3,715,361,Ames|4233|18|12,2022-08-10,False
UAV/Ames/TP3/Ames-TP3-4233_18_2.PNG,,RGBA,Ames,4233,18,2,TP3,715,361,Ames|4233|18|2,2022-08-10,False
UAV/Ames/TP3/Ames-TP3-4233_18_3.PNG,,RGBA,Ames,4233,18,3,TP3,715,361,Ames|4233|18|3,2022-08-10,True
UAV/Ames/TP3/Ames-TP3-4233_18_4.PNG,,RGBA,Ames,4233,18,4,TP3,715,361,Ames|4233|18|4,2022-08-10,True
UAV/Ames/TP3/Ames-TP3-4233_18_5.PNG,,RGBA,Ames,4233,18,5,TP3,715,361,Ames|4233|18|5,2022-08-10,True
UAV/Ames/TP3/Ames-TP3-4233_18_6.PNG,,RGBA,Ames,4233,18,6,TP3,715,361,Ames|4233|18|6,2022-08-10,True
UAV/Ames/TP3/Ames-TP3-4233_18_7.PNG,,RGBA,Ames,4233,18,7,TP3,715,361,Ames|4233|18|7,2022-08-10,True
UAV/Ames/TP3/Ames-TP3-4233_18_8.PNG,,RGBA,Ames,4233,18,8,TP3,715,360,Ames|4233|18|8,2022-08-10,True
UAV/Ames/TP3/Ames-TP3-4233_18_9.PNG,,RGBA,Ames,4233,18,9,TP3,715,360,Ames|4233|18|9,2022-08-10,True
UAV/Ames/TP3/Ames-TP3-4233_19_1.PNG,,RGBA,Ames,4233,19,1,TP3,715,361,Ames|4233|19|1,2022-08-10,False
UAV/Ames/TP3/Ames-TP3-4233_19_10.PNG,,RGBA,Ames,4233,19,10,TP3,715,361,Ames|4233|19|10,2022-08-10,True
UAV/Ames/TP3/Ames-TP3-4233_19_11.PNG,,RGBA,Ames,4233,19,11,TP3,715,360,Ames|4233|19|11,2022-08-10,False
UAV/Ames/TP3/Ames-TP3-4233_19_12.PNG,,RGBA,Ames,4233,19,12,TP3,715,360,Ames|4233|19|12,2022-08-10,False
UAV/Ames/TP3/Ames-TP3-4233_19_2.PNG,,RGBA,Ames,4233,19,2,TP3,714,361,Ames|4233|19|2,2022-08-10,False
UAV/Ames/TP3/Ames-TP3-4233_19_3.PNG,,RGBA,Ames,4233,19,3,TP3,715,361,Ames|4233|19|3,2022-08-10,True
UAV/Ames/TP3/Ames-TP3-4233_19_4.PNG,,RGBA,Ames,4233,19,4,TP3,714,361,Ames|4233|19|4,2022-08-10,True
UAV/Ames/TP3/Ames-TP3-4233_19_5.PNG,,RGBA,Ames,4233,19,5,TP3,715,361,Ames|4233|19|5,2022-08-10,True
UAV/Ames/TP3/Ames-TP3-4233_19_6.PNG,,RGBA,Ames,4233,19,6,TP3,715,361,Ames|4233|19|6,2022-08-10,True
UAV/Ames/TP3/Ames-TP3-4233_19_7.PNG,,RGBA,Ames,4233,19,7,TP3,715,361,Ames|4233|19|7,2022-08-10,True
UAV/Ames/TP3/Ames-TP3-4233_19_8.PNG,,RGBA,Ames,4233,19,8,TP3,715,361,Ames|4233|19|8,2022-08-10,True
UAV/Ames/TP3/Ames-TP3-4233_19_9.PNG,,RGBA,Ames,4233,19,9,TP3,715,361,Ames|4233|19|9,2022-08-10,True
UAV/Ames/TP3/Ames-TP3-4233_1_1.PNG,,RGBA,Ames,4233,1,1,TP3,715,362,Ames|4233|1|1,2022-08-10,False
UAV/Ames/TP3/Ames-TP3-4233_1_10.PNG,,RGBA,Ames,4233,1,10,TP3,716,361,Ames|4233|1|10,2022-08-10,False
UAV/Ames/TP3/Ames-TP3-4233_1_11.PNG,,RGBA,Ames,4233,1,11,TP3,716,361,Ames|4233|1|11,2022-08-10,False
UAV/Ames/TP3/Ames-TP3-4233_1_12.PNG,,RGBA,Ames,4233,1,12,TP3,715,361,Ames|4233|1|12,2022-08-10,False
UAV/Ames/TP3/Ames-TP3-4233_1_2.PNG,,RGBA,Ames,4233,1,2,TP3,715,361,Ames|4233|1|2,2022-08-10,False
UAV/Ames/TP3/Ames-TP3-4233_1_3.PNG,,RGBA,Ames,4233,1,3,TP3,715,361,Ames|4233|1|3,2022-08-10,False
UAV/Ames/TP3/Ames-TP3-4233_1_4.PNG,,RGBA,Ames,4233,1,4,TP3,715,361,Ames|4233|1|4,2022-08-10,False
UAV/Ames/TP3/Ames-TP3-4233_1_5.PNG,,RGBA,Ames,4233,1,5,TP3,715,361,Ames|4233|1|5,2022-08-10,False
UAV/Ames/TP3/Ames-TP3-4233_1_6.PNG,,RGBA,Ames,4233,1,6,TP3,716,362,Ames|4233|1|6,2022-08-10,False
UAV/Ames/TP3/Ames-TP3-4233_1_7.PNG,,RGBA,Ames,4233,1,7,TP3,716,361,Ames|4233|1|7,2022-08-10,False
UAV/Ames/TP3/Ames-TP3-4233_1_8.PNG,,RGBA,Ames,4233,1,8,TP3,716,362,Ames|4233|1|8,2022-08-10,False
UAV/Ames/TP3/Ames-TP3-4233_1_9.PNG,,RGBA,Ames,4233,1,9,TP3,716,361,Ames|4233|1|9,2022-08-10,False
UAV/Ames/TP3/Ames-TP3-4233_20_1.PNG,,RGBA,Ames,4233,20,1,TP3,715,361,Ames|4233|20|1,2022-08-10,False
UAV/Ames/TP3/Ames-TP3-4233_20_10.PNG,,RGBA,Ames,4233,20,10,TP3,715,361,Ames|4233|20|10,2022-08-10,True
UAV/Ames/TP3/Ames-TP3-4233_20_11.PNG,,RGBA,Ames,4233,20,11,TP3,715,361,Ames|4233|20|11,2022-08-10,False
UAV/Ames/TP3/Ames-TP3-4233_20_12.PNG,,RGBA,Ames,4233,20,12,TP3,715,361,Ames|4233|20|12,2022-08-10,False
UAV/Ames/TP3/Ames-TP3-4233_20_2.PNG,,RGBA,Ames,4233,20,2,TP3,715,360,Ames|4233|20|2,2022-08-10,False
UAV/Ames/TP3/Ames-TP3-4233_20_3.PNG,,RGBA,Ames,4233,20,3,TP3,715,360,Ames|4233|20|3,2022-08-10,True
UAV/Ames/TP3/Ames-TP3-4233_20_4.PNG,,RGBA,Ames,4233,20,4,TP3,715,361,Ames|4233|20|4,2022-08-10,True
UAV/Ames/TP3/Ames-TP3-4233_20_5.PNG,,RGBA,Ames,4233,20,5,TP3,714,361,Ames|4233|20|5,2022-08-10,True
UAV/Ames/TP3/Ames-TP3-4233_20_6.PNG,,RGBA,Ames,4233,20,6,TP3,715,361,Ames|4233|20|6,2022-08-10,True
UAV/Ames/TP3/Ames-TP3-4233_20_7.PNG,,RGBA,Ames,4233,20,7,TP3,714,361,Ames|4233|20|7,2022-08-10,True
UAV/Ames/TP3/Ames-TP3-4233_20_8.PNG,,RGBA,Ames,4233,20,8,TP3,715,361,Ames|4233|20|8,2022-08-10,True
UAV/Ames/TP3/Ames-TP3-4233_20_9.PNG,,RGBA,Ames,4233,20,9,TP3,715,361,Ames|4233|20|9,2022-08-10,True
UAV/Ames/TP3/Ames-TP3-4233_21_1.PNG,,RGBA,Ames,4233,21,1,TP3,714,361,Ames|4233|21|1,2022-08-10,False
UAV/Ames/TP3/Ames-TP3-4233_21_10.PNG,,RGBA,Ames,4233,21,10,TP3,715,361,Ames|4233|21|10,2022-08-10,True
UAV/Ames/TP3/Ames-TP3-4233_21_11.PNG,,RGBA,Ames,4233,21,11,TP3,715,361,Ames|4233|21|11,2022-08-10,False
UAV/Ames/TP3/Ames-TP3-4233_21_12.PNG,,RGBA,Ames,4233,21,12,TP3,715,361,Ames|4233|21|12,2022-08-10,False
UAV/Ames/TP3/Ames-TP3-4233_21_2.PNG,,RGBA,Ames,4233,21,2,TP3,715,361,Ames|4233|21|2,2022-08-10,False
UAV/Ames/TP3/Ames-TP3-4233_21_3.PNG,,RGBA,Ames,4233,21,3,TP3,714,361,Ames|4233|21|3,2022-08-10,True
UAV/Ames/TP3/Ames-TP3-4233_21_4.PNG,,RGBA,Ames,4233,21,4,TP3,715,361,Ames|4233|21|4,2022-08-10,True
UAV/Ames/TP3/Ames-TP3-4233_21_5.PNG,,RGBA,Ames,4233,21,5,TP3,714,360,Ames|4233|21|5,2022-08-10,True
UAV/Ames/TP3/Ames-TP3-4233_21_6.PNG,,RGBA,Ames,4233,21,6,TP3,715,360,Ames|4233|21|6,2022-08-10,True
UAV/Ames/TP3/Ames-TP3-4233_21_7.PNG,,RGBA,Ames,4233,21,7,TP3,715,360,Ames|4233|21|7,2022-08-10,True
UAV/Ames/TP3/Ames-TP3-4233_21_8.PNG,,RGBA,Ames,4233,21,8,TP3,714,360,Ames|4233|21|8,2022-08-10,True
UAV/Ames/TP3/Ames-TP3-4233_21_9.PNG,,RGBA,Ames,4233,21,9,TP3,715,360,Ames|4233|21|9,2022-08-10,True
UAV/Ames/TP3/Ames-TP3-4233_22_1.PNG,,RGBA,Ames,4233,22,1,TP3,714,361,Ames|4233|22|1,2022-08-10,False
UAV/Ames/TP3/Ames-TP3-4233_22_10.PNG,,RGBA,Ames,4233,22,10,TP3,715,361,Ames|4233|22|10,2022-08-10,True
UAV/Ames/TP3/Ames-TP3-4233_22_11.PNG,,RGBA,Ames,4233,22,11,TP3,715,360,Ames|4233|22|11,2022-08-10,False
UAV/Ames/TP3/Ames-TP3-4233_22_12.PNG,,RGBA,Ames,4233,22,12,TP3,715,360,Ames|4233|22|12,2022-08-10,False
UAV/Ames/TP3/Ames-TP3-4233_22_2.PNG,,RGBA,Ames,4233,22,2,TP3,715,361,Ames|4233|22|2,2022-08-10,False
UAV/Ames/TP3/Ames-TP3-4233_22_3.PNG,,RGBA,Ames,4233,22,3,TP3,714,361,Ames|4233|22|3,2022-08-10,True
UAV/Ames/TP3/Ames-TP3-4233_22_4.PNG,,RGBA,Ames,4233,22,4,TP3,715,361,Ames|4233|22|4,2022-08-10,True
UAV/Ames/TP3/Ames-TP3-4233_22_5.PNG,,RGBA,Ames,4233,22,5,TP3,715,361,Ames|4233|22|5,2022-08-10,True
UAV/Ames/TP3/Ames-TP3-4233_22_6.PNG,,RGBA,Ames,4233,22,6,TP3,714,361,Ames|4233|22|6,2022-08-10,True
UAV/Ames/TP3/Ames-TP3-4233_22_7.PNG,,RGBA,Ames,4233,22,7,TP3,715,361,Ames|4233|22|7,2022-08-10,True
UAV/Ames/TP3/Ames-TP3-4233_22_8.PNG,,RGBA,Ames,4233,22,8,TP3,715,361,Ames|4233|22|8,2022-08-10,True
UAV/Ames/TP3/Ames-TP3-4233_22_9.PNG,,RGBA,Ames,4233,22,9,TP3,714,361,Ames|4233|22|9,2022-08-10,True
UAV/Ames/TP3/Ames-TP3-4233_23_1.PNG,,RGBA,Ames,4233,23,1,TP3,714,361,Ames|4233|23|1,2022-08-10,False
UAV/Ames/TP3/Ames-TP3-4233_23_10.PNG,,RGBA,Ames,4233,23,10,TP3,714,361,Ames|4233|23|10,2022-08-10,True
UAV/Ames/TP3/Ames-TP3-4233_23_11.PNG,,RGBA,Ames,4233,23,11,TP3,715,361,Ames|4233|23|11,2022-08-10,False
UAV/Ames/TP3/Ames-TP3-4233_23_12.PNG,,RGBA,Ames,4233,23,12,TP3,715,361,Ames|4233|23|12,2022-08-10,False
UAV/Ames/TP3/Ames-TP3-4233_23_2.PNG,,RGBA,Ames,4233,23,2,TP3,715,361,Ames|4233|23|2,2022-08-10,False
UAV/Ames/TP3/Ames-TP3-4233_23_3.PNG,,RGBA,Ames,4233,23,3,TP3,715,361,Ames|4233|23|3,2022-08-10,True
UAV/Ames/TP3/Ames-TP3-4233_23_4.PNG,,RGBA,Ames,4233,23,4,TP3,714,361,Ames|4233|23|4,2022-08-10,True
UAV/Ames/TP3/Ames-TP3-4233_23_5.PNG,,RGBA,Ames,4233,23,5,TP3,715,361,Ames|4233|23|5,2022-08-10,True
UAV/Ames/TP3/Ames-TP3-4233_23_6.PNG,,RGBA,Ames,4233,23,6,TP3,715,361,Ames|4233|23|6,2022-08-10,True
UAV/Ames/TP3/Ames-TP3-4233_23_7.PNG,,RGBA,Ames,4233,23,7,TP3,714,361,Ames|4233|23|7,2022-08-10,True
UAV/Ames/TP3/Ames-TP3-4233_23_8.PNG,,RGBA,Ames,4233,23,8,TP3,715,361,Ames|4233|23|8,2022-08-10,True
UAV/Ames/TP3/Ames-TP3-4233_23_9.PNG,,RGBA,Ames,4233,23,9,TP3,715,361,Ames|4233|23|9,2022-08-10,True
UAV/Ames/TP3/Ames-TP3-4233_24_1.PNG,,RGBA,Ames,4233,24,1,TP3,714,361,Ames|4233|24|1,2022-08-10,False
UAV/Ames/TP3/Ames-TP3-4233_24_10.PNG,,RGBA,Ames,4233,24,10,TP3,715,361,Ames|4233|24|10,2022-08-10,True
UAV/Ames/TP3/Ames-TP3-4233_24_11.PNG,,RGBA,Ames,4233,24,11,TP3,714,360,Ames|4233|24|11,2022-08-10,False
UAV/Ames/TP3/Ames-TP3-4233_24_12.PNG,,RGBA,Ames,4233,24,12,TP3,715,360,Ames|4233|24|12,2022-08-10,False
UAV/Ames/TP3/Ames-TP3-4233_24_2.PNG,,RGBA,Ames,4233,24,2,TP3,714,361,Ames|4233|24|2,2022-08-10,False
UAV/Ames/TP3/Ames-TP3-4233_24_3.PNG,,RGBA,Ames,4233,24,3,TP3,715,361,Ames|4233|24|3,2022-08-10,True
UAV/Ames/TP3/Ames-TP3-4233_24_4.PNG,,RGBA,Ames,4233,24,4,TP3,715,361,Ames|4233|24|4,2022-08-10,True
UAV/Ames/TP3/Ames-TP3-4233_24_5.PNG,,RGBA,Ames,4233,24,5,TP3,714,361,Ames|4233|24|5,2022-08-10,True
UAV/Ames/TP3/Ames-TP3-4233_24_6.PNG,,RGBA,Ames,4233,24,6,TP3,715,361,Ames|4233|24|6,2022-08-10,True
UAV/Ames/TP3/Ames-TP3-4233_24_7.PNG,,RGBA,Ames,4233,24,7,TP3,715,361,Ames|4233|24|7,2022-08-10,True
UAV/Ames/TP3/Ames-TP3-4233_24_8.PNG,,RGBA,Ames,4233,24,8,TP3,714,361,Ames|4233|24|8,2022-08-10,True
UAV/Ames/TP3/Ames-TP3-4233_24_9.PNG,,RGBA,Ames,4233,24,9,TP3,715,361,Ames|4233|24|9,2022-08-10,True
UAV/Ames/TP3/Ames-TP3-4233_25_1.PNG,,RGBA,Ames,4233,25,1,TP3,715,361,Ames|4233|25|1,2022-08-10,False
UAV/Ames/TP3/Ames-TP3-4233_25_10.PNG,,RGBA,Ames,4233,25,10,TP3,715,360,Ames|4233|25|10,2022-08-10,False
UAV/Ames/TP3/Ames-TP3-4233_25_11.PNG,,RGBA,Ames,4233,25,11,TP3,715,360,Ames|4233|25|11,2022-08-10,False
UAV/Ames/TP3/Ames-TP3-4233_25_12.PNG,,RGBA,Ames,4233,25,12,TP3,714,361,Ames|4233|25|12,2022-08-10,False
UAV/Ames/TP3/Ames-TP3-4233_25_2.PNG,,RGBA,Ames,4233,25,2,TP3,714,361,Ames|4233|25|2,2022-08-10,False
UAV/Ames/TP3/Ames-TP3-4233_25_3.PNG,,RGBA,Ames,4233,25,3,TP3,714,360,Ames|4233|25|3,2022-08-10,False
UAV/Ames/TP3/Ames-TP3-4233_25_4.PNG,,RGBA,Ames,4233,25,4,TP3,715,360,Ames|4233|25|4,2022-08-10,False
UAV/Ames/TP3/Ames-TP3-4233_25_5.PNG,,RGBA,Ames,4233,25,5,TP3,714,360,Ames|4233|25|5,2022-08-10,False
UAV/Ames/TP3/Ames-TP3-4233_25_6.PNG,,RGBA,Ames,4233,25,6,TP3,714,360,Ames|4233|25|6,2022-08-10,False
UAV/Ames/TP3/Ames-TP3-4233_25_7.PNG,,RGBA,Ames,4233,25,7,TP3,715,360,Ames|4233|25|7,2022-08-10,False
UAV/Ames/TP3/Ames-TP3-4233_25_8.PNG,,RGBA,Ames,4233,25,8,TP3,715,360,Ames|4233|25|8,2022-08-10,False
UAV/Ames/TP3/Ames-TP3-4233_25_9.PNG,,RGBA,Ames,4233,25,9,TP3,714,360,Ames|4233|25|9,2022-08-10,False
UAV/Ames/TP3/Ames-TP3-4233_2_1.PNG,,RGBA,Ames,4233,2,1,TP3,715,361,Ames|4233|2|1,2022-08-10,False
UAV/Ames/TP3/Ames-TP3-4233_2_10.PNG,,RGBA,Ames,4233,2,10,TP3,715,361,Ames|4233|2|10,2022-08-10,False
UAV/Ames/TP3/Ames-TP3-4233_2_11.PNG,,RGBA,Ames,4233,2,11,TP3,715,361,Ames|4233|2|11,2022-08-10,False
UAV/Ames/TP3/Ames-TP3-4233_2_12.PNG,,RGBA,Ames,4233,2,12,TP3,715,361,Ames|4233|2|12,2022-08-10,False
UAV/Ames/TP3/Ames-TP3-4233_2_2.PNG,,RGBA,Ames,4233,2,2,TP3,715,361,Ames|4233|2|2,2022-08-10,False
UAV/Ames/TP3/Ames-TP3-4233_2_3.PNG,,RGBA,Ames,4233,2,3,TP3,716,361,Ames|4233|2|3,2022-08-10,False
UAV/Ames/TP3/Ames-TP3-4233_2_4.PNG,,RGBA,Ames,4233,2,4,TP3,716,362,Ames|4233|2|4,2022-08-10,False
UAV/Ames/TP3/Ames-TP3-4233_2_5.PNG,,RGBA,Ames,4233,2,5,TP3,715,361,Ames|4233|2|5,2022-08-10,False
UAV/Ames/TP3/Ames-TP3-4233_2_6.PNG,,RGBA,Ames,4233,2,6,TP3,715,361,Ames|4233|2|6,2022-08-10,False
UAV/Ames/TP3/Ames-TP3-4233_2_7.PNG,,RGBA,Ames,4233,2,7,TP3,715,361,Ames|4233|2|7,2022-08-10,False
UAV/Ames/TP3/Ames-TP3-4233_2_8.PNG,,RGBA,Ames,4233,2,8,TP3,715,361,Ames|4233|2|8,2022-08-10,False
UAV/Ames/TP3/Ames-TP3-4233_2_9.PNG,,RGBA,Ames,4233,2,9,TP3,715,361,Ames|4233|2|9,2022-08-10,False
UAV/Ames/TP3/Ames-TP3-4233_3_1.PNG,,RGBA,Ames,4233,3,1,TP3,716,361,Ames|4233|3|1,2022-08-10,False
UAV/Ames/TP3/Ames-TP3-4233_3_10.PNG,,RGBA,Ames,4233,3,10,TP3,716,361,Ames|4233|3|10,2022-08-10,True
UAV/Ames/TP3/Ames-TP3-4233_3_11.PNG,,RGBA,Ames,4233,3,11,TP3,716,361,Ames|4233|3|11,2022-08-10,False
UAV/Ames/TP3/Ames-TP3-4233_3_12.PNG,,RGBA,Ames,4233,3,12,TP3,716,361,Ames|4233|3|12,2022-08-10,False
UAV/Ames/TP3/Ames-TP3-4233_3_2.PNG,,RGBA,Ames,4233,3,2,TP3,715,362,Ames|4233|3|2,2022-08-10,False
UAV/Ames/TP3/Ames-TP3-4233_3_3.PNG,,RGBA,Ames,4233,3,3,TP3,715,361,Ames|4233|3|3,2022-08-10,True
UAV/Ames/TP3/Ames-TP3-4233_3_4.PNG,,RGBA,Ames,4233,3,4,TP3,715,361,Ames|4233|3|4,2022-08-10,True
UAV/Ames/TP3/Ames-TP3-4233_3_5.PNG,,RGBA,Ames,4233,3,5,TP3,715,361,Ames|4233|3|5,2022-08-10,True
UAV/Ames/TP3/Ames-TP3-4233_3_6.PNG,,RGBA,Ames,4233,3,6,TP3,715,361,Ames|4233|3|6,2022-08-10,True
UAV/Ames/TP3/Ames-TP3-4233_3_7.PNG,,RGBA,Ames,4233,3,7,TP3,715,362,Ames|4233|3|7,2022-08-10,True
UAV/Ames/TP3/Ames-TP3-4233_3_8.PNG,,RGBA,Ames,4233,3,8,TP3,715,361,Ames|4233|3|8,2022-08-10,True
UAV/Ames/TP3/Ames-TP3-4233_3_9.PNG,,RGBA,Ames,4233,3,9,TP3,715,361,Ames|4233|3|9,2022-08-10,True
UAV/Ames/TP3/Ames-TP3-4233_4_1.PNG,,RGBA,Ames,4233,4,1,TP3,715,361,Ames|4233|4|1,2022-08-10,False
UAV/Ames/TP3/Ames-TP3-4233_4_10.PNG,,RGBA,Ames,4233,4,10,TP3,715,361,Ames|4233|4|10,2022-08-10,True
UAV/Ames/TP3/Ames-TP3-4233_4_11.PNG,,RGBA,Ames,4233,4,11,TP3,715,361,Ames|4233|4|11,2022-08-10,False
UAV/Ames/TP3/Ames-TP3-4233_4_12.PNG,,RGBA,Ames,4233,4,12,TP3,715,361,Ames|4233|4|12,2022-08-10,False
UAV/Ames/TP3/Ames-TP3-4233_4_2.PNG,,RGBA,Ames,4233,4,2,TP3,715,361,Ames|4233|4|2,2022-08-10,False
UAV/Ames/TP3/Ames-TP3-4233_4_3.PNG,,RGBA,Ames,4233,4,3,TP3,715,361,Ames|4233|4|3,2022-08-10,True
UAV/Ames/TP3/Ames-TP3-4233_4_4.PNG,,RGBA,Ames,4233,4,4,TP3,715,361,Ames|4233|4|4,2022-08-10,True
UAV/Ames/TP3/Ames-TP3-4233_4_5.PNG,,RGBA,Ames,4233,4,5,TP3,715,362,Ames|4233|4|5,2022-08-10,True
UAV/Ames/TP3/Ames-TP3-4233_4_6.PNG,,RGBA,Ames,4233,4,6,TP3,715,361,Ames|4233|4|6,2022-08-10,True
UAV/Ames/TP3/Ames-TP3-4233_4_7.PNG,,RGBA,Ames,4233,4,7,TP3,716,361,Ames|4233|4|7,2022-08-10,True
UAV/Ames/TP3/Ames-TP3-4233_4_8.PNG,,RGBA,Ames,4233,4,8,TP3,716,361,Ames|4233|4|8,2022-08-10,True
UAV/Ames/TP3/Ames-TP3-4233_4_9.PNG,,RGBA,Ames,4233,4,9,TP3,715,361,Ames|4233|4|9,2022-08-10,True
UAV/Ames/TP3/Ames-TP3-4233_5_1.PNG,,RGBA,Ames,4233,5,1,TP3,715,361,Ames|4233|5|1,2022-08-10,False
UAV/Ames/TP3/Ames-TP3-4233_5_10.PNG,,RGBA,Ames,4233,5,10,TP3,715,361,Ames|4233|5|10,2022-08-10,True
UAV/Ames/TP3/Ames-TP3-4233_5_11.PNG,,RGBA,Ames,4233,5,11,TP3,716,361,Ames|4233|5|11,2022-08-10,False
UAV/Ames/TP3/Ames-TP3-4233_5_12.PNG,,RGBA,Ames,4233,5,12,TP3,716,361,Ames|4233|5|12,2022-08-10,False
UAV/Ames/TP3/Ames-TP3-4233_5_2.PNG,,RGBA,Ames,4233,5,2,TP3,715,361,Ames|4233|5|2,2022-08-10,False
UAV/Ames/TP3/Ames-TP3-4233_5_3.PNG,,RGBA,Ames,4233,5,3,TP3,715,362,Ames|4233|5|3,2022-08-10,True
UAV/Ames/TP3/Ames-TP3-4233_5_4.PNG,,RGBA,Ames,4233,5,4,TP3,715,361,Ames|4233|5|4,2022-08-10,True
UAV/Ames/TP3/Ames-TP3-4233_5_5.PNG,,RGBA,Ames,4233,5,5,TP3,716,361,Ames|4233|5|5,2022-08-10,True
UAV/Ames/TP3/Ames-TP3-4233_5_6.PNG,,RGBA,Ames,4233,5,6,TP3,715,361,Ames|4233|5|6,2022-08-10,True
UAV/Ames/TP3/Ames-TP3-4233_5_7.PNG,,RGBA,Ames,4233,5,7,TP3,715,361,Ames|4233|5|7,2022-08-10,True
UAV/Ames/TP3/Ames-TP3-4233_5_8.PNG,,RGBA,Ames,4233,5,8,TP3,715,361,Ames|4233|5|8,2022-08-10,True
UAV/Ames/TP3/Ames-TP3-4233_5_9.PNG,,RGBA,Ames,4233,5,9,TP3,715,361,Ames|4233|5|9,2022-08-10,True
UAV/Ames/TP3/Ames-TP3-4233_6_1.PNG,,RGBA,Ames,4233,6,1,TP3,715,361,Ames|4233|6|1,2022-08-10,False
UAV/Ames/TP3/Ames-TP3-4233_6_10.PNG,,RGBA,Ames,4233,6,10,TP3,715,361,Ames|4233|6|10,2022-08-10,True
UAV/Ames/TP3/Ames-TP3-4233_6_11.PNG,,RGBA,Ames,4233,6,11,TP3,715,361,Ames|4233|6|11,2022-08-10,False
UAV/Ames/TP3/Ames-TP3-4233_6_12.PNG,,RGBA,Ames,4233,6,12,TP3,715,361,Ames|4233|6|12,2022-08-10,False
UAV/Ames/TP3/Ames-TP3-4233_6_2.PNG,,RGBA,Ames,4233,6,2,TP3,715,361,Ames|4233|6|2,2022-08-10,False
UAV/Ames/TP3/Ames-TP3-4233_6_3.PNG,,RGBA,Ames,4233,6,3,TP3,715,361,Ames|4233|6|3,2022-08-10,True
UAV/Ames/TP3/Ames-TP3-4233_6_4.PNG,,RGBA,Ames,4233,6,4,TP3,715,361,Ames|4233|6|4,2022-08-10,True
UAV/Ames/TP3/Ames-TP3-4233_6_5.PNG,,RGBA,Ames,4233,6,5,TP3,715,361,Ames|4233|6|5,2022-08-10,True
UAV/Ames/TP3/Ames-TP3-4233_6_6.PNG,,RGBA,Ames,4233,6,6,TP3,715,361,Ames|4233|6|6,2022-08-10,True
UAV/Ames/TP3/Ames-TP3-4233_6_7.PNG,,RGBA,Ames,4233,6,7,TP3,715,361,Ames|4233|6|7,2022-08-10,True
UAV/Ames/TP3/Ames-TP3-4233_6_8.PNG,,RGBA,Ames,4233,6,8,TP3,715,361,Ames|4233|6|8,2022-08-10,True
UAV/Ames/TP3/Ames-TP3-4233_6_9.PNG,,RGBA,Ames,4233,6,9,TP3,716,361,Ames|4233|6|9,2022-08-10,True
UAV/Ames/TP3/Ames-TP3-4233_7_1.PNG,,RGBA,Ames,4233,7,1,TP3,715,362,Ames|4233|7|1,2022-08-10,False
UAV/Ames/TP3/Ames-TP3-4233_7_10.PNG,,RGBA,Ames,4233,7,10,TP3,715,361,Ames|4233|7|10,2022-08-10,True
UAV/Ames/TP3/Ames-TP3-4233_7_11.PNG,,RGBA,Ames,4233,7,11,TP3,715,361,Ames|4233|7|11,2022-08-10,False
UAV/Ames/TP3/Ames-TP3-4233_7_12.PNG,,RGBA,Ames,4233,7,12,TP3,716,361,Ames|4233|7|12,2022-08-10,False
UAV/Ames/TP3/Ames-TP3-4233_7_2.PNG,,RGBA,Ames,4233,7,2,TP3,715,361,Ames|4233|7|2,2022-08-10,False
UAV/Ames/TP3/Ames-TP3-4233_7_3.PNG,,RGBA,Ames,4233,7,3,TP3,715,361,Ames|4233|7|3,2022-08-10,True
UAV/Ames/TP3/Ames-TP3-4233_7_4.PNG,,RGBA,Ames,4233,7,4,TP3,715,361,Ames|4233|7|4,2022-08-10,True
UAV/Ames/TP3/Ames-TP3-4233_7_5.PNG,,RGBA,Ames,4233,7,5,TP3,715,361,Ames|4233|7|5,2022-08-10,True
UAV/Ames/TP3/Ames-TP3-4233_7_6.PNG,,RGBA,Ames,4233,7,6,TP3,715,361,Ames|4233|7|6,2022-08-10,True
UAV/Ames/TP3/Ames-TP3-4233_7_7.PNG,,RGBA,Ames,4233,7,7,TP3,715,361,Ames|4233|7|7,2022-08-10,True
UAV/Ames/TP3/Ames-TP3-4233_7_8.PNG,,RGBA,Ames,4233,7,8,TP3,715,361,Ames|4233|7|8,2022-08-10,True
UAV/Ames/TP3/Ames-TP3-4233_7_9.PNG,,RGBA,Ames,4233,7,9,TP3,715,361,Ames|4233|7|9,2022-08-10,True
UAV/Ames/TP3/Ames-TP3-4233_8_1.PNG,,RGBA,Ames,4233,8,1,TP3,715,361,Ames|4233|8|1,2022-08-10,False
UAV/Ames/TP3/Ames-TP3-4233_8_10.PNG,,RGBA,Ames,4233,8,10,TP3,715,361,Ames|4233|8|10,2022-08-10,True
UAV/Ames/TP3/Ames-TP3-4233_8_11.PNG,,RGBA,Ames,4233,8,11,TP3,715,361,Ames|4233|8|11,2022-08-10,False
UAV/Ames/TP3/Ames-TP3-4233_8_12.PNG,,RGBA,Ames,4233,8,12,TP3,715,361,Ames|4233|8|12,2022-08-10,False
UAV/Ames/TP3/Ames-TP3-4233_8_2.PNG,,RGBA,Ames,4233,8,2,TP3,715,361,Ames|4233|8|2,2022-08-10,False
UAV/Ames/TP3/Ames-TP3-4233_8_3.PNG,,RGBA,Ames,4233,8,3,TP3,715,361,Ames|4233|8|3,2022-08-10,True
UAV/Ames/TP3/Ames-TP3-4233_8_4.PNG,,RGBA,Ames,4233,8,4,TP3,715,361,Ames|4233|8|4,2022-08-10,True
UAV/Ames/TP3/Ames-TP3-4233_8_5.PNG,,RGBA,Ames,4233,8,5,TP3,715,362,Ames|4233|8|5,2022-08-10,True
UAV/Ames/TP3/Ames-TP3-4233_8_6.PNG,,RGBA,Ames,4233,8,6,TP3,715,361,Ames|4233|8|6,2022-08-10,True
UAV/Ames/TP3/Ames-TP3-4233_8_7.PNG,,RGBA,Ames,4233,8,7,TP3,715,361,Ames|4233|8|7,2022-08-10,True
UAV/Ames/TP3/Ames-TP3-4233_8_8.PNG,,RGBA,Ames,4233,8,8,TP3,715,361,Ames|4233|8|8,2022-08-10,True
UAV/Ames/TP3/Ames-TP3-4233_8_9.PNG,,RGBA,Ames,4233,8,9,TP3,715,361,Ames|4233|8|9,2022-08-10,True
UAV/Ames/TP3/Ames-TP3-4233_9_1.PNG,,RGBA,Ames,4233,9,1,TP3,714,361,Ames|4233|9|1,2022-08-10,False
UAV/Ames/TP3/Ames-TP3-4233_9_10.PNG,,RGBA,Ames,4233,9,10,TP3,715,361,Ames|4233|9|10,2022-08-10,True
UAV/Ames/TP3/Ames-TP3-4233_9_11.PNG,,RGBA,Ames,4233,9,11,TP3,715,361,Ames|4233|9|11,2022-08-10,False
UAV/Ames/TP3/Ames-TP3-4233_9_12.PNG,,RGBA,Ames,4233,9,12,TP3,715,361,Ames|4233|9|12,2022-08-10,False
UAV/Ames/TP3/Ames-TP3-4233_9_2.PNG,,RGBA,Ames,4233,9,2,TP3,715,361,Ames|4233|9|2,2022-08-10,False
UAV/Ames/TP3/Ames-TP3-4233_9_3.PNG,,RGBA,Ames,4233,9,3,TP3,715,361,Ames|4233|9|3,2022-08-10,True
UAV/Ames/TP3/Ames-TP3-4233_9_4.PNG,,RGBA,Ames,4233,9,4,TP3,715,361,Ames|4233|9|4,2022-08-10,True
UAV/Ames/TP3/Ames-TP3-4233_9_5.PNG,,RGBA,Ames,4233,9,5,TP3,715,361,Ames|4233|9|5,2022-08-10,True
UAV/Ames/TP3/Ames-TP3-4233_9_6.PNG,,RGBA,Ames,4233,9,6,TP3,715,361,Ames|4233|9|6,2022-08-10,True
UAV/Ames/TP3/Ames-TP3-4233_9_7.PNG,,RGBA,Ames,4233,9,7,TP3,715,361,Ames|4233|9|7,2022-08-10,True
UAV/Ames/TP3/Ames-TP3-4233_9_8.PNG,,RGBA,Ames,4233,9,8,TP3,715,361,Ames|4233|9|8,2022-08-10,True
UAV/Ames/TP3/Ames-TP3-4233_9_9.PNG,,RGBA,Ames,4233,9,9,TP3,716,361,Ames|4233|9|9,2022-08-10,True
UAV/Crawfordsville/TP1/Crawfordsville-TP1-4351_10_13.PNG,,RGBA,Crawfordsville,4351,10,13,TP1,329,841,Crawfordsville|4351|10|13,2022-07-12,True
UAV/Crawfordsville/TP1/Crawfordsville-TP1-4351_10_14.PNG,,RGBA,Crawfordsville,4351,10,14,TP1,329,842,Crawfordsville|4351|10|14,2022-07-12,True
UAV/Crawfordsville/TP1/Crawfordsville-TP1-4351_10_15.PNG,,RGBA,Crawfordsville,4351,10,15,TP1,329,842,Crawfordsville|4351|10|15,2022-07-12,True
UAV/Crawfordsville/TP1/Crawfordsville-TP1-4351_10_16.PNG,,RGBA,Crawfordsville,4351,10,16,TP1,328,842,Crawfordsville|4351|10|16,2022-07-12,True
UAV/Crawfordsville/TP1/Crawfordsville-TP1-4351_10_17.PNG,,RGBA,Crawfordsville,4351,10,17,TP1,328,841,Crawfordsville|4351|10|17,2022-07-12,True
UAV/Crawfordsville/TP1/Crawfordsville-TP1-4351_10_18.PNG,,RGBA,Crawfordsville,4351,10,18,TP1,328,841,Crawfordsville|4351|10|18,2022-07-12,True
UAV/Crawfordsville/TP1/Crawfordsville-TP1-4351_10_19.PNG,,RGBA,Crawfordsville,4351,10,19,TP1,327,842,Crawfordsville|4351|10|19,2022-07-12,True
UAV/Crawfordsville/TP1/Crawfordsville-TP1-4351_10_20.PNG,,RGBA,Crawfordsville,4351,10,20,TP1,327,842,Crawfordsville|4351|10|20,2022-07-12,True
UAV/Crawfordsville/TP1/Crawfordsville-TP1-4351_11_13.PNG,,RGBA,Crawfordsville,4351,11,13,TP1,329,842,Crawfordsville|4351|11|13,2022-07-12,True
UAV/Crawfordsville/TP1/Crawfordsville-TP1-4351_11_14.PNG,,RGBA,Crawfordsville,4351,11,14,TP1,328,842,Crawfordsville|4351|11|14,2022-07-12,True
UAV/Crawfordsville/TP1/Crawfordsville-TP1-4351_11_15.PNG,,RGBA,Crawfordsville,4351,11,15,TP1,329,841,Crawfordsville|4351|11|15,2022-07-12,True
UAV/Crawfordsville/TP1/Crawfordsville-TP1-4351_11_16.PNG,,RGBA,Crawfordsville,4351,11,16,TP1,328,841,Crawfordsville|4351|11|16,2022-07-12,True
UAV/Crawfordsville/TP1/Crawfordsville-TP1-4351_11_17.PNG,,RGBA,Crawfordsville,4351,11,17,TP1,328,841,Crawfordsville|4351|11|17,2022-07-12,True
UAV/Crawfordsville/TP1/Crawfordsville-TP1-4351_11_18.PNG,,RGBA,Crawfordsville,4351,11,18,TP1,328,842,Crawfordsville|4351|11|18,2022-07-12,True
UAV/Crawfordsville/TP1/Crawfordsville-TP1-4351_11_19.PNG,,RGBA,Crawfordsville,4351,11,19,TP1,328,842,Crawfordsville|4351|11|19,2022-07-12,True
UAV/Crawfordsville/TP1/Crawfordsville-TP1-4351_11_20.PNG,,RGBA,Crawfordsville,4351,11,20,TP1,327,841,Crawfordsville|4351|11|20,2022-07-12,True
UAV/Crawfordsville/TP1/Crawfordsville-TP1-4351_12_13.PNG,,RGBA,Crawfordsville,4351,12,13,TP1,330,841,Crawfordsville|4351|12|13,2022-07-12,True
UAV/Crawfordsville/TP1/Crawfordsville-TP1-4351_12_14.PNG,,RGBA,Crawfordsville,4351,12,14,TP1,329,841,Crawfordsville|4351|12|14,2022-07-12,True
UAV/Crawfordsville/TP1/Crawfordsville-TP1-4351_12_15.PNG,,RGBA,Crawfordsville,4351,12,15,TP1,329,841,Crawfordsville|4351|12|15,2022-07-12,True
UAV/Crawfordsville/TP1/Crawfordsville-TP1-4351_12_16.PNG,,RGBA,Crawfordsville,4351,12,16,TP1,328,842,Crawfordsville|4351|12|16,2022-07-12,True
UAV/Crawfordsville/TP1/Crawfordsville-TP1-4351_12_17.PNG,,RGBA,Crawfordsville,4351,12,17,TP1,329,842,Crawfordsville|4351|12|17,2022-07-12,True
UAV/Crawfordsville/TP1/Crawfordsville-TP1-4351_12_18.PNG,,RGBA,Crawfordsville,4351,12,18,TP1,328,842,Crawfordsville|4351|12|18,2022-07-12,True
UAV/Crawfordsville/TP1/Crawfordsville-TP1-4351_12_19.PNG,,RGBA,Crawfordsville,4351,12,19,TP1,328,841,Crawfordsville|4351|12|19,2022-07-12,True
UAV/Crawfordsville/TP1/Crawfordsville-TP1-4351_12_20.PNG,,RGBA,Crawfordsville,4351,12,20,TP1,327,841,Crawfordsville|4351|12|20,2022-07-12,True
UAV/Crawfordsville/TP1/Crawfordsville-TP1-4351_13_13.PNG,,RGBA,Crawfordsville,4351,13,13,TP1,330,842,Crawfordsville|4351|13|13,2022-07-12,True
UAV/Crawfordsville/TP1/Crawfordsville-TP1-4351_13_14.PNG,,RGBA,Crawfordsville,4351,13,14,TP1,330,842,Crawfordsville|4351|13|14,2022-07-12,True
UAV/Crawfordsville/TP1/Crawfordsville-TP1-4351_13_15.PNG,,RGBA,Crawfordsville,4351,13,15,TP1,330,842,Crawfordsville|4351|13|15,2022-07-12,True
UAV/Crawfordsville/TP1/Crawfordsville-TP1-4351_13_16.PNG,,RGBA,Crawfordsville,4351,13,16,TP1,329,842,Crawfordsville|4351|13|16,2022-07-12,True
UAV/Crawfordsville/TP1/Crawfordsville-TP1-4351_13_17.PNG,,RGBA,Crawfordsville,4351,13,17,TP1,329,841,Crawfordsville|4351|13|17,2022-07-12,True
UAV/Crawfordsville/TP1/Crawfordsville-TP1-4351_13_18.PNG,,RGBA,Crawfordsville,4351,13,18,TP1,329,841,Crawfordsville|4351|13|18,2022-07-12,True
UAV/Crawfordsville/TP1/Crawfordsville-TP1-4351_13_19.PNG,,RGBA,Crawfordsville,4351,13,19,TP1,329,841,Crawfordsville|4351|13|19,2022-07-12,True
UAV/Crawfordsville/TP1/Crawfordsville-TP1-4351_13_20.PNG,,RGBA,Crawfordsville,4351,13,20,TP1,328,841,Crawfordsville|4351|13|20,2022-07-12,True
UAV/Crawfordsville/TP1/Crawfordsville-TP1-4351_14_13.PNG,,RGBA,Crawfordsville,4351,14,13,TP1,329,841,Crawfordsville|4351|14|13,2022-07-12,True
UAV/Crawfordsville/TP1/Crawfordsville-TP1-4351_14_14.PNG,,RGBA,Crawfordsville,4351,14,14,TP1,329,841,Crawfordsville|4351|14|14,2022-07-12,True
UAV/Crawfordsville/TP1/Crawfordsville-TP1-4351_14_15.PNG,,RGBA,Crawfordsville,4351,14,15,TP1,329,841,Crawfordsville|4351|14|15,2022-07-12,True
UAV/Crawfordsville/TP1/Crawfordsville-TP1-4351_14_16.PNG,,RGBA,Crawfordsville,4351,14,16,TP1,329,841,Crawfordsville|4351|14|16,2022-07-12,True
UAV/Crawfordsville/TP1/Crawfordsville-TP1-4351_14_17.PNG,,RGBA,Crawfordsville,4351,14,17,TP1,329,841,Crawfordsville|4351|14|17,2022-07-12,True
UAV/Crawfordsville/TP1/Crawfordsville-TP1-4351_14_18.PNG,,RGBA,Crawfordsville,4351,14,18,TP1,328,841,Crawfordsville|4351|14|18,2022-07-12,True
UAV/Crawfordsville/TP1/Crawfordsville-TP1-4351_14_19.PNG,,RGBA,Crawfordsville,4351,14,19,TP1,328,841,Crawfordsville|4351|14|19,2022-07-12,True
UAV/Crawfordsville/TP1/Crawfordsville-TP1-4351_14_20.PNG,,RGBA,Crawfordsville,4351,14,20,TP1,328,841,Crawfordsville|4351|14|20,2022-07-12,True
UAV/Crawfordsville/TP1/Crawfordsville-TP1-4351_15_13.PNG,,RGBA,Crawfordsville,4351,15,13,TP1,330,842,Crawfordsville|4351|15|13,2022-07-12,True
UAV/Crawfordsville/TP1/Crawfordsville-TP1-4351_15_14.PNG,,RGBA,Crawfordsville,4351,15,14,TP1,330,842,Crawfordsville|4351|15|14,2022-07-12,True
UAV/Crawfordsville/TP1/Crawfordsville-TP1-4351_15_15.PNG,,RGBA,Crawfordsville,4351,15,15,TP1,329,842,Crawfordsville|4351|15|15,2022-07-12,True
UAV/Crawfordsville/TP1/Crawfordsville-TP1-4351_15_16.PNG,,RGBA,Crawfordsville,4351,15,16,TP1,329,841,Crawfordsville|4351|15|16,2022-07-12,True
UAV/Crawfordsville/TP1/Crawfordsville-TP1-4351_15_17.PNG,,RGBA,Crawfordsville,4351,15,17,TP1,329,841,Crawfordsville|4351|15|17,2022-07-12,True
UAV/Crawfordsville/TP1/Crawfordsville-TP1-4351_15_18.PNG,,RGBA,Crawfordsville,4351,15,18,TP1,329,841,Crawfordsville|4351|15|18,2022-07-12,True
UAV/Crawfordsville/TP1/Crawfordsville-TP1-4351_15_19.PNG,,RGBA,Crawfordsville,4351,15,19,TP1,328,841,Crawfordsville|4351|15|19,2022-07-12,True
UAV/Crawfordsville/TP1/Crawfordsville-TP1-4351_15_20.PNG,,RGBA,Crawfordsville,4351,15,20,TP1,328,841,Crawfordsville|4351|15|20,2022-07-12,True
UAV/Crawfordsville/TP1/Crawfordsville-TP1-4351_16_13.PNG,,RGBA,Crawfordsville,4351,16,13,TP1,330,841,Crawfordsville|4351|16|13,2022-07-12,True
UAV/Crawfordsville/TP1/Crawfordsville-TP1-4351_16_14.PNG,,RGBA,Crawfordsville,4351,16,14,TP1,330,841,Crawfordsville|4351|16|14,2022-07-12,True
UAV/Crawfordsville/TP1/Crawfordsville-TP1-4351_16_15.PNG,,RGBA,Crawfordsville,4351,16,15,TP1,330,841,Crawfordsville|4351|16|15,2022-07-12,True
UAV/Crawfordsville/TP1/Crawfordsville-TP1-4351_16_16.PNG,,RGBA,Crawfordsville,4351,16,16,TP1,330,841,Crawfordsville|4351|16|16,2022-07-12,True
UAV/Crawfordsville/TP1/Crawfordsville-TP1-4351_16_17.PNG,,RGBA,Crawfordsville,4351,16,17,TP1,329,842,Crawfordsville|4351|16|17,2022-07-12,True
UAV/Crawfordsville/TP1/Crawfordsville-TP1-4351_16_18.PNG,,RGBA,Crawfordsville,4351,16,18,TP1,330,841,Crawfordsville|4351|16|18,2022-07-12,True
UAV/Crawfordsville/TP1/Crawfordsville-TP1-4351_16_19.PNG,,RGBA,Crawfordsville,4351,16,19,TP1,329,841,Crawfordsville|4351|16|19,2022-07-12,True
UAV/Crawfordsville/TP1/Crawfordsville-TP1-4351_16_20.PNG,,RGBA,Crawfordsville,4351,16,20,TP1,328,841,Crawfordsville|4351|16|20,2022-07-12,True
UAV/Crawfordsville/TP1/Crawfordsville-TP1-4351_17_13.PNG,,RGBA,Crawfordsville,4351,17,13,TP1,331,841,Crawfordsville|4351|17|13,2022-07-12,True
UAV/Crawfordsville/TP1/Crawfordsville-TP1-4351_17_14.PNG,,RGBA,Crawfordsville,4351,17,14,TP1,330,842,Crawfordsville|4351|17|14,2022-07-12,True
UAV/Crawfordsville/TP1/Crawfordsville-TP1-4351_17_15.PNG,,RGBA,Crawfordsville,4351,17,15,TP1,330,841,Crawfordsville|4351|17|15,2022-07-12,True
UAV/Crawfordsville/TP1/Crawfordsville-TP1-4351_17_16.PNG,,RGBA,Crawfordsville,4351,17,16,TP1,330,841,Crawfordsville|4351|17|16,2022-07-12,True
UAV/Crawfordsville/TP1/Crawfordsville-TP1-4351_17_17.PNG,,RGBA,Crawfordsville,4351,17,17,TP1,329,841,Crawfordsville|4351|17|17,2022-07-12,True
UAV/Crawfordsville/TP1/Crawfordsville-TP1-4351_17_18.PNG,,RGBA,Crawfordsville,4351,17,18,TP1,329,840,Crawfordsville|4351|17|18,2022-07-12,True
UAV/Crawfordsville/TP1/Crawfordsville-TP1-4351_17_19.PNG,,RGBA,Crawfordsville,4351,17,19,TP1,329,841,Crawfordsville|4351|17|19,2022-07-12,True
UAV/Crawfordsville/TP1/Crawfordsville-TP1-4351_17_20.PNG,,RGBA,Crawfordsville,4351,17,20,TP1,328,841,Crawfordsville|4351|17|20,2022-07-12,True
UAV/Crawfordsville/TP1/Crawfordsville-TP1-4351_18_13.PNG,,RGBA,Crawfordsville,4351,18,13,TP1,331,841,Crawfordsville|4351|18|13,2022-07-12,True
UAV/Crawfordsville/TP1/Crawfordsville-TP1-4351_18_14.PNG,,RGBA,Crawfordsville,4351,18,14,TP1,331,841,Crawfordsville|4351|18|14,2022-07-12,True
UAV/Crawfordsville/TP1/Crawfordsville-TP1-4351_18_15.PNG,,RGBA,Crawfordsville,4351,18,15,TP1,331,841,Crawfordsville|4351|18|15,2022-07-12,True
UAV/Crawfordsville/TP1/Crawfordsville-TP1-4351_18_16.PNG,,RGBA,Crawfordsville,4351,18,16,TP1,330,841,Crawfordsville|4351|18|16,2022-07-12,True
UAV/Crawfordsville/TP1/Crawfordsville-TP1-4351_18_17.PNG,,RGBA,Crawfordsville,4351,18,17,TP1,330,841,Crawfordsville|4351|18|17,2022-07-12,True
UAV/Crawfordsville/TP1/Crawfordsville-TP1-4351_18_18.PNG,,RGBA,Crawfordsville,4351,18,18,TP1,330,841,Crawfordsville|4351|18|18,2022-07-12,True
UAV/Crawfordsville/TP1/Crawfordsville-TP1-4351_18_19.PNG,,RGBA,Crawfordsville,4351,18,19,TP1,330,841,Crawfordsville|4351|18|19,2022-07-12,True
UAV/Crawfordsville/TP1/Crawfordsville-TP1-4351_18_20.PNG,,RGBA,Crawfordsville,4351,18,20,TP1,330,841,Crawfordsville|4351|18|20,2022-07-12,True
UAV/Crawfordsville/TP1/Crawfordsville-TP1-4351_19_13.PNG,,RGBA,Crawfordsville,4351,19,13,TP1,331,841,Crawfordsville|4351|19|13,2022-07-12,True
UAV/Crawfordsville/TP1/Crawfordsville-TP1-4351_19_14.PNG,,RGBA,Crawfordsville,4351,19,14,TP1,330,842,Crawfordsville|4351|19|14,2022-07-12,True
UAV/Crawfordsville/TP1/Crawfordsville-TP1-4351_19_15.PNG,,RGBA,Crawfordsville,4351,19,15,TP1,331,841,Crawfordsville|4351|19|15,2022-07-12,True
UAV/Crawfordsville/TP1/Crawfordsville-TP1-4351_19_16.PNG,,RGBA,Crawfordsville,4351,19,16,TP1,330,841,Crawfordsville|4351|19|16,2022-07-12,True
UAV/Crawfordsville/TP1/Crawfordsville-TP1-4351_19_17.PNG,,RGBA,Crawfordsville,4351,19,17,TP1,330,841,Crawfordsville|4351|19|17,2022-07-12,True
UAV/Crawfordsville/TP1/Crawfordsville-TP1-4351_19_18.PNG,,RGBA,Crawfordsville,4351,19,18,TP1,330,841,Crawfordsville|4351|19|18,2022-07-12,True
UAV/Crawfordsville/TP1/Crawfordsville-TP1-4351_19_19.PNG,,RGBA,Crawfordsville,4351,19,19,TP1,329,840,Crawfordsville|4351|19|19,2022-07-12,True
UAV/Crawfordsville/TP1/Crawfordsville-TP1-4351_19_20.PNG,,RGBA,Crawfordsville,4351,19,20,TP1,330,841,Crawfordsville|4351|19|20,2022-07-12,True
UAV/Crawfordsville/TP1/Crawfordsville-TP1-4351_20_13.PNG,,RGBA,Crawfordsville,4351,20,13,TP1,332,842,Crawfordsville|4351|20|13,2022-07-12,True
UAV/Crawfordsville/TP1/Crawfordsville-TP1-4351_20_14.PNG,,RGBA,Crawfordsville,4351,20,14,TP1,331,841,Crawfordsville|4351|20|14,2022-07-12,True
UAV/Crawfordsville/TP1/Crawfordsville-TP1-4351_20_15.PNG,,RGBA,Crawfordsville,4351,20,15,TP1,331,840,Crawfordsville|4351|20|15,2022-07-12,True
UAV/Crawfordsville/TP1/Crawfordsville-TP1-4351_20_16.PNG,,RGBA,Crawfordsville,4351,20,16,TP1,331,841,Crawfordsville|4351|20|16,2022-07-12,True
UAV/Crawfordsville/TP1/Crawfordsville-TP1-4351_20_17.PNG,,RGBA,Crawfordsville,4351,20,17,TP1,330,840,Crawfordsville|4351|20|17,2022-07-12,True
UAV/Crawfordsville/TP1/Crawfordsville-TP1-4351_20_18.PNG,,RGBA,Crawfordsville,4351,20,18,TP1,330,841,Crawfordsville|4351|20|18,2022-07-12,True
UAV/Crawfordsville/TP1/Crawfordsville-TP1-4351_20_19.PNG,,RGBA,Crawfordsville,4351,20,19,TP1,330,840,Crawfordsville|4351|20|19,2022-07-12,True
UAV/Crawfordsville/TP1/Crawfordsville-TP1-4351_20_20.PNG,,RGBA,Crawfordsville,4351,20,20,TP1,330,841,Crawfordsville|4351|20|20,2022-07-12,True
UAV/Crawfordsville/TP1/Crawfordsville-TP1-4351_21_13.PNG,,RGBA,Crawfordsville,4351,21,13,TP1,331,841,Crawfordsville|4351|21|13,2022-07-12,True
UAV/Crawfordsville/TP1/Crawfordsville-TP1-4351_21_14.PNG,,RGBA,Crawfordsville,4351,21,14,TP1,332,840,Crawfordsville|4351|21|14,2022-07-12,True
UAV/Crawfordsville/TP1/Crawfordsville-TP1-4351_21_15.PNG,,RGBA,Crawfordsville,4351,21,15,TP1,331,841,Crawfordsville|4351|21|15,2022-07-12,True
UAV/Crawfordsville/TP1/Crawfordsville-TP1-4351_21_16.PNG,,RGBA,Crawfordsville,4351,21,16,TP1,331,841,Crawfordsville|4351|21|16,2022-07-12,True
UAV/Crawfordsville/TP1/Crawfordsville-TP1-4351_21_17.PNG,,RGBA,Crawfordsville,4351,21,17,TP1,331,841,Crawfordsville|4351|21|17,2022-07-12,True
UAV/Crawfordsville/TP1/Crawfordsville-TP1-4351_21_18.PNG,,RGBA,Crawfordsville,4351,21,18,TP1,330,841,Crawfordsville|4351|21|18,2022-07-12,True
UAV/Crawfordsville/TP1/Crawfordsville-TP1-4351_21_19.PNG,,RGBA,Crawfordsville,4351,21,19,TP1,330,841,Crawfordsville|4351|21|19,2022-07-12,True
UAV/Crawfordsville/TP1/Crawfordsville-TP1-4351_21_20.PNG,,RGBA,Crawfordsville,4351,21,20,TP1,330,841,Crawfordsville|4351|21|20,2022-07-12,True
UAV/Crawfordsville/TP1/Crawfordsville-TP1-4351_22_13.PNG,,RGBA,Crawfordsville,4351,22,13,TP1,331,841,Crawfordsville|4351|22|13,2022-07-12,True
UAV/Crawfordsville/TP1/Crawfordsville-TP1-4351_22_14.PNG,,RGBA,Crawfordsville,4351,22,14,TP1,331,841,Crawfordsville|4351|22|14,2022-07-12,True
UAV/Crawfordsville/TP1/Crawfordsville-TP1-4351_22_15.PNG,,RGBA,Crawfordsville,4351,22,15,TP1,331,841,Crawfordsville|4351|22|15,2022-07-12,True
UAV/Crawfordsville/TP1/Crawfordsville-TP1-4351_22_16.PNG,,RGBA,Crawfordsville,4351,22,16,TP1,331,841,Crawfordsville|4351|22|16,2022-07-12,True
UAV/Crawfordsville/TP1/Crawfordsville-TP1-4351_22_17.PNG,,RGBA,Crawfordsville,4351,22,17,TP1,331,841,Crawfordsville|4351|22|17,2022-07-12,True
UAV/Crawfordsville/TP1/Crawfordsville-TP1-4351_22_18.PNG,,RGBA,Crawfordsville,4351,22,18,TP1,331,840,Crawfordsville|4351|22|18,2022-07-12,True
UAV/Crawfordsville/TP1/Crawfordsville-TP1-4351_22_19.PNG,,RGBA,Crawfordsville,4351,22,19,TP1,331,841,Crawfordsville|4351|22|19,2022-07-12,True
UAV/Crawfordsville/TP1/Crawfordsville-TP1-4351_22_20.PNG,,RGBA,Crawfordsville,4351,22,20,TP1,330,840,Crawfordsville|4351|22|20,2022-07-12,True
UAV/Crawfordsville/TP1/Crawfordsville-TP1-4351_23_13.PNG,,RGBA,Crawfordsville,4351,23,13,TP1,332,841,Crawfordsville|4351|23|13,2022-07-12,True
UAV/Crawfordsville/TP1/Crawfordsville-TP1-4351_23_14.PNG,,RGBA,Crawfordsville,4351,23,14,TP1,332,840,Crawfordsville|4351|23|14,2022-07-12,True
UAV/Crawfordsville/TP1/Crawfordsville-TP1-4351_23_15.PNG,,RGBA,Crawfordsville,4351,23,15,TP1,331,841,Crawfordsville|4351|23|15,2022-07-12,True
UAV/Crawfordsville/TP1/Crawfordsville-TP1-4351_23_16.PNG,,RGBA,Crawfordsville,4351,23,16,TP1,331,841,Crawfordsville|4351|23|16,2022-07-12,True
UAV/Crawfordsville/TP1/Crawfordsville-TP1-4351_23_17.PNG,,RGBA,Crawfordsville,4351,23,17,TP1,331,840,Crawfordsville|4351|23|17,2022-07-12,True
UAV/Crawfordsville/TP1/Crawfordsville-TP1-4351_23_18.PNG,,RGBA,Crawfordsville,4351,23,18,TP1,330,840,Crawfordsville|4351|23|18,2022-07-12,True
UAV/Crawfordsville/TP1/Crawfordsville-TP1-4351_23_19.PNG,,RGBA,Crawfordsville,4351,23,19,TP1,331,841,Crawfordsville|4351|23|19,2022-07-12,True
UAV/Crawfordsville/TP1/Crawfordsville-TP1-4351_23_20.PNG,,RGBA,Crawfordsville,4351,23,20,TP1,331,840,Crawfordsville|4351|23|20,2022-07-12,True
UAV/Crawfordsville/TP1/Crawfordsville-TP1-4351_2_13.PNG,,RGBA,Crawfordsville,4351,2,13,TP1,327,842,Crawfordsville|4351|2|13,2022-07-12,True
UAV/Crawfordsville/TP1/Crawfordsville-TP1-4351_2_14.PNG,,RGBA,Crawfordsville,4351,2,14,TP1,327,842,Crawfordsville|4351|2|14,2022-07-12,True
UAV/Crawfordsville/TP1/Crawfordsville-TP1-4351_2_15.PNG,,RGBA,Crawfordsville,4351,2,15,TP1,326,842,Crawfordsville|4351|2|15,2022-07-12,True
UAV/Crawfordsville/TP1/Crawfordsville-TP1-4351_2_16.PNG,,RGBA,Crawfordsville,4351,2,16,TP1,326,843,Crawfordsville|4351|2|16,2022-07-12,True
UAV/Crawfordsville/TP1/Crawfordsville-TP1-4351_2_17.PNG,,RGBA,Crawfordsville,4351,2,17,TP1,326,842,Crawfordsville|4351|2|17,2022-07-12,True
UAV/Crawfordsville/TP1/Crawfordsville-TP1-4351_2_18.PNG,,RGBA,Crawfordsville,4351,2,18,TP1,326,842,Crawfordsville|4351|2|18,2022-07-12,True
UAV/Crawfordsville/TP1/Crawfordsville-TP1-4351_2_19.PNG,,RGBA,Crawfordsville,4351,2,19,TP1,326,842,Crawfordsville|4351|2|19,2022-07-12,True
UAV/Crawfordsville/TP1/Crawfordsville-TP1-4351_2_20.PNG,,RGBA,Crawfordsville,4351,2,20,TP1,326,842,Crawfordsville|4351|2|20,2022-07-12,True
UAV/Crawfordsville/TP1/Crawfordsville-TP1-4351_3_13.PNG,,RGBA,Crawfordsville,4351,3,13,TP1,327,843,Crawfordsville|4351|3|13,2022-07-12,True
UAV/Crawfordsville/TP1/Crawfordsville-TP1-4351_3_14.PNG,,RGBA,Crawfordsville,4351,3,14,TP1,328,842,Crawfordsville|4351|3|14,2022-07-12,True
UAV/Crawfordsville/TP1/Crawfordsville-TP1-4351_3_15.PNG,,RGBA,Crawfordsville,4351,3,15,TP1,327,842,Crawfordsville|4351|3|15,2022-07-12,True
UAV/Crawfordsville/TP1/Crawfordsville-TP1-4351_3_16.PNG,,RGBA,Crawfordsville,4351,3,16,TP1,326,842,Crawfordsville|4351|3|16,2022-07-12,True
UAV/Crawfordsville/TP1/Crawfordsville-TP1-4351_3_17.PNG,,RGBA,Crawfordsville,4351,3,17,TP1,327,842,Crawfordsville|4351|3|17,2022-07-12,True
UAV/Crawfordsville/TP1/Crawfordsville-TP1-4351_3_18.PNG,,RGBA,Crawfordsville,4351,3,18,TP1,326,842,Crawfordsville|4351|3|18,2022-07-12,True
UAV/Crawfordsville/TP1/Crawfordsville-TP1-4351_3_19.PNG,,RGBA,Crawfordsville,4351,3,19,TP1,325,842,Crawfordsville|4351|3|19,2022-07-12,True
UAV/Crawfordsville/TP1/Crawfordsville-TP1-4351_3_20.PNG,,RGBA,Crawfordsville,4351,3,20,TP1,326,842,Crawfordsville|4351|3|20,2022-07-12,True
UAV/Crawfordsville/TP1/Crawfordsville-TP1-4351_4_13.PNG,,RGBA,Crawfordsville,4351,4,13,TP1,327,842,Crawfordsville|4351|4|13,2022-07-12,True
UAV/Crawfordsville/TP1/Crawfordsville-TP1-4351_4_14.PNG,,RGBA,Crawfordsville,4351,4,14,TP1,327,842,Crawfordsville|4351|4|14,2022-07-12,True
UAV/Crawfordsville/TP1/Crawfordsville-TP1-4351_4_15.PNG,,RGBA,Crawfordsville,4351,4,15,TP1,327,842,Crawfordsville|4351|4|15,2022-07-12,True
UAV/Crawfordsville/TP1/Crawfordsville-TP1-4351_4_16.PNG,,RGBA,Crawfordsville,4351,4,16,TP1,326,842,Crawfordsville|4351|4|16,2022-07-12,True
UAV/Crawfordsville/TP1/Crawfordsville-TP1-4351_4_17.PNG,,RGBA,Crawfordsville,4351,4,17,TP1,327,842,Crawfordsville|4351|4|17,2022-07-12,True
UAV/Crawfordsville/TP1/Crawfordsville-TP1-4351_4_18.PNG,,RGBA,Crawfordsville,4351,4,18,TP1,327,841,Crawfordsville|4351|4|18,2022-07-12,True
UAV/Crawfordsville/TP1/Crawfordsville-TP1-4351_4_19.PNG,,RGBA,Crawfordsville,4351,4,19,TP1,326,842,Crawfordsville|4351|4|19,2022-07-12,True
UAV/Crawfordsville/TP1/Crawfordsville-TP1-4351_4_20.PNG,,RGBA,Crawfordsville,4351,4,20,TP1,326,842,Crawfordsville|4351|4|20,2022-07-12,True
UAV/Crawfordsville/TP1/Crawfordsville-TP1-4351_5_13.PNG,,RGBA,Crawfordsville,4351,5,13,TP1,328,842,Crawfordsville|4351|5|13,2022-07-12,True
UAV/Crawfordsville/TP1/Crawfordsville-TP1-4351_5_14.PNG,,RGBA,Crawfordsville,4351,5,14,TP1,328,842,Crawfordsville|4351|5|14,2022-07-12,True
UAV/Crawfordsville/TP1/Crawfordsville-TP1-4351_5_15.PNG,,RGBA,Crawfordsville,4351,5,15,TP1,328,842,Crawfordsville|4351|5|15,2022-07-12,True
UAV/Crawfordsville/TP1/Crawfordsville-TP1-4351_5_16.PNG,,RGBA,Crawfordsville,4351,5,16,TP1,327,842,Crawfordsville|4351|5|16,2022-07-12,True
UAV/Crawfordsville/TP1/Crawfordsville-TP1-4351_5_17.PNG,,RGBA,Crawfordsville,4351,5,17,TP1,326,842,Crawfordsville|4351|5|17,2022-07-12,True
UAV/Crawfordsville/TP1/Crawfordsville-TP1-4351_5_18.PNG,,RGBA,Crawfordsville,4351,5,18,TP1,326,842,Crawfordsville|4351|5|18,2022-07-12,True
UAV/Crawfordsville/TP1/Crawfordsville-TP1-4351_5_19.PNG,,RGBA,Crawfordsville,4351,5,19,TP1,326,842,Crawfordsville|4351|5|19,2022-07-12,True
UAV/Crawfordsville/TP1/Crawfordsville-TP1-4351_5_20.PNG,,RGBA,Crawfordsville,4351,5,20,TP1,326,842,Crawfordsville|4351|5|20,2022-07-12,True
UAV/Crawfordsville/TP1/Crawfordsville-TP1-4351_6_13.PNG,,RGBA,Crawfordsville,4351,6,13,TP1,328,842,Crawfordsville|4351|6|13,2022-07-12,True
UAV/Crawfordsville/TP1/Crawfordsville-TP1-4351_6_14.PNG,,RGBA,Crawfordsville,4351,6,14,TP1,327,842,Crawfordsville|4351|6|14,2022-07-12,True
UAV/Crawfordsville/TP1/Crawfordsville-TP1-4351_6_15.PNG,,RGBA,Crawfordsville,4351,6,15,TP1,327,842,Crawfordsville|4351|6|15,2022-07-12,True
UAV/Crawfordsville/TP1/Crawfordsville-TP1-4351_6_16.PNG,,RGBA,Crawfordsville,4351,6,16,TP1,328,842,Crawfordsville|4351|6|16,2022-07-12,True
UAV/Crawfordsville/TP1/Crawfordsville-TP1-4351_6_17.PNG,,RGBA,Crawfordsville,4351,6,17,TP1,327,842,Crawfordsville|4351|6|17,2022-07-12,True
UAV/Crawfordsville/TP1/Crawfordsville-TP1-4351_6_18.PNG,,RGBA,Crawfordsville,4351,6,18,TP1,327,842,Crawfordsville|4351|6|18,2022-07-12,True
UAV/Crawfordsville/TP1/Crawfordsville-TP1-4351_6_19.PNG,,RGBA,Crawfordsville,4351,6,19,TP1,327,841,Crawfordsville|4351|6|19,2022-07-12,True
UAV/Crawfordsville/TP1/Crawfordsville-TP1-4351_6_20.PNG,,RGBA,Crawfordsville,4351,6,20,TP1,326,842,Crawfordsville|4351|6|20,2022-07-12,True
UAV/Crawfordsville/TP1/Crawfordsville-TP1-4351_7_13.PNG,,RGBA,Crawfordsville,4351,7,13,TP1,329,842,Crawfordsville|4351|7|13,2022-07-12,True
UAV/Crawfordsville/TP1/Crawfordsville-TP1-4351_7_14.PNG,,RGBA,Crawfordsville,4351,7,14,TP1,328,842,Crawfordsville|4351|7|14,2022-07-12,True
UAV/Crawfordsville/TP1/Crawfordsville-TP1-4351_7_15.PNG,,RGBA,Crawfordsville,4351,7,15,TP1,327,842,Crawfordsville|4351|7|15,2022-07-12,True
UAV/Crawfordsville/TP1/Crawfordsville-TP1-4351_7_16.PNG,,RGBA,Crawfordsville,4351,7,16,TP1,328,842,Crawfordsville|4351|7|16,2022-07-12,True
UAV/Crawfordsville/TP1/Crawfordsville-TP1-4351_7_17.PNG,,RGBA,Crawfordsville,4351,7,17,TP1,327,841,Crawfordsville|4351|7|17,2022-07-12,True
UAV/Crawfordsville/TP1/Crawfordsville-TP1-4351_7_18.PNG,,RGBA,Crawfordsville,4351,7,18,TP1,327,842,Crawfordsville|4351|7|18,2022-07-12,True
UAV/Crawfordsville/TP1/Crawfordsville-TP1-4351_7_19.PNG,,RGBA,Crawfordsville,4351,7,19,TP1,327,841,Crawfordsville|4351|7|19,2022-07-12,True
UAV/Crawfordsville/TP1/Crawfordsville-TP1-4351_7_20.PNG,,RGBA,Crawfordsville,4351,7,20,TP1,326,842,Crawfordsville|4351|7|20,2022-07-12,True
UAV/Crawfordsville/TP1/Crawfordsville-TP1-4351_8_13.PNG,,RGBA,Crawfordsville,4351,8,13,TP1,328,842,Crawfordsville|4351|8|13,2022-07-12,True
UAV/Crawfordsville/TP1/Crawfordsville-TP1-4351_8_14.PNG,,RGBA,Crawfordsville,4351,8,14,TP1,329,842,Crawfordsville|4351|8|14,2022-07-12,True
UAV/Crawfordsville/TP1/Crawfordsville-TP1-4351_8_15.PNG,,RGBA,Crawfordsville,4351,8,15,TP1,328,842,Crawfordsville|4351|8|15,2022-07-12,True
UAV/Crawfordsville/TP1/Crawfordsville-TP1-4351_8_16.PNG,,RGBA,Crawfordsville,4351,8,16,TP1,328,841,Crawfordsville|4351|8|16,2022-07-12,True
UAV/Crawfordsville/TP1/Crawfordsville-TP1-4351_8_17.PNG,,RGBA,Crawfordsville,4351,8,17,TP1,327,842,Crawfordsville|4351|8|17,2022-07-12,True
UAV/Crawfordsville/TP1/Crawfordsville-TP1-4351_8_18.PNG,,RGBA,Crawfordsville,4351,8,18,TP1,327,842,Crawfordsville|4351|8|18,2022-07-12,True
UAV/Crawfordsville/TP1/Crawfordsville-TP1-4351_8_19.PNG,,RGBA,Crawfordsville,4351,8,19,TP1,327,841,Crawfordsville|4351|8|19,2022-07-12,True
UAV/Crawfordsville/TP1/Crawfordsville-TP1-4351_8_20.PNG,,RGBA,Crawfordsville,4351,8,20,TP1,327,842,Crawfordsville|4351|8|20,2022-07-12,True
UAV/Crawfordsville/TP1/Crawfordsville-TP1-4351_9_13.PNG,,RGBA,Crawfordsville,4351,9,13,TP1,328,842,Crawfordsville|4351|9|13,2022-07-12,True
UAV/Crawfordsville/TP1/Crawfordsville-TP1-4351_9_14.PNG,,RGBA,Crawfordsville,4351,9,14,TP1,328,842,Crawfordsville|4351|9|14,2022-07-12,True
UAV/Crawfordsville/TP1/Crawfordsville-TP1-4351_9_15.PNG,,RGBA,Crawfordsville,4351,9,15,TP1,328,841,Crawfordsville|4351|9|15,2022-07-12,True
UAV/Crawfordsville/TP1/Crawfordsville-TP1-4351_9_16.PNG,,RGBA,Crawfordsville,4351,9,16,TP1,328,842,Crawfordsville|4351|9|16,2022-07-12,True
UAV/Crawfordsville/TP1/Crawfordsville-TP1-4351_9_17.PNG,,RGBA,Crawfordsville,4351,9,17,TP1,328,842,Crawfordsville|4351|9|17,2022-07-12,True
UAV/Crawfordsville/TP1/Crawfordsville-TP1-4351_9_18.PNG,,RGBA,Crawfordsville,4351,9,18,TP1,328,841,Crawfordsville|4351|9|18,2022-07-12,True
UAV/Crawfordsville/TP1/Crawfordsville-TP1-4351_9_19.PNG,,RGBA,Crawfordsville,4351,9,19,TP1,327,841,Crawfordsville|4351|9|19,2022-07-12,True
UAV/Crawfordsville/TP1/Crawfordsville-TP1-4351_9_20.PNG,,RGBA,Crawfordsville,4351,9,20,TP1,327,842,Crawfordsville|4351|9|20,2022-07-12,True
UAV/Crawfordsville/TP1/Crawfordsville-TP1-4352_10_2.PNG,,RGBA,Crawfordsville,4352,10,2,TP1,324,836,Crawfordsville|4352|10|2,2022-07-12,True
UAV/Crawfordsville/TP1/Crawfordsville-TP1-4352_10_3.PNG,,RGBA,Crawfordsville,4352,10,3,TP1,324,836,Crawfordsville|4352|10|3,2022-07-12,True
UAV/Crawfordsville/TP1/Crawfordsville-TP1-4352_10_4.PNG,,RGBA,Crawfordsville,4352,10,4,TP1,324,836,Crawfordsville|4352|10|4,2022-07-12,True
UAV/Crawfordsville/TP1/Crawfordsville-TP1-4352_10_5.PNG,,RGBA,Crawfordsville,4352,10,5,TP1,324,836,Crawfordsville|4352|10|5,2022-07-12,True
UAV/Crawfordsville/TP1/Crawfordsville-TP1-4352_10_6.PNG,,RGBA,Crawfordsville,4352,10,6,TP1,324,836,Crawfordsville|4352|10|6,2022-07-12,True
UAV/Crawfordsville/TP1/Crawfordsville-TP1-4352_10_7.PNG,,RGBA,Crawfordsville,4352,10,7,TP1,324,836,Crawfordsville|4352|10|7,2022-07-12,True
UAV/Crawfordsville/TP1/Crawfordsville-TP1-4352_10_8.PNG,,RGBA,Crawfordsville,4352,10,8,TP1,324,836,Crawfordsville|4352|10|8,2022-07-12,True
UAV/Crawfordsville/TP1/Crawfordsville-TP1-4352_10_9.PNG,,RGBA,Crawfordsville,4352,10,9,TP1,324,836,Crawfordsville|4352|10|9,2022-07-12,True
UAV/Crawfordsville/TP1/Crawfordsville-TP1-4352_11_2.PNG,,RGBA,Crawfordsville,4352,11,2,TP1,325,836,Crawfordsville|4352|11|2,2022-07-12,True
UAV/Crawfordsville/TP1/Crawfordsville-TP1-4352_11_3.PNG,,RGBA,Crawfordsville,4352,11,3,TP1,325,836,Crawfordsville|4352|11|3,2022-07-12,True
UAV/Crawfordsville/TP1/Crawfordsville-TP1-4352_11_4.PNG,,RGBA,Crawfordsville,4352,11,4,TP1,324,836,Crawfordsville|4352|11|4,2022-07-12,True
UAV/Crawfordsville/TP1/Crawfordsville-TP1-4352_11_5.PNG,,RGBA,Crawfordsville,4352,11,5,TP1,324,836,Crawfordsville|4352|11|5,2022-07-12,True
UAV/Crawfordsville/TP1/Crawfordsville-TP1-4352_11_6.PNG,,RGBA,Crawfordsville,4352,11,6,TP1,324,837,Crawfordsville|4352|11|6,2022-07-12,True
UAV/Crawfordsville/TP1/Crawfordsville-TP1-4352_11_7.PNG,,RGBA,Crawfordsville,4352,11,7,TP1,324,837,Crawfordsville|4352|11|7,2022-07-12,True
UAV/Crawfordsville/TP1/Crawfordsville-TP1-4352_11_8.PNG,,RGBA,Crawfordsville,4352,11,8,TP1,324,837,Crawfordsville|4352|11|8,2022-07-12,True
UAV/Crawfordsville/TP1/Crawfordsville-TP1-4352_11_9.PNG,,RGBA,Crawfordsville,4352,11,9,TP1,324,837,Crawfordsville|4352|11|9,2022-07-12,True
UAV/Crawfordsville/TP1/Crawfordsville-TP1-4352_12_2.PNG,,RGBA,Crawfordsville,4352,12,2,TP1,324,837,Crawfordsville|4352|12|2,2022-07-12,True
UAV/Crawfordsville/TP1/Crawfordsville-TP1-4352_12_3.PNG,,RGBA,Crawfordsville,4352,12,3,TP1,324,837,Crawfordsville|4352|12|3,2022-07-12,True
UAV/Crawfordsville/TP1/Crawfordsville-TP1-4352_12_4.PNG,,RGBA,Crawfordsville,4352,12,4,TP1,325,837,Crawfordsville|4352|12|4,2022-07-12,True
UAV/Crawfordsville/TP1/Crawfordsville-TP1-4352_12_5.PNG,,RGBA,Crawfordsville,4352,12,5,TP1,325,837,Crawfordsville|4352|12|5,2022-07-12,True
UAV/Crawfordsville/TP1/Crawfordsville-TP1-4352_12_6.PNG,,RGBA,Crawfordsville,4352,12,6,TP1,324,837,Crawfordsville|4352|12|6,2022-07-12,True
UAV/Crawfordsville/TP1/Crawfordsville-TP1-4352_12_7.PNG,,RGBA,Crawfordsville,4352,12,7,TP1,324,836,Crawfordsville|4352|12|7,2022-07-12,True
UAV/Crawfordsville/TP1/Crawfordsville-TP1-4352_12_8.PNG,,RGBA,Crawfordsville,4352,12,8,TP1,324,836,Crawfordsville|4352|12|8,2022-07-12,True
UAV/Crawfordsville/TP1/Crawfordsville-TP1-4352_12_9.PNG,,RGBA,Crawfordsville,4352,12,9,TP1,324,836,Crawfordsville|4352|12|9,2022-07-12,True
UAV/Crawfordsville/TP1/Crawfordsville-TP1-4352_13_2.PNG,,RGBA,Crawfordsville,4352,13,2,TP1,325,837,Crawfordsville|4352|13|2,2022-07-12,True
UAV/Crawfordsville/TP1/Crawfordsville-TP1-4352_13_3.PNG,,RGBA,Crawfordsville,4352,13,3,TP1,324,836,Crawfordsville|4352|13|3,2022-07-12,True
UAV/Crawfordsville/TP1/Crawfordsville-TP1-4352_13_4.PNG,,RGBA,Crawfordsville,4352,13,4,TP1,324,836,Crawfordsville|4352|13|4,2022-07-12,True
UAV/Crawfordsville/TP1/Crawfordsville-TP1-4352_13_5.PNG,,RGBA,Crawfordsville,4352,13,5,TP1,324,836,Crawfordsville|4352|13|5,2022-07-12,True
UAV/Crawfordsville/TP1/Crawfordsville-TP1-4352_13_6.PNG,,RGBA,Crawfordsville,4352,13,6,TP1,324,836,Crawfordsville|4352|13|6,2022-07-12,True
UAV/Crawfordsville/TP1/Crawfordsville-TP1-4352_13_7.PNG,,RGBA,Crawfordsville,4352,13,7,TP1,324,836,Crawfordsville|4352|13|7,2022-07-12,True
UAV/Crawfordsville/TP1/Crawfordsville-TP1-4352_13_8.PNG,,RGBA,Crawfordsville,4352,13,8,TP1,325,836,Crawfordsville|4352|13|8,2022-07-12,True
UAV/Crawfordsville/TP1/Crawfordsville-TP1-4352_13_9.PNG,,RGBA,Crawfordsville,4352,13,9,TP1,324,837,Crawfordsville|4352|13|9,2022-07-12,True
UAV/Crawfordsville/TP1/Crawfordsville-TP1-4352_14_2.PNG,,RGBA,Crawfordsville,4352,14,2,TP1,324,836,Crawfordsville|4352|14|2,2022-07-12,True
UAV/Crawfordsville/TP1/Crawfordsville-TP1-4352_14_3.PNG,,RGBA,Crawfordsville,4352,14,3,TP1,325,836,Crawfordsville|4352|14|3,2022-07-12,True
UAV/Crawfordsville/TP1/Crawfordsville-TP1-4352_14_4.PNG,,RGBA,Crawfordsville,4352,14,4,TP1,325,836,Crawfordsville|4352|14|4,2022-07-12,True
UAV/Crawfordsville/TP1/Crawfordsville-TP1-4352_14_5.PNG,,RGBA,Crawfordsville,4352,14,5,TP1,325,836,Crawfordsville|4352|14|5,2022-07-12,True
UAV/Crawfordsville/TP1/Crawfordsville-TP1-4352_14_6.PNG,,RGBA,Crawfordsville,4352,14,6,TP1,325,837,Crawfordsville|4352|14|6,2022-07-12,True
UAV/Crawfordsville/TP1/Crawfordsville-TP1-4352_14_7.PNG,,RGBA,Crawfordsville,4352,14,7,TP1,324,837,Crawfordsville|4352|14|7,2022-07-12,True
UAV/Crawfordsville/TP1/Crawfordsville-TP1-4352_14_8.PNG,,RGBA,Crawfordsville,4352,14,8,TP1,324,837,Crawfordsville|4352|14|8,2022-07-12,True
UAV/Crawfordsville/TP1/Crawfordsville-TP1-4352_14_9.PNG,,RGBA,Crawfordsville,4352,14,9,TP1,324,837,Crawfordsville|4352|14|9,2022-07-12,True
UAV/Crawfordsville/TP1/Crawfordsville-TP1-4352_15_2.PNG,,RGBA,Crawfordsville,4352,15,2,TP1,324,836,Crawfordsville|4352|15|2,2022-07-12,True
UAV/Crawfordsville/TP1/Crawfordsville-TP1-4352_15_3.PNG,,RGBA,Crawfordsville,4352,15,3,TP1,324,836,Crawfordsville|4352|15|3,2022-07-12,True
UAV/Crawfordsville/TP1/Crawfordsville-TP1-4352_15_4.PNG,,RGBA,Crawfordsville,4352,15,4,TP1,324,836,Crawfordsville|4352|15|4,2022-07-12,True
UAV/Crawfordsville/TP1/Crawfordsville-TP1-4352_15_5.PNG,,RGBA,Crawfordsville,4352,15,5,TP1,324,837,Crawfordsville|4352|15|5,2022-07-12,True
UAV/Crawfordsville/TP1/Crawfordsville-TP1-4352_15_6.PNG,,RGBA,Crawfordsville,4352,15,6,TP1,324,837,Crawfordsville|4352|15|6,2022-07-12,True
UAV/Crawfordsville/TP1/Crawfordsville-TP1-4352_15_7.PNG,,RGBA,Crawfordsville,4352,15,7,TP1,324,836,Crawfordsville|4352|15|7,2022-07-12,True
UAV/Crawfordsville/TP1/Crawfordsville-TP1-4352_15_8.PNG,,RGBA,Crawfordsville,4352,15,8,TP1,324,836,Crawfordsville|4352|15|8,2022-07-12,True
UAV/Crawfordsville/TP1/Crawfordsville-TP1-4352_15_9.PNG,,RGBA,Crawfordsville,4352,15,9,TP1,324,836,Crawfordsville|4352|15|9,2022-07-12,True
UAV/Crawfordsville/TP1/Crawfordsville-TP1-4352_16_2.PNG,,RGBA,Crawfordsville,4352,16,2,TP1,325,836,Crawfordsville|4352|16|2,2022-07-12,True
UAV/Crawfordsville/TP1/Crawfordsville-TP1-4352_16_3.PNG,,RGBA,Crawfordsville,4352,16,3,TP1,325,837,Crawfordsville|4352|16|3,2022-07-12,True
UAV/Crawfordsville/TP1/Crawfordsville-TP1-4352_16_4.PNG,,RGBA,Crawfordsville,4352,16,4,TP1,325,837,Crawfordsville|4352|16|4,2022-07-12,True
UAV/Crawfordsville/TP1/Crawfordsville-TP1-4352_16_5.PNG,,RGBA,Crawfordsville,4352,16,5,TP1,325,837,Crawfordsville|4352|16|5,2022-07-12,True
UAV/Crawfordsville/TP1/Crawfordsville-TP1-4352_16_6.PNG,,RGBA,Crawfordsville,4352,16,6,TP1,325,836,Crawfordsville|4352|16|6,2022-07-12,True
UAV/Crawfordsville/TP1/Crawfordsville-TP1-4352_16_7.PNG,,RGBA,Crawfordsville,4352,16,7,TP1,324,836,Crawfordsville|4352|16|7,2022-07-12,True
UAV/Crawfordsville/TP1/Crawfordsville-TP1-4352_16_8.PNG,,RGBA,Crawfordsville,4352,16,8,TP1,324,837,Crawfordsville|4352|16|8,2022-07-12,True
UAV/Crawfordsville/TP1/Crawfordsville-TP1-4352_16_9.PNG,,RGBA,Crawfordsville,4352,16,9,TP1,324,837,Crawfordsville|4352|16|9,2022-07-12,True
UAV/Crawfordsville/TP1/Crawfordsville-TP1-4352_17_2.PNG,,RGBA,Crawfordsville,4352,17,2,TP1,324,836,Crawfordsville|4352|17|2,2022-07-12,True
UAV/Crawfordsville/TP1/Crawfordsville-TP1-4352_17_3.PNG,,RGBA,Crawfordsville,4352,17,3,TP1,324,837,Crawfordsville|4352|17|3,2022-07-12,True
UAV/Crawfordsville/TP1/Crawfordsville-TP1-4352_17_4.PNG,,RGBA,Crawfordsville,4352,17,4,TP1,324,836,Crawfordsville|4352|17|4,2022-07-12,True
UAV/Crawfordsville/TP1/Crawfordsville-TP1-4352_17_5.PNG,,RGBA,Crawfordsville,4352,17,5,TP1,324,836,Crawfordsville|4352|17|5,2022-07-12,True
UAV/Crawfordsville/TP1/Crawfordsville-TP1-4352_17_6.PNG,,RGBA,Crawfordsville,4352,17,6,TP1,325,837,Crawfordsville|4352|17|6,2022-07-12,True
UAV/Crawfordsville/TP1/Crawfordsville-TP1-4352_17_7.PNG,,RGBA,Crawfordsville,4352,17,7,TP1,325,837,Crawfordsville|4352|17|7,2022-07-12,True
UAV/Crawfordsville/TP1/Crawfordsville-TP1-4352_17_8.PNG,,RGBA,Crawfordsville,4352,17,8,TP1,325,837,Crawfordsville|4352|17|8,2022-07-12,True
UAV/Crawfordsville/TP1/Crawfordsville-TP1-4352_17_9.PNG,,RGBA,Crawfordsville,4352,17,9,TP1,325,836,Crawfordsville|4352|17|9,2022-07-12,True
UAV/Crawfordsville/TP1/Crawfordsville-TP1-4352_18_2.PNG,,RGBA,Crawfordsville,4352,18,2,TP1,325,837,Crawfordsville|4352|18|2,2022-07-12,True
UAV/Crawfordsville/TP1/Crawfordsville-TP1-4352_18_3.PNG,,RGBA,Crawfordsville,4352,18,3,TP1,325,837,Crawfordsville|4352|18|3,2022-07-12,True
UAV/Crawfordsville/TP1/Crawfordsville-TP1-4352_18_4.PNG,,RGBA,Crawfordsville,4352,18,4,TP1,325,836,Crawfordsville|4352|18|4,2022-07-12,True
UAV/Crawfordsville/TP1/Crawfordsville-TP1-4352_18_5.PNG,,RGBA,Crawfordsville,4352,18,5,TP1,325,837,Crawfordsville|4352|18|5,2022-07-12,True
UAV/Crawfordsville/TP1/Crawfordsville-TP1-4352_18_6.PNG,,RGBA,Crawfordsville,4352,18,6,TP1,324,837,Crawfordsville|4352|18|6,2022-07-12,True
UAV/Crawfordsville/TP1/Crawfordsville-TP1-4352_18_7.PNG,,RGBA,Crawfordsville,4352,18,7,TP1,324,836,Crawfordsville|4352|18|7,2022-07-12,True
UAV/Crawfordsville/TP1/Crawfordsville-TP1-4352_18_8.PNG,,RGBA,Crawfordsville,4352,18,8,TP1,324,837,Crawfordsville|4352|18|8,2022-07-12,True
UAV/Crawfordsville/TP1/Crawfordsville-TP1-4352_18_9.PNG,,RGBA,Crawfordsville,4352,18,9,TP1,324,837,Crawfordsville|4352|18|9,2022-07-12,True
UAV/Crawfordsville/TP1/Crawfordsville-TP1-4352_19_2.PNG,,RGBA,Crawfordsville,4352,19,2,TP1,325,837,Crawfordsville|4352|19|2,2022-07-12,True
UAV/Crawfordsville/TP1/Crawfordsville-TP1-4352_19_3.PNG,,RGBA,Crawfordsville,4352,19,3,TP1,325,836,Crawfordsville|4352|19|3,2022-07-12,True
UAV/Crawfordsville/TP1/Crawfordsville-TP1-4352_19_4.PNG,,RGBA,Crawfordsville,4352,19,4,TP1,324,837,Crawfordsville|4352|19|4,2022-07-12,True
UAV/Crawfordsville/TP1/Crawfordsville-TP1-4352_19_5.PNG,,RGBA,Crawfordsville,4352,19,5,TP1,325,837,Crawfordsville|4352|19|5,2022-07-12,True
UAV/Crawfordsville/TP1/Crawfordsville-TP1-4352_19_6.PNG,,RGBA,Crawfordsville,4352,19,6,TP1,325,836,Crawfordsville|4352|19|6,2022-07-12,True
UAV/Crawfordsville/TP1/Crawfordsville-TP1-4352_19_7.PNG,,RGBA,Crawfordsville,4352,19,7,TP1,325,837,Crawfordsville|4352|19|7,2022-07-12,True
UAV/Crawfordsville/TP1/Crawfordsville-TP1-4352_19_8.PNG,,RGBA,Crawfordsville,4352,19,8,TP1,324,837,Crawfordsville|4352|19|8,2022-07-12,True
UAV/Crawfordsville/TP1/Crawfordsville-TP1-4352_19_9.PNG,,RGBA,Crawfordsville,4352,19,9,TP1,324,836,Crawfordsville|4352|19|9,2022-07-12,True
UAV/Crawfordsville/TP1/Crawfordsville-TP1-4352_20_2.PNG,,RGBA,Crawfordsville,4352,20,2,TP1,324,837,Crawfordsville|4352|20|2,2022-07-12,True
UAV/Crawfordsville/TP1/Crawfordsville-TP1-4352_20_3.PNG,,RGBA,Crawfordsville,4352,20,3,TP1,325,836,Crawfordsville|4352|20|3,2022-07-12,True
UAV/Crawfordsville/TP1/Crawfordsville-TP1-4352_20_4.PNG,,RGBA,Crawfordsville,4352,20,4,TP1,325,837,Crawfordsville|4352|20|4,2022-07-12,True
UAV/Crawfordsville/TP1/Crawfordsville-TP1-4352_20_5.PNG,,RGBA,Crawfordsville,4352,20,5,TP1,325,836,Crawfordsville|4352|20|5,2022-07-12,True
UAV/Crawfordsville/TP1/Crawfordsville-TP1-4352_20_6.PNG,,RGBA,Crawfordsville,4352,20,6,TP1,324,837,Crawfordsville|4352|20|6,2022-07-12,True
UAV/Crawfordsville/TP1/Crawfordsville-TP1-4352_20_7.PNG,,RGBA,Crawfordsville,4352,20,7,TP1,325,837,Crawfordsville|4352|20|7,2022-07-12,True
UAV/Crawfordsville/TP1/Crawfordsville-TP1-4352_20_8.PNG,,RGBA,Crawfordsville,4352,20,8,TP1,325,836,Crawfordsville|4352|20|8,2022-07-12,True
UAV/Crawfordsville/TP1/Crawfordsville-TP1-4352_20_9.PNG,,RGBA,Crawfordsville,4352,20,9,TP1,324,837,Crawfordsville|4352|20|9,2022-07-12,True
UAV/Crawfordsville/TP1/Crawfordsville-TP1-4352_21_2.PNG,,RGBA,Crawfordsville,4352,21,2,TP1,325,836,Crawfordsville|4352|21|2,2022-07-12,True
UAV/Crawfordsville/TP1/Crawfordsville-TP1-4352_21_3.PNG,,RGBA,Crawfordsville,4352,21,3,TP1,325,837,Crawfordsville|4352|21|3,2022-07-12,True
UAV/Crawfordsville/TP1/Crawfordsville-TP1-4352_21_4.PNG,,RGBA,Crawfordsville,4352,21,4,TP1,324,837,Crawfordsville|4352|21|4,2022-07-12,True
UAV/Crawfordsville/TP1/Crawfordsville-TP1-4352_21_5.PNG,,RGBA,Crawfordsville,4352,21,5,TP1,325,837,Crawfordsville|4352|21|5,2022-07-12,True
UAV/Crawfordsville/TP1/Crawfordsville-TP1-4352_21_6.PNG,,RGBA,Crawfordsville,4352,21,6,TP1,325,837,Crawfordsville|4352|21|6,2022-07-12,True
UAV/Crawfordsville/TP1/Crawfordsville-TP1-4352_21_7.PNG,,RGBA,Crawfordsville,4352,21,7,TP1,324,836,Crawfordsville|4352|21|7,2022-07-12,True
UAV/Crawfordsville/TP1/Crawfordsville-TP1-4352_21_8.PNG,,RGBA,Crawfordsville,4352,21,8,TP1,325,837,Crawfordsville|4352|21|8,2022-07-12,True
UAV/Crawfordsville/TP1/Crawfordsville-TP1-4352_21_9.PNG,,RGBA,Crawfordsville,4352,21,9,TP1,325,837,Crawfordsville|4352|21|9,2022-07-12,True
UAV/Crawfordsville/TP1/Crawfordsville-TP1-4352_22_2.PNG,,RGBA,Crawfordsville,4352,22,2,TP1,325,836,Crawfordsville|4352|22|2,2022-07-12,True
UAV/Crawfordsville/TP1/Crawfordsville-TP1-4352_22_3.PNG,,RGBA,Crawfordsville,4352,22,3,TP1,325,837,Crawfordsville|4352|22|3,2022-07-12,True
UAV/Crawfordsville/TP1/Crawfordsville-TP1-4352_22_4.PNG,,RGBA,Crawfordsville,4352,22,4,TP1,325,836,Crawfordsville|4352|22|4,2022-07-12,True
UAV/Crawfordsville/TP1/Crawfordsville-TP1-4352_22_5.PNG,,RGBA,Crawfordsville,4352,22,5,TP1,325,837,Crawfordsville|4352|22|5,2022-07-12,True
UAV/Crawfordsville/TP1/Crawfordsville-TP1-4352_22_6.PNG,,RGBA,Crawfordsville,4352,22,6,TP1,325,836,Crawfordsville|4352|22|6,2022-07-12,True
UAV/Crawfordsville/TP1/Crawfordsville-TP1-4352_22_7.PNG,,RGBA,Crawfordsville,4352,22,7,TP1,325,837,Crawfordsville|4352|22|7,2022-07-12,True
UAV/Crawfordsville/TP1/Crawfordsville-TP1-4352_22_8.PNG,,RGBA,Crawfordsville,4352,22,8,TP1,324,837,Crawfordsville|4352|22|8,2022-07-12,True
UAV/Crawfordsville/TP1/Crawfordsville-TP1-4352_22_9.PNG,,RGBA,Crawfordsville,4352,22,9,TP1,325,837,Crawfordsville|4352|22|9,2022-07-12,True
UAV/Crawfordsville/TP1/Crawfordsville-TP1-4352_23_2.PNG,,RGBA,Crawfordsville,4352,23,2,TP1,325,837,Crawfordsville|4352|23|2,2022-07-12,True
UAV/Crawfordsville/TP1/Crawfordsville-TP1-4352_23_3.PNG,,RGBA,Crawfordsville,4352,23,3,TP1,325,837,Crawfordsville|4352|23|3,2022-07-12,True
UAV/Crawfordsville/TP1/Crawfordsville-TP1-4352_23_4.PNG,,RGBA,Crawfordsville,4352,23,4,TP1,324,837,Crawfordsville|4352|23|4,2022-07-12,True
UAV/Crawfordsville/TP1/Crawfordsville-TP1-4352_23_5.PNG,,RGBA,Crawfordsville,4352,23,5,TP1,325,837,Crawfordsville|4352|23|5,2022-07-12,True
UAV/Crawfordsville/TP1/Crawfordsville-TP1-4352_23_6.PNG,,RGBA,Crawfordsville,4352,23,6,TP1,325,837,Crawfordsville|4352|23|6,2022-07-12,True
UAV/Crawfordsville/TP1/Crawfordsville-TP1-4352_23_7.PNG,,RGBA,Crawfordsville,4352,23,7,TP1,325,837,Crawfordsville|4352|23|7,2022-07-12,True
UAV/Crawfordsville/TP1/Crawfordsville-TP1-4352_23_8.PNG,,RGBA,Crawfordsville,4352,23,8,TP1,325,837,Crawfordsville|4352|23|8,2022-07-12,True
UAV/Crawfordsville/TP1/Crawfordsville-TP1-4352_23_9.PNG,,RGBA,Crawfordsville,4352,23,9,TP1,325,837,Crawfordsville|4352|23|9,2022-07-12,True
UAV/Crawfordsville/TP1/Crawfordsville-TP1-4352_2_2.PNG,,RGBA,Crawfordsville,4352,2,2,TP1,324,837,Crawfordsville|4352|2|2,2022-07-12,True
UAV/Crawfordsville/TP1/Crawfordsville-TP1-4352_2_3.PNG,,RGBA,Crawfordsville,4352,2,3,TP1,323,837,Crawfordsville|4352|2|3,2022-07-12,True
UAV/Crawfordsville/TP1/Crawfordsville-TP1-4352_2_4.PNG,,RGBA,Crawfordsville,4352,2,4,TP1,324,836,Crawfordsville|4352|2|4,2022-07-12,True
UAV/Crawfordsville/TP1/Crawfordsville-TP1-4352_2_5.PNG,,RGBA,Crawfordsville,4352,2,5,TP1,324,837,Crawfordsville|4352|2|5,2022-07-12,True
UAV/Crawfordsville/TP1/Crawfordsville-TP1-4352_2_6.PNG,,RGBA,Crawfordsville,4352,2,6,TP1,324,837,Crawfordsville|4352|2|6,2022-07-12,True
UAV/Crawfordsville/TP1/Crawfordsville-TP1-4352_2_7.PNG,,RGBA,Crawfordsville,4352,2,7,TP1,323,836,Crawfordsville|4352|2|7,2022-07-12,True
UAV/Crawfordsville/TP1/Crawfordsville-TP1-4352_2_8.PNG,,RGBA,Crawfordsville,4352,2,8,TP1,323,837,Crawfordsville|4352|2|8,2022-07-12,True
UAV/Crawfordsville/TP1/Crawfordsville-TP1-4352_2_9.PNG,,RGBA,Crawfordsville,4352,2,9,TP1,323,837,Crawfordsville|4352|2|9,2022-07-12,True
UAV/Crawfordsville/TP1/Crawfordsville-TP1-4352_3_2.PNG,,RGBA,Crawfordsville,4352,3,2,TP1,324,836,Crawfordsville|4352|3|2,2022-07-12,True
UAV/Crawfordsville/TP1/Crawfordsville-TP1-4352_3_3.PNG,,RGBA,Crawfordsville,4352,3,3,TP1,324,837,Crawfordsville|4352|3|3,2022-07-12,True
UAV/Crawfordsville/TP1/Crawfordsville-TP1-4352_3_4.PNG,,RGBA,Crawfordsville,4352,3,4,TP1,324,837,Crawfordsville|4352|3|4,2022-07-12,True
UAV/Crawfordsville/TP1/Crawfordsville-TP1-4352_3_5.PNG,,RGBA,Crawfordsville,4352,3,5,TP1,323,836,Crawfordsville|4352|3|5,2022-07-12,True
UAV/Crawfordsville/TP1/Crawfordsville-TP1-4352_3_6.PNG,,RGBA,Crawfordsville,4352,3,6,TP1,324,837,Crawfordsville|4352|3|6,2022-07-12,True
UAV/Crawfordsville/TP1/Crawfordsville-TP1-4352_3_7.PNG,,RGBA,Crawfordsville,4352,3,7,TP1,324,837,Crawfordsville|4352|3|7,2022-07-12,True
UAV/Crawfordsville/TP1/Crawfordsville-TP1-4352_3_8.PNG,,RGBA,Crawfordsville,4352,3,8,TP1,323,837,Crawfordsville|4352|3|8,2022-07-12,True
UAV/Crawfordsville/TP1/Crawfordsville-TP1-4352_3_9.PNG,,RGBA,Crawfordsville,4352,3,9,TP1,323,836,Crawfordsville|4352|3|9,2022-07-12,True
UAV/Crawfordsville/TP1/Crawfordsville-TP1-4352_4_2.PNG,,RGBA,Crawfordsville,4352,4,2,TP1,324,836,Crawfordsville|4352|4|2,2022-07-12,True
UAV/Crawfordsville/TP1/Crawfordsville-TP1-4352_4_3.PNG,,RGBA,Crawfordsville,4352,4,3,TP1,324,836,Crawfordsville|4352|4|3,2022-07-12,True
UAV/Crawfordsville/TP1/Crawfordsville-TP1-4352_4_4.PNG,,RGBA,Crawfordsville,4352,4,4,TP1,324,837,Crawfordsville|4352|4|4,2022-07-12,True
UAV/Crawfordsville/TP1/Crawfordsville-TP1-4352_4_5.PNG,,RGBA,Crawfordsville,4352,4,5,TP1,324,837,Crawfordsville|4352|4|5,2022-07-12,True
UAV/Crawfordsville/TP1/Crawfordsville-TP1-4352_4_6.PNG,,RGBA,Crawfordsville,4352,4,6,TP1,323,836,Crawfordsville|4352|4|6,2022-07-12,True
UAV/Crawfordsville/TP1/Crawfordsville-TP1-4352_4_7.PNG,,RGBA,Crawfordsville,4352,4,7,TP1,324,836,Crawfordsville|4352|4|7,2022-07-12,True
UAV/Crawfordsville/TP1/Crawfordsville-TP1-4352_4_8.PNG,,RGBA,Crawfordsville,4352,4,8,TP1,324,837,Crawfordsville|4352|4|8,2022-07-12,True
UAV/Crawfordsville/TP1/Crawfordsville-TP1-4352_4_9.PNG,,RGBA,Crawfordsville,4352,4,9,TP1,323,837,Crawfordsville|4352|4|9,2022-07-12,True
UAV/Crawfordsville/TP1/Crawfordsville-TP1-4352_5_2.PNG,,RGBA,Crawfordsville,4352,5,2,TP1,324,836,Crawfordsville|4352|5|2,2022-07-12,True
UAV/Crawfordsville/TP1/Crawfordsville-TP1-4352_5_3.PNG,,RGBA,Crawfordsville,4352,5,3,TP1,324,836,Crawfordsville|4352|5|3,2022-07-12,True
UAV/Crawfordsville/TP1/Crawfordsville-TP1-4352_5_4.PNG,,RGBA,Crawfordsville,4352,5,4,TP1,324,836,Crawfordsville|4352|5|4,2022-07-12,True
UAV/Crawfordsville/TP1/Crawfordsville-TP1-4352_5_5.PNG,,RGBA,Crawfordsville,4352,5,5,TP1,324,837,Crawfordsville|4352|5|5,2022-07-12,True
UAV/Crawfordsville/TP1/Crawfordsville-TP1-4352_5_6.PNG,,RGBA,Crawfordsville,4352,5,6,TP1,324,837,Crawfordsville|4352|5|6,2022-07-12,True
UAV/Crawfordsville/TP1/Crawfordsville-TP1-4352_5_7.PNG,,RGBA,Crawfordsville,4352,5,7,TP1,323,836,Crawfordsville|4352|5|7,2022-07-12,True
UAV/Crawfordsville/TP1/Crawfordsville-TP1-4352_5_8.PNG,,RGBA,Crawfordsville,4352,5,8,TP1,324,836,Crawfordsville|4352|5|8,2022-07-12,True
UAV/Crawfordsville/TP1/Crawfordsville-TP1-4352_5_9.PNG,,RGBA,Crawfordsville,4352,5,9,TP1,324,837,Crawfordsville|4352|5|9,2022-07-12,True
UAV/Crawfordsville/TP1/Crawfordsville-TP1-4352_6_2.PNG,,RGBA,Crawfordsville,4352,6,2,TP1,324,837,Crawfordsville|4352|6|2,2022-07-12,True
UAV/Crawfordsville/TP1/Crawfordsville-TP1-4352_6_3.PNG,,RGBA,Crawfordsville,4352,6,3,TP1,324,836,Crawfordsville|4352|6|3,2022-07-12,True
UAV/Crawfordsville/TP1/Crawfordsville-TP1-4352_6_4.PNG,,RGBA,Crawfordsville,4352,6,4,TP1,324,836,Crawfordsville|4352|6|4,2022-07-12,True
UAV/Crawfordsville/TP1/Crawfordsville-TP1-4352_6_5.PNG,,RGBA,Crawfordsville,4352,6,5,TP1,324,836,Crawfordsville|4352|6|5,2022-07-12,True
UAV/Crawfordsville/TP1/Crawfordsville-TP1-4352_6_6.PNG,,RGBA,Crawfordsville,4352,6,6,TP1,324,837,Crawfordsville|4352|6|6,2022-07-12,True
UAV/Crawfordsville/TP1/Crawfordsville-TP1-4352_6_7.PNG,,RGBA,Crawfordsville,4352,6,7,TP1,324,837,Crawfordsville|4352|6|7,2022-07-12,True
UAV/Crawfordsville/TP1/Crawfordsville-TP1-4352_6_8.PNG,,RGBA,Crawfordsville,4352,6,8,TP1,323,837,Crawfordsville|4352|6|8,2022-07-12,True
UAV/Crawfordsville/TP1/Crawfordsville-TP1-4352_6_9.PNG,,RGBA,Crawfordsville,4352,6,9,TP1,324,837,Crawfordsville|4352|6|9,2022-07-12,True
UAV/Crawfordsville/TP1/Crawfordsville-TP1-4352_7_2.PNG,,RGBA,Crawfordsville,4352,7,2,TP1,324,837,Crawfordsville|4352|7|2,2022-07-12,True
UAV/Crawfordsville/TP1/Crawfordsville-TP1-4352_7_3.PNG,,RGBA,Crawfordsville,4352,7,3,TP1,324,837,Crawfordsville|4352|7|3,2022-07-12,True
UAV/Crawfordsville/TP1/Crawfordsville-TP1-4352_7_4.PNG,,RGBA,Crawfordsville,4352,7,4,TP1,324,836,Crawfordsville|4352|7|4,2022-07-12,True
UAV/Crawfordsville/TP1/Crawfordsville-TP1-4352_7_5.PNG,,RGBA,Crawfordsville,4352,7,5,TP1,324,836,Crawfordsville|4352|7|5,2022-07-12,True
UAV/Crawfordsville/TP1/Crawfordsville-TP1-4352_7_6.PNG,,RGBA,Crawfordsville,4352,7,6,TP1,324,836,Crawfordsville|4352|7|6,2022-07-12,True
UAV/Crawfordsville/TP1/Crawfordsville-TP1-4352_7_7.PNG,,RGBA,Crawfordsville,4352,7,7,TP1,324,836,Crawfordsville|4352|7|7,2022-07-12,True
UAV/Crawfordsville/TP1/Crawfordsville-TP1-4352_7_8.PNG,,RGBA,Crawfordsville,4352,7,8,TP1,324,836,Crawfordsville|4352|7|8,2022-07-12,True
UAV/Crawfordsville/TP1/Crawfordsville-TP1-4352_7_9.PNG,,RGBA,Crawfordsville,4352,7,9,TP1,324,837,Crawfordsville|4352|7|9,2022-07-12,True
UAV/Crawfordsville/TP1/Crawfordsville-TP1-4352_8_2.PNG,,RGBA,Crawfordsville,4352,8,2,TP1,325,836,Crawfordsville|4352|8|2,2022-07-12,True
UAV/Crawfordsville/TP1/Crawfordsville-TP1-4352_8_3.PNG,,RGBA,Crawfordsville,4352,8,3,TP1,324,837,Crawfordsville|4352|8|3,2022-07-12,True
UAV/Crawfordsville/TP1/Crawfordsville-TP1-4352_8_4.PNG,,RGBA,Crawfordsville,4352,8,4,TP1,324,837,Crawfordsville|4352|8|4,2022-07-12,True
UAV/Crawfordsville/TP1/Crawfordsville-TP1-4352_8_5.PNG,,RGBA,Crawfordsville,4352,8,5,TP1,324,837,Crawfordsville|4352|8|5,2022-07-12,True
UAV/Crawfordsville/TP1/Crawfordsville-TP1-4352_8_6.PNG,,RGBA,Crawfordsville,4352,8,6,TP1,324,837,Crawfordsville|4352|8|6,2022-07-12,True
UAV/Crawfordsville/TP1/Crawfordsville-TP1-4352_8_7.PNG,,RGBA,Crawfordsville,4352,8,7,TP1,324,836,Crawfordsville|4352|8|7,2022-07-12,True
UAV/Crawfordsville/TP1/Crawfordsville-TP1-4352_8_8.PNG,,RGBA,Crawfordsville,4352,8,8,TP1,324,836,Crawfordsville|4352|8|8,2022-07-12,True
UAV/Crawfordsville/TP1/Crawfordsville-TP1-4352_8_9.PNG,,RGBA,Crawfordsville,4352,8,9,TP1,323,836,Crawfordsville|4352|8|9,2022-07-12,True
UAV/Crawfordsville/TP1/Crawfordsville-TP1-4352_9_2.PNG,,RGBA,Crawfordsville,4352,9,2,TP1,324,836,Crawfordsville|4352|9|2,2022-07-12,True
UAV/Crawfordsville/TP1/Crawfordsville-TP1-4352_9_3.PNG,,RGBA,Crawfordsville,4352,9,3,TP1,325,836,Crawfordsville|4352|9|3,2022-07-12,True
UAV/Crawfordsville/TP1/Crawfordsville-TP1-4352_9_4.PNG,,RGBA,Crawfordsville,4352,9,4,TP1,324,836,Crawfordsville|4352|9|4,2022-07-12,True
UAV/Crawfordsville/TP1/Crawfordsville-TP1-4352_9_5.PNG,,RGBA,Crawfordsville,4352,9,5,TP1,324,836,Crawfordsville|4352|9|5,2022-07-12,True
UAV/Crawfordsville/TP1/Crawfordsville-TP1-4352_9_6.PNG,,RGBA,Crawfordsville,4352,9,6,TP1,324,837,Crawfordsville|4352|9|6,2022-07-12,True
UAV/Crawfordsville/TP1/Crawfordsville-TP1-4352_9_7.PNG,,RGBA,Crawfordsville,4352,9,7,TP1,324,837,Crawfordsville|4352|9|7,2022-07-12,True
UAV/Crawfordsville/TP1/Crawfordsville-TP1-4352_9_8.PNG,,RGBA,Crawfordsville,4352,9,8,TP1,324,837,Crawfordsville|4352|9|8,2022-07-12,True
UAV/Crawfordsville/TP1/Crawfordsville-TP1-4352_9_9.PNG,,RGBA,Crawfordsville,4352,9,9,TP1,324,837,Crawfordsville|4352|9|9,2022-07-12,True
UAV/Crawfordsville/TP1/Crawfordsville-TP1-4353_10_42.PNG,,RGBA,Crawfordsville,4353,10,42,TP1,322,828,Crawfordsville|4353|10|42,2022-07-12,True
UAV/Crawfordsville/TP1/Crawfordsville-TP1-4353_10_43.PNG,,RGBA,Crawfordsville,4353,10,43,TP1,322,828,Crawfordsville|4353|10|43,2022-07-12,True
UAV/Crawfordsville/TP1/Crawfordsville-TP1-4353_10_44.PNG,,RGBA,Crawfordsville,4353,10,44,TP1,321,828,Crawfordsville|4353|10|44,2022-07-12,True
UAV/Crawfordsville/TP1/Crawfordsville-TP1-4353_10_45.PNG,,RGBA,Crawfordsville,4353,10,45,TP1,322,828,Crawfordsville|4353|10|45,2022-07-12,True
UAV/Crawfordsville/TP1/Crawfordsville-TP1-4353_10_46.PNG,,RGBA,Crawfordsville,4353,10,46,TP1,322,828,Crawfordsville|4353|10|46,2022-07-12,True
UAV/Crawfordsville/TP1/Crawfordsville-TP1-4353_11_42.PNG,,RGBA,Crawfordsville,4353,11,42,TP1,322,829,Crawfordsville|4353|11|42,2022-07-12,True
UAV/Crawfordsville/TP1/Crawfordsville-TP1-4353_11_43.PNG,,RGBA,Crawfordsville,4353,11,43,TP1,322,828,Crawfordsville|4353|11|43,2022-07-12,True
UAV/Crawfordsville/TP1/Crawfordsville-TP1-4353_11_44.PNG,,RGBA,Crawfordsville,4353,11,44,TP1,321,828,Crawfordsville|4353|11|44,2022-07-12,True
UAV/Crawfordsville/TP1/Crawfordsville-TP1-4353_11_45.PNG,,RGBA,Crawfordsville,4353,11,45,TP1,322,829,Crawfordsville|4353|11|45,2022-07-12,True
UAV/Crawfordsville/TP1/Crawfordsville-TP1-4353_11_46.PNG,,RGBA,Crawfordsville,4353,11,46,TP1,322,829,Crawfordsville|4353|11|46,2022-07-12,True
UAV/Crawfordsville/TP1/Crawfordsville-TP1-4353_12_42.PNG,,RGBA,Crawfordsville,4353,12,42,TP1,321,829,Crawfordsville|4353|12|42,2022-07-12,True
UAV/Crawfordsville/TP1/Crawfordsville-TP1-4353_12_43.PNG,,RGBA,Crawfordsville,4353,12,43,TP1,322,828,Crawfordsville|4353|12|43,2022-07-12,True
UAV/Crawfordsville/TP1/Crawfordsville-TP1-4353_12_44.PNG,,RGBA,Crawfordsville,4353,12,44,TP1,321,829,Crawfordsville|4353|12|44,2022-07-12,True
UAV/Crawfordsville/TP1/Crawfordsville-TP1-4353_12_45.PNG,,RGBA,Crawfordsville,4353,12,45,TP1,322,829,Crawfordsville|4353|12|45,2022-07-12,True
UAV/Crawfordsville/TP1/Crawfordsville-TP1-4353_12_46.PNG,,RGBA,Crawfordsville,4353,12,46,TP1,322,828,Crawfordsville|4353|12|46,2022-07-12,True
UAV/Crawfordsville/TP1/Crawfordsville-TP1-4353_13_42.PNG,,RGBA,Crawfordsville,4353,13,42,TP1,321,829,Crawfordsville|4353|13|42,2022-07-12,True
UAV/Crawfordsville/TP1/Crawfordsville-TP1-4353_13_43.PNG,,RGBA,Crawfordsville,4353,13,43,TP1,322,828,Crawfordsville|4353|13|43,2022-07-12,True
UAV/Crawfordsville/TP1/Crawfordsville-TP1-4353_13_44.PNG,,RGBA,Crawfordsville,4353,13,44,TP1,321,829,Crawfordsville|4353|13|44,2022-07-12,True
UAV/Crawfordsville/TP1/Crawfordsville-TP1-4353_13_45.PNG,,RGBA,Crawfordsville,4353,13,45,TP1,322,829,Crawfordsville|4353|13|45,2022-07-12,True
UAV/Crawfordsville/TP1/Crawfordsville-TP1-4353_13_46.PNG,,RGBA,Crawfordsville,4353,13,46,TP1,322,829,Crawfordsville|4353|13|46,2022-07-12,True
UAV/Crawfordsville/TP1/Crawfordsville-TP1-4353_14_42.PNG,,RGBA,Crawfordsville,4353,14,42,TP1,321,829,Crawfordsville|4353|14|42,2022-07-12,True
UAV/Crawfordsville/TP1/Crawfordsville-TP1-4353_14_43.PNG,,RGBA,Crawfordsville,4353,14,43,TP1,322,829,Crawfordsville|4353|14|43,2022-07-12,True
UAV/Crawfordsville/TP1/Crawfordsville-TP1-4353_14_44.PNG,,RGBA,Crawfordsville,4353,14,44,TP1,321,829,Crawfordsville|4353|14|44,2022-07-12,True
UAV/Crawfordsville/TP1/Crawfordsville-TP1-4353_14_45.PNG,,RGBA,Crawfordsville,4353,14,45,TP1,322,829,Crawfordsville|4353|14|45,2022-07-12,True
UAV/Crawfordsville/TP1/Crawfordsville-TP1-4353_14_46.PNG,,RGBA,Crawfordsville,4353,14,46,TP1,322,829,Crawfordsville|4353|14|46,2022-07-12,True
UAV/Crawfordsville/TP1/Crawfordsville-TP1-4353_15_42.PNG,,RGBA,Crawfordsville,4353,15,42,TP1,321,829,Crawfordsville|4353|15|42,2022-07-12,True
UAV/Crawfordsville/TP1/Crawfordsville-TP1-4353_15_43.PNG,,RGBA,Crawfordsville,4353,15,43,TP1,321,829,Crawfordsville|4353|15|43,2022-07-12,True
UAV/Crawfordsville/TP1/Crawfordsville-TP1-4353_15_44.PNG,,RGBA,Crawfordsville,4353,15,44,TP1,321,829,Crawfordsville|4353|15|44,2022-07-12,True
UAV/Crawfordsville/TP1/Crawfordsville-TP1-4353_15_45.PNG,,RGBA,Crawfordsville,4353,15,45,TP1,322,830,Crawfordsville|4353|15|45,2022-07-12,True
UAV/Crawfordsville/TP1/Crawfordsville-TP1-4353_15_46.PNG,,RGBA,Crawfordsville,4353,15,46,TP1,321,829,Crawfordsville|4353|15|46,2022-07-12,True
UAV/Crawfordsville/TP1/Crawfordsville-TP1-4353_16_42.PNG,,RGBA,Crawfordsville,4353,16,42,TP1,322,829,Crawfordsville|4353|16|42,2022-07-12,True
UAV/Crawfordsville/TP1/Crawfordsville-TP1-4353_16_43.PNG,,RGBA,Crawfordsville,4353,16,43,TP1,321,829,Crawfordsville|4353|16|43,2022-07-12,True
UAV/Crawfordsville/TP1/Crawfordsville-TP1-4353_16_44.PNG,,RGBA,Crawfordsville,4353,16,44,TP1,321,829,Crawfordsville|4353|16|44,2022-07-12,True
UAV/Crawfordsville/TP1/Crawfordsville-TP1-4353_16_45.PNG,,RGBA,Crawfordsville,4353,16,45,TP1,321,829,Crawfordsville|4353|16|45,2022-07-12,True
UAV/Crawfordsville/TP1/Crawfordsville-TP1-4353_16_46.PNG,,RGBA,Crawfordsville,4353,16,46,TP1,321,829,Crawfordsville|4353|16|46,2022-07-12,True
UAV/Crawfordsville/TP1/Crawfordsville-TP1-4353_17_42.PNG,,RGBA,Crawfordsville,4353,17,42,TP1,322,829,Crawfordsville|4353|17|42,2022-07-12,True
UAV/Crawfordsville/TP1/Crawfordsville-TP1-4353_17_43.PNG,,RGBA,Crawfordsville,4353,17,43,TP1,321,829,Crawfordsville|4353|17|43,2022-07-12,True
UAV/Crawfordsville/TP1/Crawfordsville-TP1-4353_17_44.PNG,,RGBA,Crawfordsville,4353,17,44,TP1,322,829,Crawfordsville|4353|17|44,2022-07-12,True
UAV/Crawfordsville/TP1/Crawfordsville-TP1-4353_17_45.PNG,,RGBA,Crawfordsville,4353,17,45,TP1,321,830,Crawfordsville|4353|17|45,2022-07-12,True
UAV/Crawfordsville/TP1/Crawfordsville-TP1-4353_17_46.PNG,,RGBA,Crawfordsville,4353,17,46,TP1,321,830,Crawfordsville|4353|17|46,2022-07-12,True
UAV/Crawfordsville/TP1/Crawfordsville-TP1-4353_18_42.PNG,,RGBA,Crawfordsville,4353,18,42,TP1,322,829,Crawfordsville|4353|18|42,2022-07-12,True
UAV/Crawfordsville/TP1/Crawfordsville-TP1-4353_18_43.PNG,,RGBA,Crawfordsville,4353,18,43,TP1,321,830,Crawfordsville|4353|18|43,2022-07-12,True
UAV/Crawfordsville/TP1/Crawfordsville-TP1-4353_18_44.PNG,,RGBA,Crawfordsville,4353,18,44,TP1,322,830,Crawfordsville|4353|18|44,2022-07-12,True
UAV/Crawfordsville/TP1/Crawfordsville-TP1-4353_18_45.PNG,,RGBA,Crawfordsville,4353,18,45,TP1,321,830,Crawfordsville|4353|18|45,2022-07-12,True
UAV/Crawfordsville/TP1/Crawfordsville-TP1-4353_18_46.PNG,,RGBA,Crawfordsville,4353,18,46,TP1,321,829,Crawfordsville|4353|18|46,2022-07-12,True
UAV/Crawfordsville/TP1/Crawfordsville-TP1-4353_19_42.PNG,,RGBA,Crawfordsville,4353,19,42,TP1,321,830,Crawfordsville|4353|19|42,2022-07-12,True
UAV/Crawfordsville/TP1/Crawfordsville-TP1-4353_19_43.PNG,,RGBA,Crawfordsville,4353,19,43,TP1,321,830,Crawfordsville|4353|19|43,2022-07-12,True
UAV/Crawfordsville/TP1/Crawfordsville-TP1-4353_19_44.PNG,,RGBA,Crawfordsville,4353,19,44,TP1,322,829,Crawfordsville|4353|19|44,2022-07-12,True
UAV/Crawfordsville/TP1/Crawfordsville-TP1-4353_19_45.PNG,,RGBA,Crawfordsville,4353,19,45,TP1,321,830,Crawfordsville|4353|19|45,2022-07-12,True
UAV/Crawfordsville/TP1/Crawfordsville-TP1-4353_19_46.PNG,,RGBA,Crawfordsville,4353,19,46,TP1,321,830,Crawfordsville|4353|19|46,2022-07-12,True
UAV/Crawfordsville/TP1/Crawfordsville-TP1-4353_20_42.PNG,,RGBA,Crawfordsville,4353,20,42,TP1,321,830,Crawfordsville|4353|20|42,2022-07-12,True
UAV/Crawfordsville/TP1/Crawfordsville-TP1-4353_20_43.PNG,,RGBA,Crawfordsville,4353,20,43,TP1,321,829,Crawfordsville|4353|20|43,2022-07-12,True
UAV/Crawfordsville/TP1/Crawfordsville-TP1-4353_20_44.PNG,,RGBA,Crawfordsville,4353,20,44,TP1,322,830,Crawfordsville|4353|20|44,2022-07-12,True
UAV/Crawfordsville/TP1/Crawfordsville-TP1-4353_20_45.PNG,,RGBA,Crawfordsville,4353,20,45,TP1,321,830,Crawfordsville|4353|20|45,2022-07-12,True
UAV/Crawfordsville/TP1/Crawfordsville-TP1-4353_20_46.PNG,,RGBA,Crawfordsville,4353,20,46,TP1,321,830,Crawfordsville|4353|20|46,2022-07-12,True
UAV/Crawfordsville/TP1/Crawfordsville-TP1-4353_21_42.PNG,,RGBA,Crawfordsville,4353,21,42,TP1,321,830,Crawfordsville|4353|21|42,2022-07-12,True
UAV/Crawfordsville/TP1/Crawfordsville-TP1-4353_21_43.PNG,,RGBA,Crawfordsville,4353,21,43,TP1,321,829,Crawfordsville|4353|21|43,2022-07-12,True
UAV/Crawfordsville/TP1/Crawfordsville-TP1-4353_21_44.PNG,,RGBA,Crawfordsville,4353,21,44,TP1,322,830,Crawfordsville|4353|21|44,2022-07-12,True
UAV/Crawfordsville/TP1/Crawfordsville-TP1-4353_21_45.PNG,,RGBA,Crawfordsville,4353,21,45,TP1,321,830,Crawfordsville|4353|21|45,2022-07-12,True
UAV/Crawfordsville/TP1/Crawfordsville-TP1-4353_21_46.PNG,,RGBA,Crawfordsville,4353,21,46,TP1,321,830,Crawfordsville|4353|21|46,2022-07-12,True
UAV/Crawfordsville/TP1/Crawfordsville-TP1-4353_22_42.PNG,,RGBA,Crawfordsville,4353,22,42,TP1,321,830,Crawfordsville|4353|22|42,2022-07-12,True
UAV/Crawfordsville/TP1/Crawfordsville-TP1-4353_22_43.PNG,,RGBA,Crawfordsville,4353,22,43,TP1,321,830,Crawfordsville|4353|22|43,2022-07-12,True
UAV/Crawfordsville/TP1/Crawfordsville-TP1-4353_22_44.PNG,,RGBA,Crawfordsville,4353,22,44,TP1,322,830,Crawfordsville|4353|22|44,2022-07-12,True
UAV/Crawfordsville/TP1/Crawfordsville-TP1-4353_22_45.PNG,,RGBA,Crawfordsville,4353,22,45,TP1,321,830,Crawfordsville|4353|22|45,2022-07-12,True
UAV/Crawfordsville/TP1/Crawfordsville-TP1-4353_22_46.PNG,,RGBA,Crawfordsville,4353,22,46,TP1,321,830,Crawfordsville|4353|22|46,2022-07-12,True
UAV/Crawfordsville/TP1/Crawfordsville-TP1-4353_23_42.PNG,,RGBA,Crawfordsville,4353,23,42,TP1,321,830,Crawfordsville|4353|23|42,2022-07-12,True
UAV/Crawfordsville/TP1/Crawfordsville-TP1-4353_23_43.PNG,,RGBA,Crawfordsville,4353,23,43,TP1,321,830,Crawfordsville|4353|23|43,2022-07-12,True
UAV/Crawfordsville/TP1/Crawfordsville-TP1-4353_23_44.PNG,,RGBA,Crawfordsville,4353,23,44,TP1,321,830,Crawfordsville|4353|23|44,2022-07-12,True
UAV/Crawfordsville/TP1/Crawfordsville-TP1-4353_23_45.PNG,,RGBA,Crawfordsville,4353,23,45,TP1,321,831,Crawfordsville|4353|23|45,2022-07-12,True
UAV/Crawfordsville/TP1/Crawfordsville-TP1-4353_23_46.PNG,,RGBA,Crawfordsville,4353,23,46,TP1,321,830,Crawfordsville|4353|23|46,2022-07-12,True
UAV/Crawfordsville/TP1/Crawfordsville-TP1-4353_24_42.PNG,,RGBA,Crawfordsville,4353,24,42,TP1,321,830,Crawfordsville|4353|24|42,2022-07-12,True
UAV/Crawfordsville/TP1/Crawfordsville-TP1-4353_24_43.PNG,,RGBA,Crawfordsville,4353,24,43,TP1,322,830,Crawfordsville|4353|24|43,2022-07-12,True
UAV/Crawfordsville/TP1/Crawfordsville-TP1-4353_24_44.PNG,,RGBA,Crawfordsville,4353,24,44,TP1,321,830,Crawfordsville|4353|24|44,2022-07-12,True
UAV/Crawfordsville/TP1/Crawfordsville-TP1-4353_24_45.PNG,,RGBA,Crawfordsville,4353,24,45,TP1,321,830,Crawfordsville|4353|24|45,2022-07-12,True
UAV/Crawfordsville/TP1/Crawfordsville-TP1-4353_24_46.PNG,,RGBA,Crawfordsville,4353,24,46,TP1,321,830,Crawfordsville|4353|24|46,2022-07-12,True
UAV/Crawfordsville/TP1/Crawfordsville-TP1-4353_25_42.PNG,,RGBA,Crawfordsville,4353,25,42,TP1,321,830,Crawfordsville|4353|25|42,2022-07-12,True
UAV/Crawfordsville/TP1/Crawfordsville-TP1-4353_25_43.PNG,,RGBA,Crawfordsville,4353,25,43,TP1,321,830,Crawfordsville|4353|25|43,2022-07-12,True
UAV/Crawfordsville/TP1/Crawfordsville-TP1-4353_25_44.PNG,,RGBA,Crawfordsville,4353,25,44,TP1,321,830,Crawfordsville|4353|25|44,2022-07-12,True
UAV/Crawfordsville/TP1/Crawfordsville-TP1-4353_25_45.PNG,,RGBA,Crawfordsville,4353,25,45,TP1,321,831,Crawfordsville|4353|25|45,2022-07-12,True
UAV/Crawfordsville/TP1/Crawfordsville-TP1-4353_25_46.PNG,,RGBA,Crawfordsville,4353,25,46,TP1,321,831,Crawfordsville|4353|25|46,2022-07-12,True
UAV/Crawfordsville/TP1/Crawfordsville-TP1-4353_26_42.PNG,,RGBA,Crawfordsville,4353,26,42,TP1,322,830,Crawfordsville|4353|26|42,2022-07-12,True
UAV/Crawfordsville/TP1/Crawfordsville-TP1-4353_26_43.PNG,,RGBA,Crawfordsville,4353,26,43,TP1,321,830,Crawfordsville|4353|26|43,2022-07-12,True
UAV/Crawfordsville/TP1/Crawfordsville-TP1-4353_26_44.PNG,,RGBA,Crawfordsville,4353,26,44,TP1,321,831,Crawfordsville|4353|26|44,2022-07-12,True
UAV/Crawfordsville/TP1/Crawfordsville-TP1-4353_26_45.PNG,,RGBA,Crawfordsville,4353,26,45,TP1,321,831,Crawfordsville|4353|26|45,2022-07-12,True
UAV/Crawfordsville/TP1/Crawfordsville-TP1-4353_26_46.PNG,,RGBA,Crawfordsville,4353,26,46,TP1,321,830,Crawfordsville|4353|26|46,2022-07-12,True
UAV/Crawfordsville/TP1/Crawfordsville-TP1-4353_27_42.PNG,,RGBA,Crawfordsville,4353,27,42,TP1,321,830,Crawfordsville|4353|27|42,2022-07-12,True
UAV/Crawfordsville/TP1/Crawfordsville-TP1-4353_27_43.PNG,,RGBA,Crawfordsville,4353,27,43,TP1,321,831,Crawfordsville|4353|27|43,2022-07-12,True
UAV/Crawfordsville/TP1/Crawfordsville-TP1-4353_27_44.PNG,,RGBA,Crawfordsville,4353,27,44,TP1,321,831,Crawfordsville|4353|27|44,2022-07-12,True
UAV/Crawfordsville/TP1/Crawfordsville-TP1-4353_27_45.PNG,,RGBA,Crawfordsville,4353,27,45,TP1,321,831,Crawfordsville|4353|27|45,2022-07-12,True
UAV/Crawfordsville/TP1/Crawfordsville-TP1-4353_27_46.PNG,,RGBA,Crawfordsville,4353,27,46,TP1,321,831,Crawfordsville|4353|27|46,2022-07-12,True
UAV/Crawfordsville/TP1/Crawfordsville-TP1-4353_28_42.PNG,,RGBA,Crawfordsville,4353,28,42,TP1,321,830,Crawfordsville|4353|28|42,2022-07-12,True
UAV/Crawfordsville/TP1/Crawfordsville-TP1-4353_28_43.PNG,,RGBA,Crawfordsville,4353,28,43,TP1,321,831,Crawfordsville|4353|28|43,2022-07-12,True
UAV/Crawfordsville/TP1/Crawfordsville-TP1-4353_28_44.PNG,,RGBA,Crawfordsville,4353,28,44,TP1,321,831,Crawfordsville|4353|28|44,2022-07-12,True
UAV/Crawfordsville/TP1/Crawfordsville-TP1-4353_28_45.PNG,,RGBA,Crawfordsville,4353,28,45,TP1,321,831,Crawfordsville|4353|28|45,2022-07-12,True
UAV/Crawfordsville/TP1/Crawfordsville-TP1-4353_28_46.PNG,,RGBA,Crawfordsville,4353,28,46,TP1,321,831,Crawfordsville|4353|28|46,2022-07-12,True
UAV/Crawfordsville/TP1/Crawfordsville-TP1-4353_29_42.PNG,,RGBA,Crawfordsville,4353,29,42,TP1,321,831,Crawfordsville|4353|29|42,2022-07-12,True
UAV/Crawfordsville/TP1/Crawfordsville-TP1-4353_29_43.PNG,,RGBA,Crawfordsville,4353,29,43,TP1,321,831,Crawfordsville|4353|29|43,2022-07-12,True
UAV/Crawfordsville/TP1/Crawfordsville-TP1-4353_29_44.PNG,,RGBA,Crawfordsville,4353,29,44,TP1,321,831,Crawfordsville|4353|29|44,2022-07-12,True
UAV/Crawfordsville/TP1/Crawfordsville-TP1-4353_29_45.PNG,,RGBA,Crawfordsville,4353,29,45,TP1,321,831,Crawfordsville|4353|29|45,2022-07-12,True
UAV/Crawfordsville/TP1/Crawfordsville-TP1-4353_29_46.PNG,,RGBA,Crawfordsville,4353,29,46,TP1,321,831,Crawfordsville|4353|29|46,2022-07-12,True
UAV/Crawfordsville/TP1/Crawfordsville-TP1-4353_30_42.PNG,,RGBA,Crawfordsville,4353,30,42,TP1,321,831,Crawfordsville|4353|30|42,2022-07-12,True
UAV/Crawfordsville/TP1/Crawfordsville-TP1-4353_30_43.PNG,,RGBA,Crawfordsville,4353,30,43,TP1,321,830,Crawfordsville|4353|30|43,2022-07-12,True
UAV/Crawfordsville/TP1/Crawfordsville-TP1-4353_30_44.PNG,,RGBA,Crawfordsville,4353,30,44,TP1,321,831,Crawfordsville|4353|30|44,2022-07-12,True
UAV/Crawfordsville/TP1/Crawfordsville-TP1-4353_30_45.PNG,,RGBA,Crawfordsville,4353,30,45,TP1,321,831,Crawfordsville|4353|30|45,2022-07-12,True
UAV/Crawfordsville/TP1/Crawfordsville-TP1-4353_30_46.PNG,,RGBA,Crawfordsville,4353,30,46,TP1,321,831,Crawfordsville|4353|30|46,2022-07-12,True
UAV/Crawfordsville/TP1/Crawfordsville-TP1-4353_31_42.PNG,,RGBA,Crawfordsville,4353,31,42,TP1,321,831,Crawfordsville|4353|31|42,2022-07-12,True
UAV/Crawfordsville/TP1/Crawfordsville-TP1-4353_31_43.PNG,,RGBA,Crawfordsville,4353,31,43,TP1,321,831,Crawfordsville|4353|31|43,2022-07-12,True
UAV/Crawfordsville/TP1/Crawfordsville-TP1-4353_31_44.PNG,,RGBA,Crawfordsville,4353,31,44,TP1,321,832,Crawfordsville|4353|31|44,2022-07-12,True
UAV/Crawfordsville/TP1/Crawfordsville-TP1-4353_31_45.PNG,,RGBA,Crawfordsville,4353,31,45,TP1,321,832,Crawfordsville|4353|31|45,2022-07-12,True
UAV/Crawfordsville/TP1/Crawfordsville-TP1-4353_31_46.PNG,,RGBA,Crawfordsville,4353,31,46,TP1,321,831,Crawfordsville|4353|31|46,2022-07-12,True
UAV/Crawfordsville/TP1/Crawfordsville-TP1-4353_32_42.PNG,,RGBA,Crawfordsville,4353,32,42,TP1,321,831,Crawfordsville|4353|32|42,2022-07-12,True
UAV/Crawfordsville/TP1/Crawfordsville-TP1-4353_32_43.PNG,,RGBA,Crawfordsville,4353,32,43,TP1,321,831,Crawfordsville|4353|32|43,2022-07-12,True
UAV/Crawfordsville/TP1/Crawfordsville-TP1-4353_32_44.PNG,,RGBA,Crawfordsville,4353,32,44,TP1,321,831,Crawfordsville|4353|32|44,2022-07-12,True
UAV/Crawfordsville/TP1/Crawfordsville-TP1-4353_32_45.PNG,,RGBA,Crawfordsville,4353,32,45,TP1,321,831,Crawfordsville|4353|32|45,2022-07-12,True
UAV/Crawfordsville/TP1/Crawfordsville-TP1-4353_32_46.PNG,,RGBA,Crawfordsville,4353,32,46,TP1,321,831,Crawfordsville|4353|32|46,2022-07-12,True
UAV/Crawfordsville/TP1/Crawfordsville-TP1-4353_33_42.PNG,,RGBA,Crawfordsville,4353,33,42,TP1,321,831,Crawfordsville|4353|33|42,2022-07-12,True
UAV/Crawfordsville/TP1/Crawfordsville-TP1-4353_33_43.PNG,,RGBA,Crawfordsville,4353,33,43,TP1,321,831,Crawfordsville|4353|33|43,2022-07-12,True
UAV/Crawfordsville/TP1/Crawfordsville-TP1-4353_33_44.PNG,,RGBA,Crawfordsville,4353,33,44,TP1,321,831,Crawfordsville|4353|33|44,2022-07-12,True
UAV/Crawfordsville/TP1/Crawfordsville-TP1-4353_33_45.PNG,,RGBA,Crawfordsville,4353,33,45,TP1,321,832,Crawfordsville|4353|33|45,2022-07-12,True
UAV/Crawfordsville/TP1/Crawfordsville-TP1-4353_33_46.PNG,,RGBA,Crawfordsville,4353,33,46,TP1,321,832,Crawfordsville|4353|33|46,2022-07-12,True
UAV/Crawfordsville/TP1/Crawfordsville-TP1-4353_34_42.PNG,,RGBA,Crawfordsville,4353,34,42,TP1,321,831,Crawfordsville|4353|34|42,2022-07-12,True
UAV/Crawfordsville/TP1/Crawfordsville-TP1-4353_34_43.PNG,,RGBA,Crawfordsville,4353,34,43,TP1,321,831,Crawfordsville|4353|34|43,2022-07-12,True
UAV/Crawfordsville/TP1/Crawfordsville-TP1-4353_34_44.PNG,,RGBA,Crawfordsville,4353,34,44,TP1,321,832,Crawfordsville|4353|34|44,2022-07-12,True
UAV/Crawfordsville/TP1/Crawfordsville-TP1-4353_34_45.PNG,,RGBA,Crawfordsville,4353,34,45,TP1,321,832,Crawfordsville|4353|34|45,2022-07-12,True
UAV/Crawfordsville/TP1/Crawfordsville-TP1-4353_34_46.PNG,,RGBA,Crawfordsville,4353,34,46,TP1,321,831,Crawfordsville|4353|34|46,2022-07-12,True
UAV/Crawfordsville/TP1/Crawfordsville-TP1-4353_35_42.PNG,,RGBA,Crawfordsville,4353,35,42,TP1,320,831,Crawfordsville|4353|35|42,2022-07-12,True
UAV/Crawfordsville/TP1/Crawfordsville-TP1-4353_35_43.PNG,,RGBA,Crawfordsville,4353,35,43,TP1,320,832,Crawfordsville|4353|35|43,2022-07-12,True
UAV/Crawfordsville/TP1/Crawfordsville-TP1-4353_35_44.PNG,,RGBA,Crawfordsville,4353,35,44,TP1,321,832,Crawfordsville|4353|35|44,2022-07-12,True
UAV/Crawfordsville/TP1/Crawfordsville-TP1-4353_35_45.PNG,,RGBA,Crawfordsville,4353,35,45,TP1,321,832,Crawfordsville|4353|35|45,2022-07-12,True
UAV/Crawfordsville/TP1/Crawfordsville-TP1-4353_35_46.PNG,,RGBA,Crawfordsville,4353,35,46,TP1,321,832,Crawfordsville|4353|35|46,2022-07-12,True
UAV/Crawfordsville/TP1/Crawfordsville-TP1-4353_36_42.PNG,,RGBA,Crawfordsville,4353,36,42,TP1,321,831,Crawfordsville|4353|36|42,2022-07-12,True
UAV/Crawfordsville/TP1/Crawfordsville-TP1-4353_36_43.PNG,,RGBA,Crawfordsville,4353,36,43,TP1,320,832,Crawfordsville|4353|36|43,2022-07-12,True
UAV/Crawfordsville/TP1/Crawfordsville-TP1-4353_36_44.PNG,,RGBA,Crawfordsville,4353,36,44,TP1,321,831,Crawfordsville|4353|36|44,2022-07-12,True
UAV/Crawfordsville/TP1/Crawfordsville-TP1-4353_36_45.PNG,,RGBA,Crawfordsville,4353,36,45,TP1,321,832,Crawfordsville|4353|36|45,2022-07-12,True
UAV/Crawfordsville/TP1/Crawfordsville-TP1-4353_36_46.PNG,,RGBA,Crawfordsville,4353,36,46,TP1,321,832,Crawfordsville|4353|36|46,2022-07-12,True
UAV/Crawfordsville/TP1/Crawfordsville-TP1-4353_3_42.PNG,,RGBA,Crawfordsville,4353,3,42,TP1,322,827,Crawfordsville|4353|3|42,2022-07-12,True
UAV/Crawfordsville/TP1/Crawfordsville-TP1-4353_3_43.PNG,,RGBA,Crawfordsville,4353,3,43,TP1,322,827,Crawfordsville|4353|3|43,2022-07-12,True
UAV/Crawfordsville/TP1/Crawfordsville-TP1-4353_3_44.PNG,,RGBA,Crawfordsville,4353,3,44,TP1,322,827,Crawfordsville|4353|3|44,2022-07-12,True
UAV/Crawfordsville/TP1/Crawfordsville-TP1-4353_3_45.PNG,,RGBA,Crawfordsville,4353,3,45,TP1,322,827,Crawfordsville|4353|3|45,2022-07-12,True
UAV/Crawfordsville/TP1/Crawfordsville-TP1-4353_3_46.PNG,,RGBA,Crawfordsville,4353,3,46,TP1,322,828,Crawfordsville|4353|3|46,2022-07-12,True
UAV/Crawfordsville/TP1/Crawfordsville-TP1-4353_4_42.PNG,,RGBA,Crawfordsville,4353,4,42,TP1,321,827,Crawfordsville|4353|4|42,2022-07-12,True
UAV/Crawfordsville/TP1/Crawfordsville-TP1-4353_4_43.PNG,,RGBA,Crawfordsville,4353,4,43,TP1,322,827,Crawfordsville|4353|4|43,2022-07-12,True
UAV/Crawfordsville/TP1/Crawfordsville-TP1-4353_4_44.PNG,,RGBA,Crawfordsville,4353,4,44,TP1,322,828,Crawfordsville|4353|4|44,2022-07-12,True
UAV/Crawfordsville/TP1/Crawfordsville-TP1-4353_4_45.PNG,,RGBA,Crawfordsville,4353,4,45,TP1,322,828,Crawfordsville|4353|4|45,2022-07-12,True
UAV/Crawfordsville/TP1/Crawfordsville-TP1-4353_4_46.PNG,,RGBA,Crawfordsville,4353,4,46,TP1,322,828,Crawfordsville|4353|4|46,2022-07-12,True
UAV/Crawfordsville/TP1/Crawfordsville-TP1-4353_5_42.PNG,,RGBA,Crawfordsville,4353,5,42,TP1,321,827,Crawfordsville|4353|5|42,2022-07-12,True
UAV/Crawfordsville/TP1/Crawfordsville-TP1-4353_5_43.PNG,,RGBA,Crawfordsville,4353,5,43,TP1,321,828,Crawfordsville|4353|5|43,2022-07-12,True
UAV/Crawfordsville/TP1/Crawfordsville-TP1-4353_5_44.PNG,,RGBA,Crawfordsville,4353,5,44,TP1,322,828,Crawfordsville|4353|5|44,2022-07-12,True
UAV/Crawfordsville/TP1/Crawfordsville-TP1-4353_5_45.PNG,,RGBA,Crawfordsville,4353,5,45,TP1,322,828,Crawfordsville|4353|5|45,2022-07-12,True
UAV/Crawfordsville/TP1/Crawfordsville-TP1-4353_5_46.PNG,,RGBA,Crawfordsville,4353,5,46,TP1,322,828,Crawfordsville|4353|5|46,2022-07-12,True
UAV/Crawfordsville/TP1/Crawfordsville-TP1-4353_6_42.PNG,,RGBA,Crawfordsville,4353,6,42,TP1,322,827,Crawfordsville|4353|6|42,2022-07-12,True
UAV/Crawfordsville/TP1/Crawfordsville-TP1-4353_6_43.PNG,,RGBA,Crawfordsville,4353,6,43,TP1,321,828,Crawfordsville|4353|6|43,2022-07-12,True
UAV/Crawfordsville/TP1/Crawfordsville-TP1-4353_6_44.PNG,,RGBA,Crawfordsville,4353,6,44,TP1,322,827,Crawfordsville|4353|6|44,2022-07-12,True
UAV/Crawfordsville/TP1/Crawfordsville-TP1-4353_6_45.PNG,,RGBA,Crawfordsville,4353,6,45,TP1,322,828,Crawfordsville|4353|6|45,2022-07-12,True
UAV/Crawfordsville/TP1/Crawfordsville-TP1-4353_6_46.PNG,,RGBA,Crawfordsville,4353,6,46,TP1,322,828,Crawfordsville|4353|6|46,2022-07-12,True
UAV/Crawfordsville/TP1/Crawfordsville-TP1-4353_7_42.PNG,,RGBA,Crawfordsville,4353,7,42,TP1,322,827,Crawfordsville|4353|7|42,2022-07-12,True
UAV/Crawfordsville/TP1/Crawfordsville-TP1-4353_7_43.PNG,,RGBA,Crawfordsville,4353,7,43,TP1,321,828,Crawfordsville|4353|7|43,2022-07-12,True
UAV/Crawfordsville/TP1/Crawfordsville-TP1-4353_7_44.PNG,,RGBA,Crawfordsville,4353,7,44,TP1,322,828,Crawfordsville|4353|7|44,2022-07-12,True
UAV/Crawfordsville/TP1/Crawfordsville-TP1-4353_7_45.PNG,,RGBA,Crawfordsville,4353,7,45,TP1,322,829,Crawfordsville|4353|7|45,2022-07-12,True
UAV/Crawfordsville/TP1/Crawfordsville-TP1-4353_7_46.PNG,,RGBA,Crawfordsville,4353,7,46,TP1,322,828,Crawfordsville|4353|7|46,2022-07-12,True
UAV/Crawfordsville/TP1/Crawfordsville-TP1-4353_8_42.PNG,,RGBA,Crawfordsville,4353,8,42,TP1,322,827,Crawfordsville|4353|8|42,2022-07-12,True
UAV/Crawfordsville/TP1/Crawfordsville-TP1-4353_8_43.PNG,,RGBA,Crawfordsville,4353,8,43,TP1,321,828,Crawfordsville|4353|8|43,2022-07-12,True
UAV/Crawfordsville/TP1/Crawfordsville-TP1-4353_8_44.PNG,,RGBA,Crawfordsville,4353,8,44,TP1,321,828,Crawfordsville|4353|8|44,2022-07-12,True
UAV/Crawfordsville/TP1/Crawfordsville-TP1-4353_8_45.PNG,,RGBA,Crawfordsville,4353,8,45,TP1,322,828,Crawfordsville|4353|8|45,2022-07-12,True
UAV/Crawfordsville/TP1/Crawfordsville-TP1-4353_8_46.PNG,,RGBA,Crawfordsville,4353,8,46,TP1,322,828,Crawfordsville|4353|8|46,2022-07-12,True
UAV/Crawfordsville/TP1/Crawfordsville-TP1-4353_9_42.PNG,,RGBA,Crawfordsville,4353,9,42,TP1,322,828,Crawfordsville|4353|9|42,2022-07-12,True
UAV/Crawfordsville/TP1/Crawfordsville-TP1-4353_9_43.PNG,,RGBA,Crawfordsville,4353,9,43,TP1,322,829,Crawfordsville|4353|9|43,2022-07-12,True
UAV/Crawfordsville/TP1/Crawfordsville-TP1-4353_9_44.PNG,,RGBA,Crawfordsville,4353,9,44,TP1,321,829,Crawfordsville|4353|9|44,2022-07-12,True
UAV/Crawfordsville/TP1/Crawfordsville-TP1-4353_9_45.PNG,,RGBA,Crawfordsville,4353,9,45,TP1,322,829,Crawfordsville|4353|9|45,2022-07-12,True
UAV/Crawfordsville/TP1/Crawfordsville-TP1-4353_9_46.PNG,,RGBA,Crawfordsville,4353,9,46,TP1,322,829,Crawfordsville|4353|9|46,2022-07-12,True
UAV/Crawfordsville/TP2/Crawfordsville-TP2-4351_10_13.PNG,,RGBA,Crawfordsville,4351,10,13,TP2,338,877,Crawfordsville|4351|10|13,2022-07-26,True
UAV/Crawfordsville/TP2/Crawfordsville-TP2-4351_10_14.PNG,,RGBA,Crawfordsville,4351,10,14,TP2,337,877,Crawfordsville|4351|10|14,2022-07-26,True
UAV/Crawfordsville/TP2/Crawfordsville-TP2-4351_10_15.PNG,,RGBA,Crawfordsville,4351,10,15,TP2,337,877,Crawfordsville|4351|10|15,2022-07-26,True
UAV/Crawfordsville/TP2/Crawfordsville-TP2-4351_10_16.PNG,,RGBA,Crawfordsville,4351,10,16,TP2,336,877,Crawfordsville|4351|10|16,2022-07-26,True
UAV/Crawfordsville/TP2/Crawfordsville-TP2-4351_10_17.PNG,,RGBA,Crawfordsville,4351,10,17,TP2,337,876,Crawfordsville|4351|10|17,2022-07-26,True
UAV/Crawfordsville/TP2/Crawfordsville-TP2-4351_10_18.PNG,,RGBA,Crawfordsville,4351,10,18,TP2,336,877,Crawfordsville|4351|10|18,2022-07-26,True
UAV/Crawfordsville/TP2/Crawfordsville-TP2-4351_10_19.PNG,,RGBA,Crawfordsville,4351,10,19,TP2,336,876,Crawfordsville|4351|10|19,2022-07-26,True
UAV/Crawfordsville/TP2/Crawfordsville-TP2-4351_10_20.PNG,,RGBA,Crawfordsville,4351,10,20,TP2,335,877,Crawfordsville|4351|10|20,2022-07-26,True
UAV/Crawfordsville/TP2/Crawfordsville-TP2-4351_11_13.PNG,,RGBA,Crawfordsville,4351,11,13,TP2,338,877,Crawfordsville|4351|11|13,2022-07-26,True
UAV/Crawfordsville/TP2/Crawfordsville-TP2-4351_11_14.PNG,,RGBA,Crawfordsville,4351,11,14,TP2,337,877,Crawfordsville|4351|11|14,2022-07-26,True
UAV/Crawfordsville/TP2/Crawfordsville-TP2-4351_11_15.PNG,,RGBA,Crawfordsville,4351,11,15,TP2,337,877,Crawfordsville|4351|11|15,2022-07-26,True
UAV/Crawfordsville/TP2/Crawfordsville-TP2-4351_11_16.PNG,,RGBA,Crawfordsville,4351,11,16,TP2,337,876,Crawfordsville|4351|11|16,2022-07-26,True
UAV/Crawfordsville/TP2/Crawfordsville-TP2-4351_11_17.PNG,,RGBA,Crawfordsville,4351,11,17,TP2,337,877,Crawfordsville|4351|11|17,2022-07-26,True
UAV/Crawfordsville/TP2/Crawfordsville-TP2-4351_11_18.PNG,,RGBA,Crawfordsville,4351,11,18,TP2,336,877,Crawfordsville|4351|11|18,2022-07-26,True
UAV/Crawfordsville/TP2/Crawfordsville-TP2-4351_11_19.PNG,,RGBA,Crawfordsville,4351,11,19,TP2,336,876,Crawfordsville|4351|11|19,2022-07-26,True
UAV/Crawfordsville/TP2/Crawfordsville-TP2-4351_11_20.PNG,,RGBA,Crawfordsville,4351,11,20,TP2,336,877,Crawfordsville|4351|11|20,2022-07-26,True
UAV/Crawfordsville/TP2/Crawfordsville-TP2-4351_12_13.PNG,,RGBA,Crawfordsville,4351,12,13,TP2,338,877,Crawfordsville|4351|12|13,2022-07-26,True
UAV/Crawfordsville/TP2/Crawfordsville-TP2-4351_12_14.PNG,,RGBA,Crawfordsville,4351,12,14,TP2,338,877,Crawfordsville|4351|12|14,2022-07-26,True
UAV/Crawfordsville/TP2/Crawfordsville-TP2-4351_12_15.PNG,,RGBA,Crawfordsville,4351,12,15,TP2,337,876,Crawfordsville|4351|12|15,2022-07-26,True
UAV/Crawfordsville/TP2/Crawfordsville-TP2-4351_12_16.PNG,,RGBA,Crawfordsville,4351,12,16,TP2,337,877,Crawfordsville|4351|12|16,2022-07-26,True
UAV/Crawfordsville/TP2/Crawfordsville-TP2-4351_12_17.PNG,,RGBA,Crawfordsville,4351,12,17,TP2,337,877,Crawfordsville|4351|12|17,2022-07-26,True
UAV/Crawfordsville/TP2/Crawfordsville-TP2-4351_12_18.PNG,,RGBA,Crawfordsville,4351,12,18,TP2,337,876,Crawfordsville|4351|12|18,2022-07-26,True
UAV/Crawfordsville/TP2/Crawfordsville-TP2-4351_12_19.PNG,,RGBA,Crawfordsville,4351,12,19,TP2,336,876,Crawfordsville|4351|12|19,2022-07-26,True
UAV/Crawfordsville/TP2/Crawfordsville-TP2-4351_12_20.PNG,,RGBA,Crawfordsville,4351,12,20,TP2,336,877,Crawfordsville|4351|12|20,2022-07-26,True
UAV/Crawfordsville/TP2/Crawfordsville-TP2-4351_13_13.PNG,,RGBA,Crawfordsville,4351,13,13,TP2,338,877,Crawfordsville|4351|13|13,2022-07-26,True
UAV/Crawfordsville/TP2/Crawfordsville-TP2-4351_13_14.PNG,,RGBA,Crawfordsville,4351,13,14,TP2,338,876,Crawfordsville|4351|13|14,2022-07-26,True
UAV/Crawfordsville/TP2/Crawfordsville-TP2-4351_13_15.PNG,,RGBA,Crawfordsville,4351,13,15,TP2,337,877,Crawfordsville|4351|13|15,2022-07-26,True
UAV/Crawfordsville/TP2/Crawfordsville-TP2-4351_13_16.PNG,,RGBA,Crawfordsville,4351,13,16,TP2,337,877,Crawfordsville|4351|13|16,2022-07-26,True
UAV/Crawfordsville/TP2/Crawfordsville-TP2-4351_13_17.PNG,,RGBA,Crawfordsville,4351,13,17,TP2,337,876,Crawfordsville|4351|13|17,2022-07-26,True
UAV/Crawfordsville/TP2/Crawfordsville-TP2-4351_13_18.PNG,,RGBA,Crawfordsville,4351,13,18,TP2,337,876,Crawfordsville|4351|13|18,2022-07-26,True
UAV/Crawfordsville/TP2/Crawfordsville-TP2-4351_13_19.PNG,,RGBA,Crawfordsville,4351,13,19,TP2,337,876,Crawfordsville|4351|13|19,2022-07-26,True
UAV/Crawfordsville/TP2/Crawfordsville-TP2-4351_13_20.PNG,,RGBA,Crawfordsville,4351,13,20,TP2,336,877,Crawfordsville|4351|13|20,2022-07-26,True
UAV/Crawfordsville/TP2/Crawfordsville-TP2-4351_14_13.PNG,,RGBA,Crawfordsville,4351,14,13,TP2,338,877,Crawfordsville|4351|14|13,2022-07-26,True
UAV/Crawfordsville/TP2/Crawfordsville-TP2-4351_14_14.PNG,,RGBA,Crawfordsville,4351,14,14,TP2,339,877,Crawfordsville|4351|14|14,2022-07-26,True
UAV/Crawfordsville/TP2/Crawfordsville-TP2-4351_14_15.PNG,,RGBA,Crawfordsville,4351,14,15,TP2,338,877,Crawfordsville|4351|14|15,2022-07-26,True
UAV/Crawfordsville/TP2/Crawfordsville-TP2-4351_14_16.PNG,,RGBA,Crawfordsville,4351,14,16,TP2,338,876,Crawfordsville|4351|14|16,2022-07-26,True
UAV/Crawfordsville/TP2/Crawfordsville-TP2-4351_14_17.PNG,,RGBA,Crawfordsville,4351,14,17,TP2,337,876,Crawfordsville|4351|14|17,2022-07-26,True
UAV/Crawfordsville/TP2/Crawfordsville-TP2-4351_14_18.PNG,,RGBA,Crawfordsville,4351,14,18,TP2,337,876,Crawfordsville|4351|14|18,2022-07-26,True
UAV/Crawfordsville/TP2/Crawfordsville-TP2-4351_14_19.PNG,,RGBA,Crawfordsville,4351,14,19,TP2,337,876,Crawfordsville|4351|14|19,2022-07-26,True
UAV/Crawfordsville/TP2/Crawfordsville-TP2-4351_14_20.PNG,,RGBA,Crawfordsville,4351,14,20,TP2,337,877,Crawfordsville|4351|14|20,2022-07-26,True
UAV/Crawfordsville/TP2/Crawfordsville-TP2-4351_15_13.PNG,,RGBA,Crawfordsville,4351,15,13,TP2,338,876,Crawfordsville|4351|15|13,2022-07-26,True
UAV/Crawfordsville/TP2/Crawfordsville-TP2-4351_15_14.PNG,,RGBA,Crawfordsville,4351,15,14,TP2,338,876,Crawfordsville|4351|15|14,2022-07-26,True
UAV/Crawfordsville/TP2/Crawfordsville-TP2-4351_15_15.PNG,,RGBA,Crawfordsville,4351,15,15,TP2,338,876,Crawfordsville|4351|15|15,2022-07-26,True
UAV/Crawfordsville/TP2/Crawfordsville-TP2-4351_15_16.PNG,,RGBA,Crawfordsville,4351,15,16,TP2,338,876,Crawfordsville|4351|15|16,2022-07-26,True
UAV/Crawfordsville/TP2/Crawfordsville-TP2-4351_15_17.PNG,,RGBA,Crawfordsville,4351,15,17,TP2,337,876,Crawfordsville|4351|15|17,2022-07-26,True
UAV/Crawfordsville/TP2/Crawfordsville-TP2-4351_15_18.PNG,,RGBA,Crawfordsville,4351,15,18,TP2,337,876,Crawfordsville|4351|15|18,2022-07-26,True
UAV/Crawfordsville/TP2/Crawfordsville-TP2-4351_15_19.PNG,,RGBA,Crawfordsville,4351,15,19,TP2,337,876,Crawfordsville|4351|15|19,2022-07-26,True
UAV/Crawfordsville/TP2/Crawfordsville-TP2-4351_15_20.PNG,,RGBA,Crawfordsville,4351,15,20,TP2,337,876,Crawfordsville|4351|15|20,2022-07-26,True
UAV/Crawfordsville/TP2/Crawfordsville-TP2-4351_16_13.PNG,,RGBA,Crawfordsville,4351,16,13,TP2,339,877,Crawfordsville|4351|16|13,2022-07-26,True
UAV/Crawfordsville/TP2/Crawfordsville-TP2-4351_16_14.PNG,,RGBA,Crawfordsville,4351,16,14,TP2,338,877,Crawfordsville|4351|16|14,2022-07-26,True
UAV/Crawfordsville/TP2/Crawfordsville-TP2-4351_16_15.PNG,,RGBA,Crawfordsville,4351,16,15,TP2,338,877,Crawfordsville|4351|16|15,2022-07-26,True
UAV/Crawfordsville/TP2/Crawfordsville-TP2-4351_16_16.PNG,,RGBA,Crawfordsville,4351,16,16,TP2,338,877,Crawfordsville|4351|16|16,2022-07-26,True
UAV/Crawfordsville/TP2/Crawfordsville-TP2-4351_16_17.PNG,,RGBA,Crawfordsville,4351,16,17,TP2,338,876,Crawfordsville|4351|16|17,2022-07-26,True
UAV/Crawfordsville/TP2/Crawfordsville-TP2-4351_16_18.PNG,,RGBA,Crawfordsville,4351,16,18,TP2,337,876,Crawfordsville|4351|16|18,2022-07-26,True
UAV/Crawfordsville/TP2/Crawfordsville-TP2-4351_16_19.PNG,,RGBA,Crawfordsville,4351,16,19,TP2,337,876,Crawfordsville|4351|16|19,2022-07-26,True
UAV/Crawfordsville/TP2/Crawfordsville-TP2-4351_16_20.PNG,,RGBA,Crawfordsville,4351,16,20,TP2,337,876,Crawfordsville|4351|16|20,2022-07-26,True
UAV/Crawfordsville/TP2/Crawfordsville-TP2-4351_17_13.PNG,,RGBA,Crawfordsville,4351,17,13,TP2,339,876,Crawfordsville|4351|17|13,2022-07-26,True
UAV/Crawfordsville/TP2/Crawfordsville-TP2-4351_17_14.PNG,,RGBA,Crawfordsville,4351,17,14,TP2,339,876,Crawfordsville|4351|17|14,2022-07-26,True
UAV/Crawfordsville/TP2/Crawfordsville-TP2-4351_17_15.PNG,,RGBA,Crawfordsville,4351,17,15,TP2,339,876,Crawfordsville|4351|17|15,2022-07-26,True
UAV/Crawfordsville/TP2/Crawfordsville-TP2-4351_17_16.PNG,,RGBA,Crawfordsville,4351,17,16,TP2,339,876,Crawfordsville|4351|17|16,2022-07-26,True
UAV/Crawfordsville/TP2/Crawfordsville-TP2-4351_17_17.PNG,,RGBA,Crawfordsville,4351,17,17,TP2,338,876,Crawfordsville|4351|17|17,2022-07-26,True
UAV/Crawfordsville/TP2/Crawfordsville-TP2-4351_17_18.PNG,,RGBA,Crawfordsville,4351,17,18,TP2,338,877,Crawfordsville|4351|17|18,2022-07-26,True
UAV/Crawfordsville/TP2/Crawfordsville-TP2-4351_17_19.PNG,,RGBA,Crawfordsville,4351,17,19,TP2,338,876,Crawfordsville|4351|17|19,2022-07-26,True
UAV/Crawfordsville/TP2/Crawfordsville-TP2-4351_17_20.PNG,,RGBA,Crawfordsville,4351,17,20,TP2,338,876,Crawfordsville|4351|17|20,2022-07-26,True
UAV/Crawfordsville/TP2/Crawfordsville-TP2-4351_18_13.PNG,,RGBA,Crawfordsville,4351,18,13,TP2,339,876,Crawfordsville|4351|18|13,2022-07-26,True
UAV/Crawfordsville/TP2/Crawfordsville-TP2-4351_18_14.PNG,,RGBA,Crawfordsville,4351,18,14,TP2,339,876,Crawfordsville|4351|18|14,2022-07-26,True
UAV/Crawfordsville/TP2/Crawfordsville-TP2-4351_18_15.PNG,,RGBA,Crawfordsville,4351,18,15,TP2,338,876,Crawfordsville|4351|18|15,2022-07-26,True
UAV/Crawfordsville/TP2/Crawfordsville-TP2-4351_18_16.PNG,,RGBA,Crawfordsville,4351,18,16,TP2,339,876,Crawfordsville|4351|18|16,2022-07-26,True
UAV/Crawfordsville/TP2/Crawfordsville-TP2-4351_18_17.PNG,,RGBA,Crawfordsville,4351,18,17,TP2,338,876,Crawfordsville|4351|18|17,2022-07-26,True
UAV/Crawfordsville/TP2/Crawfordsville-TP2-4351_18_18.PNG,,RGBA,Crawfordsville,4351,18,18,TP2,338,876,Crawfordsville|4351|18|18,2022-07-26,True
UAV/Crawfordsville/TP2/Crawfordsville-TP2-4351_18_19.PNG,,RGBA,Crawfordsville,4351,18,19,TP2,338,875,Crawfordsville|4351|18|19,2022-07-26,True
UAV/Crawfordsville/TP2/Crawfordsville-TP2-4351_18_20.PNG,,RGBA,Crawfordsville,4351,18,20,TP2,337,876,Crawfordsville|4351|18|20,2022-07-26,True
UAV/Crawfordsville/TP2/Crawfordsville-TP2-4351_19_13.PNG,,RGBA,Crawfordsville,4351,19,13,TP2,339,876,Crawfordsville|4351|19|13,2022-07-26,True
UAV/Crawfordsville/TP2/Crawfordsville-TP2-4351_19_14.PNG,,RGBA,Crawfordsville,4351,19,14,TP2,340,877,Crawfordsville|4351|19|14,2022-07-26,True
UAV/Crawfordsville/TP2/Crawfordsville-TP2-4351_19_15.PNG,,RGBA,Crawfordsville,4351,19,15,TP2,339,876,Crawfordsville|4351|19|15,2022-07-26,True
UAV/Crawfordsville/TP2/Crawfordsville-TP2-4351_19_16.PNG,,RGBA,Crawfordsville,4351,19,16,TP2,339,876,Crawfordsville|4351|19|16,2022-07-26,True
UAV/Crawfordsville/TP2/Crawfordsville-TP2-4351_19_17.PNG,,RGBA,Crawfordsville,4351,19,17,TP2,339,876,Crawfordsville|4351|19|17,2022-07-26,True
UAV/Crawfordsville/TP2/Crawfordsville-TP2-4351_19_18.PNG,,RGBA,Crawfordsville,4351,19,18,TP2,338,876,Crawfordsville|4351|19|18,2022-07-26,True
UAV/Crawfordsville/TP2/Crawfordsville-TP2-4351_19_19.PNG,,RGBA,Crawfordsville,4351,19,19,TP2,338,876,Crawfordsville|4351|19|19,2022-07-26,True
UAV/Crawfordsville/TP2/Crawfordsville-TP2-4351_19_20.PNG,,RGBA,Crawfordsville,4351,19,20,TP2,337,876,Crawfordsville|4351|19|20,2022-07-26,True
UAV/Crawfordsville/TP2/Crawfordsville-TP2-4351_20_13.PNG,,RGBA,Crawfordsville,4351,20,13,TP2,339,876,Crawfordsville|4351|20|13,2022-07-26,True
UAV/Crawfordsville/TP2/Crawfordsville-TP2-4351_20_14.PNG,,RGBA,Crawfordsville,4351,20,14,TP2,339,876,Crawfordsville|4351|20|14,2022-07-26,True
UAV/Crawfordsville/TP2/Crawfordsville-TP2-4351_20_15.PNG,,RGBA,Crawfordsville,4351,20,15,TP2,339,876,Crawfordsville|4351|20|15,2022-07-26,True
UAV/Crawfordsville/TP2/Crawfordsville-TP2-4351_20_16.PNG,,RGBA,Crawfordsville,4351,20,16,TP2,339,876,Crawfordsville|4351|20|16,2022-07-26,True
UAV/Crawfordsville/TP2/Crawfordsville-TP2-4351_20_17.PNG,,RGBA,Crawfordsville,4351,20,17,TP2,339,876,Crawfordsville|4351|20|17,2022-07-26,True
UAV/Crawfordsville/TP2/Crawfordsville-TP2-4351_20_18.PNG,,RGBA,Crawfordsville,4351,20,18,TP2,339,876,Crawfordsville|4351|20|18,2022-07-26,True
UAV/Crawfordsville/TP2/Crawfordsville-TP2-4351_20_19.PNG,,RGBA,Crawfordsville,4351,20,19,TP2,339,876,Crawfordsville|4351|20|19,2022-07-26,True
UAV/Crawfordsville/TP2/Crawfordsville-TP2-4351_20_20.PNG,,RGBA,Crawfordsville,4351,20,20,TP2,338,875,Crawfordsville|4351|20|20,2022-07-26,True
UAV/Crawfordsville/TP2/Crawfordsville-TP2-4351_21_13.PNG,,RGBA,Crawfordsville,4351,21,13,TP2,340,876,Crawfordsville|4351|21|13,2022-07-26,True
UAV/Crawfordsville/TP2/Crawfordsville-TP2-4351_21_14.PNG,,RGBA,Crawfordsville,4351,21,14,TP2,340,876,Crawfordsville|4351|21|14,2022-07-26,True
UAV/Crawfordsville/TP2/Crawfordsville-TP2-4351_21_15.PNG,,RGBA,Crawfordsville,4351,21,15,TP2,339,876,Crawfordsville|4351|21|15,2022-07-26,True
UAV/Crawfordsville/TP2/Crawfordsville-TP2-4351_21_16.PNG,,RGBA,Crawfordsville,4351,21,16,TP2,339,876,Crawfordsville|4351|21|16,2022-07-26,True
UAV/Crawfordsville/TP2/Crawfordsville-TP2-4351_21_17.PNG,,RGBA,Crawfordsville,4351,21,17,TP2,339,876,Crawfordsville|4351|21|17,2022-07-26,True
UAV/Crawfordsville/TP2/Crawfordsville-TP2-4351_21_18.PNG,,RGBA,Crawfordsville,4351,21,18,TP2,339,876,Crawfordsville|4351|21|18,2022-07-26,True
UAV/Crawfordsville/TP2/Crawfordsville-TP2-4351_21_19.PNG,,RGBA,Crawfordsville,4351,21,19,TP2,338,876,Crawfordsville|4351|21|19,2022-07-26,True
UAV/Crawfordsville/TP2/Crawfordsville-TP2-4351_21_20.PNG,,RGBA,Crawfordsville,4351,21,20,TP2,338,875,Crawfordsville|4351|21|20,2022-07-26,True
UAV/Crawfordsville/TP2/Crawfordsville-TP2-4351_22_13.PNG,,RGBA,Crawfordsville,4351,22,13,TP2,340,876,Crawfordsville|4351|22|13,2022-07-26,True
UAV/Crawfordsville/TP2/Crawfordsville-TP2-4351_22_14.PNG,,RGBA,Crawfordsville,4351,22,14,TP2,340,876,Crawfordsville|4351|22|14,2022-07-26,True
UAV/Crawfordsville/TP2/Crawfordsville-TP2-4351_22_15.PNG,,RGBA,Crawfordsville,4351,22,15,TP2,340,876,Crawfordsville|4351|22|15,2022-07-26,True
UAV/Crawfordsville/TP2/Crawfordsville-TP2-4351_22_16.PNG,,RGBA,Crawfordsville,4351,22,16,TP2,339,876,Crawfordsville|4351|22|16,2022-07-26,True
UAV/Crawfordsville/TP2/Crawfordsville-TP2-4351_22_17.PNG,,RGBA,Crawfordsville,4351,22,17,TP2,339,876,Crawfordsville|4351|22|17,2022-07-26,True
UAV/Crawfordsville/TP2/Crawfordsville-TP2-4351_22_18.PNG,,RGBA,Crawfordsville,4351,22,18,TP2,339,876,Crawfordsville|4351|22|18,2022-07-26,True
UAV/Crawfordsville/TP2/Crawfordsville-TP2-4351_22_19.PNG,,RGBA,Crawfordsville,4351,22,19,TP2,339,876,Crawfordsville|4351|22|19,2022-07-26,True
UAV/Crawfordsville/TP2/Crawfordsville-TP2-4351_22_20.PNG,,RGBA,Crawfordsville,4351,22,20,TP2,339,875,Crawfordsville|4351|22|20,2022-07-26,True
UAV/Crawfordsville/TP2/Crawfordsville-TP2-4351_23_13.PNG,,RGBA,Crawfordsville,4351,23,13,TP2,340,876,Crawfordsville|4351|23|13,2022-07-26,True
UAV/Crawfordsville/TP2/Crawfordsville-TP2-4351_23_14.PNG,,RGBA,Crawfordsville,4351,23,14,TP2,340,876,Crawfordsville|4351|23|14,2022-07-26,True
UAV/Crawfordsville/TP2/Crawfordsville-TP2-4351_23_15.PNG,,RGBA,Crawfordsville,4351,23,15,TP2,340,876,Crawfordsville|4351|23|15,2022-07-26,True
UAV/Crawfordsville/TP2/Crawfordsville-TP2-4351_23_16.PNG,,RGBA,Crawfordsville,4351,23,16,TP2,339,876,Crawfordsville|4351|23|16,2022-07-26,True
UAV/Crawfordsville/TP2/Crawfordsville-TP2-4351_23_17.PNG,,RGBA,Crawfordsville,4351,23,17,TP2,340,876,Crawfordsville|4351|23|17,2022-07-26,True
UAV/Crawfordsville/TP2/Crawfordsville-TP2-4351_23_18.PNG,,RGBA,Crawfordsville,4351,23,18,TP2,339,875,Crawfordsville|4351|23|18,2022-07-26,True
UAV/Crawfordsville/TP2/Crawfordsville-TP2-4351_23_19.PNG,,RGBA,Crawfordsville,4351,23,19,TP2,339,876,Crawfordsville|4351|23|19,2022-07-26,True
UAV/Crawfordsville/TP2/Crawfordsville-TP2-4351_23_20.PNG,,RGBA,Crawfordsville,4351,23,20,TP2,339,875,Crawfordsville|4351|23|20,2022-07-26,True
UAV/Crawfordsville/TP2/Crawfordsville-TP2-4351_2_13.PNG,,RGBA,Crawfordsville,4351,2,13,TP2,335,877,Crawfordsville|4351|2|13,2022-07-26,True
UAV/Crawfordsville/TP2/Crawfordsville-TP2-4351_2_14.PNG,,RGBA,Crawfordsville,4351,2,14,TP2,335,877,Crawfordsville|4351|2|14,2022-07-26,True
UAV/Crawfordsville/TP2/Crawfordsville-TP2-4351_2_15.PNG,,RGBA,Crawfordsville,4351,2,15,TP2,335,877,Crawfordsville|4351|2|15,2022-07-26,True
UAV/Crawfordsville/TP2/Crawfordsville-TP2-4351_2_16.PNG,,RGBA,Crawfordsville,4351,2,16,TP2,335,877,Crawfordsville|4351|2|16,2022-07-26,True
UAV/Crawfordsville/TP2/Crawfordsville-TP2-4351_2_17.PNG,,RGBA,Crawfordsville,4351,2,17,TP2,334,877,Crawfordsville|4351|2|17,2022-07-26,True
UAV/Crawfordsville/TP2/Crawfordsville-TP2-4351_2_18.PNG,,RGBA,Crawfordsville,4351,2,18,TP2,335,877,Crawfordsville|4351|2|18,2022-07-26,True
UAV/Crawfordsville/TP2/Crawfordsville-TP2-4351_2_19.PNG,,RGBA,Crawfordsville,4351,2,19,TP2,334,877,Crawfordsville|4351|2|19,2022-07-26,True
UAV/Crawfordsville/TP2/Crawfordsville-TP2-4351_2_20.PNG,,RGBA,Crawfordsville,4351,2,20,TP2,333,877,Crawfordsville|4351|2|20,2022-07-26,True
UAV/Crawfordsville/TP2/Crawfordsville-TP2-4351_3_13.PNG,,RGBA,Crawfordsville,4351,3,13,TP2,335,878,Crawfordsville|4351|3|13,2022-07-26,True
UAV/Crawfordsville/TP2/Crawfordsville-TP2-4351_3_14.PNG,,RGBA,Crawfordsville,4351,3,14,TP2,336,877,Crawfordsville|4351|3|14,2022-07-26,True
UAV/Crawfordsville/TP2/Crawfordsville-TP2-4351_3_15.PNG,,RGBA,Crawfordsville,4351,3,15,TP2,335,877,Crawfordsville|4351|3|15,2022-07-26,True
UAV/Crawfordsville/TP2/Crawfordsville-TP2-4351_3_16.PNG,,RGBA,Crawfordsville,4351,3,16,TP2,335,877,Crawfordsville|4351|3|16,2022-07-26,True
UAV/Crawfordsville/TP2/Crawfordsville-TP2-4351_3_17.PNG,,RGBA,Crawfordsville,4351,3,17,TP2,334,877,Crawfordsville|4351|3|17,2022-07-26,True
UAV/Crawfordsville/TP2/Crawfordsville-TP2-4351_3_18.PNG,,RGBA,Crawfordsville,4351,3,18,TP2,334,877,Crawfordsville|4351|3|18,2022-07-26,True
UAV/Crawfordsville/TP2/Crawfordsville-TP2-4351_3_19.PNG,,RGBA,Crawfordsville,4351,3,19,TP2,335,877,Crawfordsville|4351|3|19,2022-07-26,True
UAV/Crawfordsville/TP2/Crawfordsville-TP2-4351_3_20.PNG,,RGBA,Crawfordsville,4351,3,20,TP2,334,877,Crawfordsville|4351|3|20,2022-07-26,True
UAV/Crawfordsville/TP2/Crawfordsville-TP2-4351_4_13.PNG,,RGBA,Crawfordsville,4351,4,13,TP2,335,877,Crawfordsville|4351|4|13,2022-07-26,True
UAV/Crawfordsville/TP2/Crawfordsville-TP2-4351_4_14.PNG,,RGBA,Crawfordsville,4351,4,14,TP2,335,877,Crawfordsville|4351|4|14,2022-07-26,True
UAV/Crawfordsville/TP2/Crawfordsville-TP2-4351_4_15.PNG,,RGBA,Crawfordsville,4351,4,15,TP2,335,878,Crawfordsville|4351|4|15,2022-07-26,True
UAV/Crawfordsville/TP2/Crawfordsville-TP2-4351_4_16.PNG,,RGBA,Crawfordsville,4351,4,16,TP2,335,878,Crawfordsville|4351|4|16,2022-07-26,True
UAV/Crawfordsville/TP2/Crawfordsville-TP2-4351_4_17.PNG,,RGBA,Crawfordsville,4351,4,17,TP2,335,877,Crawfordsville|4351|4|17,2022-07-26,True
UAV/Crawfordsville/TP2/Crawfordsville-TP2-4351_4_18.PNG,,RGBA,Crawfordsville,4351,4,18,TP2,334,877,Crawfordsville|4351|4|18,2022-07-26,True
UAV/Crawfordsville/TP2/Crawfordsville-TP2-4351_4_19.PNG,,RGBA,Crawfordsville,4351,4,19,TP2,334,877,Crawfordsville|4351|4|19,2022-07-26,True
UAV/Crawfordsville/TP2/Crawfordsville-TP2-4351_4_20.PNG,,RGBA,Crawfordsville,4351,4,20,TP2,334,877,Crawfordsville|4351|4|20,2022-07-26,True
UAV/Crawfordsville/TP2/Crawfordsville-TP2-4351_5_13.PNG,,RGBA,Crawfordsville,4351,5,13,TP2,337,877,Crawfordsville|4351|5|13,2022-07-26,True
UAV/Crawfordsville/TP2/Crawfordsville-TP2-4351_5_14.PNG,,RGBA,Crawfordsville,4351,5,14,TP2,336,877,Crawfordsville|4351|5|14,2022-07-26,True
UAV/Crawfordsville/TP2/Crawfordsville-TP2-4351_5_15.PNG,,RGBA,Crawfordsville,4351,5,15,TP2,336,877,Crawfordsville|4351|5|15,2022-07-26,True
UAV/Crawfordsville/TP2/Crawfordsville-TP2-4351_5_16.PNG,,RGBA,Crawfordsville,4351,5,16,TP2,336,877,Crawfordsville|4351|5|16,2022-07-26,True
UAV/Crawfordsville/TP2/Crawfordsville-TP2-4351_5_17.PNG,,RGBA,Crawfordsville,4351,5,17,TP2,335,877,Crawfordsville|4351|5|17,2022-07-26,True
UAV/Crawfordsville/TP2/Crawfordsville-TP2-4351_5_18.PNG,,RGBA,Crawfordsville,4351,5,18,TP2,335,877,Crawfordsville|4351|5|18,2022-07-26,True
UAV/Crawfordsville/TP2/Crawfordsville-TP2-4351_5_19.PNG,,RGBA,Crawfordsville,4351,5,19,TP2,335,877,Crawfordsville|4351|5|19,2022-07-26,True
UAV/Crawfordsville/TP2/Crawfordsville-TP2-4351_5_20.PNG,,RGBA,Crawfordsville,4351,5,20,TP2,335,877,Crawfordsville|4351|5|20,2022-07-26,True
UAV/Crawfordsville/TP2/Crawfordsville-TP2-4351_6_13.PNG,,RGBA,Crawfordsville,4351,6,13,TP2,337,877,Crawfordsville|4351|6|13,2022-07-26,True
UAV/Crawfordsville/TP2/Crawfordsville-TP2-4351_6_14.PNG,,RGBA,Crawfordsville,4351,6,14,TP2,336,878,Crawfordsville|4351|6|14,2022-07-26,True
UAV/Crawfordsville/TP2/Crawfordsville-TP2-4351_6_15.PNG,,RGBA,Crawfordsville,4351,6,15,TP2,336,877,Crawfordsville|4351|6|15,2022-07-26,True
UAV/Crawfordsville/TP2/Crawfordsville-TP2-4351_6_16.PNG,,RGBA,Crawfordsville,4351,6,16,TP2,336,877,Crawfordsville|4351|6|16,2022-07-26,True
UAV/Crawfordsville/TP2/Crawfordsville-TP2-4351_6_17.PNG,,RGBA,Crawfordsville,4351,6,17,TP2,335,877,Crawfordsville|4351|6|17,2022-07-26,True
UAV/Crawfordsville/TP2/Crawfordsville-TP2-4351_6_18.PNG,,RGBA,Crawfordsville,4351,6,18,TP2,335,876,Crawfordsville|4351|6|18,2022-07-26,True
UAV/Crawfordsville/TP2/Crawfordsville-TP2-4351_6_19.PNG,,RGBA,Crawfordsville,4351,6,19,TP2,334,877,Crawfordsville|4351|6|19,2022-07-26,True
UAV/Crawfordsville/TP2/Crawfordsville-TP2-4351_6_20.PNG,,RGBA,Crawfordsville,4351,6,20,TP2,335,877,Crawfordsville|4351|6|20,2022-07-26,True
UAV/Crawfordsville/TP2/Crawfordsville-TP2-4351_7_13.PNG,,RGBA,Crawfordsville,4351,7,13,TP2,337,877,Crawfordsville|4351|7|13,2022-07-26,True
UAV/Crawfordsville/TP2/Crawfordsville-TP2-4351_7_14.PNG,,RGBA,Crawfordsville,4351,7,14,TP2,336,877,Crawfordsville|4351|7|14,2022-07-26,True
UAV/Crawfordsville/TP2/Crawfordsville-TP2-4351_7_15.PNG,,RGBA,Crawfordsville,4351,7,15,TP2,336,877,Crawfordsville|4351|7|15,2022-07-26,True
UAV/Crawfordsville/TP2/Crawfordsville-TP2-4351_7_16.PNG,,RGBA,Crawfordsville,4351,7,16,TP2,336,877,Crawfordsville|4351|7|16,2022-07-26,True
UAV/Crawfordsville/TP2/Crawfordsville-TP2-4351_7_17.PNG,,RGBA,Crawfordsville,4351,7,17,TP2,336,877,Crawfordsville|4351|7|17,2022-07-26,True
UAV/Crawfordsville/TP2/Crawfordsville-TP2-4351_7_18.PNG,,RGBA,Crawfordsville,4351,7,18,TP2,336,877,Crawfordsville|4351|7|18,2022-07-26,True
UAV/Crawfordsville/TP2/Crawfordsville-TP2-4351_7_19.PNG,,RGBA,Crawfordsville,4351,7,19,TP2,335,877,Crawfordsville|4351|7|19,2022-07-26,True
UAV/Crawfordsville/TP2/Crawfordsville-TP2-4351_7_20.PNG,,RGBA,Crawfordsville,4351,7,20,TP2,335,877,Crawfordsville|4351|7|20,2022-07-26,True
UAV/Crawfordsville/TP2/Crawfordsville-TP2-4351_8_13.PNG,,RGBA,Crawfordsville,4351,8,13,TP2,337,877,Crawfordsville|4351|8|13,2022-07-26,True
UAV/Crawfordsville/TP2/Crawfordsville-TP2-4351_8_14.PNG,,RGBA,Crawfordsville,4351,8,14,TP2,337,877,Crawfordsville|4351|8|14,2022-07-26,True
UAV/Crawfordsville/TP2/Crawfordsville-TP2-4351_8_15.PNG,,RGBA,Crawfordsville,4351,8,15,TP2,337,877,Crawfordsville|4351|8|15,2022-07-26,True
UAV/Crawfordsville/TP2/Crawfordsville-TP2-4351_8_16.PNG,,RGBA,Crawfordsville,4351,8,16,TP2,336,877,Crawfordsville|4351|8|16,2022-07-26,True
UAV/Crawfordsville/TP2/Crawfordsville-TP2-4351_8_17.PNG,,RGBA,Crawfordsville,4351,8,17,TP2,336,877,Crawfordsville|4351|8|17,2022-07-26,True
UAV/Crawfordsville/TP2/Crawfordsville-TP2-4351_8_18.PNG,,RGBA,Crawfordsville,4351,8,18,TP2,336,877,Crawfordsville|4351|8|18,2022-07-26,True
UAV/Crawfordsville/TP2/Crawfordsville-TP2-4351_8_19.PNG,,RGBA,Crawfordsville,4351,8,19,TP2,336,876,Crawfordsville|4351|8|19,2022-07-26,True
UAV/Crawfordsville/TP2/Crawfordsville-TP2-4351_8_20.PNG,,RGBA,Crawfordsville,4351,8,20,TP2,336,877,Crawfordsville|4351|8|20,2022-07-26,True
UAV/Crawfordsville/TP2/Crawfordsville-TP2-4351_9_13.PNG,,RGBA,Crawfordsville,4351,9,13,TP2,337,877,Crawfordsville|4351|9|13,2022-07-26,True
UAV/Crawfordsville/TP2/Crawfordsville-TP2-4351_9_14.PNG,,RGBA,Crawfordsville,4351,9,14,TP2,336,877,Crawfordsville|4351|9|14,2022-07-26,True
UAV/Crawfordsville/TP2/Crawfordsville-TP2-4351_9_15.PNG,,RGBA,Crawfordsville,4351,9,15,TP2,336,877,Crawfordsville|4351|9|15,2022-07-26,True
UAV/Crawfordsville/TP2/Crawfordsville-TP2-4351_9_16.PNG,,RGBA,Crawfordsville,4351,9,16,TP2,336,877,Crawfordsville|4351|9|16,2022-07-26,True
UAV/Crawfordsville/TP2/Crawfordsville-TP2-4351_9_17.PNG,,RGBA,Crawfordsville,4351,9,17,TP2,336,876,Crawfordsville|4351|9|17,2022-07-26,True
UAV/Crawfordsville/TP2/Crawfordsville-TP2-4351_9_18.PNG,,RGBA,Crawfordsville,4351,9,18,TP2,335,877,Crawfordsville|4351|9|18,2022-07-26,True
UAV/Crawfordsville/TP2/Crawfordsville-TP2-4351_9_19.PNG,,RGBA,Crawfordsville,4351,9,19,TP2,335,876,Crawfordsville|4351|9|19,2022-07-26,True
UAV/Crawfordsville/TP2/Crawfordsville-TP2-4351_9_20.PNG,,RGBA,Crawfordsville,4351,9,20,TP2,335,877,Crawfordsville|4351|9|20,2022-07-26,True
UAV/Crawfordsville/TP2/Crawfordsville-TP2-4352_10_2.PNG,,RGBA,Crawfordsville,4352,10,2,TP2,333,872,Crawfordsville|4352|10|2,2022-07-26,True
UAV/Crawfordsville/TP2/Crawfordsville-TP2-4352_10_3.PNG,,RGBA,Crawfordsville,4352,10,3,TP2,332,872,Crawfordsville|4352|10|3,2022-07-26,True
UAV/Crawfordsville/TP2/Crawfordsville-TP2-4352_10_4.PNG,,RGBA,Crawfordsville,4352,10,4,TP2,332,872,Crawfordsville|4352|10|4,2022-07-26,True
UAV/Crawfordsville/TP2/Crawfordsville-TP2-4352_10_5.PNG,,RGBA,Crawfordsville,4352,10,5,TP2,333,872,Crawfordsville|4352|10|5,2022-07-26,True
UAV/Crawfordsville/TP2/Crawfordsville-TP2-4352_10_6.PNG,,RGBA,Crawfordsville,4352,10,6,TP2,333,872,Crawfordsville|4352|10|6,2022-07-26,True
UAV/Crawfordsville/TP2/Crawfordsville-TP2-4352_10_7.PNG,,RGBA,Crawfordsville,4352,10,7,TP2,332,872,Crawfordsville|4352|10|7,2022-07-26,True
UAV/Crawfordsville/TP2/Crawfordsville-TP2-4352_10_8.PNG,,RGBA,Crawfordsville,4352,10,8,TP2,332,872,Crawfordsville|4352|10|8,2022-07-26,True
UAV/Crawfordsville/TP2/Crawfordsville-TP2-4352_10_9.PNG,,RGBA,Crawfordsville,4352,10,9,TP2,332,872,Crawfordsville|4352|10|9,2022-07-26,True
UAV/Crawfordsville/TP2/Crawfordsville-TP2-4352_11_2.PNG,,RGBA,Crawfordsville,4352,11,2,TP2,333,871,Crawfordsville|4352|11|2,2022-07-26,True
UAV/Crawfordsville/TP2/Crawfordsville-TP2-4352_11_3.PNG,,RGBA,Crawfordsville,4352,11,3,TP2,333,871,Crawfordsville|4352|11|3,2022-07-26,True
UAV/Crawfordsville/TP2/Crawfordsville-TP2-4352_11_4.PNG,,RGBA,Crawfordsville,4352,11,4,TP2,332,871,Crawfordsville|4352|11|4,2022-07-26,True
UAV/Crawfordsville/TP2/Crawfordsville-TP2-4352_11_5.PNG,,RGBA,Crawfordsville,4352,11,5,TP2,332,871,Crawfordsville|4352|11|5,2022-07-26,True
UAV/Crawfordsville/TP2/Crawfordsville-TP2-4352_11_6.PNG,,RGBA,Crawfordsville,4352,11,6,TP2,332,871,Crawfordsville|4352|11|6,2022-07-26,True
UAV/Crawfordsville/TP2/Crawfordsville-TP2-4352_11_7.PNG,,RGBA,Crawfordsville,4352,11,7,TP2,333,871,Crawfordsville|4352|11|7,2022-07-26,True
UAV/Crawfordsville/TP2/Crawfordsville-TP2-4352_11_8.PNG,,RGBA,Crawfordsville,4352,11,8,TP2,333,871,Crawfordsville|4352|11|8,2022-07-26,True
UAV/Crawfordsville/TP2/Crawfordsville-TP2-4352_11_9.PNG,,RGBA,Crawfordsville,4352,11,9,TP2,332,871,Crawfordsville|4352|11|9,2022-07-26,True
UAV/Crawfordsville/TP2/Crawfordsville-TP2-4352_12_2.PNG,,RGBA,Crawfordsville,4352,12,2,TP2,333,871,Crawfordsville|4352|12|2,2022-07-26,True
UAV/Crawfordsville/TP2/Crawfordsville-TP2-4352_12_3.PNG,,RGBA,Crawfordsville,4352,12,3,TP2,333,871,Crawfordsville|4352|12|3,2022-07-26,True
UAV/Crawfordsville/TP2/Crawfordsville-TP2-4352_12_4.PNG,,RGBA,Crawfordsville,4352,12,4,TP2,333,871,Crawfordsville|4352|12|4,2022-07-26,True
UAV/Crawfordsville/TP2/Crawfordsville-TP2-4352_12_5.PNG,,RGBA,Crawfordsville,4352,12,5,TP2,333,871,Crawfordsville|4352|12|5,2022-07-26,True
UAV/Crawfordsville/TP2/Crawfordsville-TP2-4352_12_6.PNG,,RGBA,Crawfordsville,4352,12,6,TP2,332,871,Crawfordsville|4352|12|6,2022-07-26,True
UAV/Crawfordsville/TP2/Crawfordsville-TP2-4352_12_7.PNG,,RGBA,Crawfordsville,4352,12,7,TP2,332,871,Crawfordsville|4352|12|7,2022-07-26,True
UAV/Crawfordsville/TP2/Crawfordsville-TP2-4352_12_8.PNG,,RGBA,Crawfordsville,4352,12,8,TP2,332,871,Crawfordsville|4352|12|8,2022-07-26,True
UAV/Crawfordsville/TP2/Crawfordsville-TP2-4352_12_9.PNG,,RGBA,Crawfordsville,4352,12,9,TP2,332,871,Crawfordsville|4352|12|9,2022-07-26,True
UAV/Crawfordsville/TP2/Crawfordsville-TP2-4352_13_2.PNG,,RGBA,Crawfordsville,4352,13,2,TP2,333,871,Crawfordsville|4352|13|2,2022-07-26,True
UAV/Crawfordsville/TP2/Crawfordsville-TP2-4352_13_3.PNG,,RGBA,Crawfordsville,4352,13,3,TP2,333,871,Crawfordsville|4352|13|3,2022-07-26,True
UAV/Crawfordsville/TP2/Crawfordsville-TP2-4352_13_4.PNG,,RGBA,Crawfordsville,4352,13,4,TP2,333,871,Crawfordsville|4352|13|4,2022-07-26,True
UAV/Crawfordsville/TP2/Crawfordsville-TP2-4352_13_5.PNG,,RGBA,Crawfordsville,4352,13,5,TP2,333,871,Crawfordsville|4352|13|5,2022-07-26,True
UAV/Crawfordsville/TP2/Crawfordsville-TP2-4352_13_6.PNG,,RGBA,Crawfordsville,4352,13,6,TP2,333,871,Crawfordsville|4352|13|6,2022-07-26,True
UAV/Crawfordsville/TP2/Crawfordsville-TP2-4352_13_7.PNG,,RGBA,Crawfordsville,4352,13,7,TP2,333,872,Crawfordsville|4352|13|7,2022-07-26,True
UAV/Crawfordsville/TP2/Crawfordsville-TP2-4352_13_8.PNG,,RGBA,Crawfordsville,4352,13,8,TP2,333,872,Crawfordsville|4352|13|8,2022-07-26,True
UAV/Crawfordsville/TP2/Crawfordsville-TP2-4352_13_9.PNG,,RGBA,Crawfordsville,4352,13,9,TP2,333,872,Crawfordsville|4352|13|9,2022-07-26,True
UAV/Crawfordsville/TP2/Crawfordsville-TP2-4352_14_2.PNG,,RGBA,Crawfordsville,4352,14,2,TP2,332,871,Crawfordsville|4352|14|2,2022-07-26,True
UAV/Crawfordsville/TP2/Crawfordsville-TP2-4352_14_3.PNG,,RGBA,Crawfordsville,4352,14,3,TP2,332,871,Crawfordsville|4352|14|3,2022-07-26,True
UAV/Crawfordsville/TP2/Crawfordsville-TP2-4352_14_4.PNG,,RGBA,Crawfordsville,4352,14,4,TP2,332,871,Crawfordsville|4352|14|4,2022-07-26,True
UAV/Crawfordsville/TP2/Crawfordsville-TP2-4352_14_5.PNG,,RGBA,Crawfordsville,4352,14,5,TP2,332,872,Crawfordsville|4352|14|5,2022-07-26,True
UAV/Crawfordsville/TP2/Crawfordsville-TP2-4352_14_6.PNG,,RGBA,Crawfordsville,4352,14,6,TP2,332,872,Crawfordsville|4352|14|6,2022-07-26,True
UAV/Crawfordsville/TP2/Crawfordsville-TP2-4352_14_7.PNG,,RGBA,Crawfordsville,4352,14,7,TP2,332,872,Crawfordsville|4352|14|7,2022-07-26,True
UAV/Crawfordsville/TP2/Crawfordsville-TP2-4352_14_8.PNG,,RGBA,Crawfordsville,4352,14,8,TP2,332,871,Crawfordsville|4352|14|8,2022-07-26,True
UAV/Crawfordsville/TP2/Crawfordsville-TP2-4352_14_9.PNG,,RGBA,Crawfordsville,4352,14,9,TP2,332,871,Crawfordsville|4352|14|9,2022-07-26,True
UAV/Crawfordsville/TP2/Crawfordsville-TP2-4352_15_2.PNG,,RGBA,Crawfordsville,4352,15,2,TP2,333,871,Crawfordsville|4352|15|2,2022-07-26,True
UAV/Crawfordsville/TP2/Crawfordsville-TP2-4352_15_3.PNG,,RGBA,Crawfordsville,4352,15,3,TP2,333,871,Crawfordsville|4352|15|3,2022-07-26,True
UAV/Crawfordsville/TP2/Crawfordsville-TP2-4352_15_4.PNG,,RGBA,Crawfordsville,4352,15,4,TP2,333,872,Crawfordsville|4352|15|4,2022-07-26,True
UAV/Crawfordsville/TP2/Crawfordsville-TP2-4352_15_5.PNG,,RGBA,Crawfordsville,4352,15,5,TP2,333,872,Crawfordsville|4352|15|5,2022-07-26,True
UAV/Crawfordsville/TP2/Crawfordsville-TP2-4352_15_6.PNG,,RGBA,Crawfordsville,4352,15,6,TP2,333,871,Crawfordsville|4352|15|6,2022-07-26,True
UAV/Crawfordsville/TP2/Crawfordsville-TP2-4352_15_7.PNG,,RGBA,Crawfordsville,4352,15,7,TP2,333,871,Crawfordsville|4352|15|7,2022-07-26,True
UAV/Crawfordsville/TP2/Crawfordsville-TP2-4352_15_8.PNG,,RGBA,Crawfordsville,4352,15,8,TP2,333,871,Crawfordsville|4352|15|8,2022-07-26,True
UAV/Crawfordsville/TP2/Crawfordsville-TP2-4352_15_9.PNG,,RGBA,Crawfordsville,4352,15,9,TP2,333,872,Crawfordsville|4352|15|9,2022-07-26,True
UAV/Crawfordsville/TP2/Crawfordsville-TP2-4352_16_2.PNG,,RGBA,Crawfordsville,4352,16,2,TP2,333,871,Crawfordsville|4352|16|2,2022-07-26,True
UAV/Crawfordsville/TP2/Crawfordsville-TP2-4352_16_3.PNG,,RGBA,Crawfordsville,4352,16,3,TP2,333,872,Crawfordsville|4352|16|3,2022-07-26,True
UAV/Crawfordsville/TP2/Crawfordsville-TP2-4352_16_4.PNG,,RGBA,Crawfordsville,4352,16,4,TP2,333,872,Crawfordsville|4352|16|4,2022-07-26,True
UAV/Crawfordsville/TP2/Crawfordsville-TP2-4352_16_5.PNG,,RGBA,Crawfordsville,4352,16,5,TP2,333,871,Crawfordsville|4352|16|5,2022-07-26,True
UAV/Crawfordsville/TP2/Crawfordsville-TP2-4352_16_6.PNG,,RGBA,Crawfordsville,4352,16,6,TP2,333,871,Crawfordsville|4352|16|6,2022-07-26,True
UAV/Crawfordsville/TP2/Crawfordsville-TP2-4352_16_7.PNG,,RGBA,Crawfordsville,4352,16,7,TP2,332,872,Crawfordsville|4352|16|7,2022-07-26,True
UAV/Crawfordsville/TP2/Crawfordsville-TP2-4352_16_8.PNG,,RGBA,Crawfordsville,4352,16,8,TP2,332,872,Crawfordsville|4352|16|8,2022-07-26,True
UAV/Crawfordsville/TP2/Crawfordsville-TP2-4352_16_9.PNG,,RGBA,Crawfordsville,4352,16,9,TP2,332,872,Crawfordsville|4352|16|9,2022-07-26,True
UAV/Crawfordsville/TP2/Crawfordsville-TP2-4352_17_2.PNG,,RGBA,Crawfordsville,4352,17,2,TP2,333,871,Crawfordsville|4352|17|2,2022-07-26,True
UAV/Crawfordsville/TP2/Crawfordsville-TP2-4352_17_3.PNG,,RGBA,Crawfordsville,4352,17,3,TP2,333,872,Crawfordsville|4352|17|3,2022-07-26,True
UAV/Crawfordsville/TP2/Crawfordsville-TP2-4352_17_4.PNG,,RGBA,Crawfordsville,4352,17,4,TP2,333,871,Crawfordsville|4352|17|4,2022-07-26,True
UAV/Crawfordsville/TP2/Crawfordsville-TP2-4352_17_5.PNG,,RGBA,Crawfordsville,4352,17,5,TP2,332,871,Crawfordsville|4352|17|5,2022-07-26,True
UAV/Crawfordsville/TP2/Crawfordsville-TP2-4352_17_6.PNG,,RGBA,Crawfordsville,4352,17,6,TP2,333,872,Crawfordsville|4352|17|6,2022-07-26,True
UAV/Crawfordsville/TP2/Crawfordsville-TP2-4352_17_7.PNG,,RGBA,Crawfordsville,4352,17,7,TP2,333,872,Crawfordsville|4352|17|7,2022-07-26,True
UAV/Crawfordsville/TP2/Crawfordsville-TP2-4352_17_8.PNG,,RGBA,Crawfordsville,4352,17,8,TP2,333,871,Crawfordsville|4352|17|8,2022-07-26,True
UAV/Crawfordsville/TP2/Crawfordsville-TP2-4352_17_9.PNG,,RGBA,Crawfordsville,4352,17,9,TP2,332,871,Crawfordsville|4352|17|9,2022-07-26,True
UAV/Crawfordsville/TP2/Crawfordsville-TP2-4352_18_2.PNG,,RGBA,Crawfordsville,4352,18,2,TP2,333,872,Crawfordsville|4352|18|2,2022-07-26,True
UAV/Crawfordsville/TP2/Crawfordsville-TP2-4352_18_3.PNG,,RGBA,Crawfordsville,4352,18,3,TP2,333,872,Crawfordsville|4352|18|3,2022-07-26,True
UAV/Crawfordsville/TP2/Crawfordsville-TP2-4352_18_4.PNG,,RGBA,Crawfordsville,4352,18,4,TP2,333,871,Crawfordsville|4352|18|4,2022-07-26,True
UAV/Crawfordsville/TP2/Crawfordsville-TP2-4352_18_5.PNG,,RGBA,Crawfordsville,4352,18,5,TP2,333,872,Crawfordsville|4352|18|5,2022-07-26,True
UAV/Crawfordsville/TP2/Crawfordsville-TP2-4352_18_6.PNG,,RGBA,Crawfordsville,4352,18,6,TP2,333,872,Crawfordsville|4352|18|6,2022-07-26,True
UAV/Crawfordsville/TP2/Crawfordsville-TP2-4352_18_7.PNG,,RGBA,Crawfordsville,4352,18,7,TP2,332,871,Crawfordsville|4352|18|7,2022-07-26,True
UAV/Crawfordsville/TP2/Crawfordsville-TP2-4352_18_8.PNG,,RGBA,Crawfordsville,4352,18,8,TP2,333,872,Crawfordsville|4352|18|8,2022-07-26,True
UAV/Crawfordsville/TP2/Crawfordsville-TP2-4352_18_9.PNG,,RGBA,Crawfordsville,4352,18,9,TP2,333,872,Crawfordsville|4352|18|9,2022-07-26,True
UAV/Crawfordsville/TP2/Crawfordsville-TP2-4352_19_2.PNG,,RGBA,Crawfordsville,4352,19,2,TP2,333,872,Crawfordsville|4352|19|2,2022-07-26,True
UAV/Crawfordsville/TP2/Crawfordsville-TP2-4352_19_3.PNG,,RGBA,Crawfordsville,4352,19,3,TP2,333,871,Crawfordsville|4352|19|3,2022-07-26,True
UAV/Crawfordsville/TP2/Crawfordsville-TP2-4352_19_4.PNG,,RGBA,Crawfordsville,4352,19,4,TP2,333,871,Crawfordsville|4352|19|4,2022-07-26,True
UAV/Crawfordsville/TP2/Crawfordsville-TP2-4352_19_5.PNG,,RGBA,Crawfordsville,4352,19,5,TP2,333,872,Crawfordsville|4352|19|5,2022-07-26,True
UAV/Crawfordsville/TP2/Crawfordsville-TP2-4352_19_6.PNG,,RGBA,Crawfordsville,4352,19,6,TP2,333,871,Crawfordsville|4352|19|6,2022-07-26,True
UAV/Crawfordsville/TP2/Crawfordsville-TP2-4352_19_7.PNG,,RGBA,Crawfordsville,4352,19,7,TP2,333,872,Crawfordsville|4352|19|7,2022-07-26,True
UAV/Crawfordsville/TP2/Crawfordsville-TP2-4352_19_8.PNG,,RGBA,Crawfordsville,4352,19,8,TP2,333,872,Crawfordsville|4352|19|8,2022-07-26,True
UAV/Crawfordsville/TP2/Crawfordsville-TP2-4352_19_9.PNG,,RGBA,Crawfordsville,4352,19,9,TP2,332,871,Crawfordsville|4352|19|9,2022-07-26,True
UAV/Crawfordsville/TP2/Crawfordsville-TP2-4352_20_2.PNG,,RGBA,Crawfordsville,4352,20,2,TP2,334,872,Crawfordsville|4352|20|2,2022-07-26,True
UAV/Crawfordsville/TP2/Crawfordsville-TP2-4352_20_3.PNG,,RGBA,Crawfordsville,4352,20,3,TP2,333,871,Crawfordsville|4352|20|3,2022-07-26,True
UAV/Crawfordsville/TP2/Crawfordsville-TP2-4352_20_4.PNG,,RGBA,Crawfordsville,4352,20,4,TP2,333,872,Crawfordsville|4352|20|4,2022-07-26,True
UAV/Crawfordsville/TP2/Crawfordsville-TP2-4352_20_5.PNG,,RGBA,Crawfordsville,4352,20,5,TP2,333,872,Crawfordsville|4352|20|5,2022-07-26,True
UAV/Crawfordsville/TP2/Crawfordsville-TP2-4352_20_6.PNG,,RGBA,Crawfordsville,4352,20,6,TP2,333,871,Crawfordsville|4352|20|6,2022-07-26,True
UAV/Crawfordsville/TP2/Crawfordsville-TP2-4352_20_7.PNG,,RGBA,Crawfordsville,4352,20,7,TP2,333,872,Crawfordsville|4352|20|7,2022-07-26,True
UAV/Crawfordsville/TP2/Crawfordsville-TP2-4352_20_8.PNG,,RGBA,Crawfordsville,4352,20,8,TP2,333,871,Crawfordsville|4352|20|8,2022-07-26,True
UAV/Crawfordsville/TP2/Crawfordsville-TP2-4352_20_9.PNG,,RGBA,Crawfordsville,4352,20,9,TP2,333,872,Crawfordsville|4352|20|9,2022-07-26,True
UAV/Crawfordsville/TP2/Crawfordsville-TP2-4352_21_2.PNG,,RGBA,Crawfordsville,4352,21,2,TP2,333,872,Crawfordsville|4352|21|2,2022-07-26,True
UAV/Crawfordsville/TP2/Crawfordsville-TP2-4352_21_3.PNG,,RGBA,Crawfordsville,4352,21,3,TP2,333,871,Crawfordsville|4352|21|3,2022-07-26,True
UAV/Crawfordsville/TP2/Crawfordsville-TP2-4352_21_4.PNG,,RGBA,Crawfordsville,4352,21,4,TP2,333,872,Crawfordsville|4352|21|4,2022-07-26,True
UAV/Crawfordsville/TP2/Crawfordsville-TP2-4352_21_5.PNG,,RGBA,Crawfordsville,4352,21,5,TP2,333,871,Crawfordsville|4352|21|5,2022-07-26,True
UAV/Crawfordsville/TP2/Crawfordsville-TP2-4352_21_6.PNG,,RGBA,Crawfordsville,4352,21,6,TP2,333,872,Crawfordsville|4352|21|6,2022-07-26,True
UAV/Crawfordsville/TP2/Crawfordsville-TP2-4352_21_7.PNG,,RGBA,Crawfordsville,4352,21,7,TP2,333,872,Crawfordsville|4352|21|7,2022-07-26,True
UAV/Crawfordsville/TP2/Crawfordsville-TP2-4352_21_8.PNG,,RGBA,Crawfordsville,4352,21,8,TP2,333,872,Crawfordsville|4352|21|8,2022-07-26,True
UAV/Crawfordsville/TP2/Crawfordsville-TP2-4352_21_9.PNG,,RGBA,Crawfordsville,4352,21,9,TP2,333,872,Crawfordsville|4352|21|9,2022-07-26,True
UAV/Crawfordsville/TP2/Crawfordsville-TP2-4352_22_2.PNG,,RGBA,Crawfordsville,4352,22,2,TP2,333,872,Crawfordsville|4352|22|2,2022-07-26,True
UAV/Crawfordsville/TP2/Crawfordsville-TP2-4352_22_3.PNG,,RGBA,Crawfordsville,4352,22,3,TP2,334,872,Crawfordsville|4352|22|3,2022-07-26,True
UAV/Crawfordsville/TP2/Crawfordsville-TP2-4352_22_4.PNG,,RGBA,Crawfordsville,4352,22,4,TP2,333,872,Crawfordsville|4352|22|4,2022-07-26,True
UAV/Crawfordsville/TP2/Crawfordsville-TP2-4352_22_5.PNG,,RGBA,Crawfordsville,4352,22,5,TP2,333,872,Crawfordsville|4352|22|5,2022-07-26,True
UAV/Crawfordsville/TP2/Crawfordsville-TP2-4352_22_6.PNG,,RGBA,Crawfordsville,4352,22,6,TP2,333,872,Crawfordsville|4352|22|6,2022-07-26,True
UAV/Crawfordsville/TP2/Crawfordsville-TP2-4352_22_7.PNG,,RGBA,Crawfordsville,4352,22,7,TP2,333,872,Crawfordsville|4352|22|7,2022-07-26,True
UAV/Crawfordsville/TP2/Crawfordsville-TP2-4352_22_8.PNG,,RGBA,Crawfordsville,4352,22,8,TP2,333,872,Crawfordsville|4352|22|8,2022-07-26,True
UAV/Crawfordsville/TP2/Crawfordsville-TP2-4352_22_9.PNG,,RGBA,Crawfordsville,4352,22,9,TP2,333,871,Crawfordsville|4352|22|9,2022-07-26,True
UAV/Crawfordsville/TP2/Crawfordsville-TP2-4352_23_2.PNG,,RGBA,Crawfordsville,4352,23,2,TP2,333,871,Crawfordsville|4352|23|2,2022-07-26,True
UAV/Crawfordsville/TP2/Crawfordsville-TP2-4352_23_3.PNG,,RGBA,Crawfordsville,4352,23,3,TP2,334,872,Crawfordsville|4352|23|3,2022-07-26,True
UAV/Crawfordsville/TP2/Crawfordsville-TP2-4352_23_4.PNG,,RGBA,Crawfordsville,4352,23,4,TP2,333,871,Crawfordsville|4352|23|4,2022-07-26,True
UAV/Crawfordsville/TP2/Crawfordsville-TP2-4352_23_5.PNG,,RGBA,Crawfordsville,4352,23,5,TP2,333,872,Crawfordsville|4352|23|5,2022-07-26,True
UAV/Crawfordsville/TP2/Crawfordsville-TP2-4352_23_6.PNG,,RGBA,Crawfordsville,4352,23,6,TP2,333,871,Crawfordsville|4352|23|6,2022-07-26,True
UAV/Crawfordsville/TP2/Crawfordsville-TP2-4352_23_7.PNG,,RGBA,Crawfordsville,4352,23,7,TP2,333,872,Crawfordsville|4352|23|7,2022-07-26,True
UAV/Crawfordsville/TP2/Crawfordsville-TP2-4352_23_8.PNG,,RGBA,Crawfordsville,4352,23,8,TP2,333,871,Crawfordsville|4352|23|8,2022-07-26,True
UAV/Crawfordsville/TP2/Crawfordsville-TP2-4352_23_9.PNG,,RGBA,Crawfordsville,4352,23,9,TP2,333,872,Crawfordsville|4352|23|9,2022-07-26,True
UAV/Crawfordsville/TP2/Crawfordsville-TP2-4352_2_2.PNG,,RGBA,Crawfordsville,4352,2,2,TP2,332,872,Crawfordsville|4352|2|2,2022-07-26,True
UAV/Crawfordsville/TP2/Crawfordsville-TP2-4352_2_3.PNG,,RGBA,Crawfordsville,4352,2,3,TP2,332,872,Crawfordsville|4352|2|3,2022-07-26,True
UAV/Crawfordsville/TP2/Crawfordsville-TP2-4352_2_4.PNG,,RGBA,Crawfordsville,4352,2,4,TP2,332,871,Crawfordsville|4352|2|4,2022-07-26,True
UAV/Crawfordsville/TP2/Crawfordsville-TP2-4352_2_5.PNG,,RGBA,Crawfordsville,4352,2,5,TP2,332,872,Crawfordsville|4352|2|5,2022-07-26,True
UAV/Crawfordsville/TP2/Crawfordsville-TP2-4352_2_6.PNG,,RGBA,Crawfordsville,4352,2,6,TP2,332,872,Crawfordsville|4352|2|6,2022-07-26,True
UAV/Crawfordsville/TP2/Crawfordsville-TP2-4352_2_7.PNG,,RGBA,Crawfordsville,4352,2,7,TP2,332,871,Crawfordsville|4352|2|7,2022-07-26,True
UAV/Crawfordsville/TP2/Crawfordsville-TP2-4352_2_8.PNG,,RGBA,Crawfordsville,4352,2,8,TP2,331,872,Crawfordsville|4352|2|8,2022-07-26,True
UAV/Crawfordsville/TP2/Crawfordsville-TP2-4352_2_9.PNG,,RGBA,Crawfordsville,4352,2,9,TP2,332,872,Crawfordsville|4352|2|9,2022-07-26,True
UAV/Crawfordsville/TP2/Crawfordsville-TP2-4352_3_2.PNG,,RGBA,Crawfordsville,4352,3,2,TP2,332,871,Crawfordsville|4352|3|2,2022-07-26,True
UAV/Crawfordsville/TP2/Crawfordsville-TP2-4352_3_3.PNG,,RGBA,Crawfordsville,4352,3,3,TP2,332,872,Crawfordsville|4352|3|3,2022-07-26,True
UAV/Crawfordsville/TP2/Crawfordsville-TP2-4352_3_4.PNG,,RGBA,Crawfordsville,4352,3,4,TP2,332,871,Crawfordsville|4352|3|4,2022-07-26,True
UAV/Crawfordsville/TP2/Crawfordsville-TP2-4352_3_5.PNG,,RGBA,Crawfordsville,4352,3,5,TP2,332,871,Crawfordsville|4352|3|5,2022-07-26,True
UAV/Crawfordsville/TP2/Crawfordsville-TP2-4352_3_6.PNG,,RGBA,Crawfordsville,4352,3,6,TP2,332,872,Crawfordsville|4352|3|6,2022-07-26,True
UAV/Crawfordsville/TP2/Crawfordsville-TP2-4352_3_7.PNG,,RGBA,Crawfordsville,4352,3,7,TP2,332,872,Crawfordsville|4352|3|7,2022-07-26,True
UAV/Crawfordsville/TP2/Crawfordsville-TP2-4352_3_8.PNG,,RGBA,Crawfordsville,4352,3,8,TP2,332,871,Crawfordsville|4352|3|8,2022-07-26,True
UAV/Crawfordsville/TP2/Crawfordsville-TP2-4352_3_9.PNG,,RGBA,Crawfordsville,4352,3,9,TP2,331,872,Crawfordsville|4352|3|9,2022-07-26,True
UAV/Crawfordsville/TP2/Crawfordsville-TP2-4352_4_2.PNG,,RGBA,Crawfordsville,4352,4,2,TP2,332,871,Crawfordsville|4352|4|2,2022-07-26,True
UAV/Crawfordsville/TP2/Crawfordsville-TP2-4352_4_3.PNG,,RGBA,Crawfordsville,4352,4,3,TP2,332,872,Crawfordsville|4352|4|3,2022-07-26,True
UAV/Crawfordsville/TP2/Crawfordsville-TP2-4352_4_4.PNG,,RGBA,Crawfordsville,4352,4,4,TP2,332,872,Crawfordsville|4352|4|4,2022-07-26,True
UAV/Crawfordsville/TP2/Crawfordsville-TP2-4352_4_5.PNG,,RGBA,Crawfordsville,4352,4,5,TP2,332,871,Crawfordsville|4352|4|5,2022-07-26,True
UAV/Crawfordsville/TP2/Crawfordsville-TP2-4352_4_6.PNG,,RGBA,Crawfordsville,4352,4,6,TP2,332,871,Crawfordsville|4352|4|6,2022-07-26,True
UAV/Crawfordsville/TP2/Crawfordsville-TP2-4352_4_7.PNG,,RGBA,Crawfordsville,4352,4,7,TP2,332,872,Crawfordsville|4352|4|7,2022-07-26,True
UAV/Crawfordsville/TP2/Crawfordsville-TP2-4352_4_8.PNG,,RGBA,Crawfordsville,4352,4,8,TP2,332,872,Crawfordsville|4352|4|8,2022-07-26,True
UAV/Crawfordsville/TP2/Crawfordsville-TP2-4352_4_9.PNG,,RGBA,Crawfordsville,4352,4,9,TP2,332,871,Crawfordsville|4352|4|9,2022-07-26,True
UAV/Crawfordsville/TP2/Crawfordsville-TP2-4352_5_2.PNG,,RGBA,Crawfordsville,4352,5,2,TP2,333,871,Crawfordsville|4352|5|2,2022-07-26,True
UAV/Crawfordsville/TP2/Crawfordsville-TP2-4352_5_3.PNG,,RGBA,Crawfordsville,4352,5,3,TP2,332,871,Crawfordsville|4352|5|3,2022-07-26,True
UAV/Crawfordsville/TP2/Crawfordsville-TP2-4352_5_4.PNG,,RGBA,Crawfordsville,4352,5,4,TP2,332,872,Crawfordsville|4352|5|4,2022-07-26,True
UAV/Crawfordsville/TP2/Crawfordsville-TP2-4352_5_5.PNG,,RGBA,Crawfordsville,4352,5,5,TP2,332,872,Crawfordsville|4352|5|5,2022-07-26,True
UAV/Crawfordsville/TP2/Crawfordsville-TP2-4352_5_6.PNG,,RGBA,Crawfordsville,4352,5,6,TP2,332,871,Crawfordsville|4352|5|6,2022-07-26,True
UAV/Crawfordsville/TP2/Crawfordsville-TP2-4352_5_7.PNG,,RGBA,Crawfordsville,4352,5,7,TP2,332,871,Crawfordsville|4352|5|7,2022-07-26,True
UAV/Crawfordsville/TP2/Crawfordsville-TP2-4352_5_8.PNG,,RGBA,Crawfordsville,4352,5,8,TP2,332,872,Crawfordsville|4352|5|8,2022-07-26,True
UAV/Crawfordsville/TP2/Crawfordsville-TP2-4352_5_9.PNG,,RGBA,Crawfordsville,4352,5,9,TP2,332,872,Crawfordsville|4352|5|9,2022-07-26,True
UAV/Crawfordsville/TP2/Crawfordsville-TP2-4352_6_2.PNG,,RGBA,Crawfordsville,4352,6,2,TP2,333,871,Crawfordsville|4352|6|2,2022-07-26,True
UAV/Crawfordsville/TP2/Crawfordsville-TP2-4352_6_3.PNG,,RGBA,Crawfordsville,4352,6,3,TP2,332,871,Crawfordsville|4352|6|3,2022-07-26,True
UAV/Crawfordsville/TP2/Crawfordsville-TP2-4352_6_4.PNG,,RGBA,Crawfordsville,4352,6,4,TP2,332,871,Crawfordsville|4352|6|4,2022-07-26,True
UAV/Crawfordsville/TP2/Crawfordsville-TP2-4352_6_5.PNG,,RGBA,Crawfordsville,4352,6,5,TP2,332,872,Crawfordsville|4352|6|5,2022-07-26,True
UAV/Crawfordsville/TP2/Crawfordsville-TP2-4352_6_6.PNG,,RGBA,Crawfordsville,4352,6,6,TP2,332,872,Crawfordsville|4352|6|6,2022-07-26,True
UAV/Crawfordsville/TP2/Crawfordsville-TP2-4352_6_7.PNG,,RGBA,Crawfordsville,4352,6,7,TP2,332,871,Crawfordsville|4352|6|7,2022-07-26,True
UAV/Crawfordsville/TP2/Crawfordsville-TP2-4352_6_8.PNG,,RGBA,Crawfordsville,4352,6,8,TP2,332,871,Crawfordsville|4352|6|8,2022-07-26,True
UAV/Crawfordsville/TP2/Crawfordsville-TP2-4352_6_9.PNG,,RGBA,Crawfordsville,4352,6,9,TP2,332,871,Crawfordsville|4352|6|9,2022-07-26,True
UAV/Crawfordsville/TP2/Crawfordsville-TP2-4352_7_2.PNG,,RGBA,Crawfordsville,4352,7,2,TP2,332,871,Crawfordsville|4352|7|2,2022-07-26,True
UAV/Crawfordsville/TP2/Crawfordsville-TP2-4352_7_3.PNG,,RGBA,Crawfordsville,4352,7,3,TP2,333,871,Crawfordsville|4352|7|3,2022-07-26,True
UAV/Crawfordsville/TP2/Crawfordsville-TP2-4352_7_4.PNG,,RGBA,Crawfordsville,4352,7,4,TP2,332,871,Crawfordsville|4352|7|4,2022-07-26,True
UAV/Crawfordsville/TP2/Crawfordsville-TP2-4352_7_5.PNG,,RGBA,Crawfordsville,4352,7,5,TP2,333,871,Crawfordsville|4352|7|5,2022-07-26,True
UAV/Crawfordsville/TP2/Crawfordsville-TP2-4352_7_6.PNG,,RGBA,Crawfordsville,4352,7,6,TP2,332,872,Crawfordsville|4352|7|6,2022-07-26,True
UAV/Crawfordsville/TP2/Crawfordsville-TP2-4352_7_7.PNG,,RGBA,Crawfordsville,4352,7,7,TP2,332,872,Crawfordsville|4352|7|7,2022-07-26,True
UAV/Crawfordsville/TP2/Crawfordsville-TP2-4352_7_8.PNG,,RGBA,Crawfordsville,4352,7,8,TP2,332,872,Crawfordsville|4352|7|8,2022-07-26,True
UAV/Crawfordsville/TP2/Crawfordsville-TP2-4352_7_9.PNG,,RGBA,Crawfordsville,4352,7,9,TP2,332,872,Crawfordsville|4352|7|9,2022-07-26,True
UAV/Crawfordsville/TP2/Crawfordsville-TP2-4352_8_2.PNG,,RGBA,Crawfordsville,4352,8,2,TP2,332,871,Crawfordsville|4352|8|2,2022-07-26,True
UAV/Crawfordsville/TP2/Crawfordsville-TP2-4352_8_3.PNG,,RGBA,Crawfordsville,4352,8,3,TP2,333,871,Crawfordsville|4352|8|3,2022-07-26,True
UAV/Crawfordsville/TP2/Crawfordsville-TP2-4352_8_4.PNG,,RGBA,Crawfordsville,4352,8,4,TP2,332,871,Crawfordsville|4352|8|4,2022-07-26,True
UAV/Crawfordsville/TP2/Crawfordsville-TP2-4352_8_5.PNG,,RGBA,Crawfordsville,4352,8,5,TP2,332,871,Crawfordsville|4352|8|5,2022-07-26,True
UAV/Crawfordsville/TP2/Crawfordsville-TP2-4352_8_6.PNG,,RGBA,Crawfordsville,4352,8,6,TP2,333,871,Crawfordsville|4352|8|6,2022-07-26,True
UAV/Crawfordsville/TP2/Crawfordsville-TP2-4352_8_7.PNG,,RGBA,Crawfordsville,4352,8,7,TP2,332,871,Crawfordsville|4352|8|7,2022-07-26,True
UAV/Crawfordsville/TP2/Crawfordsville-TP2-4352_8_8.PNG,,RGBA,Crawfordsville,4352,8,8,TP2,332,871,Crawfordsville|4352|8|8,2022-07-26,True
UAV/Crawfordsville/TP2/Crawfordsville-TP2-4352_8_9.PNG,,RGBA,Crawfordsville,4352,8,9,TP2,332,872,Crawfordsville|4352|8|9,2022-07-26,True
UAV/Crawfordsville/TP2/Crawfordsville-TP2-4352_9_2.PNG,,RGBA,Crawfordsville,4352,9,2,TP2,332,871,Crawfordsville|4352|9|2,2022-07-26,True
UAV/Crawfordsville/TP2/Crawfordsville-TP2-4352_9_3.PNG,,RGBA,Crawfordsville,4352,9,3,TP2,332,871,Crawfordsville|4352|9|3,2022-07-26,True
UAV/Crawfordsville/TP2/Crawfordsville-TP2-4352_9_4.PNG,,RGBA,Crawfordsville,4352,9,4,TP2,333,871,Crawfordsville|4352|9|4,2022-07-26,True
UAV/Crawfordsville/TP2/Crawfordsville-TP2-4352_9_5.PNG,,RGBA,Crawfordsville,4352,9,5,TP2,332,871,Crawfordsville|4352|9|5,2022-07-26,True
UAV/Crawfordsville/TP2/Crawfordsville-TP2-4352_9_6.PNG,,RGBA,Crawfordsville,4352,9,6,TP2,332,871,Crawfordsville|4352|9|6,2022-07-26,True
UAV/Crawfordsville/TP2/Crawfordsville-TP2-4352_9_7.PNG,,RGBA,Crawfordsville,4352,9,7,TP2,332,871,Crawfordsville|4352|9|7,2022-07-26,True
UAV/Crawfordsville/TP2/Crawfordsville-TP2-4352_9_8.PNG,,RGBA,Crawfordsville,4352,9,8,TP2,332,871,Crawfordsville|4352|9|8,2022-07-26,True
UAV/Crawfordsville/TP2/Crawfordsville-TP2-4352_9_9.PNG,,RGBA,Crawfordsville,4352,9,9,TP2,332,871,Crawfordsville|4352|9|9,2022-07-26,True
UAV/Crawfordsville/TP2/Crawfordsville-TP2-4353_10_42.PNG,,RGBA,Crawfordsville,4353,10,42,TP2,332,850,Crawfordsville|4353|10|42,2022-07-26,True
UAV/Crawfordsville/TP2/Crawfordsville-TP2-4353_10_43.PNG,,RGBA,Crawfordsville,4353,10,43,TP2,332,850,Crawfordsville|4353|10|43,2022-07-26,True
UAV/Crawfordsville/TP2/Crawfordsville-TP2-4353_10_44.PNG,,RGBA,Crawfordsville,4353,10,44,TP2,331,850,Crawfordsville|4353|10|44,2022-07-26,True
UAV/Crawfordsville/TP2/Crawfordsville-TP2-4353_10_45.PNG,,RGBA,Crawfordsville,4353,10,45,TP2,332,851,Crawfordsville|4353|10|45,2022-07-26,True
UAV/Crawfordsville/TP2/Crawfordsville-TP2-4353_10_46.PNG,,RGBA,Crawfordsville,4353,10,46,TP2,332,850,Crawfordsville|4353|10|46,2022-07-26,True
UAV/Crawfordsville/TP2/Crawfordsville-TP2-4353_11_42.PNG,,RGBA,Crawfordsville,4353,11,42,TP2,331,850,Crawfordsville|4353|11|42,2022-07-26,True
UAV/Crawfordsville/TP2/Crawfordsville-TP2-4353_11_43.PNG,,RGBA,Crawfordsville,4353,11,43,TP2,332,850,Crawfordsville|4353|11|43,2022-07-26,True
UAV/Crawfordsville/TP2/Crawfordsville-TP2-4353_11_44.PNG,,RGBA,Crawfordsville,4353,11,44,TP2,332,850,Crawfordsville|4353|11|44,2022-07-26,True
UAV/Crawfordsville/TP2/Crawfordsville-TP2-4353_11_45.PNG,,RGBA,Crawfordsville,4353,11,45,TP2,331,851,Crawfordsville|4353|11|45,2022-07-26,True
UAV/Crawfordsville/TP2/Crawfordsville-TP2-4353_11_46.PNG,,RGBA,Crawfordsville,4353,11,46,TP2,331,850,Crawfordsville|4353|11|46,2022-07-26,True
UAV/Crawfordsville/TP2/Crawfordsville-TP2-4353_12_42.PNG,,RGBA,Crawfordsville,4353,12,42,TP2,331,850,Crawfordsville|4353|12|42,2022-07-26,True
UAV/Crawfordsville/TP2/Crawfordsville-TP2-4353_12_43.PNG,,RGBA,Crawfordsville,4353,12,43,TP2,331,851,Crawfordsville|4353|12|43,2022-07-26,True
UAV/Crawfordsville/TP2/Crawfordsville-TP2-4353_12_44.PNG,,RGBA,Crawfordsville,4353,12,44,TP2,332,850,Crawfordsville|4353|12|44,2022-07-26,True
UAV/Crawfordsville/TP2/Crawfordsville-TP2-4353_12_45.PNG,,RGBA,Crawfordsville,4353,12,45,TP2,332,851,Crawfordsville|4353|12|45,2022-07-26,True
UAV/Crawfordsville/TP2/Crawfordsville-TP2-4353_12_46.PNG,,RGBA,Crawfordsville,4353,12,46,TP2,332,850,Crawfordsville|4353|12|46,2022-07-26,True
UAV/Crawfordsville/TP2/Crawfordsville-TP2-4353_13_42.PNG,,RGBA,Crawfordsville,4353,13,42,TP2,332,851,Crawfordsville|4353|13|42,2022-07-26,True
UAV/Crawfordsville/TP2/Crawfordsville-TP2-4353_13_43.PNG,,RGBA,Crawfordsville,4353,13,43,TP2,331,850,Crawfordsville|4353|13|43,2022-07-26,True
UAV/Crawfordsville/TP2/Crawfordsville-TP2-4353_13_44.PNG,,RGBA,Crawfordsville,4353,13,44,TP2,331,850,Crawfordsville|4353|13|44,2022-07-26,True
UAV/Crawfordsville/TP2/Crawfordsville-TP2-4353_13_45.PNG,,RGBA,Crawfordsville,4353,13,45,TP2,331,851,Crawfordsville|4353|13|45,2022-07-26,True
UAV/Crawfordsville/TP2/Crawfordsville-TP2-4353_13_46.PNG,,RGBA,Crawfordsville,4353,13,46,TP2,332,851,Crawfordsville|4353|13|46,2022-07-26,True
UAV/Crawfordsville/TP2/Crawfordsville-TP2-4353_14_42.PNG,,RGBA,Crawfordsville,4353,14,42,TP2,332,850,Crawfordsville|4353|14|42,2022-07-26,True
UAV/Crawfordsville/TP2/Crawfordsville-TP2-4353_14_43.PNG,,RGBA,Crawfordsville,4353,14,43,TP2,332,850,Crawfordsville|4353|14|43,2022-07-26,True
UAV/Crawfordsville/TP2/Crawfordsville-TP2-4353_14_44.PNG,,RGBA,Crawfordsville,4353,14,44,TP2,332,851,Crawfordsville|4353|14|44,2022-07-26,True
UAV/Crawfordsville/TP2/Crawfordsville-TP2-4353_14_45.PNG,,RGBA,Crawfordsville,4353,14,45,TP2,331,851,Crawfordsville|4353|14|45,2022-07-26,True
UAV/Crawfordsville/TP2/Crawfordsville-TP2-4353_14_46.PNG,,RGBA,Crawfordsville,4353,14,46,TP2,331,851,Crawfordsville|4353|14|46,2022-07-26,True
UAV/Crawfordsville/TP2/Crawfordsville-TP2-4353_15_42.PNG,,RGBA,Crawfordsville,4353,15,42,TP2,331,851,Crawfordsville|4353|15|42,2022-07-26,True
UAV/Crawfordsville/TP2/Crawfordsville-TP2-4353_15_43.PNG,,RGBA,Crawfordsville,4353,15,43,TP2,331,851,Crawfordsville|4353|15|43,2022-07-26,True
UAV/Crawfordsville/TP2/Crawfordsville-TP2-4353_15_44.PNG,,RGBA,Crawfordsville,4353,15,44,TP2,332,851,Crawfordsville|4353|15|44,2022-07-26,True
UAV/Crawfordsville/TP2/Crawfordsville-TP2-4353_15_45.PNG,,RGBA,Crawfordsville,4353,15,45,TP2,332,851,Crawfordsville|4353|15|45,2022-07-26,True
UAV/Crawfordsville/TP2/Crawfordsville-TP2-4353_15_46.PNG,,RGBA,Crawfordsville,4353,15,46,TP2,332,851,Crawfordsville|4353|15|46,2022-07-26,True
UAV/Crawfordsville/TP2/Crawfordsville-TP2-4353_16_42.PNG,,RGBA,Crawfordsville,4353,16,42,TP2,331,850,Crawfordsville|4353|16|42,2022-07-26,True
UAV/Crawfordsville/TP2/Crawfordsville-TP2-4353_16_43.PNG,,RGBA,Crawfordsville,4353,16,43,TP2,331,851,Crawfordsville|4353|16|43,2022-07-26,True
UAV/Crawfordsville/TP2/Crawfordsville-TP2-4353_16_44.PNG,,RGBA,Crawfordsville,4353,16,44,TP2,331,851,Crawfordsville|4353|16|44,2022-07-26,True
UAV/Crawfordsville/TP2/Crawfordsville-TP2-4353_16_45.PNG,,RGBA,Crawfordsville,4353,16,45,TP2,331,851,Crawfordsville|4353|16|45,2022-07-26,True
UAV/Crawfordsville/TP2/Crawfordsville-TP2-4353_16_46.PNG,,RGBA,Crawfordsville,4353,16,46,TP2,331,851,Crawfordsville|4353|16|46,2022-07-26,True
UAV/Crawfordsville/TP2/Crawfordsville-TP2-4353_17_42.PNG,,RGBA,Crawfordsville,4353,17,42,TP2,332,851,Crawfordsville|4353|17|42,2022-07-26,True
UAV/Crawfordsville/TP2/Crawfordsville-TP2-4353_17_43.PNG,,RGBA,Crawfordsville,4353,17,43,TP2,331,851,Crawfordsville|4353|17|43,2022-07-26,True
UAV/Crawfordsville/TP2/Crawfordsville-TP2-4353_17_44.PNG,,RGBA,Crawfordsville,4353,17,44,TP2,331,851,Crawfordsville|4353|17|44,2022-07-26,True
UAV/Crawfordsville/TP2/Crawfordsville-TP2-4353_17_45.PNG,,RGBA,Crawfordsville,4353,17,45,TP2,331,851,Crawfordsville|4353|17|45,2022-07-26,True
UAV/Crawfordsville/TP2/Crawfordsville-TP2-4353_17_46.PNG,,RGBA,Crawfordsville,4353,17,46,TP2,331,851,Crawfordsville|4353|17|46,2022-07-26,True
UAV/Crawfordsville/TP2/Crawfordsville-TP2-4353_18_42.PNG,,RGBA,Crawfordsville,4353,18,42,TP2,332,851,Crawfordsville|4353|18|42,2022-07-26,True
UAV/Crawfordsville/TP2/Crawfordsville-TP2-4353_18_43.PNG,,RGBA,Crawfordsville,4353,18,43,TP2,332,851,Crawfordsville|4353|18|43,2022-07-26,True
UAV/Crawfordsville/TP2/Crawfordsville-TP2-4353_18_44.PNG,,RGBA,Crawfordsville,4353,18,44,TP2,332,852,Crawfordsville|4353|18|44,2022-07-26,True
UAV/Crawfordsville/TP2/Crawfordsville-TP2-4353_18_45.PNG,,RGBA,Crawfordsville,4353,18,45,TP2,332,851,Crawfordsville|4353|18|45,2022-07-26,True
UAV/Crawfordsville/TP2/Crawfordsville-TP2-4353_18_46.PNG,,RGBA,Crawfordsville,4353,18,46,TP2,332,852,Crawfordsville|4353|18|46,2022-07-26,True
UAV/Crawfordsville/TP2/Crawfordsville-TP2-4353_19_42.PNG,,RGBA,Crawfordsville,4353,19,42,TP2,331,851,Crawfordsville|4353|19|42,2022-07-26,True
UAV/Crawfordsville/TP2/Crawfordsville-TP2-4353_19_43.PNG,,RGBA,Crawfordsville,4353,19,43,TP2,331,851,Crawfordsville|4353|19|43,2022-07-26,True
UAV/Crawfordsville/TP2/Crawfordsville-TP2-4353_19_44.PNG,,RGBA,Crawfordsville,4353,19,44,TP2,331,852,Crawfordsville|4353|19|44,2022-07-26,True
UAV/Crawfordsville/TP2/Crawfordsville-TP2-4353_19_45.PNG,,RGBA,Crawfordsville,4353,19,45,TP2,331,851,Crawfordsville|4353|19|45,2022-07-26,True
UAV/Crawfordsville/TP2/Crawfordsville-TP2-4353_19_46.PNG,,RGBA,Crawfordsville,4353,19,46,TP2,331,852,Crawfordsville|4353|19|46,2022-07-26,True
UAV/Crawfordsville/TP2/Crawfordsville-TP2-4353_20_42.PNG,,RGBA,Crawfordsville,4353,20,42,TP2,331,851,Crawfordsville|4353|20|42,2022-07-26,True
UAV/Crawfordsville/TP2/Crawfordsville-TP2-4353_20_43.PNG,,RGBA,Crawfordsville,4353,20,43,TP2,331,852,Crawfordsville|4353|20|43,2022-07-26,True
UAV/Crawfordsville/TP2/Crawfordsville-TP2-4353_20_44.PNG,,RGBA,Crawfordsville,4353,20,44,TP2,331,852,Crawfordsville|4353|20|44,2022-07-26,True
UAV/Crawfordsville/TP2/Crawfordsville-TP2-4353_20_45.PNG,,RGBA,Crawfordsville,4353,20,45,TP2,331,851,Crawfordsville|4353|20|45,2022-07-26,True
UAV/Crawfordsville/TP2/Crawfordsville-TP2-4353_20_46.PNG,,RGBA,Crawfordsville,4353,20,46,TP2,331,852,Crawfordsville|4353|20|46,2022-07-26,True
UAV/Crawfordsville/TP2/Crawfordsville-TP2-4353_21_42.PNG,,RGBA,Crawfordsville,4353,21,42,TP2,331,852,Crawfordsville|4353|21|42,2022-07-26,True
UAV/Crawfordsville/TP2/Crawfordsville-TP2-4353_21_43.PNG,,RGBA,Crawfordsville,4353,21,43,TP2,332,852,Crawfordsville|4353|21|43,2022-07-26,True
UAV/Crawfordsville/TP2/Crawfordsville-TP2-4353_21_44.PNG,,RGBA,Crawfordsville,4353,21,44,TP2,332,851,Crawfordsville|4353|21|44,2022-07-26,True
UAV/Crawfordsville/TP2/Crawfordsville-TP2-4353_21_45.PNG,,RGBA,Crawfordsville,4353,21,45,TP2,332,851,Crawfordsville|4353|21|45,2022-07-26,True
UAV/Crawfordsville/TP2/Crawfordsville-TP2-4353_21_46.PNG,,RGBA,Crawfordsville,4353,21,46,TP2,332,852,Crawfordsville|4353|21|46,2022-07-26,True
UAV/Crawfordsville/TP2/Crawfordsville-TP2-4353_22_42.PNG,,RGBA,Crawfordsville,4353,22,42,TP2,331,851,Crawfordsville|4353|22|42,2022-07-26,True
UAV/Crawfordsville/TP2/Crawfordsville-TP2-4353_22_43.PNG,,RGBA,Crawfordsville,4353,22,43,TP2,331,851,Crawfordsville|4353|22|43,2022-07-26,True
UAV/Crawfordsville/TP2/Crawfordsville-TP2-4353_22_44.PNG,,RGBA,Crawfordsville,4353,22,44,TP2,331,851,Crawfordsville|4353|22|44,2022-07-26,True
UAV/Crawfordsville/TP2/Crawfordsville-TP2-4353_22_45.PNG,,RGBA,Crawfordsville,4353,22,45,TP2,331,852,Crawfordsville|4353|22|45,2022-07-26,True
UAV/Crawfordsville/TP2/Crawfordsville-TP2-4353_22_46.PNG,,RGBA,Crawfordsville,4353,22,46,TP2,331,852,Crawfordsville|4353|22|46,2022-07-26,True
UAV/Crawfordsville/TP2/Crawfordsville-TP2-4353_23_42.PNG,,RGBA,Crawfordsville,4353,23,42,TP2,331,852,Crawfordsville|4353|23|42,2022-07-26,True
UAV/Crawfordsville/TP2/Crawfordsville-TP2-4353_23_43.PNG,,RGBA,Crawfordsville,4353,23,43,TP2,331,852,Crawfordsville|4353|23|43,2022-07-26,True
UAV/Crawfordsville/TP2/Crawfordsville-TP2-4353_23_44.PNG,,RGBA,Crawfordsville,4353,23,44,TP2,331,852,Crawfordsville|4353|23|44,2022-07-26,True
UAV/Crawfordsville/TP2/Crawfordsville-TP2-4353_23_45.PNG,,RGBA,Crawfordsville,4353,23,45,TP2,331,852,Crawfordsville|4353|23|45,2022-07-26,True
UAV/Crawfordsville/TP2/Crawfordsville-TP2-4353_23_46.PNG,,RGBA,Crawfordsville,4353,23,46,TP2,332,853,Crawfordsville|4353|23|46,2022-07-26,True
UAV/Crawfordsville/TP2/Crawfordsville-TP2-4353_24_42.PNG,,RGBA,Crawfordsville,4353,24,42,TP2,331,852,Crawfordsville|4353|24|42,2022-07-26,True
UAV/Crawfordsville/TP2/Crawfordsville-TP2-4353_24_43.PNG,,RGBA,Crawfordsville,4353,24,43,TP2,331,852,Crawfordsville|4353|24|43,2022-07-26,True
UAV/Crawfordsville/TP2/Crawfordsville-TP2-4353_24_44.PNG,,RGBA,Crawfordsville,4353,24,44,TP2,332,852,Crawfordsville|4353|24|44,2022-07-26,True
UAV/Crawfordsville/TP2/Crawfordsville-TP2-4353_24_45.PNG,,RGBA,Crawfordsville,4353,24,45,TP2,331,852,Crawfordsville|4353|24|45,2022-07-26,True
UAV/Crawfordsville/TP2/Crawfordsville-TP2-4353_24_46.PNG,,RGBA,Crawfordsville,4353,24,46,TP2,331,853,Crawfordsville|4353|24|46,2022-07-26,True
UAV/Crawfordsville/TP2/Crawfordsville-TP2-4353_25_42.PNG,,RGBA,Crawfordsville,4353,25,42,TP2,331,852,Crawfordsville|4353|25|42,2022-07-26,True
UAV/Crawfordsville/TP2/Crawfordsville-TP2-4353_25_43.PNG,,RGBA,Crawfordsville,4353,25,43,TP2,331,852,Crawfordsville|4353|25|43,2022-07-26,True
UAV/Crawfordsville/TP2/Crawfordsville-TP2-4353_25_44.PNG,,RGBA,Crawfordsville,4353,25,44,TP2,331,852,Crawfordsville|4353|25|44,2022-07-26,True
UAV/Crawfordsville/TP2/Crawfordsville-TP2-4353_25_45.PNG,,RGBA,Crawfordsville,4353,25,45,TP2,331,853,Crawfordsville|4353|25|45,2022-07-26,True
UAV/Crawfordsville/TP2/Crawfordsville-TP2-4353_25_46.PNG,,RGBA,Crawfordsville,4353,25,46,TP2,331,853,Crawfordsville|4353|25|46,2022-07-26,True
UAV/Crawfordsville/TP2/Crawfordsville-TP2-4353_26_42.PNG,,RGBA,Crawfordsville,4353,26,42,TP2,331,852,Crawfordsville|4353|26|42,2022-07-26,True
UAV/Crawfordsville/TP2/Crawfordsville-TP2-4353_26_43.PNG,,RGBA,Crawfordsville,4353,26,43,TP2,331,852,Crawfordsville|4353|26|43,2022-07-26,True
UAV/Crawfordsville/TP2/Crawfordsville-TP2-4353_26_44.PNG,,RGBA,Crawfordsville,4353,26,44,TP2,331,852,Crawfordsville|4353|26|44,2022-07-26,True
UAV/Crawfordsville/TP2/Crawfordsville-TP2-4353_26_45.PNG,,RGBA,Crawfordsville,4353,26,45,TP2,331,853,Crawfordsville|4353|26|45,2022-07-26,True
UAV/Crawfordsville/TP2/Crawfordsville-TP2-4353_26_46.PNG,,RGBA,Crawfordsville,4353,26,46,TP2,332,852,Crawfordsville|4353|26|46,2022-07-26,True
UAV/Crawfordsville/TP2/Crawfordsville-TP2-4353_27_42.PNG,,RGBA,Crawfordsville,4353,27,42,TP2,331,853,Crawfordsville|4353|27|42,2022-07-26,True
UAV/Crawfordsville/TP2/Crawfordsville-TP2-4353_27_43.PNG,,RGBA,Crawfordsville,4353,27,43,TP2,331,852,Crawfordsville|4353|27|43,2022-07-26,True
UAV/Crawfordsville/TP2/Crawfordsville-TP2-4353_27_44.PNG,,RGBA,Crawfordsville,4353,27,44,TP2,331,853,Crawfordsville|4353|27|44,2022-07-26,True
UAV/Crawfordsville/TP2/Crawfordsville-TP2-4353_27_45.PNG,,RGBA,Crawfordsville,4353,27,45,TP2,331,853,Crawfordsville|4353|27|45,2022-07-26,True
UAV/Crawfordsville/TP2/Crawfordsville-TP2-4353_27_46.PNG,,RGBA,Crawfordsville,4353,27,46,TP2,331,852,Crawfordsville|4353|27|46,2022-07-26,True
UAV/Crawfordsville/TP2/Crawfordsville-TP2-4353_28_42.PNG,,RGBA,Crawfordsville,4353,28,42,TP2,331,852,Crawfordsville|4353|28|42,2022-07-26,True
UAV/Crawfordsville/TP2/Crawfordsville-TP2-4353_28_43.PNG,,RGBA,Crawfordsville,4353,28,43,TP2,331,852,Crawfordsville|4353|28|43,2022-07-26,True
UAV/Crawfordsville/TP2/Crawfordsville-TP2-4353_28_44.PNG,,RGBA,Crawfordsville,4353,28,44,TP2,331,853,Crawfordsville|4353|28|44,2022-07-26,True
UAV/Crawfordsville/TP2/Crawfordsville-TP2-4353_28_45.PNG,,RGBA,Crawfordsville,4353,28,45,TP2,331,853,Crawfordsville|4353|28|45,2022-07-26,True
UAV/Crawfordsville/TP2/Crawfordsville-TP2-4353_28_46.PNG,,RGBA,Crawfordsville,4353,28,46,TP2,331,853,Crawfordsville|4353|28|46,2022-07-26,True
UAV/Crawfordsville/TP2/Crawfordsville-TP2-4353_29_42.PNG,,RGBA,Crawfordsville,4353,29,42,TP2,331,853,Crawfordsville|4353|29|42,2022-07-26,True
UAV/Crawfordsville/TP2/Crawfordsville-TP2-4353_29_43.PNG,,RGBA,Crawfordsville,4353,29,43,TP2,331,853,Crawfordsville|4353|29|43,2022-07-26,True
UAV/Crawfordsville/TP2/Crawfordsville-TP2-4353_29_44.PNG,,RGBA,Crawfordsville,4353,29,44,TP2,331,853,Crawfordsville|4353|29|44,2022-07-26,True
UAV/Crawfordsville/TP2/Crawfordsville-TP2-4353_29_45.PNG,,RGBA,Crawfordsville,4353,29,45,TP2,331,853,Crawfordsville|4353|29|45,2022-07-26,True
UAV/Crawfordsville/TP2/Crawfordsville-TP2-4353_29_46.PNG,,RGBA,Crawfordsville,4353,29,46,TP2,331,853,Crawfordsville|4353|29|46,2022-07-26,True
UAV/Crawfordsville/TP2/Crawfordsville-TP2-4353_30_42.PNG,,RGBA,Crawfordsville,4353,30,42,TP2,331,852,Crawfordsville|4353|30|42,2022-07-26,True
UAV/Crawfordsville/TP2/Crawfordsville-TP2-4353_30_43.PNG,,RGBA,Crawfordsville,4353,30,43,TP2,331,853,Crawfordsville|4353|30|43,2022-07-26,True
UAV/Crawfordsville/TP2/Crawfordsville-TP2-4353_30_44.PNG,,RGBA,Crawfordsville,4353,30,44,TP2,331,853,Crawfordsville|4353|30|44,2022-07-26,True
UAV/Crawfordsville/TP2/Crawfordsville-TP2-4353_30_45.PNG,,RGBA,Crawfordsville,4353,30,45,TP2,331,853,Crawfordsville|4353|30|45,2022-07-26,True
UAV/Crawfordsville/TP2/Crawfordsville-TP2-4353_30_46.PNG,,RGBA,Crawfordsville,4353,30,46,TP2,331,853,Crawfordsville|4353|30|46,2022-07-26,True
UAV/Crawfordsville/TP2/Crawfordsville-TP2-4353_31_42.PNG,,RGBA,Crawfordsville,4353,31,42,TP2,331,853,Crawfordsville|4353|31|42,2022-07-26,True
UAV/Crawfordsville/TP2/Crawfordsville-TP2-4353_31_43.PNG,,RGBA,Crawfordsville,4353,31,43,TP2,331,853,Crawfordsville|4353|31|43,2022-07-26,True
UAV/Crawfordsville/TP2/Crawfordsville-TP2-4353_31_44.PNG,,RGBA,Crawfordsville,4353,31,44,TP2,331,853,Crawfordsville|4353|31|44,2022-07-26,True
UAV/Crawfordsville/TP2/Crawfordsville-TP2-4353_31_45.PNG,,RGBA,Crawfordsville,4353,31,45,TP2,331,853,Crawfordsville|4353|31|45,2022-07-26,True
UAV/Crawfordsville/TP2/Crawfordsville-TP2-4353_31_46.PNG,,RGBA,Crawfordsville,4353,31,46,TP2,331,853,Crawfordsville|4353|31|46,2022-07-26,True
UAV/Crawfordsville/TP2/Crawfordsville-TP2-4353_32_42.PNG,,RGBA,Crawfordsville,4353,32,42,TP2,331,853,Crawfordsville|4353|32|42,2022-07-26,True
UAV/Crawfordsville/TP2/Crawfordsville-TP2-4353_32_43.PNG,,RGBA,Crawfordsville,4353,32,43,TP2,331,853,Crawfordsville|4353|32|43,2022-07-26,True
UAV/Crawfordsville/TP2/Crawfordsville-TP2-4353_32_44.PNG,,RGBA,Crawfordsville,4353,32,44,TP2,331,854,Crawfordsville|4353|32|44,2022-07-26,True
UAV/Crawfordsville/TP2/Crawfordsville-TP2-4353_32_45.PNG,,RGBA,Crawfordsville,4353,32,45,TP2,331,853,Crawfordsville|4353|32|45,2022-07-26,True
UAV/Crawfordsville/TP2/Crawfordsville-TP2-4353_32_46.PNG,,RGBA,Crawfordsville,4353,32,46,TP2,331,853,Crawfordsville|4353|32|46,2022-07-26,True
UAV/Crawfordsville/TP2/Crawfordsville-TP2-4353_33_42.PNG,,RGBA,Crawfordsville,4353,33,42,TP2,330,853,Crawfordsville|4353|33|42,2022-07-26,True
UAV/Crawfordsville/TP2/Crawfordsville-TP2-4353_33_43.PNG,,RGBA,Crawfordsville,4353,33,43,TP2,331,853,Crawfordsville|4353|33|43,2022-07-26,True
UAV/Crawfordsville/TP2/Crawfordsville-TP2-4353_33_44.PNG,,RGBA,Crawfordsville,4353,33,44,TP2,331,853,Crawfordsville|4353|33|44,2022-07-26,True
UAV/Crawfordsville/TP2/Crawfordsville-TP2-4353_33_45.PNG,,RGBA,Crawfordsville,4353,33,45,TP2,331,853,Crawfordsville|4353|33|45,2022-07-26,True
UAV/Crawfordsville/TP2/Crawfordsville-TP2-4353_33_46.PNG,,RGBA,Crawfordsville,4353,33,46,TP2,331,854,Crawfordsville|4353|33|46,2022-07-26,True
UAV/Crawfordsville/TP2/Crawfordsville-TP2-4353_34_42.PNG,,RGBA,Crawfordsville,4353,34,42,TP2,331,853,Crawfordsville|4353|34|42,2022-07-26,True
UAV/Crawfordsville/TP2/Crawfordsville-TP2-4353_34_43.PNG,,RGBA,Crawfordsville,4353,34,43,TP2,331,854,Crawfordsville|4353|34|43,2022-07-26,True
UAV/Crawfordsville/TP2/Crawfordsville-TP2-4353_34_44.PNG,,RGBA,Crawfordsville,4353,34,44,TP2,331,853,Crawfordsville|4353|34|44,2022-07-26,True
UAV/Crawfordsville/TP2/Crawfordsville-TP2-4353_34_45.PNG,,RGBA,Crawfordsville,4353,34,45,TP2,331,854,Crawfordsville|4353|34|45,2022-07-26,True
UAV/Crawfordsville/TP2/Crawfordsville-TP2-4353_34_46.PNG,,RGBA,Crawfordsville,4353,34,46,TP2,331,854,Crawfordsville|4353|34|46,2022-07-26,True
UAV/Crawfordsville/TP2/Crawfordsville-TP2-4353_35_42.PNG,,RGBA,Crawfordsville,4353,35,42,TP2,331,854,Crawfordsville|4353|35|42,2022-07-26,True
UAV/Crawfordsville/TP2/Crawfordsville-TP2-4353_35_43.PNG,,RGBA,Crawfordsville,4353,35,43,TP2,330,853,Crawfordsville|4353|35|43,2022-07-26,True
UAV/Crawfordsville/TP2/Crawfordsville-TP2-4353_35_44.PNG,,RGBA,Crawfordsville,4353,35,44,TP2,331,853,Crawfordsville|4353|35|44,2022-07-26,True
UAV/Crawfordsville/TP2/Crawfordsville-TP2-4353_35_45.PNG,,RGBA,Crawfordsville,4353,35,45,TP2,330,854,Crawfordsville|4353|35|45,2022-07-26,True
UAV/Crawfordsville/TP2/Crawfordsville-TP2-4353_35_46.PNG,,RGBA,Crawfordsville,4353,35,46,TP2,331,854,Crawfordsville|4353|35|46,2022-07-26,True
UAV/Crawfordsville/TP2/Crawfordsville-TP2-4353_36_42.PNG,,RGBA,Crawfordsville,4353,36,42,TP2,331,853,Crawfordsville|4353|36|42,2022-07-26,True
UAV/Crawfordsville/TP2/Crawfordsville-TP2-4353_36_43.PNG,,RGBA,Crawfordsville,4353,36,43,TP2,331,853,Crawfordsville|4353|36|43,2022-07-26,True
UAV/Crawfordsville/TP2/Crawfordsville-TP2-4353_36_44.PNG,,RGBA,Crawfordsville,4353,36,44,TP2,331,854,Crawfordsville|4353|36|44,2022-07-26,True
UAV/Crawfordsville/TP2/Crawfordsville-TP2-4353_36_45.PNG,,RGBA,Crawfordsville,4353,36,45,TP2,331,854,Crawfordsville|4353|36|45,2022-07-26,True
UAV/Crawfordsville/TP2/Crawfordsville-TP2-4353_36_46.PNG,,RGBA,Crawfordsville,4353,36,46,TP2,331,854,Crawfordsville|4353|36|46,2022-07-26,True
UAV/Crawfordsville/TP2/Crawfordsville-TP2-4353_3_42.PNG,,RGBA,Crawfordsville,4353,3,42,TP2,332,849,Crawfordsville|4353|3|42,2022-07-26,True
UAV/Crawfordsville/TP2/Crawfordsville-TP2-4353_3_43.PNG,,RGBA,Crawfordsville,4353,3,43,TP2,332,850,Crawfordsville|4353|3|43,2022-07-26,True
UAV/Crawfordsville/TP2/Crawfordsville-TP2-4353_3_44.PNG,,RGBA,Crawfordsville,4353,3,44,TP2,332,849,Crawfordsville|4353|3|44,2022-07-26,True
UAV/Crawfordsville/TP2/Crawfordsville-TP2-4353_3_45.PNG,,RGBA,Crawfordsville,4353,3,45,TP2,332,849,Crawfordsville|4353|3|45,2022-07-26,True
UAV/Crawfordsville/TP2/Crawfordsville-TP2-4353_3_46.PNG,,RGBA,Crawfordsville,4353,3,46,TP2,332,850,Crawfordsville|4353|3|46,2022-07-26,True
UAV/Crawfordsville/TP2/Crawfordsville-TP2-4353_4_42.PNG,,RGBA,Crawfordsville,4353,4,42,TP2,331,849,Crawfordsville|4353|4|42,2022-07-26,True
UAV/Crawfordsville/TP2/Crawfordsville-TP2-4353_4_43.PNG,,RGBA,Crawfordsville,4353,4,43,TP2,332,849,Crawfordsville|4353|4|43,2022-07-26,True
UAV/Crawfordsville/TP2/Crawfordsville-TP2-4353_4_44.PNG,,RGBA,Crawfordsville,4353,4,44,TP2,332,849,Crawfordsville|4353|4|44,2022-07-26,True
UAV/Crawfordsville/TP2/Crawfordsville-TP2-4353_4_45.PNG,,RGBA,Crawfordsville,4353,4,45,TP2,332,849,Crawfordsville|4353|4|45,2022-07-26,True
UAV/Crawfordsville/TP2/Crawfordsville-TP2-4353_4_46.PNG,,RGBA,Crawfordsville,4353,4,46,TP2,332,850,Crawfordsville|4353|4|46,2022-07-26,True
UAV/Crawfordsville/TP2/Crawfordsville-TP2-4353_5_42.PNG,,RGBA,Crawfordsville,4353,5,42,TP2,332,849,Crawfordsville|4353|5|42,2022-07-26,True
UAV/Crawfordsville/TP2/Crawfordsville-TP2-4353_5_43.PNG,,RGBA,Crawfordsville,4353,5,43,TP2,331,849,Crawfordsville|4353|5|43,2022-07-26,True
UAV/Crawfordsville/TP2/Crawfordsville-TP2-4353_5_44.PNG,,RGBA,Crawfordsville,4353,5,44,TP2,332,850,Crawfordsville|4353|5|44,2022-07-26,True
UAV/Crawfordsville/TP2/Crawfordsville-TP2-4353_5_45.PNG,,RGBA,Crawfordsville,4353,5,45,TP2,331,849,Crawfordsville|4353|5|45,2022-07-26,True
UAV/Crawfordsville/TP2/Crawfordsville-TP2-4353_5_46.PNG,,RGBA,Crawfordsville,4353,5,46,TP2,332,850,Crawfordsville|4353|5|46,2022-07-26,True
UAV/Crawfordsville/TP2/Crawfordsville-TP2-4353_6_42.PNG,,RGBA,Crawfordsville,4353,6,42,TP2,332,849,Crawfordsville|4353|6|42,2022-07-26,True
UAV/Crawfordsville/TP2/Crawfordsville-TP2-4353_6_43.PNG,,RGBA,Crawfordsville,4353,6,43,TP2,331,850,Crawfordsville|4353|6|43,2022-07-26,True
UAV/Crawfordsville/TP2/Crawfordsville-TP2-4353_6_44.PNG,,RGBA,Crawfordsville,4353,6,44,TP2,332,850,Crawfordsville|4353|6|44,2022-07-26,True
UAV/Crawfordsville/TP2/Crawfordsville-TP2-4353_6_45.PNG,,RGBA,Crawfordsville,4353,6,45,TP2,332,850,Crawfordsville|4353|6|45,2022-07-26,True
UAV/Crawfordsville/TP2/Crawfordsville-TP2-4353_6_46.PNG,,RGBA,Crawfordsville,4353,6,46,TP2,331,850,Crawfordsville|4353|6|46,2022-07-26,True
UAV/Crawfordsville/TP2/Crawfordsville-TP2-4353_7_42.PNG,,RGBA,Crawfordsville,4353,7,42,TP2,332,850,Crawfordsville|4353|7|42,2022-07-26,True
UAV/Crawfordsville/TP2/Crawfordsville-TP2-4353_7_43.PNG,,RGBA,Crawfordsville,4353,7,43,TP2,332,850,Crawfordsville|4353|7|43,2022-07-26,True
UAV/Crawfordsville/TP2/Crawfordsville-TP2-4353_7_44.PNG,,RGBA,Crawfordsville,4353,7,44,TP2,331,850,Crawfordsville|4353|7|44,2022-07-26,True
UAV/Crawfordsville/TP2/Crawfordsville-TP2-4353_7_45.PNG,,RGBA,Crawfordsville,4353,7,45,TP2,332,850,Crawfordsville|4353|7|45,2022-07-26,True
UAV/Crawfordsville/TP2/Crawfordsville-TP2-4353_7_46.PNG,,RGBA,Crawfordsville,4353,7,46,TP2,332,850,Crawfordsville|4353|7|46,2022-07-26,True
UAV/Crawfordsville/TP2/Crawfordsville-TP2-4353_8_42.PNG,,RGBA,Crawfordsville,4353,8,42,TP2,331,849,Crawfordsville|4353|8|42,2022-07-26,True
UAV/Crawfordsville/TP2/Crawfordsville-TP2-4353_8_43.PNG,,RGBA,Crawfordsville,4353,8,43,TP2,332,849,Crawfordsville|4353|8|43,2022-07-26,True
UAV/Crawfordsville/TP2/Crawfordsville-TP2-4353_8_44.PNG,,RGBA,Crawfordsville,4353,8,44,TP2,332,850,Crawfordsville|4353|8|44,2022-07-26,True
UAV/Crawfordsville/TP2/Crawfordsville-TP2-4353_8_45.PNG,,RGBA,Crawfordsville,4353,8,45,TP2,331,850,Crawfordsville|4353|8|45,2022-07-26,True
UAV/Crawfordsville/TP2/Crawfordsville-TP2-4353_8_46.PNG,,RGBA,Crawfordsville,4353,8,46,TP2,332,850,Crawfordsville|4353|8|46,2022-07-26,True
UAV/Crawfordsville/TP2/Crawfordsville-TP2-4353_9_42.PNG,,RGBA,Crawfordsville,4353,9,42,TP2,332,850,Crawfordsville|4353|9|42,2022-07-26,True
UAV/Crawfordsville/TP2/Crawfordsville-TP2-4353_9_43.PNG,,RGBA,Crawfordsville,4353,9,43,TP2,331,850,Crawfordsville|4353|9|43,2022-07-26,True
UAV/Crawfordsville/TP2/Crawfordsville-TP2-4353_9_44.PNG,,RGBA,Crawfordsville,4353,9,44,TP2,332,850,Crawfordsville|4353|9|44,2022-07-26,True
UAV/Crawfordsville/TP2/Crawfordsville-TP2-4353_9_45.PNG,,RGBA,Crawfordsville,4353,9,45,TP2,332,850,Crawfordsville|4353|9|45,2022-07-26,True
UAV/Crawfordsville/TP2/Crawfordsville-TP2-4353_9_46.PNG,,RGBA,Crawfordsville,4353,9,46,TP2,331,850,Crawfordsville|4353|9|46,2022-07-26,True
UAV/Crawfordsville/TP3/Crawfordsville-TP3-4351_10_13.PNG,,RGBA,Crawfordsville,4351,10,13,TP3,343,881,Crawfordsville|4351|10|13,2022-08-11,True
UAV/Crawfordsville/TP3/Crawfordsville-TP3-4351_10_14.PNG,,RGBA,Crawfordsville,4351,10,14,TP3,344,881,Crawfordsville|4351|10|14,2022-08-11,True
UAV/Crawfordsville/TP3/Crawfordsville-TP3-4351_10_15.PNG,,RGBA,Crawfordsville,4351,10,15,TP3,344,881,Crawfordsville|4351|10|15,2022-08-11,True
UAV/Crawfordsville/TP3/Crawfordsville-TP3-4351_10_16.PNG,,RGBA,Crawfordsville,4351,10,16,TP3,343,881,Crawfordsville|4351|10|16,2022-08-11,True
UAV/Crawfordsville/TP3/Crawfordsville-TP3-4351_10_17.PNG,,RGBA,Crawfordsville,4351,10,17,TP3,343,881,Crawfordsville|4351|10|17,2022-08-11,True
UAV/Crawfordsville/TP3/Crawfordsville-TP3-4351_10_18.PNG,,RGBA,Crawfordsville,4351,10,18,TP3,343,880,Crawfordsville|4351|10|18,2022-08-11,True
UAV/Crawfordsville/TP3/Crawfordsville-TP3-4351_10_19.PNG,,RGBA,Crawfordsville,4351,10,19,TP3,342,880,Crawfordsville|4351|10|19,2022-08-11,True
UAV/Crawfordsville/TP3/Crawfordsville-TP3-4351_10_20.PNG,,RGBA,Crawfordsville,4351,10,20,TP3,342,880,Crawfordsville|4351|10|20,2022-08-11,True
UAV/Crawfordsville/TP3/Crawfordsville-TP3-4351_11_13.PNG,,RGBA,Crawfordsville,4351,11,13,TP3,344,881,Crawfordsville|4351|11|13,2022-08-11,True
UAV/Crawfordsville/TP3/Crawfordsville-TP3-4351_11_14.PNG,,RGBA,Crawfordsville,4351,11,14,TP3,344,881,Crawfordsville|4351|11|14,2022-08-11,True
UAV/Crawfordsville/TP3/Crawfordsville-TP3-4351_11_15.PNG,,RGBA,Crawfordsville,4351,11,15,TP3,343,881,Crawfordsville|4351|11|15,2022-08-11,True
UAV/Crawfordsville/TP3/Crawfordsville-TP3-4351_11_16.PNG,,RGBA,Crawfordsville,4351,11,16,TP3,343,880,Crawfordsville|4351|11|16,2022-08-11,True
UAV/Crawfordsville/TP3/Crawfordsville-TP3-4351_11_17.PNG,,RGBA,Crawfordsville,4351,11,17,TP3,343,881,Crawfordsville|4351|11|17,2022-08-11,True
UAV/Crawfordsville/TP3/Crawfordsville-TP3-4351_11_18.PNG,,RGBA,Crawfordsville,4351,11,18,TP3,343,880,Crawfordsville|4351|11|18,2022-08-11,True
UAV/Crawfordsville/TP3/Crawfordsville-TP3-4351_11_19.PNG,,RGBA,Crawfordsville,4351,11,19,TP3,343,880,Crawfordsville|4351|11|19,2022-08-11,True
UAV/Crawfordsville/TP3/Crawfordsville-TP3-4351_11_20.PNG,,RGBA,Crawfordsville,4351,11,20,TP3,343,881,Crawfordsville|4351|11|20,2022-08-11,True
UAV/Crawfordsville/TP3/Crawfordsville-TP3-4351_12_13.PNG,,RGBA,Crawfordsville,4351,12,13,TP3,344,881,Crawfordsville|4351|12|13,2022-08-11,True
UAV/Crawfordsville/TP3/Crawfordsville-TP3-4351_12_14.PNG,,RGBA,Crawfordsville,4351,12,14,TP3,344,881,Crawfordsville|4351|12|14,2022-08-11,True
UAV/Crawfordsville/TP3/Crawfordsville-TP3-4351_12_15.PNG,,RGBA,Crawfordsville,4351,12,15,TP3,344,880,Crawfordsville|4351|12|15,2022-08-11,True
UAV/Crawfordsville/TP3/Crawfordsville-TP3-4351_12_16.PNG,,RGBA,Crawfordsville,4351,12,16,TP3,344,880,Crawfordsville|4351|12|16,2022-08-11,True
UAV/Crawfordsville/TP3/Crawfordsville-TP3-4351_12_17.PNG,,RGBA,Crawfordsville,4351,12,17,TP3,343,881,Crawfordsville|4351|12|17,2022-08-11,True
UAV/Crawfordsville/TP3/Crawfordsville-TP3-4351_12_18.PNG,,RGBA,Crawfordsville,4351,12,18,TP3,343,880,Crawfordsville|4351|12|18,2022-08-11,True
UAV/Crawfordsville/TP3/Crawfordsville-TP3-4351_12_19.PNG,,RGBA,Crawfordsville,4351,12,19,TP3,342,880,Crawfordsville|4351|12|19,2022-08-11,True
UAV/Crawfordsville/TP3/Crawfordsville-TP3-4351_12_20.PNG,,RGBA,Crawfordsville,4351,12,20,TP3,343,881,Crawfordsville|4351|12|20,2022-08-11,True
UAV/Crawfordsville/TP3/Crawfordsville-TP3-4351_13_13.PNG,,RGBA,Crawfordsville,4351,13,13,TP3,345,881,Crawfordsville|4351|13|13,2022-08-11,True
UAV/Crawfordsville/TP3/Crawfordsville-TP3-4351_13_14.PNG,,RGBA,Crawfordsville,4351,13,14,TP3,344,880,Crawfordsville|4351|13|14,2022-08-11,True
UAV/Crawfordsville/TP3/Crawfordsville-TP3-4351_13_15.PNG,,RGBA,Crawfordsville,4351,13,15,TP3,344,880,Crawfordsville|4351|13|15,2022-08-11,True
UAV/Crawfordsville/TP3/Crawfordsville-TP3-4351_13_16.PNG,,RGBA,Crawfordsville,4351,13,16,TP3,344,881,Crawfordsville|4351|13|16,2022-08-11,True
UAV/Crawfordsville/TP3/Crawfordsville-TP3-4351_13_17.PNG,,RGBA,Crawfordsville,4351,13,17,TP3,343,881,Crawfordsville|4351|13|17,2022-08-11,True
UAV/Crawfordsville/TP3/Crawfordsville-TP3-4351_13_18.PNG,,RGBA,Crawfordsville,4351,13,18,TP3,344,880,Crawfordsville|4351|13|18,2022-08-11,True
UAV/Crawfordsville/TP3/Crawfordsville-TP3-4351_13_19.PNG,,RGBA,Crawfordsville,4351,13,19,TP3,343,880,Crawfordsville|4351|13|19,2022-08-11,True
UAV/Crawfordsville/TP3/Crawfordsville-TP3-4351_13_20.PNG,,RGBA,Crawfordsville,4351,13,20,TP3,343,880,Crawfordsville|4351|13|20,2022-08-11,True
UAV/Crawfordsville/TP3/Crawfordsville-TP3-4351_14_13.PNG,,RGBA,Crawfordsville,4351,14,13,TP3,345,880,Crawfordsville|4351|14|13,2022-08-11,True
UAV/Crawfordsville/TP3/Crawfordsville-TP3-4351_14_14.PNG,,RGBA,Crawfordsville,4351,14,14,TP3,344,880,Crawfordsville|4351|14|14,2022-08-11,True
UAV/Crawfordsville/TP3/Crawfordsville-TP3-4351_14_15.PNG,,RGBA,Crawfordsville,4351,14,15,TP3,344,881,Crawfordsville|4351|14|15,2022-08-11,True
UAV/Crawfordsville/TP3/Crawfordsville-TP3-4351_14_16.PNG,,RGBA,Crawfordsville,4351,14,16,TP3,345,881,Crawfordsville|4351|14|16,2022-08-11,True
UAV/Crawfordsville/TP3/Crawfordsville-TP3-4351_14_17.PNG,,RGBA,Crawfordsville,4351,14,17,TP3,344,880,Crawfordsville|4351|14|17,2022-08-11,True
UAV/Crawfordsville/TP3/Crawfordsville-TP3-4351_14_18.PNG,,RGBA,Crawfordsville,4351,14,18,TP3,344,880,Crawfordsville|4351|14|18,2022-08-11,True
UAV/Crawfordsville/TP3/Crawfordsville-TP3-4351_14_19.PNG,,RGBA,Crawfordsville,4351,14,19,TP3,343,880,Crawfordsville|4351|14|19,2022-08-11,True
UAV/Crawfordsville/TP3/Crawfordsville-TP3-4351_14_20.PNG,,RGBA,Crawfordsville,4351,14,20,TP3,343,880,Crawfordsville|4351|14|20,2022-08-11,True
UAV/Crawfordsville/TP3/Crawfordsville-TP3-4351_15_13.PNG,,RGBA,Crawfordsville,4351,15,13,TP3,345,881,Crawfordsville|4351|15|13,2022-08-11,True
UAV/Crawfordsville/TP3/Crawfordsville-TP3-4351_15_14.PNG,,RGBA,Crawfordsville,4351,15,14,TP3,345,881,Crawfordsville|4351|15|14,2022-08-11,True
UAV/Crawfordsville/TP3/Crawfordsville-TP3-4351_15_15.PNG,,RGBA,Crawfordsville,4351,15,15,TP3,344,881,Crawfordsville|4351|15|15,2022-08-11,True
UAV/Crawfordsville/TP3/Crawfordsville-TP3-4351_15_16.PNG,,RGBA,Crawfordsville,4351,15,16,TP3,344,880,Crawfordsville|4351|15|16,2022-08-11,True
UAV/Crawfordsville/TP3/Crawfordsville-TP3-4351_15_17.PNG,,RGBA,Crawfordsville,4351,15,17,TP3,344,880,Crawfordsville|4351|15|17,2022-08-11,True
UAV/Crawfordsville/TP3/Crawfordsville-TP3-4351_15_18.PNG,,RGBA,Crawfordsville,4351,15,18,TP3,344,880,Crawfordsville|4351|15|18,2022-08-11,True
UAV/Crawfordsville/TP3/Crawfordsville-TP3-4351_15_19.PNG,,RGBA,Crawfordsville,4351,15,19,TP3,344,880,Crawfordsville|4351|15|19,2022-08-11,True
UAV/Crawfordsville/TP3/Crawfordsville-TP3-4351_15_20.PNG,,RGBA,Crawfordsville,4351,15,20,TP3,344,880,Crawfordsville|4351|15|20,2022-08-11,True
UAV/Crawfordsville/TP3/Crawfordsville-TP3-4351_16_13.PNG,,RGBA,Crawfordsville,4351,16,13,TP3,346,880,Crawfordsville|4351|16|13,2022-08-11,True
UAV/Crawfordsville/TP3/Crawfordsville-TP3-4351_16_14.PNG,,RGBA,Crawfordsville,4351,16,14,TP3,345,880,Crawfordsville|4351|16|14,2022-08-11,True
UAV/Crawfordsville/TP3/Crawfordsville-TP3-4351_16_15.PNG,,RGBA,Crawfordsville,4351,16,15,TP3,345,880,Crawfordsville|4351|16|15,2022-08-11,True
UAV/Crawfordsville/TP3/Crawfordsville-TP3-4351_16_16.PNG,,RGBA,Crawfordsville,4351,16,16,TP3,345,880,Crawfordsville|4351|16|16,2022-08-11,True
UAV/Crawfordsville/TP3/Crawfordsville-TP3-4351_16_17.PNG,,RGBA,Crawfordsville,4351,16,17,TP3,344,880,Crawfordsville|4351|16|17,2022-08-11,True
UAV/Crawfordsville/TP3/Crawfordsville-TP3-4351_16_18.PNG,,RGBA,Crawfordsville,4351,16,18,TP3,344,880,Crawfordsville|4351|16|18,2022-08-11,True
UAV/Crawfordsville/TP3/Crawfordsville-TP3-4351_16_19.PNG,,RGBA,Crawfordsville,4351,16,19,TP3,343,880,Crawfordsville|4351|16|19,2022-08-11,True
UAV/Crawfordsville/TP3/Crawfordsville-TP3-4351_16_20.PNG,,RGBA,Crawfordsville,4351,16,20,TP3,344,880,Crawfordsville|4351|16|20,2022-08-11,True
UAV/Crawfordsville/TP3/Crawfordsville-TP3-4351_17_13.PNG,,RGBA,Crawfordsville,4351,17,13,TP3,346,880,Crawfordsville|4351|17|13,2022-08-11,True
UAV/Crawfordsville/TP3/Crawfordsville-TP3-4351_17_14.PNG,,RGBA,Crawfordsville,4351,17,14,TP3,345,880,Crawfordsville|4351|17|14,2022-08-11,True
UAV/Crawfordsville/TP3/Crawfordsville-TP3-4351_17_15.PNG,,RGBA,Crawfordsville,4351,17,15,TP3,345,880,Crawfordsville|4351|17|15,2022-08-11,True
UAV/Crawfordsville/TP3/Crawfordsville-TP3-4351_17_16.PNG,,RGBA,Crawfordsville,4351,17,16,TP3,345,880,Crawfordsville|4351|17|16,2022-08-11,True
UAV/Crawfordsville/TP3/Crawfordsville-TP3-4351_17_17.PNG,,RGBA,Crawfordsville,4351,17,17,TP3,344,880,Crawfordsville|4351|17|17,2022-08-11,True
UAV/Crawfordsville/TP3/Crawfordsville-TP3-4351_17_18.PNG,,RGBA,Crawfordsville,4351,17,18,TP3,345,880,Crawfordsville|4351|17|18,2022-08-11,True
UAV/Crawfordsville/TP3/Crawfordsville-TP3-4351_17_19.PNG,,RGBA,Crawfordsville,4351,17,19,TP3,344,880,Crawfordsville|4351|17|19,2022-08-11,True
UAV/Crawfordsville/TP3/Crawfordsville-TP3-4351_17_20.PNG,,RGBA,Crawfordsville,4351,17,20,TP3,343,880,Crawfordsville|4351|17|20,2022-08-11,True
UAV/Crawfordsville/TP3/Crawfordsville-TP3-4351_18_13.PNG,,RGBA,Crawfordsville,4351,18,13,TP3,346,881,Crawfordsville|4351|18|13,2022-08-11,True
UAV/Crawfordsville/TP3/Crawfordsville-TP3-4351_18_14.PNG,,RGBA,Crawfordsville,4351,18,14,TP3,345,881,Crawfordsville|4351|18|14,2022-08-11,True
UAV/Crawfordsville/TP3/Crawfordsville-TP3-4351_18_15.PNG,,RGBA,Crawfordsville,4351,18,15,TP3,345,880,Crawfordsville|4351|18|15,2022-08-11,True
UAV/Crawfordsville/TP3/Crawfordsville-TP3-4351_18_16.PNG,,RGBA,Crawfordsville,4351,18,16,TP3,345,880,Crawfordsville|4351|18|16,2022-08-11,True
UAV/Crawfordsville/TP3/Crawfordsville-TP3-4351_18_17.PNG,,RGBA,Crawfordsville,4351,18,17,TP3,345,880,Crawfordsville|4351|18|17,2022-08-11,True
UAV/Crawfordsville/TP3/Crawfordsville-TP3-4351_18_18.PNG,,RGBA,Crawfordsville,4351,18,18,TP3,345,880,Crawfordsville|4351|18|18,2022-08-11,True
UAV/Crawfordsville/TP3/Crawfordsville-TP3-4351_18_19.PNG,,RGBA,Crawfordsville,4351,18,19,TP3,345,880,Crawfordsville|4351|18|19,2022-08-11,True
UAV/Crawfordsville/TP3/Crawfordsville-TP3-4351_18_20.PNG,,RGBA,Crawfordsville,4351,18,20,TP3,344,880,Crawfordsville|4351|18|20,2022-08-11,True
UAV/Crawfordsville/TP3/Crawfordsville-TP3-4351_19_13.PNG,,RGBA,Crawfordsville,4351,19,13,TP3,346,880,Crawfordsville|4351|19|13,2022-08-11,True
UAV/Crawfordsville/TP3/Crawfordsville-TP3-4351_19_14.PNG,,RGBA,Crawfordsville,4351,19,14,TP3,346,880,Crawfordsville|4351|19|14,2022-08-11,True
UAV/Crawfordsville/TP3/Crawfordsville-TP3-4351_19_15.PNG,,RGBA,Crawfordsville,4351,19,15,TP3,346,880,Crawfordsville|4351|19|15,2022-08-11,True
UAV/Crawfordsville/TP3/Crawfordsville-TP3-4351_19_16.PNG,,RGBA,Crawfordsville,4351,19,16,TP3,345,880,Crawfordsville|4351|19|16,2022-08-11,True
UAV/Crawfordsville/TP3/Crawfordsville-TP3-4351_19_17.PNG,,RGBA,Crawfordsville,4351,19,17,TP3,345,880,Crawfordsville|4351|19|17,2022-08-11,True
UAV/Crawfordsville/TP3/Crawfordsville-TP3-4351_19_18.PNG,,RGBA,Crawfordsville,4351,19,18,TP3,345,880,Crawfordsville|4351|19|18,2022-08-11,True
UAV/Crawfordsville/TP3/Crawfordsville-TP3-4351_19_19.PNG,,RGBA,Crawfordsville,4351,19,19,TP3,345,880,Crawfordsville|4351|19|19,2022-08-11,True
UAV/Crawfordsville/TP3/Crawfordsville-TP3-4351_19_20.PNG,,RGBA,Crawfordsville,4351,19,20,TP3,344,880,Crawfordsville|4351|19|20,2022-08-11,True
UAV/Crawfordsville/TP3/Crawfordsville-TP3-4351_20_13.PNG,,RGBA,Crawfordsville,4351,20,13,TP3,347,880,Crawfordsville|4351|20|13,2022-08-11,True
UAV/Crawfordsville/TP3/Crawfordsville-TP3-4351_20_14.PNG,,RGBA,Crawfordsville,4351,20,14,TP3,346,880,Crawfordsville|4351|20|14,2022-08-11,True
UAV/Crawfordsville/TP3/Crawfordsville-TP3-4351_20_15.PNG,,RGBA,Crawfordsville,4351,20,15,TP3,346,880,Crawfordsville|4351|20|15,2022-08-11,True
UAV/Crawfordsville/TP3/Crawfordsville-TP3-4351_20_16.PNG,,RGBA,Crawfordsville,4351,20,16,TP3,345,880,Crawfordsville|4351|20|16,2022-08-11,True
UAV/Crawfordsville/TP3/Crawfordsville-TP3-4351_20_17.PNG,,RGBA,Crawfordsville,4351,20,17,TP3,345,880,Crawfordsville|4351|20|17,2022-08-11,True
UAV/Crawfordsville/TP3/Crawfordsville-TP3-4351_20_18.PNG,,RGBA,Crawfordsville,4351,20,18,TP3,345,880,Crawfordsville|4351|20|18,2022-08-11,True
UAV/Crawfordsville/TP3/Crawfordsville-TP3-4351_20_19.PNG,,RGBA,Crawfordsville,4351,20,19,TP3,345,880,Crawfordsville|4351|20|19,2022-08-11,True
UAV/Crawfordsville/TP3/Crawfordsville-TP3-4351_20_20.PNG,,RGBA,Crawfordsville,4351,20,20,TP3,345,879,Crawfordsville|4351|20|20,2022-08-11,True
UAV/Crawfordsville/TP3/Crawfordsville-TP3-4351_21_13.PNG,,RGBA,Crawfordsville,4351,21,13,TP3,347,880,Crawfordsville|4351|21|13,2022-08-11,True
UAV/Crawfordsville/TP3/Crawfordsville-TP3-4351_21_14.PNG,,RGBA,Crawfordsville,4351,21,14,TP3,346,880,Crawfordsville|4351|21|14,2022-08-11,True
UAV/Crawfordsville/TP3/Crawfordsville-TP3-4351_21_15.PNG,,RGBA,Crawfordsville,4351,21,15,TP3,346,880,Crawfordsville|4351|21|15,2022-08-11,True
UAV/Crawfordsville/TP3/Crawfordsville-TP3-4351_21_16.PNG,,RGBA,Crawfordsville,4351,21,16,TP3,346,880,Crawfordsville|4351|21|16,2022-08-11,True
UAV/Crawfordsville/TP3/Crawfordsville-TP3-4351_21_17.PNG,,RGBA,Crawfordsville,4351,21,17,TP3,345,879,Crawfordsville|4351|21|17,2022-08-11,True
UAV/Crawfordsville/TP3/Crawfordsville-TP3-4351_21_18.PNG,,RGBA,Crawfordsville,4351,21,18,TP3,346,880,Crawfordsville|4351|21|18,2022-08-11,True
UAV/Crawfordsville/TP3/Crawfordsville-TP3-4351_21_19.PNG,,RGBA,Crawfordsville,4351,21,19,TP3,345,880,Crawfordsville|4351|21|19,2022-08-11,True
UAV/Crawfordsville/TP3/Crawfordsville-TP3-4351_21_20.PNG,,RGBA,Crawfordsville,4351,21,20,TP3,344,879,Crawfordsville|4351|21|20,2022-08-11,True
UAV/Crawfordsville/TP3/Crawfordsville-TP3-4351_22_13.PNG,,RGBA,Crawfordsville,4351,22,13,TP3,347,880,Crawfordsville|4351|22|13,2022-08-11,True
UAV/Crawfordsville/TP3/Crawfordsville-TP3-4351_22_14.PNG,,RGBA,Crawfordsville,4351,22,14,TP3,347,880,Crawfordsville|4351|22|14,2022-08-11,True
UAV/Crawfordsville/TP3/Crawfordsville-TP3-4351_22_15.PNG,,RGBA,Crawfordsville,4351,22,15,TP3,346,880,Crawfordsville|4351|22|15,2022-08-11,True
UAV/Crawfordsville/TP3/Crawfordsville-TP3-4351_22_16.PNG,,RGBA,Crawfordsville,4351,22,16,TP3,346,880,Crawfordsville|4351|22|16,2022-08-11,True
UAV/Crawfordsville/TP3/Crawfordsville-TP3-4351_22_17.PNG,,RGBA,Crawfordsville,4351,22,17,TP3,345,879,Crawfordsville|4351|22|17,2022-08-11,True
UAV/Crawfordsville/TP3/Crawfordsville-TP3-4351_22_18.PNG,,RGBA,Crawfordsville,4351,22,18,TP3,346,880,Crawfordsville|4351|22|18,2022-08-11,True
UAV/Crawfordsville/TP3/Crawfordsville-TP3-4351_22_19.PNG,,RGBA,Crawfordsville,4351,22,19,TP3,346,880,Crawfordsville|4351|22|19,2022-08-11,True
UAV/Crawfordsville/TP3/Crawfordsville-TP3-4351_22_20.PNG,,RGBA,Crawfordsville,4351,22,20,TP3,345,879,Crawfordsville|4351|22|20,2022-08-11,True
UAV/Crawfordsville/TP3/Crawfordsville-TP3-4351_23_13.PNG,,RGBA,Crawfordsville,4351,23,13,TP3,347,880,Crawfordsville|4351|23|13,2022-08-11,True
UAV/Crawfordsville/TP3/Crawfordsville-TP3-4351_23_14.PNG,,RGBA,Crawfordsville,4351,23,14,TP3,347,880,Crawfordsville|4351|23|14,2022-08-11,True
UAV/Crawfordsville/TP3/Crawfordsville-TP3-4351_23_15.PNG,,RGBA,Crawfordsville,4351,23,15,TP3,347,880,Crawfordsville|4351|23|15,2022-08-11,True
UAV/Crawfordsville/TP3/Crawfordsville-TP3-4351_23_16.PNG,,RGBA,Crawfordsville,4351,23,16,TP3,347,880,Crawfordsville|4351|23|16,2022-08-11,True
UAV/Crawfordsville/TP3/Crawfordsville-TP3-4351_23_17.PNG,,RGBA,Crawfordsville,4351,23,17,TP3,346,879,Crawfordsville|4351|23|17,2022-08-11,True
UAV/Crawfordsville/TP3/Crawfordsville-TP3-4351_23_18.PNG,,RGBA,Crawfordsville,4351,23,18,TP3,346,880,Crawfordsville|4351|23|18,2022-08-11,True
UAV/Crawfordsville/TP3/Crawfordsville-TP3-4351_23_19.PNG,,RGBA,Crawfordsville,4351,23,19,TP3,345,879,Crawfordsville|4351|23|19,2022-08-11,True
UAV/Crawfordsville/TP3/Crawfordsville-TP3-4351_23_20.PNG,,RGBA,Crawfordsville,4351,23,20,TP3,345,879,Crawfordsville|4351|23|20,2022-08-11,True
UAV/Crawfordsville/TP3/Crawfordsville-TP3-4351_2_13.PNG,,RGBA,Crawfordsville,4351,2,13,TP3,342,882,Crawfordsville|4351|2|13,2022-08-11,True
UAV/Crawfordsville/TP3/Crawfordsville-TP3-4351_2_14.PNG,,RGBA,Crawfordsville,4351,2,14,TP3,342,881,Crawfordsville|4351|2|14,2022-08-11,True
UAV/Crawfordsville/TP3/Crawfordsville-TP3-4351_2_15.PNG,,RGBA,Crawfordsville,4351,2,15,TP3,341,881,Crawfordsville|4351|2|15,2022-08-11,True
UAV/Crawfordsville/TP3/Crawfordsville-TP3-4351_2_16.PNG,,RGBA,Crawfordsville,4351,2,16,TP3,341,881,Crawfordsville|4351|2|16,2022-08-11,True
UAV/Crawfordsville/TP3/Crawfordsville-TP3-4351_2_17.PNG,,RGBA,Crawfordsville,4351,2,17,TP3,341,881,Crawfordsville|4351|2|17,2022-08-11,True
UAV/Crawfordsville/TP3/Crawfordsville-TP3-4351_2_18.PNG,,RGBA,Crawfordsville,4351,2,18,TP3,340,881,Crawfordsville|4351|2|18,2022-08-11,True
UAV/Crawfordsville/TP3/Crawfordsville-TP3-4351_2_19.PNG,,RGBA,Crawfordsville,4351,2,19,TP3,340,881,Crawfordsville|4351|2|19,2022-08-11,True
UAV/Crawfordsville/TP3/Crawfordsville-TP3-4351_2_20.PNG,,RGBA,Crawfordsville,4351,2,20,TP3,340,881,Crawfordsville|4351|2|20,2022-08-11,True
UAV/Crawfordsville/TP3/Crawfordsville-TP3-4351_3_13.PNG,,RGBA,Crawfordsville,4351,3,13,TP3,342,881,Crawfordsville|4351|3|13,2022-08-11,True
UAV/Crawfordsville/TP3/Crawfordsville-TP3-4351_3_14.PNG,,RGBA,Crawfordsville,4351,3,14,TP3,342,881,Crawfordsville|4351|3|14,2022-08-11,True
UAV/Crawfordsville/TP3/Crawfordsville-TP3-4351_3_15.PNG,,RGBA,Crawfordsville,4351,3,15,TP3,342,881,Crawfordsville|4351|3|15,2022-08-11,True
UAV/Crawfordsville/TP3/Crawfordsville-TP3-4351_3_16.PNG,,RGBA,Crawfordsville,4351,3,16,TP3,341,881,Crawfordsville|4351|3|16,2022-08-11,True
UAV/Crawfordsville/TP3/Crawfordsville-TP3-4351_3_17.PNG,,RGBA,Crawfordsville,4351,3,17,TP3,341,881,Crawfordsville|4351|3|17,2022-08-11,True
UAV/Crawfordsville/TP3/Crawfordsville-TP3-4351_3_18.PNG,,RGBA,Crawfordsville,4351,3,18,TP3,341,881,Crawfordsville|4351|3|18,2022-08-11,True
UAV/Crawfordsville/TP3/Crawfordsville-TP3-4351_3_19.PNG,,RGBA,Crawfordsville,4351,3,19,TP3,341,881,Crawfordsville|4351|3|19,2022-08-11,True
UAV/Crawfordsville/TP3/Crawfordsville-TP3-4351_3_20.PNG,,RGBA,Crawfordsville,4351,3,20,TP3,341,881,Crawfordsville|4351|3|20,2022-08-11,True
UAV/Crawfordsville/TP3/Crawfordsville-TP3-4351_4_13.PNG,,RGBA,Crawfordsville,4351,4,13,TP3,342,882,Crawfordsville|4351|4|13,2022-08-11,True
UAV/Crawfordsville/TP3/Crawfordsville-TP3-4351_4_14.PNG,,RGBA,Crawfordsville,4351,4,14,TP3,342,882,Crawfordsville|4351|4|14,2022-08-11,True
UAV/Crawfordsville/TP3/Crawfordsville-TP3-4351_4_15.PNG,,RGBA,Crawfordsville,4351,4,15,TP3,342,881,Crawfordsville|4351|4|15,2022-08-11,True
UAV/Crawfordsville/TP3/Crawfordsville-TP3-4351_4_16.PNG,,RGBA,Crawfordsville,4351,4,16,TP3,342,881,Crawfordsville|4351|4|16,2022-08-11,True
UAV/Crawfordsville/TP3/Crawfordsville-TP3-4351_4_17.PNG,,RGBA,Crawfordsville,4351,4,17,TP3,342,881,Crawfordsville|4351|4|17,2022-08-11,True
UAV/Crawfordsville/TP3/Crawfordsville-TP3-4351_4_18.PNG,,RGBA,Crawfordsville,4351,4,18,TP3,341,881,Crawfordsville|4351|4|18,2022-08-11,True
UAV/Crawfordsville/TP3/Crawfordsville-TP3-4351_4_19.PNG,,RGBA,Crawfordsville,4351,4,19,TP3,341,881,Crawfordsville|4351|4|19,2022-08-11,True
UAV/Crawfordsville/TP3/Crawfordsville-TP3-4351_4_20.PNG,,RGBA,Crawfordsville,4351,4,20,TP3,340,881,Crawfordsville|4351|4|20,2022-08-11,True
UAV/Crawfordsville/TP3/Crawfordsville-TP3-4351_5_13.PNG,,RGBA,Crawfordsville,4351,5,13,TP3,342,881,Crawfordsville|4351|5|13,2022-08-11,True
UAV/Crawfordsville/TP3/Crawfordsville-TP3-4351_5_14.PNG,,RGBA,Crawfordsville,4351,5,14,TP3,343,881,Crawfordsville|4351|5|14,2022-08-11,True
UAV/Crawfordsville/TP3/Crawfordsville-TP3-4351_5_15.PNG,,RGBA,Crawfordsville,4351,5,15,TP3,342,881,Crawfordsville|4351|5|15,2022-08-11,True
UAV/Crawfordsville/TP3/Crawfordsville-TP3-4351_5_16.PNG,,RGBA,Crawfordsville,4351,5,16,TP3,341,881,Crawfordsville|4351|5|16,2022-08-11,True
UAV/Crawfordsville/TP3/Crawfordsville-TP3-4351_5_17.PNG,,RGBA,Crawfordsville,4351,5,17,TP3,342,881,Crawfordsville|4351|5|17,2022-08-11,True
UAV/Crawfordsville/TP3/Crawfordsville-TP3-4351_5_18.PNG,,RGBA,Crawfordsville,4351,5,18,TP3,341,881,Crawfordsville|4351|5|18,2022-08-11,True
UAV/Crawfordsville/TP3/Crawfordsville-TP3-4351_5_19.PNG,,RGBA,Crawfordsville,4351,5,19,TP3,341,881,Crawfordsville|4351|5|19,2022-08-11,True
UAV/Crawfordsville/TP3/Crawfordsville-TP3-4351_5_20.PNG,,RGBA,Crawfordsville,4351,5,20,TP3,341,881,Crawfordsville|4351|5|20,2022-08-11,True
UAV/Crawfordsville/TP3/Crawfordsville-TP3-4351_6_13.PNG,,RGBA,Crawfordsville,4351,6,13,TP3,343,881,Crawfordsville|4351|6|13,2022-08-11,True
UAV/Crawfordsville/TP3/Crawfordsville-TP3-4351_6_14.PNG,,RGBA,Crawfordsville,4351,6,14,TP3,343,881,Crawfordsville|4351|6|14,2022-08-11,True
UAV/Crawfordsville/TP3/Crawfordsville-TP3-4351_6_15.PNG,,RGBA,Crawfordsville,4351,6,15,TP3,343,881,Crawfordsville|4351|6|15,2022-08-11,True
UAV/Crawfordsville/TP3/Crawfordsville-TP3-4351_6_16.PNG,,RGBA,Crawfordsville,4351,6,16,TP3,342,881,Crawfordsville|4351|6|16,2022-08-11,True
UAV/Crawfordsville/TP3/Crawfordsville-TP3-4351_6_17.PNG,,RGBA,Crawfordsville,4351,6,17,TP3,342,881,Crawfordsville|4351|6|17,2022-08-11,True
UAV/Crawfordsville/TP3/Crawfordsville-TP3-4351_6_18.PNG,,RGBA,Crawfordsville,4351,6,18,TP3,342,881,Crawfordsville|4351|6|18,2022-08-11,True
UAV/Crawfordsville/TP3/Crawfordsville-TP3-4351_6_19.PNG,,RGBA,Crawfordsville,4351,6,19,TP3,341,881,Crawfordsville|4351|6|19,2022-08-11,True
UAV/Crawfordsville/TP3/Crawfordsville-TP3-4351_6_20.PNG,,RGBA,Crawfordsville,4351,6,20,TP3,341,881,Crawfordsville|4351|6|20,2022-08-11,True
UAV/Crawfordsville/TP3/Crawfordsville-TP3-4351_7_13.PNG,,RGBA,Crawfordsville,4351,7,13,TP3,343,881,Crawfordsville|4351|7|13,2022-08-11,True
UAV/Crawfordsville/TP3/Crawfordsville-TP3-4351_7_14.PNG,,RGBA,Crawfordsville,4351,7,14,TP3,343,881,Crawfordsville|4351|7|14,2022-08-11,True
UAV/Crawfordsville/TP3/Crawfordsville-TP3-4351_7_15.PNG,,RGBA,Crawfordsville,4351,7,15,TP3,343,881,Crawfordsville|4351|7|15,2022-08-11,True
UAV/Crawfordsville/TP3/Crawfordsville-TP3-4351_7_16.PNG,,RGBA,Crawfordsville,4351,7,16,TP3,342,881,Crawfordsville|4351|7|16,2022-08-11,True
UAV/Crawfordsville/TP3/Crawfordsville-TP3-4351_7_17.PNG,,RGBA,Crawfordsville,4351,7,17,TP3,342,880,Crawfordsville|4351|7|17,2022-08-11,True
UAV/Crawfordsville/TP3/Crawfordsville-TP3-4351_7_18.PNG,,RGBA,Crawfordsville,4351,7,18,TP3,342,881,Crawfordsville|4351|7|18,2022-08-11,True
UAV/Crawfordsville/TP3/Crawfordsville-TP3-4351_7_19.PNG,,RGBA,Crawfordsville,4351,7,19,TP3,342,881,Crawfordsville|4351|7|19,2022-08-11,True
UAV/Crawfordsville/TP3/Crawfordsville-TP3-4351_7_20.PNG,,RGBA,Crawfordsville,4351,7,20,TP3,342,880,Crawfordsville|4351|7|20,2022-08-11,True
UAV/Crawfordsville/TP3/Crawfordsville-TP3-4351_8_13.PNG,,RGBA,Crawfordsville,4351,8,13,TP3,343,881,Crawfordsville|4351|8|13,2022-08-11,True
UAV/Crawfordsville/TP3/Crawfordsville-TP3-4351_8_14.PNG,,RGBA,Crawfordsville,4351,8,14,TP3,343,881,Crawfordsville|4351|8|14,2022-08-11,True
UAV/Crawfordsville/TP3/Crawfordsville-TP3-4351_8_15.PNG,,RGBA,Crawfordsville,4351,8,15,TP3,343,881,Crawfordsville|4351|8|15,2022-08-11,True
UAV/Crawfordsville/TP3/Crawfordsville-TP3-4351_8_16.PNG,,RGBA,Crawfordsville,4351,8,16,TP3,343,881,Crawfordsville|4351|8|16,2022-08-11,True
UAV/Crawfordsville/TP3/Crawfordsville-TP3-4351_8_17.PNG,,RGBA,Crawfordsville,4351,8,17,TP3,342,880,Crawfordsville|4351|8|17,2022-08-11,True
UAV/Crawfordsville/TP3/Crawfordsville-TP3-4351_8_18.PNG,,RGBA,Crawfordsville,4351,8,18,TP3,342,881,Crawfordsville|4351|8|18,2022-08-11,True
UAV/Crawfordsville/TP3/Crawfordsville-TP3-4351_8_19.PNG,,RGBA,Crawfordsville,4351,8,19,TP3,342,881,Crawfordsville|4351|8|19,2022-08-11,True
UAV/Crawfordsville/TP3/Crawfordsville-TP3-4351_8_20.PNG,,RGBA,Crawfordsville,4351,8,20,TP3,341,880,Crawfordsville|4351|8|20,2022-08-11,True
UAV/Crawfordsville/TP3/Crawfordsville-TP3-4351_9_13.PNG,,RGBA,Crawfordsville,4351,9,13,TP3,343,880,Crawfordsville|4351|9|13,2022-08-11,True
UAV/Crawfordsville/TP3/Crawfordsville-TP3-4351_9_14.PNG,,RGBA,Crawfordsville,4351,9,14,TP3,344,881,Crawfordsville|4351|9|14,2022-08-11,True
UAV/Crawfordsville/TP3/Crawfordsville-TP3-4351_9_15.PNG,,RGBA,Crawfordsville,4351,9,15,TP3,343,880,Crawfordsville|4351|9|15,2022-08-11,True
UAV/Crawfordsville/TP3/Crawfordsville-TP3-4351_9_16.PNG,,RGBA,Crawfordsville,4351,9,16,TP3,343,881,Crawfordsville|4351|9|16,2022-08-11,True
UAV/Crawfordsville/TP3/Crawfordsville-TP3-4351_9_17.PNG,,RGBA,Crawfordsville,4351,9,17,TP3,343,881,Crawfordsville|4351|9|17,2022-08-11,True
UAV/Crawfordsville/TP3/Crawfordsville-TP3-4351_9_18.PNG,,RGBA,Crawfordsville,4351,9,18,TP3,342,881,Crawfordsville|4351|9|18,2022-08-11,True
UAV/Crawfordsville/TP3/Crawfordsville-TP3-4351_9_19.PNG,,RGBA,Crawfordsville,4351,9,19,TP3,342,881,Crawfordsville|4351|9|19,2022-08-11,True
UAV/Crawfordsville/TP3/Crawfordsville-TP3-4351_9_20.PNG,,RGBA,Crawfordsville,4351,9,20,TP3,342,880,Crawfordsville|4351|9|20,2022-08-11,True
UAV/Crawfordsville/TP3/Crawfordsville-TP3-4352_10_2.PNG,,RGBA,Crawfordsville,4352,10,2,TP3,339,875,Crawfordsville|4352|10|2,2022-08-11,True
UAV/Crawfordsville/TP3/Crawfordsville-TP3-4352_10_3.PNG,,RGBA,Crawfordsville,4352,10,3,TP3,339,876,Crawfordsville|4352|10|3,2022-08-11,True
UAV/Crawfordsville/TP3/Crawfordsville-TP3-4352_10_4.PNG,,RGBA,Crawfordsville,4352,10,4,TP3,339,876,Crawfordsville|4352|10|4,2022-08-11,True
UAV/Crawfordsville/TP3/Crawfordsville-TP3-4352_10_5.PNG,,RGBA,Crawfordsville,4352,10,5,TP3,338,876,Crawfordsville|4352|10|5,2022-08-11,True
UAV/Crawfordsville/TP3/Crawfordsville-TP3-4352_10_6.PNG,,RGBA,Crawfordsville,4352,10,6,TP3,338,876,Crawfordsville|4352|10|6,2022-08-11,True
UAV/Crawfordsville/TP3/Crawfordsville-TP3-4352_10_7.PNG,,RGBA,Crawfordsville,4352,10,7,TP3,339,876,Crawfordsville|4352|10|7,2022-08-11,True
UAV/Crawfordsville/TP3/Crawfordsville-TP3-4352_10_8.PNG,,RGBA,Crawfordsville,4352,10,8,TP3,339,876,Crawfordsville|4352|10|8,2022-08-11,True
UAV/Crawfordsville/TP3/Crawfordsville-TP3-4352_10_9.PNG,,RGBA,Crawfordsville,4352,10,9,TP3,339,876,Crawfordsville|4352|10|9,2022-08-11,True
UAV/Crawfordsville/TP3/Crawfordsville-TP3-4352_11_2.PNG,,RGBA,Crawfordsville,4352,11,2,TP3,339,876,Crawfordsville|4352|11|2,2022-08-11,True
UAV/Crawfordsville/TP3/Crawfordsville-TP3-4352_11_3.PNG,,RGBA,Crawfordsville,4352,11,3,TP3,339,876,Crawfordsville|4352|11|3,2022-08-11,True
UAV/Crawfordsville/TP3/Crawfordsville-TP3-4352_11_4.PNG,,RGBA,Crawfordsville,4352,11,4,TP3,339,875,Crawfordsville|4352|11|4,2022-08-11,True
UAV/Crawfordsville/TP3/Crawfordsville-TP3-4352_11_5.PNG,,RGBA,Crawfordsville,4352,11,5,TP3,339,875,Crawfordsville|4352|11|5,2022-08-11,True
UAV/Crawfordsville/TP3/Crawfordsville-TP3-4352_11_6.PNG,,RGBA,Crawfordsville,4352,11,6,TP3,339,875,Crawfordsville|4352|11|6,2022-08-11,True
UAV/Crawfordsville/TP3/Crawfordsville-TP3-4352_11_7.PNG,,RGBA,Crawfordsville,4352,11,7,TP3,339,875,Crawfordsville|4352|11|7,2022-08-11,True
UAV/Crawfordsville/TP3/Crawfordsville-TP3-4352_11_8.PNG,,RGBA,Crawfordsville,4352,11,8,TP3,339,875,Crawfordsville|4352|11|8,2022-08-11,True
UAV/Crawfordsville/TP3/Crawfordsville-TP3-4352_11_9.PNG,,RGBA,Crawfordsville,4352,11,9,TP3,339,875,Crawfordsville|4352|11|9,2022-08-11,True
UAV/Crawfordsville/TP3/Crawfordsville-TP3-4352_12_2.PNG,,RGBA,Crawfordsville,4352,12,2,TP3,339,876,Crawfordsville|4352|12|2,2022-08-11,True
UAV/Crawfordsville/TP3/Crawfordsville-TP3-4352_12_3.PNG,,RGBA,Crawfordsville,4352,12,3,TP3,340,875,Crawfordsville|4352|12|3,2022-08-11,True
UAV/Crawfordsville/TP3/Crawfordsville-TP3-4352_12_4.PNG,,RGBA,Crawfordsville,4352,12,4,TP3,339,875,Crawfordsville|4352|12|4,2022-08-11,True
UAV/Crawfordsville/TP3/Crawfordsville-TP3-4352_12_5.PNG,,RGBA,Crawfordsville,4352,12,5,TP3,339,875,Crawfordsville|4352|12|5,2022-08-11,True
UAV/Crawfordsville/TP3/Crawfordsville-TP3-4352_12_6.PNG,,RGBA,Crawfordsville,4352,12,6,TP3,339,875,Crawfordsville|4352|12|6,2022-08-11,True
UAV/Crawfordsville/TP3/Crawfordsville-TP3-4352_12_7.PNG,,RGBA,Crawfordsville,4352,12,7,TP3,339,875,Crawfordsville|4352|12|7,2022-08-11,True
UAV/Crawfordsville/TP3/Crawfordsville-TP3-4352_12_8.PNG,,RGBA,Crawfordsville,4352,12,8,TP3,338,875,Crawfordsville|4352|12|8,2022-08-11,True
UAV/Crawfordsville/TP3/Crawfordsville-TP3-4352_12_9.PNG,,RGBA,Crawfordsville,4352,12,9,TP3,339,875,Crawfordsville|4352|12|9,2022-08-11,True
UAV/Crawfordsville/TP3/Crawfordsville-TP3-4352_13_2.PNG,,RGBA,Crawfordsville,4352,13,2,TP3,339,876,Crawfordsville|4352|13|2,2022-08-11,True
UAV/Crawfordsville/TP3/Crawfordsville-TP3-4352_13_3.PNG,,RGBA,Crawfordsville,4352,13,3,TP3,340,875,Crawfordsville|4352|13|3,2022-08-11,True
UAV/Crawfordsville/TP3/Crawfordsville-TP3-4352_13_4.PNG,,RGBA,Crawfordsville,4352,13,4,TP3,339,875,Crawfordsville|4352|13|4,2022-08-11,True
UAV/Crawfordsville/TP3/Crawfordsville-TP3-4352_13_5.PNG,,RGBA,Crawfordsville,4352,13,5,TP3,339,875,Crawfordsville|4352|13|5,2022-08-11,True
UAV/Crawfordsville/TP3/Crawfordsville-TP3-4352_13_6.PNG,,RGBA,Crawfordsville,4352,13,6,TP3,339,875,Crawfordsville|4352|13|6,2022-08-11,True
UAV/Crawfordsville/TP3/Crawfordsville-TP3-4352_13_7.PNG,,RGBA,Crawfordsville,4352,13,7,TP3,339,875,Crawfordsville|4352|13|7,2022-08-11,True
UAV/Crawfordsville/TP3/Crawfordsville-TP3-4352_13_8.PNG,,RGBA,Crawfordsville,4352,13,8,TP3,339,875,Crawfordsville|4352|13|8,2022-08-11,True
UAV/Crawfordsville/TP3/Crawfordsville-TP3-4352_13_9.PNG,,RGBA,Crawfordsville,4352,13,9,TP3,339,875,Crawfordsville|4352|13|9,2022-08-11,True
UAV/Crawfordsville/TP3/Crawfordsville-TP3-4352_14_2.PNG,,RGBA,Crawfordsville,4352,14,2,TP3,339,876,Crawfordsville|4352|14|2,2022-08-11,True
UAV/Crawfordsville/TP3/Crawfordsville-TP3-4352_14_3.PNG,,RGBA,Crawfordsville,4352,14,3,TP3,339,875,Crawfordsville|4352|14|3,2022-08-11,True
UAV/Crawfordsville/TP3/Crawfordsville-TP3-4352_14_4.PNG,,RGBA,Crawfordsville,4352,14,4,TP3,339,875,Crawfordsville|4352|14|4,2022-08-11,True
UAV/Crawfordsville/TP3/Crawfordsville-TP3-4352_14_5.PNG,,RGBA,Crawfordsville,4352,14,5,TP3,339,875,Crawfordsville|4352|14|5,2022-08-11,True
UAV/Crawfordsville/TP3/Crawfordsville-TP3-4352_14_6.PNG,,RGBA,Crawfordsville,4352,14,6,TP3,339,875,Crawfordsville|4352|14|6,2022-08-11,True
UAV/Crawfordsville/TP3/Crawfordsville-TP3-4352_14_7.PNG,,RGBA,Crawfordsville,4352,14,7,TP3,339,875,Crawfordsville|4352|14|7,2022-08-11,True
UAV/Crawfordsville/TP3/Crawfordsville-TP3-4352_14_8.PNG,,RGBA,Crawfordsville,4352,14,8,TP3,339,876,Crawfordsville|4352|14|8,2022-08-11,True
UAV/Crawfordsville/TP3/Crawfordsville-TP3-4352_14_9.PNG,,RGBA,Crawfordsville,4352,14,9,TP3,339,876,Crawfordsville|4352|14|9,2022-08-11,True
UAV/Crawfordsville/TP3/Crawfordsville-TP3-4352_15_2.PNG,,RGBA,Crawfordsville,4352,15,2,TP3,340,876,Crawfordsville|4352|15|2,2022-08-11,True
UAV/Crawfordsville/TP3/Crawfordsville-TP3-4352_15_3.PNG,,RGBA,Crawfordsville,4352,15,3,TP3,339,875,Crawfordsville|4352|15|3,2022-08-11,True
UAV/Crawfordsville/TP3/Crawfordsville-TP3-4352_15_4.PNG,,RGBA,Crawfordsville,4352,15,4,TP3,339,875,Crawfordsville|4352|15|4,2022-08-11,True
UAV/Crawfordsville/TP3/Crawfordsville-TP3-4352_15_5.PNG,,RGBA,Crawfordsville,4352,15,5,TP3,340,875,Crawfordsville|4352|15|5,2022-08-11,True
UAV/Crawfordsville/TP3/Crawfordsville-TP3-4352_15_6.PNG,,RGBA,Crawfordsville,4352,15,6,TP3,339,875,Crawfordsville|4352|15|6,2022-08-11,True
UAV/Crawfordsville/TP3/Crawfordsville-TP3-4352_15_7.PNG,,RGBA,Crawfordsville,4352,15,7,TP3,339,876,Crawfordsville|4352|15|7,2022-08-11,True
UAV/Crawfordsville/TP3/Crawfordsville-TP3-4352_15_8.PNG,,RGBA,Crawfordsville,4352,15,8,TP3,339,876,Crawfordsville|4352|15|8,2022-08-11,True
UAV/Crawfordsville/TP3/Crawfordsville-TP3-4352_15_9.PNG,,RGBA,Crawfordsville,4352,15,9,TP3,339,875,Crawfordsville|4352|15|9,2022-08-11,True
UAV/Crawfordsville/TP3/Crawfordsville-TP3-4352_16_2.PNG,,RGBA,Crawfordsville,4352,16,2,TP3,340,876,Crawfordsville|4352|16|2,2022-08-11,True
UAV/Crawfordsville/TP3/Crawfordsville-TP3-4352_16_3.PNG,,RGBA,Crawfordsville,4352,16,3,TP3,339,875,Crawfordsville|4352|16|3,2022-08-11,True
UAV/Crawfordsville/TP3/Crawfordsville-TP3-4352_16_4.PNG,,RGBA,Crawfordsville,4352,16,4,TP3,339,875,Crawfordsville|4352|16|4,2022-08-11,True
UAV/Crawfordsville/TP3/Crawfordsville-TP3-4352_16_5.PNG,,RGBA,Crawfordsville,4352,16,5,TP3,339,875,Crawfordsville|4352|16|5,2022-08-11,True
UAV/Crawfordsville/TP3/Crawfordsville-TP3-4352_16_6.PNG,,RGBA,Crawfordsville,4352,16,6,TP3,339,876,Crawfordsville|4352|16|6,2022-08-11,True
UAV/Crawfordsville/TP3/Crawfordsville-TP3-4352_16_7.PNG,,RGBA,Crawfordsville,4352,16,7,TP3,339,876,Crawfordsville|4352|16|7,2022-08-11,True
UAV/Crawfordsville/TP3/Crawfordsville-TP3-4352_16_8.PNG,,RGBA,Crawfordsville,4352,16,8,TP3,339,875,Crawfordsville|4352|16|8,2022-08-11,True
UAV/Crawfordsville/TP3/Crawfordsville-TP3-4352_16_9.PNG,,RGBA,Crawfordsville,4352,16,9,TP3,339,875,Crawfordsville|4352|16|9,2022-08-11,True
UAV/Crawfordsville/TP3/Crawfordsville-TP3-4352_17_2.PNG,,RGBA,Crawfordsville,4352,17,2,TP3,340,876,Crawfordsville|4352|17|2,2022-08-11,True
UAV/Crawfordsville/TP3/Crawfordsville-TP3-4352_17_3.PNG,,RGBA,Crawfordsville,4352,17,3,TP3,339,875,Crawfordsville|4352|17|3,2022-08-11,True
UAV/Crawfordsville/TP3/Crawfordsville-TP3-4352_17_4.PNG,,RGBA,Crawfordsville,4352,17,4,TP3,340,875,Crawfordsville|4352|17|4,2022-08-11,True
UAV/Crawfordsville/TP3/Crawfordsville-TP3-4352_17_5.PNG,,RGBA,Crawfordsville,4352,17,5,TP3,339,876,Crawfordsville|4352|17|5,2022-08-11,True
UAV/Crawfordsville/TP3/Crawfordsville-TP3-4352_17_6.PNG,,RGBA,Crawfordsville,4352,17,6,TP3,340,876,Crawfordsville|4352|17|6,2022-08-11,True
UAV/Crawfordsville/TP3/Crawfordsville-TP3-4352_17_7.PNG,,RGBA,Crawfordsville,4352,17,7,TP3,339,875,Crawfordsville|4352|17|7,2022-08-11,True
UAV/Crawfordsville/TP3/Crawfordsville-TP3-4352_17_8.PNG,,RGBA,Crawfordsville,4352,17,8,TP3,340,875,Crawfordsville|4352|17|8,2022-08-11,True
UAV/Crawfordsville/TP3/Crawfordsville-TP3-4352_17_9.PNG,,RGBA,Crawfordsville,4352,17,9,TP3,339,876,Crawfordsville|4352|17|9,2022-08-11,True
UAV/Crawfordsville/TP3/Crawfordsville-TP3-4352_18_2.PNG,,RGBA,Crawfordsville,4352,18,2,TP3,340,876,Crawfordsville|4352|18|2,2022-08-11,True
UAV/Crawfordsville/TP3/Crawfordsville-TP3-4352_18_3.PNG,,RGBA,Crawfordsville,4352,18,3,TP3,339,875,Crawfordsville|4352|18|3,2022-08-11,True
UAV/Crawfordsville/TP3/Crawfordsville-TP3-4352_18_4.PNG,,RGBA,Crawfordsville,4352,18,4,TP3,340,875,Crawfordsville|4352|18|4,2022-08-11,True
UAV/Crawfordsville/TP3/Crawfordsville-TP3-4352_18_5.PNG,,RGBA,Crawfordsville,4352,18,5,TP3,339,876,Crawfordsville|4352|18|5,2022-08-11,True
UAV/Crawfordsville/TP3/Crawfordsville-TP3-4352_18_6.PNG,,RGBA,Crawfordsville,4352,18,6,TP3,339,875,Crawfordsville|4352|18|6,2022-08-11,True
UAV/Crawfordsville/TP3/Crawfordsville-TP3-4352_18_7.PNG,,RGBA,Crawfordsville,4352,18,7,TP3,339,875,Crawfordsville|4352|18|7,2022-08-11,True
UAV/Crawfordsville/TP3/Crawfordsville-TP3-4352_18_8.PNG,,RGBA,Crawfordsville,4352,18,8,TP3,339,876,Crawfordsville|4352|18|8,2022-08-11,True
UAV/Crawfordsville/TP3/Crawfordsville-TP3-4352_18_9.PNG,,RGBA,Crawfordsville,4352,18,9,TP3,339,876,Crawfordsville|4352|18|9,2022-08-11,True
UAV/Crawfordsville/TP3/Crawfordsville-TP3-4352_19_2.PNG,,RGBA,Crawfordsville,4352,19,2,TP3,340,876,Crawfordsville|4352|19|2,2022-08-11,True
UAV/Crawfordsville/TP3/Crawfordsville-TP3-4352_19_3.PNG,,RGBA,Crawfordsville,4352,19,3,TP3,339,875,Crawfordsville|4352|19|3,2022-08-11,True
UAV/Crawfordsville/TP3/Crawfordsville-TP3-4352_19_4.PNG,,RGBA,Crawfordsville,4352,19,4,TP3,340,875,Crawfordsville|4352|19|4,2022-08-11,True
UAV/Crawfordsville/TP3/Crawfordsville-TP3-4352_19_5.PNG,,RGBA,Crawfordsville,4352,19,5,TP3,340,876,Crawfordsville|4352|19|5,2022-08-11,True
UAV/Crawfordsville/TP3/Crawfordsville-TP3-4352_19_6.PNG,,RGBA,Crawfordsville,4352,19,6,TP3,339,875,Crawfordsville|4352|19|6,2022-08-11,True
UAV/Crawfordsville/TP3/Crawfordsville-TP3-4352_19_7.PNG,,RGBA,Crawfordsville,4352,19,7,TP3,340,876,Crawfordsville|4352|19|7,2022-08-11,True
UAV/Crawfordsville/TP3/Crawfordsville-TP3-4352_19_8.PNG,,RGBA,Crawfordsville,4352,19,8,TP3,339,876,Crawfordsville|4352|19|8,2022-08-11,True
UAV/Crawfordsville/TP3/Crawfordsville-TP3-4352_19_9.PNG,,RGBA,Crawfordsville,4352,19,9,TP3,339,875,Crawfordsville|4352|19|9,2022-08-11,True
UAV/Crawfordsville/TP3/Crawfordsville-TP3-4352_20_2.PNG,,RGBA,Crawfordsville,4352,20,2,TP3,340,876,Crawfordsville|4352|20|2,2022-08-11,True
UAV/Crawfordsville/TP3/Crawfordsville-TP3-4352_20_3.PNG,,RGBA,Crawfordsville,4352,20,3,TP3,339,875,Crawfordsville|4352|20|3,2022-08-11,True
UAV/Crawfordsville/TP3/Crawfordsville-TP3-4352_20_4.PNG,,RGBA,Crawfordsville,4352,20,4,TP3,339,876,Crawfordsville|4352|20|4,2022-08-11,True
UAV/Crawfordsville/TP3/Crawfordsville-TP3-4352_20_5.PNG,,RGBA,Crawfordsville,4352,20,5,TP3,340,876,Crawfordsville|4352|20|5,2022-08-11,True
UAV/Crawfordsville/TP3/Crawfordsville-TP3-4352_20_6.PNG,,RGBA,Crawfordsville,4352,20,6,TP3,339,875,Crawfordsville|4352|20|6,2022-08-11,True
UAV/Crawfordsville/TP3/Crawfordsville-TP3-4352_20_7.PNG,,RGBA,Crawfordsville,4352,20,7,TP3,339,876,Crawfordsville|4352|20|7,2022-08-11,True
UAV/Crawfordsville/TP3/Crawfordsville-TP3-4352_20_8.PNG,,RGBA,Crawfordsville,4352,20,8,TP3,340,875,Crawfordsville|4352|20|8,2022-08-11,True
UAV/Crawfordsville/TP3/Crawfordsville-TP3-4352_20_9.PNG,,RGBA,Crawfordsville,4352,20,9,TP3,339,876,Crawfordsville|4352|20|9,2022-08-11,True
UAV/Crawfordsville/TP3/Crawfordsville-TP3-4352_21_2.PNG,,RGBA,Crawfordsville,4352,21,2,TP3,340,876,Crawfordsville|4352|21|2,2022-08-11,True
UAV/Crawfordsville/TP3/Crawfordsville-TP3-4352_21_3.PNG,,RGBA,Crawfordsville,4352,21,3,TP3,340,875,Crawfordsville|4352|21|3,2022-08-11,True
UAV/Crawfordsville/TP3/Crawfordsville-TP3-4352_21_4.PNG,,RGBA,Crawfordsville,4352,21,4,TP3,339,876,Crawfordsville|4352|21|4,2022-08-11,True
UAV/Crawfordsville/TP3/Crawfordsville-TP3-4352_21_5.PNG,,RGBA,Crawfordsville,4352,21,5,TP3,340,875,Crawfordsville|4352|21|5,2022-08-11,True
UAV/Crawfordsville/TP3/Crawfordsville-TP3-4352_21_6.PNG,,RGBA,Crawfordsville,4352,21,6,TP3,340,876,Crawfordsville|4352|21|6,2022-08-11,True
UAV/Crawfordsville/TP3/Crawfordsville-TP3-4352_21_7.PNG,,RGBA,Crawfordsville,4352,21,7,TP3,339,876,Crawfordsville|4352|21|7,2022-08-11,True
UAV/Crawfordsville/TP3/Crawfordsville-TP3-4352_21_8.PNG,,RGBA,Crawfordsville,4352,21,8,TP3,339,875,Crawfordsville|4352|21|8,2022-08-11,True
UAV/Crawfordsville/TP3/Crawfordsville-TP3-4352_21_9.PNG,,RGBA,Crawfordsville,4352,21,9,TP3,339,876,Crawfordsville|4352|21|9,2022-08-11,True
UAV/Crawfordsville/TP3/Crawfordsville-TP3-4352_22_2.PNG,,RGBA,Crawfordsville,4352,22,2,TP3,340,876,Crawfordsville|4352|22|2,2022-08-11,True
UAV/Crawfordsville/TP3/Crawfordsville-TP3-4352_22_3.PNG,,RGBA,Crawfordsville,4352,22,3,TP3,340,875,Crawfordsville|4352|22|3,2022-08-11,True
UAV/Crawfordsville/TP3/Crawfordsville-TP3-4352_22_4.PNG,,RGBA,Crawfordsville,4352,22,4,TP3,339,876,Crawfordsville|4352|22|4,2022-08-11,True
UAV/Crawfordsville/TP3/Crawfordsville-TP3-4352_22_5.PNG,,RGBA,Crawfordsville,4352,22,5,TP3,339,875,Crawfordsville|4352|22|5,2022-08-11,True
UAV/Crawfordsville/TP3/Crawfordsville-TP3-4352_22_6.PNG,,RGBA,Crawfordsville,4352,22,6,TP3,339,876,Crawfordsville|4352|22|6,2022-08-11,True
UAV/Crawfordsville/TP3/Crawfordsville-TP3-4352_22_7.PNG,,RGBA,Crawfordsville,4352,22,7,TP3,340,875,Crawfordsville|4352|22|7,2022-08-11,True
UAV/Crawfordsville/TP3/Crawfordsville-TP3-4352_22_8.PNG,,RGBA,Crawfordsville,4352,22,8,TP3,340,876,Crawfordsville|4352|22|8,2022-08-11,True
UAV/Crawfordsville/TP3/Crawfordsville-TP3-4352_22_9.PNG,,RGBA,Crawfordsville,4352,22,9,TP3,339,876,Crawfordsville|4352|22|9,2022-08-11,True
UAV/Crawfordsville/TP3/Crawfordsville-TP3-4352_23_2.PNG,,RGBA,Crawfordsville,4352,23,2,TP3,340,876,Crawfordsville|4352|23|2,2022-08-11,True
UAV/Crawfordsville/TP3/Crawfordsville-TP3-4352_23_3.PNG,,RGBA,Crawfordsville,4352,23,3,TP3,340,875,Crawfordsville|4352|23|3,2022-08-11,True
UAV/Crawfordsville/TP3/Crawfordsville-TP3-4352_23_4.PNG,,RGBA,Crawfordsville,4352,23,4,TP3,340,876,Crawfordsville|4352|23|4,2022-08-11,True
UAV/Crawfordsville/TP3/Crawfordsville-TP3-4352_23_5.PNG,,RGBA,Crawfordsville,4352,23,5,TP3,340,875,Crawfordsville|4352|23|5,2022-08-11,True
UAV/Crawfordsville/TP3/Crawfordsville-TP3-4352_23_6.PNG,,RGBA,Crawfordsville,4352,23,6,TP3,339,876,Crawfordsville|4352|23|6,2022-08-11,True
UAV/Crawfordsville/TP3/Crawfordsville-TP3-4352_23_7.PNG,,RGBA,Crawfordsville,4352,23,7,TP3,339,875,Crawfordsville|4352|23|7,2022-08-11,True
UAV/Crawfordsville/TP3/Crawfordsville-TP3-4352_23_8.PNG,,RGBA,Crawfordsville,4352,23,8,TP3,339,876,Crawfordsville|4352|23|8,2022-08-11,True
UAV/Crawfordsville/TP3/Crawfordsville-TP3-4352_23_9.PNG,,RGBA,Crawfordsville,4352,23,9,TP3,340,876,Crawfordsville|4352|23|9,2022-08-11,True
UAV/Crawfordsville/TP3/Crawfordsville-TP3-4352_2_2.PNG,,RGBA,Crawfordsville,4352,2,2,TP3,339,876,Crawfordsville|4352|2|2,2022-08-11,True
UAV/Crawfordsville/TP3/Crawfordsville-TP3-4352_2_3.PNG,,RGBA,Crawfordsville,4352,2,3,TP3,338,875,Crawfordsville|4352|2|3,2022-08-11,True
UAV/Crawfordsville/TP3/Crawfordsville-TP3-4352_2_4.PNG,,RGBA,Crawfordsville,4352,2,4,TP3,338,875,Crawfordsville|4352|2|4,2022-08-11,True
UAV/Crawfordsville/TP3/Crawfordsville-TP3-4352_2_5.PNG,,RGBA,Crawfordsville,4352,2,5,TP3,339,876,Crawfordsville|4352|2|5,2022-08-11,True
UAV/Crawfordsville/TP3/Crawfordsville-TP3-4352_2_6.PNG,,RGBA,Crawfordsville,4352,2,6,TP3,338,875,Crawfordsville|4352|2|6,2022-08-11,True
UAV/Crawfordsville/TP3/Crawfordsville-TP3-4352_2_7.PNG,,RGBA,Crawfordsville,4352,2,7,TP3,339,875,Crawfordsville|4352|2|7,2022-08-11,True
UAV/Crawfordsville/TP3/Crawfordsville-TP3-4352_2_8.PNG,,RGBA,Crawfordsville,4352,2,8,TP3,338,876,Crawfordsville|4352|2|8,2022-08-11,True
UAV/Crawfordsville/TP3/Crawfordsville-TP3-4352_2_9.PNG,,RGBA,Crawfordsville,4352,2,9,TP3,338,875,Crawfordsville|4352|2|9,2022-08-11,True
UAV/Crawfordsville/TP3/Crawfordsville-TP3-4352_3_2.PNG,,RGBA,Crawfordsville,4352,3,2,TP3,339,876,Crawfordsville|4352|3|2,2022-08-11,True
UAV/Crawfordsville/TP3/Crawfordsville-TP3-4352_3_3.PNG,,RGBA,Crawfordsville,4352,3,3,TP3,339,875,Crawfordsville|4352|3|3,2022-08-11,True
UAV/Crawfordsville/TP3/Crawfordsville-TP3-4352_3_4.PNG,,RGBA,Crawfordsville,4352,3,4,TP3,338,875,Crawfordsville|4352|3|4,2022-08-11,True
UAV/Crawfordsville/TP3/Crawfordsville-TP3-4352_3_5.PNG,,RGBA,Crawfordsville,4352,3,5,TP3,339,876,Crawfordsville|4352|3|5,2022-08-11,True
UAV/Crawfordsville/TP3/Crawfordsville-TP3-4352_3_6.PNG,,RGBA,Crawfordsville,4352,3,6,TP3,338,876,Crawfordsville|4352|3|6,2022-08-11,True
UAV/Crawfordsville/TP3/Crawfordsville-TP3-4352_3_7.PNG,,RGBA,Crawfordsville,4352,3,7,TP3,338,875,Crawfordsville|4352|3|7,2022-08-11,True
UAV/Crawfordsville/TP3/Crawfordsville-TP3-4352_3_8.PNG,,RGBA,Crawfordsville,4352,3,8,TP3,339,876,Crawfordsville|4352|3|8,2022-08-11,True
UAV/Crawfordsville/TP3/Crawfordsville-TP3-4352_3_9.PNG,,RGBA,Crawfordsville,4352,3,9,TP3,338,876,Crawfordsville|4352|3|9,2022-08-11,True
UAV/Crawfordsville/TP3/Crawfordsville-TP3-4352_4_2.PNG,,RGBA,Crawfordsville,4352,4,2,TP3,339,876,Crawfordsville|4352|4|2,2022-08-11,True
UAV/Crawfordsville/TP3/Crawfordsville-TP3-4352_4_3.PNG,,RGBA,Crawfordsville,4352,4,3,TP3,339,875,Crawfordsville|4352|4|3,2022-08-11,True
UAV/Crawfordsville/TP3/Crawfordsville-TP3-4352_4_4.PNG,,RGBA,Crawfordsville,4352,4,4,TP3,338,875,Crawfordsville|4352|4|4,2022-08-11,True
UAV/Crawfordsville/TP3/Crawfordsville-TP3-4352_4_5.PNG,,RGBA,Crawfordsville,4352,4,5,TP3,339,875,Crawfordsville|4352|4|5,2022-08-11,True
UAV/Crawfordsville/TP3/Crawfordsville-TP3-4352_4_6.PNG,,RGBA,Crawfordsville,4352,4,6,TP3,339,876,Crawfordsville|4352|4|6,2022-08-11,True
UAV/Crawfordsville/TP3/Crawfordsville-TP3-4352_4_7.PNG,,RGBA,Crawfordsville,4352,4,7,TP3,338,875,Crawfordsville|4352|4|7,2022-08-11,True
UAV/Crawfordsville/TP3/Crawfordsville-TP3-4352_4_8.PNG,,RGBA,Crawfordsville,4352,4,8,TP3,338,875,Crawfordsville|4352|4|8,2022-08-11,True
UAV/Crawfordsville/TP3/Crawfordsville-TP3-4352_4_9.PNG,,RGBA,Crawfordsville,4352,4,9,TP3,339,876,Crawfordsville|4352|4|9,2022-08-11,True
UAV/Crawfordsville/TP3/Crawfordsville-TP3-4352_5_2.PNG,,RGBA,Crawfordsville,4352,5,2,TP3,339,876,Crawfordsville|4352|5|2,2022-08-11,True
UAV/Crawfordsville/TP3/Crawfordsville-TP3-4352_5_3.PNG,,RGBA,Crawfordsville,4352,5,3,TP3,339,875,Crawfordsville|4352|5|3,2022-08-11,True
UAV/Crawfordsville/TP3/Crawfordsville-TP3-4352_5_4.PNG,,RGBA,Crawfordsville,4352,5,4,TP3,338,875,Crawfordsville|4352|5|4,2022-08-11,True
UAV/Crawfordsville/TP3/Crawfordsville-TP3-4352_5_5.PNG,,RGBA,Crawfordsville,4352,5,5,TP3,338,875,Crawfordsville|4352|5|5,2022-08-11,True
UAV/Crawfordsville/TP3/Crawfordsville-TP3-4352_5_6.PNG,,RGBA,Crawfordsville,4352,5,6,TP3,339,876,Crawfordsville|4352|5|6,2022-08-11,True
UAV/Crawfordsville/TP3/Crawfordsville-TP3-4352_5_7.PNG,,RGBA,Crawfordsville,4352,5,7,TP3,339,876,Crawfordsville|4352|5|7,2022-08-11,True
UAV/Crawfordsville/TP3/Crawfordsville-TP3-4352_5_8.PNG,,RGBA,Crawfordsville,4352,5,8,TP3,338,875,Crawfordsville|4352|5|8,2022-08-11,True
UAV/Crawfordsville/TP3/Crawfordsville-TP3-4352_5_9.PNG,,RGBA,Crawfordsville,4352,5,9,TP3,338,875,Crawfordsville|4352|5|9,2022-08-11,True
UAV/Crawfordsville/TP3/Crawfordsville-TP3-4352_6_2.PNG,,RGBA,Crawfordsville,4352,6,2,TP3,339,876,Crawfordsville|4352|6|2,2022-08-11,True
UAV/Crawfordsville/TP3/Crawfordsville-TP3-4352_6_3.PNG,,RGBA,Crawfordsville,4352,6,3,TP3,339,875,Crawfordsville|4352|6|3,2022-08-11,True
UAV/Crawfordsville/TP3/Crawfordsville-TP3-4352_6_4.PNG,,RGBA,Crawfordsville,4352,6,4,TP3,339,875,Crawfordsville|4352|6|4,2022-08-11,True
UAV/Crawfordsville/TP3/Crawfordsville-TP3-4352_6_5.PNG,,RGBA,Crawfordsville,4352,6,5,TP3,338,875,Crawfordsville|4352|6|5,2022-08-11,True
UAV/Crawfordsville/TP3/Crawfordsville-TP3-4352_6_6.PNG,,RGBA,Crawfordsville,4352,6,6,TP3,338,875,Crawfordsville|4352|6|6,2022-08-11,True
UAV/Crawfordsville/TP3/Crawfordsville-TP3-4352_6_7.PNG,,RGBA,Crawfordsville,4352,6,7,TP3,338,876,Crawfordsville|4352|6|7,2022-08-11,True
UAV/Crawfordsville/TP3/Crawfordsville-TP3-4352_6_8.PNG,,RGBA,Crawfordsville,4352,6,8,TP3,339,876,Crawfordsville|4352|6|8,2022-08-11,True
UAV/Crawfordsville/TP3/Crawfordsville-TP3-4352_6_9.PNG,,RGBA,Crawfordsville,4352,6,9,TP3,339,875,Crawfordsville|4352|6|9,2022-08-11,True
UAV/Crawfordsville/TP3/Crawfordsville-TP3-4352_7_2.PNG,,RGBA,Crawfordsville,4352,7,2,TP3,339,876,Crawfordsville|4352|7|2,2022-08-11,True
UAV/Crawfordsville/TP3/Crawfordsville-TP3-4352_7_3.PNG,,RGBA,Crawfordsville,4352,7,3,TP3,339,875,Crawfordsville|4352|7|3,2022-08-11,True
UAV/Crawfordsville/TP3/Crawfordsville-TP3-4352_7_4.PNG,,RGBA,Crawfordsville,4352,7,4,TP3,339,875,Crawfordsville|4352|7|4,2022-08-11,True
UAV/Crawfordsville/TP3/Crawfordsville-TP3-4352_7_5.PNG,,RGBA,Crawfordsville,4352,7,5,TP3,339,875,Crawfordsville|4352|7|5,2022-08-11,True
UAV/Crawfordsville/TP3/Crawfordsville-TP3-4352_7_6.PNG,,RGBA,Crawfordsville,4352,7,6,TP3,339,875,Crawfordsville|4352|7|6,2022-08-11,True
UAV/Crawfordsville/TP3/Crawfordsville-TP3-4352_7_7.PNG,,RGBA,Crawfordsville,4352,7,7,TP3,338,875,Crawfordsville|4352|7|7,2022-08-11,True
UAV/Crawfordsville/TP3/Crawfordsville-TP3-4352_7_8.PNG,,RGBA,Crawfordsville,4352,7,8,TP3,338,876,Crawfordsville|4352|7|8,2022-08-11,True
UAV/Crawfordsville/TP3/Crawfordsville-TP3-4352_7_9.PNG,,RGBA,Crawfordsville,4352,7,9,TP3,338,876,Crawfordsville|4352|7|9,2022-08-11,True
UAV/Crawfordsville/TP3/Crawfordsville-TP3-4352_8_2.PNG,,RGBA,Crawfordsville,4352,8,2,TP3,339,876,Crawfordsville|4352|8|2,2022-08-11,True
UAV/Crawfordsville/TP3/Crawfordsville-TP3-4352_8_3.PNG,,RGBA,Crawfordsville,4352,8,3,TP3,339,875,Crawfordsville|4352|8|3,2022-08-11,True
UAV/Crawfordsville/TP3/Crawfordsville-TP3-4352_8_4.PNG,,RGBA,Crawfordsville,4352,8,4,TP3,339,875,Crawfordsville|4352|8|4,2022-08-11,True
UAV/Crawfordsville/TP3/Crawfordsville-TP3-4352_8_5.PNG,,RGBA,Crawfordsville,4352,8,5,TP3,339,875,Crawfordsville|4352|8|5,2022-08-11,True
UAV/Crawfordsville/TP3/Crawfordsville-TP3-4352_8_6.PNG,,RGBA,Crawfordsville,4352,8,6,TP3,339,875,Crawfordsville|4352|8|6,2022-08-11,True
UAV/Crawfordsville/TP3/Crawfordsville-TP3-4352_8_7.PNG,,RGBA,Crawfordsville,4352,8,7,TP3,339,875,Crawfordsville|4352|8|7,2022-08-11,True
UAV/Crawfordsville/TP3/Crawfordsville-TP3-4352_8_8.PNG,,RGBA,Crawfordsville,4352,8,8,TP3,339,875,Crawfordsville|4352|8|8,2022-08-11,True
UAV/Crawfordsville/TP3/Crawfordsville-TP3-4352_8_9.PNG,,RGBA,Crawfordsville,4352,8,9,TP3,339,875,Crawfordsville|4352|8|9,2022-08-11,True
UAV/Crawfordsville/TP3/Crawfordsville-TP3-4352_9_2.PNG,,RGBA,Crawfordsville,4352,9,2,TP3,339,876,Crawfordsville|4352|9|2,2022-08-11,True
UAV/Crawfordsville/TP3/Crawfordsville-TP3-4352_9_3.PNG,,RGBA,Crawfordsville,4352,9,3,TP3,339,875,Crawfordsville|4352|9|3,2022-08-11,True
UAV/Crawfordsville/TP3/Crawfordsville-TP3-4352_9_4.PNG,,RGBA,Crawfordsville,4352,9,4,TP3,339,875,Crawfordsville|4352|9|4,2022-08-11,True
UAV/Crawfordsville/TP3/Crawfordsville-TP3-4352_9_5.PNG,,RGBA,Crawfordsville,4352,9,5,TP3,339,875,Crawfordsville|4352|9|5,2022-08-11,True
UAV/Crawfordsville/TP3/Crawfordsville-TP3-4352_9_6.PNG,,RGBA,Crawfordsville,4352,9,6,TP3,339,875,Crawfordsville|4352|9|6,2022-08-11,True
UAV/Crawfordsville/TP3/Crawfordsville-TP3-4352_9_7.PNG,,RGBA,Crawfordsville,4352,9,7,TP3,339,875,Crawfordsville|4352|9|7,2022-08-11,True
UAV/Crawfordsville/TP3/Crawfordsville-TP3-4352_9_8.PNG,,RGBA,Crawfordsville,4352,9,8,TP3,338,875,Crawfordsville|4352|9|8,2022-08-11,True
UAV/Crawfordsville/TP3/Crawfordsville-TP3-4352_9_9.PNG,,RGBA,Crawfordsville,4352,9,9,TP3,338,875,Crawfordsville|4352|9|9,2022-08-11,True
UAV/Crawfordsville/TP3/Crawfordsville-TP3-4353_10_42.PNG,,RGBA,Crawfordsville,4353,10,42,TP3,333,867,Crawfordsville|4353|10|42,2022-08-11,True
UAV/Crawfordsville/TP3/Crawfordsville-TP3-4353_10_43.PNG,,RGBA,Crawfordsville,4353,10,43,TP3,332,867,Crawfordsville|4353|10|43,2022-08-11,True
UAV/Crawfordsville/TP3/Crawfordsville-TP3-4353_10_44.PNG,,RGBA,Crawfordsville,4353,10,44,TP3,333,867,Crawfordsville|4353|10|44,2022-08-11,True
UAV/Crawfordsville/TP3/Crawfordsville-TP3-4353_10_45.PNG,,RGBA,Crawfordsville,4353,10,45,TP3,333,867,Crawfordsville|4353|10|45,2022-08-11,True
UAV/Crawfordsville/TP3/Crawfordsville-TP3-4353_10_46.PNG,,RGBA,Crawfordsville,4353,10,46,TP3,333,867,Crawfordsville|4353|10|46,2022-08-11,True
UAV/Crawfordsville/TP3/Crawfordsville-TP3-4353_11_42.PNG,,RGBA,Crawfordsville,4353,11,42,TP3,333,866,Crawfordsville|4353|11|42,2022-08-11,True
UAV/Crawfordsville/TP3/Crawfordsville-TP3-4353_11_43.PNG,,RGBA,Crawfordsville,4353,11,43,TP3,333,867,Crawfordsville|4353|11|43,2022-08-11,True
UAV/Crawfordsville/TP3/Crawfordsville-TP3-4353_11_44.PNG,,RGBA,Crawfordsville,4353,11,44,TP3,332,867,Crawfordsville|4353|11|44,2022-08-11,True
UAV/Crawfordsville/TP3/Crawfordsville-TP3-4353_11_45.PNG,,RGBA,Crawfordsville,4353,11,45,TP3,333,868,Crawfordsville|4353|11|45,2022-08-11,True
UAV/Crawfordsville/TP3/Crawfordsville-TP3-4353_11_46.PNG,,RGBA,Crawfordsville,4353,11,46,TP3,333,867,Crawfordsville|4353|11|46,2022-08-11,True
UAV/Crawfordsville/TP3/Crawfordsville-TP3-4353_12_42.PNG,,RGBA,Crawfordsville,4353,12,42,TP3,332,867,Crawfordsville|4353|12|42,2022-08-11,True
UAV/Crawfordsville/TP3/Crawfordsville-TP3-4353_12_43.PNG,,RGBA,Crawfordsville,4353,12,43,TP3,333,868,Crawfordsville|4353|12|43,2022-08-11,True
UAV/Crawfordsville/TP3/Crawfordsville-TP3-4353_12_44.PNG,,RGBA,Crawfordsville,4353,12,44,TP3,333,867,Crawfordsville|4353|12|44,2022-08-11,True
UAV/Crawfordsville/TP3/Crawfordsville-TP3-4353_12_45.PNG,,RGBA,Crawfordsville,4353,12,45,TP3,332,867,Crawfordsville|4353|12|45,2022-08-11,True
UAV/Crawfordsville/TP3/Crawfordsville-TP3-4353_12_46.PNG,,RGBA,Crawfordsville,4353,12,46,TP3,333,867,Crawfordsville|4353|12|46,2022-08-11,True
UAV/Crawfordsville/TP3/Crawfordsville-TP3-4353_13_42.PNG,,RGBA,Crawfordsville,4353,13,42,TP3,333,867,Crawfordsville|4353|13|42,2022-08-11,True
UAV/Crawfordsville/TP3/Crawfordsville-TP3-4353_13_43.PNG,,RGBA,Crawfordsville,4353,13,43,TP3,332,867,Crawfordsville|4353|13|43,2022-08-11,True
UAV/Crawfordsville/TP3/Crawfordsville-TP3-4353_13_44.PNG,,RGBA,Crawfordsville,4353,13,44,TP3,333,867,Crawfordsville|4353|13|44,2022-08-11,True
UAV/Crawfordsville/TP3/Crawfordsville-TP3-4353_13_45.PNG,,RGBA,Crawfordsville,4353,13,45,TP3,333,868,Crawfordsville|4353|13|45,2022-08-11,True
UAV/Crawfordsville/TP3/Crawfordsville-TP3-4353_13_46.PNG,,RGBA,Crawfordsville,4353,13,46,TP3,333,868,Crawfordsville|4353|13|46,2022-08-11,True
UAV/Crawfordsville/TP3/Crawfordsville-TP3-4353_14_42.PNG,,RGBA,Crawfordsville,4353,14,42,TP3,333,867,Crawfordsville|4353|14|42,2022-08-11,True
UAV/Crawfordsville/TP3/Crawfordsville-TP3-4353_14_43.PNG,,RGBA,Crawfordsville,4353,14,43,TP3,333,868,Crawfordsville|4353|14|43,2022-08-11,True
UAV/Crawfordsville/TP3/Crawfordsville-TP3-4353_14_44.PNG,,RGBA,Crawfordsville,4353,14,44,TP3,332,868,Crawfordsville|4353|14|44,2022-08-11,True
UAV/Crawfordsville/TP3/Crawfordsville-TP3-4353_14_45.PNG,,RGBA,Crawfordsville,4353,14,45,TP3,332,868,Crawfordsville|4353|14|45,2022-08-11,True
UAV/Crawfordsville/TP3/Crawfordsville-TP3-4353_14_46.PNG,,RGBA,Crawfordsville,4353,14,46,TP3,333,868,Crawfordsville|4353|14|46,2022-08-11,True
UAV/Crawfordsville/TP3/Crawfordsville-TP3-4353_15_42.PNG,,RGBA,Crawfordsville,4353,15,42,TP3,332,868,Crawfordsville|4353|15|42,2022-08-11,True
UAV/Crawfordsville/TP3/Crawfordsville-TP3-4353_15_43.PNG,,RGBA,Crawfordsville,4353,15,43,TP3,333,868,Crawfordsville|4353|15|43,2022-08-11,True
UAV/Crawfordsville/TP3/Crawfordsville-TP3-4353_15_44.PNG,,RGBA,Crawfordsville,4353,15,44,TP3,333,867,Crawfordsville|4353|15|44,2022-08-11,True
UAV/Crawfordsville/TP3/Crawfordsville-TP3-4353_15_45.PNG,,RGBA,Crawfordsville,4353,15,45,TP3,333,868,Crawfordsville|4353|15|45,2022-08-11,True
UAV/Crawfordsville/TP3/Crawfordsville-TP3-4353_15_46.PNG,,RGBA,Crawfordsville,4353,15,46,TP3,332,868,Crawfordsville|4353|15|46,2022-08-11,True
UAV/Crawfordsville/TP3/Crawfordsville-TP3-4353_16_42.PNG,,RGBA,Crawfordsville,4353,16,42,TP3,333,868,Crawfordsville|4353|16|42,2022-08-11,True
UAV/Crawfordsville/TP3/Crawfordsville-TP3-4353_16_43.PNG,,RGBA,Crawfordsville,4353,16,43,TP3,332,867,Crawfordsville|4353|16|43,2022-08-11,True
UAV/Crawfordsville/TP3/Crawfordsville-TP3-4353_16_44.PNG,,RGBA,Crawfordsville,4353,16,44,TP3,332,868,Crawfordsville|4353|16|44,2022-08-11,True
UAV/Crawfordsville/TP3/Crawfordsville-TP3-4353_16_45.PNG,,RGBA,Crawfordsville,4353,16,45,TP3,333,868,Crawfordsville|4353|16|45,2022-08-11,True
UAV/Crawfordsville/TP3/Crawfordsville-TP3-4353_16_46.PNG,,RGBA,Crawfordsville,4353,16,46,TP3,333,868,Crawfordsville|4353|16|46,2022-08-11,True
UAV/Crawfordsville/TP3/Crawfordsville-TP3-4353_17_42.PNG,,RGBA,Crawfordsville,4353,17,42,TP3,333,867,Crawfordsville|4353|17|42,2022-08-11,True
UAV/Crawfordsville/TP3/Crawfordsville-TP3-4353_17_43.PNG,,RGBA,Crawfordsville,4353,17,43,TP3,333,868,Crawfordsville|4353|17|43,2022-08-11,True
UAV/Crawfordsville/TP3/Crawfordsville-TP3-4353_17_44.PNG,,RGBA,Crawfordsville,4353,17,44,TP3,333,868,Crawfordsville|4353|17|44,2022-08-11,True
UAV/Crawfordsville/TP3/Crawfordsville-TP3-4353_17_45.PNG,,RGBA,Crawfordsville,4353,17,45,TP3,332,868,Crawfordsville|4353|17|45,2022-08-11,True
UAV/Crawfordsville/TP3/Crawfordsville-TP3-4353_17_46.PNG,,RGBA,Crawfordsville,4353,17,46,TP3,332,869,Crawfordsville|4353|17|46,2022-08-11,True
UAV/Crawfordsville/TP3/Crawfordsville-TP3-4353_18_42.PNG,,RGBA,Crawfordsville,4353,18,42,TP3,332,868,Crawfordsville|4353|18|42,2022-08-11,True
UAV/Crawfordsville/TP3/Crawfordsville-TP3-4353_18_43.PNG,,RGBA,Crawfordsville,4353,18,43,TP3,332,868,Crawfordsville|4353|18|43,2022-08-11,True
UAV/Crawfordsville/TP3/Crawfordsville-TP3-4353_18_44.PNG,,RGBA,Crawfordsville,4353,18,44,TP3,333,868,Crawfordsville|4353|18|44,2022-08-11,True
UAV/Crawfordsville/TP3/Crawfordsville-TP3-4353_18_45.PNG,,RGBA,Crawfordsville,4353,18,45,TP3,333,869,Crawfordsville|4353|18|45,2022-08-11,True
UAV/Crawfordsville/TP3/Crawfordsville-TP3-4353_18_46.PNG,,RGBA,Crawfordsville,4353,18,46,TP3,333,868,Crawfordsville|4353|18|46,2022-08-11,True
UAV/Crawfordsville/TP3/Crawfordsville-TP3-4353_19_42.PNG,,RGBA,Crawfordsville,4353,19,42,TP3,332,868,Crawfordsville|4353|19|42,2022-08-11,True
UAV/Crawfordsville/TP3/Crawfordsville-TP3-4353_19_43.PNG,,RGBA,Crawfordsville,4353,19,43,TP3,332,868,Crawfordsville|4353|19|43,2022-08-11,True
UAV/Crawfordsville/TP3/Crawfordsville-TP3-4353_19_44.PNG,,RGBA,Crawfordsville,4353,19,44,TP3,332,869,Crawfordsville|4353|19|44,2022-08-11,True
UAV/Crawfordsville/TP3/Crawfordsville-TP3-4353_19_45.PNG,,RGBA,Crawfordsville,4353,19,45,TP3,332,868,Crawfordsville|4353|19|45,2022-08-11,True
UAV/Crawfordsville/TP3/Crawfordsville-TP3-4353_19_46.PNG,,RGBA,Crawfordsville,4353,19,46,TP3,333,868,Crawfordsville|4353|19|46,2022-08-11,True
UAV/Crawfordsville/TP3/Crawfordsville-TP3-4353_20_42.PNG,,RGBA,Crawfordsville,4353,20,42,TP3,333,868,Crawfordsville|4353|20|42,2022-08-11,True
UAV/Crawfordsville/TP3/Crawfordsville-TP3-4353_20_43.PNG,,RGBA,Crawfordsville,4353,20,43,TP3,333,868,Crawfordsville|4353|20|43,2022-08-11,True
UAV/Crawfordsville/TP3/Crawfordsville-TP3-4353_20_44.PNG,,RGBA,Crawfordsville,4353,20,44,TP3,333,868,Crawfordsville|4353|20|44,2022-08-11,True
UAV/Crawfordsville/TP3/Crawfordsville-TP3-4353_20_45.PNG,,RGBA,Crawfordsville,4353,20,45,TP3,332,868,Crawfordsville|4353|20|45,2022-08-11,True
UAV/Crawfordsville/TP3/Crawfordsville-TP3-4353_20_46.PNG,,RGBA,Crawfordsville,4353,20,46,TP3,332,869,Crawfordsville|4353|20|46,2022-08-11,True
UAV/Crawfordsville/TP3/Crawfordsville-TP3-4353_21_42.PNG,,RGBA,Crawfordsville,4353,21,42,TP3,332,869,Crawfordsville|4353|21|42,2022-08-11,True
UAV/Crawfordsville/TP3/Crawfordsville-TP3-4353_21_43.PNG,,RGBA,Crawfordsville,4353,21,43,TP3,332,869,Crawfordsville|4353|21|43,2022-08-11,True
UAV/Crawfordsville/TP3/Crawfordsville-TP3-4353_21_44.PNG,,RGBA,Crawfordsville,4353,21,44,TP3,333,869,Crawfordsville|4353|21|44,2022-08-11,True
UAV/Crawfordsville/TP3/Crawfordsville-TP3-4353_21_45.PNG,,RGBA,Crawfordsville,4353,21,45,TP3,333,869,Crawfordsville|4353|21|45,2022-08-11,True
UAV/Crawfordsville/TP3/Crawfordsville-TP3-4353_21_46.PNG,,RGBA,Crawfordsville,4353,21,46,TP3,333,869,Crawfordsville|4353|21|46,2022-08-11,True
UAV/Crawfordsville/TP3/Crawfordsville-TP3-4353_22_42.PNG,,RGBA,Crawfordsville,4353,22,42,TP3,332,868,Crawfordsville|4353|22|42,2022-08-11,True
UAV/Crawfordsville/TP3/Crawfordsville-TP3-4353_22_43.PNG,,RGBA,Crawfordsville,4353,22,43,TP3,332,868,Crawfordsville|4353|22|43,2022-08-11,True
UAV/Crawfordsville/TP3/Crawfordsville-TP3-4353_22_44.PNG,,RGBA,Crawfordsville,4353,22,44,TP3,332,868,Crawfordsville|4353|22|44,2022-08-11,True
UAV/Crawfordsville/TP3/Crawfordsville-TP3-4353_22_45.PNG,,RGBA,Crawfordsville,4353,22,45,TP3,332,869,Crawfordsville|4353|22|45,2022-08-11,True
UAV/Crawfordsville/TP3/Crawfordsville-TP3-4353_22_46.PNG,,RGBA,Crawfordsville,4353,22,46,TP3,332,869,Crawfordsville|4353|22|46,2022-08-11,True
UAV/Crawfordsville/TP3/Crawfordsville-TP3-4353_23_42.PNG,,RGBA,Crawfordsville,4353,23,42,TP3,333,868,Crawfordsville|4353|23|42,2022-08-11,True
UAV/Crawfordsville/TP3/Crawfordsville-TP3-4353_23_43.PNG,,RGBA,Crawfordsville,4353,23,43,TP3,333,869,Crawfordsville|4353|23|43,2022-08-11,True
UAV/Crawfordsville/TP3/Crawfordsville-TP3-4353_23_44.PNG,,RGBA,Crawfordsville,4353,23,44,TP3,333,869,Crawfordsville|4353|23|44,2022-08-11,True
UAV/Crawfordsville/TP3/Crawfordsville-TP3-4353_23_45.PNG,,RGBA,Crawfordsville,4353,23,45,TP3,333,869,Crawfordsville|4353|23|45,2022-08-11,True
UAV/Crawfordsville/TP3/Crawfordsville-TP3-4353_23_46.PNG,,RGBA,Crawfordsville,4353,23,46,TP3,333,869,Crawfordsville|4353|23|46,2022-08-11,True
UAV/Crawfordsville/TP3/Crawfordsville-TP3-4353_24_42.PNG,,RGBA,Crawfordsville,4353,24,42,TP3,332,869,Crawfordsville|4353|24|42,2022-08-11,True
UAV/Crawfordsville/TP3/Crawfordsville-TP3-4353_24_43.PNG,,RGBA,Crawfordsville,4353,24,43,TP3,332,869,Crawfordsville|4353|24|43,2022-08-11,True
UAV/Crawfordsville/TP3/Crawfordsville-TP3-4353_24_44.PNG,,RGBA,Crawfordsville,4353,24,44,TP3,332,869,Crawfordsville|4353|24|44,2022-08-11,True
UAV/Crawfordsville/TP3/Crawfordsville-TP3-4353_24_45.PNG,,RGBA,Crawfordsville,4353,24,45,TP3,332,869,Crawfordsville|4353|24|45,2022-08-11,True
UAV/Crawfordsville/TP3/Crawfordsville-TP3-4353_24_46.PNG,,RGBA,Crawfordsville,4353,24,46,TP3,332,870,Crawfordsville|4353|24|46,2022-08-11,True
UAV/Crawfordsville/TP3/Crawfordsville-TP3-4353_25_42.PNG,,RGBA,Crawfordsville,4353,25,42,TP3,332,869,Crawfordsville|4353|25|42,2022-08-11,True
UAV/Crawfordsville/TP3/Crawfordsville-TP3-4353_25_43.PNG,,RGBA,Crawfordsville,4353,25,43,TP3,332,869,Crawfordsville|4353|25|43,2022-08-11,True
UAV/Crawfordsville/TP3/Crawfordsville-TP3-4353_25_44.PNG,,RGBA,Crawfordsville,4353,25,44,TP3,332,869,Crawfordsville|4353|25|44,2022-08-11,True
UAV/Crawfordsville/TP3/Crawfordsville-TP3-4353_25_45.PNG,,RGBA,Crawfordsville,4353,25,45,TP3,332,869,Crawfordsville|4353|25|45,2022-08-11,True
UAV/Crawfordsville/TP3/Crawfordsville-TP3-4353_25_46.PNG,,RGBA,Crawfordsville,4353,25,46,TP3,332,870,Crawfordsville|4353|25|46,2022-08-11,True
UAV/Crawfordsville/TP3/Crawfordsville-TP3-4353_26_42.PNG,,RGBA,Crawfordsville,4353,26,42,TP3,332,869,Crawfordsville|4353|26|42,2022-08-11,True
UAV/Crawfordsville/TP3/Crawfordsville-TP3-4353_26_43.PNG,,RGBA,Crawfordsville,4353,26,43,TP3,333,869,Crawfordsville|4353|26|43,2022-08-11,True
UAV/Crawfordsville/TP3/Crawfordsville-TP3-4353_26_44.PNG,,RGBA,Crawfordsville,4353,26,44,TP3,333,869,Crawfordsville|4353|26|44,2022-08-11,True
UAV/Crawfordsville/TP3/Crawfordsville-TP3-4353_26_45.PNG,,RGBA,Crawfordsville,4353,26,45,TP3,333,870,Crawfordsville|4353|26|45,2022-08-11,True
UAV/Crawfordsville/TP3/Crawfordsville-TP3-4353_26_46.PNG,,RGBA,Crawfordsville,4353,26,46,TP3,333,869,Crawfordsville|4353|26|46,2022-08-11,True
UAV/Crawfordsville/TP3/Crawfordsville-TP3-4353_27_42.PNG,,RGBA,Crawfordsville,4353,27,42,TP3,332,870,Crawfordsville|4353|27|42,2022-08-11,True
UAV/Crawfordsville/TP3/Crawfordsville-TP3-4353_27_43.PNG,,RGBA,Crawfordsville,4353,27,43,TP3,332,869,Crawfordsville|4353|27|43,2022-08-11,True
UAV/Crawfordsville/TP3/Crawfordsville-TP3-4353_27_44.PNG,,RGBA,Crawfordsville,4353,27,44,TP3,332,869,Crawfordsville|4353|27|44,2022-08-11,True
UAV/Crawfordsville/TP3/Crawfordsville-TP3-4353_27_45.PNG,,RGBA,Crawfordsville,4353,27,45,TP3,332,869,Crawfordsville|4353|27|45,2022-08-11,True
UAV/Crawfordsville/TP3/Crawfordsville-TP3-4353_27_46.PNG,,RGBA,Crawfordsville,4353,27,46,TP3,332,869,Crawfordsville|4353|27|46,2022-08-11,True
UAV/Crawfordsville/TP3/Crawfordsville-TP3-4353_28_42.PNG,,RGBA,Crawfordsville,4353,28,42,TP3,332,869,Crawfordsville|4353|28|42,2022-08-11,True
UAV/Crawfordsville/TP3/Crawfordsville-TP3-4353_28_43.PNG,,RGBA,Crawfordsville,4353,28,43,TP3,332,869,Crawfordsville|4353|28|43,2022-08-11,True
UAV/Crawfordsville/TP3/Crawfordsville-TP3-4353_28_44.PNG,,RGBA,Crawfordsville,4353,28,44,TP3,332,870,Crawfordsville|4353|28|44,2022-08-11,True
UAV/Crawfordsville/TP3/Crawfordsville-TP3-4353_28_45.PNG,,RGBA,Crawfordsville,4353,28,45,TP3,332,870,Crawfordsville|4353|28|45,2022-08-11,True
UAV/Crawfordsville/TP3/Crawfordsville-TP3-4353_28_46.PNG,,RGBA,Crawfordsville,4353,28,46,TP3,333,870,Crawfordsville|4353|28|46,2022-08-11,True
UAV/Crawfordsville/TP3/Crawfordsville-TP3-4353_29_42.PNG,,RGBA,Crawfordsville,4353,29,42,TP3,332,869,Crawfordsville|4353|29|42,2022-08-11,True
UAV/Crawfordsville/TP3/Crawfordsville-TP3-4353_29_43.PNG,,RGBA,Crawfordsville,4353,29,43,TP3,332,869,Crawfordsville|4353|29|43,2022-08-11,True
UAV/Crawfordsville/TP3/Crawfordsville-TP3-4353_29_44.PNG,,RGBA,Crawfordsville,4353,29,44,TP3,333,870,Crawfordsville|4353|29|44,2022-08-11,True
UAV/Crawfordsville/TP3/Crawfordsville-TP3-4353_29_45.PNG,,RGBA,Crawfordsville,4353,29,45,TP3,332,870,Crawfordsville|4353|29|45,2022-08-11,True
UAV/Crawfordsville/TP3/Crawfordsville-TP3-4353_29_46.PNG,,RGBA,Crawfordsville,4353,29,46,TP3,332,870,Crawfordsville|4353|29|46,2022-08-11,True
UAV/Crawfordsville/TP3/Crawfordsville-TP3-4353_30_42.PNG,,RGBA,Crawfordsville,4353,30,42,TP3,333,870,Crawfordsville|4353|30|42,2022-08-11,True
UAV/Crawfordsville/TP3/Crawfordsville-TP3-4353_30_43.PNG,,RGBA,Crawfordsville,4353,30,43,TP3,332,870,Crawfordsville|4353|30|43,2022-08-11,True
UAV/Crawfordsville/TP3/Crawfordsville-TP3-4353_30_44.PNG,,RGBA,Crawfordsville,4353,30,44,TP3,332,870,Crawfordsville|4353|30|44,2022-08-11,True
UAV/Crawfordsville/TP3/Crawfordsville-TP3-4353_30_45.PNG,,RGBA,Crawfordsville,4353,30,45,TP3,332,870,Crawfordsville|4353|30|45,2022-08-11,True
UAV/Crawfordsville/TP3/Crawfordsville-TP3-4353_30_46.PNG,,RGBA,Crawfordsville,4353,30,46,TP3,332,870,Crawfordsville|4353|30|46,2022-08-11,True
UAV/Crawfordsville/TP3/Crawfordsville-TP3-4353_31_42.PNG,,RGBA,Crawfordsville,4353,31,42,TP3,332,870,Crawfordsville|4353|31|42,2022-08-11,True
UAV/Crawfordsville/TP3/Crawfordsville-TP3-4353_31_43.PNG,,RGBA,Crawfordsville,4353,31,43,TP3,332,869,Crawfordsville|4353|31|43,2022-08-11,True
UAV/Crawfordsville/TP3/Crawfordsville-TP3-4353_31_44.PNG,,RGBA,Crawfordsville,4353,31,44,TP3,332,870,Crawfordsville|4353|31|44,2022-08-11,True
UAV/Crawfordsville/TP3/Crawfordsville-TP3-4353_31_45.PNG,,RGBA,Crawfordsville,4353,31,45,TP3,333,870,Crawfordsville|4353|31|45,2022-08-11,True
UAV/Crawfordsville/TP3/Crawfordsville-TP3-4353_31_46.PNG,,RGBA,Crawfordsville,4353,31,46,TP3,332,870,Crawfordsville|4353|31|46,2022-08-11,True
UAV/Crawfordsville/TP3/Crawfordsville-TP3-4353_32_42.PNG,,RGBA,Crawfordsville,4353,32,42,TP3,332,870,Crawfordsville|4353|32|42,2022-08-11,True
UAV/Crawfordsville/TP3/Crawfordsville-TP3-4353_32_43.PNG,,RGBA,Crawfordsville,4353,32,43,TP3,332,870,Crawfordsville|4353|32|43,2022-08-11,True
UAV/Crawfordsville/TP3/Crawfordsville-TP3-4353_32_44.PNG,,RGBA,Crawfordsville,4353,32,44,TP3,332,870,Crawfordsville|4353|32|44,2022-08-11,True
UAV/Crawfordsville/TP3/Crawfordsville-TP3-4353_32_45.PNG,,RGBA,Crawfordsville,4353,32,45,TP3,332,870,Crawfordsville|4353|32|45,2022-08-11,True
UAV/Crawfordsville/TP3/Crawfordsville-TP3-4353_32_46.PNG,,RGBA,Crawfordsville,4353,32,46,TP3,332,871,Crawfordsville|4353|32|46,2022-08-11,True
UAV/Crawfordsville/TP3/Crawfordsville-TP3-4353_33_42.PNG,,RGBA,Crawfordsville,4353,33,42,TP3,332,870,Crawfordsville|4353|33|42,2022-08-11,True
UAV/Crawfordsville/TP3/Crawfordsville-TP3-4353_33_43.PNG,,RGBA,Crawfordsville,4353,33,43,TP3,332,870,Crawfordsville|4353|33|43,2022-08-11,True
UAV/Crawfordsville/TP3/Crawfordsville-TP3-4353_33_44.PNG,,RGBA,Crawfordsville,4353,33,44,TP3,332,870,Crawfordsville|4353|33|44,2022-08-11,True
UAV/Crawfordsville/TP3/Crawfordsville-TP3-4353_33_45.PNG,,RGBA,Crawfordsville,4353,33,45,TP3,332,871,Crawfordsville|4353|33|45,2022-08-11,True
UAV/Crawfordsville/TP3/Crawfordsville-TP3-4353_33_46.PNG,,RGBA,Crawfordsville,4353,33,46,TP3,332,871,Crawfordsville|4353|33|46,2022-08-11,True
UAV/Crawfordsville/TP3/Crawfordsville-TP3-4353_34_42.PNG,,RGBA,Crawfordsville,4353,34,42,TP3,332,870,Crawfordsville|4353|34|42,2022-08-11,True
UAV/Crawfordsville/TP3/Crawfordsville-TP3-4353_34_43.PNG,,RGBA,Crawfordsville,4353,34,43,TP3,332,871,Crawfordsville|4353|34|43,2022-08-11,True
UAV/Crawfordsville/TP3/Crawfordsville-TP3-4353_34_44.PNG,,RGBA,Crawfordsville,4353,34,44,TP3,332,871,Crawfordsville|4353|34|44,2022-08-11,True
UAV/Crawfordsville/TP3/Crawfordsville-TP3-4353_34_45.PNG,,RGBA,Crawfordsville,4353,34,45,TP3,332,871,Crawfordsville|4353|34|45,2022-08-11,True
UAV/Crawfordsville/TP3/Crawfordsville-TP3-4353_34_46.PNG,,RGBA,Crawfordsville,4353,34,46,TP3,332,870,Crawfordsville|4353|34|46,2022-08-11,True
UAV/Crawfordsville/TP3/Crawfordsville-TP3-4353_35_42.PNG,,RGBA,Crawfordsville,4353,35,42,TP3,332,870,Crawfordsville|4353|35|42,2022-08-11,True
UAV/Crawfordsville/TP3/Crawfordsville-TP3-4353_35_43.PNG,,RGBA,Crawfordsville,4353,35,43,TP3,332,870,Crawfordsville|4353|35|43,2022-08-11,True
UAV/Crawfordsville/TP3/Crawfordsville-TP3-4353_35_44.PNG,,RGBA,Crawfordsville,4353,35,44,TP3,332,870,Crawfordsville|4353|35|44,2022-08-11,True
UAV/Crawfordsville/TP3/Crawfordsville-TP3-4353_35_45.PNG,,RGBA,Crawfordsville,4353,35,45,TP3,332,870,Crawfordsville|4353|35|45,2022-08-11,True
UAV/Crawfordsville/TP3/Crawfordsville-TP3-4353_35_46.PNG,,RGBA,Crawfordsville,4353,35,46,TP3,332,870,Crawfordsville|4353|35|46,2022-08-11,True
UAV/Crawfordsville/TP3/Crawfordsville-TP3-4353_36_42.PNG,,RGBA,Crawfordsville,4353,36,42,TP3,332,870,Crawfordsville|4353|36|42,2022-08-11,True
UAV/Crawfordsville/TP3/Crawfordsville-TP3-4353_36_43.PNG,,RGBA,Crawfordsville,4353,36,43,TP3,332,871,Crawfordsville|4353|36|43,2022-08-11,True
UAV/Crawfordsville/TP3/Crawfordsville-TP3-4353_36_44.PNG,,RGBA,Crawfordsville,4353,36,44,TP3,332,871,Crawfordsville|4353|36|44,2022-08-11,True
UAV/Crawfordsville/TP3/Crawfordsville-TP3-4353_36_45.PNG,,RGBA,Crawfordsville,4353,36,45,TP3,332,871,Crawfordsville|4353|36|45,2022-08-11,True
UAV/Crawfordsville/TP3/Crawfordsville-TP3-4353_36_46.PNG,,RGBA,Crawfordsville,4353,36,46,TP3,332,871,Crawfordsville|4353|36|46,2022-08-11,True
UAV/Crawfordsville/TP3/Crawfordsville-TP3-4353_3_42.PNG,,RGBA,Crawfordsville,4353,3,42,TP3,333,866,Crawfordsville|4353|3|42,2022-08-11,True
UAV/Crawfordsville/TP3/Crawfordsville-TP3-4353_3_43.PNG,,RGBA,Crawfordsville,4353,3,43,TP3,333,865,Crawfordsville|4353|3|43,2022-08-11,True
UAV/Crawfordsville/TP3/Crawfordsville-TP3-4353_3_44.PNG,,RGBA,Crawfordsville,4353,3,44,TP3,333,866,Crawfordsville|4353|3|44,2022-08-11,True
UAV/Crawfordsville/TP3/Crawfordsville-TP3-4353_3_45.PNG,,RGBA,Crawfordsville,4353,3,45,TP3,333,867,Crawfordsville|4353|3|45,2022-08-11,True
UAV/Crawfordsville/TP3/Crawfordsville-TP3-4353_3_46.PNG,,RGBA,Crawfordsville,4353,3,46,TP3,333,866,Crawfordsville|4353|3|46,2022-08-11,True
UAV/Crawfordsville/TP3/Crawfordsville-TP3-4353_4_42.PNG,,RGBA,Crawfordsville,4353,4,42,TP3,333,866,Crawfordsville|4353|4|42,2022-08-11,True
UAV/Crawfordsville/TP3/Crawfordsville-TP3-4353_4_43.PNG,,RGBA,Crawfordsville,4353,4,43,TP3,333,866,Crawfordsville|4353|4|43,2022-08-11,True
UAV/Crawfordsville/TP3/Crawfordsville-TP3-4353_4_44.PNG,,RGBA,Crawfordsville,4353,4,44,TP3,333,867,Crawfordsville|4353|4|44,2022-08-11,True
UAV/Crawfordsville/TP3/Crawfordsville-TP3-4353_4_45.PNG,,RGBA,Crawfordsville,4353,4,45,TP3,333,866,Crawfordsville|4353|4|45,2022-08-11,True
UAV/Crawfordsville/TP3/Crawfordsville-TP3-4353_4_46.PNG,,RGBA,Crawfordsville,4353,4,46,TP3,333,866,Crawfordsville|4353|4|46,2022-08-11,True
UAV/Crawfordsville/TP3/Crawfordsville-TP3-4353_5_42.PNG,,RGBA,Crawfordsville,4353,5,42,TP3,332,866,Crawfordsville|4353|5|42,2022-08-11,True
UAV/Crawfordsville/TP3/Crawfordsville-TP3-4353_5_43.PNG,,RGBA,Crawfordsville,4353,5,43,TP3,333,866,Crawfordsville|4353|5|43,2022-08-11,True
UAV/Crawfordsville/TP3/Crawfordsville-TP3-4353_5_44.PNG,,RGBA,Crawfordsville,4353,5,44,TP3,333,866,Crawfordsville|4353|5|44,2022-08-11,True
UAV/Crawfordsville/TP3/Crawfordsville-TP3-4353_5_45.PNG,,RGBA,Crawfordsville,4353,5,45,TP3,333,866,Crawfordsville|4353|5|45,2022-08-11,True
UAV/Crawfordsville/TP3/Crawfordsville-TP3-4353_5_46.PNG,,RGBA,Crawfordsville,4353,5,46,TP3,333,867,Crawfordsville|4353|5|46,2022-08-11,True
UAV/Crawfordsville/TP3/Crawfordsville-TP3-4353_6_42.PNG,,RGBA,Crawfordsville,4353,6,42,TP3,333,866,Crawfordsville|4353|6|42,2022-08-11,True
UAV/Crawfordsville/TP3/Crawfordsville-TP3-4353_6_43.PNG,,RGBA,Crawfordsville,4353,6,43,TP3,333,866,Crawfordsville|4353|6|43,2022-08-11,True
UAV/Crawfordsville/TP3/Crawfordsville-TP3-4353_6_44.PNG,,RGBA,Crawfordsville,4353,6,44,TP3,333,867,Crawfordsville|4353|6|44,2022-08-11,True
UAV/Crawfordsville/TP3/Crawfordsville-TP3-4353_6_45.PNG,,RGBA,Crawfordsville,4353,6,45,TP3,333,867,Crawfordsville|4353|6|45,2022-08-11,True
UAV/Crawfordsville/TP3/Crawfordsville-TP3-4353_6_46.PNG,,RGBA,Crawfordsville,4353,6,46,TP3,333,867,Crawfordsville|4353|6|46,2022-08-11,True
UAV/Crawfordsville/TP3/Crawfordsville-TP3-4353_7_42.PNG,,RGBA,Crawfordsville,4353,7,42,TP3,333,866,Crawfordsville|4353|7|42,2022-08-11,True
UAV/Crawfordsville/TP3/Crawfordsville-TP3-4353_7_43.PNG,,RGBA,Crawfordsville,4353,7,43,TP3,333,866,Crawfordsville|4353|7|43,2022-08-11,True
UAV/Crawfordsville/TP3/Crawfordsville-TP3-4353_7_44.PNG,,RGBA,Crawfordsville,4353,7,44,TP3,333,866,Crawfordsville|4353|7|44,2022-08-11,True
UAV/Crawfordsville/TP3/Crawfordsville-TP3-4353_7_45.PNG,,RGBA,Crawfordsville,4353,7,45,TP3,333,867,Crawfordsville|4353|7|45,2022-08-11,True
UAV/Crawfordsville/TP3/Crawfordsville-TP3-4353_7_46.PNG,,RGBA,Crawfordsville,4353,7,46,TP3,333,867,Crawfordsville|4353|7|46,2022-08-11,True
UAV/Crawfordsville/TP3/Crawfordsville-TP3-4353_8_42.PNG,,RGBA,Crawfordsville,4353,8,42,TP3,332,867,Crawfordsville|4353|8|42,2022-08-11,True
UAV/Crawfordsville/TP3/Crawfordsville-TP3-4353_8_43.PNG,,RGBA,Crawfordsville,4353,8,43,TP3,333,867,Crawfordsville|4353|8|43,2022-08-11,True
UAV/Crawfordsville/TP3/Crawfordsville-TP3-4353_8_44.PNG,,RGBA,Crawfordsville,4353,8,44,TP3,332,867,Crawfordsville|4353|8|44,2022-08-11,True
UAV/Crawfordsville/TP3/Crawfordsville-TP3-4353_8_45.PNG,,RGBA,Crawfordsville,4353,8,45,TP3,333,867,Crawfordsville|4353|8|45,2022-08-11,True
UAV/Crawfordsville/TP3/Crawfordsville-TP3-4353_8_46.PNG,,RGBA,Crawfordsville,4353,8,46,TP3,332,867,Crawfordsville|4353|8|46,2022-08-11,True
UAV/Crawfordsville/TP3/Crawfordsville-TP3-4353_9_42.PNG,,RGBA,Crawfordsville,4353,9,42,TP3,333,867,Crawfordsville|4353|9|42,2022-08-11,True
UAV/Crawfordsville/TP3/Crawfordsville-TP3-4353_9_43.PNG,,RGBA,Crawfordsville,4353,9,43,TP3,333,866,Crawfordsville|4353|9|43,2022-08-11,True
UAV/Crawfordsville/TP3/Crawfordsville-TP3-4353_9_44.PNG,,RGBA,Crawfordsville,4353,9,44,TP3,333,867,Crawfordsville|4353|9|44,2022-08-11,True
UAV/Crawfordsville/TP3/Crawfordsville-TP3-4353_9_45.PNG,,RGBA,Crawfordsville,4353,9,45,TP3,333,867,Crawfordsville|4353|9|45,2022-08-11,True
UAV/Crawfordsville/TP3/Crawfordsville-TP3-4353_9_46.PNG,,RGBA,Crawfordsville,4353,9,46,TP3,333,867,Crawfordsville|4353|9|46,2022-08-11,True
UAV/Lincoln/TP1/Lincoln-TP1-hybrids_10_10.PNG,,RGB,Lincoln,hybrids,10,10,TP1,631,322,Lincoln|hybrids|10|10,2022-07-13,True
UAV/Lincoln/TP1/Lincoln-TP1-hybrids_10_11.PNG,,RGB,Lincoln,hybrids,10,11,TP1,631,323,Lincoln|hybrids|10|11,2022-07-13,True
UAV/Lincoln/TP1/Lincoln-TP1-hybrids_10_12.PNG,,RGB,Lincoln,hybrids,10,12,TP1,631,322,Lincoln|hybrids|10|12,2022-07-13,True
UAV/Lincoln/TP1/Lincoln-TP1-hybrids_10_13.PNG,,RGB,Lincoln,hybrids,10,13,TP1,631,322,Lincoln|hybrids|10|13,2022-07-13,True
UAV/Lincoln/TP1/Lincoln-TP1-hybrids_10_14.PNG,,RGB,Lincoln,hybrids,10,14,TP1,630,322,Lincoln|hybrids|10|14,2022-07-13,True
UAV/Lincoln/TP1/Lincoln-TP1-hybrids_10_15.PNG,,RGB,Lincoln,hybrids,10,15,TP1,631,322,Lincoln|hybrids|10|15,2022-07-13,True
UAV/Lincoln/TP1/Lincoln-TP1-hybrids_10_16.PNG,,RGB,Lincoln,hybrids,10,16,TP1,631,322,Lincoln|hybrids|10|16,2022-07-13,True
UAV/Lincoln/TP1/Lincoln-TP1-hybrids_10_17.PNG,,RGB,Lincoln,hybrids,10,17,TP1,630,322,Lincoln|hybrids|10|17,2022-07-13,True
UAV/Lincoln/TP1/Lincoln-TP1-hybrids_10_18.PNG,,RGB,Lincoln,hybrids,10,18,TP1,631,322,Lincoln|hybrids|10|18,2022-07-13,True
UAV/Lincoln/TP1/Lincoln-TP1-hybrids_10_19.PNG,,RGB,Lincoln,hybrids,10,19,TP1,630,322,Lincoln|hybrids|10|19,2022-07-13,True
UAV/Lincoln/TP1/Lincoln-TP1-hybrids_10_2.PNG,,RGB,Lincoln,hybrids,10,2,TP1,631,323,Lincoln|hybrids|10|2,2022-07-13,True
UAV/Lincoln/TP1/Lincoln-TP1-hybrids_10_20.PNG,,RGB,Lincoln,hybrids,10,20,TP1,630,322,Lincoln|hybrids|10|20,2022-07-13,True
UAV/Lincoln/TP1/Lincoln-TP1-hybrids_10_21.PNG,,RGB,Lincoln,hybrids,10,21,TP1,631,322,Lincoln|hybrids|10|21,2022-07-13,True
UAV/Lincoln/TP1/Lincoln-TP1-hybrids_10_22.PNG,,RGB,Lincoln,hybrids,10,22,TP1,630,322,Lincoln|hybrids|10|22,2022-07-13,True
UAV/Lincoln/TP1/Lincoln-TP1-hybrids_10_23.PNG,,RGB,Lincoln,hybrids,10,23,TP1,630,322,Lincoln|hybrids|10|23,2022-07-13,True
UAV/Lincoln/TP1/Lincoln-TP1-hybrids_10_24.PNG,,RGB,Lincoln,hybrids,10,24,TP1,629,322,Lincoln|hybrids|10|24,2022-07-13,True
UAV/Lincoln/TP1/Lincoln-TP1-hybrids_10_25.PNG,,RGB,Lincoln,hybrids,10,25,TP1,630,322,Lincoln|hybrids|10|25,2022-07-13,True
UAV/Lincoln/TP1/Lincoln-TP1-hybrids_10_26.PNG,,RGB,Lincoln,hybrids,10,26,TP1,629,322,Lincoln|hybrids|10|26,2022-07-13,True
UAV/Lincoln/TP1/Lincoln-TP1-hybrids_10_27.PNG,,RGB,Lincoln,hybrids,10,27,TP1,629,321,Lincoln|hybrids|10|27,2022-07-13,True
UAV/Lincoln/TP1/Lincoln-TP1-hybrids_10_28.PNG,,RGB,Lincoln,hybrids,10,28,TP1,630,321,Lincoln|hybrids|10|28,2022-07-13,True
UAV/Lincoln/TP1/Lincoln-TP1-hybrids_10_29.PNG,,RGB,Lincoln,hybrids,10,29,TP1,629,321,Lincoln|hybrids|10|29,2022-07-13,True
UAV/Lincoln/TP1/Lincoln-TP1-hybrids_10_3.PNG,,RGB,Lincoln,hybrids,10,3,TP1,632,323,Lincoln|hybrids|10|3,2022-07-13,True
UAV/Lincoln/TP1/Lincoln-TP1-hybrids_10_30.PNG,,RGB,Lincoln,hybrids,10,30,TP1,629,322,Lincoln|hybrids|10|30,2022-07-13,True
UAV/Lincoln/TP1/Lincoln-TP1-hybrids_10_31.PNG,,RGB,Lincoln,hybrids,10,31,TP1,629,322,Lincoln|hybrids|10|31,2022-07-13,True
UAV/Lincoln/TP1/Lincoln-TP1-hybrids_10_32.PNG,,RGB,Lincoln,hybrids,10,32,TP1,629,322,Lincoln|hybrids|10|32,2022-07-13,True
UAV/Lincoln/TP1/Lincoln-TP1-hybrids_10_33.PNG,,RGB,Lincoln,hybrids,10,33,TP1,629,322,Lincoln|hybrids|10|33,2022-07-13,True
UAV/Lincoln/TP1/Lincoln-TP1-hybrids_10_34.PNG,,RGB,Lincoln,hybrids,10,34,TP1,629,321,Lincoln|hybrids|10|34,2022-07-13,True
UAV/Lincoln/TP1/Lincoln-TP1-hybrids_10_35.PNG,,RGB,Lincoln,hybrids,10,35,TP1,629,321,Lincoln|hybrids|10|35,2022-07-13,True
UAV/Lincoln/TP1/Lincoln-TP1-hybrids_10_36.PNG,,RGB,Lincoln,hybrids,10,36,TP1,628,321,Lincoln|hybrids|10|36,2022-07-13,True
UAV/Lincoln/TP1/Lincoln-TP1-hybrids_10_37.PNG,,RGB,Lincoln,hybrids,10,37,TP1,629,321,Lincoln|hybrids|10|37,2022-07-13,True
UAV/Lincoln/TP1/Lincoln-TP1-hybrids_10_38.PNG,,RGB,Lincoln,hybrids,10,38,TP1,629,321,Lincoln|hybrids|10|38,2022-07-13,True
UAV/Lincoln/TP1/Lincoln-TP1-hybrids_10_39.PNG,,RGB,Lincoln,hybrids,10,39,TP1,628,322,Lincoln|hybrids|10|39,2022-07-13,True
UAV/Lincoln/TP1/Lincoln-TP1-hybrids_10_4.PNG,,RGB,Lincoln,hybrids,10,4,TP1,632,323,Lincoln|hybrids|10|4,2022-07-13,True
UAV/Lincoln/TP1/Lincoln-TP1-hybrids_10_5.PNG,,RGB,Lincoln,hybrids,10,5,TP1,631,322,Lincoln|hybrids|10|5,2022-07-13,True
UAV/Lincoln/TP1/Lincoln-TP1-hybrids_10_6.PNG,,RGB,Lincoln,hybrids,10,6,TP1,632,322,Lincoln|hybrids|10|6,2022-07-13,True
UAV/Lincoln/TP1/Lincoln-TP1-hybrids_10_7.PNG,,RGB,Lincoln,hybrids,10,7,TP1,631,322,Lincoln|hybrids|10|7,2022-07-13,True
UAV/Lincoln/TP1/Lincoln-TP1-hybrids_10_8.PNG,,RGB,Lincoln,hybrids,10,8,TP1,631,322,Lincoln|hybrids|10|8,2022-07-13,True
UAV/Lincoln/TP1/Lincoln-TP1-hybrids_10_9.PNG,,RGB,Lincoln,hybrids,10,9,TP1,632,322,Lincoln|hybrids|10|9,2022-07-13,True
UAV/Lincoln/TP1/Lincoln-TP1-hybrids_11_10.PNG,,RGB,Lincoln,hybrids,11,10,TP1,630,322,Lincoln|hybrids|11|10,2022-07-13,True
UAV/Lincoln/TP1/Lincoln-TP1-hybrids_11_11.PNG,,RGB,Lincoln,hybrids,11,11,TP1,631,323,Lincoln|hybrids|11|11,2022-07-13,True
UAV/Lincoln/TP1/Lincoln-TP1-hybrids_11_12.PNG,,RGB,Lincoln,hybrids,11,12,TP1,630,322,Lincoln|hybrids|11|12,2022-07-13,True
UAV/Lincoln/TP1/Lincoln-TP1-hybrids_11_13.PNG,,RGB,Lincoln,hybrids,11,13,TP1,631,322,Lincoln|hybrids|11|13,2022-07-13,True
UAV/Lincoln/TP1/Lincoln-TP1-hybrids_11_14.PNG,,RGB,Lincoln,hybrids,11,14,TP1,630,322,Lincoln|hybrids|11|14,2022-07-13,True
UAV/Lincoln/TP1/Lincoln-TP1-hybrids_11_15.PNG,,RGB,Lincoln,hybrids,11,15,TP1,631,322,Lincoln|hybrids|11|15,2022-07-13,True
UAV/Lincoln/TP1/Lincoln-TP1-hybrids_11_16.PNG,,RGB,Lincoln,hybrids,11,16,TP1,630,322,Lincoln|hybrids|11|16,2022-07-13,True
UAV/Lincoln/TP1/Lincoln-TP1-hybrids_11_17.PNG,,RGB,Lincoln,hybrids,11,17,TP1,630,322,Lincoln|hybrids|11|17,2022-07-13,True
UAV/Lincoln/TP1/Lincoln-TP1-hybrids_11_18.PNG,,RGB,Lincoln,hybrids,11,18,TP1,630,321,Lincoln|hybrids|11|18,2022-07-13,True
UAV/Lincoln/TP1/Lincoln-TP1-hybrids_11_19.PNG,,RGB,Lincoln,hybrids,11,19,TP1,630,322,Lincoln|hybrids|11|19,2022-07-13,True
UAV/Lincoln/TP1/Lincoln-TP1-hybrids_11_2.PNG,,RGB,Lincoln,hybrids,11,2,TP1,632,322,Lincoln|hybrids|11|2,2022-07-13,True
UAV/Lincoln/TP1/Lincoln-TP1-hybrids_11_20.PNG,,RGB,Lincoln,hybrids,11,20,TP1,630,322,Lincoln|hybrids|11|20,2022-07-13,True
UAV/Lincoln/TP1/Lincoln-TP1-hybrids_11_21.PNG,,RGB,Lincoln,hybrids,11,21,TP1,630,322,Lincoln|hybrids|11|21,2022-07-13,True
UAV/Lincoln/TP1/Lincoln-TP1-hybrids_11_22.PNG,,RGB,Lincoln,hybrids,11,22,TP1,629,322,Lincoln|hybrids|11|22,2022-07-13,True
UAV/Lincoln/TP1/Lincoln-TP1-hybrids_11_23.PNG,,RGB,Lincoln,hybrids,11,23,TP1,630,322,Lincoln|hybrids|11|23,2022-07-13,True
UAV/Lincoln/TP1/Lincoln-TP1-hybrids_11_24.PNG,,RGB,Lincoln,hybrids,11,24,TP1,629,321,Lincoln|hybrids|11|24,2022-07-13,True
UAV/Lincoln/TP1/Lincoln-TP1-hybrids_11_25.PNG,,RGB,Lincoln,hybrids,11,25,TP1,630,321,Lincoln|hybrids|11|25,2022-07-13,True
UAV/Lincoln/TP1/Lincoln-TP1-hybrids_11_26.PNG,,RGB,Lincoln,hybrids,11,26,TP1,629,322,Lincoln|hybrids|11|26,2022-07-13,True
UAV/Lincoln/TP1/Lincoln-TP1-hybrids_11_27.PNG,,RGB,Lincoln,hybrids,11,27,TP1,630,322,Lincoln|hybrids|11|27,2022-07-13,True
UAV/Lincoln/TP1/Lincoln-TP1-hybrids_11_28.PNG,,RGB,Lincoln,hybrids,11,28,TP1,629,322,Lincoln|hybrids|11|28,2022-07-13,True
UAV/Lincoln/TP1/Lincoln-TP1-hybrids_11_29.PNG,,RGB,Lincoln,hybrids,11,29,TP1,629,322,Lincoln|hybrids|11|29,2022-07-13,True
UAV/Lincoln/TP1/Lincoln-TP1-hybrids_11_3.PNG,,RGB,Lincoln,hybrids,11,3,TP1,632,322,Lincoln|hybrids|11|3,2022-07-13,True
UAV/Lincoln/TP1/Lincoln-TP1-hybrids_11_30.PNG,,RGB,Lincoln,hybrids,11,30,TP1,629,322,Lincoln|hybrids|11|30,2022-07-13,True
UAV/Lincoln/TP1/Lincoln-TP1-hybrids_11_31.PNG,,RGB,Lincoln,hybrids,11,31,TP1,629,321,Lincoln|hybrids|11|31,2022-07-13,True
UAV/Lincoln/TP1/Lincoln-TP1-hybrids_11_32.PNG,,RGB,Lincoln,hybrids,11,32,TP1,629,321,Lincoln|hybrids|11|32,2022-07-13,True
UAV/Lincoln/TP1/Lincoln-TP1-hybrids_11_33.PNG,,RGB,Lincoln,hybrids,11,33,TP1,629,322,Lincoln|hybrids|11|33,2022-07-13,True
UAV/Lincoln/TP1/Lincoln-TP1-hybrids_11_34.PNG,,RGB,Lincoln,hybrids,11,34,TP1,628,322,Lincoln|hybrids|11|34,2022-07-13,True
UAV/Lincoln/TP1/Lincoln-TP1-hybrids_11_35.PNG,,RGB,Lincoln,hybrids,11,35,TP1,629,322,Lincoln|hybrids|11|35,2022-07-13,True
UAV/Lincoln/TP1/Lincoln-TP1-hybrids_11_36.PNG,,RGB,Lincoln,hybrids,11,36,TP1,628,322,Lincoln|hybrids|11|36,2022-07-13,True
UAV/Lincoln/TP1/Lincoln-TP1-hybrids_11_37.PNG,,RGB,Lincoln,hybrids,11,37,TP1,629,321,Lincoln|hybrids|11|37,2022-07-13,True
UAV/Lincoln/TP1/Lincoln-TP1-hybrids_11_38.PNG,,RGB,Lincoln,hybrids,11,38,TP1,628,321,Lincoln|hybrids|11|38,2022-07-13,True
UAV/Lincoln/TP1/Lincoln-TP1-hybrids_11_39.PNG,,RGB,Lincoln,hybrids,11,39,TP1,628,321,Lincoln|hybrids|11|39,2022-07-13,True
UAV/Lincoln/TP1/Lincoln-TP1-hybrids_11_4.PNG,,RGB,Lincoln,hybrids,11,4,TP1,632,323,Lincoln|hybrids|11|4,2022-07-13,True
UAV/Lincoln/TP1/Lincoln-TP1-hybrids_11_5.PNG,,RGB,Lincoln,hybrids,11,5,TP1,631,323,Lincoln|hybrids|11|5,2022-07-13,True
UAV/Lincoln/TP1/Lincoln-TP1-hybrids_11_6.PNG,,RGB,Lincoln,hybrids,11,6,TP1,632,322,Lincoln|hybrids|11|6,2022-07-13,True
UAV/Lincoln/TP1/Lincoln-TP1-hybrids_11_7.PNG,,RGB,Lincoln,hybrids,11,7,TP1,631,322,Lincoln|hybrids|11|7,2022-07-13,True
UAV/Lincoln/TP1/Lincoln-TP1-hybrids_11_8.PNG,,RGB,Lincoln,hybrids,11,8,TP1,631,322,Lincoln|hybrids|11|8,2022-07-13,True
UAV/Lincoln/TP1/Lincoln-TP1-hybrids_11_9.PNG,,RGB,Lincoln,hybrids,11,9,TP1,631,322,Lincoln|hybrids|11|9,2022-07-13,True
UAV/Lincoln/TP1/Lincoln-TP1-hybrids_12_10.PNG,,RGB,Lincoln,hybrids,12,10,TP1,631,322,Lincoln|hybrids|12|10,2022-07-13,True
UAV/Lincoln/TP1/Lincoln-TP1-hybrids_12_11.PNG,,RGB,Lincoln,hybrids,12,11,TP1,631,323,Lincoln|hybrids|12|11,2022-07-13,True
UAV/Lincoln/TP1/Lincoln-TP1-hybrids_12_12.PNG,,RGB,Lincoln,hybrids,12,12,TP1,631,322,Lincoln|hybrids|12|12,2022-07-13,True
UAV/Lincoln/TP1/Lincoln-TP1-hybrids_12_13.PNG,,RGB,Lincoln,hybrids,12,13,TP1,631,322,Lincoln|hybrids|12|13,2022-07-13,True
UAV/Lincoln/TP1/Lincoln-TP1-hybrids_12_14.PNG,,RGB,Lincoln,hybrids,12,14,TP1,630,322,Lincoln|hybrids|12|14,2022-07-13,True
UAV/Lincoln/TP1/Lincoln-TP1-hybrids_12_15.PNG,,RGB,Lincoln,hybrids,12,15,TP1,631,322,Lincoln|hybrids|12|15,2022-07-13,True
UAV/Lincoln/TP1/Lincoln-TP1-hybrids_12_16.PNG,,RGB,Lincoln,hybrids,12,16,TP1,630,322,Lincoln|hybrids|12|16,2022-07-13,True
UAV/Lincoln/TP1/Lincoln-TP1-hybrids_12_17.PNG,,RGB,Lincoln,hybrids,12,17,TP1,631,323,Lincoln|hybrids|12|17,2022-07-13,True
UAV/Lincoln/TP1/Lincoln-TP1-hybrids_12_18.PNG,,RGB,Lincoln,hybrids,12,18,TP1,630,322,Lincoln|hybrids|12|18,2022-07-13,True
UAV/Lincoln/TP1/Lincoln-TP1-hybrids_12_19.PNG,,RGB,Lincoln,hybrids,12,19,TP1,631,322,Lincoln|hybrids|12|19,2022-07-13,True
UAV/Lincoln/TP1/Lincoln-TP1-hybrids_12_2.PNG,,RGB,Lincoln,hybrids,12,2,TP1,632,322,Lincoln|hybrids|12|2,2022-07-13,True
UAV/Lincoln/TP1/Lincoln-TP1-hybrids_12_20.PNG,,RGB,Lincoln,hybrids,12,20,TP1,630,322,Lincoln|hybrids|12|20,2022-07-13,True
UAV/Lincoln/TP1/Lincoln-TP1-hybrids_12_21.PNG,,RGB,Lincoln,hybrids,12,21,TP1,630,322,Lincoln|hybrids|12|21,2022-07-13,True
UAV/Lincoln/TP1/Lincoln-TP1-hybrids_12_22.PNG,,RGB,Lincoln,hybrids,12,22,TP1,630,322,Lincoln|hybrids|12|22,2022-07-13,True
UAV/Lincoln/TP1/Lincoln-TP1-hybrids_12_23.PNG,,RGB,Lincoln,hybrids,12,23,TP1,630,322,Lincoln|hybrids|12|23,2022-07-13,True
UAV/Lincoln/TP1/Lincoln-TP1-hybrids_12_24.PNG,,RGB,Lincoln,hybrids,12,24,TP1,630,322,Lincoln|hybrids|12|24,2022-07-13,True
UAV/Lincoln/TP1/Lincoln-TP1-hybrids_12_25.PNG,,RGB,Lincoln,hybrids,12,25,TP1,630,322,Lincoln|hybrids|12|25,2022-07-13,True
UAV/Lincoln/TP1/Lincoln-TP1-hybrids_12_26.PNG,,RGB,Lincoln,hybrids,12,26,TP1,629,322,Lincoln|hybrids|12|26,2022-07-13,True
UAV/Lincoln/TP1/Lincoln-TP1-hybrids_12_27.PNG,,RGB,Lincoln,hybrids,12,27,TP1,630,322,Lincoln|hybrids|12|27,2022-07-13,True
UAV/Lincoln/TP1/Lincoln-TP1-hybrids_12_28.PNG,,RGB,Lincoln,hybrids,12,28,TP1,629,321,Lincoln|hybrids|12|28,2022-07-13,True
UAV/Lincoln/TP1/Lincoln-TP1-hybrids_12_29.PNG,,RGB,Lincoln,hybrids,12,29,TP1,630,321,Lincoln|hybrids|12|29,2022-07-13,True
UAV/Lincoln/TP1/Lincoln-TP1-hybrids_12_3.PNG,,RGB,Lincoln,hybrids,12,3,TP1,631,322,Lincoln|hybrids|12|3,2022-07-13,True
UAV/Lincoln/TP1/Lincoln-TP1-hybrids_12_30.PNG,,RGB,Lincoln,hybrids,12,30,TP1,629,322,Lincoln|hybrids|12|30,2022-07-13,True
UAV/Lincoln/TP1/Lincoln-TP1-hybrids_12_31.PNG,,RGB,Lincoln,hybrids,12,31,TP1,629,322,Lincoln|hybrids|12|31,2022-07-13,True
UAV/Lincoln/TP1/Lincoln-TP1-hybrids_12_32.PNG,,RGB,Lincoln,hybrids,12,32,TP1,629,322,Lincoln|hybrids|12|32,2022-07-13,True
UAV/Lincoln/TP1/Lincoln-TP1-hybrids_12_33.PNG,,RGB,Lincoln,hybrids,12,33,TP1,629,321,Lincoln|hybrids|12|33,2022-07-13,True
UAV/Lincoln/TP1/Lincoln-TP1-hybrids_12_34.PNG,,RGB,Lincoln,hybrids,12,34,TP1,629,321,Lincoln|hybrids|12|34,2022-07-13,True
UAV/Lincoln/TP1/Lincoln-TP1-hybrids_12_35.PNG,,RGB,Lincoln,hybrids,12,35,TP1,629,321,Lincoln|hybrids|12|35,2022-07-13,True
UAV/Lincoln/TP1/Lincoln-TP1-hybrids_12_36.PNG,,RGB,Lincoln,hybrids,12,36,TP1,628,322,Lincoln|hybrids|12|36,2022-07-13,True
UAV/Lincoln/TP1/Lincoln-TP1-hybrids_12_37.PNG,,RGB,Lincoln,hybrids,12,37,TP1,629,322,Lincoln|hybrids|12|37,2022-07-13,True
UAV/Lincoln/TP1/Lincoln-TP1-hybrids_12_38.PNG,,RGB,Lincoln,hybrids,12,38,TP1,628,321,Lincoln|hybrids|12|38,2022-07-13,True
UAV/Lincoln/TP1/Lincoln-TP1-hybrids_12_39.PNG,,RGB,Lincoln,hybrids,12,39,TP1,629,321,Lincoln|hybrids|12|39,2022-07-13,True
UAV/Lincoln/TP1/Lincoln-TP1-hybrids_12_4.PNG,,RGB,Lincoln,hybrids,12,4,TP1,631,322,Lincoln|hybrids|12|4,2022-07-13,True
UAV/Lincoln/TP1/Lincoln-TP1-hybrids_12_5.PNG,,RGB,Lincoln,hybrids,12,5,TP1,631,323,Lincoln|hybrids|12|5,2022-07-13,True
UAV/Lincoln/TP1/Lincoln-TP1-hybrids_12_6.PNG,,RGB,Lincoln,hybrids,12,6,TP1,631,323,Lincoln|hybrids|12|6,2022-07-13,True
UAV/Lincoln/TP1/Lincoln-TP1-hybrids_12_7.PNG,,RGB,Lincoln,hybrids,12,7,TP1,631,322,Lincoln|hybrids|12|7,2022-07-13,True
UAV/Lincoln/TP1/Lincoln-TP1-hybrids_12_8.PNG,,RGB,Lincoln,hybrids,12,8,TP1,631,322,Lincoln|hybrids|12|8,2022-07-13,True
UAV/Lincoln/TP1/Lincoln-TP1-hybrids_12_9.PNG,,RGB,Lincoln,hybrids,12,9,TP1,631,322,Lincoln|hybrids|12|9,2022-07-13,True
UAV/Lincoln/TP1/Lincoln-TP1-hybrids_13_10.PNG,,RGB,Lincoln,hybrids,13,10,TP1,631,322,Lincoln|hybrids|13|10,2022-07-13,True
UAV/Lincoln/TP1/Lincoln-TP1-hybrids_13_11.PNG,,RGB,Lincoln,hybrids,13,11,TP1,631,323,Lincoln|hybrids|13|11,2022-07-13,True
UAV/Lincoln/TP1/Lincoln-TP1-hybrids_13_12.PNG,,RGB,Lincoln,hybrids,13,12,TP1,631,322,Lincoln|hybrids|13|12,2022-07-13,True
UAV/Lincoln/TP1/Lincoln-TP1-hybrids_13_13.PNG,,RGB,Lincoln,hybrids,13,13,TP1,630,322,Lincoln|hybrids|13|13,2022-07-13,True
UAV/Lincoln/TP1/Lincoln-TP1-hybrids_13_14.PNG,,RGB,Lincoln,hybrids,13,14,TP1,631,322,Lincoln|hybrids|13|14,2022-07-13,True
UAV/Lincoln/TP1/Lincoln-TP1-hybrids_13_15.PNG,,RGB,Lincoln,hybrids,13,15,TP1,631,322,Lincoln|hybrids|13|15,2022-07-13,True
UAV/Lincoln/TP1/Lincoln-TP1-hybrids_13_16.PNG,,RGB,Lincoln,hybrids,13,16,TP1,630,322,Lincoln|hybrids|13|16,2022-07-13,True
UAV/Lincoln/TP1/Lincoln-TP1-hybrids_13_17.PNG,,RGB,Lincoln,hybrids,13,17,TP1,630,322,Lincoln|hybrids|13|17,2022-07-13,True
UAV/Lincoln/TP1/Lincoln-TP1-hybrids_13_18.PNG,,RGB,Lincoln,hybrids,13,18,TP1,630,322,Lincoln|hybrids|13|18,2022-07-13,True
UAV/Lincoln/TP1/Lincoln-TP1-hybrids_13_19.PNG,,RGB,Lincoln,hybrids,13,19,TP1,630,322,Lincoln|hybrids|13|19,2022-07-13,True
UAV/Lincoln/TP1/Lincoln-TP1-hybrids_13_2.PNG,,RGB,Lincoln,hybrids,13,2,TP1,632,323,Lincoln|hybrids|13|2,2022-07-13,True
UAV/Lincoln/TP1/Lincoln-TP1-hybrids_13_20.PNG,,RGB,Lincoln,hybrids,13,20,TP1,629,322,Lincoln|hybrids|13|20,2022-07-13,True
UAV/Lincoln/TP1/Lincoln-TP1-hybrids_13_21.PNG,,RGB,Lincoln,hybrids,13,21,TP1,630,321,Lincoln|hybrids|13|21,2022-07-13,True
UAV/Lincoln/TP1/Lincoln-TP1-hybrids_13_22.PNG,,RGB,Lincoln,hybrids,13,22,TP1,630,322,Lincoln|hybrids|13|22,2022-07-13,True
UAV/Lincoln/TP1/Lincoln-TP1-hybrids_13_23.PNG,,RGB,Lincoln,hybrids,13,23,TP1,629,322,Lincoln|hybrids|13|23,2022-07-13,True
UAV/Lincoln/TP1/Lincoln-TP1-hybrids_13_24.PNG,,RGB,Lincoln,hybrids,13,24,TP1,630,322,Lincoln|hybrids|13|24,2022-07-13,True
UAV/Lincoln/TP1/Lincoln-TP1-hybrids_13_25.PNG,,RGB,Lincoln,hybrids,13,25,TP1,629,322,Lincoln|hybrids|13|25,2022-07-13,True
UAV/Lincoln/TP1/Lincoln-TP1-hybrids_13_26.PNG,,RGB,Lincoln,hybrids,13,26,TP1,629,321,Lincoln|hybrids|13|26,2022-07-13,True
UAV/Lincoln/TP1/Lincoln-TP1-hybrids_13_27.PNG,,RGB,Lincoln,hybrids,13,27,TP1,630,322,Lincoln|hybrids|13|27,2022-07-13,True
UAV/Lincoln/TP1/Lincoln-TP1-hybrids_13_28.PNG,,RGB,Lincoln,hybrids,13,28,TP1,629,322,Lincoln|hybrids|13|28,2022-07-13,True
UAV/Lincoln/TP1/Lincoln-TP1-hybrids_13_29.PNG,,RGB,Lincoln,hybrids,13,29,TP1,629,322,Lincoln|hybrids|13|29,2022-07-13,True
UAV/Lincoln/TP1/Lincoln-TP1-hybrids_13_3.PNG,,RGB,Lincoln,hybrids,13,3,TP1,631,322,Lincoln|hybrids|13|3,2022-07-13,True
UAV/Lincoln/TP1/Lincoln-TP1-hybrids_13_30.PNG,,RGB,Lincoln,hybrids,13,30,TP1,629,321,Lincoln|hybrids|13|30,2022-07-13,True
UAV/Lincoln/TP1/Lincoln-TP1-hybrids_13_31.PNG,,RGB,Lincoln,hybrids,13,31,TP1,629,321,Lincoln|hybrids|13|31,2022-07-13,True
UAV/Lincoln/TP1/Lincoln-TP1-hybrids_13_32.PNG,,RGB,Lincoln,hybrids,13,32,TP1,629,322,Lincoln|hybrids|13|32,2022-07-13,True
UAV/Lincoln/TP1/Lincoln-TP1-hybrids_13_33.PNG,,RGB,Lincoln,hybrids,13,33,TP1,628,322,Lincoln|hybrids|13|33,2022-07-13,True
UAV/Lincoln/TP1/Lincoln-TP1-hybrids_13_34.PNG,,RGB,Lincoln,hybrids,13,34,TP1,629,322,Lincoln|hybrids|13|34,2022-07-13,True
UAV/Lincoln/TP1/Lincoln-TP1-hybrids_13_35.PNG,,RGB,Lincoln,hybrids,13,35,TP1,628,321,Lincoln|hybrids|13|35,2022-07-13,True
UAV/Lincoln/TP1/Lincoln-TP1-hybrids_13_36.PNG,,RGB,Lincoln,hybrids,13,36,TP1,628,321,Lincoln|hybrids|13|36,2022-07-13,True
UAV/Lincoln/TP1/Lincoln-TP1-hybrids_13_37.PNG,,RGB,Lincoln,hybrids,13,37,TP1,629,322,Lincoln|hybrids|13|37,2022-07-13,True
UAV/Lincoln/TP1/Lincoln-TP1-hybrids_13_38.PNG,,RGB,Lincoln,hybrids,13,38,TP1,628,322,Lincoln|hybrids|13|38,2022-07-13,True
UAV/Lincoln/TP1/Lincoln-TP1-hybrids_13_39.PNG,,RGB,Lincoln,hybrids,13,39,TP1,628,321,Lincoln|hybrids|13|39,2022-07-13,True
UAV/Lincoln/TP1/Lincoln-TP1-hybrids_13_4.PNG,,RGB,Lincoln,hybrids,13,4,TP1,631,322,Lincoln|hybrids|13|4,2022-07-13,True
UAV/Lincoln/TP1/Lincoln-TP1-hybrids_13_5.PNG,,RGB,Lincoln,hybrids,13,5,TP1,632,322,Lincoln|hybrids|13|5,2022-07-13,True
UAV/Lincoln/TP1/Lincoln-TP1-hybrids_13_6.PNG,,RGB,Lincoln,hybrids,13,6,TP1,631,323,Lincoln|hybrids|13|6,2022-07-13,True
UAV/Lincoln/TP1/Lincoln-TP1-hybrids_13_7.PNG,,RGB,Lincoln,hybrids,13,7,TP1,631,323,Lincoln|hybrids|13|7,2022-07-13,True
UAV/Lincoln/TP1/Lincoln-TP1-hybrids_13_8.PNG,,RGB,Lincoln,hybrids,13,8,TP1,631,322,Lincoln|hybrids|13|8,2022-07-13,True
UAV/Lincoln/TP1/Lincoln-TP1-hybrids_13_9.PNG,,RGB,Lincoln,hybrids,13,9,TP1,631,322,Lincoln|hybrids|13|9,2022-07-13,True
UAV/Lincoln/TP1/Lincoln-TP1-hybrids_14_10.PNG,,RGB,Lincoln,hybrids,14,10,TP1,631,322,Lincoln|hybrids|14|10,2022-07-13,True
UAV/Lincoln/TP1/Lincoln-TP1-hybrids_14_11.PNG,,RGB,Lincoln,hybrids,14,11,TP1,631,323,Lincoln|hybrids|14|11,2022-07-13,True
UAV/Lincoln/TP1/Lincoln-TP1-hybrids_14_12.PNG,,RGB,Lincoln,hybrids,14,12,TP1,630,322,Lincoln|hybrids|14|12,2022-07-13,True
UAV/Lincoln/TP1/Lincoln-TP1-hybrids_14_13.PNG,,RGB,Lincoln,hybrids,14,13,TP1,630,322,Lincoln|hybrids|14|13,2022-07-13,True
UAV/Lincoln/TP1/Lincoln-TP1-hybrids_14_14.PNG,,RGB,Lincoln,hybrids,14,14,TP1,631,322,Lincoln|hybrids|14|14,2022-07-13,True
UAV/Lincoln/TP1/Lincoln-TP1-hybrids_14_15.PNG,,RGB,Lincoln,hybrids,14,15,TP1,630,322,Lincoln|hybrids|14|15,2022-07-13,True
UAV/Lincoln/TP1/Lincoln-TP1-hybrids_14_16.PNG,,RGB,Lincoln,hybrids,14,16,TP1,630,322,Lincoln|hybrids|14|16,2022-07-13,True
UAV/Lincoln/TP1/Lincoln-TP1-hybrids_14_17.PNG,,RGB,Lincoln,hybrids,14,17,TP1,630,322,Lincoln|hybrids|14|17,2022-07-13,True
UAV/Lincoln/TP1/Lincoln-TP1-hybrids_14_18.PNG,,RGB,Lincoln,hybrids,14,18,TP1,630,322,Lincoln|hybrids|14|18,2022-07-13,True
UAV/Lincoln/TP1/Lincoln-TP1-hybrids_14_19.PNG,,RGB,Lincoln,hybrids,14,19,TP1,630,322,Lincoln|hybrids|14|19,2022-07-13,True
UAV/Lincoln/TP1/Lincoln-TP1-hybrids_14_2.PNG,,RGB,Lincoln,hybrids,14,2,TP1,632,323,Lincoln|hybrids|14|2,2022-07-13,True
UAV/Lincoln/TP1/Lincoln-TP1-hybrids_14_20.PNG,,RGB,Lincoln,hybrids,14,20,TP1,630,322,Lincoln|hybrids|14|20,2022-07-13,True
UAV/Lincoln/TP1/Lincoln-TP1-hybrids_14_21.PNG,,RGB,Lincoln,hybrids,14,21,TP1,630,322,Lincoln|hybrids|14|21,2022-07-13,True
UAV/Lincoln/TP1/Lincoln-TP1-hybrids_14_22.PNG,,RGB,Lincoln,hybrids,14,22,TP1,629,322,Lincoln|hybrids|14|22,2022-07-13,True
UAV/Lincoln/TP1/Lincoln-TP1-hybrids_14_23.PNG,,RGB,Lincoln,hybrids,14,23,TP1,630,322,Lincoln|hybrids|14|23,2022-07-13,True
UAV/Lincoln/TP1/Lincoln-TP1-hybrids_14_24.PNG,,RGB,Lincoln,hybrids,14,24,TP1,630,321,Lincoln|hybrids|14|24,2022-07-13,True
UAV/Lincoln/TP1/Lincoln-TP1-hybrids_14_25.PNG,,RGB,Lincoln,hybrids,14,25,TP1,629,322,Lincoln|hybrids|14|25,2022-07-13,True
UAV/Lincoln/TP1/Lincoln-TP1-hybrids_14_26.PNG,,RGB,Lincoln,hybrids,14,26,TP1,629,322,Lincoln|hybrids|14|26,2022-07-13,True
UAV/Lincoln/TP1/Lincoln-TP1-hybrids_14_27.PNG,,RGB,Lincoln,hybrids,14,27,TP1,629,322,Lincoln|hybrids|14|27,2022-07-13,True
UAV/Lincoln/TP1/Lincoln-TP1-hybrids_14_28.PNG,,RGB,Lincoln,hybrids,14,28,TP1,629,321,Lincoln|hybrids|14|28,2022-07-13,True
UAV/Lincoln/TP1/Lincoln-TP1-hybrids_14_29.PNG,,RGB,Lincoln,hybrids,14,29,TP1,629,322,Lincoln|hybrids|14|29,2022-07-13,True
UAV/Lincoln/TP1/Lincoln-TP1-hybrids_14_3.PNG,,RGB,Lincoln,hybrids,14,3,TP1,631,323,Lincoln|hybrids|14|3,2022-07-13,True
UAV/Lincoln/TP1/Lincoln-TP1-hybrids_14_30.PNG,,RGB,Lincoln,hybrids,14,30,TP1,629,322,Lincoln|hybrids|14|30,2022-07-13,True
UAV/Lincoln/TP1/Lincoln-TP1-hybrids_14_31.PNG,,RGB,Lincoln,hybrids,14,31,TP1,628,322,Lincoln|hybrids|14|31,2022-07-13,True
UAV/Lincoln/TP1/Lincoln-TP1-hybrids_14_32.PNG,,RGB,Lincoln,hybrids,14,32,TP1,629,321,Lincoln|hybrids|14|32,2022-07-13,True
UAV/Lincoln/TP1/Lincoln-TP1-hybrids_14_33.PNG,,RGB,Lincoln,hybrids,14,33,TP1,629,321,Lincoln|hybrids|14|33,2022-07-13,True
UAV/Lincoln/TP1/Lincoln-TP1-hybrids_14_34.PNG,,RGB,Lincoln,hybrids,14,34,TP1,629,322,Lincoln|hybrids|14|34,2022-07-13,True
UAV/Lincoln/TP1/Lincoln-TP1-hybrids_14_35.PNG,,RGB,Lincoln,hybrids,14,35,TP1,628,322,Lincoln|hybrids|14|35,2022-07-13,True
UAV/Lincoln/TP1/Lincoln-TP1-hybrids_14_36.PNG,,RGB,Lincoln,hybrids,14,36,TP1,628,321,Lincoln|hybrids|14|36,2022-07-13,True
UAV/Lincoln/TP1/Lincoln-TP1-hybrids_14_37.PNG,,RGB,Lincoln,hybrids,14,37,TP1,629,321,Lincoln|hybrids|14|37,2022-07-13,True
UAV/Lincoln/TP1/Lincoln-TP1-hybrids_14_38.PNG,,RGB,Lincoln,hybrids,14,38,TP1,628,322,Lincoln|hybrids|14|38,2022-07-13,True
UAV/Lincoln/TP1/Lincoln-TP1-hybrids_14_39.PNG,,RGB,Lincoln,hybrids,14,39,TP1,628,322,Lincoln|hybrids|14|39,2022-07-13,True
UAV/Lincoln/TP1/Lincoln-TP1-hybrids_14_4.PNG,,RGB,Lincoln,hybrids,14,4,TP1,631,322,Lincoln|hybrids|14|4,2022-07-13,True
UAV/Lincoln/TP1/Lincoln-TP1-hybrids_14_5.PNG,,RGB,Lincoln,hybrids,14,5,TP1,632,322,Lincoln|hybrids|14|5,2022-07-13,True
UAV/Lincoln/TP1/Lincoln-TP1-hybrids_14_6.PNG,,RGB,Lincoln,hybrids,14,6,TP1,631,322,Lincoln|hybrids|14|6,2022-07-13,True
UAV/Lincoln/TP1/Lincoln-TP1-hybrids_14_7.PNG,,RGB,Lincoln,hybrids,14,7,TP1,631,323,Lincoln|hybrids|14|7,2022-07-13,True
UAV/Lincoln/TP1/Lincoln-TP1-hybrids_14_8.PNG,,RGB,Lincoln,hybrids,14,8,TP1,631,322,Lincoln|hybrids|14|8,2022-07-13,True
UAV/Lincoln/TP1/Lincoln-TP1-hybrids_14_9.PNG,,RGB,Lincoln,hybrids,14,9,TP1,630,322,Lincoln|hybrids|14|9,2022-07-13,True
UAV/Lincoln/TP1/Lincoln-TP1-hybrids_15_10.PNG,,RGB,Lincoln,hybrids,15,10,TP1,631,322,Lincoln|hybrids|15|10,2022-07-13,True
UAV/Lincoln/TP1/Lincoln-TP1-hybrids_15_11.PNG,,RGB,Lincoln,hybrids,15,11,TP1,630,323,Lincoln|hybrids|15|11,2022-07-13,True
UAV/Lincoln/TP1/Lincoln-TP1-hybrids_15_12.PNG,,RGB,Lincoln,hybrids,15,12,TP1,630,322,Lincoln|hybrids|15|12,2022-07-13,True
UAV/Lincoln/TP1/Lincoln-TP1-hybrids_15_13.PNG,,RGB,Lincoln,hybrids,15,13,TP1,630,322,Lincoln|hybrids|15|13,2022-07-13,True
UAV/Lincoln/TP1/Lincoln-TP1-hybrids_15_14.PNG,,RGB,Lincoln,hybrids,15,14,TP1,631,322,Lincoln|hybrids|15|14,2022-07-13,True
UAV/Lincoln/TP1/Lincoln-TP1-hybrids_15_15.PNG,,RGB,Lincoln,hybrids,15,15,TP1,630,323,Lincoln|hybrids|15|15,2022-07-13,True
UAV/Lincoln/TP1/Lincoln-TP1-hybrids_15_16.PNG,,RGB,Lincoln,hybrids,15,16,TP1,630,322,Lincoln|hybrids|15|16,2022-07-13,True
UAV/Lincoln/TP1/Lincoln-TP1-hybrids_15_17.PNG,,RGB,Lincoln,hybrids,15,17,TP1,630,322,Lincoln|hybrids|15|17,2022-07-13,True
UAV/Lincoln/TP1/Lincoln-TP1-hybrids_15_18.PNG,,RGB,Lincoln,hybrids,15,18,TP1,630,322,Lincoln|hybrids|15|18,2022-07-13,True
UAV/Lincoln/TP1/Lincoln-TP1-hybrids_15_19.PNG,,RGB,Lincoln,hybrids,15,19,TP1,630,323,Lincoln|hybrids|15|19,2022-07-13,True
UAV/Lincoln/TP1/Lincoln-TP1-hybrids_15_2.PNG,,RGB,Lincoln,hybrids,15,2,TP1,631,322,Lincoln|hybrids|15|2,2022-07-13,True
UAV/Lincoln/TP1/Lincoln-TP1-hybrids_15_20.PNG,,RGB,Lincoln,hybrids,15,20,TP1,629,322,Lincoln|hybrids|15|20,2022-07-13,True
UAV/Lincoln/TP1/Lincoln-TP1-hybrids_15_21.PNG,,RGB,Lincoln,hybrids,15,21,TP1,629,322,Lincoln|hybrids|15|21,2022-07-13,True
UAV/Lincoln/TP1/Lincoln-TP1-hybrids_15_22.PNG,,RGB,Lincoln,hybrids,15,22,TP1,630,322,Lincoln|hybrids|15|22,2022-07-13,True
UAV/Lincoln/TP1/Lincoln-TP1-hybrids_15_23.PNG,,RGB,Lincoln,hybrids,15,23,TP1,630,322,Lincoln|hybrids|15|23,2022-07-13,True
UAV/Lincoln/TP1/Lincoln-TP1-hybrids_15_24.PNG,,RGB,Lincoln,hybrids,15,24,TP1,629,322,Lincoln|hybrids|15|24,2022-07-13,True
UAV/Lincoln/TP1/Lincoln-TP1-hybrids_15_25.PNG,,RGB,Lincoln,hybrids,15,25,TP1,629,322,Lincoln|hybrids|15|25,2022-07-13,True
UAV/Lincoln/TP1/Lincoln-TP1-hybrids_15_26.PNG,,RGB,Lincoln,hybrids,15,26,TP1,629,322,Lincoln|hybrids|15|26,2022-07-13,True
UAV/Lincoln/TP1/Lincoln-TP1-hybrids_15_27.PNG,,RGB,Lincoln,hybrids,15,27,TP1,629,322,Lincoln|hybrids|15|27,2022-07-13,True
UAV/Lincoln/TP1/Lincoln-TP1-hybrids_15_28.PNG,,RGB,Lincoln,hybrids,15,28,TP1,629,322,Lincoln|hybrids|15|28,2022-07-13,True
UAV/Lincoln/TP1/Lincoln-TP1-hybrids_15_29.PNG,,RGB,Lincoln,hybrids,15,29,TP1,629,322,Lincoln|hybrids|15|29,2022-07-13,True
UAV/Lincoln/TP1/Lincoln-TP1-hybrids_15_3.PNG,,RGB,Lincoln,hybrids,15,3,TP1,631,323,Lincoln|hybrids|15|3,2022-07-13,True
UAV/Lincoln/TP1/Lincoln-TP1-hybrids_15_30.PNG,,RGB,Lincoln,hybrids,15,30,TP1,629,321,Lincoln|hybrids|15|30,2022-07-13,True
UAV/Lincoln/TP1/Lincoln-TP1-hybrids_15_31.PNG,,RGB,Lincoln,hybrids,15,31,TP1,629,322,Lincoln|hybrids|15|31,2022-07-13,True
UAV/Lincoln/TP1/Lincoln-TP1-hybrids_15_32.PNG,,RGB,Lincoln,hybrids,15,32,TP1,629,322,Lincoln|hybrids|15|32,2022-07-13,True
UAV/Lincoln/TP1/Lincoln-TP1-hybrids_15_33.PNG,,RGB,Lincoln,hybrids,15,33,TP1,628,322,Lincoln|hybrids|15|33,2022-07-13,True
UAV/Lincoln/TP1/Lincoln-TP1-hybrids_15_34.PNG,,RGB,Lincoln,hybrids,15,34,TP1,628,321,Lincoln|hybrids|15|34,2022-07-13,True
UAV/Lincoln/TP1/Lincoln-TP1-hybrids_15_35.PNG,,RGB,Lincoln,hybrids,15,35,TP1,628,322,Lincoln|hybrids|15|35,2022-07-13,True
UAV/Lincoln/TP1/Lincoln-TP1-hybrids_15_36.PNG,,RGB,Lincoln,hybrids,15,36,TP1,628,322,Lincoln|hybrids|15|36,2022-07-13,True
UAV/Lincoln/TP1/Lincoln-TP1-hybrids_15_37.PNG,,RGB,Lincoln,hybrids,15,37,TP1,629,322,Lincoln|hybrids|15|37,2022-07-13,True
UAV/Lincoln/TP1/Lincoln-TP1-hybrids_15_38.PNG,,RGB,Lincoln,hybrids,15,38,TP1,628,321,Lincoln|hybrids|15|38,2022-07-13,True
UAV/Lincoln/TP1/Lincoln-TP1-hybrids_15_39.PNG,,RGB,Lincoln,hybrids,15,39,TP1,628,322,Lincoln|hybrids|15|39,2022-07-13,True
UAV/Lincoln/TP1/Lincoln-TP1-hybrids_15_4.PNG,,RGB,Lincoln,hybrids,15,4,TP1,631,323,Lincoln|hybrids|15|4,2022-07-13,True
UAV/Lincoln/TP1/Lincoln-TP1-hybrids_15_5.PNG,,RGB,Lincoln,hybrids,15,5,TP1,631,322,Lincoln|hybrids|15|5,2022-07-13,True
UAV/Lincoln/TP1/Lincoln-TP1-hybrids_15_6.PNG,,RGB,Lincoln,hybrids,15,6,TP1,630,322,Lincoln|hybrids|15|6,2022-07-13,True
UAV/Lincoln/TP1/Lincoln-TP1-hybrids_15_7.PNG,,RGB,Lincoln,hybrids,15,7,TP1,631,323,Lincoln|hybrids|15|7,2022-07-13,True
UAV/Lincoln/TP1/Lincoln-TP1-hybrids_15_8.PNG,,RGB,Lincoln,hybrids,15,8,TP1,631,323,Lincoln|hybrids|15|8,2022-07-13,True
UAV/Lincoln/TP1/Lincoln-TP1-hybrids_15_9.PNG,,RGB,Lincoln,hybrids,15,9,TP1,631,322,Lincoln|hybrids|15|9,2022-07-13,True
UAV/Lincoln/TP1/Lincoln-TP1-hybrids_2_10.PNG,,RGB,Lincoln,hybrids,2,10,TP1,632,322,Lincoln|hybrids|2|10,2022-07-13,True
UAV/Lincoln/TP1/Lincoln-TP1-hybrids_2_11.PNG,,RGB,Lincoln,hybrids,2,11,TP1,631,322,Lincoln|hybrids|2|11,2022-07-13,True
UAV/Lincoln/TP1/Lincoln-TP1-hybrids_2_12.PNG,,RGB,Lincoln,hybrids,2,12,TP1,632,322,Lincoln|hybrids|2|12,2022-07-13,True
UAV/Lincoln/TP1/Lincoln-TP1-hybrids_2_13.PNG,,RGB,Lincoln,hybrids,2,13,TP1,632,321,Lincoln|hybrids|2|13,2022-07-13,True
UAV/Lincoln/TP1/Lincoln-TP1-hybrids_2_14.PNG,,RGB,Lincoln,hybrids,2,14,TP1,631,322,Lincoln|hybrids|2|14,2022-07-13,True
UAV/Lincoln/TP1/Lincoln-TP1-hybrids_2_15.PNG,,RGB,Lincoln,hybrids,2,15,TP1,632,322,Lincoln|hybrids|2|15,2022-07-13,True
UAV/Lincoln/TP1/Lincoln-TP1-hybrids_2_16.PNG,,RGB,Lincoln,hybrids,2,16,TP1,631,322,Lincoln|hybrids|2|16,2022-07-13,True
UAV/Lincoln/TP1/Lincoln-TP1-hybrids_2_17.PNG,,RGB,Lincoln,hybrids,2,17,TP1,631,322,Lincoln|hybrids|2|17,2022-07-13,True
UAV/Lincoln/TP1/Lincoln-TP1-hybrids_2_18.PNG,,RGB,Lincoln,hybrids,2,18,TP1,631,322,Lincoln|hybrids|2|18,2022-07-13,True
UAV/Lincoln/TP1/Lincoln-TP1-hybrids_2_19.PNG,,RGB,Lincoln,hybrids,2,19,TP1,631,322,Lincoln|hybrids|2|19,2022-07-13,True
UAV/Lincoln/TP1/Lincoln-TP1-hybrids_2_2.PNG,,RGB,Lincoln,hybrids,2,2,TP1,633,322,Lincoln|hybrids|2|2,2022-07-13,True
UAV/Lincoln/TP1/Lincoln-TP1-hybrids_2_20.PNG,,RGB,Lincoln,hybrids,2,20,TP1,631,322,Lincoln|hybrids|2|20,2022-07-13,True
UAV/Lincoln/TP1/Lincoln-TP1-hybrids_2_21.PNG,,RGB,Lincoln,hybrids,2,21,TP1,631,321,Lincoln|hybrids|2|21,2022-07-13,True
UAV/Lincoln/TP1/Lincoln-TP1-hybrids_2_22.PNG,,RGB,Lincoln,hybrids,2,22,TP1,631,321,Lincoln|hybrids|2|22,2022-07-13,True
UAV/Lincoln/TP1/Lincoln-TP1-hybrids_2_23.PNG,,RGB,Lincoln,hybrids,2,23,TP1,630,321,Lincoln|hybrids|2|23,2022-07-13,True
UAV/Lincoln/TP1/Lincoln-TP1-hybrids_2_24.PNG,,RGB,Lincoln,hybrids,2,24,TP1,630,322,Lincoln|hybrids|2|24,2022-07-13,True
UAV/Lincoln/TP1/Lincoln-TP1-hybrids_2_25.PNG,,RGB,Lincoln,hybrids,2,25,TP1,631,322,Lincoln|hybrids|2|25,2022-07-13,True
UAV/Lincoln/TP1/Lincoln-TP1-hybrids_2_26.PNG,,RGB,Lincoln,hybrids,2,26,TP1,630,322,Lincoln|hybrids|2|26,2022-07-13,True
UAV/Lincoln/TP1/Lincoln-TP1-hybrids_2_27.PNG,,RGB,Lincoln,hybrids,2,27,TP1,630,322,Lincoln|hybrids|2|27,2022-07-13,True
UAV/Lincoln/TP1/Lincoln-TP1-hybrids_2_28.PNG,,RGB,Lincoln,hybrids,2,28,TP1,630,321,Lincoln|hybrids|2|28,2022-07-13,True
UAV/Lincoln/TP1/Lincoln-TP1-hybrids_2_29.PNG,,RGB,Lincoln,hybrids,2,29,TP1,630,321,Lincoln|hybrids|2|29,2022-07-13,True
UAV/Lincoln/TP1/Lincoln-TP1-hybrids_2_3.PNG,,RGB,Lincoln,hybrids,2,3,TP1,633,322,Lincoln|hybrids|2|3,2022-07-13,True
UAV/Lincoln/TP1/Lincoln-TP1-hybrids_2_30.PNG,,RGB,Lincoln,hybrids,2,30,TP1,630,321,Lincoln|hybrids|2|30,2022-07-13,True
UAV/Lincoln/TP1/Lincoln-TP1-hybrids_2_31.PNG,,RGB,Lincoln,hybrids,2,31,TP1,630,321,Lincoln|hybrids|2|31,2022-07-13,True
UAV/Lincoln/TP1/Lincoln-TP1-hybrids_2_32.PNG,,RGB,Lincoln,hybrids,2,32,TP1,630,321,Lincoln|hybrids|2|32,2022-07-13,True
UAV/Lincoln/TP1/Lincoln-TP1-hybrids_2_33.PNG,,RGB,Lincoln,hybrids,2,33,TP1,629,321,Lincoln|hybrids|2|33,2022-07-13,True
UAV/Lincoln/TP1/Lincoln-TP1-hybrids_2_34.PNG,,RGB,Lincoln,hybrids,2,34,TP1,630,322,Lincoln|hybrids|2|34,2022-07-13,True
UAV/Lincoln/TP1/Lincoln-TP1-hybrids_2_35.PNG,,RGB,Lincoln,hybrids,2,35,TP1,630,322,Lincoln|hybrids|2|35,2022-07-13,True
UAV/Lincoln/TP1/Lincoln-TP1-hybrids_2_36.PNG,,RGB,Lincoln,hybrids,2,36,TP1,629,321,Lincoln|hybrids|2|36,2022-07-13,True
UAV/Lincoln/TP1/Lincoln-TP1-hybrids_2_37.PNG,,RGB,Lincoln,hybrids,2,37,TP1,630,321,Lincoln|hybrids|2|37,2022-07-13,True
UAV/Lincoln/TP1/Lincoln-TP1-hybrids_2_38.PNG,,RGB,Lincoln,hybrids,2,38,TP1,629,321,Lincoln|hybrids|2|38,2022-07-13,True
UAV/Lincoln/TP1/Lincoln-TP1-hybrids_2_39.PNG,,RGB,Lincoln,hybrids,2,39,TP1,629,321,Lincoln|hybrids|2|39,2022-07-13,True
UAV/Lincoln/TP1/Lincoln-TP1-hybrids_2_4.PNG,,RGB,Lincoln,hybrids,2,4,TP1,632,323,Lincoln|hybrids|2|4,2022-07-13,True
UAV/Lincoln/TP1/Lincoln-TP1-hybrids_2_5.PNG,,RGB,Lincoln,hybrids,2,5,TP1,633,322,Lincoln|hybrids|2|5,2022-07-13,True
UAV/Lincoln/TP1/Lincoln-TP1-hybrids_2_6.PNG,,RGB,Lincoln,hybrids,2,6,TP1,632,322,Lincoln|hybrids|2|6,2022-07-13,True
UAV/Lincoln/TP1/Lincoln-TP1-hybrids_2_7.PNG,,RGB,Lincoln,hybrids,2,7,TP1,632,322,Lincoln|hybrids|2|7,2022-07-13,True
UAV/Lincoln/TP1/Lincoln-TP1-hybrids_2_8.PNG,,RGB,Lincoln,hybrids,2,8,TP1,632,322,Lincoln|hybrids|2|8,2022-07-13,True
UAV/Lincoln/TP1/Lincoln-TP1-hybrids_2_9.PNG,,RGB,Lincoln,hybrids,2,9,TP1,632,322,Lincoln|hybrids|2|9,2022-07-13,True
UAV/Lincoln/TP1/Lincoln-TP1-hybrids_3_10.PNG,,RGB,Lincoln,hybrids,3,10,TP1,631,322,Lincoln|hybrids|3|10,2022-07-13,True
UAV/Lincoln/TP1/Lincoln-TP1-hybrids_3_11.PNG,,RGB,Lincoln,hybrids,3,11,TP1,632,322,Lincoln|hybrids|3|11,2022-07-13,True
UAV/Lincoln/TP1/Lincoln-TP1-hybrids_3_12.PNG,,RGB,Lincoln,hybrids,3,12,TP1,632,322,Lincoln|hybrids|3|12,2022-07-13,True
UAV/Lincoln/TP1/Lincoln-TP1-hybrids_3_13.PNG,,RGB,Lincoln,hybrids,3,13,TP1,631,321,Lincoln|hybrids|3|13,2022-07-13,True
UAV/Lincoln/TP1/Lincoln-TP1-hybrids_3_14.PNG,,RGB,Lincoln,hybrids,3,14,TP1,631,322,Lincoln|hybrids|3|14,2022-07-13,True
UAV/Lincoln/TP1/Lincoln-TP1-hybrids_3_15.PNG,,RGB,Lincoln,hybrids,3,15,TP1,632,322,Lincoln|hybrids|3|15,2022-07-13,True
UAV/Lincoln/TP1/Lincoln-TP1-hybrids_3_16.PNG,,RGB,Lincoln,hybrids,3,16,TP1,631,322,Lincoln|hybrids|3|16,2022-07-13,True
UAV/Lincoln/TP1/Lincoln-TP1-hybrids_3_17.PNG,,RGB,Lincoln,hybrids,3,17,TP1,631,322,Lincoln|hybrids|3|17,2022-07-13,True
UAV/Lincoln/TP1/Lincoln-TP1-hybrids_3_18.PNG,,RGB,Lincoln,hybrids,3,18,TP1,631,322,Lincoln|hybrids|3|18,2022-07-13,True
UAV/Lincoln/TP1/Lincoln-TP1-hybrids_3_19.PNG,,RGB,Lincoln,hybrids,3,19,TP1,630,322,Lincoln|hybrids|3|19,2022-07-13,True
UAV/Lincoln/TP1/Lincoln-TP1-hybrids_3_2.PNG,,RGB,Lincoln,hybrids,3,2,TP1,633,323,Lincoln|hybrids|3|2,2022-07-13,True
UAV/Lincoln/TP1/Lincoln-TP1-hybrids_3_20.PNG,,RGB,Lincoln,hybrids,3,20,TP1,631,322,Lincoln|hybrids|3|20,2022-07-13,True
UAV/Lincoln/TP1/Lincoln-TP1-hybrids_3_21.PNG,,RGB,Lincoln,hybrids,3,21,TP1,631,322,Lincoln|hybrids|3|21,2022-07-13,True
UAV/Lincoln/TP1/Lincoln-TP1-hybrids_3_22.PNG,,RGB,Lincoln,hybrids,3,22,TP1,630,322,Lincoln|hybrids|3|22,2022-07-13,True
UAV/Lincoln/TP1/Lincoln-TP1-hybrids_3_23.PNG,,RGB,Lincoln,hybrids,3,23,TP1,630,321,Lincoln|hybrids|3|23,2022-07-13,True
UAV/Lincoln/TP1/Lincoln-TP1-hybrids_3_24.PNG,,RGB,Lincoln,hybrids,3,24,TP1,631,321,Lincoln|hybrids|3|24,2022-07-13,True
UAV/Lincoln/TP1/Lincoln-TP1-hybrids_3_25.PNG,,RGB,Lincoln,hybrids,3,25,TP1,631,321,Lincoln|hybrids|3|25,2022-07-13,True
UAV/Lincoln/TP1/Lincoln-TP1-hybrids_3_26.PNG,,RGB,Lincoln,hybrids,3,26,TP1,630,321,Lincoln|hybrids|3|26,2022-07-13,True
UAV/Lincoln/TP1/Lincoln-TP1-hybrids_3_27.PNG,,RGB,Lincoln,hybrids,3,27,TP1,630,321,Lincoln|hybrids|3|27,2022-07-13,True
UAV/Lincoln/TP1/Lincoln-TP1-hybrids_3_28.PNG,,RGB,Lincoln,hybrids,3,28,TP1,630,321,Lincoln|hybrids|3|28,2022-07-13,True
UAV/Lincoln/TP1/Lincoln-TP1-hybrids_3_29.PNG,,RGB,Lincoln,hybrids,3,29,TP1,630,322,Lincoln|hybrids|3|29,2022-07-13,True
UAV/Lincoln/TP1/Lincoln-TP1-hybrids_3_3.PNG,,RGB,Lincoln,hybrids,3,3,TP1,632,322,Lincoln|hybrids|3|3,2022-07-13,True
UAV/Lincoln/TP1/Lincoln-TP1-hybrids_3_30.PNG,,RGB,Lincoln,hybrids,3,30,TP1,630,322,Lincoln|hybrids|3|30,2022-07-13,True
UAV/Lincoln/TP1/Lincoln-TP1-hybrids_3_31.PNG,,RGB,Lincoln,hybrids,3,31,TP1,630,322,Lincoln|hybrids|3|31,2022-07-13,True
UAV/Lincoln/TP1/Lincoln-TP1-hybrids_3_32.PNG,,RGB,Lincoln,hybrids,3,32,TP1,629,322,Lincoln|hybrids|3|32,2022-07-13,True
UAV/Lincoln/TP1/Lincoln-TP1-hybrids_3_33.PNG,,RGB,Lincoln,hybrids,3,33,TP1,630,321,Lincoln|hybrids|3|33,2022-07-13,True
UAV/Lincoln/TP1/Lincoln-TP1-hybrids_3_34.PNG,,RGB,Lincoln,hybrids,3,34,TP1,630,321,Lincoln|hybrids|3|34,2022-07-13,True
UAV/Lincoln/TP1/Lincoln-TP1-hybrids_3_35.PNG,,RGB,Lincoln,hybrids,3,35,TP1,629,321,Lincoln|hybrids|3|35,2022-07-13,True
UAV/Lincoln/TP1/Lincoln-TP1-hybrids_3_36.PNG,,RGB,Lincoln,hybrids,3,36,TP1,629,321,Lincoln|hybrids|3|36,2022-07-13,True
UAV/Lincoln/TP1/Lincoln-TP1-hybrids_3_37.PNG,,RGB,Lincoln,hybrids,3,37,TP1,629,321,Lincoln|hybrids|3|37,2022-07-13,True
UAV/Lincoln/TP1/Lincoln-TP1-hybrids_3_38.PNG,,RGB,Lincoln,hybrids,3,38,TP1,629,321,Lincoln|hybrids|3|38,2022-07-13,True
UAV/Lincoln/TP1/Lincoln-TP1-hybrids_3_39.PNG,,RGB,Lincoln,hybrids,3,39,TP1,629,321,Lincoln|hybrids|3|39,2022-07-13,True
UAV/Lincoln/TP1/Lincoln-TP1-hybrids_3_4.PNG,,RGB,Lincoln,hybrids,3,4,TP1,632,322,Lincoln|hybrids|3|4,2022-07-13,True
UAV/Lincoln/TP1/Lincoln-TP1-hybrids_3_5.PNG,,RGB,Lincoln,hybrids,3,5,TP1,632,322,Lincoln|hybrids|3|5,2022-07-13,True
UAV/Lincoln/TP1/Lincoln-TP1-hybrids_3_6.PNG,,RGB,Lincoln,hybrids,3,6,TP1,632,322,Lincoln|hybrids|3|6,2022-07-13,True
UAV/Lincoln/TP1/Lincoln-TP1-hybrids_3_7.PNG,,RGB,Lincoln,hybrids,3,7,TP1,632,322,Lincoln|hybrids|3|7,2022-07-13,True
UAV/Lincoln/TP1/Lincoln-TP1-hybrids_3_8.PNG,,RGB,Lincoln,hybrids,3,8,TP1,632,322,Lincoln|hybrids|3|8,2022-07-13,True
UAV/Lincoln/TP1/Lincoln-TP1-hybrids_3_9.PNG,,RGB,Lincoln,hybrids,3,9,TP1,632,322,Lincoln|hybrids|3|9,2022-07-13,True
UAV/Lincoln/TP1/Lincoln-TP1-hybrids_4_10.PNG,,RGB,Lincoln,hybrids,4,10,TP1,632,322,Lincoln|hybrids|4|10,2022-07-13,True
UAV/Lincoln/TP1/Lincoln-TP1-hybrids_4_11.PNG,,RGB,Lincoln,hybrids,4,11,TP1,632,322,Lincoln|hybrids|4|11,2022-07-13,True
UAV/Lincoln/TP1/Lincoln-TP1-hybrids_4_12.PNG,,RGB,Lincoln,hybrids,4,12,TP1,631,322,Lincoln|hybrids|4|12,2022-07-13,True
UAV/Lincoln/TP1/Lincoln-TP1-hybrids_4_13.PNG,,RGB,Lincoln,hybrids,4,13,TP1,631,321,Lincoln|hybrids|4|13,2022-07-13,True
UAV/Lincoln/TP1/Lincoln-TP1-hybrids_4_14.PNG,,RGB,Lincoln,hybrids,4,14,TP1,631,321,Lincoln|hybrids|4|14,2022-07-13,True
UAV/Lincoln/TP1/Lincoln-TP1-hybrids_4_15.PNG,,RGB,Lincoln,hybrids,4,15,TP1,631,321,Lincoln|hybrids|4|15,2022-07-13,True
UAV/Lincoln/TP1/Lincoln-TP1-hybrids_4_16.PNG,,RGB,Lincoln,hybrids,4,16,TP1,631,322,Lincoln|hybrids|4|16,2022-07-13,True
UAV/Lincoln/TP1/Lincoln-TP1-hybrids_4_17.PNG,,RGB,Lincoln,hybrids,4,17,TP1,631,322,Lincoln|hybrids|4|17,2022-07-13,True
UAV/Lincoln/TP1/Lincoln-TP1-hybrids_4_18.PNG,,RGB,Lincoln,hybrids,4,18,TP1,631,322,Lincoln|hybrids|4|18,2022-07-13,True
UAV/Lincoln/TP1/Lincoln-TP1-hybrids_4_19.PNG,,RGB,Lincoln,hybrids,4,19,TP1,631,322,Lincoln|hybrids|4|19,2022-07-13,True
UAV/Lincoln/TP1/Lincoln-TP1-hybrids_4_2.PNG,,RGB,Lincoln,hybrids,4,2,TP1,633,322,Lincoln|hybrids|4|2,2022-07-13,True
UAV/Lincoln/TP1/Lincoln-TP1-hybrids_4_20.PNG,,RGB,Lincoln,hybrids,4,20,TP1,631,322,Lincoln|hybrids|4|20,2022-07-13,True
UAV/Lincoln/TP1/Lincoln-TP1-hybrids_4_21.PNG,,RGB,Lincoln,hybrids,4,21,TP1,630,322,Lincoln|hybrids|4|21,2022-07-13,True
UAV/Lincoln/TP1/Lincoln-TP1-hybrids_4_22.PNG,,RGB,Lincoln,hybrids,4,22,TP1,630,322,Lincoln|hybrids|4|22,2022-07-13,True
UAV/Lincoln/TP1/Lincoln-TP1-hybrids_4_23.PNG,,RGB,Lincoln,hybrids,4,23,TP1,631,322,Lincoln|hybrids|4|23,2022-07-13,True
UAV/Lincoln/TP1/Lincoln-TP1-hybrids_4_24.PNG,,RGB,Lincoln,hybrids,4,24,TP1,631,322,Lincoln|hybrids|4|24,2022-07-13,True
UAV/Lincoln/TP1/Lincoln-TP1-hybrids_4_25.PNG,,RGB,Lincoln,hybrids,4,25,TP1,630,322,Lincoln|hybrids|4|25,2022-07-13,True
UAV/Lincoln/TP1/Lincoln-TP1-hybrids_4_26.PNG,,RGB,Lincoln,hybrids,4,26,TP1,630,322,Lincoln|hybrids|4|26,2022-07-13,True
UAV/Lincoln/TP1/Lincoln-TP1-hybrids_4_27.PNG,,RGB,Lincoln,hybrids,4,27,TP1,630,322,Lincoln|hybrids|4|27,2022-07-13,True
UAV/Lincoln/TP1/Lincoln-TP1-hybrids_4_28.PNG,,RGB,Lincoln,hybrids,4,28,TP1,630,321,Lincoln|hybrids|4|28,2022-07-13,True
UAV/Lincoln/TP1/Lincoln-TP1-hybrids_4_29.PNG,,RGB,Lincoln,hybrids,4,29,TP1,630,321,Lincoln|hybrids|4|29,2022-07-13,True
UAV/Lincoln/TP1/Lincoln-TP1-hybrids_4_3.PNG,,RGB,Lincoln,hybrids,4,3,TP1,632,322,Lincoln|hybrids|4|3,2022-07-13,True
UAV/Lincoln/TP1/Lincoln-TP1-hybrids_4_30.PNG,,RGB,Lincoln,hybrids,4,30,TP1,629,321,Lincoln|hybrids|4|30,2022-07-13,True
UAV/Lincoln/TP1/Lincoln-TP1-hybrids_4_31.PNG,,RGB,Lincoln,hybrids,4,31,TP1,630,321,Lincoln|hybrids|4|31,2022-07-13,True
UAV/Lincoln/TP1/Lincoln-TP1-hybrids_4_32.PNG,,RGB,Lincoln,hybrids,4,32,TP1,630,321,Lincoln|hybrids|4|32,2022-07-13,True
UAV/Lincoln/TP1/Lincoln-TP1-hybrids_4_33.PNG,,RGB,Lincoln,hybrids,4,33,TP1,630,321,Lincoln|hybrids|4|33,2022-07-13,True
UAV/Lincoln/TP1/Lincoln-TP1-hybrids_4_34.PNG,,RGB,Lincoln,hybrids,4,34,TP1,629,321,Lincoln|hybrids|4|34,2022-07-13,True
UAV/Lincoln/TP1/Lincoln-TP1-hybrids_4_35.PNG,,RGB,Lincoln,hybrids,4,35,TP1,629,321,Lincoln|hybrids|4|35,2022-07-13,True
UAV/Lincoln/TP1/Lincoln-TP1-hybrids_4_36.PNG,,RGB,Lincoln,hybrids,4,36,TP1,629,321,Lincoln|hybrids|4|36,2022-07-13,True
UAV/Lincoln/TP1/Lincoln-TP1-hybrids_4_37.PNG,,RGB,Lincoln,hybrids,4,37,TP1,629,321,Lincoln|hybrids|4|37,2022-07-13,True
UAV/Lincoln/TP1/Lincoln-TP1-hybrids_4_38.PNG,,RGB,Lincoln,hybrids,4,38,TP1,630,321,Lincoln|hybrids|4|38,2022-07-13,True
UAV/Lincoln/TP1/Lincoln-TP1-hybrids_4_39.PNG,,RGB,Lincoln,hybrids,4,39,TP1,629,321,Lincoln|hybrids|4|39,2022-07-13,True
UAV/Lincoln/TP1/Lincoln-TP1-hybrids_4_4.PNG,,RGB,Lincoln,hybrids,4,4,TP1,632,322,Lincoln|hybrids|4|4,2022-07-13,True
UAV/Lincoln/TP1/Lincoln-TP1-hybrids_4_5.PNG,,RGB,Lincoln,hybrids,4,5,TP1,632,322,Lincoln|hybrids|4|5,2022-07-13,True
UAV/Lincoln/TP1/Lincoln-TP1-hybrids_4_6.PNG,,RGB,Lincoln,hybrids,4,6,TP1,632,322,Lincoln|hybrids|4|6,2022-07-13,True
UAV/Lincoln/TP1/Lincoln-TP1-hybrids_4_7.PNG,,RGB,Lincoln,hybrids,4,7,TP1,631,322,Lincoln|hybrids|4|7,2022-07-13,True
UAV/Lincoln/TP1/Lincoln-TP1-hybrids_4_8.PNG,,RGB,Lincoln,hybrids,4,8,TP1,632,322,Lincoln|hybrids|4|8,2022-07-13,True
UAV/Lincoln/TP1/Lincoln-TP1-hybrids_4_9.PNG,,RGB,Lincoln,hybrids,4,9,TP1,632,322,Lincoln|hybrids|4|9,2022-07-13,True
UAV/Lincoln/TP1/Lincoln-TP1-hybrids_5_10.PNG,,RGB,Lincoln,hybrids,5,10,TP1,631,322,Lincoln|hybrids|5|10,2022-07-13,True
UAV/Lincoln/TP1/Lincoln-TP1-hybrids_5_11.PNG,,RGB,Lincoln,hybrids,5,11,TP1,631,322,Lincoln|hybrids|5|11,2022-07-13,True
UAV/Lincoln/TP1/Lincoln-TP1-hybrids_5_12.PNG,,RGB,Lincoln,hybrids,5,12,TP1,631,322,Lincoln|hybrids|5|12,2022-07-13,True
UAV/Lincoln/TP1/Lincoln-TP1-hybrids_5_13.PNG,,RGB,Lincoln,hybrids,5,13,TP1,631,322,Lincoln|hybrids|5|13,2022-07-13,True
UAV/Lincoln/TP1/Lincoln-TP1-hybrids_5_14.PNG,,RGB,Lincoln,hybrids,5,14,TP1,631,322,Lincoln|hybrids|5|14,2022-07-13,True
UAV/Lincoln/TP1/Lincoln-TP1-hybrids_5_15.PNG,,RGB,Lincoln,hybrids,5,15,TP1,631,321,Lincoln|hybrids|5|15,2022-07-13,True
UAV/Lincoln/TP1/Lincoln-TP1-hybrids_5_16.PNG,,RGB,Lincoln,hybrids,5,16,TP1,631,321,Lincoln|hybrids|5|16,2022-07-13,True
UAV/Lincoln/TP1/Lincoln-TP1-hybrids_5_17.PNG,,RGB,Lincoln,hybrids,5,17,TP1,630,321,Lincoln|hybrids|5|17,2022-07-13,True
UAV/Lincoln/TP1/Lincoln-TP1-hybrids_5_18.PNG,,RGB,Lincoln,hybrids,5,18,TP1,631,321,Lincoln|hybrids|5|18,2022-07-13,True
UAV/Lincoln/TP1/Lincoln-TP1-hybrids_5_19.PNG,,RGB,Lincoln,hybrids,5,19,TP1,631,321,Lincoln|hybrids|5|19,2022-07-13,True
UAV/Lincoln/TP1/Lincoln-TP1-hybrids_5_2.PNG,,RGB,Lincoln,hybrids,5,2,TP1,632,322,Lincoln|hybrids|5|2,2022-07-13,True
UAV/Lincoln/TP1/Lincoln-TP1-hybrids_5_20.PNG,,RGB,Lincoln,hybrids,5,20,TP1,631,321,Lincoln|hybrids|5|20,2022-07-13,True
UAV/Lincoln/TP1/Lincoln-TP1-hybrids_5_21.PNG,,RGB,Lincoln,hybrids,5,21,TP1,631,321,Lincoln|hybrids|5|21,2022-07-13,True
UAV/Lincoln/TP1/Lincoln-TP1-hybrids_5_22.PNG,,RGB,Lincoln,hybrids,5,22,TP1,631,322,Lincoln|hybrids|5|22,2022-07-13,True
UAV/Lincoln/TP1/Lincoln-TP1-hybrids_5_23.PNG,,RGB,Lincoln,hybrids,5,23,TP1,631,322,Lincoln|hybrids|5|23,2022-07-13,True
UAV/Lincoln/TP1/Lincoln-TP1-hybrids_5_24.PNG,,RGB,Lincoln,hybrids,5,24,TP1,630,322,Lincoln|hybrids|5|24,2022-07-13,True
UAV/Lincoln/TP1/Lincoln-TP1-hybrids_5_25.PNG,,RGB,Lincoln,hybrids,5,25,TP1,630,322,Lincoln|hybrids|5|25,2022-07-13,True
UAV/Lincoln/TP1/Lincoln-TP1-hybrids_5_26.PNG,,RGB,Lincoln,hybrids,5,26,TP1,630,322,Lincoln|hybrids|5|26,2022-07-13,True
UAV/Lincoln/TP1/Lincoln-TP1-hybrids_5_27.PNG,,RGB,Lincoln,hybrids,5,27,TP1,630,322,Lincoln|hybrids|5|27,2022-07-13,True
UAV/Lincoln/TP1/Lincoln-TP1-hybrids_5_28.PNG,,RGB,Lincoln,hybrids,5,28,TP1,630,322,Lincoln|hybrids|5|28,2022-07-13,True
UAV/Lincoln/TP1/Lincoln-TP1-hybrids_5_29.PNG,,RGB,Lincoln,hybrids,5,29,TP1,630,322,Lincoln|hybrids|5|29,2022-07-13,True
UAV/Lincoln/TP1/Lincoln-TP1-hybrids_5_3.PNG,,RGB,Lincoln,hybrids,5,3,TP1,632,322,Lincoln|hybrids|5|3,2022-07-13,True
UAV/Lincoln/TP1/Lincoln-TP1-hybrids_5_30.PNG,,RGB,Lincoln,hybrids,5,30,TP1,630,322,Lincoln|hybrids|5|30,2022-07-13,True
UAV/Lincoln/TP1/Lincoln-TP1-hybrids_5_31.PNG,,RGB,Lincoln,hybrids,5,31,TP1,630,322,Lincoln|hybrids|5|31,2022-07-13,True
UAV/Lincoln/TP1/Lincoln-TP1-hybrids_5_32.PNG,,RGB,Lincoln,hybrids,5,32,TP1,629,322,Lincoln|hybrids|5|32,2022-07-13,True
UAV/Lincoln/TP1/Lincoln-TP1-hybrids_5_33.PNG,,RGB,Lincoln,hybrids,5,33,TP1,629,322,Lincoln|hybrids|5|33,2022-07-13,True
UAV/Lincoln/TP1/Lincoln-TP1-hybrids_5_34.PNG,,RGB,Lincoln,hybrids,5,34,TP1,629,322,Lincoln|hybrids|5|34,2022-07-13,True
UAV/Lincoln/TP1/Lincoln-TP1-hybrids_5_35.PNG,,RGB,Lincoln,hybrids,5,35,TP1,629,322,Lincoln|hybrids|5|35,2022-07-13,True
UAV/Lincoln/TP1/Lincoln-TP1-hybrids_5_36.PNG,,RGB,Lincoln,hybrids,5,36,TP1,629,322,Lincoln|hybrids|5|36,2022-07-13,True
UAV/Lincoln/TP1/Lincoln-TP1-hybrids_5_37.PNG,,RGB,Lincoln,hybrids,5,37,TP1,629,322,Lincoln|hybrids|5|37,2022-07-13,True
UAV/Lincoln/TP1/Lincoln-TP1-hybrids_5_38.PNG,,RGB,Lincoln,hybrids,5,38,TP1,629,322,Lincoln|hybrids|5|38,2022-07-13,True
UAV/Lincoln/TP1/Lincoln-TP1-hybrids_5_39.PNG,,RGB,Lincoln,hybrids,5,39,TP1,628,321,Lincoln|hybrids|5|39,2022-07-13,True
UAV/Lincoln/TP1/Lincoln-TP1-hybrids_5_4.PNG,,RGB,Lincoln,hybrids,5,4,TP1,632,322,Lincoln|hybrids|5|4,2022-07-13,True
UAV/Lincoln/TP1/Lincoln-TP1-hybrids_5_5.PNG,,RGB,Lincoln,hybrids,5,5,TP1,632,322,Lincoln|hybrids|5|5,2022-07-13,True
UAV/Lincoln/TP1/Lincoln-TP1-hybrids_5_6.PNG,,RGB,Lincoln,hybrids,5,6,TP1,632,322,Lincoln|hybrids|5|6,2022-07-13,True
UAV/Lincoln/TP1/Lincoln-TP1-hybrids_5_7.PNG,,RGB,Lincoln,hybrids,5,7,TP1,632,322,Lincoln|hybrids|5|7,2022-07-13,True
UAV/Lincoln/TP1/Lincoln-TP1-hybrids_5_8.PNG,,RGB,Lincoln,hybrids,5,8,TP1,632,322,Lincoln|hybrids|5|8,2022-07-13,True
UAV/Lincoln/TP1/Lincoln-TP1-hybrids_5_9.PNG,,RGB,Lincoln,hybrids,5,9,TP1,631,322,Lincoln|hybrids|5|9,2022-07-13,True
UAV/Lincoln/TP1/Lincoln-TP1-hybrids_6_10.PNG,,RGB,Lincoln,hybrids,6,10,TP1,632,322,Lincoln|hybrids|6|10,2022-07-13,True
UAV/Lincoln/TP1/Lincoln-TP1-hybrids_6_11.PNG,,RGB,Lincoln,hybrids,6,11,TP1,632,322,Lincoln|hybrids|6|11,2022-07-13,True
UAV/Lincoln/TP1/Lincoln-TP1-hybrids_6_12.PNG,,RGB,Lincoln,hybrids,6,12,TP1,631,322,Lincoln|hybrids|6|12,2022-07-13,True
UAV/Lincoln/TP1/Lincoln-TP1-hybrids_6_13.PNG,,RGB,Lincoln,hybrids,6,13,TP1,631,322,Lincoln|hybrids|6|13,2022-07-13,True
UAV/Lincoln/TP1/Lincoln-TP1-hybrids_6_14.PNG,,RGB,Lincoln,hybrids,6,14,TP1,631,322,Lincoln|hybrids|6|14,2022-07-13,True
UAV/Lincoln/TP1/Lincoln-TP1-hybrids_6_15.PNG,,RGB,Lincoln,hybrids,6,15,TP1,631,322,Lincoln|hybrids|6|15,2022-07-13,True
UAV/Lincoln/TP1/Lincoln-TP1-hybrids_6_16.PNG,,RGB,Lincoln,hybrids,6,16,TP1,631,322,Lincoln|hybrids|6|16,2022-07-13,True
UAV/Lincoln/TP1/Lincoln-TP1-hybrids_6_17.PNG,,RGB,Lincoln,hybrids,6,17,TP1,631,322,Lincoln|hybrids|6|17,2022-07-13,True
UAV/Lincoln/TP1/Lincoln-TP1-hybrids_6_18.PNG,,RGB,Lincoln,hybrids,6,18,TP1,631,322,Lincoln|hybrids|6|18,2022-07-13,True
UAV/Lincoln/TP1/Lincoln-TP1-hybrids_6_19.PNG,,RGB,Lincoln,hybrids,6,19,TP1,630,322,Lincoln|hybrids|6|19,2022-07-13,True
UAV/Lincoln/TP1/Lincoln-TP1-hybrids_6_2.PNG,,RGB,Lincoln,hybrids,6,2,TP1,632,323,Lincoln|hybrids|6|2,2022-07-13,True
UAV/Lincoln/TP1/Lincoln-TP1-hybrids_6_20.PNG,,RGB,Lincoln,hybrids,6,20,TP1,630,322,Lincoln|hybrids|6|20,2022-07-13,True
UAV/Lincoln/TP1/Lincoln-TP1-hybrids_6_21.PNG,,RGB,Lincoln,hybrids,6,21,TP1,630,321,Lincoln|hybrids|6|21,2022-07-13,True
UAV/Lincoln/TP1/Lincoln-TP1-hybrids_6_22.PNG,,RGB,Lincoln,hybrids,6,22,TP1,630,321,Lincoln|hybrids|6|22,2022-07-13,True
UAV/Lincoln/TP1/Lincoln-TP1-hybrids_6_23.PNG,,RGB,Lincoln,hybrids,6,23,TP1,630,321,Lincoln|hybrids|6|23,2022-07-13,True
UAV/Lincoln/TP1/Lincoln-TP1-hybrids_6_24.PNG,,RGB,Lincoln,hybrids,6,24,TP1,630,321,Lincoln|hybrids|6|24,2022-07-13,True
UAV/Lincoln/TP1/Lincoln-TP1-hybrids_6_25.PNG,,RGB,Lincoln,hybrids,6,25,TP1,630,321,Lincoln|hybrids|6|25,2022-07-13,True
UAV/Lincoln/TP1/Lincoln-TP1-hybrids_6_26.PNG,,RGB,Lincoln,hybrids,6,26,TP1,630,321,Lincoln|hybrids|6|26,2022-07-13,True
UAV/Lincoln/TP1/Lincoln-TP1-hybrids_6_27.PNG,,RGB,Lincoln,hybrids,6,27,TP1,630,321,Lincoln|hybrids|6|27,2022-07-13,True
UAV/Lincoln/TP1/Lincoln-TP1-hybrids_6_28.PNG,,RGB,Lincoln,hybrids,6,28,TP1,630,321,Lincoln|hybrids|6|28,2022-07-13,True
UAV/Lincoln/TP1/Lincoln-TP1-hybrids_6_29.PNG,,RGB,Lincoln,hybrids,6,29,TP1,630,321,Lincoln|hybrids|6|29,2022-07-13,True
UAV/Lincoln/TP1/Lincoln-TP1-hybrids_6_3.PNG,,RGB,Lincoln,hybrids,6,3,TP1,632,323,Lincoln|hybrids|6|3,2022-07-13,True
UAV/Lincoln/TP1/Lincoln-TP1-hybrids_6_30.PNG,,RGB,Lincoln,hybrids,6,30,TP1,630,321,Lincoln|hybrids|6|30,2022-07-13,True
UAV/Lincoln/TP1/Lincoln-TP1-hybrids_6_31.PNG,,RGB,Lincoln,hybrids,6,31,TP1,630,321,Lincoln|hybrids|6|31,2022-07-13,True
UAV/Lincoln/TP1/Lincoln-TP1-hybrids_6_32.PNG,,RGB,Lincoln,hybrids,6,32,TP1,629,321,Lincoln|hybrids|6|32,2022-07-13,True
UAV/Lincoln/TP1/Lincoln-TP1-hybrids_6_33.PNG,,RGB,Lincoln,hybrids,6,33,TP1,629,321,Lincoln|hybrids|6|33,2022-07-13,True
UAV/Lincoln/TP1/Lincoln-TP1-hybrids_6_34.PNG,,RGB,Lincoln,hybrids,6,34,TP1,629,321,Lincoln|hybrids|6|34,2022-07-13,True
UAV/Lincoln/TP1/Lincoln-TP1-hybrids_6_35.PNG,,RGB,Lincoln,hybrids,6,35,TP1,629,321,Lincoln|hybrids|6|35,2022-07-13,True
UAV/Lincoln/TP1/Lincoln-TP1-hybrids_6_36.PNG,,RGB,Lincoln,hybrids,6,36,TP1,629,321,Lincoln|hybrids|6|36,2022-07-13,True
UAV/Lincoln/TP1/Lincoln-TP1-hybrids_6_37.PNG,,RGB,Lincoln,hybrids,6,37,TP1,629,321,Lincoln|hybrids|6|37,2022-07-13,True
UAV/Lincoln/TP1/Lincoln-TP1-hybrids_6_38.PNG,,RGB,Lincoln,hybrids,6,38,TP1,629,321,Lincoln|hybrids|6|38,2022-07-13,True
UAV/Lincoln/TP1/Lincoln-TP1-hybrids_6_39.PNG,,RGB,Lincoln,hybrids,6,39,TP1,629,321,Lincoln|hybrids|6|39,2022-07-13,True
UAV/Lincoln/TP1/Lincoln-TP1-hybrids_6_4.PNG,,RGB,Lincoln,hybrids,6,4,TP1,632,323,Lincoln|hybrids|6|4,2022-07-13,True
UAV/Lincoln/TP1/Lincoln-TP1-hybrids_6_5.PNG,,RGB,Lincoln,hybrids,6,5,TP1,632,323,Lincoln|hybrids|6|5,2022-07-13,True
UAV/Lincoln/TP1/Lincoln-TP1-hybrids_6_6.PNG,,RGB,Lincoln,hybrids,6,6,TP1,632,323,Lincoln|hybrids|6|6,2022-07-13,True
UAV/Lincoln/TP1/Lincoln-TP1-hybrids_6_7.PNG,,RGB,Lincoln,hybrids,6,7,TP1,632,322,Lincoln|hybrids|6|7,2022-07-13,True
UAV/Lincoln/TP1/Lincoln-TP1-hybrids_6_8.PNG,,RGB,Lincoln,hybrids,6,8,TP1,632,322,Lincoln|hybrids|6|8,2022-07-13,True
UAV/Lincoln/TP1/Lincoln-TP1-hybrids_6_9.PNG,,RGB,Lincoln,hybrids,6,9,TP1,632,322,Lincoln|hybrids|6|9,2022-07-13,True
UAV/Lincoln/TP1/Lincoln-TP1-hybrids_7_10.PNG,,RGB,Lincoln,hybrids,7,10,TP1,631,323,Lincoln|hybrids|7|10,2022-07-13,True
UAV/Lincoln/TP1/Lincoln-TP1-hybrids_7_11.PNG,,RGB,Lincoln,hybrids,7,11,TP1,631,322,Lincoln|hybrids|7|11,2022-07-13,True
UAV/Lincoln/TP1/Lincoln-TP1-hybrids_7_12.PNG,,RGB,Lincoln,hybrids,7,12,TP1,631,322,Lincoln|hybrids|7|12,2022-07-13,True
UAV/Lincoln/TP1/Lincoln-TP1-hybrids_7_13.PNG,,RGB,Lincoln,hybrids,7,13,TP1,632,322,Lincoln|hybrids|7|13,2022-07-13,True
UAV/Lincoln/TP1/Lincoln-TP1-hybrids_7_14.PNG,,RGB,Lincoln,hybrids,7,14,TP1,631,322,Lincoln|hybrids|7|14,2022-07-13,True
UAV/Lincoln/TP1/Lincoln-TP1-hybrids_7_15.PNG,,RGB,Lincoln,hybrids,7,15,TP1,631,322,Lincoln|hybrids|7|15,2022-07-13,True
UAV/Lincoln/TP1/Lincoln-TP1-hybrids_7_16.PNG,,RGB,Lincoln,hybrids,7,16,TP1,631,322,Lincoln|hybrids|7|16,2022-07-13,True
UAV/Lincoln/TP1/Lincoln-TP1-hybrids_7_17.PNG,,RGB,Lincoln,hybrids,7,17,TP1,631,322,Lincoln|hybrids|7|17,2022-07-13,True
UAV/Lincoln/TP1/Lincoln-TP1-hybrids_7_18.PNG,,RGB,Lincoln,hybrids,7,18,TP1,631,322,Lincoln|hybrids|7|18,2022-07-13,True
UAV/Lincoln/TP1/Lincoln-TP1-hybrids_7_19.PNG,,RGB,Lincoln,hybrids,7,19,TP1,631,322,Lincoln|hybrids|7|19,2022-07-13,True
UAV/Lincoln/TP1/Lincoln-TP1-hybrids_7_2.PNG,,RGB,Lincoln,hybrids,7,2,TP1,632,322,Lincoln|hybrids|7|2,2022-07-13,True
UAV/Lincoln/TP1/Lincoln-TP1-hybrids_7_20.PNG,,RGB,Lincoln,hybrids,7,20,TP1,631,322,Lincoln|hybrids|7|20,2022-07-13,True
UAV/Lincoln/TP1/Lincoln-TP1-hybrids_7_21.PNG,,RGB,Lincoln,hybrids,7,21,TP1,630,322,Lincoln|hybrids|7|21,2022-07-13,True
UAV/Lincoln/TP1/Lincoln-TP1-hybrids_7_22.PNG,,RGB,Lincoln,hybrids,7,22,TP1,630,322,Lincoln|hybrids|7|22,2022-07-13,True
UAV/Lincoln/TP1/Lincoln-TP1-hybrids_7_23.PNG,,RGB,Lincoln,hybrids,7,23,TP1,630,322,Lincoln|hybrids|7|23,2022-07-13,True
UAV/Lincoln/TP1/Lincoln-TP1-hybrids_7_24.PNG,,RGB,Lincoln,hybrids,7,24,TP1,630,322,Lincoln|hybrids|7|24,2022-07-13,True
UAV/Lincoln/TP1/Lincoln-TP1-hybrids_7_25.PNG,,RGB,Lincoln,hybrids,7,25,TP1,630,322,Lincoln|hybrids|7|25,2022-07-13,True
UAV/Lincoln/TP1/Lincoln-TP1-hybrids_7_26.PNG,,RGB,Lincoln,hybrids,7,26,TP1,630,322,Lincoln|hybrids|7|26,2022-07-13,True
UAV/Lincoln/TP1/Lincoln-TP1-hybrids_7_27.PNG,,RGB,Lincoln,hybrids,7,27,TP1,630,322,Lincoln|hybrids|7|27,2022-07-13,True
UAV/Lincoln/TP1/Lincoln-TP1-hybrids_7_28.PNG,,RGB,Lincoln,hybrids,7,28,TP1,629,322,Lincoln|hybrids|7|28,2022-07-13,True
UAV/Lincoln/TP1/Lincoln-TP1-hybrids_7_29.PNG,,RGB,Lincoln,hybrids,7,29,TP1,629,322,Lincoln|hybrids|7|29,2022-07-13,True
UAV/Lincoln/TP1/Lincoln-TP1-hybrids_7_3.PNG,,RGB,Lincoln,hybrids,7,3,TP1,632,322,Lincoln|hybrids|7|3,2022-07-13,True
UAV/Lincoln/TP1/Lincoln-TP1-hybrids_7_30.PNG,,RGB,Lincoln,hybrids,7,30,TP1,629,322,Lincoln|hybrids|7|30,2022-07-13,True
UAV/Lincoln/TP1/Lincoln-TP1-hybrids_7_31.PNG,,RGB,Lincoln,hybrids,7,31,TP1,629,322,Lincoln|hybrids|7|31,2022-07-13,True
UAV/Lincoln/TP1/Lincoln-TP1-hybrids_7_32.PNG,,RGB,Lincoln,hybrids,7,32,TP1,629,321,Lincoln|hybrids|7|32,2022-07-13,True
UAV/Lincoln/TP1/Lincoln-TP1-hybrids_7_33.PNG,,RGB,Lincoln,hybrids,7,33,TP1,630,321,Lincoln|hybrids|7|33,2022-07-13,True
UAV/Lincoln/TP1/Lincoln-TP1-hybrids_7_34.PNG,,RGB,Lincoln,hybrids,7,34,TP1,630,321,Lincoln|hybrids|7|34,2022-07-13,True
UAV/Lincoln/TP1/Lincoln-TP1-hybrids_7_35.PNG,,RGB,Lincoln,hybrids,7,35,TP1,629,321,Lincoln|hybrids|7|35,2022-07-13,True
UAV/Lincoln/TP1/Lincoln-TP1-hybrids_7_36.PNG,,RGB,Lincoln,hybrids,7,36,TP1,629,321,Lincoln|hybrids|7|36,2022-07-13,True
UAV/Lincoln/TP1/Lincoln-TP1-hybrids_7_37.PNG,,RGB,Lincoln,hybrids,7,37,TP1,629,321,Lincoln|hybrids|7|37,2022-07-13,True
UAV/Lincoln/TP1/Lincoln-TP1-hybrids_7_38.PNG,,RGB,Lincoln,hybrids,7,38,TP1,629,321,Lincoln|hybrids|7|38,2022-07-13,True
UAV/Lincoln/TP1/Lincoln-TP1-hybrids_7_39.PNG,,RGB,Lincoln,hybrids,7,39,TP1,629,321,Lincoln|hybrids|7|39,2022-07-13,True
UAV/Lincoln/TP1/Lincoln-TP1-hybrids_7_4.PNG,,RGB,Lincoln,hybrids,7,4,TP1,632,322,Lincoln|hybrids|7|4,2022-07-13,True
UAV/Lincoln/TP1/Lincoln-TP1-hybrids_7_5.PNG,,RGB,Lincoln,hybrids,7,5,TP1,632,322,Lincoln|hybrids|7|5,2022-07-13,True
UAV/Lincoln/TP1/Lincoln-TP1-hybrids_7_6.PNG,,RGB,Lincoln,hybrids,7,6,TP1,632,323,Lincoln|hybrids|7|6,2022-07-13,True
UAV/Lincoln/TP1/Lincoln-TP1-hybrids_7_7.PNG,,RGB,Lincoln,hybrids,7,7,TP1,631,323,Lincoln|hybrids|7|7,2022-07-13,True
UAV/Lincoln/TP1/Lincoln-TP1-hybrids_7_8.PNG,,RGB,Lincoln,hybrids,7,8,TP1,631,323,Lincoln|hybrids|7|8,2022-07-13,True
UAV/Lincoln/TP1/Lincoln-TP1-hybrids_7_9.PNG,,RGB,Lincoln,hybrids,7,9,TP1,631,323,Lincoln|hybrids|7|9,2022-07-13,True
UAV/Lincoln/TP1/Lincoln-TP1-hybrids_8_10.PNG,,RGB,Lincoln,hybrids,8,10,TP1,631,323,Lincoln|hybrids|8|10,2022-07-13,True
UAV/Lincoln/TP1/Lincoln-TP1-hybrids_8_11.PNG,,RGB,Lincoln,hybrids,8,11,TP1,631,322,Lincoln|hybrids|8|11,2022-07-13,True
UAV/Lincoln/TP1/Lincoln-TP1-hybrids_8_12.PNG,,RGB,Lincoln,hybrids,8,12,TP1,631,322,Lincoln|hybrids|8|12,2022-07-13,True
UAV/Lincoln/TP1/Lincoln-TP1-hybrids_8_13.PNG,,RGB,Lincoln,hybrids,8,13,TP1,631,322,Lincoln|hybrids|8|13,2022-07-13,True
UAV/Lincoln/TP1/Lincoln-TP1-hybrids_8_14.PNG,,RGB,Lincoln,hybrids,8,14,TP1,630,322,Lincoln|hybrids|8|14,2022-07-13,True
UAV/Lincoln/TP1/Lincoln-TP1-hybrids_8_15.PNG,,RGB,Lincoln,hybrids,8,15,TP1,631,322,Lincoln|hybrids|8|15,2022-07-13,True
UAV/Lincoln/TP1/Lincoln-TP1-hybrids_8_16.PNG,,RGB,Lincoln,hybrids,8,16,TP1,631,322,Lincoln|hybrids|8|16,2022-07-13,True
UAV/Lincoln/TP1/Lincoln-TP1-hybrids_8_17.PNG,,RGB,Lincoln,hybrids,8,17,TP1,631,322,Lincoln|hybrids|8|17,2022-07-13,True
UAV/Lincoln/TP1/Lincoln-TP1-hybrids_8_18.PNG,,RGB,Lincoln,hybrids,8,18,TP1,630,322,Lincoln|hybrids|8|18,2022-07-13,True
UAV/Lincoln/TP1/Lincoln-TP1-hybrids_8_19.PNG,,RGB,Lincoln,hybrids,8,19,TP1,630,322,Lincoln|hybrids|8|19,2022-07-13,True
UAV/Lincoln/TP1/Lincoln-TP1-hybrids_8_2.PNG,,RGB,Lincoln,hybrids,8,2,TP1,632,322,Lincoln|hybrids|8|2,2022-07-13,True
UAV/Lincoln/TP1/Lincoln-TP1-hybrids_8_20.PNG,,RGB,Lincoln,hybrids,8,20,TP1,630,322,Lincoln|hybrids|8|20,2022-07-13,True
UAV/Lincoln/TP1/Lincoln-TP1-hybrids_8_21.PNG,,RGB,Lincoln,hybrids,8,21,TP1,630,322,Lincoln|hybrids|8|21,2022-07-13,True
UAV/Lincoln/TP1/Lincoln-TP1-hybrids_8_22.PNG,,RGB,Lincoln,hybrids,8,22,TP1,631,322,Lincoln|hybrids|8|22,2022-07-13,True
UAV/Lincoln/TP1/Lincoln-TP1-hybrids_8_23.PNG,,RGB,Lincoln,hybrids,8,23,TP1,630,322,Lincoln|hybrids|8|23,2022-07-13,True
UAV/Lincoln/TP1/Lincoln-TP1-hybrids_8_24.PNG,,RGB,Lincoln,hybrids,8,24,TP1,630,322,Lincoln|hybrids|8|24,2022-07-13,True
UAV/Lincoln/TP1/Lincoln-TP1-hybrids_8_25.PNG,,RGB,Lincoln,hybrids,8,25,TP1,630,321,Lincoln|hybrids|8|25,2022-07-13,True
UAV/Lincoln/TP1/Lincoln-TP1-hybrids_8_26.PNG,,RGB,Lincoln,hybrids,8,26,TP1,630,321,Lincoln|hybrids|8|26,2022-07-13,True
UAV/Lincoln/TP1/Lincoln-TP1-hybrids_8_27.PNG,,RGB,Lincoln,hybrids,8,27,TP1,629,321,Lincoln|hybrids|8|27,2022-07-13,True
UAV/Lincoln/TP1/Lincoln-TP1-hybrids_8_28.PNG,,RGB,Lincoln,hybrids,8,28,TP1,629,321,Lincoln|hybrids|8|28,2022-07-13,True
UAV/Lincoln/TP1/Lincoln-TP1-hybrids_8_29.PNG,,RGB,Lincoln,hybrids,8,29,TP1,630,321,Lincoln|hybrids|8|29,2022-07-13,True
UAV/Lincoln/TP1/Lincoln-TP1-hybrids_8_3.PNG,,RGB,Lincoln,hybrids,8,3,TP1,632,322,Lincoln|hybrids|8|3,2022-07-13,True
UAV/Lincoln/TP1/Lincoln-TP1-hybrids_8_30.PNG,,RGB,Lincoln,hybrids,8,30,TP1,630,321,Lincoln|hybrids|8|30,2022-07-13,True
UAV/Lincoln/TP1/Lincoln-TP1-hybrids_8_31.PNG,,RGB,Lincoln,hybrids,8,31,TP1,629,322,Lincoln|hybrids|8|31,2022-07-13,True
UAV/Lincoln/TP1/Lincoln-TP1-hybrids_8_32.PNG,,RGB,Lincoln,hybrids,8,32,TP1,629,322,Lincoln|hybrids|8|32,2022-07-13,True
UAV/Lincoln/TP1/Lincoln-TP1-hybrids_8_33.PNG,,RGB,Lincoln,hybrids,8,33,TP1,629,322,Lincoln|hybrids|8|33,2022-07-13,True
UAV/Lincoln/TP1/Lincoln-TP1-hybrids_8_34.PNG,,RGB,Lincoln,hybrids,8,34,TP1,629,322,Lincoln|hybrids|8|34,2022-07-13,True
UAV/Lincoln/TP1/Lincoln-TP1-hybrids_8_35.PNG,,RGB,Lincoln,hybrids,8,35,TP1,629,322,Lincoln|hybrids|8|35,2022-07-13,True
UAV/Lincoln/TP1/Lincoln-TP1-hybrids_8_36.PNG,,RGB,Lincoln,hybrids,8,36,TP1,629,322,Lincoln|hybrids|8|36,2022-07-13,True
UAV/Lincoln/TP1/Lincoln-TP1-hybrids_8_37.PNG,,RGB,Lincoln,hybrids,8,37,TP1,629,322,Lincoln|hybrids|8|37,2022-07-13,True
UAV/Lincoln/TP1/Lincoln-TP1-hybrids_8_38.PNG,,RGB,Lincoln,hybrids,8,38,TP1,629,321,Lincoln|hybrids|8|38,2022-07-13,True
UAV/Lincoln/TP1/Lincoln-TP1-hybrids_8_39.PNG,,RGB,Lincoln,hybrids,8,39,TP1,629,321,Lincoln|hybrids|8|39,2022-07-13,True
UAV/Lincoln/TP1/Lincoln-TP1-hybrids_8_4.PNG,,RGB,Lincoln,hybrids,8,4,TP1,632,322,Lincoln|hybrids|8|4,2022-07-13,True
UAV/Lincoln/TP1/Lincoln-TP1-hybrids_8_5.PNG,,RGB,Lincoln,hybrids,8,5,TP1,632,322,Lincoln|hybrids|8|5,2022-07-13,True
UAV/Lincoln/TP1/Lincoln-TP1-hybrids_8_6.PNG,,RGB,Lincoln,hybrids,8,6,TP1,631,322,Lincoln|hybrids|8|6,2022-07-13,True
UAV/Lincoln/TP1/Lincoln-TP1-hybrids_8_7.PNG,,RGB,Lincoln,hybrids,8,7,TP1,631,322,Lincoln|hybrids|8|7,2022-07-13,True
UAV/Lincoln/TP1/Lincoln-TP1-hybrids_8_8.PNG,,RGB,Lincoln,hybrids,8,8,TP1,632,322,Lincoln|hybrids|8|8,2022-07-13,True
UAV/Lincoln/TP1/Lincoln-TP1-hybrids_8_9.PNG,,RGB,Lincoln,hybrids,8,9,TP1,632,322,Lincoln|hybrids|8|9,2022-07-13,True
UAV/Lincoln/TP1/Lincoln-TP1-hybrids_9_10.PNG,,RGB,Lincoln,hybrids,9,10,TP1,631,323,Lincoln|hybrids|9|10,2022-07-13,True
UAV/Lincoln/TP1/Lincoln-TP1-hybrids_9_11.PNG,,RGB,Lincoln,hybrids,9,11,TP1,631,323,Lincoln|hybrids|9|11,2022-07-13,True
UAV/Lincoln/TP1/Lincoln-TP1-hybrids_9_12.PNG,,RGB,Lincoln,hybrids,9,12,TP1,631,322,Lincoln|hybrids|9|12,2022-07-13,True
UAV/Lincoln/TP1/Lincoln-TP1-hybrids_9_13.PNG,,RGB,Lincoln,hybrids,9,13,TP1,631,322,Lincoln|hybrids|9|13,2022-07-13,True
UAV/Lincoln/TP1/Lincoln-TP1-hybrids_9_14.PNG,,RGB,Lincoln,hybrids,9,14,TP1,630,322,Lincoln|hybrids|9|14,2022-07-13,True
UAV/Lincoln/TP1/Lincoln-TP1-hybrids_9_15.PNG,,RGB,Lincoln,hybrids,9,15,TP1,631,322,Lincoln|hybrids|9|15,2022-07-13,True
UAV/Lincoln/TP1/Lincoln-TP1-hybrids_9_16.PNG,,RGB,Lincoln,hybrids,9,16,TP1,631,322,Lincoln|hybrids|9|16,2022-07-13,True
UAV/Lincoln/TP1/Lincoln-TP1-hybrids_9_17.PNG,,RGB,Lincoln,hybrids,9,17,TP1,630,322,Lincoln|hybrids|9|17,2022-07-13,True
UAV/Lincoln/TP1/Lincoln-TP1-hybrids_9_18.PNG,,RGB,Lincoln,hybrids,9,18,TP1,630,322,Lincoln|hybrids|9|18,2022-07-13,True
UAV/Lincoln/TP1/Lincoln-TP1-hybrids_9_19.PNG,,RGB,Lincoln,hybrids,9,19,TP1,631,322,Lincoln|hybrids|9|19,2022-07-13,True
UAV/Lincoln/TP1/Lincoln-TP1-hybrids_9_2.PNG,,RGB,Lincoln,hybrids,9,2,TP1,632,322,Lincoln|hybrids|9|2,2022-07-13,True
UAV/Lincoln/TP1/Lincoln-TP1-hybrids_9_20.PNG,,RGB,Lincoln,hybrids,9,20,TP1,630,322,Lincoln|hybrids|9|20,2022-07-13,True
UAV/Lincoln/TP1/Lincoln-TP1-hybrids_9_21.PNG,,RGB,Lincoln,hybrids,9,21,TP1,630,321,Lincoln|hybrids|9|21,2022-07-13,True
UAV/Lincoln/TP1/Lincoln-TP1-hybrids_9_22.PNG,,RGB,Lincoln,hybrids,9,22,TP1,630,321,Lincoln|hybrids|9|22,2022-07-13,True
UAV/Lincoln/TP1/Lincoln-TP1-hybrids_9_23.PNG,,RGB,Lincoln,hybrids,9,23,TP1,630,321,Lincoln|hybrids|9|23,2022-07-13,True
UAV/Lincoln/TP1/Lincoln-TP1-hybrids_9_24.PNG,,RGB,Lincoln,hybrids,9,24,TP1,630,322,Lincoln|hybrids|9|24,2022-07-13,True
UAV/Lincoln/TP1/Lincoln-TP1-hybrids_9_25.PNG,,RGB,Lincoln,hybrids,9,25,TP1,630,322,Lincoln|hybrids|9|25,2022-07-13,True
UAV/Lincoln/TP1/Lincoln-TP1-hybrids_9_26.PNG,,RGB,Lincoln,hybrids,9,26,TP1,630,322,Lincoln|hybrids|9|26,2022-07-13,True
UAV/Lincoln/TP1/Lincoln-TP1-hybrids_9_27.PNG,,RGB,Lincoln,hybrids,9,27,TP1,629,322,Lincoln|hybrids|9|27,2022-07-13,True
UAV/Lincoln/TP1/Lincoln-TP1-hybrids_9_28.PNG,,RGB,Lincoln,hybrids,9,28,TP1,630,322,Lincoln|hybrids|9|28,2022-07-13,True
UAV/Lincoln/TP1/Lincoln-TP1-hybrids_9_29.PNG,,RGB,Lincoln,hybrids,9,29,TP1,630,322,Lincoln|hybrids|9|29,2022-07-13,True
UAV/Lincoln/TP1/Lincoln-TP1-hybrids_9_3.PNG,,RGB,Lincoln,hybrids,9,3,TP1,632,322,Lincoln|hybrids|9|3,2022-07-13,True
UAV/Lincoln/TP1/Lincoln-TP1-hybrids_9_30.PNG,,RGB,Lincoln,hybrids,9,30,TP1,629,322,Lincoln|hybrids|9|30,2022-07-13,True
UAV/Lincoln/TP1/Lincoln-TP1-hybrids_9_31.PNG,,RGB,Lincoln,hybrids,9,31,TP1,629,321,Lincoln|hybrids|9|31,2022-07-13,True
UAV/Lincoln/TP1/Lincoln-TP1-hybrids_9_32.PNG,,RGB,Lincoln,hybrids,9,32,TP1,630,321,Lincoln|hybrids|9|32,2022-07-13,True
UAV/Lincoln/TP1/Lincoln-TP1-hybrids_9_33.PNG,,RGB,Lincoln,hybrids,9,33,TP1,629,321,Lincoln|hybrids|9|33,2022-07-13,True
UAV/Lincoln/TP1/Lincoln-TP1-hybrids_9_34.PNG,,RGB,Lincoln,hybrids,9,34,TP1,629,321,Lincoln|hybrids|9|34,2022-07-13,True
UAV/Lincoln/TP1/Lincoln-TP1-hybrids_9_35.PNG,,RGB,Lincoln,hybrids,9,35,TP1,629,321,Lincoln|hybrids|9|35,2022-07-13,True
UAV/Lincoln/TP1/Lincoln-TP1-hybrids_9_36.PNG,,RGB,Lincoln,hybrids,9,36,TP1,628,321,Lincoln|hybrids|9|36,2022-07-13,True
UAV/Lincoln/TP1/Lincoln-TP1-hybrids_9_37.PNG,,RGB,Lincoln,hybrids,9,37,TP1,629,322,Lincoln|hybrids|9|37,2022-07-13,True
UAV/Lincoln/TP1/Lincoln-TP1-hybrids_9_38.PNG,,RGB,Lincoln,hybrids,9,38,TP1,629,322,Lincoln|hybrids|9|38,2022-07-13,True
UAV/Lincoln/TP1/Lincoln-TP1-hybrids_9_39.PNG,,RGB,Lincoln,hybrids,9,39,TP1,628,322,Lincoln|hybrids|9|39,2022-07-13,True
UAV/Lincoln/TP1/Lincoln-TP1-hybrids_9_4.PNG,,RGB,Lincoln,hybrids,9,4,TP1,632,322,Lincoln|hybrids|9|4,2022-07-13,True
UAV/Lincoln/TP1/Lincoln-TP1-hybrids_9_5.PNG,,RGB,Lincoln,hybrids,9,5,TP1,631,322,Lincoln|hybrids|9|5,2022-07-13,True
UAV/Lincoln/TP1/Lincoln-TP1-hybrids_9_6.PNG,,RGB,Lincoln,hybrids,9,6,TP1,631,322,Lincoln|hybrids|9|6,2022-07-13,True
UAV/Lincoln/TP1/Lincoln-TP1-hybrids_9_7.PNG,,RGB,Lincoln,hybrids,9,7,TP1,632,322,Lincoln|hybrids|9|7,2022-07-13,True
UAV/Lincoln/TP1/Lincoln-TP1-hybrids_9_8.PNG,,RGB,Lincoln,hybrids,9,8,TP1,631,322,Lincoln|hybrids|9|8,2022-07-13,True
UAV/Lincoln/TP1/Lincoln-TP1-hybrids_9_9.PNG,,RGB,Lincoln,hybrids,9,9,TP1,631,322,Lincoln|hybrids|9|9,2022-07-13,True
UAV/Lincoln/TP2/Lincoln-TP2-hybrids_10_10.PNG,,RGB,Lincoln,hybrids,10,10,TP2,654,334,Lincoln|hybrids|10|10,2022-07-28,True
UAV/Lincoln/TP2/Lincoln-TP2-hybrids_10_11.PNG,,RGB,Lincoln,hybrids,10,11,TP2,654,333,Lincoln|hybrids|10|11,2022-07-28,True
UAV/Lincoln/TP2/Lincoln-TP2-hybrids_10_12.PNG,,RGB,Lincoln,hybrids,10,12,TP2,653,334,Lincoln|hybrids|10|12,2022-07-28,True
UAV/Lincoln/TP2/Lincoln-TP2-hybrids_10_13.PNG,,RGB,Lincoln,hybrids,10,13,TP2,653,333,Lincoln|hybrids|10|13,2022-07-28,True
UAV/Lincoln/TP2/Lincoln-TP2-hybrids_10_14.PNG,,RGB,Lincoln,hybrids,10,14,TP2,653,334,Lincoln|hybrids|10|14,2022-07-28,True
UAV/Lincoln/TP2/Lincoln-TP2-hybrids_10_15.PNG,,RGB,Lincoln,hybrids,10,15,TP2,653,333,Lincoln|hybrids|10|15,2022-07-28,True
UAV/Lincoln/TP2/Lincoln-TP2-hybrids_10_16.PNG,,RGB,Lincoln,hybrids,10,16,TP2,653,334,Lincoln|hybrids|10|16,2022-07-28,True
UAV/Lincoln/TP2/Lincoln-TP2-hybrids_10_17.PNG,,RGB,Lincoln,hybrids,10,17,TP2,652,333,Lincoln|hybrids|10|17,2022-07-28,True
UAV/Lincoln/TP2/Lincoln-TP2-hybrids_10_18.PNG,,RGB,Lincoln,hybrids,10,18,TP2,652,333,Lincoln|hybrids|10|18,2022-07-28,True
UAV/Lincoln/TP2/Lincoln-TP2-hybrids_10_19.PNG,,RGB,Lincoln,hybrids,10,19,TP2,653,334,Lincoln|hybrids|10|19,2022-07-28,True
UAV/Lincoln/TP2/Lincoln-TP2-hybrids_10_2.PNG,,RGB,Lincoln,hybrids,10,2,TP2,654,333,Lincoln|hybrids|10|2,2022-07-28,True
UAV/Lincoln/TP2/Lincoln-TP2-hybrids_10_20.PNG,,RGB,Lincoln,hybrids,10,20,TP2,653,333,Lincoln|hybrids|10|20,2022-07-28,True
UAV/Lincoln/TP2/Lincoln-TP2-hybrids_10_21.PNG,,RGB,Lincoln,hybrids,10,21,TP2,653,334,Lincoln|hybrids|10|21,2022-07-28,True
UAV/Lincoln/TP2/Lincoln-TP2-hybrids_10_22.PNG,,RGB,Lincoln,hybrids,10,22,TP2,653,333,Lincoln|hybrids|10|22,2022-07-28,True
UAV/Lincoln/TP2/Lincoln-TP2-hybrids_10_23.PNG,,RGB,Lincoln,hybrids,10,23,TP2,652,334,Lincoln|hybrids|10|23,2022-07-28,True
UAV/Lincoln/TP2/Lincoln-TP2-hybrids_10_24.PNG,,RGB,Lincoln,hybrids,10,24,TP2,652,333,Lincoln|hybrids|10|24,2022-07-28,True
UAV/Lincoln/TP2/Lincoln-TP2-hybrids_10_25.PNG,,RGB,Lincoln,hybrids,10,25,TP2,652,333,Lincoln|hybrids|10|25,2022-07-28,True
UAV/Lincoln/TP2/Lincoln-TP2-hybrids_10_26.PNG,,RGB,Lincoln,hybrids,10,26,TP2,652,333,Lincoln|hybrids|10|26,2022-07-28,True
UAV/Lincoln/TP2/Lincoln-TP2-hybrids_10_27.PNG,,RGB,Lincoln,hybrids,10,27,TP2,652,333,Lincoln|hybrids|10|27,2022-07-28,True
UAV/Lincoln/TP2/Lincoln-TP2-hybrids_10_28.PNG,,RGB,Lincoln,hybrids,10,28,TP2,651,333,Lincoln|hybrids|10|28,2022-07-28,True
UAV/Lincoln/TP2/Lincoln-TP2-hybrids_10_29.PNG,,RGB,Lincoln,hybrids,10,29,TP2,652,333,Lincoln|hybrids|10|29,2022-07-28,True
UAV/Lincoln/TP2/Lincoln-TP2-hybrids_10_3.PNG,,RGB,Lincoln,hybrids,10,3,TP2,654,334,Lincoln|hybrids|10|3,2022-07-28,True
UAV/Lincoln/TP2/Lincoln-TP2-hybrids_10_30.PNG,,RGB,Lincoln,hybrids,10,30,TP2,652,333,Lincoln|hybrids|10|30,2022-07-28,True
UAV/Lincoln/TP2/Lincoln-TP2-hybrids_10_31.PNG,,RGB,Lincoln,hybrids,10,31,TP2,652,333,Lincoln|hybrids|10|31,2022-07-28,True
UAV/Lincoln/TP2/Lincoln-TP2-hybrids_10_32.PNG,,RGB,Lincoln,hybrids,10,32,TP2,652,333,Lincoln|hybrids|10|32,2022-07-28,True
UAV/Lincoln/TP2/Lincoln-TP2-hybrids_10_33.PNG,,RGB,Lincoln,hybrids,10,33,TP2,651,333,Lincoln|hybrids|10|33,2022-07-28,True
UAV/Lincoln/TP2/Lincoln-TP2-hybrids_10_34.PNG,,RGB,Lincoln,hybrids,10,34,TP2,651,333,Lincoln|hybrids|10|34,2022-07-28,True
UAV/Lincoln/TP2/Lincoln-TP2-hybrids_10_35.PNG,,RGB,Lincoln,hybrids,10,35,TP2,651,333,Lincoln|hybrids|10|35,2022-07-28,True
UAV/Lincoln/TP2/Lincoln-TP2-hybrids_10_36.PNG,,RGB,Lincoln,hybrids,10,36,TP2,651,333,Lincoln|hybrids|10|36,2022-07-28,True
UAV/Lincoln/TP2/Lincoln-TP2-hybrids_10_37.PNG,,RGB,Lincoln,hybrids,10,37,TP2,651,333,Lincoln|hybrids|10|37,2022-07-28,True
UAV/Lincoln/TP2/Lincoln-TP2-hybrids_10_38.PNG,,RGB,Lincoln,hybrids,10,38,TP2,650,333,Lincoln|hybrids|10|38,2022-07-28,True
UAV/Lincoln/TP2/Lincoln-TP2-hybrids_10_39.PNG,,RGB,Lincoln,hybrids,10,39,TP2,650,332,Lincoln|hybrids|10|39,2022-07-28,True
UAV/Lincoln/TP2/Lincoln-TP2-hybrids_10_4.PNG,,RGB,Lincoln,hybrids,10,4,TP2,654,333,Lincoln|hybrids|10|4,2022-07-28,True
UAV/Lincoln/TP2/Lincoln-TP2-hybrids_10_5.PNG,,RGB,Lincoln,hybrids,10,5,TP2,654,334,Lincoln|hybrids|10|5,2022-07-28,True
UAV/Lincoln/TP2/Lincoln-TP2-hybrids_10_6.PNG,,RGB,Lincoln,hybrids,10,6,TP2,654,334,Lincoln|hybrids|10|6,2022-07-28,True
UAV/Lincoln/TP2/Lincoln-TP2-hybrids_10_7.PNG,,RGB,Lincoln,hybrids,10,7,TP2,653,334,Lincoln|hybrids|10|7,2022-07-28,True
UAV/Lincoln/TP2/Lincoln-TP2-hybrids_10_8.PNG,,RGB,Lincoln,hybrids,10,8,TP2,653,334,Lincoln|hybrids|10|8,2022-07-28,True
UAV/Lincoln/TP2/Lincoln-TP2-hybrids_10_9.PNG,,RGB,Lincoln,hybrids,10,9,TP2,654,334,Lincoln|hybrids|10|9,2022-07-28,True
UAV/Lincoln/TP2/Lincoln-TP2-hybrids_11_10.PNG,,RGB,Lincoln,hybrids,11,10,TP2,653,334,Lincoln|hybrids|11|10,2022-07-28,True
UAV/Lincoln/TP2/Lincoln-TP2-hybrids_11_11.PNG,,RGB,Lincoln,hybrids,11,11,TP2,653,333,Lincoln|hybrids|11|11,2022-07-28,True
UAV/Lincoln/TP2/Lincoln-TP2-hybrids_11_12.PNG,,RGB,Lincoln,hybrids,11,12,TP2,653,334,Lincoln|hybrids|11|12,2022-07-28,True
UAV/Lincoln/TP2/Lincoln-TP2-hybrids_11_13.PNG,,RGB,Lincoln,hybrids,11,13,TP2,654,333,Lincoln|hybrids|11|13,2022-07-28,True
UAV/Lincoln/TP2/Lincoln-TP2-hybrids_11_14.PNG,,RGB,Lincoln,hybrids,11,14,TP2,653,334,Lincoln|hybrids|11|14,2022-07-28,True
UAV/Lincoln/TP2/Lincoln-TP2-hybrids_11_15.PNG,,RGB,Lincoln,hybrids,11,15,TP2,653,333,Lincoln|hybrids|11|15,2022-07-28,True
UAV/Lincoln/TP2/Lincoln-TP2-hybrids_11_16.PNG,,RGB,Lincoln,hybrids,11,16,TP2,653,334,Lincoln|hybrids|11|16,2022-07-28,True
UAV/Lincoln/TP2/Lincoln-TP2-hybrids_11_17.PNG,,RGB,Lincoln,hybrids,11,17,TP2,652,333,Lincoln|hybrids|11|17,2022-07-28,True
UAV/Lincoln/TP2/Lincoln-TP2-hybrids_11_18.PNG,,RGB,Lincoln,hybrids,11,18,TP2,653,333,Lincoln|hybrids|11|18,2022-07-28,True
UAV/Lincoln/TP2/Lincoln-TP2-hybrids_11_19.PNG,,RGB,Lincoln,hybrids,11,19,TP2,653,333,Lincoln|hybrids|11|19,2022-07-28,True
UAV/Lincoln/TP2/Lincoln-TP2-hybrids_11_2.PNG,,RGB,Lincoln,hybrids,11,2,TP2,654,334,Lincoln|hybrids|11|2,2022-07-28,True
UAV/Lincoln/TP2/Lincoln-TP2-hybrids_11_20.PNG,,RGB,Lincoln,hybrids,11,20,TP2,653,333,Lincoln|hybrids|11|20,2022-07-28,True
UAV/Lincoln/TP2/Lincoln-TP2-hybrids_11_21.PNG,,RGB,Lincoln,hybrids,11,21,TP2,652,333,Lincoln|hybrids|11|21,2022-07-28,True
UAV/Lincoln/TP2/Lincoln-TP2-hybrids_11_22.PNG,,RGB,Lincoln,hybrids,11,22,TP2,652,333,Lincoln|hybrids|11|22,2022-07-28,True
UAV/Lincoln/TP2/Lincoln-TP2-hybrids_11_23.PNG,,RGB,Lincoln,hybrids,11,23,TP2,652,334,Lincoln|hybrids|11|23,2022-07-28,True
UAV/Lincoln/TP2/Lincoln-TP2-hybrids_11_24.PNG,,RGB,Lincoln,hybrids,11,24,TP2,652,333,Lincoln|hybrids|11|24,2022-07-28,True
UAV/Lincoln/TP2/Lincoln-TP2-hybrids_11_25.PNG,,RGB,Lincoln,hybrids,11,25,TP2,652,334,Lincoln|hybrids|11|25,2022-07-28,True
UAV/Lincoln/TP2/Lincoln-TP2-hybrids_11_26.PNG,,RGB,Lincoln,hybrids,11,26,TP2,652,333,Lincoln|hybrids|11|26,2022-07-28,True
UAV/Lincoln/TP2/Lincoln-TP2-hybrids_11_27.PNG,,RGB,Lincoln,hybrids,11,27,TP2,652,334,Lincoln|hybrids|11|27,2022-07-28,True
UAV/Lincoln/TP2/Lincoln-TP2-hybrids_11_28.PNG,,RGB,Lincoln,hybrids,11,28,TP2,651,333,Lincoln|hybrids|11|28,2022-07-28,True
UAV/Lincoln/TP2/Lincoln-TP2-hybrids_11_29.PNG,,RGB,Lincoln,hybrids,11,29,TP2,652,334,Lincoln|hybrids|11|29,2022-07-28,True
UAV/Lincoln/TP2/Lincoln-TP2-hybrids_11_3.PNG,,RGB,Lincoln,hybrids,11,3,TP2,654,334,Lincoln|hybrids|11|3,2022-07-28,True
UAV/Lincoln/TP2/Lincoln-TP2-hybrids_11_30.PNG,,RGB,Lincoln,hybrids,11,30,TP2,652,333,Lincoln|hybrids|11|30,2022-07-28,True
UAV/Lincoln/TP2/Lincoln-TP2-hybrids_11_31.PNG,,RGB,Lincoln,hybrids,11,31,TP2,651,333,Lincoln|hybrids|11|31,2022-07-28,True
UAV/Lincoln/TP2/Lincoln-TP2-hybrids_11_32.PNG,,RGB,Lincoln,hybrids,11,32,TP2,651,333,Lincoln|hybrids|11|32,2022-07-28,True
UAV/Lincoln/TP2/Lincoln-TP2-hybrids_11_33.PNG,,RGB,Lincoln,hybrids,11,33,TP2,651,333,Lincoln|hybrids|11|33,2022-07-28,True
UAV/Lincoln/TP2/Lincoln-TP2-hybrids_11_34.PNG,,RGB,Lincoln,hybrids,11,34,TP2,652,333,Lincoln|hybrids|11|34,2022-07-28,True
UAV/Lincoln/TP2/Lincoln-TP2-hybrids_11_35.PNG,,RGB,Lincoln,hybrids,11,35,TP2,651,333,Lincoln|hybrids|11|35,2022-07-28,True
UAV/Lincoln/TP2/Lincoln-TP2-hybrids_11_36.PNG,,RGB,Lincoln,hybrids,11,36,TP2,651,333,Lincoln|hybrids|11|36,2022-07-28,True
UAV/Lincoln/TP2/Lincoln-TP2-hybrids_11_37.PNG,,RGB,Lincoln,hybrids,11,37,TP2,651,333,Lincoln|hybrids|11|37,2022-07-28,True
UAV/Lincoln/TP2/Lincoln-TP2-hybrids_11_38.PNG,,RGB,Lincoln,hybrids,11,38,TP2,650,333,Lincoln|hybrids|11|38,2022-07-28,True
UAV/Lincoln/TP2/Lincoln-TP2-hybrids_11_39.PNG,,RGB,Lincoln,hybrids,11,39,TP2,651,333,Lincoln|hybrids|11|39,2022-07-28,True
UAV/Lincoln/TP2/Lincoln-TP2-hybrids_11_4.PNG,,RGB,Lincoln,hybrids,11,4,TP2,654,334,Lincoln|hybrids|11|4,2022-07-28,True
UAV/Lincoln/TP2/Lincoln-TP2-hybrids_11_5.PNG,,RGB,Lincoln,hybrids,11,5,TP2,654,333,Lincoln|hybrids|11|5,2022-07-28,True
UAV/Lincoln/TP2/Lincoln-TP2-hybrids_11_6.PNG,,RGB,Lincoln,hybrids,11,6,TP2,654,334,Lincoln|hybrids|11|6,2022-07-28,True
UAV/Lincoln/TP2/Lincoln-TP2-hybrids_11_7.PNG,,RGB,Lincoln,hybrids,11,7,TP2,653,333,Lincoln|hybrids|11|7,2022-07-28,True
UAV/Lincoln/TP2/Lincoln-TP2-hybrids_11_8.PNG,,RGB,Lincoln,hybrids,11,8,TP2,654,334,Lincoln|hybrids|11|8,2022-07-28,True
UAV/Lincoln/TP2/Lincoln-TP2-hybrids_11_9.PNG,,RGB,Lincoln,hybrids,11,9,TP2,654,333,Lincoln|hybrids|11|9,2022-07-28,True
UAV/Lincoln/TP2/Lincoln-TP2-hybrids_12_10.PNG,,RGB,Lincoln,hybrids,12,10,TP2,653,334,Lincoln|hybrids|12|10,2022-07-28,True
UAV/Lincoln/TP2/Lincoln-TP2-hybrids_12_11.PNG,,RGB,Lincoln,hybrids,12,11,TP2,654,334,Lincoln|hybrids|12|11,2022-07-28,True
UAV/Lincoln/TP2/Lincoln-TP2-hybrids_12_12.PNG,,RGB,Lincoln,hybrids,12,12,TP2,653,334,Lincoln|hybrids|12|12,2022-07-28,True
UAV/Lincoln/TP2/Lincoln-TP2-hybrids_12_13.PNG,,RGB,Lincoln,hybrids,12,13,TP2,653,333,Lincoln|hybrids|12|13,2022-07-28,True
UAV/Lincoln/TP2/Lincoln-TP2-hybrids_12_14.PNG,,RGB,Lincoln,hybrids,12,14,TP2,653,334,Lincoln|hybrids|12|14,2022-07-28,True
UAV/Lincoln/TP2/Lincoln-TP2-hybrids_12_15.PNG,,RGB,Lincoln,hybrids,12,15,TP2,653,333,Lincoln|hybrids|12|15,2022-07-28,True
UAV/Lincoln/TP2/Lincoln-TP2-hybrids_12_16.PNG,,RGB,Lincoln,hybrids,12,16,TP2,653,334,Lincoln|hybrids|12|16,2022-07-28,True
UAV/Lincoln/TP2/Lincoln-TP2-hybrids_12_17.PNG,,RGB,Lincoln,hybrids,12,17,TP2,652,333,Lincoln|hybrids|12|17,2022-07-28,True
UAV/Lincoln/TP2/Lincoln-TP2-hybrids_12_18.PNG,,RGB,Lincoln,hybrids,12,18,TP2,653,334,Lincoln|hybrids|12|18,2022-07-28,True
UAV/Lincoln/TP2/Lincoln-TP2-hybrids_12_19.PNG,,RGB,Lincoln,hybrids,12,19,TP2,653,333,Lincoln|hybrids|12|19,2022-07-28,True
UAV/Lincoln/TP2/Lincoln-TP2-hybrids_12_2.PNG,,RGB,Lincoln,hybrids,12,2,TP2,654,334,Lincoln|hybrids|12|2,2022-07-28,True
UAV/Lincoln/TP2/Lincoln-TP2-hybrids_12_20.PNG,,RGB,Lincoln,hybrids,12,20,TP2,652,334,Lincoln|hybrids|12|20,2022-07-28,True
UAV/Lincoln/TP2/Lincoln-TP2-hybrids_12_21.PNG,,RGB,Lincoln,hybrids,12,21,TP2,652,333,Lincoln|hybrids|12|21,2022-07-28,True
UAV/Lincoln/TP2/Lincoln-TP2-hybrids_12_22.PNG,,RGB,Lincoln,hybrids,12,22,TP2,652,333,Lincoln|hybrids|12|22,2022-07-28,True
UAV/Lincoln/TP2/Lincoln-TP2-hybrids_12_23.PNG,,RGB,Lincoln,hybrids,12,23,TP2,652,333,Lincoln|hybrids|12|23,2022-07-28,True
UAV/Lincoln/TP2/Lincoln-TP2-hybrids_12_24.PNG,,RGB,Lincoln,hybrids,12,24,TP2,652,333,Lincoln|hybrids|12|24,2022-07-28,True
UAV/Lincoln/TP2/Lincoln-TP2-hybrids_12_25.PNG,,RGB,Lincoln,hybrids,12,25,TP2,652,333,Lincoln|hybrids|12|25,2022-07-28,True
UAV/Lincoln/TP2/Lincoln-TP2-hybrids_12_26.PNG,,RGB,Lincoln,hybrids,12,26,TP2,652,333,Lincoln|hybrids|12|26,2022-07-28,True
UAV/Lincoln/TP2/Lincoln-TP2-hybrids_12_27.PNG,,RGB,Lincoln,hybrids,12,27,TP2,652,333,Lincoln|hybrids|12|27,2022-07-28,True
UAV/Lincoln/TP2/Lincoln-TP2-hybrids_12_28.PNG,,RGB,Lincoln,hybrids,12,28,TP2,651,333,Lincoln|hybrids|12|28,2022-07-28,True
UAV/Lincoln/TP2/Lincoln-TP2-hybrids_12_29.PNG,,RGB,Lincoln,hybrids,12,29,TP2,652,333,Lincoln|hybrids|12|29,2022-07-28,True
UAV/Lincoln/TP2/Lincoln-TP2-hybrids_12_3.PNG,,RGB,Lincoln,hybrids,12,3,TP2,654,334,Lincoln|hybrids|12|3,2022-07-28,True
UAV/Lincoln/TP2/Lincoln-TP2-hybrids_12_30.PNG,,RGB,Lincoln,hybrids,12,30,TP2,651,333,Lincoln|hybrids|12|30,2022-07-28,True
UAV/Lincoln/TP2/Lincoln-TP2-hybrids_12_31.PNG,,RGB,Lincoln,hybrids,12,31,TP2,651,333,Lincoln|hybrids|12|31,2022-07-28,True
UAV/Lincoln/TP2/Lincoln-TP2-hybrids_12_32.PNG,,RGB,Lincoln,hybrids,12,32,TP2,652,333,Lincoln|hybrids|12|32,2022-07-28,True
UAV/Lincoln/TP2/Lincoln-TP2-hybrids_12_33.PNG,,RGB,Lincoln,hybrids,12,33,TP2,651,333,Lincoln|hybrids|12|33,2022-07-28,True
UAV/Lincoln/TP2/Lincoln-TP2-hybrids_12_34.PNG,,RGB,Lincoln,hybrids,12,34,TP2,651,333,Lincoln|hybrids|12|34,2022-07-28,True
UAV/Lincoln/TP2/Lincoln-TP2-hybrids_12_35.PNG,,RGB,Lincoln,hybrids,12,35,TP2,651,333,Lincoln|hybrids|12|35,2022-07-28,True
UAV/Lincoln/TP2/Lincoln-TP2-hybrids_12_36.PNG,,RGB,Lincoln,hybrids,12,36,TP2,651,333,Lincoln|hybrids|12|36,2022-07-28,True
UAV/Lincoln/TP2/Lincoln-TP2-hybrids_12_37.PNG,,RGB,Lincoln,hybrids,12,37,TP2,651,333,Lincoln|hybrids|12|37,2022-07-28,True
UAV/Lincoln/TP2/Lincoln-TP2-hybrids_12_38.PNG,,RGB,Lincoln,hybrids,12,38,TP2,650,332,Lincoln|hybrids|12|38,2022-07-28,True
UAV/Lincoln/TP2/Lincoln-TP2-hybrids_12_39.PNG,,RGB,Lincoln,hybrids,12,39,TP2,651,333,Lincoln|hybrids|12|39,2022-07-28,True
UAV/Lincoln/TP2/Lincoln-TP2-hybrids_12_4.PNG,,RGB,Lincoln,hybrids,12,4,TP2,654,334,Lincoln|hybrids|12|4,2022-07-28,True
UAV/Lincoln/TP2/Lincoln-TP2-hybrids_12_5.PNG,,RGB,Lincoln,hybrids,12,5,TP2,654,334,Lincoln|hybrids|12|5,2022-07-28,True
UAV/Lincoln/TP2/Lincoln-TP2-hybrids_12_6.PNG,,RGB,Lincoln,hybrids,12,6,TP2,654,334,Lincoln|hybrids|12|6,2022-07-28,True
UAV/Lincoln/TP2/Lincoln-TP2-hybrids_12_7.PNG,,RGB,Lincoln,hybrids,12,7,TP2,653,334,Lincoln|hybrids|12|7,2022-07-28,True
UAV/Lincoln/TP2/Lincoln-TP2-hybrids_12_8.PNG,,RGB,Lincoln,hybrids,12,8,TP2,654,334,Lincoln|hybrids|12|8,2022-07-28,True
UAV/Lincoln/TP2/Lincoln-TP2-hybrids_12_9.PNG,,RGB,Lincoln,hybrids,12,9,TP2,653,334,Lincoln|hybrids|12|9,2022-07-28,True
UAV/Lincoln/TP2/Lincoln-TP2-hybrids_13_10.PNG,,RGB,Lincoln,hybrids,13,10,TP2,654,333,Lincoln|hybrids|13|10,2022-07-28,True
UAV/Lincoln/TP2/Lincoln-TP2-hybrids_13_11.PNG,,RGB,Lincoln,hybrids,13,11,TP2,653,334,Lincoln|hybrids|13|11,2022-07-28,True
UAV/Lincoln/TP2/Lincoln-TP2-hybrids_13_12.PNG,,RGB,Lincoln,hybrids,13,12,TP2,653,334,Lincoln|hybrids|13|12,2022-07-28,True
UAV/Lincoln/TP2/Lincoln-TP2-hybrids_13_13.PNG,,RGB,Lincoln,hybrids,13,13,TP2,653,334,Lincoln|hybrids|13|13,2022-07-28,True
UAV/Lincoln/TP2/Lincoln-TP2-hybrids_13_14.PNG,,RGB,Lincoln,hybrids,13,14,TP2,653,334,Lincoln|hybrids|13|14,2022-07-28,True
UAV/Lincoln/TP2/Lincoln-TP2-hybrids_13_15.PNG,,RGB,Lincoln,hybrids,13,15,TP2,652,333,Lincoln|hybrids|13|15,2022-07-28,True
UAV/Lincoln/TP2/Lincoln-TP2-hybrids_13_16.PNG,,RGB,Lincoln,hybrids,13,16,TP2,653,334,Lincoln|hybrids|13|16,2022-07-28,True
UAV/Lincoln/TP2/Lincoln-TP2-hybrids_13_17.PNG,,RGB,Lincoln,hybrids,13,17,TP2,652,333,Lincoln|hybrids|13|17,2022-07-28,True
UAV/Lincoln/TP2/Lincoln-TP2-hybrids_13_18.PNG,,RGB,Lincoln,hybrids,13,18,TP2,653,334,Lincoln|hybrids|13|18,2022-07-28,True
UAV/Lincoln/TP2/Lincoln-TP2-hybrids_13_19.PNG,,RGB,Lincoln,hybrids,13,19,TP2,652,333,Lincoln|hybrids|13|19,2022-07-28,True
UAV/Lincoln/TP2/Lincoln-TP2-hybrids_13_2.PNG,,RGB,Lincoln,hybrids,13,2,TP2,654,334,Lincoln|hybrids|13|2,2022-07-28,True
UAV/Lincoln/TP2/Lincoln-TP2-hybrids_13_20.PNG,,RGB,Lincoln,hybrids,13,20,TP2,652,334,Lincoln|hybrids|13|20,2022-07-28,True
UAV/Lincoln/TP2/Lincoln-TP2-hybrids_13_21.PNG,,RGB,Lincoln,hybrids,13,21,TP2,652,333,Lincoln|hybrids|13|21,2022-07-28,True
UAV/Lincoln/TP2/Lincoln-TP2-hybrids_13_22.PNG,,RGB,Lincoln,hybrids,13,22,TP2,652,334,Lincoln|hybrids|13|22,2022-07-28,True
UAV/Lincoln/TP2/Lincoln-TP2-hybrids_13_23.PNG,,RGB,Lincoln,hybrids,13,23,TP2,653,333,Lincoln|hybrids|13|23,2022-07-28,True
UAV/Lincoln/TP2/Lincoln-TP2-hybrids_13_24.PNG,,RGB,Lincoln,hybrids,13,24,TP2,652,334,Lincoln|hybrids|13|24,2022-07-28,True
UAV/Lincoln/TP2/Lincoln-TP2-hybrids_13_25.PNG,,RGB,Lincoln,hybrids,13,25,TP2,652,333,Lincoln|hybrids|13|25,2022-07-28,True
UAV/Lincoln/TP2/Lincoln-TP2-hybrids_13_26.PNG,,RGB,Lincoln,hybrids,13,26,TP2,652,333,Lincoln|hybrids|13|26,2022-07-28,True
UAV/Lincoln/TP2/Lincoln-TP2-hybrids_13_27.PNG,,RGB,Lincoln,hybrids,13,27,TP2,652,333,Lincoln|hybrids|13|27,2022-07-28,True
UAV/Lincoln/TP2/Lincoln-TP2-hybrids_13_28.PNG,,RGB,Lincoln,hybrids,13,28,TP2,651,333,Lincoln|hybrids|13|28,2022-07-28,True
UAV/Lincoln/TP2/Lincoln-TP2-hybrids_13_29.PNG,,RGB,Lincoln,hybrids,13,29,TP2,652,333,Lincoln|hybrids|13|29,2022-07-28,True
UAV/Lincoln/TP2/Lincoln-TP2-hybrids_13_3.PNG,,RGB,Lincoln,hybrids,13,3,TP2,654,334,Lincoln|hybrids|13|3,2022-07-28,True
UAV/Lincoln/TP2/Lincoln-TP2-hybrids_13_30.PNG,,RGB,Lincoln,hybrids,13,30,TP2,651,333,Lincoln|hybrids|13|30,2022-07-28,True
UAV/Lincoln/TP2/Lincoln-TP2-hybrids_13_31.PNG,,RGB,Lincoln,hybrids,13,31,TP2,652,333,Lincoln|hybrids|13|31,2022-07-28,True
UAV/Lincoln/TP2/Lincoln-TP2-hybrids_13_32.PNG,,RGB,Lincoln,hybrids,13,32,TP2,651,333,Lincoln|hybrids|13|32,2022-07-28,True
UAV/Lincoln/TP2/Lincoln-TP2-hybrids_13_33.PNG,,RGB,Lincoln,hybrids,13,33,TP2,651,333,Lincoln|hybrids|13|33,2022-07-28,True
UAV/Lincoln/TP2/Lincoln-TP2-hybrids_13_34.PNG,,RGB,Lincoln,hybrids,13,34,TP2,651,333,Lincoln|hybrids|13|34,2022-07-28,True
UAV/Lincoln/TP2/Lincoln-TP2-hybrids_13_35.PNG,,RGB,Lincoln,hybrids,13,35,TP2,651,332,Lincoln|hybrids|13|35,2022-07-28,True
UAV/Lincoln/TP2/Lincoln-TP2-hybrids_13_36.PNG,,RGB,Lincoln,hybrids,13,36,TP2,650,333,Lincoln|hybrids|13|36,2022-07-28,True
UAV/Lincoln/TP2/Lincoln-TP2-hybrids_13_37.PNG,,RGB,Lincoln,hybrids,13,37,TP2,651,333,Lincoln|hybrids|13|37,2022-07-28,True
UAV/Lincoln/TP2/Lincoln-TP2-hybrids_13_38.PNG,,RGB,Lincoln,hybrids,13,38,TP2,650,333,Lincoln|hybrids|13|38,2022-07-28,True
UAV/Lincoln/TP2/Lincoln-TP2-hybrids_13_39.PNG,,RGB,Lincoln,hybrids,13,39,TP2,651,333,Lincoln|hybrids|13|39,2022-07-28,True
UAV/Lincoln/TP2/Lincoln-TP2-hybrids_13_4.PNG,,RGB,Lincoln,hybrids,13,4,TP2,653,334,Lincoln|hybrids|13|4,2022-07-28,True
UAV/Lincoln/TP2/Lincoln-TP2-hybrids_13_5.PNG,,RGB,Lincoln,hybrids,13,5,TP2,654,334,Lincoln|hybrids|13|5,2022-07-28,True
UAV/Lincoln/TP2/Lincoln-TP2-hybrids_13_6.PNG,,RGB,Lincoln,hybrids,13,6,TP2,654,333,Lincoln|hybrids|13|6,2022-07-28,True
UAV/Lincoln/TP2/Lincoln-TP2-hybrids_13_7.PNG,,RGB,Lincoln,hybrids,13,7,TP2,653,334,Lincoln|hybrids|13|7,2022-07-28,True
UAV/Lincoln/TP2/Lincoln-TP2-hybrids_13_8.PNG,,RGB,Lincoln,hybrids,13,8,TP2,654,333,Lincoln|hybrids|13|8,2022-07-28,True
UAV/Lincoln/TP2/Lincoln-TP2-hybrids_13_9.PNG,,RGB,Lincoln,hybrids,13,9,TP2,653,334,Lincoln|hybrids|13|9,2022-07-28,True
UAV/Lincoln/TP2/Lincoln-TP2-hybrids_14_10.PNG,,RGB,Lincoln,hybrids,14,10,TP2,653,333,Lincoln|hybrids|14|10,2022-07-28,True
UAV/Lincoln/TP2/Lincoln-TP2-hybrids_14_11.PNG,,RGB,Lincoln,hybrids,14,11,TP2,653,334,Lincoln|hybrids|14|11,2022-07-28,True
UAV/Lincoln/TP2/Lincoln-TP2-hybrids_14_12.PNG,,RGB,Lincoln,hybrids,14,12,TP2,653,333,Lincoln|hybrids|14|12,2022-07-28,True
UAV/Lincoln/TP2/Lincoln-TP2-hybrids_14_13.PNG,,RGB,Lincoln,hybrids,14,13,TP2,653,334,Lincoln|hybrids|14|13,2022-07-28,True
UAV/Lincoln/TP2/Lincoln-TP2-hybrids_14_14.PNG,,RGB,Lincoln,hybrids,14,14,TP2,653,334,Lincoln|hybrids|14|14,2022-07-28,True
UAV/Lincoln/TP2/Lincoln-TP2-hybrids_14_15.PNG,,RGB,Lincoln,hybrids,14,15,TP2,652,334,Lincoln|hybrids|14|15,2022-07-28,True
UAV/Lincoln/TP2/Lincoln-TP2-hybrids_14_16.PNG,,RGB,Lincoln,hybrids,14,16,TP2,653,334,Lincoln|hybrids|14|16,2022-07-28,True
UAV/Lincoln/TP2/Lincoln-TP2-hybrids_14_17.PNG,,RGB,Lincoln,hybrids,14,17,TP2,652,333,Lincoln|hybrids|14|17,2022-07-28,True
UAV/Lincoln/TP2/Lincoln-TP2-hybrids_14_18.PNG,,RGB,Lincoln,hybrids,14,18,TP2,653,334,Lincoln|hybrids|14|18,2022-07-28,True
UAV/Lincoln/TP2/Lincoln-TP2-hybrids_14_19.PNG,,RGB,Lincoln,hybrids,14,19,TP2,652,333,Lincoln|hybrids|14|19,2022-07-28,True
UAV/Lincoln/TP2/Lincoln-TP2-hybrids_14_2.PNG,,RGB,Lincoln,hybrids,14,2,TP2,654,334,Lincoln|hybrids|14|2,2022-07-28,True
UAV/Lincoln/TP2/Lincoln-TP2-hybrids_14_20.PNG,,RGB,Lincoln,hybrids,14,20,TP2,653,334,Lincoln|hybrids|14|20,2022-07-28,True
UAV/Lincoln/TP2/Lincoln-TP2-hybrids_14_21.PNG,,RGB,Lincoln,hybrids,14,21,TP2,652,333,Lincoln|hybrids|14|21,2022-07-28,True
UAV/Lincoln/TP2/Lincoln-TP2-hybrids_14_22.PNG,,RGB,Lincoln,hybrids,14,22,TP2,652,333,Lincoln|hybrids|14|22,2022-07-28,True
UAV/Lincoln/TP2/Lincoln-TP2-hybrids_14_23.PNG,,RGB,Lincoln,hybrids,14,23,TP2,652,333,Lincoln|hybrids|14|23,2022-07-28,True
UAV/Lincoln/TP2/Lincoln-TP2-hybrids_14_24.PNG,,RGB,Lincoln,hybrids,14,24,TP2,651,333,Lincoln|hybrids|14|24,2022-07-28,True
UAV/Lincoln/TP2/Lincoln-TP2-hybrids_14_25.PNG,,RGB,Lincoln,hybrids,14,25,TP2,652,334,Lincoln|hybrids|14|25,2022-07-28,True
UAV/Lincoln/TP2/Lincoln-TP2-hybrids_14_26.PNG,,RGB,Lincoln,hybrids,14,26,TP2,651,333,Lincoln|hybrids|14|26,2022-07-28,True
UAV/Lincoln/TP2/Lincoln-TP2-hybrids_14_27.PNG,,RGB,Lincoln,hybrids,14,27,TP2,652,334,Lincoln|hybrids|14|27,2022-07-28,True
UAV/Lincoln/TP2/Lincoln-TP2-hybrids_14_28.PNG,,RGB,Lincoln,hybrids,14,28,TP2,651,333,Lincoln|hybrids|14|28,2022-07-28,True
UAV/Lincoln/TP2/Lincoln-TP2-hybrids_14_29.PNG,,RGB,Lincoln,hybrids,14,29,TP2,651,333,Lincoln|hybrids|14|29,2022-07-28,True
UAV/Lincoln/TP2/Lincoln-TP2-hybrids_14_3.PNG,,RGB,Lincoln,hybrids,14,3,TP2,654,333,Lincoln|hybrids|14|3,2022-07-28,True
UAV/Lincoln/TP2/Lincoln-TP2-hybrids_14_30.PNG,,RGB,Lincoln,hybrids,14,30,TP2,651,333,Lincoln|hybrids|14|30,2022-07-28,True
UAV/Lincoln/TP2/Lincoln-TP2-hybrids_14_31.PNG,,RGB,Lincoln,hybrids,14,31,TP2,651,333,Lincoln|hybrids|14|31,2022-07-28,True
UAV/Lincoln/TP2/Lincoln-TP2-hybrids_14_32.PNG,,RGB,Lincoln,hybrids,14,32,TP2,651,333,Lincoln|hybrids|14|32,2022-07-28,True
UAV/Lincoln/TP2/Lincoln-TP2-hybrids_14_33.PNG,,RGB,Lincoln,hybrids,14,33,TP2,651,333,Lincoln|hybrids|14|33,2022-07-28,True
UAV/Lincoln/TP2/Lincoln-TP2-hybrids_14_34.PNG,,RGB,Lincoln,hybrids,14,34,TP2,651,333,Lincoln|hybrids|14|34,2022-07-28,True
UAV/Lincoln/TP2/Lincoln-TP2-hybrids_14_35.PNG,,RGB,Lincoln,hybrids,14,35,TP2,651,333,Lincoln|hybrids|14|35,2022-07-28,True
UAV/Lincoln/TP2/Lincoln-TP2-hybrids_14_36.PNG,,RGB,Lincoln,hybrids,14,36,TP2,651,333,Lincoln|hybrids|14|36,2022-07-28,True
UAV/Lincoln/TP2/Lincoln-TP2-hybrids_14_37.PNG,,RGB,Lincoln,hybrids,14,37,TP2,651,333,Lincoln|hybrids|14|37,2022-07-28,True
UAV/Lincoln/TP2/Lincoln-TP2-hybrids_14_38.PNG,,RGB,Lincoln,hybrids,14,38,TP2,650,333,Lincoln|hybrids|14|38,2022-07-28,True
UAV/Lincoln/TP2/Lincoln-TP2-hybrids_14_39.PNG,,RGB,Lincoln,hybrids,14,39,TP2,651,333,Lincoln|hybrids|14|39,2022-07-28,True
UAV/Lincoln/TP2/Lincoln-TP2-hybrids_14_4.PNG,,RGB,Lincoln,hybrids,14,4,TP2,654,334,Lincoln|hybrids|14|4,2022-07-28,True
UAV/Lincoln/TP2/Lincoln-TP2-hybrids_14_5.PNG,,RGB,Lincoln,hybrids,14,5,TP2,654,334,Lincoln|hybrids|14|5,2022-07-28,True
UAV/Lincoln/TP2/Lincoln-TP2-hybrids_14_6.PNG,,RGB,Lincoln,hybrids,14,6,TP2,654,334,Lincoln|hybrids|14|6,2022-07-28,True
UAV/Lincoln/TP2/Lincoln-TP2-hybrids_14_7.PNG,,RGB,Lincoln,hybrids,14,7,TP2,653,334,Lincoln|hybrids|14|7,2022-07-28,True
UAV/Lincoln/TP2/Lincoln-TP2-hybrids_14_8.PNG,,RGB,Lincoln,hybrids,14,8,TP2,653,334,Lincoln|hybrids|14|8,2022-07-28,True
UAV/Lincoln/TP2/Lincoln-TP2-hybrids_14_9.PNG,,RGB,Lincoln,hybrids,14,9,TP2,653,334,Lincoln|hybrids|14|9,2022-07-28,True
UAV/Lincoln/TP2/Lincoln-TP2-hybrids_15_10.PNG,,RGB,Lincoln,hybrids,15,10,TP2,653,334,Lincoln|hybrids|15|10,2022-07-28,True
UAV/Lincoln/TP2/Lincoln-TP2-hybrids_15_11.PNG,,RGB,Lincoln,hybrids,15,11,TP2,653,334,Lincoln|hybrids|15|11,2022-07-28,True
UAV/Lincoln/TP2/Lincoln-TP2-hybrids_15_12.PNG,,RGB,Lincoln,hybrids,15,12,TP2,653,333,Lincoln|hybrids|15|12,2022-07-28,True
UAV/Lincoln/TP2/Lincoln-TP2-hybrids_15_13.PNG,,RGB,Lincoln,hybrids,15,13,TP2,653,334,Lincoln|hybrids|15|13,2022-07-28,True
UAV/Lincoln/TP2/Lincoln-TP2-hybrids_15_14.PNG,,RGB,Lincoln,hybrids,15,14,TP2,652,333,Lincoln|hybrids|15|14,2022-07-28,True
UAV/Lincoln/TP2/Lincoln-TP2-hybrids_15_15.PNG,,RGB,Lincoln,hybrids,15,15,TP2,653,334,Lincoln|hybrids|15|15,2022-07-28,True
UAV/Lincoln/TP2/Lincoln-TP2-hybrids_15_16.PNG,,RGB,Lincoln,hybrids,15,16,TP2,653,334,Lincoln|hybrids|15|16,2022-07-28,True
UAV/Lincoln/TP2/Lincoln-TP2-hybrids_15_17.PNG,,RGB,Lincoln,hybrids,15,17,TP2,652,333,Lincoln|hybrids|15|17,2022-07-28,True
UAV/Lincoln/TP2/Lincoln-TP2-hybrids_15_18.PNG,,RGB,Lincoln,hybrids,15,18,TP2,653,334,Lincoln|hybrids|15|18,2022-07-28,True
UAV/Lincoln/TP2/Lincoln-TP2-hybrids_15_19.PNG,,RGB,Lincoln,hybrids,15,19,TP2,652,333,Lincoln|hybrids|15|19,2022-07-28,True
UAV/Lincoln/TP2/Lincoln-TP2-hybrids_15_2.PNG,,RGB,Lincoln,hybrids,15,2,TP2,654,334,Lincoln|hybrids|15|2,2022-07-28,True
UAV/Lincoln/TP2/Lincoln-TP2-hybrids_15_20.PNG,,RGB,Lincoln,hybrids,15,20,TP2,652,334,Lincoln|hybrids|15|20,2022-07-28,True
UAV/Lincoln/TP2/Lincoln-TP2-hybrids_15_21.PNG,,RGB,Lincoln,hybrids,15,21,TP2,652,334,Lincoln|hybrids|15|21,2022-07-28,True
UAV/Lincoln/TP2/Lincoln-TP2-hybrids_15_22.PNG,,RGB,Lincoln,hybrids,15,22,TP2,652,333,Lincoln|hybrids|15|22,2022-07-28,True
UAV/Lincoln/TP2/Lincoln-TP2-hybrids_15_23.PNG,,RGB,Lincoln,hybrids,15,23,TP2,652,334,Lincoln|hybrids|15|23,2022-07-28,True
UAV/Lincoln/TP2/Lincoln-TP2-hybrids_15_24.PNG,,RGB,Lincoln,hybrids,15,24,TP2,652,333,Lincoln|hybrids|15|24,2022-07-28,True
UAV/Lincoln/TP2/Lincoln-TP2-hybrids_15_25.PNG,,RGB,Lincoln,hybrids,15,25,TP2,652,333,Lincoln|hybrids|15|25,2022-07-28,True
UAV/Lincoln/TP2/Lincoln-TP2-hybrids_15_26.PNG,,RGB,Lincoln,hybrids,15,26,TP2,651,333,Lincoln|hybrids|15|26,2022-07-28,True
UAV/Lincoln/TP2/Lincoln-TP2-hybrids_15_27.PNG,,RGB,Lincoln,hybrids,15,27,TP2,652,333,Lincoln|hybrids|15|27,2022-07-28,True
UAV/Lincoln/TP2/Lincoln-TP2-hybrids_15_28.PNG,,RGB,Lincoln,hybrids,15,28,TP2,651,334,Lincoln|hybrids|15|28,2022-07-28,True
UAV/Lincoln/TP2/Lincoln-TP2-hybrids_15_29.PNG,,RGB,Lincoln,hybrids,15,29,TP2,651,333,Lincoln|hybrids|15|29,2022-07-28,True
UAV/Lincoln/TP2/Lincoln-TP2-hybrids_15_3.PNG,,RGB,Lincoln,hybrids,15,3,TP2,653,334,Lincoln|hybrids|15|3,2022-07-28,True
UAV/Lincoln/TP2/Lincoln-TP2-hybrids_15_30.PNG,,RGB,Lincoln,hybrids,15,30,TP2,652,333,Lincoln|hybrids|15|30,2022-07-28,True
UAV/Lincoln/TP2/Lincoln-TP2-hybrids_15_31.PNG,,RGB,Lincoln,hybrids,15,31,TP2,651,333,Lincoln|hybrids|15|31,2022-07-28,True
UAV/Lincoln/TP2/Lincoln-TP2-hybrids_15_32.PNG,,RGB,Lincoln,hybrids,15,32,TP2,651,333,Lincoln|hybrids|15|32,2022-07-28,True
UAV/Lincoln/TP2/Lincoln-TP2-hybrids_15_33.PNG,,RGB,Lincoln,hybrids,15,33,TP2,651,334,Lincoln|hybrids|15|33,2022-07-28,True
UAV/Lincoln/TP2/Lincoln-TP2-hybrids_15_34.PNG,,RGB,Lincoln,hybrids,15,34,TP2,651,333,Lincoln|hybrids|15|34,2022-07-28,True
UAV/Lincoln/TP2/Lincoln-TP2-hybrids_15_35.PNG,,RGB,Lincoln,hybrids,15,35,TP2,650,333,Lincoln|hybrids|15|35,2022-07-28,True
UAV/Lincoln/TP2/Lincoln-TP2-hybrids_15_36.PNG,,RGB,Lincoln,hybrids,15,36,TP2,651,333,Lincoln|hybrids|15|36,2022-07-28,True
UAV/Lincoln/TP2/Lincoln-TP2-hybrids_15_37.PNG,,RGB,Lincoln,hybrids,15,37,TP2,650,333,Lincoln|hybrids|15|37,2022-07-28,True
UAV/Lincoln/TP2/Lincoln-TP2-hybrids_15_38.PNG,,RGB,Lincoln,hybrids,15,38,TP2,650,333,Lincoln|hybrids|15|38,2022-07-28,True
UAV/Lincoln/TP2/Lincoln-TP2-hybrids_15_39.PNG,,RGB,Lincoln,hybrids,15,39,TP2,651,333,Lincoln|hybrids|15|39,2022-07-28,True
UAV/Lincoln/TP2/Lincoln-TP2-hybrids_15_4.PNG,,RGB,Lincoln,hybrids,15,4,TP2,654,334,Lincoln|hybrids|15|4,2022-07-28,True
UAV/Lincoln/TP2/Lincoln-TP2-hybrids_15_5.PNG,,RGB,Lincoln,hybrids,15,5,TP2,653,334,Lincoln|hybrids|15|5,2022-07-28,True
UAV/Lincoln/TP2/Lincoln-TP2-hybrids_15_6.PNG,,RGB,Lincoln,hybrids,15,6,TP2,654,334,Lincoln|hybrids|15|6,2022-07-28,True
UAV/Lincoln/TP2/Lincoln-TP2-hybrids_15_7.PNG,,RGB,Lincoln,hybrids,15,7,TP2,653,333,Lincoln|hybrids|15|7,2022-07-28,True
UAV/Lincoln/TP2/Lincoln-TP2-hybrids_15_8.PNG,,RGB,Lincoln,hybrids,15,8,TP2,653,334,Lincoln|hybrids|15|8,2022-07-28,True
UAV/Lincoln/TP2/Lincoln-TP2-hybrids_15_9.PNG,,RGB,Lincoln,hybrids,15,9,TP2,654,334,Lincoln|hybrids|15|9,2022-07-28,True
UAV/Lincoln/TP2/Lincoln-TP2-hybrids_2_10.PNG,,RGB,Lincoln,hybrids,2,10,TP2,654,333,Lincoln|hybrids|2|10,2022-07-28,True
UAV/Lincoln/TP2/Lincoln-TP2-hybrids_2_11.PNG,,RGB,Lincoln,hybrids,2,11,TP2,655,333,Lincoln|hybrids|2|11,2022-07-28,True
UAV/Lincoln/TP2/Lincoln-TP2-hybrids_2_12.PNG,,RGB,Lincoln,hybrids,2,12,TP2,654,334,Lincoln|hybrids|2|12,2022-07-28,True
UAV/Lincoln/TP2/Lincoln-TP2-hybrids_2_13.PNG,,RGB,Lincoln,hybrids,2,13,TP2,654,334,Lincoln|hybrids|2|13,2022-07-28,True
UAV/Lincoln/TP2/Lincoln-TP2-hybrids_2_14.PNG,,RGB,Lincoln,hybrids,2,14,TP2,654,333,Lincoln|hybrids|2|14,2022-07-28,True
UAV/Lincoln/TP2/Lincoln-TP2-hybrids_2_15.PNG,,RGB,Lincoln,hybrids,2,15,TP2,654,333,Lincoln|hybrids|2|15,2022-07-28,True
UAV/Lincoln/TP2/Lincoln-TP2-hybrids_2_16.PNG,,RGB,Lincoln,hybrids,2,16,TP2,653,333,Lincoln|hybrids|2|16,2022-07-28,True
UAV/Lincoln/TP2/Lincoln-TP2-hybrids_2_17.PNG,,RGB,Lincoln,hybrids,2,17,TP2,654,333,Lincoln|hybrids|2|17,2022-07-28,True
UAV/Lincoln/TP2/Lincoln-TP2-hybrids_2_18.PNG,,RGB,Lincoln,hybrids,2,18,TP2,653,333,Lincoln|hybrids|2|18,2022-07-28,True
UAV/Lincoln/TP2/Lincoln-TP2-hybrids_2_19.PNG,,RGB,Lincoln,hybrids,2,19,TP2,653,333,Lincoln|hybrids|2|19,2022-07-28,True
UAV/Lincoln/TP2/Lincoln-TP2-hybrids_2_2.PNG,,RGB,Lincoln,hybrids,2,2,TP2,655,334,Lincoln|hybrids|2|2,2022-07-28,True
UAV/Lincoln/TP2/Lincoln-TP2-hybrids_2_20.PNG,,RGB,Lincoln,hybrids,2,20,TP2,654,333,Lincoln|hybrids|2|20,2022-07-28,True
UAV/Lincoln/TP2/Lincoln-TP2-hybrids_2_21.PNG,,RGB,Lincoln,hybrids,2,21,TP2,653,333,Lincoln|hybrids|2|21,2022-07-28,True
UAV/Lincoln/TP2/Lincoln-TP2-hybrids_2_22.PNG,,RGB,Lincoln,hybrids,2,22,TP2,653,333,Lincoln|hybrids|2|22,2022-07-28,True
UAV/Lincoln/TP2/Lincoln-TP2-hybrids_2_23.PNG,,RGB,Lincoln,hybrids,2,23,TP2,653,333,Lincoln|hybrids|2|23,2022-07-28,True
UAV/Lincoln/TP2/Lincoln-TP2-hybrids_2_24.PNG,,RGB,Lincoln,hybrids,2,24,TP2,653,333,Lincoln|hybrids|2|24,2022-07-28,True
UAV/Lincoln/TP2/Lincoln-TP2-hybrids_2_25.PNG,,RGB,Lincoln,hybrids,2,25,TP2,652,333,Lincoln|hybrids|2|25,2022-07-28,True
UAV/Lincoln/TP2/Lincoln-TP2-hybrids_2_26.PNG,,RGB,Lincoln,hybrids,2,26,TP2,653,333,Lincoln|hybrids|2|26,2022-07-28,True
UAV/Lincoln/TP2/Lincoln-TP2-hybrids_2_27.PNG,,RGB,Lincoln,hybrids,2,27,TP2,653,332,Lincoln|hybrids|2|27,2022-07-28,True
UAV/Lincoln/TP2/Lincoln-TP2-hybrids_2_28.PNG,,RGB,Lincoln,hybrids,2,28,TP2,652,333,Lincoln|hybrids|2|28,2022-07-28,True
UAV/Lincoln/TP2/Lincoln-TP2-hybrids_2_29.PNG,,RGB,Lincoln,hybrids,2,29,TP2,653,333,Lincoln|hybrids|2|29,2022-07-28,True
UAV/Lincoln/TP2/Lincoln-TP2-hybrids_2_3.PNG,,RGB,Lincoln,hybrids,2,3,TP2,655,334,Lincoln|hybrids|2|3,2022-07-28,True
UAV/Lincoln/TP2/Lincoln-TP2-hybrids_2_30.PNG,,RGB,Lincoln,hybrids,2,30,TP2,652,333,Lincoln|hybrids|2|30,2022-07-28,True
UAV/Lincoln/TP2/Lincoln-TP2-hybrids_2_31.PNG,,RGB,Lincoln,hybrids,2,31,TP2,653,333,Lincoln|hybrids|2|31,2022-07-28,True
UAV/Lincoln/TP2/Lincoln-TP2-hybrids_2_32.PNG,,RGB,Lincoln,hybrids,2,32,TP2,652,332,Lincoln|hybrids|2|32,2022-07-28,True
UAV/Lincoln/TP2/Lincoln-TP2-hybrids_2_33.PNG,,RGB,Lincoln,hybrids,2,33,TP2,652,333,Lincoln|hybrids|2|33,2022-07-28,True
UAV/Lincoln/TP2/Lincoln-TP2-hybrids_2_34.PNG,,RGB,Lincoln,hybrids,2,34,TP2,652,333,Lincoln|hybrids|2|34,2022-07-28,True
UAV/Lincoln/TP2/Lincoln-TP2-hybrids_2_35.PNG,,RGB,Lincoln,hybrids,2,35,TP2,652,333,Lincoln|hybrids|2|35,2022-07-28,True
UAV/Lincoln/TP2/Lincoln-TP2-hybrids_2_36.PNG,,RGB,Lincoln,hybrids,2,36,TP2,652,333,Lincoln|hybrids|2|36,2022-07-28,True
UAV/Lincoln/TP2/Lincoln-TP2-hybrids_2_37.PNG,,RGB,Lincoln,hybrids,2,37,TP2,652,332,Lincoln|hybrids|2|37,2022-07-28,True
UAV/Lincoln/TP2/Lincoln-TP2-hybrids_2_38.PNG,,RGB,Lincoln,hybrids,2,38,TP2,652,332,Lincoln|hybrids|2|38,2022-07-28,True
UAV/Lincoln/TP2/Lincoln-TP2-hybrids_2_39.PNG,,RGB,Lincoln,hybrids,2,39,TP2,651,333,Lincoln|hybrids|2|39,2022-07-28,True
UAV/Lincoln/TP2/Lincoln-TP2-hybrids_2_4.PNG,,RGB,Lincoln,hybrids,2,4,TP2,655,333,Lincoln|hybrids|2|4,2022-07-28,True
UAV/Lincoln/TP2/Lincoln-TP2-hybrids_2_5.PNG,,RGB,Lincoln,hybrids,2,5,TP2,655,333,Lincoln|hybrids|2|5,2022-07-28,True
UAV/Lincoln/TP2/Lincoln-TP2-hybrids_2_6.PNG,,RGB,Lincoln,hybrids,2,6,TP2,655,333,Lincoln|hybrids|2|6,2022-07-28,True
UAV/Lincoln/TP2/Lincoln-TP2-hybrids_2_7.PNG,,RGB,Lincoln,hybrids,2,7,TP2,654,334,Lincoln|hybrids|2|7,2022-07-28,True
UAV/Lincoln/TP2/Lincoln-TP2-hybrids_2_8.PNG,,RGB,Lincoln,hybrids,2,8,TP2,655,334,Lincoln|hybrids|2|8,2022-07-28,True
UAV/Lincoln/TP2/Lincoln-TP2-hybrids_2_9.PNG,,RGB,Lincoln,hybrids,2,9,TP2,654,333,Lincoln|hybrids|2|9,2022-07-28,True
UAV/Lincoln/TP2/Lincoln-TP2-hybrids_3_10.PNG,,RGB,Lincoln,hybrids,3,10,TP2,655,333,Lincoln|hybrids|3|10,2022-07-28,True
UAV/Lincoln/TP2/Lincoln-TP2-hybrids_3_11.PNG,,RGB,Lincoln,hybrids,3,11,TP2,654,333,Lincoln|hybrids|3|11,2022-07-28,True
UAV/Lincoln/TP2/Lincoln-TP2-hybrids_3_12.PNG,,RGB,Lincoln,hybrids,3,12,TP2,654,333,Lincoln|hybrids|3|12,2022-07-28,True
UAV/Lincoln/TP2/Lincoln-TP2-hybrids_3_13.PNG,,RGB,Lincoln,hybrids,3,13,TP2,654,334,Lincoln|hybrids|3|13,2022-07-28,True
UAV/Lincoln/TP2/Lincoln-TP2-hybrids_3_14.PNG,,RGB,Lincoln,hybrids,3,14,TP2,653,333,Lincoln|hybrids|3|14,2022-07-28,True
UAV/Lincoln/TP2/Lincoln-TP2-hybrids_3_15.PNG,,RGB,Lincoln,hybrids,3,15,TP2,654,333,Lincoln|hybrids|3|15,2022-07-28,True
UAV/Lincoln/TP2/Lincoln-TP2-hybrids_3_16.PNG,,RGB,Lincoln,hybrids,3,16,TP2,653,333,Lincoln|hybrids|3|16,2022-07-28,True
UAV/Lincoln/TP2/Lincoln-TP2-hybrids_3_17.PNG,,RGB,Lincoln,hybrids,3,17,TP2,654,334,Lincoln|hybrids|3|17,2022-07-28,True
UAV/Lincoln/TP2/Lincoln-TP2-hybrids_3_18.PNG,,RGB,Lincoln,hybrids,3,18,TP2,653,333,Lincoln|hybrids|3|18,2022-07-28,True
UAV/Lincoln/TP2/Lincoln-TP2-hybrids_3_19.PNG,,RGB,Lincoln,hybrids,3,19,TP2,654,333,Lincoln|hybrids|3|19,2022-07-28,True
UAV/Lincoln/TP2/Lincoln-TP2-hybrids_3_2.PNG,,RGB,Lincoln,hybrids,3,2,TP2,655,333,Lincoln|hybrids|3|2,2022-07-28,True
UAV/Lincoln/TP2/Lincoln-TP2-hybrids_3_20.PNG,,RGB,Lincoln,hybrids,3,20,TP2,653,333,Lincoln|hybrids|3|20,2022-07-28,True
UAV/Lincoln/TP2/Lincoln-TP2-hybrids_3_21.PNG,,RGB,Lincoln,hybrids,3,21,TP2,653,333,Lincoln|hybrids|3|21,2022-07-28,True
UAV/Lincoln/TP2/Lincoln-TP2-hybrids_3_22.PNG,,RGB,Lincoln,hybrids,3,22,TP2,653,333,Lincoln|hybrids|3|22,2022-07-28,True
UAV/Lincoln/TP2/Lincoln-TP2-hybrids_3_23.PNG,,RGB,Lincoln,hybrids,3,23,TP2,653,333,Lincoln|hybrids|3|23,2022-07-28,True
UAV/Lincoln/TP2/Lincoln-TP2-hybrids_3_24.PNG,,RGB,Lincoln,hybrids,3,24,TP2,653,333,Lincoln|hybrids|3|24,2022-07-28,True
UAV/Lincoln/TP2/Lincoln-TP2-hybrids_3_25.PNG,,RGB,Lincoln,hybrids,3,25,TP2,653,333,Lincoln|hybrids|3|25,2022-07-28,True
UAV/Lincoln/TP2/Lincoln-TP2-hybrids_3_26.PNG,,RGB,Lincoln,hybrids,3,26,TP2,653,333,Lincoln|hybrids|3|26,2022-07-28,True
UAV/Lincoln/TP2/Lincoln-TP2-hybrids_3_27.PNG,,RGB,Lincoln,hybrids,3,27,TP2,653,333,Lincoln|hybrids|3|27,2022-07-28,True
UAV/Lincoln/TP2/Lincoln-TP2-hybrids_3_28.PNG,,RGB,Lincoln,hybrids,3,28,TP2,652,333,Lincoln|hybrids|3|28,2022-07-28,True
UAV/Lincoln/TP2/Lincoln-TP2-hybrids_3_29.PNG,,RGB,Lincoln,hybrids,3,29,TP2,652,333,Lincoln|hybrids|3|29,2022-07-28,True
UAV/Lincoln/TP2/Lincoln-TP2-hybrids_3_3.PNG,,RGB,Lincoln,hybrids,3,3,TP2,655,334,Lincoln|hybrids|3|3,2022-07-28,True
UAV/Lincoln/TP2/Lincoln-TP2-hybrids_3_30.PNG,,RGB,Lincoln,hybrids,3,30,TP2,652,332,Lincoln|hybrids|3|30,2022-07-28,True
UAV/Lincoln/TP2/Lincoln-TP2-hybrids_3_31.PNG,,RGB,Lincoln,hybrids,3,31,TP2,652,333,Lincoln|hybrids|3|31,2022-07-28,True
UAV/Lincoln/TP2/Lincoln-TP2-hybrids_3_32.PNG,,RGB,Lincoln,hybrids,3,32,TP2,652,333,Lincoln|hybrids|3|32,2022-07-28,True
UAV/Lincoln/TP2/Lincoln-TP2-hybrids_3_33.PNG,,RGB,Lincoln,hybrids,3,33,TP2,652,333,Lincoln|hybrids|3|33,2022-07-28,True
UAV/Lincoln/TP2/Lincoln-TP2-hybrids_3_34.PNG,,RGB,Lincoln,hybrids,3,34,TP2,652,332,Lincoln|hybrids|3|34,2022-07-28,True
UAV/Lincoln/TP2/Lincoln-TP2-hybrids_3_35.PNG,,RGB,Lincoln,hybrids,3,35,TP2,652,332,Lincoln|hybrids|3|35,2022-07-28,True
UAV/Lincoln/TP2/Lincoln-TP2-hybrids_3_36.PNG,,RGB,Lincoln,hybrids,3,36,TP2,652,333,Lincoln|hybrids|3|36,2022-07-28,True
UAV/Lincoln/TP2/Lincoln-TP2-hybrids_3_37.PNG,,RGB,Lincoln,hybrids,3,37,TP2,651,333,Lincoln|hybrids|3|37,2022-07-28,True
UAV/Lincoln/TP2/Lincoln-TP2-hybrids_3_38.PNG,,RGB,Lincoln,hybrids,3,38,TP2,652,332,Lincoln|hybrids|3|38,2022-07-28,True
UAV/Lincoln/TP2/Lincoln-TP2-hybrids_3_39.PNG,,RGB,Lincoln,hybrids,3,39,TP2,651,332,Lincoln|hybrids|3|39,2022-07-28,True
UAV/Lincoln/TP2/Lincoln-TP2-hybrids_3_4.PNG,,RGB,Lincoln,hybrids,3,4,TP2,655,334,Lincoln|hybrids|3|4,2022-07-28,True
UAV/Lincoln/TP2/Lincoln-TP2-hybrids_3_5.PNG,,RGB,Lincoln,hybrids,3,5,TP2,654,334,Lincoln|hybrids|3|5,2022-07-28,True
UAV/Lincoln/TP2/Lincoln-TP2-hybrids_3_6.PNG,,RGB,Lincoln,hybrids,3,6,TP2,655,333,Lincoln|hybrids|3|6,2022-07-28,True
UAV/Lincoln/TP2/Lincoln-TP2-hybrids_3_7.PNG,,RGB,Lincoln,hybrids,3,7,TP2,654,333,Lincoln|hybrids|3|7,2022-07-28,True
UAV/Lincoln/TP2/Lincoln-TP2-hybrids_3_8.PNG,,RGB,Lincoln,hybrids,3,8,TP2,655,334,Lincoln|hybrids|3|8,2022-07-28,True
UAV/Lincoln/TP2/Lincoln-TP2-hybrids_3_9.PNG,,RGB,Lincoln,hybrids,3,9,TP2,654,334,Lincoln|hybrids|3|9,2022-07-28,True
UAV/Lincoln/TP2/Lincoln-TP2-hybrids_4_10.PNG,,RGB,Lincoln,hybrids,4,10,TP2,654,334,Lincoln|hybrids|4|10,2022-07-28,True
UAV/Lincoln/TP2/Lincoln-TP2-hybrids_4_11.PNG,,RGB,Lincoln,hybrids,4,11,TP2,654,333,Lincoln|hybrids|4|11,2022-07-28,True
UAV/Lincoln/TP2/Lincoln-TP2-hybrids_4_12.PNG,,RGB,Lincoln,hybrids,4,12,TP2,654,333,Lincoln|hybrids|4|12,2022-07-28,True
UAV/Lincoln/TP2/Lincoln-TP2-hybrids_4_13.PNG,,RGB,Lincoln,hybrids,4,13,TP2,653,334,Lincoln|hybrids|4|13,2022-07-28,True
UAV/Lincoln/TP2/Lincoln-TP2-hybrids_4_14.PNG,,RGB,Lincoln,hybrids,4,14,TP2,654,333,Lincoln|hybrids|4|14,2022-07-28,True
UAV/Lincoln/TP2/Lincoln-TP2-hybrids_4_15.PNG,,RGB,Lincoln,hybrids,4,15,TP2,654,333,Lincoln|hybrids|4|15,2022-07-28,True
UAV/Lincoln/TP2/Lincoln-TP2-hybrids_4_16.PNG,,RGB,Lincoln,hybrids,4,16,TP2,653,333,Lincoln|hybrids|4|16,2022-07-28,True
UAV/Lincoln/TP2/Lincoln-TP2-hybrids_4_17.PNG,,RGB,Lincoln,hybrids,4,17,TP2,654,334,Lincoln|hybrids|4|17,2022-07-28,True
UAV/Lincoln/TP2/Lincoln-TP2-hybrids_4_18.PNG,,RGB,Lincoln,hybrids,4,18,TP2,653,333,Lincoln|hybrids|4|18,2022-07-28,True
UAV/Lincoln/TP2/Lincoln-TP2-hybrids_4_19.PNG,,RGB,Lincoln,hybrids,4,19,TP2,654,333,Lincoln|hybrids|4|19,2022-07-28,True
UAV/Lincoln/TP2/Lincoln-TP2-hybrids_4_2.PNG,,RGB,Lincoln,hybrids,4,2,TP2,655,334,Lincoln|hybrids|4|2,2022-07-28,True
UAV/Lincoln/TP2/Lincoln-TP2-hybrids_4_20.PNG,,RGB,Lincoln,hybrids,4,20,TP2,653,333,Lincoln|hybrids|4|20,2022-07-28,True
UAV/Lincoln/TP2/Lincoln-TP2-hybrids_4_21.PNG,,RGB,Lincoln,hybrids,4,21,TP2,653,333,Lincoln|hybrids|4|21,2022-07-28,True
UAV/Lincoln/TP2/Lincoln-TP2-hybrids_4_22.PNG,,RGB,Lincoln,hybrids,4,22,TP2,653,333,Lincoln|hybrids|4|22,2022-07-28,True
UAV/Lincoln/TP2/Lincoln-TP2-hybrids_4_23.PNG,,RGB,Lincoln,hybrids,4,23,TP2,653,333,Lincoln|hybrids|4|23,2022-07-28,True
UAV/Lincoln/TP2/Lincoln-TP2-hybrids_4_24.PNG,,RGB,Lincoln,hybrids,4,24,TP2,652,333,Lincoln|hybrids|4|24,2022-07-28,True
UAV/Lincoln/TP2/Lincoln-TP2-hybrids_4_25.PNG,,RGB,Lincoln,hybrids,4,25,TP2,653,333,Lincoln|hybrids|4|25,2022-07-28,True
UAV/Lincoln/TP2/Lincoln-TP2-hybrids_4_26.PNG,,RGB,Lincoln,hybrids,4,26,TP2,652,333,Lincoln|hybrids|4|26,2022-07-28,True
UAV/Lincoln/TP2/Lincoln-TP2-hybrids_4_27.PNG,,RGB,Lincoln,hybrids,4,27,TP2,653,333,Lincoln|hybrids|4|27,2022-07-28,True
UAV/Lincoln/TP2/Lincoln-TP2-hybrids_4_28.PNG,,RGB,Lincoln,hybrids,4,28,TP2,652,333,Lincoln|hybrids|4|28,2022-07-28,True
UAV/Lincoln/TP2/Lincoln-TP2-hybrids_4_29.PNG,,RGB,Lincoln,hybrids,4,29,TP2,652,333,Lincoln|hybrids|4|29,2022-07-28,True
UAV/Lincoln/TP2/Lincoln-TP2-hybrids_4_3.PNG,,RGB,Lincoln,hybrids,4,3,TP2,655,334,Lincoln|hybrids|4|3,2022-07-28,True
UAV/Lincoln/TP2/Lincoln-TP2-hybrids_4_30.PNG,,RGB,Lincoln,hybrids,4,30,TP2,653,333,Lincoln|hybrids|4|30,2022-07-28,True
UAV/Lincoln/TP2/Lincoln-TP2-hybrids_4_31.PNG,,RGB,Lincoln,hybrids,4,31,TP2,652,333,Lincoln|hybrids|4|31,2022-07-28,True
UAV/Lincoln/TP2/Lincoln-TP2-hybrids_4_32.PNG,,RGB,Lincoln,hybrids,4,32,TP2,652,332,Lincoln|hybrids|4|32,2022-07-28,True
UAV/Lincoln/TP2/Lincoln-TP2-hybrids_4_33.PNG,,RGB,Lincoln,hybrids,4,33,TP2,652,333,Lincoln|hybrids|4|33,2022-07-28,True
UAV/Lincoln/TP2/Lincoln-TP2-hybrids_4_34.PNG,,RGB,Lincoln,hybrids,4,34,TP2,652,333,Lincoln|hybrids|4|34,2022-07-28,True
UAV/Lincoln/TP2/Lincoln-TP2-hybrids_4_35.PNG,,RGB,Lincoln,hybrids,4,35,TP2,652,333,Lincoln|hybrids|4|35,2022-07-28,True
UAV/Lincoln/TP2/Lincoln-TP2-hybrids_4_36.PNG,,RGB,Lincoln,hybrids,4,36,TP2,652,332,Lincoln|hybrids|4|36,2022-07-28,True
UAV/Lincoln/TP2/Lincoln-TP2-hybrids_4_37.PNG,,RGB,Lincoln,hybrids,4,37,TP2,651,333,Lincoln|hybrids|4|37,2022-07-28,True
UAV/Lincoln/TP2/Lincoln-TP2-hybrids_4_38.PNG,,RGB,Lincoln,hybrids,4,38,TP2,652,333,Lincoln|hybrids|4|38,2022-07-28,True
UAV/Lincoln/TP2/Lincoln-TP2-hybrids_4_39.PNG,,RGB,Lincoln,hybrids,4,39,TP2,651,332,Lincoln|hybrids|4|39,2022-07-28,True
UAV/Lincoln/TP2/Lincoln-TP2-hybrids_4_4.PNG,,RGB,Lincoln,hybrids,4,4,TP2,655,333,Lincoln|hybrids|4|4,2022-07-28,True
UAV/Lincoln/TP2/Lincoln-TP2-hybrids_4_5.PNG,,RGB,Lincoln,hybrids,4,5,TP2,654,334,Lincoln|hybrids|4|5,2022-07-28,True
UAV/Lincoln/TP2/Lincoln-TP2-hybrids_4_6.PNG,,RGB,Lincoln,hybrids,4,6,TP2,655,334,Lincoln|hybrids|4|6,2022-07-28,True
UAV/Lincoln/TP2/Lincoln-TP2-hybrids_4_7.PNG,,RGB,Lincoln,hybrids,4,7,TP2,654,333,Lincoln|hybrids|4|7,2022-07-28,True
UAV/Lincoln/TP2/Lincoln-TP2-hybrids_4_8.PNG,,RGB,Lincoln,hybrids,4,8,TP2,654,333,Lincoln|hybrids|4|8,2022-07-28,True
UAV/Lincoln/TP2/Lincoln-TP2-hybrids_4_9.PNG,,RGB,Lincoln,hybrids,4,9,TP2,654,334,Lincoln|hybrids|4|9,2022-07-28,True
UAV/Lincoln/TP2/Lincoln-TP2-hybrids_5_10.PNG,,RGB,Lincoln,hybrids,5,10,TP2,654,334,Lincoln|hybrids|5|10,2022-07-28,True
UAV/Lincoln/TP2/Lincoln-TP2-hybrids_5_11.PNG,,RGB,Lincoln,hybrids,5,11,TP2,654,333,Lincoln|hybrids|5|11,2022-07-28,True
UAV/Lincoln/TP2/Lincoln-TP2-hybrids_5_12.PNG,,RGB,Lincoln,hybrids,5,12,TP2,653,333,Lincoln|hybrids|5|12,2022-07-28,True
UAV/Lincoln/TP2/Lincoln-TP2-hybrids_5_13.PNG,,RGB,Lincoln,hybrids,5,13,TP2,654,334,Lincoln|hybrids|5|13,2022-07-28,True
UAV/Lincoln/TP2/Lincoln-TP2-hybrids_5_14.PNG,,RGB,Lincoln,hybrids,5,14,TP2,654,334,Lincoln|hybrids|5|14,2022-07-28,True
UAV/Lincoln/TP2/Lincoln-TP2-hybrids_5_15.PNG,,RGB,Lincoln,hybrids,5,15,TP2,653,333,Lincoln|hybrids|5|15,2022-07-28,True
UAV/Lincoln/TP2/Lincoln-TP2-hybrids_5_16.PNG,,RGB,Lincoln,hybrids,5,16,TP2,653,333,Lincoln|hybrids|5|16,2022-07-28,True
UAV/Lincoln/TP2/Lincoln-TP2-hybrids_5_17.PNG,,RGB,Lincoln,hybrids,5,17,TP2,654,334,Lincoln|hybrids|5|17,2022-07-28,True
UAV/Lincoln/TP2/Lincoln-TP2-hybrids_5_18.PNG,,RGB,Lincoln,hybrids,5,18,TP2,653,333,Lincoln|hybrids|5|18,2022-07-28,True
UAV/Lincoln/TP2/Lincoln-TP2-hybrids_5_19.PNG,,RGB,Lincoln,hybrids,5,19,TP2,653,333,Lincoln|hybrids|5|19,2022-07-28,True
UAV/Lincoln/TP2/Lincoln-TP2-hybrids_5_2.PNG,,RGB,Lincoln,hybrids,5,2,TP2,655,333,Lincoln|hybrids|5|2,2022-07-28,True
UAV/Lincoln/TP2/Lincoln-TP2-hybrids_5_20.PNG,,RGB,Lincoln,hybrids,5,20,TP2,653,334,Lincoln|hybrids|5|20,2022-07-28,True
UAV/Lincoln/TP2/Lincoln-TP2-hybrids_5_21.PNG,,RGB,Lincoln,hybrids,5,21,TP2,653,333,Lincoln|hybrids|5|21,2022-07-28,True
UAV/Lincoln/TP2/Lincoln-TP2-hybrids_5_22.PNG,,RGB,Lincoln,hybrids,5,22,TP2,653,333,Lincoln|hybrids|5|22,2022-07-28,True
UAV/Lincoln/TP2/Lincoln-TP2-hybrids_5_23.PNG,,RGB,Lincoln,hybrids,5,23,TP2,652,333,Lincoln|hybrids|5|23,2022-07-28,True
UAV/Lincoln/TP2/Lincoln-TP2-hybrids_5_24.PNG,,RGB,Lincoln,hybrids,5,24,TP2,653,333,Lincoln|hybrids|5|24,2022-07-28,True
UAV/Lincoln/TP2/Lincoln-TP2-hybrids_5_25.PNG,,RGB,Lincoln,hybrids,5,25,TP2,653,333,Lincoln|hybrids|5|25,2022-07-28,True
UAV/Lincoln/TP2/Lincoln-TP2-hybrids_5_26.PNG,,RGB,Lincoln,hybrids,5,26,TP2,652,333,Lincoln|hybrids|5|26,2022-07-28,True
UAV/Lincoln/TP2/Lincoln-TP2-hybrids_5_27.PNG,,RGB,Lincoln,hybrids,5,27,TP2,653,333,Lincoln|hybrids|5|27,2022-07-28,True
UAV/Lincoln/TP2/Lincoln-TP2-hybrids_5_28.PNG,,RGB,Lincoln,hybrids,5,28,TP2,652,333,Lincoln|hybrids|5|28,2022-07-28,True
UAV/Lincoln/TP2/Lincoln-TP2-hybrids_5_29.PNG,,RGB,Lincoln,hybrids,5,29,TP2,652,333,Lincoln|hybrids|5|29,2022-07-28,True
UAV/Lincoln/TP2/Lincoln-TP2-hybrids_5_3.PNG,,RGB,Lincoln,hybrids,5,3,TP2,655,334,Lincoln|hybrids|5|3,2022-07-28,True
UAV/Lincoln/TP2/Lincoln-TP2-hybrids_5_30.PNG,,RGB,Lincoln,hybrids,5,30,TP2,652,333,Lincoln|hybrids|5|30,2022-07-28,True
UAV/Lincoln/TP2/Lincoln-TP2-hybrids_5_31.PNG,,RGB,Lincoln,hybrids,5,31,TP2,652,333,Lincoln|hybrids|5|31,2022-07-28,True
UAV/Lincoln/TP2/Lincoln-TP2-hybrids_5_32.PNG,,RGB,Lincoln,hybrids,5,32,TP2,652,333,Lincoln|hybrids|5|32,2022-07-28,True
UAV/Lincoln/TP2/Lincoln-TP2-hybrids_5_33.PNG,,RGB,Lincoln,hybrids,5,33,TP2,652,333,Lincoln|hybrids|5|33,2022-07-28,True
UAV/Lincoln/TP2/Lincoln-TP2-hybrids_5_34.PNG,,RGB,Lincoln,hybrids,5,34,TP2,651,332,Lincoln|hybrids|5|34,2022-07-28,True
UAV/Lincoln/TP2/Lincoln-TP2-hybrids_5_35.PNG,,RGB,Lincoln,hybrids,5,35,TP2,652,333,Lincoln|hybrids|5|35,2022-07-28,True
UAV/Lincoln/TP2/Lincoln-TP2-hybrids_5_36.PNG,,RGB,Lincoln,hybrids,5,36,TP2,651,333,Lincoln|hybrids|5|36,2022-07-28,True
UAV/Lincoln/TP2/Lincoln-TP2-hybrids_5_37.PNG,,RGB,Lincoln,hybrids,5,37,TP2,651,332,Lincoln|hybrids|5|37,2022-07-28,True
UAV/Lincoln/TP2/Lincoln-TP2-hybrids_5_38.PNG,,RGB,Lincoln,hybrids,5,38,TP2,652,333,Lincoln|hybrids|5|38,2022-07-28,True
UAV/Lincoln/TP2/Lincoln-TP2-hybrids_5_39.PNG,,RGB,Lincoln,hybrids,5,39,TP2,651,333,Lincoln|hybrids|5|39,2022-07-28,True
UAV/Lincoln/TP2/Lincoln-TP2-hybrids_5_4.PNG,,RGB,Lincoln,hybrids,5,4,TP2,654,334,Lincoln|hybrids|5|4,2022-07-28,True
UAV/Lincoln/TP2/Lincoln-TP2-hybrids_5_5.PNG,,RGB,Lincoln,hybrids,5,5,TP2,654,333,Lincoln|hybrids|5|5,2022-07-28,True
UAV/Lincoln/TP2/Lincoln-TP2-hybrids_5_6.PNG,,RGB,Lincoln,hybrids,5,6,TP2,655,334,Lincoln|hybrids|5|6,2022-07-28,True
UAV/Lincoln/TP2/Lincoln-TP2-hybrids_5_7.PNG,,RGB,Lincoln,hybrids,5,7,TP2,654,334,Lincoln|hybrids|5|7,2022-07-28,True
UAV/Lincoln/TP2/Lincoln-TP2-hybrids_5_8.PNG,,RGB,Lincoln,hybrids,5,8,TP2,654,333,Lincoln|hybrids|5|8,2022-07-28,True
UAV/Lincoln/TP2/Lincoln-TP2-hybrids_5_9.PNG,,RGB,Lincoln,hybrids,5,9,TP2,655,333,Lincoln|hybrids|5|9,2022-07-28,True
UAV/Lincoln/TP2/Lincoln-TP2-hybrids_6_10.PNG,,RGB,Lincoln,hybrids,6,10,TP2,653,334,Lincoln|hybrids|6|10,2022-07-28,True
UAV/Lincoln/TP2/Lincoln-TP2-hybrids_6_11.PNG,,RGB,Lincoln,hybrids,6,11,TP2,654,334,Lincoln|hybrids|6|11,2022-07-28,True
UAV/Lincoln/TP2/Lincoln-TP2-hybrids_6_12.PNG,,RGB,Lincoln,hybrids,6,12,TP2,654,333,Lincoln|hybrids|6|12,2022-07-28,True
UAV/Lincoln/TP2/Lincoln-TP2-hybrids_6_13.PNG,,RGB,Lincoln,hybrids,6,13,TP2,654,333,Lincoln|hybrids|6|13,2022-07-28,True
UAV/Lincoln/TP2/Lincoln-TP2-hybrids_6_14.PNG,,RGB,Lincoln,hybrids,6,14,TP2,653,334,Lincoln|hybrids|6|14,2022-07-28,True
UAV/Lincoln/TP2/Lincoln-TP2-hybrids_6_15.PNG,,RGB,Lincoln,hybrids,6,15,TP2,653,333,Lincoln|hybrids|6|15,2022-07-28,True
UAV/Lincoln/TP2/Lincoln-TP2-hybrids_6_16.PNG,,RGB,Lincoln,hybrids,6,16,TP2,654,333,Lincoln|hybrids|6|16,2022-07-28,True
UAV/Lincoln/TP2/Lincoln-TP2-hybrids_6_17.PNG,,RGB,Lincoln,hybrids,6,17,TP2,654,334,Lincoln|hybrids|6|17,2022-07-28,True
UAV/Lincoln/TP2/Lincoln-TP2-hybrids_6_18.PNG,,RGB,Lincoln,hybrids,6,18,TP2,653,333,Lincoln|hybrids|6|18,2022-07-28,True
UAV/Lincoln/TP2/Lincoln-TP2-hybrids_6_19.PNG,,RGB,Lincoln,hybrids,6,19,TP2,653,333,Lincoln|hybrids|6|19,2022-07-28,True
UAV/Lincoln/TP2/Lincoln-TP2-hybrids_6_2.PNG,,RGB,Lincoln,hybrids,6,2,TP2,655,334,Lincoln|hybrids|6|2,2022-07-28,True
UAV/Lincoln/TP2/Lincoln-TP2-hybrids_6_20.PNG,,RGB,Lincoln,hybrids,6,20,TP2,653,334,Lincoln|hybrids|6|20,2022-07-28,True
UAV/Lincoln/TP2/Lincoln-TP2-hybrids_6_21.PNG,,RGB,Lincoln,hybrids,6,21,TP2,652,333,Lincoln|hybrids|6|21,2022-07-28,True
UAV/Lincoln/TP2/Lincoln-TP2-hybrids_6_22.PNG,,RGB,Lincoln,hybrids,6,22,TP2,653,333,Lincoln|hybrids|6|22,2022-07-28,True
UAV/Lincoln/TP2/Lincoln-TP2-hybrids_6_23.PNG,,RGB,Lincoln,hybrids,6,23,TP2,653,334,Lincoln|hybrids|6|23,2022-07-28,True
UAV/Lincoln/TP2/Lincoln-TP2-hybrids_6_24.PNG,,RGB,Lincoln,hybrids,6,24,TP2,653,333,Lincoln|hybrids|6|24,2022-07-28,True
UAV/Lincoln/TP2/Lincoln-TP2-hybrids_6_25.PNG,,RGB,Lincoln,hybrids,6,25,TP2,652,333,Lincoln|hybrids|6|25,2022-07-28,True
UAV/Lincoln/TP2/Lincoln-TP2-hybrids_6_26.PNG,,RGB,Lincoln,hybrids,6,26,TP2,652,333,Lincoln|hybrids|6|26,2022-07-28,True
UAV/Lincoln/TP2/Lincoln-TP2-hybrids_6_27.PNG,,RGB,Lincoln,hybrids,6,27,TP2,653,333,Lincoln|hybrids|6|27,2022-07-28,True
UAV/Lincoln/TP2/Lincoln-TP2-hybrids_6_28.PNG,,RGB,Lincoln,hybrids,6,28,TP2,652,333,Lincoln|hybrids|6|28,2022-07-28,True
UAV/Lincoln/TP2/Lincoln-TP2-hybrids_6_29.PNG,,RGB,Lincoln,hybrids,6,29,TP2,652,332,Lincoln|hybrids|6|29,2022-07-28,True
UAV/Lincoln/TP2/Lincoln-TP2-hybrids_6_3.PNG,,RGB,Lincoln,hybrids,6,3,TP2,654,333,Lincoln|hybrids|6|3,2022-07-28,True
UAV/Lincoln/TP2/Lincoln-TP2-hybrids_6_30.PNG,,RGB,Lincoln,hybrids,6,30,TP2,652,333,Lincoln|hybrids|6|30,2022-07-28,True
UAV/Lincoln/TP2/Lincoln-TP2-hybrids_6_31.PNG,,RGB,Lincoln,hybrids,6,31,TP2,652,333,Lincoln|hybrids|6|31,2022-07-28,True
UAV/Lincoln/TP2/Lincoln-TP2-hybrids_6_32.PNG,,RGB,Lincoln,hybrids,6,32,TP2,651,332,Lincoln|hybrids|6|32,2022-07-28,True
UAV/Lincoln/TP2/Lincoln-TP2-hybrids_6_33.PNG,,RGB,Lincoln,hybrids,6,33,TP2,652,333,Lincoln|hybrids|6|33,2022-07-28,True
UAV/Lincoln/TP2/Lincoln-TP2-hybrids_6_34.PNG,,RGB,Lincoln,hybrids,6,34,TP2,652,333,Lincoln|hybrids|6|34,2022-07-28,True
UAV/Lincoln/TP2/Lincoln-TP2-hybrids_6_35.PNG,,RGB,Lincoln,hybrids,6,35,TP2,652,332,Lincoln|hybrids|6|35,2022-07-28,True
UAV/Lincoln/TP2/Lincoln-TP2-hybrids_6_36.PNG,,RGB,Lincoln,hybrids,6,36,TP2,651,333,Lincoln|hybrids|6|36,2022-07-28,True
UAV/Lincoln/TP2/Lincoln-TP2-hybrids_6_37.PNG,,RGB,Lincoln,hybrids,6,37,TP2,651,333,Lincoln|hybrids|6|37,2022-07-28,True
UAV/Lincoln/TP2/Lincoln-TP2-hybrids_6_38.PNG,,RGB,Lincoln,hybrids,6,38,TP2,652,332,Lincoln|hybrids|6|38,2022-07-28,True
UAV/Lincoln/TP2/Lincoln-TP2-hybrids_6_39.PNG,,RGB,Lincoln,hybrids,6,39,TP2,651,333,Lincoln|hybrids|6|39,2022-07-28,True
UAV/Lincoln/TP2/Lincoln-TP2-hybrids_6_4.PNG,,RGB,Lincoln,hybrids,6,4,TP2,654,334,Lincoln|hybrids|6|4,2022-07-28,True
UAV/Lincoln/TP2/Lincoln-TP2-hybrids_6_5.PNG,,RGB,Lincoln,hybrids,6,5,TP2,654,334,Lincoln|hybrids|6|5,2022-07-28,True
UAV/Lincoln/TP2/Lincoln-TP2-hybrids_6_6.PNG,,RGB,Lincoln,hybrids,6,6,TP2,655,333,Lincoln|hybrids|6|6,2022-07-28,True
UAV/Lincoln/TP2/Lincoln-TP2-hybrids_6_7.PNG,,RGB,Lincoln,hybrids,6,7,TP2,654,334,Lincoln|hybrids|6|7,2022-07-28,True
UAV/Lincoln/TP2/Lincoln-TP2-hybrids_6_8.PNG,,RGB,Lincoln,hybrids,6,8,TP2,654,334,Lincoln|hybrids|6|8,2022-07-28,True
UAV/Lincoln/TP2/Lincoln-TP2-hybrids_6_9.PNG,,RGB,Lincoln,hybrids,6,9,TP2,654,333,Lincoln|hybrids|6|9,2022-07-28,True
UAV/Lincoln/TP2/Lincoln-TP2-hybrids_7_10.PNG,,RGB,Lincoln,hybrids,7,10,TP2,654,333,Lincoln|hybrids|7|10,2022-07-28,True
UAV/Lincoln/TP2/Lincoln-TP2-hybrids_7_11.PNG,,RGB,Lincoln,hybrids,7,11,TP2,654,334,Lincoln|hybrids|7|11,2022-07-28,True
UAV/Lincoln/TP2/Lincoln-TP2-hybrids_7_12.PNG,,RGB,Lincoln,hybrids,7,12,TP2,653,333,Lincoln|hybrids|7|12,2022-07-28,True
UAV/Lincoln/TP2/Lincoln-TP2-hybrids_7_13.PNG,,RGB,Lincoln,hybrids,7,13,TP2,653,333,Lincoln|hybrids|7|13,2022-07-28,True
UAV/Lincoln/TP2/Lincoln-TP2-hybrids_7_14.PNG,,RGB,Lincoln,hybrids,7,14,TP2,653,334,Lincoln|hybrids|7|14,2022-07-28,True
UAV/Lincoln/TP2/Lincoln-TP2-hybrids_7_15.PNG,,RGB,Lincoln,hybrids,7,15,TP2,653,333,Lincoln|hybrids|7|15,2022-07-28,True
UAV/Lincoln/TP2/Lincoln-TP2-hybrids_7_16.PNG,,RGB,Lincoln,hybrids,7,16,TP2,654,333,Lincoln|hybrids|7|16,2022-07-28,True
UAV/Lincoln/TP2/Lincoln-TP2-hybrids_7_17.PNG,,RGB,Lincoln,hybrids,7,17,TP2,653,334,Lincoln|hybrids|7|17,2022-07-28,True
UAV/Lincoln/TP2/Lincoln-TP2-hybrids_7_18.PNG,,RGB,Lincoln,hybrids,7,18,TP2,653,333,Lincoln|hybrids|7|18,2022-07-28,True
UAV/Lincoln/TP2/Lincoln-TP2-hybrids_7_19.PNG,,RGB,Lincoln,hybrids,7,19,TP2,653,333,Lincoln|hybrids|7|19,2022-07-28,True
UAV/Lincoln/TP2/Lincoln-TP2-hybrids_7_2.PNG,,RGB,Lincoln,hybrids,7,2,TP2,654,334,Lincoln|hybrids|7|2,2022-07-28,True
UAV/Lincoln/TP2/Lincoln-TP2-hybrids_7_20.PNG,,RGB,Lincoln,hybrids,7,20,TP2,653,333,Lincoln|hybrids|7|20,2022-07-28,True
UAV/Lincoln/TP2/Lincoln-TP2-hybrids_7_21.PNG,,RGB,Lincoln,hybrids,7,21,TP2,653,333,Lincoln|hybrids|7|21,2022-07-28,True
UAV/Lincoln/TP2/Lincoln-TP2-hybrids_7_22.PNG,,RGB,Lincoln,hybrids,7,22,TP2,653,333,Lincoln|hybrids|7|22,2022-07-28,True
UAV/Lincoln/TP2/Lincoln-TP2-hybrids_7_23.PNG,,RGB,Lincoln,hybrids,7,23,TP2,652,333,Lincoln|hybrids|7|23,2022-07-28,True
UAV/Lincoln/TP2/Lincoln-TP2-hybrids_7_24.PNG,,RGB,Lincoln,hybrids,7,24,TP2,652,333,Lincoln|hybrids|7|24,2022-07-28,True
UAV/Lincoln/TP2/Lincoln-TP2-hybrids_7_25.PNG,,RGB,Lincoln,hybrids,7,25,TP2,652,333,Lincoln|hybrids|7|25,2022-07-28,True
UAV/Lincoln/TP2/Lincoln-TP2-hybrids_7_26.PNG,,RGB,Lincoln,hybrids,7,26,TP2,652,333,Lincoln|hybrids|7|26,2022-07-28,True
UAV/Lincoln/TP2/Lincoln-TP2-hybrids_7_27.PNG,,RGB,Lincoln,hybrids,7,27,TP2,653,333,Lincoln|hybrids|7|27,2022-07-28,True
UAV/Lincoln/TP2/Lincoln-TP2-hybrids_7_28.PNG,,RGB,Lincoln,hybrids,7,28,TP2,652,333,Lincoln|hybrids|7|28,2022-07-28,True
UAV/Lincoln/TP2/Lincoln-TP2-hybrids_7_29.PNG,,RGB,Lincoln,hybrids,7,29,TP2,652,333,Lincoln|hybrids|7|29,2022-07-28,True
UAV/Lincoln/TP2/Lincoln-TP2-hybrids_7_3.PNG,,RGB,Lincoln,hybrids,7,3,TP2,654,334,Lincoln|hybrids|7|3,2022-07-28,True
UAV/Lincoln/TP2/Lincoln-TP2-hybrids_7_30.PNG,,RGB,Lincoln,hybrids,7,30,TP2,652,333,Lincoln|hybrids|7|30,2022-07-28,True
UAV/Lincoln/TP2/Lincoln-TP2-hybrids_7_31.PNG,,RGB,Lincoln,hybrids,7,31,TP2,652,333,Lincoln|hybrids|7|31,2022-07-28,True
UAV/Lincoln/TP2/Lincoln-TP2-hybrids_7_32.PNG,,RGB,Lincoln,hybrids,7,32,TP2,652,333,Lincoln|hybrids|7|32,2022-07-28,True
UAV/Lincoln/TP2/Lincoln-TP2-hybrids_7_33.PNG,,RGB,Lincoln,hybrids,7,33,TP2,652,333,Lincoln|hybrids|7|33,2022-07-28,True
UAV/Lincoln/TP2/Lincoln-TP2-hybrids_7_34.PNG,,RGB,Lincoln,hybrids,7,34,TP2,651,333,Lincoln|hybrids|7|34,2022-07-28,True
UAV/Lincoln/TP2/Lincoln-TP2-hybrids_7_35.PNG,,RGB,Lincoln,hybrids,7,35,TP2,651,333,Lincoln|hybrids|7|35,2022-07-28,True
UAV/Lincoln/TP2/Lincoln-TP2-hybrids_7_36.PNG,,RGB,Lincoln,hybrids,7,36,TP2,651,333,Lincoln|hybrids|7|36,2022-07-28,True
UAV/Lincoln/TP2/Lincoln-TP2-hybrids_7_37.PNG,,RGB,Lincoln,hybrids,7,37,TP2,651,333,Lincoln|hybrids|7|37,2022-07-28,True
UAV/Lincoln/TP2/Lincoln-TP2-hybrids_7_38.PNG,,RGB,Lincoln,hybrids,7,38,TP2,652,333,Lincoln|hybrids|7|38,2022-07-28,True
UAV/Lincoln/TP2/Lincoln-TP2-hybrids_7_39.PNG,,RGB,Lincoln,hybrids,7,39,TP2,651,332,Lincoln|hybrids|7|39,2022-07-28,True
UAV/Lincoln/TP2/Lincoln-TP2-hybrids_7_4.PNG,,RGB,Lincoln,hybrids,7,4,TP2,654,333,Lincoln|hybrids|7|4,2022-07-28,True
UAV/Lincoln/TP2/Lincoln-TP2-hybrids_7_5.PNG,,RGB,Lincoln,hybrids,7,5,TP2,655,334,Lincoln|hybrids|7|5,2022-07-28,True
UAV/Lincoln/TP2/Lincoln-TP2-hybrids_7_6.PNG,,RGB,Lincoln,hybrids,7,6,TP2,655,334,Lincoln|hybrids|7|6,2022-07-28,True
UAV/Lincoln/TP2/Lincoln-TP2-hybrids_7_7.PNG,,RGB,Lincoln,hybrids,7,7,TP2,654,333,Lincoln|hybrids|7|7,2022-07-28,True
UAV/Lincoln/TP2/Lincoln-TP2-hybrids_7_8.PNG,,RGB,Lincoln,hybrids,7,8,TP2,654,334,Lincoln|hybrids|7|8,2022-07-28,True
UAV/Lincoln/TP2/Lincoln-TP2-hybrids_7_9.PNG,,RGB,Lincoln,hybrids,7,9,TP2,654,333,Lincoln|hybrids|7|9,2022-07-28,True
UAV/Lincoln/TP2/Lincoln-TP2-hybrids_8_10.PNG,,RGB,Lincoln,hybrids,8,10,TP2,654,333,Lincoln|hybrids|8|10,2022-07-28,True
UAV/Lincoln/TP2/Lincoln-TP2-hybrids_8_11.PNG,,RGB,Lincoln,hybrids,8,11,TP2,654,334,Lincoln|hybrids|8|11,2022-07-28,True
UAV/Lincoln/TP2/Lincoln-TP2-hybrids_8_12.PNG,,RGB,Lincoln,hybrids,8,12,TP2,654,334,Lincoln|hybrids|8|12,2022-07-28,True
UAV/Lincoln/TP2/Lincoln-TP2-hybrids_8_13.PNG,,RGB,Lincoln,hybrids,8,13,TP2,654,333,Lincoln|hybrids|8|13,2022-07-28,True
UAV/Lincoln/TP2/Lincoln-TP2-hybrids_8_14.PNG,,RGB,Lincoln,hybrids,8,14,TP2,654,334,Lincoln|hybrids|8|14,2022-07-28,True
UAV/Lincoln/TP2/Lincoln-TP2-hybrids_8_15.PNG,,RGB,Lincoln,hybrids,8,15,TP2,654,333,Lincoln|hybrids|8|15,2022-07-28,True
UAV/Lincoln/TP2/Lincoln-TP2-hybrids_8_16.PNG,,RGB,Lincoln,hybrids,8,16,TP2,654,333,Lincoln|hybrids|8|16,2022-07-28,True
UAV/Lincoln/TP2/Lincoln-TP2-hybrids_8_17.PNG,,RGB,Lincoln,hybrids,8,17,TP2,653,334,Lincoln|hybrids|8|17,2022-07-28,True
UAV/Lincoln/TP2/Lincoln-TP2-hybrids_8_18.PNG,,RGB,Lincoln,hybrids,8,18,TP2,653,333,Lincoln|hybrids|8|18,2022-07-28,True
UAV/Lincoln/TP2/Lincoln-TP2-hybrids_8_19.PNG,,RGB,Lincoln,hybrids,8,19,TP2,653,334,Lincoln|hybrids|8|19,2022-07-28,True
UAV/Lincoln/TP2/Lincoln-TP2-hybrids_8_2.PNG,,RGB,Lincoln,hybrids,8,2,TP2,655,333,Lincoln|hybrids|8|2,2022-07-28,True
UAV/Lincoln/TP2/Lincoln-TP2-hybrids_8_20.PNG,,RGB,Lincoln,hybrids,8,20,TP2,653,333,Lincoln|hybrids|8|20,2022-07-28,True
UAV/Lincoln/TP2/Lincoln-TP2-hybrids_8_21.PNG,,RGB,Lincoln,hybrids,8,21,TP2,653,333,Lincoln|hybrids|8|21,2022-07-28,True
UAV/Lincoln/TP2/Lincoln-TP2-hybrids_8_22.PNG,,RGB,Lincoln,hybrids,8,22,TP2,653,334,Lincoln|hybrids|8|22,2022-07-28,True
UAV/Lincoln/TP2/Lincoln-TP2-hybrids_8_23.PNG,,RGB,Lincoln,hybrids,8,23,TP2,653,333,Lincoln|hybrids|8|23,2022-07-28,True
UAV/Lincoln/TP2/Lincoln-TP2-hybrids_8_24.PNG,,RGB,Lincoln,hybrids,8,24,TP2,653,333,Lincoln|hybrids|8|24,2022-07-28,True
UAV/Lincoln/TP2/Lincoln-TP2-hybrids_8_25.PNG,,RGB,Lincoln,hybrids,8,25,TP2,653,333,Lincoln|hybrids|8|25,2022-07-28,True
UAV/Lincoln/TP2/Lincoln-TP2-hybrids_8_26.PNG,,RGB,Lincoln,hybrids,8,26,TP2,653,333,Lincoln|hybrids|8|26,2022-07-28,True
UAV/Lincoln/TP2/Lincoln-TP2-hybrids_8_27.PNG,,RGB,Lincoln,hybrids,8,27,TP2,653,334,Lincoln|hybrids|8|27,2022-07-28,True
UAV/Lincoln/TP2/Lincoln-TP2-hybrids_8_28.PNG,,RGB,Lincoln,hybrids,8,28,TP2,652,333,Lincoln|hybrids|8|28,2022-07-28,True
UAV/Lincoln/TP2/Lincoln-TP2-hybrids_8_29.PNG,,RGB,Lincoln,hybrids,8,29,TP2,652,333,Lincoln|hybrids|8|29,2022-07-28,True
UAV/Lincoln/TP2/Lincoln-TP2-hybrids_8_3.PNG,,RGB,Lincoln,hybrids,8,3,TP2,655,334,Lincoln|hybrids|8|3,2022-07-28,True
UAV/Lincoln/TP2/Lincoln-TP2-hybrids_8_30.PNG,,RGB,Lincoln,hybrids,8,30,TP2,652,333,Lincoln|hybrids|8|30,2022-07-28,True
UAV/Lincoln/TP2/Lincoln-TP2-hybrids_8_31.PNG,,RGB,Lincoln,hybrids,8,31,TP2,652,333,Lincoln|hybrids|8|31,2022-07-28,True
UAV/Lincoln/TP2/Lincoln-TP2-hybrids_8_32.PNG,,RGB,Lincoln,hybrids,8,32,TP2,652,333,Lincoln|hybrids|8|32,2022-07-28,True
UAV/Lincoln/TP2/Lincoln-TP2-hybrids_8_33.PNG,,RGB,Lincoln,hybrids,8,33,TP2,652,333,Lincoln|hybrids|8|33,2022-07-28,True
UAV/Lincoln/TP2/Lincoln-TP2-hybrids_8_34.PNG,,RGB,Lincoln,hybrids,8,34,TP2,652,333,Lincoln|hybrids|8|34,2022-07-28,True
UAV/Lincoln/TP2/Lincoln-TP2-hybrids_8_35.PNG,,RGB,Lincoln,hybrids,8,35,TP2,652,332,Lincoln|hybrids|8|35,2022-07-28,True
UAV/Lincoln/TP2/Lincoln-TP2-hybrids_8_36.PNG,,RGB,Lincoln,hybrids,8,36,TP2,652,333,Lincoln|hybrids|8|36,2022-07-28,True
UAV/Lincoln/TP2/Lincoln-TP2-hybrids_8_37.PNG,,RGB,Lincoln,hybrids,8,37,TP2,652,333,Lincoln|hybrids|8|37,2022-07-28,True
UAV/Lincoln/TP2/Lincoln-TP2-hybrids_8_38.PNG,,RGB,Lincoln,hybrids,8,38,TP2,652,333,Lincoln|hybrids|8|38,2022-07-28,True
UAV/Lincoln/TP2/Lincoln-TP2-hybrids_8_39.PNG,,RGB,Lincoln,hybrids,8,39,TP2,651,333,Lincoln|hybrids|8|39,2022-07-28,True
UAV/Lincoln/TP2/Lincoln-TP2-hybrids_8_4.PNG,,RGB,Lincoln,hybrids,8,4,TP2,655,334,Lincoln|hybrids|8|4,2022-07-28,True
UAV/Lincoln/TP2/Lincoln-TP2-hybrids_8_5.PNG,,RGB,Lincoln,hybrids,8,5,TP2,655,333,Lincoln|hybrids|8|5,2022-07-28,True
UAV/Lincoln/TP2/Lincoln-TP2-hybrids_8_6.PNG,,RGB,Lincoln,hybrids,8,6,TP2,654,334,Lincoln|hybrids|8|6,2022-07-28,True
UAV/Lincoln/TP2/Lincoln-TP2-hybrids_8_7.PNG,,RGB,Lincoln,hybrids,8,7,TP2,654,334,Lincoln|hybrids|8|7,2022-07-28,True
UAV/Lincoln/TP2/Lincoln-TP2-hybrids_8_8.PNG,,RGB,Lincoln,hybrids,8,8,TP2,654,334,Lincoln|hybrids|8|8,2022-07-28,True
UAV/Lincoln/TP2/Lincoln-TP2-hybrids_8_9.PNG,,RGB,Lincoln,hybrids,8,9,TP2,654,334,Lincoln|hybrids|8|9,2022-07-28,True
UAV/Lincoln/TP2/Lincoln-TP2-hybrids_9_10.PNG,,RGB,Lincoln,hybrids,9,10,TP2,653,333,Lincoln|hybrids|9|10,2022-07-28,True
UAV/Lincoln/TP2/Lincoln-TP2-hybrids_9_11.PNG,,RGB,Lincoln,hybrids,9,11,TP2,653,333,Lincoln|hybrids|9|11,2022-07-28,True
UAV/Lincoln/TP2/Lincoln-TP2-hybrids_9_12.PNG,,RGB,Lincoln,hybrids,9,12,TP2,653,334,Lincoln|hybrids|9|12,2022-07-28,True
UAV/Lincoln/TP2/Lincoln-TP2-hybrids_9_13.PNG,,RGB,Lincoln,hybrids,9,13,TP2,653,333,Lincoln|hybrids|9|13,2022-07-28,True
UAV/Lincoln/TP2/Lincoln-TP2-hybrids_9_14.PNG,,RGB,Lincoln,hybrids,9,14,TP2,653,334,Lincoln|hybrids|9|14,2022-07-28,True
UAV/Lincoln/TP2/Lincoln-TP2-hybrids_9_15.PNG,,RGB,Lincoln,hybrids,9,15,TP2,653,333,Lincoln|hybrids|9|15,2022-07-28,True
UAV/Lincoln/TP2/Lincoln-TP2-hybrids_9_16.PNG,,RGB,Lincoln,hybrids,9,16,TP2,653,333,Lincoln|hybrids|9|16,2022-07-28,True
UAV/Lincoln/TP2/Lincoln-TP2-hybrids_9_17.PNG,,RGB,Lincoln,hybrids,9,17,TP2,653,333,Lincoln|hybrids|9|17,2022-07-28,True
UAV/Lincoln/TP2/Lincoln-TP2-hybrids_9_18.PNG,,RGB,Lincoln,hybrids,9,18,TP2,652,333,Lincoln|hybrids|9|18,2022-07-28,True
UAV/Lincoln/TP2/Lincoln-TP2-hybrids_9_19.PNG,,RGB,Lincoln,hybrids,9,19,TP2,652,334,Lincoln|hybrids|9|19,2022-07-28,True
UAV/Lincoln/TP2/Lincoln-TP2-hybrids_9_2.PNG,,RGB,Lincoln,hybrids,9,2,TP2,654,334,Lincoln|hybrids|9|2,2022-07-28,True
UAV/Lincoln/TP2/Lincoln-TP2-hybrids_9_20.PNG,,RGB,Lincoln,hybrids,9,20,TP2,652,333,Lincoln|hybrids|9|20,2022-07-28,True
UAV/Lincoln/TP2/Lincoln-TP2-hybrids_9_21.PNG,,RGB,Lincoln,hybrids,9,21,TP2,652,333,Lincoln|hybrids|9|21,2022-07-28,True
UAV/Lincoln/TP2/Lincoln-TP2-hybrids_9_22.PNG,,RGB,Lincoln,hybrids,9,22,TP2,652,333,Lincoln|hybrids|9|22,2022-07-28,True
UAV/Lincoln/TP2/Lincoln-TP2-hybrids_9_23.PNG,,RGB,Lincoln,hybrids,9,23,TP2,652,333,Lincoln|hybrids|9|23,2022-07-28,True
UAV/Lincoln/TP2/Lincoln-TP2-hybrids_9_24.PNG,,RGB,Lincoln,hybrids,9,24,TP2,652,333,Lincoln|hybrids|9|24,2022-07-28,True
UAV/Lincoln/TP2/Lincoln-TP2-hybrids_9_25.PNG,,RGB,Lincoln,hybrids,9,25,TP2,652,333,Lincoln|hybrids|9|25,2022-07-28,True
UAV/Lincoln/TP2/Lincoln-TP2-hybrids_9_26.PNG,,RGB,Lincoln,hybrids,9,26,TP2,652,333,Lincoln|hybrids|9|26,2022-07-28,True
UAV/Lincoln/TP2/Lincoln-TP2-hybrids_9_27.PNG,,RGB,Lincoln,hybrids,9,27,TP2,652,333,Lincoln|hybrids|9|27,2022-07-28,True
UAV/Lincoln/TP2/Lincoln-TP2-hybrids_9_28.PNG,,RGB,Lincoln,hybrids,9,28,TP2,651,333,Lincoln|hybrids|9|28,2022-07-28,True
UAV/Lincoln/TP2/Lincoln-TP2-hybrids_9_29.PNG,,RGB,Lincoln,hybrids,9,29,TP2,651,333,Lincoln|hybrids|9|29,2022-07-28,True
UAV/Lincoln/TP2/Lincoln-TP2-hybrids_9_3.PNG,,RGB,Lincoln,hybrids,9,3,TP2,654,334,Lincoln|hybrids|9|3,2022-07-28,True
UAV/Lincoln/TP2/Lincoln-TP2-hybrids_9_30.PNG,,RGB,Lincoln,hybrids,9,30,TP2,651,333,Lincoln|hybrids|9|30,2022-07-28,True
UAV/Lincoln/TP2/Lincoln-TP2-hybrids_9_31.PNG,,RGB,Lincoln,hybrids,9,31,TP2,651,332,Lincoln|hybrids|9|31,2022-07-28,True
UAV/Lincoln/TP2/Lincoln-TP2-hybrids_9_32.PNG,,RGB,Lincoln,hybrids,9,32,TP2,651,333,Lincoln|hybrids|9|32,2022-07-28,True
UAV/Lincoln/TP2/Lincoln-TP2-hybrids_9_33.PNG,,RGB,Lincoln,hybrids,9,33,TP2,651,333,Lincoln|hybrids|9|33,2022-07-28,True
UAV/Lincoln/TP2/Lincoln-TP2-hybrids_9_34.PNG,,RGB,Lincoln,hybrids,9,34,TP2,651,333,Lincoln|hybrids|9|34,2022-07-28,True
UAV/Lincoln/TP2/Lincoln-TP2-hybrids_9_35.PNG,,RGB,Lincoln,hybrids,9,35,TP2,651,333,Lincoln|hybrids|9|35,2022-07-28,True
UAV/Lincoln/TP2/Lincoln-TP2-hybrids_9_36.PNG,,RGB,Lincoln,hybrids,9,36,TP2,651,332,Lincoln|hybrids|9|36,2022-07-28,True
UAV/Lincoln/TP2/Lincoln-TP2-hybrids_9_37.PNG,,RGB,Lincoln,hybrids,9,37,TP2,651,333,Lincoln|hybrids|9|37,2022-07-28,True
UAV/Lincoln/TP2/Lincoln-TP2-hybrids_9_38.PNG,,RGB,Lincoln,hybrids,9,38,TP2,651,332,Lincoln|hybrids|9|38,2022-07-28,True
UAV/Lincoln/TP2/Lincoln-TP2-hybrids_9_39.PNG,,RGB,Lincoln,hybrids,9,39,TP2,650,333,Lincoln|hybrids|9|39,2022-07-28,True
UAV/Lincoln/TP2/Lincoln-TP2-hybrids_9_4.PNG,,RGB,Lincoln,hybrids,9,4,TP2,654,334,Lincoln|hybrids|9|4,2022-07-28,True
UAV/Lincoln/TP2/Lincoln-TP2-hybrids_9_5.PNG,,RGB,Lincoln,hybrids,9,5,TP2,654,334,Lincoln|hybrids|9|5,2022-07-28,True
UAV/Lincoln/TP2/Lincoln-TP2-hybrids_9_6.PNG,,RGB,Lincoln,hybrids,9,6,TP2,654,333,Lincoln|hybrids|9|6,2022-07-28,True
UAV/Lincoln/TP2/Lincoln-TP2-hybrids_9_7.PNG,,RGB,Lincoln,hybrids,9,7,TP2,654,334,Lincoln|hybrids|9|7,2022-07-28,True
UAV/Lincoln/TP2/Lincoln-TP2-hybrids_9_8.PNG,,RGB,Lincoln,hybrids,9,8,TP2,653,333,Lincoln|hybrids|9|8,2022-07-28,True
UAV/Lincoln/TP2/Lincoln-TP2-hybrids_9_9.PNG,,RGB,Lincoln,hybrids,9,9,TP2,653,334,Lincoln|hybrids|9|9,2022-07-28,True
UAV/Lincoln/TP3/Lincoln-TP3-hybrids_10_10.PNG,,RGB,Lincoln,hybrids,10,10,TP3,629,319,Lincoln|hybrids|10|10,2022-08-04,True
UAV/Lincoln/TP3/Lincoln-TP3-hybrids_10_11.PNG,,RGB,Lincoln,hybrids,10,11,TP3,629,319,Lincoln|hybrids|10|11,2022-08-04,True
UAV/Lincoln/TP3/Lincoln-TP3-hybrids_10_12.PNG,,RGB,Lincoln,hybrids,10,12,TP3,628,319,Lincoln|hybrids|10|12,2022-08-04,True
UAV/Lincoln/TP3/Lincoln-TP3-hybrids_10_13.PNG,,RGB,Lincoln,hybrids,10,13,TP3,629,319,Lincoln|hybrids|10|13,2022-08-04,True
UAV/Lincoln/TP3/Lincoln-TP3-hybrids_10_14.PNG,,RGB,Lincoln,hybrids,10,14,TP3,628,319,Lincoln|hybrids|10|14,2022-08-04,True
UAV/Lincoln/TP3/Lincoln-TP3-hybrids_10_15.PNG,,RGB,Lincoln,hybrids,10,15,TP3,629,319,Lincoln|hybrids|10|15,2022-08-04,True
UAV/Lincoln/TP3/Lincoln-TP3-hybrids_10_16.PNG,,RGB,Lincoln,hybrids,10,16,TP3,628,319,Lincoln|hybrids|10|16,2022-08-04,True
UAV/Lincoln/TP3/Lincoln-TP3-hybrids_10_17.PNG,,RGB,Lincoln,hybrids,10,17,TP3,628,319,Lincoln|hybrids|10|17,2022-08-04,True
UAV/Lincoln/TP3/Lincoln-TP3-hybrids_10_18.PNG,,RGB,Lincoln,hybrids,10,18,TP3,628,319,Lincoln|hybrids|10|18,2022-08-04,True
UAV/Lincoln/TP3/Lincoln-TP3-hybrids_10_19.PNG,,RGB,Lincoln,hybrids,10,19,TP3,628,319,Lincoln|hybrids|10|19,2022-08-04,True
UAV/Lincoln/TP3/Lincoln-TP3-hybrids_10_2.PNG,,RGB,Lincoln,hybrids,10,2,TP3,630,319,Lincoln|hybrids|10|2,2022-08-04,True
UAV/Lincoln/TP3/Lincoln-TP3-hybrids_10_20.PNG,,RGB,Lincoln,hybrids,10,20,TP3,627,319,Lincoln|hybrids|10|20,2022-08-04,True
UAV/Lincoln/TP3/Lincoln-TP3-hybrids_10_21.PNG,,RGB,Lincoln,hybrids,10,21,TP3,628,319,Lincoln|hybrids|10|21,2022-08-04,True
UAV/Lincoln/TP3/Lincoln-TP3-hybrids_10_22.PNG,,RGB,Lincoln,hybrids,10,22,TP3,627,318,Lincoln|hybrids|10|22,2022-08-04,True
UAV/Lincoln/TP3/Lincoln-TP3-hybrids_10_23.PNG,,RGB,Lincoln,hybrids,10,23,TP3,628,318,Lincoln|hybrids|10|23,2022-08-04,True
UAV/Lincoln/TP3/Lincoln-TP3-hybrids_10_24.PNG,,RGB,Lincoln,hybrids,10,24,TP3,628,318,Lincoln|hybrids|10|24,2022-08-04,True
UAV/Lincoln/TP3/Lincoln-TP3-hybrids_10_25.PNG,,RGB,Lincoln,hybrids,10,25,TP3,627,318,Lincoln|hybrids|10|25,2022-08-04,True
UAV/Lincoln/TP3/Lincoln-TP3-hybrids_10_26.PNG,,RGB,Lincoln,hybrids,10,26,TP3,628,318,Lincoln|hybrids|10|26,2022-08-04,True
UAV/Lincoln/TP3/Lincoln-TP3-hybrids_10_27.PNG,,RGB,Lincoln,hybrids,10,27,TP3,627,318,Lincoln|hybrids|10|27,2022-08-04,True
UAV/Lincoln/TP3/Lincoln-TP3-hybrids_10_28.PNG,,RGB,Lincoln,hybrids,10,28,TP3,628,319,Lincoln|hybrids|10|28,2022-08-04,True
UAV/Lincoln/TP3/Lincoln-TP3-hybrids_10_29.PNG,,RGB,Lincoln,hybrids,10,29,TP3,627,319,Lincoln|hybrids|10|29,2022-08-04,True
UAV/Lincoln/TP3/Lincoln-TP3-hybrids_10_3.PNG,,RGB,Lincoln,hybrids,10,3,TP3,629,319,Lincoln|hybrids|10|3,2022-08-04,True
UAV/Lincoln/TP3/Lincoln-TP3-hybrids_10_30.PNG,,RGB,Lincoln,hybrids,10,30,TP3,627,319,Lincoln|hybrids|10|30,2022-08-04,True
UAV/Lincoln/TP3/Lincoln-TP3-hybrids_10_31.PNG,,RGB,Lincoln,hybrids,10,31,TP3,627,319,Lincoln|hybrids|10|31,2022-08-04,True
UAV/Lincoln/TP3/Lincoln-TP3-hybrids_10_32.PNG,,RGB,Lincoln,hybrids,10,32,TP3,627,319,Lincoln|hybrids|10|32,2022-08-04,True
UAV/Lincoln/TP3/Lincoln-TP3-hybrids_10_33.PNG,,RGB,Lincoln,hybrids,10,33,TP3,626,319,Lincoln|hybrids|10|33,2022-08-04,True
UAV/Lincoln/TP3/Lincoln-TP3-hybrids_10_34.PNG,,RGB,Lincoln,hybrids,10,34,TP3,627,319,Lincoln|hybrids|10|34,2022-08-04,True
UAV/Lincoln/TP3/Lincoln-TP3-hybrids_10_35.PNG,,RGB,Lincoln,hybrids,10,35,TP3,626,319,Lincoln|hybrids|10|35,2022-08-04,True
UAV/Lincoln/TP3/Lincoln-TP3-hybrids_10_36.PNG,,RGB,Lincoln,hybrids,10,36,TP3,627,319,Lincoln|hybrids|10|36,2022-08-04,True
UAV/Lincoln/TP3/Lincoln-TP3-hybrids_10_37.PNG,,RGB,Lincoln,hybrids,10,37,TP3,626,319,Lincoln|hybrids|10|37,2022-08-04,True
UAV/Lincoln/TP3/Lincoln-TP3-hybrids_10_38.PNG,,RGB,Lincoln,hybrids,10,38,TP3,626,319,Lincoln|hybrids|10|38,2022-08-04,True
UAV/Lincoln/TP3/Lincoln-TP3-hybrids_10_39.PNG,,RGB,Lincoln,hybrids,10,39,TP3,626,319,Lincoln|hybrids|10|39,2022-08-04,True
UAV/Lincoln/TP3/Lincoln-TP3-hybrids_10_4.PNG,,RGB,Lincoln,hybrids,10,4,TP3,629,319,Lincoln|hybrids|10|4,2022-08-04,True
UAV/Lincoln/TP3/Lincoln-TP3-hybrids_10_5.PNG,,RGB,Lincoln,hybrids,10,5,TP3,630,319,Lincoln|hybrids|10|5,2022-08-04,True
UAV/Lincoln/TP3/Lincoln-TP3-hybrids_10_6.PNG,,RGB,Lincoln,hybrids,10,6,TP3,629,319,Lincoln|hybrids|10|6,2022-08-04,True
UAV/Lincoln/TP3/Lincoln-TP3-hybrids_10_7.PNG,,RGB,Lincoln,hybrids,10,7,TP3,630,319,Lincoln|hybrids|10|7,2022-08-04,True
UAV/Lincoln/TP3/Lincoln-TP3-hybrids_10_8.PNG,,RGB,Lincoln,hybrids,10,8,TP3,629,319,Lincoln|hybrids|10|8,2022-08-04,True
UAV/Lincoln/TP3/Lincoln-TP3-hybrids_10_9.PNG,,RGB,Lincoln,hybrids,10,9,TP3,629,319,Lincoln|hybrids|10|9,2022-08-04,True
UAV/Lincoln/TP3/Lincoln-TP3-hybrids_11_10.PNG,,RGB,Lincoln,hybrids,11,10,TP3,629,319,Lincoln|hybrids|11|10,2022-08-04,True
UAV/Lincoln/TP3/Lincoln-TP3-hybrids_11_11.PNG,,RGB,Lincoln,hybrids,11,11,TP3,628,319,Lincoln|hybrids|11|11,2022-08-04,True
UAV/Lincoln/TP3/Lincoln-TP3-hybrids_11_12.PNG,,RGB,Lincoln,hybrids,11,12,TP3,629,319,Lincoln|hybrids|11|12,2022-08-04,True
UAV/Lincoln/TP3/Lincoln-TP3-hybrids_11_13.PNG,,RGB,Lincoln,hybrids,11,13,TP3,629,319,Lincoln|hybrids|11|13,2022-08-04,True
UAV/Lincoln/TP3/Lincoln-TP3-hybrids_11_14.PNG,,RGB,Lincoln,hybrids,11,14,TP3,628,319,Lincoln|hybrids|11|14,2022-08-04,True
UAV/Lincoln/TP3/Lincoln-TP3-hybrids_11_15.PNG,,RGB,Lincoln,hybrids,11,15,TP3,628,319,Lincoln|hybrids|11|15,2022-08-04,True
UAV/Lincoln/TP3/Lincoln-TP3-hybrids_11_16.PNG,,RGB,Lincoln,hybrids,11,16,TP3,628,319,Lincoln|hybrids|11|16,2022-08-04,True
UAV/Lincoln/TP3/Lincoln-TP3-hybrids_11_17.PNG,,RGB,Lincoln,hybrids,11,17,TP3,628,319,Lincoln|hybrids|11|17,2022-08-04,True
UAV/Lincoln/TP3/Lincoln-TP3-hybrids_11_18.PNG,,RGB,Lincoln,hybrids,11,18,TP3,628,319,Lincoln|hybrids|11|18,2022-08-04,True
UAV/Lincoln/TP3/Lincoln-TP3-hybrids_11_19.PNG,,RGB,Lincoln,hybrids,11,19,TP3,628,319,Lincoln|hybrids|11|19,2022-08-04,True
UAV/Lincoln/TP3/Lincoln-TP3-hybrids_11_2.PNG,,RGB,Lincoln,hybrids,11,2,TP3,630,320,Lincoln|hybrids|11|2,2022-08-04,True
UAV/Lincoln/TP3/Lincoln-TP3-hybrids_11_20.PNG,,RGB,Lincoln,hybrids,11,20,TP3,628,318,Lincoln|hybrids|11|20,2022-08-04,True
UAV/Lincoln/TP3/Lincoln-TP3-hybrids_11_21.PNG,,RGB,Lincoln,hybrids,11,21,TP3,628,319,Lincoln|hybrids|11|21,2022-08-04,True
UAV/Lincoln/TP3/Lincoln-TP3-hybrids_11_22.PNG,,RGB,Lincoln,hybrids,11,22,TP3,628,319,Lincoln|hybrids|11|22,2022-08-04,True
UAV/Lincoln/TP3/Lincoln-TP3-hybrids_11_23.PNG,,RGB,Lincoln,hybrids,11,23,TP3,628,319,Lincoln|hybrids|11|23,2022-08-04,True
UAV/Lincoln/TP3/Lincoln-TP3-hybrids_11_24.PNG,,RGB,Lincoln,hybrids,11,24,TP3,627,319,Lincoln|hybrids|11|24,2022-08-04,True
UAV/Lincoln/TP3/Lincoln-TP3-hybrids_11_25.PNG,,RGB,Lincoln,hybrids,11,25,TP3,627,319,Lincoln|hybrids|11|25,2022-08-04,True
UAV/Lincoln/TP3/Lincoln-TP3-hybrids_11_26.PNG,,RGB,Lincoln,hybrids,11,26,TP3,628,319,Lincoln|hybrids|11|26,2022-08-04,True
UAV/Lincoln/TP3/Lincoln-TP3-hybrids_11_27.PNG,,RGB,Lincoln,hybrids,11,27,TP3,627,319,Lincoln|hybrids|11|27,2022-08-04,True
UAV/Lincoln/TP3/Lincoln-TP3-hybrids_11_28.PNG,,RGB,Lincoln,hybrids,11,28,TP3,627,319,Lincoln|hybrids|11|28,2022-08-04,True
UAV/Lincoln/TP3/Lincoln-TP3-hybrids_11_29.PNG,,RGB,Lincoln,hybrids,11,29,TP3,627,319,Lincoln|hybrids|11|29,2022-08-04,True
UAV/Lincoln/TP3/Lincoln-TP3-hybrids_11_3.PNG,,RGB,Lincoln,hybrids,11,3,TP3,629,320,Lincoln|hybrids|11|3,2022-08-04,True
UAV/Lincoln/TP3/Lincoln-TP3-hybrids_11_30.PNG,,RGB,Lincoln,hybrids,11,30,TP3,627,319,Lincoln|hybrids|11|30,2022-08-04,True
UAV/Lincoln/TP3/Lincoln-TP3-hybrids_11_31.PNG,,RGB,Lincoln,hybrids,11,31,TP3,627,319,Lincoln|hybrids|11|31,2022-08-04,True
UAV/Lincoln/TP3/Lincoln-TP3-hybrids_11_32.PNG,,RGB,Lincoln,hybrids,11,32,TP3,626,319,Lincoln|hybrids|11|32,2022-08-04,True
UAV/Lincoln/TP3/Lincoln-TP3-hybrids_11_33.PNG,,RGB,Lincoln,hybrids,11,33,TP3,627,318,Lincoln|hybrids|11|33,2022-08-04,True
UAV/Lincoln/TP3/Lincoln-TP3-hybrids_11_34.PNG,,RGB,Lincoln,hybrids,11,34,TP3,627,318,Lincoln|hybrids|11|34,2022-08-04,True
UAV/Lincoln/TP3/Lincoln-TP3-hybrids_11_35.PNG,,RGB,Lincoln,hybrids,11,35,TP3,626,318,Lincoln|hybrids|11|35,2022-08-04,True
UAV/Lincoln/TP3/Lincoln-TP3-hybrids_11_36.PNG,,RGB,Lincoln,hybrids,11,36,TP3,627,318,Lincoln|hybrids|11|36,2022-08-04,True
UAV/Lincoln/TP3/Lincoln-TP3-hybrids_11_37.PNG,,RGB,Lincoln,hybrids,11,37,TP3,626,318,Lincoln|hybrids|11|37,2022-08-04,True
UAV/Lincoln/TP3/Lincoln-TP3-hybrids_11_38.PNG,,RGB,Lincoln,hybrids,11,38,TP3,626,318,Lincoln|hybrids|11|38,2022-08-04,True
UAV/Lincoln/TP3/Lincoln-TP3-hybrids_11_39.PNG,,RGB,Lincoln,hybrids,11,39,TP3,626,318,Lincoln|hybrids|11|39,2022-08-04,True
UAV/Lincoln/TP3/Lincoln-TP3-hybrids_11_4.PNG,,RGB,Lincoln,hybrids,11,4,TP3,629,320,Lincoln|hybrids|11|4,2022-08-04,True
UAV/Lincoln/TP3/Lincoln-TP3-hybrids_11_5.PNG,,RGB,Lincoln,hybrids,11,5,TP3,630,320,Lincoln|hybrids|11|5,2022-08-04,True
UAV/Lincoln/TP3/Lincoln-TP3-hybrids_11_6.PNG,,RGB,Lincoln,hybrids,11,6,TP3,629,320,Lincoln|hybrids|11|6,2022-08-04,True
UAV/Lincoln/TP3/Lincoln-TP3-hybrids_11_7.PNG,,RGB,Lincoln,hybrids,11,7,TP3,629,320,Lincoln|hybrids|11|7,2022-08-04,True
UAV/Lincoln/TP3/Lincoln-TP3-hybrids_11_8.PNG,,RGB,Lincoln,hybrids,11,8,TP3,628,319,Lincoln|hybrids|11|8,2022-08-04,True
UAV/Lincoln/TP3/Lincoln-TP3-hybrids_11_9.PNG,,RGB,Lincoln,hybrids,11,9,TP3,629,319,Lincoln|hybrids|11|9,2022-08-04,True
UAV/Lincoln/TP3/Lincoln-TP3-hybrids_12_10.PNG,,RGB,Lincoln,hybrids,12,10,TP3,628,319,Lincoln|hybrids|12|10,2022-08-04,True
UAV/Lincoln/TP3/Lincoln-TP3-hybrids_12_11.PNG,,RGB,Lincoln,hybrids,12,11,TP3,629,319,Lincoln|hybrids|12|11,2022-08-04,True
UAV/Lincoln/TP3/Lincoln-TP3-hybrids_12_12.PNG,,RGB,Lincoln,hybrids,12,12,TP3,629,319,Lincoln|hybrids|12|12,2022-08-04,True
UAV/Lincoln/TP3/Lincoln-TP3-hybrids_12_13.PNG,,RGB,Lincoln,hybrids,12,13,TP3,628,319,Lincoln|hybrids|12|13,2022-08-04,True
UAV/Lincoln/TP3/Lincoln-TP3-hybrids_12_14.PNG,,RGB,Lincoln,hybrids,12,14,TP3,628,319,Lincoln|hybrids|12|14,2022-08-04,True
UAV/Lincoln/TP3/Lincoln-TP3-hybrids_12_15.PNG,,RGB,Lincoln,hybrids,12,15,TP3,628,319,Lincoln|hybrids|12|15,2022-08-04,True
UAV/Lincoln/TP3/Lincoln-TP3-hybrids_12_16.PNG,,RGB,Lincoln,hybrids,12,16,TP3,629,319,Lincoln|hybrids|12|16,2022-08-04,True
UAV/Lincoln/TP3/Lincoln-TP3-hybrids_12_17.PNG,,RGB,Lincoln,hybrids,12,17,TP3,628,319,Lincoln|hybrids|12|17,2022-08-04,True
UAV/Lincoln/TP3/Lincoln-TP3-hybrids_12_18.PNG,,RGB,Lincoln,hybrids,12,18,TP3,628,319,Lincoln|hybrids|12|18,2022-08-04,True
UAV/Lincoln/TP3/Lincoln-TP3-hybrids_12_19.PNG,,RGB,Lincoln,hybrids,12,19,TP3,628,320,Lincoln|hybrids|12|19,2022-08-04,True
UAV/Lincoln/TP3/Lincoln-TP3-hybrids_12_2.PNG,,RGB,Lincoln,hybrids,12,2,TP3,630,319,Lincoln|hybrids|12|2,2022-08-04,True
UAV/Lincoln/TP3/Lincoln-TP3-hybrids_12_20.PNG,,RGB,Lincoln,hybrids,12,20,TP3,627,319,Lincoln|hybrids|12|20,2022-08-04,True
UAV/Lincoln/TP3/Lincoln-TP3-hybrids_12_21.PNG,,RGB,Lincoln,hybrids,12,21,TP3,628,319,Lincoln|hybrids|12|21,2022-08-04,True
UAV/Lincoln/TP3/Lincoln-TP3-hybrids_12_22.PNG,,RGB,Lincoln,hybrids,12,22,TP3,628,319,Lincoln|hybrids|12|22,2022-08-04,True
UAV/Lincoln/TP3/Lincoln-TP3-hybrids_12_23.PNG,,RGB,Lincoln,hybrids,12,23,TP3,627,319,Lincoln|hybrids|12|23,2022-08-04,True
UAV/Lincoln/TP3/Lincoln-TP3-hybrids_12_24.PNG,,RGB,Lincoln,hybrids,12,24,TP3,627,319,Lincoln|hybrids|12|24,2022-08-04,True
UAV/Lincoln/TP3/Lincoln-TP3-hybrids_12_25.PNG,,RGB,Lincoln,hybrids,12,25,TP3,627,319,Lincoln|hybrids|12|25,2022-08-04,True
UAV/Lincoln/TP3/Lincoln-TP3-hybrids_12_26.PNG,,RGB,Lincoln,hybrids,12,26,TP3,628,319,Lincoln|hybrids|12|26,2022-08-04,True
UAV/Lincoln/TP3/Lincoln-TP3-hybrids_12_27.PNG,,RGB,Lincoln,hybrids,12,27,TP3,627,319,Lincoln|hybrids|12|27,2022-08-04,True
UAV/Lincoln/TP3/Lincoln-TP3-hybrids_12_28.PNG,,RGB,Lincoln,hybrids,12,28,TP3,627,319,Lincoln|hybrids|12|28,2022-08-04,True
UAV/Lincoln/TP3/Lincoln-TP3-hybrids_12_29.PNG,,RGB,Lincoln,hybrids,12,29,TP3,627,318,Lincoln|hybrids|12|29,2022-08-04,True
UAV/Lincoln/TP3/Lincoln-TP3-hybrids_12_3.PNG,,RGB,Lincoln,hybrids,12,3,TP3,629,319,Lincoln|hybrids|12|3,2022-08-04,True
UAV/Lincoln/TP3/Lincoln-TP3-hybrids_12_30.PNG,,RGB,Lincoln,hybrids,12,30,TP3,626,318,Lincoln|hybrids|12|30,2022-08-04,True
UAV/Lincoln/TP3/Lincoln-TP3-hybrids_12_31.PNG,,RGB,Lincoln,hybrids,12,31,TP3,627,318,Lincoln|hybrids|12|31,2022-08-04,True
UAV/Lincoln/TP3/Lincoln-TP3-hybrids_12_32.PNG,,RGB,Lincoln,hybrids,12,32,TP3,627,319,Lincoln|hybrids|12|32,2022-08-04,True
UAV/Lincoln/TP3/Lincoln-TP3-hybrids_12_33.PNG,,RGB,Lincoln,hybrids,12,33,TP3,627,319,Lincoln|hybrids|12|33,2022-08-04,True
UAV/Lincoln/TP3/Lincoln-TP3-hybrids_12_34.PNG,,RGB,Lincoln,hybrids,12,34,TP3,626,319,Lincoln|hybrids|12|34,2022-08-04,True
UAV/Lincoln/TP3/Lincoln-TP3-hybrids_12_35.PNG,,RGB,Lincoln,hybrids,12,35,TP3,626,319,Lincoln|hybrids|12|35,2022-08-04,True
UAV/Lincoln/TP3/Lincoln-TP3-hybrids_12_36.PNG,,RGB,Lincoln,hybrids,12,36,TP3,627,319,Lincoln|hybrids|12|36,2022-08-04,True
UAV/Lincoln/TP3/Lincoln-TP3-hybrids_12_37.PNG,,RGB,Lincoln,hybrids,12,37,TP3,626,319,Lincoln|hybrids|12|37,2022-08-04,True
UAV/Lincoln/TP3/Lincoln-TP3-hybrids_12_38.PNG,,RGB,Lincoln,hybrids,12,38,TP3,626,318,Lincoln|hybrids|12|38,2022-08-04,True
UAV/Lincoln/TP3/Lincoln-TP3-hybrids_12_39.PNG,,RGB,Lincoln,hybrids,12,39,TP3,626,318,Lincoln|hybrids|12|39,2022-08-04,True
UAV/Lincoln/TP3/Lincoln-TP3-hybrids_12_4.PNG,,RGB,Lincoln,hybrids,12,4,TP3,629,319,Lincoln|hybrids|12|4,2022-08-04,True
UAV/Lincoln/TP3/Lincoln-TP3-hybrids_12_5.PNG,,RGB,Lincoln,hybrids,12,5,TP3,629,319,Lincoln|hybrids|12|5,2022-08-04,True
UAV/Lincoln/TP3/Lincoln-TP3-hybrids_12_6.PNG,,RGB,Lincoln,hybrids,12,6,TP3,629,319,Lincoln|hybrids|12|6,2022-08-04,True
UAV/Lincoln/TP3/Lincoln-TP3-hybrids_12_7.PNG,,RGB,Lincoln,hybrids,12,7,TP3,629,320,Lincoln|hybrids|12|7,2022-08-04,True
UAV/Lincoln/TP3/Lincoln-TP3-hybrids_12_8.PNG,,RGB,Lincoln,hybrids,12,8,TP3,629,320,Lincoln|hybrids|12|8,2022-08-04,True
UAV/Lincoln/TP3/Lincoln-TP3-hybrids_12_9.PNG,,RGB,Lincoln,hybrids,12,9,TP3,629,320,Lincoln|hybrids|12|9,2022-08-04,True
UAV/Lincoln/TP3/Lincoln-TP3-hybrids_13_10.PNG,,RGB,Lincoln,hybrids,13,10,TP3,629,320,Lincoln|hybrids|13|10,2022-08-04,True
UAV/Lincoln/TP3/Lincoln-TP3-hybrids_13_11.PNG,,RGB,Lincoln,hybrids,13,11,TP3,629,320,Lincoln|hybrids|13|11,2022-08-04,True
UAV/Lincoln/TP3/Lincoln-TP3-hybrids_13_12.PNG,,RGB,Lincoln,hybrids,13,12,TP3,628,319,Lincoln|hybrids|13|12,2022-08-04,True
UAV/Lincoln/TP3/Lincoln-TP3-hybrids_13_13.PNG,,RGB,Lincoln,hybrids,13,13,TP3,628,319,Lincoln|hybrids|13|13,2022-08-04,True
UAV/Lincoln/TP3/Lincoln-TP3-hybrids_13_14.PNG,,RGB,Lincoln,hybrids,13,14,TP3,628,319,Lincoln|hybrids|13|14,2022-08-04,True
UAV/Lincoln/TP3/Lincoln-TP3-hybrids_13_15.PNG,,RGB,Lincoln,hybrids,13,15,TP3,628,319,Lincoln|hybrids|13|15,2022-08-04,True
UAV/Lincoln/TP3/Lincoln-TP3-hybrids_13_16.PNG,,RGB,Lincoln,hybrids,13,16,TP3,628,319,Lincoln|hybrids|13|16,2022-08-04,True
UAV/Lincoln/TP3/Lincoln-TP3-hybrids_13_17.PNG,,RGB,Lincoln,hybrids,13,17,TP3,628,319,Lincoln|hybrids|13|17,2022-08-04,True
UAV/Lincoln/TP3/Lincoln-TP3-hybrids_13_18.PNG,,RGB,Lincoln,hybrids,13,18,TP3,628,319,Lincoln|hybrids|13|18,2022-08-04,True
UAV/Lincoln/TP3/Lincoln-TP3-hybrids_13_19.PNG,,RGB,Lincoln,hybrids,13,19,TP3,628,319,Lincoln|hybrids|13|19,2022-08-04,True
UAV/Lincoln/TP3/Lincoln-TP3-hybrids_13_2.PNG,,RGB,Lincoln,hybrids,13,2,TP3,629,320,Lincoln|hybrids|13|2,2022-08-04,True
UAV/Lincoln/TP3/Lincoln-TP3-hybrids_13_20.PNG,,RGB,Lincoln,hybrids,13,20,TP3,628,319,Lincoln|hybrids|13|20,2022-08-04,True
UAV/Lincoln/TP3/Lincoln-TP3-hybrids_13_21.PNG,,RGB,Lincoln,hybrids,13,21,TP3,628,319,Lincoln|hybrids|13|21,2022-08-04,True
UAV/Lincoln/TP3/Lincoln-TP3-hybrids_13_22.PNG,,RGB,Lincoln,hybrids,13,22,TP3,627,319,Lincoln|hybrids|13|22,2022-08-04,True
UAV/Lincoln/TP3/Lincoln-TP3-hybrids_13_23.PNG,,RGB,Lincoln,hybrids,13,23,TP3,627,319,Lincoln|hybrids|13|23,2022-08-04,True
UAV/Lincoln/TP3/Lincoln-TP3-hybrids_13_24.PNG,,RGB,Lincoln,hybrids,13,24,TP3,627,319,Lincoln|hybrids|13|24,2022-08-04,True
UAV/Lincoln/TP3/Lincoln-TP3-hybrids_13_25.PNG,,RGB,Lincoln,hybrids,13,25,TP3,627,319,Lincoln|hybrids|13|25,2022-08-04,True
UAV/Lincoln/TP3/Lincoln-TP3-hybrids_13_26.PNG,,RGB,Lincoln,hybrids,13,26,TP3,628,318,Lincoln|hybrids|13|26,2022-08-04,True
UAV/Lincoln/TP3/Lincoln-TP3-hybrids_13_27.PNG,,RGB,Lincoln,hybrids,13,27,TP3,627,318,Lincoln|hybrids|13|27,2022-08-04,True
UAV/Lincoln/TP3/Lincoln-TP3-hybrids_13_28.PNG,,RGB,Lincoln,hybrids,13,28,TP3,627,319,Lincoln|hybrids|13|28,2022-08-04,True
UAV/Lincoln/TP3/Lincoln-TP3-hybrids_13_29.PNG,,RGB,Lincoln,hybrids,13,29,TP3,627,319,Lincoln|hybrids|13|29,2022-08-04,True
UAV/Lincoln/TP3/Lincoln-TP3-hybrids_13_3.PNG,,RGB,Lincoln,hybrids,13,3,TP3,629,320,Lincoln|hybrids|13|3,2022-08-04,True
UAV/Lincoln/TP3/Lincoln-TP3-hybrids_13_30.PNG,,RGB,Lincoln,hybrids,13,30,TP3,627,319,Lincoln|hybrids|13|30,2022-08-04,True
UAV/Lincoln/TP3/Lincoln-TP3-hybrids_13_31.PNG,,RGB,Lincoln,hybrids,13,31,TP3,627,319,Lincoln|hybrids|13|31,2022-08-04,True
UAV/Lincoln/TP3/Lincoln-TP3-hybrids_13_32.PNG,,RGB,Lincoln,hybrids,13,32,TP3,626,319,Lincoln|hybrids|13|32,2022-08-04,True
UAV/Lincoln/TP3/Lincoln-TP3-hybrids_13_33.PNG,,RGB,Lincoln,hybrids,13,33,TP3,626,319,Lincoln|hybrids|13|33,2022-08-04,True
UAV/Lincoln/TP3/Lincoln-TP3-hybrids_13_34.PNG,,RGB,Lincoln,hybrids,13,34,TP3,626,318,Lincoln|hybrids|13|34,2022-08-04,True
UAV/Lincoln/TP3/Lincoln-TP3-hybrids_13_35.PNG,,RGB,Lincoln,hybrids,13,35,TP3,626,318,Lincoln|hybrids|13|35,2022-08-04,True
UAV/Lincoln/TP3/Lincoln-TP3-hybrids_13_36.PNG,,RGB,Lincoln,hybrids,13,36,TP3,627,318,Lincoln|hybrids|13|36,2022-08-04,True
UAV/Lincoln/TP3/Lincoln-TP3-hybrids_13_37.PNG,,RGB,Lincoln,hybrids,13,37,TP3,626,319,Lincoln|hybrids|13|37,2022-08-04,True
UAV/Lincoln/TP3/Lincoln-TP3-hybrids_13_38.PNG,,RGB,Lincoln,hybrids,13,38,TP3,626,319,Lincoln|hybrids|13|38,2022-08-04,True
UAV/Lincoln/TP3/Lincoln-TP3-hybrids_13_39.PNG,,RGB,Lincoln,hybrids,13,39,TP3,626,319,Lincoln|hybrids|13|39,2022-08-04,True
UAV/Lincoln/TP3/Lincoln-TP3-hybrids_13_4.PNG,,RGB,Lincoln,hybrids,13,4,TP3,629,320,Lincoln|hybrids|13|4,2022-08-04,True
UAV/Lincoln/TP3/Lincoln-TP3-hybrids_13_5.PNG,,RGB,Lincoln,hybrids,13,5,TP3,629,319,Lincoln|hybrids|13|5,2022-08-04,True
UAV/Lincoln/TP3/Lincoln-TP3-hybrids_13_6.PNG,,RGB,Lincoln,hybrids,13,6,TP3,629,319,Lincoln|hybrids|13|6,2022-08-04,True
UAV/Lincoln/TP3/Lincoln-TP3-hybrids_13_7.PNG,,RGB,Lincoln,hybrids,13,7,TP3,628,319,Lincoln|hybrids|13|7,2022-08-04,True
UAV/Lincoln/TP3/Lincoln-TP3-hybrids_13_8.PNG,,RGB,Lincoln,hybrids,13,8,TP3,629,319,Lincoln|hybrids|13|8,2022-08-04,True
UAV/Lincoln/TP3/Lincoln-TP3-hybrids_13_9.PNG,,RGB,Lincoln,hybrids,13,9,TP3,629,320,Lincoln|hybrids|13|9,2022-08-04,True
UAV/Lincoln/TP3/Lincoln-TP3-hybrids_14_10.PNG,,RGB,Lincoln,hybrids,14,10,TP3,628,319,Lincoln|hybrids|14|10,2022-08-04,True
UAV/Lincoln/TP3/Lincoln-TP3-hybrids_14_11.PNG,,RGB,Lincoln,hybrids,14,11,TP3,628,320,Lincoln|hybrids|14|11,2022-08-04,True
UAV/Lincoln/TP3/Lincoln-TP3-hybrids_14_12.PNG,,RGB,Lincoln,hybrids,14,12,TP3,628,320,Lincoln|hybrids|14|12,2022-08-04,True
UAV/Lincoln/TP3/Lincoln-TP3-hybrids_14_13.PNG,,RGB,Lincoln,hybrids,14,13,TP3,628,319,Lincoln|hybrids|14|13,2022-08-04,True
UAV/Lincoln/TP3/Lincoln-TP3-hybrids_14_14.PNG,,RGB,Lincoln,hybrids,14,14,TP3,628,319,Lincoln|hybrids|14|14,2022-08-04,True
UAV/Lincoln/TP3/Lincoln-TP3-hybrids_14_15.PNG,,RGB,Lincoln,hybrids,14,15,TP3,628,319,Lincoln|hybrids|14|15,2022-08-04,True
UAV/Lincoln/TP3/Lincoln-TP3-hybrids_14_16.PNG,,RGB,Lincoln,hybrids,14,16,TP3,628,319,Lincoln|hybrids|14|16,2022-08-04,True
UAV/Lincoln/TP3/Lincoln-TP3-hybrids_14_17.PNG,,RGB,Lincoln,hybrids,14,17,TP3,628,319,Lincoln|hybrids|14|17,2022-08-04,True
UAV/Lincoln/TP3/Lincoln-TP3-hybrids_14_18.PNG,,RGB,Lincoln,hybrids,14,18,TP3,627,320,Lincoln|hybrids|14|18,2022-08-04,True
UAV/Lincoln/TP3/Lincoln-TP3-hybrids_14_19.PNG,,RGB,Lincoln,hybrids,14,19,TP3,627,319,Lincoln|hybrids|14|19,2022-08-04,True
UAV/Lincoln/TP3/Lincoln-TP3-hybrids_14_2.PNG,,RGB,Lincoln,hybrids,14,2,TP3,629,319,Lincoln|hybrids|14|2,2022-08-04,True
UAV/Lincoln/TP3/Lincoln-TP3-hybrids_14_20.PNG,,RGB,Lincoln,hybrids,14,20,TP3,627,319,Lincoln|hybrids|14|20,2022-08-04,True
UAV/Lincoln/TP3/Lincoln-TP3-hybrids_14_21.PNG,,RGB,Lincoln,hybrids,14,21,TP3,627,319,Lincoln|hybrids|14|21,2022-08-04,True
UAV/Lincoln/TP3/Lincoln-TP3-hybrids_14_22.PNG,,RGB,Lincoln,hybrids,14,22,TP3,627,319,Lincoln|hybrids|14|22,2022-08-04,True
UAV/Lincoln/TP3/Lincoln-TP3-hybrids_14_23.PNG,,RGB,Lincoln,hybrids,14,23,TP3,627,319,Lincoln|hybrids|14|23,2022-08-04,True
UAV/Lincoln/TP3/Lincoln-TP3-hybrids_14_24.PNG,,RGB,Lincoln,hybrids,14,24,TP3,627,319,Lincoln|hybrids|14|24,2022-08-04,True
UAV/Lincoln/TP3/Lincoln-TP3-hybrids_14_25.PNG,,RGB,Lincoln,hybrids,14,25,TP3,627,319,Lincoln|hybrids|14|25,2022-08-04,True
UAV/Lincoln/TP3/Lincoln-TP3-hybrids_14_26.PNG,,RGB,Lincoln,hybrids,14,26,TP3,627,319,Lincoln|hybrids|14|26,2022-08-04,True
UAV/Lincoln/TP3/Lincoln-TP3-hybrids_14_27.PNG,,RGB,Lincoln,hybrids,14,27,TP3,626,319,Lincoln|hybrids|14|27,2022-08-04,True
UAV/Lincoln/TP3/Lincoln-TP3-hybrids_14_28.PNG,,RGB,Lincoln,hybrids,14,28,TP3,626,319,Lincoln|hybrids|14|28,2022-08-04,True
UAV/Lincoln/TP3/Lincoln-TP3-hybrids_14_29.PNG,,RGB,Lincoln,hybrids,14,29,TP3,626,319,Lincoln|hybrids|14|29,2022-08-04,True
UAV/Lincoln/TP3/Lincoln-TP3-hybrids_14_3.PNG,,RGB,Lincoln,hybrids,14,3,TP3,629,319,Lincoln|hybrids|14|3,2022-08-04,True
UAV/Lincoln/TP3/Lincoln-TP3-hybrids_14_30.PNG,,RGB,Lincoln,hybrids,14,30,TP3,626,319,Lincoln|hybrids|14|30,2022-08-04,True
UAV/Lincoln/TP3/Lincoln-TP3-hybrids_14_31.PNG,,RGB,Lincoln,hybrids,14,31,TP3,627,318,Lincoln|hybrids|14|31,2022-08-04,True
UAV/Lincoln/TP3/Lincoln-TP3-hybrids_14_32.PNG,,RGB,Lincoln,hybrids,14,32,TP3,627,318,Lincoln|hybrids|14|32,2022-08-04,True
UAV/Lincoln/TP3/Lincoln-TP3-hybrids_14_33.PNG,,RGB,Lincoln,hybrids,14,33,TP3,627,319,Lincoln|hybrids|14|33,2022-08-04,True
UAV/Lincoln/TP3/Lincoln-TP3-hybrids_14_34.PNG,,RGB,Lincoln,hybrids,14,34,TP3,627,319,Lincoln|hybrids|14|34,2022-08-04,True
UAV/Lincoln/TP3/Lincoln-TP3-hybrids_14_35.PNG,,RGB,Lincoln,hybrids,14,35,TP3,627,319,Lincoln|hybrids|14|35,2022-08-04,True
UAV/Lincoln/TP3/Lincoln-TP3-hybrids_14_36.PNG,,RGB,Lincoln,hybrids,14,36,TP3,627,319,Lincoln|hybrids|14|36,2022-08-04,True
UAV/Lincoln/TP3/Lincoln-TP3-hybrids_14_37.PNG,,RGB,Lincoln,hybrids,14,37,TP3,626,318,Lincoln|hybrids|14|37,2022-08-04,True
UAV/Lincoln/TP3/Lincoln-TP3-hybrids_14_38.PNG,,RGB,Lincoln,hybrids,14,38,TP3,626,318,Lincoln|hybrids|14|38,2022-08-04,True
UAV/Lincoln/TP3/Lincoln-TP3-hybrids_14_39.PNG,,RGB,Lincoln,hybrids,14,39,TP3,626,318,Lincoln|hybrids|14|39,2022-08-04,True
UAV/Lincoln/TP3/Lincoln-TP3-hybrids_14_4.PNG,,RGB,Lincoln,hybrids,14,4,TP3,629,320,Lincoln|hybrids|14|4,2022-08-04,True
UAV/Lincoln/TP3/Lincoln-TP3-hybrids_14_5.PNG,,RGB,Lincoln,hybrids,14,5,TP3,629,320,Lincoln|hybrids|14|5,2022-08-04,True
UAV/Lincoln/TP3/Lincoln-TP3-hybrids_14_6.PNG,,RGB,Lincoln,hybrids,14,6,TP3,629,320,Lincoln|hybrids|14|6,2022-08-04,True
UAV/Lincoln/TP3/Lincoln-TP3-hybrids_14_7.PNG,,RGB,Lincoln,hybrids,14,7,TP3,629,319,Lincoln|hybrids|14|7,2022-08-04,True
UAV/Lincoln/TP3/Lincoln-TP3-hybrids_14_8.PNG,,RGB,Lincoln,hybrids,14,8,TP3,629,319,Lincoln|hybrids|14|8,2022-08-04,True
UAV/Lincoln/TP3/Lincoln-TP3-hybrids_14_9.PNG,,RGB,Lincoln,hybrids,14,9,TP3,628,319,Lincoln|hybrids|14|9,2022-08-04,True
UAV/Lincoln/TP3/Lincoln-TP3-hybrids_15_10.PNG,,RGB,Lincoln,hybrids,15,10,TP3,628,319,Lincoln|hybrids|15|10,2022-08-04,True
UAV/Lincoln/TP3/Lincoln-TP3-hybrids_15_11.PNG,,RGB,Lincoln,hybrids,15,11,TP3,628,319,Lincoln|hybrids|15|11,2022-08-04,True
UAV/Lincoln/TP3/Lincoln-TP3-hybrids_15_12.PNG,,RGB,Lincoln,hybrids,15,12,TP3,628,320,Lincoln|hybrids|15|12,2022-08-04,True
UAV/Lincoln/TP3/Lincoln-TP3-hybrids_15_13.PNG,,RGB,Lincoln,hybrids,15,13,TP3,628,319,Lincoln|hybrids|15|13,2022-08-04,True
UAV/Lincoln/TP3/Lincoln-TP3-hybrids_15_14.PNG,,RGB,Lincoln,hybrids,15,14,TP3,628,319,Lincoln|hybrids|15|14,2022-08-04,True
UAV/Lincoln/TP3/Lincoln-TP3-hybrids_15_15.PNG,,RGB,Lincoln,hybrids,15,15,TP3,628,319,Lincoln|hybrids|15|15,2022-08-04,True
UAV/Lincoln/TP3/Lincoln-TP3-hybrids_15_16.PNG,,RGB,Lincoln,hybrids,15,16,TP3,628,319,Lincoln|hybrids|15|16,2022-08-04,True
UAV/Lincoln/TP3/Lincoln-TP3-hybrids_15_17.PNG,,RGB,Lincoln,hybrids,15,17,TP3,628,319,Lincoln|hybrids|15|17,2022-08-04,True
UAV/Lincoln/TP3/Lincoln-TP3-hybrids_15_18.PNG,,RGB,Lincoln,hybrids,15,18,TP3,628,320,Lincoln|hybrids|15|18,2022-08-04,True
UAV/Lincoln/TP3/Lincoln-TP3-hybrids_15_19.PNG,,RGB,Lincoln,hybrids,15,19,TP3,628,319,Lincoln|hybrids|15|19,2022-08-04,True
UAV/Lincoln/TP3/Lincoln-TP3-hybrids_15_2.PNG,,RGB,Lincoln,hybrids,15,2,TP3,629,320,Lincoln|hybrids|15|2,2022-08-04,True
UAV/Lincoln/TP3/Lincoln-TP3-hybrids_15_20.PNG,,RGB,Lincoln,hybrids,15,20,TP3,628,319,Lincoln|hybrids|15|20,2022-08-04,True
UAV/Lincoln/TP3/Lincoln-TP3-hybrids_15_21.PNG,,RGB,Lincoln,hybrids,15,21,TP3,628,319,Lincoln|hybrids|15|21,2022-08-04,True
UAV/Lincoln/TP3/Lincoln-TP3-hybrids_15_22.PNG,,RGB,Lincoln,hybrids,15,22,TP3,628,319,Lincoln|hybrids|15|22,2022-08-04,True
UAV/Lincoln/TP3/Lincoln-TP3-hybrids_15_23.PNG,,RGB,Lincoln,hybrids,15,23,TP3,628,319,Lincoln|hybrids|15|23,2022-08-04,True
UAV/Lincoln/TP3/Lincoln-TP3-hybrids_15_24.PNG,,RGB,Lincoln,hybrids,15,24,TP3,627,319,Lincoln|hybrids|15|24,2022-08-04,True
UAV/Lincoln/TP3/Lincoln-TP3-hybrids_15_25.PNG,,RGB,Lincoln,hybrids,15,25,TP3,627,319,Lincoln|hybrids|15|25,2022-08-04,True
UAV/Lincoln/TP3/Lincoln-TP3-hybrids_15_26.PNG,,RGB,Lincoln,hybrids,15,26,TP3,627,319,Lincoln|hybrids|15|26,2022-08-04,True
UAV/Lincoln/TP3/Lincoln-TP3-hybrids_15_27.PNG,,RGB,Lincoln,hybrids,15,27,TP3,627,319,Lincoln|hybrids|15|27,2022-08-04,True
UAV/Lincoln/TP3/Lincoln-TP3-hybrids_15_28.PNG,,RGB,Lincoln,hybrids,15,28,TP3,627,319,Lincoln|hybrids|15|28,2022-08-04,True
UAV/Lincoln/TP3/Lincoln-TP3-hybrids_15_29.PNG,,RGB,Lincoln,hybrids,15,29,TP3,627,318,Lincoln|hybrids|15|29,2022-08-04,True
UAV/Lincoln/TP3/Lincoln-TP3-hybrids_15_3.PNG,,RGB,Lincoln,hybrids,15,3,TP3,629,319,Lincoln|hybrids|15|3,2022-08-04,True
UAV/Lincoln/TP3/Lincoln-TP3-hybrids_15_30.PNG,,RGB,Lincoln,hybrids,15,30,TP3,627,319,Lincoln|hybrids|15|30,2022-08-04,True
UAV/Lincoln/TP3/Lincoln-TP3-hybrids_15_31.PNG,,RGB,Lincoln,hybrids,15,31,TP3,627,319,Lincoln|hybrids|15|31,2022-08-04,True
UAV/Lincoln/TP3/Lincoln-TP3-hybrids_15_32.PNG,,RGB,Lincoln,hybrids,15,32,TP3,626,319,Lincoln|hybrids|15|32,2022-08-04,True
UAV/Lincoln/TP3/Lincoln-TP3-hybrids_15_33.PNG,,RGB,Lincoln,hybrids,15,33,TP3,626,319,Lincoln|hybrids|15|33,2022-08-04,True
UAV/Lincoln/TP3/Lincoln-TP3-hybrids_15_34.PNG,,RGB,Lincoln,hybrids,15,34,TP3,626,318,Lincoln|hybrids|15|34,2022-08-04,True
UAV/Lincoln/TP3/Lincoln-TP3-hybrids_15_35.PNG,,RGB,Lincoln,hybrids,15,35,TP3,626,318,Lincoln|hybrids|15|35,2022-08-04,True
UAV/Lincoln/TP3/Lincoln-TP3-hybrids_15_36.PNG,,RGB,Lincoln,hybrids,15,36,TP3,626,319,Lincoln|hybrids|15|36,2022-08-04,True
UAV/Lincoln/TP3/Lincoln-TP3-hybrids_15_37.PNG,,RGB,Lincoln,hybrids,15,37,TP3,626,319,Lincoln|hybrids|15|37,2022-08-04,True
UAV/Lincoln/TP3/Lincoln-TP3-hybrids_15_38.PNG,,RGB,Lincoln,hybrids,15,38,TP3,625,319,Lincoln|hybrids|15|38,2022-08-04,True
UAV/Lincoln/TP3/Lincoln-TP3-hybrids_15_39.PNG,,RGB,Lincoln,hybrids,15,39,TP3,625,318,Lincoln|hybrids|15|39,2022-08-04,True
UAV/Lincoln/TP3/Lincoln-TP3-hybrids_15_4.PNG,,RGB,Lincoln,hybrids,15,4,TP3,629,319,Lincoln|hybrids|15|4,2022-08-04,True
UAV/Lincoln/TP3/Lincoln-TP3-hybrids_15_5.PNG,,RGB,Lincoln,hybrids,15,5,TP3,629,319,Lincoln|hybrids|15|5,2022-08-04,True
UAV/Lincoln/TP3/Lincoln-TP3-hybrids_15_6.PNG,,RGB,Lincoln,hybrids,15,6,TP3,629,320,Lincoln|hybrids|15|6,2022-08-04,True
UAV/Lincoln/TP3/Lincoln-TP3-hybrids_15_7.PNG,,RGB,Lincoln,hybrids,15,7,TP3,629,320,Lincoln|hybrids|15|7,2022-08-04,True
UAV/Lincoln/TP3/Lincoln-TP3-hybrids_15_8.PNG,,RGB,Lincoln,hybrids,15,8,TP3,629,319,Lincoln|hybrids|15|8,2022-08-04,True
UAV/Lincoln/TP3/Lincoln-TP3-hybrids_15_9.PNG,,RGB,Lincoln,hybrids,15,9,TP3,629,319,Lincoln|hybrids|15|9,2022-08-04,True
UAV/Lincoln/TP3/Lincoln-TP3-hybrids_2_10.PNG,,RGB,Lincoln,hybrids,2,10,TP3,630,319,Lincoln|hybrids|2|10,2022-08-04,True
UAV/Lincoln/TP3/Lincoln-TP3-hybrids_2_11.PNG,,RGB,Lincoln,hybrids,2,11,TP3,630,319,Lincoln|hybrids|2|11,2022-08-04,True
UAV/Lincoln/TP3/Lincoln-TP3-hybrids_2_12.PNG,,RGB,Lincoln,hybrids,2,12,TP3,629,319,Lincoln|hybrids|2|12,2022-08-04,True
UAV/Lincoln/TP3/Lincoln-TP3-hybrids_2_13.PNG,,RGB,Lincoln,hybrids,2,13,TP3,629,319,Lincoln|hybrids|2|13,2022-08-04,True
UAV/Lincoln/TP3/Lincoln-TP3-hybrids_2_14.PNG,,RGB,Lincoln,hybrids,2,14,TP3,629,319,Lincoln|hybrids|2|14,2022-08-04,True
UAV/Lincoln/TP3/Lincoln-TP3-hybrids_2_15.PNG,,RGB,Lincoln,hybrids,2,15,TP3,629,318,Lincoln|hybrids|2|15,2022-08-04,True
UAV/Lincoln/TP3/Lincoln-TP3-hybrids_2_16.PNG,,RGB,Lincoln,hybrids,2,16,TP3,629,319,Lincoln|hybrids|2|16,2022-08-04,True
UAV/Lincoln/TP3/Lincoln-TP3-hybrids_2_17.PNG,,RGB,Lincoln,hybrids,2,17,TP3,629,319,Lincoln|hybrids|2|17,2022-08-04,True
UAV/Lincoln/TP3/Lincoln-TP3-hybrids_2_18.PNG,,RGB,Lincoln,hybrids,2,18,TP3,629,319,Lincoln|hybrids|2|18,2022-08-04,True
UAV/Lincoln/TP3/Lincoln-TP3-hybrids_2_19.PNG,,RGB,Lincoln,hybrids,2,19,TP3,629,319,Lincoln|hybrids|2|19,2022-08-04,True
UAV/Lincoln/TP3/Lincoln-TP3-hybrids_2_2.PNG,,RGB,Lincoln,hybrids,2,2,TP3,630,319,Lincoln|hybrids|2|2,2022-08-04,True
UAV/Lincoln/TP3/Lincoln-TP3-hybrids_2_20.PNG,,RGB,Lincoln,hybrids,2,20,TP3,629,318,Lincoln|hybrids|2|20,2022-08-04,True
UAV/Lincoln/TP3/Lincoln-TP3-hybrids_2_21.PNG,,RGB,Lincoln,hybrids,2,21,TP3,629,319,Lincoln|hybrids|2|21,2022-08-04,True
UAV/Lincoln/TP3/Lincoln-TP3-hybrids_2_22.PNG,,RGB,Lincoln,hybrids,2,22,TP3,628,319,Lincoln|hybrids|2|22,2022-08-04,True
UAV/Lincoln/TP3/Lincoln-TP3-hybrids_2_23.PNG,,RGB,Lincoln,hybrids,2,23,TP3,628,319,Lincoln|hybrids|2|23,2022-08-04,True
UAV/Lincoln/TP3/Lincoln-TP3-hybrids_2_24.PNG,,RGB,Lincoln,hybrids,2,24,TP3,628,319,Lincoln|hybrids|2|24,2022-08-04,True
UAV/Lincoln/TP3/Lincoln-TP3-hybrids_2_25.PNG,,RGB,Lincoln,hybrids,2,25,TP3,628,318,Lincoln|hybrids|2|25,2022-08-04,True
UAV/Lincoln/TP3/Lincoln-TP3-hybrids_2_26.PNG,,RGB,Lincoln,hybrids,2,26,TP3,629,318,Lincoln|hybrids|2|26,2022-08-04,True
UAV/Lincoln/TP3/Lincoln-TP3-hybrids_2_27.PNG,,RGB,Lincoln,hybrids,2,27,TP3,628,319,Lincoln|hybrids|2|27,2022-08-04,True
UAV/Lincoln/TP3/Lincoln-TP3-hybrids_2_28.PNG,,RGB,Lincoln,hybrids,2,28,TP3,628,319,Lincoln|hybrids|2|28,2022-08-04,True
UAV/Lincoln/TP3/Lincoln-TP3-hybrids_2_29.PNG,,RGB,Lincoln,hybrids,2,29,TP3,628,318,Lincoln|hybrids|2|29,2022-08-04,True
UAV/Lincoln/TP3/Lincoln-TP3-hybrids_2_3.PNG,,RGB,Lincoln,hybrids,2,3,TP3,630,319,Lincoln|hybrids|2|3,2022-08-04,True
UAV/Lincoln/TP3/Lincoln-TP3-hybrids_2_30.PNG,,RGB,Lincoln,hybrids,2,30,TP3,628,318,Lincoln|hybrids|2|30,2022-08-04,True
UAV/Lincoln/TP3/Lincoln-TP3-hybrids_2_31.PNG,,RGB,Lincoln,hybrids,2,31,TP3,628,318,Lincoln|hybrids|2|31,2022-08-04,True
UAV/Lincoln/TP3/Lincoln-TP3-hybrids_2_32.PNG,,RGB,Lincoln,hybrids,2,32,TP3,627,319,Lincoln|hybrids|2|32,2022-08-04,True
UAV/Lincoln/TP3/Lincoln-TP3-hybrids_2_33.PNG,,RGB,Lincoln,hybrids,2,33,TP3,627,319,Lincoln|hybrids|2|33,2022-08-04,True
UAV/Lincoln/TP3/Lincoln-TP3-hybrids_2_34.PNG,,RGB,Lincoln,hybrids,2,34,TP3,627,318,Lincoln|hybrids|2|34,2022-08-04,True
UAV/Lincoln/TP3/Lincoln-TP3-hybrids_2_35.PNG,,RGB,Lincoln,hybrids,2,35,TP3,627,318,Lincoln|hybrids|2|35,2022-08-04,True
UAV/Lincoln/TP3/Lincoln-TP3-hybrids_2_36.PNG,,RGB,Lincoln,hybrids,2,36,TP3,628,318,Lincoln|hybrids|2|36,2022-08-04,True
UAV/Lincoln/TP3/Lincoln-TP3-hybrids_2_37.PNG,,RGB,Lincoln,hybrids,2,37,TP3,627,318,Lincoln|hybrids|2|37,2022-08-04,True
UAV/Lincoln/TP3/Lincoln-TP3-hybrids_2_38.PNG,,RGB,Lincoln,hybrids,2,38,TP3,627,319,Lincoln|hybrids|2|38,2022-08-04,True
UAV/Lincoln/TP3/Lincoln-TP3-hybrids_2_39.PNG,,RGB,Lincoln,hybrids,2,39,TP3,627,318,Lincoln|hybrids|2|39,2022-08-04,True
UAV/Lincoln/TP3/Lincoln-TP3-hybrids_2_4.PNG,,RGB,Lincoln,hybrids,2,4,TP3,630,319,Lincoln|hybrids|2|4,2022-08-04,True
UAV/Lincoln/TP3/Lincoln-TP3-hybrids_2_5.PNG,,RGB,Lincoln,hybrids,2,5,TP3,630,320,Lincoln|hybrids|2|5,2022-08-04,True
UAV/Lincoln/TP3/Lincoln-TP3-hybrids_2_6.PNG,,RGB,Lincoln,hybrids,2,6,TP3,630,319,Lincoln|hybrids|2|6,2022-08-04,True
UAV/Lincoln/TP3/Lincoln-TP3-hybrids_2_7.PNG,,RGB,Lincoln,hybrids,2,7,TP3,630,319,Lincoln|hybrids|2|7,2022-08-04,True
UAV/Lincoln/TP3/Lincoln-TP3-hybrids_2_8.PNG,,RGB,Lincoln,hybrids,2,8,TP3,630,319,Lincoln|hybrids|2|8,2022-08-04,True
UAV/Lincoln/TP3/Lincoln-TP3-hybrids_2_9.PNG,,RGB,Lincoln,hybrids,2,9,TP3,630,319,Lincoln|hybrids|2|9,2022-08-04,True
UAV/Lincoln/TP3/Lincoln-TP3-hybrids_3_10.PNG,,RGB,Lincoln,hybrids,3,10,TP3,629,319,Lincoln|hybrids|3|10,2022-08-04,True
UAV/Lincoln/TP3/Lincoln-TP3-hybrids_3_11.PNG,,RGB,Lincoln,hybrids,3,11,TP3,629,319,Lincoln|hybrids|3|11,2022-08-04,True
UAV/Lincoln/TP3/Lincoln-TP3-hybrids_3_12.PNG,,RGB,Lincoln,hybrids,3,12,TP3,629,319,Lincoln|hybrids|3|12,2022-08-04,True
UAV/Lincoln/TP3/Lincoln-TP3-hybrids_3_13.PNG,,RGB,Lincoln,hybrids,3,13,TP3,629,319,Lincoln|hybrids|3|13,2022-08-04,True
UAV/Lincoln/TP3/Lincoln-TP3-hybrids_3_14.PNG,,RGB,Lincoln,hybrids,3,14,TP3,629,319,Lincoln|hybrids|3|14,2022-08-04,True
UAV/Lincoln/TP3/Lincoln-TP3-hybrids_3_15.PNG,,RGB,Lincoln,hybrids,3,15,TP3,629,318,Lincoln|hybrids|3|15,2022-08-04,True
UAV/Lincoln/TP3/Lincoln-TP3-hybrids_3_16.PNG,,RGB,Lincoln,hybrids,3,16,TP3,629,319,Lincoln|hybrids|3|16,2022-08-04,True
UAV/Lincoln/TP3/Lincoln-TP3-hybrids_3_17.PNG,,RGB,Lincoln,hybrids,3,17,TP3,629,319,Lincoln|hybrids|3|17,2022-08-04,True
UAV/Lincoln/TP3/Lincoln-TP3-hybrids_3_18.PNG,,RGB,Lincoln,hybrids,3,18,TP3,628,319,Lincoln|hybrids|3|18,2022-08-04,True
UAV/Lincoln/TP3/Lincoln-TP3-hybrids_3_19.PNG,,RGB,Lincoln,hybrids,3,19,TP3,628,319,Lincoln|hybrids|3|19,2022-08-04,True
UAV/Lincoln/TP3/Lincoln-TP3-hybrids_3_2.PNG,,RGB,Lincoln,hybrids,3,2,TP3,630,320,Lincoln|hybrids|3|2,2022-08-04,True
UAV/Lincoln/TP3/Lincoln-TP3-hybrids_3_20.PNG,,RGB,Lincoln,hybrids,3,20,TP3,628,318,Lincoln|hybrids|3|20,2022-08-04,True
UAV/Lincoln/TP3/Lincoln-TP3-hybrids_3_21.PNG,,RGB,Lincoln,hybrids,3,21,TP3,628,318,Lincoln|hybrids|3|21,2022-08-04,True
UAV/Lincoln/TP3/Lincoln-TP3-hybrids_3_22.PNG,,RGB,Lincoln,hybrids,3,22,TP3,628,319,Lincoln|hybrids|3|22,2022-08-04,True
UAV/Lincoln/TP3/Lincoln-TP3-hybrids_3_23.PNG,,RGB,Lincoln,hybrids,3,23,TP3,628,319,Lincoln|hybrids|3|23,2022-08-04,True
UAV/Lincoln/TP3/Lincoln-TP3-hybrids_3_24.PNG,,RGB,Lincoln,hybrids,3,24,TP3,628,319,Lincoln|hybrids|3|24,2022-08-04,True
UAV/Lincoln/TP3/Lincoln-TP3-hybrids_3_25.PNG,,RGB,Lincoln,hybrids,3,25,TP3,628,319,Lincoln|hybrids|3|25,2022-08-04,True
UAV/Lincoln/TP3/Lincoln-TP3-hybrids_3_26.PNG,,RGB,Lincoln,hybrids,3,26,TP3,628,318,Lincoln|hybrids|3|26,2022-08-04,True
UAV/Lincoln/TP3/Lincoln-TP3-hybrids_3_27.PNG,,RGB,Lincoln,hybrids,3,27,TP3,627,318,Lincoln|hybrids|3|27,2022-08-04,True
UAV/Lincoln/TP3/Lincoln-TP3-hybrids_3_28.PNG,,RGB,Lincoln,hybrids,3,28,TP3,627,318,Lincoln|hybrids|3|28,2022-08-04,True
UAV/Lincoln/TP3/Lincoln-TP3-hybrids_3_29.PNG,,RGB,Lincoln,hybrids,3,29,TP3,627,319,Lincoln|hybrids|3|29,2022-08-04,True
UAV/Lincoln/TP3/Lincoln-TP3-hybrids_3_3.PNG,,RGB,Lincoln,hybrids,3,3,TP3,630,320,Lincoln|hybrids|3|3,2022-08-04,True
UAV/Lincoln/TP3/Lincoln-TP3-hybrids_3_30.PNG,,RGB,Lincoln,hybrids,3,30,TP3,627,319,Lincoln|hybrids|3|30,2022-08-04,True
UAV/Lincoln/TP3/Lincoln-TP3-hybrids_3_31.PNG,,RGB,Lincoln,hybrids,3,31,TP3,627,318,Lincoln|hybrids|3|31,2022-08-04,True
UAV/Lincoln/TP3/Lincoln-TP3-hybrids_3_32.PNG,,RGB,Lincoln,hybrids,3,32,TP3,628,318,Lincoln|hybrids|3|32,2022-08-04,True
UAV/Lincoln/TP3/Lincoln-TP3-hybrids_3_33.PNG,,RGB,Lincoln,hybrids,3,33,TP3,628,318,Lincoln|hybrids|3|33,2022-08-04,True
UAV/Lincoln/TP3/Lincoln-TP3-hybrids_3_34.PNG,,RGB,Lincoln,hybrids,3,34,TP3,628,318,Lincoln|hybrids|3|34,2022-08-04,True
UAV/Lincoln/TP3/Lincoln-TP3-hybrids_3_35.PNG,,RGB,Lincoln,hybrids,3,35,TP3,628,319,Lincoln|hybrids|3|35,2022-08-04,True
UAV/Lincoln/TP3/Lincoln-TP3-hybrids_3_36.PNG,,RGB,Lincoln,hybrids,3,36,TP3,628,319,Lincoln|hybrids|3|36,2022-08-04,True
UAV/Lincoln/TP3/Lincoln-TP3-hybrids_3_37.PNG,,RGB,Lincoln,hybrids,3,37,TP3,627,318,Lincoln|hybrids|3|37,2022-08-04,True
UAV/Lincoln/TP3/Lincoln-TP3-hybrids_3_38.PNG,,RGB,Lincoln,hybrids,3,38,TP3,627,318,Lincoln|hybrids|3|38,2022-08-04,True
UAV/Lincoln/TP3/Lincoln-TP3-hybrids_3_39.PNG,,RGB,Lincoln,hybrids,3,39,TP3,627,318,Lincoln|hybrids|3|39,2022-08-04,True
UAV/Lincoln/TP3/Lincoln-TP3-hybrids_3_4.PNG,,RGB,Lincoln,hybrids,3,4,TP3,630,319,Lincoln|hybrids|3|4,2022-08-04,True
UAV/Lincoln/TP3/Lincoln-TP3-hybrids_3_5.PNG,,RGB,Lincoln,hybrids,3,5,TP3,630,319,Lincoln|hybrids|3|5,2022-08-04,True
UAV/Lincoln/TP3/Lincoln-TP3-hybrids_3_6.PNG,,RGB,Lincoln,hybrids,3,6,TP3,630,319,Lincoln|hybrids|3|6,2022-08-04,True
UAV/Lincoln/TP3/Lincoln-TP3-hybrids_3_7.PNG,,RGB,Lincoln,hybrids,3,7,TP3,630,319,Lincoln|hybrids|3|7,2022-08-04,True
UAV/Lincoln/TP3/Lincoln-TP3-hybrids_3_8.PNG,,RGB,Lincoln,hybrids,3,8,TP3,629,319,Lincoln|hybrids|3|8,2022-08-04,True
UAV/Lincoln/TP3/Lincoln-TP3-hybrids_3_9.PNG,,RGB,Lincoln,hybrids,3,9,TP3,629,319,Lincoln|hybrids|3|9,2022-08-04,True
UAV/Lincoln/TP3/Lincoln-TP3-hybrids_4_10.PNG,,RGB,Lincoln,hybrids,4,10,TP3,630,319,Lincoln|hybrids|4|10,2022-08-04,True
UAV/Lincoln/TP3/Lincoln-TP3-hybrids_4_11.PNG,,RGB,Lincoln,hybrids,4,11,TP3,629,319,Lincoln|hybrids|4|11,2022-08-04,True
UAV/Lincoln/TP3/Lincoln-TP3-hybrids_4_12.PNG,,RGB,Lincoln,hybrids,4,12,TP3,629,319,Lincoln|hybrids|4|12,2022-08-04,True
UAV/Lincoln/TP3/Lincoln-TP3-hybrids_4_13.PNG,,RGB,Lincoln,hybrids,4,13,TP3,629,319,Lincoln|hybrids|4|13,2022-08-04,True
UAV/Lincoln/TP3/Lincoln-TP3-hybrids_4_14.PNG,,RGB,Lincoln,hybrids,4,14,TP3,629,319,Lincoln|hybrids|4|14,2022-08-04,True
UAV/Lincoln/TP3/Lincoln-TP3-hybrids_4_15.PNG,,RGB,Lincoln,hybrids,4,15,TP3,629,319,Lincoln|hybrids|4|15,2022-08-04,True
UAV/Lincoln/TP3/Lincoln-TP3-hybrids_4_16.PNG,,RGB,Lincoln,hybrids,4,16,TP3,629,319,Lincoln|hybrids|4|16,2022-08-04,True
UAV/Lincoln/TP3/Lincoln-TP3-hybrids_4_17.PNG,,RGB,Lincoln,hybrids,4,17,TP3,629,319,Lincoln|hybrids|4|17,2022-08-04,True
UAV/Lincoln/TP3/Lincoln-TP3-hybrids_4_18.PNG,,RGB,Lincoln,hybrids,4,18,TP3,629,319,Lincoln|hybrids|4|18,2022-08-04,True
UAV/Lincoln/TP3/Lincoln-TP3-hybrids_4_19.PNG,,RGB,Lincoln,hybrids,4,19,TP3,629,319,Lincoln|hybrids|4|19,2022-08-04,True
UAV/Lincoln/TP3/Lincoln-TP3-hybrids_4_2.PNG,,RGB,Lincoln,hybrids,4,2,TP3,630,319,Lincoln|hybrids|4|2,2022-08-04,True
UAV/Lincoln/TP3/Lincoln-TP3-hybrids_4_20.PNG,,RGB,Lincoln,hybrids,4,20,TP3,629,319,Lincoln|hybrids|4|20,2022-08-04,True
UAV/Lincoln/TP3/Lincoln-TP3-hybrids_4_21.PNG,,RGB,Lincoln,hybrids,4,21,TP3,629,318,Lincoln|hybrids|4|21,2022-08-04,True
UAV/Lincoln/TP3/Lincoln-TP3-hybrids_4_22.PNG,,RGB,Lincoln,hybrids,4,22,TP3,629,318,Lincoln|hybrids|4|22,2022-08-04,True
UAV/Lincoln/TP3/Lincoln-TP3-hybrids_4_23.PNG,,RGB,Lincoln,hybrids,4,23,TP3,629,319,Lincoln|hybrids|4|23,2022-08-04,True
UAV/Lincoln/TP3/Lincoln-TP3-hybrids_4_24.PNG,,RGB,Lincoln,hybrids,4,24,TP3,628,319,Lincoln|hybrids|4|24,2022-08-04,True
UAV/Lincoln/TP3/Lincoln-TP3-hybrids_4_25.PNG,,RGB,Lincoln,hybrids,4,25,TP3,628,319,Lincoln|hybrids|4|25,2022-08-04,True
UAV/Lincoln/TP3/Lincoln-TP3-hybrids_4_26.PNG,,RGB,Lincoln,hybrids,4,26,TP3,628,319,Lincoln|hybrids|4|26,2022-08-04,True
UAV/Lincoln/TP3/Lincoln-TP3-hybrids_4_27.PNG,,RGB,Lincoln,hybrids,4,27,TP3,628,319,Lincoln|hybrids|4|27,2022-08-04,True
UAV/Lincoln/TP3/Lincoln-TP3-hybrids_4_28.PNG,,RGB,Lincoln,hybrids,4,28,TP3,628,318,Lincoln|hybrids|4|28,2022-08-04,True
UAV/Lincoln/TP3/Lincoln-TP3-hybrids_4_29.PNG,,RGB,Lincoln,hybrids,4,29,TP3,628,318,Lincoln|hybrids|4|29,2022-08-04,True
UAV/Lincoln/TP3/Lincoln-TP3-hybrids_4_3.PNG,,RGB,Lincoln,hybrids,4,3,TP3,630,319,Lincoln|hybrids|4|3,2022-08-04,True
UAV/Lincoln/TP3/Lincoln-TP3-hybrids_4_30.PNG,,RGB,Lincoln,hybrids,4,30,TP3,628,318,Lincoln|hybrids|4|30,2022-08-04,True
UAV/Lincoln/TP3/Lincoln-TP3-hybrids_4_31.PNG,,RGB,Lincoln,hybrids,4,31,TP3,628,319,Lincoln|hybrids|4|31,2022-08-04,True
UAV/Lincoln/TP3/Lincoln-TP3-hybrids_4_32.PNG,,RGB,Lincoln,hybrids,4,32,TP3,628,319,Lincoln|hybrids|4|32,2022-08-04,True
UAV/Lincoln/TP3/Lincoln-TP3-hybrids_4_33.PNG,,RGB,Lincoln,hybrids,4,33,TP3,627,319,Lincoln|hybrids|4|33,2022-08-04,True
UAV/Lincoln/TP3/Lincoln-TP3-hybrids_4_34.PNG,,RGB,Lincoln,hybrids,4,34,TP3,627,318,Lincoln|hybrids|4|34,2022-08-04,True
UAV/Lincoln/TP3/Lincoln-TP3-hybrids_4_35.PNG,,RGB,Lincoln,hybrids,4,35,TP3,627,318,Lincoln|hybrids|4|35,2022-08-04,True
UAV/Lincoln/TP3/Lincoln-TP3-hybrids_4_36.PNG,,RGB,Lincoln,hybrids,4,36,TP3,627,318,Lincoln|hybrids|4|36,2022-08-04,True
UAV/Lincoln/TP3/Lincoln-TP3-hybrids_4_37.PNG,,RGB,Lincoln,hybrids,4,37,TP3,626,318,Lincoln|hybrids|4|37,2022-08-04,True
UAV/Lincoln/TP3/Lincoln-TP3-hybrids_4_38.PNG,,RGB,Lincoln,hybrids,4,38,TP3,626,318,Lincoln|hybrids|4|38,2022-08-04,True
UAV/Lincoln/TP3/Lincoln-TP3-hybrids_4_39.PNG,,RGB,Lincoln,hybrids,4,39,TP3,626,319,Lincoln|hybrids|4|39,2022-08-04,True
UAV/Lincoln/TP3/Lincoln-TP3-hybrids_4_4.PNG,,RGB,Lincoln,hybrids,4,4,TP3,630,319,Lincoln|hybrids|4|4,2022-08-04,True
UAV/Lincoln/TP3/Lincoln-TP3-hybrids_4_5.PNG,,RGB,Lincoln,hybrids,4,5,TP3,630,319,Lincoln|hybrids|4|5,2022-08-04,True
UAV/Lincoln/TP3/Lincoln-TP3-hybrids_4_6.PNG,,RGB,Lincoln,hybrids,4,6,TP3,630,319,Lincoln|hybrids|4|6,2022-08-04,True
UAV/Lincoln/TP3/Lincoln-TP3-hybrids_4_7.PNG,,RGB,Lincoln,hybrids,4,7,TP3,630,320,Lincoln|hybrids|4|7,2022-08-04,True
UAV/Lincoln/TP3/Lincoln-TP3-hybrids_4_8.PNG,,RGB,Lincoln,hybrids,4,8,TP3,630,319,Lincoln|hybrids|4|8,2022-08-04,True
UAV/Lincoln/TP3/Lincoln-TP3-hybrids_4_9.PNG,,RGB,Lincoln,hybrids,4,9,TP3,630,319,Lincoln|hybrids|4|9,2022-08-04,True
UAV/Lincoln/TP3/Lincoln-TP3-hybrids_5_10.PNG,,RGB,Lincoln,hybrids,5,10,TP3,629,319,Lincoln|hybrids|5|10,2022-08-04,True
UAV/Lincoln/TP3/Lincoln-TP3-hybrids_5_11.PNG,,RGB,Lincoln,hybrids,5,11,TP3,629,319,Lincoln|hybrids|5|11,2022-08-04,True
UAV/Lincoln/TP3/Lincoln-TP3-hybrids_5_12.PNG,,RGB,Lincoln,hybrids,5,12,TP3,630,319,Lincoln|hybrids|5|12,2022-08-04,True
UAV/Lincoln/TP3/Lincoln-TP3-hybrids_5_13.PNG,,RGB,Lincoln,hybrids,5,13,TP3,629,319,Lincoln|hybrids|5|13,2022-08-04,True
UAV/Lincoln/TP3/Lincoln-TP3-hybrids_5_14.PNG,,RGB,Lincoln,hybrids,5,14,TP3,629,318,Lincoln|hybrids|5|14,2022-08-04,True
UAV/Lincoln/TP3/Lincoln-TP3-hybrids_5_15.PNG,,RGB,Lincoln,hybrids,5,15,TP3,629,319,Lincoln|hybrids|5|15,2022-08-04,True
UAV/Lincoln/TP3/Lincoln-TP3-hybrids_5_16.PNG,,RGB,Lincoln,hybrids,5,16,TP3,629,319,Lincoln|hybrids|5|16,2022-08-04,True
UAV/Lincoln/TP3/Lincoln-TP3-hybrids_5_17.PNG,,RGB,Lincoln,hybrids,5,17,TP3,629,319,Lincoln|hybrids|5|17,2022-08-04,True
UAV/Lincoln/TP3/Lincoln-TP3-hybrids_5_18.PNG,,RGB,Lincoln,hybrids,5,18,TP3,629,319,Lincoln|hybrids|5|18,2022-08-04,True
UAV/Lincoln/TP3/Lincoln-TP3-hybrids_5_19.PNG,,RGB,Lincoln,hybrids,5,19,TP3,628,319,Lincoln|hybrids|5|19,2022-08-04,True
UAV/Lincoln/TP3/Lincoln-TP3-hybrids_5_2.PNG,,RGB,Lincoln,hybrids,5,2,TP3,630,319,Lincoln|hybrids|5|2,2022-08-04,True
UAV/Lincoln/TP3/Lincoln-TP3-hybrids_5_20.PNG,,RGB,Lincoln,hybrids,5,20,TP3,628,319,Lincoln|hybrids|5|20,2022-08-04,True
UAV/Lincoln/TP3/Lincoln-TP3-hybrids_5_21.PNG,,RGB,Lincoln,hybrids,5,21,TP3,628,319,Lincoln|hybrids|5|21,2022-08-04,True
UAV/Lincoln/TP3/Lincoln-TP3-hybrids_5_22.PNG,,RGB,Lincoln,hybrids,5,22,TP3,628,318,Lincoln|hybrids|5|22,2022-08-04,True
UAV/Lincoln/TP3/Lincoln-TP3-hybrids_5_23.PNG,,RGB,Lincoln,hybrids,5,23,TP3,628,318,Lincoln|hybrids|5|23,2022-08-04,True
UAV/Lincoln/TP3/Lincoln-TP3-hybrids_5_24.PNG,,RGB,Lincoln,hybrids,5,24,TP3,628,318,Lincoln|hybrids|5|24,2022-08-04,True
UAV/Lincoln/TP3/Lincoln-TP3-hybrids_5_25.PNG,,RGB,Lincoln,hybrids,5,25,TP3,628,319,Lincoln|hybrids|5|25,2022-08-04,True
UAV/Lincoln/TP3/Lincoln-TP3-hybrids_5_26.PNG,,RGB,Lincoln,hybrids,5,26,TP3,628,319,Lincoln|hybrids|5|26,2022-08-04,True
UAV/Lincoln/TP3/Lincoln-TP3-hybrids_5_27.PNG,,RGB,Lincoln,hybrids,5,27,TP3,628,319,Lincoln|hybrids|5|27,2022-08-04,True
UAV/Lincoln/TP3/Lincoln-TP3-hybrids_5_28.PNG,,RGB,Lincoln,hybrids,5,28,TP3,628,319,Lincoln|hybrids|5|28,2022-08-04,True
UAV/Lincoln/TP3/Lincoln-TP3-hybrids_5_29.PNG,,RGB,Lincoln,hybrids,5,29,TP3,628,319,Lincoln|hybrids|5|29,2022-08-04,True
UAV/Lincoln/TP3/Lincoln-TP3-hybrids_5_3.PNG,,RGB,Lincoln,hybrids,5,3,TP3,630,319,Lincoln|hybrids|5|3,2022-08-04,True
UAV/Lincoln/TP3/Lincoln-TP3-hybrids_5_30.PNG,,RGB,Lincoln,hybrids,5,30,TP3,628,318,Lincoln|hybrids|5|30,2022-08-04,True
UAV/Lincoln/TP3/Lincoln-TP3-hybrids_5_31.PNG,,RGB,Lincoln,hybrids,5,31,TP3,627,318,Lincoln|hybrids|5|31,2022-08-04,True
UAV/Lincoln/TP3/Lincoln-TP3-hybrids_5_32.PNG,,RGB,Lincoln,hybrids,5,32,TP3,627,318,Lincoln|hybrids|5|32,2022-08-04,True
UAV/Lincoln/TP3/Lincoln-TP3-hybrids_5_33.PNG,,RGB,Lincoln,hybrids,5,33,TP3,627,318,Lincoln|hybrids|5|33,2022-08-04,True
UAV/Lincoln/TP3/Lincoln-TP3-hybrids_5_34.PNG,,RGB,Lincoln,hybrids,5,34,TP3,627,318,Lincoln|hybrids|5|34,2022-08-04,True
UAV/Lincoln/TP3/Lincoln-TP3-hybrids_5_35.PNG,,RGB,Lincoln,hybrids,5,35,TP3,627,318,Lincoln|hybrids|5|35,2022-08-04,True
UAV/Lincoln/TP3/Lincoln-TP3-hybrids_5_36.PNG,,RGB,Lincoln,hybrids,5,36,TP3,627,319,Lincoln|hybrids|5|36,2022-08-04,True
UAV/Lincoln/TP3/Lincoln-TP3-hybrids_5_37.PNG,,RGB,Lincoln,hybrids,5,37,TP3,626,319,Lincoln|hybrids|5|37,2022-08-04,True
UAV/Lincoln/TP3/Lincoln-TP3-hybrids_5_38.PNG,,RGB,Lincoln,hybrids,5,38,TP3,627,318,Lincoln|hybrids|5|38,2022-08-04,True
UAV/Lincoln/TP3/Lincoln-TP3-hybrids_5_39.PNG,,RGB,Lincoln,hybrids,5,39,TP3,627,318,Lincoln|hybrids|5|39,2022-08-04,True
UAV/Lincoln/TP3/Lincoln-TP3-hybrids_5_4.PNG,,RGB,Lincoln,hybrids,5,4,TP3,630,320,Lincoln|hybrids|5|4,2022-08-04,True
UAV/Lincoln/TP3/Lincoln-TP3-hybrids_5_5.PNG,,RGB,Lincoln,hybrids,5,5,TP3,630,320,Lincoln|hybrids|5|5,2022-08-04,True
UAV/Lincoln/TP3/Lincoln-TP3-hybrids_5_6.PNG,,RGB,Lincoln,hybrids,5,6,TP3,630,319,Lincoln|hybrids|5|6,2022-08-04,True
UAV/Lincoln/TP3/Lincoln-TP3-hybrids_5_7.PNG,,RGB,Lincoln,hybrids,5,7,TP3,629,319,Lincoln|hybrids|5|7,2022-08-04,True
UAV/Lincoln/TP3/Lincoln-TP3-hybrids_5_8.PNG,,RGB,Lincoln,hybrids,5,8,TP3,629,319,Lincoln|hybrids|5|8,2022-08-04,True
UAV/Lincoln/TP3/Lincoln-TP3-hybrids_5_9.PNG,,RGB,Lincoln,hybrids,5,9,TP3,629,319,Lincoln|hybrids|5|9,2022-08-04,True
UAV/Lincoln/TP3/Lincoln-TP3-hybrids_6_10.PNG,,RGB,Lincoln,hybrids,6,10,TP3,629,319,Lincoln|hybrids|6|10,2022-08-04,True
UAV/Lincoln/TP3/Lincoln-TP3-hybrids_6_11.PNG,,RGB,Lincoln,hybrids,6,11,TP3,629,319,Lincoln|hybrids|6|11,2022-08-04,True
UAV/Lincoln/TP3/Lincoln-TP3-hybrids_6_12.PNG,,RGB,Lincoln,hybrids,6,12,TP3,629,319,Lincoln|hybrids|6|12,2022-08-04,True
UAV/Lincoln/TP3/Lincoln-TP3-hybrids_6_13.PNG,,RGB,Lincoln,hybrids,6,13,TP3,628,320,Lincoln|hybrids|6|13,2022-08-04,True
UAV/Lincoln/TP3/Lincoln-TP3-hybrids_6_14.PNG,,RGB,Lincoln,hybrids,6,14,TP3,629,319,Lincoln|hybrids|6|14,2022-08-04,True
UAV/Lincoln/TP3/Lincoln-TP3-hybrids_6_15.PNG,,RGB,Lincoln,hybrids,6,15,TP3,629,319,Lincoln|hybrids|6|15,2022-08-04,True
UAV/Lincoln/TP3/Lincoln-TP3-hybrids_6_16.PNG,,RGB,Lincoln,hybrids,6,16,TP3,629,319,Lincoln|hybrids|6|16,2022-08-04,True
UAV/Lincoln/TP3/Lincoln-TP3-hybrids_6_17.PNG,,RGB,Lincoln,hybrids,6,17,TP3,628,319,Lincoln|hybrids|6|17,2022-08-04,True
UAV/Lincoln/TP3/Lincoln-TP3-hybrids_6_18.PNG,,RGB,Lincoln,hybrids,6,18,TP3,628,319,Lincoln|hybrids|6|18,2022-08-04,True
UAV/Lincoln/TP3/Lincoln-TP3-hybrids_6_19.PNG,,RGB,Lincoln,hybrids,6,19,TP3,628,319,Lincoln|hybrids|6|19,2022-08-04,True
UAV/Lincoln/TP3/Lincoln-TP3-hybrids_6_2.PNG,,RGB,Lincoln,hybrids,6,2,TP3,630,320,Lincoln|hybrids|6|2,2022-08-04,True
UAV/Lincoln/TP3/Lincoln-TP3-hybrids_6_20.PNG,,RGB,Lincoln,hybrids,6,20,TP3,629,319,Lincoln|hybrids|6|20,2022-08-04,True
UAV/Lincoln/TP3/Lincoln-TP3-hybrids_6_21.PNG,,RGB,Lincoln,hybrids,6,21,TP3,628,319,Lincoln|hybrids|6|21,2022-08-04,True
UAV/Lincoln/TP3/Lincoln-TP3-hybrids_6_22.PNG,,RGB,Lincoln,hybrids,6,22,TP3,628,319,Lincoln|hybrids|6|22,2022-08-04,True
UAV/Lincoln/TP3/Lincoln-TP3-hybrids_6_23.PNG,,RGB,Lincoln,hybrids,6,23,TP3,628,319,Lincoln|hybrids|6|23,2022-08-04,True
UAV/Lincoln/TP3/Lincoln-TP3-hybrids_6_24.PNG,,RGB,Lincoln,hybrids,6,24,TP3,628,318,Lincoln|hybrids|6|24,2022-08-04,True
UAV/Lincoln/TP3/Lincoln-TP3-hybrids_6_25.PNG,,RGB,Lincoln,hybrids,6,25,TP3,627,318,Lincoln|hybrids|6|25,2022-08-04,True
UAV/Lincoln/TP3/Lincoln-TP3-hybrids_6_26.PNG,,RGB,Lincoln,hybrids,6,26,TP3,628,318,Lincoln|hybrids|6|26,2022-08-04,True
UAV/Lincoln/TP3/Lincoln-TP3-hybrids_6_27.PNG,,RGB,Lincoln,hybrids,6,27,TP3,628,318,Lincoln|hybrids|6|27,2022-08-04,True
UAV/Lincoln/TP3/Lincoln-TP3-hybrids_6_28.PNG,,RGB,Lincoln,hybrids,6,28,TP3,628,318,Lincoln|hybrids|6|28,2022-08-04,True
UAV/Lincoln/TP3/Lincoln-TP3-hybrids_6_29.PNG,,RGB,Lincoln,hybrids,6,29,TP3,627,319,Lincoln|hybrids|6|29,2022-08-04,True
UAV/Lincoln/TP3/Lincoln-TP3-hybrids_6_3.PNG,,RGB,Lincoln,hybrids,6,3,TP3,630,319,Lincoln|hybrids|6|3,2022-08-04,True
UAV/Lincoln/TP3/Lincoln-TP3-hybrids_6_30.PNG,,RGB,Lincoln,hybrids,6,30,TP3,627,319,Lincoln|hybrids|6|30,2022-08-04,True
UAV/Lincoln/TP3/Lincoln-TP3-hybrids_6_31.PNG,,RGB,Lincoln,hybrids,6,31,TP3,627,319,Lincoln|hybrids|6|31,2022-08-04,True
UAV/Lincoln/TP3/Lincoln-TP3-hybrids_6_32.PNG,,RGB,Lincoln,hybrids,6,32,TP3,628,319,Lincoln|hybrids|6|32,2022-08-04,True
UAV/Lincoln/TP3/Lincoln-TP3-hybrids_6_33.PNG,,RGB,Lincoln,hybrids,6,33,TP3,627,319,Lincoln|hybrids|6|33,2022-08-04,True
UAV/Lincoln/TP3/Lincoln-TP3-hybrids_6_34.PNG,,RGB,Lincoln,hybrids,6,34,TP3,627,319,Lincoln|hybrids|6|34,2022-08-04,True
UAV/Lincoln/TP3/Lincoln-TP3-hybrids_6_35.PNG,,RGB,Lincoln,hybrids,6,35,TP3,627,318,Lincoln|hybrids|6|35,2022-08-04,True
UAV/Lincoln/TP3/Lincoln-TP3-hybrids_6_36.PNG,,RGB,Lincoln,hybrids,6,36,TP3,627,318,Lincoln|hybrids|6|36,2022-08-04,True
UAV/Lincoln/TP3/Lincoln-TP3-hybrids_6_37.PNG,,RGB,Lincoln,hybrids,6,37,TP3,626,318,Lincoln|hybrids|6|37,2022-08-04,True
UAV/Lincoln/TP3/Lincoln-TP3-hybrids_6_38.PNG,,RGB,Lincoln,hybrids,6,38,TP3,627,318,Lincoln|hybrids|6|38,2022-08-04,True
UAV/Lincoln/TP3/Lincoln-TP3-hybrids_6_39.PNG,,RGB,Lincoln,hybrids,6,39,TP3,627,318,Lincoln|hybrids|6|39,2022-08-04,True
UAV/Lincoln/TP3/Lincoln-TP3-hybrids_6_4.PNG,,RGB,Lincoln,hybrids,6,4,TP3,630,319,Lincoln|hybrids|6|4,2022-08-04,True
UAV/Lincoln/TP3/Lincoln-TP3-hybrids_6_5.PNG,,RGB,Lincoln,hybrids,6,5,TP3,630,319,Lincoln|hybrids|6|5,2022-08-04,True
UAV/Lincoln/TP3/Lincoln-TP3-hybrids_6_6.PNG,,RGB,Lincoln,hybrids,6,6,TP3,629,319,Lincoln|hybrids|6|6,2022-08-04,True
UAV/Lincoln/TP3/Lincoln-TP3-hybrids_6_7.PNG,,RGB,Lincoln,hybrids,6,7,TP3,629,319,Lincoln|hybrids|6|7,2022-08-04,True
UAV/Lincoln/TP3/Lincoln-TP3-hybrids_6_8.PNG,,RGB,Lincoln,hybrids,6,8,TP3,630,319,Lincoln|hybrids|6|8,2022-08-04,True
UAV/Lincoln/TP3/Lincoln-TP3-hybrids_6_9.PNG,,RGB,Lincoln,hybrids,6,9,TP3,630,319,Lincoln|hybrids|6|9,2022-08-04,True
UAV/Lincoln/TP3/Lincoln-TP3-hybrids_7_10.PNG,,RGB,Lincoln,hybrids,7,10,TP3,629,320,Lincoln|hybrids|7|10,2022-08-04,True
UAV/Lincoln/TP3/Lincoln-TP3-hybrids_7_11.PNG,,RGB,Lincoln,hybrids,7,11,TP3,629,320,Lincoln|hybrids|7|11,2022-08-04,True
UAV/Lincoln/TP3/Lincoln-TP3-hybrids_7_12.PNG,,RGB,Lincoln,hybrids,7,12,TP3,629,319,Lincoln|hybrids|7|12,2022-08-04,True
UAV/Lincoln/TP3/Lincoln-TP3-hybrids_7_13.PNG,,RGB,Lincoln,hybrids,7,13,TP3,629,319,Lincoln|hybrids|7|13,2022-08-04,True
UAV/Lincoln/TP3/Lincoln-TP3-hybrids_7_14.PNG,,RGB,Lincoln,hybrids,7,14,TP3,629,319,Lincoln|hybrids|7|14,2022-08-04,True
UAV/Lincoln/TP3/Lincoln-TP3-hybrids_7_15.PNG,,RGB,Lincoln,hybrids,7,15,TP3,629,319,Lincoln|hybrids|7|15,2022-08-04,True
UAV/Lincoln/TP3/Lincoln-TP3-hybrids_7_16.PNG,,RGB,Lincoln,hybrids,7,16,TP3,629,319,Lincoln|hybrids|7|16,2022-08-04,True
UAV/Lincoln/TP3/Lincoln-TP3-hybrids_7_17.PNG,,RGB,Lincoln,hybrids,7,17,TP3,628,319,Lincoln|hybrids|7|17,2022-08-04,True
UAV/Lincoln/TP3/Lincoln-TP3-hybrids_7_18.PNG,,RGB,Lincoln,hybrids,7,18,TP3,629,319,Lincoln|hybrids|7|18,2022-08-04,True
UAV/Lincoln/TP3/Lincoln-TP3-hybrids_7_19.PNG,,RGB,Lincoln,hybrids,7,19,TP3,628,319,Lincoln|hybrids|7|19,2022-08-04,True
UAV/Lincoln/TP3/Lincoln-TP3-hybrids_7_2.PNG,,RGB,Lincoln,hybrids,7,2,TP3,629,319,Lincoln|hybrids|7|2,2022-08-04,True
UAV/Lincoln/TP3/Lincoln-TP3-hybrids_7_20.PNG,,RGB,Lincoln,hybrids,7,20,TP3,628,319,Lincoln|hybrids|7|20,2022-08-04,True
UAV/Lincoln/TP3/Lincoln-TP3-hybrids_7_21.PNG,,RGB,Lincoln,hybrids,7,21,TP3,628,319,Lincoln|hybrids|7|21,2022-08-04,True
UAV/Lincoln/TP3/Lincoln-TP3-hybrids_7_22.PNG,,RGB,Lincoln,hybrids,7,22,TP3,628,319,Lincoln|hybrids|7|22,2022-08-04,True
UAV/Lincoln/TP3/Lincoln-TP3-hybrids_7_23.PNG,,RGB,Lincoln,hybrids,7,23,TP3,628,319,Lincoln|hybrids|7|23,2022-08-04,True
UAV/Lincoln/TP3/Lincoln-TP3-hybrids_7_24.PNG,,RGB,Lincoln,hybrids,7,24,TP3,628,319,Lincoln|hybrids|7|24,2022-08-04,True
UAV/Lincoln/TP3/Lincoln-TP3-hybrids_7_25.PNG,,RGB,Lincoln,hybrids,7,25,TP3,627,319,Lincoln|hybrids|7|25,2022-08-04,True
UAV/Lincoln/TP3/Lincoln-TP3-hybrids_7_26.PNG,,RGB,Lincoln,hybrids,7,26,TP3,628,319,Lincoln|hybrids|7|26,2022-08-04,True
UAV/Lincoln/TP3/Lincoln-TP3-hybrids_7_27.PNG,,RGB,Lincoln,hybrids,7,27,TP3,628,319,Lincoln|hybrids|7|27,2022-08-04,True
UAV/Lincoln/TP3/Lincoln-TP3-hybrids_7_28.PNG,,RGB,Lincoln,hybrids,7,28,TP3,627,318,Lincoln|hybrids|7|28,2022-08-04,True
UAV/Lincoln/TP3/Lincoln-TP3-hybrids_7_29.PNG,,RGB,Lincoln,hybrids,7,29,TP3,627,318,Lincoln|hybrids|7|29,2022-08-04,True
UAV/Lincoln/TP3/Lincoln-TP3-hybrids_7_3.PNG,,RGB,Lincoln,hybrids,7,3,TP3,630,319,Lincoln|hybrids|7|3,2022-08-04,True
UAV/Lincoln/TP3/Lincoln-TP3-hybrids_7_30.PNG,,RGB,Lincoln,hybrids,7,30,TP3,628,318,Lincoln|hybrids|7|30,2022-08-04,True
UAV/Lincoln/TP3/Lincoln-TP3-hybrids_7_31.PNG,,RGB,Lincoln,hybrids,7,31,TP3,627,318,Lincoln|hybrids|7|31,2022-08-04,True
UAV/Lincoln/TP3/Lincoln-TP3-hybrids_7_32.PNG,,RGB,Lincoln,hybrids,7,32,TP3,627,318,Lincoln|hybrids|7|32,2022-08-04,True
UAV/Lincoln/TP3/Lincoln-TP3-hybrids_7_33.PNG,,RGB,Lincoln,hybrids,7,33,TP3,627,318,Lincoln|hybrids|7|33,2022-08-04,True
UAV/Lincoln/TP3/Lincoln-TP3-hybrids_7_34.PNG,,RGB,Lincoln,hybrids,7,34,TP3,627,318,Lincoln|hybrids|7|34,2022-08-04,True
UAV/Lincoln/TP3/Lincoln-TP3-hybrids_7_35.PNG,,RGB,Lincoln,hybrids,7,35,TP3,627,318,Lincoln|hybrids|7|35,2022-08-04,True
UAV/Lincoln/TP3/Lincoln-TP3-hybrids_7_36.PNG,,RGB,Lincoln,hybrids,7,36,TP3,627,318,Lincoln|hybrids|7|36,2022-08-04,True
UAV/Lincoln/TP3/Lincoln-TP3-hybrids_7_37.PNG,,RGB,Lincoln,hybrids,7,37,TP3,626,319,Lincoln|hybrids|7|37,2022-08-04,True
UAV/Lincoln/TP3/Lincoln-TP3-hybrids_7_38.PNG,,RGB,Lincoln,hybrids,7,38,TP3,627,319,Lincoln|hybrids|7|38,2022-08-04,True
UAV/Lincoln/TP3/Lincoln-TP3-hybrids_7_39.PNG,,RGB,Lincoln,hybrids,7,39,TP3,627,319,Lincoln|hybrids|7|39,2022-08-04,True
UAV/Lincoln/TP3/Lincoln-TP3-hybrids_7_4.PNG,,RGB,Lincoln,hybrids,7,4,TP3,630,319,Lincoln|hybrids|7|4,2022-08-04,True
UAV/Lincoln/TP3/Lincoln-TP3-hybrids_7_5.PNG,,RGB,Lincoln,hybrids,7,5,TP3,629,319,Lincoln|hybrids|7|5,2022-08-04,True
UAV/Lincoln/TP3/Lincoln-TP3-hybrids_7_6.PNG,,RGB,Lincoln,hybrids,7,6,TP3,629,319,Lincoln|hybrids|7|6,2022-08-04,True
UAV/Lincoln/TP3/Lincoln-TP3-hybrids_7_7.PNG,,RGB,Lincoln,hybrids,7,7,TP3,630,319,Lincoln|hybrids|7|7,2022-08-04,True
UAV/Lincoln/TP3/Lincoln-TP3-hybrids_7_8.PNG,,RGB,Lincoln,hybrids,7,8,TP3,629,319,Lincoln|hybrids|7|8,2022-08-04,True
UAV/Lincoln/TP3/Lincoln-TP3-hybrids_7_9.PNG,,RGB,Lincoln,hybrids,7,9,TP3,629,319,Lincoln|hybrids|7|9,2022-08-04,True
UAV/Lincoln/TP3/Lincoln-TP3-hybrids_8_10.PNG,,RGB,Lincoln,hybrids,8,10,TP3,629,319,Lincoln|hybrids|8|10,2022-08-04,True
UAV/Lincoln/TP3/Lincoln-TP3-hybrids_8_11.PNG,,RGB,Lincoln,hybrids,8,11,TP3,629,319,Lincoln|hybrids|8|11,2022-08-04,True
UAV/Lincoln/TP3/Lincoln-TP3-hybrids_8_12.PNG,,RGB,Lincoln,hybrids,8,12,TP3,629,319,Lincoln|hybrids|8|12,2022-08-04,True
UAV/Lincoln/TP3/Lincoln-TP3-hybrids_8_13.PNG,,RGB,Lincoln,hybrids,8,13,TP3,629,319,Lincoln|hybrids|8|13,2022-08-04,True
UAV/Lincoln/TP3/Lincoln-TP3-hybrids_8_14.PNG,,RGB,Lincoln,hybrids,8,14,TP3,628,319,Lincoln|hybrids|8|14,2022-08-04,True
UAV/Lincoln/TP3/Lincoln-TP3-hybrids_8_15.PNG,,RGB,Lincoln,hybrids,8,15,TP3,629,319,Lincoln|hybrids|8|15,2022-08-04,True
UAV/Lincoln/TP3/Lincoln-TP3-hybrids_8_16.PNG,,RGB,Lincoln,hybrids,8,16,TP3,628,319,Lincoln|hybrids|8|16,2022-08-04,True
UAV/Lincoln/TP3/Lincoln-TP3-hybrids_8_17.PNG,,RGB,Lincoln,hybrids,8,17,TP3,628,319,Lincoln|hybrids|8|17,2022-08-04,True
UAV/Lincoln/TP3/Lincoln-TP3-hybrids_8_18.PNG,,RGB,Lincoln,hybrids,8,18,TP3,628,319,Lincoln|hybrids|8|18,2022-08-04,True
UAV/Lincoln/TP3/Lincoln-TP3-hybrids_8_19.PNG,,RGB,Lincoln,hybrids,8,19,TP3,628,319,Lincoln|hybrids|8|19,2022-08-04,True
UAV/Lincoln/TP3/Lincoln-TP3-hybrids_8_2.PNG,,RGB,Lincoln,hybrids,8,2,TP3,629,320,Lincoln|hybrids|8|2,2022-08-04,True
UAV/Lincoln/TP3/Lincoln-TP3-hybrids_8_20.PNG,,RGB,Lincoln,hybrids,8,20,TP3,629,319,Lincoln|hybrids|8|20,2022-08-04,True
UAV/Lincoln/TP3/Lincoln-TP3-hybrids_8_21.PNG,,RGB,Lincoln,hybrids,8,21,TP3,628,319,Lincoln|hybrids|8|21,2022-08-04,True
UAV/Lincoln/TP3/Lincoln-TP3-hybrids_8_22.PNG,,RGB,Lincoln,hybrids,8,22,TP3,628,319,Lincoln|hybrids|8|22,2022-08-04,True
UAV/Lincoln/TP3/Lincoln-TP3-hybrids_8_23.PNG,,RGB,Lincoln,hybrids,8,23,TP3,628,319,Lincoln|hybrids|8|23,2022-08-04,True
UAV/Lincoln/TP3/Lincoln-TP3-hybrids_8_24.PNG,,RGB,Lincoln,hybrids,8,24,TP3,628,319,Lincoln|hybrids|8|24,2022-08-04,True
UAV/Lincoln/TP3/Lincoln-TP3-hybrids_8_25.PNG,,RGB,Lincoln,hybrids,8,25,TP3,627,319,Lincoln|hybrids|8|25,2022-08-04,True
UAV/Lincoln/TP3/Lincoln-TP3-hybrids_8_26.PNG,,RGB,Lincoln,hybrids,8,26,TP3,628,319,Lincoln|hybrids|8|26,2022-08-04,True
UAV/Lincoln/TP3/Lincoln-TP3-hybrids_8_27.PNG,,RGB,Lincoln,hybrids,8,27,TP3,628,319,Lincoln|hybrids|8|27,2022-08-04,True
UAV/Lincoln/TP3/Lincoln-TP3-hybrids_8_28.PNG,,RGB,Lincoln,hybrids,8,28,TP3,627,319,Lincoln|hybrids|8|28,2022-08-04,True
UAV/Lincoln/TP3/Lincoln-TP3-hybrids_8_29.PNG,,RGB,Lincoln,hybrids,8,29,TP3,628,319,Lincoln|hybrids|8|29,2022-08-04,True
UAV/Lincoln/TP3/Lincoln-TP3-hybrids_8_3.PNG,,RGB,Lincoln,hybrids,8,3,TP3,630,320,Lincoln|hybrids|8|3,2022-08-04,True
UAV/Lincoln/TP3/Lincoln-TP3-hybrids_8_30.PNG,,RGB,Lincoln,hybrids,8,30,TP3,627,319,Lincoln|hybrids|8|30,2022-08-04,True
UAV/Lincoln/TP3/Lincoln-TP3-hybrids_8_31.PNG,,RGB,Lincoln,hybrids,8,31,TP3,627,319,Lincoln|hybrids|8|31,2022-08-04,True
UAV/Lincoln/TP3/Lincoln-TP3-hybrids_8_32.PNG,,RGB,Lincoln,hybrids,8,32,TP3,627,319,Lincoln|hybrids|8|32,2022-08-04,True
UAV/Lincoln/TP3/Lincoln-TP3-hybrids_8_33.PNG,,RGB,Lincoln,hybrids,8,33,TP3,627,319,Lincoln|hybrids|8|33,2022-08-04,True
UAV/Lincoln/TP3/Lincoln-TP3-hybrids_8_34.PNG,,RGB,Lincoln,hybrids,8,34,TP3,626,319,Lincoln|hybrids|8|34,2022-08-04,True
UAV/Lincoln/TP3/Lincoln-TP3-hybrids_8_35.PNG,,RGB,Lincoln,hybrids,8,35,TP3,627,319,Lincoln|hybrids|8|35,2022-08-04,True
UAV/Lincoln/TP3/Lincoln-TP3-hybrids_8_36.PNG,,RGB,Lincoln,hybrids,8,36,TP3,627,318,Lincoln|hybrids|8|36,2022-08-04,True
UAV/Lincoln/TP3/Lincoln-TP3-hybrids_8_37.PNG,,RGB,Lincoln,hybrids,8,37,TP3,626,318,Lincoln|hybrids|8|37,2022-08-04,True
UAV/Lincoln/TP3/Lincoln-TP3-hybrids_8_38.PNG,,RGB,Lincoln,hybrids,8,38,TP3,627,318,Lincoln|hybrids|8|38,2022-08-04,True
UAV/Lincoln/TP3/Lincoln-TP3-hybrids_8_39.PNG,,RGB,Lincoln,hybrids,8,39,TP3,626,318,Lincoln|hybrids|8|39,2022-08-04,True
UAV/Lincoln/TP3/Lincoln-TP3-hybrids_8_4.PNG,,RGB,Lincoln,hybrids,8,4,TP3,630,320,Lincoln|hybrids|8|4,2022-08-04,True
UAV/Lincoln/TP3/Lincoln-TP3-hybrids_8_5.PNG,,RGB,Lincoln,hybrids,8,5,TP3,629,320,Lincoln|hybrids|8|5,2022-08-04,True
UAV/Lincoln/TP3/Lincoln-TP3-hybrids_8_6.PNG,,RGB,Lincoln,hybrids,8,6,TP3,630,320,Lincoln|hybrids|8|6,2022-08-04,True
UAV/Lincoln/TP3/Lincoln-TP3-hybrids_8_7.PNG,,RGB,Lincoln,hybrids,8,7,TP3,629,320,Lincoln|hybrids|8|7,2022-08-04,True
UAV/Lincoln/TP3/Lincoln-TP3-hybrids_8_8.PNG,,RGB,Lincoln,hybrids,8,8,TP3,629,320,Lincoln|hybrids|8|8,2022-08-04,True
UAV/Lincoln/TP3/Lincoln-TP3-hybrids_8_9.PNG,,RGB,Lincoln,hybrids,8,9,TP3,629,319,Lincoln|hybrids|8|9,2022-08-04,True
UAV/Lincoln/TP3/Lincoln-TP3-hybrids_9_10.PNG,,RGB,Lincoln,hybrids,9,10,TP3,629,319,Lincoln|hybrids|9|10,2022-08-04,True
UAV/Lincoln/TP3/Lincoln-TP3-hybrids_9_11.PNG,,RGB,Lincoln,hybrids,9,11,TP3,629,319,Lincoln|hybrids|9|11,2022-08-04,True
UAV/Lincoln/TP3/Lincoln-TP3-hybrids_9_12.PNG,,RGB,Lincoln,hybrids,9,12,TP3,628,319,Lincoln|hybrids|9|12,2022-08-04,True
UAV/Lincoln/TP3/Lincoln-TP3-hybrids_9_13.PNG,,RGB,Lincoln,hybrids,9,13,TP3,629,319,Lincoln|hybrids|9|13,2022-08-04,True
UAV/Lincoln/TP3/Lincoln-TP3-hybrids_9_14.PNG,,RGB,Lincoln,hybrids,9,14,TP3,628,319,Lincoln|hybrids|9|14,2022-08-04,True
UAV/Lincoln/TP3/Lincoln-TP3-hybrids_9_15.PNG,,RGB,Lincoln,hybrids,9,15,TP3,629,319,Lincoln|hybrids|9|15,2022-08-04,True
UAV/Lincoln/TP3/Lincoln-TP3-hybrids_9_16.PNG,,RGB,Lincoln,hybrids,9,16,TP3,628,319,Lincoln|hybrids|9|16,2022-08-04,True
UAV/Lincoln/TP3/Lincoln-TP3-hybrids_9_17.PNG,,RGB,Lincoln,hybrids,9,17,TP3,629,319,Lincoln|hybrids|9|17,2022-08-04,True
UAV/Lincoln/TP3/Lincoln-TP3-hybrids_9_18.PNG,,RGB,Lincoln,hybrids,9,18,TP3,628,319,Lincoln|hybrids|9|18,2022-08-04,True
UAV/Lincoln/TP3/Lincoln-TP3-hybrids_9_19.PNG,,RGB,Lincoln,hybrids,9,19,TP3,629,319,Lincoln|hybrids|9|19,2022-08-04,True
UAV/Lincoln/TP3/Lincoln-TP3-hybrids_9_2.PNG,,RGB,Lincoln,hybrids,9,2,TP3,630,319,Lincoln|hybrids|9|2,2022-08-04,True
UAV/Lincoln/TP3/Lincoln-TP3-hybrids_9_20.PNG,,RGB,Lincoln,hybrids,9,20,TP3,628,319,Lincoln|hybrids|9|20,2022-08-04,True
UAV/Lincoln/TP3/Lincoln-TP3-hybrids_9_21.PNG,,RGB,Lincoln,hybrids,9,21,TP3,628,319,Lincoln|hybrids|9|21,2022-08-04,True
UAV/Lincoln/TP3/Lincoln-TP3-hybrids_9_22.PNG,,RGB,Lincoln,hybrids,9,22,TP3,628,319,Lincoln|hybrids|9|22,2022-08-04,True
UAV/Lincoln/TP3/Lincoln-TP3-hybrids_9_23.PNG,,RGB,Lincoln,hybrids,9,23,TP3,627,319,Lincoln|hybrids|9|23,2022-08-04,True
UAV/Lincoln/TP3/Lincoln-TP3-hybrids_9_24.PNG,,RGB,Lincoln,hybrids,9,24,TP3,628,319,Lincoln|hybrids|9|24,2022-08-04,True
UAV/Lincoln/TP3/Lincoln-TP3-hybrids_9_25.PNG,,RGB,Lincoln,hybrids,9,25,TP3,627,319,Lincoln|hybrids|9|25,2022-08-04,True
UAV/Lincoln/TP3/Lincoln-TP3-hybrids_9_26.PNG,,RGB,Lincoln,hybrids,9,26,TP3,628,319,Lincoln|hybrids|9|26,2022-08-04,True
UAV/Lincoln/TP3/Lincoln-TP3-hybrids_9_27.PNG,,RGB,Lincoln,hybrids,9,27,TP3,627,319,Lincoln|hybrids|9|27,2022-08-04,True
UAV/Lincoln/TP3/Lincoln-TP3-hybrids_9_28.PNG,,RGB,Lincoln,hybrids,9,28,TP3,627,319,Lincoln|hybrids|9|28,2022-08-04,True
UAV/Lincoln/TP3/Lincoln-TP3-hybrids_9_29.PNG,,RGB,Lincoln,hybrids,9,29,TP3,627,318,Lincoln|hybrids|9|29,2022-08-04,True
UAV/Lincoln/TP3/Lincoln-TP3-hybrids_9_3.PNG,,RGB,Lincoln,hybrids,9,3,TP3,630,319,Lincoln|hybrids|9|3,2022-08-04,True
UAV/Lincoln/TP3/Lincoln-TP3-hybrids_9_30.PNG,,RGB,Lincoln,hybrids,9,30,TP3,627,318,Lincoln|hybrids|9|30,2022-08-04,True
UAV/Lincoln/TP3/Lincoln-TP3-hybrids_9_31.PNG,,RGB,Lincoln,hybrids,9,31,TP3,627,318,Lincoln|hybrids|9|31,2022-08-04,True
UAV/Lincoln/TP3/Lincoln-TP3-hybrids_9_32.PNG,,RGB,Lincoln,hybrids,9,32,TP3,627,318,Lincoln|hybrids|9|32,2022-08-04,True
UAV/Lincoln/TP3/Lincoln-TP3-hybrids_9_33.PNG,,RGB,Lincoln,hybrids,9,33,TP3,627,318,Lincoln|hybrids|9|33,2022-08-04,True
UAV/Lincoln/TP3/Lincoln-TP3-hybrids_9_34.PNG,,RGB,Lincoln,hybrids,9,34,TP3,627,318,Lincoln|hybrids|9|34,2022-08-04,True
UAV/Lincoln/TP3/Lincoln-TP3-hybrids_9_35.PNG,,RGB,Lincoln,hybrids,9,35,TP3,627,318,Lincoln|hybrids|9|35,2022-08-04,True
UAV/Lincoln/TP3/Lincoln-TP3-hybrids_9_36.PNG,,RGB,Lincoln,hybrids,9,36,TP3,627,318,Lincoln|hybrids|9|36,2022-08-04,True
UAV/Lincoln/TP3/Lincoln-TP3-hybrids_9_37.PNG,,RGB,Lincoln,hybrids,9,37,TP3,626,318,Lincoln|hybrids|9|37,2022-08-04,True
UAV/Lincoln/TP3/Lincoln-TP3-hybrids_9_38.PNG,,RGB,Lincoln,hybrids,9,38,TP3,627,318,Lincoln|hybrids|9|38,2022-08-04,True
UAV/Lincoln/TP3/Lincoln-TP3-hybrids_9_39.PNG,,RGB,Lincoln,hybrids,9,39,TP3,626,318,Lincoln|hybrids|9|39,2022-08-04,True
UAV/Lincoln/TP3/Lincoln-TP3-hybrids_9_4.PNG,,RGB,Lincoln,hybrids,9,4,TP3,629,319,Lincoln|hybrids|9|4,2022-08-04,True
UAV/Lincoln/TP3/Lincoln-TP3-hybrids_9_5.PNG,,RGB,Lincoln,hybrids,9,5,TP3,629,319,Lincoln|hybrids|9|5,2022-08-04,True
UAV/Lincoln/TP3/Lincoln-TP3-hybrids_9_6.PNG,,RGB,Lincoln,hybrids,9,6,TP3,629,319,Lincoln|hybrids|9|6,2022-08-04,True
UAV/Lincoln/TP3/Lincoln-TP3-hybrids_9_7.PNG,,RGB,Lincoln,hybrids,9,7,TP3,629,319,Lincoln|hybrids|9|7,2022-08-04,True
UAV/Lincoln/TP3/Lincoln-TP3-hybrids_9_8.PNG,,RGB,Lincoln,hybrids,9,8,TP3,629,319,Lincoln|hybrids|9|8,2022-08-04,True
UAV/Lincoln/TP3/Lincoln-TP3-hybrids_9_9.PNG,,RGB,Lincoln,hybrids,9,9,TP3,629,319,Lincoln|hybrids|9|9,2022-08-04,True
UAV/MOValley/TP1/MOValley-TP1-Hybrids_23_10.PNG,,RGBA,MOValley,Hybrids,23,10,TP1,636,434,MOValley|Hybrids|23|10,2022-07-13,True
UAV/MOValley/TP1/MOValley-TP1-Hybrids_23_11.PNG,,RGBA,MOValley,Hybrids,23,11,TP1,636,434,MOValley|Hybrids|23|11,2022-07-13,True
UAV/MOValley/TP1/MOValley-TP1-Hybrids_23_12.PNG,,RGBA,MOValley,Hybrids,23,12,TP1,636,434,MOValley|Hybrids|23|12,2022-07-13,True
UAV/MOValley/TP1/MOValley-TP1-Hybrids_23_13.PNG,,RGBA,MOValley,Hybrids,23,13,TP1,636,435,MOValley|Hybrids|23|13,2022-07-13,True
UAV/MOValley/TP1/MOValley-TP1-Hybrids_23_14.PNG,,RGBA,MOValley,Hybrids,23,14,TP1,636,434,MOValley|Hybrids|23|14,2022-07-13,True
UAV/MOValley/TP1/MOValley-TP1-Hybrids_23_15.PNG,,RGBA,MOValley,Hybrids,23,15,TP1,635,435,MOValley|Hybrids|23|15,2022-07-13,True
UAV/MOValley/TP1/MOValley-TP1-Hybrids_23_16.PNG,,RGBA,MOValley,Hybrids,23,16,TP1,636,435,MOValley|Hybrids|23|16,2022-07-13,True
UAV/MOValley/TP1/MOValley-TP1-Hybrids_23_17.PNG,,RGBA,MOValley,Hybrids,23,17,TP1,635,435,MOValley|Hybrids|23|17,2022-07-13,True
UAV/MOValley/TP1/MOValley-TP1-Hybrids_23_18.PNG,,RGBA,MOValley,Hybrids,23,18,TP1,636,435,MOValley|Hybrids|23|18,2022-07-13,True
UAV/MOValley/TP1/MOValley-TP1-Hybrids_23_19.PNG,,RGBA,MOValley,Hybrids,23,19,TP1,635,435,MOValley|Hybrids|23|19,2022-07-13,True
UAV/MOValley/TP1/MOValley-TP1-Hybrids_23_2.PNG,,RGBA,MOValley,Hybrids,23,2,TP1,637,433,MOValley|Hybrids|23|2,2022-07-13,True
UAV/MOValley/TP1/MOValley-TP1-Hybrids_23_20.PNG,,RGBA,MOValley,Hybrids,23,20,TP1,636,436,MOValley|Hybrids|23|20,2022-07-13,True
UAV/MOValley/TP1/MOValley-TP1-Hybrids_23_21.PNG,,RGBA,MOValley,Hybrids,23,21,TP1,635,435,MOValley|Hybrids|23|21,2022-07-13,True
UAV/MOValley/TP1/MOValley-TP1-Hybrids_23_22.PNG,,RGBA,MOValley,Hybrids,23,22,TP1,636,436,MOValley|Hybrids|23|22,2022-07-13,True
UAV/MOValley/TP1/MOValley-TP1-Hybrids_23_23.PNG,,RGBA,MOValley,Hybrids,23,23,TP1,635,436,MOValley|Hybrids|23|23,2022-07-13,True
UAV/MOValley/TP1/MOValley-TP1-Hybrids_23_24.PNG,,RGBA,MOValley,Hybrids,23,24,TP1,635,436,MOValley|Hybrids|23|24,2022-07-13,True
UAV/MOValley/TP1/MOValley-TP1-Hybrids_23_25.PNG,,RGBA,MOValley,Hybrids,23,25,TP1,635,437,MOValley|Hybrids|23|25,2022-07-13,True
UAV/MOValley/TP1/MOValley-TP1-Hybrids_23_26.PNG,,RGBA,MOValley,Hybrids,23,26,TP1,635,436,MOValley|Hybrids|23|26,2022-07-13,True
UAV/MOValley/TP1/MOValley-TP1-Hybrids_23_27.PNG,,RGBA,MOValley,Hybrids,23,27,TP1,635,437,MOValley|Hybrids|23|27,2022-07-13,True
UAV/MOValley/TP1/MOValley-TP1-Hybrids_23_28.PNG,,RGBA,MOValley,Hybrids,23,28,TP1,635,436,MOValley|Hybrids|23|28,2022-07-13,True
UAV/MOValley/TP1/MOValley-TP1-Hybrids_23_29.PNG,,RGBA,MOValley,Hybrids,23,29,TP1,635,437,MOValley|Hybrids|23|29,2022-07-13,True
UAV/MOValley/TP1/MOValley-TP1-Hybrids_23_3.PNG,,RGBA,MOValley,Hybrids,23,3,TP1,636,433,MOValley|Hybrids|23|3,2022-07-13,True
UAV/MOValley/TP1/MOValley-TP1-Hybrids_23_30.PNG,,RGBA,MOValley,Hybrids,23,30,TP1,635,436,MOValley|Hybrids|23|30,2022-07-13,True
UAV/MOValley/TP1/MOValley-TP1-Hybrids_23_31.PNG,,RGBA,MOValley,Hybrids,23,31,TP1,634,437,MOValley|Hybrids|23|31,2022-07-13,True
UAV/MOValley/TP1/MOValley-TP1-Hybrids_23_32.PNG,,RGBA,MOValley,Hybrids,23,32,TP1,635,438,MOValley|Hybrids|23|32,2022-07-13,True
UAV/MOValley/TP1/MOValley-TP1-Hybrids_23_33.PNG,,RGBA,MOValley,Hybrids,23,33,TP1,634,437,MOValley|Hybrids|23|33,2022-07-13,True
UAV/MOValley/TP1/MOValley-TP1-Hybrids_23_34.PNG,,RGBA,MOValley,Hybrids,23,34,TP1,635,438,MOValley|Hybrids|23|34,2022-07-13,True
UAV/MOValley/TP1/MOValley-TP1-Hybrids_23_35.PNG,,RGBA,MOValley,Hybrids,23,35,TP1,634,437,MOValley|Hybrids|23|35,2022-07-13,True
UAV/MOValley/TP1/MOValley-TP1-Hybrids_23_36.PNG,,RGBA,MOValley,Hybrids,23,36,TP1,635,438,MOValley|Hybrids|23|36,2022-07-13,True
UAV/MOValley/TP1/MOValley-TP1-Hybrids_23_37.PNG,,RGBA,MOValley,Hybrids,23,37,TP1,634,438,MOValley|Hybrids|23|37,2022-07-13,True
UAV/MOValley/TP1/MOValley-TP1-Hybrids_23_38.PNG,,RGBA,MOValley,Hybrids,23,38,TP1,634,438,MOValley|Hybrids|23|38,2022-07-13,True
UAV/MOValley/TP1/MOValley-TP1-Hybrids_23_39.PNG,,RGBA,MOValley,Hybrids,23,39,TP1,634,439,MOValley|Hybrids|23|39,2022-07-13,True
UAV/MOValley/TP1/MOValley-TP1-Hybrids_23_4.PNG,,RGBA,MOValley,Hybrids,23,4,TP1,637,433,MOValley|Hybrids|23|4,2022-07-13,True
UAV/MOValley/TP1/MOValley-TP1-Hybrids_23_40.PNG,,RGBA,MOValley,Hybrids,23,40,TP1,634,438,MOValley|Hybrids|23|40,2022-07-13,True
UAV/MOValley/TP1/MOValley-TP1-Hybrids_23_41.PNG,,RGBA,MOValley,Hybrids,23,41,TP1,634,439,MOValley|Hybrids|23|41,2022-07-13,True
UAV/MOValley/TP1/MOValley-TP1-Hybrids_23_42.PNG,,RGBA,MOValley,Hybrids,23,42,TP1,634,438,MOValley|Hybrids|23|42,2022-07-13,True
UAV/MOValley/TP1/MOValley-TP1-Hybrids_23_43.PNG,,RGBA,MOValley,Hybrids,23,43,TP1,634,439,MOValley|Hybrids|23|43,2022-07-13,True
UAV/MOValley/TP1/MOValley-TP1-Hybrids_23_44.PNG,,RGBA,MOValley,Hybrids,23,44,TP1,634,439,MOValley|Hybrids|23|44,2022-07-13,True
UAV/MOValley/TP1/MOValley-TP1-Hybrids_23_45.PNG,,RGBA,MOValley,Hybrids,23,45,TP1,633,439,MOValley|Hybrids|23|45,2022-07-13,True
UAV/MOValley/TP1/MOValley-TP1-Hybrids_23_5.PNG,,RGBA,MOValley,Hybrids,23,5,TP1,636,433,MOValley|Hybrids|23|5,2022-07-13,True
UAV/MOValley/TP1/MOValley-TP1-Hybrids_23_6.PNG,,RGBA,MOValley,Hybrids,23,6,TP1,637,433,MOValley|Hybrids|23|6,2022-07-13,True
UAV/MOValley/TP1/MOValley-TP1-Hybrids_23_7.PNG,,RGBA,MOValley,Hybrids,23,7,TP1,636,434,MOValley|Hybrids|23|7,2022-07-13,True
UAV/MOValley/TP1/MOValley-TP1-Hybrids_23_8.PNG,,RGBA,MOValley,Hybrids,23,8,TP1,636,434,MOValley|Hybrids|23|8,2022-07-13,True
UAV/MOValley/TP1/MOValley-TP1-Hybrids_23_9.PNG,,RGBA,MOValley,Hybrids,23,9,TP1,636,434,MOValley|Hybrids|23|9,2022-07-13,True
UAV/MOValley/TP1/MOValley-TP1-Hybrids_25_10.PNG,,RGBA,MOValley,Hybrids,25,10,TP1,636,434,MOValley|Hybrids|25|10,2022-07-13,True
UAV/MOValley/TP1/MOValley-TP1-Hybrids_25_11.PNG,,RGBA,MOValley,Hybrids,25,11,TP1,636,434,MOValley|Hybrids|25|11,2022-07-13,True
UAV/MOValley/TP1/MOValley-TP1-Hybrids_25_12.PNG,,RGBA,MOValley,Hybrids,25,12,TP1,636,434,MOValley|Hybrids|25|12,2022-07-13,True
UAV/MOValley/TP1/MOValley-TP1-Hybrids_25_13.PNG,,RGBA,MOValley,Hybrids,25,13,TP1,636,435,MOValley|Hybrids|25|13,2022-07-13,True
UAV/MOValley/TP1/MOValley-TP1-Hybrids_25_14.PNG,,RGBA,MOValley,Hybrids,25,14,TP1,636,435,MOValley|Hybrids|25|14,2022-07-13,True
UAV/MOValley/TP1/MOValley-TP1-Hybrids_25_15.PNG,,RGBA,MOValley,Hybrids,25,15,TP1,636,435,MOValley|Hybrids|25|15,2022-07-13,True
UAV/MOValley/TP1/MOValley-TP1-Hybrids_25_16.PNG,,RGBA,MOValley,Hybrids,25,16,TP1,636,435,MOValley|Hybrids|25|16,2022-07-13,True
UAV/MOValley/TP1/MOValley-TP1-Hybrids_25_17.PNG,,RGBA,MOValley,Hybrids,25,17,TP1,636,435,MOValley|Hybrids|25|17,2022-07-13,True
UAV/MOValley/TP1/MOValley-TP1-Hybrids_25_18.PNG,,RGBA,MOValley,Hybrids,25,18,TP1,636,435,MOValley|Hybrids|25|18,2022-07-13,True
UAV/MOValley/TP1/MOValley-TP1-Hybrids_25_19.PNG,,RGBA,MOValley,Hybrids,25,19,TP1,635,435,MOValley|Hybrids|25|19,2022-07-13,True
UAV/MOValley/TP1/MOValley-TP1-Hybrids_25_2.PNG,,RGBA,MOValley,Hybrids,25,2,TP1,637,433,MOValley|Hybrids|25|2,2022-07-13,True
UAV/MOValley/TP1/MOValley-TP1-Hybrids_25_20.PNG,,RGBA,MOValley,Hybrids,25,20,TP1,636,436,MOValley|Hybrids|25|20,2022-07-13,True
UAV/MOValley/TP1/MOValley-TP1-Hybrids_25_21.PNG,,RGBA,MOValley,Hybrids,25,21,TP1,635,436,MOValley|Hybrids|25|21,2022-07-13,True
UAV/MOValley/TP1/MOValley-TP1-Hybrids_25_22.PNG,,RGBA,MOValley,Hybrids,25,22,TP1,635,436,MOValley|Hybrids|25|22,2022-07-13,True
UAV/MOValley/TP1/MOValley-TP1-Hybrids_25_23.PNG,,RGBA,MOValley,Hybrids,25,23,TP1,636,436,MOValley|Hybrids|25|23,2022-07-13,True
UAV/MOValley/TP1/MOValley-TP1-Hybrids_25_24.PNG,,RGBA,MOValley,Hybrids,25,24,TP1,635,436,MOValley|Hybrids|25|24,2022-07-13,True
UAV/MOValley/TP1/MOValley-TP1-Hybrids_25_25.PNG,,RGBA,MOValley,Hybrids,25,25,TP1,635,436,MOValley|Hybrids|25|25,2022-07-13,True
UAV/MOValley/TP1/MOValley-TP1-Hybrids_25_26.PNG,,RGBA,MOValley,Hybrids,25,26,TP1,635,436,MOValley|Hybrids|25|26,2022-07-13,True
UAV/MOValley/TP1/MOValley-TP1-Hybrids_25_27.PNG,,RGBA,MOValley,Hybrids,25,27,TP1,635,437,MOValley|Hybrids|25|27,2022-07-13,True
UAV/MOValley/TP1/MOValley-TP1-Hybrids_25_28.PNG,,RGBA,MOValley,Hybrids,25,28,TP1,634,437,MOValley|Hybrids|25|28,2022-07-13,True
UAV/MOValley/TP1/MOValley-TP1-Hybrids_25_29.PNG,,RGBA,MOValley,Hybrids,25,29,TP1,635,437,MOValley|Hybrids|25|29,2022-07-13,True
UAV/MOValley/TP1/MOValley-TP1-Hybrids_25_3.PNG,,RGBA,MOValley,Hybrids,25,3,TP1,637,433,MOValley|Hybrids|25|3,2022-07-13,True
UAV/MOValley/TP1/MOValley-TP1-Hybrids_25_30.PNG,,RGBA,MOValley,Hybrids,25,30,TP1,635,437,MOValley|Hybrids|25|30,2022-07-13,True
UAV/MOValley/TP1/MOValley-TP1-Hybrids_25_31.PNG,,RGBA,MOValley,Hybrids,25,31,TP1,634,438,MOValley|Hybrids|25|31,2022-07-13,True
UAV/MOValley/TP1/MOValley-TP1-Hybrids_25_32.PNG,,RGBA,MOValley,Hybrids,25,32,TP1,635,437,MOValley|Hybrids|25|32,2022-07-13,True
UAV/MOValley/TP1/MOValley-TP1-Hybrids_25_33.PNG,,RGBA,MOValley,Hybrids,25,33,TP1,634,437,MOValley|Hybrids|25|33,2022-07-13,True
UAV/MOValley/TP1/MOValley-TP1-Hybrids_25_34.PNG,,RGBA,MOValley,Hybrids,25,34,TP1,635,438,MOValley|Hybrids|25|34,2022-07-13,True
UAV/MOValley/TP1/MOValley-TP1-Hybrids_25_35.PNG,,RGBA,MOValley,Hybrids,25,35,TP1,634,437,MOValley|Hybrids|25|35,2022-07-13,True
UAV/MOValley/TP1/MOValley-TP1-Hybrids_25_36.PNG,,RGBA,MOValley,Hybrids,25,36,TP1,634,438,MOValley|Hybrids|25|36,2022-07-13,True
UAV/MOValley/TP1/MOValley-TP1-Hybrids_25_37.PNG,,RGBA,MOValley,Hybrids,25,37,TP1,635,438,MOValley|Hybrids|25|37,2022-07-13,True
UAV/MOValley/TP1/MOValley-TP1-Hybrids_25_38.PNG,,RGBA,MOValley,Hybrids,25,38,TP1,634,439,MOValley|Hybrids|25|38,2022-07-13,True
UAV/MOValley/TP1/MOValley-TP1-Hybrids_25_39.PNG,,RGBA,MOValley,Hybrids,25,39,TP1,634,438,MOValley|Hybrids|25|39,2022-07-13,True
UAV/MOValley/TP1/MOValley-TP1-Hybrids_25_4.PNG,,RGBA,MOValley,Hybrids,25,4,TP1,637,434,MOValley|Hybrids|25|4,2022-07-13,True
UAV/MOValley/TP1/MOValley-TP1-Hybrids_25_40.PNG,,RGBA,MOValley,Hybrids,25,40,TP1,634,438,MOValley|Hybrids|25|40,2022-07-13,True
UAV/MOValley/TP1/MOValley-TP1-Hybrids_25_41.PNG,,RGBA,MOValley,Hybrids,25,41,TP1,634,439,MOValley|Hybrids|25|41,2022-07-13,True
UAV/MOValley/TP1/MOValley-TP1-Hybrids_25_42.PNG,,RGBA,MOValley,Hybrids,25,42,TP1,633,438,MOValley|Hybrids|25|42,2022-07-13,True
UAV/MOValley/TP1/MOValley-TP1-Hybrids_25_43.PNG,,RGBA,MOValley,Hybrids,25,43,TP1,634,439,MOValley|Hybrids|25|43,2022-07-13,True
UAV/MOValley/TP1/MOValley-TP1-Hybrids_25_44.PNG,,RGBA,MOValley,Hybrids,25,44,TP1,634,439,MOValley|Hybrids|25|44,2022-07-13,True
UAV/MOValley/TP1/MOValley-TP1-Hybrids_25_45.PNG,,RGBA,MOValley,Hybrids,25,45,TP1,633,440,MOValley|Hybrids|25|45,2022-07-13,True
UAV/MOValley/TP1/MOValley-TP1-Hybrids_25_5.PNG,,RGBA,MOValley,Hybrids,25,5,TP1,636,433,MOValley|Hybrids|25|5,2022-07-13,True
UAV/MOValley/TP1/MOValley-TP1-Hybrids_25_6.PNG,,RGBA,MOValley,Hybrids,25,6,TP1,637,434,MOValley|Hybrids|25|6,2022-07-13,True
UAV/MOValley/TP1/MOValley-TP1-Hybrids_25_7.PNG,,RGBA,MOValley,Hybrids,25,7,TP1,637,434,MOValley|Hybrids|25|7,2022-07-13,True
UAV/MOValley/TP1/MOValley-TP1-Hybrids_25_8.PNG,,RGBA,MOValley,Hybrids,25,8,TP1,636,433,MOValley|Hybrids|25|8,2022-07-13,True
UAV/MOValley/TP1/MOValley-TP1-Hybrids_25_9.PNG,,RGBA,MOValley,Hybrids,25,9,TP1,637,434,MOValley|Hybrids|25|9,2022-07-13,True
UAV/MOValley/TP1/MOValley-TP1-Hybrids_27_10.PNG,,RGBA,MOValley,Hybrids,27,10,TP1,637,434,MOValley|Hybrids|27|10,2022-07-13,True
UAV/MOValley/TP1/MOValley-TP1-Hybrids_27_11.PNG,,RGBA,MOValley,Hybrids,27,11,TP1,636,434,MOValley|Hybrids|27|11,2022-07-13,True
UAV/MOValley/TP1/MOValley-TP1-Hybrids_27_12.PNG,,RGBA,MOValley,Hybrids,27,12,TP1,636,435,MOValley|Hybrids|27|12,2022-07-13,True
UAV/MOValley/TP1/MOValley-TP1-Hybrids_27_13.PNG,,RGBA,MOValley,Hybrids,27,13,TP1,637,435,MOValley|Hybrids|27|13,2022-07-13,True
UAV/MOValley/TP1/MOValley-TP1-Hybrids_27_14.PNG,,RGBA,MOValley,Hybrids,27,14,TP1,636,435,MOValley|Hybrids|27|14,2022-07-13,True
UAV/MOValley/TP1/MOValley-TP1-Hybrids_27_15.PNG,,RGBA,MOValley,Hybrids,27,15,TP1,636,435,MOValley|Hybrids|27|15,2022-07-13,True
UAV/MOValley/TP1/MOValley-TP1-Hybrids_27_16.PNG,,RGBA,MOValley,Hybrids,27,16,TP1,635,435,MOValley|Hybrids|27|16,2022-07-13,True
UAV/MOValley/TP1/MOValley-TP1-Hybrids_27_17.PNG,,RGBA,MOValley,Hybrids,27,17,TP1,636,435,MOValley|Hybrids|27|17,2022-07-13,True
UAV/MOValley/TP1/MOValley-TP1-Hybrids_27_18.PNG,,RGBA,MOValley,Hybrids,27,18,TP1,636,435,MOValley|Hybrids|27|18,2022-07-13,True
UAV/MOValley/TP1/MOValley-TP1-Hybrids_27_19.PNG,,RGBA,MOValley,Hybrids,27,19,TP1,635,436,MOValley|Hybrids|27|19,2022-07-13,True
UAV/MOValley/TP1/MOValley-TP1-Hybrids_27_2.PNG,,RGBA,MOValley,Hybrids,27,2,TP1,637,434,MOValley|Hybrids|27|2,2022-07-13,True
UAV/MOValley/TP1/MOValley-TP1-Hybrids_27_20.PNG,,RGBA,MOValley,Hybrids,27,20,TP1,636,436,MOValley|Hybrids|27|20,2022-07-13,True
UAV/MOValley/TP1/MOValley-TP1-Hybrids_27_21.PNG,,RGBA,MOValley,Hybrids,27,21,TP1,636,436,MOValley|Hybrids|27|21,2022-07-13,True
UAV/MOValley/TP1/MOValley-TP1-Hybrids_27_22.PNG,,RGBA,MOValley,Hybrids,27,22,TP1,635,436,MOValley|Hybrids|27|22,2022-07-13,True
UAV/MOValley/TP1/MOValley-TP1-Hybrids_27_23.PNG,,RGBA,MOValley,Hybrids,27,23,TP1,635,436,MOValley|Hybrids|27|23,2022-07-13,True
UAV/MOValley/TP1/MOValley-TP1-Hybrids_27_24.PNG,,RGBA,MOValley,Hybrids,27,24,TP1,636,436,MOValley|Hybrids|27|24,2022-07-13,True
UAV/MOValley/TP1/MOValley-TP1-Hybrids_27_25.PNG,,RGBA,MOValley,Hybrids,27,25,TP1,635,436,MOValley|Hybrids|27|25,2022-07-13,True
UAV/MOValley/TP1/MOValley-TP1-Hybrids_27_26.PNG,,RGBA,MOValley,Hybrids,27,26,TP1,635,437,MOValley|Hybrids|27|26,2022-07-13,True
UAV/MOValley/TP1/MOValley-TP1-Hybrids_27_27.PNG,,RGBA,MOValley,Hybrids,27,27,TP1,635,437,MOValley|Hybrids|27|27,2022-07-13,True
UAV/MOValley/TP1/MOValley-TP1-Hybrids_27_28.PNG,,RGBA,MOValley,Hybrids,27,28,TP1,635,437,MOValley|Hybrids|27|28,2022-07-13,True
UAV/MOValley/TP1/MOValley-TP1-Hybrids_27_29.PNG,,RGBA,MOValley,Hybrids,27,29,TP1,635,437,MOValley|Hybrids|27|29,2022-07-13,True
UAV/MOValley/TP1/MOValley-TP1-Hybrids_27_3.PNG,,RGBA,MOValley,Hybrids,27,3,TP1,637,433,MOValley|Hybrids|27|3,2022-07-13,True
UAV/MOValley/TP1/MOValley-TP1-Hybrids_27_30.PNG,,RGBA,MOValley,Hybrids,27,30,TP1,635,437,MOValley|Hybrids|27|30,2022-07-13,True
UAV/MOValley/TP1/MOValley-TP1-Hybrids_27_31.PNG,,RGBA,MOValley,Hybrids,27,31,TP1,635,437,MOValley|Hybrids|27|31,2022-07-13,True
UAV/MOValley/TP1/MOValley-TP1-Hybrids_27_32.PNG,,RGBA,MOValley,Hybrids,27,32,TP1,635,437,MOValley|Hybrids|27|32,2022-07-13,True
UAV/MOValley/TP1/MOValley-TP1-Hybrids_27_33.PNG,,RGBA,MOValley,Hybrids,27,33,TP1,634,438,MOValley|Hybrids|27|33,2022-07-13,True
UAV/MOValley/TP1/MOValley-TP1-Hybrids_27_34.PNG,,RGBA,MOValley,Hybrids,27,34,TP1,634,438,MOValley|Hybrids|27|34,2022-07-13,True
UAV/MOValley/TP1/MOValley-TP1-Hybrids_27_35.PNG,,RGBA,MOValley,Hybrids,27,35,TP1,635,438,MOValley|Hybrids|27|35,2022-07-13,True
UAV/MOValley/TP1/MOValley-TP1-Hybrids_27_36.PNG,,RGBA,MOValley,Hybrids,27,36,TP1,634,438,MOValley|Hybrids|27|36,2022-07-13,True
UAV/MOValley/TP1/MOValley-TP1-Hybrids_27_37.PNG,,RGBA,MOValley,Hybrids,27,37,TP1,634,438,MOValley|Hybrids|27|37,2022-07-13,True
UAV/MOValley/TP1/MOValley-TP1-Hybrids_27_38.PNG,,RGBA,MOValley,Hybrids,27,38,TP1,635,438,MOValley|Hybrids|27|38,2022-07-13,True
UAV/MOValley/TP1/MOValley-TP1-Hybrids_27_39.PNG,,RGBA,MOValley,Hybrids,27,39,TP1,634,438,MOValley|Hybrids|27|39,2022-07-13,True
UAV/MOValley/TP1/MOValley-TP1-Hybrids_27_4.PNG,,RGBA,MOValley,Hybrids,27,4,TP1,637,433,MOValley|Hybrids|27|4,2022-07-13,True
UAV/MOValley/TP1/MOValley-TP1-Hybrids_27_40.PNG,,RGBA,MOValley,Hybrids,27,40,TP1,634,439,MOValley|Hybrids|27|40,2022-07-13,True
UAV/MOValley/TP1/MOValley-TP1-Hybrids_27_41.PNG,,RGBA,MOValley,Hybrids,27,41,TP1,634,439,MOValley|Hybrids|27|41,2022-07-13,True
UAV/MOValley/TP1/MOValley-TP1-Hybrids_27_42.PNG,,RGBA,MOValley,Hybrids,27,42,TP1,634,439,MOValley|Hybrids|27|42,2022-07-13,True
UAV/MOValley/TP1/MOValley-TP1-Hybrids_27_43.PNG,,RGBA,MOValley,Hybrids,27,43,TP1,634,439,MOValley|Hybrids|27|43,2022-07-13,True
UAV/MOValley/TP1/MOValley-TP1-Hybrids_27_44.PNG,,RGBA,MOValley,Hybrids,27,44,TP1,634,439,MOValley|Hybrids|27|44,2022-07-13,True
UAV/MOValley/TP1/MOValley-TP1-Hybrids_27_45.PNG,,RGBA,MOValley,Hybrids,27,45,TP1,634,439,MOValley|Hybrids|27|45,2022-07-13,True
UAV/MOValley/TP1/MOValley-TP1-Hybrids_27_5.PNG,,RGBA,MOValley,Hybrids,27,5,TP1,636,433,MOValley|Hybrids|27|5,2022-07-13,True
UAV/MOValley/TP1/MOValley-TP1-Hybrids_27_6.PNG,,RGBA,MOValley,Hybrids,27,6,TP1,637,434,MOValley|Hybrids|27|6,2022-07-13,True
UAV/MOValley/TP1/MOValley-TP1-Hybrids_27_7.PNG,,RGBA,MOValley,Hybrids,27,7,TP1,637,434,MOValley|Hybrids|27|7,2022-07-13,True
UAV/MOValley/TP1/MOValley-TP1-Hybrids_27_8.PNG,,RGBA,MOValley,Hybrids,27,8,TP1,636,434,MOValley|Hybrids|27|8,2022-07-13,True
UAV/MOValley/TP1/MOValley-TP1-Hybrids_27_9.PNG,,RGBA,MOValley,Hybrids,27,9,TP1,636,435,MOValley|Hybrids|27|9,2022-07-13,True
UAV/MOValley/TP1/MOValley-TP1-Hybrids_29_10.PNG,,RGBA,MOValley,Hybrids,29,10,TP1,636,434,MOValley|Hybrids|29|10,2022-07-13,True
UAV/MOValley/TP1/MOValley-TP1-Hybrids_29_11.PNG,,RGBA,MOValley,Hybrids,29,11,TP1,637,435,MOValley|Hybrids|29|11,2022-07-13,True
UAV/MOValley/TP1/MOValley-TP1-Hybrids_29_12.PNG,,RGBA,MOValley,Hybrids,29,12,TP1,636,435,MOValley|Hybrids|29|12,2022-07-13,True
UAV/MOValley/TP1/MOValley-TP1-Hybrids_29_13.PNG,,RGBA,MOValley,Hybrids,29,13,TP1,636,435,MOValley|Hybrids|29|13,2022-07-13,True
UAV/MOValley/TP1/MOValley-TP1-Hybrids_29_14.PNG,,RGBA,MOValley,Hybrids,29,14,TP1,636,435,MOValley|Hybrids|29|14,2022-07-13,True
UAV/MOValley/TP1/MOValley-TP1-Hybrids_29_15.PNG,,RGBA,MOValley,Hybrids,29,15,TP1,636,435,MOValley|Hybrids|29|15,2022-07-13,True
UAV/MOValley/TP1/MOValley-TP1-Hybrids_29_16.PNG,,RGBA,MOValley,Hybrids,29,16,TP1,636,435,MOValley|Hybrids|29|16,2022-07-13,True
UAV/MOValley/TP1/MOValley-TP1-Hybrids_29_17.PNG,,RGBA,MOValley,Hybrids,29,17,TP1,636,436,MOValley|Hybrids|29|17,2022-07-13,True
UAV/MOValley/TP1/MOValley-TP1-Hybrids_29_18.PNG,,RGBA,MOValley,Hybrids,29,18,TP1,636,436,MOValley|Hybrids|29|18,2022-07-13,True
UAV/MOValley/TP1/MOValley-TP1-Hybrids_29_19.PNG,,RGBA,MOValley,Hybrids,29,19,TP1,635,436,MOValley|Hybrids|29|19,2022-07-13,True
UAV/MOValley/TP1/MOValley-TP1-Hybrids_29_2.PNG,,RGBA,MOValley,Hybrids,29,2,TP1,637,433,MOValley|Hybrids|29|2,2022-07-13,True
UAV/MOValley/TP1/MOValley-TP1-Hybrids_29_20.PNG,,RGBA,MOValley,Hybrids,29,20,TP1,635,436,MOValley|Hybrids|29|20,2022-07-13,True
UAV/MOValley/TP1/MOValley-TP1-Hybrids_29_21.PNG,,RGBA,MOValley,Hybrids,29,21,TP1,636,436,MOValley|Hybrids|29|21,2022-07-13,True
UAV/MOValley/TP1/MOValley-TP1-Hybrids_29_22.PNG,,RGBA,MOValley,Hybrids,29,22,TP1,636,436,MOValley|Hybrids|29|22,2022-07-13,True
UAV/MOValley/TP1/MOValley-TP1-Hybrids_29_23.PNG,,RGBA,MOValley,Hybrids,29,23,TP1,635,436,MOValley|Hybrids|29|23,2022-07-13,True
UAV/MOValley/TP1/MOValley-TP1-Hybrids_29_24.PNG,,RGBA,MOValley,Hybrids,29,24,TP1,635,437,MOValley|Hybrids|29|24,2022-07-13,True
UAV/MOValley/TP1/MOValley-TP1-Hybrids_29_25.PNG,,RGBA,MOValley,Hybrids,29,25,TP1,636,437,MOValley|Hybrids|29|25,2022-07-13,True
UAV/MOValley/TP1/MOValley-TP1-Hybrids_29_26.PNG,,RGBA,MOValley,Hybrids,29,26,TP1,636,437,MOValley|Hybrids|29|26,2022-07-13,True
UAV/MOValley/TP1/MOValley-TP1-Hybrids_29_27.PNG,,RGBA,MOValley,Hybrids,29,27,TP1,635,437,MOValley|Hybrids|29|27,2022-07-13,True
UAV/MOValley/TP1/MOValley-TP1-Hybrids_29_28.PNG,,RGBA,MOValley,Hybrids,29,28,TP1,635,437,MOValley|Hybrids|29|28,2022-07-13,True
UAV/MOValley/TP1/MOValley-TP1-Hybrids_29_29.PNG,,RGBA,MOValley,Hybrids,29,29,TP1,635,437,MOValley|Hybrids|29|29,2022-07-13,True
UAV/MOValley/TP1/MOValley-TP1-Hybrids_29_3.PNG,,RGBA,MOValley,Hybrids,29,3,TP1,637,433,MOValley|Hybrids|29|3,2022-07-13,True
UAV/MOValley/TP1/MOValley-TP1-Hybrids_29_30.PNG,,RGBA,MOValley,Hybrids,29,30,TP1,635,437,MOValley|Hybrids|29|30,2022-07-13,True
UAV/MOValley/TP1/MOValley-TP1-Hybrids_29_31.PNG,,RGBA,MOValley,Hybrids,29,31,TP1,635,438,MOValley|Hybrids|29|31,2022-07-13,True
UAV/MOValley/TP1/MOValley-TP1-Hybrids_29_32.PNG,,RGBA,MOValley,Hybrids,29,32,TP1,635,438,MOValley|Hybrids|29|32,2022-07-13,True
UAV/MOValley/TP1/MOValley-TP1-Hybrids_29_33.PNG,,RGBA,MOValley,Hybrids,29,33,TP1,635,438,MOValley|Hybrids|29|33,2022-07-13,True
UAV/MOValley/TP1/MOValley-TP1-Hybrids_29_34.PNG,,RGBA,MOValley,Hybrids,29,34,TP1,634,438,MOValley|Hybrids|29|34,2022-07-13,True
UAV/MOValley/TP1/MOValley-TP1-Hybrids_29_35.PNG,,RGBA,MOValley,Hybrids,29,35,TP1,635,438,MOValley|Hybrids|29|35,2022-07-13,True
UAV/MOValley/TP1/MOValley-TP1-Hybrids_29_36.PNG,,RGBA,MOValley,Hybrids,29,36,TP1,635,438,MOValley|Hybrids|29|36,2022-07-13,True
UAV/MOValley/TP1/MOValley-TP1-Hybrids_29_37.PNG,,RGBA,MOValley,Hybrids,29,37,TP1,634,439,MOValley|Hybrids|29|37,2022-07-13,True
UAV/MOValley/TP1/MOValley-TP1-Hybrids_29_38.PNG,,RGBA,MOValley,Hybrids,29,38,TP1,634,439,MOValley|Hybrids|29|38,2022-07-13,True
UAV/MOValley/TP1/MOValley-TP1-Hybrids_29_39.PNG,,RGBA,MOValley,Hybrids,29,39,TP1,634,439,MOValley|Hybrids|29|39,2022-07-13,True
UAV/MOValley/TP1/MOValley-TP1-Hybrids_29_4.PNG,,RGBA,MOValley,Hybrids,29,4,TP1,637,434,MOValley|Hybrids|29|4,2022-07-13,True
UAV/MOValley/TP1/MOValley-TP1-Hybrids_29_40.PNG,,RGBA,MOValley,Hybrids,29,40,TP1,635,439,MOValley|Hybrids|29|40,2022-07-13,True
UAV/MOValley/TP1/MOValley-TP1-Hybrids_29_41.PNG,,RGBA,MOValley,Hybrids,29,41,TP1,634,439,MOValley|Hybrids|29|41,2022-07-13,True
UAV/MOValley/TP1/MOValley-TP1-Hybrids_29_42.PNG,,RGBA,MOValley,Hybrids,29,42,TP1,634,439,MOValley|Hybrids|29|42,2022-07-13,True
UAV/MOValley/TP1/MOValley-TP1-Hybrids_29_43.PNG,,RGBA,MOValley,Hybrids,29,43,TP1,634,439,MOValley|Hybrids|29|43,2022-07-13,True
UAV/MOValley/TP1/MOValley-TP1-Hybrids_29_44.PNG,,RGBA,MOValley,Hybrids,29,44,TP1,633,440,MOValley|Hybrids|29|44,2022-07-13,True
UAV/MOValley/TP1/MOValley-TP1-Hybrids_29_45.PNG,,RGBA,MOValley,Hybrids,29,45,TP1,634,440,MOValley|Hybrids|29|45,2022-07-13,True
UAV/MOValley/TP1/MOValley-TP1-Hybrids_29_5.PNG,,RGBA,MOValley,Hybrids,29,5,TP1,636,434,MOValley|Hybrids|29|5,2022-07-13,True
UAV/MOValley/TP1/MOValley-TP1-Hybrids_29_6.PNG,,RGBA,MOValley,Hybrids,29,6,TP1,637,434,MOValley|Hybrids|29|6,2022-07-13,True
UAV/MOValley/TP1/MOValley-TP1-Hybrids_29_7.PNG,,RGBA,MOValley,Hybrids,29,7,TP1,637,434,MOValley|Hybrids|29|7,2022-07-13,True
UAV/MOValley/TP1/MOValley-TP1-Hybrids_29_8.PNG,,RGBA,MOValley,Hybrids,29,8,TP1,637,434,MOValley|Hybrids|29|8,2022-07-13,True
UAV/MOValley/TP1/MOValley-TP1-Hybrids_29_9.PNG,,RGBA,MOValley,Hybrids,29,9,TP1,636,434,MOValley|Hybrids|29|9,2022-07-13,True
UAV/MOValley/TP2/MOValley-TP2-Hybrids_23_10.PNG,,RGBA,MOValley,Hybrids,23,10,TP2,641,418,MOValley|Hybrids|23|10,2022-07-27,True
UAV/MOValley/TP2/MOValley-TP2-Hybrids_23_11.PNG,,RGBA,MOValley,Hybrids,23,11,TP2,641,418,MOValley|Hybrids|23|11,2022-07-27,True
UAV/MOValley/TP2/MOValley-TP2-Hybrids_23_12.PNG,,RGBA,MOValley,Hybrids,23,12,TP2,641,418,MOValley|Hybrids|23|12,2022-07-27,True
UAV/MOValley/TP2/MOValley-TP2-Hybrids_23_13.PNG,,RGBA,MOValley,Hybrids,23,13,TP2,641,419,MOValley|Hybrids|23|13,2022-07-27,True
UAV/MOValley/TP2/MOValley-TP2-Hybrids_23_14.PNG,,RGBA,MOValley,Hybrids,23,14,TP2,641,419,MOValley|Hybrids|23|14,2022-07-27,True
UAV/MOValley/TP2/MOValley-TP2-Hybrids_23_15.PNG,,RGBA,MOValley,Hybrids,23,15,TP2,641,418,MOValley|Hybrids|23|15,2022-07-27,True
UAV/MOValley/TP2/MOValley-TP2-Hybrids_23_16.PNG,,RGBA,MOValley,Hybrids,23,16,TP2,640,418,MOValley|Hybrids|23|16,2022-07-27,True
UAV/MOValley/TP2/MOValley-TP2-Hybrids_23_17.PNG,,RGBA,MOValley,Hybrids,23,17,TP2,640,419,MOValley|Hybrids|23|17,2022-07-27,True
UAV/MOValley/TP2/MOValley-TP2-Hybrids_23_18.PNG,,RGBA,MOValley,Hybrids,23,18,TP2,640,419,MOValley|Hybrids|23|18,2022-07-27,True
UAV/MOValley/TP2/MOValley-TP2-Hybrids_23_19.PNG,,RGBA,MOValley,Hybrids,23,19,TP2,640,419,MOValley|Hybrids|23|19,2022-07-27,True
UAV/MOValley/TP2/MOValley-TP2-Hybrids_23_2.PNG,,RGBA,MOValley,Hybrids,23,2,TP2,642,417,MOValley|Hybrids|23|2,2022-07-27,True
UAV/MOValley/TP2/MOValley-TP2-Hybrids_23_20.PNG,,RGBA,MOValley,Hybrids,23,20,TP2,640,419,MOValley|Hybrids|23|20,2022-07-27,True
UAV/MOValley/TP2/MOValley-TP2-Hybrids_23_21.PNG,,RGBA,MOValley,Hybrids,23,21,TP2,640,419,MOValley|Hybrids|23|21,2022-07-27,True
UAV/MOValley/TP2/MOValley-TP2-Hybrids_23_22.PNG,,RGBA,MOValley,Hybrids,23,22,TP2,640,420,MOValley|Hybrids|23|22,2022-07-27,True
UAV/MOValley/TP2/MOValley-TP2-Hybrids_23_23.PNG,,RGBA,MOValley,Hybrids,23,23,TP2,640,420,MOValley|Hybrids|23|23,2022-07-27,True
UAV/MOValley/TP2/MOValley-TP2-Hybrids_23_24.PNG,,RGBA,MOValley,Hybrids,23,24,TP2,640,420,MOValley|Hybrids|23|24,2022-07-27,True
UAV/MOValley/TP2/MOValley-TP2-Hybrids_23_25.PNG,,RGBA,MOValley,Hybrids,23,25,TP2,640,420,MOValley|Hybrids|23|25,2022-07-27,True
UAV/MOValley/TP2/MOValley-TP2-Hybrids_23_26.PNG,,RGBA,MOValley,Hybrids,23,26,TP2,640,420,MOValley|Hybrids|23|26,2022-07-27,True
UAV/MOValley/TP2/MOValley-TP2-Hybrids_23_27.PNG,,RGBA,MOValley,Hybrids,23,27,TP2,639,420,MOValley|Hybrids|23|27,2022-07-27,True
UAV/MOValley/TP2/MOValley-TP2-Hybrids_23_28.PNG,,RGBA,MOValley,Hybrids,23,28,TP2,639,420,MOValley|Hybrids|23|28,2022-07-27,True
UAV/MOValley/TP2/MOValley-TP2-Hybrids_23_29.PNG,,RGBA,MOValley,Hybrids,23,29,TP2,639,420,MOValley|Hybrids|23|29,2022-07-27,True
UAV/MOValley/TP2/MOValley-TP2-Hybrids_23_3.PNG,,RGBA,MOValley,Hybrids,23,3,TP2,642,417,MOValley|Hybrids|23|3,2022-07-27,True
UAV/MOValley/TP2/MOValley-TP2-Hybrids_23_30.PNG,,RGBA,MOValley,Hybrids,23,30,TP2,639,421,MOValley|Hybrids|23|30,2022-07-27,True
UAV/MOValley/TP2/MOValley-TP2-Hybrids_23_31.PNG,,RGBA,MOValley,Hybrids,23,31,TP2,640,421,MOValley|Hybrids|23|31,2022-07-27,True
UAV/MOValley/TP2/MOValley-TP2-Hybrids_23_32.PNG,,RGBA,MOValley,Hybrids,23,32,TP2,640,421,MOValley|Hybrids|23|32,2022-07-27,True
UAV/MOValley/TP2/MOValley-TP2-Hybrids_23_33.PNG,,RGBA,MOValley,Hybrids,23,33,TP2,639,421,MOValley|Hybrids|23|33,2022-07-27,True
UAV/MOValley/TP2/MOValley-TP2-Hybrids_23_34.PNG,,RGBA,MOValley,Hybrids,23,34,TP2,639,422,MOValley|Hybrids|23|34,2022-07-27,True
UAV/MOValley/TP2/MOValley-TP2-Hybrids_23_35.PNG,,RGBA,MOValley,Hybrids,23,35,TP2,639,422,MOValley|Hybrids|23|35,2022-07-27,True
UAV/MOValley/TP2/MOValley-TP2-Hybrids_23_36.PNG,,RGBA,MOValley,Hybrids,23,36,TP2,639,421,MOValley|Hybrids|23|36,2022-07-27,True
UAV/MOValley/TP2/MOValley-TP2-Hybrids_23_37.PNG,,RGBA,MOValley,Hybrids,23,37,TP2,639,421,MOValley|Hybrids|23|37,2022-07-27,True
UAV/MOValley/TP2/MOValley-TP2-Hybrids_23_38.PNG,,RGBA,MOValley,Hybrids,23,38,TP2,639,422,MOValley|Hybrids|23|38,2022-07-27,True
UAV/MOValley/TP2/MOValley-TP2-Hybrids_23_39.PNG,,RGBA,MOValley,Hybrids,23,39,TP2,638,422,MOValley|Hybrids|23|39,2022-07-27,True
UAV/MOValley/TP2/MOValley-TP2-Hybrids_23_4.PNG,,RGBA,MOValley,Hybrids,23,4,TP2,641,417,MOValley|Hybrids|23|4,2022-07-27,True
UAV/MOValley/TP2/MOValley-TP2-Hybrids_23_40.PNG,,RGBA,MOValley,Hybrids,23,40,TP2,638,422,MOValley|Hybrids|23|40,2022-07-27,True
UAV/MOValley/TP2/MOValley-TP2-Hybrids_23_41.PNG,,RGBA,MOValley,Hybrids,23,41,TP2,639,422,MOValley|Hybrids|23|41,2022-07-27,True
UAV/MOValley/TP2/MOValley-TP2-Hybrids_23_42.PNG,,RGBA,MOValley,Hybrids,23,42,TP2,639,422,MOValley|Hybrids|23|42,2022-07-27,True
UAV/MOValley/TP2/MOValley-TP2-Hybrids_23_43.PNG,,RGBA,MOValley,Hybrids,23,43,TP2,639,423,MOValley|Hybrids|23|43,2022-07-27,True
UAV/MOValley/TP2/MOValley-TP2-Hybrids_23_44.PNG,,RGBA,MOValley,Hybrids,23,44,TP2,638,423,MOValley|Hybrids|23|44,2022-07-27,True
UAV/MOValley/TP2/MOValley-TP2-Hybrids_23_45.PNG,,RGBA,MOValley,Hybrids,23,45,TP2,638,423,MOValley|Hybrids|23|45,2022-07-27,True
UAV/MOValley/TP2/MOValley-TP2-Hybrids_23_5.PNG,,RGBA,MOValley,Hybrids,23,5,TP2,641,417,MOValley|Hybrids|23|5,2022-07-27,True
UAV/MOValley/TP2/MOValley-TP2-Hybrids_23_6.PNG,,RGBA,MOValley,Hybrids,23,6,TP2,641,417,MOValley|Hybrids|23|6,2022-07-27,True
UAV/MOValley/TP2/MOValley-TP2-Hybrids_23_7.PNG,,RGBA,MOValley,Hybrids,23,7,TP2,641,417,MOValley|Hybrids|23|7,2022-07-27,True
UAV/MOValley/TP2/MOValley-TP2-Hybrids_23_8.PNG,,RGBA,MOValley,Hybrids,23,8,TP2,641,417,MOValley|Hybrids|23|8,2022-07-27,True
UAV/MOValley/TP2/MOValley-TP2-Hybrids_23_9.PNG,,RGBA,MOValley,Hybrids,23,9,TP2,641,418,MOValley|Hybrids|23|9,2022-07-27,True
UAV/MOValley/TP2/MOValley-TP2-Hybrids_25_10.PNG,,RGBA,MOValley,Hybrids,25,10,TP2,641,418,MOValley|Hybrids|25|10,2022-07-27,True
UAV/MOValley/TP2/MOValley-TP2-Hybrids_25_11.PNG,,RGBA,MOValley,Hybrids,25,11,TP2,641,418,MOValley|Hybrids|25|11,2022-07-27,True
UAV/MOValley/TP2/MOValley-TP2-Hybrids_25_12.PNG,,RGBA,MOValley,Hybrids,25,12,TP2,641,418,MOValley|Hybrids|25|12,2022-07-27,True
UAV/MOValley/TP2/MOValley-TP2-Hybrids_25_13.PNG,,RGBA,MOValley,Hybrids,25,13,TP2,640,419,MOValley|Hybrids|25|13,2022-07-27,True
UAV/MOValley/TP2/MOValley-TP2-Hybrids_25_14.PNG,,RGBA,MOValley,Hybrids,25,14,TP2,640,418,MOValley|Hybrids|25|14,2022-07-27,True
UAV/MOValley/TP2/MOValley-TP2-Hybrids_25_15.PNG,,RGBA,MOValley,Hybrids,25,15,TP2,641,419,MOValley|Hybrids|25|15,2022-07-27,True
UAV/MOValley/TP2/MOValley-TP2-Hybrids_25_16.PNG,,RGBA,MOValley,Hybrids,25,16,TP2,641,419,MOValley|Hybrids|25|16,2022-07-27,True
UAV/MOValley/TP2/MOValley-TP2-Hybrids_25_17.PNG,,RGBA,MOValley,Hybrids,25,17,TP2,640,419,MOValley|Hybrids|25|17,2022-07-27,True
UAV/MOValley/TP2/MOValley-TP2-Hybrids_25_18.PNG,,RGBA,MOValley,Hybrids,25,18,TP2,640,419,MOValley|Hybrids|25|18,2022-07-27,True
UAV/MOValley/TP2/MOValley-TP2-Hybrids_25_19.PNG,,RGBA,MOValley,Hybrids,25,19,TP2,640,419,MOValley|Hybrids|25|19,2022-07-27,True
UAV/MOValley/TP2/MOValley-TP2-Hybrids_25_2.PNG,,RGBA,MOValley,Hybrids,25,2,TP2,641,417,MOValley|Hybrids|25|2,2022-07-27,True
UAV/MOValley/TP2/MOValley-TP2-Hybrids_25_20.PNG,,RGBA,MOValley,Hybrids,25,20,TP2,641,419,MOValley|Hybrids|25|20,2022-07-27,True
UAV/MOValley/TP2/MOValley-TP2-Hybrids_25_21.PNG,,RGBA,MOValley,Hybrids,25,21,TP2,640,420,MOValley|Hybrids|25|21,2022-07-27,True
UAV/MOValley/TP2/MOValley-TP2-Hybrids_25_22.PNG,,RGBA,MOValley,Hybrids,25,22,TP2,640,420,MOValley|Hybrids|25|22,2022-07-27,True
UAV/MOValley/TP2/MOValley-TP2-Hybrids_25_23.PNG,,RGBA,MOValley,Hybrids,25,23,TP2,640,420,MOValley|Hybrids|25|23,2022-07-27,True
UAV/MOValley/TP2/MOValley-TP2-Hybrids_25_24.PNG,,RGBA,MOValley,Hybrids,25,24,TP2,640,420,MOValley|Hybrids|25|24,2022-07-27,True
UAV/MOValley/TP2/MOValley-TP2-Hybrids_25_25.PNG,,RGBA,MOValley,Hybrids,25,25,TP2,639,420,MOValley|Hybrids|25|25,2022-07-27,True
UAV/MOValley/TP2/MOValley-TP2-Hybrids_25_26.PNG,,RGBA,MOValley,Hybrids,25,26,TP2,640,421,MOValley|Hybrids|25|26,2022-07-27,True
UAV/MOValley/TP2/MOValley-TP2-Hybrids_25_27.PNG,,RGBA,MOValley,Hybrids,25,27,TP2,640,420,MOValley|Hybrids|25|27,2022-07-27,True
UAV/MOValley/TP2/MOValley-TP2-Hybrids_25_28.PNG,,RGBA,MOValley,Hybrids,25,28,TP2,640,420,MOValley|Hybrids|25|28,2022-07-27,True
UAV/MOValley/TP2/MOValley-TP2-Hybrids_25_29.PNG,,RGBA,MOValley,Hybrids,25,29,TP2,639,421,MOValley|Hybrids|25|29,2022-07-27,True
UAV/MOValley/TP2/MOValley-TP2-Hybrids_25_3.PNG,,RGBA,MOValley,Hybrids,25,3,TP2,642,417,MOValley|Hybrids|25|3,2022-07-27,True
UAV/MOValley/TP2/MOValley-TP2-Hybrids_25_30.PNG,,RGBA,MOValley,Hybrids,25,30,TP2,639,421,MOValley|Hybrids|25|30,2022-07-27,True
UAV/MOValley/TP2/MOValley-TP2-Hybrids_25_31.PNG,,RGBA,MOValley,Hybrids,25,31,TP2,639,421,MOValley|Hybrids|25|31,2022-07-27,True
UAV/MOValley/TP2/MOValley-TP2-Hybrids_25_32.PNG,,RGBA,MOValley,Hybrids,25,32,TP2,640,421,MOValley|Hybrids|25|32,2022-07-27,True
UAV/MOValley/TP2/MOValley-TP2-Hybrids_25_33.PNG,,RGBA,MOValley,Hybrids,25,33,TP2,639,421,MOValley|Hybrids|25|33,2022-07-27,True
UAV/MOValley/TP2/MOValley-TP2-Hybrids_25_34.PNG,,RGBA,MOValley,Hybrids,25,34,TP2,639,422,MOValley|Hybrids|25|34,2022-07-27,True
UAV/MOValley/TP2/MOValley-TP2-Hybrids_25_35.PNG,,RGBA,MOValley,Hybrids,25,35,TP2,639,421,MOValley|Hybrids|25|35,2022-07-27,True
UAV/MOValley/TP2/MOValley-TP2-Hybrids_25_36.PNG,,RGBA,MOValley,Hybrids,25,36,TP2,639,421,MOValley|Hybrids|25|36,2022-07-27,True
UAV/MOValley/TP2/MOValley-TP2-Hybrids_25_37.PNG,,RGBA,MOValley,Hybrids,25,37,TP2,638,422,MOValley|Hybrids|25|37,2022-07-27,True
UAV/MOValley/TP2/MOValley-TP2-Hybrids_25_38.PNG,,RGBA,MOValley,Hybrids,25,38,TP2,639,422,MOValley|Hybrids|25|38,2022-07-27,True
UAV/MOValley/TP2/MOValley-TP2-Hybrids_25_39.PNG,,RGBA,MOValley,Hybrids,25,39,TP2,639,422,MOValley|Hybrids|25|39,2022-07-27,True
UAV/MOValley/TP2/MOValley-TP2-Hybrids_25_4.PNG,,RGBA,MOValley,Hybrids,25,4,TP2,642,417,MOValley|Hybrids|25|4,2022-07-27,True
UAV/MOValley/TP2/MOValley-TP2-Hybrids_25_40.PNG,,RGBA,MOValley,Hybrids,25,40,TP2,639,422,MOValley|Hybrids|25|40,2022-07-27,True
UAV/MOValley/TP2/MOValley-TP2-Hybrids_25_41.PNG,,RGBA,MOValley,Hybrids,25,41,TP2,638,422,MOValley|Hybrids|25|41,2022-07-27,True
UAV/MOValley/TP2/MOValley-TP2-Hybrids_25_42.PNG,,RGBA,MOValley,Hybrids,25,42,TP2,638,423,MOValley|Hybrids|25|42,2022-07-27,True
UAV/MOValley/TP2/MOValley-TP2-Hybrids_25_43.PNG,,RGBA,MOValley,Hybrids,25,43,TP2,639,423,MOValley|Hybrids|25|43,2022-07-27,True
UAV/MOValley/TP2/MOValley-TP2-Hybrids_25_44.PNG,,RGBA,MOValley,Hybrids,25,44,TP2,639,422,MOValley|Hybrids|25|44,2022-07-27,True
UAV/MOValley/TP2/MOValley-TP2-Hybrids_25_45.PNG,,RGBA,MOValley,Hybrids,25,45,TP2,638,423,MOValley|Hybrids|25|45,2022-07-27,True
UAV/MOValley/TP2/MOValley-TP2-Hybrids_25_5.PNG,,RGBA,MOValley,Hybrids,25,5,TP2,641,418,MOValley|Hybrids|25|5,2022-07-27,True
UAV/MOValley/TP2/MOValley-TP2-Hybrids_25_6.PNG,,RGBA,MOValley,Hybrids,25,6,TP2,641,417,MOValley|Hybrids|25|6,2022-07-27,True
UAV/MOValley/TP2/MOValley-TP2-Hybrids_25_7.PNG,,RGBA,MOValley,Hybrids,25,7,TP2,641,418,MOValley|Hybrids|25|7,2022-07-27,True
UAV/MOValley/TP2/MOValley-TP2-Hybrids_25_8.PNG,,RGBA,MOValley,Hybrids,25,8,TP2,641,418,MOValley|Hybrids|25|8,2022-07-27,True
UAV/MOValley/TP2/MOValley-TP2-Hybrids_25_9.PNG,,RGBA,MOValley,Hybrids,25,9,TP2,641,418,MOValley|Hybrids|25|9,2022-07-27,True
UAV/MOValley/TP2/MOValley-TP2-Hybrids_27_10.PNG,,RGBA,MOValley,Hybrids,27,10,TP2,641,418,MOValley|Hybrids|27|10,2022-07-27,True
UAV/MOValley/TP2/MOValley-TP2-Hybrids_27_11.PNG,,RGBA,MOValley,Hybrids,27,11,TP2,641,418,MOValley|Hybrids|27|11,2022-07-27,True
UAV/MOValley/TP2/MOValley-TP2-Hybrids_27_12.PNG,,RGBA,MOValley,Hybrids,27,12,TP2,641,418,MOValley|Hybrids|27|12,2022-07-27,True
UAV/MOValley/TP2/MOValley-TP2-Hybrids_27_13.PNG,,RGBA,MOValley,Hybrids,27,13,TP2,641,419,MOValley|Hybrids|27|13,2022-07-27,True
UAV/MOValley/TP2/MOValley-TP2-Hybrids_27_14.PNG,,RGBA,MOValley,Hybrids,27,14,TP2,641,418,MOValley|Hybrids|27|14,2022-07-27,True
UAV/MOValley/TP2/MOValley-TP2-Hybrids_27_15.PNG,,RGBA,MOValley,Hybrids,27,15,TP2,640,419,MOValley|Hybrids|27|15,2022-07-27,True
UAV/MOValley/TP2/MOValley-TP2-Hybrids_27_16.PNG,,RGBA,MOValley,Hybrids,27,16,TP2,641,419,MOValley|Hybrids|27|16,2022-07-27,True
UAV/MOValley/TP2/MOValley-TP2-Hybrids_27_17.PNG,,RGBA,MOValley,Hybrids,27,17,TP2,641,419,MOValley|Hybrids|27|17,2022-07-27,True
UAV/MOValley/TP2/MOValley-TP2-Hybrids_27_18.PNG,,RGBA,MOValley,Hybrids,27,18,TP2,640,420,MOValley|Hybrids|27|18,2022-07-27,True
UAV/MOValley/TP2/MOValley-TP2-Hybrids_27_19.PNG,,RGBA,MOValley,Hybrids,27,19,TP2,640,419,MOValley|Hybrids|27|19,2022-07-27,True
UAV/MOValley/TP2/MOValley-TP2-Hybrids_27_2.PNG,,RGBA,MOValley,Hybrids,27,2,TP2,642,417,MOValley|Hybrids|27|2,2022-07-27,True
UAV/MOValley/TP2/MOValley-TP2-Hybrids_27_20.PNG,,RGBA,MOValley,Hybrids,27,20,TP2,641,420,MOValley|Hybrids|27|20,2022-07-27,True
UAV/MOValley/TP2/MOValley-TP2-Hybrids_27_21.PNG,,RGBA,MOValley,Hybrids,27,21,TP2,640,420,MOValley|Hybrids|27|21,2022-07-27,True
UAV/MOValley/TP2/MOValley-TP2-Hybrids_27_22.PNG,,RGBA,MOValley,Hybrids,27,22,TP2,640,420,MOValley|Hybrids|27|22,2022-07-27,True
UAV/MOValley/TP2/MOValley-TP2-Hybrids_27_23.PNG,,RGBA,MOValley,Hybrids,27,23,TP2,640,420,MOValley|Hybrids|27|23,2022-07-27,True
UAV/MOValley/TP2/MOValley-TP2-Hybrids_27_24.PNG,,RGBA,MOValley,Hybrids,27,24,TP2,640,420,MOValley|Hybrids|27|24,2022-07-27,True
UAV/MOValley/TP2/MOValley-TP2-Hybrids_27_25.PNG,,RGBA,MOValley,Hybrids,27,25,TP2,640,420,MOValley|Hybrids|27|25,2022-07-27,True
UAV/MOValley/TP2/MOValley-TP2-Hybrids_27_26.PNG,,RGBA,MOValley,Hybrids,27,26,TP2,640,421,MOValley|Hybrids|27|26,2022-07-27,True
UAV/MOValley/TP2/MOValley-TP2-Hybrids_27_27.PNG,,RGBA,MOValley,Hybrids,27,27,TP2,639,420,MOValley|Hybrids|27|27,2022-07-27,True
UAV/MOValley/TP2/MOValley-TP2-Hybrids_27_28.PNG,,RGBA,MOValley,Hybrids,27,28,TP2,640,421,MOValley|Hybrids|27|28,2022-07-27,True
UAV/MOValley/TP2/MOValley-TP2-Hybrids_27_29.PNG,,RGBA,MOValley,Hybrids,27,29,TP2,640,421,MOValley|Hybrids|27|29,2022-07-27,True
UAV/MOValley/TP2/MOValley-TP2-Hybrids_27_3.PNG,,RGBA,MOValley,Hybrids,27,3,TP2,641,417,MOValley|Hybrids|27|3,2022-07-27,True
UAV/MOValley/TP2/MOValley-TP2-Hybrids_27_30.PNG,,RGBA,MOValley,Hybrids,27,30,TP2,640,421,MOValley|Hybrids|27|30,2022-07-27,True
UAV/MOValley/TP2/MOValley-TP2-Hybrids_27_31.PNG,,RGBA,MOValley,Hybrids,27,31,TP2,639,421,MOValley|Hybrids|27|31,2022-07-27,True
UAV/MOValley/TP2/MOValley-TP2-Hybrids_27_32.PNG,,RGBA,MOValley,Hybrids,27,32,TP2,640,421,MOValley|Hybrids|27|32,2022-07-27,True
UAV/MOValley/TP2/MOValley-TP2-Hybrids_27_33.PNG,,RGBA,MOValley,Hybrids,27,33,TP2,640,421,MOValley|Hybrids|27|33,2022-07-27,True
UAV/MOValley/TP2/MOValley-TP2-Hybrids_27_34.PNG,,RGBA,MOValley,Hybrids,27,34,TP2,639,422,MOValley|Hybrids|27|34,2022-07-27,True
UAV/MOValley/TP2/MOValley-TP2-Hybrids_27_35.PNG,,RGBA,MOValley,Hybrids,27,35,TP2,639,421,MOValley|Hybrids|27|35,2022-07-27,True
UAV/MOValley/TP2/MOValley-TP2-Hybrids_27_36.PNG,,RGBA,MOValley,Hybrids,27,36,TP2,640,422,MOValley|Hybrids|27|36,2022-07-27,True
UAV/MOValley/TP2/MOValley-TP2-Hybrids_27_37.PNG,,RGBA,MOValley,Hybrids,27,37,TP2,639,422,MOValley|Hybrids|27|37,2022-07-27,True
UAV/MOValley/TP2/MOValley-TP2-Hybrids_27_38.PNG,,RGBA,MOValley,Hybrids,27,38,TP2,639,422,MOValley|Hybrids|27|38,2022-07-27,True
UAV/MOValley/TP2/MOValley-TP2-Hybrids_27_39.PNG,,RGBA,MOValley,Hybrids,27,39,TP2,639,422,MOValley|Hybrids|27|39,2022-07-27,True
UAV/MOValley/TP2/MOValley-TP2-Hybrids_27_4.PNG,,RGBA,MOValley,Hybrids,27,4,TP2,642,417,MOValley|Hybrids|27|4,2022-07-27,True
UAV/MOValley/TP2/MOValley-TP2-Hybrids_27_40.PNG,,RGBA,MOValley,Hybrids,27,40,TP2,639,422,MOValley|Hybrids|27|40,2022-07-27,True
UAV/MOValley/TP2/MOValley-TP2-Hybrids_27_41.PNG,,RGBA,MOValley,Hybrids,27,41,TP2,639,422,MOValley|Hybrids|27|41,2022-07-27,True
UAV/MOValley/TP2/MOValley-TP2-Hybrids_27_42.PNG,,RGBA,MOValley,Hybrids,27,42,TP2,639,423,MOValley|Hybrids|27|42,2022-07-27,True
UAV/MOValley/TP2/MOValley-TP2-Hybrids_27_43.PNG,,RGBA,MOValley,Hybrids,27,43,TP2,638,422,MOValley|Hybrids|27|43,2022-07-27,True
UAV/MOValley/TP2/MOValley-TP2-Hybrids_27_44.PNG,,RGBA,MOValley,Hybrids,27,44,TP2,639,423,MOValley|Hybrids|27|44,2022-07-27,True
UAV/MOValley/TP2/MOValley-TP2-Hybrids_27_45.PNG,,RGBA,MOValley,Hybrids,27,45,TP2,639,423,MOValley|Hybrids|27|45,2022-07-27,True
UAV/MOValley/TP2/MOValley-TP2-Hybrids_27_5.PNG,,RGBA,MOValley,Hybrids,27,5,TP2,642,418,MOValley|Hybrids|27|5,2022-07-27,True
UAV/MOValley/TP2/MOValley-TP2-Hybrids_27_6.PNG,,RGBA,MOValley,Hybrids,27,6,TP2,641,417,MOValley|Hybrids|27|6,2022-07-27,True
UAV/MOValley/TP2/MOValley-TP2-Hybrids_27_7.PNG,,RGBA,MOValley,Hybrids,27,7,TP2,641,418,MOValley|Hybrids|27|7,2022-07-27,True
UAV/MOValley/TP2/MOValley-TP2-Hybrids_27_8.PNG,,RGBA,MOValley,Hybrids,27,8,TP2,642,417,MOValley|Hybrids|27|8,2022-07-27,True
UAV/MOValley/TP2/MOValley-TP2-Hybrids_27_9.PNG,,RGBA,MOValley,Hybrids,27,9,TP2,641,418,MOValley|Hybrids|27|9,2022-07-27,True
UAV/MOValley/TP2/MOValley-TP2-Hybrids_29_10.PNG,,RGBA,MOValley,Hybrids,29,10,TP2,641,418,MOValley|Hybrids|29|10,2022-07-27,True
UAV/MOValley/TP2/MOValley-TP2-Hybrids_29_11.PNG,,RGBA,MOValley,Hybrids,29,11,TP2,641,419,MOValley|Hybrids|29|11,2022-07-27,True
UAV/MOValley/TP2/MOValley-TP2-Hybrids_29_12.PNG,,RGBA,MOValley,Hybrids,29,12,TP2,641,418,MOValley|Hybrids|29|12,2022-07-27,True
UAV/MOValley/TP2/MOValley-TP2-Hybrids_29_13.PNG,,RGBA,MOValley,Hybrids,29,13,TP2,641,419,MOValley|Hybrids|29|13,2022-07-27,True
UAV/MOValley/TP2/MOValley-TP2-Hybrids_29_14.PNG,,RGBA,MOValley,Hybrids,29,14,TP2,641,419,MOValley|Hybrids|29|14,2022-07-27,True
UAV/MOValley/TP2/MOValley-TP2-Hybrids_29_15.PNG,,RGBA,MOValley,Hybrids,29,15,TP2,641,419,MOValley|Hybrids|29|15,2022-07-27,True
UAV/MOValley/TP2/MOValley-TP2-Hybrids_29_16.PNG,,RGBA,MOValley,Hybrids,29,16,TP2,640,419,MOValley|Hybrids|29|16,2022-07-27,True
UAV/MOValley/TP2/MOValley-TP2-Hybrids_29_17.PNG,,RGBA,MOValley,Hybrids,29,17,TP2,641,419,MOValley|Hybrids|29|17,2022-07-27,True
UAV/MOValley/TP2/MOValley-TP2-Hybrids_29_18.PNG,,RGBA,MOValley,Hybrids,29,18,TP2,641,419,MOValley|Hybrids|29|18,2022-07-27,True
UAV/MOValley/TP2/MOValley-TP2-Hybrids_29_19.PNG,,RGBA,MOValley,Hybrids,29,19,TP2,640,419,MOValley|Hybrids|29|19,2022-07-27,True
UAV/MOValley/TP2/MOValley-TP2-Hybrids_29_2.PNG,,RGBA,MOValley,Hybrids,29,2,TP2,642,417,MOValley|Hybrids|29|2,2022-07-27,True
UAV/MOValley/TP2/MOValley-TP2-Hybrids_29_20.PNG,,RGBA,MOValley,Hybrids,29,20,TP2,641,420,MOValley|Hybrids|29|20,2022-07-27,True
UAV/MOValley/TP2/MOValley-TP2-Hybrids_29_21.PNG,,RGBA,MOValley,Hybrids,29,21,TP2,640,419,MOValley|Hybrids|29|21,2022-07-27,True
UAV/MOValley/TP2/MOValley-TP2-Hybrids_29_22.PNG,,RGBA,MOValley,Hybrids,29,22,TP2,640,420,MOValley|Hybrids|29|22,2022-07-27,True
UAV/MOValley/TP2/MOValley-TP2-Hybrids_29_23.PNG,,RGBA,MOValley,Hybrids,29,23,TP2,641,420,MOValley|Hybrids|29|23,2022-07-27,True
UAV/MOValley/TP2/MOValley-TP2-Hybrids_29_24.PNG,,RGBA,MOValley,Hybrids,29,24,TP2,640,420,MOValley|Hybrids|29|24,2022-07-27,True
UAV/MOValley/TP2/MOValley-TP2-Hybrids_29_25.PNG,,RGBA,MOValley,Hybrids,29,25,TP2,640,420,MOValley|Hybrids|29|25,2022-07-27,True
UAV/MOValley/TP2/MOValley-TP2-Hybrids_29_26.PNG,,RGBA,MOValley,Hybrids,29,26,TP2,640,421,MOValley|Hybrids|29|26,2022-07-27,True
UAV/MOValley/TP2/MOValley-TP2-Hybrids_29_27.PNG,,RGBA,MOValley,Hybrids,29,27,TP2,640,420,MOValley|Hybrids|29|27,2022-07-27,True
UAV/MOValley/TP2/MOValley-TP2-Hybrids_29_28.PNG,,RGBA,MOValley,Hybrids,29,28,TP2,640,421,MOValley|Hybrids|29|28,2022-07-27,True
UAV/MOValley/TP2/MOValley-TP2-Hybrids_29_29.PNG,,RGBA,MOValley,Hybrids,29,29,TP2,639,421,MOValley|Hybrids|29|29,2022-07-27,True
UAV/MOValley/TP2/MOValley-TP2-Hybrids_29_3.PNG,,RGBA,MOValley,Hybrids,29,3,TP2,642,418,MOValley|Hybrids|29|3,2022-07-27,True
UAV/MOValley/TP2/MOValley-TP2-Hybrids_29_30.PNG,,RGBA,MOValley,Hybrids,29,30,TP2,640,421,MOValley|Hybrids|29|30,2022-07-27,True
UAV/MOValley/TP2/MOValley-TP2-Hybrids_29_31.PNG,,RGBA,MOValley,Hybrids,29,31,TP2,639,421,MOValley|Hybrids|29|31,2022-07-27,True
UAV/MOValley/TP2/MOValley-TP2-Hybrids_29_32.PNG,,RGBA,MOValley,Hybrids,29,32,TP2,639,422,MOValley|Hybrids|29|32,2022-07-27,True
UAV/MOValley/TP2/MOValley-TP2-Hybrids_29_33.PNG,,RGBA,MOValley,Hybrids,29,33,TP2,640,421,MOValley|Hybrids|29|33,2022-07-27,True
UAV/MOValley/TP2/MOValley-TP2-Hybrids_29_34.PNG,,RGBA,MOValley,Hybrids,29,34,TP2,639,422,MOValley|Hybrids|29|34,2022-07-27,True
UAV/MOValley/TP2/MOValley-TP2-Hybrids_29_35.PNG,,RGBA,MOValley,Hybrids,29,35,TP2,639,422,MOValley|Hybrids|29|35,2022-07-27,True
UAV/MOValley/TP2/MOValley-TP2-Hybrids_29_36.PNG,,RGBA,MOValley,Hybrids,29,36,TP2,639,422,MOValley|Hybrids|29|36,2022-07-27,True
UAV/MOValley/TP2/MOValley-TP2-Hybrids_29_37.PNG,,RGBA,MOValley,Hybrids,29,37,TP2,639,422,MOValley|Hybrids|29|37,2022-07-27,True
UAV/MOValley/TP2/MOValley-TP2-Hybrids_29_38.PNG,,RGBA,MOValley,Hybrids,29,38,TP2,639,423,MOValley|Hybrids|29|38,2022-07-27,True
UAV/MOValley/TP2/MOValley-TP2-Hybrids_29_39.PNG,,RGBA,MOValley,Hybrids,29,39,TP2,639,422,MOValley|Hybrids|29|39,2022-07-27,True
UAV/MOValley/TP2/MOValley-TP2-Hybrids_29_4.PNG,,RGBA,MOValley,Hybrids,29,4,TP2,641,417,MOValley|Hybrids|29|4,2022-07-27,True
UAV/MOValley/TP2/MOValley-TP2-Hybrids_29_40.PNG,,RGBA,MOValley,Hybrids,29,40,TP2,639,423,MOValley|Hybrids|29|40,2022-07-27,True
UAV/MOValley/TP2/MOValley-TP2-Hybrids_29_41.PNG,,RGBA,MOValley,Hybrids,29,41,TP2,638,422,MOValley|Hybrids|29|41,2022-07-27,True
UAV/MOValley/TP2/MOValley-TP2-Hybrids_29_42.PNG,,RGBA,MOValley,Hybrids,29,42,TP2,639,423,MOValley|Hybrids|29|42,2022-07-27,True
UAV/MOValley/TP2/MOValley-TP2-Hybrids_29_43.PNG,,RGBA,MOValley,Hybrids,29,43,TP2,639,423,MOValley|Hybrids|29|43,2022-07-27,True
UAV/MOValley/TP2/MOValley-TP2-Hybrids_29_44.PNG,,RGBA,MOValley,Hybrids,29,44,TP2,638,423,MOValley|Hybrids|29|44,2022-07-27,True
UAV/MOValley/TP2/MOValley-TP2-Hybrids_29_45.PNG,,RGBA,MOValley,Hybrids,29,45,TP2,639,423,MOValley|Hybrids|29|45,2022-07-27,True
UAV/MOValley/TP2/MOValley-TP2-Hybrids_29_5.PNG,,RGBA,MOValley,Hybrids,29,5,TP2,642,418,MOValley|Hybrids|29|5,2022-07-27,True
UAV/MOValley/TP2/MOValley-TP2-Hybrids_29_6.PNG,,RGBA,MOValley,Hybrids,29,6,TP2,641,418,MOValley|Hybrids|29|6,2022-07-27,True
UAV/MOValley/TP2/MOValley-TP2-Hybrids_29_7.PNG,,RGBA,MOValley,Hybrids,29,7,TP2,641,418,MOValley|Hybrids|29|7,2022-07-27,True
UAV/MOValley/TP2/MOValley-TP2-Hybrids_29_8.PNG,,RGBA,MOValley,Hybrids,29,8,TP2,642,418,MOValley|Hybrids|29|8,2022-07-27,True
UAV/MOValley/TP2/MOValley-TP2-Hybrids_29_9.PNG,,RGBA,MOValley,Hybrids,29,9,TP2,641,419,MOValley|Hybrids|29|9,2022-07-27,True
UAV/MOValley/TP3/MOValley-TP3-Hybrids_23_10.PNG,,RGBA,MOValley,Hybrids,23,10,TP3,663,448,MOValley|Hybrids|23|10,2022-08-10,True
UAV/MOValley/TP3/MOValley-TP3-Hybrids_23_11.PNG,,RGBA,MOValley,Hybrids,23,11,TP3,663,449,MOValley|Hybrids|23|11,2022-08-10,True
UAV/MOValley/TP3/MOValley-TP3-Hybrids_23_12.PNG,,RGBA,MOValley,Hybrids,23,12,TP3,664,448,MOValley|Hybrids|23|12,2022-08-10,True
UAV/MOValley/TP3/MOValley-TP3-Hybrids_23_13.PNG,,RGBA,MOValley,Hybrids,23,13,TP3,663,449,MOValley|Hybrids|23|13,2022-08-10,True
UAV/MOValley/TP3/MOValley-TP3-Hybrids_23_14.PNG,,RGBA,MOValley,Hybrids,23,14,TP3,663,449,MOValley|Hybrids|23|14,2022-08-10,True
UAV/MOValley/TP3/MOValley-TP3-Hybrids_23_15.PNG,,RGBA,MOValley,Hybrids,23,15,TP3,663,449,MOValley|Hybrids|23|15,2022-08-10,True
UAV/MOValley/TP3/MOValley-TP3-Hybrids_23_16.PNG,,RGBA,MOValley,Hybrids,23,16,TP3,663,449,MOValley|Hybrids|23|16,2022-08-10,True
UAV/MOValley/TP3/MOValley-TP3-Hybrids_23_17.PNG,,RGBA,MOValley,Hybrids,23,17,TP3,663,449,MOValley|Hybrids|23|17,2022-08-10,True
UAV/MOValley/TP3/MOValley-TP3-Hybrids_23_18.PNG,,RGBA,MOValley,Hybrids,23,18,TP3,663,450,MOValley|Hybrids|23|18,2022-08-10,True
UAV/MOValley/TP3/MOValley-TP3-Hybrids_23_19.PNG,,RGBA,MOValley,Hybrids,23,19,TP3,663,449,MOValley|Hybrids|23|19,2022-08-10,True
UAV/MOValley/TP3/MOValley-TP3-Hybrids_23_2.PNG,,RGBA,MOValley,Hybrids,23,2,TP3,665,447,MOValley|Hybrids|23|2,2022-08-10,True
UAV/MOValley/TP3/MOValley-TP3-Hybrids_23_20.PNG,,RGBA,MOValley,Hybrids,23,20,TP3,662,450,MOValley|Hybrids|23|20,2022-08-10,True
UAV/MOValley/TP3/MOValley-TP3-Hybrids_23_21.PNG,,RGBA,MOValley,Hybrids,23,21,TP3,663,450,MOValley|Hybrids|23|21,2022-08-10,True
UAV/MOValley/TP3/MOValley-TP3-Hybrids_23_22.PNG,,RGBA,MOValley,Hybrids,23,22,TP3,663,450,MOValley|Hybrids|23|22,2022-08-10,True
UAV/MOValley/TP3/MOValley-TP3-Hybrids_23_23.PNG,,RGBA,MOValley,Hybrids,23,23,TP3,663,450,MOValley|Hybrids|23|23,2022-08-10,True
UAV/MOValley/TP3/MOValley-TP3-Hybrids_23_24.PNG,,RGBA,MOValley,Hybrids,23,24,TP3,662,450,MOValley|Hybrids|23|24,2022-08-10,True
UAV/MOValley/TP3/MOValley-TP3-Hybrids_23_25.PNG,,RGBA,MOValley,Hybrids,23,25,TP3,662,451,MOValley|Hybrids|23|25,2022-08-10,True
UAV/MOValley/TP3/MOValley-TP3-Hybrids_23_26.PNG,,RGBA,MOValley,Hybrids,23,26,TP3,663,450,MOValley|Hybrids|23|26,2022-08-10,True
UAV/MOValley/TP3/MOValley-TP3-Hybrids_23_27.PNG,,RGBA,MOValley,Hybrids,23,27,TP3,663,451,MOValley|Hybrids|23|27,2022-08-10,True
UAV/MOValley/TP3/MOValley-TP3-Hybrids_23_28.PNG,,RGBA,MOValley,Hybrids,23,28,TP3,662,451,MOValley|Hybrids|23|28,2022-08-10,True
UAV/MOValley/TP3/MOValley-TP3-Hybrids_23_29.PNG,,RGBA,MOValley,Hybrids,23,29,TP3,662,451,MOValley|Hybrids|23|29,2022-08-10,True
UAV/MOValley/TP3/MOValley-TP3-Hybrids_23_3.PNG,,RGBA,MOValley,Hybrids,23,3,TP3,664,448,MOValley|Hybrids|23|3,2022-08-10,True
UAV/MOValley/TP3/MOValley-TP3-Hybrids_23_30.PNG,,RGBA,MOValley,Hybrids,23,30,TP3,662,451,MOValley|Hybrids|23|30,2022-08-10,True
UAV/MOValley/TP3/MOValley-TP3-Hybrids_23_31.PNG,,RGBA,MOValley,Hybrids,23,31,TP3,662,451,MOValley|Hybrids|23|31,2022-08-10,True
UAV/MOValley/TP3/MOValley-TP3-Hybrids_23_32.PNG,,RGBA,MOValley,Hybrids,23,32,TP3,662,452,MOValley|Hybrids|23|32,2022-08-10,True
UAV/MOValley/TP3/MOValley-TP3-Hybrids_23_33.PNG,,RGBA,MOValley,Hybrids,23,33,TP3,662,452,MOValley|Hybrids|23|33,2022-08-10,True
UAV/MOValley/TP3/MOValley-TP3-Hybrids_23_34.PNG,,RGBA,MOValley,Hybrids,23,34,TP3,662,451,MOValley|Hybrids|23|34,2022-08-10,True
UAV/MOValley/TP3/MOValley-TP3-Hybrids_23_35.PNG,,RGBA,MOValley,Hybrids,23,35,TP3,661,452,MOValley|Hybrids|23|35,2022-08-10,True
UAV/MOValley/TP3/MOValley-TP3-Hybrids_23_36.PNG,,RGBA,MOValley,Hybrids,23,36,TP3,662,452,MOValley|Hybrids|23|36,2022-08-10,True
UAV/MOValley/TP3/MOValley-TP3-Hybrids_23_37.PNG,,RGBA,MOValley,Hybrids,23,37,TP3,662,453,MOValley|Hybrids|23|37,2022-08-10,True
UAV/MOValley/TP3/MOValley-TP3-Hybrids_23_38.PNG,,RGBA,MOValley,Hybrids,23,38,TP3,661,452,MOValley|Hybrids|23|38,2022-08-10,True
UAV/MOValley/TP3/MOValley-TP3-Hybrids_23_39.PNG,,RGBA,MOValley,Hybrids,23,39,TP3,661,453,MOValley|Hybrids|23|39,2022-08-10,True
UAV/MOValley/TP3/MOValley-TP3-Hybrids_23_4.PNG,,RGBA,MOValley,Hybrids,23,4,TP3,664,447,MOValley|Hybrids|23|4,2022-08-10,True
UAV/MOValley/TP3/MOValley-TP3-Hybrids_23_40.PNG,,RGBA,MOValley,Hybrids,23,40,TP3,661,453,MOValley|Hybrids|23|40,2022-08-10,True
UAV/MOValley/TP3/MOValley-TP3-Hybrids_23_41.PNG,,RGBA,MOValley,Hybrids,23,41,TP3,662,452,MOValley|Hybrids|23|41,2022-08-10,True
UAV/MOValley/TP3/MOValley-TP3-Hybrids_23_42.PNG,,RGBA,MOValley,Hybrids,23,42,TP3,661,453,MOValley|Hybrids|23|42,2022-08-10,True
UAV/MOValley/TP3/MOValley-TP3-Hybrids_23_43.PNG,,RGBA,MOValley,Hybrids,23,43,TP3,661,453,MOValley|Hybrids|23|43,2022-08-10,True
UAV/MOValley/TP3/MOValley-TP3-Hybrids_23_44.PNG,,RGBA,MOValley,Hybrids,23,44,TP3,661,454,MOValley|Hybrids|23|44,2022-08-10,True
UAV/MOValley/TP3/MOValley-TP3-Hybrids_23_45.PNG,,RGBA,MOValley,Hybrids,23,45,TP3,660,453,MOValley|Hybrids|23|45,2022-08-10,True
UAV/MOValley/TP3/MOValley-TP3-Hybrids_23_5.PNG,,RGBA,MOValley,Hybrids,23,5,TP3,664,447,MOValley|Hybrids|23|5,2022-08-10,True
UAV/MOValley/TP3/MOValley-TP3-Hybrids_23_6.PNG,,RGBA,MOValley,Hybrids,23,6,TP3,663,448,MOValley|Hybrids|23|6,2022-08-10,True
UAV/MOValley/TP3/MOValley-TP3-Hybrids_23_7.PNG,,RGBA,MOValley,Hybrids,23,7,TP3,664,448,MOValley|Hybrids|23|7,2022-08-10,True
UAV/MOValley/TP3/MOValley-TP3-Hybrids_23_8.PNG,,RGBA,MOValley,Hybrids,23,8,TP3,664,448,MOValley|Hybrids|23|8,2022-08-10,True
UAV/MOValley/TP3/MOValley-TP3-Hybrids_23_9.PNG,,RGBA,MOValley,Hybrids,23,9,TP3,664,448,MOValley|Hybrids|23|9,2022-08-10,True
UAV/MOValley/TP3/MOValley-TP3-Hybrids_25_10.PNG,,RGBA,MOValley,Hybrids,25,10,TP3,664,448,MOValley|Hybrids|25|10,2022-08-10,True
UAV/MOValley/TP3/MOValley-TP3-Hybrids_25_11.PNG,,RGBA,MOValley,Hybrids,25,11,TP3,663,448,MOValley|Hybrids|25|11,2022-08-10,True
UAV/MOValley/TP3/MOValley-TP3-Hybrids_25_12.PNG,,RGBA,MOValley,Hybrids,25,12,TP3,664,448,MOValley|Hybrids|25|12,2022-08-10,True
UAV/MOValley/TP3/MOValley-TP3-Hybrids_25_13.PNG,,RGBA,MOValley,Hybrids,25,13,TP3,664,449,MOValley|Hybrids|25|13,2022-08-10,True
UAV/MOValley/TP3/MOValley-TP3-Hybrids_25_14.PNG,,RGBA,MOValley,Hybrids,25,14,TP3,663,449,MOValley|Hybrids|25|14,2022-08-10,True
UAV/MOValley/TP3/MOValley-TP3-Hybrids_25_15.PNG,,RGBA,MOValley,Hybrids,25,15,TP3,663,449,MOValley|Hybrids|25|15,2022-08-10,True
UAV/MOValley/TP3/MOValley-TP3-Hybrids_25_16.PNG,,RGBA,MOValley,Hybrids,25,16,TP3,664,450,MOValley|Hybrids|25|16,2022-08-10,True
UAV/MOValley/TP3/MOValley-TP3-Hybrids_25_17.PNG,,RGBA,MOValley,Hybrids,25,17,TP3,663,450,MOValley|Hybrids|25|17,2022-08-10,True
UAV/MOValley/TP3/MOValley-TP3-Hybrids_25_18.PNG,,RGBA,MOValley,Hybrids,25,18,TP3,663,449,MOValley|Hybrids|25|18,2022-08-10,True
UAV/MOValley/TP3/MOValley-TP3-Hybrids_25_19.PNG,,RGBA,MOValley,Hybrids,25,19,TP3,663,449,MOValley|Hybrids|25|19,2022-08-10,True
UAV/MOValley/TP3/MOValley-TP3-Hybrids_25_2.PNG,,RGBA,MOValley,Hybrids,25,2,TP3,665,447,MOValley|Hybrids|25|2,2022-08-10,True
UAV/MOValley/TP3/MOValley-TP3-Hybrids_25_20.PNG,,RGBA,MOValley,Hybrids,25,20,TP3,663,450,MOValley|Hybrids|25|20,2022-08-10,True
UAV/MOValley/TP3/MOValley-TP3-Hybrids_25_21.PNG,,RGBA,MOValley,Hybrids,25,21,TP3,663,450,MOValley|Hybrids|25|21,2022-08-10,True
UAV/MOValley/TP3/MOValley-TP3-Hybrids_25_22.PNG,,RGBA,MOValley,Hybrids,25,22,TP3,662,450,MOValley|Hybrids|25|22,2022-08-10,True
UAV/MOValley/TP3/MOValley-TP3-Hybrids_25_23.PNG,,RGBA,MOValley,Hybrids,25,23,TP3,663,450,MOValley|Hybrids|25|23,2022-08-10,True
UAV/MOValley/TP3/MOValley-TP3-Hybrids_25_24.PNG,,RGBA,MOValley,Hybrids,25,24,TP3,663,451,MOValley|Hybrids|25|24,2022-08-10,True
UAV/MOValley/TP3/MOValley-TP3-Hybrids_25_25.PNG,,RGBA,MOValley,Hybrids,25,25,TP3,662,451,MOValley|Hybrids|25|25,2022-08-10,True
UAV/MOValley/TP3/MOValley-TP3-Hybrids_25_26.PNG,,RGBA,MOValley,Hybrids,25,26,TP3,662,451,MOValley|Hybrids|25|26,2022-08-10,True
UAV/MOValley/TP3/MOValley-TP3-Hybrids_25_27.PNG,,RGBA,MOValley,Hybrids,25,27,TP3,663,451,MOValley|Hybrids|25|27,2022-08-10,True
UAV/MOValley/TP3/MOValley-TP3-Hybrids_25_28.PNG,,RGBA,MOValley,Hybrids,25,28,TP3,662,451,MOValley|Hybrids|25|28,2022-08-10,True
UAV/MOValley/TP3/MOValley-TP3-Hybrids_25_29.PNG,,RGBA,MOValley,Hybrids,25,29,TP3,662,451,MOValley|Hybrids|25|29,2022-08-10,True
UAV/MOValley/TP3/MOValley-TP3-Hybrids_25_3.PNG,,RGBA,MOValley,Hybrids,25,3,TP3,664,447,MOValley|Hybrids|25|3,2022-08-10,True
UAV/MOValley/TP3/MOValley-TP3-Hybrids_25_30.PNG,,RGBA,MOValley,Hybrids,25,30,TP3,662,451,MOValley|Hybrids|25|30,2022-08-10,True
UAV/MOValley/TP3/MOValley-TP3-Hybrids_25_31.PNG,,RGBA,MOValley,Hybrids,25,31,TP3,662,452,MOValley|Hybrids|25|31,2022-08-10,True
UAV/MOValley/TP3/MOValley-TP3-Hybrids_25_32.PNG,,RGBA,MOValley,Hybrids,25,32,TP3,662,452,MOValley|Hybrids|25|32,2022-08-10,True
UAV/MOValley/TP3/MOValley-TP3-Hybrids_25_33.PNG,,RGBA,MOValley,Hybrids,25,33,TP3,661,452,MOValley|Hybrids|25|33,2022-08-10,True
UAV/MOValley/TP3/MOValley-TP3-Hybrids_25_34.PNG,,RGBA,MOValley,Hybrids,25,34,TP3,662,452,MOValley|Hybrids|25|34,2022-08-10,True
UAV/MOValley/TP3/MOValley-TP3-Hybrids_25_35.PNG,,RGBA,MOValley,Hybrids,25,35,TP3,662,452,MOValley|Hybrids|25|35,2022-08-10,True
UAV/MOValley/TP3/MOValley-TP3-Hybrids_25_36.PNG,,RGBA,MOValley,Hybrids,25,36,TP3,661,452,MOValley|Hybrids|25|36,2022-08-10,True
UAV/MOValley/TP3/MOValley-TP3-Hybrids_25_37.PNG,,RGBA,MOValley,Hybrids,25,37,TP3,662,452,MOValley|Hybrids|25|37,2022-08-10,True
UAV/MOValley/TP3/MOValley-TP3-Hybrids_25_38.PNG,,RGBA,MOValley,Hybrids,25,38,TP3,662,452,MOValley|Hybrids|25|38,2022-08-10,True
UAV/MOValley/TP3/MOValley-TP3-Hybrids_25_39.PNG,,RGBA,MOValley,Hybrids,25,39,TP3,661,453,MOValley|Hybrids|25|39,2022-08-10,True
UAV/MOValley/TP3/MOValley-TP3-Hybrids_25_4.PNG,,RGBA,MOValley,Hybrids,25,4,TP3,664,447,MOValley|Hybrids|25|4,2022-08-10,True
UAV/MOValley/TP3/MOValley-TP3-Hybrids_25_40.PNG,,RGBA,MOValley,Hybrids,25,40,TP3,661,453,MOValley|Hybrids|25|40,2022-08-10,True
UAV/MOValley/TP3/MOValley-TP3-Hybrids_25_41.PNG,,RGBA,MOValley,Hybrids,25,41,TP3,662,453,MOValley|Hybrids|25|41,2022-08-10,True
UAV/MOValley/TP3/MOValley-TP3-Hybrids_25_42.PNG,,RGBA,MOValley,Hybrids,25,42,TP3,661,454,MOValley|Hybrids|25|42,2022-08-10,True
UAV/MOValley/TP3/MOValley-TP3-Hybrids_25_43.PNG,,RGBA,MOValley,Hybrids,25,43,TP3,661,454,MOValley|Hybrids|25|43,2022-08-10,True
UAV/MOValley/TP3/MOValley-TP3-Hybrids_25_44.PNG,,RGBA,MOValley,Hybrids,25,44,TP3,661,453,MOValley|Hybrids|25|44,2022-08-10,True
UAV/MOValley/TP3/MOValley-TP3-Hybrids_25_45.PNG,,RGBA,MOValley,Hybrids,25,45,TP3,661,453,MOValley|Hybrids|25|45,2022-08-10,True
UAV/MOValley/TP3/MOValley-TP3-Hybrids_25_5.PNG,,RGBA,MOValley,Hybrids,25,5,TP3,664,448,MOValley|Hybrids|25|5,2022-08-10,True
UAV/MOValley/TP3/MOValley-TP3-Hybrids_25_6.PNG,,RGBA,MOValley,Hybrids,25,6,TP3,664,448,MOValley|Hybrids|25|6,2022-08-10,True
UAV/MOValley/TP3/MOValley-TP3-Hybrids_25_7.PNG,,RGBA,MOValley,Hybrids,25,7,TP3,664,448,MOValley|Hybrids|25|7,2022-08-10,True
UAV/MOValley/TP3/MOValley-TP3-Hybrids_25_8.PNG,,RGBA,MOValley,Hybrids,25,8,TP3,663,448,MOValley|Hybrids|25|8,2022-08-10,True
UAV/MOValley/TP3/MOValley-TP3-Hybrids_25_9.PNG,,RGBA,MOValley,Hybrids,25,9,TP3,664,449,MOValley|Hybrids|25|9,2022-08-10,True
UAV/MOValley/TP3/MOValley-TP3-Hybrids_27_10.PNG,,RGBA,MOValley,Hybrids,27,10,TP3,664,448,MOValley|Hybrids|27|10,2022-08-10,True
UAV/MOValley/TP3/MOValley-TP3-Hybrids_27_11.PNG,,RGBA,MOValley,Hybrids,27,11,TP3,664,449,MOValley|Hybrids|27|11,2022-08-10,True
UAV/MOValley/TP3/MOValley-TP3-Hybrids_27_12.PNG,,RGBA,MOValley,Hybrids,27,12,TP3,663,449,MOValley|Hybrids|27|12,2022-08-10,True
UAV/MOValley/TP3/MOValley-TP3-Hybrids_27_13.PNG,,RGBA,MOValley,Hybrids,27,13,TP3,664,449,MOValley|Hybrids|27|13,2022-08-10,True
UAV/MOValley/TP3/MOValley-TP3-Hybrids_27_14.PNG,,RGBA,MOValley,Hybrids,27,14,TP3,663,449,MOValley|Hybrids|27|14,2022-08-10,True
UAV/MOValley/TP3/MOValley-TP3-Hybrids_27_15.PNG,,RGBA,MOValley,Hybrids,27,15,TP3,663,449,MOValley|Hybrids|27|15,2022-08-10,True
UAV/MOValley/TP3/MOValley-TP3-Hybrids_27_16.PNG,,RGBA,MOValley,Hybrids,27,16,TP3,663,449,MOValley|Hybrids|27|16,2022-08-10,True
UAV/MOValley/TP3/MOValley-TP3-Hybrids_27_17.PNG,,RGBA,MOValley,Hybrids,27,17,TP3,663,449,MOValley|Hybrids|27|17,2022-08-10,True
UAV/MOValley/TP3/MOValley-TP3-Hybrids_27_18.PNG,,RGBA,MOValley,Hybrids,27,18,TP3,664,449,MOValley|Hybrids|27|18,2022-08-10,True
UAV/MOValley/TP3/MOValley-TP3-Hybrids_27_19.PNG,,RGBA,MOValley,Hybrids,27,19,TP3,663,450,MOValley|Hybrids|27|19,2022-08-10,True
UAV/MOValley/TP3/MOValley-TP3-Hybrids_27_2.PNG,,RGBA,MOValley,Hybrids,27,2,TP3,665,447,MOValley|Hybrids|27|2,2022-08-10,True
UAV/MOValley/TP3/MOValley-TP3-Hybrids_27_20.PNG,,RGBA,MOValley,Hybrids,27,20,TP3,663,450,MOValley|Hybrids|27|20,2022-08-10,True
UAV/MOValley/TP3/MOValley-TP3-Hybrids_27_21.PNG,,RGBA,MOValley,Hybrids,27,21,TP3,663,450,MOValley|Hybrids|27|21,2022-08-10,True
UAV/MOValley/TP3/MOValley-TP3-Hybrids_27_22.PNG,,RGBA,MOValley,Hybrids,27,22,TP3,663,450,MOValley|Hybrids|27|22,2022-08-10,True
UAV/MOValley/TP3/MOValley-TP3-Hybrids_27_23.PNG,,RGBA,MOValley,Hybrids,27,23,TP3,662,450,MOValley|Hybrids|27|23,2022-08-10,True
UAV/MOValley/TP3/MOValley-TP3-Hybrids_27_24.PNG,,RGBA,MOValley,Hybrids,27,24,TP3,663,451,MOValley|Hybrids|27|24,2022-08-10,True
UAV/MOValley/TP3/MOValley-TP3-Hybrids_27_25.PNG,,RGBA,MOValley,Hybrids,27,25,TP3,662,451,MOValley|Hybrids|27|25,2022-08-10,True
UAV/MOValley/TP3/MOValley-TP3-Hybrids_27_26.PNG,,RGBA,MOValley,Hybrids,27,26,TP3,662,451,MOValley|Hybrids|27|26,2022-08-10,True
UAV/MOValley/TP3/MOValley-TP3-Hybrids_27_27.PNG,,RGBA,MOValley,Hybrids,27,27,TP3,663,451,MOValley|Hybrids|27|27,2022-08-10,True
UAV/MOValley/TP3/MOValley-TP3-Hybrids_27_28.PNG,,RGBA,MOValley,Hybrids,27,28,TP3,662,452,MOValley|Hybrids|27|28,2022-08-10,True
UAV/MOValley/TP3/MOValley-TP3-Hybrids_27_29.PNG,,RGBA,MOValley,Hybrids,27,29,TP3,663,452,MOValley|Hybrids|27|29,2022-08-10,True
UAV/MOValley/TP3/MOValley-TP3-Hybrids_27_3.PNG,,RGBA,MOValley,Hybrids,27,3,TP3,664,448,MOValley|Hybrids|27|3,2022-08-10,True
UAV/MOValley/TP3/MOValley-TP3-Hybrids_27_30.PNG,,RGBA,MOValley,Hybrids,27,30,TP3,662,452,MOValley|Hybrids|27|30,2022-08-10,True
UAV/MOValley/TP3/MOValley-TP3-Hybrids_27_31.PNG,,RGBA,MOValley,Hybrids,27,31,TP3,662,452,MOValley|Hybrids|27|31,2022-08-10,True
UAV/MOValley/TP3/MOValley-TP3-Hybrids_27_32.PNG,,RGBA,MOValley,Hybrids,27,32,TP3,662,452,MOValley|Hybrids|27|32,2022-08-10,True
UAV/MOValley/TP3/MOValley-TP3-Hybrids_27_33.PNG,,RGBA,MOValley,Hybrids,27,33,TP3,662,452,MOValley|Hybrids|27|33,2022-08-10,True
UAV/MOValley/TP3/MOValley-TP3-Hybrids_27_34.PNG,,RGBA,MOValley,Hybrids,27,34,TP3,662,452,MOValley|Hybrids|27|34,2022-08-10,True
UAV/MOValley/TP3/MOValley-TP3-Hybrids_27_35.PNG,,RGBA,MOValley,Hybrids,27,35,TP3,662,452,MOValley|Hybrids|27|35,2022-08-10,True
UAV/MOValley/TP3/MOValley-TP3-Hybrids_27_36.PNG,,RGBA,MOValley,Hybrids,27,36,TP3,662,453,MOValley|Hybrids|27|36,2022-08-10,True
UAV/MOValley/TP3/MOValley-TP3-Hybrids_27_37.PNG,,RGBA,MOValley,Hybrids,27,37,TP3,661,453,MOValley|Hybrids|27|37,2022-08-10,True
UAV/MOValley/TP3/MOValley-TP3-Hybrids_27_38.PNG,,RGBA,MOValley,Hybrids,27,38,TP3,662,453,MOValley|Hybrids|27|38,2022-08-10,True
UAV/MOValley/TP3/MOValley-TP3-Hybrids_27_39.PNG,,RGBA,MOValley,Hybrids,27,39,TP3,661,453,MOValley|Hybrids|27|39,2022-08-10,True
UAV/MOValley/TP3/MOValley-TP3-Hybrids_27_4.PNG,,RGBA,MOValley,Hybrids,27,4,TP3,665,448,MOValley|Hybrids|27|4,2022-08-10,True
UAV/MOValley/TP3/MOValley-TP3-Hybrids_27_40.PNG,,RGBA,MOValley,Hybrids,27,40,TP3,661,453,MOValley|Hybrids|27|40,2022-08-10,True
UAV/MOValley/TP3/MOValley-TP3-Hybrids_27_41.PNG,,RGBA,MOValley,Hybrids,27,41,TP3,661,453,MOValley|Hybrids|27|41,2022-08-10,True
UAV/MOValley/TP3/MOValley-TP3-Hybrids_27_42.PNG,,RGBA,MOValley,Hybrids,27,42,TP3,661,453,MOValley|Hybrids|27|42,2022-08-10,True
UAV/MOValley/TP3/MOValley-TP3-Hybrids_27_43.PNG,,RGBA,MOValley,Hybrids,27,43,TP3,662,453,MOValley|Hybrids|27|43,2022-08-10,True
UAV/MOValley/TP3/MOValley-TP3-Hybrids_27_44.PNG,,RGBA,MOValley,Hybrids,27,44,TP3,661,453,MOValley|Hybrids|27|44,2022-08-10,True
UAV/MOValley/TP3/MOValley-TP3-Hybrids_27_45.PNG,,RGBA,MOValley,Hybrids,27,45,TP3,661,454,MOValley|Hybrids|27|45,2022-08-10,True
UAV/MOValley/TP3/MOValley-TP3-Hybrids_27_5.PNG,,RGBA,MOValley,Hybrids,27,5,TP3,664,448,MOValley|Hybrids|27|5,2022-08-10,True
UAV/MOValley/TP3/MOValley-TP3-Hybrids_27_6.PNG,,RGBA,MOValley,Hybrids,27,6,TP3,664,448,MOValley|Hybrids|27|6,2022-08-10,True
UAV/MOValley/TP3/MOValley-TP3-Hybrids_27_7.PNG,,RGBA,MOValley,Hybrids,27,7,TP3,664,448,MOValley|Hybrids|27|7,2022-08-10,True
UAV/MOValley/TP3/MOValley-TP3-Hybrids_27_8.PNG,,RGBA,MOValley,Hybrids,27,8,TP3,664,448,MOValley|Hybrids|27|8,2022-08-10,True
UAV/MOValley/TP3/MOValley-TP3-Hybrids_27_9.PNG,,RGBA,MOValley,Hybrids,27,9,TP3,663,448,MOValley|Hybrids|27|9,2022-08-10,True
UAV/MOValley/TP3/MOValley-TP3-Hybrids_29_10.PNG,,RGBA,MOValley,Hybrids,29,10,TP3,663,449,MOValley|Hybrids|29|10,2022-08-10,True
UAV/MOValley/TP3/MOValley-TP3-Hybrids_29_11.PNG,,RGBA,MOValley,Hybrids,29,11,TP3,664,449,MOValley|Hybrids|29|11,2022-08-10,True
UAV/MOValley/TP3/MOValley-TP3-Hybrids_29_12.PNG,,RGBA,MOValley,Hybrids,29,12,TP3,663,449,MOValley|Hybrids|29|12,2022-08-10,True
UAV/MOValley/TP3/MOValley-TP3-Hybrids_29_13.PNG,,RGBA,MOValley,Hybrids,29,13,TP3,664,449,MOValley|Hybrids|29|13,2022-08-10,True
UAV/MOValley/TP3/MOValley-TP3-Hybrids_29_14.PNG,,RGBA,MOValley,Hybrids,29,14,TP3,663,449,MOValley|Hybrids|29|14,2022-08-10,True
UAV/MOValley/TP3/MOValley-TP3-Hybrids_29_15.PNG,,RGBA,MOValley,Hybrids,29,15,TP3,664,450,MOValley|Hybrids|29|15,2022-08-10,True
UAV/MOValley/TP3/MOValley-TP3-Hybrids_29_16.PNG,,RGBA,MOValley,Hybrids,29,16,TP3,663,450,MOValley|Hybrids|29|16,2022-08-10,True
UAV/MOValley/TP3/MOValley-TP3-Hybrids_29_17.PNG,,RGBA,MOValley,Hybrids,29,17,TP3,663,450,MOValley|Hybrids|29|17,2022-08-10,True
UAV/MOValley/TP3/MOValley-TP3-Hybrids_29_18.PNG,,RGBA,MOValley,Hybrids,29,18,TP3,663,450,MOValley|Hybrids|29|18,2022-08-10,True
UAV/MOValley/TP3/MOValley-TP3-Hybrids_29_19.PNG,,RGBA,MOValley,Hybrids,29,19,TP3,663,450,MOValley|Hybrids|29|19,2022-08-10,True
UAV/MOValley/TP3/MOValley-TP3-Hybrids_29_2.PNG,,RGBA,MOValley,Hybrids,29,2,TP3,665,447,MOValley|Hybrids|29|2,2022-08-10,True
UAV/MOValley/TP3/MOValley-TP3-Hybrids_29_20.PNG,,RGBA,MOValley,Hybrids,29,20,TP3,663,451,MOValley|Hybrids|29|20,2022-08-10,True
UAV/MOValley/TP3/MOValley-TP3-Hybrids_29_21.PNG,,RGBA,MOValley,Hybrids,29,21,TP3,663,451,MOValley|Hybrids|29|21,2022-08-10,True
UAV/MOValley/TP3/MOValley-TP3-Hybrids_29_22.PNG,,RGBA,MOValley,Hybrids,29,22,TP3,663,451,MOValley|Hybrids|29|22,2022-08-10,True
UAV/MOValley/TP3/MOValley-TP3-Hybrids_29_23.PNG,,RGBA,MOValley,Hybrids,29,23,TP3,663,451,MOValley|Hybrids|29|23,2022-08-10,True
UAV/MOValley/TP3/MOValley-TP3-Hybrids_29_24.PNG,,RGBA,MOValley,Hybrids,29,24,TP3,663,451,MOValley|Hybrids|29|24,2022-08-10,True
UAV/MOValley/TP3/MOValley-TP3-Hybrids_29_25.PNG,,RGBA,MOValley,Hybrids,29,25,TP3,663,450,MOValley|Hybrids|29|25,2022-08-10,True
UAV/MOValley/TP3/MOValley-TP3-Hybrids_29_26.PNG,,RGBA,MOValley,Hybrids,29,26,TP3,662,451,MOValley|Hybrids|29|26,2022-08-10,True
UAV/MOValley/TP3/MOValley-TP3-Hybrids_29_27.PNG,,RGBA,MOValley,Hybrids,29,27,TP3,663,451,MOValley|Hybrids|29|27,2022-08-10,True
UAV/MOValley/TP3/MOValley-TP3-Hybrids_29_28.PNG,,RGBA,MOValley,Hybrids,29,28,TP3,662,451,MOValley|Hybrids|29|28,2022-08-10,True
UAV/MOValley/TP3/MOValley-TP3-Hybrids_29_29.PNG,,RGBA,MOValley,Hybrids,29,29,TP3,663,451,MOValley|Hybrids|29|29,2022-08-10,True
UAV/MOValley/TP3/MOValley-TP3-Hybrids_29_3.PNG,,RGBA,MOValley,Hybrids,29,3,TP3,664,448,MOValley|Hybrids|29|3,2022-08-10,True
UAV/MOValley/TP3/MOValley-TP3-Hybrids_29_30.PNG,,RGBA,MOValley,Hybrids,29,30,TP3,662,451,MOValley|Hybrids|29|30,2022-08-10,True
UAV/MOValley/TP3/MOValley-TP3-Hybrids_29_31.PNG,,RGBA,MOValley,Hybrids,29,31,TP3,663,452,MOValley|Hybrids|29|31,2022-08-10,True
UAV/MOValley/TP3/MOValley-TP3-Hybrids_29_32.PNG,,RGBA,MOValley,Hybrids,29,32,TP3,662,452,MOValley|Hybrids|29|32,2022-08-10,True
UAV/MOValley/TP3/MOValley-TP3-Hybrids_29_33.PNG,,RGBA,MOValley,Hybrids,29,33,TP3,662,452,MOValley|Hybrids|29|33,2022-08-10,True
UAV/MOValley/TP3/MOValley-TP3-Hybrids_29_34.PNG,,RGBA,MOValley,Hybrids,29,34,TP3,662,452,MOValley|Hybrids|29|34,2022-08-10,True
UAV/MOValley/TP3/MOValley-TP3-Hybrids_29_35.PNG,,RGBA,MOValley,Hybrids,29,35,TP3,661,452,MOValley|Hybrids|29|35,2022-08-10,True
UAV/MOValley/TP3/MOValley-TP3-Hybrids_29_36.PNG,,RGBA,MOValley,Hybrids,29,36,TP3,662,452,MOValley|Hybrids|29|36,2022-08-10,True
UAV/MOValley/TP3/MOValley-TP3-Hybrids_29_37.PNG,,RGBA,MOValley,Hybrids,29,37,TP3,661,453,MOValley|Hybrids|29|37,2022-08-10,True
UAV/MOValley/TP3/MOValley-TP3-Hybrids_29_38.PNG,,RGBA,MOValley,Hybrids,29,38,TP3,662,453,MOValley|Hybrids|29|38,2022-08-10,True
UAV/MOValley/TP3/MOValley-TP3-Hybrids_29_39.PNG,,RGBA,MOValley,Hybrids,29,39,TP3,661,453,MOValley|Hybrids|29|39,2022-08-10,True
UAV/MOValley/TP3/MOValley-TP3-Hybrids_29_4.PNG,,RGBA,MOValley,Hybrids,29,4,TP3,665,448,MOValley|Hybrids|29|4,2022-08-10,True
UAV/MOValley/TP3/MOValley-TP3-Hybrids_29_40.PNG,,RGBA,MOValley,Hybrids,29,40,TP3,662,453,MOValley|Hybrids|29|40,2022-08-10,True
UAV/MOValley/TP3/MOValley-TP3-Hybrids_29_41.PNG,,RGBA,MOValley,Hybrids,29,41,TP3,661,453,MOValley|Hybrids|29|41,2022-08-10,True
UAV/MOValley/TP3/MOValley-TP3-Hybrids_29_42.PNG,,RGBA,MOValley,Hybrids,29,42,TP3,661,454,MOValley|Hybrids|29|42,2022-08-10,True
UAV/MOValley/TP3/MOValley-TP3-Hybrids_29_43.PNG,,RGBA,MOValley,Hybrids,29,43,TP3,661,454,MOValley|Hybrids|29|43,2022-08-10,True
UAV/MOValley/TP3/MOValley-TP3-Hybrids_29_44.PNG,,RGBA,MOValley,Hybrids,29,44,TP3,661,454,MOValley|Hybrids|29|44,2022-08-10,True
UAV/MOValley/TP3/MOValley-TP3-Hybrids_29_45.PNG,,RGBA,MOValley,Hybrids,29,45,TP3,661,454,MOValley|Hybrids|29|45,2022-08-10,True
UAV/MOValley/TP3/MOValley-TP3-Hybrids_29_5.PNG,,RGBA,MOValley,Hybrids,29,5,TP3,664,448,MOValley|Hybrids|29|5,2022-08-10,True
UAV/MOValley/TP3/MOValley-TP3-Hybrids_29_6.PNG,,RGBA,MOValley,Hybrids,29,6,TP3,665,448,MOValley|Hybrids|29|6,2022-08-10,True
UAV/MOValley/TP3/MOValley-TP3-Hybrids_29_7.PNG,,RGBA,MOValley,Hybrids,29,7,TP3,664,448,MOValley|Hybrids|29|7,2022-08-10,True
UAV/MOValley/TP3/MOValley-TP3-Hybrids_29_8.PNG,,RGBA,MOValley,Hybrids,29,8,TP3,664,448,MOValley|Hybrids|29|8,2022-08-10,True
UAV/MOValley/TP3/MOValley-TP3-Hybrids_29_9.PNG,,RGBA,MOValley,Hybrids,29,9,TP3,664,449,MOValley|Hybrids|29|9,2022-08-10,True
UAV/Scottsbluff/TP1/Scottsbluff-TP1-n150_10_11.PNG,,RGBA,Scottsbluff,n150,10,11,TP1,256,596,Scottsbluff|n150|10|11,2022-07-08,True
UAV/Scottsbluff/TP1/Scottsbluff-TP1-n150_10_12.PNG,,RGBA,Scottsbluff,n150,10,12,TP1,256,596,Scottsbluff|n150|10|12,2022-07-08,True
UAV/Scottsbluff/TP1/Scottsbluff-TP1-n150_10_13.PNG,,RGBA,Scottsbluff,n150,10,13,TP1,255,596,Scottsbluff|n150|10|13,2022-07-08,True
UAV/Scottsbluff/TP1/Scottsbluff-TP1-n150_10_14.PNG,,RGBA,Scottsbluff,n150,10,14,TP1,256,596,Scottsbluff|n150|10|14,2022-07-08,True
UAV/Scottsbluff/TP1/Scottsbluff-TP1-n150_10_15.PNG,,RGBA,Scottsbluff,n150,10,15,TP1,255,596,Scottsbluff|n150|10|15,2022-07-08,True
UAV/Scottsbluff/TP1/Scottsbluff-TP1-n150_10_16.PNG,,RGBA,Scottsbluff,n150,10,16,TP1,255,596,Scottsbluff|n150|10|16,2022-07-08,True
UAV/Scottsbluff/TP1/Scottsbluff-TP1-n150_10_17.PNG,,RGBA,Scottsbluff,n150,10,17,TP1,255,595,Scottsbluff|n150|10|17,2022-07-08,True
UAV/Scottsbluff/TP1/Scottsbluff-TP1-n150_11_11.PNG,,RGBA,Scottsbluff,n150,11,11,TP1,255,596,Scottsbluff|n150|11|11,2022-07-08,True
UAV/Scottsbluff/TP1/Scottsbluff-TP1-n150_11_12.PNG,,RGBA,Scottsbluff,n150,11,12,TP1,256,597,Scottsbluff|n150|11|12,2022-07-08,True
UAV/Scottsbluff/TP1/Scottsbluff-TP1-n150_11_13.PNG,,RGBA,Scottsbluff,n150,11,13,TP1,255,596,Scottsbluff|n150|11|13,2022-07-08,True
UAV/Scottsbluff/TP1/Scottsbluff-TP1-n150_11_14.PNG,,RGBA,Scottsbluff,n150,11,14,TP1,256,596,Scottsbluff|n150|11|14,2022-07-08,True
UAV/Scottsbluff/TP1/Scottsbluff-TP1-n150_11_15.PNG,,RGBA,Scottsbluff,n150,11,15,TP1,255,596,Scottsbluff|n150|11|15,2022-07-08,True
UAV/Scottsbluff/TP1/Scottsbluff-TP1-n150_11_16.PNG,,RGBA,Scottsbluff,n150,11,16,TP1,256,596,Scottsbluff|n150|11|16,2022-07-08,True
UAV/Scottsbluff/TP1/Scottsbluff-TP1-n150_11_17.PNG,,RGBA,Scottsbluff,n150,11,17,TP1,255,596,Scottsbluff|n150|11|17,2022-07-08,True
UAV/Scottsbluff/TP1/Scottsbluff-TP1-n150_12_11.PNG,,RGBA,Scottsbluff,n150,12,11,TP1,256,597,Scottsbluff|n150|12|11,2022-07-08,True
UAV/Scottsbluff/TP1/Scottsbluff-TP1-n150_12_12.PNG,,RGBA,Scottsbluff,n150,12,12,TP1,256,596,Scottsbluff|n150|12|12,2022-07-08,True
UAV/Scottsbluff/TP1/Scottsbluff-TP1-n150_12_13.PNG,,RGBA,Scottsbluff,n150,12,13,TP1,255,596,Scottsbluff|n150|12|13,2022-07-08,True
UAV/Scottsbluff/TP1/Scottsbluff-TP1-n150_12_14.PNG,,RGBA,Scottsbluff,n150,12,14,TP1,256,596,Scottsbluff|n150|12|14,2022-07-08,True
UAV/Scottsbluff/TP1/Scottsbluff-TP1-n150_12_15.PNG,,RGBA,Scottsbluff,n150,12,15,TP1,255,596,Scottsbluff|n150|12|15,2022-07-08,True
UAV/Scottsbluff/TP1/Scottsbluff-TP1-n150_12_16.PNG,,RGBA,Scottsbluff,n150,12,16,TP1,256,596,Scottsbluff|n150|12|16,2022-07-08,True
UAV/Scottsbluff/TP1/Scottsbluff-TP1-n150_12_17.PNG,,RGBA,Scottsbluff,n150,12,17,TP1,255,596,Scottsbluff|n150|12|17,2022-07-08,True
UAV/Scottsbluff/TP1/Scottsbluff-TP1-n150_13_11.PNG,,RGBA,Scottsbluff,n150,13,11,TP1,256,596,Scottsbluff|n150|13|11,2022-07-08,True
UAV/Scottsbluff/TP1/Scottsbluff-TP1-n150_13_12.PNG,,RGBA,Scottsbluff,n150,13,12,TP1,256,596,Scottsbluff|n150|13|12,2022-07-08,True
UAV/Scottsbluff/TP1/Scottsbluff-TP1-n150_13_13.PNG,,RGBA,Scottsbluff,n150,13,13,TP1,256,596,Scottsbluff|n150|13|13,2022-07-08,True
UAV/Scottsbluff/TP1/Scottsbluff-TP1-n150_13_14.PNG,,RGBA,Scottsbluff,n150,13,14,TP1,256,595,Scottsbluff|n150|13|14,2022-07-08,True
UAV/Scottsbluff/TP1/Scottsbluff-TP1-n150_13_15.PNG,,RGBA,Scottsbluff,n150,13,15,TP1,255,596,Scottsbluff|n150|13|15,2022-07-08,True
UAV/Scottsbluff/TP1/Scottsbluff-TP1-n150_13_16.PNG,,RGBA,Scottsbluff,n150,13,16,TP1,255,595,Scottsbluff|n150|13|16,2022-07-08,True
UAV/Scottsbluff/TP1/Scottsbluff-TP1-n150_13_17.PNG,,RGBA,Scottsbluff,n150,13,17,TP1,256,596,Scottsbluff|n150|13|17,2022-07-08,True
UAV/Scottsbluff/TP1/Scottsbluff-TP1-n150_14_11.PNG,,RGBA,Scottsbluff,n150,14,11,TP1,256,596,Scottsbluff|n150|14|11,2022-07-08,True
UAV/Scottsbluff/TP1/Scottsbluff-TP1-n150_14_12.PNG,,RGBA,Scottsbluff,n150,14,12,TP1,256,596,Scottsbluff|n150|14|12,2022-07-08,True
UAV/Scottsbluff/TP1/Scottsbluff-TP1-n150_14_13.PNG,,RGBA,Scottsbluff,n150,14,13,TP1,256,595,Scottsbluff|n150|14|13,2022-07-08,True
UAV/Scottsbluff/TP1/Scottsbluff-TP1-n150_14_14.PNG,,RGBA,Scottsbluff,n150,14,14,TP1,256,596,Scottsbluff|n150|14|14,2022-07-08,True
UAV/Scottsbluff/TP1/Scottsbluff-TP1-n150_14_15.PNG,,RGBA,Scottsbluff,n150,14,15,TP1,256,596,Scottsbluff|n150|14|15,2022-07-08,True
UAV/Scottsbluff/TP1/Scottsbluff-TP1-n150_14_16.PNG,,RGBA,Scottsbluff,n150,14,16,TP1,255,595,Scottsbluff|n150|14|16,2022-07-08,True
UAV/Scottsbluff/TP1/Scottsbluff-TP1-n150_14_17.PNG,,RGBA,Scottsbluff,n150,14,17,TP1,255,596,Scottsbluff|n150|14|17,2022-07-08,True
UAV/Scottsbluff/TP1/Scottsbluff-TP1-n150_15_11.PNG,,RGBA,Scottsbluff,n150,15,11,TP1,256,596,Scottsbluff|n150|15|11,2022-07-08,True
UAV/Scottsbluff/TP1/Scottsbluff-TP1-n150_15_12.PNG,,RGBA,Scottsbluff,n150,15,12,TP1,256,596,Scottsbluff|n150|15|12,2022-07-08,True
UAV/Scottsbluff/TP1/Scottsbluff-TP1-n150_15_13.PNG,,RGBA,Scottsbluff,n150,15,13,TP1,256,596,Scottsbluff|n150|15|13,2022-07-08,True
UAV/Scottsbluff/TP1/Scottsbluff-TP1-n150_15_14.PNG,,RGBA,Scottsbluff,n150,15,14,TP1,256,596,Scottsbluff|n150|15|14,2022-07-08,True
UAV/Scottsbluff/TP1/Scottsbluff-TP1-n150_15_15.PNG,,RGBA,Scottsbluff,n150,15,15,TP1,256,595,Scottsbluff|n150|15|15,2022-07-08,True
UAV/Scottsbluff/TP1/Scottsbluff-TP1-n150_15_16.PNG,,RGBA,Scottsbluff,n150,15,16,TP1,256,596,Scottsbluff|n150|15|16,2022-07-08,True
UAV/Scottsbluff/TP1/Scottsbluff-TP1-n150_15_17.PNG,,RGBA,Scottsbluff,n150,15,17,TP1,255,596,Scottsbluff|n150|15|17,2022-07-08,True
UAV/Scottsbluff/TP1/Scottsbluff-TP1-n150_16_11.PNG,,RGBA,Scottsbluff,n150,16,11,TP1,256,596,Scottsbluff|n150|16|11,2022-07-08,True
UAV/Scottsbluff/TP1/Scottsbluff-TP1-n150_16_12.PNG,,RGBA,Scottsbluff,n150,16,12,TP1,256,596,Scottsbluff|n150|16|12,2022-07-08,True
UAV/Scottsbluff/TP1/Scottsbluff-TP1-n150_16_13.PNG,,RGBA,Scottsbluff,n150,16,13,TP1,256,595,Scottsbluff|n150|16|13,2022-07-08,True
UAV/Scottsbluff/TP1/Scottsbluff-TP1-n150_16_14.PNG,,RGBA,Scottsbluff,n150,16,14,TP1,256,595,Scottsbluff|n150|16|14,2022-07-08,True
UAV/Scottsbluff/TP1/Scottsbluff-TP1-n150_16_15.PNG,,RGBA,Scottsbluff,n150,16,15,TP1,256,595,Scottsbluff|n150|16|15,2022-07-08,True
UAV/Scottsbluff/TP1/Scottsbluff-TP1-n150_16_16.PNG,,RGBA,Scottsbluff,n150,16,16,TP1,256,596,Scottsbluff|n150|16|16,2022-07-08,True
UAV/Scottsbluff/TP1/Scottsbluff-TP1-n150_16_17.PNG,,RGBA,Scottsbluff,n150,16,17,TP1,256,595,Scottsbluff|n150|16|17,2022-07-08,True
UAV/Scottsbluff/TP1/Scottsbluff-TP1-n150_17_11.PNG,,RGBA,Scottsbluff,n150,17,11,TP1,256,595,Scottsbluff|n150|17|11,2022-07-08,True
UAV/Scottsbluff/TP1/Scottsbluff-TP1-n150_17_12.PNG,,RGBA,Scottsbluff,n150,17,12,TP1,256,595,Scottsbluff|n150|17|12,2022-07-08,True
UAV/Scottsbluff/TP1/Scottsbluff-TP1-n150_17_13.PNG,,RGBA,Scottsbluff,n150,17,13,TP1,256,596,Scottsbluff|n150|17|13,2022-07-08,True
UAV/Scottsbluff/TP1/Scottsbluff-TP1-n150_17_14.PNG,,RGBA,Scottsbluff,n150,17,14,TP1,256,596,Scottsbluff|n150|17|14,2022-07-08,True
UAV/Scottsbluff/TP1/Scottsbluff-TP1-n150_17_15.PNG,,RGBA,Scottsbluff,n150,17,15,TP1,256,596,Scottsbluff|n150|17|15,2022-07-08,True
UAV/Scottsbluff/TP1/Scottsbluff-TP1-n150_17_16.PNG,,RGBA,Scottsbluff,n150,17,16,TP1,256,596,Scottsbluff|n150|17|16,2022-07-08,True
UAV/Scottsbluff/TP1/Scottsbluff-TP1-n150_17_17.PNG,,RGBA,Scottsbluff,n150,17,17,TP1,256,595,Scottsbluff|n150|17|17,2022-07-08,True
UAV/Scottsbluff/TP1/Scottsbluff-TP1-n150_18_11.PNG,,RGBA,Scottsbluff,n150,18,11,TP1,257,596,Scottsbluff|n150|18|11,2022-07-08,True
UAV/Scottsbluff/TP1/Scottsbluff-TP1-n150_18_12.PNG,,RGBA,Scottsbluff,n150,18,12,TP1,257,596,Scottsbluff|n150|18|12,2022-07-08,True
UAV/Scottsbluff/TP1/Scottsbluff-TP1-n150_18_13.PNG,,RGBA,Scottsbluff,n150,18,13,TP1,256,596,Scottsbluff|n150|18|13,2022-07-08,True
UAV/Scottsbluff/TP1/Scottsbluff-TP1-n150_18_14.PNG,,RGBA,Scottsbluff,n150,18,14,TP1,256,595,Scottsbluff|n150|18|14,2022-07-08,True
UAV/Scottsbluff/TP1/Scottsbluff-TP1-n150_18_15.PNG,,RGBA,Scottsbluff,n150,18,15,TP1,256,595,Scottsbluff|n150|18|15,2022-07-08,True
UAV/Scottsbluff/TP1/Scottsbluff-TP1-n150_18_16.PNG,,RGBA,Scottsbluff,n150,18,16,TP1,256,595,Scottsbluff|n150|18|16,2022-07-08,True
UAV/Scottsbluff/TP1/Scottsbluff-TP1-n150_18_17.PNG,,RGBA,Scottsbluff,n150,18,17,TP1,256,595,Scottsbluff|n150|18|17,2022-07-08,True
UAV/Scottsbluff/TP1/Scottsbluff-TP1-n150_19_11.PNG,,RGBA,Scottsbluff,n150,19,11,TP1,256,596,Scottsbluff|n150|19|11,2022-07-08,True
UAV/Scottsbluff/TP1/Scottsbluff-TP1-n150_19_12.PNG,,RGBA,Scottsbluff,n150,19,12,TP1,257,595,Scottsbluff|n150|19|12,2022-07-08,True
UAV/Scottsbluff/TP1/Scottsbluff-TP1-n150_19_13.PNG,,RGBA,Scottsbluff,n150,19,13,TP1,256,595,Scottsbluff|n150|19|13,2022-07-08,True
UAV/Scottsbluff/TP1/Scottsbluff-TP1-n150_19_14.PNG,,RGBA,Scottsbluff,n150,19,14,TP1,256,595,Scottsbluff|n150|19|14,2022-07-08,True
UAV/Scottsbluff/TP1/Scottsbluff-TP1-n150_19_15.PNG,,RGBA,Scottsbluff,n150,19,15,TP1,256,595,Scottsbluff|n150|19|15,2022-07-08,True
UAV/Scottsbluff/TP1/Scottsbluff-TP1-n150_19_16.PNG,,RGBA,Scottsbluff,n150,19,16,TP1,256,595,Scottsbluff|n150|19|16,2022-07-08,True
UAV/Scottsbluff/TP1/Scottsbluff-TP1-n150_19_17.PNG,,RGBA,Scottsbluff,n150,19,17,TP1,256,595,Scottsbluff|n150|19|17,2022-07-08,True
UAV/Scottsbluff/TP1/Scottsbluff-TP1-n150_20_11.PNG,,RGBA,Scottsbluff,n150,20,11,TP1,257,595,Scottsbluff|n150|20|11,2022-07-08,True
UAV/Scottsbluff/TP1/Scottsbluff-TP1-n150_20_12.PNG,,RGBA,Scottsbluff,n150,20,12,TP1,257,595,Scottsbluff|n150|20|12,2022-07-08,True
UAV/Scottsbluff/TP1/Scottsbluff-TP1-n150_20_13.PNG,,RGBA,Scottsbluff,n150,20,13,TP1,257,596,Scottsbluff|n150|20|13,2022-07-08,True
UAV/Scottsbluff/TP1/Scottsbluff-TP1-n150_20_14.PNG,,RGBA,Scottsbluff,n150,20,14,TP1,256,596,Scottsbluff|n150|20|14,2022-07-08,True
UAV/Scottsbluff/TP1/Scottsbluff-TP1-n150_20_15.PNG,,RGBA,Scottsbluff,n150,20,15,TP1,257,595,Scottsbluff|n150|20|15,2022-07-08,True
UAV/Scottsbluff/TP1/Scottsbluff-TP1-n150_20_16.PNG,,RGBA,Scottsbluff,n150,20,16,TP1,256,595,Scottsbluff|n150|20|16,2022-07-08,True
UAV/Scottsbluff/TP1/Scottsbluff-TP1-n150_20_17.PNG,,RGBA,Scottsbluff,n150,20,17,TP1,256,595,Scottsbluff|n150|20|17,2022-07-08,True
UAV/Scottsbluff/TP1/Scottsbluff-TP1-n150_21_11.PNG,,RGBA,Scottsbluff,n150,21,11,TP1,257,596,Scottsbluff|n150|21|11,2022-07-08,True
UAV/Scottsbluff/TP1/Scottsbluff-TP1-n150_21_12.PNG,,RGBA,Scottsbluff,n150,21,12,TP1,256,595,Scottsbluff|n150|21|12,2022-07-08,True
UAV/Scottsbluff/TP1/Scottsbluff-TP1-n150_21_13.PNG,,RGBA,Scottsbluff,n150,21,13,TP1,257,595,Scottsbluff|n150|21|13,2022-07-08,True
UAV/Scottsbluff/TP1/Scottsbluff-TP1-n150_21_14.PNG,,RGBA,Scottsbluff,n150,21,14,TP1,256,595,Scottsbluff|n150|21|14,2022-07-08,True
UAV/Scottsbluff/TP1/Scottsbluff-TP1-n150_21_15.PNG,,RGBA,Scottsbluff,n150,21,15,TP1,257,595,Scottsbluff|n150|21|15,2022-07-08,True
UAV/Scottsbluff/TP1/Scottsbluff-TP1-n150_21_16.PNG,,RGBA,Scottsbluff,n150,21,16,TP1,256,595,Scottsbluff|n150|21|16,2022-07-08,True
UAV/Scottsbluff/TP1/Scottsbluff-TP1-n150_21_17.PNG,,RGBA,Scottsbluff,n150,21,17,TP1,256,595,Scottsbluff|n150|21|17,2022-07-08,True
UAV/Scottsbluff/TP1/Scottsbluff-TP1-n150_22_11.PNG,,RGBA,Scottsbluff,n150,22,11,TP1,257,595,Scottsbluff|n150|22|11,2022-07-08,True
UAV/Scottsbluff/TP1/Scottsbluff-TP1-n150_22_12.PNG,,RGBA,Scottsbluff,n150,22,12,TP1,257,595,Scottsbluff|n150|22|12,2022-07-08,True
UAV/Scottsbluff/TP1/Scottsbluff-TP1-n150_22_13.PNG,,RGBA,Scottsbluff,n150,22,13,TP1,257,596,Scottsbluff|n150|22|13,2022-07-08,True
UAV/Scottsbluff/TP1/Scottsbluff-TP1-n150_22_14.PNG,,RGBA,Scottsbluff,n150,22,14,TP1,256,595,Scottsbluff|n150|22|14,2022-07-08,True
UAV/Scottsbluff/TP1/Scottsbluff-TP1-n150_22_15.PNG,,RGBA,Scottsbluff,n150,22,15,TP1,257,595,Scottsbluff|n150|22|15,2022-07-08,True
UAV/Scottsbluff/TP1/Scottsbluff-TP1-n150_22_16.PNG,,RGBA,Scottsbluff,n150,22,16,TP1,257,595,Scottsbluff|n150|22|16,2022-07-08,True
UAV/Scottsbluff/TP1/Scottsbluff-TP1-n150_22_17.PNG,,RGBA,Scottsbluff,n150,22,17,TP1,256,595,Scottsbluff|n150|22|17,2022-07-08,True
UAV/Scottsbluff/TP1/Scottsbluff-TP1-n150_23_11.PNG,,RGBA,Scottsbluff,n150,23,11,TP1,257,595,Scottsbluff|n150|23|11,2022-07-08,True
UAV/Scottsbluff/TP1/Scottsbluff-TP1-n150_23_12.PNG,,RGBA,Scottsbluff,n150,23,12,TP1,257,595,Scottsbluff|n150|23|12,2022-07-08,True
UAV/Scottsbluff/TP1/Scottsbluff-TP1-n150_23_13.PNG,,RGBA,Scottsbluff,n150,23,13,TP1,257,595,Scottsbluff|n150|23|13,2022-07-08,True
UAV/Scottsbluff/TP1/Scottsbluff-TP1-n150_23_14.PNG,,RGBA,Scottsbluff,n150,23,14,TP1,256,595,Scottsbluff|n150|23|14,2022-07-08,True
UAV/Scottsbluff/TP1/Scottsbluff-TP1-n150_23_15.PNG,,RGBA,Scottsbluff,n150,23,15,TP1,256,595,Scottsbluff|n150|23|15,2022-07-08,True
UAV/Scottsbluff/TP1/Scottsbluff-TP1-n150_23_16.PNG,,RGBA,Scottsbluff,n150,23,16,TP1,257,595,Scottsbluff|n150|23|16,2022-07-08,True
UAV/Scottsbluff/TP1/Scottsbluff-TP1-n150_23_17.PNG,,RGBA,Scottsbluff,n150,23,17,TP1,256,594,Scottsbluff|n150|23|17,2022-07-08,False
UAV/Scottsbluff/TP1/Scottsbluff-TP1-n150_24_11.PNG,,RGBA,Scottsbluff,n150,24,11,TP1,257,595,Scottsbluff|n150|24|11,2022-07-08,True
UAV/Scottsbluff/TP1/Scottsbluff-TP1-n150_24_12.PNG,,RGBA,Scottsbluff,n150,24,12,TP1,257,595,Scottsbluff|n150|24|12,2022-07-08,True
UAV/Scottsbluff/TP1/Scottsbluff-TP1-n150_24_13.PNG,,RGBA,Scottsbluff,n150,24,13,TP1,257,595,Scottsbluff|n150|24|13,2022-07-08,True
UAV/Scottsbluff/TP1/Scottsbluff-TP1-n150_24_14.PNG,,RGBA,Scottsbluff,n150,24,14,TP1,257,595,Scottsbluff|n150|24|14,2022-07-08,True
UAV/Scottsbluff/TP1/Scottsbluff-TP1-n150_24_15.PNG,,RGBA,Scottsbluff,n150,24,15,TP1,256,594,Scottsbluff|n150|24|15,2022-07-08,True
UAV/Scottsbluff/TP1/Scottsbluff-TP1-n150_24_16.PNG,,RGBA,Scottsbluff,n150,24,16,TP1,257,595,Scottsbluff|n150|24|16,2022-07-08,True
UAV/Scottsbluff/TP1/Scottsbluff-TP1-n150_24_17.PNG,,RGBA,Scottsbluff,n150,24,17,TP1,257,594,Scottsbluff|n150|24|17,2022-07-08,False
UAV/Scottsbluff/TP1/Scottsbluff-TP1-n150_25_11.PNG,,RGBA,Scottsbluff,n150,25,11,TP1,257,595,Scottsbluff|n150|25|11,2022-07-08,True
UAV/Scottsbluff/TP1/Scottsbluff-TP1-n150_25_12.PNG,,RGBA,Scottsbluff,n150,25,12,TP1,257,595,Scottsbluff|n150|25|12,2022-07-08,True
UAV/Scottsbluff/TP1/Scottsbluff-TP1-n150_25_13.PNG,,RGBA,Scottsbluff,n150,25,13,TP1,257,595,Scottsbluff|n150|25|13,2022-07-08,True
UAV/Scottsbluff/TP1/Scottsbluff-TP1-n150_25_14.PNG,,RGBA,Scottsbluff,n150,25,14,TP1,257,595,Scottsbluff|n150|25|14,2022-07-08,True
UAV/Scottsbluff/TP1/Scottsbluff-TP1-n150_25_15.PNG,,RGBA,Scottsbluff,n150,25,15,TP1,256,595,Scottsbluff|n150|25|15,2022-07-08,True
UAV/Scottsbluff/TP1/Scottsbluff-TP1-n150_25_16.PNG,,RGBA,Scottsbluff,n150,25,16,TP1,256,595,Scottsbluff|n150|25|16,2022-07-08,True
UAV/Scottsbluff/TP1/Scottsbluff-TP1-n150_25_17.PNG,,RGBA,Scottsbluff,n150,25,17,TP1,256,594,Scottsbluff|n150|25|17,2022-07-08,False
UAV/Scottsbluff/TP1/Scottsbluff-TP1-n150_26_11.PNG,,RGBA,Scottsbluff,n150,26,11,TP1,258,595,Scottsbluff|n150|26|11,2022-07-08,True
UAV/Scottsbluff/TP1/Scottsbluff-TP1-n150_26_12.PNG,,RGBA,Scottsbluff,n150,26,12,TP1,257,595,Scottsbluff|n150|26|12,2022-07-08,True
UAV/Scottsbluff/TP1/Scottsbluff-TP1-n150_26_13.PNG,,RGBA,Scottsbluff,n150,26,13,TP1,257,595,Scottsbluff|n150|26|13,2022-07-08,True
UAV/Scottsbluff/TP1/Scottsbluff-TP1-n150_26_14.PNG,,RGBA,Scottsbluff,n150,26,14,TP1,257,594,Scottsbluff|n150|26|14,2022-07-08,True
UAV/Scottsbluff/TP1/Scottsbluff-TP1-n150_26_15.PNG,,RGBA,Scottsbluff,n150,26,15,TP1,257,595,Scottsbluff|n150|26|15,2022-07-08,True
UAV/Scottsbluff/TP1/Scottsbluff-TP1-n150_26_16.PNG,,RGBA,Scottsbluff,n150,26,16,TP1,257,594,Scottsbluff|n150|26|16,2022-07-08,True
UAV/Scottsbluff/TP1/Scottsbluff-TP1-n150_26_17.PNG,,RGBA,Scottsbluff,n150,26,17,TP1,257,594,Scottsbluff|n150|26|17,2022-07-08,False
UAV/Scottsbluff/TP1/Scottsbluff-TP1-n150_27_11.PNG,,RGBA,Scottsbluff,n150,27,11,TP1,258,595,Scottsbluff|n150|27|11,2022-07-08,True
UAV/Scottsbluff/TP1/Scottsbluff-TP1-n150_27_12.PNG,,RGBA,Scottsbluff,n150,27,12,TP1,258,594,Scottsbluff|n150|27|12,2022-07-08,True
UAV/Scottsbluff/TP1/Scottsbluff-TP1-n150_27_13.PNG,,RGBA,Scottsbluff,n150,27,13,TP1,258,595,Scottsbluff|n150|27|13,2022-07-08,True
UAV/Scottsbluff/TP1/Scottsbluff-TP1-n150_27_14.PNG,,RGBA,Scottsbluff,n150,27,14,TP1,257,595,Scottsbluff|n150|27|14,2022-07-08,True
UAV/Scottsbluff/TP1/Scottsbluff-TP1-n150_27_15.PNG,,RGBA,Scottsbluff,n150,27,15,TP1,257,595,Scottsbluff|n150|27|15,2022-07-08,True
UAV/Scottsbluff/TP1/Scottsbluff-TP1-n150_27_16.PNG,,RGBA,Scottsbluff,n150,27,16,TP1,257,594,Scottsbluff|n150|27|16,2022-07-08,True
UAV/Scottsbluff/TP1/Scottsbluff-TP1-n150_27_17.PNG,,RGBA,Scottsbluff,n150,27,17,TP1,257,594,Scottsbluff|n150|27|17,2022-07-08,False
UAV/Scottsbluff/TP1/Scottsbluff-TP1-n150_3_11.PNG,,RGBA,Scottsbluff,n150,3,11,TP1,255,596,Scottsbluff|n150|3|11,2022-07-08,True
UAV/Scottsbluff/TP1/Scottsbluff-TP1-n150_3_12.PNG,,RGBA,Scottsbluff,n150,3,12,TP1,255,597,Scottsbluff|n150|3|12,2022-07-08,True
UAV/Scottsbluff/TP1/Scottsbluff-TP1-n150_3_13.PNG,,RGBA,Scottsbluff,n150,3,13,TP1,254,597,Scottsbluff|n150|3|13,2022-07-08,True
UAV/Scottsbluff/TP1/Scottsbluff-TP1-n150_3_14.PNG,,RGBA,Scottsbluff,n150,3,14,TP1,255,596,Scottsbluff|n150|3|14,2022-07-08,True
UAV/Scottsbluff/TP1/Scottsbluff-TP1-n150_3_15.PNG,,RGBA,Scottsbluff,n150,3,15,TP1,255,597,Scottsbluff|n150|3|15,2022-07-08,True
UAV/Scottsbluff/TP1/Scottsbluff-TP1-n150_3_16.PNG,,RGBA,Scottsbluff,n150,3,16,TP1,254,597,Scottsbluff|n150|3|16,2022-07-08,True
UAV/Scottsbluff/TP1/Scottsbluff-TP1-n150_3_17.PNG,,RGBA,Scottsbluff,n150,3,17,TP1,254,596,Scottsbluff|n150|3|17,2022-07-08,True
UAV/Scottsbluff/TP1/Scottsbluff-TP1-n150_4_11.PNG,,RGBA,Scottsbluff,n150,4,11,TP1,255,597,Scottsbluff|n150|4|11,2022-07-08,True
UAV/Scottsbluff/TP1/Scottsbluff-TP1-n150_4_12.PNG,,RGBA,Scottsbluff,n150,4,12,TP1,255,597,Scottsbluff|n150|4|12,2022-07-08,True
UAV/Scottsbluff/TP1/Scottsbluff-TP1-n150_4_13.PNG,,RGBA,Scottsbluff,n150,4,13,TP1,254,596,Scottsbluff|n150|4|13,2022-07-08,True
UAV/Scottsbluff/TP1/Scottsbluff-TP1-n150_4_14.PNG,,RGBA,Scottsbluff,n150,4,14,TP1,255,597,Scottsbluff|n150|4|14,2022-07-08,True
UAV/Scottsbluff/TP1/Scottsbluff-TP1-n150_4_15.PNG,,RGBA,Scottsbluff,n150,4,15,TP1,255,597,Scottsbluff|n150|4|15,2022-07-08,True
UAV/Scottsbluff/TP1/Scottsbluff-TP1-n150_4_16.PNG,,RGBA,Scottsbluff,n150,4,16,TP1,255,596,Scottsbluff|n150|4|16,2022-07-08,True
UAV/Scottsbluff/TP1/Scottsbluff-TP1-n150_4_17.PNG,,RGBA,Scottsbluff,n150,4,17,TP1,254,596,Scottsbluff|n150|4|17,2022-07-08,True
UAV/Scottsbluff/TP1/Scottsbluff-TP1-n150_5_11.PNG,,RGBA,Scottsbluff,n150,5,11,TP1,255,597,Scottsbluff|n150|5|11,2022-07-08,True
UAV/Scottsbluff/TP1/Scottsbluff-TP1-n150_5_12.PNG,,RGBA,Scottsbluff,n150,5,12,TP1,255,597,Scottsbluff|n150|5|12,2022-07-08,True
UAV/Scottsbluff/TP1/Scottsbluff-TP1-n150_5_13.PNG,,RGBA,Scottsbluff,n150,5,13,TP1,255,597,Scottsbluff|n150|5|13,2022-07-08,True
UAV/Scottsbluff/TP1/Scottsbluff-TP1-n150_5_14.PNG,,RGBA,Scottsbluff,n150,5,14,TP1,255,597,Scottsbluff|n150|5|14,2022-07-08,True
UAV/Scottsbluff/TP1/Scottsbluff-TP1-n150_5_15.PNG,,RGBA,Scottsbluff,n150,5,15,TP1,255,596,Scottsbluff|n150|5|15,2022-07-08,True
UAV/Scottsbluff/TP1/Scottsbluff-TP1-n150_5_16.PNG,,RGBA,Scottsbluff,n150,5,16,TP1,255,596,Scottsbluff|n150|5|16,2022-07-08,True
UAV/Scottsbluff/TP1/Scottsbluff-TP1-n150_5_17.PNG,,RGBA,Scottsbluff,n150,5,17,TP1,255,596,Scottsbluff|n150|5|17,2022-07-08,True
UAV/Scottsbluff/TP1/Scottsbluff-TP1-n150_6_11.PNG,,RGBA,Scottsbluff,n150,6,11,TP1,256,596,Scottsbluff|n150|6|11,2022-07-08,True
UAV/Scottsbluff/TP1/Scottsbluff-TP1-n150_6_12.PNG,,RGBA,Scottsbluff,n150,6,12,TP1,255,596,Scottsbluff|n150|6|12,2022-07-08,True
UAV/Scottsbluff/TP1/Scottsbluff-TP1-n150_6_13.PNG,,RGBA,Scottsbluff,n150,6,13,TP1,255,596,Scottsbluff|n150|6|13,2022-07-08,True
UAV/Scottsbluff/TP1/Scottsbluff-TP1-n150_6_14.PNG,,RGBA,Scottsbluff,n150,6,14,TP1,255,596,Scottsbluff|n150|6|14,2022-07-08,True
UAV/Scottsbluff/TP1/Scottsbluff-TP1-n150_6_15.PNG,,RGBA,Scottsbluff,n150,6,15,TP1,255,596,Scottsbluff|n150|6|15,2022-07-08,True
UAV/Scottsbluff/TP1/Scottsbluff-TP1-n150_6_16.PNG,,RGBA,Scottsbluff,n150,6,16,TP1,255,596,Scottsbluff|n150|6|16,2022-07-08,True
UAV/Scottsbluff/TP1/Scottsbluff-TP1-n150_6_17.PNG,,RGBA,Scottsbluff,n150,6,17,TP1,255,596,Scottsbluff|n150|6|17,2022-07-08,True
UAV/Scottsbluff/TP1/Scottsbluff-TP1-n150_7_11.PNG,,RGBA,Scottsbluff,n150,7,11,TP1,255,597,Scottsbluff|n150|7|11,2022-07-08,True
UAV/Scottsbluff/TP1/Scottsbluff-TP1-n150_7_12.PNG,,RGBA,Scottsbluff,n150,7,12,TP1,255,597,Scottsbluff|n150|7|12,2022-07-08,True
UAV/Scottsbluff/TP1/Scottsbluff-TP1-n150_7_13.PNG,,RGBA,Scottsbluff,n150,7,13,TP1,255,597,Scottsbluff|n150|7|13,2022-07-08,True
UAV/Scottsbluff/TP1/Scottsbluff-TP1-n150_7_14.PNG,,RGBA,Scottsbluff,n150,7,14,TP1,255,596,Scottsbluff|n150|7|14,2022-07-08,True
UAV/Scottsbluff/TP1/Scottsbluff-TP1-n150_7_15.PNG,,RGBA,Scottsbluff,n150,7,15,TP1,255,596,Scottsbluff|n150|7|15,2022-07-08,True
UAV/Scottsbluff/TP1/Scottsbluff-TP1-n150_7_16.PNG,,RGBA,Scottsbluff,n150,7,16,TP1,254,596,Scottsbluff|n150|7|16,2022-07-08,True
UAV/Scottsbluff/TP1/Scottsbluff-TP1-n150_7_17.PNG,,RGBA,Scottsbluff,n150,7,17,TP1,254,596,Scottsbluff|n150|7|17,2022-07-08,True
UAV/Scottsbluff/TP1/Scottsbluff-TP1-n150_8_11.PNG,,RGBA,Scottsbluff,n150,8,11,TP1,255,596,Scottsbluff|n150|8|11,2022-07-08,True
UAV/Scottsbluff/TP1/Scottsbluff-TP1-n150_8_12.PNG,,RGBA,Scottsbluff,n150,8,12,TP1,255,596,Scottsbluff|n150|8|12,2022-07-08,True
UAV/Scottsbluff/TP1/Scottsbluff-TP1-n150_8_13.PNG,,RGBA,Scottsbluff,n150,8,13,TP1,255,596,Scottsbluff|n150|8|13,2022-07-08,True
UAV/Scottsbluff/TP1/Scottsbluff-TP1-n150_8_14.PNG,,RGBA,Scottsbluff,n150,8,14,TP1,255,596,Scottsbluff|n150|8|14,2022-07-08,True
UAV/Scottsbluff/TP1/Scottsbluff-TP1-n150_8_15.PNG,,RGBA,Scottsbluff,n150,8,15,TP1,255,597,Scottsbluff|n150|8|15,2022-07-08,True
UAV/Scottsbluff/TP1/Scottsbluff-TP1-n150_8_16.PNG,,RGBA,Scottsbluff,n150,8,16,TP1,255,596,Scottsbluff|n150|8|16,2022-07-08,True
UAV/Scottsbluff/TP1/Scottsbluff-TP1-n150_8_17.PNG,,RGBA,Scottsbluff,n150,8,17,TP1,255,596,Scottsbluff|n150|8|17,2022-07-08,True
UAV/Scottsbluff/TP1/Scottsbluff-TP1-n150_9_11.PNG,,RGBA,Scottsbluff,n150,9,11,TP1,256,597,Scottsbluff|n150|9|11,2022-07-08,True
UAV/Scottsbluff/TP1/Scottsbluff-TP1-n150_9_12.PNG,,RGBA,Scottsbluff,n150,9,12,TP1,255,597,Scottsbluff|n150|9|12,2022-07-08,True
UAV/Scottsbluff/TP1/Scottsbluff-TP1-n150_9_13.PNG,,RGBA,Scottsbluff,n150,9,13,TP1,255,596,Scottsbluff|n150|9|13,2022-07-08,True
UAV/Scottsbluff/TP1/Scottsbluff-TP1-n150_9_14.PNG,,RGBA,Scottsbluff,n150,9,14,TP1,256,596,Scottsbluff|n150|9|14,2022-07-08,True
UAV/Scottsbluff/TP1/Scottsbluff-TP1-n150_9_15.PNG,,RGBA,Scottsbluff,n150,9,15,TP1,255,596,Scottsbluff|n150|9|15,2022-07-08,True
UAV/Scottsbluff/TP1/Scottsbluff-TP1-n150_9_16.PNG,,RGBA,Scottsbluff,n150,9,16,TP1,255,596,Scottsbluff|n150|9|16,2022-07-08,True
UAV/Scottsbluff/TP1/Scottsbluff-TP1-n150_9_17.PNG,,RGBA,Scottsbluff,n150,9,17,TP1,255,596,Scottsbluff|n150|9|17,2022-07-08,True
UAV/Scottsbluff/TP1/Scottsbluff-TP1-n225_10_20.PNG,,RGBA,Scottsbluff,n225,10,20,TP1,254,598,Scottsbluff|n225|10|20,2022-07-08,True
UAV/Scottsbluff/TP1/Scottsbluff-TP1-n225_10_21.PNG,,RGBA,Scottsbluff,n225,10,21,TP1,254,597,Scottsbluff|n225|10|21,2022-07-08,True
UAV/Scottsbluff/TP1/Scottsbluff-TP1-n225_10_22.PNG,,RGBA,Scottsbluff,n225,10,22,TP1,254,597,Scottsbluff|n225|10|22,2022-07-08,True
UAV/Scottsbluff/TP1/Scottsbluff-TP1-n225_10_23.PNG,,RGBA,Scottsbluff,n225,10,23,TP1,253,597,Scottsbluff|n225|10|23,2022-07-08,True
UAV/Scottsbluff/TP1/Scottsbluff-TP1-n225_10_24.PNG,,RGBA,Scottsbluff,n225,10,24,TP1,254,597,Scottsbluff|n225|10|24,2022-07-08,True
UAV/Scottsbluff/TP1/Scottsbluff-TP1-n225_10_25.PNG,,RGBA,Scottsbluff,n225,10,25,TP1,253,596,Scottsbluff|n225|10|25,2022-07-08,True
UAV/Scottsbluff/TP1/Scottsbluff-TP1-n225_10_26.PNG,,RGBA,Scottsbluff,n225,10,26,TP1,254,596,Scottsbluff|n225|10|26,2022-07-08,True
UAV/Scottsbluff/TP1/Scottsbluff-TP1-n225_11_20.PNG,,RGBA,Scottsbluff,n225,11,20,TP1,254,597,Scottsbluff|n225|11|20,2022-07-08,True
UAV/Scottsbluff/TP1/Scottsbluff-TP1-n225_11_21.PNG,,RGBA,Scottsbluff,n225,11,21,TP1,254,597,Scottsbluff|n225|11|21,2022-07-08,True
UAV/Scottsbluff/TP1/Scottsbluff-TP1-n225_11_22.PNG,,RGBA,Scottsbluff,n225,11,22,TP1,254,597,Scottsbluff|n225|11|22,2022-07-08,True
UAV/Scottsbluff/TP1/Scottsbluff-TP1-n225_11_23.PNG,,RGBA,Scottsbluff,n225,11,23,TP1,254,597,Scottsbluff|n225|11|23,2022-07-08,True
UAV/Scottsbluff/TP1/Scottsbluff-TP1-n225_11_24.PNG,,RGBA,Scottsbluff,n225,11,24,TP1,254,596,Scottsbluff|n225|11|24,2022-07-08,True
UAV/Scottsbluff/TP1/Scottsbluff-TP1-n225_11_25.PNG,,RGBA,Scottsbluff,n225,11,25,TP1,254,596,Scottsbluff|n225|11|25,2022-07-08,True
UAV/Scottsbluff/TP1/Scottsbluff-TP1-n225_11_26.PNG,,RGBA,Scottsbluff,n225,11,26,TP1,254,596,Scottsbluff|n225|11|26,2022-07-08,True
UAV/Scottsbluff/TP1/Scottsbluff-TP1-n225_12_20.PNG,,RGBA,Scottsbluff,n225,12,20,TP1,254,597,Scottsbluff|n225|12|20,2022-07-08,True
UAV/Scottsbluff/TP1/Scottsbluff-TP1-n225_12_21.PNG,,RGBA,Scottsbluff,n225,12,21,TP1,254,597,Scottsbluff|n225|12|21,2022-07-08,True
UAV/Scottsbluff/TP1/Scottsbluff-TP1-n225_12_22.PNG,,RGBA,Scottsbluff,n225,12,22,TP1,253,596,Scottsbluff|n225|12|22,2022-07-08,True
UAV/Scottsbluff/TP1/Scottsbluff-TP1-n225_12_23.PNG,,RGBA,Scottsbluff,n225,12,23,TP1,254,597,Scottsbluff|n225|12|23,2022-07-08,True
UAV/Scottsbluff/TP1/Scottsbluff-TP1-n225_12_24.PNG,,RGBA,Scottsbluff,n225,12,24,TP1,253,596,Scottsbluff|n225|12|24,2022-07-08,True
UAV/Scottsbluff/TP1/Scottsbluff-TP1-n225_12_25.PNG,,RGBA,Scottsbluff,n225,12,25,TP1,254,596,Scottsbluff|n225|12|25,2022-07-08,True
UAV/Scottsbluff/TP1/Scottsbluff-TP1-n225_12_26.PNG,,RGBA,Scottsbluff,n225,12,26,TP1,254,595,Scottsbluff|n225|12|26,2022-07-08,True
UAV/Scottsbluff/TP1/Scottsbluff-TP1-n225_13_20.PNG,,RGBA,Scottsbluff,n225,13,20,TP1,254,597,Scottsbluff|n225|13|20,2022-07-08,True
UAV/Scottsbluff/TP1/Scottsbluff-TP1-n225_13_21.PNG,,RGBA,Scottsbluff,n225,13,21,TP1,254,596,Scottsbluff|n225|13|21,2022-07-08,True
UAV/Scottsbluff/TP1/Scottsbluff-TP1-n225_13_22.PNG,,RGBA,Scottsbluff,n225,13,22,TP1,254,596,Scottsbluff|n225|13|22,2022-07-08,True
UAV/Scottsbluff/TP1/Scottsbluff-TP1-n225_13_23.PNG,,RGBA,Scottsbluff,n225,13,23,TP1,254,596,Scottsbluff|n225|13|23,2022-07-08,True
UAV/Scottsbluff/TP1/Scottsbluff-TP1-n225_13_24.PNG,,RGBA,Scottsbluff,n225,13,24,TP1,254,595,Scottsbluff|n225|13|24,2022-07-08,True
UAV/Scottsbluff/TP1/Scottsbluff-TP1-n225_13_25.PNG,,RGBA,Scottsbluff,n225,13,25,TP1,254,596,Scottsbluff|n225|13|25,2022-07-08,True
UAV/Scottsbluff/TP1/Scottsbluff-TP1-n225_13_26.PNG,,RGBA,Scottsbluff,n225,13,26,TP1,253,596,Scottsbluff|n225|13|26,2022-07-08,True
UAV/Scottsbluff/TP1/Scottsbluff-TP1-n225_14_20.PNG,,RGBA,Scottsbluff,n225,14,20,TP1,254,597,Scottsbluff|n225|14|20,2022-07-08,True
UAV/Scottsbluff/TP1/Scottsbluff-TP1-n225_14_21.PNG,,RGBA,Scottsbluff,n225,14,21,TP1,254,597,Scottsbluff|n225|14|21,2022-07-08,True
UAV/Scottsbluff/TP1/Scottsbluff-TP1-n225_14_22.PNG,,RGBA,Scottsbluff,n225,14,22,TP1,254,596,Scottsbluff|n225|14|22,2022-07-08,True
UAV/Scottsbluff/TP1/Scottsbluff-TP1-n225_14_23.PNG,,RGBA,Scottsbluff,n225,14,23,TP1,253,596,Scottsbluff|n225|14|23,2022-07-08,True
UAV/Scottsbluff/TP1/Scottsbluff-TP1-n225_14_24.PNG,,RGBA,Scottsbluff,n225,14,24,TP1,254,596,Scottsbluff|n225|14|24,2022-07-08,True
UAV/Scottsbluff/TP1/Scottsbluff-TP1-n225_14_25.PNG,,RGBA,Scottsbluff,n225,14,25,TP1,254,596,Scottsbluff|n225|14|25,2022-07-08,True
UAV/Scottsbluff/TP1/Scottsbluff-TP1-n225_14_26.PNG,,RGBA,Scottsbluff,n225,14,26,TP1,254,595,Scottsbluff|n225|14|26,2022-07-08,True
UAV/Scottsbluff/TP1/Scottsbluff-TP1-n225_15_20.PNG,,RGBA,Scottsbluff,n225,15,20,TP1,254,596,Scottsbluff|n225|15|20,2022-07-08,True
UAV/Scottsbluff/TP1/Scottsbluff-TP1-n225_15_21.PNG,,RGBA,Scottsbluff,n225,15,21,TP1,254,596,Scottsbluff|n225|15|21,2022-07-08,True
UAV/Scottsbluff/TP1/Scottsbluff-TP1-n225_15_22.PNG,,RGBA,Scottsbluff,n225,15,22,TP1,254,595,Scottsbluff|n225|15|22,2022-07-08,True
UAV/Scottsbluff/TP1/Scottsbluff-TP1-n225_15_23.PNG,,RGBA,Scottsbluff,n225,15,23,TP1,254,596,Scottsbluff|n225|15|23,2022-07-08,True
UAV/Scottsbluff/TP1/Scottsbluff-TP1-n225_15_24.PNG,,RGBA,Scottsbluff,n225,15,24,TP1,254,596,Scottsbluff|n225|15|24,2022-07-08,True
UAV/Scottsbluff/TP1/Scottsbluff-TP1-n225_15_25.PNG,,RGBA,Scottsbluff,n225,15,25,TP1,253,595,Scottsbluff|n225|15|25,2022-07-08,True
UAV/Scottsbluff/TP1/Scottsbluff-TP1-n225_15_26.PNG,,RGBA,Scottsbluff,n225,15,26,TP1,254,595,Scottsbluff|n225|15|26,2022-07-08,True
UAV/Scottsbluff/TP1/Scottsbluff-TP1-n225_16_20.PNG,,RGBA,Scottsbluff,n225,16,20,TP1,254,596,Scottsbluff|n225|16|20,2022-07-08,True
UAV/Scottsbluff/TP1/Scottsbluff-TP1-n225_16_21.PNG,,RGBA,Scottsbluff,n225,16,21,TP1,254,596,Scottsbluff|n225|16|21,2022-07-08,True
UAV/Scottsbluff/TP1/Scottsbluff-TP1-n225_16_22.PNG,,RGBA,Scottsbluff,n225,16,22,TP1,254,596,Scottsbluff|n225|16|22,2022-07-08,True
UAV/Scottsbluff/TP1/Scottsbluff-TP1-n225_16_23.PNG,,RGBA,Scottsbluff,n225,16,23,TP1,254,596,Scottsbluff|n225|16|23,2022-07-08,True
UAV/Scottsbluff/TP1/Scottsbluff-TP1-n225_16_24.PNG,,RGBA,Scottsbluff,n225,16,24,TP1,254,595,Scottsbluff|n225|16|24,2022-07-08,True
UAV/Scottsbluff/TP1/Scottsbluff-TP1-n225_16_25.PNG,,RGBA,Scottsbluff,n225,16,25,TP1,254,595,Scottsbluff|n225|16|25,2022-07-08,True
UAV/Scottsbluff/TP1/Scottsbluff-TP1-n225_16_26.PNG,,RGBA,Scottsbluff,n225,16,26,TP1,254,595,Scottsbluff|n225|16|26,2022-07-08,True
UAV/Scottsbluff/TP1/Scottsbluff-TP1-n225_17_20.PNG,,RGBA,Scottsbluff,n225,17,20,TP1,254,596,Scottsbluff|n225|17|20,2022-07-08,True
UAV/Scottsbluff/TP1/Scottsbluff-TP1-n225_17_21.PNG,,RGBA,Scottsbluff,n225,17,21,TP1,254,595,Scottsbluff|n225|17|21,2022-07-08,True
UAV/Scottsbluff/TP1/Scottsbluff-TP1-n225_17_22.PNG,,RGBA,Scottsbluff,n225,17,22,TP1,254,596,Scottsbluff|n225|17|22,2022-07-08,True
UAV/Scottsbluff/TP1/Scottsbluff-TP1-n225_17_23.PNG,,RGBA,Scottsbluff,n225,17,23,TP1,254,595,Scottsbluff|n225|17|23,2022-07-08,True
UAV/Scottsbluff/TP1/Scottsbluff-TP1-n225_17_24.PNG,,RGBA,Scottsbluff,n225,17,24,TP1,254,595,Scottsbluff|n225|17|24,2022-07-08,True
UAV/Scottsbluff/TP1/Scottsbluff-TP1-n225_17_25.PNG,,RGBA,Scottsbluff,n225,17,25,TP1,254,595,Scottsbluff|n225|17|25,2022-07-08,True
UAV/Scottsbluff/TP1/Scottsbluff-TP1-n225_17_26.PNG,,RGBA,Scottsbluff,n225,17,26,TP1,254,594,Scottsbluff|n225|17|26,2022-07-08,True
UAV/Scottsbluff/TP1/Scottsbluff-TP1-n225_18_20.PNG,,RGBA,Scottsbluff,n225,18,20,TP1,254,596,Scottsbluff|n225|18|20,2022-07-08,True
UAV/Scottsbluff/TP1/Scottsbluff-TP1-n225_18_21.PNG,,RGBA,Scottsbluff,n225,18,21,TP1,254,596,Scottsbluff|n225|18|21,2022-07-08,True
UAV/Scottsbluff/TP1/Scottsbluff-TP1-n225_18_22.PNG,,RGBA,Scottsbluff,n225,18,22,TP1,254,596,Scottsbluff|n225|18|22,2022-07-08,True
UAV/Scottsbluff/TP1/Scottsbluff-TP1-n225_18_23.PNG,,RGBA,Scottsbluff,n225,18,23,TP1,254,595,Scottsbluff|n225|18|23,2022-07-08,True
UAV/Scottsbluff/TP1/Scottsbluff-TP1-n225_18_24.PNG,,RGBA,Scottsbluff,n225,18,24,TP1,254,595,Scottsbluff|n225|18|24,2022-07-08,True
UAV/Scottsbluff/TP1/Scottsbluff-TP1-n225_18_25.PNG,,RGBA,Scottsbluff,n225,18,25,TP1,254,594,Scottsbluff|n225|18|25,2022-07-08,True
UAV/Scottsbluff/TP1/Scottsbluff-TP1-n225_18_26.PNG,,RGBA,Scottsbluff,n225,18,26,TP1,253,594,Scottsbluff|n225|18|26,2022-07-08,True
UAV/Scottsbluff/TP1/Scottsbluff-TP1-n225_19_20.PNG,,RGBA,Scottsbluff,n225,19,20,TP1,254,595,Scottsbluff|n225|19|20,2022-07-08,True
UAV/Scottsbluff/TP1/Scottsbluff-TP1-n225_19_21.PNG,,RGBA,Scottsbluff,n225,19,21,TP1,254,595,Scottsbluff|n225|19|21,2022-07-08,True
UAV/Scottsbluff/TP1/Scottsbluff-TP1-n225_19_22.PNG,,RGBA,Scottsbluff,n225,19,22,TP1,254,595,Scottsbluff|n225|19|22,2022-07-08,True
UAV/Scottsbluff/TP1/Scottsbluff-TP1-n225_19_23.PNG,,RGBA,Scottsbluff,n225,19,23,TP1,254,594,Scottsbluff|n225|19|23,2022-07-08,True
UAV/Scottsbluff/TP1/Scottsbluff-TP1-n225_19_24.PNG,,RGBA,Scottsbluff,n225,19,24,TP1,254,594,Scottsbluff|n225|19|24,2022-07-08,True
UAV/Scottsbluff/TP1/Scottsbluff-TP1-n225_19_25.PNG,,RGBA,Scottsbluff,n225,19,25,TP1,254,594,Scottsbluff|n225|19|25,2022-07-08,True
UAV/Scottsbluff/TP1/Scottsbluff-TP1-n225_19_26.PNG,,RGBA,Scottsbluff,n225,19,26,TP1,254,595,Scottsbluff|n225|19|26,2022-07-08,True
UAV/Scottsbluff/TP1/Scottsbluff-TP1-n225_20_20.PNG,,RGBA,Scottsbluff,n225,20,20,TP1,254,595,Scottsbluff|n225|20|20,2022-07-08,True
UAV/Scottsbluff/TP1/Scottsbluff-TP1-n225_20_21.PNG,,RGBA,Scottsbluff,n225,20,21,TP1,254,595,Scottsbluff|n225|20|21,2022-07-08,True
UAV/Scottsbluff/TP1/Scottsbluff-TP1-n225_20_22.PNG,,RGBA,Scottsbluff,n225,20,22,TP1,254,595,Scottsbluff|n225|20|22,2022-07-08,True
UAV/Scottsbluff/TP1/Scottsbluff-TP1-n225_20_23.PNG,,RGBA,Scottsbluff,n225,20,23,TP1,254,594,Scottsbluff|n225|20|23,2022-07-08,True
UAV/Scottsbluff/TP1/Scottsbluff-TP1-n225_20_24.PNG,,RGBA,Scottsbluff,n225,20,24,TP1,254,595,Scottsbluff|n225|20|24,2022-07-08,True
UAV/Scottsbluff/TP1/Scottsbluff-TP1-n225_20_25.PNG,,RGBA,Scottsbluff,n225,20,25,TP1,254,594,Scottsbluff|n225|20|25,2022-07-08,True
UAV/Scottsbluff/TP1/Scottsbluff-TP1-n225_20_26.PNG,,RGBA,Scottsbluff,n225,20,26,TP1,254,594,Scottsbluff|n225|20|26,2022-07-08,True
UAV/Scottsbluff/TP1/Scottsbluff-TP1-n225_21_20.PNG,,RGBA,Scottsbluff,n225,21,20,TP1,254,595,Scottsbluff|n225|21|20,2022-07-08,True
UAV/Scottsbluff/TP1/Scottsbluff-TP1-n225_21_21.PNG,,RGBA,Scottsbluff,n225,21,21,TP1,254,595,Scottsbluff|n225|21|21,2022-07-08,True
UAV/Scottsbluff/TP1/Scottsbluff-TP1-n225_21_22.PNG,,RGBA,Scottsbluff,n225,21,22,TP1,254,595,Scottsbluff|n225|21|22,2022-07-08,True
UAV/Scottsbluff/TP1/Scottsbluff-TP1-n225_21_23.PNG,,RGBA,Scottsbluff,n225,21,23,TP1,255,594,Scottsbluff|n225|21|23,2022-07-08,True
UAV/Scottsbluff/TP1/Scottsbluff-TP1-n225_21_24.PNG,,RGBA,Scottsbluff,n225,21,24,TP1,254,594,Scottsbluff|n225|21|24,2022-07-08,True
UAV/Scottsbluff/TP1/Scottsbluff-TP1-n225_21_25.PNG,,RGBA,Scottsbluff,n225,21,25,TP1,254,594,Scottsbluff|n225|21|25,2022-07-08,True
UAV/Scottsbluff/TP1/Scottsbluff-TP1-n225_21_26.PNG,,RGBA,Scottsbluff,n225,21,26,TP1,254,594,Scottsbluff|n225|21|26,2022-07-08,True
UAV/Scottsbluff/TP1/Scottsbluff-TP1-n225_22_20.PNG,,RGBA,Scottsbluff,n225,22,20,TP1,254,595,Scottsbluff|n225|22|20,2022-07-08,True
UAV/Scottsbluff/TP1/Scottsbluff-TP1-n225_22_21.PNG,,RGBA,Scottsbluff,n225,22,21,TP1,254,595,Scottsbluff|n225|22|21,2022-07-08,True
UAV/Scottsbluff/TP1/Scottsbluff-TP1-n225_22_22.PNG,,RGBA,Scottsbluff,n225,22,22,TP1,254,594,Scottsbluff|n225|22|22,2022-07-08,True
UAV/Scottsbluff/TP1/Scottsbluff-TP1-n225_22_23.PNG,,RGBA,Scottsbluff,n225,22,23,TP1,254,594,Scottsbluff|n225|22|23,2022-07-08,True
UAV/Scottsbluff/TP1/Scottsbluff-TP1-n225_22_24.PNG,,RGBA,Scottsbluff,n225,22,24,TP1,254,594,Scottsbluff|n225|22|24,2022-07-08,True
UAV/Scottsbluff/TP1/Scottsbluff-TP1-n225_22_25.PNG,,RGBA,Scottsbluff,n225,22,25,TP1,254,594,Scottsbluff|n225|22|25,2022-07-08,True
UAV/Scottsbluff/TP1/Scottsbluff-TP1-n225_22_26.PNG,,RGBA,Scottsbluff,n225,22,26,TP1,254,593,Scottsbluff|n225|22|26,2022-07-08,True
UAV/Scottsbluff/TP1/Scottsbluff-TP1-n225_23_20.PNG,,RGBA,Scottsbluff,n225,23,20,TP1,255,594,Scottsbluff|n225|23|20,2022-07-08,True
UAV/Scottsbluff/TP1/Scottsbluff-TP1-n225_23_21.PNG,,RGBA,Scottsbluff,n225,23,21,TP1,254,594,Scottsbluff|n225|23|21,2022-07-08,True
UAV/Scottsbluff/TP1/Scottsbluff-TP1-n225_23_22.PNG,,RGBA,Scottsbluff,n225,23,22,TP1,254,594,Scottsbluff|n225|23|22,2022-07-08,True
UAV/Scottsbluff/TP1/Scottsbluff-TP1-n225_23_23.PNG,,RGBA,Scottsbluff,n225,23,23,TP1,254,594,Scottsbluff|n225|23|23,2022-07-08,True
UAV/Scottsbluff/TP1/Scottsbluff-TP1-n225_23_24.PNG,,RGBA,Scottsbluff,n225,23,24,TP1,254,594,Scottsbluff|n225|23|24,2022-07-08,True
UAV/Scottsbluff/TP1/Scottsbluff-TP1-n225_23_25.PNG,,RGBA,Scottsbluff,n225,23,25,TP1,254,593,Scottsbluff|n225|23|25,2022-07-08,True
UAV/Scottsbluff/TP1/Scottsbluff-TP1-n225_23_26.PNG,,RGBA,Scottsbluff,n225,23,26,TP1,254,593,Scottsbluff|n225|23|26,2022-07-08,False
UAV/Scottsbluff/TP1/Scottsbluff-TP1-n225_24_20.PNG,,RGBA,Scottsbluff,n225,24,20,TP1,254,594,Scottsbluff|n225|24|20,2022-07-08,True
UAV/Scottsbluff/TP1/Scottsbluff-TP1-n225_24_21.PNG,,RGBA,Scottsbluff,n225,24,21,TP1,254,594,Scottsbluff|n225|24|21,2022-07-08,True
UAV/Scottsbluff/TP1/Scottsbluff-TP1-n225_24_22.PNG,,RGBA,Scottsbluff,n225,24,22,TP1,254,594,Scottsbluff|n225|24|22,2022-07-08,True
UAV/Scottsbluff/TP1/Scottsbluff-TP1-n225_24_23.PNG,,RGBA,Scottsbluff,n225,24,23,TP1,254,594,Scottsbluff|n225|24|23,2022-07-08,True
UAV/Scottsbluff/TP1/Scottsbluff-TP1-n225_24_24.PNG,,RGBA,Scottsbluff,n225,24,24,TP1,255,593,Scottsbluff|n225|24|24,2022-07-08,True
UAV/Scottsbluff/TP1/Scottsbluff-TP1-n225_24_25.PNG,,RGBA,Scottsbluff,n225,24,25,TP1,254,593,Scottsbluff|n225|24|25,2022-07-08,True
UAV/Scottsbluff/TP1/Scottsbluff-TP1-n225_24_26.PNG,,RGBA,Scottsbluff,n225,24,26,TP1,254,593,Scottsbluff|n225|24|26,2022-07-08,False
UAV/Scottsbluff/TP1/Scottsbluff-TP1-n225_25_20.PNG,,RGBA,Scottsbluff,n225,25,20,TP1,254,594,Scottsbluff|n225|25|20,2022-07-08,True
UAV/Scottsbluff/TP1/Scottsbluff-TP1-n225_25_21.PNG,,RGBA,Scottsbluff,n225,25,21,TP1,254,594,Scottsbluff|n225|25|21,2022-07-08,True
UAV/Scottsbluff/TP1/Scottsbluff-TP1-n225_25_22.PNG,,RGBA,Scottsbluff,n225,25,22,TP1,255,594,Scottsbluff|n225|25|22,2022-07-08,True
UAV/Scottsbluff/TP1/Scottsbluff-TP1-n225_25_23.PNG,,RGBA,Scottsbluff,n225,25,23,TP1,254,593,Scottsbluff|n225|25|23,2022-07-08,True
UAV/Scottsbluff/TP1/Scottsbluff-TP1-n225_25_24.PNG,,RGBA,Scottsbluff,n225,25,24,TP1,254,593,Scottsbluff|n225|25|24,2022-07-08,True
UAV/Scottsbluff/TP1/Scottsbluff-TP1-n225_25_25.PNG,,RGBA,Scottsbluff,n225,25,25,TP1,254,593,Scottsbluff|n225|25|25,2022-07-08,True
UAV/Scottsbluff/TP1/Scottsbluff-TP1-n225_25_26.PNG,,RGBA,Scottsbluff,n225,25,26,TP1,254,592,Scottsbluff|n225|25|26,2022-07-08,False
UAV/Scottsbluff/TP1/Scottsbluff-TP1-n225_26_20.PNG,,RGBA,Scottsbluff,n225,26,20,TP1,255,594,Scottsbluff|n225|26|20,2022-07-08,True
UAV/Scottsbluff/TP1/Scottsbluff-TP1-n225_26_21.PNG,,RGBA,Scottsbluff,n225,26,21,TP1,254,594,Scottsbluff|n225|26|21,2022-07-08,True
UAV/Scottsbluff/TP1/Scottsbluff-TP1-n225_26_22.PNG,,RGBA,Scottsbluff,n225,26,22,TP1,254,593,Scottsbluff|n225|26|22,2022-07-08,True
UAV/Scottsbluff/TP1/Scottsbluff-TP1-n225_26_23.PNG,,RGBA,Scottsbluff,n225,26,23,TP1,254,593,Scottsbluff|n225|26|23,2022-07-08,True
UAV/Scottsbluff/TP1/Scottsbluff-TP1-n225_26_24.PNG,,RGBA,Scottsbluff,n225,26,24,TP1,254,593,Scottsbluff|n225|26|24,2022-07-08,True
UAV/Scottsbluff/TP1/Scottsbluff-TP1-n225_26_25.PNG,,RGBA,Scottsbluff,n225,26,25,TP1,254,593,Scottsbluff|n225|26|25,2022-07-08,True
UAV/Scottsbluff/TP1/Scottsbluff-TP1-n225_26_26.PNG,,RGBA,Scottsbluff,n225,26,26,TP1,254,593,Scottsbluff|n225|26|26,2022-07-08,False
UAV/Scottsbluff/TP1/Scottsbluff-TP1-n225_27_20.PNG,,RGBA,Scottsbluff,n225,27,20,TP1,254,594,Scottsbluff|n225|27|20,2022-07-08,True
UAV/Scottsbluff/TP1/Scottsbluff-TP1-n225_27_21.PNG,,RGBA,Scottsbluff,n225,27,21,TP1,254,593,Scottsbluff|n225|27|21,2022-07-08,True
UAV/Scottsbluff/TP1/Scottsbluff-TP1-n225_27_22.PNG,,RGBA,Scottsbluff,n225,27,22,TP1,254,593,Scottsbluff|n225|27|22,2022-07-08,True
UAV/Scottsbluff/TP1/Scottsbluff-TP1-n225_27_23.PNG,,RGBA,Scottsbluff,n225,27,23,TP1,254,593,Scottsbluff|n225|27|23,2022-07-08,True
UAV/Scottsbluff/TP1/Scottsbluff-TP1-n225_27_24.PNG,,RGBA,Scottsbluff,n225,27,24,TP1,254,593,Scottsbluff|n225|27|24,2022-07-08,True
UAV/Scottsbluff/TP1/Scottsbluff-TP1-n225_27_25.PNG,,RGBA,Scottsbluff,n225,27,25,TP1,254,593,Scottsbluff|n225|27|25,2022-07-08,True
UAV/Scottsbluff/TP1/Scottsbluff-TP1-n225_27_26.PNG,,RGBA,Scottsbluff,n225,27,26,TP1,254,592,Scottsbluff|n225|27|26,2022-07-08,False
UAV/Scottsbluff/TP1/Scottsbluff-TP1-n225_3_20.PNG,,RGBA,Scottsbluff,n225,3,20,TP1,254,599,Scottsbluff|n225|3|20,2022-07-08,True
UAV/Scottsbluff/TP1/Scottsbluff-TP1-n225_3_21.PNG,,RGBA,Scottsbluff,n225,3,21,TP1,254,598,Scottsbluff|n225|3|21,2022-07-08,True
UAV/Scottsbluff/TP1/Scottsbluff-TP1-n225_3_22.PNG,,RGBA,Scottsbluff,n225,3,22,TP1,254,599,Scottsbluff|n225|3|22,2022-07-08,True
UAV/Scottsbluff/TP1/Scottsbluff-TP1-n225_3_23.PNG,,RGBA,Scottsbluff,n225,3,23,TP1,253,598,Scottsbluff|n225|3|23,2022-07-08,True
UAV/Scottsbluff/TP1/Scottsbluff-TP1-n225_3_24.PNG,,RGBA,Scottsbluff,n225,3,24,TP1,254,598,Scottsbluff|n225|3|24,2022-07-08,True
UAV/Scottsbluff/TP1/Scottsbluff-TP1-n225_3_25.PNG,,RGBA,Scottsbluff,n225,3,25,TP1,254,598,Scottsbluff|n225|3|25,2022-07-08,True
UAV/Scottsbluff/TP1/Scottsbluff-TP1-n225_3_26.PNG,,RGBA,Scottsbluff,n225,3,26,TP1,253,598,Scottsbluff|n225|3|26,2022-07-08,True
UAV/Scottsbluff/TP1/Scottsbluff-TP1-n225_4_20.PNG,,RGBA,Scottsbluff,n225,4,20,TP1,254,599,Scottsbluff|n225|4|20,2022-07-08,True
UAV/Scottsbluff/TP1/Scottsbluff-TP1-n225_4_21.PNG,,RGBA,Scottsbluff,n225,4,21,TP1,253,599,Scottsbluff|n225|4|21,2022-07-08,True
UAV/Scottsbluff/TP1/Scottsbluff-TP1-n225_4_22.PNG,,RGBA,Scottsbluff,n225,4,22,TP1,254,599,Scottsbluff|n225|4|22,2022-07-08,True
UAV/Scottsbluff/TP1/Scottsbluff-TP1-n225_4_23.PNG,,RGBA,Scottsbluff,n225,4,23,TP1,254,598,Scottsbluff|n225|4|23,2022-07-08,True
UAV/Scottsbluff/TP1/Scottsbluff-TP1-n225_4_24.PNG,,RGBA,Scottsbluff,n225,4,24,TP1,253,598,Scottsbluff|n225|4|24,2022-07-08,True
UAV/Scottsbluff/TP1/Scottsbluff-TP1-n225_4_25.PNG,,RGBA,Scottsbluff,n225,4,25,TP1,254,598,Scottsbluff|n225|4|25,2022-07-08,True
UAV/Scottsbluff/TP1/Scottsbluff-TP1-n225_4_26.PNG,,RGBA,Scottsbluff,n225,4,26,TP1,254,597,Scottsbluff|n225|4|26,2022-07-08,True
UAV/Scottsbluff/TP1/Scottsbluff-TP1-n225_5_20.PNG,,RGBA,Scottsbluff,n225,5,20,TP1,254,599,Scottsbluff|n225|5|20,2022-07-08,True
UAV/Scottsbluff/TP1/Scottsbluff-TP1-n225_5_21.PNG,,RGBA,Scottsbluff,n225,5,21,TP1,254,598,Scottsbluff|n225|5|21,2022-07-08,True
UAV/Scottsbluff/TP1/Scottsbluff-TP1-n225_5_22.PNG,,RGBA,Scottsbluff,n225,5,22,TP1,253,598,Scottsbluff|n225|5|22,2022-07-08,True
UAV/Scottsbluff/TP1/Scottsbluff-TP1-n225_5_23.PNG,,RGBA,Scottsbluff,n225,5,23,TP1,254,598,Scottsbluff|n225|5|23,2022-07-08,True
UAV/Scottsbluff/TP1/Scottsbluff-TP1-n225_5_24.PNG,,RGBA,Scottsbluff,n225,5,24,TP1,253,598,Scottsbluff|n225|5|24,2022-07-08,True
UAV/Scottsbluff/TP1/Scottsbluff-TP1-n225_5_25.PNG,,RGBA,Scottsbluff,n225,5,25,TP1,253,598,Scottsbluff|n225|5|25,2022-07-08,True
UAV/Scottsbluff/TP1/Scottsbluff-TP1-n225_5_26.PNG,,RGBA,Scottsbluff,n225,5,26,TP1,254,597,Scottsbluff|n225|5|26,2022-07-08,True
UAV/Scottsbluff/TP1/Scottsbluff-TP1-n225_6_20.PNG,,RGBA,Scottsbluff,n225,6,20,TP1,253,599,Scottsbluff|n225|6|20,2022-07-08,True
UAV/Scottsbluff/TP1/Scottsbluff-TP1-n225_6_21.PNG,,RGBA,Scottsbluff,n225,6,21,TP1,254,598,Scottsbluff|n225|6|21,2022-07-08,True
UAV/Scottsbluff/TP1/Scottsbluff-TP1-n225_6_22.PNG,,RGBA,Scottsbluff,n225,6,22,TP1,253,598,Scottsbluff|n225|6|22,2022-07-08,True
UAV/Scottsbluff/TP1/Scottsbluff-TP1-n225_6_23.PNG,,RGBA,Scottsbluff,n225,6,23,TP1,254,598,Scottsbluff|n225|6|23,2022-07-08,True
UAV/Scottsbluff/TP1/Scottsbluff-TP1-n225_6_24.PNG,,RGBA,Scottsbluff,n225,6,24,TP1,254,597,Scottsbluff|n225|6|24,2022-07-08,True
UAV/Scottsbluff/TP1/Scottsbluff-TP1-n225_6_25.PNG,,RGBA,Scottsbluff,n225,6,25,TP1,253,597,Scottsbluff|n225|6|25,2022-07-08,True
UAV/Scottsbluff/TP1/Scottsbluff-TP1-n225_6_26.PNG,,RGBA,Scottsbluff,n225,6,26,TP1,254,597,Scottsbluff|n225|6|26,2022-07-08,True
UAV/Scottsbluff/TP1/Scottsbluff-TP1-n225_7_20.PNG,,RGBA,Scottsbluff,n225,7,20,TP1,254,598,Scottsbluff|n225|7|20,2022-07-08,True
UAV/Scottsbluff/TP1/Scottsbluff-TP1-n225_7_21.PNG,,RGBA,Scottsbluff,n225,7,21,TP1,254,598,Scottsbluff|n225|7|21,2022-07-08,True
UAV/Scottsbluff/TP1/Scottsbluff-TP1-n225_7_22.PNG,,RGBA,Scottsbluff,n225,7,22,TP1,254,598,Scottsbluff|n225|7|22,2022-07-08,True
UAV/Scottsbluff/TP1/Scottsbluff-TP1-n225_7_23.PNG,,RGBA,Scottsbluff,n225,7,23,TP1,253,597,Scottsbluff|n225|7|23,2022-07-08,True
UAV/Scottsbluff/TP1/Scottsbluff-TP1-n225_7_24.PNG,,RGBA,Scottsbluff,n225,7,24,TP1,254,597,Scottsbluff|n225|7|24,2022-07-08,True
UAV/Scottsbluff/TP1/Scottsbluff-TP1-n225_7_25.PNG,,RGBA,Scottsbluff,n225,7,25,TP1,254,597,Scottsbluff|n225|7|25,2022-07-08,True
UAV/Scottsbluff/TP1/Scottsbluff-TP1-n225_7_26.PNG,,RGBA,Scottsbluff,n225,7,26,TP1,253,597,Scottsbluff|n225|7|26,2022-07-08,True
UAV/Scottsbluff/TP1/Scottsbluff-TP1-n225_8_20.PNG,,RGBA,Scottsbluff,n225,8,20,TP1,254,598,Scottsbluff|n225|8|20,2022-07-08,True
UAV/Scottsbluff/TP1/Scottsbluff-TP1-n225_8_21.PNG,,RGBA,Scottsbluff,n225,8,21,TP1,254,598,Scottsbluff|n225|8|21,2022-07-08,True
UAV/Scottsbluff/TP1/Scottsbluff-TP1-n225_8_22.PNG,,RGBA,Scottsbluff,n225,8,22,TP1,254,597,Scottsbluff|n225|8|22,2022-07-08,True
UAV/Scottsbluff/TP1/Scottsbluff-TP1-n225_8_23.PNG,,RGBA,Scottsbluff,n225,8,23,TP1,254,597,Scottsbluff|n225|8|23,2022-07-08,True
UAV/Scottsbluff/TP1/Scottsbluff-TP1-n225_8_24.PNG,,RGBA,Scottsbluff,n225,8,24,TP1,253,597,Scottsbluff|n225|8|24,2022-07-08,True
UAV/Scottsbluff/TP1/Scottsbluff-TP1-n225_8_25.PNG,,RGBA,Scottsbluff,n225,8,25,TP1,254,597,Scottsbluff|n225|8|25,2022-07-08,True
UAV/Scottsbluff/TP1/Scottsbluff-TP1-n225_8_26.PNG,,RGBA,Scottsbluff,n225,8,26,TP1,253,597,Scottsbluff|n225|8|26,2022-07-08,True
UAV/Scottsbluff/TP1/Scottsbluff-TP1-n225_9_20.PNG,,RGBA,Scottsbluff,n225,9,20,TP1,253,598,Scottsbluff|n225|9|20,2022-07-08,True
UAV/Scottsbluff/TP1/Scottsbluff-TP1-n225_9_21.PNG,,RGBA,Scottsbluff,n225,9,21,TP1,254,597,Scottsbluff|n225|9|21,2022-07-08,True
UAV/Scottsbluff/TP1/Scottsbluff-TP1-n225_9_22.PNG,,RGBA,Scottsbluff,n225,9,22,TP1,253,597,Scottsbluff|n225|9|22,2022-07-08,True
UAV/Scottsbluff/TP1/Scottsbluff-TP1-n225_9_23.PNG,,RGBA,Scottsbluff,n225,9,23,TP1,254,597,Scottsbluff|n225|9|23,2022-07-08,True
UAV/Scottsbluff/TP1/Scottsbluff-TP1-n225_9_24.PNG,,RGBA,Scottsbluff,n225,9,24,TP1,254,597,Scottsbluff|n225|9|24,2022-07-08,True
UAV/Scottsbluff/TP1/Scottsbluff-TP1-n225_9_25.PNG,,RGBA,Scottsbluff,n225,9,25,TP1,254,597,Scottsbluff|n225|9|25,2022-07-08,True
UAV/Scottsbluff/TP1/Scottsbluff-TP1-n225_9_26.PNG,,RGBA,Scottsbluff,n225,9,26,TP1,254,596,Scottsbluff|n225|9|26,2022-07-08,True
UAV/Scottsbluff/TP1/Scottsbluff-TP1-n75_10_1.PNG,,RGBA,Scottsbluff,n75,10,1,TP1,257,596,Scottsbluff|n75|10|1,2022-07-08,True
UAV/Scottsbluff/TP1/Scottsbluff-TP1-n75_10_2.PNG,,RGBA,Scottsbluff,n75,10,2,TP1,257,596,Scottsbluff|n75|10|2,2022-07-08,True
UAV/Scottsbluff/TP1/Scottsbluff-TP1-n75_10_3.PNG,,RGBA,Scottsbluff,n75,10,3,TP1,257,596,Scottsbluff|n75|10|3,2022-07-08,True
UAV/Scottsbluff/TP1/Scottsbluff-TP1-n75_10_4.PNG,,RGBA,Scottsbluff,n75,10,4,TP1,256,596,Scottsbluff|n75|10|4,2022-07-08,True
UAV/Scottsbluff/TP1/Scottsbluff-TP1-n75_10_5.PNG,,RGBA,Scottsbluff,n75,10,5,TP1,256,596,Scottsbluff|n75|10|5,2022-07-08,True
UAV/Scottsbluff/TP1/Scottsbluff-TP1-n75_10_6.PNG,,RGBA,Scottsbluff,n75,10,6,TP1,256,596,Scottsbluff|n75|10|6,2022-07-08,True
UAV/Scottsbluff/TP1/Scottsbluff-TP1-n75_10_7.PNG,,RGBA,Scottsbluff,n75,10,7,TP1,256,596,Scottsbluff|n75|10|7,2022-07-08,True
UAV/Scottsbluff/TP1/Scottsbluff-TP1-n75_11_1.PNG,,RGBA,Scottsbluff,n75,11,1,TP1,256,596,Scottsbluff|n75|11|1,2022-07-08,True
UAV/Scottsbluff/TP1/Scottsbluff-TP1-n75_11_2.PNG,,RGBA,Scottsbluff,n75,11,2,TP1,256,596,Scottsbluff|n75|11|2,2022-07-08,True
UAV/Scottsbluff/TP1/Scottsbluff-TP1-n75_11_3.PNG,,RGBA,Scottsbluff,n75,11,3,TP1,257,596,Scottsbluff|n75|11|3,2022-07-08,True
UAV/Scottsbluff/TP1/Scottsbluff-TP1-n75_11_4.PNG,,RGBA,Scottsbluff,n75,11,4,TP1,257,596,Scottsbluff|n75|11|4,2022-07-08,True
UAV/Scottsbluff/TP1/Scottsbluff-TP1-n75_11_5.PNG,,RGBA,Scottsbluff,n75,11,5,TP1,257,597,Scottsbluff|n75|11|5,2022-07-08,True
UAV/Scottsbluff/TP1/Scottsbluff-TP1-n75_11_6.PNG,,RGBA,Scottsbluff,n75,11,6,TP1,256,597,Scottsbluff|n75|11|6,2022-07-08,True
UAV/Scottsbluff/TP1/Scottsbluff-TP1-n75_11_7.PNG,,RGBA,Scottsbluff,n75,11,7,TP1,256,597,Scottsbluff|n75|11|7,2022-07-08,True
UAV/Scottsbluff/TP1/Scottsbluff-TP1-n75_12_1.PNG,,RGBA,Scottsbluff,n75,12,1,TP1,256,596,Scottsbluff|n75|12|1,2022-07-08,True
UAV/Scottsbluff/TP1/Scottsbluff-TP1-n75_12_2.PNG,,RGBA,Scottsbluff,n75,12,2,TP1,256,596,Scottsbluff|n75|12|2,2022-07-08,True
UAV/Scottsbluff/TP1/Scottsbluff-TP1-n75_12_3.PNG,,RGBA,Scottsbluff,n75,12,3,TP1,256,596,Scottsbluff|n75|12|3,2022-07-08,True
UAV/Scottsbluff/TP1/Scottsbluff-TP1-n75_12_4.PNG,,RGBA,Scottsbluff,n75,12,4,TP1,256,597,Scottsbluff|n75|12|4,2022-07-08,True
UAV/Scottsbluff/TP1/Scottsbluff-TP1-n75_12_5.PNG,,RGBA,Scottsbluff,n75,12,5,TP1,257,597,Scottsbluff|n75|12|5,2022-07-08,True
UAV/Scottsbluff/TP1/Scottsbluff-TP1-n75_12_6.PNG,,RGBA,Scottsbluff,n75,12,6,TP1,256,596,Scottsbluff|n75|12|6,2022-07-08,True
UAV/Scottsbluff/TP1/Scottsbluff-TP1-n75_12_7.PNG,,RGBA,Scottsbluff,n75,12,7,TP1,256,597,Scottsbluff|n75|12|7,2022-07-08,True
UAV/Scottsbluff/TP1/Scottsbluff-TP1-n75_13_1.PNG,,RGBA,Scottsbluff,n75,13,1,TP1,257,596,Scottsbluff|n75|13|1,2022-07-08,True
UAV/Scottsbluff/TP1/Scottsbluff-TP1-n75_13_2.PNG,,RGBA,Scottsbluff,n75,13,2,TP1,256,596,Scottsbluff|n75|13|2,2022-07-08,True
UAV/Scottsbluff/TP1/Scottsbluff-TP1-n75_13_3.PNG,,RGBA,Scottsbluff,n75,13,3,TP1,256,596,Scottsbluff|n75|13|3,2022-07-08,True
UAV/Scottsbluff/TP1/Scottsbluff-TP1-n75_13_4.PNG,,RGBA,Scottsbluff,n75,13,4,TP1,256,597,Scottsbluff|n75|13|4,2022-07-08,True
UAV/Scottsbluff/TP1/Scottsbluff-TP1-n75_13_5.PNG,,RGBA,Scottsbluff,n75,13,5,TP1,257,596,Scottsbluff|n75|13|5,2022-07-08,True
UAV/Scottsbluff/TP1/Scottsbluff-TP1-n75_13_6.PNG,,RGBA,Scottsbluff,n75,13,6,TP1,257,597,Scottsbluff|n75|13|6,2022-07-08,True
UAV/Scottsbluff/TP1/Scottsbluff-TP1-n75_13_7.PNG,,RGBA,Scottsbluff,n75,13,7,TP1,256,597,Scottsbluff|n75|13|7,2022-07-08,True
UAV/Scottsbluff/TP1/Scottsbluff-TP1-n75_14_1.PNG,,RGBA,Scottsbluff,n75,14,1,TP1,257,596,Scottsbluff|n75|14|1,2022-07-08,True
UAV/Scottsbluff/TP1/Scottsbluff-TP1-n75_14_2.PNG,,RGBA,Scottsbluff,n75,14,2,TP1,257,597,Scottsbluff|n75|14|2,2022-07-08,True
UAV/Scottsbluff/TP1/Scottsbluff-TP1-n75_14_3.PNG,,RGBA,Scottsbluff,n75,14,3,TP1,256,596,Scottsbluff|n75|14|3,2022-07-08,True
UAV/Scottsbluff/TP1/Scottsbluff-TP1-n75_14_4.PNG,,RGBA,Scottsbluff,n75,14,4,TP1,256,597,Scottsbluff|n75|14|4,2022-07-08,True
UAV/Scottsbluff/TP1/Scottsbluff-TP1-n75_14_5.PNG,,RGBA,Scottsbluff,n75,14,5,TP1,256,596,Scottsbluff|n75|14|5,2022-07-08,True
UAV/Scottsbluff/TP1/Scottsbluff-TP1-n75_14_6.PNG,,RGBA,Scottsbluff,n75,14,6,TP1,257,597,Scottsbluff|n75|14|6,2022-07-08,True
UAV/Scottsbluff/TP1/Scottsbluff-TP1-n75_14_7.PNG,,RGBA,Scottsbluff,n75,14,7,TP1,256,597,Scottsbluff|n75|14|7,2022-07-08,True
UAV/Scottsbluff/TP1/Scottsbluff-TP1-n75_15_1.PNG,,RGBA,Scottsbluff,n75,15,1,TP1,256,596,Scottsbluff|n75|15|1,2022-07-08,True
UAV/Scottsbluff/TP1/Scottsbluff-TP1-n75_15_2.PNG,,RGBA,Scottsbluff,n75,15,2,TP1,257,597,Scottsbluff|n75|15|2,2022-07-08,True
UAV/Scottsbluff/TP1/Scottsbluff-TP1-n75_15_3.PNG,,RGBA,Scottsbluff,n75,15,3,TP1,257,596,Scottsbluff|n75|15|3,2022-07-08,True
UAV/Scottsbluff/TP1/Scottsbluff-TP1-n75_15_4.PNG,,RGBA,Scottsbluff,n75,15,4,TP1,256,597,Scottsbluff|n75|15|4,2022-07-08,True
UAV/Scottsbluff/TP1/Scottsbluff-TP1-n75_15_5.PNG,,RGBA,Scottsbluff,n75,15,5,TP1,256,597,Scottsbluff|n75|15|5,2022-07-08,True
UAV/Scottsbluff/TP1/Scottsbluff-TP1-n75_15_6.PNG,,RGBA,Scottsbluff,n75,15,6,TP1,257,597,Scottsbluff|n75|15|6,2022-07-08,True
UAV/Scottsbluff/TP1/Scottsbluff-TP1-n75_15_7.PNG,,RGBA,Scottsbluff,n75,15,7,TP1,256,597,Scottsbluff|n75|15|7,2022-07-08,True
UAV/Scottsbluff/TP1/Scottsbluff-TP1-n75_16_1.PNG,,RGBA,Scottsbluff,n75,16,1,TP1,257,597,Scottsbluff|n75|16|1,2022-07-08,True
UAV/Scottsbluff/TP1/Scottsbluff-TP1-n75_16_2.PNG,,RGBA,Scottsbluff,n75,16,2,TP1,256,597,Scottsbluff|n75|16|2,2022-07-08,True
UAV/Scottsbluff/TP1/Scottsbluff-TP1-n75_16_3.PNG,,RGBA,Scottsbluff,n75,16,3,TP1,257,596,Scottsbluff|n75|16|3,2022-07-08,True
UAV/Scottsbluff/TP1/Scottsbluff-TP1-n75_16_4.PNG,,RGBA,Scottsbluff,n75,16,4,TP1,256,597,Scottsbluff|n75|16|4,2022-07-08,True
UAV/Scottsbluff/TP1/Scottsbluff-TP1-n75_16_5.PNG,,RGBA,Scottsbluff,n75,16,5,TP1,256,597,Scottsbluff|n75|16|5,2022-07-08,True
UAV/Scottsbluff/TP1/Scottsbluff-TP1-n75_16_6.PNG,,RGBA,Scottsbluff,n75,16,6,TP1,257,597,Scottsbluff|n75|16|6,2022-07-08,True
UAV/Scottsbluff/TP1/Scottsbluff-TP1-n75_16_7.PNG,,RGBA,Scottsbluff,n75,16,7,TP1,256,598,Scottsbluff|n75|16|7,2022-07-08,True
UAV/Scottsbluff/TP1/Scottsbluff-TP1-n75_17_1.PNG,,RGBA,Scottsbluff,n75,17,1,TP1,257,597,Scottsbluff|n75|17|1,2022-07-08,True
UAV/Scottsbluff/TP1/Scottsbluff-TP1-n75_17_2.PNG,,RGBA,Scottsbluff,n75,17,2,TP1,256,597,Scottsbluff|n75|17|2,2022-07-08,True
UAV/Scottsbluff/TP1/Scottsbluff-TP1-n75_17_3.PNG,,RGBA,Scottsbluff,n75,17,3,TP1,257,596,Scottsbluff|n75|17|3,2022-07-08,True
UAV/Scottsbluff/TP1/Scottsbluff-TP1-n75_17_4.PNG,,RGBA,Scottsbluff,n75,17,4,TP1,257,597,Scottsbluff|n75|17|4,2022-07-08,True
UAV/Scottsbluff/TP1/Scottsbluff-TP1-n75_17_5.PNG,,RGBA,Scottsbluff,n75,17,5,TP1,256,597,Scottsbluff|n75|17|5,2022-07-08,True
UAV/Scottsbluff/TP1/Scottsbluff-TP1-n75_17_6.PNG,,RGBA,Scottsbluff,n75,17,6,TP1,257,597,Scottsbluff|n75|17|6,2022-07-08,True
UAV/Scottsbluff/TP1/Scottsbluff-TP1-n75_17_7.PNG,,RGBA,Scottsbluff,n75,17,7,TP1,256,597,Scottsbluff|n75|17|7,2022-07-08,True
UAV/Scottsbluff/TP1/Scottsbluff-TP1-n75_18_1.PNG,,RGBA,Scottsbluff,n75,18,1,TP1,257,596,Scottsbluff|n75|18|1,2022-07-08,True
UAV/Scottsbluff/TP1/Scottsbluff-TP1-n75_18_2.PNG,,RGBA,Scottsbluff,n75,18,2,TP1,257,596,Scottsbluff|n75|18|2,2022-07-08,True
UAV/Scottsbluff/TP1/Scottsbluff-TP1-n75_18_3.PNG,,RGBA,Scottsbluff,n75,18,3,TP1,256,597,Scottsbluff|n75|18|3,2022-07-08,True
UAV/Scottsbluff/TP1/Scottsbluff-TP1-n75_18_4.PNG,,RGBA,Scottsbluff,n75,18,4,TP1,257,598,Scottsbluff|n75|18|4,2022-07-08,True
UAV/Scottsbluff/TP1/Scottsbluff-TP1-n75_18_5.PNG,,RGBA,Scottsbluff,n75,18,5,TP1,256,598,Scottsbluff|n75|18|5,2022-07-08,True
UAV/Scottsbluff/TP1/Scottsbluff-TP1-n75_18_6.PNG,,RGBA,Scottsbluff,n75,18,6,TP1,257,598,Scottsbluff|n75|18|6,2022-07-08,True
UAV/Scottsbluff/TP1/Scottsbluff-TP1-n75_18_7.PNG,,RGBA,Scottsbluff,n75,18,7,TP1,256,598,Scottsbluff|n75|18|7,2022-07-08,True
UAV/Scottsbluff/TP1/Scottsbluff-TP1-n75_19_1.PNG,,RGBA,Scottsbluff,n75,19,1,TP1,256,597,Scottsbluff|n75|19|1,2022-07-08,True
UAV/Scottsbluff/TP1/Scottsbluff-TP1-n75_19_2.PNG,,RGBA,Scottsbluff,n75,19,2,TP1,257,597,Scottsbluff|n75|19|2,2022-07-08,True
UAV/Scottsbluff/TP1/Scottsbluff-TP1-n75_19_3.PNG,,RGBA,Scottsbluff,n75,19,3,TP1,256,598,Scottsbluff|n75|19|3,2022-07-08,True
UAV/Scottsbluff/TP1/Scottsbluff-TP1-n75_19_4.PNG,,RGBA,Scottsbluff,n75,19,4,TP1,257,597,Scottsbluff|n75|19|4,2022-07-08,True
UAV/Scottsbluff/TP1/Scottsbluff-TP1-n75_19_5.PNG,,RGBA,Scottsbluff,n75,19,5,TP1,256,597,Scottsbluff|n75|19|5,2022-07-08,True
UAV/Scottsbluff/TP1/Scottsbluff-TP1-n75_19_6.PNG,,RGBA,Scottsbluff,n75,19,6,TP1,257,597,Scottsbluff|n75|19|6,2022-07-08,True
UAV/Scottsbluff/TP1/Scottsbluff-TP1-n75_19_7.PNG,,RGBA,Scottsbluff,n75,19,7,TP1,256,597,Scottsbluff|n75|19|7,2022-07-08,True
UAV/Scottsbluff/TP1/Scottsbluff-TP1-n75_20_1.PNG,,RGBA,Scottsbluff,n75,20,1,TP1,257,597,Scottsbluff|n75|20|1,2022-07-08,True
UAV/Scottsbluff/TP1/Scottsbluff-TP1-n75_20_2.PNG,,RGBA,Scottsbluff,n75,20,2,TP1,257,597,Scottsbluff|n75|20|2,2022-07-08,True
UAV/Scottsbluff/TP1/Scottsbluff-TP1-n75_20_3.PNG,,RGBA,Scottsbluff,n75,20,3,TP1,257,598,Scottsbluff|n75|20|3,2022-07-08,True
UAV/Scottsbluff/TP1/Scottsbluff-TP1-n75_20_4.PNG,,RGBA,Scottsbluff,n75,20,4,TP1,257,597,Scottsbluff|n75|20|4,2022-07-08,True
UAV/Scottsbluff/TP1/Scottsbluff-TP1-n75_20_5.PNG,,RGBA,Scottsbluff,n75,20,5,TP1,256,597,Scottsbluff|n75|20|5,2022-07-08,True
UAV/Scottsbluff/TP1/Scottsbluff-TP1-n75_20_6.PNG,,RGBA,Scottsbluff,n75,20,6,TP1,257,598,Scottsbluff|n75|20|6,2022-07-08,True
UAV/Scottsbluff/TP1/Scottsbluff-TP1-n75_20_7.PNG,,RGBA,Scottsbluff,n75,20,7,TP1,256,598,Scottsbluff|n75|20|7,2022-07-08,True
UAV/Scottsbluff/TP1/Scottsbluff-TP1-n75_21_1.PNG,,RGBA,Scottsbluff,n75,21,1,TP1,257,597,Scottsbluff|n75|21|1,2022-07-08,True
UAV/Scottsbluff/TP1/Scottsbluff-TP1-n75_21_2.PNG,,RGBA,Scottsbluff,n75,21,2,TP1,256,597,Scottsbluff|n75|21|2,2022-07-08,True
UAV/Scottsbluff/TP1/Scottsbluff-TP1-n75_21_3.PNG,,RGBA,Scottsbluff,n75,21,3,TP1,257,598,Scottsbluff|n75|21|3,2022-07-08,True
UAV/Scottsbluff/TP1/Scottsbluff-TP1-n75_21_4.PNG,,RGBA,Scottsbluff,n75,21,4,TP1,257,597,Scottsbluff|n75|21|4,2022-07-08,True
UAV/Scottsbluff/TP1/Scottsbluff-TP1-n75_21_5.PNG,,RGBA,Scottsbluff,n75,21,5,TP1,257,598,Scottsbluff|n75|21|5,2022-07-08,True
UAV/Scottsbluff/TP1/Scottsbluff-TP1-n75_21_6.PNG,,RGBA,Scottsbluff,n75,21,6,TP1,257,598,Scottsbluff|n75|21|6,2022-07-08,True
UAV/Scottsbluff/TP1/Scottsbluff-TP1-n75_21_7.PNG,,RGBA,Scottsbluff,n75,21,7,TP1,256,598,Scottsbluff|n75|21|7,2022-07-08,True
UAV/Scottsbluff/TP1/Scottsbluff-TP1-n75_22_1.PNG,,RGBA,Scottsbluff,n75,22,1,TP1,257,598,Scottsbluff|n75|22|1,2022-07-08,True
UAV/Scottsbluff/TP1/Scottsbluff-TP1-n75_22_2.PNG,,RGBA,Scottsbluff,n75,22,2,TP1,257,597,Scottsbluff|n75|22|2,2022-07-08,True
UAV/Scottsbluff/TP1/Scottsbluff-TP1-n75_22_3.PNG,,RGBA,Scottsbluff,n75,22,3,TP1,257,598,Scottsbluff|n75|22|3,2022-07-08,True
UAV/Scottsbluff/TP1/Scottsbluff-TP1-n75_22_4.PNG,,RGBA,Scottsbluff,n75,22,4,TP1,256,597,Scottsbluff|n75|22|4,2022-07-08,True
UAV/Scottsbluff/TP1/Scottsbluff-TP1-n75_22_5.PNG,,RGBA,Scottsbluff,n75,22,5,TP1,257,598,Scottsbluff|n75|22|5,2022-07-08,True
UAV/Scottsbluff/TP1/Scottsbluff-TP1-n75_22_6.PNG,,RGBA,Scottsbluff,n75,22,6,TP1,257,598,Scottsbluff|n75|22|6,2022-07-08,True
UAV/Scottsbluff/TP1/Scottsbluff-TP1-n75_22_7.PNG,,RGBA,Scottsbluff,n75,22,7,TP1,256,598,Scottsbluff|n75|22|7,2022-07-08,True
UAV/Scottsbluff/TP1/Scottsbluff-TP1-n75_23_1.PNG,,RGBA,Scottsbluff,n75,23,1,TP1,257,597,Scottsbluff|n75|23|1,2022-07-08,True
UAV/Scottsbluff/TP1/Scottsbluff-TP1-n75_23_2.PNG,,RGBA,Scottsbluff,n75,23,2,TP1,257,597,Scottsbluff|n75|23|2,2022-07-08,True
UAV/Scottsbluff/TP1/Scottsbluff-TP1-n75_23_3.PNG,,RGBA,Scottsbluff,n75,23,3,TP1,257,598,Scottsbluff|n75|23|3,2022-07-08,True
UAV/Scottsbluff/TP1/Scottsbluff-TP1-n75_23_4.PNG,,RGBA,Scottsbluff,n75,23,4,TP1,256,597,Scottsbluff|n75|23|4,2022-07-08,False
UAV/Scottsbluff/TP1/Scottsbluff-TP1-n75_23_5.PNG,,RGBA,Scottsbluff,n75,23,5,TP1,257,598,Scottsbluff|n75|23|5,2022-07-08,True
UAV/Scottsbluff/TP1/Scottsbluff-TP1-n75_23_6.PNG,,RGBA,Scottsbluff,n75,23,6,TP1,257,598,Scottsbluff|n75|23|6,2022-07-08,True
UAV/Scottsbluff/TP1/Scottsbluff-TP1-n75_23_7.PNG,,RGBA,Scottsbluff,n75,23,7,TP1,256,598,Scottsbluff|n75|23|7,2022-07-08,False
UAV/Scottsbluff/TP1/Scottsbluff-TP1-n75_24_1.PNG,,RGBA,Scottsbluff,n75,24,1,TP1,257,597,Scottsbluff|n75|24|1,2022-07-08,True
UAV/Scottsbluff/TP1/Scottsbluff-TP1-n75_24_2.PNG,,RGBA,Scottsbluff,n75,24,2,TP1,257,598,Scottsbluff|n75|24|2,2022-07-08,True
UAV/Scottsbluff/TP1/Scottsbluff-TP1-n75_24_3.PNG,,RGBA,Scottsbluff,n75,24,3,TP1,257,598,Scottsbluff|n75|24|3,2022-07-08,True
UAV/Scottsbluff/TP1/Scottsbluff-TP1-n75_24_4.PNG,,RGBA,Scottsbluff,n75,24,4,TP1,257,598,Scottsbluff|n75|24|4,2022-07-08,True
UAV/Scottsbluff/TP1/Scottsbluff-TP1-n75_24_5.PNG,,RGBA,Scottsbluff,n75,24,5,TP1,257,599,Scottsbluff|n75|24|5,2022-07-08,True
UAV/Scottsbluff/TP1/Scottsbluff-TP1-n75_24_6.PNG,,RGBA,Scottsbluff,n75,24,6,TP1,257,598,Scottsbluff|n75|24|6,2022-07-08,True
UAV/Scottsbluff/TP1/Scottsbluff-TP1-n75_24_7.PNG,,RGBA,Scottsbluff,n75,24,7,TP1,257,598,Scottsbluff|n75|24|7,2022-07-08,False
UAV/Scottsbluff/TP1/Scottsbluff-TP1-n75_25_1.PNG,,RGBA,Scottsbluff,n75,25,1,TP1,257,598,Scottsbluff|n75|25|1,2022-07-08,True
UAV/Scottsbluff/TP1/Scottsbluff-TP1-n75_25_2.PNG,,RGBA,Scottsbluff,n75,25,2,TP1,257,598,Scottsbluff|n75|25|2,2022-07-08,True
UAV/Scottsbluff/TP1/Scottsbluff-TP1-n75_25_3.PNG,,RGBA,Scottsbluff,n75,25,3,TP1,257,598,Scottsbluff|n75|25|3,2022-07-08,True
UAV/Scottsbluff/TP1/Scottsbluff-TP1-n75_25_4.PNG,,RGBA,Scottsbluff,n75,25,4,TP1,257,598,Scottsbluff|n75|25|4,2022-07-08,True
UAV/Scottsbluff/TP1/Scottsbluff-TP1-n75_25_5.PNG,,RGBA,Scottsbluff,n75,25,5,TP1,257,598,Scottsbluff|n75|25|5,2022-07-08,True
UAV/Scottsbluff/TP1/Scottsbluff-TP1-n75_25_6.PNG,,RGBA,Scottsbluff,n75,25,6,TP1,257,598,Scottsbluff|n75|25|6,2022-07-08,True
UAV/Scottsbluff/TP1/Scottsbluff-TP1-n75_25_7.PNG,,RGBA,Scottsbluff,n75,25,7,TP1,257,599,Scottsbluff|n75|25|7,2022-07-08,False
UAV/Scottsbluff/TP1/Scottsbluff-TP1-n75_26_1.PNG,,RGBA,Scottsbluff,n75,26,1,TP1,258,598,Scottsbluff|n75|26|1,2022-07-08,True
UAV/Scottsbluff/TP1/Scottsbluff-TP1-n75_26_2.PNG,,RGBA,Scottsbluff,n75,26,2,TP1,257,598,Scottsbluff|n75|26|2,2022-07-08,True
UAV/Scottsbluff/TP1/Scottsbluff-TP1-n75_26_3.PNG,,RGBA,Scottsbluff,n75,26,3,TP1,257,598,Scottsbluff|n75|26|3,2022-07-08,True
UAV/Scottsbluff/TP1/Scottsbluff-TP1-n75_26_4.PNG,,RGBA,Scottsbluff,n75,26,4,TP1,257,598,Scottsbluff|n75|26|4,2022-07-08,True
UAV/Scottsbluff/TP1/Scottsbluff-TP1-n75_26_5.PNG,,RGBA,Scottsbluff,n75,26,5,TP1,257,598,Scottsbluff|n75|26|5,2022-07-08,True
UAV/Scottsbluff/TP1/Scottsbluff-TP1-n75_26_6.PNG,,RGBA,Scottsbluff,n75,26,6,TP1,257,598,Scottsbluff|n75|26|6,2022-07-08,True
UAV/Scottsbluff/TP1/Scottsbluff-TP1-n75_26_7.PNG,,RGBA,Scottsbluff,n75,26,7,TP1,257,598,Scottsbluff|n75|26|7,2022-07-08,False
UAV/Scottsbluff/TP1/Scottsbluff-TP1-n75_27_1.PNG,,RGBA,Scottsbluff,n75,27,1,TP1,257,597,Scottsbluff|n75|27|1,2022-07-08,True
UAV/Scottsbluff/TP1/Scottsbluff-TP1-n75_27_2.PNG,,RGBA,Scottsbluff,n75,27,2,TP1,257,598,Scottsbluff|n75|27|2,2022-07-08,True
UAV/Scottsbluff/TP1/Scottsbluff-TP1-n75_27_3.PNG,,RGBA,Scottsbluff,n75,27,3,TP1,257,598,Scottsbluff|n75|27|3,2022-07-08,True
UAV/Scottsbluff/TP1/Scottsbluff-TP1-n75_27_4.PNG,,RGBA,Scottsbluff,n75,27,4,TP1,257,598,Scottsbluff|n75|27|4,2022-07-08,True
UAV/Scottsbluff/TP1/Scottsbluff-TP1-n75_27_5.PNG,,RGBA,Scottsbluff,n75,27,5,TP1,257,598,Scottsbluff|n75|27|5,2022-07-08,True
UAV/Scottsbluff/TP1/Scottsbluff-TP1-n75_27_6.PNG,,RGBA,Scottsbluff,n75,27,6,TP1,257,599,Scottsbluff|n75|27|6,2022-07-08,True
UAV/Scottsbluff/TP1/Scottsbluff-TP1-n75_27_7.PNG,,RGBA,Scottsbluff,n75,27,7,TP1,257,599,Scottsbluff|n75|27|7,2022-07-08,False
UAV/Scottsbluff/TP1/Scottsbluff-TP1-n75_3_1.PNG,,RGBA,Scottsbluff,n75,3,1,TP1,255,595,Scottsbluff|n75|3|1,2022-07-08,True
UAV/Scottsbluff/TP1/Scottsbluff-TP1-n75_3_2.PNG,,RGBA,Scottsbluff,n75,3,2,TP1,256,595,Scottsbluff|n75|3|2,2022-07-08,True
UAV/Scottsbluff/TP1/Scottsbluff-TP1-n75_3_3.PNG,,RGBA,Scottsbluff,n75,3,3,TP1,256,595,Scottsbluff|n75|3|3,2022-07-08,True
UAV/Scottsbluff/TP1/Scottsbluff-TP1-n75_3_4.PNG,,RGBA,Scottsbluff,n75,3,4,TP1,255,595,Scottsbluff|n75|3|4,2022-07-08,True
UAV/Scottsbluff/TP1/Scottsbluff-TP1-n75_3_5.PNG,,RGBA,Scottsbluff,n75,3,5,TP1,256,595,Scottsbluff|n75|3|5,2022-07-08,True
UAV/Scottsbluff/TP1/Scottsbluff-TP1-n75_3_6.PNG,,RGBA,Scottsbluff,n75,3,6,TP1,256,595,Scottsbluff|n75|3|6,2022-07-08,True
UAV/Scottsbluff/TP1/Scottsbluff-TP1-n75_3_7.PNG,,RGBA,Scottsbluff,n75,3,7,TP1,255,595,Scottsbluff|n75|3|7,2022-07-08,True
UAV/Scottsbluff/TP1/Scottsbluff-TP1-n75_4_1.PNG,,RGBA,Scottsbluff,n75,4,1,TP1,256,595,Scottsbluff|n75|4|1,2022-07-08,True
UAV/Scottsbluff/TP1/Scottsbluff-TP1-n75_4_2.PNG,,RGBA,Scottsbluff,n75,4,2,TP1,256,595,Scottsbluff|n75|4|2,2022-07-08,True
UAV/Scottsbluff/TP1/Scottsbluff-TP1-n75_4_3.PNG,,RGBA,Scottsbluff,n75,4,3,TP1,256,595,Scottsbluff|n75|4|3,2022-07-08,True
UAV/Scottsbluff/TP1/Scottsbluff-TP1-n75_4_4.PNG,,RGBA,Scottsbluff,n75,4,4,TP1,256,595,Scottsbluff|n75|4|4,2022-07-08,True
UAV/Scottsbluff/TP1/Scottsbluff-TP1-n75_4_5.PNG,,RGBA,Scottsbluff,n75,4,5,TP1,256,595,Scottsbluff|n75|4|5,2022-07-08,True
UAV/Scottsbluff/TP1/Scottsbluff-TP1-n75_4_6.PNG,,RGBA,Scottsbluff,n75,4,6,TP1,256,596,Scottsbluff|n75|4|6,2022-07-08,True
UAV/Scottsbluff/TP1/Scottsbluff-TP1-n75_4_7.PNG,,RGBA,Scottsbluff,n75,4,7,TP1,255,596,Scottsbluff|n75|4|7,2022-07-08,True
UAV/Scottsbluff/TP1/Scottsbluff-TP1-n75_5_1.PNG,,RGBA,Scottsbluff,n75,5,1,TP1,256,595,Scottsbluff|n75|5|1,2022-07-08,True
UAV/Scottsbluff/TP1/Scottsbluff-TP1-n75_5_2.PNG,,RGBA,Scottsbluff,n75,5,2,TP1,256,596,Scottsbluff|n75|5|2,2022-07-08,True
UAV/Scottsbluff/TP1/Scottsbluff-TP1-n75_5_3.PNG,,RGBA,Scottsbluff,n75,5,3,TP1,256,595,Scottsbluff|n75|5|3,2022-07-08,True
UAV/Scottsbluff/TP1/Scottsbluff-TP1-n75_5_4.PNG,,RGBA,Scottsbluff,n75,5,4,TP1,256,595,Scottsbluff|n75|5|4,2022-07-08,True
UAV/Scottsbluff/TP1/Scottsbluff-TP1-n75_5_5.PNG,,RGBA,Scottsbluff,n75,5,5,TP1,256,596,Scottsbluff|n75|5|5,2022-07-08,True
UAV/Scottsbluff/TP1/Scottsbluff-TP1-n75_5_6.PNG,,RGBA,Scottsbluff,n75,5,6,TP1,256,596,Scottsbluff|n75|5|6,2022-07-08,True
UAV/Scottsbluff/TP1/Scottsbluff-TP1-n75_5_7.PNG,,RGBA,Scottsbluff,n75,5,7,TP1,255,596,Scottsbluff|n75|5|7,2022-07-08,True
UAV/Scottsbluff/TP1/Scottsbluff-TP1-n75_6_1.PNG,,RGBA,Scottsbluff,n75,6,1,TP1,256,595,Scottsbluff|n75|6|1,2022-07-08,True
UAV/Scottsbluff/TP1/Scottsbluff-TP1-n75_6_2.PNG,,RGBA,Scottsbluff,n75,6,2,TP1,256,595,Scottsbluff|n75|6|2,2022-07-08,True
UAV/Scottsbluff/TP1/Scottsbluff-TP1-n75_6_3.PNG,,RGBA,Scottsbluff,n75,6,3,TP1,256,595,Scottsbluff|n75|6|3,2022-07-08,True
UAV/Scottsbluff/TP1/Scottsbluff-TP1-n75_6_4.PNG,,RGBA,Scottsbluff,n75,6,4,TP1,256,596,Scottsbluff|n75|6|4,2022-07-08,True
UAV/Scottsbluff/TP1/Scottsbluff-TP1-n75_6_5.PNG,,RGBA,Scottsbluff,n75,6,5,TP1,256,596,Scottsbluff|n75|6|5,2022-07-08,True
UAV/Scottsbluff/TP1/Scottsbluff-TP1-n75_6_6.PNG,,RGBA,Scottsbluff,n75,6,6,TP1,256,596,Scottsbluff|n75|6|6,2022-07-08,True
UAV/Scottsbluff/TP1/Scottsbluff-TP1-n75_6_7.PNG,,RGBA,Scottsbluff,n75,6,7,TP1,255,596,Scottsbluff|n75|6|7,2022-07-08,True
UAV/Scottsbluff/TP1/Scottsbluff-TP1-n75_7_1.PNG,,RGBA,Scottsbluff,n75,7,1,TP1,256,596,Scottsbluff|n75|7|1,2022-07-08,True
UAV/Scottsbluff/TP1/Scottsbluff-TP1-n75_7_2.PNG,,RGBA,Scottsbluff,n75,7,2,TP1,256,595,Scottsbluff|n75|7|2,2022-07-08,True
UAV/Scottsbluff/TP1/Scottsbluff-TP1-n75_7_3.PNG,,RGBA,Scottsbluff,n75,7,3,TP1,256,596,Scottsbluff|n75|7|3,2022-07-08,True
UAV/Scottsbluff/TP1/Scottsbluff-TP1-n75_7_4.PNG,,RGBA,Scottsbluff,n75,7,4,TP1,256,596,Scottsbluff|n75|7|4,2022-07-08,True
UAV/Scottsbluff/TP1/Scottsbluff-TP1-n75_7_5.PNG,,RGBA,Scottsbluff,n75,7,5,TP1,256,595,Scottsbluff|n75|7|5,2022-07-08,True
UAV/Scottsbluff/TP1/Scottsbluff-TP1-n75_7_6.PNG,,RGBA,Scottsbluff,n75,7,6,TP1,256,596,Scottsbluff|n75|7|6,2022-07-08,True
UAV/Scottsbluff/TP1/Scottsbluff-TP1-n75_7_7.PNG,,RGBA,Scottsbluff,n75,7,7,TP1,255,596,Scottsbluff|n75|7|7,2022-07-08,True
UAV/Scottsbluff/TP1/Scottsbluff-TP1-n75_8_1.PNG,,RGBA,Scottsbluff,n75,8,1,TP1,256,596,Scottsbluff|n75|8|1,2022-07-08,True
UAV/Scottsbluff/TP1/Scottsbluff-TP1-n75_8_2.PNG,,RGBA,Scottsbluff,n75,8,2,TP1,256,595,Scottsbluff|n75|8|2,2022-07-08,True
UAV/Scottsbluff/TP1/Scottsbluff-TP1-n75_8_3.PNG,,RGBA,Scottsbluff,n75,8,3,TP1,256,596,Scottsbluff|n75|8|3,2022-07-08,True
UAV/Scottsbluff/TP1/Scottsbluff-TP1-n75_8_4.PNG,,RGBA,Scottsbluff,n75,8,4,TP1,256,596,Scottsbluff|n75|8|4,2022-07-08,True
UAV/Scottsbluff/TP1/Scottsbluff-TP1-n75_8_5.PNG,,RGBA,Scottsbluff,n75,8,5,TP1,256,596,Scottsbluff|n75|8|5,2022-07-08,True
UAV/Scottsbluff/TP1/Scottsbluff-TP1-n75_8_6.PNG,,RGBA,Scottsbluff,n75,8,6,TP1,256,596,Scottsbluff|n75|8|6,2022-07-08,True
UAV/Scottsbluff/TP1/Scottsbluff-TP1-n75_8_7.PNG,,RGBA,Scottsbluff,n75,8,7,TP1,256,596,Scottsbluff|n75|8|7,2022-07-08,True
UAV/Scottsbluff/TP1/Scottsbluff-TP1-n75_9_1.PNG,,RGBA,Scottsbluff,n75,9,1,TP1,256,595,Scottsbluff|n75|9|1,2022-07-08,True
UAV/Scottsbluff/TP1/Scottsbluff-TP1-n75_9_2.PNG,,RGBA,Scottsbluff,n75,9,2,TP1,256,595,Scottsbluff|n75|9|2,2022-07-08,True
UAV/Scottsbluff/TP1/Scottsbluff-TP1-n75_9_3.PNG,,RGBA,Scottsbluff,n75,9,3,TP1,256,596,Scottsbluff|n75|9|3,2022-07-08,True
UAV/Scottsbluff/TP1/Scottsbluff-TP1-n75_9_4.PNG,,RGBA,Scottsbluff,n75,9,4,TP1,256,596,Scottsbluff|n75|9|4,2022-07-08,True
UAV/Scottsbluff/TP1/Scottsbluff-TP1-n75_9_5.PNG,,RGBA,Scottsbluff,n75,9,5,TP1,256,596,Scottsbluff|n75|9|5,2022-07-08,True
UAV/Scottsbluff/TP1/Scottsbluff-TP1-n75_9_6.PNG,,RGBA,Scottsbluff,n75,9,6,TP1,256,596,Scottsbluff|n75|9|6,2022-07-08,True
UAV/Scottsbluff/TP1/Scottsbluff-TP1-n75_9_7.PNG,,RGBA,Scottsbluff,n75,9,7,TP1,256,597,Scottsbluff|n75|9|7,2022-07-08,True
UAV/Scottsbluff/TP2/Scottsbluff-TP2-n150_10_11.PNG,,RGBA,Scottsbluff,n150,10,11,TP2,254,594,Scottsbluff|n150|10|11,2022-07-22,True
UAV/Scottsbluff/TP2/Scottsbluff-TP2-n150_10_12.PNG,,RGBA,Scottsbluff,n150,10,12,TP2,254,594,Scottsbluff|n150|10|12,2022-07-22,True
UAV/Scottsbluff/TP2/Scottsbluff-TP2-n150_10_13.PNG,,RGBA,Scottsbluff,n150,10,13,TP2,254,594,Scottsbluff|n150|10|13,2022-07-22,True
UAV/Scottsbluff/TP2/Scottsbluff-TP2-n150_10_14.PNG,,RGBA,Scottsbluff,n150,10,14,TP2,253,594,Scottsbluff|n150|10|14,2022-07-22,True
UAV/Scottsbluff/TP2/Scottsbluff-TP2-n150_10_15.PNG,,RGBA,Scottsbluff,n150,10,15,TP2,254,593,Scottsbluff|n150|10|15,2022-07-22,True
UAV/Scottsbluff/TP2/Scottsbluff-TP2-n150_10_16.PNG,,RGBA,Scottsbluff,n150,10,16,TP2,253,594,Scottsbluff|n150|10|16,2022-07-22,True
UAV/Scottsbluff/TP2/Scottsbluff-TP2-n150_10_17.PNG,,RGBA,Scottsbluff,n150,10,17,TP2,253,594,Scottsbluff|n150|10|17,2022-07-22,True
UAV/Scottsbluff/TP2/Scottsbluff-TP2-n150_11_11.PNG,,RGBA,Scottsbluff,n150,11,11,TP2,253,594,Scottsbluff|n150|11|11,2022-07-22,True
UAV/Scottsbluff/TP2/Scottsbluff-TP2-n150_11_12.PNG,,RGBA,Scottsbluff,n150,11,12,TP2,254,594,Scottsbluff|n150|11|12,2022-07-22,True
UAV/Scottsbluff/TP2/Scottsbluff-TP2-n150_11_13.PNG,,RGBA,Scottsbluff,n150,11,13,TP2,254,594,Scottsbluff|n150|11|13,2022-07-22,True
UAV/Scottsbluff/TP2/Scottsbluff-TP2-n150_11_14.PNG,,RGBA,Scottsbluff,n150,11,14,TP2,253,594,Scottsbluff|n150|11|14,2022-07-22,True
UAV/Scottsbluff/TP2/Scottsbluff-TP2-n150_11_15.PNG,,RGBA,Scottsbluff,n150,11,15,TP2,253,593,Scottsbluff|n150|11|15,2022-07-22,True
UAV/Scottsbluff/TP2/Scottsbluff-TP2-n150_11_16.PNG,,RGBA,Scottsbluff,n150,11,16,TP2,254,594,Scottsbluff|n150|11|16,2022-07-22,True
UAV/Scottsbluff/TP2/Scottsbluff-TP2-n150_11_17.PNG,,RGBA,Scottsbluff,n150,11,17,TP2,253,593,Scottsbluff|n150|11|17,2022-07-22,True
UAV/Scottsbluff/TP2/Scottsbluff-TP2-n150_12_11.PNG,,RGBA,Scottsbluff,n150,12,11,TP2,254,594,Scottsbluff|n150|12|11,2022-07-22,True
UAV/Scottsbluff/TP2/Scottsbluff-TP2-n150_12_12.PNG,,RGBA,Scottsbluff,n150,12,12,TP2,254,594,Scottsbluff|n150|12|12,2022-07-22,True
UAV/Scottsbluff/TP2/Scottsbluff-TP2-n150_12_13.PNG,,RGBA,Scottsbluff,n150,12,13,TP2,254,593,Scottsbluff|n150|12|13,2022-07-22,True
UAV/Scottsbluff/TP2/Scottsbluff-TP2-n150_12_14.PNG,,RGBA,Scottsbluff,n150,12,14,TP2,254,594,Scottsbluff|n150|12|14,2022-07-22,True
UAV/Scottsbluff/TP2/Scottsbluff-TP2-n150_12_15.PNG,,RGBA,Scottsbluff,n150,12,15,TP2,253,593,Scottsbluff|n150|12|15,2022-07-22,True
UAV/Scottsbluff/TP2/Scottsbluff-TP2-n150_12_16.PNG,,RGBA,Scottsbluff,n150,12,16,TP2,253,594,Scottsbluff|n150|12|16,2022-07-22,True
UAV/Scottsbluff/TP2/Scottsbluff-TP2-n150_12_17.PNG,,RGBA,Scottsbluff,n150,12,17,TP2,254,593,Scottsbluff|n150|12|17,2022-07-22,True
UAV/Scottsbluff/TP2/Scottsbluff-TP2-n150_13_11.PNG,,RGBA,Scottsbluff,n150,13,11,TP2,254,594,Scottsbluff|n150|13|11,2022-07-22,True
UAV/Scottsbluff/TP2/Scottsbluff-TP2-n150_13_12.PNG,,RGBA,Scottsbluff,n150,13,12,TP2,254,594,Scottsbluff|n150|13|12,2022-07-22,True
UAV/Scottsbluff/TP2/Scottsbluff-TP2-n150_13_13.PNG,,RGBA,Scottsbluff,n150,13,13,TP2,254,593,Scottsbluff|n150|13|13,2022-07-22,True
UAV/Scottsbluff/TP2/Scottsbluff-TP2-n150_13_14.PNG,,RGBA,Scottsbluff,n150,13,14,TP2,254,594,Scottsbluff|n150|13|14,2022-07-22,True
UAV/Scottsbluff/TP2/Scottsbluff-TP2-n150_13_15.PNG,,RGBA,Scottsbluff,n150,13,15,TP2,254,593,Scottsbluff|n150|13|15,2022-07-22,True
UAV/Scottsbluff/TP2/Scottsbluff-TP2-n150_13_16.PNG,,RGBA,Scottsbluff,n150,13,16,TP2,253,594,Scottsbluff|n150|13|16,2022-07-22,True
UAV/Scottsbluff/TP2/Scottsbluff-TP2-n150_13_17.PNG,,RGBA,Scottsbluff,n150,13,17,TP2,253,593,Scottsbluff|n150|13|17,2022-07-22,True
UAV/Scottsbluff/TP2/Scottsbluff-TP2-n150_14_11.PNG,,RGBA,Scottsbluff,n150,14,11,TP2,254,594,Scottsbluff|n150|14|11,2022-07-22,True
UAV/Scottsbluff/TP2/Scottsbluff-TP2-n150_14_12.PNG,,RGBA,Scottsbluff,n150,14,12,TP2,254,593,Scottsbluff|n150|14|12,2022-07-22,True
UAV/Scottsbluff/TP2/Scottsbluff-TP2-n150_14_13.PNG,,RGBA,Scottsbluff,n150,14,13,TP2,254,594,Scottsbluff|n150|14|13,2022-07-22,True
UAV/Scottsbluff/TP2/Scottsbluff-TP2-n150_14_14.PNG,,RGBA,Scottsbluff,n150,14,14,TP2,254,594,Scottsbluff|n150|14|14,2022-07-22,True
UAV/Scottsbluff/TP2/Scottsbluff-TP2-n150_14_15.PNG,,RGBA,Scottsbluff,n150,14,15,TP2,254,593,Scottsbluff|n150|14|15,2022-07-22,True
UAV/Scottsbluff/TP2/Scottsbluff-TP2-n150_14_16.PNG,,RGBA,Scottsbluff,n150,14,16,TP2,254,593,Scottsbluff|n150|14|16,2022-07-22,True
UAV/Scottsbluff/TP2/Scottsbluff-TP2-n150_14_17.PNG,,RGBA,Scottsbluff,n150,14,17,TP2,254,593,Scottsbluff|n150|14|17,2022-07-22,True
UAV/Scottsbluff/TP2/Scottsbluff-TP2-n150_15_11.PNG,,RGBA,Scottsbluff,n150,15,11,TP2,254,593,Scottsbluff|n150|15|11,2022-07-22,True
UAV/Scottsbluff/TP2/Scottsbluff-TP2-n150_15_12.PNG,,RGBA,Scottsbluff,n150,15,12,TP2,254,593,Scottsbluff|n150|15|12,2022-07-22,True
UAV/Scottsbluff/TP2/Scottsbluff-TP2-n150_15_13.PNG,,RGBA,Scottsbluff,n150,15,13,TP2,254,594,Scottsbluff|n150|15|13,2022-07-22,True
UAV/Scottsbluff/TP2/Scottsbluff-TP2-n150_15_14.PNG,,RGBA,Scottsbluff,n150,15,14,TP2,254,593,Scottsbluff|n150|15|14,2022-07-22,True
UAV/Scottsbluff/TP2/Scottsbluff-TP2-n150_15_15.PNG,,RGBA,Scottsbluff,n150,15,15,TP2,254,593,Scottsbluff|n150|15|15,2022-07-22,True
UAV/Scottsbluff/TP2/Scottsbluff-TP2-n150_15_16.PNG,,RGBA,Scottsbluff,n150,15,16,TP2,254,593,Scottsbluff|n150|15|16,2022-07-22,True
UAV/Scottsbluff/TP2/Scottsbluff-TP2-n150_15_17.PNG,,RGBA,Scottsbluff,n150,15,17,TP2,253,594,Scottsbluff|n150|15|17,2022-07-22,True
UAV/Scottsbluff/TP2/Scottsbluff-TP2-n150_16_11.PNG,,RGBA,Scottsbluff,n150,16,11,TP2,254,593,Scottsbluff|n150|16|11,2022-07-22,True
UAV/Scottsbluff/TP2/Scottsbluff-TP2-n150_16_12.PNG,,RGBA,Scottsbluff,n150,16,12,TP2,254,594,Scottsbluff|n150|16|12,2022-07-22,True
UAV/Scottsbluff/TP2/Scottsbluff-TP2-n150_16_13.PNG,,RGBA,Scottsbluff,n150,16,13,TP2,254,594,Scottsbluff|n150|16|13,2022-07-22,True
UAV/Scottsbluff/TP2/Scottsbluff-TP2-n150_16_14.PNG,,RGBA,Scottsbluff,n150,16,14,TP2,254,593,Scottsbluff|n150|16|14,2022-07-22,True
UAV/Scottsbluff/TP2/Scottsbluff-TP2-n150_16_15.PNG,,RGBA,Scottsbluff,n150,16,15,TP2,253,593,Scottsbluff|n150|16|15,2022-07-22,True
UAV/Scottsbluff/TP2/Scottsbluff-TP2-n150_16_16.PNG,,RGBA,Scottsbluff,n150,16,16,TP2,254,593,Scottsbluff|n150|16|16,2022-07-22,True
UAV/Scottsbluff/TP2/Scottsbluff-TP2-n150_16_17.PNG,,RGBA,Scottsbluff,n150,16,17,TP2,254,593,Scottsbluff|n150|16|17,2022-07-22,True
UAV/Scottsbluff/TP2/Scottsbluff-TP2-n150_17_11.PNG,,RGBA,Scottsbluff,n150,17,11,TP2,255,594,Scottsbluff|n150|17|11,2022-07-22,True
UAV/Scottsbluff/TP2/Scottsbluff-TP2-n150_17_12.PNG,,RGBA,Scottsbluff,n150,17,12,TP2,254,594,Scottsbluff|n150|17|12,2022-07-22,True
UAV/Scottsbluff/TP2/Scottsbluff-TP2-n150_17_13.PNG,,RGBA,Scottsbluff,n150,17,13,TP2,254,593,Scottsbluff|n150|17|13,2022-07-22,True
UAV/Scottsbluff/TP2/Scottsbluff-TP2-n150_17_14.PNG,,RGBA,Scottsbluff,n150,17,14,TP2,255,593,Scottsbluff|n150|17|14,2022-07-22,True
UAV/Scottsbluff/TP2/Scottsbluff-TP2-n150_17_15.PNG,,RGBA,Scottsbluff,n150,17,15,TP2,254,593,Scottsbluff|n150|17|15,2022-07-22,True
UAV/Scottsbluff/TP2/Scottsbluff-TP2-n150_17_16.PNG,,RGBA,Scottsbluff,n150,17,16,TP2,254,593,Scottsbluff|n150|17|16,2022-07-22,True
UAV/Scottsbluff/TP2/Scottsbluff-TP2-n150_17_17.PNG,,RGBA,Scottsbluff,n150,17,17,TP2,254,593,Scottsbluff|n150|17|17,2022-07-22,True
UAV/Scottsbluff/TP2/Scottsbluff-TP2-n150_18_11.PNG,,RGBA,Scottsbluff,n150,18,11,TP2,255,593,Scottsbluff|n150|18|11,2022-07-22,True
UAV/Scottsbluff/TP2/Scottsbluff-TP2-n150_18_12.PNG,,RGBA,Scottsbluff,n150,18,12,TP2,254,593,Scottsbluff|n150|18|12,2022-07-22,True
UAV/Scottsbluff/TP2/Scottsbluff-TP2-n150_18_13.PNG,,RGBA,Scottsbluff,n150,18,13,TP2,254,593,Scottsbluff|n150|18|13,2022-07-22,True
UAV/Scottsbluff/TP2/Scottsbluff-TP2-n150_18_14.PNG,,RGBA,Scottsbluff,n150,18,14,TP2,254,593,Scottsbluff|n150|18|14,2022-07-22,True
UAV/Scottsbluff/TP2/Scottsbluff-TP2-n150_18_15.PNG,,RGBA,Scottsbluff,n150,18,15,TP2,254,593,Scottsbluff|n150|18|15,2022-07-22,True
UAV/Scottsbluff/TP2/Scottsbluff-TP2-n150_18_16.PNG,,RGBA,Scottsbluff,n150,18,16,TP2,254,593,Scottsbluff|n150|18|16,2022-07-22,True
UAV/Scottsbluff/TP2/Scottsbluff-TP2-n150_18_17.PNG,,RGBA,Scottsbluff,n150,18,17,TP2,254,593,Scottsbluff|n150|18|17,2022-07-22,True
UAV/Scottsbluff/TP2/Scottsbluff-TP2-n150_19_11.PNG,,RGBA,Scottsbluff,n150,19,11,TP2,255,593,Scottsbluff|n150|19|11,2022-07-22,True
UAV/Scottsbluff/TP2/Scottsbluff-TP2-n150_19_12.PNG,,RGBA,Scottsbluff,n150,19,12,TP2,254,593,Scottsbluff|n150|19|12,2022-07-22,True
UAV/Scottsbluff/TP2/Scottsbluff-TP2-n150_19_13.PNG,,RGBA,Scottsbluff,n150,19,13,TP2,255,593,Scottsbluff|n150|19|13,2022-07-22,True
UAV/Scottsbluff/TP2/Scottsbluff-TP2-n150_19_14.PNG,,RGBA,Scottsbluff,n150,19,14,TP2,254,593,Scottsbluff|n150|19|14,2022-07-22,True
UAV/Scottsbluff/TP2/Scottsbluff-TP2-n150_19_15.PNG,,RGBA,Scottsbluff,n150,19,15,TP2,254,593,Scottsbluff|n150|19|15,2022-07-22,True
UAV/Scottsbluff/TP2/Scottsbluff-TP2-n150_19_16.PNG,,RGBA,Scottsbluff,n150,19,16,TP2,254,593,Scottsbluff|n150|19|16,2022-07-22,True
UAV/Scottsbluff/TP2/Scottsbluff-TP2-n150_19_17.PNG,,RGBA,Scottsbluff,n150,19,17,TP2,254,593,Scottsbluff|n150|19|17,2022-07-22,True
UAV/Scottsbluff/TP2/Scottsbluff-TP2-n150_20_11.PNG,,RGBA,Scottsbluff,n150,20,11,TP2,255,594,Scottsbluff|n150|20|11,2022-07-22,True
UAV/Scottsbluff/TP2/Scottsbluff-TP2-n150_20_12.PNG,,RGBA,Scottsbluff,n150,20,12,TP2,255,593,Scottsbluff|n150|20|12,2022-07-22,True
UAV/Scottsbluff/TP2/Scottsbluff-TP2-n150_20_13.PNG,,RGBA,Scottsbluff,n150,20,13,TP2,255,593,Scottsbluff|n150|20|13,2022-07-22,True
UAV/Scottsbluff/TP2/Scottsbluff-TP2-n150_20_14.PNG,,RGBA,Scottsbluff,n150,20,14,TP2,254,593,Scottsbluff|n150|20|14,2022-07-22,True
UAV/Scottsbluff/TP2/Scottsbluff-TP2-n150_20_15.PNG,,RGBA,Scottsbluff,n150,20,15,TP2,255,593,Scottsbluff|n150|20|15,2022-07-22,True
UAV/Scottsbluff/TP2/Scottsbluff-TP2-n150_20_16.PNG,,RGBA,Scottsbluff,n150,20,16,TP2,254,593,Scottsbluff|n150|20|16,2022-07-22,True
UAV/Scottsbluff/TP2/Scottsbluff-TP2-n150_20_17.PNG,,RGBA,Scottsbluff,n150,20,17,TP2,254,592,Scottsbluff|n150|20|17,2022-07-22,True
UAV/Scottsbluff/TP2/Scottsbluff-TP2-n150_21_11.PNG,,RGBA,Scottsbluff,n150,21,11,TP2,254,593,Scottsbluff|n150|21|11,2022-07-22,True
UAV/Scottsbluff/TP2/Scottsbluff-TP2-n150_21_12.PNG,,RGBA,Scottsbluff,n150,21,12,TP2,255,593,Scottsbluff|n150|21|12,2022-07-22,True
UAV/Scottsbluff/TP2/Scottsbluff-TP2-n150_21_13.PNG,,RGBA,Scottsbluff,n150,21,13,TP2,255,593,Scottsbluff|n150|21|13,2022-07-22,True
UAV/Scottsbluff/TP2/Scottsbluff-TP2-n150_21_14.PNG,,RGBA,Scottsbluff,n150,21,14,TP2,254,593,Scottsbluff|n150|21|14,2022-07-22,True
UAV/Scottsbluff/TP2/Scottsbluff-TP2-n150_21_15.PNG,,RGBA,Scottsbluff,n150,21,15,TP2,254,593,Scottsbluff|n150|21|15,2022-07-22,True
UAV/Scottsbluff/TP2/Scottsbluff-TP2-n150_21_16.PNG,,RGBA,Scottsbluff,n150,21,16,TP2,255,593,Scottsbluff|n150|21|16,2022-07-22,True
UAV/Scottsbluff/TP2/Scottsbluff-TP2-n150_21_17.PNG,,RGBA,Scottsbluff,n150,21,17,TP2,254,592,Scottsbluff|n150|21|17,2022-07-22,True
UAV/Scottsbluff/TP2/Scottsbluff-TP2-n150_22_11.PNG,,RGBA,Scottsbluff,n150,22,11,TP2,255,593,Scottsbluff|n150|22|11,2022-07-22,True
UAV/Scottsbluff/TP2/Scottsbluff-TP2-n150_22_12.PNG,,RGBA,Scottsbluff,n150,22,12,TP2,255,593,Scottsbluff|n150|22|12,2022-07-22,True
UAV/Scottsbluff/TP2/Scottsbluff-TP2-n150_22_13.PNG,,RGBA,Scottsbluff,n150,22,13,TP2,255,592,Scottsbluff|n150|22|13,2022-07-22,True
UAV/Scottsbluff/TP2/Scottsbluff-TP2-n150_22_14.PNG,,RGBA,Scottsbluff,n150,22,14,TP2,255,593,Scottsbluff|n150|22|14,2022-07-22,True
UAV/Scottsbluff/TP2/Scottsbluff-TP2-n150_22_15.PNG,,RGBA,Scottsbluff,n150,22,15,TP2,254,593,Scottsbluff|n150|22|15,2022-07-22,True
UAV/Scottsbluff/TP2/Scottsbluff-TP2-n150_22_16.PNG,,RGBA,Scottsbluff,n150,22,16,TP2,254,592,Scottsbluff|n150|22|16,2022-07-22,True
UAV/Scottsbluff/TP2/Scottsbluff-TP2-n150_22_17.PNG,,RGBA,Scottsbluff,n150,22,17,TP2,255,592,Scottsbluff|n150|22|17,2022-07-22,True
UAV/Scottsbluff/TP2/Scottsbluff-TP2-n150_23_11.PNG,,RGBA,Scottsbluff,n150,23,11,TP2,255,592,Scottsbluff|n150|23|11,2022-07-22,True
UAV/Scottsbluff/TP2/Scottsbluff-TP2-n150_23_12.PNG,,RGBA,Scottsbluff,n150,23,12,TP2,255,593,Scottsbluff|n150|23|12,2022-07-22,True
UAV/Scottsbluff/TP2/Scottsbluff-TP2-n150_23_13.PNG,,RGBA,Scottsbluff,n150,23,13,TP2,255,593,Scottsbluff|n150|23|13,2022-07-22,True
UAV/Scottsbluff/TP2/Scottsbluff-TP2-n150_23_14.PNG,,RGBA,Scottsbluff,n150,23,14,TP2,255,593,Scottsbluff|n150|23|14,2022-07-22,True
UAV/Scottsbluff/TP2/Scottsbluff-TP2-n150_23_15.PNG,,RGBA,Scottsbluff,n150,23,15,TP2,255,593,Scottsbluff|n150|23|15,2022-07-22,True
UAV/Scottsbluff/TP2/Scottsbluff-TP2-n150_23_16.PNG,,RGBA,Scottsbluff,n150,23,16,TP2,254,592,Scottsbluff|n150|23|16,2022-07-22,True
UAV/Scottsbluff/TP2/Scottsbluff-TP2-n150_23_17.PNG,,RGBA,Scottsbluff,n150,23,17,TP2,254,593,Scottsbluff|n150|23|17,2022-07-22,False
UAV/Scottsbluff/TP2/Scottsbluff-TP2-n150_24_11.PNG,,RGBA,Scottsbluff,n150,24,11,TP2,255,593,Scottsbluff|n150|24|11,2022-07-22,True
UAV/Scottsbluff/TP2/Scottsbluff-TP2-n150_24_12.PNG,,RGBA,Scottsbluff,n150,24,12,TP2,255,593,Scottsbluff|n150|24|12,2022-07-22,True
UAV/Scottsbluff/TP2/Scottsbluff-TP2-n150_24_13.PNG,,RGBA,Scottsbluff,n150,24,13,TP2,255,593,Scottsbluff|n150|24|13,2022-07-22,True
UAV/Scottsbluff/TP2/Scottsbluff-TP2-n150_24_14.PNG,,RGBA,Scottsbluff,n150,24,14,TP2,255,592,Scottsbluff|n150|24|14,2022-07-22,True
UAV/Scottsbluff/TP2/Scottsbluff-TP2-n150_24_15.PNG,,RGBA,Scottsbluff,n150,24,15,TP2,255,593,Scottsbluff|n150|24|15,2022-07-22,True
UAV/Scottsbluff/TP2/Scottsbluff-TP2-n150_24_16.PNG,,RGBA,Scottsbluff,n150,24,16,TP2,255,592,Scottsbluff|n150|24|16,2022-07-22,True
UAV/Scottsbluff/TP2/Scottsbluff-TP2-n150_24_17.PNG,,RGBA,Scottsbluff,n150,24,17,TP2,255,593,Scottsbluff|n150|24|17,2022-07-22,False
UAV/Scottsbluff/TP2/Scottsbluff-TP2-n150_25_11.PNG,,RGBA,Scottsbluff,n150,25,11,TP2,255,593,Scottsbluff|n150|25|11,2022-07-22,True
UAV/Scottsbluff/TP2/Scottsbluff-TP2-n150_25_12.PNG,,RGBA,Scottsbluff,n150,25,12,TP2,255,592,Scottsbluff|n150|25|12,2022-07-22,True
UAV/Scottsbluff/TP2/Scottsbluff-TP2-n150_25_13.PNG,,RGBA,Scottsbluff,n150,25,13,TP2,255,593,Scottsbluff|n150|25|13,2022-07-22,True
UAV/Scottsbluff/TP2/Scottsbluff-TP2-n150_25_14.PNG,,RGBA,Scottsbluff,n150,25,14,TP2,255,592,Scottsbluff|n150|25|14,2022-07-22,True
UAV/Scottsbluff/TP2/Scottsbluff-TP2-n150_25_15.PNG,,RGBA,Scottsbluff,n150,25,15,TP2,255,593,Scottsbluff|n150|25|15,2022-07-22,True
UAV/Scottsbluff/TP2/Scottsbluff-TP2-n150_25_16.PNG,,RGBA,Scottsbluff,n150,25,16,TP2,254,592,Scottsbluff|n150|25|16,2022-07-22,True
UAV/Scottsbluff/TP2/Scottsbluff-TP2-n150_25_17.PNG,,RGBA,Scottsbluff,n150,25,17,TP2,254,592,Scottsbluff|n150|25|17,2022-07-22,False
UAV/Scottsbluff/TP2/Scottsbluff-TP2-n150_26_11.PNG,,RGBA,Scottsbluff,n150,26,11,TP2,255,592,Scottsbluff|n150|26|11,2022-07-22,True
UAV/Scottsbluff/TP2/Scottsbluff-TP2-n150_26_12.PNG,,RGBA,Scottsbluff,n150,26,12,TP2,255,593,Scottsbluff|n150|26|12,2022-07-22,True
UAV/Scottsbluff/TP2/Scottsbluff-TP2-n150_26_13.PNG,,RGBA,Scottsbluff,n150,26,13,TP2,255,593,Scottsbluff|n150|26|13,2022-07-22,True
UAV/Scottsbluff/TP2/Scottsbluff-TP2-n150_26_14.PNG,,RGBA,Scottsbluff,n150,26,14,TP2,255,592,Scottsbluff|n150|26|14,2022-07-22,True
UAV/Scottsbluff/TP2/Scottsbluff-TP2-n150_26_15.PNG,,RGBA,Scottsbluff,n150,26,15,TP2,255,593,Scottsbluff|n150|26|15,2022-07-22,True
UAV/Scottsbluff/TP2/Scottsbluff-TP2-n150_26_16.PNG,,RGBA,Scottsbluff,n150,26,16,TP2,255,592,Scottsbluff|n150|26|16,2022-07-22,True
UAV/Scottsbluff/TP2/Scottsbluff-TP2-n150_26_17.PNG,,RGBA,Scottsbluff,n150,26,17,TP2,255,592,Scottsbluff|n150|26|17,2022-07-22,False
UAV/Scottsbluff/TP2/Scottsbluff-TP2-n150_27_11.PNG,,RGBA,Scottsbluff,n150,27,11,TP2,256,593,Scottsbluff|n150|27|11,2022-07-22,True
UAV/Scottsbluff/TP2/Scottsbluff-TP2-n150_27_12.PNG,,RGBA,Scottsbluff,n150,27,12,TP2,255,593,Scottsbluff|n150|27|12,2022-07-22,True
UAV/Scottsbluff/TP2/Scottsbluff-TP2-n150_27_13.PNG,,RGBA,Scottsbluff,n150,27,13,TP2,255,592,Scottsbluff|n150|27|13,2022-07-22,True
UAV/Scottsbluff/TP2/Scottsbluff-TP2-n150_27_14.PNG,,RGBA,Scottsbluff,n150,27,14,TP2,256,592,Scottsbluff|n150|27|14,2022-07-22,True
UAV/Scottsbluff/TP2/Scottsbluff-TP2-n150_27_15.PNG,,RGBA,Scottsbluff,n150,27,15,TP2,255,593,Scottsbluff|n150|27|15,2022-07-22,True
UAV/Scottsbluff/TP2/Scottsbluff-TP2-n150_27_16.PNG,,RGBA,Scottsbluff,n150,27,16,TP2,255,592,Scottsbluff|n150|27|16,2022-07-22,True
UAV/Scottsbluff/TP2/Scottsbluff-TP2-n150_27_17.PNG,,RGBA,Scottsbluff,n150,27,17,TP2,254,592,Scottsbluff|n150|27|17,2022-07-22,False
UAV/Scottsbluff/TP2/Scottsbluff-TP2-n150_3_11.PNG,,RGBA,Scottsbluff,n150,3,11,TP2,253,595,Scottsbluff|n150|3|11,2022-07-22,True
UAV/Scottsbluff/TP2/Scottsbluff-TP2-n150_3_12.PNG,,RGBA,Scottsbluff,n150,3,12,TP2,253,595,Scottsbluff|n150|3|12,2022-07-22,True
UAV/Scottsbluff/TP2/Scottsbluff-TP2-n150_3_13.PNG,,RGBA,Scottsbluff,n150,3,13,TP2,253,594,Scottsbluff|n150|3|13,2022-07-22,True
UAV/Scottsbluff/TP2/Scottsbluff-TP2-n150_3_14.PNG,,RGBA,Scottsbluff,n150,3,14,TP2,253,594,Scottsbluff|n150|3|14,2022-07-22,True
UAV/Scottsbluff/TP2/Scottsbluff-TP2-n150_3_15.PNG,,RGBA,Scottsbluff,n150,3,15,TP2,252,595,Scottsbluff|n150|3|15,2022-07-22,True
UAV/Scottsbluff/TP2/Scottsbluff-TP2-n150_3_16.PNG,,RGBA,Scottsbluff,n150,3,16,TP2,252,594,Scottsbluff|n150|3|16,2022-07-22,True
UAV/Scottsbluff/TP2/Scottsbluff-TP2-n150_3_17.PNG,,RGBA,Scottsbluff,n150,3,17,TP2,252,594,Scottsbluff|n150|3|17,2022-07-22,True
UAV/Scottsbluff/TP2/Scottsbluff-TP2-n150_4_11.PNG,,RGBA,Scottsbluff,n150,4,11,TP2,253,595,Scottsbluff|n150|4|11,2022-07-22,True
UAV/Scottsbluff/TP2/Scottsbluff-TP2-n150_4_12.PNG,,RGBA,Scottsbluff,n150,4,12,TP2,253,594,Scottsbluff|n150|4|12,2022-07-22,True
UAV/Scottsbluff/TP2/Scottsbluff-TP2-n150_4_13.PNG,,RGBA,Scottsbluff,n150,4,13,TP2,253,594,Scottsbluff|n150|4|13,2022-07-22,True
UAV/Scottsbluff/TP2/Scottsbluff-TP2-n150_4_14.PNG,,RGBA,Scottsbluff,n150,4,14,TP2,253,594,Scottsbluff|n150|4|14,2022-07-22,True
UAV/Scottsbluff/TP2/Scottsbluff-TP2-n150_4_15.PNG,,RGBA,Scottsbluff,n150,4,15,TP2,253,595,Scottsbluff|n150|4|15,2022-07-22,True
UAV/Scottsbluff/TP2/Scottsbluff-TP2-n150_4_16.PNG,,RGBA,Scottsbluff,n150,4,16,TP2,253,594,Scottsbluff|n150|4|16,2022-07-22,True
UAV/Scottsbluff/TP2/Scottsbluff-TP2-n150_4_17.PNG,,RGBA,Scottsbluff,n150,4,17,TP2,253,594,Scottsbluff|n150|4|17,2022-07-22,True
UAV/Scottsbluff/TP2/Scottsbluff-TP2-n150_5_11.PNG,,RGBA,Scottsbluff,n150,5,11,TP2,253,594,Scottsbluff|n150|5|11,2022-07-22,True
UAV/Scottsbluff/TP2/Scottsbluff-TP2-n150_5_12.PNG,,RGBA,Scottsbluff,n150,5,12,TP2,253,594,Scottsbluff|n150|5|12,2022-07-22,True
UAV/Scottsbluff/TP2/Scottsbluff-TP2-n150_5_13.PNG,,RGBA,Scottsbluff,n150,5,13,TP2,253,594,Scottsbluff|n150|5|13,2022-07-22,True
UAV/Scottsbluff/TP2/Scottsbluff-TP2-n150_5_14.PNG,,RGBA,Scottsbluff,n150,5,14,TP2,253,594,Scottsbluff|n150|5|14,2022-07-22,True
UAV/Scottsbluff/TP2/Scottsbluff-TP2-n150_5_15.PNG,,RGBA,Scottsbluff,n150,5,15,TP2,253,595,Scottsbluff|n150|5|15,2022-07-22,True
UAV/Scottsbluff/TP2/Scottsbluff-TP2-n150_5_16.PNG,,RGBA,Scottsbluff,n150,5,16,TP2,253,594,Scottsbluff|n150|5|16,2022-07-22,True
UAV/Scottsbluff/TP2/Scottsbluff-TP2-n150_5_17.PNG,,RGBA,Scottsbluff,n150,5,17,TP2,252,594,Scottsbluff|n150|5|17,2022-07-22,True
UAV/Scottsbluff/TP2/Scottsbluff-TP2-n150_6_11.PNG,,RGBA,Scottsbluff,n150,6,11,TP2,253,595,Scottsbluff|n150|6|11,2022-07-22,True
UAV/Scottsbluff/TP2/Scottsbluff-TP2-n150_6_12.PNG,,RGBA,Scottsbluff,n150,6,12,TP2,253,595,Scottsbluff|n150|6|12,2022-07-22,True
UAV/Scottsbluff/TP2/Scottsbluff-TP2-n150_6_13.PNG,,RGBA,Scottsbluff,n150,6,13,TP2,253,595,Scottsbluff|n150|6|13,2022-07-22,True
UAV/Scottsbluff/TP2/Scottsbluff-TP2-n150_6_14.PNG,,RGBA,Scottsbluff,n150,6,14,TP2,253,595,Scottsbluff|n150|6|14,2022-07-22,True
UAV/Scottsbluff/TP2/Scottsbluff-TP2-n150_6_15.PNG,,RGBA,Scottsbluff,n150,6,15,TP2,253,595,Scottsbluff|n150|6|15,2022-07-22,True
UAV/Scottsbluff/TP2/Scottsbluff-TP2-n150_6_16.PNG,,RGBA,Scottsbluff,n150,6,16,TP2,253,594,Scottsbluff|n150|6|16,2022-07-22,True
UAV/Scottsbluff/TP2/Scottsbluff-TP2-n150_6_17.PNG,,RGBA,Scottsbluff,n150,6,17,TP2,253,594,Scottsbluff|n150|6|17,2022-07-22,True
UAV/Scottsbluff/TP2/Scottsbluff-TP2-n150_7_11.PNG,,RGBA,Scottsbluff,n150,7,11,TP2,254,594,Scottsbluff|n150|7|11,2022-07-22,True
UAV/Scottsbluff/TP2/Scottsbluff-TP2-n150_7_12.PNG,,RGBA,Scottsbluff,n150,7,12,TP2,253,594,Scottsbluff|n150|7|12,2022-07-22,True
UAV/Scottsbluff/TP2/Scottsbluff-TP2-n150_7_13.PNG,,RGBA,Scottsbluff,n150,7,13,TP2,253,594,Scottsbluff|n150|7|13,2022-07-22,True
UAV/Scottsbluff/TP2/Scottsbluff-TP2-n150_7_14.PNG,,RGBA,Scottsbluff,n150,7,14,TP2,253,594,Scottsbluff|n150|7|14,2022-07-22,True
UAV/Scottsbluff/TP2/Scottsbluff-TP2-n150_7_15.PNG,,RGBA,Scottsbluff,n150,7,15,TP2,253,593,Scottsbluff|n150|7|15,2022-07-22,True
UAV/Scottsbluff/TP2/Scottsbluff-TP2-n150_7_16.PNG,,RGBA,Scottsbluff,n150,7,16,TP2,253,593,Scottsbluff|n150|7|16,2022-07-22,True
UAV/Scottsbluff/TP2/Scottsbluff-TP2-n150_7_17.PNG,,RGBA,Scottsbluff,n150,7,17,TP2,253,593,Scottsbluff|n150|7|17,2022-07-22,True
UAV/Scottsbluff/TP2/Scottsbluff-TP2-n150_8_11.PNG,,RGBA,Scottsbluff,n150,8,11,TP2,254,594,Scottsbluff|n150|8|11,2022-07-22,True
UAV/Scottsbluff/TP2/Scottsbluff-TP2-n150_8_12.PNG,,RGBA,Scottsbluff,n150,8,12,TP2,253,594,Scottsbluff|n150|8|12,2022-07-22,True
UAV/Scottsbluff/TP2/Scottsbluff-TP2-n150_8_13.PNG,,RGBA,Scottsbluff,n150,8,13,TP2,253,594,Scottsbluff|n150|8|13,2022-07-22,True
UAV/Scottsbluff/TP2/Scottsbluff-TP2-n150_8_14.PNG,,RGBA,Scottsbluff,n150,8,14,TP2,254,594,Scottsbluff|n150|8|14,2022-07-22,True
UAV/Scottsbluff/TP2/Scottsbluff-TP2-n150_8_15.PNG,,RGBA,Scottsbluff,n150,8,15,TP2,253,593,Scottsbluff|n150|8|15,2022-07-22,True
UAV/Scottsbluff/TP2/Scottsbluff-TP2-n150_8_16.PNG,,RGBA,Scottsbluff,n150,8,16,TP2,253,594,Scottsbluff|n150|8|16,2022-07-22,True
UAV/Scottsbluff/TP2/Scottsbluff-TP2-n150_8_17.PNG,,RGBA,Scottsbluff,n150,8,17,TP2,253,594,Scottsbluff|n150|8|17,2022-07-22,True
UAV/Scottsbluff/TP2/Scottsbluff-TP2-n150_9_11.PNG,,RGBA,Scottsbluff,n150,9,11,TP2,254,594,Scottsbluff|n150|9|11,2022-07-22,True
UAV/Scottsbluff/TP2/Scottsbluff-TP2-n150_9_12.PNG,,RGBA,Scottsbluff,n150,9,12,TP2,253,594,Scottsbluff|n150|9|12,2022-07-22,True
UAV/Scottsbluff/TP2/Scottsbluff-TP2-n150_9_13.PNG,,RGBA,Scottsbluff,n150,9,13,TP2,253,594,Scottsbluff|n150|9|13,2022-07-22,True
UAV/Scottsbluff/TP2/Scottsbluff-TP2-n150_9_14.PNG,,RGBA,Scottsbluff,n150,9,14,TP2,253,594,Scottsbluff|n150|9|14,2022-07-22,True
UAV/Scottsbluff/TP2/Scottsbluff-TP2-n150_9_15.PNG,,RGBA,Scottsbluff,n150,9,15,TP2,253,593,Scottsbluff|n150|9|15,2022-07-22,True
UAV/Scottsbluff/TP2/Scottsbluff-TP2-n150_9_16.PNG,,RGBA,Scottsbluff,n150,9,16,TP2,253,594,Scottsbluff|n150|9|16,2022-07-22,True
UAV/Scottsbluff/TP2/Scottsbluff-TP2-n150_9_17.PNG,,RGBA,Scottsbluff,n150,9,17,TP2,253,594,Scottsbluff|n150|9|17,2022-07-22,True
UAV/Scottsbluff/TP2/Scottsbluff-TP2-n225_10_20.PNG,,RGBA,Scottsbluff,n225,10,20,TP2,252,597,Scottsbluff|n225|10|20,2022-07-22,True
UAV/Scottsbluff/TP2/Scottsbluff-TP2-n225_10_21.PNG,,RGBA,Scottsbluff,n225,10,21,TP2,251,597,Scottsbluff|n225|10|21,2022-07-22,True
UAV/Scottsbluff/TP2/Scottsbluff-TP2-n225_10_22.PNG,,RGBA,Scottsbluff,n225,10,22,TP2,252,597,Scottsbluff|n225|10|22,2022-07-22,True
UAV/Scottsbluff/TP2/Scottsbluff-TP2-n225_10_23.PNG,,RGBA,Scottsbluff,n225,10,23,TP2,252,597,Scottsbluff|n225|10|23,2022-07-22,True
UAV/Scottsbluff/TP2/Scottsbluff-TP2-n225_10_24.PNG,,RGBA,Scottsbluff,n225,10,24,TP2,251,596,Scottsbluff|n225|10|24,2022-07-22,True
UAV/Scottsbluff/TP2/Scottsbluff-TP2-n225_10_25.PNG,,RGBA,Scottsbluff,n225,10,25,TP2,252,596,Scottsbluff|n225|10|25,2022-07-22,True
UAV/Scottsbluff/TP2/Scottsbluff-TP2-n225_10_26.PNG,,RGBA,Scottsbluff,n225,10,26,TP2,251,596,Scottsbluff|n225|10|26,2022-07-22,True
UAV/Scottsbluff/TP2/Scottsbluff-TP2-n225_11_20.PNG,,RGBA,Scottsbluff,n225,11,20,TP2,252,597,Scottsbluff|n225|11|20,2022-07-22,True
UAV/Scottsbluff/TP2/Scottsbluff-TP2-n225_11_21.PNG,,RGBA,Scottsbluff,n225,11,21,TP2,251,597,Scottsbluff|n225|11|21,2022-07-22,True
UAV/Scottsbluff/TP2/Scottsbluff-TP2-n225_11_22.PNG,,RGBA,Scottsbluff,n225,11,22,TP2,251,597,Scottsbluff|n225|11|22,2022-07-22,True
UAV/Scottsbluff/TP2/Scottsbluff-TP2-n225_11_23.PNG,,RGBA,Scottsbluff,n225,11,23,TP2,252,596,Scottsbluff|n225|11|23,2022-07-22,True
UAV/Scottsbluff/TP2/Scottsbluff-TP2-n225_11_24.PNG,,RGBA,Scottsbluff,n225,11,24,TP2,251,596,Scottsbluff|n225|11|24,2022-07-22,True
UAV/Scottsbluff/TP2/Scottsbluff-TP2-n225_11_25.PNG,,RGBA,Scottsbluff,n225,11,25,TP2,252,596,Scottsbluff|n225|11|25,2022-07-22,True
UAV/Scottsbluff/TP2/Scottsbluff-TP2-n225_11_26.PNG,,RGBA,Scottsbluff,n225,11,26,TP2,251,596,Scottsbluff|n225|11|26,2022-07-22,True
UAV/Scottsbluff/TP2/Scottsbluff-TP2-n225_12_20.PNG,,RGBA,Scottsbluff,n225,12,20,TP2,252,597,Scottsbluff|n225|12|20,2022-07-22,True
UAV/Scottsbluff/TP2/Scottsbluff-TP2-n225_12_21.PNG,,RGBA,Scottsbluff,n225,12,21,TP2,252,596,Scottsbluff|n225|12|21,2022-07-22,True
UAV/Scottsbluff/TP2/Scottsbluff-TP2-n225_12_22.PNG,,RGBA,Scottsbluff,n225,12,22,TP2,251,597,Scottsbluff|n225|12|22,2022-07-22,True
UAV/Scottsbluff/TP2/Scottsbluff-TP2-n225_12_23.PNG,,RGBA,Scottsbluff,n225,12,23,TP2,252,596,Scottsbluff|n225|12|23,2022-07-22,True
UAV/Scottsbluff/TP2/Scottsbluff-TP2-n225_12_24.PNG,,RGBA,Scottsbluff,n225,12,24,TP2,251,596,Scottsbluff|n225|12|24,2022-07-22,True
UAV/Scottsbluff/TP2/Scottsbluff-TP2-n225_12_25.PNG,,RGBA,Scottsbluff,n225,12,25,TP2,252,596,Scottsbluff|n225|12|25,2022-07-22,True
UAV/Scottsbluff/TP2/Scottsbluff-TP2-n225_12_26.PNG,,RGBA,Scottsbluff,n225,12,26,TP2,252,596,Scottsbluff|n225|12|26,2022-07-22,True
UAV/Scottsbluff/TP2/Scottsbluff-TP2-n225_13_20.PNG,,RGBA,Scottsbluff,n225,13,20,TP2,251,596,Scottsbluff|n225|13|20,2022-07-22,True
UAV/Scottsbluff/TP2/Scottsbluff-TP2-n225_13_21.PNG,,RGBA,Scottsbluff,n225,13,21,TP2,252,597,Scottsbluff|n225|13|21,2022-07-22,True
UAV/Scottsbluff/TP2/Scottsbluff-TP2-n225_13_22.PNG,,RGBA,Scottsbluff,n225,13,22,TP2,251,597,Scottsbluff|n225|13|22,2022-07-22,True
UAV/Scottsbluff/TP2/Scottsbluff-TP2-n225_13_23.PNG,,RGBA,Scottsbluff,n225,13,23,TP2,252,596,Scottsbluff|n225|13|23,2022-07-22,True
UAV/Scottsbluff/TP2/Scottsbluff-TP2-n225_13_24.PNG,,RGBA,Scottsbluff,n225,13,24,TP2,251,596,Scottsbluff|n225|13|24,2022-07-22,True
UAV/Scottsbluff/TP2/Scottsbluff-TP2-n225_13_25.PNG,,RGBA,Scottsbluff,n225,13,25,TP2,251,596,Scottsbluff|n225|13|25,2022-07-22,True
UAV/Scottsbluff/TP2/Scottsbluff-TP2-n225_13_26.PNG,,RGBA,Scottsbluff,n225,13,26,TP2,252,595,Scottsbluff|n225|13|26,2022-07-22,True
UAV/Scottsbluff/TP2/Scottsbluff-TP2-n225_14_20.PNG,,RGBA,Scottsbluff,n225,14,20,TP2,251,597,Scottsbluff|n225|14|20,2022-07-22,True
UAV/Scottsbluff/TP2/Scottsbluff-TP2-n225_14_21.PNG,,RGBA,Scottsbluff,n225,14,21,TP2,252,597,Scottsbluff|n225|14|21,2022-07-22,True
UAV/Scottsbluff/TP2/Scottsbluff-TP2-n225_14_22.PNG,,RGBA,Scottsbluff,n225,14,22,TP2,252,596,Scottsbluff|n225|14|22,2022-07-22,True
UAV/Scottsbluff/TP2/Scottsbluff-TP2-n225_14_23.PNG,,RGBA,Scottsbluff,n225,14,23,TP2,252,595,Scottsbluff|n225|14|23,2022-07-22,True
UAV/Scottsbluff/TP2/Scottsbluff-TP2-n225_14_24.PNG,,RGBA,Scottsbluff,n225,14,24,TP2,252,595,Scottsbluff|n225|14|24,2022-07-22,True
UAV/Scottsbluff/TP2/Scottsbluff-TP2-n225_14_25.PNG,,RGBA,Scottsbluff,n225,14,25,TP2,251,595,Scottsbluff|n225|14|25,2022-07-22,True
UAV/Scottsbluff/TP2/Scottsbluff-TP2-n225_14_26.PNG,,RGBA,Scottsbluff,n225,14,26,TP2,252,595,Scottsbluff|n225|14|26,2022-07-22,True
UAV/Scottsbluff/TP2/Scottsbluff-TP2-n225_15_20.PNG,,RGBA,Scottsbluff,n225,15,20,TP2,252,596,Scottsbluff|n225|15|20,2022-07-22,True
UAV/Scottsbluff/TP2/Scottsbluff-TP2-n225_15_21.PNG,,RGBA,Scottsbluff,n225,15,21,TP2,251,596,Scottsbluff|n225|15|21,2022-07-22,True
UAV/Scottsbluff/TP2/Scottsbluff-TP2-n225_15_22.PNG,,RGBA,Scottsbluff,n225,15,22,TP2,252,595,Scottsbluff|n225|15|22,2022-07-22,True
UAV/Scottsbluff/TP2/Scottsbluff-TP2-n225_15_23.PNG,,RGBA,Scottsbluff,n225,15,23,TP2,251,595,Scottsbluff|n225|15|23,2022-07-22,True
UAV/Scottsbluff/TP2/Scottsbluff-TP2-n225_15_24.PNG,,RGBA,Scottsbluff,n225,15,24,TP2,252,596,Scottsbluff|n225|15|24,2022-07-22,True
UAV/Scottsbluff/TP2/Scottsbluff-TP2-n225_15_25.PNG,,RGBA,Scottsbluff,n225,15,25,TP2,251,595,Scottsbluff|n225|15|25,2022-07-22,True
UAV/Scottsbluff/TP2/Scottsbluff-TP2-n225_15_26.PNG,,RGBA,Scottsbluff,n225,15,26,TP2,252,595,Scottsbluff|n225|15|26,2022-07-22,True
UAV/Scottsbluff/TP2/Scottsbluff-TP2-n225_16_20.PNG,,RGBA,Scottsbluff,n225,16,20,TP2,252,596,Scottsbluff|n225|16|20,2022-07-22,True
UAV/Scottsbluff/TP2/Scottsbluff-TP2-n225_16_21.PNG,,RGBA,Scottsbluff,n225,16,21,TP2,251,596,Scottsbluff|n225|16|21,2022-07-22,True
UAV/Scottsbluff/TP2/Scottsbluff-TP2-n225_16_22.PNG,,RGBA,Scottsbluff,n225,16,22,TP2,252,595,Scottsbluff|n225|16|22,2022-07-22,True
UAV/Scottsbluff/TP2/Scottsbluff-TP2-n225_16_23.PNG,,RGBA,Scottsbluff,n225,16,23,TP2,251,596,Scottsbluff|n225|16|23,2022-07-22,True
UAV/Scottsbluff/TP2/Scottsbluff-TP2-n225_16_24.PNG,,RGBA,Scottsbluff,n225,16,24,TP2,252,595,Scottsbluff|n225|16|24,2022-07-22,True
UAV/Scottsbluff/TP2/Scottsbluff-TP2-n225_16_25.PNG,,RGBA,Scottsbluff,n225,16,25,TP2,251,594,Scottsbluff|n225|16|25,2022-07-22,True
UAV/Scottsbluff/TP2/Scottsbluff-TP2-n225_16_26.PNG,,RGBA,Scottsbluff,n225,16,26,TP2,252,595,Scottsbluff|n225|16|26,2022-07-22,True
UAV/Scottsbluff/TP2/Scottsbluff-TP2-n225_17_20.PNG,,RGBA,Scottsbluff,n225,17,20,TP2,252,596,Scottsbluff|n225|17|20,2022-07-22,True
UAV/Scottsbluff/TP2/Scottsbluff-TP2-n225_17_21.PNG,,RGBA,Scottsbluff,n225,17,21,TP2,252,595,Scottsbluff|n225|17|21,2022-07-22,True
UAV/Scottsbluff/TP2/Scottsbluff-TP2-n225_17_22.PNG,,RGBA,Scottsbluff,n225,17,22,TP2,252,595,Scottsbluff|n225|17|22,2022-07-22,True
UAV/Scottsbluff/TP2/Scottsbluff-TP2-n225_17_23.PNG,,RGBA,Scottsbluff,n225,17,23,TP2,251,595,Scottsbluff|n225|17|23,2022-07-22,True
UAV/Scottsbluff/TP2/Scottsbluff-TP2-n225_17_24.PNG,,RGBA,Scottsbluff,n225,17,24,TP2,252,595,Scottsbluff|n225|17|24,2022-07-22,True
UAV/Scottsbluff/TP2/Scottsbluff-TP2-n225_17_25.PNG,,RGBA,Scottsbluff,n225,17,25,TP2,251,595,Scottsbluff|n225|17|25,2022-07-22,True
UAV/Scottsbluff/TP2/Scottsbluff-TP2-n225_17_26.PNG,,RGBA,Scottsbluff,n225,17,26,TP2,252,595,Scottsbluff|n225|17|26,2022-07-22,True
UAV/Scottsbluff/TP2/Scottsbluff-TP2-n225_18_20.PNG,,RGBA,Scottsbluff,n225,18,20,TP2,251,595,Scottsbluff|n225|18|20,2022-07-22,True
UAV/Scottsbluff/TP2/Scottsbluff-TP2-n225_18_21.PNG,,RGBA,Scottsbluff,n225,18,21,TP2,252,595,Scottsbluff|n225|18|21,2022-07-22,True
UAV/Scottsbluff/TP2/Scottsbluff-TP2-n225_18_22.PNG,,RGBA,Scottsbluff,n225,18,22,TP2,252,595,Scottsbluff|n225|18|22,2022-07-22,True
UAV/Scottsbluff/TP2/Scottsbluff-TP2-n225_18_23.PNG,,RGBA,Scottsbluff,n225,18,23,TP2,252,595,Scottsbluff|n225|18|23,2022-07-22,True
UAV/Scottsbluff/TP2/Scottsbluff-TP2-n225_18_24.PNG,,RGBA,Scottsbluff,n225,18,24,TP2,252,595,Scottsbluff|n225|18|24,2022-07-22,True
UAV/Scottsbluff/TP2/Scottsbluff-TP2-n225_18_25.PNG,,RGBA,Scottsbluff,n225,18,25,TP2,251,594,Scottsbluff|n225|18|25,2022-07-22,True
UAV/Scottsbluff/TP2/Scottsbluff-TP2-n225_18_26.PNG,,RGBA,Scottsbluff,n225,18,26,TP2,252,594,Scottsbluff|n225|18|26,2022-07-22,True
UAV/Scottsbluff/TP2/Scottsbluff-TP2-n225_19_20.PNG,,RGBA,Scottsbluff,n225,19,20,TP2,252,596,Scottsbluff|n225|19|20,2022-07-22,True
UAV/Scottsbluff/TP2/Scottsbluff-TP2-n225_19_21.PNG,,RGBA,Scottsbluff,n225,19,21,TP2,252,595,Scottsbluff|n225|19|21,2022-07-22,True
UAV/Scottsbluff/TP2/Scottsbluff-TP2-n225_19_22.PNG,,RGBA,Scottsbluff,n225,19,22,TP2,251,595,Scottsbluff|n225|19|22,2022-07-22,True
UAV/Scottsbluff/TP2/Scottsbluff-TP2-n225_19_23.PNG,,RGBA,Scottsbluff,n225,19,23,TP2,252,595,Scottsbluff|n225|19|23,2022-07-22,True
UAV/Scottsbluff/TP2/Scottsbluff-TP2-n225_19_24.PNG,,RGBA,Scottsbluff,n225,19,24,TP2,252,594,Scottsbluff|n225|19|24,2022-07-22,True
UAV/Scottsbluff/TP2/Scottsbluff-TP2-n225_19_25.PNG,,RGBA,Scottsbluff,n225,19,25,TP2,252,594,Scottsbluff|n225|19|25,2022-07-22,True
UAV/Scottsbluff/TP2/Scottsbluff-TP2-n225_19_26.PNG,,RGBA,Scottsbluff,n225,19,26,TP2,252,594,Scottsbluff|n225|19|26,2022-07-22,True
UAV/Scottsbluff/TP2/Scottsbluff-TP2-n225_20_20.PNG,,RGBA,Scottsbluff,n225,20,20,TP2,252,595,Scottsbluff|n225|20|20,2022-07-22,True
UAV/Scottsbluff/TP2/Scottsbluff-TP2-n225_20_21.PNG,,RGBA,Scottsbluff,n225,20,21,TP2,252,594,Scottsbluff|n225|20|21,2022-07-22,True
UAV/Scottsbluff/TP2/Scottsbluff-TP2-n225_20_22.PNG,,RGBA,Scottsbluff,n225,20,22,TP2,252,595,Scottsbluff|n225|20|22,2022-07-22,True
UAV/Scottsbluff/TP2/Scottsbluff-TP2-n225_20_23.PNG,,RGBA,Scottsbluff,n225,20,23,TP2,252,594,Scottsbluff|n225|20|23,2022-07-22,True
UAV/Scottsbluff/TP2/Scottsbluff-TP2-n225_20_24.PNG,,RGBA,Scottsbluff,n225,20,24,TP2,251,594,Scottsbluff|n225|20|24,2022-07-22,True
UAV/Scottsbluff/TP2/Scottsbluff-TP2-n225_20_25.PNG,,RGBA,Scottsbluff,n225,20,25,TP2,252,594,Scottsbluff|n225|20|25,2022-07-22,True
UAV/Scottsbluff/TP2/Scottsbluff-TP2-n225_20_26.PNG,,RGBA,Scottsbluff,n225,20,26,TP2,252,594,Scottsbluff|n225|20|26,2022-07-22,True
UAV/Scottsbluff/TP2/Scottsbluff-TP2-n225_21_20.PNG,,RGBA,Scottsbluff,n225,21,20,TP2,252,595,Scottsbluff|n225|21|20,2022-07-22,True
UAV/Scottsbluff/TP2/Scottsbluff-TP2-n225_21_21.PNG,,RGBA,Scottsbluff,n225,21,21,TP2,251,595,Scottsbluff|n225|21|21,2022-07-22,True
UAV/Scottsbluff/TP2/Scottsbluff-TP2-n225_21_22.PNG,,RGBA,Scottsbluff,n225,21,22,TP2,252,595,Scottsbluff|n225|21|22,2022-07-22,True
UAV/Scottsbluff/TP2/Scottsbluff-TP2-n225_21_23.PNG,,RGBA,Scottsbluff,n225,21,23,TP2,252,594,Scottsbluff|n225|21|23,2022-07-22,True
UAV/Scottsbluff/TP2/Scottsbluff-TP2-n225_21_24.PNG,,RGBA,Scottsbluff,n225,21,24,TP2,251,594,Scottsbluff|n225|21|24,2022-07-22,True
UAV/Scottsbluff/TP2/Scottsbluff-TP2-n225_21_25.PNG,,RGBA,Scottsbluff,n225,21,25,TP2,252,594,Scottsbluff|n225|21|25,2022-07-22,True
UAV/Scottsbluff/TP2/Scottsbluff-TP2-n225_21_26.PNG,,RGBA,Scottsbluff,n225,21,26,TP2,252,594,Scottsbluff|n225|21|26,2022-07-22,True
UAV/Scottsbluff/TP2/Scottsbluff-TP2-n225_22_20.PNG,,RGBA,Scottsbluff,n225,22,20,TP2,252,595,Scottsbluff|n225|22|20,2022-07-22,True
UAV/Scottsbluff/TP2/Scottsbluff-TP2-n225_22_21.PNG,,RGBA,Scottsbluff,n225,22,21,TP2,252,595,Scottsbluff|n225|22|21,2022-07-22,True
UAV/Scottsbluff/TP2/Scottsbluff-TP2-n225_22_22.PNG,,RGBA,Scottsbluff,n225,22,22,TP2,252,594,Scottsbluff|n225|22|22,2022-07-22,True
UAV/Scottsbluff/TP2/Scottsbluff-TP2-n225_22_23.PNG,,RGBA,Scottsbluff,n225,22,23,TP2,252,594,Scottsbluff|n225|22|23,2022-07-22,True
UAV/Scottsbluff/TP2/Scottsbluff-TP2-n225_22_24.PNG,,RGBA,Scottsbluff,n225,22,24,TP2,251,594,Scottsbluff|n225|22|24,2022-07-22,True
UAV/Scottsbluff/TP2/Scottsbluff-TP2-n225_22_25.PNG,,RGBA,Scottsbluff,n225,22,25,TP2,252,594,Scottsbluff|n225|22|25,2022-07-22,True
UAV/Scottsbluff/TP2/Scottsbluff-TP2-n225_22_26.PNG,,RGBA,Scottsbluff,n225,22,26,TP2,252,593,Scottsbluff|n225|22|26,2022-07-22,True
UAV/Scottsbluff/TP2/Scottsbluff-TP2-n225_23_20.PNG,,RGBA,Scottsbluff,n225,23,20,TP2,251,594,Scottsbluff|n225|23|20,2022-07-22,True
UAV/Scottsbluff/TP2/Scottsbluff-TP2-n225_23_21.PNG,,RGBA,Scottsbluff,n225,23,21,TP2,252,594,Scottsbluff|n225|23|21,2022-07-22,True
UAV/Scottsbluff/TP2/Scottsbluff-TP2-n225_23_22.PNG,,RGBA,Scottsbluff,n225,23,22,TP2,252,594,Scottsbluff|n225|23|22,2022-07-22,True
UAV/Scottsbluff/TP2/Scottsbluff-TP2-n225_23_23.PNG,,RGBA,Scottsbluff,n225,23,23,TP2,252,593,Scottsbluff|n225|23|23,2022-07-22,True
UAV/Scottsbluff/TP2/Scottsbluff-TP2-n225_23_24.PNG,,RGBA,Scottsbluff,n225,23,24,TP2,252,593,Scottsbluff|n225|23|24,2022-07-22,True
UAV/Scottsbluff/TP2/Scottsbluff-TP2-n225_23_25.PNG,,RGBA,Scottsbluff,n225,23,25,TP2,252,593,Scottsbluff|n225|23|25,2022-07-22,True
UAV/Scottsbluff/TP2/Scottsbluff-TP2-n225_23_26.PNG,,RGBA,Scottsbluff,n225,23,26,TP2,252,593,Scottsbluff|n225|23|26,2022-07-22,False
UAV/Scottsbluff/TP2/Scottsbluff-TP2-n225_24_20.PNG,,RGBA,Scottsbluff,n225,24,20,TP2,252,594,Scottsbluff|n225|24|20,2022-07-22,True
UAV/Scottsbluff/TP2/Scottsbluff-TP2-n225_24_21.PNG,,RGBA,Scottsbluff,n225,24,21,TP2,252,594,Scottsbluff|n225|24|21,2022-07-22,True
UAV/Scottsbluff/TP2/Scottsbluff-TP2-n225_24_22.PNG,,RGBA,Scottsbluff,n225,24,22,TP2,252,593,Scottsbluff|n225|24|22,2022-07-22,True
UAV/Scottsbluff/TP2/Scottsbluff-TP2-n225_24_23.PNG,,RGBA,Scottsbluff,n225,24,23,TP2,251,593,Scottsbluff|n225|24|23,2022-07-22,True
UAV/Scottsbluff/TP2/Scottsbluff-TP2-n225_24_24.PNG,,RGBA,Scottsbluff,n225,24,24,TP2,252,594,Scottsbluff|n225|24|24,2022-07-22,True
UAV/Scottsbluff/TP2/Scottsbluff-TP2-n225_24_25.PNG,,RGBA,Scottsbluff,n225,24,25,TP2,252,593,Scottsbluff|n225|24|25,2022-07-22,True
UAV/Scottsbluff/TP2/Scottsbluff-TP2-n225_24_26.PNG,,RGBA,Scottsbluff,n225,24,26,TP2,252,593,Scottsbluff|n225|24|26,2022-07-22,False
UAV/Scottsbluff/TP2/Scottsbluff-TP2-n225_25_20.PNG,,RGBA,Scottsbluff,n225,25,20,TP2,252,594,Scottsbluff|n225|25|20,2022-07-22,True
UAV/Scottsbluff/TP2/Scottsbluff-TP2-n225_25_21.PNG,,RGBA,Scottsbluff,n225,25,21,TP2,252,594,Scottsbluff|n225|25|21,2022-07-22,True
UAV/Scottsbluff/TP2/Scottsbluff-TP2-n225_25_22.PNG,,RGBA,Scottsbluff,n225,25,22,TP2,252,593,Scottsbluff|n225|25|22,2022-07-22,True
UAV/Scottsbluff/TP2/Scottsbluff-TP2-n225_25_23.PNG,,RGBA,Scottsbluff,n225,25,23,TP2,252,594,Scottsbluff|n225|25|23,2022-07-22,True
UAV/Scottsbluff/TP2/Scottsbluff-TP2-n225_25_24.PNG,,RGBA,Scottsbluff,n225,25,24,TP2,252,593,Scottsbluff|n225|25|24,2022-07-22,True
UAV/Scottsbluff/TP2/Scottsbluff-TP2-n225_25_25.PNG,,RGBA,Scottsbluff,n225,25,25,TP2,252,592,Scottsbluff|n225|25|25,2022-07-22,True
UAV/Scottsbluff/TP2/Scottsbluff-TP2-n225_25_26.PNG,,RGBA,Scottsbluff,n225,25,26,TP2,251,593,Scottsbluff|n225|25|26,2022-07-22,False
UAV/Scottsbluff/TP2/Scottsbluff-TP2-n225_26_20.PNG,,RGBA,Scottsbluff,n225,26,20,TP2,252,594,Scottsbluff|n225|26|20,2022-07-22,True
UAV/Scottsbluff/TP2/Scottsbluff-TP2-n225_26_21.PNG,,RGBA,Scottsbluff,n225,26,21,TP2,252,593,Scottsbluff|n225|26|21,2022-07-22,True
UAV/Scottsbluff/TP2/Scottsbluff-TP2-n225_26_22.PNG,,RGBA,Scottsbluff,n225,26,22,TP2,251,593,Scottsbluff|n225|26|22,2022-07-22,True
UAV/Scottsbluff/TP2/Scottsbluff-TP2-n225_26_23.PNG,,RGBA,Scottsbluff,n225,26,23,TP2,252,593,Scottsbluff|n225|26|23,2022-07-22,True
UAV/Scottsbluff/TP2/Scottsbluff-TP2-n225_26_24.PNG,,RGBA,Scottsbluff,n225,26,24,TP2,252,593,Scottsbluff|n225|26|24,2022-07-22,True
UAV/Scottsbluff/TP2/Scottsbluff-TP2-n225_26_25.PNG,,RGBA,Scottsbluff,n225,26,25,TP2,252,593,Scottsbluff|n225|26|25,2022-07-22,True
UAV/Scottsbluff/TP2/Scottsbluff-TP2-n225_26_26.PNG,,RGBA,Scottsbluff,n225,26,26,TP2,251,593,Scottsbluff|n225|26|26,2022-07-22,False
UAV/Scottsbluff/TP2/Scottsbluff-TP2-n225_27_20.PNG,,RGBA,Scottsbluff,n225,27,20,TP2,252,594,Scottsbluff|n225|27|20,2022-07-22,True
UAV/Scottsbluff/TP2/Scottsbluff-TP2-n225_27_21.PNG,,RGBA,Scottsbluff,n225,27,21,TP2,252,593,Scottsbluff|n225|27|21,2022-07-22,True
UAV/Scottsbluff/TP2/Scottsbluff-TP2-n225_27_22.PNG,,RGBA,Scottsbluff,n225,27,22,TP2,252,593,Scottsbluff|n225|27|22,2022-07-22,True
UAV/Scottsbluff/TP2/Scottsbluff-TP2-n225_27_23.PNG,,RGBA,Scottsbluff,n225,27,23,TP2,252,593,Scottsbluff|n225|27|23,2022-07-22,True
UAV/Scottsbluff/TP2/Scottsbluff-TP2-n225_27_24.PNG,,RGBA,Scottsbluff,n225,27,24,TP2,252,593,Scottsbluff|n225|27|24,2022-07-22,True
UAV/Scottsbluff/TP2/Scottsbluff-TP2-n225_27_25.PNG,,RGBA,Scottsbluff,n225,27,25,TP2,252,592,Scottsbluff|n225|27|25,2022-07-22,True
UAV/Scottsbluff/TP2/Scottsbluff-TP2-n225_27_26.PNG,,RGBA,Scottsbluff,n225,27,26,TP2,251,592,Scottsbluff|n225|27|26,2022-07-22,False
UAV/Scottsbluff/TP2/Scottsbluff-TP2-n225_3_20.PNG,,RGBA,Scottsbluff,n225,3,20,TP2,251,599,Scottsbluff|n225|3|20,2022-07-22,True
UAV/Scottsbluff/TP2/Scottsbluff-TP2-n225_3_21.PNG,,RGBA,Scottsbluff,n225,3,21,TP2,251,598,Scottsbluff|n225|3|21,2022-07-22,True
UAV/Scottsbluff/TP2/Scottsbluff-TP2-n225_3_22.PNG,,RGBA,Scottsbluff,n225,3,22,TP2,252,599,Scottsbluff|n225|3|22,2022-07-22,True
UAV/Scottsbluff/TP2/Scottsbluff-TP2-n225_3_23.PNG,,RGBA,Scottsbluff,n225,3,23,TP2,252,598,Scottsbluff|n225|3|23,2022-07-22,True
UAV/Scottsbluff/TP2/Scottsbluff-TP2-n225_3_24.PNG,,RGBA,Scottsbluff,n225,3,24,TP2,251,598,Scottsbluff|n225|3|24,2022-07-22,True
UAV/Scottsbluff/TP2/Scottsbluff-TP2-n225_3_25.PNG,,RGBA,Scottsbluff,n225,3,25,TP2,251,598,Scottsbluff|n225|3|25,2022-07-22,True
UAV/Scottsbluff/TP2/Scottsbluff-TP2-n225_3_26.PNG,,RGBA,Scottsbluff,n225,3,26,TP2,251,598,Scottsbluff|n225|3|26,2022-07-22,True
UAV/Scottsbluff/TP2/Scottsbluff-TP2-n225_4_20.PNG,,RGBA,Scottsbluff,n225,4,20,TP2,251,598,Scottsbluff|n225|4|20,2022-07-22,True
UAV/Scottsbluff/TP2/Scottsbluff-TP2-n225_4_21.PNG,,RGBA,Scottsbluff,n225,4,21,TP2,251,598,Scottsbluff|n225|4|21,2022-07-22,True
UAV/Scottsbluff/TP2/Scottsbluff-TP2-n225_4_22.PNG,,RGBA,Scottsbluff,n225,4,22,TP2,251,599,Scottsbluff|n225|4|22,2022-07-22,True
UAV/Scottsbluff/TP2/Scottsbluff-TP2-n225_4_23.PNG,,RGBA,Scottsbluff,n225,4,23,TP2,252,598,Scottsbluff|n225|4|23,2022-07-22,True
UAV/Scottsbluff/TP2/Scottsbluff-TP2-n225_4_24.PNG,,RGBA,Scottsbluff,n225,4,24,TP2,251,598,Scottsbluff|n225|4|24,2022-07-22,True
UAV/Scottsbluff/TP2/Scottsbluff-TP2-n225_4_25.PNG,,RGBA,Scottsbluff,n225,4,25,TP2,251,598,Scottsbluff|n225|4|25,2022-07-22,True
UAV/Scottsbluff/TP2/Scottsbluff-TP2-n225_4_26.PNG,,RGBA,Scottsbluff,n225,4,26,TP2,251,597,Scottsbluff|n225|4|26,2022-07-22,True
UAV/Scottsbluff/TP2/Scottsbluff-TP2-n225_5_20.PNG,,RGBA,Scottsbluff,n225,5,20,TP2,252,599,Scottsbluff|n225|5|20,2022-07-22,True
UAV/Scottsbluff/TP2/Scottsbluff-TP2-n225_5_21.PNG,,RGBA,Scottsbluff,n225,5,21,TP2,251,599,Scottsbluff|n225|5|21,2022-07-22,True
UAV/Scottsbluff/TP2/Scottsbluff-TP2-n225_5_22.PNG,,RGBA,Scottsbluff,n225,5,22,TP2,251,598,Scottsbluff|n225|5|22,2022-07-22,True
UAV/Scottsbluff/TP2/Scottsbluff-TP2-n225_5_23.PNG,,RGBA,Scottsbluff,n225,5,23,TP2,252,597,Scottsbluff|n225|5|23,2022-07-22,True
UAV/Scottsbluff/TP2/Scottsbluff-TP2-n225_5_24.PNG,,RGBA,Scottsbluff,n225,5,24,TP2,252,597,Scottsbluff|n225|5|24,2022-07-22,True
UAV/Scottsbluff/TP2/Scottsbluff-TP2-n225_5_25.PNG,,RGBA,Scottsbluff,n225,5,25,TP2,251,597,Scottsbluff|n225|5|25,2022-07-22,True
UAV/Scottsbluff/TP2/Scottsbluff-TP2-n225_5_26.PNG,,RGBA,Scottsbluff,n225,5,26,TP2,251,597,Scottsbluff|n225|5|26,2022-07-22,True
UAV/Scottsbluff/TP2/Scottsbluff-TP2-n225_6_20.PNG,,RGBA,Scottsbluff,n225,6,20,TP2,252,598,Scottsbluff|n225|6|20,2022-07-22,True
UAV/Scottsbluff/TP2/Scottsbluff-TP2-n225_6_21.PNG,,RGBA,Scottsbluff,n225,6,21,TP2,251,598,Scottsbluff|n225|6|21,2022-07-22,True
UAV/Scottsbluff/TP2/Scottsbluff-TP2-n225_6_22.PNG,,RGBA,Scottsbluff,n225,6,22,TP2,251,597,Scottsbluff|n225|6|22,2022-07-22,True
UAV/Scottsbluff/TP2/Scottsbluff-TP2-n225_6_23.PNG,,RGBA,Scottsbluff,n225,6,23,TP2,251,598,Scottsbluff|n225|6|23,2022-07-22,True
UAV/Scottsbluff/TP2/Scottsbluff-TP2-n225_6_24.PNG,,RGBA,Scottsbluff,n225,6,24,TP2,252,598,Scottsbluff|n225|6|24,2022-07-22,True
UAV/Scottsbluff/TP2/Scottsbluff-TP2-n225_6_25.PNG,,RGBA,Scottsbluff,n225,6,25,TP2,251,597,Scottsbluff|n225|6|25,2022-07-22,True
UAV/Scottsbluff/TP2/Scottsbluff-TP2-n225_6_26.PNG,,RGBA,Scottsbluff,n225,6,26,TP2,251,597,Scottsbluff|n225|6|26,2022-07-22,True
UAV/Scottsbluff/TP2/Scottsbluff-TP2-n225_7_20.PNG,,RGBA,Scottsbluff,n225,7,20,TP2,252,598,Scottsbluff|n225|7|20,2022-07-22,True
UAV/Scottsbluff/TP2/Scottsbluff-TP2-n225_7_21.PNG,,RGBA,Scottsbluff,n225,7,21,TP2,252,598,Scottsbluff|n225|7|21,2022-07-22,True
UAV/Scottsbluff/TP2/Scottsbluff-TP2-n225_7_22.PNG,,RGBA,Scottsbluff,n225,7,22,TP2,251,597,Scottsbluff|n225|7|22,2022-07-22,True
UAV/Scottsbluff/TP2/Scottsbluff-TP2-n225_7_23.PNG,,RGBA,Scottsbluff,n225,7,23,TP2,251,598,Scottsbluff|n225|7|23,2022-07-22,True
UAV/Scottsbluff/TP2/Scottsbluff-TP2-n225_7_24.PNG,,RGBA,Scottsbluff,n225,7,24,TP2,252,597,Scottsbluff|n225|7|24,2022-07-22,True
UAV/Scottsbluff/TP2/Scottsbluff-TP2-n225_7_25.PNG,,RGBA,Scottsbluff,n225,7,25,TP2,252,597,Scottsbluff|n225|7|25,2022-07-22,True
UAV/Scottsbluff/TP2/Scottsbluff-TP2-n225_7_26.PNG,,RGBA,Scottsbluff,n225,7,26,TP2,251,597,Scottsbluff|n225|7|26,2022-07-22,True
UAV/Scottsbluff/TP2/Scottsbluff-TP2-n225_8_20.PNG,,RGBA,Scottsbluff,n225,8,20,TP2,251,598,Scottsbluff|n225|8|20,2022-07-22,True
UAV/Scottsbluff/TP2/Scottsbluff-TP2-n225_8_21.PNG,,RGBA,Scottsbluff,n225,8,21,TP2,252,598,Scottsbluff|n225|8|21,2022-07-22,True
UAV/Scottsbluff/TP2/Scottsbluff-TP2-n225_8_22.PNG,,RGBA,Scottsbluff,n225,8,22,TP2,252,597,Scottsbluff|n225|8|22,2022-07-22,True
UAV/Scottsbluff/TP2/Scottsbluff-TP2-n225_8_23.PNG,,RGBA,Scottsbluff,n225,8,23,TP2,251,597,Scottsbluff|n225|8|23,2022-07-22,True
UAV/Scottsbluff/TP2/Scottsbluff-TP2-n225_8_24.PNG,,RGBA,Scottsbluff,n225,8,24,TP2,251,597,Scottsbluff|n225|8|24,2022-07-22,True
UAV/Scottsbluff/TP2/Scottsbluff-TP2-n225_8_25.PNG,,RGBA,Scottsbluff,n225,8,25,TP2,252,597,Scottsbluff|n225|8|25,2022-07-22,True
UAV/Scottsbluff/TP2/Scottsbluff-TP2-n225_8_26.PNG,,RGBA,Scottsbluff,n225,8,26,TP2,251,596,Scottsbluff|n225|8|26,2022-07-22,True
UAV/Scottsbluff/TP2/Scottsbluff-TP2-n225_9_20.PNG,,RGBA,Scottsbluff,n225,9,20,TP2,251,598,Scottsbluff|n225|9|20,2022-07-22,True
UAV/Scottsbluff/TP2/Scottsbluff-TP2-n225_9_21.PNG,,RGBA,Scottsbluff,n225,9,21,TP2,251,597,Scottsbluff|n225|9|21,2022-07-22,True
UAV/Scottsbluff/TP2/Scottsbluff-TP2-n225_9_22.PNG,,RGBA,Scottsbluff,n225,9,22,TP2,252,597,Scottsbluff|n225|9|22,2022-07-22,True
UAV/Scottsbluff/TP2/Scottsbluff-TP2-n225_9_23.PNG,,RGBA,Scottsbluff,n225,9,23,TP2,251,597,Scottsbluff|n225|9|23,2022-07-22,True
UAV/Scottsbluff/TP2/Scottsbluff-TP2-n225_9_24.PNG,,RGBA,Scottsbluff,n225,9,24,TP2,251,597,Scottsbluff|n225|9|24,2022-07-22,True
UAV/Scottsbluff/TP2/Scottsbluff-TP2-n225_9_25.PNG,,RGBA,Scottsbluff,n225,9,25,TP2,252,596,Scottsbluff|n225|9|25,2022-07-22,True
UAV/Scottsbluff/TP2/Scottsbluff-TP2-n225_9_26.PNG,,RGBA,Scottsbluff,n225,9,26,TP2,251,596,Scottsbluff|n225|9|26,2022-07-22,True
UAV/Scottsbluff/TP2/Scottsbluff-TP2-n75_10_1.PNG,,RGBA,Scottsbluff,n75,10,1,TP2,254,593,Scottsbluff|n75|10|1,2022-07-22,True
UAV/Scottsbluff/TP2/Scottsbluff-TP2-n75_10_2.PNG,,RGBA,Scottsbluff,n75,10,2,TP2,254,593,Scottsbluff|n75|10|2,2022-07-22,True
UAV/Scottsbluff/TP2/Scottsbluff-TP2-n75_10_3.PNG,,RGBA,Scottsbluff,n75,10,3,TP2,254,593,Scottsbluff|n75|10|3,2022-07-22,True
UAV/Scottsbluff/TP2/Scottsbluff-TP2-n75_10_4.PNG,,RGBA,Scottsbluff,n75,10,4,TP2,254,593,Scottsbluff|n75|10|4,2022-07-22,True
UAV/Scottsbluff/TP2/Scottsbluff-TP2-n75_10_5.PNG,,RGBA,Scottsbluff,n75,10,5,TP2,254,593,Scottsbluff|n75|10|5,2022-07-22,True
UAV/Scottsbluff/TP2/Scottsbluff-TP2-n75_10_6.PNG,,RGBA,Scottsbluff,n75,10,6,TP2,254,593,Scottsbluff|n75|10|6,2022-07-22,True
UAV/Scottsbluff/TP2/Scottsbluff-TP2-n75_10_7.PNG,,RGBA,Scottsbluff,n75,10,7,TP2,254,594,Scottsbluff|n75|10|7,2022-07-22,True
UAV/Scottsbluff/TP2/Scottsbluff-TP2-n75_11_1.PNG,,RGBA,Scottsbluff,n75,11,1,TP2,254,593,Scottsbluff|n75|11|1,2022-07-22,True
UAV/Scottsbluff/TP2/Scottsbluff-TP2-n75_11_2.PNG,,RGBA,Scottsbluff,n75,11,2,TP2,254,593,Scottsbluff|n75|11|2,2022-07-22,True
UAV/Scottsbluff/TP2/Scottsbluff-TP2-n75_11_3.PNG,,RGBA,Scottsbluff,n75,11,3,TP2,254,593,Scottsbluff|n75|11|3,2022-07-22,True
UAV/Scottsbluff/TP2/Scottsbluff-TP2-n75_11_4.PNG,,RGBA,Scottsbluff,n75,11,4,TP2,254,594,Scottsbluff|n75|11|4,2022-07-22,True
UAV/Scottsbluff/TP2/Scottsbluff-TP2-n75_11_5.PNG,,RGBA,Scottsbluff,n75,11,5,TP2,254,594,Scottsbluff|n75|11|5,2022-07-22,True
UAV/Scottsbluff/TP2/Scottsbluff-TP2-n75_11_6.PNG,,RGBA,Scottsbluff,n75,11,6,TP2,254,594,Scottsbluff|n75|11|6,2022-07-22,True
UAV/Scottsbluff/TP2/Scottsbluff-TP2-n75_11_7.PNG,,RGBA,Scottsbluff,n75,11,7,TP2,254,594,Scottsbluff|n75|11|7,2022-07-22,True
UAV/Scottsbluff/TP2/Scottsbluff-TP2-n75_12_1.PNG,,RGBA,Scottsbluff,n75,12,1,TP2,254,593,Scottsbluff|n75|12|1,2022-07-22,True
UAV/Scottsbluff/TP2/Scottsbluff-TP2-n75_12_2.PNG,,RGBA,Scottsbluff,n75,12,2,TP2,254,593,Scottsbluff|n75|12|2,2022-07-22,True
UAV/Scottsbluff/TP2/Scottsbluff-TP2-n75_12_3.PNG,,RGBA,Scottsbluff,n75,12,3,TP2,254,594,Scottsbluff|n75|12|3,2022-07-22,True
UAV/Scottsbluff/TP2/Scottsbluff-TP2-n75_12_4.PNG,,RGBA,Scottsbluff,n75,12,4,TP2,254,594,Scottsbluff|n75|12|4,2022-07-22,True
UAV/Scottsbluff/TP2/Scottsbluff-TP2-n75_12_5.PNG,,RGBA,Scottsbluff,n75,12,5,TP2,254,593,Scottsbluff|n75|12|5,2022-07-22,True
UAV/Scottsbluff/TP2/Scottsbluff-TP2-n75_12_6.PNG,,RGBA,Scottsbluff,n75,12,6,TP2,254,594,Scottsbluff|n75|12|6,2022-07-22,True
UAV/Scottsbluff/TP2/Scottsbluff-TP2-n75_12_7.PNG,,RGBA,Scottsbluff,n75,12,7,TP2,254,594,Scottsbluff|n75|12|7,2022-07-22,True
UAV/Scottsbluff/TP2/Scottsbluff-TP2-n75_13_1.PNG,,RGBA,Scottsbluff,n75,13,1,TP2,254,593,Scottsbluff|n75|13|1,2022-07-22,True
UAV/Scottsbluff/TP2/Scottsbluff-TP2-n75_13_2.PNG,,RGBA,Scottsbluff,n75,13,2,TP2,254,594,Scottsbluff|n75|13|2,2022-07-22,True
UAV/Scottsbluff/TP2/Scottsbluff-TP2-n75_13_3.PNG,,RGBA,Scottsbluff,n75,13,3,TP2,254,594,Scottsbluff|n75|13|3,2022-07-22,True
UAV/Scottsbluff/TP2/Scottsbluff-TP2-n75_13_4.PNG,,RGBA,Scottsbluff,n75,13,4,TP2,254,593,Scottsbluff|n75|13|4,2022-07-22,True
UAV/Scottsbluff/TP2/Scottsbluff-TP2-n75_13_5.PNG,,RGBA,Scottsbluff,n75,13,5,TP2,254,594,Scottsbluff|n75|13|5,2022-07-22,True
UAV/Scottsbluff/TP2/Scottsbluff-TP2-n75_13_6.PNG,,RGBA,Scottsbluff,n75,13,6,TP2,254,594,Scottsbluff|n75|13|6,2022-07-22,True
UAV/Scottsbluff/TP2/Scottsbluff-TP2-n75_13_7.PNG,,RGBA,Scottsbluff,n75,13,7,TP2,254,594,Scottsbluff|n75|13|7,2022-07-22,True
UAV/Scottsbluff/TP2/Scottsbluff-TP2-n75_14_1.PNG,,RGBA,Scottsbluff,n75,14,1,TP2,254,593,Scottsbluff|n75|14|1,2022-07-22,True
UAV/Scottsbluff/TP2/Scottsbluff-TP2-n75_14_2.PNG,,RGBA,Scottsbluff,n75,14,2,TP2,254,594,Scottsbluff|n75|14|2,2022-07-22,True
UAV/Scottsbluff/TP2/Scottsbluff-TP2-n75_14_3.PNG,,RGBA,Scottsbluff,n75,14,3,TP2,254,593,Scottsbluff|n75|14|3,2022-07-22,True
UAV/Scottsbluff/TP2/Scottsbluff-TP2-n75_14_4.PNG,,RGBA,Scottsbluff,n75,14,4,TP2,254,594,Scottsbluff|n75|14|4,2022-07-22,True
UAV/Scottsbluff/TP2/Scottsbluff-TP2-n75_14_5.PNG,,RGBA,Scottsbluff,n75,14,5,TP2,254,594,Scottsbluff|n75|14|5,2022-07-22,True
UAV/Scottsbluff/TP2/Scottsbluff-TP2-n75_14_6.PNG,,RGBA,Scottsbluff,n75,14,6,TP2,254,594,Scottsbluff|n75|14|6,2022-07-22,True
UAV/Scottsbluff/TP2/Scottsbluff-TP2-n75_14_7.PNG,,RGBA,Scottsbluff,n75,14,7,TP2,253,595,Scottsbluff|n75|14|7,2022-07-22,True
UAV/Scottsbluff/TP2/Scottsbluff-TP2-n75_15_1.PNG,,RGBA,Scottsbluff,n75,15,1,TP2,254,593,Scottsbluff|n75|15|1,2022-07-22,True
UAV/Scottsbluff/TP2/Scottsbluff-TP2-n75_15_2.PNG,,RGBA,Scottsbluff,n75,15,2,TP2,254,594,Scottsbluff|n75|15|2,2022-07-22,True
UAV/Scottsbluff/TP2/Scottsbluff-TP2-n75_15_3.PNG,,RGBA,Scottsbluff,n75,15,3,TP2,254,594,Scottsbluff|n75|15|3,2022-07-22,True
UAV/Scottsbluff/TP2/Scottsbluff-TP2-n75_15_4.PNG,,RGBA,Scottsbluff,n75,15,4,TP2,254,594,Scottsbluff|n75|15|4,2022-07-22,True
UAV/Scottsbluff/TP2/Scottsbluff-TP2-n75_15_5.PNG,,RGBA,Scottsbluff,n75,15,5,TP2,254,594,Scottsbluff|n75|15|5,2022-07-22,True
UAV/Scottsbluff/TP2/Scottsbluff-TP2-n75_15_6.PNG,,RGBA,Scottsbluff,n75,15,6,TP2,254,595,Scottsbluff|n75|15|6,2022-07-22,True
UAV/Scottsbluff/TP2/Scottsbluff-TP2-n75_15_7.PNG,,RGBA,Scottsbluff,n75,15,7,TP2,254,594,Scottsbluff|n75|15|7,2022-07-22,True
UAV/Scottsbluff/TP2/Scottsbluff-TP2-n75_16_1.PNG,,RGBA,Scottsbluff,n75,16,1,TP2,254,593,Scottsbluff|n75|16|1,2022-07-22,True
UAV/Scottsbluff/TP2/Scottsbluff-TP2-n75_16_2.PNG,,RGBA,Scottsbluff,n75,16,2,TP2,254,594,Scottsbluff|n75|16|2,2022-07-22,True
UAV/Scottsbluff/TP2/Scottsbluff-TP2-n75_16_3.PNG,,RGBA,Scottsbluff,n75,16,3,TP2,254,594,Scottsbluff|n75|16|3,2022-07-22,True
UAV/Scottsbluff/TP2/Scottsbluff-TP2-n75_16_4.PNG,,RGBA,Scottsbluff,n75,16,4,TP2,254,594,Scottsbluff|n75|16|4,2022-07-22,True
UAV/Scottsbluff/TP2/Scottsbluff-TP2-n75_16_5.PNG,,RGBA,Scottsbluff,n75,16,5,TP2,255,595,Scottsbluff|n75|16|5,2022-07-22,True
UAV/Scottsbluff/TP2/Scottsbluff-TP2-n75_16_6.PNG,,RGBA,Scottsbluff,n75,16,6,TP2,254,594,Scottsbluff|n75|16|6,2022-07-22,True
UAV/Scottsbluff/TP2/Scottsbluff-TP2-n75_16_7.PNG,,RGBA,Scottsbluff,n75,16,7,TP2,254,594,Scottsbluff|n75|16|7,2022-07-22,True
UAV/Scottsbluff/TP2/Scottsbluff-TP2-n75_17_1.PNG,,RGBA,Scottsbluff,n75,17,1,TP2,255,594,Scottsbluff|n75|17|1,2022-07-22,True
UAV/Scottsbluff/TP2/Scottsbluff-TP2-n75_17_2.PNG,,RGBA,Scottsbluff,n75,17,2,TP2,254,594,Scottsbluff|n75|17|2,2022-07-22,True
UAV/Scottsbluff/TP2/Scottsbluff-TP2-n75_17_3.PNG,,RGBA,Scottsbluff,n75,17,3,TP2,254,594,Scottsbluff|n75|17|3,2022-07-22,True
UAV/Scottsbluff/TP2/Scottsbluff-TP2-n75_17_4.PNG,,RGBA,Scottsbluff,n75,17,4,TP2,254,594,Scottsbluff|n75|17|4,2022-07-22,True
UAV/Scottsbluff/TP2/Scottsbluff-TP2-n75_17_5.PNG,,RGBA,Scottsbluff,n75,17,5,TP2,254,594,Scottsbluff|n75|17|5,2022-07-22,True
UAV/Scottsbluff/TP2/Scottsbluff-TP2-n75_17_6.PNG,,RGBA,Scottsbluff,n75,17,6,TP2,254,594,Scottsbluff|n75|17|6,2022-07-22,True
UAV/Scottsbluff/TP2/Scottsbluff-TP2-n75_17_7.PNG,,RGBA,Scottsbluff,n75,17,7,TP2,254,595,Scottsbluff|n75|17|7,2022-07-22,True
UAV/Scottsbluff/TP2/Scottsbluff-TP2-n75_18_1.PNG,,RGBA,Scottsbluff,n75,18,1,TP2,255,594,Scottsbluff|n75|18|1,2022-07-22,True
UAV/Scottsbluff/TP2/Scottsbluff-TP2-n75_18_2.PNG,,RGBA,Scottsbluff,n75,18,2,TP2,254,594,Scottsbluff|n75|18|2,2022-07-22,True
UAV/Scottsbluff/TP2/Scottsbluff-TP2-n75_18_3.PNG,,RGBA,Scottsbluff,n75,18,3,TP2,254,595,Scottsbluff|n75|18|3,2022-07-22,True
UAV/Scottsbluff/TP2/Scottsbluff-TP2-n75_18_4.PNG,,RGBA,Scottsbluff,n75,18,4,TP2,255,595,Scottsbluff|n75|18|4,2022-07-22,True
UAV/Scottsbluff/TP2/Scottsbluff-TP2-n75_18_5.PNG,,RGBA,Scottsbluff,n75,18,5,TP2,254,595,Scottsbluff|n75|18|5,2022-07-22,True
UAV/Scottsbluff/TP2/Scottsbluff-TP2-n75_18_6.PNG,,RGBA,Scottsbluff,n75,18,6,TP2,254,595,Scottsbluff|n75|18|6,2022-07-22,True
UAV/Scottsbluff/TP2/Scottsbluff-TP2-n75_18_7.PNG,,RGBA,Scottsbluff,n75,18,7,TP2,254,595,Scottsbluff|n75|18|7,2022-07-22,True
UAV/Scottsbluff/TP2/Scottsbluff-TP2-n75_19_1.PNG,,RGBA,Scottsbluff,n75,19,1,TP2,255,594,Scottsbluff|n75|19|1,2022-07-22,True
UAV/Scottsbluff/TP2/Scottsbluff-TP2-n75_19_2.PNG,,RGBA,Scottsbluff,n75,19,2,TP2,254,594,Scottsbluff|n75|19|2,2022-07-22,True
UAV/Scottsbluff/TP2/Scottsbluff-TP2-n75_19_3.PNG,,RGBA,Scottsbluff,n75,19,3,TP2,254,594,Scottsbluff|n75|19|3,2022-07-22,True
UAV/Scottsbluff/TP2/Scottsbluff-TP2-n75_19_4.PNG,,RGBA,Scottsbluff,n75,19,4,TP2,255,594,Scottsbluff|n75|19|4,2022-07-22,True
UAV/Scottsbluff/TP2/Scottsbluff-TP2-n75_19_5.PNG,,RGBA,Scottsbluff,n75,19,5,TP2,254,594,Scottsbluff|n75|19|5,2022-07-22,True
UAV/Scottsbluff/TP2/Scottsbluff-TP2-n75_19_6.PNG,,RGBA,Scottsbluff,n75,19,6,TP2,254,595,Scottsbluff|n75|19|6,2022-07-22,True
UAV/Scottsbluff/TP2/Scottsbluff-TP2-n75_19_7.PNG,,RGBA,Scottsbluff,n75,19,7,TP2,255,595,Scottsbluff|n75|19|7,2022-07-22,True
UAV/Scottsbluff/TP2/Scottsbluff-TP2-n75_20_1.PNG,,RGBA,Scottsbluff,n75,20,1,TP2,255,594,Scottsbluff|n75|20|1,2022-07-22,True
UAV/Scottsbluff/TP2/Scottsbluff-TP2-n75_20_2.PNG,,RGBA,Scottsbluff,n75,20,2,TP2,255,594,Scottsbluff|n75|20|2,2022-07-22,True
UAV/Scottsbluff/TP2/Scottsbluff-TP2-n75_20_3.PNG,,RGBA,Scottsbluff,n75,20,3,TP2,254,594,Scottsbluff|n75|20|3,2022-07-22,True
UAV/Scottsbluff/TP2/Scottsbluff-TP2-n75_20_4.PNG,,RGBA,Scottsbluff,n75,20,4,TP2,255,595,Scottsbluff|n75|20|4,2022-07-22,True
UAV/Scottsbluff/TP2/Scottsbluff-TP2-n75_20_5.PNG,,RGBA,Scottsbluff,n75,20,5,TP2,254,595,Scottsbluff|n75|20|5,2022-07-22,True
UAV/Scottsbluff/TP2/Scottsbluff-TP2-n75_20_6.PNG,,RGBA,Scottsbluff,n75,20,6,TP2,254,595,Scottsbluff|n75|20|6,2022-07-22,True
UAV/Scottsbluff/TP2/Scottsbluff-TP2-n75_20_7.PNG,,RGBA,Scottsbluff,n75,20,7,TP2,254,595,Scottsbluff|n75|20|7,2022-07-22,True
UAV/Scottsbluff/TP2/Scottsbluff-TP2-n75_21_1.PNG,,RGBA,Scottsbluff,n75,21,1,TP2,254,595,Scottsbluff|n75|21|1,2022-07-22,True
UAV/Scottsbluff/TP2/Scottsbluff-TP2-n75_21_2.PNG,,RGBA,Scottsbluff,n75,21,2,TP2,255,594,Scottsbluff|n75|21|2,2022-07-22,True
UAV/Scottsbluff/TP2/Scottsbluff-TP2-n75_21_3.PNG,,RGBA,Scottsbluff,n75,21,3,TP2,254,595,Scottsbluff|n75|21|3,2022-07-22,True
UAV/Scottsbluff/TP2/Scottsbluff-TP2-n75_21_4.PNG,,RGBA,Scottsbluff,n75,21,4,TP2,255,595,Scottsbluff|n75|21|4,2022-07-22,True
UAV/Scottsbluff/TP2/Scottsbluff-TP2-n75_21_5.PNG,,RGBA,Scottsbluff,n75,21,5,TP2,254,595,Scottsbluff|n75|21|5,2022-07-22,True
UAV/Scottsbluff/TP2/Scottsbluff-TP2-n75_21_6.PNG,,RGBA,Scottsbluff,n75,21,6,TP2,255,595,Scottsbluff|n75|21|6,2022-07-22,True
UAV/Scottsbluff/TP2/Scottsbluff-TP2-n75_21_7.PNG,,RGBA,Scottsbluff,n75,21,7,TP2,254,595,Scottsbluff|n75|21|7,2022-07-22,True
UAV/Scottsbluff/TP2/Scottsbluff-TP2-n75_22_1.PNG,,RGBA,Scottsbluff,n75,22,1,TP2,254,595,Scottsbluff|n75|22|1,2022-07-22,True
UAV/Scottsbluff/TP2/Scottsbluff-TP2-n75_22_2.PNG,,RGBA,Scottsbluff,n75,22,2,TP2,255,594,Scottsbluff|n75|22|2,2022-07-22,True
UAV/Scottsbluff/TP2/Scottsbluff-TP2-n75_22_3.PNG,,RGBA,Scottsbluff,n75,22,3,TP2,254,595,Scottsbluff|n75|22|3,2022-07-22,True
UAV/Scottsbluff/TP2/Scottsbluff-TP2-n75_22_4.PNG,,RGBA,Scottsbluff,n75,22,4,TP2,255,595,Scottsbluff|n75|22|4,2022-07-22,True
UAV/Scottsbluff/TP2/Scottsbluff-TP2-n75_22_5.PNG,,RGBA,Scottsbluff,n75,22,5,TP2,254,595,Scottsbluff|n75|22|5,2022-07-22,True
UAV/Scottsbluff/TP2/Scottsbluff-TP2-n75_22_6.PNG,,RGBA,Scottsbluff,n75,22,6,TP2,255,595,Scottsbluff|n75|22|6,2022-07-22,True
UAV/Scottsbluff/TP2/Scottsbluff-TP2-n75_22_7.PNG,,RGBA,Scottsbluff,n75,22,7,TP2,254,595,Scottsbluff|n75|22|7,2022-07-22,True
UAV/Scottsbluff/TP2/Scottsbluff-TP2-n75_23_1.PNG,,RGBA,Scottsbluff,n75,23,1,TP2,254,595,Scottsbluff|n75|23|1,2022-07-22,True
UAV/Scottsbluff/TP2/Scottsbluff-TP2-n75_23_2.PNG,,RGBA,Scottsbluff,n75,23,2,TP2,255,595,Scottsbluff|n75|23|2,2022-07-22,True
UAV/Scottsbluff/TP2/Scottsbluff-TP2-n75_23_3.PNG,,RGBA,Scottsbluff,n75,23,3,TP2,254,595,Scottsbluff|n75|23|3,2022-07-22,True
UAV/Scottsbluff/TP2/Scottsbluff-TP2-n75_23_4.PNG,,RGBA,Scottsbluff,n75,23,4,TP2,255,595,Scottsbluff|n75|23|4,2022-07-22,False
UAV/Scottsbluff/TP2/Scottsbluff-TP2-n75_23_5.PNG,,RGBA,Scottsbluff,n75,23,5,TP2,254,595,Scottsbluff|n75|23|5,2022-07-22,True
UAV/Scottsbluff/TP2/Scottsbluff-TP2-n75_23_6.PNG,,RGBA,Scottsbluff,n75,23,6,TP2,255,595,Scottsbluff|n75|23|6,2022-07-22,True
UAV/Scottsbluff/TP2/Scottsbluff-TP2-n75_23_7.PNG,,RGBA,Scottsbluff,n75,23,7,TP2,254,595,Scottsbluff|n75|23|7,2022-07-22,False
UAV/Scottsbluff/TP2/Scottsbluff-TP2-n75_24_1.PNG,,RGBA,Scottsbluff,n75,24,1,TP2,255,595,Scottsbluff|n75|24|1,2022-07-22,True
UAV/Scottsbluff/TP2/Scottsbluff-TP2-n75_24_2.PNG,,RGBA,Scottsbluff,n75,24,2,TP2,255,595,Scottsbluff|n75|24|2,2022-07-22,True
UAV/Scottsbluff/TP2/Scottsbluff-TP2-n75_24_3.PNG,,RGBA,Scottsbluff,n75,24,3,TP2,254,595,Scottsbluff|n75|24|3,2022-07-22,True
UAV/Scottsbluff/TP2/Scottsbluff-TP2-n75_24_4.PNG,,RGBA,Scottsbluff,n75,24,4,TP2,255,596,Scottsbluff|n75|24|4,2022-07-22,True
UAV/Scottsbluff/TP2/Scottsbluff-TP2-n75_24_5.PNG,,RGBA,Scottsbluff,n75,24,5,TP2,254,595,Scottsbluff|n75|24|5,2022-07-22,True
UAV/Scottsbluff/TP2/Scottsbluff-TP2-n75_24_6.PNG,,RGBA,Scottsbluff,n75,24,6,TP2,254,595,Scottsbluff|n75|24|6,2022-07-22,True
UAV/Scottsbluff/TP2/Scottsbluff-TP2-n75_24_7.PNG,,RGBA,Scottsbluff,n75,24,7,TP2,255,596,Scottsbluff|n75|24|7,2022-07-22,False
UAV/Scottsbluff/TP2/Scottsbluff-TP2-n75_25_1.PNG,,RGBA,Scottsbluff,n75,25,1,TP2,255,595,Scottsbluff|n75|25|1,2022-07-22,True
UAV/Scottsbluff/TP2/Scottsbluff-TP2-n75_25_2.PNG,,RGBA,Scottsbluff,n75,25,2,TP2,255,595,Scottsbluff|n75|25|2,2022-07-22,True
UAV/Scottsbluff/TP2/Scottsbluff-TP2-n75_25_3.PNG,,RGBA,Scottsbluff,n75,25,3,TP2,254,595,Scottsbluff|n75|25|3,2022-07-22,True
UAV/Scottsbluff/TP2/Scottsbluff-TP2-n75_25_4.PNG,,RGBA,Scottsbluff,n75,25,4,TP2,255,595,Scottsbluff|n75|25|4,2022-07-22,True
UAV/Scottsbluff/TP2/Scottsbluff-TP2-n75_25_5.PNG,,RGBA,Scottsbluff,n75,25,5,TP2,255,595,Scottsbluff|n75|25|5,2022-07-22,True
UAV/Scottsbluff/TP2/Scottsbluff-TP2-n75_25_6.PNG,,RGBA,Scottsbluff,n75,25,6,TP2,254,596,Scottsbluff|n75|25|6,2022-07-22,True
UAV/Scottsbluff/TP2/Scottsbluff-TP2-n75_25_7.PNG,,RGBA,Scottsbluff,n75,25,7,TP2,255,596,Scottsbluff|n75|25|7,2022-07-22,False
UAV/Scottsbluff/TP2/Scottsbluff-TP2-n75_26_1.PNG,,RGBA,Scottsbluff,n75,26,1,TP2,255,595,Scottsbluff|n75|26|1,2022-07-22,True
UAV/Scottsbluff/TP2/Scottsbluff-TP2-n75_26_2.PNG,,RGBA,Scottsbluff,n75,26,2,TP2,255,595,Scottsbluff|n75|26|2,2022-07-22,True
UAV/Scottsbluff/TP2/Scottsbluff-TP2-n75_26_3.PNG,,RGBA,Scottsbluff,n75,26,3,TP2,254,595,Scottsbluff|n75|26|3,2022-07-22,True
UAV/Scottsbluff/TP2/Scottsbluff-TP2-n75_26_4.PNG,,RGBA,Scottsbluff,n75,26,4,TP2,255,595,Scottsbluff|n75|26|4,2022-07-22,True
UAV/Scottsbluff/TP2/Scottsbluff-TP2-n75_26_5.PNG,,RGBA,Scottsbluff,n75,26,5,TP2,255,596,Scottsbluff|n75|26|5,2022-07-22,True
UAV/Scottsbluff/TP2/Scottsbluff-TP2-n75_26_6.PNG,,RGBA,Scottsbluff,n75,26,6,TP2,254,596,Scottsbluff|n75|26|6,2022-07-22,True
UAV/Scottsbluff/TP2/Scottsbluff-TP2-n75_26_7.PNG,,RGBA,Scottsbluff,n75,26,7,TP2,254,596,Scottsbluff|n75|26|7,2022-07-22,False
UAV/Scottsbluff/TP2/Scottsbluff-TP2-n75_27_1.PNG,,RGBA,Scottsbluff,n75,27,1,TP2,255,595,Scottsbluff|n75|27|1,2022-07-22,True
UAV/Scottsbluff/TP2/Scottsbluff-TP2-n75_27_2.PNG,,RGBA,Scottsbluff,n75,27,2,TP2,255,595,Scottsbluff|n75|27|2,2022-07-22,True
UAV/Scottsbluff/TP2/Scottsbluff-TP2-n75_27_3.PNG,,RGBA,Scottsbluff,n75,27,3,TP2,255,596,Scottsbluff|n75|27|3,2022-07-22,True
UAV/Scottsbluff/TP2/Scottsbluff-TP2-n75_27_4.PNG,,RGBA,Scottsbluff,n75,27,4,TP2,255,596,Scottsbluff|n75|27|4,2022-07-22,True
UAV/Scottsbluff/TP2/Scottsbluff-TP2-n75_27_5.PNG,,RGBA,Scottsbluff,n75,27,5,TP2,255,596,Scottsbluff|n75|27|5,2022-07-22,True
UAV/Scottsbluff/TP2/Scottsbluff-TP2-n75_27_6.PNG,,RGBA,Scottsbluff,n75,27,6,TP2,255,595,Scottsbluff|n75|27|6,2022-07-22,True
UAV/Scottsbluff/TP2/Scottsbluff-TP2-n75_27_7.PNG,,RGBA,Scottsbluff,n75,27,7,TP2,254,596,Scottsbluff|n75|27|7,2022-07-22,False
UAV/Scottsbluff/TP2/Scottsbluff-TP2-n75_3_1.PNG,,RGBA,Scottsbluff,n75,3,1,TP2,253,593,Scottsbluff|n75|3|1,2022-07-22,True
UAV/Scottsbluff/TP2/Scottsbluff-TP2-n75_3_2.PNG,,RGBA,Scottsbluff,n75,3,2,TP2,254,593,Scottsbluff|n75|3|2,2022-07-22,True
UAV/Scottsbluff/TP2/Scottsbluff-TP2-n75_3_3.PNG,,RGBA,Scottsbluff,n75,3,3,TP2,253,593,Scottsbluff|n75|3|3,2022-07-22,True
UAV/Scottsbluff/TP2/Scottsbluff-TP2-n75_3_4.PNG,,RGBA,Scottsbluff,n75,3,4,TP2,254,593,Scottsbluff|n75|3|4,2022-07-22,True
UAV/Scottsbluff/TP2/Scottsbluff-TP2-n75_3_5.PNG,,RGBA,Scottsbluff,n75,3,5,TP2,253,593,Scottsbluff|n75|3|5,2022-07-22,True
UAV/Scottsbluff/TP2/Scottsbluff-TP2-n75_3_6.PNG,,RGBA,Scottsbluff,n75,3,6,TP2,254,593,Scottsbluff|n75|3|6,2022-07-22,True
UAV/Scottsbluff/TP2/Scottsbluff-TP2-n75_3_7.PNG,,RGBA,Scottsbluff,n75,3,7,TP2,253,593,Scottsbluff|n75|3|7,2022-07-22,True
UAV/Scottsbluff/TP2/Scottsbluff-TP2-n75_4_1.PNG,,RGBA,Scottsbluff,n75,4,1,TP2,254,593,Scottsbluff|n75|4|1,2022-07-22,True
UAV/Scottsbluff/TP2/Scottsbluff-TP2-n75_4_2.PNG,,RGBA,Scottsbluff,n75,4,2,TP2,254,592,Scottsbluff|n75|4|2,2022-07-22,True
UAV/Scottsbluff/TP2/Scottsbluff-TP2-n75_4_3.PNG,,RGBA,Scottsbluff,n75,4,3,TP2,253,592,Scottsbluff|n75|4|3,2022-07-22,True
UAV/Scottsbluff/TP2/Scottsbluff-TP2-n75_4_4.PNG,,RGBA,Scottsbluff,n75,4,4,TP2,254,592,Scottsbluff|n75|4|4,2022-07-22,True
UAV/Scottsbluff/TP2/Scottsbluff-TP2-n75_4_5.PNG,,RGBA,Scottsbluff,n75,4,5,TP2,253,593,Scottsbluff|n75|4|5,2022-07-22,True
UAV/Scottsbluff/TP2/Scottsbluff-TP2-n75_4_6.PNG,,RGBA,Scottsbluff,n75,4,6,TP2,254,593,Scottsbluff|n75|4|6,2022-07-22,True
UAV/Scottsbluff/TP2/Scottsbluff-TP2-n75_4_7.PNG,,RGBA,Scottsbluff,n75,4,7,TP2,253,593,Scottsbluff|n75|4|7,2022-07-22,True
UAV/Scottsbluff/TP2/Scottsbluff-TP2-n75_5_1.PNG,,RGBA,Scottsbluff,n75,5,1,TP2,254,593,Scottsbluff|n75|5|1,2022-07-22,True
UAV/Scottsbluff/TP2/Scottsbluff-TP2-n75_5_2.PNG,,RGBA,Scottsbluff,n75,5,2,TP2,254,592,Scottsbluff|n75|5|2,2022-07-22,True
UAV/Scottsbluff/TP2/Scottsbluff-TP2-n75_5_3.PNG,,RGBA,Scottsbluff,n75,5,3,TP2,253,592,Scottsbluff|n75|5|3,2022-07-22,True
UAV/Scottsbluff/TP2/Scottsbluff-TP2-n75_5_4.PNG,,RGBA,Scottsbluff,n75,5,4,TP2,254,593,Scottsbluff|n75|5|4,2022-07-22,True
UAV/Scottsbluff/TP2/Scottsbluff-TP2-n75_5_5.PNG,,RGBA,Scottsbluff,n75,5,5,TP2,253,593,Scottsbluff|n75|5|5,2022-07-22,True
UAV/Scottsbluff/TP2/Scottsbluff-TP2-n75_5_6.PNG,,RGBA,Scottsbluff,n75,5,6,TP2,254,593,Scottsbluff|n75|5|6,2022-07-22,True
UAV/Scottsbluff/TP2/Scottsbluff-TP2-n75_5_7.PNG,,RGBA,Scottsbluff,n75,5,7,TP2,253,593,Scottsbluff|n75|5|7,2022-07-22,True
UAV/Scottsbluff/TP2/Scottsbluff-TP2-n75_6_1.PNG,,RGBA,Scottsbluff,n75,6,1,TP2,254,593,Scottsbluff|n75|6|1,2022-07-22,True
UAV/Scottsbluff/TP2/Scottsbluff-TP2-n75_6_2.PNG,,RGBA,Scottsbluff,n75,6,2,TP2,254,592,Scottsbluff|n75|6|2,2022-07-22,True
UAV/Scottsbluff/TP2/Scottsbluff-TP2-n75_6_3.PNG,,RGBA,Scottsbluff,n75,6,3,TP2,253,593,Scottsbluff|n75|6|3,2022-07-22,True
UAV/Scottsbluff/TP2/Scottsbluff-TP2-n75_6_4.PNG,,RGBA,Scottsbluff,n75,6,4,TP2,254,593,Scottsbluff|n75|6|4,2022-07-22,True
UAV/Scottsbluff/TP2/Scottsbluff-TP2-n75_6_5.PNG,,RGBA,Scottsbluff,n75,6,5,TP2,253,593,Scottsbluff|n75|6|5,2022-07-22,True
UAV/Scottsbluff/TP2/Scottsbluff-TP2-n75_6_6.PNG,,RGBA,Scottsbluff,n75,6,6,TP2,253,593,Scottsbluff|n75|6|6,2022-07-22,True
UAV/Scottsbluff/TP2/Scottsbluff-TP2-n75_6_7.PNG,,RGBA,Scottsbluff,n75,6,7,TP2,254,593,Scottsbluff|n75|6|7,2022-07-22,True
UAV/Scottsbluff/TP2/Scottsbluff-TP2-n75_7_1.PNG,,RGBA,Scottsbluff,n75,7,1,TP2,254,593,Scottsbluff|n75|7|1,2022-07-22,True
UAV/Scottsbluff/TP2/Scottsbluff-TP2-n75_7_2.PNG,,RGBA,Scottsbluff,n75,7,2,TP2,254,592,Scottsbluff|n75|7|2,2022-07-22,True
UAV/Scottsbluff/TP2/Scottsbluff-TP2-n75_7_3.PNG,,RGBA,Scottsbluff,n75,7,3,TP2,254,593,Scottsbluff|n75|7|3,2022-07-22,True
UAV/Scottsbluff/TP2/Scottsbluff-TP2-n75_7_4.PNG,,RGBA,Scottsbluff,n75,7,4,TP2,254,593,Scottsbluff|n75|7|4,2022-07-22,True
UAV/Scottsbluff/TP2/Scottsbluff-TP2-n75_7_5.PNG,,RGBA,Scottsbluff,n75,7,5,TP2,254,593,Scottsbluff|n75|7|5,2022-07-22,True
UAV/Scottsbluff/TP2/Scottsbluff-TP2-n75_7_6.PNG,,RGBA,Scottsbluff,n75,7,6,TP2,253,593,Scottsbluff|n75|7|6,2022-07-22,True
UAV/Scottsbluff/TP2/Scottsbluff-TP2-n75_7_7.PNG,,RGBA,Scottsbluff,n75,7,7,TP2,254,594,Scottsbluff|n75|7|7,2022-07-22,True
UAV/Scottsbluff/TP2/Scottsbluff-TP2-n75_8_1.PNG,,RGBA,Scottsbluff,n75,8,1,TP2,254,593,Scottsbluff|n75|8|1,2022-07-22,True
UAV/Scottsbluff/TP2/Scottsbluff-TP2-n75_8_2.PNG,,RGBA,Scottsbluff,n75,8,2,TP2,253,593,Scottsbluff|n75|8|2,2022-07-22,True
UAV/Scottsbluff/TP2/Scottsbluff-TP2-n75_8_3.PNG,,RGBA,Scottsbluff,n75,8,3,TP2,254,593,Scottsbluff|n75|8|3,2022-07-22,True
UAV/Scottsbluff/TP2/Scottsbluff-TP2-n75_8_4.PNG,,RGBA,Scottsbluff,n75,8,4,TP2,254,593,Scottsbluff|n75|8|4,2022-07-22,True
UAV/Scottsbluff/TP2/Scottsbluff-TP2-n75_8_5.PNG,,RGBA,Scottsbluff,n75,8,5,TP2,254,593,Scottsbluff|n75|8|5,2022-07-22,True
UAV/Scottsbluff/TP2/Scottsbluff-TP2-n75_8_6.PNG,,RGBA,Scottsbluff,n75,8,6,TP2,253,594,Scottsbluff|n75|8|6,2022-07-22,True
UAV/Scottsbluff/TP2/Scottsbluff-TP2-n75_8_7.PNG,,RGBA,Scottsbluff,n75,8,7,TP2,253,593,Scottsbluff|n75|8|7,2022-07-22,True
UAV/Scottsbluff/TP2/Scottsbluff-TP2-n75_9_1.PNG,,RGBA,Scottsbluff,n75,9,1,TP2,254,593,Scottsbluff|n75|9|1,2022-07-22,True
UAV/Scottsbluff/TP2/Scottsbluff-TP2-n75_9_2.PNG,,RGBA,Scottsbluff,n75,9,2,TP2,253,593,Scottsbluff|n75|9|2,2022-07-22,True
UAV/Scottsbluff/TP2/Scottsbluff-TP2-n75_9_3.PNG,,RGBA,Scottsbluff,n75,9,3,TP2,254,593,Scottsbluff|n75|9|3,2022-07-22,True
UAV/Scottsbluff/TP2/Scottsbluff-TP2-n75_9_4.PNG,,RGBA,Scottsbluff,n75,9,4,TP2,254,594,Scottsbluff|n75|9|4,2022-07-22,True
UAV/Scottsbluff/TP2/Scottsbluff-TP2-n75_9_5.PNG,,RGBA,Scottsbluff,n75,9,5,TP2,254,594,Scottsbluff|n75|9|5,2022-07-22,True
UAV/Scottsbluff/TP2/Scottsbluff-TP2-n75_9_6.PNG,,RGBA,Scottsbluff,n75,9,6,TP2,254,593,Scottsbluff|n75|9|6,2022-07-22,True
UAV/Scottsbluff/TP2/Scottsbluff-TP2-n75_9_7.PNG,,RGBA,Scottsbluff,n75,9,7,TP2,253,593,Scottsbluff|n75|9|7,2022-07-22,True
UAV/Scottsbluff/TP3/Scottsbluff-TP3-n150_10_11.PNG,,RGBA,Scottsbluff,n150,10,11,TP3,264,619,Scottsbluff|n150|10|11,2022-08-12,True
UAV/Scottsbluff/TP3/Scottsbluff-TP3-n150_10_12.PNG,,RGBA,Scottsbluff,n150,10,12,TP3,264,619,Scottsbluff|n150|10|12,2022-08-12,True
UAV/Scottsbluff/TP3/Scottsbluff-TP3-n150_10_13.PNG,,RGBA,Scottsbluff,n150,10,13,TP3,263,619,Scottsbluff|n150|10|13,2022-08-12,True
UAV/Scottsbluff/TP3/Scottsbluff-TP3-n150_10_14.PNG,,RGBA,Scottsbluff,n150,10,14,TP3,263,620,Scottsbluff|n150|10|14,2022-08-12,True
UAV/Scottsbluff/TP3/Scottsbluff-TP3-n150_10_15.PNG,,RGBA,Scottsbluff,n150,10,15,TP3,263,620,Scottsbluff|n150|10|15,2022-08-12,True
UAV/Scottsbluff/TP3/Scottsbluff-TP3-n150_10_16.PNG,,RGBA,Scottsbluff,n150,10,16,TP3,263,619,Scottsbluff|n150|10|16,2022-08-12,True
UAV/Scottsbluff/TP3/Scottsbluff-TP3-n150_10_17.PNG,,RGBA,Scottsbluff,n150,10,17,TP3,263,619,Scottsbluff|n150|10|17,2022-08-12,True
UAV/Scottsbluff/TP3/Scottsbluff-TP3-n150_11_11.PNG,,RGBA,Scottsbluff,n150,11,11,TP3,264,619,Scottsbluff|n150|11|11,2022-08-12,True
UAV/Scottsbluff/TP3/Scottsbluff-TP3-n150_11_12.PNG,,RGBA,Scottsbluff,n150,11,12,TP3,264,620,Scottsbluff|n150|11|12,2022-08-12,True
UAV/Scottsbluff/TP3/Scottsbluff-TP3-n150_11_13.PNG,,RGBA,Scottsbluff,n150,11,13,TP3,264,619,Scottsbluff|n150|11|13,2022-08-12,True
UAV/Scottsbluff/TP3/Scottsbluff-TP3-n150_11_14.PNG,,RGBA,Scottsbluff,n150,11,14,TP3,264,619,Scottsbluff|n150|11|14,2022-08-12,True
UAV/Scottsbluff/TP3/Scottsbluff-TP3-n150_11_15.PNG,,RGBA,Scottsbluff,n150,11,15,TP3,264,619,Scottsbluff|n150|11|15,2022-08-12,True
UAV/Scottsbluff/TP3/Scottsbluff-TP3-n150_11_16.PNG,,RGBA,Scottsbluff,n150,11,16,TP3,264,619,Scottsbluff|n150|11|16,2022-08-12,True
UAV/Scottsbluff/TP3/Scottsbluff-TP3-n150_11_17.PNG,,RGBA,Scottsbluff,n150,11,17,TP3,263,619,Scottsbluff|n150|11|17,2022-08-12,True
UAV/Scottsbluff/TP3/Scottsbluff-TP3-n150_12_11.PNG,,RGBA,Scottsbluff,n150,12,11,TP3,264,620,Scottsbluff|n150|12|11,2022-08-12,True
UAV/Scottsbluff/TP3/Scottsbluff-TP3-n150_12_12.PNG,,RGBA,Scottsbluff,n150,12,12,TP3,264,619,Scottsbluff|n150|12|12,2022-08-12,True
UAV/Scottsbluff/TP3/Scottsbluff-TP3-n150_12_13.PNG,,RGBA,Scottsbluff,n150,12,13,TP3,264,619,Scottsbluff|n150|12|13,2022-08-12,True
UAV/Scottsbluff/TP3/Scottsbluff-TP3-n150_12_14.PNG,,RGBA,Scottsbluff,n150,12,14,TP3,263,620,Scottsbluff|n150|12|14,2022-08-12,True
UAV/Scottsbluff/TP3/Scottsbluff-TP3-n150_12_15.PNG,,RGBA,Scottsbluff,n150,12,15,TP3,263,619,Scottsbluff|n150|12|15,2022-08-12,True
UAV/Scottsbluff/TP3/Scottsbluff-TP3-n150_12_16.PNG,,RGBA,Scottsbluff,n150,12,16,TP3,263,619,Scottsbluff|n150|12|16,2022-08-12,True
UAV/Scottsbluff/TP3/Scottsbluff-TP3-n150_12_17.PNG,,RGBA,Scottsbluff,n150,12,17,TP3,263,618,Scottsbluff|n150|12|17,2022-08-12,True
UAV/Scottsbluff/TP3/Scottsbluff-TP3-n150_13_11.PNG,,RGBA,Scottsbluff,n150,13,11,TP3,264,619,Scottsbluff|n150|13|11,2022-08-12,True
UAV/Scottsbluff/TP3/Scottsbluff-TP3-n150_13_12.PNG,,RGBA,Scottsbluff,n150,13,12,TP3,264,619,Scottsbluff|n150|13|12,2022-08-12,True
UAV/Scottsbluff/TP3/Scottsbluff-TP3-n150_13_13.PNG,,RGBA,Scottsbluff,n150,13,13,TP3,264,619,Scottsbluff|n150|13|13,2022-08-12,True
UAV/Scottsbluff/TP3/Scottsbluff-TP3-n150_13_14.PNG,,RGBA,Scottsbluff,n150,13,14,TP3,264,619,Scottsbluff|n150|13|14,2022-08-12,True
UAV/Scottsbluff/TP3/Scottsbluff-TP3-n150_13_15.PNG,,RGBA,Scottsbluff,n150,13,15,TP3,264,619,Scottsbluff|n150|13|15,2022-08-12,True
UAV/Scottsbluff/TP3/Scottsbluff-TP3-n150_13_16.PNG,,RGBA,Scottsbluff,n150,13,16,TP3,264,619,Scottsbluff|n150|13|16,2022-08-12,True
UAV/Scottsbluff/TP3/Scottsbluff-TP3-n150_13_17.PNG,,RGBA,Scottsbluff,n150,13,17,TP3,263,619,Scottsbluff|n150|13|17,2022-08-12,True
UAV/Scottsbluff/TP3/Scottsbluff-TP3-n150_14_11.PNG,,RGBA,Scottsbluff,n150,14,11,TP3,264,619,Scottsbluff|n150|14|11,2022-08-12,True
UAV/Scottsbluff/TP3/Scottsbluff-TP3-n150_14_12.PNG,,RGBA,Scottsbluff,n150,14,12,TP3,264,619,Scottsbluff|n150|14|12,2022-08-12,True
UAV/Scottsbluff/TP3/Scottsbluff-TP3-n150_14_13.PNG,,RGBA,Scottsbluff,n150,14,13,TP3,264,619,Scottsbluff|n150|14|13,2022-08-12,True
UAV/Scottsbluff/TP3/Scottsbluff-TP3-n150_14_14.PNG,,RGBA,Scottsbluff,n150,14,14,TP3,264,619,Scottsbluff|n150|14|14,2022-08-12,True
UAV/Scottsbluff/TP3/Scottsbluff-TP3-n150_14_15.PNG,,RGBA,Scottsbluff,n150,14,15,TP3,263,619,Scottsbluff|n150|14|15,2022-08-12,True
UAV/Scottsbluff/TP3/Scottsbluff-TP3-n150_14_16.PNG,,RGBA,Scottsbluff,n150,14,16,TP3,264,618,Scottsbluff|n150|14|16,2022-08-12,True
UAV/Scottsbluff/TP3/Scottsbluff-TP3-n150_14_17.PNG,,RGBA,Scottsbluff,n150,14,17,TP3,264,619,Scottsbluff|n150|14|17,2022-08-12,True
UAV/Scottsbluff/TP3/Scottsbluff-TP3-n150_15_11.PNG,,RGBA,Scottsbluff,n150,15,11,TP3,265,619,Scottsbluff|n150|15|11,2022-08-12,True
UAV/Scottsbluff/TP3/Scottsbluff-TP3-n150_15_12.PNG,,RGBA,Scottsbluff,n150,15,12,TP3,264,619,Scottsbluff|n150|15|12,2022-08-12,True
UAV/Scottsbluff/TP3/Scottsbluff-TP3-n150_15_13.PNG,,RGBA,Scottsbluff,n150,15,13,TP3,264,619,Scottsbluff|n150|15|13,2022-08-12,True
UAV/Scottsbluff/TP3/Scottsbluff-TP3-n150_15_14.PNG,,RGBA,Scottsbluff,n150,15,14,TP3,264,619,Scottsbluff|n150|15|14,2022-08-12,True
UAV/Scottsbluff/TP3/Scottsbluff-TP3-n150_15_15.PNG,,RGBA,Scottsbluff,n150,15,15,TP3,264,619,Scottsbluff|n150|15|15,2022-08-12,True
UAV/Scottsbluff/TP3/Scottsbluff-TP3-n150_15_16.PNG,,RGBA,Scottsbluff,n150,15,16,TP3,263,619,Scottsbluff|n150|15|16,2022-08-12,True
UAV/Scottsbluff/TP3/Scottsbluff-TP3-n150_15_17.PNG,,RGBA,Scottsbluff,n150,15,17,TP3,264,619,Scottsbluff|n150|15|17,2022-08-12,True
UAV/Scottsbluff/TP3/Scottsbluff-TP3-n150_16_11.PNG,,RGBA,Scottsbluff,n150,16,11,TP3,265,619,Scottsbluff|n150|16|11,2022-08-12,True
UAV/Scottsbluff/TP3/Scottsbluff-TP3-n150_16_12.PNG,,RGBA,Scottsbluff,n150,16,12,TP3,264,619,Scottsbluff|n150|16|12,2022-08-12,True
UAV/Scottsbluff/TP3/Scottsbluff-TP3-n150_16_13.PNG,,RGBA,Scottsbluff,n150,16,13,TP3,264,619,Scottsbluff|n150|16|13,2022-08-12,True
UAV/Scottsbluff/TP3/Scottsbluff-TP3-n150_16_14.PNG,,RGBA,Scottsbluff,n150,16,14,TP3,264,619,Scottsbluff|n150|16|14,2022-08-12,True
UAV/Scottsbluff/TP3/Scottsbluff-TP3-n150_16_15.PNG,,RGBA,Scottsbluff,n150,16,15,TP3,264,618,Scottsbluff|n150|16|15,2022-08-12,True
UAV/Scottsbluff/TP3/Scottsbluff-TP3-n150_16_16.PNG,,RGBA,Scottsbluff,n150,16,16,TP3,264,619,Scottsbluff|n150|16|16,2022-08-12,True
UAV/Scottsbluff/TP3/Scottsbluff-TP3-n150_16_17.PNG,,RGBA,Scottsbluff,n150,16,17,TP3,264,618,Scottsbluff|n150|16|17,2022-08-12,True
UAV/Scottsbluff/TP3/Scottsbluff-TP3-n150_17_11.PNG,,RGBA,Scottsbluff,n150,17,11,TP3,265,619,Scottsbluff|n150|17|11,2022-08-12,True
UAV/Scottsbluff/TP3/Scottsbluff-TP3-n150_17_12.PNG,,RGBA,Scottsbluff,n150,17,12,TP3,265,619,Scottsbluff|n150|17|12,2022-08-12,True
UAV/Scottsbluff/TP3/Scottsbluff-TP3-n150_17_13.PNG,,RGBA,Scottsbluff,n150,17,13,TP3,264,618,Scottsbluff|n150|17|13,2022-08-12,True
UAV/Scottsbluff/TP3/Scottsbluff-TP3-n150_17_14.PNG,,RGBA,Scottsbluff,n150,17,14,TP3,265,619,Scottsbluff|n150|17|14,2022-08-12,True
UAV/Scottsbluff/TP3/Scottsbluff-TP3-n150_17_15.PNG,,RGBA,Scottsbluff,n150,17,15,TP3,264,619,Scottsbluff|n150|17|15,2022-08-12,True
UAV/Scottsbluff/TP3/Scottsbluff-TP3-n150_17_16.PNG,,RGBA,Scottsbluff,n150,17,16,TP3,264,619,Scottsbluff|n150|17|16,2022-08-12,True
UAV/Scottsbluff/TP3/Scottsbluff-TP3-n150_17_17.PNG,,RGBA,Scottsbluff,n150,17,17,TP3,264,618,Scottsbluff|n150|17|17,2022-08-12,True
UAV/Scottsbluff/TP3/Scottsbluff-TP3-n150_18_11.PNG,,RGBA,Scottsbluff,n150,18,11,TP3,264,619,Scottsbluff|n150|18|11,2022-08-12,True
UAV/Scottsbluff/TP3/Scottsbluff-TP3-n150_18_12.PNG,,RGBA,Scottsbluff,n150,18,12,TP3,265,619,Scottsbluff|n150|18|12,2022-08-12,True
UAV/Scottsbluff/TP3/Scottsbluff-TP3-n150_18_13.PNG,,RGBA,Scottsbluff,n150,18,13,TP3,264,619,Scottsbluff|n150|18|13,2022-08-12,True
UAV/Scottsbluff/TP3/Scottsbluff-TP3-n150_18_14.PNG,,RGBA,Scottsbluff,n150,18,14,TP3,264,619,Scottsbluff|n150|18|14,2022-08-12,True
UAV/Scottsbluff/TP3/Scottsbluff-TP3-n150_18_15.PNG,,RGBA,Scottsbluff,n150,18,15,TP3,264,618,Scottsbluff|n150|18|15,2022-08-12,True
UAV/Scottsbluff/TP3/Scottsbluff-TP3-n150_18_16.PNG,,RGBA,Scottsbluff,n150,18,16,TP3,264,618,Scottsbluff|n150|18|16,2022-08-12,True
UAV/Scottsbluff/TP3/Scottsbluff-TP3-n150_18_17.PNG,,RGBA,Scottsbluff,n150,18,17,TP3,264,618,Scottsbluff|n150|18|17,2022-08-12,True
UAV/Scottsbluff/TP3/Scottsbluff-TP3-n150_19_11.PNG,,RGBA,Scottsbluff,n150,19,11,TP3,264,618,Scottsbluff|n150|19|11,2022-08-12,True
UAV/Scottsbluff/TP3/Scottsbluff-TP3-n150_19_12.PNG,,RGBA,Scottsbluff,n150,19,12,TP3,264,618,Scottsbluff|n150|19|12,2022-08-12,True
UAV/Scottsbluff/TP3/Scottsbluff-TP3-n150_19_13.PNG,,RGBA,Scottsbluff,n150,19,13,TP3,265,618,Scottsbluff|n150|19|13,2022-08-12,True
UAV/Scottsbluff/TP3/Scottsbluff-TP3-n150_19_14.PNG,,RGBA,Scottsbluff,n150,19,14,TP3,265,618,Scottsbluff|n150|19|14,2022-08-12,True
UAV/Scottsbluff/TP3/Scottsbluff-TP3-n150_19_15.PNG,,RGBA,Scottsbluff,n150,19,15,TP3,264,618,Scottsbluff|n150|19|15,2022-08-12,True
UAV/Scottsbluff/TP3/Scottsbluff-TP3-n150_19_16.PNG,,RGBA,Scottsbluff,n150,19,16,TP3,264,618,Scottsbluff|n150|19|16,2022-08-12,True
UAV/Scottsbluff/TP3/Scottsbluff-TP3-n150_19_17.PNG,,RGBA,Scottsbluff,n150,19,17,TP3,264,618,Scottsbluff|n150|19|17,2022-08-12,True
UAV/Scottsbluff/TP3/Scottsbluff-TP3-n150_20_11.PNG,,RGBA,Scottsbluff,n150,20,11,TP3,265,619,Scottsbluff|n150|20|11,2022-08-12,True
UAV/Scottsbluff/TP3/Scottsbluff-TP3-n150_20_12.PNG,,RGBA,Scottsbluff,n150,20,12,TP3,264,619,Scottsbluff|n150|20|12,2022-08-12,True
UAV/Scottsbluff/TP3/Scottsbluff-TP3-n150_20_13.PNG,,RGBA,Scottsbluff,n150,20,13,TP3,264,619,Scottsbluff|n150|20|13,2022-08-12,True
UAV/Scottsbluff/TP3/Scottsbluff-TP3-n150_20_14.PNG,,RGBA,Scottsbluff,n150,20,14,TP3,264,619,Scottsbluff|n150|20|14,2022-08-12,True
UAV/Scottsbluff/TP3/Scottsbluff-TP3-n150_20_15.PNG,,RGBA,Scottsbluff,n150,20,15,TP3,264,619,Scottsbluff|n150|20|15,2022-08-12,True
UAV/Scottsbluff/TP3/Scottsbluff-TP3-n150_20_16.PNG,,RGBA,Scottsbluff,n150,20,16,TP3,264,619,Scottsbluff|n150|20|16,2022-08-12,True
UAV/Scottsbluff/TP3/Scottsbluff-TP3-n150_20_17.PNG,,RGBA,Scottsbluff,n150,20,17,TP3,264,619,Scottsbluff|n150|20|17,2022-08-12,True
UAV/Scottsbluff/TP3/Scottsbluff-TP3-n150_21_11.PNG,,RGBA,Scottsbluff,n150,21,11,TP3,265,619,Scottsbluff|n150|21|11,2022-08-12,True
UAV/Scottsbluff/TP3/Scottsbluff-TP3-n150_21_12.PNG,,RGBA,Scottsbluff,n150,21,12,TP3,265,619,Scottsbluff|n150|21|12,2022-08-12,True
UAV/Scottsbluff/TP3/Scottsbluff-TP3-n150_21_13.PNG,,RGBA,Scottsbluff,n150,21,13,TP3,265,618,Scottsbluff|n150|21|13,2022-08-12,True
UAV/Scottsbluff/TP3/Scottsbluff-TP3-n150_21_14.PNG,,RGBA,Scottsbluff,n150,21,14,TP3,265,618,Scottsbluff|n150|21|14,2022-08-12,True
UAV/Scottsbluff/TP3/Scottsbluff-TP3-n150_21_15.PNG,,RGBA,Scottsbluff,n150,21,15,TP3,265,618,Scottsbluff|n150|21|15,2022-08-12,True
UAV/Scottsbluff/TP3/Scottsbluff-TP3-n150_21_16.PNG,,RGBA,Scottsbluff,n150,21,16,TP3,265,618,Scottsbluff|n150|21|16,2022-08-12,True
UAV/Scottsbluff/TP3/Scottsbluff-TP3-n150_21_17.PNG,,RGBA,Scottsbluff,n150,21,17,TP3,265,618,Scottsbluff|n150|21|17,2022-08-12,True
UAV/Scottsbluff/TP3/Scottsbluff-TP3-n150_22_11.PNG,,RGBA,Scottsbluff,n150,22,11,TP3,265,618,Scottsbluff|n150|22|11,2022-08-12,True
UAV/Scottsbluff/TP3/Scottsbluff-TP3-n150_22_12.PNG,,RGBA,Scottsbluff,n150,22,12,TP3,265,618,Scottsbluff|n150|22|12,2022-08-12,True
UAV/Scottsbluff/TP3/Scottsbluff-TP3-n150_22_13.PNG,,RGBA,Scottsbluff,n150,22,13,TP3,265,618,Scottsbluff|n150|22|13,2022-08-12,True
UAV/Scottsbluff/TP3/Scottsbluff-TP3-n150_22_14.PNG,,RGBA,Scottsbluff,n150,22,14,TP3,265,619,Scottsbluff|n150|22|14,2022-08-12,True
UAV/Scottsbluff/TP3/Scottsbluff-TP3-n150_22_15.PNG,,RGBA,Scottsbluff,n150,22,15,TP3,264,618,Scottsbluff|n150|22|15,2022-08-12,True
UAV/Scottsbluff/TP3/Scottsbluff-TP3-n150_22_16.PNG,,RGBA,Scottsbluff,n150,22,16,TP3,264,618,Scottsbluff|n150|22|16,2022-08-12,True
UAV/Scottsbluff/TP3/Scottsbluff-TP3-n150_22_17.PNG,,RGBA,Scottsbluff,n150,22,17,TP3,264,618,Scottsbluff|n150|22|17,2022-08-12,True
UAV/Scottsbluff/TP3/Scottsbluff-TP3-n150_23_11.PNG,,RGBA,Scottsbluff,n150,23,11,TP3,265,618,Scottsbluff|n150|23|11,2022-08-12,True
UAV/Scottsbluff/TP3/Scottsbluff-TP3-n150_23_12.PNG,,RGBA,Scottsbluff,n150,23,12,TP3,265,619,Scottsbluff|n150|23|12,2022-08-12,True
UAV/Scottsbluff/TP3/Scottsbluff-TP3-n150_23_13.PNG,,RGBA,Scottsbluff,n150,23,13,TP3,264,618,Scottsbluff|n150|23|13,2022-08-12,True
UAV/Scottsbluff/TP3/Scottsbluff-TP3-n150_23_14.PNG,,RGBA,Scottsbluff,n150,23,14,TP3,265,618,Scottsbluff|n150|23|14,2022-08-12,True
UAV/Scottsbluff/TP3/Scottsbluff-TP3-n150_23_15.PNG,,RGBA,Scottsbluff,n150,23,15,TP3,265,618,Scottsbluff|n150|23|15,2022-08-12,True
UAV/Scottsbluff/TP3/Scottsbluff-TP3-n150_23_16.PNG,,RGBA,Scottsbluff,n150,23,16,TP3,265,618,Scottsbluff|n150|23|16,2022-08-12,True
UAV/Scottsbluff/TP3/Scottsbluff-TP3-n150_23_17.PNG,,RGBA,Scottsbluff,n150,23,17,TP3,264,618,Scottsbluff|n150|23|17,2022-08-12,False
UAV/Scottsbluff/TP3/Scottsbluff-TP3-n150_24_11.PNG,,RGBA,Scottsbluff,n150,24,11,TP3,265,619,Scottsbluff|n150|24|11,2022-08-12,True
UAV/Scottsbluff/TP3/Scottsbluff-TP3-n150_24_12.PNG,,RGBA,Scottsbluff,n150,24,12,TP3,266,618,Scottsbluff|n150|24|12,2022-08-12,True
UAV/Scottsbluff/TP3/Scottsbluff-TP3-n150_24_13.PNG,,RGBA,Scottsbluff,n150,24,13,TP3,265,618,Scottsbluff|n150|24|13,2022-08-12,True
UAV/Scottsbluff/TP3/Scottsbluff-TP3-n150_24_14.PNG,,RGBA,Scottsbluff,n150,24,14,TP3,265,618,Scottsbluff|n150|24|14,2022-08-12,True
UAV/Scottsbluff/TP3/Scottsbluff-TP3-n150_24_15.PNG,,RGBA,Scottsbluff,n150,24,15,TP3,264,618,Scottsbluff|n150|24|15,2022-08-12,True
UAV/Scottsbluff/TP3/Scottsbluff-TP3-n150_24_16.PNG,,RGBA,Scottsbluff,n150,24,16,TP3,265,618,Scottsbluff|n150|24|16,2022-08-12,True
UAV/Scottsbluff/TP3/Scottsbluff-TP3-n150_24_17.PNG,,RGBA,Scottsbluff,n150,24,17,TP3,265,618,Scottsbluff|n150|24|17,2022-08-12,False
UAV/Scottsbluff/TP3/Scottsbluff-TP3-n150_25_11.PNG,,RGBA,Scottsbluff,n150,25,11,TP3,265,618,Scottsbluff|n150|25|11,2022-08-12,True
UAV/Scottsbluff/TP3/Scottsbluff-TP3-n150_25_12.PNG,,RGBA,Scottsbluff,n150,25,12,TP3,265,618,Scottsbluff|n150|25|12,2022-08-12,True
UAV/Scottsbluff/TP3/Scottsbluff-TP3-n150_25_13.PNG,,RGBA,Scottsbluff,n150,25,13,TP3,265,618,Scottsbluff|n150|25|13,2022-08-12,True
UAV/Scottsbluff/TP3/Scottsbluff-TP3-n150_25_14.PNG,,RGBA,Scottsbluff,n150,25,14,TP3,265,618,Scottsbluff|n150|25|14,2022-08-12,True
UAV/Scottsbluff/TP3/Scottsbluff-TP3-n150_25_15.PNG,,RGBA,Scottsbluff,n150,25,15,TP3,265,618,Scottsbluff|n150|25|15,2022-08-12,True
UAV/Scottsbluff/TP3/Scottsbluff-TP3-n150_25_16.PNG,,RGBA,Scottsbluff,n150,25,16,TP3,264,618,Scottsbluff|n150|25|16,2022-08-12,True
UAV/Scottsbluff/TP3/Scottsbluff-TP3-n150_25_17.PNG,,RGBA,Scottsbluff,n150,25,17,TP3,265,617,Scottsbluff|n150|25|17,2022-08-12,False
UAV/Scottsbluff/TP3/Scottsbluff-TP3-n150_26_11.PNG,,RGBA,Scottsbluff,n150,26,11,TP3,266,618,Scottsbluff|n150|26|11,2022-08-12,True
UAV/Scottsbluff/TP3/Scottsbluff-TP3-n150_26_12.PNG,,RGBA,Scottsbluff,n150,26,12,TP3,265,618,Scottsbluff|n150|26|12,2022-08-12,True
UAV/Scottsbluff/TP3/Scottsbluff-TP3-n150_26_13.PNG,,RGBA,Scottsbluff,n150,26,13,TP3,266,618,Scottsbluff|n150|26|13,2022-08-12,True
UAV/Scottsbluff/TP3/Scottsbluff-TP3-n150_26_14.PNG,,RGBA,Scottsbluff,n150,26,14,TP3,265,618,Scottsbluff|n150|26|14,2022-08-12,True
UAV/Scottsbluff/TP3/Scottsbluff-TP3-n150_26_15.PNG,,RGBA,Scottsbluff,n150,26,15,TP3,265,618,Scottsbluff|n150|26|15,2022-08-12,True
UAV/Scottsbluff/TP3/Scottsbluff-TP3-n150_26_16.PNG,,RGBA,Scottsbluff,n150,26,16,TP3,265,618,Scottsbluff|n150|26|16,2022-08-12,True
UAV/Scottsbluff/TP3/Scottsbluff-TP3-n150_26_17.PNG,,RGBA,Scottsbluff,n150,26,17,TP3,265,617,Scottsbluff|n150|26|17,2022-08-12,False
UAV/Scottsbluff/TP3/Scottsbluff-TP3-n150_27_11.PNG,,RGBA,Scottsbluff,n150,27,11,TP3,266,618,Scottsbluff|n150|27|11,2022-08-12,True
UAV/Scottsbluff/TP3/Scottsbluff-TP3-n150_27_12.PNG,,RGBA,Scottsbluff,n150,27,12,TP3,265,618,Scottsbluff|n150|27|12,2022-08-12,True
UAV/Scottsbluff/TP3/Scottsbluff-TP3-n150_27_13.PNG,,RGBA,Scottsbluff,n150,27,13,TP3,265,618,Scottsbluff|n150|27|13,2022-08-12,True
UAV/Scottsbluff/TP3/Scottsbluff-TP3-n150_27_14.PNG,,RGBA,Scottsbluff,n150,27,14,TP3,266,618,Scottsbluff|n150|27|14,2022-08-12,True
UAV/Scottsbluff/TP3/Scottsbluff-TP3-n150_27_15.PNG,,RGBA,Scottsbluff,n150,27,15,TP3,265,618,Scottsbluff|n150|27|15,2022-08-12,True
UAV/Scottsbluff/TP3/Scottsbluff-TP3-n150_27_16.PNG,,RGBA,Scottsbluff,n150,27,16,TP3,265,617,Scottsbluff|n150|27|16,2022-08-12,True
UAV/Scottsbluff/TP3/Scottsbluff-TP3-n150_27_17.PNG,,RGBA,Scottsbluff,n150,27,17,TP3,265,618,Scottsbluff|n150|27|17,2022-08-12,False
UAV/Scottsbluff/TP3/Scottsbluff-TP3-n150_3_11.PNG,,RGBA,Scottsbluff,n150,3,11,TP3,263,621,Scottsbluff|n150|3|11,2022-08-12,True
UAV/Scottsbluff/TP3/Scottsbluff-TP3-n150_3_12.PNG,,RGBA,Scottsbluff,n150,3,12,TP3,262,620,Scottsbluff|n150|3|12,2022-08-12,True
UAV/Scottsbluff/TP3/Scottsbluff-TP3-n150_3_13.PNG,,RGBA,Scottsbluff,n150,3,13,TP3,263,620,Scottsbluff|n150|3|13,2022-08-12,True
UAV/Scottsbluff/TP3/Scottsbluff-TP3-n150_3_14.PNG,,RGBA,Scottsbluff,n150,3,14,TP3,263,620,Scottsbluff|n150|3|14,2022-08-12,True
UAV/Scottsbluff/TP3/Scottsbluff-TP3-n150_3_15.PNG,,RGBA,Scottsbluff,n150,3,15,TP3,263,619,Scottsbluff|n150|3|15,2022-08-12,True
UAV/Scottsbluff/TP3/Scottsbluff-TP3-n150_3_16.PNG,,RGBA,Scottsbluff,n150,3,16,TP3,263,620,Scottsbluff|n150|3|16,2022-08-12,True
UAV/Scottsbluff/TP3/Scottsbluff-TP3-n150_3_17.PNG,,RGBA,Scottsbluff,n150,3,17,TP3,262,619,Scottsbluff|n150|3|17,2022-08-12,True
UAV/Scottsbluff/TP3/Scottsbluff-TP3-n150_4_11.PNG,,RGBA,Scottsbluff,n150,4,11,TP3,264,620,Scottsbluff|n150|4|11,2022-08-12,True
UAV/Scottsbluff/TP3/Scottsbluff-TP3-n150_4_12.PNG,,RGBA,Scottsbluff,n150,4,12,TP3,263,620,Scottsbluff|n150|4|12,2022-08-12,True
UAV/Scottsbluff/TP3/Scottsbluff-TP3-n150_4_13.PNG,,RGBA,Scottsbluff,n150,4,13,TP3,263,620,Scottsbluff|n150|4|13,2022-08-12,True
UAV/Scottsbluff/TP3/Scottsbluff-TP3-n150_4_14.PNG,,RGBA,Scottsbluff,n150,4,14,TP3,263,620,Scottsbluff|n150|4|14,2022-08-12,True
UAV/Scottsbluff/TP3/Scottsbluff-TP3-n150_4_15.PNG,,RGBA,Scottsbluff,n150,4,15,TP3,262,620,Scottsbluff|n150|4|15,2022-08-12,True
UAV/Scottsbluff/TP3/Scottsbluff-TP3-n150_4_16.PNG,,RGBA,Scottsbluff,n150,4,16,TP3,263,620,Scottsbluff|n150|4|16,2022-08-12,True
UAV/Scottsbluff/TP3/Scottsbluff-TP3-n150_4_17.PNG,,RGBA,Scottsbluff,n150,4,17,TP3,263,619,Scottsbluff|n150|4|17,2022-08-12,True
UAV/Scottsbluff/TP3/Scottsbluff-TP3-n150_5_11.PNG,,RGBA,Scottsbluff,n150,5,11,TP3,263,620,Scottsbluff|n150|5|11,2022-08-12,True
UAV/Scottsbluff/TP3/Scottsbluff-TP3-n150_5_12.PNG,,RGBA,Scottsbluff,n150,5,12,TP3,263,620,Scottsbluff|n150|5|12,2022-08-12,True
UAV/Scottsbluff/TP3/Scottsbluff-TP3-n150_5_13.PNG,,RGBA,Scottsbluff,n150,5,13,TP3,263,619,Scottsbluff|n150|5|13,2022-08-12,True
UAV/Scottsbluff/TP3/Scottsbluff-TP3-n150_5_14.PNG,,RGBA,Scottsbluff,n150,5,14,TP3,263,620,Scottsbluff|n150|5|14,2022-08-12,True
UAV/Scottsbluff/TP3/Scottsbluff-TP3-n150_5_15.PNG,,RGBA,Scottsbluff,n150,5,15,TP3,263,620,Scottsbluff|n150|5|15,2022-08-12,True
UAV/Scottsbluff/TP3/Scottsbluff-TP3-n150_5_16.PNG,,RGBA,Scottsbluff,n150,5,16,TP3,262,619,Scottsbluff|n150|5|16,2022-08-12,True
UAV/Scottsbluff/TP3/Scottsbluff-TP3-n150_5_17.PNG,,RGBA,Scottsbluff,n150,5,17,TP3,263,619,Scottsbluff|n150|5|17,2022-08-12,True
UAV/Scottsbluff/TP3/Scottsbluff-TP3-n150_6_11.PNG,,RGBA,Scottsbluff,n150,6,11,TP3,263,620,Scottsbluff|n150|6|11,2022-08-12,True
UAV/Scottsbluff/TP3/Scottsbluff-TP3-n150_6_12.PNG,,RGBA,Scottsbluff,n150,6,12,TP3,263,620,Scottsbluff|n150|6|12,2022-08-12,True
UAV/Scottsbluff/TP3/Scottsbluff-TP3-n150_6_13.PNG,,RGBA,Scottsbluff,n150,6,13,TP3,263,620,Scottsbluff|n150|6|13,2022-08-12,True
UAV/Scottsbluff/TP3/Scottsbluff-TP3-n150_6_14.PNG,,RGBA,Scottsbluff,n150,6,14,TP3,263,620,Scottsbluff|n150|6|14,2022-08-12,True
UAV/Scottsbluff/TP3/Scottsbluff-TP3-n150_6_15.PNG,,RGBA,Scottsbluff,n150,6,15,TP3,263,619,Scottsbluff|n150|6|15,2022-08-12,True
UAV/Scottsbluff/TP3/Scottsbluff-TP3-n150_6_16.PNG,,RGBA,Scottsbluff,n150,6,16,TP3,263,619,Scottsbluff|n150|6|16,2022-08-12,True
UAV/Scottsbluff/TP3/Scottsbluff-TP3-n150_6_17.PNG,,RGBA,Scottsbluff,n150,6,17,TP3,262,620,Scottsbluff|n150|6|17,2022-08-12,True
UAV/Scottsbluff/TP3/Scottsbluff-TP3-n150_7_11.PNG,,RGBA,Scottsbluff,n150,7,11,TP3,263,620,Scottsbluff|n150|7|11,2022-08-12,True
UAV/Scottsbluff/TP3/Scottsbluff-TP3-n150_7_12.PNG,,RGBA,Scottsbluff,n150,7,12,TP3,264,619,Scottsbluff|n150|7|12,2022-08-12,True
UAV/Scottsbluff/TP3/Scottsbluff-TP3-n150_7_13.PNG,,RGBA,Scottsbluff,n150,7,13,TP3,263,619,Scottsbluff|n150|7|13,2022-08-12,True
UAV/Scottsbluff/TP3/Scottsbluff-TP3-n150_7_14.PNG,,RGBA,Scottsbluff,n150,7,14,TP3,263,620,Scottsbluff|n150|7|14,2022-08-12,True
UAV/Scottsbluff/TP3/Scottsbluff-TP3-n150_7_15.PNG,,RGBA,Scottsbluff,n150,7,15,TP3,263,620,Scottsbluff|n150|7|15,2022-08-12,True
UAV/Scottsbluff/TP3/Scottsbluff-TP3-n150_7_16.PNG,,RGBA,Scottsbluff,n150,7,16,TP3,263,620,Scottsbluff|n150|7|16,2022-08-12,True
UAV/Scottsbluff/TP3/Scottsbluff-TP3-n150_7_17.PNG,,RGBA,Scottsbluff,n150,7,17,TP3,263,620,Scottsbluff|n150|7|17,2022-08-12,True
UAV/Scottsbluff/TP3/Scottsbluff-TP3-n150_8_11.PNG,,RGBA,Scottsbluff,n150,8,11,TP3,263,620,Scottsbluff|n150|8|11,2022-08-12,True
UAV/Scottsbluff/TP3/Scottsbluff-TP3-n150_8_12.PNG,,RGBA,Scottsbluff,n150,8,12,TP3,263,620,Scottsbluff|n150|8|12,2022-08-12,True
UAV/Scottsbluff/TP3/Scottsbluff-TP3-n150_8_13.PNG,,RGBA,Scottsbluff,n150,8,13,TP3,264,620,Scottsbluff|n150|8|13,2022-08-12,True
UAV/Scottsbluff/TP3/Scottsbluff-TP3-n150_8_14.PNG,,RGBA,Scottsbluff,n150,8,14,TP3,263,620,Scottsbluff|n150|8|14,2022-08-12,True
UAV/Scottsbluff/TP3/Scottsbluff-TP3-n150_8_15.PNG,,RGBA,Scottsbluff,n150,8,15,TP3,263,619,Scottsbluff|n150|8|15,2022-08-12,True
UAV/Scottsbluff/TP3/Scottsbluff-TP3-n150_8_16.PNG,,RGBA,Scottsbluff,n150,8,16,TP3,263,619,Scottsbluff|n150|8|16,2022-08-12,True
UAV/Scottsbluff/TP3/Scottsbluff-TP3-n150_8_17.PNG,,RGBA,Scottsbluff,n150,8,17,TP3,263,619,Scottsbluff|n150|8|17,2022-08-12,True
UAV/Scottsbluff/TP3/Scottsbluff-TP3-n150_9_11.PNG,,RGBA,Scottsbluff,n150,9,11,TP3,264,620,Scottsbluff|n150|9|11,2022-08-12,True
UAV/Scottsbluff/TP3/Scottsbluff-TP3-n150_9_12.PNG,,RGBA,Scottsbluff,n150,9,12,TP3,263,620,Scottsbluff|n150|9|12,2022-08-12,True
UAV/Scottsbluff/TP3/Scottsbluff-TP3-n150_9_13.PNG,,RGBA,Scottsbluff,n150,9,13,TP3,263,619,Scottsbluff|n150|9|13,2022-08-12,True
UAV/Scottsbluff/TP3/Scottsbluff-TP3-n150_9_14.PNG,,RGBA,Scottsbluff,n150,9,14,TP3,264,619,Scottsbluff|n150|9|14,2022-08-12,True
UAV/Scottsbluff/TP3/Scottsbluff-TP3-n150_9_15.PNG,,RGBA,Scottsbluff,n150,9,15,TP3,263,619,Scottsbluff|n150|9|15,2022-08-12,True
UAV/Scottsbluff/TP3/Scottsbluff-TP3-n150_9_16.PNG,,RGBA,Scottsbluff,n150,9,16,TP3,263,619,Scottsbluff|n150|9|16,2022-08-12,True
UAV/Scottsbluff/TP3/Scottsbluff-TP3-n150_9_17.PNG,,RGBA,Scottsbluff,n150,9,17,TP3,263,619,Scottsbluff|n150|9|17,2022-08-12,True
UAV/Scottsbluff/TP3/Scottsbluff-TP3-n225_10_20.PNG,,RGBA,Scottsbluff,n225,10,20,TP3,262,621,Scottsbluff|n225|10|20,2022-08-12,True
UAV/Scottsbluff/TP3/Scottsbluff-TP3-n225_10_21.PNG,,RGBA,Scottsbluff,n225,10,21,TP3,262,620,Scottsbluff|n225|10|21,2022-08-12,True
UAV/Scottsbluff/TP3/Scottsbluff-TP3-n225_10_22.PNG,,RGBA,Scottsbluff,n225,10,22,TP3,262,620,Scottsbluff|n225|10|22,2022-08-12,True
UAV/Scottsbluff/TP3/Scottsbluff-TP3-n225_10_23.PNG,,RGBA,Scottsbluff,n225,10,23,TP3,262,620,Scottsbluff|n225|10|23,2022-08-12,True
UAV/Scottsbluff/TP3/Scottsbluff-TP3-n225_10_24.PNG,,RGBA,Scottsbluff,n225,10,24,TP3,262,620,Scottsbluff|n225|10|24,2022-08-12,True
UAV/Scottsbluff/TP3/Scottsbluff-TP3-n225_10_25.PNG,,RGBA,Scottsbluff,n225,10,25,TP3,262,620,Scottsbluff|n225|10|25,2022-08-12,True
UAV/Scottsbluff/TP3/Scottsbluff-TP3-n225_10_26.PNG,,RGBA,Scottsbluff,n225,10,26,TP3,262,619,Scottsbluff|n225|10|26,2022-08-12,True
UAV/Scottsbluff/TP3/Scottsbluff-TP3-n225_11_20.PNG,,RGBA,Scottsbluff,n225,11,20,TP3,261,620,Scottsbluff|n225|11|20,2022-08-12,True
UAV/Scottsbluff/TP3/Scottsbluff-TP3-n225_11_21.PNG,,RGBA,Scottsbluff,n225,11,21,TP3,261,620,Scottsbluff|n225|11|21,2022-08-12,True
UAV/Scottsbluff/TP3/Scottsbluff-TP3-n225_11_22.PNG,,RGBA,Scottsbluff,n225,11,22,TP3,261,621,Scottsbluff|n225|11|22,2022-08-12,True
UAV/Scottsbluff/TP3/Scottsbluff-TP3-n225_11_23.PNG,,RGBA,Scottsbluff,n225,11,23,TP3,261,620,Scottsbluff|n225|11|23,2022-08-12,True
UAV/Scottsbluff/TP3/Scottsbluff-TP3-n225_11_24.PNG,,RGBA,Scottsbluff,n225,11,24,TP3,262,620,Scottsbluff|n225|11|24,2022-08-12,True
UAV/Scottsbluff/TP3/Scottsbluff-TP3-n225_11_25.PNG,,RGBA,Scottsbluff,n225,11,25,TP3,262,619,Scottsbluff|n225|11|25,2022-08-12,True
UAV/Scottsbluff/TP3/Scottsbluff-TP3-n225_11_26.PNG,,RGBA,Scottsbluff,n225,11,26,TP3,262,619,Scottsbluff|n225|11|26,2022-08-12,True
UAV/Scottsbluff/TP3/Scottsbluff-TP3-n225_12_20.PNG,,RGBA,Scottsbluff,n225,12,20,TP3,262,620,Scottsbluff|n225|12|20,2022-08-12,True
UAV/Scottsbluff/TP3/Scottsbluff-TP3-n225_12_21.PNG,,RGBA,Scottsbluff,n225,12,21,TP3,262,620,Scottsbluff|n225|12|21,2022-08-12,True
UAV/Scottsbluff/TP3/Scottsbluff-TP3-n225_12_22.PNG,,RGBA,Scottsbluff,n225,12,22,TP3,262,620,Scottsbluff|n225|12|22,2022-08-12,True
UAV/Scottsbluff/TP3/Scottsbluff-TP3-n225_12_23.PNG,,RGBA,Scottsbluff,n225,12,23,TP3,261,619,Scottsbluff|n225|12|23,2022-08-12,True
UAV/Scottsbluff/TP3/Scottsbluff-TP3-n225_12_24.PNG,,RGBA,Scottsbluff,n225,12,24,TP3,261,620,Scottsbluff|n225|12|24,2022-08-12,True
UAV/Scottsbluff/TP3/Scottsbluff-TP3-n225_12_25.PNG,,RGBA,Scottsbluff,n225,12,25,TP3,261,619,Scottsbluff|n225|12|25,2022-08-12,True
UAV/Scottsbluff/TP3/Scottsbluff-TP3-n225_12_26.PNG,,RGBA,Scottsbluff,n225,12,26,TP3,261,619,Scottsbluff|n225|12|26,2022-08-12,True
UAV/Scottsbluff/TP3/Scottsbluff-TP3-n225_13_20.PNG,,RGBA,Scottsbluff,n225,13,20,TP3,262,620,Scottsbluff|n225|13|20,2022-08-12,True
UAV/Scottsbluff/TP3/Scottsbluff-TP3-n225_13_21.PNG,,RGBA,Scottsbluff,n225,13,21,TP3,262,620,Scottsbluff|n225|13|21,2022-08-12,True
UAV/Scottsbluff/TP3/Scottsbluff-TP3-n225_13_22.PNG,,RGBA,Scottsbluff,n225,13,22,TP3,262,620,Scottsbluff|n225|13|22,2022-08-12,True
UAV/Scottsbluff/TP3/Scottsbluff-TP3-n225_13_23.PNG,,RGBA,Scottsbluff,n225,13,23,TP3,262,619,Scottsbluff|n225|13|23,2022-08-12,True
UAV/Scottsbluff/TP3/Scottsbluff-TP3-n225_13_24.PNG,,RGBA,Scottsbluff,n225,13,24,TP3,262,619,Scottsbluff|n225|13|24,2022-08-12,True
UAV/Scottsbluff/TP3/Scottsbluff-TP3-n225_13_25.PNG,,RGBA,Scottsbluff,n225,13,25,TP3,262,618,Scottsbluff|n225|13|25,2022-08-12,True
UAV/Scottsbluff/TP3/Scottsbluff-TP3-n225_13_26.PNG,,RGBA,Scottsbluff,n225,13,26,TP3,262,619,Scottsbluff|n225|13|26,2022-08-12,True
UAV/Scottsbluff/TP3/Scottsbluff-TP3-n225_14_20.PNG,,RGBA,Scottsbluff,n225,14,20,TP3,262,620,Scottsbluff|n225|14|20,2022-08-12,True
UAV/Scottsbluff/TP3/Scottsbluff-TP3-n225_14_21.PNG,,RGBA,Scottsbluff,n225,14,21,TP3,262,620,Scottsbluff|n225|14|21,2022-08-12,True
UAV/Scottsbluff/TP3/Scottsbluff-TP3-n225_14_22.PNG,,RGBA,Scottsbluff,n225,14,22,TP3,262,619,Scottsbluff|n225|14|22,2022-08-12,True
UAV/Scottsbluff/TP3/Scottsbluff-TP3-n225_14_23.PNG,,RGBA,Scottsbluff,n225,14,23,TP3,262,619,Scottsbluff|n225|14|23,2022-08-12,True
UAV/Scottsbluff/TP3/Scottsbluff-TP3-n225_14_24.PNG,,RGBA,Scottsbluff,n225,14,24,TP3,262,619,Scottsbluff|n225|14|24,2022-08-12,True
UAV/Scottsbluff/TP3/Scottsbluff-TP3-n225_14_25.PNG,,RGBA,Scottsbluff,n225,14,25,TP3,262,619,Scottsbluff|n225|14|25,2022-08-12,True
UAV/Scottsbluff/TP3/Scottsbluff-TP3-n225_14_26.PNG,,RGBA,Scottsbluff,n225,14,26,TP3,262,619,Scottsbluff|n225|14|26,2022-08-12,True
UAV/Scottsbluff/TP3/Scottsbluff-TP3-n225_15_20.PNG,,RGBA,Scottsbluff,n225,15,20,TP3,262,620,Scottsbluff|n225|15|20,2022-08-12,True
UAV/Scottsbluff/TP3/Scottsbluff-TP3-n225_15_21.PNG,,RGBA,Scottsbluff,n225,15,21,TP3,262,620,Scottsbluff|n225|15|21,2022-08-12,True
UAV/Scottsbluff/TP3/Scottsbluff-TP3-n225_15_22.PNG,,RGBA,Scottsbluff,n225,15,22,TP3,262,619,Scottsbluff|n225|15|22,2022-08-12,True
UAV/Scottsbluff/TP3/Scottsbluff-TP3-n225_15_23.PNG,,RGBA,Scottsbluff,n225,15,23,TP3,262,619,Scottsbluff|n225|15|23,2022-08-12,True
UAV/Scottsbluff/TP3/Scottsbluff-TP3-n225_15_24.PNG,,RGBA,Scottsbluff,n225,15,24,TP3,262,619,Scottsbluff|n225|15|24,2022-08-12,True
UAV/Scottsbluff/TP3/Scottsbluff-TP3-n225_15_25.PNG,,RGBA,Scottsbluff,n225,15,25,TP3,262,618,Scottsbluff|n225|15|25,2022-08-12,True
UAV/Scottsbluff/TP3/Scottsbluff-TP3-n225_15_26.PNG,,RGBA,Scottsbluff,n225,15,26,TP3,262,618,Scottsbluff|n225|15|26,2022-08-12,True
UAV/Scottsbluff/TP3/Scottsbluff-TP3-n225_16_20.PNG,,RGBA,Scottsbluff,n225,16,20,TP3,262,619,Scottsbluff|n225|16|20,2022-08-12,True
UAV/Scottsbluff/TP3/Scottsbluff-TP3-n225_16_21.PNG,,RGBA,Scottsbluff,n225,16,21,TP3,262,619,Scottsbluff|n225|16|21,2022-08-12,True
UAV/Scottsbluff/TP3/Scottsbluff-TP3-n225_16_22.PNG,,RGBA,Scottsbluff,n225,16,22,TP3,262,618,Scottsbluff|n225|16|22,2022-08-12,True
UAV/Scottsbluff/TP3/Scottsbluff-TP3-n225_16_23.PNG,,RGBA,Scottsbluff,n225,16,23,TP3,262,619,Scottsbluff|n225|16|23,2022-08-12,True
UAV/Scottsbluff/TP3/Scottsbluff-TP3-n225_16_24.PNG,,RGBA,Scottsbluff,n225,16,24,TP3,262,618,Scottsbluff|n225|16|24,2022-08-12,True
UAV/Scottsbluff/TP3/Scottsbluff-TP3-n225_16_25.PNG,,RGBA,Scottsbluff,n225,16,25,TP3,261,618,Scottsbluff|n225|16|25,2022-08-12,True
UAV/Scottsbluff/TP3/Scottsbluff-TP3-n225_16_26.PNG,,RGBA,Scottsbluff,n225,16,26,TP3,262,618,Scottsbluff|n225|16|26,2022-08-12,True
UAV/Scottsbluff/TP3/Scottsbluff-TP3-n225_17_20.PNG,,RGBA,Scottsbluff,n225,17,20,TP3,262,619,Scottsbluff|n225|17|20,2022-08-12,True
UAV/Scottsbluff/TP3/Scottsbluff-TP3-n225_17_21.PNG,,RGBA,Scottsbluff,n225,17,21,TP3,262,619,Scottsbluff|n225|17|21,2022-08-12,True
UAV/Scottsbluff/TP3/Scottsbluff-TP3-n225_17_22.PNG,,RGBA,Scottsbluff,n225,17,22,TP3,262,619,Scottsbluff|n225|17|22,2022-08-12,True
UAV/Scottsbluff/TP3/Scottsbluff-TP3-n225_17_23.PNG,,RGBA,Scottsbluff,n225,17,23,TP3,262,619,Scottsbluff|n225|17|23,2022-08-12,True
UAV/Scottsbluff/TP3/Scottsbluff-TP3-n225_17_24.PNG,,RGBA,Scottsbluff,n225,17,24,TP3,262,618,Scottsbluff|n225|17|24,2022-08-12,True
UAV/Scottsbluff/TP3/Scottsbluff-TP3-n225_17_25.PNG,,RGBA,Scottsbluff,n225,17,25,TP3,262,618,Scottsbluff|n225|17|25,2022-08-12,True
UAV/Scottsbluff/TP3/Scottsbluff-TP3-n225_17_26.PNG,,RGBA,Scottsbluff,n225,17,26,TP3,262,618,Scottsbluff|n225|17|26,2022-08-12,True
UAV/Scottsbluff/TP3/Scottsbluff-TP3-n225_18_20.PNG,,RGBA,Scottsbluff,n225,18,20,TP3,262,619,Scottsbluff|n225|18|20,2022-08-12,True
UAV/Scottsbluff/TP3/Scottsbluff-TP3-n225_18_21.PNG,,RGBA,Scottsbluff,n225,18,21,TP3,262,619,Scottsbluff|n225|18|21,2022-08-12,True
UAV/Scottsbluff/TP3/Scottsbluff-TP3-n225_18_22.PNG,,RGBA,Scottsbluff,n225,18,22,TP3,262,619,Scottsbluff|n225|18|22,2022-08-12,True
UAV/Scottsbluff/TP3/Scottsbluff-TP3-n225_18_23.PNG,,RGBA,Scottsbluff,n225,18,23,TP3,262,618,Scottsbluff|n225|18|23,2022-08-12,True
UAV/Scottsbluff/TP3/Scottsbluff-TP3-n225_18_24.PNG,,RGBA,Scottsbluff,n225,18,24,TP3,262,618,Scottsbluff|n225|18|24,2022-08-12,True
UAV/Scottsbluff/TP3/Scottsbluff-TP3-n225_18_25.PNG,,RGBA,Scottsbluff,n225,18,25,TP3,262,618,Scottsbluff|n225|18|25,2022-08-12,True
UAV/Scottsbluff/TP3/Scottsbluff-TP3-n225_18_26.PNG,,RGBA,Scottsbluff,n225,18,26,TP3,262,618,Scottsbluff|n225|18|26,2022-08-12,True
UAV/Scottsbluff/TP3/Scottsbluff-TP3-n225_19_20.PNG,,RGBA,Scottsbluff,n225,19,20,TP3,262,618,Scottsbluff|n225|19|20,2022-08-12,True
UAV/Scottsbluff/TP3/Scottsbluff-TP3-n225_19_21.PNG,,RGBA,Scottsbluff,n225,19,21,TP3,262,618,Scottsbluff|n225|19|21,2022-08-12,True
UAV/Scottsbluff/TP3/Scottsbluff-TP3-n225_19_22.PNG,,RGBA,Scottsbluff,n225,19,22,TP3,262,618,Scottsbluff|n225|19|22,2022-08-12,True
UAV/Scottsbluff/TP3/Scottsbluff-TP3-n225_19_23.PNG,,RGBA,Scottsbluff,n225,19,23,TP3,262,618,Scottsbluff|n225|19|23,2022-08-12,True
UAV/Scottsbluff/TP3/Scottsbluff-TP3-n225_19_24.PNG,,RGBA,Scottsbluff,n225,19,24,TP3,262,618,Scottsbluff|n225|19|24,2022-08-12,True
UAV/Scottsbluff/TP3/Scottsbluff-TP3-n225_19_25.PNG,,RGBA,Scottsbluff,n225,19,25,TP3,262,617,Scottsbluff|n225|19|25,2022-08-12,True
UAV/Scottsbluff/TP3/Scottsbluff-TP3-n225_19_26.PNG,,RGBA,Scottsbluff,n225,19,26,TP3,262,617,Scottsbluff|n225|19|26,2022-08-12,True
UAV/Scottsbluff/TP3/Scottsbluff-TP3-n225_20_20.PNG,,RGBA,Scottsbluff,n225,20,20,TP3,262,618,Scottsbluff|n225|20|20,2022-08-12,True
UAV/Scottsbluff/TP3/Scottsbluff-TP3-n225_20_21.PNG,,RGBA,Scottsbluff,n225,20,21,TP3,263,619,Scottsbluff|n225|20|21,2022-08-12,True
UAV/Scottsbluff/TP3/Scottsbluff-TP3-n225_20_22.PNG,,RGBA,Scottsbluff,n225,20,22,TP3,262,618,Scottsbluff|n225|20|22,2022-08-12,True
UAV/Scottsbluff/TP3/Scottsbluff-TP3-n225_20_23.PNG,,RGBA,Scottsbluff,n225,20,23,TP3,262,618,Scottsbluff|n225|20|23,2022-08-12,True
UAV/Scottsbluff/TP3/Scottsbluff-TP3-n225_20_24.PNG,,RGBA,Scottsbluff,n225,20,24,TP3,262,617,Scottsbluff|n225|20|24,2022-08-12,True
UAV/Scottsbluff/TP3/Scottsbluff-TP3-n225_20_25.PNG,,RGBA,Scottsbluff,n225,20,25,TP3,262,617,Scottsbluff|n225|20|25,2022-08-12,True
UAV/Scottsbluff/TP3/Scottsbluff-TP3-n225_20_26.PNG,,RGBA,Scottsbluff,n225,20,26,TP3,262,617,Scottsbluff|n225|20|26,2022-08-12,True
UAV/Scottsbluff/TP3/Scottsbluff-TP3-n225_21_20.PNG,,RGBA,Scottsbluff,n225,21,20,TP3,262,618,Scottsbluff|n225|21|20,2022-08-12,True
UAV/Scottsbluff/TP3/Scottsbluff-TP3-n225_21_21.PNG,,RGBA,Scottsbluff,n225,21,21,TP3,262,618,Scottsbluff|n225|21|21,2022-08-12,True
UAV/Scottsbluff/TP3/Scottsbluff-TP3-n225_21_22.PNG,,RGBA,Scottsbluff,n225,21,22,TP3,262,617,Scottsbluff|n225|21|22,2022-08-12,True
UAV/Scottsbluff/TP3/Scottsbluff-TP3-n225_21_23.PNG,,RGBA,Scottsbluff,n225,21,23,TP3,262,618,Scottsbluff|n225|21|23,2022-08-12,True
UAV/Scottsbluff/TP3/Scottsbluff-TP3-n225_21_24.PNG,,RGBA,Scottsbluff,n225,21,24,TP3,262,617,Scottsbluff|n225|21|24,2022-08-12,True
UAV/Scottsbluff/TP3/Scottsbluff-TP3-n225_21_25.PNG,,RGBA,Scottsbluff,n225,21,25,TP3,262,617,Scottsbluff|n225|21|25,2022-08-12,True
UAV/Scottsbluff/TP3/Scottsbluff-TP3-n225_21_26.PNG,,RGBA,Scottsbluff,n225,21,26,TP3,262,617,Scottsbluff|n225|21|26,2022-08-12,True
UAV/Scottsbluff/TP3/Scottsbluff-TP3-n225_22_20.PNG,,RGBA,Scottsbluff,n225,22,20,TP3,263,618,Scottsbluff|n225|22|20,2022-08-12,True
UAV/Scottsbluff/TP3/Scottsbluff-TP3-n225_22_21.PNG,,RGBA,Scottsbluff,n225,22,21,TP3,262,617,Scottsbluff|n225|22|21,2022-08-12,True
UAV/Scottsbluff/TP3/Scottsbluff-TP3-n225_22_22.PNG,,RGBA,Scottsbluff,n225,22,22,TP3,262,618,Scottsbluff|n225|22|22,2022-08-12,True
UAV/Scottsbluff/TP3/Scottsbluff-TP3-n225_22_23.PNG,,RGBA,Scottsbluff,n225,22,23,TP3,262,618,Scottsbluff|n225|22|23,2022-08-12,True
UAV/Scottsbluff/TP3/Scottsbluff-TP3-n225_22_24.PNG,,RGBA,Scottsbluff,n225,22,24,TP3,262,617,Scottsbluff|n225|22|24,2022-08-12,True
UAV/Scottsbluff/TP3/Scottsbluff-TP3-n225_22_25.PNG,,RGBA,Scottsbluff,n225,22,25,TP3,262,617,Scottsbluff|n225|22|25,2022-08-12,True
UAV/Scottsbluff/TP3/Scottsbluff-TP3-n225_22_26.PNG,,RGBA,Scottsbluff,n225,22,26,TP3,262,617,Scottsbluff|n225|22|26,2022-08-12,True
UAV/Scottsbluff/TP3/Scottsbluff-TP3-n225_23_20.PNG,,RGBA,Scottsbluff,n225,23,20,TP3,263,618,Scottsbluff|n225|23|20,2022-08-12,True
UAV/Scottsbluff/TP3/Scottsbluff-TP3-n225_23_21.PNG,,RGBA,Scottsbluff,n225,23,21,TP3,262,618,Scottsbluff|n225|23|21,2022-08-12,True
UAV/Scottsbluff/TP3/Scottsbluff-TP3-n225_23_22.PNG,,RGBA,Scottsbluff,n225,23,22,TP3,262,618,Scottsbluff|n225|23|22,2022-08-12,True
UAV/Scottsbluff/TP3/Scottsbluff-TP3-n225_23_23.PNG,,RGBA,Scottsbluff,n225,23,23,TP3,263,617,Scottsbluff|n225|23|23,2022-08-12,True
UAV/Scottsbluff/TP3/Scottsbluff-TP3-n225_23_24.PNG,,RGBA,Scottsbluff,n225,23,24,TP3,262,616,Scottsbluff|n225|23|24,2022-08-12,True
UAV/Scottsbluff/TP3/Scottsbluff-TP3-n225_23_25.PNG,,RGBA,Scottsbluff,n225,23,25,TP3,262,616,Scottsbluff|n225|23|25,2022-08-12,True
UAV/Scottsbluff/TP3/Scottsbluff-TP3-n225_23_26.PNG,,RGBA,Scottsbluff,n225,23,26,TP3,262,616,Scottsbluff|n225|23|26,2022-08-12,False
UAV/Scottsbluff/TP3/Scottsbluff-TP3-n225_24_20.PNG,,RGBA,Scottsbluff,n225,24,20,TP3,262,618,Scottsbluff|n225|24|20,2022-08-12,True
UAV/Scottsbluff/TP3/Scottsbluff-TP3-n225_24_21.PNG,,RGBA,Scottsbluff,n225,24,21,TP3,262,617,Scottsbluff|n225|24|21,2022-08-12,True
UAV/Scottsbluff/TP3/Scottsbluff-TP3-n225_24_22.PNG,,RGBA,Scottsbluff,n225,24,22,TP3,262,617,Scottsbluff|n225|24|22,2022-08-12,True
UAV/Scottsbluff/TP3/Scottsbluff-TP3-n225_24_23.PNG,,RGBA,Scottsbluff,n225,24,23,TP3,262,617,Scottsbluff|n225|24|23,2022-08-12,True
UAV/Scottsbluff/TP3/Scottsbluff-TP3-n225_24_24.PNG,,RGBA,Scottsbluff,n225,24,24,TP3,262,616,Scottsbluff|n225|24|24,2022-08-12,True
UAV/Scottsbluff/TP3/Scottsbluff-TP3-n225_24_25.PNG,,RGBA,Scottsbluff,n225,24,25,TP3,262,617,Scottsbluff|n225|24|25,2022-08-12,True
UAV/Scottsbluff/TP3/Scottsbluff-TP3-n225_24_26.PNG,,RGBA,Scottsbluff,n225,24,26,TP3,262,616,Scottsbluff|n225|24|26,2022-08-12,False
UAV/Scottsbluff/TP3/Scottsbluff-TP3-n225_25_20.PNG,,RGBA,Scottsbluff,n225,25,20,TP3,262,617,Scottsbluff|n225|25|20,2022-08-12,True
UAV/Scottsbluff/TP3/Scottsbluff-TP3-n225_25_21.PNG,,RGBA,Scottsbluff,n225,25,21,TP3,262,617,Scottsbluff|n225|25|21,2022-08-12,True
UAV/Scottsbluff/TP3/Scottsbluff-TP3-n225_25_22.PNG,,RGBA,Scottsbluff,n225,25,22,TP3,263,617,Scottsbluff|n225|25|22,2022-08-12,True
UAV/Scottsbluff/TP3/Scottsbluff-TP3-n225_25_23.PNG,,RGBA,Scottsbluff,n225,25,23,TP3,262,616,Scottsbluff|n225|25|23,2022-08-12,True
UAV/Scottsbluff/TP3/Scottsbluff-TP3-n225_25_24.PNG,,RGBA,Scottsbluff,n225,25,24,TP3,262,616,Scottsbluff|n225|25|24,2022-08-12,True
UAV/Scottsbluff/TP3/Scottsbluff-TP3-n225_25_25.PNG,,RGBA,Scottsbluff,n225,25,25,TP3,263,616,Scottsbluff|n225|25|25,2022-08-12,True
UAV/Scottsbluff/TP3/Scottsbluff-TP3-n225_25_26.PNG,,RGBA,Scottsbluff,n225,25,26,TP3,262,616,Scottsbluff|n225|25|26,2022-08-12,False
UAV/Scottsbluff/TP3/Scottsbluff-TP3-n225_26_20.PNG,,RGBA,Scottsbluff,n225,26,20,TP3,262,617,Scottsbluff|n225|26|20,2022-08-12,True
UAV/Scottsbluff/TP3/Scottsbluff-TP3-n225_26_21.PNG,,RGBA,Scottsbluff,n225,26,21,TP3,262,617,Scottsbluff|n225|26|21,2022-08-12,True
UAV/Scottsbluff/TP3/Scottsbluff-TP3-n225_26_22.PNG,,RGBA,Scottsbluff,n225,26,22,TP3,263,616,Scottsbluff|n225|26|22,2022-08-12,True
UAV/Scottsbluff/TP3/Scottsbluff-TP3-n225_26_23.PNG,,RGBA,Scottsbluff,n225,26,23,TP3,262,616,Scottsbluff|n225|26|23,2022-08-12,True
UAV/Scottsbluff/TP3/Scottsbluff-TP3-n225_26_24.PNG,,RGBA,Scottsbluff,n225,26,24,TP3,262,617,Scottsbluff|n225|26|24,2022-08-12,True
UAV/Scottsbluff/TP3/Scottsbluff-TP3-n225_26_25.PNG,,RGBA,Scottsbluff,n225,26,25,TP3,262,616,Scottsbluff|n225|26|25,2022-08-12,True
UAV/Scottsbluff/TP3/Scottsbluff-TP3-n225_26_26.PNG,,RGBA,Scottsbluff,n225,26,26,TP3,262,616,Scottsbluff|n225|26|26,2022-08-12,False
UAV/Scottsbluff/TP3/Scottsbluff-TP3-n225_27_20.PNG,,RGBA,Scottsbluff,n225,27,20,TP3,262,617,Scottsbluff|n225|27|20,2022-08-12,True
UAV/Scottsbluff/TP3/Scottsbluff-TP3-n225_27_21.PNG,,RGBA,Scottsbluff,n225,27,21,TP3,262,617,Scottsbluff|n225|27|21,2022-08-12,True
UAV/Scottsbluff/TP3/Scottsbluff-TP3-n225_27_22.PNG,,RGBA,Scottsbluff,n225,27,22,TP3,262,617,Scottsbluff|n225|27|22,2022-08-12,True
UAV/Scottsbluff/TP3/Scottsbluff-TP3-n225_27_23.PNG,,RGBA,Scottsbluff,n225,27,23,TP3,262,616,Scottsbluff|n225|27|23,2022-08-12,True
UAV/Scottsbluff/TP3/Scottsbluff-TP3-n225_27_24.PNG,,RGBA,Scottsbluff,n225,27,24,TP3,263,616,Scottsbluff|n225|27|24,2022-08-12,True
UAV/Scottsbluff/TP3/Scottsbluff-TP3-n225_27_25.PNG,,RGBA,Scottsbluff,n225,27,25,TP3,262,615,Scottsbluff|n225|27|25,2022-08-12,True
UAV/Scottsbluff/TP3/Scottsbluff-TP3-n225_27_26.PNG,,RGBA,Scottsbluff,n225,27,26,TP3,262,615,Scottsbluff|n225|27|26,2022-08-12,False
UAV/Scottsbluff/TP3/Scottsbluff-TP3-n225_3_20.PNG,,RGBA,Scottsbluff,n225,3,20,TP3,262,623,Scottsbluff|n225|3|20,2022-08-12,True
UAV/Scottsbluff/TP3/Scottsbluff-TP3-n225_3_21.PNG,,RGBA,Scottsbluff,n225,3,21,TP3,261,622,Scottsbluff|n225|3|21,2022-08-12,True
UAV/Scottsbluff/TP3/Scottsbluff-TP3-n225_3_22.PNG,,RGBA,Scottsbluff,n225,3,22,TP3,262,622,Scottsbluff|n225|3|22,2022-08-12,True
UAV/Scottsbluff/TP3/Scottsbluff-TP3-n225_3_23.PNG,,RGBA,Scottsbluff,n225,3,23,TP3,262,622,Scottsbluff|n225|3|23,2022-08-12,True
UAV/Scottsbluff/TP3/Scottsbluff-TP3-n225_3_24.PNG,,RGBA,Scottsbluff,n225,3,24,TP3,262,621,Scottsbluff|n225|3|24,2022-08-12,True
UAV/Scottsbluff/TP3/Scottsbluff-TP3-n225_3_25.PNG,,RGBA,Scottsbluff,n225,3,25,TP3,261,622,Scottsbluff|n225|3|25,2022-08-12,True
UAV/Scottsbluff/TP3/Scottsbluff-TP3-n225_3_26.PNG,,RGBA,Scottsbluff,n225,3,26,TP3,261,621,Scottsbluff|n225|3|26,2022-08-12,True
UAV/Scottsbluff/TP3/Scottsbluff-TP3-n225_4_20.PNG,,RGBA,Scottsbluff,n225,4,20,TP3,262,623,Scottsbluff|n225|4|20,2022-08-12,True
UAV/Scottsbluff/TP3/Scottsbluff-TP3-n225_4_21.PNG,,RGBA,Scottsbluff,n225,4,21,TP3,261,622,Scottsbluff|n225|4|21,2022-08-12,True
UAV/Scottsbluff/TP3/Scottsbluff-TP3-n225_4_22.PNG,,RGBA,Scottsbluff,n225,4,22,TP3,261,622,Scottsbluff|n225|4|22,2022-08-12,True
UAV/Scottsbluff/TP3/Scottsbluff-TP3-n225_4_23.PNG,,RGBA,Scottsbluff,n225,4,23,TP3,262,622,Scottsbluff|n225|4|23,2022-08-12,True
UAV/Scottsbluff/TP3/Scottsbluff-TP3-n225_4_24.PNG,,RGBA,Scottsbluff,n225,4,24,TP3,262,621,Scottsbluff|n225|4|24,2022-08-12,True
UAV/Scottsbluff/TP3/Scottsbluff-TP3-n225_4_25.PNG,,RGBA,Scottsbluff,n225,4,25,TP3,262,621,Scottsbluff|n225|4|25,2022-08-12,True
UAV/Scottsbluff/TP3/Scottsbluff-TP3-n225_4_26.PNG,,RGBA,Scottsbluff,n225,4,26,TP3,261,620,Scottsbluff|n225|4|26,2022-08-12,True
UAV/Scottsbluff/TP3/Scottsbluff-TP3-n225_5_20.PNG,,RGBA,Scottsbluff,n225,5,20,TP3,262,622,Scottsbluff|n225|5|20,2022-08-12,True
UAV/Scottsbluff/TP3/Scottsbluff-TP3-n225_5_21.PNG,,RGBA,Scottsbluff,n225,5,21,TP3,262,621,Scottsbluff|n225|5|21,2022-08-12,True
UAV/Scottsbluff/TP3/Scottsbluff-TP3-n225_5_22.PNG,,RGBA,Scottsbluff,n225,5,22,TP3,261,621,Scottsbluff|n225|5|22,2022-08-12,True
UAV/Scottsbluff/TP3/Scottsbluff-TP3-n225_5_23.PNG,,RGBA,Scottsbluff,n225,5,23,TP3,261,621,Scottsbluff|n225|5|23,2022-08-12,True
UAV/Scottsbluff/TP3/Scottsbluff-TP3-n225_5_24.PNG,,RGBA,Scottsbluff,n225,5,24,TP3,262,621,Scottsbluff|n225|5|24,2022-08-12,True
UAV/Scottsbluff/TP3/Scottsbluff-TP3-n225_5_25.PNG,,RGBA,Scottsbluff,n225,5,25,TP3,262,621,Scottsbluff|n225|5|25,2022-08-12,True
UAV/Scottsbluff/TP3/Scottsbluff-TP3-n225_5_26.PNG,,RGBA,Scottsbluff,n225,5,26,TP3,262,621,Scottsbluff|n225|5|26,2022-08-12,True
UAV/Scottsbluff/TP3/Scottsbluff-TP3-n225_6_20.PNG,,RGBA,Scottsbluff,n225,6,20,TP3,262,622,Scottsbluff|n225|6|20,2022-08-12,True
UAV/Scottsbluff/TP3/Scottsbluff-TP3-n225_6_21.PNG,,RGBA,Scottsbluff,n225,6,21,TP3,262,622,Scottsbluff|n225|6|21,2022-08-12,True
UAV/Scottsbluff/TP3/Scottsbluff-TP3-n225_6_22.PNG,,RGBA,Scottsbluff,n225,6,22,TP3,262,622,Scottsbluff|n225|6|22,2022-08-12,True
UAV/Scottsbluff/TP3/Scottsbluff-TP3-n225_6_23.PNG,,RGBA,Scottsbluff,n225,6,23,TP3,261,621,Scottsbluff|n225|6|23,2022-08-12,True
UAV/Scottsbluff/TP3/Scottsbluff-TP3-n225_6_24.PNG,,RGBA,Scottsbluff,n225,6,24,TP3,261,621,Scottsbluff|n225|6|24,2022-08-12,True
UAV/Scottsbluff/TP3/Scottsbluff-TP3-n225_6_25.PNG,,RGBA,Scottsbluff,n225,6,25,TP3,262,620,Scottsbluff|n225|6|25,2022-08-12,True
UAV/Scottsbluff/TP3/Scottsbluff-TP3-n225_6_26.PNG,,RGBA,Scottsbluff,n225,6,26,TP3,262,620,Scottsbluff|n225|6|26,2022-08-12,True
UAV/Scottsbluff/TP3/Scottsbluff-TP3-n225_7_20.PNG,,RGBA,Scottsbluff,n225,7,20,TP3,262,622,Scottsbluff|n225|7|20,2022-08-12,True
UAV/Scottsbluff/TP3/Scottsbluff-TP3-n225_7_21.PNG,,RGBA,Scottsbluff,n225,7,21,TP3,262,621,Scottsbluff|n225|7|21,2022-08-12,True
UAV/Scottsbluff/TP3/Scottsbluff-TP3-n225_7_22.PNG,,RGBA,Scottsbluff,n225,7,22,TP3,262,621,Scottsbluff|n225|7|22,2022-08-12,True
UAV/Scottsbluff/TP3/Scottsbluff-TP3-n225_7_23.PNG,,RGBA,Scottsbluff,n225,7,23,TP3,262,620,Scottsbluff|n225|7|23,2022-08-12,True
UAV/Scottsbluff/TP3/Scottsbluff-TP3-n225_7_24.PNG,,RGBA,Scottsbluff,n225,7,24,TP3,261,621,Scottsbluff|n225|7|24,2022-08-12,True
UAV/Scottsbluff/TP3/Scottsbluff-TP3-n225_7_25.PNG,,RGBA,Scottsbluff,n225,7,25,TP3,261,621,Scottsbluff|n225|7|25,2022-08-12,True
UAV/Scottsbluff/TP3/Scottsbluff-TP3-n225_7_26.PNG,,RGBA,Scottsbluff,n225,7,26,TP3,262,620,Scottsbluff|n225|7|26,2022-08-12,True
UAV/Scottsbluff/TP3/Scottsbluff-TP3-n225_8_20.PNG,,RGBA,Scottsbluff,n225,8,20,TP3,262,621,Scottsbluff|n225|8|20,2022-08-12,True
UAV/Scottsbluff/TP3/Scottsbluff-TP3-n225_8_21.PNG,,RGBA,Scottsbluff,n225,8,21,TP3,262,621,Scottsbluff|n225|8|21,2022-08-12,True
UAV/Scottsbluff/TP3/Scottsbluff-TP3-n225_8_22.PNG,,RGBA,Scottsbluff,n225,8,22,TP3,262,621,Scottsbluff|n225|8|22,2022-08-12,True
UAV/Scottsbluff/TP3/Scottsbluff-TP3-n225_8_23.PNG,,RGBA,Scottsbluff,n225,8,23,TP3,262,620,Scottsbluff|n225|8|23,2022-08-12,True
UAV/Scottsbluff/TP3/Scottsbluff-TP3-n225_8_24.PNG,,RGBA,Scottsbluff,n225,8,24,TP3,262,621,Scottsbluff|n225|8|24,2022-08-12,True
UAV/Scottsbluff/TP3/Scottsbluff-TP3-n225_8_25.PNG,,RGBA,Scottsbluff,n225,8,25,TP3,261,620,Scottsbluff|n225|8|25,2022-08-12,True
UAV/Scottsbluff/TP3/Scottsbluff-TP3-n225_8_26.PNG,,RGBA,Scottsbluff,n225,8,26,TP3,261,619,Scottsbluff|n225|8|26,2022-08-12,True
UAV/Scottsbluff/TP3/Scottsbluff-TP3-n225_9_20.PNG,,RGBA,Scottsbluff,n225,9,20,TP3,262,621,Scottsbluff|n225|9|20,2022-08-12,True
UAV/Scottsbluff/TP3/Scottsbluff-TP3-n225_9_21.PNG,,RGBA,Scottsbluff,n225,9,21,TP3,262,621,Scottsbluff|n225|9|21,2022-08-12,True
UAV/Scottsbluff/TP3/Scottsbluff-TP3-n225_9_22.PNG,,RGBA,Scottsbluff,n225,9,22,TP3,262,620,Scottsbluff|n225|9|22,2022-08-12,True
UAV/Scottsbluff/TP3/Scottsbluff-TP3-n225_9_23.PNG,,RGBA,Scottsbluff,n225,9,23,TP3,262,620,Scottsbluff|n225|9|23,2022-08-12,True
UAV/Scottsbluff/TP3/Scottsbluff-TP3-n225_9_24.PNG,,RGBA,Scottsbluff,n225,9,24,TP3,262,620,Scottsbluff|n225|9|24,2022-08-12,True
UAV/Scottsbluff/TP3/Scottsbluff-TP3-n225_9_25.PNG,,RGBA,Scottsbluff,n225,9,25,TP3,262,620,Scottsbluff|n225|9|25,2022-08-12,True
UAV/Scottsbluff/TP3/Scottsbluff-TP3-n225_9_26.PNG,,RGBA,Scottsbluff,n225,9,26,TP3,262,620,Scottsbluff|n225|9|26,2022-08-12,True
UAV/Scottsbluff/TP3/Scottsbluff-TP3-n75_10_1.PNG,,RGBA,Scottsbluff,n75,10,1,TP3,264,619,Scottsbluff|n75|10|1,2022-08-12,True
UAV/Scottsbluff/TP3/Scottsbluff-TP3-n75_10_2.PNG,,RGBA,Scottsbluff,n75,10,2,TP3,264,619,Scottsbluff|n75|10|2,2022-08-12,True
UAV/Scottsbluff/TP3/Scottsbluff-TP3-n75_10_3.PNG,,RGBA,Scottsbluff,n75,10,3,TP3,264,619,Scottsbluff|n75|10|3,2022-08-12,True
UAV/Scottsbluff/TP3/Scottsbluff-TP3-n75_10_4.PNG,,RGBA,Scottsbluff,n75,10,4,TP3,264,619,Scottsbluff|n75|10|4,2022-08-12,True
UAV/Scottsbluff/TP3/Scottsbluff-TP3-n75_10_5.PNG,,RGBA,Scottsbluff,n75,10,5,TP3,264,620,Scottsbluff|n75|10|5,2022-08-12,True
UAV/Scottsbluff/TP3/Scottsbluff-TP3-n75_10_6.PNG,,RGBA,Scottsbluff,n75,10,6,TP3,264,620,Scottsbluff|n75|10|6,2022-08-12,True
UAV/Scottsbluff/TP3/Scottsbluff-TP3-n75_10_7.PNG,,RGBA,Scottsbluff,n75,10,7,TP3,265,620,Scottsbluff|n75|10|7,2022-08-12,True
UAV/Scottsbluff/TP3/Scottsbluff-TP3-n75_11_1.PNG,,RGBA,Scottsbluff,n75,11,1,TP3,265,619,Scottsbluff|n75|11|1,2022-08-12,True
UAV/Scottsbluff/TP3/Scottsbluff-TP3-n75_11_2.PNG,,RGBA,Scottsbluff,n75,11,2,TP3,264,619,Scottsbluff|n75|11|2,2022-08-12,True
UAV/Scottsbluff/TP3/Scottsbluff-TP3-n75_11_3.PNG,,RGBA,Scottsbluff,n75,11,3,TP3,265,619,Scottsbluff|n75|11|3,2022-08-12,True
UAV/Scottsbluff/TP3/Scottsbluff-TP3-n75_11_4.PNG,,RGBA,Scottsbluff,n75,11,4,TP3,264,620,Scottsbluff|n75|11|4,2022-08-12,True
UAV/Scottsbluff/TP3/Scottsbluff-TP3-n75_11_5.PNG,,RGBA,Scottsbluff,n75,11,5,TP3,264,620,Scottsbluff|n75|11|5,2022-08-12,True
UAV/Scottsbluff/TP3/Scottsbluff-TP3-n75_11_6.PNG,,RGBA,Scottsbluff,n75,11,6,TP3,264,619,Scottsbluff|n75|11|6,2022-08-12,True
UAV/Scottsbluff/TP3/Scottsbluff-TP3-n75_11_7.PNG,,RGBA,Scottsbluff,n75,11,7,TP3,264,620,Scottsbluff|n75|11|7,2022-08-12,True
UAV/Scottsbluff/TP3/Scottsbluff-TP3-n75_12_1.PNG,,RGBA,Scottsbluff,n75,12,1,TP3,265,619,Scottsbluff|n75|12|1,2022-08-12,True
UAV/Scottsbluff/TP3/Scottsbluff-TP3-n75_12_2.PNG,,RGBA,Scottsbluff,n75,12,2,TP3,264,620,Scottsbluff|n75|12|2,2022-08-12,True
UAV/Scottsbluff/TP3/Scottsbluff-TP3-n75_12_3.PNG,,RGBA,Scottsbluff,n75,12,3,TP3,264,619,Scottsbluff|n75|12|3,2022-08-12,True
UAV/Scottsbluff/TP3/Scottsbluff-TP3-n75_12_4.PNG,,RGBA,Scottsbluff,n75,12,4,TP3,265,620,Scottsbluff|n75|12|4,2022-08-12,True
UAV/Scottsbluff/TP3/Scottsbluff-TP3-n75_12_5.PNG,,RGBA,Scottsbluff,n75,12,5,TP3,264,619,Scottsbluff|n75|12|5,2022-08-12,True
UAV/Scottsbluff/TP3/Scottsbluff-TP3-n75_12_6.PNG,,RGBA,Scottsbluff,n75,12,6,TP3,264,620,Scottsbluff|n75|12|6,2022-08-12,True
UAV/Scottsbluff/TP3/Scottsbluff-TP3-n75_12_7.PNG,,RGBA,Scottsbluff,n75,12,7,TP3,265,620,Scottsbluff|n75|12|7,2022-08-12,True
UAV/Scottsbluff/TP3/Scottsbluff-TP3-n75_13_1.PNG,,RGBA,Scottsbluff,n75,13,1,TP3,265,619,Scottsbluff|n75|13|1,2022-08-12,True
UAV/Scottsbluff/TP3/Scottsbluff-TP3-n75_13_2.PNG,,RGBA,Scottsbluff,n75,13,2,TP3,265,620,Scottsbluff|n75|13|2,2022-08-12,True
UAV/Scottsbluff/TP3/Scottsbluff-TP3-n75_13_3.PNG,,RGBA,Scottsbluff,n75,13,3,TP3,264,619,Scottsbluff|n75|13|3,2022-08-12,True
UAV/Scottsbluff/TP3/Scottsbluff-TP3-n75_13_4.PNG,,RGBA,Scottsbluff,n75,13,4,TP3,264,620,Scottsbluff|n75|13|4,2022-08-12,True
UAV/Scottsbluff/TP3/Scottsbluff-TP3-n75_13_5.PNG,,RGBA,Scottsbluff,n75,13,5,TP3,265,620,Scottsbluff|n75|13|5,2022-08-12,True
UAV/Scottsbluff/TP3/Scottsbluff-TP3-n75_13_6.PNG,,RGBA,Scottsbluff,n75,13,6,TP3,264,620,Scottsbluff|n75|13|6,2022-08-12,True
UAV/Scottsbluff/TP3/Scottsbluff-TP3-n75_13_7.PNG,,RGBA,Scottsbluff,n75,13,7,TP3,264,620,Scottsbluff|n75|13|7,2022-08-12,True
UAV/Scottsbluff/TP3/Scottsbluff-TP3-n75_14_1.PNG,,RGBA,Scottsbluff,n75,14,1,TP3,264,620,Scottsbluff|n75|14|1,2022-08-12,True
UAV/Scottsbluff/TP3/Scottsbluff-TP3-n75_14_2.PNG,,RGBA,Scottsbluff,n75,14,2,TP3,265,620,Scottsbluff|n75|14|2,2022-08-12,True
UAV/Scottsbluff/TP3/Scottsbluff-TP3-n75_14_3.PNG,,RGBA,Scottsbluff,n75,14,3,TP3,265,620,Scottsbluff|n75|14|3,2022-08-12,True
UAV/Scottsbluff/TP3/Scottsbluff-TP3-n75_14_4.PNG,,RGBA,Scottsbluff,n75,14,4,TP3,264,620,Scottsbluff|n75|14|4,2022-08-12,True
UAV/Scottsbluff/TP3/Scottsbluff-TP3-n75_14_5.PNG,,RGBA,Scottsbluff,n75,14,5,TP3,264,620,Scottsbluff|n75|14|5,2022-08-12,True
UAV/Scottsbluff/TP3/Scottsbluff-TP3-n75_14_6.PNG,,RGBA,Scottsbluff,n75,14,6,TP3,264,620,Scottsbluff|n75|14|6,2022-08-12,True
UAV/Scottsbluff/TP3/Scottsbluff-TP3-n75_14_7.PNG,,RGBA,Scottsbluff,n75,14,7,TP3,265,621,Scottsbluff|n75|14|7,2022-08-12,True
UAV/Scottsbluff/TP3/Scottsbluff-TP3-n75_15_1.PNG,,RGBA,Scottsbluff,n75,15,1,TP3,264,620,Scottsbluff|n75|15|1,2022-08-12,True
UAV/Scottsbluff/TP3/Scottsbluff-TP3-n75_15_2.PNG,,RGBA,Scottsbluff,n75,15,2,TP3,264,620,Scottsbluff|n75|15|2,2022-08-12,True
UAV/Scottsbluff/TP3/Scottsbluff-TP3-n75_15_3.PNG,,RGBA,Scottsbluff,n75,15,3,TP3,265,620,Scottsbluff|n75|15|3,2022-08-12,True
UAV/Scottsbluff/TP3/Scottsbluff-TP3-n75_15_4.PNG,,RGBA,Scottsbluff,n75,15,4,TP3,265,620,Scottsbluff|n75|15|4,2022-08-12,True
UAV/Scottsbluff/TP3/Scottsbluff-TP3-n75_15_5.PNG,,RGBA,Scottsbluff,n75,15,5,TP3,265,620,Scottsbluff|n75|15|5,2022-08-12,True
UAV/Scottsbluff/TP3/Scottsbluff-TP3-n75_15_6.PNG,,RGBA,Scottsbluff,n75,15,6,TP3,264,620,Scottsbluff|n75|15|6,2022-08-12,True
UAV/Scottsbluff/TP3/Scottsbluff-TP3-n75_15_7.PNG,,RGBA,Scottsbluff,n75,15,7,TP3,264,620,Scottsbluff|n75|15|7,2022-08-12,True
UAV/Scottsbluff/TP3/Scottsbluff-TP3-n75_16_1.PNG,,RGBA,Scottsbluff,n75,16,1,TP3,265,620,Scottsbluff|n75|16|1,2022-08-12,True
UAV/Scottsbluff/TP3/Scottsbluff-TP3-n75_16_2.PNG,,RGBA,Scottsbluff,n75,16,2,TP3,264,620,Scottsbluff|n75|16|2,2022-08-12,True
UAV/Scottsbluff/TP3/Scottsbluff-TP3-n75_16_3.PNG,,RGBA,Scottsbluff,n75,16,3,TP3,264,620,Scottsbluff|n75|16|3,2022-08-12,True
UAV/Scottsbluff/TP3/Scottsbluff-TP3-n75_16_4.PNG,,RGBA,Scottsbluff,n75,16,4,TP3,264,620,Scottsbluff|n75|16|4,2022-08-12,True
UAV/Scottsbluff/TP3/Scottsbluff-TP3-n75_16_5.PNG,,RGBA,Scottsbluff,n75,16,5,TP3,265,620,Scottsbluff|n75|16|5,2022-08-12,True
UAV/Scottsbluff/TP3/Scottsbluff-TP3-n75_16_6.PNG,,RGBA,Scottsbluff,n75,16,6,TP3,265,621,Scottsbluff|n75|16|6,2022-08-12,True
UAV/Scottsbluff/TP3/Scottsbluff-TP3-n75_16_7.PNG,,RGBA,Scottsbluff,n75,16,7,TP3,265,621,Scottsbluff|n75|16|7,2022-08-12,True
UAV/Scottsbluff/TP3/Scottsbluff-TP3-n75_17_1.PNG,,RGBA,Scottsbluff,n75,17,1,TP3,265,619,Scottsbluff|n75|17|1,2022-08-12,True
UAV/Scottsbluff/TP3/Scottsbluff-TP3-n75_17_2.PNG,,RGBA,Scottsbluff,n75,17,2,TP3,265,620,Scottsbluff|n75|17|2,2022-08-12,True
UAV/Scottsbluff/TP3/Scottsbluff-TP3-n75_17_3.PNG,,RGBA,Scottsbluff,n75,17,3,TP3,265,620,Scottsbluff|n75|17|3,2022-08-12,True
UAV/Scottsbluff/TP3/Scottsbluff-TP3-n75_17_4.PNG,,RGBA,Scottsbluff,n75,17,4,TP3,264,620,Scottsbluff|n75|17|4,2022-08-12,True
UAV/Scottsbluff/TP3/Scottsbluff-TP3-n75_17_5.PNG,,RGBA,Scottsbluff,n75,17,5,TP3,264,620,Scottsbluff|n75|17|5,2022-08-12,True
UAV/Scottsbluff/TP3/Scottsbluff-TP3-n75_17_6.PNG,,RGBA,Scottsbluff,n75,17,6,TP3,264,620,Scottsbluff|n75|17|6,2022-08-12,True
UAV/Scottsbluff/TP3/Scottsbluff-TP3-n75_17_7.PNG,,RGBA,Scottsbluff,n75,17,7,TP3,264,621,Scottsbluff|n75|17|7,2022-08-12,True
UAV/Scottsbluff/TP3/Scottsbluff-TP3-n75_18_1.PNG,,RGBA,Scottsbluff,n75,18,1,TP3,265,620,Scottsbluff|n75|18|1,2022-08-12,True
UAV/Scottsbluff/TP3/Scottsbluff-TP3-n75_18_2.PNG,,RGBA,Scottsbluff,n75,18,2,TP3,265,621,Scottsbluff|n75|18|2,2022-08-12,True
UAV/Scottsbluff/TP3/Scottsbluff-TP3-n75_18_3.PNG,,RGBA,Scottsbluff,n75,18,3,TP3,265,620,Scottsbluff|n75|18|3,2022-08-12,True
UAV/Scottsbluff/TP3/Scottsbluff-TP3-n75_18_4.PNG,,RGBA,Scottsbluff,n75,18,4,TP3,265,620,Scottsbluff|n75|18|4,2022-08-12,True
UAV/Scottsbluff/TP3/Scottsbluff-TP3-n75_18_5.PNG,,RGBA,Scottsbluff,n75,18,5,TP3,265,621,Scottsbluff|n75|18|5,2022-08-12,True
UAV/Scottsbluff/TP3/Scottsbluff-TP3-n75_18_6.PNG,,RGBA,Scottsbluff,n75,18,6,TP3,265,621,Scottsbluff|n75|18|6,2022-08-12,True
UAV/Scottsbluff/TP3/Scottsbluff-TP3-n75_18_7.PNG,,RGBA,Scottsbluff,n75,18,7,TP3,265,621,Scottsbluff|n75|18|7,2022-08-12,True
UAV/Scottsbluff/TP3/Scottsbluff-TP3-n75_19_1.PNG,,RGBA,Scottsbluff,n75,19,1,TP3,265,620,Scottsbluff|n75|19|1,2022-08-12,True
UAV/Scottsbluff/TP3/Scottsbluff-TP3-n75_19_2.PNG,,RGBA,Scottsbluff,n75,19,2,TP3,265,620,Scottsbluff|n75|19|2,2022-08-12,True
UAV/Scottsbluff/TP3/Scottsbluff-TP3-n75_19_3.PNG,,RGBA,Scottsbluff,n75,19,3,TP3,265,620,Scottsbluff|n75|19|3,2022-08-12,True
UAV/Scottsbluff/TP3/Scottsbluff-TP3-n75_19_4.PNG,,RGBA,Scottsbluff,n75,19,4,TP3,265,620,Scottsbluff|n75|19|4,2022-08-12,True
UAV/Scottsbluff/TP3/Scottsbluff-TP3-n75_19_5.PNG,,RGBA,Scottsbluff,n75,19,5,TP3,264,621,Scottsbluff|n75|19|5,2022-08-12,True
UAV/Scottsbluff/TP3/Scottsbluff-TP3-n75_19_6.PNG,,RGBA,Scottsbluff,n75,19,6,TP3,264,620,Scottsbluff|n75|19|6,2022-08-12,True
UAV/Scottsbluff/TP3/Scottsbluff-TP3-n75_19_7.PNG,,RGBA,Scottsbluff,n75,19,7,TP3,264,621,Scottsbluff|n75|19|7,2022-08-12,True
UAV/Scottsbluff/TP3/Scottsbluff-TP3-n75_20_1.PNG,,RGBA,Scottsbluff,n75,20,1,TP3,265,620,Scottsbluff|n75|20|1,2022-08-12,True
UAV/Scottsbluff/TP3/Scottsbluff-TP3-n75_20_2.PNG,,RGBA,Scottsbluff,n75,20,2,TP3,265,620,Scottsbluff|n75|20|2,2022-08-12,True
UAV/Scottsbluff/TP3/Scottsbluff-TP3-n75_20_3.PNG,,RGBA,Scottsbluff,n75,20,3,TP3,264,621,Scottsbluff|n75|20|3,2022-08-12,True
UAV/Scottsbluff/TP3/Scottsbluff-TP3-n75_20_4.PNG,,RGBA,Scottsbluff,n75,20,4,TP3,265,621,Scottsbluff|n75|20|4,2022-08-12,True
UAV/Scottsbluff/TP3/Scottsbluff-TP3-n75_20_5.PNG,,RGBA,Scottsbluff,n75,20,5,TP3,265,621,Scottsbluff|n75|20|5,2022-08-12,True
UAV/Scottsbluff/TP3/Scottsbluff-TP3-n75_20_6.PNG,,RGBA,Scottsbluff,n75,20,6,TP3,265,621,Scottsbluff|n75|20|6,2022-08-12,True
UAV/Scottsbluff/TP3/Scottsbluff-TP3-n75_20_7.PNG,,RGBA,Scottsbluff,n75,20,7,TP3,265,621,Scottsbluff|n75|20|7,2022-08-12,True
UAV/Scottsbluff/TP3/Scottsbluff-TP3-n75_21_1.PNG,,RGBA,Scottsbluff,n75,21,1,TP3,265,621,Scottsbluff|n75|21|1,2022-08-12,True
UAV/Scottsbluff/TP3/Scottsbluff-TP3-n75_21_2.PNG,,RGBA,Scottsbluff,n75,21,2,TP3,265,620,Scottsbluff|n75|21|2,2022-08-12,True
UAV/Scottsbluff/TP3/Scottsbluff-TP3-n75_21_3.PNG,,RGBA,Scottsbluff,n75,21,3,TP3,265,621,Scottsbluff|n75|21|3,2022-08-12,True
UAV/Scottsbluff/TP3/Scottsbluff-TP3-n75_21_4.PNG,,RGBA,Scottsbluff,n75,21,4,TP3,265,621,Scottsbluff|n75|21|4,2022-08-12,True
UAV/Scottsbluff/TP3/Scottsbluff-TP3-n75_21_5.PNG,,RGBA,Scottsbluff,n75,21,5,TP3,265,621,Scottsbluff|n75|21|5,2022-08-12,True
UAV/Scottsbluff/TP3/Scottsbluff-TP3-n75_21_6.PNG,,RGBA,Scottsbluff,n75,21,6,TP3,265,621,Scottsbluff|n75|21|6,2022-08-12,True
UAV/Scottsbluff/TP3/Scottsbluff-TP3-n75_21_7.PNG,,RGBA,Scottsbluff,n75,21,7,TP3,264,621,Scottsbluff|n75|21|7,2022-08-12,True
UAV/Scottsbluff/TP3/Scottsbluff-TP3-n75_22_1.PNG,,RGBA,Scottsbluff,n75,22,1,TP3,265,620,Scottsbluff|n75|22|1,2022-08-12,True
UAV/Scottsbluff/TP3/Scottsbluff-TP3-n75_22_2.PNG,,RGBA,Scottsbluff,n75,22,2,TP3,265,620,Scottsbluff|n75|22|2,2022-08-12,True
UAV/Scottsbluff/TP3/Scottsbluff-TP3-n75_22_3.PNG,,RGBA,Scottsbluff,n75,22,3,TP3,265,621,Scottsbluff|n75|22|3,2022-08-12,True
UAV/Scottsbluff/TP3/Scottsbluff-TP3-n75_22_4.PNG,,RGBA,Scottsbluff,n75,22,4,TP3,265,621,Scottsbluff|n75|22|4,2022-08-12,True
UAV/Scottsbluff/TP3/Scottsbluff-TP3-n75_22_5.PNG,,RGBA,Scottsbluff,n75,22,5,TP3,264,621,Scottsbluff|n75|22|5,2022-08-12,True
UAV/Scottsbluff/TP3/Scottsbluff-TP3-n75_22_6.PNG,,RGBA,Scottsbluff,n75,22,6,TP3,265,621,Scottsbluff|n75|22|6,2022-08-12,True
UAV/Scottsbluff/TP3/Scottsbluff-TP3-n75_22_7.PNG,,RGBA,Scottsbluff,n75,22,7,TP3,265,622,Scottsbluff|n75|22|7,2022-08-12,True
UAV/Scottsbluff/TP3/Scottsbluff-TP3-n75_23_1.PNG,,RGBA,Scottsbluff,n75,23,1,TP3,265,620,Scottsbluff|n75|23|1,2022-08-12,True
UAV/Scottsbluff/TP3/Scottsbluff-TP3-n75_23_2.PNG,,RGBA,Scottsbluff,n75,23,2,TP3,265,621,Scottsbluff|n75|23|2,2022-08-12,True
UAV/Scottsbluff/TP3/Scottsbluff-TP3-n75_23_3.PNG,,RGBA,Scottsbluff,n75,23,3,TP3,265,621,Scottsbluff|n75|23|3,2022-08-12,True
UAV/Scottsbluff/TP3/Scottsbluff-TP3-n75_23_4.PNG,,RGBA,Scottsbluff,n75,23,4,TP3,265,621,Scottsbluff|n75|23|4,2022-08-12,False
UAV/Scottsbluff/TP3/Scottsbluff-TP3-n75_23_5.PNG,,RGBA,Scottsbluff,n75,23,5,TP3,265,621,Scottsbluff|n75|23|5,2022-08-12,True
UAV/Scottsbluff/TP3/Scottsbluff-TP3-n75_23_6.PNG,,RGBA,Scottsbluff,n75,23,6,TP3,265,621,Scottsbluff|n75|23|6,2022-08-12,True
UAV/Scottsbluff/TP3/Scottsbluff-TP3-n75_23_7.PNG,,RGBA,Scottsbluff,n75,23,7,TP3,264,621,Scottsbluff|n75|23|7,2022-08-12,False
UAV/Scottsbluff/TP3/Scottsbluff-TP3-n75_24_1.PNG,,RGBA,Scottsbluff,n75,24,1,TP3,265,621,Scottsbluff|n75|24|1,2022-08-12,True
UAV/Scottsbluff/TP3/Scottsbluff-TP3-n75_24_2.PNG,,RGBA,Scottsbluff,n75,24,2,TP3,265,621,Scottsbluff|n75|24|2,2022-08-12,True
UAV/Scottsbluff/TP3/Scottsbluff-TP3-n75_24_3.PNG,,RGBA,Scottsbluff,n75,24,3,TP3,265,621,Scottsbluff|n75|24|3,2022-08-12,True
UAV/Scottsbluff/TP3/Scottsbluff-TP3-n75_24_4.PNG,,RGBA,Scottsbluff,n75,24,4,TP3,265,622,Scottsbluff|n75|24|4,2022-08-12,True
UAV/Scottsbluff/TP3/Scottsbluff-TP3-n75_24_5.PNG,,RGBA,Scottsbluff,n75,24,5,TP3,265,622,Scottsbluff|n75|24|5,2022-08-12,True
UAV/Scottsbluff/TP3/Scottsbluff-TP3-n75_24_6.PNG,,RGBA,Scottsbluff,n75,24,6,TP3,265,622,Scottsbluff|n75|24|6,2022-08-12,True
UAV/Scottsbluff/TP3/Scottsbluff-TP3-n75_24_7.PNG,,RGBA,Scottsbluff,n75,24,7,TP3,265,622,Scottsbluff|n75|24|7,2022-08-12,False
UAV/Scottsbluff/TP3/Scottsbluff-TP3-n75_25_1.PNG,,RGBA,Scottsbluff,n75,25,1,TP3,265,621,Scottsbluff|n75|25|1,2022-08-12,True
UAV/Scottsbluff/TP3/Scottsbluff-TP3-n75_25_2.PNG,,RGBA,Scottsbluff,n75,25,2,TP3,266,621,Scottsbluff|n75|25|2,2022-08-12,True
UAV/Scottsbluff/TP3/Scottsbluff-TP3-n75_25_3.PNG,,RGBA,Scottsbluff,n75,25,3,TP3,265,621,Scottsbluff|n75|25|3,2022-08-12,True
UAV/Scottsbluff/TP3/Scottsbluff-TP3-n75_25_4.PNG,,RGBA,Scottsbluff,n75,25,4,TP3,265,622,Scottsbluff|n75|25|4,2022-08-12,True
UAV/Scottsbluff/TP3/Scottsbluff-TP3-n75_25_5.PNG,,RGBA,Scottsbluff,n75,25,5,TP3,265,621,Scottsbluff|n75|25|5,2022-08-12,True
UAV/Scottsbluff/TP3/Scottsbluff-TP3-n75_25_6.PNG,,RGBA,Scottsbluff,n75,25,6,TP3,265,621,Scottsbluff|n75|25|6,2022-08-12,True
UAV/Scottsbluff/TP3/Scottsbluff-TP3-n75_25_7.PNG,,RGBA,Scottsbluff,n75,25,7,TP3,264,622,Scottsbluff|n75|25|7,2022-08-12,False
UAV/Scottsbluff/TP3/Scottsbluff-TP3-n75_26_1.PNG,,RGBA,Scottsbluff,n75,26,1,TP3,265,621,Scottsbluff|n75|26|1,2022-08-12,True
UAV/Scottsbluff/TP3/Scottsbluff-TP3-n75_26_2.PNG,,RGBA,Scottsbluff,n75,26,2,TP3,265,621,Scottsbluff|n75|26|2,2022-08-12,True
UAV/Scottsbluff/TP3/Scottsbluff-TP3-n75_26_3.PNG,,RGBA,Scottsbluff,n75,26,3,TP3,265,622,Scottsbluff|n75|26|3,2022-08-12,True
UAV/Scottsbluff/TP3/Scottsbluff-TP3-n75_26_4.PNG,,RGBA,Scottsbluff,n75,26,4,TP3,265,622,Scottsbluff|n75|26|4,2022-08-12,True
UAV/Scottsbluff/TP3/Scottsbluff-TP3-n75_26_5.PNG,,RGBA,Scottsbluff,n75,26,5,TP3,265,621,Scottsbluff|n75|26|5,2022-08-12,True
UAV/Scottsbluff/TP3/Scottsbluff-TP3-n75_26_6.PNG,,RGBA,Scottsbluff,n75,26,6,TP3,265,622,Scottsbluff|n75|26|6,2022-08-12,True
UAV/Scottsbluff/TP3/Scottsbluff-TP3-n75_26_7.PNG,,RGBA,Scottsbluff,n75,26,7,TP3,265,622,Scottsbluff|n75|26|7,2022-08-12,False
UAV/Scottsbluff/TP3/Scottsbluff-TP3-n75_27_1.PNG,,RGBA,Scottsbluff,n75,27,1,TP3,266,622,Scottsbluff|n75|27|1,2022-08-12,True
UAV/Scottsbluff/TP3/Scottsbluff-TP3-n75_27_2.PNG,,RGBA,Scottsbluff,n75,27,2,TP3,265,621,Scottsbluff|n75|27|2,2022-08-12,True
UAV/Scottsbluff/TP3/Scottsbluff-TP3-n75_27_3.PNG,,RGBA,Scottsbluff,n75,27,3,TP3,266,622,Scottsbluff|n75|27|3,2022-08-12,True
UAV/Scottsbluff/TP3/Scottsbluff-TP3-n75_27_4.PNG,,RGBA,Scottsbluff,n75,27,4,TP3,265,621,Scottsbluff|n75|27|4,2022-08-12,True
UAV/Scottsbluff/TP3/Scottsbluff-TP3-n75_27_5.PNG,,RGBA,Scottsbluff,n75,27,5,TP3,266,622,Scottsbluff|n75|27|5,2022-08-12,True
UAV/Scottsbluff/TP3/Scottsbluff-TP3-n75_27_6.PNG,,RGBA,Scottsbluff,n75,27,6,TP3,265,622,Scottsbluff|n75|27|6,2022-08-12,True
UAV/Scottsbluff/TP3/Scottsbluff-TP3-n75_27_7.PNG,,RGBA,Scottsbluff,n75,27,7,TP3,265,622,Scottsbluff|n75|27|7,2022-08-12,False
UAV/Scottsbluff/TP3/Scottsbluff-TP3-n75_3_1.PNG,,RGBA,Scottsbluff,n75,3,1,TP3,264,618,Scottsbluff|n75|3|1,2022-08-12,True
UAV/Scottsbluff/TP3/Scottsbluff-TP3-n75_3_2.PNG,,RGBA,Scottsbluff,n75,3,2,TP3,264,618,Scottsbluff|n75|3|2,2022-08-12,True
UAV/Scottsbluff/TP3/Scottsbluff-TP3-n75_3_3.PNG,,RGBA,Scottsbluff,n75,3,3,TP3,264,619,Scottsbluff|n75|3|3,2022-08-12,True
UAV/Scottsbluff/TP3/Scottsbluff-TP3-n75_3_4.PNG,,RGBA,Scottsbluff,n75,3,4,TP3,263,619,Scottsbluff|n75|3|4,2022-08-12,True
UAV/Scottsbluff/TP3/Scottsbluff-TP3-n75_3_5.PNG,,RGBA,Scottsbluff,n75,3,5,TP3,264,618,Scottsbluff|n75|3|5,2022-08-12,True
UAV/Scottsbluff/TP3/Scottsbluff-TP3-n75_3_6.PNG,,RGBA,Scottsbluff,n75,3,6,TP3,264,618,Scottsbluff|n75|3|6,2022-08-12,True
UAV/Scottsbluff/TP3/Scottsbluff-TP3-n75_3_7.PNG,,RGBA,Scottsbluff,n75,3,7,TP3,264,619,Scottsbluff|n75|3|7,2022-08-12,True
UAV/Scottsbluff/TP3/Scottsbluff-TP3-n75_4_1.PNG,,RGBA,Scottsbluff,n75,4,1,TP3,264,618,Scottsbluff|n75|4|1,2022-08-12,True
UAV/Scottsbluff/TP3/Scottsbluff-TP3-n75_4_2.PNG,,RGBA,Scottsbluff,n75,4,2,TP3,264,618,Scottsbluff|n75|4|2,2022-08-12,True
UAV/Scottsbluff/TP3/Scottsbluff-TP3-n75_4_3.PNG,,RGBA,Scottsbluff,n75,4,3,TP3,264,619,Scottsbluff|n75|4|3,2022-08-12,True
UAV/Scottsbluff/TP3/Scottsbluff-TP3-n75_4_4.PNG,,RGBA,Scottsbluff,n75,4,4,TP3,264,618,Scottsbluff|n75|4|4,2022-08-12,True
UAV/Scottsbluff/TP3/Scottsbluff-TP3-n75_4_5.PNG,,RGBA,Scottsbluff,n75,4,5,TP3,264,619,Scottsbluff|n75|4|5,2022-08-12,True
UAV/Scottsbluff/TP3/Scottsbluff-TP3-n75_4_6.PNG,,RGBA,Scottsbluff,n75,4,6,TP3,264,619,Scottsbluff|n75|4|6,2022-08-12,True
UAV/Scottsbluff/TP3/Scottsbluff-TP3-n75_4_7.PNG,,RGBA,Scottsbluff,n75,4,7,TP3,263,619,Scottsbluff|n75|4|7,2022-08-12,True
UAV/Scottsbluff/TP3/Scottsbluff-TP3-n75_5_1.PNG,,RGBA,Scottsbluff,n75,5,1,TP3,264,619,Scottsbluff|n75|5|1,2022-08-12,True
UAV/Scottsbluff/TP3/Scottsbluff-TP3-n75_5_2.PNG,,RGBA,Scottsbluff,n75,5,2,TP3,264,618,Scottsbluff|n75|5|2,2022-08-12,True
UAV/Scottsbluff/TP3/Scottsbluff-TP3-n75_5_3.PNG,,RGBA,Scottsbluff,n75,5,3,TP3,264,619,Scottsbluff|n75|5|3,2022-08-12,True
UAV/Scottsbluff/TP3/Scottsbluff-TP3-n75_5_4.PNG,,RGBA,Scottsbluff,n75,5,4,TP3,264,618,Scottsbluff|n75|5|4,2022-08-12,True
UAV/Scottsbluff/TP3/Scottsbluff-TP3-n75_5_5.PNG,,RGBA,Scottsbluff,n75,5,5,TP3,264,619,Scottsbluff|n75|5|5,2022-08-12,True
UAV/Scottsbluff/TP3/Scottsbluff-TP3-n75_5_6.PNG,,RGBA,Scottsbluff,n75,5,6,TP3,264,618,Scottsbluff|n75|5|6,2022-08-12,True
UAV/Scottsbluff/TP3/Scottsbluff-TP3-n75_5_7.PNG,,RGBA,Scottsbluff,n75,5,7,TP3,264,619,Scottsbluff|n75|5|7,2022-08-12,True
UAV/Scottsbluff/TP3/Scottsbluff-TP3-n75_6_1.PNG,,RGBA,Scottsbluff,n75,6,1,TP3,265,618,Scottsbluff|n75|6|1,2022-08-12,True
UAV/Scottsbluff/TP3/Scottsbluff-TP3-n75_6_2.PNG,,RGBA,Scottsbluff,n75,6,2,TP3,264,618,Scottsbluff|n75|6|2,2022-08-12,True
UAV/Scottsbluff/TP3/Scottsbluff-TP3-n75_6_3.PNG,,RGBA,Scottsbluff,n75,6,3,TP3,264,619,Scottsbluff|n75|6|3,2022-08-12,True
UAV/Scottsbluff/TP3/Scottsbluff-TP3-n75_6_4.PNG,,RGBA,Scottsbluff,n75,6,4,TP3,264,619,Scottsbluff|n75|6|4,2022-08-12,True
UAV/Scottsbluff/TP3/Scottsbluff-TP3-n75_6_5.PNG,,RGBA,Scottsbluff,n75,6,5,TP3,264,619,Scottsbluff|n75|6|5,2022-08-12,True
UAV/Scottsbluff/TP3/Scottsbluff-TP3-n75_6_6.PNG,,RGBA,Scottsbluff,n75,6,6,TP3,264,619,Scottsbluff|n75|6|6,2022-08-12,True
UAV/Scottsbluff/TP3/Scottsbluff-TP3-n75_6_7.PNG,,RGBA,Scottsbluff,n75,6,7,TP3,263,620,Scottsbluff|n75|6|7,2022-08-12,True
UAV/Scottsbluff/TP3/Scottsbluff-TP3-n75_7_1.PNG,,RGBA,Scottsbluff,n75,7,1,TP3,264,618,Scottsbluff|n75|7|1,2022-08-12,True
UAV/Scottsbluff/TP3/Scottsbluff-TP3-n75_7_2.PNG,,RGBA,Scottsbluff,n75,7,2,TP3,264,619,Scottsbluff|n75|7|2,2022-08-12,True
UAV/Scottsbluff/TP3/Scottsbluff-TP3-n75_7_3.PNG,,RGBA,Scottsbluff,n75,7,3,TP3,264,619,Scottsbluff|n75|7|3,2022-08-12,True
UAV/Scottsbluff/TP3/Scottsbluff-TP3-n75_7_4.PNG,,RGBA,Scottsbluff,n75,7,4,TP3,264,619,Scottsbluff|n75|7|4,2022-08-12,True
UAV/Scottsbluff/TP3/Scottsbluff-TP3-n75_7_5.PNG,,RGBA,Scottsbluff,n75,7,5,TP3,264,619,Scottsbluff|n75|7|5,2022-08-12,True
UAV/Scottsbluff/TP3/Scottsbluff-TP3-n75_7_6.PNG,,RGBA,Scottsbluff,n75,7,6,TP3,264,619,Scottsbluff|n75|7|6,2022-08-12,True
UAV/Scottsbluff/TP3/Scottsbluff-TP3-n75_7_7.PNG,,RGBA,Scottsbluff,n75,7,7,TP3,264,619,Scottsbluff|n75|7|7,2022-08-12,True
UAV/Scottsbluff/TP3/Scottsbluff-TP3-n75_8_1.PNG,,RGBA,Scottsbluff,n75,8,1,TP3,264,619,Scottsbluff|n75|8|1,2022-08-12,True
UAV/Scottsbluff/TP3/Scottsbluff-TP3-n75_8_2.PNG,,RGBA,Scottsbluff,n75,8,2,TP3,264,619,Scottsbluff|n75|8|2,2022-08-12,True
UAV/Scottsbluff/TP3/Scottsbluff-TP3-n75_8_3.PNG,,RGBA,Scottsbluff,n75,8,3,TP3,264,619,Scottsbluff|n75|8|3,2022-08-12,True
UAV/Scottsbluff/TP3/Scottsbluff-TP3-n75_8_4.PNG,,RGBA,Scottsbluff,n75,8,4,TP3,264,619,Scottsbluff|n75|8|4,2022-08-12,True
UAV/Scottsbluff/TP3/Scottsbluff-TP3-n75_8_5.PNG,,RGBA,Scottsbluff,n75,8,5,TP3,264,619,Scottsbluff|n75|8|5,2022-08-12,True
UAV/Scottsbluff/TP3/Scottsbluff-TP3-n75_8_6.PNG,,RGBA,Scottsbluff,n75,8,6,TP3,264,619,Scottsbluff|n75|8|6,2022-08-12,True
UAV/Scottsbluff/TP3/Scottsbluff-TP3-n75_8_7.PNG,,RGBA,Scottsbluff,n75,8,7,TP3,263,620,Scottsbluff|n75|8|7,2022-08-12,True
UAV/Scottsbluff/TP3/Scottsbluff-TP3-n75_9_1.PNG,,RGBA,Scottsbluff,n75,9,1,TP3,264,619,Scottsbluff|n75|9|1,2022-08-12,True
UAV/Scottsbluff/TP3/Scottsbluff-TP3-n75_9_2.PNG,,RGBA,Scottsbluff,n75,9,2,TP3,265,619,Scottsbluff|n75|9|2,2022-08-12,True
UAV/Scottsbluff/TP3/Scottsbluff-TP3-n75_9_3.PNG,,RGBA,Scottsbluff,n75,9,3,TP3,264,619,Scottsbluff|n75|9|3,2022-08-12,True
UAV/Scottsbluff/TP3/Scottsbluff-TP3-n75_9_4.PNG,,RGBA,Scottsbluff,n75,9,4,TP3,265,619,Scottsbluff|n75|9|4,2022-08-12,True
UAV/Scottsbluff/TP3/Scottsbluff-TP3-n75_9_5.PNG,,RGBA,Scottsbluff,n75,9,5,TP3,264,619,Scottsbluff|n75|9|5,2022-08-12,True
UAV/Scottsbluff/TP3/Scottsbluff-TP3-n75_9_6.PNG,,RGBA,Scottsbluff,n75,9,6,TP3,265,619,Scottsbluff|n75|9|6,2022-08-12,True
UAV/Scottsbluff/TP3/Scottsbluff-TP3-n75_9_7.PNG,,RGBA,Scottsbluff,n75,9,7,TP3,264,620,Scottsbluff|n75|9|7,2022-08-12,True
