genotype,average_percentile,worst_site_percentile,between_site_sd,sites_above_median,sites,site_years,yield_advantage,replicates,min_cell_replicates,rank,qualifies,shortlisted,cutoff,model
SYNGENTA NK0760-3111,100.0,100.0,0.0,5,5,5,27.520615922290073,64,2,1,True,True,60,agronomy
HOEGEMEYER 8065RR,96.25281614261925,90.50102850426094,3.0007706327703936,5,5,5,14.411797662173484,25,1,2,True,True,60,agronomy
PHG39 X PHN82,90.11754334410814,72.28915662650603,9.974057794825999,5,5,5,12.632225122949253,13,1,3,True,True,60,agronomy
PHW52 X PHN82,87.2230384954452,75.1004016064257,6.520125842459416,5,5,5,10.515520282091614,26,2,4,True,True,60,agronomy
HOEGEMEYER 7089 AMXT,86.98207464002351,75.1004016064257,6.253224125261153,5,5,5,9.907029785597626,26,2,5,True,True,60,agronomy
PHK56 X LH185,86.86746987951807,78.714859437751,6.19255751562936,5,5,5,10.024020238027571,24,2,6,True,False,60,agronomy
PHK56 X PHJ89,84.61259672837693,75.1004016064257,6.3052037642185095,5,5,5,9.397931274878239,26,2,7,True,False,60,agronomy
N209 X 3IIH6,82.19022431188166,67.77843079635615,9.004203884171957,5,5,5,8.445067834195415,26,2,8,True,False,60,agronomy
PIONEER P0589 AMXT,81.23910275247331,65.06024096385542,9.667316588610824,5,5,5,8.750055334308055,26,2,9,True,False,60,agronomy
PHK56 X LH82,80.6366931139191,52.61044176706827,15.048182082012259,5,5,5,9.492956151785163,26,2,10,True,False,60,agronomy
LH185 X LH82,80.2713292193163,64.4578313253012,12.397733888414834,5,5,5,8.858711647024919,24,1,11,True,False,60,agronomy
PHP02 X PHG47,79.55529434812419,65.46184738955823,11.494750803224148,5,5,5,6.182201268027677,25,1,12,True,False,60,agronomy
PHK56 X W606S,79.50827701048095,43.97590361445783,19.12990264657238,4,5,5,8.100071863643159,25,1,13,True,False,60,agronomy
PHB47 X PHK56,76.04074835929082,56.107356254285435,12.374022014919182,5,5,5,7.145095893865095,26,2,14,True,False,60,agronomy
PHW52 X PHM49,75.04799686551083,27.710843373493976,24.189545682688994,4,5,5,5.300191212853323,25,1,15,True,False,60,agronomy
PHP02 X PHK56,74.92555588206486,52.61044176706827,16.421142837938284,5,5,5,7.603145344571255,26,2,16,True,False,60,agronomy
PIONEER 1311 AMXT,74.19825644039574,67.6706827309237,7.707631739639037,5,5,5,6.9304765487228295,26,2,17,True,False,60,agronomy
PHK56 X 3IIH6,72.88177098638457,43.373493975903614,20.47185122606386,4,5,5,4.87316783503312,25,1,18,True,False,60,agronomy
B73 X PHN82,71.53981780781663,15.329611127436577,28.606324100130657,4,5,5,6.660924295130082,25,1,19,True,False,60,agronomy
B73 X 3IIH6,71.38309334900578,59.72671172494858,9.275315872450426,5,5,5,6.642908393700125,26,2,20,True,False,60,agronomy
PHP02 X LH198,70.71799392692722,49.397590361445786,14.950580531111525,4,5,5,5.507934246221614,26,2,21,True,False,60,agronomy
PHP02 X W606S,66.4247232833774,44.77421882652561,18.803601204002437,3,5,5,6.056189168372002,26,2,22,False,False,60,agronomy
2FACC X 3IIH6,65.48339700264472,30.522088353413654,18.683556913063097,4,5,5,6.015549560296394,26,2,23,True,False,60,agronomy
PHP02 X PHK76,65.20227250465275,52.61044176706827,7.272701871676751,5,5,5,3.09543567929516,26,2,24,True,False,60,agronomy
2369 X 3IIH6,64.51954158095798,30.522088353413654,18.36443616279928,4,5,5,4.075808740226151,26,2,25,True,False,60,agronomy
F42 X MO17,63.814281516309144,42.570281124497996,19.460602764765365,3,5,5,3.4431253193259197,25,1,26,False,False,60,agronomy
PHK56 X LH198,63.659516113233416,39.3574297188755,17.22510380330684,4,5,5,5.51503336938658,26,2,27,True,False,60,agronomy
LH195 X 3IIH6,63.51552551670095,58.03212851405622,6.110064162415372,5,5,5,2.315872816104579,26,2,28,True,False,60,agronomy
PHW52 X LH185,61.53247134880987,44.57831325301205,11.807992059738298,4,5,5,2.2064993458140547,26,2,29,True,False,60,agronomy
PHP02 X PHJ89,61.47223038495444,25.301204819277107,25.734971005124,3,5,5,2.9698130681698096,25,1,30,False,False,60,agronomy
PHP02 X PHN46,60.769419139974524,43.97590361445783,12.224493110017287,4,5,5,1.7322509221706812,25,1,31,True,False,60,agronomy
PHN46 X PHB47,59.87315114114997,38.92398863747673,15.135250719877545,3,5,5,4.737149673638249,26,2,32,False,False,60,agronomy
LH185 X W606S,58.03947497306299,9.072876873347047,37.89713221040456,3,5,5,4.021977672559484,13,1,33,False,False,60,agronomy
PHK76 X LH82,57.76471740621021,26.50602409638554,16.827426267855117,4,5,5,1.8153436138579004,24,1,34,True,False,60,agronomy
LH145 X LH162,57.58889215398178,23.694779116465863,24.01152427276649,3,5,5,0.731222250107842,26,2,35,False,False,60,agronomy
B73 X MO17,56.42766186698011,34.93975903614458,14.964485332447444,3,5,5,1.4472353145573338,23,1,36,False,False,60,agronomy
4N506 X 3IIH6,55.70134195317856,16.265060240963855,24.65017486349043,3,5,5,0.809476594447759,26,2,37,False,False,60,agronomy
PHW52 X PHZ51,54.93045352140268,20.883534136546185,22.940196119606597,2,5,5,0.9838098993864657,25,1,38,False,False,60,agronomy
PHG39 X PHM49,52.412577137819575,16.265060240963855,18.792194681780263,4,5,5,0.7637173561562474,26,2,39,True,False,60,agronomy
PHT69 X 3IIH6,51.04809481829758,12.248995983935743,20.6058449181938,4,5,5,0.22359588636355196,26,2,40,True,False,60,agronomy
LH82 X PHJ89,50.29483788813792,26.706827309236946,19.439595749904825,2,5,5,0.7088862726073395,26,2,41,False,False,60,agronomy
PHN46 X PHK56,50.22676070134195,12.449799196787149,21.09420822465552,3,5,5,0.11047741910369843,26,2,42,False,False,60,agronomy
LH82 X W606S,49.81291017729454,18.473895582329316,21.866821233515935,3,5,5,0.451670138185335,26,2,43,False,False,60,agronomy
LH195 X PHZ51,46.78812812224508,26.104417670682732,12.952542002134775,2,5,5,-0.3506961365217721,26,2,44,False,False,60,agronomy
LH195 X LH185,44.491625036732295,25.301204819277107,20.599702987027506,2,5,5,2.0003673211260296,25,1,45,False,False,60,agronomy
PHP02 X LH185,43.1942403761387,25.301204819277107,15.88533825942026,2,5,5,-1.2546400051372082,26,2,46,False,False,60,agronomy
PHK76 X LH198,42.91899304535214,24.096385542168676,16.324568937465354,2,5,5,-1.2505746296730749,26,2,47,False,False,60,agronomy
PHP02 X LH82,42.02174551866001,16.06425702811245,18.650004814190773,1,5,5,-1.5590859120224236,26,2,48,False,False,60,agronomy
LH74 X PHN82,41.84641003036536,16.265060240963855,18.676315575559578,1,5,5,-0.8324371987669249,26,2,49,False,False,60,agronomy
PHJ40 X LH82,41.476638260358506,12.248995983935743,19.61166469934644,1,5,5,-1.5891937503394042,26,2,50,False,False,60,agronomy
LH123HT X 3IIH6,41.37721618180037,4.4176706827309244,26.30578096471257,2,5,5,-0.5825512993270314,25,1,51,False,False,60,agronomy
LH198 X PHB47,41.17347438534627,21.686746987951807,19.114173201127638,2,5,5,-1.6819945943639005,26,2,52,False,False,60,agronomy
B73 X PHM49,41.108825546086784,29.439710059751203,10.608049654256677,1,5,5,-1.004295171655766,26,2,53,False,False,60,agronomy
2369 X PHN82,40.748359290821824,33.05906553041434,7.35494334904227,1,5,5,-1.0229375617674623,26,2,54,False,False,60,agronomy
PHN46 X W606S,39.968655108237826,12.449799196787149,19.453461526169743,2,5,5,-1.297798479105788,26,2,55,False,False,60,agronomy
PHB47 X PHJ89,35.775296307179936,11.44578313253012,26.825382550751293,1,5,5,-2.2942389049506415,13,1,56,False,False,60,agronomy
PHK76 X W606S,35.68566950729748,14.056224899598392,14.353014490158609,1,5,5,-2.9551802357294576,25,1,57,False,False,60,agronomy
PHK76 X 3IIH6,35.390341855225785,12.449799196787149,18.028902658175234,1,5,5,-2.1185193298843124,26,2,58,False,False,60,agronomy
2369 X LH123HT,35.35507885199334,12.048192771084336,21.398610386303268,1,5,5,-2.470073971512667,26,2,59,False,False,60,agronomy
PHB47 X LH185,35.04848662944461,6.827309236947791,16.162645669210686,1,5,5,-2.4355136472697976,26,2,60,False,False,60,agronomy
LH123HT X PHB47,34.48085023018905,26.907630522088354,8.640388002704825,1,5,5,-2.667491470169652,26,2,61,False,False,60,agronomy
B14A X MO17,34.42844548927417,18.072289156626507,16.852424857268506,1,5,5,-2.5068756304836386,26,2,62,False,False,60,agronomy
F42 X OH43,34.15319815848761,10.441767068273093,21.951094196960298,1,5,5,-1.8896354696296125,26,2,63,False,False,60,agronomy
LH74 X PHM49,34.070917817611914,21.760211578019394,10.162401989195068,0,5,5,-2.0013188421829304,25,1,64,False,False,60,agronomy
PHB47 X 3IIH6,33.91615241453619,9.236947791164658,17.141022612179107,1,5,5,-1.875096260270422,26,2,65,False,False,60,agronomy
2369 X PHZ51,30.615143500832595,10.843373493975903,23.075221789048307,1,5,5,-7.198220996080197,25,1,66,False,False,60,agronomy
2369 X PHP02,30.452541874816337,12.102066803800568,15.610588575703943,1,5,5,-2.762735452138003,26,2,67,False,False,60,agronomy
B84 X 3IIH6,29.667940052894505,7.6305220883534135,17.368931581156872,1,5,5,-3.2962169382873983,26,2,68,False,False,60,agronomy
LH198 X PHZ51,27.652071701439905,20.481927710843372,9.255691458697582,0,5,5,-3.5444361724050375,26,2,69,False,False,60,agronomy
B105 X 3IIH6,23.552747575668526,9.63855421686747,13.524835420961365,0,5,5,-7.827374852413703,26,2,70,False,False,60,agronomy
PHK56 X LH145,23.461161720050935,9.072876873347047,15.389587178828327,0,5,5,-6.771907285310595,13,1,71,False,False,60,agronomy
B73 X PHZ51,23.19032226466843,10.04016064257028,11.227081612763335,0,5,5,-4.496014829718162,26,2,72,False,False,60,agronomy
LH195 X LH123HT,21.93750612204917,2.8112449799196786,13.690286851005013,0,5,5,-4.522395948478717,26,2,73,False,False,60,agronomy
LH185 X LH145,20.71897345479479,0.8032128514056226,16.493486336305264,0,5,5,-12.020214213838056,13,1,74,False,False,60,agronomy
PHP02 X PHB47,20.486825350181213,5.622489959839357,15.166137554850364,0,5,5,-5.561773728003657,26,2,75,False,False,60,agronomy
B37 X MO17,19.296698991086295,6.024096385542169,8.688888132280367,0,5,5,-6.997414794291134,26,2,76,False,False,60,agronomy
LH82 X PHB47,17.676559898129103,7.659907924380449,7.175945479983694,0,5,5,-7.079621096713629,26,2,77,False,False,60,agronomy
PHP02 X LH145,15.678323048290725,6.024096385542169,12.895996228276127,0,5,5,-13.393801098890421,26,2,78,False,False,60,agronomy
B37 X OH43,14.627289646390441,7.6305220883534135,9.504156338605606,0,5,5,-11.790280048441513,26,2,79,False,False,60,agronomy
PHZ51 X LH145,12.45371730825742,1.2048192771084338,15.788755166303908,0,5,5,-20.7261737869995,26,2,80,False,False,60,agronomy
PHK76 X LH145,10.684689979429914,0.4016064257028113,16.202364979757203,0,5,5,-21.872156402537478,26,2,81,False,False,60,agronomy
LH195 X PHM49,8.273092369477911,0.0,10.672761601203593,0,5,5,-23.07334404785535,26,2,82,False,False,60,agronomy
WF9 X H95,2.573219708100696,0.4016064257028113,1.5988271417602373,0,5,5,-24.94059103179274,25,1,83,False,False,60,agronomy
B37 X H95,1.286120090116564,0.0,0.9633675251784555,0,5,5,-27.213636388560985,25,1,84,False,False,60,agronomy
SYNGENTA NK0760-3111,100.0,100.0,0.0,5,5,5,23.447246859161044,64,2,1,True,True,60,agronomy_uav
PHK56 X LH185,87.06827309236948,57.0281124497992,15.834501565110498,5,5,5,9.018870026296483,24,2,2,True,True,60,agronomy_uav
HOEGEMEYER 7089 AMXT,86.9428935253208,74.69879518072288,8.126714214122256,5,5,5,7.8780364509151255,26,2,3,True,True,60,agronomy_uav
HOEGEMEYER 8065RR,84.92114800666079,65.56959545499069,12.805246991469119,5,5,5,8.989405325472461,25,1,4,True,True,60,agronomy_uav
PHW52 X PHN82,84.91233225585268,79.51807228915662,5.917616056615656,5,5,5,7.661744933831068,26,2,5,True,True,60,agronomy_uav
PHB47 X PHK56,84.17082966010383,67.84210010774807,9.389599023171963,5,5,5,8.202256673699779,26,2,6,True,False,60,agronomy_uav
PHK56 X PHJ89,82.76912528161427,61.847389558232926,12.150200600281355,5,5,5,7.657071151891037,26,2,7,True,False,60,agronomy_uav
B73 X PHN82,82.00509354491136,62.65060240963856,10.840704637854873,5,5,5,7.492633590283814,25,1,8,True,False,60,agronomy_uav
PHK56 X LH198,81.47125085708689,72.28915662650603,6.873352979446357,5,5,5,7.404215842064952,26,2,9,True,False,60,agronomy_uav
N209 X 3IIH6,80.76794984817317,57.25340385933979,12.223697138267433,5,5,5,6.839693610208634,26,2,10,True,False,60,agronomy_uav
PHK56 X LH82,79.99216377705946,66.22587912626115,9.560393912590786,5,5,5,7.199468966251155,26,2,11,True,False,60,agronomy_uav
B73 X 3IIH6,78.32696640219415,59.70712116759722,12.139739573166926,5,5,5,6.969437694193402,26,2,12,True,False,60,agronomy_uav
PIONEER P0589 AMXT,77.57958663923989,51.00401606425703,15.537083922303948,5,5,5,6.469599563641713,26,2,13,True,False,60,agronomy_uav
PHP02 X PHG47,77.07512978744245,68.27309236947791,5.36599491754166,5,5,5,5.76037893217465,25,1,14,True,False,60,agronomy_uav
PHP02 X PHK56,76.57655010285042,57.42971887550201,13.636031895645813,5,5,5,6.827021130561308,26,2,15,True,False,60,agronomy_uav
2369 X 3IIH6,76.36105397198551,67.46987951807229,8.34548177770419,5,5,5,5.613203465059579,26,2,16,True,False,60,agronomy_uav
PIONEER 1311 AMXT,75.44323636007445,57.73827015378587,10.903576520474585,5,5,5,6.300201355824926,26,2,17,True,False,60,agronomy_uav
PHP02 X W606S,72.98951905181703,51.40562248995983,13.206291718774843,5,5,5,5.566752737224563,26,2,18,True,False,60,agronomy_uav
2FACC X 3IIH6,72.41943383289255,45.43050249779606,16.959395010696586,4,5,5,6.4299056939401265,26,2,19,True,False,60,agronomy_uav
PHN46 X PHB47,70.65236555980017,59.03614457831325,11.58901289770828,5,5,5,5.698427882431416,26,2,20,True,False,60,agronomy_uav
PHK56 X W606S,69.55725340385933,33.734939759036145,20.618185928367648,4,5,5,4.380532326740719,25,1,21,True,False,60,agronomy_uav
PHP02 X LH198,68.42981682828876,48.19277108433735,16.942966606085484,4,5,5,4.3780413353447365,26,2,22,True,False,60,agronomy_uav
PHW52 X PHM49,67.1711235184641,37.75100401606426,18.001008314787654,4,5,5,3.610725656864097,25,1,23,True,False,60,agronomy_uav
PHN46 X PHK56,65.64208051719072,53.41365461847389,10.049506913207745,5,5,5,3.2925971090252233,26,2,24,True,False,60,agronomy_uav
LH185 X LH82,65.45401116661769,29.317269076305223,21.49164738914231,4,5,5,4.519006610883266,24,1,25,True,False,60,agronomy_uav
PHG39 X PHN82,64.90057792144185,35.34626310118523,21.268770697692776,4,5,5,4.4659869052199195,13,1,26,True,False,60,agronomy_uav
PHP02 X PHK76,63.41169556273876,44.97991967871486,16.523150264454014,4,5,5,3.2475590015580615,26,2,27,True,False,60,agronomy_uav
F42 X MO17,61.641688706043695,41.36546184738956,15.576822841081475,3,5,5,3.090598833158642,25,1,28,False,False,60,agronomy_uav
PHW52 X PHZ51,59.06944852581056,21.285140562248998,23.938279404198788,3,5,5,1.6170053921113432,25,1,29,False,False,60,agronomy_uav
PHK56 X 3IIH6,59.01655402096189,14.457831325301205,26.005508212559462,3,5,5,2.2824477707397155,25,1,30,False,False,60,agronomy_uav
4N506 X 3IIH6,58.488588500342836,51.00401606425703,5.538625452964213,5,5,5,2.151243377867535,26,2,31,True,False,60,agronomy_uav
LH195 X 3IIH6,57.35331570183172,43.77510040160643,8.214990547564787,4,5,5,2.681544490632316,26,2,32,True,False,60,agronomy_uav
PHW52 X LH185,55.18072289156627,30.522088353413654,19.109630582517976,3,5,5,1.2490310207167568,26,2,33,False,False,60,agronomy_uav
PHG39 X PHM49,55.046527573709476,42.9718875502008,10.579817695539097,3,5,5,2.1230782674715543,26,2,34,False,False,60,agronomy_uav
B73 X MO17,53.731021647565875,28.91566265060241,13.35181584003649,4,5,5,0.9222121308283056,23,1,35,True,False,60,agronomy_uav
2369 X PHN82,53.15995690077383,22.89156626506024,19.841844251299563,3,5,5,1.5676989863133088,26,2,36,False,False,60,agronomy_uav
PHP02 X LH185,52.65647957684396,28.5140562248996,14.26123602908652,3,5,5,0.7495694911401671,26,2,37,False,False,60,agronomy_uav
PHP02 X PHJ89,52.41257713781956,8.448427857772554,25.093807246647064,3,5,5,2.1104884522122838,25,1,38,False,False,60,agronomy_uav
PHB47 X 3IIH6,51.96493290234107,33.333333333333336,10.474058281186768,3,5,5,1.2833116004814058,26,2,39,False,False,60,agronomy_uav
PHB47 X LH185,51.935547066314044,38.152610441767074,12.293634500042034,3,5,5,1.318377591635285,26,2,40,False,False,60,agronomy_uav
PHK76 X 3IIH6,48.07424821236164,30.522088353413654,11.263764850432596,2,5,5,0.7536881905792322,26,2,41,False,False,60,agronomy_uav
LH185 X W606S,48.0664119894211,13.25301204819277,32.589601751927006,2,5,5,0.7293466831747978,13,1,42,False,False,60,agronomy_uav
LH195 X LH185,48.04927025173866,27.710843373493976,18.598935963868474,1,5,5,1.174625572119914,25,1,43,False,False,60,agronomy_uav
LH145 X LH162,47.27985111176413,28.313253012048193,17.93080719718878,2,5,5,0.24310521062151333,26,2,44,False,False,60,agronomy_uav
LH74 X PHM49,47.077088843177584,35.742971887550205,13.772071389031725,1,5,5,-0.09387986947358282,25,1,45,False,False,60,agronomy_uav
LH123HT X 3IIH6,46.29346654912332,23.694779116465863,18.954679835031932,3,5,5,0.6295762399373033,25,1,46,False,False,60,agronomy_uav
PHT69 X 3IIH6,46.0412381232246,33.61984523459692,11.659682494851321,2,5,5,0.6569844260102025,26,2,47,False,False,60,agronomy_uav
LH82 X PHJ89,45.73611519247722,19.67871485943775,15.977795016223297,3,5,5,-0.5958013927024144,26,2,48,False,False,60,agronomy_uav
B84 X 3IIH6,45.52551670095014,29.836418846116175,9.691726913934007,2,5,5,0.40247973829766676,26,2,49,False,False,60,agronomy_uav
PHK76 X LH82,44.90351650504457,11.244979919678714,21.79970036925487,2,5,5,-0.7280901954937538,24,1,50,False,False,60,agronomy_uav
PHP02 X PHN46,43.67714761484964,25.301204819277107,16.859230048932357,2,5,5,-0.22444067132560458,25,1,51,False,False,60,agronomy_uav
PHK76 X LH198,43.10314428445489,16.265060240963855,15.811934782977724,1,5,5,0.19247576180776776,26,2,52,False,False,60,agronomy_uav
LH74 X PHN82,42.39004799686551,12.954256048584583,18.60561226715005,2,5,5,0.19611618661518726,26,2,53,False,False,60,agronomy_uav
LH82 X W606S,41.31648545401117,19.67871485943775,18.10946633993789,2,5,5,-1.1824294678974707,26,2,54,False,False,60,agronomy_uav
B73 X PHM49,40.822803408756975,24.698795180722893,14.795116995466579,1,5,5,-0.3725176416977575,26,2,55,False,False,60,agronomy_uav
LH198 X PHB47,40.586737192673134,16.265060240963855,15.489930488552613,1,5,5,-0.6084986494803781,26,2,56,False,False,60,agronomy_uav
LH195 X PHZ51,40.351650504456856,18.67469879518072,18.17173123995065,2,5,5,-0.7542015286174267,26,2,57,False,False,60,agronomy_uav
2369 X PHP02,39.184053286316,24.899598393574298,15.374807950506053,1,5,5,-0.883901038634967,26,2,58,False,False,60,agronomy_uav
F42 X OH43,37.96356156332648,13.654618473895582,22.583044536166362,1,5,5,-1.840301491140592,26,2,59,False,False,60,agronomy_uav
B14A X MO17,37.284748751101965,18.67469879518072,12.402716490068762,2,5,5,-1.5090560877748938,26,2,60,False,False,60,agronomy_uav
LH198 X PHZ51,36.604956411009894,16.265060240963855,19.068999863762713,1,5,5,-1.4345485779356262,26,2,61,False,False,60,agronomy_uav
2369 X LH123HT,34.286413948476834,14.056224899598392,10.802780985464999,0,5,5,-1.7329031759854598,26,2,62,False,False,60,agronomy_uav
PHJ40 X LH82,33.987657948868645,17.26907630522088,9.825572510635167,0,5,5,-2.37610537161775,26,2,63,False,False,60,agronomy_uav
PHP02 X PHB47,33.42834753648741,7.831325301204818,16.028915909078126,1,5,5,-2.5009876691522246,26,2,64,False,False,60,agronomy_uav
PHK56 X LH145,33.18052698599275,10.843373493975903,29.652626773684982,1,5,5,-5.342869762243541,13,1,65,False,False,60,agronomy_uav
LH195 X LH123HT,32.772063865216964,26.711724948574787,7.175914192454626,0,5,5,-2.0181117901005727,26,2,66,False,False,60,agronomy_uav
LH123HT X PHB47,30.498579684592027,16.06425702811245,7.919789867449526,0,5,5,-2.3262305631463076,26,2,67,False,False,60,agronomy_uav
PHB47 X PHJ89,29.76099520031345,9.036144578313253,15.900119422908132,1,5,5,-3.509662707904707,13,1,68,False,False,60,agronomy_uav
PHN46 X W606S,29.544519541580957,8.433734939759036,14.975680745847791,0,5,5,-2.3864999386571304,26,2,69,False,False,60,agronomy_uav
B73 X PHZ51,27.6187677539426,12.048192771084338,8.817942174937501,0,5,5,-3.013428544823342,26,2,70,False,False,60,agronomy_uav
LH185 X LH145,24.7624644921148,2.8112449799196786,23.115914859802082,2,5,5,-10.819557045139973,13,1,71,False,False,60,agronomy_uav
2369 X PHZ51,23.623273582133415,10.441767068273093,9.013947120980001,0,5,5,-5.558026556531191,25,1,72,False,False,60,agronomy_uav
B37 X MO17,23.472426290527967,7.228915662650603,14.81092118440301,0,5,5,-6.405759546792868,26,2,73,False,False,60,agronomy_uav
PHK76 X W606S,22.175531393868155,7.228915662650603,11.625004543518724,0,5,5,-5.576835937409715,25,1,74,False,False,60,agronomy_uav
B105 X 3IIH6,21.725928102654517,7.831325301204818,13.380429907805931,0,5,5,-6.166993662897629,26,2,75,False,False,60,agronomy_uav
PHP02 X LH82,21.177392496816534,13.253012048192772,6.95617010018171,0,5,5,-4.710192135663791,26,2,76,False,False,60,agronomy_uav
LH82 X PHB47,19.25066118131061,12.449799196787149,5.262203488263629,0,5,5,-4.975852783916407,26,2,77,False,False,60,agronomy_uav
B37 X OH43,14.00039181114703,5.220883534136546,6.124339741928613,0,5,5,-10.867302527912708,26,2,78,False,False,60,agronomy_uav
PHZ51 X LH145,10.392790674894702,2.4096385542168677,7.351417662402736,0,5,5,-17.86882344871383,26,2,79,False,False,60,agronomy_uav
PHP02 X LH145,10.324223724164952,2.8112449799196795,9.790017197943195,0,5,5,-14.964197354807002,26,2,80,False,False,60,agronomy_uav
LH195 X PHM49,9.021451660299736,1.2048192771084338,8.94833743089424,0,5,5,-19.10558255141812,26,2,81,False,False,60,agronomy_uav
PHK76 X LH145,4.985796845920267,0.4016064257028113,4.3720181486446075,0,5,5,-19.37744733591175,26,2,82,False,False,60,agronomy_uav
WF9 X H95,2.1686746987951806,0.0,1.4050486493603134,0,5,5,-25.39909494858073,25,1,83,False,False,60,agronomy_uav
B37 X H95,2.093251052992458,0.0,2.5637101871035965,0,5,5,-25.741864527573433,25,1,84,False,False,60,agronomy_uav
SYNGENTA NK0760-3111,96.144578313253,80.72289156626506,7.710843373493975,5,5,5,17.76193347262361,64,2,1,True,True,60,combined
HOEGEMEYER 7089 AMXT,86.63826035850721,76.1631893427368,7.311330385535735,5,5,5,8.347244342245247,26,2,2,True,True,60,combined
PIONEER P0589 AMXT,86.61279263395043,56.156332647663824,15.729106364242227,5,5,5,9.751595393911401,26,2,3,True,True,60,combined
PIONEER 1311 AMXT,84.45881085316879,60.848271133313744,13.591118557997076,5,5,5,7.903710108776147,26,2,4,True,True,60,combined
HOEGEMEYER 8065RR,82.87099617984131,50.499559212459594,17.669252366875018,5,5,5,9.340967343989135,25,1,5,True,True,60,combined
PHW52 X PHN82,79.27612890586737,38.34851601528064,22.100898580455823,4,5,5,8.427730810799906,26,2,6,True,False,60,combined
B73 X PHN82,78.2280340875698,71.08433734939759,4.682816942523467,5,5,5,5.5612922615906255,25,1,7,True,False,60,combined
PHW52 X PHM49,73.14526398276031,66.66666666666667,5.224440599801253,5,5,5,3.670357719518781,25,1,8,True,False,60,combined
LH185 X LH82,71.95317856793027,54.618473895582326,12.433923806261717,5,5,5,4.496271680931055,24,1,9,True,False,60,combined
N209 X 3IIH6,71.18326966402194,45.783132530120476,17.092813043977106,4,5,5,3.7489738412895184,26,2,10,True,False,60,combined
PHB47 X PHK56,70.95210108727592,37.34939759036144,18.25044483522669,4,5,5,3.1019205209812575,26,2,11,True,False,60,combined
B73 X 3IIH6,70.88647272014889,51.62111862082477,13.518681814783664,5,5,5,3.728271866988545,26,2,12,True,False,60,combined
2369 X 3IIH6,69.1262611421295,42.57028112449799,17.30099963118469,4,5,5,3.7960446622152886,26,2,13,True,False,60,combined
PHP02 X PHK56,68.97247526692135,45.783132530120476,15.47963555409651,4,5,5,3.3704758137239734,26,2,14,True,False,60,combined
PHK56 X W606S,68.13595846801842,36.262121657361156,20.188202900510124,4,5,5,5.691580011798355,25,1,15,True,False,60,combined
PHK56 X PHJ89,67.58644333431286,31.104907434616518,21.144996269826695,4,5,5,3.8039910986150582,26,2,16,True,False,60,combined
PHG39 X PHM49,67.10647467920462,34.33734939759036,17.957065000897206,4,5,5,3.9048119192801503,26,2,17,True,False,60,combined
PHK56 X LH82,64.80654324615536,31.72690763052209,22.428607112586707,3,5,5,2.9531465220898907,26,2,18,False,False,60,combined
2369 X PHN82,64.71250857086883,42.16867469879518,14.487560886096643,4,5,5,2.7261513838363944,26,2,19,True,False,60,combined
PHP02 X W606S,64.64100303653639,34.33734939759036,22.986368362115392,3,5,5,4.569286619067881,26,2,20,False,False,60,combined
2FACC X 3IIH6,64.58027230874718,34.33734939759036,19.33456434767809,4,5,5,4.890427797773762,26,2,21,True,False,60,combined
PHK56 X LH185,64.53815261044176,37.95180722891566,19.215765853280672,4,5,5,3.559518465996014,24,2,22,True,False,60,combined
PHN46 X PHB47,62.54971103927907,34.33734939759036,18.277731109262817,4,5,5,3.7360015237395423,26,2,23,True,False,60,combined
PHG39 X PHN82,62.178469977470854,24.096385542168676,26.91359895392796,3,5,5,5.640154931397528,13,1,24,False,False,60,combined
PHW52 X PHZ51,61.52414536193554,51.59663042413556,6.15783370606486,5,5,5,2.6340056807957613,25,1,25,True,False,60,combined
PHP02 X LH198,61.47223038495446,23.694779116465863,20.865999934532596,4,5,5,1.1040939449122837,26,2,26,True,False,60,combined
PHK76 X LH198,60.67097658928397,51.80722891566265,8.688487499318814,5,5,5,1.57703934515893,26,2,27,True,False,60,combined
PHP02 X PHG47,59.876579488686446,42.57028112449799,11.095413395369263,4,5,5,1.386237176236969,25,1,28,True,False,60,combined
F42 X MO17,59.48378881379175,39.3574297188755,14.00833608242348,4,5,5,2.0120289517774976,25,1,29,True,False,60,combined
PHN46 X W606S,58.97345479478891,26.594181604466645,23.00007074051134,3,5,5,4.845739851163573,26,2,30,False,False,60,combined
LH185 X W606S,58.736409050837494,9.63855421686747,34.301718611405455,3,5,5,5.770306632264573,13,1,31,False,False,60,combined
PHN46 X PHK56,57.74414732099128,44.97991967871486,10.186827230504237,3,5,5,0.8650943675107104,26,2,32,False,False,60,combined
PHB47 X LH185,56.97717700068567,37.34939759036144,12.908632327610198,3,5,5,0.34875033493302826,26,2,33,False,False,60,combined
PHB47 X 3IIH6,56.08776569693407,31.72690763052209,20.24662469129646,3,5,5,-0.35339928052335706,26,2,34,False,False,60,combined
PHP02 X PHK76,55.371730825742,34.33734939759036,15.938722151685027,3,5,5,1.2884643256628414,26,2,35,False,False,60,combined
PHK56 X 3IIH6,55.254187481633856,46.98795180722892,8.34212445645234,4,5,5,0.9923272142721686,25,1,36,True,False,60,combined
LH82 X W606S,54.59692428249584,17.46987951807229,25.32209063174345,2,5,5,4.352205343078752,26,2,37,False,False,60,combined
LH195 X 3IIH6,54.232539915760604,35.742971887550205,19.37990412798288,2,5,5,-0.056459694979326014,26,2,38,False,False,60,combined
PHP02 X PHN46,53.92692722107944,18.473895582329316,18.596713952337776,4,5,5,1.5863624464759918,25,1,39,True,False,60,combined
B84 X 3IIH6,53.431286120090114,17.46987951807229,20.740543653962547,3,5,5,0.9951607484914785,26,2,40,False,False,60,combined
LH145 X LH162,52.240180233127624,26.50602409638554,20.44674964302139,2,5,5,0.12319113860720962,26,2,41,False,False,60,combined
B73 X PHM49,51.33705553923009,33.333333333333336,17.41671615193032,3,5,5,0.2552017084745903,26,2,42,False,False,60,combined
LH195 X LH185,50.9530806151435,21.686746987951807,19.294022158509545,3,5,5,1.242613326833665,25,1,43,False,False,60,combined
PHK76 X LH82,49.894210990302675,17.46987951807229,17.274130329487978,3,5,5,0.5908201208406716,24,1,44,False,False,60,combined
PHT69 X 3IIH6,49.856009403467525,19.761974728181016,16.507045532554557,3,5,5,1.0004546341844849,26,2,45,False,False,60,combined
LH74 X PHM49,49.66304241355667,27.309236947791163,19.121022363525647,2,5,5,-0.567386702044433,25,1,46,False,False,60,combined
B14A X MO17,49.661083357821525,28.313253012048193,13.077282681196273,3,5,5,0.8963894129500366,26,2,47,False,False,60,combined
PHK56 X LH198,49.39269272210794,34.33734939759036,15.835105796355213,2,5,5,1.559407609140505,26,2,48,False,False,60,combined
LH82 X PHJ89,49.028308355372715,17.46987951807229,17.23841748120689,3,5,5,0.8091371410560504,26,2,49,False,False,60,combined
PHP02 X PHJ89,49.006758742286216,32.53012048192771,14.89567818868271,2,5,5,-0.3677610861076812,25,1,50,False,False,60,combined
LH123HT X 3IIH6,48.3984719365266,30.522088353413654,17.150674244426842,2,5,5,-0.8848152253076649,25,1,51,False,False,60,combined
PHK76 X W606S,47.71770006856695,18.473895582329316,26.949154426031296,2,5,5,1.2911563348765065,25,1,52,False,False,60,combined
2369 X PHP02,46.19257517876384,38.95582329317269,4.908110659244015,1,5,5,0.19594194784477187,26,2,53,False,False,60,combined
PHP02 X LH185,45.978058575766475,17.46987951807229,24.87603395223399,2,5,5,-0.334716627535052,26,2,54,False,False,60,combined
PHJ40 X LH82,43.86325790968753,28.313253012048193,13.757170574900671,2,5,5,0.283627967584836,26,2,55,False,False,60,combined
LH74 X PHN82,43.82897443432266,17.46987951807229,20.05561720843713,2,5,5,-0.09789184369614456,26,2,56,False,False,60,combined
B73 X MO17,43.0022529140954,26.50602409638554,13.401416310378844,2,5,5,0.21678749306559125,23,1,57,False,False,60,combined
F42 X OH43,42.88764815358997,9.63855421686747,22.158040687298246,2,5,5,-1.4265436569788168,26,2,58,False,False,60,combined
PHW52 X LH185,42.22940542658439,17.46987951807229,16.363801703091983,2,5,5,-0.25525818113390714,26,2,59,False,False,60,combined
4N506 X 3IIH6,40.167499265354095,24.096385542168676,14.715577785861548,1,5,5,-2.2522451822646965,26,2,60,False,False,60,combined
LH195 X LH123HT,39.67577627583505,16.465863453815263,18.629459197502108,1,5,5,-2.5974113441732447,26,2,61,False,False,60,combined
B73 X PHZ51,39.6591243020864,16.06425702811245,21.5017477479989,2,5,5,-2.433357726469565,26,2,62,False,False,60,combined
2369 X PHZ51,39.562151043197176,12.048192771084338,23.519226251203893,1,5,5,-4.1424755890067475,25,1,63,False,False,60,combined
LH198 X PHZ51,39.338818689391715,11.646586345381527,17.80282033936009,2,5,5,-2.4703675873695214,26,2,64,False,False,60,combined
LH198 X PHB47,38.835341365461844,12.048192771084338,17.48238485162482,2,5,5,-2.7609884543045142,26,2,65,False,False,60,combined
PHK76 X 3IIH6,34.4304045450093,12.111862082476245,20.915298002568864,1,5,5,-0.5531653423166147,26,2,66,False,False,60,combined
PHP02 X PHB47,34.04838867665785,6.425702811244981,25.530541253171155,1,5,5,-3.620503033760437,26,2,67,False,False,60,combined
PHP02 X LH82,32.5546086786169,14.056224899598392,15.542006653882755,1,5,5,-3.121125897723238,26,2,68,False,False,60,combined
LH123HT X PHB47,31.350768929376038,9.63855421686747,22.03329405284313,1,5,5,-4.613585913621174,26,2,69,False,False,60,combined
B37 X MO17,30.395729258497404,11.646586345381527,13.269599488779276,1,5,5,-2.7843180343396154,26,2,70,False,False,60,combined
LH195 X PHZ51,30.17533548829464,17.46987951807229,7.364815542194156,0,5,5,-2.205092007058353,26,2,71,False,False,60,combined
LH82 X PHB47,28.770692526202367,10.441767068273093,15.849004748168262,1,5,5,-5.468113579304182,26,2,72,False,False,60,combined
B105 X 3IIH6,28.352434126750904,11.244979919678714,22.05469978115922,1,5,5,-5.4046130678986035,26,2,73,False,False,60,combined
PHB47 X PHJ89,25.70868841218533,6.856695072974826,18.225257336456412,1,5,5,-2.980072840799804,13,1,74,False,False,60,combined
2369 X LH123HT,22.718189832500734,17.26907630522088,7.564183869495015,0,5,5,-4.064771259917668,26,2,75,False,False,60,combined
PHP02 X LH145,19.328043882848466,1.6064257028112452,20.53353165044272,1,5,5,-11.168481438012357,26,2,76,False,False,60,combined
B37 X OH43,17.75981976687237,4.016064257028113,12.365571749417343,0,5,5,-9.328988897386278,26,2,77,False,False,60,combined
PHK56 X LH145,16.869428935253204,7.228915662650603,12.211645345053633,0,5,5,-7.0686137513752225,13,1,78,False,False,60,combined
PHK76 X LH145,14.541091194044473,0.0,22.515015566956556,1,5,5,-12.682578020750293,26,2,79,False,False,60,combined
LH185 X LH145,12.132432167695171,5.642080517190714,7.2093027464762915,0,5,5,-9.729794162060758,13,1,80,False,False,60,combined
PHZ51 X LH145,10.37026153394064,1.8072289156626506,10.03373269096727,0,5,5,-13.04560172619297,26,2,81,False,False,60,combined
LH195 X PHM49,4.623371534920169,1.8072289156626506,2.525322769173333,0,5,5,-15.951910621164334,26,2,82,False,False,60,combined
WF9 X H95,1.7680478009599372,0.8032128514056226,1.033956507764474,0,5,5,-18.93465141749852,25,1,83,False,False,60,combined
B37 X H95,1.2851405622489962,0.0,1.1749991034801441,0,5,5,-19.058777600837736,25,1,84,False,False,60,combined
SYNGENTA NK0760-3111,98.23293172690764,91.16465863453816,3.5341365461847376,5,5,5,16.82996156339197,64,2,1,True,True,60,combined_uav
HOEGEMEYER 8065RR,88.368106572632,66.74013125673424,11.564969070937703,5,5,5,9.25512009195245,25,1,2,True,True,60,combined_uav
PHW52 X PHN82,88.32696640219415,71.35370751297874,8.860397605127384,5,5,5,8.686957803648092,26,2,3,True,True,60,combined_uav
HOEGEMEYER 7089 AMXT,86.37280830639631,77.10843373493977,8.194092590858883,5,5,5,7.823547268822706,26,2,4,True,True,60,combined_uav
PIONEER P0589 AMXT,84.90743461651485,62.89058673719267,12.938953080174679,5,5,5,8.002072507230995,26,2,5,True,True,60,combined_uav
PIONEER 1311 AMXT,82.13928886276815,72.28915662650603,8.87344255525867,5,5,5,7.2277766887325345,26,2,6,True,False,60,combined_uav
B73 X PHN82,82.08149671858163,77.10843373493977,4.854755539770704,5,5,5,6.450901228495977,25,1,7,True,False,60,combined_uav
LH185 X LH82,81.35860515231658,66.66666666666667,8.777835773043092,5,5,5,6.197888316056916,24,1,8,True,False,60,combined_uav
PHK56 X W606S,79.27612890586737,72.28915662650603,5.410236300656451,5,5,5,5.406723288137948,25,1,9,True,False,60,combined_uav
PHK56 X PHJ89,77.90674894700754,63.05220883534137,10.597300093504638,5,5,5,5.181520342246221,26,2,10,True,False,60,combined_uav
PHK56 X LH185,76.22489959839358,52.610441767068274,14.765577874335468,5,5,5,5.368730467808225,24,2,11,True,False,60,combined_uav
PHW52 X PHM49,74.65863453815261,62.24899598393574,10.746555720953133,5,5,5,4.006296756615034,25,1,12,True,False,60,combined_uav
PHP02 X W606S,74.26388480752277,53.24713488098737,13.306766352286155,5,5,5,5.634501577660429,26,2,13,True,False,60,combined_uav
PHP02 X PHK56,72.86120090116563,59.03614457831325,9.312707573708025,5,5,5,5.098748352525577,26,2,14,True,False,60,combined_uav
2FACC X 3IIH6,72.5820354589088,58.0909001861103,12.5030884534227,5,5,5,4.642893792471194,26,2,15,True,False,60,combined_uav
B73 X 3IIH6,71.53883827994906,55.02008032128514,12.970485639370551,5,5,5,3.242473413357723,26,2,16,True,False,60,combined_uav
PHN46 X PHB47,70.389852091292,45.523557645215,14.062998869796212,4,5,5,4.633197762478286,26,2,17,True,False,60,combined_uav
PHG39 X PHN82,69.6405132726026,39.76883142325399,18.96124353077699,4,5,5,5.881831587248504,13,1,18,True,False,60,combined_uav
PHB47 X PHK56,68.6511901263591,35.341365461847396,19.669033338350793,4,5,5,4.024557608648817,26,2,19,True,False,60,combined_uav
PHP02 X PHK76,68.49544519541581,54.216867469879524,7.743890850429453,5,5,5,3.177451866090675,26,2,20,True,False,60,combined_uav
2369 X 3IIH6,68.37594279557254,31.72690763052209,19.57347967564779,4,5,5,2.519375901442124,26,2,21,True,False,60,combined_uav
N209 X 3IIH6,67.33372514448035,37.34939759036144,19.808429590975972,4,5,5,3.966657464747879,26,2,22,True,False,60,combined_uav
PHK56 X 3IIH6,66.50210598491527,49.397590361445786,13.531672331090057,4,5,5,2.0470842568562078,25,1,23,True,False,60,combined_uav
PHK56 X LH82,64.59692428249585,36.94779116465863,19.23042967685742,3,5,5,3.4588319991940564,26,2,24,False,False,60,combined_uav
PHG39 X PHM49,64.08561073562542,50.602409638554214,11.026857193083861,5,5,5,3.1657728687507682,26,2,25,True,False,60,combined_uav
PHP02 X PHG47,63.15603878930356,46.58634538152611,10.611533493558083,4,5,5,1.8019076796191669,25,1,26,True,False,60,combined_uav
PHK56 X LH198,62.96405132726026,41.36546184738956,15.968012013949245,4,5,5,3.98917321992961,26,2,27,True,False,60,combined_uav
PHP02 X LH198,61.905181702419426,38.15261044176707,16.762918972047732,4,5,5,2.1275217374821134,26,2,28,True,False,60,combined_uav
F42 X MO17,61.24008228034088,42.570281124497996,14.152619168324208,4,5,5,2.50778750886621,25,1,29,True,False,60,combined_uav
PHW52 X LH185,59.54354001371339,49.397590361445786,6.821740802513104,4,5,5,2.0063256771126428,26,2,30,True,False,60,combined_uav
PHK76 X LH82,58.383779018513074,42.9718875502008,17.063811342988235,2,5,5,0.8312573631443568,24,1,31,False,False,60,combined_uav
PHN46 X PHK56,58.27015378587521,32.53012048192772,14.68238679626228,4,5,5,1.0211096592123499,26,2,32,True,False,60,combined_uav
LH82 X PHJ89,56.7812714271721,44.57831325301205,6.696574056612091,4,5,5,1.8413407435465878,26,2,33,True,False,60,combined_uav
PHW52 X PHZ51,56.68135958468018,38.55421686746988,12.560539890466728,3,5,5,1.7005036597548433,25,1,34,False,False,60,combined_uav
LH185 X W606S,54.86531491820942,10.471152904300128,35.88978418715016,3,5,5,4.115645181418388,13,1,35,False,False,60,combined_uav
2369 X PHN82,54.45881085316878,35.54216867469879,13.316753806263,3,5,5,1.5744093687521254,26,2,36,False,False,60,combined_uav
PHB47 X LH185,53.433245175825256,36.54618473895582,11.97622582353285,3,5,5,0.27118970934689035,26,2,37,False,False,60,combined_uav
PHT69 X 3IIH6,53.075717504162995,34.4548927416985,13.00360487858124,3,5,5,1.6464940623708302,26,2,38,False,False,60,combined_uav
LH145 X LH162,52.478205504946615,29.518072289156628,21.453689481358072,2,5,5,0.2709541787265378,26,2,39,False,False,60,combined_uav
PHP02 X PHJ89,52.374375550984425,28.940150847291605,19.293902509863347,3,5,5,0.3311472285532484,25,1,40,False,False,60,combined_uav
LH82 X W606S,51.99823684983837,20.883534136546185,17.856913384238208,3,5,5,1.8777118080003519,26,2,41,False,False,60,combined_uav
PHN46 X W606S,50.90410422176511,29.518072289156628,15.791450124641576,3,5,5,1.9078313507850821,26,2,42,False,False,60,combined_uav
B14A X MO17,50.669017533548825,36.144578313253014,9.380758221161898,3,5,5,1.1146968116754885,26,2,43,False,False,60,combined_uav
B84 X 3IIH6,50.30659222254873,20.481927710843376,20.05312876336896,2,5,5,-0.6538470523659063,26,2,44,False,False,60,combined_uav
PHB47 X 3IIH6,49.9755118033108,22.891566265060238,17.971761388330425,3,5,5,-1.0074543890038847,26,2,45,False,False,60,combined_uav
B73 X MO17,49.7502203937702,29.07238710941326,10.966859796888851,3,5,5,0.7279450295835111,23,1,46,False,False,60,combined_uav
PHP02 X LH185,49.61602507591341,22.08835341365462,21.470601463189322,3,5,5,-0.3117735416564383,26,2,47,False,False,60,combined_uav
PHP02 X PHN46,48.75208149671859,28.91566265060241,13.062367676500017,3,5,5,0.7471829675038333,25,1,48,False,False,60,combined_uav
LH195 X 3IIH6,47.97825448133999,24.899598393574298,13.11632964351772,3,5,5,-0.8672398990233449,26,2,49,False,False,60,combined_uav
PHJ40 X LH82,47.65990792438045,32.53012048192771,14.709437410895172,2,5,5,0.3745794004260282,26,2,50,False,False,60,combined_uav
LH195 X LH185,47.355274757566846,21.686746987951807,22.71846289331078,2,5,5,1.4978828035267653,25,1,51,False,False,60,combined_uav
LH74 X PHN82,46.4707610931531,35.7429718875502,6.224310081206091,2,5,5,-0.0803563100103069,26,2,52,False,False,60,combined_uav
4N506 X 3IIH6,45.734156136742094,15.261044176706827,20.89710551441179,3,5,5,-1.9770005317391344,26,2,53,False,False,60,combined_uav
PHK76 X LH198,43.82603585071995,21.08433734939759,12.983049979119913,3,5,5,0.2266831603369006,26,2,54,False,False,60,combined_uav
PHK76 X 3IIH6,43.502791654422566,24.096385542168676,18.65053717351585,2,5,5,-0.6084363713697629,26,2,55,False,False,60,combined_uav
2369 X PHP02,42.63297090802233,27.710843373493976,10.729494210615277,2,5,5,-0.03473403954135368,26,2,56,False,False,60,combined_uav
B73 X PHM49,40.53482221569204,21.08433734939759,19.89061776144398,2,5,5,-1.2581744179299474,26,2,57,False,False,60,combined_uav
LH123HT X 3IIH6,39.459300617102556,18.87550200803213,21.918792114296558,1,5,5,-2.2131616165474135,25,1,58,False,False,60,combined_uav
PHK76 X W606S,38.923498873542954,21.08433734939759,21.050877408854454,1,5,5,-0.8762510428657592,25,1,59,False,False,60,combined_uav
F42 X OH43,37.99000881575081,10.04016064257028,19.011353396286726,2,5,5,-1.091917115947803,26,2,60,False,False,60,combined_uav
LH198 X PHB47,33.851503575276716,18.87550200803213,16.7907541362931,1,5,5,-2.902255854275837,26,2,61,False,False,60,combined_uav
LH74 X PHM49,33.21578998922519,14.457831325301205,14.611245235219362,1,5,5,-1.6582011417023612,25,1,62,False,False,60,combined_uav
B37 X MO17,32.883730042119694,7.228915662650603,19.269877186229973,2,5,5,-3.255393599812846,26,2,63,False,False,60,combined_uav
LH198 X PHZ51,31.79449505338427,8.433734939759036,17.5488956378086,1,5,5,-2.8480871753507024,26,2,64,False,False,60,combined_uav
LH195 X PHZ51,31.655402096189636,16.108335782153002,11.161902759969443,0,5,5,-2.164714739096261,26,2,65,False,False,60,combined_uav
PHB47 X PHJ89,30.441767068273094,8.032128514056225,23.637395629672802,1,5,5,-2.1800067940164887,13,1,66,False,False,60,combined_uav
PHP02 X LH82,29.78352434126751,20.080321285140563,13.362379180835447,1,5,5,-3.0525641264863017,26,2,67,False,False,60,combined_uav
LH195 X LH123HT,29.37799980409443,14.056224899598396,8.23290789422008,0,5,5,-4.099836465200296,26,2,68,False,False,60,combined_uav
2369 X LH123HT,27.644235478499365,19.27710843373494,11.584730613145545,1,5,5,-4.267594431453586,26,2,69,False,False,60,combined_uav
2369 X PHZ51,25.798804976001566,10.118522871975708,13.241485674141874,0,5,5,-3.9100413370330642,25,1,70,False,False,60,combined_uav
LH123HT X PHB47,25.26006464883926,10.441767068273093,13.909526665384012,0,5,5,-5.4101871862410285,26,2,71,False,False,60,combined_uav
B105 X 3IIH6,23.933783916152414,6.827309236947791,19.663944823275767,1,5,5,-5.929164760679159,26,2,72,False,False,60,combined_uav
B73 X PHZ51,22.323440101870897,12.851405622489962,10.22794228444545,0,5,5,-4.431082639664514,26,2,73,False,False,60,combined_uav
LH82 X PHB47,21.208737388578704,14.056224899598392,10.118654012175345,0,5,5,-5.226930052969509,26,2,74,False,False,60,combined_uav
PHK56 X LH145,20.328141835635225,9.63855421686747,6.205087232385596,0,5,5,-6.202699902938613,13,1,75,False,False,60,combined_uav
PHP02 X PHB47,20.00979527867568,8.835341365461849,8.471724457119246,0,5,5,-4.21225914171824,26,2,76,False,False,60,combined_uav
PHK76 X LH145,16.55793907336664,2.8112449799196786,20.591650208477322,1,5,5,-10.949838297872464,26,2,77,False,False,60,combined_uav
LH185 X LH145,15.504946615731217,7.228915662650603,9.033497023025808,0,5,5,-7.884846797326256,13,1,78,False,False,60,combined_uav
B37 X OH43,14.476442354784993,6.425702811244981,8.119311398407078,0,5,5,-8.029917323369926,26,2,79,False,False,60,combined_uav
PHP02 X LH145,9.803114898618865,0.8032128514056226,10.879399383843912,0,5,5,-12.897999558750485,26,2,80,False,False,60,combined_uav
PHZ51 X LH145,9.012635909491625,1.2048192771084338,10.181812379548171,0,5,5,-13.729939392126763,26,2,81,False,False,60,combined_uav
LH195 X PHM49,8.074248212361642,2.4096385542168677,7.4244630149569,0,5,5,-15.070709185847525,26,2,82,False,False,60,combined_uav
B37 X H95,4.437261240082281,0.0,3.8993674481121383,0,5,5,-16.174000851658956,25,1,83,False,False,60,combined_uav
WF9 X H95,1.5270839455382506,0.4016064257028113,1.399664092929099,0,5,5,-18.76345308116323,25,1,84,False,False,60,combined_uav
2369 X 3IIH6,50.0,50.0,0.0,0,5,5,9.473903143468004e-16,26,2,1,False,False,60,mean
2369 X LH123HT,50.0,50.0,0.0,0,5,5,9.473903143468004e-16,26,2,2,False,False,60,mean
2369 X PHN82,50.0,50.0,0.0,0,5,5,9.473903143468004e-16,26,2,3,False,False,60,mean
2369 X PHP02,50.0,50.0,0.0,0,5,5,9.473903143468004e-16,26,2,4,False,False,60,mean
2369 X PHZ51,50.0,50.0,0.0,0,5,5,9.473903143468004e-16,25,1,5,False,False,60,mean
2FACC X 3IIH6,50.0,50.0,0.0,0,5,5,9.473903143468004e-16,26,2,6,False,False,60,mean
4N506 X 3IIH6,50.0,50.0,0.0,0,5,5,9.473903143468004e-16,26,2,7,False,False,60,mean
B105 X 3IIH6,50.0,50.0,0.0,0,5,5,9.473903143468004e-16,26,2,8,False,False,60,mean
B14A X MO17,50.0,50.0,0.0,0,5,5,9.473903143468004e-16,26,2,9,False,False,60,mean
B37 X H95,50.0,50.0,0.0,0,5,5,9.473903143468004e-16,25,1,10,False,False,60,mean
B37 X MO17,50.0,50.0,0.0,0,5,5,9.473903143468004e-16,26,2,11,False,False,60,mean
B37 X OH43,50.0,50.0,0.0,0,5,5,9.473903143468004e-16,26,2,12,False,False,60,mean
B73 X 3IIH6,50.0,50.0,0.0,0,5,5,9.473903143468004e-16,26,2,13,False,False,60,mean
B73 X MO17,50.0,50.0,0.0,0,5,5,9.473903143468004e-16,23,1,14,False,False,60,mean
B73 X PHM49,50.0,50.0,0.0,0,5,5,9.473903143468004e-16,26,2,15,False,False,60,mean
B73 X PHN82,50.0,50.0,0.0,0,5,5,9.473903143468004e-16,25,1,16,False,False,60,mean
B73 X PHZ51,50.0,50.0,0.0,0,5,5,9.473903143468004e-16,26,2,17,False,False,60,mean
B84 X 3IIH6,50.0,50.0,0.0,0,5,5,9.473903143468004e-16,26,2,18,False,False,60,mean
F42 X MO17,50.0,50.0,0.0,0,5,5,9.473903143468004e-16,25,1,19,False,False,60,mean
F42 X OH43,50.0,50.0,0.0,0,5,5,9.473903143468004e-16,26,2,20,False,False,60,mean
HOEGEMEYER 7089 AMXT,50.0,50.0,0.0,0,5,5,9.473903143468004e-16,26,2,21,False,False,60,mean
HOEGEMEYER 8065RR,50.0,50.0,0.0,0,5,5,9.473903143468004e-16,25,1,22,False,False,60,mean
LH123HT X 3IIH6,50.0,50.0,0.0,0,5,5,9.473903143468004e-16,25,1,23,False,False,60,mean
LH123HT X PHB47,50.0,50.0,0.0,0,5,5,9.473903143468004e-16,26,2,24,False,False,60,mean
LH145 X LH162,50.0,50.0,0.0,0,5,5,9.473903143468004e-16,26,2,25,False,False,60,mean
LH185 X LH145,50.0,50.0,0.0,0,5,5,9.473903143468004e-16,13,1,26,False,False,60,mean
LH185 X LH82,50.0,50.0,0.0,0,5,5,9.473903143468004e-16,24,1,27,False,False,60,mean
LH185 X W606S,50.0,50.0,0.0,0,5,5,9.473903143468004e-16,13,1,28,False,False,60,mean
LH195 X 3IIH6,50.0,50.0,0.0,0,5,5,9.473903143468004e-16,26,2,29,False,False,60,mean
LH195 X LH123HT,50.0,50.0,0.0,0,5,5,9.473903143468004e-16,26,2,30,False,False,60,mean
LH195 X LH185,50.0,50.0,0.0,0,5,5,9.473903143468004e-16,25,1,31,False,False,60,mean
LH195 X PHM49,50.0,50.0,0.0,0,5,5,9.473903143468004e-16,26,2,32,False,False,60,mean
LH195 X PHZ51,50.0,50.0,0.0,0,5,5,9.473903143468004e-16,26,2,33,False,False,60,mean
LH198 X PHB47,50.0,50.0,0.0,0,5,5,9.473903143468004e-16,26,2,34,False,False,60,mean
LH198 X PHZ51,50.0,50.0,0.0,0,5,5,9.473903143468004e-16,26,2,35,False,False,60,mean
LH74 X PHM49,50.0,50.0,0.0,0,5,5,9.473903143468004e-16,25,1,36,False,False,60,mean
LH74 X PHN82,50.0,50.0,0.0,0,5,5,9.473903143468004e-16,26,2,37,False,False,60,mean
LH82 X PHB47,50.0,50.0,0.0,0,5,5,9.473903143468004e-16,26,2,38,False,False,60,mean
LH82 X PHJ89,50.0,50.0,0.0,0,5,5,9.473903143468004e-16,26,2,39,False,False,60,mean
LH82 X W606S,50.0,50.0,0.0,0,5,5,9.473903143468004e-16,26,2,40,False,False,60,mean
N209 X 3IIH6,50.0,50.0,0.0,0,5,5,9.473903143468004e-16,26,2,41,False,False,60,mean
PHB47 X 3IIH6,50.0,50.0,0.0,0,5,5,9.473903143468004e-16,26,2,42,False,False,60,mean
PHB47 X LH185,50.0,50.0,0.0,0,5,5,9.473903143468004e-16,26,2,43,False,False,60,mean
PHB47 X PHJ89,50.0,50.0,0.0,0,5,5,9.473903143468004e-16,13,1,44,False,False,60,mean
PHB47 X PHK56,50.0,50.0,0.0,0,5,5,9.473903143468004e-16,26,2,45,False,False,60,mean
PHG39 X PHM49,50.0,50.0,0.0,0,5,5,9.473903143468004e-16,26,2,46,False,False,60,mean
PHG39 X PHN82,50.0,50.0,0.0,0,5,5,9.473903143468004e-16,13,1,47,False,False,60,mean
PHJ40 X LH82,50.0,50.0,0.0,0,5,5,9.473903143468004e-16,26,2,48,False,False,60,mean
PHK56 X 3IIH6,50.0,50.0,0.0,0,5,5,9.473903143468004e-16,25,1,49,False,False,60,mean
PHK56 X LH145,50.0,50.0,0.0,0,5,5,9.473903143468004e-16,13,1,50,False,False,60,mean
PHK56 X LH185,50.0,50.0,0.0,0,5,5,0.0,24,2,51,False,False,60,mean
PHK56 X LH198,50.0,50.0,0.0,0,5,5,9.473903143468004e-16,26,2,52,False,False,60,mean
PHK56 X LH82,50.0,50.0,0.0,0,5,5,9.473903143468004e-16,26,2,53,False,False,60,mean
PHK56 X PHJ89,50.0,50.0,0.0,0,5,5,9.473903143468004e-16,26,2,54,False,False,60,mean
PHK56 X W606S,50.0,50.0,0.0,0,5,5,9.473903143468004e-16,25,1,55,False,False,60,mean
PHK76 X 3IIH6,50.0,50.0,0.0,0,5,5,9.473903143468004e-16,26,2,56,False,False,60,mean
PHK76 X LH145,50.0,50.0,0.0,0,5,5,9.473903143468004e-16,26,2,57,False,False,60,mean
PHK76 X LH198,50.0,50.0,0.0,0,5,5,9.473903143468004e-16,26,2,58,False,False,60,mean
PHK76 X LH82,50.0,50.0,0.0,0,5,5,9.473903143468004e-16,24,1,59,False,False,60,mean
PHK76 X W606S,50.0,50.0,0.0,0,5,5,9.473903143468004e-16,25,1,60,False,False,60,mean
PHN46 X PHB47,50.0,50.0,0.0,0,5,5,9.473903143468004e-16,26,2,61,False,False,60,mean
PHN46 X PHK56,50.0,50.0,0.0,0,5,5,9.473903143468004e-16,26,2,62,False,False,60,mean
PHN46 X W606S,50.0,50.0,0.0,0,5,5,9.473903143468004e-16,26,2,63,False,False,60,mean
PHP02 X LH145,50.0,50.0,0.0,0,5,5,9.473903143468004e-16,26,2,64,False,False,60,mean
PHP02 X LH185,50.0,50.0,0.0,0,5,5,9.473903143468004e-16,26,2,65,False,False,60,mean
PHP02 X LH198,50.0,50.0,0.0,0,5,5,9.473903143468004e-16,26,2,66,False,False,60,mean
PHP02 X LH82,50.0,50.0,0.0,0,5,5,9.473903143468004e-16,26,2,67,False,False,60,mean
PHP02 X PHB47,50.0,50.0,0.0,0,5,5,9.473903143468004e-16,26,2,68,False,False,60,mean
PHP02 X PHG47,50.0,50.0,0.0,0,5,5,9.473903143468004e-16,25,1,69,False,False,60,mean
PHP02 X PHJ89,50.0,50.0,0.0,0,5,5,9.473903143468004e-16,25,1,70,False,False,60,mean
PHP02 X PHK56,50.0,50.0,0.0,0,5,5,9.473903143468004e-16,26,2,71,False,False,60,mean
PHP02 X PHK76,50.0,50.0,0.0,0,5,5,9.473903143468004e-16,26,2,72,False,False,60,mean
PHP02 X PHN46,50.0,50.0,0.0,0,5,5,9.473903143468004e-16,25,1,73,False,False,60,mean
PHP02 X W606S,50.0,50.0,0.0,0,5,5,9.473903143468004e-16,26,2,74,False,False,60,mean
PHT69 X 3IIH6,50.0,50.0,0.0,0,5,5,9.473903143468004e-16,26,2,75,False,False,60,mean
PHW52 X LH185,50.0,50.0,0.0,0,5,5,9.473903143468004e-16,26,2,76,False,False,60,mean
PHW52 X PHM49,50.0,50.0,0.0,0,5,5,9.473903143468004e-16,25,1,77,False,False,60,mean
PHW52 X PHN82,50.0,50.0,0.0,0,5,5,9.473903143468004e-16,26,2,78,False,False,60,mean
PHW52 X PHZ51,50.0,50.0,0.0,0,5,5,9.473903143468004e-16,25,1,79,False,False,60,mean
PHZ51 X LH145,50.0,50.0,0.0,0,5,5,9.473903143468004e-16,26,2,80,False,False,60,mean
PIONEER 1311 AMXT,50.0,50.0,0.0,0,5,5,9.473903143468004e-16,26,2,81,False,False,60,mean
PIONEER P0589 AMXT,50.0,50.0,0.0,0,5,5,9.473903143468004e-16,26,2,82,False,False,60,mean
SYNGENTA NK0760-3111,50.0,50.0,0.0,0,5,5,3.789561257387201e-15,64,2,83,False,False,60,mean
WF9 X H95,50.0,50.0,0.0,0,5,5,9.473903143468004e-16,25,1,84,False,False,60,mean
PIONEER P0589 AMXT,98.07130962875894,96.3855421686747,0.9631224880281528,5,5,5,6.311172492345408,26,2,1,True,True,60,ridge_agronomy
HOEGEMEYER 7089 AMXT,97.83132530120483,96.3855421686747,1.4050486493603123,5,5,5,6.252249186384526,26,2,2,True,True,60,ridge_agronomy
HOEGEMEYER 8065RR,97.588402390048,96.3855421686747,0.7620046901393257,5,5,5,6.287324092809914,25,1,3,True,True,60,ridge_agronomy
PIONEER 1311 AMXT,94.93682045254188,92.7710843373494,1.1768871410437547,5,5,5,4.2471407132068055,26,2,4,True,True,60,ridge_agronomy
SYNGENTA NK0760-3111,94.91918895092564,74.59594475462826,10.161622098148694,5,5,5,7.197844771599708,64,2,5,True,True,60,ridge_agronomy
PHW52 X PHN82,94.21294935840925,92.7710843373494,0.8974399896922152,5,5,5,3.553473293998058,26,2,6,True,False,60,ridge_agronomy
PHK56 X LH82,90.11558428837301,85.5421686746988,3.519650132649932,5,5,5,2.503970562962034,26,2,7,True,False,60,ridge_agronomy
PHK56 X LH198,90.10676853756488,83.06396316975218,3.5521845793534808,5,5,5,2.4933869367207966,26,2,8,True,False,60,ridge_agronomy
PHP02 X PHK56,89.63071799392692,85.5421686746988,2.0980343652346716,5,5,5,2.380098034746158,26,2,9,True,False,60,ridge_agronomy
B73 X PHN82,89.14585169948086,83.13253012048193,3.966050637808398,5,5,5,2.3568363522718108,25,1,10,True,False,60,ridge_agronomy
N209 X 3IIH6,88.9068468997943,87.95180722891567,0.8994178283303483,5,5,5,2.2881074253868072,26,2,11,True,False,60,ridge_agronomy
PHB47 X PHK56,85.28847095699874,83.13253012048193,1.4139863918918727,5,5,5,1.8555008563200701,26,2,12,True,False,60,ridge_agronomy
LH185 X LH82,84.81242041336075,79.51807228915662,4.340091120586405,5,5,5,1.8732108826205145,24,1,13,True,False,60,ridge_agronomy
PHP02 X W606S,81.66421784699774,72.17651092173573,5.859573365222654,5,5,5,1.6539833870633314,26,2,14,True,False,60,ridge_agronomy
PHG39 X PHN82,80.71701439905965,67.46987951807229,9.040363208480837,5,5,5,1.6437753523485132,13,1,15,True,False,60,ridge_agronomy
PHW52 X PHM49,77.82153002252915,71.08433734939759,6.4773664951274315,5,5,5,1.396088035396392,25,1,16,True,False,60,ridge_agronomy
2FACC X 3IIH6,76.91938485649916,64.11499657165247,6.603101613648363,5,5,5,1.3994366630045196,26,2,17,True,False,60,ridge_agronomy
LH82 X PHJ89,76.61475168968556,67.46987951807229,6.521177186445595,5,5,5,1.270232534351768,26,2,18,True,False,60,ridge_agronomy
PHK56 X W606S,75.64697815652855,62.650602409638545,7.112660429441328,5,5,5,1.2596769577453624,25,1,19,True,False,60,ridge_agronomy
PHP02 X PHJ89,74.26584386325791,60.48584582231365,9.402494888803918,5,5,5,1.2976286319843369,25,1,20,True,False,60,ridge_agronomy
PHK56 X PHJ89,73.95925164070918,66.26506024096386,6.567492935256147,5,5,5,1.208859870309872,26,2,21,True,False,60,ridge_agronomy
PHP02 X LH198,73.3039474973063,62.905279655206186,5.364231595594308,5,5,5,1.2037625910264103,26,2,22,True,False,60,ridge_agronomy
2369 X 3IIH6,71.37525712606524,61.69556273875992,5.372855986089044,5,5,5,1.0945612170097732,26,2,23,True,False,60,ridge_agronomy
PHK56 X LH185,70.12048192771084,53.01204819277108,10.005079273265876,5,5,5,1.0964385082629695,24,2,24,True,False,60,ridge_agronomy
PHW52 X LH185,69.21148006660789,59.03614457831325,10.002236045996044,5,5,5,0.9036175151497033,26,2,25,True,False,60,ridge_agronomy
B73 X 3IIH6,68.71485943775102,49.5983935742972,14.762737562798398,4,5,5,1.1017256431230735,26,2,26,True,False,60,ridge_agronomy
PHP02 X PHG47,67.28181016749927,56.626506024096386,7.809019290857081,5,5,5,0.8161248134381722,25,1,27,True,False,60,ridge_agronomy
LH82 X W606S,66.2454696836125,37.34939759036145,14.624585281574387,4,5,5,0.749246096268069,26,2,28,True,False,60,ridge_agronomy
PHN46 X PHB47,66.07111372318542,58.066411989421105,5.116633550986135,5,5,5,0.7590037723323543,26,2,29,True,False,60,ridge_agronomy
LH195 X LH185,65.52747575668528,48.19277108433735,11.449516674959654,4,5,5,0.6475590779789252,25,1,30,True,False,60,ridge_agronomy
PHG39 X PHM49,61.984523459692426,55.42168674698795,5.121733823028204,5,5,5,0.5015038204786706,26,2,31,True,False,60,ridge_agronomy
F42 X MO17,61.72788715838966,50.808110490743466,8.23662705655114,5,5,5,0.4908930816945992,25,1,32,True,False,60,ridge_agronomy
PHP02 X PHK76,61.00695464785973,51.80722891566265,9.252268695382263,5,5,5,0.5865291754167775,26,2,33,True,False,60,ridge_agronomy
2369 X PHN82,59.08120286022138,44.57831325301205,10.895537467037027,4,5,5,0.42566659836036963,26,2,34,True,False,60,ridge_agronomy
PHJ40 X LH82,58.053678127142724,28.91566265060241,15.895983217340273,4,5,5,0.273150844409489,26,2,35,True,False,60,ridge_agronomy
PHK76 X LH82,57.877363110980504,51.80722891566265,5.642030860351133,5,5,5,0.40983280073137535,24,1,36,True,False,60,ridge_agronomy
LH185 X W606S,55.70085218924478,47.17895974140464,5.348561213511699,4,5,5,0.25259051983886943,13,1,37,True,False,60,ridge_agronomy
B73 X MO17,54.49995102360661,39.75903614457831,8.278350644784474,4,5,5,0.19317734521223429,23,1,38,True,False,60,ridge_agronomy
LH195 X 3IIH6,54.494073856401215,44.7595259085121,9.703866533543676,3,5,5,0.2776631237211352,26,2,39,False,False,60,ridge_agronomy
PHB47 X LH185,53.04143402879812,36.29150749338819,11.076441183485832,3,5,5,0.11384750020221332,26,2,40,False,False,60,ridge_agronomy
PHT69 X 3IIH6,52.82495837006563,44.57831325301205,8.550790413458902,2,5,5,0.07847758983039672,26,2,41,False,False,60,ridge_agronomy
PHN46 X W606S,50.16847879322167,38.55421686746988,6.73362937110699,3,5,5,0.03526095456810907,26,2,42,False,False,60,ridge_agronomy
PHP02 X PHN46,50.15770398667842,45.783132530120476,4.035942956465622,2,5,5,0.06941695464107292,25,1,43,False,False,60,ridge_agronomy
PHN46 X PHK56,49.37995885982956,27.710843373493976,18.839090568351246,2,5,5,-0.07676308081219596,26,2,44,False,False,60,ridge_agronomy
B73 X PHM49,47.505142521304734,18.072289156626507,19.00578645877376,2,5,5,-0.10789572827806777,26,2,45,False,False,60,ridge_agronomy
LH145 X LH162,46.00254677245567,26.50602409638554,15.844434886132987,2,5,5,-0.17209463971233802,26,2,46,False,False,60,ridge_agronomy
2369 X PHP02,44.845724360858064,32.66235674404937,6.698851796816257,1,5,5,-0.28053069266713304,26,2,47,False,False,60,ridge_agronomy
B14A X MO17,44.63414634146341,36.144578313253014,12.254987263140196,1,5,5,-0.22381615947303574,26,2,48,False,False,60,ridge_agronomy
LH74 X PHN82,44.622392007052596,36.144578313253014,6.305559532086166,1,5,5,-0.22276893565331238,26,2,49,False,False,60,ridge_agronomy
PHW52 X PHZ51,42.448819668919576,33.734939759036145,6.246081704915053,1,5,5,-0.2628373808943446,25,1,50,False,False,60,ridge_agronomy
PHK56 X 3IIH6,41.95807620726809,25.301204819277107,11.300343950835213,1,5,5,-0.40029344912068393,25,1,51,False,False,60,ridge_agronomy
PHK76 X LH198,41.23910275247331,37.34939759036145,2.471720521092313,0,5,5,-0.3462287612070275,26,2,52,False,False,60,ridge_agronomy
4N506 X 3IIH6,39.549417180918795,20.481927710843372,11.10272710794208,1,5,5,-0.529415892350875,26,2,53,False,False,60,ridge_agronomy
LH74 X PHM49,38.34165932020766,33.734939759036145,5.338068844309656,0,5,5,-0.6665665944982356,25,1,54,False,False,60,ridge_agronomy
LH195 X PHZ51,34.49015574493094,27.710843373493976,5.122816873658423,0,5,5,-0.8076019536069532,26,2,55,False,False,60,ridge_agronomy
F42 X OH43,33.75942795572534,21.686746987951807,11.42227778172111,1,5,5,-0.9494662640346239,26,2,56,False,False,60,ridge_agronomy
2369 X PHZ51,32.54775198354393,18.072289156626507,12.2949101815427,1,5,5,-0.9238003116480911,25,1,57,False,False,60,ridge_agronomy
PHP02 X LH185,31.599569007738268,25.301204819277107,5.250894330226647,0,5,5,-0.9859280822116361,26,2,58,False,False,60,ridge_agronomy
LH198 X PHZ51,31.58683514545989,22.891566265060238,7.186987341543333,0,5,5,-0.9874587342277442,26,2,59,False,False,60,ridge_agronomy
PHB47 X PHJ89,31.352727985111176,21.686746987951807,8.92649372634597,0,5,5,-0.935007526720056,13,1,60,False,False,60,ridge_agronomy
B84 X 3IIH6,30.618082084435304,19.355470663140366,5.999482728012679,0,5,5,-0.9849764769896978,26,2,61,False,False,60,ridge_agronomy
LH185 X LH145,29.662062885689096,15.662650602409636,9.892594069907801,0,5,5,-1.1511339420408162,13,1,62,False,False,60,ridge_agronomy
PHK56 X LH145,25.56763639925556,18.072289156626507,4.371471224823354,0,5,5,-1.2462666143987382,13,1,63,False,False,60,ridge_agronomy
PHB47 X 3IIH6,24.83005191497698,13.306886080909,9.275435039057193,0,5,5,-1.365013416607837,26,2,64,False,False,60,ridge_agronomy
B73 X PHZ51,23.636007444411796,16.867469879518072,3.559243600766932,0,5,5,-1.390814639951893,26,2,65,False,False,60,ridge_agronomy
LH198 X PHB47,23.152120677833285,19.27710843373494,3.6118612825512004,0,5,5,-1.475194013840829,26,2,66,False,False,60,ridge_agronomy
PHK76 X W606S,22.191203839749242,9.63855421686747,7.734661177911465,0,5,5,-1.552741561290874,25,1,67,False,False,60,ridge_agronomy
LH195 X LH123HT,21.460476050543637,10.843373493975903,7.853749378601805,0,5,5,-1.6146140161327847,26,2,68,False,False,60,ridge_agronomy
LH123HT X 3IIH6,21.216573611519244,13.25301204819277,10.892200138359549,0,5,5,-1.7626596804253025,25,1,69,False,False,60,ridge_agronomy
PHK76 X 3IIH6,17.607013419531786,10.843373493975903,3.635901362529508,0,5,5,-1.751176242629501,26,2,70,False,False,60,ridge_agronomy
PHP02 X LH82,17.12704476442355,12.048192771084338,3.7926453840202403,0,5,5,-1.8474371637756295,26,2,71,False,False,60,ridge_agronomy
LH123HT X PHB47,16.875306102458616,9.677735331570183,6.975697650887133,0,5,5,-1.9054007619674418,26,2,72,False,False,60,ridge_agronomy
2369 X LH123HT,15.430502497796061,9.63855421686747,6.249355246423098,0,5,5,-2.0923385741961797,26,2,73,False,False,60,ridge_agronomy
PHP02 X PHB47,14.471544715447152,12.048192771084338,1.7233745490956833,0,5,5,-2.107349393211301,26,2,74,False,False,60,ridge_agronomy
LH82 X PHB47,13.744735037711823,9.63855421686747,4.730737913849221,0,5,5,-2.154346545613258,26,2,75,False,False,60,ridge_agronomy
B37 X MO17,12.301890488784405,8.433734939759036,2.5895582436026108,0,5,5,-2.44119471316849,26,2,76,False,False,60,ridge_agronomy
B105 X 3IIH6,8.440591634832012,7.228915662650603,0.7621180048169253,0,5,5,-2.8029114167884406,26,2,77,False,False,60,ridge_agronomy
PHZ51 X LH145,6.269957880301694,4.819277108433735,0.9003475740208793,0,5,5,-3.7760644154928498,26,2,78,False,False,60,ridge_agronomy
PHK76 X LH145,5.787050641590754,3.6144578313253013,1.59602817133322,0,5,5,-3.9749770206255173,26,2,79,False,False,60,ridge_agronomy
PHP02 X LH145,5.307081986482515,3.6144578313253013,1.2379217230461619,0,5,5,-4.068174120492264,26,2,80,False,False,60,ridge_agronomy
B37 X OH43,4.099324125771378,2.4096385542168677,1.6334401837417427,0,5,5,-4.353541536213565,26,2,81,False,False,60,ridge_agronomy
LH195 X PHM49,1.9277108433734942,0.0,1.6342963814759686,0,5,5,-5.587873098058461,26,2,82,False,False,60,ridge_agronomy
B37 X H95,1.687726515819375,1.2048192771084338,0.5894414240377294,0,5,5,-5.89075404671207,25,1,83,False,False,60,ridge_agronomy
WF9 X H95,0.48388676657850915,0.0,0.9677735331570183,0,5,5,-6.564152574408351,25,1,84,False,False,60,ridge_agronomy
HOEGEMEYER 8065RR,88.6022137329807,61.48496424723283,13.748809749924234,5,5,5,7.316961844038325,25,1,1,True,True,60,ridge_combined
SYNGENTA NK0760-3111,85.3443040454501,37.16328729552356,24.22071045385831,4,5,5,6.95323203442036,64,2,2,True,True,60,ridge_combined
PIONEER 1311 AMXT,84.34322656479577,55.049466157312175,14.95283937070891,5,5,5,4.980215657800583,26,2,3,True,True,60,ridge_combined
PIONEER P0589 AMXT,83.32647663826035,24.262905279655204,29.552941397554587,4,5,5,4.574212386080697,26,2,4,True,True,60,ridge_combined
PHW52 X PHN82,82.68096777353317,47.54138505240474,17.863613600137246,4,5,5,5.543024849575456,26,2,5,True,True,60,ridge_combined
HOEGEMEYER 7089 AMXT,82.12361641688707,30.29679694387305,25.959893212483074,4,5,5,5.344645538729838,26,2,6,True,False,60,ridge_combined
B73 X PHN82,76.36301302772064,60.12831815065139,11.597200594788054,5,5,5,4.283443199223332,25,1,7,True,False,60,ridge_combined
LH185 X LH82,73.68400430992261,55.42168674698795,10.699649006827292,5,5,5,5.4391073521001365,24,1,8,True,False,60,ridge_combined
PHG39 X PHN82,71.44480360466255,51.60152806347341,14.388953509476353,5,5,5,3.9509942970407628,13,1,9,True,False,60,ridge_combined
PHK56 X LH198,70.81986482515427,44.57831325301205,17.14687747412653,4,5,5,3.554040966250785,26,2,10,True,False,60,ridge_combined
LH82 X W606S,68.7364090508375,44.57831325301205,16.98190477411461,4,5,5,3.490296744318907,26,2,11,True,False,60,ridge_combined
PHW52 X PHM49,67.588402390048,52.399843275541194,14.101641348303719,5,5,5,4.258708619655025,25,1,12,True,False,60,ridge_combined
LH82 X PHJ89,67.36800861984524,51.80722891566265,10.072931569553068,5,5,5,3.2547526441244363,26,2,13,True,False,60,ridge_combined
PHP02 X W606S,67.10059751199921,25.86443334312861,22.00951767529744,4,5,5,0.3202785265509185,26,2,14,True,False,60,ridge_combined
PHK56 X W606S,66.95562738759918,31.966891958076207,21.271339755962504,4,5,5,1.3678264080901568,25,1,15,True,False,60,ridge_combined
2FACC X 3IIH6,66.09070428053678,36.54618473895582,16.5782820281011,4,5,5,2.6040235564460903,26,2,16,True,False,60,ridge_combined
PHG39 X PHM49,66.00940346752864,42.16867469879518,14.357634803447578,4,5,5,3.1647988894174666,26,2,17,True,False,60,ridge_combined
PHK56 X LH185,64.81927710843374,46.18473895582329,16.994359212053453,3,5,5,4.683963884449299,24,2,18,False,False,60,ridge_combined
F42 X MO17,64.52933685963366,49.397590361445786,10.811764681989688,4,5,5,2.3126091651404357,25,1,19,True,False,60,ridge_combined
2369 X PHN82,63.747673621314526,38.95582329317269,12.920248085702037,4,5,5,3.038915997672583,26,2,20,True,False,60,ridge_combined
PHK56 X LH82,62.57517876383584,36.144578313253014,22.44697559499694,3,5,5,0.07062880239606528,26,2,21,False,False,60,ridge_combined
2369 X 3IIH6,62.28915662650603,34.337349397590366,21.111055933660708,3,5,5,0.649948510769814,26,2,22,False,False,60,ridge_combined
B73 X 3IIH6,61.70143990596532,28.112449799196785,20.256865172285252,4,5,5,0.9501741872510916,26,2,23,True,False,60,ridge_combined
LH185 X W606S,60.81496718581644,28.91566265060241,25.34029513722549,3,5,5,-0.9038470096268416,13,1,24,False,False,60,ridge_combined
PHN46 X PHB47,60.741502595748855,48.19277108433735,8.169303757594488,4,5,5,2.059145081676268,26,2,25,True,False,60,ridge_combined
N209 X 3IIH6,60.550494661573126,22.08835341365462,23.545254777901718,4,5,5,1.6225549208566274,26,2,26,True,False,60,ridge_combined
PHP02 X PHK56,60.09599373102166,36.62454696836125,20.536475254288263,3,5,5,-0.020733799055525814,26,2,27,False,False,60,ridge_combined
PHW52 X LH185,59.56215104319718,44.57831325301205,12.184447742930551,4,5,5,1.692241035446963,26,2,28,True,False,60,ridge_combined
PHK76 X LH82,59.4367714761485,48.99598393574297,10.347001152007017,4,5,5,3.5555037199143564,24,1,29,True,False,60,ridge_combined
PHK56 X PHJ89,59.42207855813498,44.57831325301205,13.399495277957092,4,5,5,1.6588992862226402,26,2,30,True,False,60,ridge_combined
PHK76 X W606S,58.47781369379959,6.024096385542169,32.178661985351425,3,5,5,0.41683185303225156,25,1,31,False,False,60,ridge_combined
PHP02 X LH198,58.324027818591446,28.91566265060241,17.677965138542792,4,5,5,1.7526687647487642,26,2,32,True,False,60,ridge_combined
PHN46 X W606S,57.386619649329035,15.662650602409638,27.19050558262066,3,5,5,0.9958968527707576,26,2,33,False,False,60,ridge_combined
PHJ40 X LH82,57.12900382015869,38.554216867469876,14.865069001495867,3,5,5,1.4803982531840263,26,2,34,False,False,60,ridge_combined
LH195 X LH185,55.518660005877166,33.734939759036145,14.318332291827353,3,5,5,-0.22143085159263212,25,1,35,False,False,60,ridge_combined
B14A X MO17,55.07199529826623,43.373493975903614,8.49187255003557,4,5,5,1.3589173267707313,26,2,36,True,False,60,ridge_combined
PHB47 X PHK56,54.13066901753355,24.497991967871485,24.492865379228363,3,5,5,2.181586171195618,26,2,37,False,False,60,ridge_combined
LH145 X LH162,53.80840434910374,24.096385542168676,15.238039872012825,4,5,5,1.1700830502971233,26,2,38,True,False,60,ridge_combined
PHP02 X PHK76,53.51748457243608,38.15261044176707,9.976477818781847,3,5,5,0.6814134473438433,26,2,39,False,False,60,ridge_combined
B73 X MO17,53.50279165442256,38.196689195807615,8.459368715117508,4,5,5,-0.9049404208418743,23,1,40,True,False,60,ridge_combined
PHW52 X PHZ51,52.03839749240866,27.710843373493976,17.98051791600655,2,5,5,-0.8622920684524884,25,1,41,False,False,60,ridge_combined
PHT69 X 3IIH6,50.584778136938,33.245175825252225,14.27248056453149,3,5,5,-1.1989437748176364,26,2,42,False,False,60,ridge_combined
PHK76 X LH198,50.13321578998922,31.325301204819276,12.356400802195864,3,5,5,-0.5365608444924744,26,2,43,False,False,60,ridge_combined
PHB47 X LH185,49.95494171809188,24.497991967871485,20.632973287995625,2,5,5,1.4079825184043089,26,2,44,False,False,60,ridge_combined
PHP02 X PHJ89,49.799196787148595,30.522088353413654,17.870357800230515,1,5,5,-4.0739432299946134,25,1,45,False,False,60,ridge_combined
PHK56 X 3IIH6,49.50631795474582,30.522088353413654,11.446259222630623,3,5,5,0.2950406711790386,25,1,46,False,False,60,ridge_combined
B73 X PHM49,48.716818493486144,34.93975903614458,7.056989470393007,3,5,5,-0.6251444358022509,26,2,47,False,False,60,ridge_combined
2369 X PHP02,48.59535703790773,30.526985992751495,12.885124637677164,3,5,5,-2.9793098117430423,26,2,48,False,False,60,ridge_combined
PHP02 X PHG47,48.35537271035361,30.92369477911647,12.085761764347732,2,5,5,-0.46157044868836294,25,1,49,False,False,60,ridge_combined
PHP02 X PHN46,46.774414732099125,38.289744343226566,7.172197493493799,2,5,5,-0.9897681014958662,25,1,50,False,False,60,ridge_combined
LH195 X 3IIH6,46.070134195317856,30.120481927710845,12.81504356043117,2,5,5,-0.9445348072462506,26,2,51,False,False,60,ridge_combined
B84 X 3IIH6,44.81633852483103,14.457831325301205,22.518052013819265,3,5,5,0.7554613699943904,26,2,52,False,False,60,ridge_combined
PHN46 X PHK56,44.21099030267411,25.702811244979916,13.91564464621147,2,5,5,-1.8283601386219661,26,2,53,False,False,60,ridge_combined
2369 X PHZ51,44.07189734547948,32.80928592418454,12.656434659941914,1,5,5,-1.4816180522499671,25,1,54,False,False,60,ridge_combined
PHB47 X PHJ89,44.06602017827407,16.46586345381526,16.893274409267367,3,5,5,0.10088230117675927,13,1,55,False,False,60,ridge_combined
LH74 X PHM49,42.79459300617102,34.93975903614458,8.35490211032456,1,5,5,-1.7960973864248948,25,1,56,False,False,60,ridge_combined
LH74 X PHN82,42.589871681849345,30.522088353413654,9.62392984063623,1,5,5,-1.7992499914939466,26,2,57,False,False,60,ridge_combined
4N506 X 3IIH6,41.35664609658145,18.473895582329316,20.180032485551596,1,5,5,0.6137672889634149,26,2,58,False,False,60,ridge_combined
LH198 X PHZ51,39.9422078558135,8.032128514056225,16.46719126946515,1,5,5,-0.9698511617681994,26,2,59,False,False,60,ridge_combined
LH82 X PHB47,38.052698599275146,16.064257028112447,23.20608102014476,1,5,5,0.9046903136260365,26,2,60,False,False,60,ridge_combined
PHP02 X LH185,38.00568126163189,13.654618473895582,17.183915198641383,2,5,5,-0.4990661230508163,26,2,61,False,False,60,ridge_combined
F42 X OH43,36.68625722401802,11.244979919678714,18.96745268223122,2,5,5,-1.292379282310415,26,2,62,False,False,60,ridge_combined
LH195 X PHZ51,35.99079243804486,29.718875502008032,9.225963692531721,1,5,5,-5.491234019916324,26,2,63,False,False,60,ridge_combined
PHB47 X 3IIH6,35.40895288470957,25.301204819277107,9.230396446353518,1,5,5,-1.6506169759320717,26,2,64,False,False,60,ridge_combined
LH185 X LH145,35.202272504652754,13.654618473895582,13.632081133255461,1,5,5,-1.7420509677866296,13,1,65,False,False,60,ridge_combined
LH123HT X 3IIH6,34.50876677441473,8.835341365461849,17.969809687174973,1,5,5,-0.9509506227480458,25,1,66,False,False,60,ridge_combined
PHP02 X LH82,32.98560094034675,14.859437751004016,18.699697016711337,2,5,5,-1.0593756600010509,26,2,67,False,False,60,ridge_combined
PHK76 X 3IIH6,32.71721030463317,12.048192771084338,17.148789504259515,2,5,5,-4.629976754532018,26,2,68,False,False,60,ridge_combined
PHK56 X LH145,31.843471446762656,16.06425702811245,17.623872273229853,1,5,5,-0.45589174311210384,13,1,69,False,False,60,ridge_combined
LH198 X PHB47,30.649426976197468,15.261044176706827,11.778028165283384,0,5,5,-2.7338930187215005,26,2,70,False,False,60,ridge_combined
LH195 X LH123HT,30.51817024194338,17.670682730923698,11.99938125710074,0,5,5,-2.8350650910354687,26,2,71,False,False,60,ridge_combined
PHK76 X LH145,29.36232735821334,3.6144578313253013,19.049335156921376,1,5,5,-2.631196931792993,26,2,72,False,False,60,ridge_combined
B37 X MO17,29.101772945440295,9.63855421686747,20.3142432747237,1,5,5,-1.4271305691821508,26,2,73,False,False,60,ridge_combined
B73 X PHZ51,28.597316093642867,13.267704966206288,17.033042732523963,1,5,5,-5.933705061285735,26,2,74,False,False,60,ridge_combined
PHP02 X PHB47,25.757664805563717,9.236947791164658,21.46326622031995,1,5,5,-1.829416376618368,26,2,75,False,False,60,ridge_combined
LH123HT X PHB47,23.79273190322265,5.622489959839357,13.30094539824983,0,5,5,-6.2079957522028675,26,2,76,False,False,60,ridge_combined
B105 X 3IIH6,23.612498775590165,6.024096385542169,17.532169337292615,1,5,5,-2.4009343586553884,26,2,77,False,False,60,ridge_combined
2369 X LH123HT,22.740718973454793,8.835341365461849,14.47473701157983,0,5,5,-4.019636416512721,26,2,78,False,False,60,ridge_combined
PHZ51 X LH145,21.76706827309237,7.228915662650603,17.885514100840844,1,5,5,-3.1723048552238104,26,2,79,False,False,60,ridge_combined
B37 X OH43,20.121461455578412,6.024096385542169,23.715914291622834,1,5,5,-3.577585767809392,26,2,80,False,False,60,ridge_combined
PHP02 X LH145,16.89195807620727,2.8112449799196786,18.49809214868501,1,5,5,-5.4580840866664575,26,2,81,False,False,60,ridge_combined
B37 X H95,16.217063375453034,1.2048192771084338,22.961944769414462,1,5,5,-4.976751165483167,25,1,82,False,False,60,ridge_combined
LH195 X PHM49,15.651875795866392,0.0,13.440865818100932,0,5,5,-6.637852325193424,26,2,83,False,False,60,ridge_combined
WF9 X H95,6.2337153492016855,0.0,9.687869526902103,0,5,5,-11.162560694199788,25,1,84,False,False,60,ridge_combined
SYNGENTA NK0760-3111,100.0,100.0,0.0,5,5,5,27.520615922290073,64,2,1,True,True,75,agronomy
HOEGEMEYER 8065RR,96.25281614261925,90.50102850426094,3.0007706327703936,5,5,5,14.411797662173484,25,1,2,True,True,75,agronomy
PHG39 X PHN82,90.11754334410814,72.28915662650603,9.974057794825999,5,5,5,12.632225122949253,13,1,3,True,True,75,agronomy
PHW52 X PHN82,87.2230384954452,75.1004016064257,6.520125842459416,5,5,5,10.515520282091614,26,2,4,True,True,75,agronomy
HOEGEMEYER 7089 AMXT,86.98207464002351,75.1004016064257,6.253224125261153,5,5,5,9.907029785597626,26,2,5,True,True,75,agronomy
PHK56 X LH185,86.86746987951807,78.714859437751,6.19255751562936,5,5,5,10.024020238027571,24,2,6,True,False,75,agronomy
PHK56 X PHJ89,84.61259672837693,75.1004016064257,6.3052037642185095,5,5,5,9.397931274878239,26,2,7,True,False,75,agronomy
N209 X 3IIH6,82.19022431188166,67.77843079635615,9.004203884171957,5,5,5,8.445067834195415,26,2,8,True,False,75,agronomy
PIONEER P0589 AMXT,81.23910275247331,65.06024096385542,9.667316588610824,5,5,5,8.750055334308055,26,2,9,True,False,75,agronomy
PHK56 X LH82,80.6366931139191,52.61044176706827,15.048182082012259,5,5,5,9.492956151785163,26,2,10,True,False,75,agronomy
LH185 X LH82,80.2713292193163,64.4578313253012,12.397733888414834,5,5,5,8.858711647024919,24,1,11,True,False,75,agronomy
PHP02 X PHG47,79.55529434812419,65.46184738955823,11.494750803224148,5,5,5,6.182201268027677,25,1,12,True,False,75,agronomy
PHK56 X W606S,79.50827701048095,43.97590361445783,19.12990264657238,4,5,5,8.100071863643159,25,1,13,True,False,75,agronomy
PHB47 X PHK56,76.04074835929082,56.107356254285435,12.374022014919182,5,5,5,7.145095893865095,26,2,14,True,False,75,agronomy
PHW52 X PHM49,75.04799686551083,27.710843373493976,24.189545682688994,4,5,5,5.300191212853323,25,1,15,True,False,75,agronomy
PHP02 X PHK56,74.92555588206486,52.61044176706827,16.421142837938284,5,5,5,7.603145344571255,26,2,16,True,False,75,agronomy
PIONEER 1311 AMXT,74.19825644039574,67.6706827309237,7.707631739639037,5,5,5,6.9304765487228295,26,2,17,True,False,75,agronomy
PHK56 X 3IIH6,72.88177098638457,43.373493975903614,20.47185122606386,4,5,5,4.87316783503312,25,1,18,True,False,75,agronomy
B73 X PHN82,71.53981780781663,15.329611127436577,28.606324100130657,4,5,5,6.660924295130082,25,1,19,True,False,75,agronomy
B73 X 3IIH6,71.38309334900578,59.72671172494858,9.275315872450426,5,5,5,6.642908393700125,26,2,20,True,False,75,agronomy
PHP02 X LH198,70.71799392692722,49.397590361445786,14.950580531111525,4,5,5,5.507934246221614,26,2,21,True,False,75,agronomy
PHP02 X W606S,66.4247232833774,44.77421882652561,18.803601204002437,3,5,5,6.056189168372002,26,2,22,False,False,75,agronomy
2FACC X 3IIH6,65.48339700264472,30.522088353413654,18.683556913063097,4,5,5,6.015549560296394,26,2,23,True,False,75,agronomy
PHP02 X PHK76,65.20227250465275,52.61044176706827,7.272701871676751,5,5,5,3.09543567929516,26,2,24,True,False,75,agronomy
2369 X 3IIH6,64.51954158095798,30.522088353413654,18.36443616279928,4,5,5,4.075808740226151,26,2,25,True,False,75,agronomy
F42 X MO17,63.814281516309144,42.570281124497996,19.460602764765365,3,5,5,3.4431253193259197,25,1,26,False,False,75,agronomy
PHK56 X LH198,63.659516113233416,39.3574297188755,17.22510380330684,4,5,5,5.51503336938658,26,2,27,True,False,75,agronomy
LH195 X 3IIH6,63.51552551670095,58.03212851405622,6.110064162415372,5,5,5,2.315872816104579,26,2,28,True,False,75,agronomy
PHW52 X LH185,61.53247134880987,44.57831325301205,11.807992059738298,4,5,5,2.2064993458140547,26,2,29,True,False,75,agronomy
PHP02 X PHJ89,61.47223038495444,25.301204819277107,25.734971005124,3,5,5,2.9698130681698096,25,1,30,False,False,75,agronomy
PHP02 X PHN46,60.769419139974524,43.97590361445783,12.224493110017287,4,5,5,1.7322509221706812,25,1,31,True,False,75,agronomy
PHN46 X PHB47,59.87315114114997,38.92398863747673,15.135250719877545,3,5,5,4.737149673638249,26,2,32,False,False,75,agronomy
LH185 X W606S,58.03947497306299,9.072876873347047,37.89713221040456,3,5,5,4.021977672559484,13,1,33,False,False,75,agronomy
PHK76 X LH82,57.76471740621021,26.50602409638554,16.827426267855117,4,5,5,1.8153436138579004,24,1,34,True,False,75,agronomy
LH145 X LH162,57.58889215398178,23.694779116465863,24.01152427276649,3,5,5,0.731222250107842,26,2,35,False,False,75,agronomy
B73 X MO17,56.42766186698011,34.93975903614458,14.964485332447444,3,5,5,1.4472353145573338,23,1,36,False,False,75,agronomy
4N506 X 3IIH6,55.70134195317856,16.265060240963855,24.65017486349043,3,5,5,0.809476594447759,26,2,37,False,False,75,agronomy
PHW52 X PHZ51,54.93045352140268,20.883534136546185,22.940196119606597,2,5,5,0.9838098993864657,25,1,38,False,False,75,agronomy
PHG39 X PHM49,52.412577137819575,16.265060240963855,18.792194681780263,4,5,5,0.7637173561562474,26,2,39,True,False,75,agronomy
PHT69 X 3IIH6,51.04809481829758,12.248995983935743,20.6058449181938,4,5,5,0.22359588636355196,26,2,40,True,False,75,agronomy
LH82 X PHJ89,50.29483788813792,26.706827309236946,19.439595749904825,2,5,5,0.7088862726073395,26,2,41,False,False,75,agronomy
PHN46 X PHK56,50.22676070134195,12.449799196787149,21.09420822465552,3,5,5,0.11047741910369843,26,2,42,False,False,75,agronomy
LH82 X W606S,49.81291017729454,18.473895582329316,21.866821233515935,3,5,5,0.451670138185335,26,2,43,False,False,75,agronomy
LH195 X PHZ51,46.78812812224508,26.104417670682732,12.952542002134775,2,5,5,-0.3506961365217721,26,2,44,False,False,75,agronomy
LH195 X LH185,44.491625036732295,25.301204819277107,20.599702987027506,2,5,5,2.0003673211260296,25,1,45,False,False,75,agronomy
PHP02 X LH185,43.1942403761387,25.301204819277107,15.88533825942026,2,5,5,-1.2546400051372082,26,2,46,False,False,75,agronomy
PHK76 X LH198,42.91899304535214,24.096385542168676,16.324568937465354,2,5,5,-1.2505746296730749,26,2,47,False,False,75,agronomy
PHP02 X LH82,42.02174551866001,16.06425702811245,18.650004814190773,1,5,5,-1.5590859120224236,26,2,48,False,False,75,agronomy
LH74 X PHN82,41.84641003036536,16.265060240963855,18.676315575559578,1,5,5,-0.8324371987669249,26,2,49,False,False,75,agronomy
PHJ40 X LH82,41.476638260358506,12.248995983935743,19.61166469934644,1,5,5,-1.5891937503394042,26,2,50,False,False,75,agronomy
LH123HT X 3IIH6,41.37721618180037,4.4176706827309244,26.30578096471257,2,5,5,-0.5825512993270314,25,1,51,False,False,75,agronomy
LH198 X PHB47,41.17347438534627,21.686746987951807,19.114173201127638,2,5,5,-1.6819945943639005,26,2,52,False,False,75,agronomy
B73 X PHM49,41.108825546086784,29.439710059751203,10.608049654256677,1,5,5,-1.004295171655766,26,2,53,False,False,75,agronomy
2369 X PHN82,40.748359290821824,33.05906553041434,7.35494334904227,1,5,5,-1.0229375617674623,26,2,54,False,False,75,agronomy
PHN46 X W606S,39.968655108237826,12.449799196787149,19.453461526169743,2,5,5,-1.297798479105788,26,2,55,False,False,75,agronomy
PHB47 X PHJ89,35.775296307179936,11.44578313253012,26.825382550751293,1,5,5,-2.2942389049506415,13,1,56,False,False,75,agronomy
PHK76 X W606S,35.68566950729748,14.056224899598392,14.353014490158609,1,5,5,-2.9551802357294576,25,1,57,False,False,75,agronomy
PHK76 X 3IIH6,35.390341855225785,12.449799196787149,18.028902658175234,1,5,5,-2.1185193298843124,26,2,58,False,False,75,agronomy
2369 X LH123HT,35.35507885199334,12.048192771084336,21.398610386303268,1,5,5,-2.470073971512667,26,2,59,False,False,75,agronomy
PHB47 X LH185,35.04848662944461,6.827309236947791,16.162645669210686,1,5,5,-2.4355136472697976,26,2,60,False,False,75,agronomy
LH123HT X PHB47,34.48085023018905,26.907630522088354,8.640388002704825,1,5,5,-2.667491470169652,26,2,61,False,False,75,agronomy
B14A X MO17,34.42844548927417,18.072289156626507,16.852424857268506,1,5,5,-2.5068756304836386,26,2,62,False,False,75,agronomy
F42 X OH43,34.15319815848761,10.441767068273093,21.951094196960298,1,5,5,-1.8896354696296125,26,2,63,False,False,75,agronomy
LH74 X PHM49,34.070917817611914,21.760211578019394,10.162401989195068,0,5,5,-2.0013188421829304,25,1,64,False,False,75,agronomy
PHB47 X 3IIH6,33.91615241453619,9.236947791164658,17.141022612179107,1,5,5,-1.875096260270422,26,2,65,False,False,75,agronomy
2369 X PHZ51,30.615143500832595,10.843373493975903,23.075221789048307,1,5,5,-7.198220996080197,25,1,66,False,False,75,agronomy
2369 X PHP02,30.452541874816337,12.102066803800568,15.610588575703943,1,5,5,-2.762735452138003,26,2,67,False,False,75,agronomy
B84 X 3IIH6,29.667940052894505,7.6305220883534135,17.368931581156872,1,5,5,-3.2962169382873983,26,2,68,False,False,75,agronomy
LH198 X PHZ51,27.652071701439905,20.481927710843372,9.255691458697582,0,5,5,-3.5444361724050375,26,2,69,False,False,75,agronomy
B105 X 3IIH6,23.552747575668526,9.63855421686747,13.524835420961365,0,5,5,-7.827374852413703,26,2,70,False,False,75,agronomy
PHK56 X LH145,23.461161720050935,9.072876873347047,15.389587178828327,0,5,5,-6.771907285310595,13,1,71,False,False,75,agronomy
B73 X PHZ51,23.19032226466843,10.04016064257028,11.227081612763335,0,5,5,-4.496014829718162,26,2,72,False,False,75,agronomy
LH195 X LH123HT,21.93750612204917,2.8112449799196786,13.690286851005013,0,5,5,-4.522395948478717,26,2,73,False,False,75,agronomy
LH185 X LH145,20.71897345479479,0.8032128514056226,16.493486336305264,0,5,5,-12.020214213838056,13,1,74,False,False,75,agronomy
PHP02 X PHB47,20.486825350181213,5.622489959839357,15.166137554850364,0,5,5,-5.561773728003657,26,2,75,False,False,75,agronomy
B37 X MO17,19.296698991086295,6.024096385542169,8.688888132280367,0,5,5,-6.997414794291134,26,2,76,False,False,75,agronomy
LH82 X PHB47,17.676559898129103,7.659907924380449,7.175945479983694,0,5,5,-7.079621096713629,26,2,77,False,False,75,agronomy
PHP02 X LH145,15.678323048290725,6.024096385542169,12.895996228276127,0,5,5,-13.393801098890421,26,2,78,False,False,75,agronomy
B37 X OH43,14.627289646390441,7.6305220883534135,9.504156338605606,0,5,5,-11.790280048441513,26,2,79,False,False,75,agronomy
PHZ51 X LH145,12.45371730825742,1.2048192771084338,15.788755166303908,0,5,5,-20.7261737869995,26,2,80,False,False,75,agronomy
PHK76 X LH145,10.684689979429914,0.4016064257028113,16.202364979757203,0,5,5,-21.872156402537478,26,2,81,False,False,75,agronomy
LH195 X PHM49,8.273092369477911,0.0,10.672761601203593,0,5,5,-23.07334404785535,26,2,82,False,False,75,agronomy
WF9 X H95,2.573219708100696,0.4016064257028113,1.5988271417602373,0,5,5,-24.94059103179274,25,1,83,False,False,75,agronomy
B37 X H95,1.286120090116564,0.0,0.9633675251784555,0,5,5,-27.213636388560985,25,1,84,False,False,75,agronomy
SYNGENTA NK0760-3111,94.67822509550396,73.39112547751984,10.643549808992065,5,5,5,22.953552149774147,64,2,1,True,True,75,agronomy_uav
PIONEER P0589 AMXT,85.38152610441767,57.429718875502004,14.62332767294941,5,5,5,9.238592123699535,26,2,2,True,True,75,agronomy_uav
PHK56 X LH82,82.77402292095209,67.8714859437751,11.128563665345595,5,5,5,8.24929514495792,26,2,3,True,True,75,agronomy_uav
PHK56 X LH185,82.36947791164658,66.26506024096386,9.937142164955766,5,5,5,8.005522562503108,24,2,4,True,True,75,agronomy_uav
HOEGEMEYER 7089 AMXT,81.34783034577333,61.357625624449014,13.333108526482357,5,5,5,8.25535483395602,26,2,5,True,True,75,agronomy_uav
PHK56 X PHJ89,80.88059555294349,63.855421686746986,10.745686078310792,5,5,5,8.595544498442738,26,2,6,True,False,75,agronomy_uav
N209 X 3IIH6,79.99118424919189,67.8714859437751,6.423498196712353,5,5,5,7.295234474782712,26,2,7,True,False,75,agronomy_uav
B73 X 3IIH6,79.3329415221863,65.06024096385542,11.042573683269346,5,5,5,9.620523989100473,26,2,8,True,False,75,agronomy_uav
HOEGEMEYER 8065RR,79.24576354197276,69.47791164658635,5.28930319084723,5,5,5,7.222577868013259,25,1,9,True,False,75,agronomy_uav
PHW52 X PHN82,78.22509550396708,55.82329317269076,12.445643794626006,5,5,5,7.303322935281349,26,2,10,True,False,75,agronomy_uav
PHB47 X PHK56,77.57860711137232,56.626506024096386,12.003636632586947,5,5,5,6.975441602935372,26,2,11,True,False,75,agronomy_uav
PIONEER 1311 AMXT,74.35596042707415,46.98795180722891,15.59566238364214,4,5,5,6.6533081896300725,26,2,12,True,False,75,agronomy_uav
PHK56 X W606S,73.30002938583603,54.216867469879524,13.497428269270888,5,5,5,6.021419790381648,25,1,13,True,False,75,agronomy_uav
PHK56 X 3IIH6,71.95317856793027,61.84738955823294,8.665129405133097,5,5,5,5.387355879948231,25,1,14,True,False,75,agronomy_uav
PHK56 X LH198,70.95993731021647,25.48241747477716,23.76264585192134,4,5,5,7.262329293303186,26,2,15,True,False,75,agronomy_uav
PHW52 X PHM49,70.37613870114605,35.34136546184739,22.805737877881263,4,5,5,5.462829281532175,25,1,16,True,False,75,agronomy_uav
B73 X PHN82,68.8216279753159,51.00401606425703,16.055824902709972,5,5,5,5.604434906771894,25,1,17,True,False,75,agronomy_uav
LH185 X LH82,68.75110196885102,54.59888333823097,12.056538006698467,5,5,5,4.812210280531029,24,1,18,True,False,75,agronomy_uav
LH195 X 3IIH6,68.64629248702127,51.00401606425703,14.516432603450887,5,5,5,5.966821976907915,26,2,19,True,False,75,agronomy_uav
2FACC X 3IIH6,67.68145753746694,50.60240963855423,16.716779509078716,5,5,5,7.907538990883012,26,2,20,True,False,75,agronomy_uav
PHN46 X PHB47,65.73513566460966,31.88852972867078,17.53805364117722,4,5,5,5.479235431228593,26,2,21,True,False,75,agronomy_uav
PHW52 X PHZ51,64.57733372514448,30.92369477911647,17.802374949296023,4,5,5,3.584644244025332,25,1,22,True,False,75,agronomy_uav
2369 X 3IIH6,63.42834753648741,43.373493975903614,13.730044041437228,4,5,5,3.7590036042804007,26,2,23,True,False,75,agronomy_uav
4N506 X 3IIH6,63.36859633656577,42.16867469879518,19.51593821159631,3,5,5,3.9336306102962637,26,2,24,False,False,75,agronomy_uav
PHP02 X PHK56,62.69272210794397,32.93172690763052,17.64802819234222,4,5,5,3.933230037883358,26,2,25,True,False,75,agronomy_uav
PHB47 X 3IIH6,59.993143304927024,38.152610441767074,16.808460630319704,3,5,5,2.939134508408476,26,2,26,False,False,75,agronomy_uav
PHP02 X PHK76,59.01753354882946,34.93975903614458,20.948473085529404,3,5,5,2.0002106607175953,26,2,27,False,False,75,agronomy_uav
PHG39 X PHM49,58.587520814967185,27.309236947791163,21.713562924518268,3,5,5,2.605689109821315,26,2,28,False,False,75,agronomy_uav
PHG39 X PHN82,58.101674992653535,34.136546184738954,14.639684936510564,3,5,5,2.8982961228515545,13,1,29,False,False,75,agronomy_uav
2369 X LH123HT,57.77745126848858,14.457831325301205,27.620889658571492,3,5,5,3.914621691690445,26,2,30,False,False,75,agronomy_uav
LH145 X LH162,57.55999608188853,45.78313253012049,11.085277365445023,3,5,5,2.389146728746769,26,2,31,False,False,75,agronomy_uav
PHN46 X PHK56,57.29454402977765,36.94779116465863,19.42410765764278,3,5,5,2.0241529255171136,26,2,32,False,False,75,agronomy_uav
F42 X MO17,55.78117347438534,38.15261044176707,16.8743256364004,3,5,5,1.9712359097021714,25,1,33,False,False,75,agronomy_uav
PHP02 X W606S,53.50573023802527,19.73748653149182,22.481476620244493,3,5,5,2.005586876674944,26,2,34,False,False,75,agronomy_uav
PHW52 X LH185,53.05318836320894,28.5140562248996,21.282952311627405,3,5,5,1.9724371527287274,26,2,35,False,False,75,agronomy_uav
LH195 X LH123HT,52.4390243902439,37.75100401606426,10.657018314357618,3,5,5,1.0413849624420712,26,2,36,False,False,75,agronomy_uav
PHP02 X PHG47,51.72494857478696,16.867469879518072,26.99822934678714,3,5,5,1.3590811163691672,25,1,37,False,False,75,agronomy_uav
PHP02 X LH198,51.38897051621119,27.710843373493976,17.690115890571974,2,5,5,1.09841307744385,26,2,38,False,False,75,agronomy_uav
PHK76 X LH82,51.265550004897634,33.734939759036145,16.08395186129585,2,5,5,0.8354751827594354,24,1,39,False,False,75,agronomy_uav
LH185 X W606S,50.641590753256935,13.25301204819277,23.440410094732286,2,5,5,0.6755321305650662,13,1,40,False,False,75,agronomy_uav
LH123HT X 3IIH6,50.405524537173086,16.465863453815263,25.60359680723764,2,5,5,1.8280912357029535,25,1,41,False,False,75,agronomy_uav
F42 X OH43,50.10774806543246,12.851405622489958,26.900670944827088,2,5,5,-0.1884927043590352,26,2,42,False,False,75,agronomy_uav
LH198 X PHB47,50.06171025565678,37.45714565579391,14.52494628292519,1,5,5,0.531722323351776,26,2,43,False,False,75,agronomy_uav
LH195 X LH185,49.19188950925654,23.694779116465867,15.530234403899383,3,5,5,1.4135455821529461,25,1,44,False,False,75,agronomy_uav
B84 X 3IIH6,48.960720932510526,22.891566265060238,19.5311388068575,2,5,5,1.1728567626173505,26,2,45,False,False,75,agronomy_uav
B73 X PHM49,48.238808894113035,41.19404447056519,5.09147203463933,2,5,5,1.1686884708643115,26,2,46,False,False,75,agronomy_uav
2369 X PHN82,48.13693799588599,37.070232148104616,5.9130955231374,3,5,5,0.6989975408947041,26,2,47,False,False,75,agronomy_uav
PHN46 X W606S,47.77157410128318,30.923694779116463,13.380419510239687,3,5,5,0.07033939419300266,26,2,48,False,False,75,agronomy_uav
B73 X MO17,47.5639141933588,26.104417670682732,16.59080616580862,2,5,5,0.5879723333516855,23,1,49,False,False,75,agronomy_uav
LH82 X W606S,47.51787638358311,14.457831325301205,27.472513121656384,2,5,5,-0.3417355406811101,26,2,50,False,False,75,agronomy_uav
LH123HT X PHB47,47.46987951807229,30.120481927710845,9.669962214149395,3,5,5,0.8939572038567984,26,2,51,False,False,75,agronomy_uav
PHK76 X 3IIH6,46.42962092271525,5.642080517190714,21.45442247994336,3,5,5,0.5614915037361357,26,2,52,False,False,75,agronomy_uav
PHP02 X PHJ89,44.43040454500931,19.27710843373494,13.227020892582578,2,5,5,-0.00019776264908261468,25,1,53,False,False,75,agronomy_uav
PHT69 X 3IIH6,44.40199823684984,14.457831325301205,22.504369129505786,2,5,5,-0.4076937230604937,26,2,54,False,False,75,agronomy_uav
B14A X MO17,43.56156332647664,25.301204819277107,16.369367759816452,2,5,5,-1.3238714575033865,26,2,55,False,False,75,agronomy_uav
PHB47 X LH185,43.0296796943873,20.481927710843372,16.62679421307814,2,5,5,-0.5570603116654971,26,2,56,False,False,75,agronomy_uav
LH82 X PHJ89,42.30580860025468,24.096385542168676,15.979638280605164,2,5,5,-1.4713449995340995,26,2,57,False,False,75,agronomy_uav
PHP02 X PHN46,41.68772651581937,25.301204819277107,11.294233431938638,1,5,5,-0.6086269982831976,25,1,58,False,False,75,agronomy_uav
LH195 X PHZ51,41.615241453619355,12.4938779508277,23.709935287349442,2,5,5,-0.322242699804112,26,2,59,False,False,75,agronomy_uav
PHJ40 X LH82,41.315505926143594,15.261044176706827,19.102980000475068,2,5,5,-2.525858421077142,26,2,60,False,False,75,agronomy_uav
PHP02 X LH185,40.616123028700166,21.686746987951807,18.839616260455166,1,5,5,-1.937484566784402,26,2,61,False,False,75,agronomy_uav
PHK76 X LH198,39.856988931335096,24.184543050249783,16.33272532562058,2,5,5,-0.8536265075648686,26,2,62,False,False,75,agronomy_uav
LH198 X PHZ51,38.484670388872566,19.67871485943775,11.43076554719889,1,5,5,-1.7957269389448407,26,2,63,False,False,75,agronomy_uav
LH74 X PHN82,38.42785777255362,26.50602409638554,12.761777760640912,1,5,5,-1.2282170527881298,26,2,64,False,False,75,agronomy_uav
2369 X PHP02,35.28945048486629,18.072289156626507,13.289225952240537,1,5,5,-1.9622587004001069,26,2,65,False,False,75,agronomy_uav
PHK76 X W606S,34.76932118718778,10.441767068273093,17.19128347626038,2,5,5,-4.9655510176205375,25,1,66,False,False,75,agronomy_uav
LH74 X PHM49,34.22176510921736,19.30159663042414,11.382218179997148,1,5,5,-1.7843542818406377,25,1,67,False,False,75,agronomy_uav
LH82 X PHB47,32.9385836027035,17.670682730923694,11.684363194184867,0,5,5,-4.00775472949339,26,2,68,False,False,75,agronomy_uav
B105 X 3IIH6,31.829758056616708,7.6305220883534135,21.11186799947254,1,5,5,-4.899076021519418,26,2,69,False,False,75,agronomy_uav
B37 X MO17,27.60309530806152,10.04016064257028,22.363648774762684,1,5,5,-7.522736008420831,26,2,70,False,False,75,agronomy_uav
PHP02 X PHB47,27.084925066118124,8.032128514056225,25.310777656204174,1,5,5,-4.286805572857579,26,2,71,False,False,75,agronomy_uav
2369 X PHZ51,26.54324615535312,8.835341365461847,12.31311710108571,0,5,5,-7.399999692880092,25,1,72,False,False,75,agronomy_uav
B37 X OH43,25.653834851601527,4.819277108433735,17.075806767582893,0,5,5,-10.081183870080498,26,2,73,False,False,75,agronomy_uav
PHK56 X LH145,25.48143794690959,9.63855421686747,15.884515831377024,0,5,5,-7.022713737923736,13,1,74,False,False,75,agronomy_uav
PHP02 X LH82,24.829072387109413,10.843373493975903,7.799919334786077,0,5,5,-5.302610239849436,26,2,75,False,False,75,agronomy_uav
PHB47 X PHJ89,24.74483299049858,7.228915662650603,13.76153813360407,0,5,5,-7.426250831646499,13,1,76,False,False,75,agronomy_uav
B73 X PHZ51,24.345185620530906,9.63855421686747,12.694603466323445,0,5,5,-5.327461093237433,26,2,77,False,False,75,agronomy_uav
LH185 X LH145,16.163189342736803,0.0,14.52950640882304,0,5,5,-13.96320585794623,13,1,78,False,False,75,agronomy_uav
PHZ51 X LH145,15.094524439220297,1.2048192771084338,17.825548142663692,1,5,5,-17.777775874441573,26,2,79,False,False,75,agronomy_uav
B37 X H95,7.565873249093937,0.8032128514056226,8.701614406565444,0,5,5,-19.752682239566155,25,1,80,False,False,75,agronomy_uav
PHP02 X LH145,7.091781761191106,3.2128514056224904,3.7821599227687583,0,5,5,-17.901606211249337,26,2,81,False,False,75,agronomy_uav
PHK76 X LH145,6.706827309236948,2.4096385542168677,7.400463404345354,0,5,5,-20.109647686161612,26,2,82,False,False,75,agronomy_uav
LH195 X PHM49,4.902536977177001,0.0,4.816439225697567,0,5,5,-21.854531250933626,26,2,83,False,False,75,agronomy_uav
WF9 X H95,3.5360956019198753,1.6064257028112452,1.654491870352027,0,5,5,-20.824158809639872,25,1,84,False,False,75,agronomy_uav
SYNGENTA NK0760-3111,98.71485943775102,95.18072289156628,1.7852297807946034,5,5,5,19.693210216685525,64,2,1,True,True,75,combined
PHW52 X PHN82,88.17416005485356,71.79449505338427,10.34876342358737,5,5,5,13.503211576407868,26,2,2,True,True,75,combined
HOEGEMEYER 8065RR,85.65383485160153,65.61857184836909,12.635921033343477,5,5,5,13.947227570531926,25,1,3,True,True,75,combined
PHG39 X PHN82,85.56175923205015,52.70839455382506,16.474723437361146,5,5,5,12.926851522628116,13,1,4,True,True,75,combined
PHW52 X PHM49,83.34900577921442,68.95386423743756,7.710386694920418,5,5,5,9.149698857580567,25,1,5,True,True,75,combined
HOEGEMEYER 7089 AMXT,82.64472524243315,60.24096385542168,12.364024925036908,5,5,5,11.250868021737276,26,2,6,True,False,75,combined
PIONEER P0589 AMXT,81.03732001175435,47.38955823293173,17.926505505758552,4,5,5,11.36868690123453,26,2,7,True,False,75,combined
PIONEER 1311 AMXT,79.8932314624351,55.02008032128514,15.037349791372984,5,5,5,10.394543438302591,26,2,8,True,False,75,combined
PHP02 X W606S,79.73650700362425,48.48173180526985,15.830421249388232,4,5,5,8.227977031481213,26,2,9,True,False,75,combined
B73 X PHN82,78.94504848662943,68.67469879518072,7.3592366106347455,5,5,5,6.403271569726668,25,1,10,True,False,75,combined
PHK56 X LH185,77.59036144578313,61.847389558232926,11.040598178914752,5,5,5,7.035174442877294,24,2,11,True,False,75,combined
PHK56 X PHJ89,77.4267802918993,63.855421686746986,8.337483204101831,5,5,5,5.3443570029607415,26,2,12,True,False,75,combined
PHN46 X PHB47,74.03075717504164,62.65060240963855,11.654686506024534,5,5,5,5.371671178661668,26,2,13,True,False,75,combined
PHK56 X W606S,72.98168282887647,51.80722891566265,12.274085954022757,5,5,5,7.375102449186976,25,1,14,True,False,75,combined
PHP02 X PHK56,71.21363502791654,53.41365461847389,9.3508080008225,5,5,5,4.81895601666997,26,2,15,True,False,75,combined
PHG39 X PHM49,71.0686649035165,62.57224018023313,6.5060875102564175,5,5,5,5.09026634479552,26,2,16,True,False,75,combined
PHP02 X PHG47,69.61700460378097,39.3574297188755,20.087066375726266,4,5,5,3.881817752317418,25,1,17,True,False,75,combined
N209 X 3IIH6,69.15270839455383,46.18473895582329,14.71371812719945,4,5,5,5.637532821183137,26,2,18,True,False,75,combined
LH185 X LH82,67.68341659320208,34.93975903614458,17.119191923633622,4,5,5,5.403618285437507,24,1,19,True,False,75,combined
PHB47 X PHK56,66.89587618767754,54.216867469879524,11.023564320963546,5,5,5,3.7264817639816235,26,2,20,True,False,75,combined
B73 X 3IIH6,66.144578313253,48.59437751004017,10.138951719099284,4,5,5,2.59512314424539,26,2,21,True,False,75,combined
PHK56 X LH82,65.89969634636105,55.42168674698795,10.837446748240078,5,5,5,4.965006449590215,26,2,22,True,False,75,combined
F42 X MO17,65.19737486531491,51.80722891566265,7.120772810944585,5,5,5,3.8336262876806892,25,1,23,True,False,75,combined
PHK56 X LH198,64.80262513468509,49.799196787148595,11.6754773121279,4,5,5,3.9299585610322056,26,2,24,True,False,75,combined
2FACC X 3IIH6,64.79968655108237,54.618473895582326,11.61168146669027,5,5,5,2.4248067400053275,26,2,25,True,False,75,combined
PHP02 X PHK76,63.52140268390635,40.562248995983936,19.75003566569724,3,5,5,1.856933625663104,26,2,26,False,False,75,combined
PHN46 X PHK56,63.07473797629543,28.91566265060241,21.241897247516793,4,5,5,1.1707650301540593,26,2,27,True,False,75,combined
PHK56 X 3IIH6,61.681849348613966,40.562248995983936,16.390538006367624,4,5,5,1.7665558126585743,25,1,28,True,False,75,combined
PHW52 X LH185,61.40660201782741,36.144578313253014,16.27252119893139,4,5,5,4.085390414297054,26,2,29,True,False,75,combined
PHP02 X LH198,60.91879713977862,44.17670682730924,12.010713964749705,4,5,5,1.9831611257335369,26,2,30,True,False,75,combined
LH82 X PHJ89,60.71309628758938,43.77510040160643,13.991266097093042,4,5,5,3.155881349731814,26,2,31,True,False,75,combined
2369 X 3IIH6,60.68175139582721,32.53012048192771,17.777170587740923,4,5,5,0.847206756457852,26,2,32,True,False,75,combined
B14A X MO17,58.762856303261835,40.16064257028113,13.295707449318726,4,5,5,2.258597515793307,26,2,33,True,False,75,combined
PHW52 X PHZ51,57.882260750318345,31.325301204819276,17.643617913246107,4,5,5,3.9624719162209785,25,1,34,True,False,75,combined
B73 X MO17,57.12116759721814,44.97991967871486,11.388544687006167,2,5,5,2.3151455660423634,23,1,35,False,False,75,combined
PHK76 X LH82,57.020276226858655,37.34939759036145,11.97057021466471,4,5,5,1.8848642237798452,24,1,36,True,False,75,combined
LH82 X W606S,55.13468508179058,16.867469879518072,28.308410890532976,3,5,5,3.1831557661478493,26,2,37,False,False,75,combined
LH195 X 3IIH6,54.44901557449309,25.702811244979923,20.453463116916485,2,5,5,-0.3088916038785422,26,2,38,False,False,75,combined
2369 X PHN82,52.225487315114115,39.84229601332158,10.615151048174841,3,5,5,1.0700253594773623,26,2,39,False,False,75,combined
LH185 X W606S,51.976687236751886,7.228915662650603,34.77778395579896,3,5,5,4.675910066597064,13,1,40,False,False,75,combined
PHT69 X 3IIH6,51.690665099422084,36.144578313253014,10.18487453025994,3,5,5,0.8486940925716008,26,2,41,False,False,75,combined
PHN46 X W606S,51.674013125673426,6.024096385542169,26.963992654304118,3,5,5,2.1715153755397183,26,2,42,False,False,75,combined
PHP02 X PHJ89,51.35566656871388,32.28034087569791,15.897500826132562,1,5,5,0.3915779933396257,25,1,43,False,False,75,combined
PHB47 X LH185,51.13037515917328,37.75100401606426,13.659865879928994,2,5,5,-0.43671026970992555,26,2,44,False,False,75,combined
B73 X PHM49,50.769908903908316,16.098540503477324,25.187130235554463,3,5,5,-0.9738198373139626,26,2,45,False,False,75,combined
LH145 X LH162,47.54824174747772,22.89156626506024,24.765039803542027,2,5,5,-0.44293558698968916,26,2,46,False,False,75,combined
LH195 X LH185,47.337643255950624,24.096385542168676,20.252425409508568,2,5,5,1.755049158011166,25,1,47,False,False,75,combined
LH74 X PHN82,46.606915466745036,37.45224801645607,8.561420088729522,1,5,5,-0.5192243254716317,26,2,48,False,False,75,combined
PHP02 X PHN46,46.0231168576746,8.433734939759036,22.644175601905964,3,5,5,-0.7467217382476281,25,1,49,False,False,75,combined
PHB47 X 3IIH6,45.99079243804486,21.686746987951807,22.61939648043645,1,5,5,-1.7850239118271958,26,2,50,False,False,75,combined
4N506 X 3IIH6,45.84582231364483,23.293172690763054,20.618662445016398,1,5,5,-1.7785887039750445,26,2,51,False,False,75,combined
LH195 X PHZ51,45.659712018806935,31.32530120481928,13.935037070164205,1,5,5,-1.484264283389234,26,2,52,False,False,75,combined
LH74 X PHM49,44.62043295131746,26.315016162209815,13.266363100651718,1,5,5,-1.2428140743012421,25,1,53,False,False,75,combined
PHP02 X LH185,44.082672152022724,20.481927710843376,22.741428799421893,2,5,5,-2.229856995161694,26,2,54,False,False,75,combined
PHJ40 X LH82,43.586051523165835,21.285140562248998,15.934526178997325,3,5,5,-0.9254063584206034,26,2,55,False,False,75,combined
B84 X 3IIH6,42.593789793319615,20.08032128514056,22.131549491224792,2,5,5,-2.6277577213839938,26,2,56,False,False,75,combined
PHB47 X PHJ89,39.19874620432951,12.057988049760015,19.567675342811963,1,5,5,-0.2546686782315133,13,1,57,False,False,75,combined
PHK76 X LH198,38.24076794984818,18.914683122734843,15.327905464852824,2,5,5,-1.9657879584172047,26,2,58,False,False,75,combined
LH123HT X 3IIH6,36.74013125673425,24.096385542168676,7.9475040090399665,0,5,5,-3.2193076926016837,25,1,59,False,False,75,combined
LH195 X LH123HT,36.1298853952395,12.048192771084338,16.04399490005478,1,5,5,-4.2437027119499735,26,2,60,False,False,75,combined
LH198 X PHB47,34.89763933783916,14.859437751004016,22.539284790413518,1,5,5,-4.2726584318088605,26,2,61,False,False,75,combined
PHK76 X 3IIH6,34.803604662552644,13.25301204819277,17.852699924805552,2,5,5,-3.585571080074066,26,2,62,False,False,75,combined
LH198 X PHZ51,33.017925359976495,26.535409932412577,6.217597871898703,0,5,5,-3.8707429861466216,26,2,63,False,False,75,combined
2369 X LH123HT,32.85532373396023,17.670682730923694,16.993814718229913,1,5,5,-5.503556743016049,26,2,64,False,False,75,combined
PHK76 X W606S,32.04819277108434,18.072289156626507,15.498886424368608,2,5,5,-3.025417565239698,25,1,65,False,False,75,combined
F42 X OH43,30.607307277892055,14.056224899598392,15.921071193457221,1,5,5,-3.1033162192800035,26,2,66,False,False,75,combined
PHP02 X LH82,30.32422372416495,10.843373493975903,17.130016730805313,1,5,5,-4.883491406089231,26,2,67,False,False,75,combined
2369 X PHP02,28.276030953080614,14.457831325301205,14.696740809383641,1,5,5,-4.352552795074254,26,2,68,False,False,75,combined
2369 X PHZ51,28.202566363013027,11.244979919678714,16.522585248116446,1,5,5,-5.046643951330592,25,1,69,False,False,75,combined
B73 X PHZ51,26.872367518855913,17.670682730923694,8.074641237907347,0,5,5,-5.711835617609603,26,2,70,False,False,75,combined
LH82 X PHB47,26.844940738564013,12.048192771084338,12.57258203729806,0,5,5,-6.276697298526636,26,2,71,False,False,75,combined
B37 X MO17,26.286609854050347,12.851405622489958,11.983460182459996,0,5,5,-4.669146449944272,26,2,72,False,False,75,combined
LH123HT X PHB47,26.210206680380054,5.622489959839357,14.749799973325084,0,5,5,-6.488942764866584,26,2,73,False,False,75,combined
PHK56 X LH145,25.25026937016358,7.228915662650603,11.456636662827815,0,5,5,-6.4888874985531615,13,1,74,False,False,75,combined
LH185 X LH145,24.669409344695854,9.23694779116466,15.543078324318403,1,5,5,-6.661748846764499,13,1,75,False,False,75,combined
PHP02 X PHB47,19.05083749632677,10.843373493975903,8.989268933270628,0,5,5,-7.386393328345361,26,2,76,False,False,75,combined
B105 X 3IIH6,15.8830443726124,4.016064257028113,11.211098475738414,0,5,5,-10.154626412507037,26,2,77,False,False,75,combined
B37 X OH43,14.794788911744538,6.024096385542169,7.094407600334276,0,5,5,-9.838107068422614,26,2,78,False,False,75,combined
PHK76 X LH145,10.455480458419043,3.6144578313253013,6.602103862528736,0,5,5,-12.395073846639983,26,2,79,False,False,75,combined
PHP02 X LH145,8.204525418748165,2.0080321285140563,5.989524491144161,0,5,5,-13.94009708495301,26,2,80,False,False,75,combined
PHZ51 X LH145,6.685277696150456,1.2048192771084338,4.120644508525567,0,5,5,-15.498311122918773,26,2,81,False,False,75,combined
B37 X H95,6.37182877852875,0.8032128514056226,6.734765205583414,0,5,5,-18.12750206567084,25,1,82,False,False,75,combined
LH195 X PHM49,5.494171809187971,0.0,5.698223014888976,0,5,5,-20.159131791830465,26,2,83,False,False,75,combined
WF9 X H95,2.169654226662749,0.4016064257028113,2.0089732103807307,0,5,5,-20.64515777745739,25,1,84,False,False,75,combined
SYNGENTA NK0760-3111,96.54520521108826,91.96297384660595,3.1900706811959814,5,5,5,16.578122781886847,64,2,1,True,True,75,combined_uav
HOEGEMEYER 8065RR,92.7622685865413,78.3132530120482,7.46411572842825,5,5,5,13.384985909385714,25,1,2,True,True,75,combined_uav
PIONEER P0589 AMXT,87.37094720344794,73.49397590361446,8.78069105128004,5,5,5,10.92614352490909,26,2,3,True,True,75,combined_uav
HOEGEMEYER 7089 AMXT,83.44597903810363,70.24194338328925,10.798968447831996,5,5,5,10.423306842789959,26,2,4,True,True,75,combined_uav
PIONEER 1311 AMXT,83.11685767460084,48.59437751004017,18.019933714171863,4,5,5,10.361234124342243,26,2,5,True,True,75,combined_uav
PHK56 X LH185,82.85140562248996,63.855421686746986,12.77815469461052,5,5,5,6.927164351683942,24,2,6,True,False,75,combined_uav
PHK56 X W606S,81.18033108041924,68.55225781173475,9.761430203222304,5,5,5,8.017638909906056,25,1,7,True,False,75,combined_uav
PHW52 X PHN82,80.75521598589481,55.18170241943383,14.889384098414112,5,5,5,10.275187532914831,26,2,8,True,False,75,combined_uav
PHW52 X PHM49,79.25751787638357,71.48594377510041,7.080859461607566,5,5,5,6.849530586880012,25,1,9,True,False,75,combined_uav
PHG39 X PHN82,78.89705162111862,55.93104123812322,12.700491397059315,5,5,5,8.735426400405403,13,1,10,True,False,75,combined_uav
2FACC X 3IIH6,74.74875110196885,67.8714859437751,4.882667290616691,5,5,5,5.124152933586028,26,2,11,True,False,75,combined_uav
PHK56 X PHJ89,73.61543735919287,54.020961896365954,13.164619276405606,5,5,5,4.527728998340147,26,2,12,True,False,75,combined_uav
PHN46 X PHB47,72.27838181996277,44.17670682730924,17.92819406718386,4,5,5,5.993141453729604,26,2,13,True,False,75,combined_uav
PHK56 X LH82,69.37995885982956,41.76706827309237,19.008867305912407,4,5,5,4.4218950048480625,26,2,14,True,False,75,combined_uav
PHG39 X PHM49,66.78714859437751,53.41365461847389,14.270088480281998,5,5,5,3.8643779968253824,26,2,15,True,False,75,combined_uav
LH185 X W606S,66.52169654226662,4.819277108433735,36.489002838867364,3,5,5,6.141990938599119,13,1,16,False,False,75,combined_uav
PHP02 X PHG47,66.26506024096386,29.317269076305223,25.821762900688366,3,5,5,2.436097820464448,25,1,17,False,False,75,combined_uav
F42 X MO17,65.566656871388,40.963855421686745,17.098475724576787,4,5,5,3.8641116665497512,25,1,18,True,False,75,combined_uav
B73 X PHN82,65.2679008717798,47.791164658634536,14.810174233975456,4,5,5,3.806121043379335,25,1,19,True,False,75,combined_uav
PHW52 X PHZ51,65.17680478009599,39.75903614457831,13.675491759655568,4,5,5,4.1349511300807755,25,1,20,True,False,75,combined_uav
N209 X 3IIH6,64.95347242629052,41.76706827309237,14.378214738402383,4,5,5,3.8216637641696707,26,2,21,True,False,75,combined_uav
PHB47 X PHK56,64.60574003330395,38.554216867469876,14.932832916189927,4,5,5,3.0883861314170757,26,2,22,True,False,75,combined_uav
PHK56 X 3IIH6,64.15613674209031,32.93172690763053,16.986592483547064,4,5,5,1.5393727915205953,25,1,23,True,False,75,combined_uav
PHP02 X W606S,63.54295229699286,16.911548633558628,23.40046079589367,4,5,5,3.767194188117299,26,2,24,True,False,75,combined_uav
2369 X 3IIH6,63.348026251346845,30.923694779116463,17.98299459201636,4,5,5,1.4625170002932462,26,2,25,True,False,75,combined_uav
LH185 X LH82,62.83475364874131,25.82035458908806,20.845795934288844,4,5,5,3.933471448432873,24,1,26,True,False,75,combined_uav
PHK56 X LH198,62.77304339308453,27.921441865021063,19.989809124079688,4,5,5,3.698284056258879,26,2,27,True,False,75,combined_uav
PHP02 X PHK56,61.94632187285729,44.57831325301205,15.676878964569354,3,5,5,3.820380694078306,26,2,28,False,False,75,combined_uav
B73 X 3IIH6,61.77490449603291,30.962875893819177,15.47912480543491,4,5,5,3.1351174935975883,26,2,29,True,False,75,combined_uav
PHN46 X PHK56,59.1536879224214,26.104417670682732,21.827347650310234,4,5,5,0.7209017202749254,26,2,30,True,False,75,combined_uav
PHP02 X PHK76,58.95386423743755,43.373493975903614,17.87331656585851,2,5,5,1.1082858145607815,26,2,31,False,False,75,combined_uav
PHP02 X LH198,58.898031148986185,36.54618473895582,11.47731591119702,4,5,5,1.9531056756641276,26,2,32,True,False,75,combined_uav
PHK76 X LH82,58.70800274267803,45.381526104417674,11.24572989902049,3,5,5,1.207582466641326,24,1,33,False,False,75,combined_uav
PHN46 X W606S,58.61102948378881,9.63855421686747,26.842959664531765,4,5,5,0.9888018833074028,26,2,34,True,False,75,combined_uav
B73 X MO17,57.47281810167499,27.710843373493976,20.487582146175512,3,5,5,1.6728295702705895,23,1,35,False,False,75,combined_uav
PHW52 X LH185,56.813595846801846,28.91566265060241,17.058791074122563,3,5,5,2.6429055697533936,26,2,36,False,False,75,combined_uav
LH82 X PHJ89,56.45215006366931,39.75903614457831,11.420090876370294,3,5,5,1.7482582393772321,26,2,37,False,False,75,combined_uav
LH82 X W606S,53.69379958859829,25.301204819277107,23.391408177070446,2,5,5,2.2928355718752433,26,2,38,False,False,75,combined_uav
PHB47 X 3IIH6,52.98266235674405,39.3574297188755,16.478601712119566,2,5,5,-0.15340115942962682,26,2,39,False,False,75,combined_uav
B14A X MO17,52.856303261827804,28.5140562248996,16.07821711846176,2,5,5,1.269102892481024,26,2,40,False,False,75,combined_uav
PHK76 X 3IIH6,51.289058673719275,25.702811244979916,15.47537239350625,3,5,5,-0.4936430834147587,26,2,41,False,False,75,combined_uav
PHP02 X PHN46,49.78744245273778,20.481927710843372,18.68222705465093,3,5,5,0.3795335350128634,25,1,42,False,False,75,combined_uav
B73 X PHM49,49.11156822411597,23.694779116465867,13.127301095126516,4,5,5,-0.4514298727670479,26,2,43,True,False,75,combined_uav
2369 X PHN82,48.318150651386034,26.50602409638554,15.351150490228024,3,5,5,0.3990884573185278,26,2,44,False,False,75,combined_uav
PHP02 X PHJ89,47.22499755118033,32.53012048192771,9.547257484172409,3,5,5,0.0660673999710828,25,1,45,False,False,75,combined_uav
LH195 X PHZ51,47.06239592516407,17.670682730923694,16.247611067395017,3,5,5,-0.7709403887423264,26,2,46,False,False,75,combined_uav
PHK76 X W606S,46.50308551278284,23.293172690763054,16.55013195332365,3,5,5,-1.1522159060128245,25,1,47,False,False,75,combined_uav
LH195 X LH185,45.76843961210697,16.867469879518072,27.08020642404688,2,5,5,0.10336491564923263,25,1,48,False,False,75,combined_uav
B84 X 3IIH6,45.67538446468802,30.522088353413654,12.679295671416854,2,5,5,-1.14928275445788,26,2,49,False,False,75,combined_uav
LH145 X LH162,45.17092761289059,31.325301204819276,12.337738900598847,2,5,5,-0.7586919132866929,26,2,50,False,False,75,combined_uav
LH74 X PHN82,44.867273973944556,28.91566265060241,9.95925921496136,2,5,5,-0.7991424523423518,26,2,51,False,False,75,combined_uav
LH123HT X 3IIH6,44.37555098442551,21.686746987951807,19.101833597613126,2,5,5,-1.439849930988844,25,1,52,False,False,75,combined_uav
PHB47 X LH185,43.40483886766579,31.08041923792732,14.513421364258145,2,5,5,-1.142027937834652,26,2,53,False,False,75,combined_uav
2369 X LH123HT,43.32255852679008,10.04016064257028,19.468052076277303,2,5,5,-1.4711953127325414,26,2,54,False,False,75,combined_uav
PHK76 X LH198,42.668233911254774,16.554020961896367,16.273946859108747,2,5,5,-0.40866602536166197,26,2,55,False,False,75,combined_uav
LH195 X LH123HT,41.59663042413557,24.899598393574298,19.572734178600648,1,5,5,-2.2323678919999956,26,2,56,False,False,75,combined_uav
LH195 X 3IIH6,41.21167597218141,21.686746987951807,10.725818341854092,1,5,5,-1.97372631032509,26,2,57,False,False,75,combined_uav
PHJ40 X LH82,41.19992163777059,15.662650602409638,15.957311806576428,1,5,5,-1.353462418463107,26,2,58,False,False,75,combined_uav
LH74 X PHM49,40.57890096973259,14.54109119404447,15.079327305658877,2,5,5,-1.5056018935584876,25,1,59,False,False,75,combined_uav
PHB47 X PHJ89,40.549515133705555,10.843373493975903,22.88145641153117,2,5,5,-1.3644278660112206,13,1,60,False,False,75,combined_uav
F42 X OH43,40.189048878440595,13.253012048192772,16.08691962120758,1,5,5,-1.2180888775111225,26,2,61,False,False,75,combined_uav
4N506 X 3IIH6,39.41620139092957,22.48995983935743,17.941967858864803,1,5,5,-1.7823203105593564,26,2,62,False,False,75,combined_uav
LH198 X PHB47,39.29767851895386,23.396023116857673,20.45313915291554,1,5,5,-1.6387586113958759,26,2,63,False,False,75,combined_uav
PHT69 X 3IIH6,37.111372318542465,28.528749142913114,9.621194569786194,1,5,5,-1.4029195326769894,26,2,64,False,False,75,combined_uav
PHP02 X LH185,36.59516113233421,18.072289156626507,12.786599355459924,1,5,5,-2.212791321970996,26,2,65,False,False,75,combined_uav
2369 X PHP02,34.813399941228326,12.048192771084338,13.350758004205655,1,5,5,-2.226826302975968,26,2,66,False,False,75,combined_uav
B37 X MO17,31.46341463414634,13.253012048192772,12.615156984278848,0,5,5,-3.7902382877214107,26,2,67,False,False,75,combined_uav
LH82 X PHB47,31.409540601430116,7.6305220883534135,13.72943605970514,0,5,5,-5.070674254180764,26,2,68,False,False,75,combined_uav
LH123HT X PHB47,30.956998726613772,24.096385542168676,9.690477857413722,0,5,5,-3.556323079634029,26,2,69,False,False,75,combined_uav
LH198 X PHZ51,30.059751199921642,14.457831325301205,11.364918463623457,0,5,5,-3.728561141399941,26,2,70,False,False,75,combined_uav
LH185 X LH145,28.75599960818885,5.220883534136546,22.421772372228414,1,5,5,-6.517612600043681,13,1,71,False,False,75,combined_uav
PHP02 X LH82,24.589088059555294,8.835341365461849,13.68693893279158,0,5,5,-5.319465340461144,26,2,72,False,False,75,combined_uav
B73 X PHZ51,23.99941228327946,5.220883534136546,9.960416383587047,0,5,5,-5.457035534165918,26,2,73,False,False,75,combined_uav
PHK56 X LH145,22.811244979919678,12.449799196787149,12.287844117116874,0,5,5,-5.977195216322377,13,1,74,False,False,75,combined_uav
2369 X PHZ51,22.424331472230385,8.105593104123813,12.015657823383592,0,5,5,-4.936533644278451,25,1,75,False,False,75,combined_uav
B37 X OH43,21.893427368008624,1.6064257028112452,17.39574932167298,0,5,5,-9.06832872483863,26,2,76,False,False,75,combined_uav
B105 X 3IIH6,21.658340679792342,7.228915662650603,17.163536619947624,1,5,5,-8.163694286207972,26,2,77,False,False,75,combined_uav
PHP02 X PHB47,19.931433049270254,8.433734939759036,11.023407302335595,0,5,5,-5.43765412932358,26,2,78,False,False,75,combined_uav
PHZ51 X LH145,9.101772945440297,1.2048192771084338,5.546191623378086,0,5,5,-13.43043697484207,26,2,79,False,False,75,combined_uav
LH195 X PHM49,8.206484474483299,0.0,10.098588191405705,0,5,5,-17.278675004658282,26,2,80,False,False,75,combined_uav
PHK76 X LH145,7.803898520912921,3.6144578313253013,3.4368052622397736,0,5,5,-12.677270460739248,26,2,81,False,False,75,combined_uav
PHP02 X LH145,5.9457341561367425,3.2128514056224904,2.7667041622097255,0,5,5,-15.017420178999549,26,2,82,False,False,75,combined_uav
B37 X H95,5.632285238515036,1.2048192771084338,6.539693669288486,0,5,5,-16.916438312826998,25,1,83,False,False,75,combined_uav
WF9 X H95,2.7368008619845234,0.0,3.049549497218449,0,5,5,-19.78263529220453,25,1,84,False,False,75,combined_uav
2369 X 3IIH6,50.0,50.0,0.0,0,5,5,9.473903143468004e-16,26,2,1,False,False,75,mean
2369 X LH123HT,50.0,50.0,0.0,0,5,5,9.473903143468004e-16,26,2,2,False,False,75,mean
2369 X PHN82,50.0,50.0,0.0,0,5,5,9.473903143468004e-16,26,2,3,False,False,75,mean
2369 X PHP02,50.0,50.0,0.0,0,5,5,9.473903143468004e-16,26,2,4,False,False,75,mean
2369 X PHZ51,50.0,50.0,0.0,0,5,5,9.473903143468004e-16,25,1,5,False,False,75,mean
2FACC X 3IIH6,50.0,50.0,0.0,0,5,5,9.473903143468004e-16,26,2,6,False,False,75,mean
4N506 X 3IIH6,50.0,50.0,0.0,0,5,5,9.473903143468004e-16,26,2,7,False,False,75,mean
B105 X 3IIH6,50.0,50.0,0.0,0,5,5,9.473903143468004e-16,26,2,8,False,False,75,mean
B14A X MO17,50.0,50.0,0.0,0,5,5,9.473903143468004e-16,26,2,9,False,False,75,mean
B37 X H95,50.0,50.0,0.0,0,5,5,9.473903143468004e-16,25,1,10,False,False,75,mean
B37 X MO17,50.0,50.0,0.0,0,5,5,9.473903143468004e-16,26,2,11,False,False,75,mean
B37 X OH43,50.0,50.0,0.0,0,5,5,9.473903143468004e-16,26,2,12,False,False,75,mean
B73 X 3IIH6,50.0,50.0,0.0,0,5,5,9.473903143468004e-16,26,2,13,False,False,75,mean
B73 X MO17,50.0,50.0,0.0,0,5,5,9.473903143468004e-16,23,1,14,False,False,75,mean
B73 X PHM49,50.0,50.0,0.0,0,5,5,9.473903143468004e-16,26,2,15,False,False,75,mean
B73 X PHN82,50.0,50.0,0.0,0,5,5,9.473903143468004e-16,25,1,16,False,False,75,mean
B73 X PHZ51,50.0,50.0,0.0,0,5,5,9.473903143468004e-16,26,2,17,False,False,75,mean
B84 X 3IIH6,50.0,50.0,0.0,0,5,5,9.473903143468004e-16,26,2,18,False,False,75,mean
F42 X MO17,50.0,50.0,0.0,0,5,5,9.473903143468004e-16,25,1,19,False,False,75,mean
F42 X OH43,50.0,50.0,0.0,0,5,5,9.473903143468004e-16,26,2,20,False,False,75,mean
HOEGEMEYER 7089 AMXT,50.0,50.0,0.0,0,5,5,9.473903143468004e-16,26,2,21,False,False,75,mean
HOEGEMEYER 8065RR,50.0,50.0,0.0,0,5,5,9.473903143468004e-16,25,1,22,False,False,75,mean
LH123HT X 3IIH6,50.0,50.0,0.0,0,5,5,9.473903143468004e-16,25,1,23,False,False,75,mean
LH123HT X PHB47,50.0,50.0,0.0,0,5,5,9.473903143468004e-16,26,2,24,False,False,75,mean
LH145 X LH162,50.0,50.0,0.0,0,5,5,9.473903143468004e-16,26,2,25,False,False,75,mean
LH185 X LH145,50.0,50.0,0.0,0,5,5,9.473903143468004e-16,13,1,26,False,False,75,mean
LH185 X LH82,50.0,50.0,0.0,0,5,5,9.473903143468004e-16,24,1,27,False,False,75,mean
LH185 X W606S,50.0,50.0,0.0,0,5,5,9.473903143468004e-16,13,1,28,False,False,75,mean
LH195 X 3IIH6,50.0,50.0,0.0,0,5,5,9.473903143468004e-16,26,2,29,False,False,75,mean
LH195 X LH123HT,50.0,50.0,0.0,0,5,5,9.473903143468004e-16,26,2,30,False,False,75,mean
LH195 X LH185,50.0,50.0,0.0,0,5,5,9.473903143468004e-16,25,1,31,False,False,75,mean
LH195 X PHM49,50.0,50.0,0.0,0,5,5,9.473903143468004e-16,26,2,32,False,False,75,mean
LH195 X PHZ51,50.0,50.0,0.0,0,5,5,9.473903143468004e-16,26,2,33,False,False,75,mean
LH198 X PHB47,50.0,50.0,0.0,0,5,5,9.473903143468004e-16,26,2,34,False,False,75,mean
LH198 X PHZ51,50.0,50.0,0.0,0,5,5,9.473903143468004e-16,26,2,35,False,False,75,mean
LH74 X PHM49,50.0,50.0,0.0,0,5,5,9.473903143468004e-16,25,1,36,False,False,75,mean
LH74 X PHN82,50.0,50.0,0.0,0,5,5,9.473903143468004e-16,26,2,37,False,False,75,mean
LH82 X PHB47,50.0,50.0,0.0,0,5,5,9.473903143468004e-16,26,2,38,False,False,75,mean
LH82 X PHJ89,50.0,50.0,0.0,0,5,5,9.473903143468004e-16,26,2,39,False,False,75,mean
LH82 X W606S,50.0,50.0,0.0,0,5,5,9.473903143468004e-16,26,2,40,False,False,75,mean
N209 X 3IIH6,50.0,50.0,0.0,0,5,5,9.473903143468004e-16,26,2,41,False,False,75,mean
PHB47 X 3IIH6,50.0,50.0,0.0,0,5,5,9.473903143468004e-16,26,2,42,False,False,75,mean
PHB47 X LH185,50.0,50.0,0.0,0,5,5,9.473903143468004e-16,26,2,43,False,False,75,mean
PHB47 X PHJ89,50.0,50.0,0.0,0,5,5,9.473903143468004e-16,13,1,44,False,False,75,mean
PHB47 X PHK56,50.0,50.0,0.0,0,5,5,9.473903143468004e-16,26,2,45,False,False,75,mean
PHG39 X PHM49,50.0,50.0,0.0,0,5,5,9.473903143468004e-16,26,2,46,False,False,75,mean
PHG39 X PHN82,50.0,50.0,0.0,0,5,5,9.473903143468004e-16,13,1,47,False,False,75,mean
PHJ40 X LH82,50.0,50.0,0.0,0,5,5,9.473903143468004e-16,26,2,48,False,False,75,mean
PHK56 X 3IIH6,50.0,50.0,0.0,0,5,5,9.473903143468004e-16,25,1,49,False,False,75,mean
PHK56 X LH145,50.0,50.0,0.0,0,5,5,9.473903143468004e-16,13,1,50,False,False,75,mean
PHK56 X LH185,50.0,50.0,0.0,0,5,5,0.0,24,2,51,False,False,75,mean
PHK56 X LH198,50.0,50.0,0.0,0,5,5,9.473903143468004e-16,26,2,52,False,False,75,mean
PHK56 X LH82,50.0,50.0,0.0,0,5,5,9.473903143468004e-16,26,2,53,False,False,75,mean
PHK56 X PHJ89,50.0,50.0,0.0,0,5,5,9.473903143468004e-16,26,2,54,False,False,75,mean
PHK56 X W606S,50.0,50.0,0.0,0,5,5,9.473903143468004e-16,25,1,55,False,False,75,mean
PHK76 X 3IIH6,50.0,50.0,0.0,0,5,5,9.473903143468004e-16,26,2,56,False,False,75,mean
PHK76 X LH145,50.0,50.0,0.0,0,5,5,9.473903143468004e-16,26,2,57,False,False,75,mean
PHK76 X LH198,50.0,50.0,0.0,0,5,5,9.473903143468004e-16,26,2,58,False,False,75,mean
PHK76 X LH82,50.0,50.0,0.0,0,5,5,9.473903143468004e-16,24,1,59,False,False,75,mean
PHK76 X W606S,50.0,50.0,0.0,0,5,5,9.473903143468004e-16,25,1,60,False,False,75,mean
PHN46 X PHB47,50.0,50.0,0.0,0,5,5,9.473903143468004e-16,26,2,61,False,False,75,mean
PHN46 X PHK56,50.0,50.0,0.0,0,5,5,9.473903143468004e-16,26,2,62,False,False,75,mean
PHN46 X W606S,50.0,50.0,0.0,0,5,5,9.473903143468004e-16,26,2,63,False,False,75,mean
PHP02 X LH145,50.0,50.0,0.0,0,5,5,9.473903143468004e-16,26,2,64,False,False,75,mean
PHP02 X LH185,50.0,50.0,0.0,0,5,5,9.473903143468004e-16,26,2,65,False,False,75,mean
PHP02 X LH198,50.0,50.0,0.0,0,5,5,9.473903143468004e-16,26,2,66,False,False,75,mean
PHP02 X LH82,50.0,50.0,0.0,0,5,5,9.473903143468004e-16,26,2,67,False,False,75,mean
PHP02 X PHB47,50.0,50.0,0.0,0,5,5,9.473903143468004e-16,26,2,68,False,False,75,mean
PHP02 X PHG47,50.0,50.0,0.0,0,5,5,9.473903143468004e-16,25,1,69,False,False,75,mean
PHP02 X PHJ89,50.0,50.0,0.0,0,5,5,9.473903143468004e-16,25,1,70,False,False,75,mean
PHP02 X PHK56,50.0,50.0,0.0,0,5,5,9.473903143468004e-16,26,2,71,False,False,75,mean
PHP02 X PHK76,50.0,50.0,0.0,0,5,5,9.473903143468004e-16,26,2,72,False,False,75,mean
PHP02 X PHN46,50.0,50.0,0.0,0,5,5,9.473903143468004e-16,25,1,73,False,False,75,mean
PHP02 X W606S,50.0,50.0,0.0,0,5,5,9.473903143468004e-16,26,2,74,False,False,75,mean
PHT69 X 3IIH6,50.0,50.0,0.0,0,5,5,9.473903143468004e-16,26,2,75,False,False,75,mean
PHW52 X LH185,50.0,50.0,0.0,0,5,5,9.473903143468004e-16,26,2,76,False,False,75,mean
PHW52 X PHM49,50.0,50.0,0.0,0,5,5,9.473903143468004e-16,25,1,77,False,False,75,mean
PHW52 X PHN82,50.0,50.0,0.0,0,5,5,9.473903143468004e-16,26,2,78,False,False,75,mean
PHW52 X PHZ51,50.0,50.0,0.0,0,5,5,9.473903143468004e-16,25,1,79,False,False,75,mean
PHZ51 X LH145,50.0,50.0,0.0,0,5,5,9.473903143468004e-16,26,2,80,False,False,75,mean
PIONEER 1311 AMXT,50.0,50.0,0.0,0,5,5,9.473903143468004e-16,26,2,81,False,False,75,mean
PIONEER P0589 AMXT,50.0,50.0,0.0,0,5,5,9.473903143468004e-16,26,2,82,False,False,75,mean
SYNGENTA NK0760-3111,50.0,50.0,0.0,0,5,5,3.789561257387201e-15,64,2,83,False,False,75,mean
WF9 X H95,50.0,50.0,0.0,0,5,5,9.473903143468004e-16,25,1,84,False,False,75,mean
PIONEER P0589 AMXT,98.07130962875894,96.3855421686747,0.9631224880281528,5,5,5,6.311172492345408,26,2,1,True,True,75,ridge_agronomy
HOEGEMEYER 7089 AMXT,97.83132530120483,96.3855421686747,1.4050486493603123,5,5,5,6.252249186384526,26,2,2,True,True,75,ridge_agronomy
HOEGEMEYER 8065RR,97.588402390048,96.3855421686747,0.7620046901393257,5,5,5,6.287324092809914,25,1,3,True,True,75,ridge_agronomy
PIONEER 1311 AMXT,94.93682045254188,92.7710843373494,1.1768871410437547,5,5,5,4.2471407132068055,26,2,4,True,True,75,ridge_agronomy
SYNGENTA NK0760-3111,94.91918895092564,74.59594475462826,10.161622098148694,5,5,5,7.197844771599708,64,2,5,True,True,75,ridge_agronomy
PHW52 X PHN82,94.21294935840925,92.7710843373494,0.8974399896922152,5,5,5,3.553473293998058,26,2,6,True,False,75,ridge_agronomy
PHK56 X LH82,90.11558428837301,85.5421686746988,3.519650132649932,5,5,5,2.503970562962034,26,2,7,True,False,75,ridge_agronomy
PHK56 X LH198,90.10676853756488,83.06396316975218,3.5521845793534808,5,5,5,2.4933869367207966,26,2,8,True,False,75,ridge_agronomy
PHP02 X PHK56,89.63071799392692,85.5421686746988,2.0980343652346716,5,5,5,2.380098034746158,26,2,9,True,False,75,ridge_agronomy
B73 X PHN82,89.14585169948086,83.13253012048193,3.966050637808398,5,5,5,2.3568363522718108,25,1,10,True,False,75,ridge_agronomy
N209 X 3IIH6,88.9068468997943,87.95180722891567,0.8994178283303483,5,5,5,2.2881074253868072,26,2,11,True,False,75,ridge_agronomy
PHB47 X PHK56,85.28847095699874,83.13253012048193,1.4139863918918727,5,5,5,1.8555008563200701,26,2,12,True,False,75,ridge_agronomy
LH185 X LH82,84.81242041336075,79.51807228915662,4.340091120586405,5,5,5,1.8732108826205145,24,1,13,True,False,75,ridge_agronomy
PHP02 X W606S,81.66421784699774,72.17651092173573,5.859573365222654,5,5,5,1.6539833870633314,26,2,14,True,False,75,ridge_agronomy
PHG39 X PHN82,80.71701439905965,67.46987951807229,9.040363208480837,5,5,5,1.6437753523485132,13,1,15,True,False,75,ridge_agronomy
PHW52 X PHM49,77.82153002252915,71.08433734939759,6.4773664951274315,5,5,5,1.396088035396392,25,1,16,True,False,75,ridge_agronomy
2FACC X 3IIH6,76.91938485649916,64.11499657165247,6.603101613648363,5,5,5,1.3994366630045196,26,2,17,True,False,75,ridge_agronomy
LH82 X PHJ89,76.61475168968556,67.46987951807229,6.521177186445595,5,5,5,1.270232534351768,26,2,18,True,False,75,ridge_agronomy
PHK56 X W606S,75.64697815652855,62.650602409638545,7.112660429441328,5,5,5,1.2596769577453624,25,1,19,True,False,75,ridge_agronomy
PHP02 X PHJ89,74.26584386325791,60.48584582231365,9.402494888803918,5,5,5,1.2976286319843369,25,1,20,True,False,75,ridge_agronomy
PHK56 X PHJ89,73.95925164070918,66.26506024096386,6.567492935256147,5,5,5,1.208859870309872,26,2,21,True,False,75,ridge_agronomy
PHP02 X LH198,73.3039474973063,62.905279655206186,5.364231595594308,5,5,5,1.2037625910264103,26,2,22,True,False,75,ridge_agronomy
2369 X 3IIH6,71.37525712606524,61.69556273875992,5.372855986089044,5,5,5,1.0945612170097732,26,2,23,True,False,75,ridge_agronomy
PHK56 X LH185,70.12048192771084,53.01204819277108,10.005079273265876,5,5,5,1.0964385082629695,24,2,24,True,False,75,ridge_agronomy
PHW52 X LH185,69.21148006660789,59.03614457831325,10.002236045996044,5,5,5,0.9036175151497033,26,2,25,True,False,75,ridge_agronomy
B73 X 3IIH6,68.71485943775102,49.5983935742972,14.762737562798398,4,5,5,1.1017256431230735,26,2,26,True,False,75,ridge_agronomy
PHP02 X PHG47,67.28181016749927,56.626506024096386,7.809019290857081,5,5,5,0.8161248134381722,25,1,27,True,False,75,ridge_agronomy
LH82 X W606S,66.2454696836125,37.34939759036145,14.624585281574387,4,5,5,0.749246096268069,26,2,28,True,False,75,ridge_agronomy
PHN46 X PHB47,66.07111372318542,58.066411989421105,5.116633550986135,5,5,5,0.7590037723323543,26,2,29,True,False,75,ridge_agronomy
LH195 X LH185,65.52747575668528,48.19277108433735,11.449516674959654,4,5,5,0.6475590779789252,25,1,30,True,False,75,ridge_agronomy
PHG39 X PHM49,61.984523459692426,55.42168674698795,5.121733823028204,5,5,5,0.5015038204786706,26,2,31,True,False,75,ridge_agronomy
F42 X MO17,61.72788715838966,50.808110490743466,8.23662705655114,5,5,5,0.4908930816945992,25,1,32,True,False,75,ridge_agronomy
PHP02 X PHK76,61.00695464785973,51.80722891566265,9.252268695382263,5,5,5,0.5865291754167775,26,2,33,True,False,75,ridge_agronomy
2369 X PHN82,59.08120286022138,44.57831325301205,10.895537467037027,4,5,5,0.42566659836036963,26,2,34,True,False,75,ridge_agronomy
PHJ40 X LH82,58.053678127142724,28.91566265060241,15.895983217340273,4,5,5,0.273150844409489,26,2,35,True,False,75,ridge_agronomy
PHK76 X LH82,57.877363110980504,51.80722891566265,5.642030860351133,5,5,5,0.40983280073137535,24,1,36,True,False,75,ridge_agronomy
LH185 X W606S,55.70085218924478,47.17895974140464,5.348561213511699,4,5,5,0.25259051983886943,13,1,37,True,False,75,ridge_agronomy
B73 X MO17,54.49995102360661,39.75903614457831,8.278350644784474,4,5,5,0.19317734521223429,23,1,38,True,False,75,ridge_agronomy
LH195 X 3IIH6,54.494073856401215,44.7595259085121,9.703866533543676,3,5,5,0.2776631237211352,26,2,39,False,False,75,ridge_agronomy
PHB47 X LH185,53.04143402879812,36.29150749338819,11.076441183485832,3,5,5,0.11384750020221332,26,2,40,False,False,75,ridge_agronomy
PHT69 X 3IIH6,52.82495837006563,44.57831325301205,8.550790413458902,2,5,5,0.07847758983039672,26,2,41,False,False,75,ridge_agronomy
PHN46 X W606S,50.16847879322167,38.55421686746988,6.73362937110699,3,5,5,0.03526095456810907,26,2,42,False,False,75,ridge_agronomy
PHP02 X PHN46,50.15770398667842,45.783132530120476,4.035942956465622,2,5,5,0.06941695464107292,25,1,43,False,False,75,ridge_agronomy
PHN46 X PHK56,49.37995885982956,27.710843373493976,18.839090568351246,2,5,5,-0.07676308081219596,26,2,44,False,False,75,ridge_agronomy
B73 X PHM49,47.505142521304734,18.072289156626507,19.00578645877376,2,5,5,-0.10789572827806777,26,2,45,False,False,75,ridge_agronomy
LH145 X LH162,46.00254677245567,26.50602409638554,15.844434886132987,2,5,5,-0.17209463971233802,26,2,46,False,False,75,ridge_agronomy
2369 X PHP02,44.845724360858064,32.66235674404937,6.698851796816257,1,5,5,-0.28053069266713304,26,2,47,False,False,75,ridge_agronomy
B14A X MO17,44.63414634146341,36.144578313253014,12.254987263140196,1,5,5,-0.22381615947303574,26,2,48,False,False,75,ridge_agronomy
LH74 X PHN82,44.622392007052596,36.144578313253014,6.305559532086166,1,5,5,-0.22276893565331238,26,2,49,False,False,75,ridge_agronomy
PHW52 X PHZ51,42.448819668919576,33.734939759036145,6.246081704915053,1,5,5,-0.2628373808943446,25,1,50,False,False,75,ridge_agronomy
PHK56 X 3IIH6,41.95807620726809,25.301204819277107,11.300343950835213,1,5,5,-0.40029344912068393,25,1,51,False,False,75,ridge_agronomy
PHK76 X LH198,41.23910275247331,37.34939759036145,2.471720521092313,0,5,5,-0.3462287612070275,26,2,52,False,False,75,ridge_agronomy
4N506 X 3IIH6,39.549417180918795,20.481927710843372,11.10272710794208,1,5,5,-0.529415892350875,26,2,53,False,False,75,ridge_agronomy
LH74 X PHM49,38.34165932020766,33.734939759036145,5.338068844309656,0,5,5,-0.6665665944982356,25,1,54,False,False,75,ridge_agronomy
LH195 X PHZ51,34.49015574493094,27.710843373493976,5.122816873658423,0,5,5,-0.8076019536069532,26,2,55,False,False,75,ridge_agronomy
F42 X OH43,33.75942795572534,21.686746987951807,11.42227778172111,1,5,5,-0.9494662640346239,26,2,56,False,False,75,ridge_agronomy
2369 X PHZ51,32.54775198354393,18.072289156626507,12.2949101815427,1,5,5,-0.9238003116480911,25,1,57,False,False,75,ridge_agronomy
PHP02 X LH185,31.599569007738268,25.301204819277107,5.250894330226647,0,5,5,-0.9859280822116361,26,2,58,False,False,75,ridge_agronomy
LH198 X PHZ51,31.58683514545989,22.891566265060238,7.186987341543333,0,5,5,-0.9874587342277442,26,2,59,False,False,75,ridge_agronomy
PHB47 X PHJ89,31.352727985111176,21.686746987951807,8.92649372634597,0,5,5,-0.935007526720056,13,1,60,False,False,75,ridge_agronomy
B84 X 3IIH6,30.618082084435304,19.355470663140366,5.999482728012679,0,5,5,-0.9849764769896978,26,2,61,False,False,75,ridge_agronomy
LH185 X LH145,29.662062885689096,15.662650602409636,9.892594069907801,0,5,5,-1.1511339420408162,13,1,62,False,False,75,ridge_agronomy
PHK56 X LH145,25.56763639925556,18.072289156626507,4.371471224823354,0,5,5,-1.2462666143987382,13,1,63,False,False,75,ridge_agronomy
PHB47 X 3IIH6,24.83005191497698,13.306886080909,9.275435039057193,0,5,5,-1.365013416607837,26,2,64,False,False,75,ridge_agronomy
B73 X PHZ51,23.636007444411796,16.867469879518072,3.559243600766932,0,5,5,-1.390814639951893,26,2,65,False,False,75,ridge_agronomy
LH198 X PHB47,23.152120677833285,19.27710843373494,3.6118612825512004,0,5,5,-1.475194013840829,26,2,66,False,False,75,ridge_agronomy
PHK76 X W606S,22.191203839749242,9.63855421686747,7.734661177911465,0,5,5,-1.552741561290874,25,1,67,False,False,75,ridge_agronomy
LH195 X LH123HT,21.460476050543637,10.843373493975903,7.853749378601805,0,5,5,-1.6146140161327847,26,2,68,False,False,75,ridge_agronomy
LH123HT X 3IIH6,21.216573611519244,13.25301204819277,10.892200138359549,0,5,5,-1.7626596804253025,25,1,69,False,False,75,ridge_agronomy
PHK76 X 3IIH6,17.607013419531786,10.843373493975903,3.635901362529508,0,5,5,-1.751176242629501,26,2,70,False,False,75,ridge_agronomy
PHP02 X LH82,17.12704476442355,12.048192771084338,3.7926453840202403,0,5,5,-1.8474371637756295,26,2,71,False,False,75,ridge_agronomy
LH123HT X PHB47,16.875306102458616,9.677735331570183,6.975697650887133,0,5,5,-1.9054007619674418,26,2,72,False,False,75,ridge_agronomy
2369 X LH123HT,15.430502497796061,9.63855421686747,6.249355246423098,0,5,5,-2.0923385741961797,26,2,73,False,False,75,ridge_agronomy
PHP02 X PHB47,14.471544715447152,12.048192771084338,1.7233745490956833,0,5,5,-2.107349393211301,26,2,74,False,False,75,ridge_agronomy
LH82 X PHB47,13.744735037711823,9.63855421686747,4.730737913849221,0,5,5,-2.154346545613258,26,2,75,False,False,75,ridge_agronomy
B37 X MO17,12.301890488784405,8.433734939759036,2.5895582436026108,0,5,5,-2.44119471316849,26,2,76,False,False,75,ridge_agronomy
B105 X 3IIH6,8.440591634832012,7.228915662650603,0.7621180048169253,0,5,5,-2.8029114167884406,26,2,77,False,False,75,ridge_agronomy
PHZ51 X LH145,6.269957880301694,4.819277108433735,0.9003475740208793,0,5,5,-3.7760644154928498,26,2,78,False,False,75,ridge_agronomy
PHK76 X LH145,5.787050641590754,3.6144578313253013,1.59602817133322,0,5,5,-3.9749770206255173,26,2,79,False,False,75,ridge_agronomy
PHP02 X LH145,5.307081986482515,3.6144578313253013,1.2379217230461619,0,5,5,-4.068174120492264,26,2,80,False,False,75,ridge_agronomy
B37 X OH43,4.099324125771378,2.4096385542168677,1.6334401837417427,0,5,5,-4.353541536213565,26,2,81,False,False,75,ridge_agronomy
LH195 X PHM49,1.9277108433734942,0.0,1.6342963814759686,0,5,5,-5.587873098058461,26,2,82,False,False,75,ridge_agronomy
B37 X H95,1.687726515819375,1.2048192771084338,0.5894414240377294,0,5,5,-5.89075404671207,25,1,83,False,False,75,ridge_agronomy
WF9 X H95,0.48388676657850915,0.0,0.9677735331570183,0,5,5,-6.564152574408351,25,1,84,False,False,75,ridge_agronomy
HOEGEMEYER 8065RR,87.31511411499658,55.049466157312175,16.318706146747857,5,5,5,10.522741619335235,25,1,1,True,True,75,ridge_combined
PIONEER 1311 AMXT,86.59418160446666,49.83837790185131,18.445354628259416,4,5,5,9.107145646911539,26,2,2,True,True,75,ridge_combined
SYNGENTA NK0760-3111,85.2649622881771,34.356939954941716,25.59681404915447,4,5,5,11.622706759185613,64,2,3,True,True,75,ridge_combined
HOEGEMEYER 7089 AMXT,82.92780879616025,29.900088157508083,26.544866241678925,4,5,5,9.507110912364785,26,2,4,True,True,75,ridge_combined
PIONEER P0589 AMXT,82.91703398961701,25.026937016358115,28.94560570168748,4,5,5,8.204670538928216,26,2,5,True,True,75,ridge_combined
PHW52 X PHN82,82.84161034381428,47.54138505240474,18.00901599423391,4,5,5,8.57843517116161,26,2,6,True,False,75,ridge_combined
B73 X PHN82,82.29699284944657,58.07130962875894,12.237366589066182,5,5,5,6.905814437217437,25,1,7,True,False,75,ridge_combined
PHK56 X W606S,78.45038691350769,43.65755705749829,17.626674059662935,4,5,5,4.800515445277899,25,1,8,True,False,75,ridge_combined
PHG39 X PHN82,76.90175335488294,47.15936918405328,15.529070528072904,4,5,5,5.0775417386205275,13,1,9,True,False,75,ridge_combined
F42 X MO17,74.0954060143011,56.82241159760995,11.627250115904692,5,5,5,4.621099143679851,25,1,10,True,False,75,ridge_combined
LH185 X W606S,72.70251738661965,34.99853070819865,19.545079351437586,4,5,5,0.509477325092282,13,1,11,True,False,75,ridge_combined
PHG39 X PHM49,71.38309334900578,55.30904104221765,11.451333492536397,5,5,5,3.29238899464801,26,2,12,True,False,75,ridge_combined
PHP02 X W606S,71.0412381232246,33.117837202468415,19.90696931304887,4,5,5,2.6700432465057213,26,2,13,True,False,75,ridge_combined
PHW52 X PHM49,70.08717798021354,55.65677343520423,14.168068506461257,5,5,5,4.826875396393859,25,1,14,True,False,75,ridge_combined
PHN46 X W606S,69.11156822411597,34.31286120090117,19.803525150699116,4,5,5,2.5864105889373104,26,2,15,True,False,75,ridge_combined
LH82 X W606S,69.05867371926732,52.208835341365464,13.854863216496593,5,5,5,3.7891332019860613,26,2,16,True,False,75,ridge_combined
PHK56 X LH198,67.44343226564796,42.16867469879518,15.466230628633447,4,5,5,5.316463544672734,26,2,17,True,False,75,ridge_combined
2FACC X 3IIH6,65.52943481242042,60.24096385542168,3.789186034574237,5,5,5,3.5747864353353753,26,2,18,True,False,75,ridge_combined
B73 X MO17,65.06905671466353,34.983837790185135,18.642106743064993,4,5,5,0.4438928797507753,23,1,19,True,False,75,ridge_combined
PHK56 X LH185,64.29718875502007,35.34136546184739,17.796376619693888,4,5,5,6.6940159917829885,24,2,20,True,False,75,ridge_combined
2369 X 3IIH6,63.00421196983054,37.51101968851014,16.40362254130535,4,5,5,1.257136161481564,26,2,21,True,False,75,ridge_combined
LH185 X LH82,63.00323244196297,26.50602409638554,19.295184392618133,4,5,5,6.908791656975216,24,1,22,True,False,75,ridge_combined
2369 X PHN82,62.30482907238711,40.16064257028113,14.111748189499115,4,5,5,3.4250843416343733,26,2,23,True,False,75,ridge_combined
PHP02 X PHK56,62.09912822019786,35.796845920266435,21.722129693258882,3,5,5,1.6321871939078108,26,2,24,False,False,75,ridge_combined
PHB47 X PHK56,61.91693603683025,44.57831325301205,10.604331054873496,4,5,5,3.3643464768643696,26,2,25,True,False,75,ridge_combined
LH82 X PHJ89,61.50063669311392,38.55421686746988,16.959140082608908,3,5,5,3.9881195163180747,26,2,26,False,False,75,ridge_combined
PHN46 X PHB47,61.30277206386522,47.791164658634536,8.947277139031797,4,5,5,2.2044198669808535,26,2,27,True,False,75,ridge_combined
PHK56 X PHJ89,60.304633166813595,42.16867469879518,15.371527060374138,3,5,5,3.075548062189059,26,2,28,False,False,75,ridge_combined
B73 X PHM49,59.968655108237826,44.17670682730924,15.947587774351907,3,5,5,1.6489392210132952,26,2,29,False,False,75,ridge_combined
PHK76 X W606S,59.68361249877559,20.08032128514056,25.60317034705185,3,5,5,-0.8489413611839399,25,1,30,False,False,75,ridge_combined
N209 X 3IIH6,58.87256342442943,34.93975903614458,16.92218906349482,4,5,5,2.8638826208247985,26,2,31,True,False,75,ridge_combined
PHP02 X PHG47,58.073268684494074,45.783132530120476,15.147372070572873,4,5,5,-0.44563452573250173,25,1,32,True,False,75,ridge_combined
B73 X 3IIH6,57.61191105886962,50.200803212851405,7.227650925791901,5,5,5,1.791826226029268,26,2,33,True,False,75,ridge_combined
PHW52 X LH185,56.11421294935841,39.75903614457831,12.68048276706746,3,5,5,2.624817872088678,26,2,34,False,False,75,ridge_combined
PHP02 X PHJ89,55.662650602409634,31.32530120481928,18.034945800078635,3,5,5,-4.090992859825437,25,1,35,False,False,75,ridge_combined
B14A X MO17,55.21892447840141,37.34939759036144,15.29207447692108,3,5,5,0.9187661089408617,26,2,36,False,False,75,ridge_combined
PHK76 X LH82,54.375550984425516,32.53012048192771,13.352108742261361,4,5,5,2.9873584847709185,24,1,37,True,False,75,ridge_combined
PHT69 X 3IIH6,52.91605446174943,38.074248212361645,12.006878876630372,3,5,5,-0.47245651271307754,26,2,38,False,False,75,ridge_combined
PHP02 X LH198,52.62709374081692,31.325301204819272,16.27741839120212,2,5,5,3.0831964283589826,26,2,39,False,False,75,ridge_combined
PHK56 X LH82,52.536977177000686,27.710843373493976,20.655803749063637,2,5,5,0.7172504702259405,26,2,40,False,False,75,ridge_combined
PHJ40 X LH82,52.063865216965425,36.144578313253014,10.662792136070887,3,5,5,0.7397361094777857,26,2,41,False,False,75,ridge_combined
PHN46 X PHK56,51.59075325693016,21.809187971397787,19.5462375549081,3,5,5,-2.8278857491406777,26,2,42,False,False,75,ridge_combined
PHW52 X PHZ51,51.076501126457046,38.95582329317269,8.989593403581276,3,5,5,-0.13836100514820168,25,1,43,False,False,75,ridge_combined
PHB47 X LH185,50.113625232637865,40.16064257028112,10.677089379767303,1,5,5,1.9829553886205769,26,2,44,False,False,75,ridge_combined
PHP02 X PHK76,49.17915564697816,21.686746987951807,17.547065372445775,2,5,5,0.5382527370283917,26,2,45,False,False,75,ridge_combined
LH74 X PHM49,48.579684592026645,30.522088353413654,16.606816207932617,1,5,5,-1.052496862577976,25,1,46,False,False,75,ridge_combined
LH185 X LH145,47.90478989127241,19.27710843373494,17.727928871515118,3,5,5,-0.461389877049659,13,1,47,False,False,75,ridge_combined
LH195 X LH185,47.72357723577235,32.53012048192771,12.153463902016902,2,5,5,-0.03670733753793502,25,1,48,False,False,75,ridge_combined
PHP02 X PHN46,45.71652463512587,31.32530120481928,12.29679700473365,2,5,5,-2.29025244138794,25,1,49,False,False,75,ridge_combined
LH145 X LH162,45.460867861690666,34.93975903614458,10.143653298883812,1,5,5,-0.10088120927177187,26,2,50,False,False,75,ridge_combined
PHB47 X PHJ89,44.94465667548242,37.34939759036145,9.08914797172136,1,5,5,-0.19086704340018343,13,1,51,False,False,75,ridge_combined
PHK76 X LH198,43.95631305710648,30.223332353805464,9.307627189068882,1,5,5,-2.445897865943304,26,2,52,False,False,75,ridge_combined
LH195 X 3IIH6,42.54187481633852,21.686746987951807,13.899015983678552,3,5,5,-0.5962469472511882,26,2,53,False,False,75,ridge_combined
2369 X PHP02,42.17063375453032,22.89156626506024,13.286363657680125,3,5,5,-3.8760457865572553,26,2,54,False,False,75,ridge_combined
LH74 X PHN82,42.11186208247625,29.317269076305223,12.663940582549658,1,5,5,-2.17554132907249,26,2,55,False,False,75,ridge_combined
PHK56 X LH145,42.050151826819466,20.08032128514056,18.984217041982504,2,5,5,0.8439764808984151,13,1,56,False,False,75,ridge_combined
B84 X 3IIH6,41.68282887648154,18.473895582329316,15.731245121396434,2,5,5,-1.6623520221230863,26,2,57,False,False,75,ridge_combined
PHK56 X 3IIH6,41.540797335684196,13.25301204819277,16.50035681836689,2,5,5,-0.17351458038249615,25,1,58,False,False,75,ridge_combined
LH195 X PHZ51,41.047115290430014,24.914291311587814,10.335978801204904,1,5,5,-6.012295027019276,26,2,59,False,False,75,ridge_combined
LH195 X LH123HT,40.150847291605444,16.46586345381526,12.522812322482457,1,5,5,-3.533121926797746,26,2,60,False,False,75,ridge_combined
LH198 X PHZ51,37.45812518366148,16.867469879518072,19.676937684529975,2,5,5,-1.225980128226953,26,2,61,False,False,75,ridge_combined
2369 X PHZ51,36.52757370947204,33.734939759036145,2.3452327431131077,0,5,5,-3.3654419413607,25,1,62,False,False,75,ridge_combined
B37 X MO17,34.48427857772553,9.63855421686747,19.666212034015974,1,5,5,-2.055947842823351,26,2,63,False,False,75,ridge_combined
PHP02 X LH185,33.834851601528065,17.269076305220885,16.659194645335056,2,5,5,-1.5276303752827887,26,2,64,False,False,75,ridge_combined
4N506 X 3IIH6,32.684885885003425,16.06425702811245,20.758415997146265,1,5,5,0.18180071498569178,26,2,65,False,False,75,ridge_combined
LH198 X PHB47,32.415515721422274,22.48995983935743,12.139944353371366,1,5,5,-4.280188126608577,26,2,66,False,False,75,ridge_combined
LH82 X PHB47,32.116759721814084,15.66265060240964,23.93639876073964,1,5,5,-0.9589520473376097,26,2,67,False,False,75,ridge_combined
2369 X LH123HT,30.93349005779215,14.859437751004016,13.302829452903602,0,5,5,-4.645206791981113,26,2,68,False,False,75,ridge_combined
F42 X OH43,30.74248212361642,10.040160642570282,16.645805037647502,1,5,5,-2.0247919081177757,26,2,69,False,False,75,ridge_combined
LH123HT X 3IIH6,28.958761876775394,15.662650602409638,12.361723341631038,1,5,5,-3.348858697898778,25,1,70,False,False,75,ridge_combined
PHB47 X 3IIH6,28.65510823782937,11.244979919678714,13.45006917756506,1,5,5,-3.1260705345719115,26,2,71,False,False,75,ridge_combined
PHK76 X LH145,27.75198354393183,4.819277108433735,16.535230487689685,1,5,5,-6.1491030536175,26,2,72,False,False,75,ridge_combined
PHP02 X PHB47,26.564795768439616,6.425702811244981,23.652814194171988,1,5,5,-3.0378374400867694,26,2,73,False,False,75,ridge_combined
B73 X PHZ51,26.429620922715248,7.650112645704771,19.25218942435734,1,5,5,-8.823276036762048,26,2,74,False,False,75,ridge_combined
PHK76 X 3IIH6,24.60574003330395,12.048192771084338,9.385159063199852,0,5,5,-7.07382458193018,26,2,75,False,False,75,ridge_combined
PHP02 X LH82,24.390243902439025,9.63855421686747,16.558158805088613,1,5,5,-3.7687194324329396,26,2,76,False,False,75,ridge_combined
LH123HT X PHB47,20.098932314624353,8.433734939759036,10.43399429559293,0,5,5,-8.284969918186151,26,2,77,False,False,75,ridge_combined
B37 X OH43,19.55823293172691,3.6144578313253017,25.72589325024199,1,5,5,-5.704463797990867,26,2,78,False,False,75,ridge_combined
B105 X 3IIH6,19.51317464981879,1.2048192771084338,18.341189533149134,1,5,5,-5.77401554035998,26,2,79,False,False,75,ridge_combined
PHZ51 X LH145,16.947791164658632,2.4096385542168677,20.65428698780623,1,5,5,-6.911075358418586,26,2,80,False,False,75,ridge_combined
PHP02 X LH145,16.816534430404545,4.016064257028113,19.19020782024976,1,5,5,-7.397408274385955,26,2,81,False,False,75,ridge_combined
B37 X H95,15.011264570477033,0.8032128514056226,23.07616231646161,1,5,5,-9.01880449572027,25,1,82,False,False,75,ridge_combined
LH195 X PHM49,14.524439220295818,2.4096385542168677,13.027269016923114,0,5,5,-10.32134267880187,26,2,83,False,False,75,ridge_combined
WF9 X H95,5.673425408952885,0.0,10.347122256353474,0,5,5,-15.254926394525075,25,1,84,False,False,75,ridge_combined
SYNGENTA NK0760-3111,100.0,100.0,0.0,5,5,5,27.520615922290073,64,2,1,True,True,90,agronomy
HOEGEMEYER 8065RR,96.25281614261925,90.50102850426094,3.0007706327703936,5,5,5,14.411797662173484,25,1,2,True,True,90,agronomy
PHG39 X PHN82,90.11754334410814,72.28915662650603,9.974057794825999,5,5,5,12.632225122949253,13,1,3,True,True,90,agronomy
PHW52 X PHN82,87.2230384954452,75.1004016064257,6.520125842459416,5,5,5,10.515520282091614,26,2,4,True,True,90,agronomy
HOEGEMEYER 7089 AMXT,86.98207464002351,75.1004016064257,6.253224125261153,5,5,5,9.907029785597626,26,2,5,True,True,90,agronomy
PHK56 X LH185,86.86746987951807,78.714859437751,6.19255751562936,5,5,5,10.024020238027571,24,2,6,True,False,90,agronomy
PHK56 X PHJ89,84.61259672837693,75.1004016064257,6.3052037642185095,5,5,5,9.397931274878239,26,2,7,True,False,90,agronomy
N209 X 3IIH6,82.19022431188166,67.77843079635615,9.004203884171957,5,5,5,8.445067834195415,26,2,8,True,False,90,agronomy
PIONEER P0589 AMXT,81.23910275247331,65.06024096385542,9.667316588610824,5,5,5,8.750055334308055,26,2,9,True,False,90,agronomy
PHK56 X LH82,80.6366931139191,52.61044176706827,15.048182082012259,5,5,5,9.492956151785163,26,2,10,True,False,90,agronomy
LH185 X LH82,80.2713292193163,64.4578313253012,12.397733888414834,5,5,5,8.858711647024919,24,1,11,True,False,90,agronomy
PHP02 X PHG47,79.55529434812419,65.46184738955823,11.494750803224148,5,5,5,6.182201268027677,25,1,12,True,False,90,agronomy
PHK56 X W606S,79.50827701048095,43.97590361445783,19.12990264657238,4,5,5,8.100071863643159,25,1,13,True,False,90,agronomy
PHB47 X PHK56,76.04074835929082,56.107356254285435,12.374022014919182,5,5,5,7.145095893865095,26,2,14,True,False,90,agronomy
PHW52 X PHM49,75.04799686551083,27.710843373493976,24.189545682688994,4,5,5,5.300191212853323,25,1,15,True,False,90,agronomy
PHP02 X PHK56,74.92555588206486,52.61044176706827,16.421142837938284,5,5,5,7.603145344571255,26,2,16,True,False,90,agronomy
PIONEER 1311 AMXT,74.19825644039574,67.6706827309237,7.707631739639037,5,5,5,6.9304765487228295,26,2,17,True,False,90,agronomy
PHK56 X 3IIH6,72.88177098638457,43.373493975903614,20.47185122606386,4,5,5,4.87316783503312,25,1,18,True,False,90,agronomy
B73 X PHN82,71.53981780781663,15.329611127436577,28.606324100130657,4,5,5,6.660924295130082,25,1,19,True,False,90,agronomy
B73 X 3IIH6,71.38309334900578,59.72671172494858,9.275315872450426,5,5,5,6.642908393700125,26,2,20,True,False,90,agronomy
PHP02 X LH198,70.71799392692722,49.397590361445786,14.950580531111525,4,5,5,5.507934246221614,26,2,21,True,False,90,agronomy
PHP02 X W606S,66.4247232833774,44.77421882652561,18.803601204002437,3,5,5,6.056189168372002,26,2,22,False,False,90,agronomy
2FACC X 3IIH6,65.48339700264472,30.522088353413654,18.683556913063097,4,5,5,6.015549560296394,26,2,23,True,False,90,agronomy
PHP02 X PHK76,65.20227250465275,52.61044176706827,7.272701871676751,5,5,5,3.09543567929516,26,2,24,True,False,90,agronomy
2369 X 3IIH6,64.51954158095798,30.522088353413654,18.36443616279928,4,5,5,4.075808740226151,26,2,25,True,False,90,agronomy
F42 X MO17,63.814281516309144,42.570281124497996,19.460602764765365,3,5,5,3.4431253193259197,25,1,26,False,False,90,agronomy
PHK56 X LH198,63.659516113233416,39.3574297188755,17.22510380330684,4,5,5,5.51503336938658,26,2,27,True,False,90,agronomy
LH195 X 3IIH6,63.51552551670095,58.03212851405622,6.110064162415372,5,5,5,2.315872816104579,26,2,28,True,False,90,agronomy
PHW52 X LH185,61.53247134880987,44.57831325301205,11.807992059738298,4,5,5,2.2064993458140547,26,2,29,True,False,90,agronomy
PHP02 X PHJ89,61.47223038495444,25.301204819277107,25.734971005124,3,5,5,2.9698130681698096,25,1,30,False,False,90,agronomy
PHP02 X PHN46,60.769419139974524,43.97590361445783,12.224493110017287,4,5,5,1.7322509221706812,25,1,31,True,False,90,agronomy
PHN46 X PHB47,59.87315114114997,38.92398863747673,15.135250719877545,3,5,5,4.737149673638249,26,2,32,False,False,90,agronomy
LH185 X W606S,58.03947497306299,9.072876873347047,37.89713221040456,3,5,5,4.021977672559484,13,1,33,False,False,90,agronomy
PHK76 X LH82,57.76471740621021,26.50602409638554,16.827426267855117,4,5,5,1.8153436138579004,24,1,34,True,False,90,agronomy
LH145 X LH162,57.58889215398178,23.694779116465863,24.01152427276649,3,5,5,0.731222250107842,26,2,35,False,False,90,agronomy
B73 X MO17,56.42766186698011,34.93975903614458,14.964485332447444,3,5,5,1.4472353145573338,23,1,36,False,False,90,agronomy
4N506 X 3IIH6,55.70134195317856,16.265060240963855,24.65017486349043,3,5,5,0.809476594447759,26,2,37,False,False,90,agronomy
PHW52 X PHZ51,54.93045352140268,20.883534136546185,22.940196119606597,2,5,5,0.9838098993864657,25,1,38,False,False,90,agronomy
PHG39 X PHM49,52.412577137819575,16.265060240963855,18.792194681780263,4,5,5,0.7637173561562474,26,2,39,True,False,90,agronomy
PHT69 X 3IIH6,51.04809481829758,12.248995983935743,20.6058449181938,4,5,5,0.22359588636355196,26,2,40,True,False,90,agronomy
LH82 X PHJ89,50.29483788813792,26.706827309236946,19.439595749904825,2,5,5,0.7088862726073395,26,2,41,False,False,90,agronomy
PHN46 X PHK56,50.22676070134195,12.449799196787149,21.09420822465552,3,5,5,0.11047741910369843,26,2,42,False,False,90,agronomy
LH82 X W606S,49.81291017729454,18.473895582329316,21.866821233515935,3,5,5,0.451670138185335,26,2,43,False,False,90,agronomy
LH195 X PHZ51,46.78812812224508,26.104417670682732,12.952542002134775,2,5,5,-0.3506961365217721,26,2,44,False,False,90,agronomy
LH195 X LH185,44.491625036732295,25.301204819277107,20.599702987027506,2,5,5,2.0003673211260296,25,1,45,False,False,90,agronomy
PHP02 X LH185,43.1942403761387,25.301204819277107,15.88533825942026,2,5,5,-1.2546400051372082,26,2,46,False,False,90,agronomy
PHK76 X LH198,42.91899304535214,24.096385542168676,16.324568937465354,2,5,5,-1.2505746296730749,26,2,47,False,False,90,agronomy
PHP02 X LH82,42.02174551866001,16.06425702811245,18.650004814190773,1,5,5,-1.5590859120224236,26,2,48,False,False,90,agronomy
LH74 X PHN82,41.84641003036536,16.265060240963855,18.676315575559578,1,5,5,-0.8324371987669249,26,2,49,False,False,90,agronomy
PHJ40 X LH82,41.476638260358506,12.248995983935743,19.61166469934644,1,5,5,-1.5891937503394042,26,2,50,False,False,90,agronomy
LH123HT X 3IIH6,41.37721618180037,4.4176706827309244,26.30578096471257,2,5,5,-0.5825512993270314,25,1,51,False,False,90,agronomy
LH198 X PHB47,41.17347438534627,21.686746987951807,19.114173201127638,2,5,5,-1.6819945943639005,26,2,52,False,False,90,agronomy
B73 X PHM49,41.108825546086784,29.439710059751203,10.608049654256677,1,5,5,-1.004295171655766,26,2,53,False,False,90,agronomy
2369 X PHN82,40.748359290821824,33.05906553041434,7.35494334904227,1,5,5,-1.0229375617674623,26,2,54,False,False,90,agronomy
PHN46 X W606S,39.968655108237826,12.449799196787149,19.453461526169743,2,5,5,-1.297798479105788,26,2,55,False,False,90,agronomy
PHB47 X PHJ89,35.775296307179936,11.44578313253012,26.825382550751293,1,5,5,-2.2942389049506415,13,1,56,False,False,90,agronomy
PHK76 X W606S,35.68566950729748,14.056224899598392,14.353014490158609,1,5,5,-2.9551802357294576,25,1,57,False,False,90,agronomy
PHK76 X 3IIH6,35.390341855225785,12.449799196787149,18.028902658175234,1,5,5,-2.1185193298843124,26,2,58,False,False,90,agronomy
2369 X LH123HT,35.35507885199334,12.048192771084336,21.398610386303268,1,5,5,-2.470073971512667,26,2,59,False,False,90,agronomy
PHB47 X LH185,35.04848662944461,6.827309236947791,16.162645669210686,1,5,5,-2.4355136472697976,26,2,60,False,False,90,agronomy
LH123HT X PHB47,34.48085023018905,26.907630522088354,8.640388002704825,1,5,5,-2.667491470169652,26,2,61,False,False,90,agronomy
B14A X MO17,34.42844548927417,18.072289156626507,16.852424857268506,1,5,5,-2.5068756304836386,26,2,62,False,False,90,agronomy
F42 X OH43,34.15319815848761,10.441767068273093,21.951094196960298,1,5,5,-1.8896354696296125,26,2,63,False,False,90,agronomy
LH74 X PHM49,34.070917817611914,21.760211578019394,10.162401989195068,0,5,5,-2.0013188421829304,25,1,64,False,False,90,agronomy
PHB47 X 3IIH6,33.91615241453619,9.236947791164658,17.141022612179107,1,5,5,-1.875096260270422,26,2,65,False,False,90,agronomy
2369 X PHZ51,30.615143500832595,10.843373493975903,23.075221789048307,1,5,5,-7.198220996080197,25,1,66,False,False,90,agronomy
2369 X PHP02,30.452541874816337,12.102066803800568,15.610588575703943,1,5,5,-2.762735452138003,26,2,67,False,False,90,agronomy
B84 X 3IIH6,29.667940052894505,7.6305220883534135,17.368931581156872,1,5,5,-3.2962169382873983,26,2,68,False,False,90,agronomy
LH198 X PHZ51,27.652071701439905,20.481927710843372,9.255691458697582,0,5,5,-3.5444361724050375,26,2,69,False,False,90,agronomy
B105 X 3IIH6,23.552747575668526,9.63855421686747,13.524835420961365,0,5,5,-7.827374852413703,26,2,70,False,False,90,agronomy
PHK56 X LH145,23.461161720050935,9.072876873347047,15.389587178828327,0,5,5,-6.771907285310595,13,1,71,False,False,90,agronomy
B73 X PHZ51,23.19032226466843,10.04016064257028,11.227081612763335,0,5,5,-4.496014829718162,26,2,72,False,False,90,agronomy
LH195 X LH123HT,21.93750612204917,2.8112449799196786,13.690286851005013,0,5,5,-4.522395948478717,26,2,73,False,False,90,agronomy
LH185 X LH145,20.71897345479479,0.8032128514056226,16.493486336305264,0,5,5,-12.020214213838056,13,1,74,False,False,90,agronomy
PHP02 X PHB47,20.486825350181213,5.622489959839357,15.166137554850364,0,5,5,-5.561773728003657,26,2,75,False,False,90,agronomy
B37 X MO17,19.296698991086295,6.024096385542169,8.688888132280367,0,5,5,-6.997414794291134,26,2,76,False,False,90,agronomy
LH82 X PHB47,17.676559898129103,7.659907924380449,7.175945479983694,0,5,5,-7.079621096713629,26,2,77,False,False,90,agronomy
PHP02 X LH145,15.678323048290725,6.024096385542169,12.895996228276127,0,5,5,-13.393801098890421,26,2,78,False,False,90,agronomy
B37 X OH43,14.627289646390441,7.6305220883534135,9.504156338605606,0,5,5,-11.790280048441513,26,2,79,False,False,90,agronomy
PHZ51 X LH145,12.45371730825742,1.2048192771084338,15.788755166303908,0,5,5,-20.7261737869995,26,2,80,False,False,90,agronomy
PHK76 X LH145,10.684689979429914,0.4016064257028113,16.202364979757203,0,5,5,-21.872156402537478,26,2,81,False,False,90,agronomy
LH195 X PHM49,8.273092369477911,0.0,10.672761601203593,0,5,5,-23.07334404785535,26,2,82,False,False,90,agronomy
WF9 X H95,2.573219708100696,0.4016064257028113,1.5988271417602373,0,5,5,-24.94059103179274,25,1,83,False,False,90,agronomy
B37 X H95,1.286120090116564,0.0,0.9633675251784555,0,5,5,-27.213636388560985,25,1,84,False,False,90,agronomy
SYNGENTA NK0760-3111,97.01537858752081,89.494563620335,3.939501803353951,5,5,5,21.090078688304885,64,2,1,True,True,90,agronomy_uav
PHK56 X LH185,90.12048192771084,80.32128514056225,6.991182376542629,5,5,5,11.195321523551815,24,2,2,True,True,90,agronomy_uav
HOEGEMEYER 7089 AMXT,82.72308747183857,66.22587912626115,12.919008456066468,5,5,5,14.951881538120896,26,2,3,True,True,90,agronomy_uav
PIONEER P0589 AMXT,81.33607601136252,52.06190616123029,16.110805081221912,5,5,5,11.192723395903457,26,2,4,True,True,90,agronomy_uav
PHK56 X LH198,80.79341757272994,67.4209031246939,10.83133268506562,5,5,5,8.365223836089008,26,2,5,True,True,90,agronomy_uav
N209 X 3IIH6,77.21716132823978,58.77656969340777,13.951673140634544,5,5,5,7.473577036379058,26,2,6,True,False,90,agronomy_uav
PIONEER 1311 AMXT,76.25232637868547,48.73151141149966,15.052375897498157,4,5,5,9.258039492909571,26,2,7,True,False,90,agronomy_uav
PHK56 X LH82,75.77529630717994,47.95278675678323,19.164084707083337,4,5,5,9.83943917116613,26,2,8,True,False,90,agronomy_uav
PHK56 X W606S,74.57537466940934,37.13390145949652,20.536678207232864,4,5,5,7.694927416503724,25,1,9,True,False,90,agronomy_uav
PHB47 X PHK56,74.20315407973357,49.329023410716026,12.888908330481382,4,5,5,7.835666642099151,26,2,10,True,False,90,agronomy_uav
B73 X PHN82,72.90919776667646,65.06024096385542,7.935979546539522,5,5,5,5.674456141868378,25,1,11,True,False,90,agronomy_uav
PHW52 X PHN82,72.34596924282496,55.42168674698795,13.550402622659083,5,5,5,6.6191480895776635,26,2,12,True,False,90,agronomy_uav
PHG39 X PHN82,71.12841610343814,49.397590361445786,13.148678748539545,4,5,5,7.028098797822433,13,1,13,True,False,90,agronomy_uav
LH185 X LH82,71.090214516603,55.42168674698795,13.077709685227473,5,5,5,7.6127012454214436,24,1,14,True,False,90,agronomy_uav
PHP02 X W606S,70.33499853070819,54.216867469879524,16.1389866310693,5,5,5,5.677408546728305,26,2,15,True,False,90,agronomy_uav
PHK56 X PHJ89,69.55333529238906,36.144578313253014,18.475703829001954,4,5,5,5.438682949791046,26,2,16,True,False,90,agronomy_uav
PHN46 X PHK56,69.21539817807817,59.437751004016064,8.086132536373142,5,5,5,4.8725200788820215,26,2,17,True,False,90,agronomy_uav
HOEGEMEYER 8065RR,68.45136644137526,53.01204819277108,15.210271224393162,5,5,5,6.865021204965302,25,1,18,True,False,90,agronomy_uav
F42 X MO17,67.65696934077775,48.99598393574297,15.061460912421945,4,5,5,4.756666339589804,25,1,19,True,False,90,agronomy_uav
PHW52 X PHZ51,67.38368106572632,51.80722891566265,10.878824357494983,5,5,5,4.976424695083329,25,1,20,True,False,90,agronomy_uav
PHP02 X PHK56,66.78812812224507,29.317269076305223,24.130889276103,3,5,5,5.659396877581662,26,2,21,False,False,90,agronomy_uav
PHJ40 X LH82,66.72739739445588,22.08835341365462,24.617615814527852,4,5,5,5.372451706588724,26,2,22,True,False,90,agronomy_uav
2369 X PHN82,63.89068468997944,48.369086100499565,11.012968380075588,4,5,5,3.698371146316571,26,2,23,True,False,90,agronomy_uav
B73 X MO17,63.22362621216573,39.75903614457832,16.188820380382733,4,5,5,4.634592648234483,23,1,24,True,False,90,agronomy_uav
LH82 X W606S,62.8592418454305,40.562248995983936,14.736443058601546,4,5,5,3.39216344392164,26,2,25,True,False,90,agronomy_uav
PHN46 X PHB47,62.22352825937899,46.98795180722892,11.65692751285606,4,5,5,4.109623258623663,26,2,26,True,False,90,agronomy_uav
LH82 X PHJ89,61.32726026055441,40.16064257028112,12.744511471959019,4,5,5,3.5161981336454664,26,2,27,True,False,90,agronomy_uav
LH195 X LH185,59.9177196591243,24.899598393574298,19.743620874114693,4,5,5,3.1527876044366288,25,1,28,True,False,90,agronomy_uav
LH185 X W606S,59.67969438730531,16.867469879518072,30.804721758330285,3,5,5,3.9481459317622174,13,1,29,False,False,90,agronomy_uav
PHW52 X LH185,58.20452541874816,32.1285140562249,16.895319178143012,3,5,5,2.4244533678420432,26,2,30,False,False,90,agronomy_uav
PHK76 X LH82,57.99980409442649,24.93877950827701,17.04357255073012,4,5,5,2.8249341599521918,24,1,31,True,False,90,agronomy_uav
B73 X 3IIH6,57.63933783916152,30.120481927710845,18.85056791602608,3,5,5,1.6627902145844224,26,2,32,False,False,90,agronomy_uav
PHK56 X 3IIH6,56.75188559114507,31.325301204819276,23.660569262714603,2,5,5,2.050431968870016,25,1,33,False,False,90,agronomy_uav
PHW52 X PHM49,56.54520521108825,37.75100401606426,19.67518834064406,3,5,5,1.666874866718132,25,1,34,False,False,90,agronomy_uav
LH198 X PHZ51,55.76256244490156,39.05377607992947,17.914039268591615,3,5,5,2.373047353689957,26,2,35,False,False,90,agronomy_uav
2369 X LH123HT,55.52649622881771,35.742971887550205,13.15693270300659,3,5,5,1.4604335532879995,26,2,36,False,False,90,agronomy_uav
2FACC X 3IIH6,55.24635125869331,19.27710843373494,19.88650310623122,4,5,5,1.5061874932538653,26,2,37,True,False,90,agronomy_uav
PHB47 X LH185,54.82515427563915,40.16064257028113,11.037261768463345,3,5,5,1.036681135200278,26,2,38,False,False,90,agronomy_uav
B73 X PHM49,54.73699676755804,31.516309138995002,17.900675578357045,2,5,5,1.6931947548734427,26,2,39,False,False,90,agronomy_uav
2369 X 3IIH6,53.56352238221177,22.89156626506024,23.978097857365935,3,5,5,0.9897561448608636,26,2,40,False,False,90,agronomy_uav
F42 X OH43,53.54393182486042,15.66265060240964,22.03252613887653,4,5,5,1.7947443036736814,26,2,41,True,False,90,agronomy_uav
PHP02 X LH198,52.72994416691155,41.76706827309237,10.086194980191616,2,5,5,0.8352467483569199,26,2,42,False,False,90,agronomy_uav
LH195 X PHZ51,52.40082280340876,44.97991967871486,7.052928780690527,2,5,5,1.2328677621470576,26,2,43,False,False,90,agronomy_uav
LH145 X LH162,50.99226172984621,16.06425702811245,21.904931311011392,2,5,5,-0.08471508125802511,26,2,44,False,False,90,agronomy_uav
B14A X MO17,49.63561563326477,9.23694779116466,21.867641343938693,3,5,5,-0.4911585599301305,26,2,45,False,False,90,agronomy_uav
PHP02 X LH185,48.54344206092664,22.088353413654616,21.51232796157286,2,5,5,0.7699808147641504,26,2,46,False,False,90,agronomy_uav
4N506 X 3IIH6,47.85287491429131,26.50602409638554,16.945009285538195,2,5,5,-0.5413002172387534,26,2,47,False,False,90,agronomy_uav
PHP02 X PHK76,45.808600254677245,33.734939759036145,13.337997004665603,2,5,5,0.3789464181643201,26,2,48,False,False,90,agronomy_uav
PHK76 X LH198,45.634244294250166,21.745518660005875,16.376260492501515,3,5,5,-0.030012995845832436,26,2,49,False,False,90,agronomy_uav
2369 X PHZ51,45.15035752767166,17.318052698599274,21.393439021974412,2,5,5,-0.09053512350001647,25,1,50,False,False,90,agronomy_uav
LH195 X LH123HT,44.859437751004016,19.879518072289155,18.75876058087711,3,5,5,-0.7689712423671399,26,2,51,False,False,90,agronomy_uav
PHP02 X PHJ89,44.261925751787636,24.096385542168676,19.294669123581286,2,5,5,-0.811518011067512,25,1,52,False,False,90,agronomy_uav
B84 X 3IIH6,43.648741306690184,25.301204819277107,21.496632170919007,1,5,5,-0.9490288716676695,26,2,53,False,False,90,agronomy_uav
LH123HT X 3IIH6,43.25595063179547,9.63855421686747,16.964078872747468,3,5,5,-2.460725012366,25,1,54,False,False,90,agronomy_uav
PHK76 X W606S,42.864139484768344,12.449799196787149,15.844937976997734,3,5,5,-2.0666419707360917,25,1,55,False,False,90,agronomy_uav
LH123HT X PHB47,42.108923498873544,34.93975903614458,9.564196775319317,1,5,5,-1.1083863422926583,26,2,56,False,False,90,agronomy_uav
PHK56 X LH145,41.540797335684196,16.465863453815263,21.513390513436164,1,5,5,-1.9551772923080732,13,1,57,False,False,90,agronomy_uav
PHN46 X W606S,40.6729356450191,7.228915662650603,30.885727969285636,2,5,5,-2.938699981503431,26,2,58,False,False,90,agronomy_uav
PHP02 X LH82,40.558330884513666,14.859437751004016,30.079824691129488,2,5,5,-3.090045351844819,26,2,59,False,False,90,agronomy_uav
PHG39 X PHM49,40.38593397982173,20.481927710843376,18.636464361749855,2,5,5,-1.7689070479430296,26,2,60,False,False,90,agronomy_uav
PHP02 X PHN46,40.24096385542168,15.662650602409638,18.75188092370479,2,5,5,-2.1717609649085765,25,1,61,False,False,90,agronomy_uav
PHB47 X 3IIH6,39.39073366637281,22.891566265060238,13.24002364535751,1,5,5,-2.278164777054658,26,2,62,False,False,90,agronomy_uav
LH74 X PHN82,38.770692526202374,11.646586345381527,14.793776793444897,1,5,5,-2.8940151596675596,26,2,63,False,False,90,agronomy_uav
B73 X PHZ51,38.2368498383779,18.895092565383486,17.318598521929392,1,5,5,-2.1384073379393103,26,2,64,False,False,90,agronomy_uav
PHT69 X 3IIH6,35.414830051914976,23.694779116465863,11.144565130190527,1,5,5,-2.901327615043919,26,2,65,False,False,90,agronomy_uav
LH198 X PHB47,35.203252032520325,20.481927710843376,10.624617969580687,1,5,5,-2.781293606401046,26,2,66,False,False,90,agronomy_uav
PHP02 X PHG47,34.54500930551474,13.654618473895582,10.760641094971465,0,5,5,-3.158621336666264,25,1,67,False,False,90,agronomy_uav
PHK76 X 3IIH6,33.43030659222255,14.457831325301205,9.932493914325935,0,5,5,-3.946386218033801,26,2,68,False,False,90,agronomy_uav
LH74 X PHM49,32.76226858654128,18.072289156626507,14.378735632344927,1,5,5,-3.7878040173847105,25,1,69,False,False,90,agronomy_uav
LH195 X 3IIH6,32.429229111568226,18.87550200803213,14.35364642679922,1,5,5,-4.273225151611387,26,2,70,False,False,90,agronomy_uav
LH82 X PHB47,30.621020668038007,6.827309236947792,14.733197929941078,0,5,5,-5.7315782407512215,26,2,71,False,False,90,agronomy_uav
B37 X MO17,30.584778136937995,10.843373493975903,18.063296605511308,1,5,5,-6.323375413787105,26,2,72,False,False,90,agronomy_uav
2369 X PHP02,26.668625722401806,18.082084435302182,8.470290966083617,0,5,5,-4.999444379159016,26,2,73,False,False,90,agronomy_uav
B37 X OH43,25.749828582623177,7.6305220883534135,19.2636605194132,1,5,5,-7.870050513518583,26,2,74,False,False,90,agronomy_uav
LH185 X LH145,21.76706827309237,7.228915662650603,9.95271153159681,0,5,5,-8.698989955638064,13,1,75,False,False,90,agronomy_uav
PHB47 X PHJ89,20.410422176510924,4.819277108433735,14.943992396113828,0,5,5,-8.866099278707505,13,1,76,False,False,90,agronomy_uav
PHP02 X PHB47,20.224311881673035,4.4176706827309244,13.58959614655597,0,5,5,-8.915407928798185,26,2,77,False,False,90,agronomy_uav
B105 X 3IIH6,16.401214614555784,2.8112449799196786,9.506939614161736,0,5,5,-11.359569739954763,26,2,78,False,False,90,agronomy_uav
PHZ51 X LH145,12.325399157606034,6.024096385542169,6.332130303496302,0,5,5,-12.718041498483196,26,2,79,False,False,90,agronomy_uav
PHK76 X LH145,9.169360368302478,3.6144578313253013,6.502578171623035,0,5,5,-16.7370192026464,26,2,80,False,False,90,agronomy_uav
WF9 X H95,6.127926339504358,0.0,6.002102387946167,0,5,5,-20.48006686681479,25,1,81,False,False,90,agronomy_uav
PHP02 X LH145,5.796845920266432,1.2048192771084338,3.7682955215972913,0,5,5,-19.46542539719991,26,2,82,False,False,90,agronomy_uav
B37 X H95,4.17964541091194,1.2048192771084338,2.8011578826383645,0,5,5,-21.99901139370309,25,1,83,False,False,90,agronomy_uav
LH195 X PHM49,2.5918307375844845,0.0,3.727381423326987,0,5,5,-26.43421000584645,26,2,84,False,False,90,agronomy_uav
HOEGEMEYER 7089 AMXT,85.81937506122048,71.66715643060046,8.675509500214568,5,5,5,9.835087848355677,26,2,1,True,True,90,combined
SYNGENTA NK0760-3111,85.05044568517975,37.75100401606426,24.140053940298316,4,5,5,16.59160187913214,64,2,2,True,True,90,combined
PHW52 X PHN82,84.97796062297974,73.09236947791165,10.087513742092195,5,5,5,9.358930508393382,26,2,3,True,True,90,combined
PIONEER 1311 AMXT,84.78499363306886,55.651875795866395,16.55532547932695,5,5,5,9.29108264976922,26,2,4,True,True,90,combined
PIONEER P0589 AMXT,81.27142717210305,60.57400333039475,15.791637079391998,5,5,5,8.112827784104875,26,2,5,True,True,90,combined
PHG39 X PHN82,80.45939856988932,48.19277108433735,17.990869815396184,4,5,5,8.480597468940825,13,1,6,True,False,90,combined
PHK56 X LH185,77.14859437751004,64.2570281124498,8.314707980470702,5,5,5,6.9731047947341835,24,2,7,True,False,90,combined
HOEGEMEYER 8065RR,77.0457439514154,49.799196787148595,15.305264577657788,4,5,5,7.964309199249049,25,1,8,True,False,90,combined
PHK56 X PHJ89,76.44627289646391,55.82329317269076,10.869613090158042,5,5,5,7.096150244173866,26,2,9,True,False,90,combined
B73 X PHN82,75.25320795376629,59.80017631501617,10.825063072820397,5,5,5,5.6762330898417,25,1,10,True,False,90,combined
PHB47 X PHK56,75.01910079341758,61.445783132530124,12.046547211163148,5,5,5,6.885170219722357,26,2,11,True,False,90,combined
N209 X 3IIH6,73.85346263101185,61.847389558232926,6.718874038992261,5,5,5,6.030729567373499,26,2,12,True,False,90,combined
2FACC X 3IIH6,72.1157801939465,48.59437751004017,13.47682397623263,4,5,5,5.475078841579207,26,2,13,True,False,90,combined
PHK56 X LH82,70.80811049074346,46.81163679106671,13.837087329861086,4,5,5,4.660104359598835,26,2,14,True,False,90,combined
PHK56 X LH198,69.31139190909981,63.022822999314336,5.191412681787152,5,5,5,4.540763433771381,26,2,15,True,False,90,combined
PHP02 X LH198,68.93525320795376,42.16867469879518,15.806063772590553,4,5,5,5.010679347155841,26,2,16,True,False,90,combined
PHW52 X PHM49,68.63355862474288,43.373493975903614,20.57145688535941,3,5,5,5.8413951263281145,25,1,17,False,False,90,combined
PHK56 X W606S,68.08502301890488,35.34136546184739,19.86012730863055,4,5,5,5.356809437881479,25,1,18,True,False,90,combined
PHP02 X PHK56,68.0448623763346,42.16867469879518,15.486343516641801,4,5,5,4.292297013294743,26,2,19,True,False,90,combined
PHN46 X PHK56,67.68537564893721,37.75100401606426,15.32561050150862,4,5,5,4.5502753236658275,26,2,20,True,False,90,combined
F42 X MO17,66.2151043197179,43.373493975903614,14.916371296199122,4,5,5,4.972503918683977,25,1,21,True,False,90,combined
PHN46 X PHB47,65.3501812126555,38.55421686746988,14.723706404077411,4,5,5,3.9434504571985074,26,2,22,True,False,90,combined
PHP02 X W606S,65.25222842589872,47.94788911744539,11.479831919979729,4,5,5,4.130417644294047,26,2,23,True,False,90,combined
2369 X 3IIH6,63.51552551670095,44.57831325301205,16.729429718187415,4,5,5,4.238051622054504,26,2,24,True,False,90,combined
PHP02 X PHK76,61.657361151924775,43.373493975903614,16.549474632775418,3,5,5,2.7912393575292898,26,2,25,False,False,90,combined
PHG39 X PHM49,60.53776079929473,42.16867469879518,17.133089236255127,3,5,5,3.78906075699363,26,2,26,False,False,90,combined
2369 X PHN82,60.41629934371633,38.62768145753747,15.334135190129798,4,5,5,2.064192745424293,26,2,27,True,False,90,combined
B73 X 3IIH6,59.220295817416016,34.93975903614458,19.107318871984138,3,5,5,2.1534706523426417,26,2,28,False,False,90,combined
PHP02 X PHG47,58.964639043980796,35.341365461847396,18.602490062904,2,5,5,2.7241791725461573,25,1,29,False,False,90,combined
B73 X MO17,57.069252620237044,35.34136546184739,17.21517749865257,3,5,5,3.1653079141826077,23,1,30,False,False,90,combined
B73 X PHM49,56.09364286413948,25.046527573709472,16.164872249145755,4,5,5,0.9716189547285076,26,2,31,True,False,90,combined
PHP02 X LH185,54.8692330296797,23.293172690763054,18.978025812488344,4,5,5,1.9253291491223248,26,2,32,True,False,90,combined
PHJ40 X LH82,54.789891272406706,24.096385542168676,15.67473658447962,4,5,5,1.6379408954354175,26,2,33,True,False,90,combined
PHB47 X LH185,54.64002350866882,46.58634538152611,8.803420595357917,3,5,5,1.448354637379173,26,2,34,False,False,90,combined
LH185 X LH82,54.63022822999314,10.843373493975903,24.60783345110486,4,5,5,2.5175337635253525,24,1,35,True,False,90,combined
LH195 X LH185,54.206092663336264,13.253012048192772,23.342309885644553,3,5,5,0.903521368943722,25,1,36,False,False,90,combined
LH195 X LH123HT,54.20217455186601,39.68557155451072,11.16032029993678,3,5,5,1.3754481012208724,26,2,37,False,False,90,combined
LH82 X W606S,53.244196297384654,24.096385542168676,20.608281102438156,3,5,5,2.1824663766228043,26,2,38,False,False,90,combined
PHP02 X PHJ89,52.370457439514155,12.454696836124988,27.359259483584378,3,5,5,-0.18120248686803214,25,1,39,False,False,90,combined
PHK56 X 3IIH6,52.02762268586541,25.301204819277107,17.297435436893153,3,5,5,0.823872372207207,25,1,40,False,False,90,combined
B14A X MO17,51.321383093349006,30.522088353413654,15.177661637327336,3,5,5,0.9094138220244741,26,2,41,False,False,90,combined
LH82 X PHJ89,51.12743657557057,38.55421686746988,16.920175781388572,2,5,5,0.8500133661331812,26,2,42,False,False,90,combined
PHN46 X W606S,51.05201292976785,25.301204819277107,23.100672034148513,2,5,5,0.8887768613678739,26,2,43,False,False,90,combined
LH185 X W606S,50.12342051131354,27.710843373493976,21.44095178988433,2,5,5,-2.355577841355872,13,1,44,False,False,90,combined
LH145 X LH162,49.948085023018905,26.506024096385545,13.870218921319092,2,5,5,1.1996215306012659,26,2,45,False,False,90,combined
PHT69 X 3IIH6,49.196787148594375,38.95582329317269,11.744499101323203,2,5,5,0.6246683199678926,26,2,46,False,False,90,combined
4N506 X 3IIH6,48.83240278185915,9.63855421686747,21.714736962951903,3,5,5,0.8314694553404148,26,2,47,False,False,90,combined
LH195 X PHZ51,48.5140562248996,27.710843373493972,15.608804569350987,3,5,5,-2.7715765444496383,26,2,48,False,False,90,combined
PHK76 X LH82,48.483690861005,35.99275149378,12.518533080026378,2,5,5,0.12059011787513238,24,1,49,False,False,90,combined
PHP02 X PHN46,47.46987951807229,30.120481927710845,15.795747944767504,2,5,5,1.1574597722385829,25,1,50,False,False,90,combined
LH195 X 3IIH6,46.34048388676658,20.481927710843376,17.53351336942509,3,5,5,0.3159246979322452,26,2,51,False,False,90,combined
PHK76 X LH198,46.120090116563816,18.552257811734744,14.431012249068377,3,5,5,-0.6677123381229224,26,2,52,False,False,90,combined
PHW52 X PHZ51,45.759623861298856,36.42864139484769,8.48812438179007,2,5,5,-2.2063009434933196,25,1,53,False,False,90,combined
F42 X OH43,45.61563326476638,10.843373493975903,17.627455810779793,4,5,5,-0.540324032737028,26,2,54,True,False,90,combined
LH74 X PHN82,44.660593593887754,29.72867078068371,8.509860756405669,1,5,5,-1.329873457458676,26,2,55,False,False,90,combined
LH74 X PHM49,43.436183759427955,32.0403565481438,10.199884593694156,2,5,5,-1.2873253454141935,25,1,56,False,False,90,combined
PHW52 X LH185,43.11587814673327,19.27710843373494,19.745497492334238,2,5,5,-0.32913359403719084,26,2,57,False,False,90,combined
LH123HT X 3IIH6,42.31364482319522,18.473895582329316,22.53554649639938,2,5,5,-0.1739557064582499,25,1,58,False,False,90,combined
PHK76 X W606S,42.307767655989814,10.040160642570282,26.077027169175505,3,5,5,-1.7144077972714797,25,1,59,False,False,90,combined
2369 X LH123HT,42.09227152512489,24.919188950925655,10.952340031298384,1,5,5,-2.058326900917587,26,2,60,False,False,90,combined
PHK56 X LH145,40.980507395435396,21.686746987951807,19.157015843985057,2,5,5,-0.8750907628794344,13,1,61,False,False,90,combined
LH123HT X PHB47,37.944950533842686,22.891566265060238,12.632366596950732,1,5,5,-2.0155511703596614,26,2,62,False,False,90,combined
2369 X PHP02,37.35625428543442,15.662650602409638,16.712346579237447,1,5,5,-2.1404144053606102,26,2,63,False,False,90,combined
LH198 X PHB47,36.891958076207274,20.481927710843372,16.34023997182048,1,5,5,-2.0185121621513455,26,2,64,False,False,90,combined
B84 X 3IIH6,36.01821921833677,16.867469879518072,17.38335252035354,2,5,5,-2.464954426800554,26,2,65,False,False,90,combined
PHB47 X 3IIH6,33.93966108335782,13.25301204819277,11.146634798423504,0,5,5,-3.4677306970820494,26,2,66,False,False,90,combined
LH82 X PHB47,33.436183759427955,10.441767068273093,17.91505002323827,1,5,5,-3.605833116472291,26,2,67,False,False,90,combined
PHB47 X PHJ89,33.037515917327845,19.67871485943775,7.40030911847118,0,5,5,-3.3067849462464514,13,1,68,False,False,90,combined
B73 X PHZ51,29.973552747575667,13.25301204819277,17.23352056575618,1,5,5,-4.2509472971489854,26,2,69,False,False,90,combined
LH198 X PHZ51,28.51895386423744,18.072289156626507,11.524352463820527,0,5,5,-4.587977219713133,26,2,70,False,False,90,combined
PHK76 X 3IIH6,28.39063571358605,12.048192771084338,12.007488098286169,0,5,5,-4.9821108591532735,26,2,71,False,False,90,combined
PHP02 X PHB47,27.845038691350773,5.622489959839357,18.425314328651073,0,5,5,-5.817756683115144,26,2,72,False,False,90,combined
B37 X MO17,26.050543637966502,8.433734939759036,13.396133560389806,0,5,5,-4.794495817853279,26,2,73,False,False,90,combined
B37 X OH43,25.995690077382704,8.433734939759036,20.118332178137617,1,5,5,-7.005424683323609,26,2,74,False,False,90,combined
PHP02 X LH82,25.976099520031347,7.6305220883534135,14.003952794960266,0,5,5,-4.777314414349715,26,2,75,False,False,90,combined
LH185 X LH145,25.560779704182586,9.63855421686747,13.012524675245484,0,5,5,-5.946196714179091,13,1,76,False,False,90,combined
2369 X PHZ51,23.722205896757764,7.228915662650603,9.437108011277227,0,5,5,-6.100142468911344,25,1,77,False,False,90,combined
B105 X 3IIH6,12.813204035654815,4.4176706827309244,6.826123300926844,0,5,5,-11.079854217291356,26,2,78,False,False,90,combined
PHZ51 X LH145,10.970712116759723,1.2048192771084338,8.820120596121006,0,5,5,-14.644834017756262,26,2,79,False,False,90,combined
PHK76 X LH145,10.31638750122441,4.819277108433735,8.27899225168553,0,5,5,-13.118117378543664,26,2,80,False,False,90,combined
WF9 X H95,9.578803016945834,0.8032128514056226,13.997924270388735,0,5,5,-18.29573414560794,25,1,81,False,False,90,combined
LH195 X PHM49,7.98021353707513,0.0,7.522248273576576,0,5,5,-18.046367721792766,26,2,82,False,False,90,combined
PHP02 X LH145,7.716720540699383,2.0080321285140563,6.347834559079447,0,5,5,-15.01437202167726,26,2,83,False,False,90,combined
B37 X H95,2.658438632579097,0.4016064257028113,2.8273905192171904,0,5,5,-22.232507383879746,25,1,84,False,False,90,combined
SYNGENTA NK0760-3111,93.72024684102263,78.64139484768342,8.483140233342255,5,5,5,18.961864277644572,64,2,1,True,True,90,combined_uav
HOEGEMEYER 7089 AMXT,86.94191399745323,70.45254187481633,11.11224628456841,5,5,5,14.627372288640217,26,2,2,True,True,90,combined_uav
PIONEER P0589 AMXT,85.12097169164463,58.93819179155647,14.057091089539608,5,5,5,10.871225014619338,26,2,3,True,True,90,combined_uav
PHW52 X PHN82,82.48016456068176,69.02732882750514,8.753469224756682,5,5,5,8.146205723382492,26,2,4,True,True,90,combined_uav
HOEGEMEYER 8065RR,81.38505240474092,64.35498089920658,12.160742179560174,5,5,5,8.8531900685259,25,1,5,True,True,90,combined_uav
PHK56 X LH185,81.36546184738957,60.24096385542168,12.75465589801074,5,5,5,8.899828738181746,24,2,6,True,False,90,combined_uav
PHK56 X W606S,80.9472034479381,68.99304535214027,9.06867425421408,5,5,5,7.83417900531001,25,1,7,True,False,90,combined_uav
PHG39 X PHN82,79.72965030855127,65.06024096385542,11.215751662486356,5,5,5,9.999539015257326,13,1,8,True,False,90,combined_uav
PIONEER 1311 AMXT,78.81673033597806,44.2844548927417,18.075505225875116,4,5,5,8.915769716219604,26,2,9,True,False,90,combined_uav
PHB47 X PHK56,77.66774414732099,48.192771084337345,16.35762690755158,4,5,5,7.409108257639597,26,2,10,True,False,90,combined_uav
N209 X 3IIH6,75.3991576060339,57.83132530120482,11.10961231031764,5,5,5,6.600335009967743,26,2,11,True,False,90,combined_uav
PHN46 X PHK56,74.75560779704183,47.389558232931726,15.945945205418587,4,5,5,6.225350788138142,26,2,12,True,False,90,combined_uav
B73 X PHN82,71.71613282397884,60.6425702811245,8.626111934977274,5,5,5,5.452692422079489,25,1,13,True,False,90,combined_uav
PHK56 X LH198,70.83553727103535,56.98893133509648,14.091659077452167,5,5,5,5.106402919139597,26,2,14,True,False,90,combined_uav
F42 X MO17,68.21823880889411,52.208835341365464,10.074436451233808,5,5,5,4.785201625875592,25,1,15,True,False,90,combined_uav
PHP02 X W606S,67.83916152414535,55.42168674698795,13.149858493946985,5,5,5,4.534807154450819,26,2,16,True,False,90,combined_uav
PHK56 X LH82,66.52659418160447,33.837790185130764,21.073783816464257,4,5,5,4.643511359464617,26,2,17,True,False,90,combined_uav
PHJ40 X LH82,65.47164266823391,58.281908120286026,7.382617776509148,5,5,5,4.333912166541637,26,2,18,True,False,90,combined_uav
PHK56 X PHJ89,65.27475756685278,56.626506024096386,8.077253792256627,5,5,5,4.364415439952845,26,2,19,True,False,90,combined_uav
PHP02 X PHK56,64.592026643158,29.31726907630522,19.885400426393335,4,5,5,3.8677264513170626,26,2,20,True,False,90,combined_uav
PHW52 X PHM49,63.73591928690371,45.783132530120476,14.816530854520625,3,5,5,4.2290786366274675,25,1,21,False,False,90,combined_uav
2369 X 3IIH6,62.875893819179154,31.72690763052209,21.30019868854506,4,5,5,3.1826819758728733,26,2,22,True,False,90,combined_uav
PHP02 X LH198,62.829856009403464,49.799196787148595,10.61010804667154,4,5,5,3.495505819947361,26,2,23,True,False,90,combined_uav
PHP02 X PHK76,62.533059065530416,48.19277108433735,11.32085577336882,4,5,5,3.7133432510482534,26,2,24,True,False,90,combined_uav
B73 X MO17,62.19512195121952,43.77510040160643,10.422564080061571,4,5,5,4.141463088976352,23,1,25,True,False,90,combined_uav
2369 X PHN82,61.39876579488687,36.712704476442354,17.723259457496166,4,5,5,3.1703158871691546,26,2,26,True,False,90,combined_uav
B73 X 3IIH6,61.39386815554902,39.75903614457831,14.740990870511974,4,5,5,3.132269213877618,26,2,27,True,False,90,combined_uav
LH185 X W606S,60.72289156626506,30.120481927710845,25.218069574173477,3,5,5,1.0316161857369792,13,1,28,False,False,90,combined_uav
PHW52 X PHZ51,58.869624840826724,32.53012048192771,13.792638652633542,4,5,5,1.6578503650887768,25,1,29,True,False,90,combined_uav
2FACC X 3IIH6,57.73827015378588,33.734939759036145,19.826052494614483,3,5,5,3.007894510743236,26,2,30,False,False,90,combined_uav
LH185 X LH82,57.20050935449113,27.710843373493976,22.83148019770317,3,5,5,4.890393570211985,24,1,31,False,False,90,combined_uav
PHN46 X PHB47,56.48839259476931,25.301204819277107,20.91652909516784,3,5,5,2.544988222084907,26,2,32,False,False,90,combined_uav
LH82 X W606S,56.1964932902341,34.93975903614458,15.804096267229395,3,5,5,2.18270720424029,26,2,33,False,False,90,combined_uav
LH145 X LH162,55.42168674698795,16.867469879518072,22.011549567943327,3,5,5,2.1068444917836304,26,2,34,False,False,90,combined_uav
B73 X PHM49,54.81535899696346,30.7033010089137,17.035740848459717,3,5,5,0.9789860429229748,26,2,35,False,False,90,combined_uav
F42 X OH43,54.439220295817414,14.457831325301205,20.571528712488014,4,5,5,1.3251112176797464,26,2,36,True,False,90,combined_uav
PHG39 X PHM49,53.70457439514155,43.77510040160643,7.945575771912944,3,5,5,1.4656710178297223,26,2,37,False,False,90,combined_uav
PHW52 X LH185,53.386227838182,28.91566265060241,15.718930719609837,3,5,5,1.1659190800957493,26,2,38,False,False,90,combined_uav
LH195 X LH185,51.80233127632481,16.867469879518072,19.203833577852578,4,5,5,0.6072314658372495,25,1,39,True,False,90,combined_uav
LH195 X LH123HT,51.63972965030855,37.34939759036144,15.122576815120404,2,5,5,0.17153734464282508,26,2,40,False,False,90,combined_uav
PHP02 X PHJ89,50.201782740718976,16.4707610931531,20.481101911448434,3,5,5,-0.8653989060277482,25,1,41,False,False,90,combined_uav
PHB47 X LH185,49.359388774610636,37.34939759036144,8.68329350025389,2,5,5,0.7057421809306694,26,2,42,False,False,90,combined_uav
LH82 X PHJ89,49.205602899402486,36.54618473895582,10.669893425012301,2,5,5,-0.00393617851203878,26,2,43,False,False,90,combined_uav
PHK76 X LH198,48.29660103829954,19.39465177784308,18.50756937644378,2,5,5,-0.03473357649191087,26,2,44,False,False,90,combined_uav
PHP02 X PHG47,48.119306494269765,31.72690763052209,11.273924065938916,2,5,5,-0.24584124248874556,25,1,45,False,False,90,combined_uav
LH195 X PHZ51,48.11538838279949,23.30786560877657,17.791009744465644,2,5,5,-2.441087418447851,26,2,46,False,False,90,combined_uav
2369 X PHP02,47.71574101283181,25.702811244979916,13.598639580849389,2,5,5,-1.0477604048798281,26,2,47,False,False,90,combined_uav
PHT69 X 3IIH6,47.68537564893721,25.301204819277107,13.038326743958557,2,5,5,-0.0374304859433891,26,2,48,False,False,90,combined_uav
PHK76 X W606S,47.34841806249388,14.859437751004016,20.67244531832498,3,5,5,-0.7443192378768346,25,1,49,False,False,90,combined_uav
PHP02 X LH185,46.757762758350474,25.301204819277107,19.39197075338838,2,5,5,0.8014429795769281,26,2,50,False,False,90,combined_uav
PHP02 X PHN46,46.505044568517974,21.686746987951807,17.072314143164743,3,5,5,0.08818720457885547,25,1,51,False,False,90,combined_uav
PHK76 X LH82,45.815456949750214,36.144578313253014,9.894299962956639,1,5,5,0.10701399739475628,24,1,52,False,False,90,combined_uav
4N506 X 3IIH6,45.372710353609556,26.50602409638554,17.84417355876554,2,5,5,-0.08509275348520955,26,2,53,False,False,90,combined_uav
PHN46 X W606S,45.17582525222842,13.25301204819277,26.5222425196051,2,5,5,-0.8120810416986993,26,2,54,False,False,90,combined_uav
2369 X LH123HT,44.505828190812025,24.497991967871485,15.497767370203393,2,5,5,-1.3943192523172616,26,2,55,False,False,90,combined_uav
LH74 X PHN82,44.34616514839847,29.317269076305223,11.551692038872828,2,5,5,-1.3035461913123063,26,2,56,False,False,90,combined_uav
B14A X MO17,44.33539034185522,30.120481927710845,9.520699272993037,2,5,5,-0.7604076391064798,26,2,57,False,False,90,combined_uav
PHK56 X 3IIH6,44.23939661083358,19.27710843373494,15.475242812726725,2,5,5,-1.033444679836405,25,1,58,False,False,90,combined_uav
LH195 X 3IIH6,41.200901165638165,24.096385542168676,16.39798508384531,1,5,5,-1.3581681165956458,26,2,59,False,False,90,combined_uav
2369 X PHZ51,41.1538838279949,20.883534136546185,15.534298573731819,1,5,5,-2.0721852625733184,25,1,60,False,False,90,combined_uav
LH198 X PHB47,38.68057596238613,20.481927710843372,14.808578756441355,1,5,5,-2.0303551407359985,26,2,61,False,False,90,combined_uav
PHP02 X LH82,36.85375648937212,9.23694779116466,23.362732783606873,2,5,5,-3.334132885810219,26,2,62,False,False,90,combined_uav
B84 X 3IIH6,36.32970908022333,18.072289156626507,20.542362784616707,1,5,5,-3.1212979508623966,26,2,63,False,False,90,combined_uav
LH123HT X PHB47,36.24057204427466,13.654618473895582,14.622242137470963,1,5,5,-3.9667658607621403,26,2,64,False,False,90,combined_uav
PHB47 X 3IIH6,34.56949750220394,22.891566265060238,6.207290277935294,0,5,5,-3.8520417943034175,26,2,65,False,False,90,combined_uav
PHK56 X LH145,32.62709374081693,17.670682730923698,11.941961873022114,1,5,5,-3.5819409389781804,13,1,66,False,False,90,combined_uav
B73 X PHZ51,32.53403859339799,14.056224899598392,15.709524412118977,1,5,5,-4.440963375365525,26,2,67,False,False,90,combined_uav
LH198 X PHZ51,32.29111568224116,12.861200901165638,12.930029947150192,1,5,5,-4.135131802489793,26,2,68,False,False,90,combined_uav
LH123HT X 3IIH6,31.532961112743656,10.843373493975903,21.882085532884176,1,5,5,-3.8792034600283345,25,1,69,False,False,90,combined_uav
LH74 X PHM49,30.497600156724463,22.89156626506024,7.330617981722144,0,5,5,-4.062787384612663,25,1,70,False,False,90,combined_uav
LH82 X PHB47,30.391811147027134,8.433734939759036,15.438270822979575,1,5,5,-5.56572669954924,26,2,71,False,False,90,combined_uav
PHK76 X 3IIH6,27.909687530610245,7.228915662650603,13.440644237549279,0,5,5,-5.85931143598769,26,2,72,False,False,90,combined_uav
PHB47 X PHJ89,27.645215006366932,14.457831325301205,9.675659858277376,0,5,5,-5.079022405550742,13,1,73,False,False,90,combined_uav
B37 X MO17,26.465863453815263,6.024096385542169,17.30471712063644,1,5,5,-5.821984949594593,26,2,74,False,False,90,combined_uav
PHP02 X PHB47,26.003526300323244,7.228915662650603,16.038664873003114,0,5,5,-5.936143472527694,26,2,75,False,False,90,combined_uav
LH185 X LH145,25.38740327162308,9.63855421686747,14.929659523630074,1,5,5,-6.820142458905347,13,1,76,False,False,90,combined_uav
B37 X OH43,16.91252816142619,4.016064257028113,15.080211970248728,0,5,5,-10.436643720241907,26,2,77,False,False,90,combined_uav
PHZ51 X LH145,16.363992555588208,2.4096385542168677,16.19023871387316,0,5,5,-11.889079211371323,26,2,78,False,False,90,combined_uav
PHK76 X LH145,15.811538838279949,3.6144578313253013,18.277902239548503,1,5,5,-12.06615531542022,26,2,79,False,False,90,combined_uav
B105 X 3IIH6,13.932804388284847,6.024096385542169,7.0196102611931686,0,5,5,-11.261879705638046,26,2,80,False,False,90,combined_uav
WF9 X H95,9.746302282299933,0.0,15.354458480143276,0,5,5,-17.954748914127958,25,1,81,False,False,90,combined_uav
PHP02 X LH145,8.612009011656381,3.2128514056224904,7.460171696729281,0,5,5,-14.587357958034335,26,2,82,False,False,90,combined_uav
LH195 X PHM49,7.674600842393966,0.0,10.872208662554312,0,5,5,-18.47402702799493,26,2,83,False,False,90,combined_uav
B37 X H95,3.86815554902537,0.4016064257028113,4.493706625195707,0,5,5,-21.23368936174253,25,1,84,False,False,90,combined_uav
2369 X 3IIH6,50.0,50.0,0.0,0,5,5,9.473903143468004e-16,26,2,1,False,False,90,mean
2369 X LH123HT,50.0,50.0,0.0,0,5,5,9.473903143468004e-16,26,2,2,False,False,90,mean
2369 X PHN82,50.0,50.0,0.0,0,5,5,9.473903143468004e-16,26,2,3,False,False,90,mean
2369 X PHP02,50.0,50.0,0.0,0,5,5,9.473903143468004e-16,26,2,4,False,False,90,mean
2369 X PHZ51,50.0,50.0,0.0,0,5,5,9.473903143468004e-16,25,1,5,False,False,90,mean
2FACC X 3IIH6,50.0,50.0,0.0,0,5,5,9.473903143468004e-16,26,2,6,False,False,90,mean
4N506 X 3IIH6,50.0,50.0,0.0,0,5,5,9.473903143468004e-16,26,2,7,False,False,90,mean
B105 X 3IIH6,50.0,50.0,0.0,0,5,5,9.473903143468004e-16,26,2,8,False,False,90,mean
B14A X MO17,50.0,50.0,0.0,0,5,5,9.473903143468004e-16,26,2,9,False,False,90,mean
B37 X H95,50.0,50.0,0.0,0,5,5,9.473903143468004e-16,25,1,10,False,False,90,mean
B37 X MO17,50.0,50.0,0.0,0,5,5,9.473903143468004e-16,26,2,11,False,False,90,mean
B37 X OH43,50.0,50.0,0.0,0,5,5,9.473903143468004e-16,26,2,12,False,False,90,mean
B73 X 3IIH6,50.0,50.0,0.0,0,5,5,9.473903143468004e-16,26,2,13,False,False,90,mean
B73 X MO17,50.0,50.0,0.0,0,5,5,9.473903143468004e-16,23,1,14,False,False,90,mean
B73 X PHM49,50.0,50.0,0.0,0,5,5,9.473903143468004e-16,26,2,15,False,False,90,mean
B73 X PHN82,50.0,50.0,0.0,0,5,5,9.473903143468004e-16,25,1,16,False,False,90,mean
B73 X PHZ51,50.0,50.0,0.0,0,5,5,9.473903143468004e-16,26,2,17,False,False,90,mean
B84 X 3IIH6,50.0,50.0,0.0,0,5,5,9.473903143468004e-16,26,2,18,False,False,90,mean
F42 X MO17,50.0,50.0,0.0,0,5,5,9.473903143468004e-16,25,1,19,False,False,90,mean
F42 X OH43,50.0,50.0,0.0,0,5,5,9.473903143468004e-16,26,2,20,False,False,90,mean
HOEGEMEYER 7089 AMXT,50.0,50.0,0.0,0,5,5,9.473903143468004e-16,26,2,21,False,False,90,mean
HOEGEMEYER 8065RR,50.0,50.0,0.0,0,5,5,9.473903143468004e-16,25,1,22,False,False,90,mean
LH123HT X 3IIH6,50.0,50.0,0.0,0,5,5,9.473903143468004e-16,25,1,23,False,False,90,mean
LH123HT X PHB47,50.0,50.0,0.0,0,5,5,9.473903143468004e-16,26,2,24,False,False,90,mean
LH145 X LH162,50.0,50.0,0.0,0,5,5,9.473903143468004e-16,26,2,25,False,False,90,mean
LH185 X LH145,50.0,50.0,0.0,0,5,5,9.473903143468004e-16,13,1,26,False,False,90,mean
LH185 X LH82,50.0,50.0,0.0,0,5,5,9.473903143468004e-16,24,1,27,False,False,90,mean
LH185 X W606S,50.0,50.0,0.0,0,5,5,9.473903143468004e-16,13,1,28,False,False,90,mean
LH195 X 3IIH6,50.0,50.0,0.0,0,5,5,9.473903143468004e-16,26,2,29,False,False,90,mean
LH195 X LH123HT,50.0,50.0,0.0,0,5,5,9.473903143468004e-16,26,2,30,False,False,90,mean
LH195 X LH185,50.0,50.0,0.0,0,5,5,9.473903143468004e-16,25,1,31,False,False,90,mean
LH195 X PHM49,50.0,50.0,0.0,0,5,5,9.473903143468004e-16,26,2,32,False,False,90,mean
LH195 X PHZ51,50.0,50.0,0.0,0,5,5,9.473903143468004e-16,26,2,33,False,False,90,mean
LH198 X PHB47,50.0,50.0,0.0,0,5,5,9.473903143468004e-16,26,2,34,False,False,90,mean
LH198 X PHZ51,50.0,50.0,0.0,0,5,5,9.473903143468004e-16,26,2,35,False,False,90,mean
LH74 X PHM49,50.0,50.0,0.0,0,5,5,9.473903143468004e-16,25,1,36,False,False,90,mean
LH74 X PHN82,50.0,50.0,0.0,0,5,5,9.473903143468004e-16,26,2,37,False,False,90,mean
LH82 X PHB47,50.0,50.0,0.0,0,5,5,9.473903143468004e-16,26,2,38,False,False,90,mean
LH82 X PHJ89,50.0,50.0,0.0,0,5,5,9.473903143468004e-16,26,2,39,False,False,90,mean
LH82 X W606S,50.0,50.0,0.0,0,5,5,9.473903143468004e-16,26,2,40,False,False,90,mean
N209 X 3IIH6,50.0,50.0,0.0,0,5,5,9.473903143468004e-16,26,2,41,False,False,90,mean
PHB47 X 3IIH6,50.0,50.0,0.0,0,5,5,9.473903143468004e-16,26,2,42,False,False,90,mean
PHB47 X LH185,50.0,50.0,0.0,0,5,5,9.473903143468004e-16,26,2,43,False,False,90,mean
PHB47 X PHJ89,50.0,50.0,0.0,0,5,5,9.473903143468004e-16,13,1,44,False,False,90,mean
PHB47 X PHK56,50.0,50.0,0.0,0,5,5,9.473903143468004e-16,26,2,45,False,False,90,mean
PHG39 X PHM49,50.0,50.0,0.0,0,5,5,9.473903143468004e-16,26,2,46,False,False,90,mean
PHG39 X PHN82,50.0,50.0,0.0,0,5,5,9.473903143468004e-16,13,1,47,False,False,90,mean
PHJ40 X LH82,50.0,50.0,0.0,0,5,5,9.473903143468004e-16,26,2,48,False,False,90,mean
PHK56 X 3IIH6,50.0,50.0,0.0,0,5,5,9.473903143468004e-16,25,1,49,False,False,90,mean
PHK56 X LH145,50.0,50.0,0.0,0,5,5,9.473903143468004e-16,13,1,50,False,False,90,mean
PHK56 X LH185,50.0,50.0,0.0,0,5,5,0.0,24,2,51,False,False,90,mean
PHK56 X LH198,50.0,50.0,0.0,0,5,5,9.473903143468004e-16,26,2,52,False,False,90,mean
PHK56 X LH82,50.0,50.0,0.0,0,5,5,9.473903143468004e-16,26,2,53,False,False,90,mean
PHK56 X PHJ89,50.0,50.0,0.0,0,5,5,9.473903143468004e-16,26,2,54,False,False,90,mean
PHK56 X W606S,50.0,50.0,0.0,0,5,5,9.473903143468004e-16,25,1,55,False,False,90,mean
PHK76 X 3IIH6,50.0,50.0,0.0,0,5,5,9.473903143468004e-16,26,2,56,False,False,90,mean
PHK76 X LH145,50.0,50.0,0.0,0,5,5,9.473903143468004e-16,26,2,57,False,False,90,mean
PHK76 X LH198,50.0,50.0,0.0,0,5,5,9.473903143468004e-16,26,2,58,False,False,90,mean
PHK76 X LH82,50.0,50.0,0.0,0,5,5,9.473903143468004e-16,24,1,59,False,False,90,mean
PHK76 X W606S,50.0,50.0,0.0,0,5,5,9.473903143468004e-16,25,1,60,False,False,90,mean
PHN46 X PHB47,50.0,50.0,0.0,0,5,5,9.473903143468004e-16,26,2,61,False,False,90,mean
PHN46 X PHK56,50.0,50.0,0.0,0,5,5,9.473903143468004e-16,26,2,62,False,False,90,mean
PHN46 X W606S,50.0,50.0,0.0,0,5,5,9.473903143468004e-16,26,2,63,False,False,90,mean
PHP02 X LH145,50.0,50.0,0.0,0,5,5,9.473903143468004e-16,26,2,64,False,False,90,mean
PHP02 X LH185,50.0,50.0,0.0,0,5,5,9.473903143468004e-16,26,2,65,False,False,90,mean
PHP02 X LH198,50.0,50.0,0.0,0,5,5,9.473903143468004e-16,26,2,66,False,False,90,mean
PHP02 X LH82,50.0,50.0,0.0,0,5,5,9.473903143468004e-16,26,2,67,False,False,90,mean
PHP02 X PHB47,50.0,50.0,0.0,0,5,5,9.473903143468004e-16,26,2,68,False,False,90,mean
PHP02 X PHG47,50.0,50.0,0.0,0,5,5,9.473903143468004e-16,25,1,69,False,False,90,mean
PHP02 X PHJ89,50.0,50.0,0.0,0,5,5,9.473903143468004e-16,25,1,70,False,False,90,mean
PHP02 X PHK56,50.0,50.0,0.0,0,5,5,9.473903143468004e-16,26,2,71,False,False,90,mean
PHP02 X PHK76,50.0,50.0,0.0,0,5,5,9.473903143468004e-16,26,2,72,False,False,90,mean
PHP02 X PHN46,50.0,50.0,0.0,0,5,5,9.473903143468004e-16,25,1,73,False,False,90,mean
PHP02 X W606S,50.0,50.0,0.0,0,5,5,9.473903143468004e-16,26,2,74,False,False,90,mean
PHT69 X 3IIH6,50.0,50.0,0.0,0,5,5,9.473903143468004e-16,26,2,75,False,False,90,mean
PHW52 X LH185,50.0,50.0,0.0,0,5,5,9.473903143468004e-16,26,2,76,False,False,90,mean
PHW52 X PHM49,50.0,50.0,0.0,0,5,5,9.473903143468004e-16,25,1,77,False,False,90,mean
PHW52 X PHN82,50.0,50.0,0.0,0,5,5,9.473903143468004e-16,26,2,78,False,False,90,mean
PHW52 X PHZ51,50.0,50.0,0.0,0,5,5,9.473903143468004e-16,25,1,79,False,False,90,mean
PHZ51 X LH145,50.0,50.0,0.0,0,5,5,9.473903143468004e-16,26,2,80,False,False,90,mean
PIONEER 1311 AMXT,50.0,50.0,0.0,0,5,5,9.473903143468004e-16,26,2,81,False,False,90,mean
PIONEER P0589 AMXT,50.0,50.0,0.0,0,5,5,9.473903143468004e-16,26,2,82,False,False,90,mean
SYNGENTA NK0760-3111,50.0,50.0,0.0,0,5,5,3.789561257387201e-15,64,2,83,False,False,90,mean
WF9 X H95,50.0,50.0,0.0,0,5,5,9.473903143468004e-16,25,1,84,False,False,90,mean
PIONEER P0589 AMXT,98.07130962875894,96.3855421686747,0.9631224880281528,5,5,5,6.311172492345408,26,2,1,True,True,90,ridge_agronomy
HOEGEMEYER 7089 AMXT,97.83132530120483,96.3855421686747,1.4050486493603123,5,5,5,6.252249186384526,26,2,2,True,True,90,ridge_agronomy
HOEGEMEYER 8065RR,97.588402390048,96.3855421686747,0.7620046901393257,5,5,5,6.287324092809914,25,1,3,True,True,90,ridge_agronomy
PIONEER 1311 AMXT,94.93682045254188,92.7710843373494,1.1768871410437547,5,5,5,4.2471407132068055,26,2,4,True,True,90,ridge_agronomy
SYNGENTA NK0760-3111,94.91918895092564,74.59594475462826,10.161622098148694,5,5,5,7.197844771599708,64,2,5,True,True,90,ridge_agronomy
PHW52 X PHN82,94.21294935840925,92.7710843373494,0.8974399896922152,5,5,5,3.553473293998058,26,2,6,True,False,90,ridge_agronomy
PHK56 X LH82,90.11558428837301,85.5421686746988,3.519650132649932,5,5,5,2.503970562962034,26,2,7,True,False,90,ridge_agronomy
PHK56 X LH198,90.10676853756488,83.06396316975218,3.5521845793534808,5,5,5,2.4933869367207966,26,2,8,True,False,90,ridge_agronomy
PHP02 X PHK56,89.63071799392692,85.5421686746988,2.0980343652346716,5,5,5,2.380098034746158,26,2,9,True,False,90,ridge_agronomy
B73 X PHN82,89.14585169948086,83.13253012048193,3.966050637808398,5,5,5,2.3568363522718108,25,1,10,True,False,90,ridge_agronomy
N209 X 3IIH6,88.9068468997943,87.95180722891567,0.8994178283303483,5,5,5,2.2881074253868072,26,2,11,True,False,90,ridge_agronomy
PHB47 X PHK56,85.28847095699874,83.13253012048193,1.4139863918918727,5,5,5,1.8555008563200701,26,2,12,True,False,90,ridge_agronomy
LH185 X LH82,84.81242041336075,79.51807228915662,4.340091120586405,5,5,5,1.8732108826205145,24,1,13,True,False,90,ridge_agronomy
PHP02 X W606S,81.66421784699774,72.17651092173573,5.859573365222654,5,5,5,1.6539833870633314,26,2,14,True,False,90,ridge_agronomy
PHG39 X PHN82,80.71701439905965,67.46987951807229,9.040363208480837,5,5,5,1.6437753523485132,13,1,15,True,False,90,ridge_agronomy
PHW52 X PHM49,77.82153002252915,71.08433734939759,6.4773664951274315,5,5,5,1.396088035396392,25,1,16,True,False,90,ridge_agronomy
2FACC X 3IIH6,76.91938485649916,64.11499657165247,6.603101613648363,5,5,5,1.3994366630045196,26,2,17,True,False,90,ridge_agronomy
LH82 X PHJ89,76.61475168968556,67.46987951807229,6.521177186445595,5,5,5,1.270232534351768,26,2,18,True,False,90,ridge_agronomy
PHK56 X W606S,75.64697815652855,62.650602409638545,7.112660429441328,5,5,5,1.2596769577453624,25,1,19,True,False,90,ridge_agronomy
PHP02 X PHJ89,74.26584386325791,60.48584582231365,9.402494888803918,5,5,5,1.2976286319843369,25,1,20,True,False,90,ridge_agronomy
PHK56 X PHJ89,73.95925164070918,66.26506024096386,6.567492935256147,5,5,5,1.208859870309872,26,2,21,True,False,90,ridge_agronomy
PHP02 X LH198,73.3039474973063,62.905279655206186,5.364231595594308,5,5,5,1.2037625910264103,26,2,22,True,False,90,ridge_agronomy
2369 X 3IIH6,71.37525712606524,61.69556273875992,5.372855986089044,5,5,5,1.0945612170097732,26,2,23,True,False,90,ridge_agronomy
PHK56 X LH185,70.12048192771084,53.01204819277108,10.005079273265876,5,5,5,1.0964385082629695,24,2,24,True,False,90,ridge_agronomy
PHW52 X LH185,69.21148006660789,59.03614457831325,10.002236045996044,5,5,5,0.9036175151497033,26,2,25,True,False,90,ridge_agronomy
B73 X 3IIH6,68.71485943775102,49.5983935742972,14.762737562798398,4,5,5,1.1017256431230735,26,2,26,True,False,90,ridge_agronomy
PHP02 X PHG47,67.28181016749927,56.626506024096386,7.809019290857081,5,5,5,0.8161248134381722,25,1,27,True,False,90,ridge_agronomy
LH82 X W606S,66.2454696836125,37.34939759036145,14.624585281574387,4,5,5,0.749246096268069,26,2,28,True,False,90,ridge_agronomy
PHN46 X PHB47,66.07111372318542,58.066411989421105,5.116633550986135,5,5,5,0.7590037723323543,26,2,29,True,False,90,ridge_agronomy
LH195 X LH185,65.52747575668528,48.19277108433735,11.449516674959654,4,5,5,0.6475590779789252,25,1,30,True,False,90,ridge_agronomy
PHG39 X PHM49,61.984523459692426,55.42168674698795,5.121733823028204,5,5,5,0.5015038204786706,26,2,31,True,False,90,ridge_agronomy
F42 X MO17,61.72788715838966,50.808110490743466,8.23662705655114,5,5,5,0.4908930816945992,25,1,32,True,False,90,ridge_agronomy
PHP02 X PHK76,61.00695464785973,51.80722891566265,9.252268695382263,5,5,5,0.5865291754167775,26,2,33,True,False,90,ridge_agronomy
2369 X PHN82,59.08120286022138,44.57831325301205,10.895537467037027,4,5,5,0.42566659836036963,26,2,34,True,False,90,ridge_agronomy
PHJ40 X LH82,58.053678127142724,28.91566265060241,15.895983217340273,4,5,5,0.273150844409489,26,2,35,True,False,90,ridge_agronomy
PHK76 X LH82,57.877363110980504,51.80722891566265,5.642030860351133,5,5,5,0.40983280073137535,24,1,36,True,False,90,ridge_agronomy
LH185 X W606S,55.70085218924478,47.17895974140464,5.348561213511699,4,5,5,0.25259051983886943,13,1,37,True,False,90,ridge_agronomy
B73 X MO17,54.49995102360661,39.75903614457831,8.278350644784474,4,5,5,0.19317734521223429,23,1,38,True,False,90,ridge_agronomy
LH195 X 3IIH6,54.494073856401215,44.7595259085121,9.703866533543676,3,5,5,0.2776631237211352,26,2,39,False,False,90,ridge_agronomy
PHB47 X LH185,53.04143402879812,36.29150749338819,11.076441183485832,3,5,5,0.11384750020221332,26,2,40,False,False,90,ridge_agronomy
PHT69 X 3IIH6,52.82495837006563,44.57831325301205,8.550790413458902,2,5,5,0.07847758983039672,26,2,41,False,False,90,ridge_agronomy
PHN46 X W606S,50.16847879322167,38.55421686746988,6.73362937110699,3,5,5,0.03526095456810907,26,2,42,False,False,90,ridge_agronomy
PHP02 X PHN46,50.15770398667842,45.783132530120476,4.035942956465622,2,5,5,0.06941695464107292,25,1,43,False,False,90,ridge_agronomy
PHN46 X PHK56,49.37995885982956,27.710843373493976,18.839090568351246,2,5,5,-0.07676308081219596,26,2,44,False,False,90,ridge_agronomy
B73 X PHM49,47.505142521304734,18.072289156626507,19.00578645877376,2,5,5,-0.10789572827806777,26,2,45,False,False,90,ridge_agronomy
LH145 X LH162,46.00254677245567,26.50602409638554,15.844434886132987,2,5,5,-0.17209463971233802,26,2,46,False,False,90,ridge_agronomy
2369 X PHP02,44.845724360858064,32.66235674404937,6.698851796816257,1,5,5,-0.28053069266713304,26,2,47,False,False,90,ridge_agronomy
B14A X MO17,44.63414634146341,36.144578313253014,12.254987263140196,1,5,5,-0.22381615947303574,26,2,48,False,False,90,ridge_agronomy
LH74 X PHN82,44.622392007052596,36.144578313253014,6.305559532086166,1,5,5,-0.22276893565331238,26,2,49,False,False,90,ridge_agronomy
PHW52 X PHZ51,42.448819668919576,33.734939759036145,6.246081704915053,1,5,5,-0.2628373808943446,25,1,50,False,False,90,ridge_agronomy
PHK56 X 3IIH6,41.95807620726809,25.301204819277107,11.300343950835213,1,5,5,-0.40029344912068393,25,1,51,False,False,90,ridge_agronomy
PHK76 X LH198,41.23910275247331,37.34939759036145,2.471720521092313,0,5,5,-0.3462287612070275,26,2,52,False,False,90,ridge_agronomy
4N506 X 3IIH6,39.549417180918795,20.481927710843372,11.10272710794208,1,5,5,-0.529415892350875,26,2,53,False,False,90,ridge_agronomy
LH74 X PHM49,38.34165932020766,33.734939759036145,5.338068844309656,0,5,5,-0.6665665944982356,25,1,54,False,False,90,ridge_agronomy
LH195 X PHZ51,34.49015574493094,27.710843373493976,5.122816873658423,0,5,5,-0.8076019536069532,26,2,55,False,False,90,ridge_agronomy
F42 X OH43,33.75942795572534,21.686746987951807,11.42227778172111,1,5,5,-0.9494662640346239,26,2,56,False,False,90,ridge_agronomy
2369 X PHZ51,32.54775198354393,18.072289156626507,12.2949101815427,1,5,5,-0.9238003116480911,25,1,57,False,False,90,ridge_agronomy
PHP02 X LH185,31.599569007738268,25.301204819277107,5.250894330226647,0,5,5,-0.9859280822116361,26,2,58,False,False,90,ridge_agronomy
LH198 X PHZ51,31.58683514545989,22.891566265060238,7.186987341543333,0,5,5,-0.9874587342277442,26,2,59,False,False,90,ridge_agronomy
PHB47 X PHJ89,31.352727985111176,21.686746987951807,8.92649372634597,0,5,5,-0.935007526720056,13,1,60,False,False,90,ridge_agronomy
B84 X 3IIH6,30.618082084435304,19.355470663140366,5.999482728012679,0,5,5,-0.9849764769896978,26,2,61,False,False,90,ridge_agronomy
LH185 X LH145,29.662062885689096,15.662650602409636,9.892594069907801,0,5,5,-1.1511339420408162,13,1,62,False,False,90,ridge_agronomy
PHK56 X LH145,25.56763639925556,18.072289156626507,4.371471224823354,0,5,5,-1.2462666143987382,13,1,63,False,False,90,ridge_agronomy
PHB47 X 3IIH6,24.83005191497698,13.306886080909,9.275435039057193,0,5,5,-1.365013416607837,26,2,64,False,False,90,ridge_agronomy
B73 X PHZ51,23.636007444411796,16.867469879518072,3.559243600766932,0,5,5,-1.390814639951893,26,2,65,False,False,90,ridge_agronomy
LH198 X PHB47,23.152120677833285,19.27710843373494,3.6118612825512004,0,5,5,-1.475194013840829,26,2,66,False,False,90,ridge_agronomy
PHK76 X W606S,22.191203839749242,9.63855421686747,7.734661177911465,0,5,5,-1.552741561290874,25,1,67,False,False,90,ridge_agronomy
LH195 X LH123HT,21.460476050543637,10.843373493975903,7.853749378601805,0,5,5,-1.6146140161327847,26,2,68,False,False,90,ridge_agronomy
LH123HT X 3IIH6,21.216573611519244,13.25301204819277,10.892200138359549,0,5,5,-1.7626596804253025,25,1,69,False,False,90,ridge_agronomy
PHK76 X 3IIH6,17.607013419531786,10.843373493975903,3.635901362529508,0,5,5,-1.751176242629501,26,2,70,False,False,90,ridge_agronomy
PHP02 X LH82,17.12704476442355,12.048192771084338,3.7926453840202403,0,5,5,-1.8474371637756295,26,2,71,False,False,90,ridge_agronomy
LH123HT X PHB47,16.875306102458616,9.677735331570183,6.975697650887133,0,5,5,-1.9054007619674418,26,2,72,False,False,90,ridge_agronomy
2369 X LH123HT,15.430502497796061,9.63855421686747,6.249355246423098,0,5,5,-2.0923385741961797,26,2,73,False,False,90,ridge_agronomy
PHP02 X PHB47,14.471544715447152,12.048192771084338,1.7233745490956833,0,5,5,-2.107349393211301,26,2,74,False,False,90,ridge_agronomy
LH82 X PHB47,13.744735037711823,9.63855421686747,4.730737913849221,0,5,5,-2.154346545613258,26,2,75,False,False,90,ridge_agronomy
B37 X MO17,12.301890488784405,8.433734939759036,2.5895582436026108,0,5,5,-2.44119471316849,26,2,76,False,False,90,ridge_agronomy
B105 X 3IIH6,8.440591634832012,7.228915662650603,0.7621180048169253,0,5,5,-2.8029114167884406,26,2,77,False,False,90,ridge_agronomy
PHZ51 X LH145,6.269957880301694,4.819277108433735,0.9003475740208793,0,5,5,-3.7760644154928498,26,2,78,False,False,90,ridge_agronomy
PHK76 X LH145,5.787050641590754,3.6144578313253013,1.59602817133322,0,5,5,-3.9749770206255173,26,2,79,False,False,90,ridge_agronomy
PHP02 X LH145,5.307081986482515,3.6144578313253013,1.2379217230461619,0,5,5,-4.068174120492264,26,2,80,False,False,90,ridge_agronomy
B37 X OH43,4.099324125771378,2.4096385542168677,1.6334401837417427,0,5,5,-4.353541536213565,26,2,81,False,False,90,ridge_agronomy
LH195 X PHM49,1.9277108433734942,0.0,1.6342963814759686,0,5,5,-5.587873098058461,26,2,82,False,False,90,ridge_agronomy
B37 X H95,1.687726515819375,1.2048192771084338,0.5894414240377294,0,5,5,-5.89075404671207,25,1,83,False,False,90,ridge_agronomy
WF9 X H95,0.48388676657850915,0.0,0.9677735331570183,0,5,5,-6.564152574408351,25,1,84,False,False,90,ridge_agronomy
HOEGEMEYER 8065RR,88.85003428347537,67.54334410813988,10.811142571505382,5,5,5,11.528992004004285,25,1,1,True,True,90,ridge_combined
SYNGENTA NK0760-3111,86.62748555196396,41.16955627387599,22.888775383571865,4,5,5,14.926521895842843,64,2,2,True,True,90,ridge_combined
PIONEER P0589 AMXT,84.62043295131748,39.9696346361054,22.44141065459065,4,5,5,10.303674029831365,26,2,3,True,True,90,ridge_combined
HOEGEMEYER 7089 AMXT,84.27465961406602,37.43755509844255,23.524375691264698,4,5,5,13.114314686239414,26,2,4,True,True,90,ridge_combined
PIONEER 1311 AMXT,81.85914389264374,37.0065628367127,22.679988330275407,4,5,5,8.840738376494617,26,2,5,True,True,90,ridge_combined
PHW52 X PHN82,75.8801057890097,56.50896267998825,14.912708260101956,5,5,5,7.935116294119853,26,2,6,True,False,90,ridge_combined
PHG39 X PHN82,74.98579684592026,52.84063081594672,13.729685265588373,5,5,5,7.488171826956778,13,1,7,True,False,90,ridge_combined
PHK56 X LH82,72.78675678323049,22.969928494465666,25.3377451225241,4,5,5,4.752893954416539,26,2,8,True,False,90,ridge_combined
B73 X PHN82,70.75325693015967,49.397590361445786,14.861245473690653,4,5,5,2.74949647506358,25,1,9,True,False,90,ridge_combined
PHK56 X W606S,69.50827701048095,31.477128024292295,25.516572426737685,4,5,5,4.868647667883325,25,1,10,True,False,90,ridge_combined
PHJ40 X LH82,69.08610049955921,53.01204819277108,15.223117360684382,5,5,5,7.037171729672153,26,2,11,True,False,90,ridge_combined
N209 X 3IIH6,68.15652855323734,55.42168674698795,10.709809569071838,5,5,5,4.2556640558687,26,2,12,True,False,90,ridge_combined
PHB47 X PHK56,67.9508277010481,39.75903614457831,14.451680891536183,4,5,5,3.711366919765015,26,2,13,True,False,90,ridge_combined
PHK56 X LH185,66.86746987951807,51.80722891566265,11.99990322697709,5,5,5,3.443709707177966,24,2,14,True,False,90,ridge_combined
LH82 X W606S,66.72445881085316,41.36546184738956,15.395752870289117,4,5,5,4.80064634709206,26,2,15,True,False,90,ridge_combined
PHK56 X LH198,66.09560191987461,53.81526104417671,12.823121090668034,5,5,5,3.36418255978642,26,2,16,True,False,90,ridge_combined
LH185 X LH82,65.39523949456363,19.27710843373494,24.858053177459574,4,5,5,7.271744601654602,24,1,17,True,False,90,ridge_combined
LH82 X PHJ89,64.96228817709864,49.397590361445786,11.777972770236046,4,5,5,3.8591481107868857,26,2,18,True,False,90,ridge_combined
PHP02 X PHK56,64.34616514839847,45.783132530120476,15.029050409345476,4,5,5,1.8664364380817993,26,2,19,True,False,90,ridge_combined
2369 X PHZ51,62.87491429131158,48.10951121559409,13.522166472676538,4,5,5,4.588632941700011,25,1,20,True,False,90,ridge_combined
2369 X PHN82,62.69566069154668,49.397590361445786,10.30755010825453,4,5,5,2.2276246655839493,26,2,21,True,False,90,ridge_combined
PHK56 X LH145,62.35576452150063,53.81526104417671,11.896553024235864,5,5,5,3.060488631043685,13,1,22,True,False,90,ridge_combined
B73 X MO17,60.023508668821634,43.77510040160643,13.282110957471003,4,5,5,1.5913745074755172,23,1,23,True,False,90,ridge_combined
F42 X MO17,57.36800861984523,51.40562248995983,6.868060490843716,5,5,5,1.6729360900120593,25,1,24,True,False,90,ridge_combined
LH195 X LH123HT,57.028112449799195,25.702811244979923,24.699284939800894,3,5,5,-0.2951070086745352,26,2,25,False,False,90,ridge_combined
PHP02 X W606S,56.493290234107164,36.683318640415315,14.54616046412137,3,5,5,0.5582018870480719,26,2,26,False,False,90,ridge_combined
LH185 X W606S,55.990792438044856,16.867469879518072,27.764178289157503,3,5,5,-1.2019006844504787,13,1,27,False,False,90,ridge_combined
PHK56 X PHJ89,55.315897737290626,20.481927710843376,18.358223804170933,4,5,5,-0.1797719194419587,26,2,28,True,False,90,ridge_combined
PHG39 X PHM49,54.6037809775688,40.562248995983936,12.451855958348522,3,5,5,2.6179609125627015,26,2,29,False,False,90,ridge_combined
PHN46 X PHK56,53.6908610049956,45.96434518562054,6.894718188329781,2,5,5,0.8372244651403558,26,2,30,False,False,90,ridge_combined
LH185 X LH145,52.391027524733076,36.54618473895582,18.445313014489656,1,5,5,3.0120951829178773,13,1,31,False,False,90,ridge_combined
PHW52 X PHM49,52.3205015182682,38.152610441767074,10.950964903920514,3,5,5,2.327487128645683,25,1,32,False,False,90,ridge_combined
PHW52 X LH185,52.016847879322164,26.50602409638554,19.137620913955377,2,5,5,2.246035908116434,26,2,33,False,False,90,ridge_combined
PHK76 X LH82,51.88265256146538,31.32530120481928,16.91979165084224,2,5,5,3.4633734369301465,24,1,34,False,False,90,ridge_combined
PHK76 X LH198,51.42619257517877,27.010480948182977,18.247971228024046,2,5,5,0.21579625024247856,26,2,35,False,False,90,ridge_combined
B73 X PHM49,51.285140562249,31.32530120481928,20.937372677099773,2,5,5,-1.8242138268597834,26,2,36,False,False,90,ridge_combined
B14A X MO17,50.67195611715153,26.50602409638554,24.280010024449144,3,5,5,0.9141480709830916,26,2,37,False,False,90,ridge_combined
F42 X OH43,49.77862670192967,15.261044176706827,23.492601195986964,3,5,5,2.3648382575067197,26,2,38,False,False,90,ridge_combined
PHP02 X PHK76,49.43285336467822,24.497991967871485,17.18008176627827,3,5,5,2.1277592907005505,26,2,39,False,False,90,ridge_combined
PHK76 X W606S,49.09883436183759,14.457831325301205,21.842292906777022,2,5,5,-0.20481850924084127,25,1,40,False,False,90,ridge_combined
PHP02 X LH198,49.006758742286216,32.53012048192771,11.543502318020309,2,5,5,1.5249989094646232,26,2,41,False,False,90,ridge_combined
LH195 X PHZ51,48.11244979919679,29.317269076305223,16.14118128460141,1,5,5,-2.8665966452897114,26,2,42,False,False,90,ridge_combined
PHW52 X PHZ51,48.10657263199138,31.325301204819276,22.383459961985373,1,5,5,2.128891878097111,25,1,43,False,False,90,ridge_combined
LH195 X LH185,48.07914585169948,34.93975903614458,10.12018802716101,2,5,5,0.6069740869975979,25,1,44,False,False,90,ridge_combined
LH198 X PHZ51,47.40229209521011,27.774512684885888,12.091599881228424,2,5,5,-0.7923081309165696,26,2,45,False,False,90,ridge_combined
2369 X 3IIH6,46.5589186012342,14.056224899598392,21.63269357027356,2,5,5,-3.5296719812426653,26,2,46,False,False,90,ridge_combined
PHP02 X PHN46,46.18277990008816,24.096385542168676,14.991668605081262,2,5,5,0.1374451060212653,25,1,47,False,False,90,ridge_combined
PHN46 X W606S,45.585267900871784,20.481927710843372,24.558359980126287,1,5,5,-1.5194024938655817,26,2,48,False,False,90,ridge_combined
LH145 X LH162,45.12782838671761,20.481927710843376,17.822927278201966,2,5,5,0.6837940315525893,26,2,49,False,False,90,ridge_combined
2FACC X 3IIH6,44.95053384268782,0.8032128514056226,27.19242894535254,2,5,5,-7.3536825272571225,26,2,50,False,False,90,ridge_combined
LH82 X PHB47,44.93388186893917,12.449799196787149,20.729420260622163,3,5,5,-3.1924283469440873,26,2,51,False,False,90,ridge_combined
PHP02 X LH82,44.871192085414826,26.50602409638554,19.41140940507707,2,5,5,-1.443488460610382,26,2,52,False,False,90,ridge_combined
PHP02 X PHJ89,44.73993535116074,28.117347438534622,11.071802415370138,2,5,5,-3.135745978331456,25,1,53,False,False,90,ridge_combined
PHB47 X LH185,44.63708492506612,20.883534136546185,17.755997597754956,2,5,5,-0.9923897267196384,26,2,54,False,False,90,ridge_combined
LH74 X PHN82,44.01802331276325,26.104417670682732,14.621466518155241,2,5,5,-3.160861231067381,26,2,55,False,False,90,ridge_combined
PHN46 X PHB47,43.7241649524929,21.686746987951807,14.926007462490455,2,5,5,-0.6356071463915289,26,2,56,False,False,90,ridge_combined
B37 X MO17,42.27740229209521,6.827309236947792,18.628717126101577,2,5,5,-0.7689749720752481,26,2,57,False,False,90,ridge_combined
2369 X LH123HT,41.12939563130571,1.6064257028112452,23.605929100475933,2,5,5,-10.339492984359367,26,2,58,False,False,90,ridge_combined
2369 X PHP02,40.806151435008324,28.91566265060241,8.041841707639056,0,5,5,-2.322746586327508,26,2,59,False,False,90,ridge_combined
PHB47 X PHJ89,40.354589088059555,22.08835341365462,17.747746876263136,2,5,5,-0.1030087210869766,13,1,60,False,False,90,ridge_combined
LH123HT X PHB47,40.26055441277305,19.277108433734938,20.63271454915916,1,5,5,-4.826335325328884,26,2,61,False,False,90,ridge_combined
PHK56 X 3IIH6,39.715936918405326,2.4096385542168677,28.734801918427436,2,5,5,-5.018678047179607,25,1,62,False,False,90,ridge_combined
B73 X PHZ51,39.686551082378294,21.72592810265452,13.999963308263231,1,5,5,-1.803029239940664,26,2,63,False,False,90,ridge_combined
LH123HT X 3IIH6,39.499461259672835,3.6144578313253013,22.385178453625084,2,5,5,-2.904201802915014,25,1,64,False,False,90,ridge_combined
PHP02 X LH185,39.36134783034578,13.25301204819277,19.423807524720804,2,5,5,-0.7229635500177266,26,2,65,False,False,90,ridge_combined
B73 X 3IIH6,38.65902634929963,4.819277108433735,26.91964312099524,2,5,5,-7.1113024945137395,26,2,66,False,False,90,ridge_combined
PHP02 X PHG47,38.479772749534725,19.27710843373494,12.723249719953884,2,5,5,-4.071102539682056,25,1,67,False,False,90,ridge_combined
LH195 X 3IIH6,37.74316779312371,7.228915662650603,21.679568258474763,2,5,5,-5.929512640865628,26,2,68,False,False,90,ridge_combined
LH74 X PHM49,37.08394553825057,18.072289156626507,19.196583224983467,1,5,5,-4.957416006488224,25,1,69,False,False,90,ridge_combined
PHZ51 X LH145,35.418748163385246,12.048192771084338,25.44236747856532,1,5,5,0.4834995757056815,26,2,70,False,False,90,ridge_combined
B84 X 3IIH6,34.042511509452446,9.63855421686747,14.675041333674876,0,5,5,-6.116030823168584,26,2,71,False,False,90,ridge_combined
4N506 X 3IIH6,33.96904691938486,14.056224899598392,15.732809479839338,1,5,5,-4.454340308368701,26,2,72,False,False,90,ridge_combined
B37 X OH43,33.86521696542267,3.6144578313253013,27.219567914692206,2,5,5,-1.0419838569543398,26,2,73,False,False,90,ridge_combined
PHK76 X LH145,33.642864139484765,5.220883534136546,33.122315958106874,2,5,5,-0.6226798389534327,26,2,74,False,False,90,ridge_combined
PHT69 X 3IIH6,33.54197276912528,16.465863453815263,14.118031897997284,1,5,5,-4.369149910302763,26,2,75,False,False,90,ridge_combined
LH198 X PHB47,28.22509550396709,14.457831325301205,8.676862202483152,0,5,5,-3.4077516961392966,26,2,76,False,False,90,ridge_combined
PHB47 X 3IIH6,28.16632383191302,6.827309236947792,14.611124407666136,1,5,5,-8.466810987335155,26,2,77,False,False,90,ridge_combined
WF9 X H95,25.902634929963757,0.0,27.17284287288141,2,5,5,-5.127571626877829,25,1,78,False,False,90,ridge_combined
PHK76 X 3IIH6,25.72827896953668,4.819277108433735,19.04745533446433,1,5,5,-8.923730321342507,26,2,79,False,False,90,ridge_combined
B37 X H95,25.17876383583113,1.2048192771084338,22.47642112943717,1,5,5,-4.1705804817082495,25,1,80,False,False,90,ridge_combined
PHP02 X PHB47,23.67910667058478,6.827309236947792,22.273690583106635,1,5,5,-7.083849441221323,26,2,81,False,False,90,ridge_combined
PHP02 X LH145,19.53472426290528,3.2128514056224904,17.29041704876496,0,5,5,-7.3385064413790575,26,2,82,False,False,90,ridge_combined
B105 X 3IIH6,16.78323048290724,0.0,12.005674086555752,0,5,5,-10.36510184677355,26,2,83,False,False,90,ridge_combined
LH195 X PHM49,13.79567048682535,1.2048192771084338,14.6960477288395,0,5,5,-10.410193612631018,26,2,84,False,False,90,ridge_combined
