location,year,poundsOfNitrogenPerAcre,irrigationProvided,genotype,yield_mean,replicates,environment_mean,yield_advantage,ranking_yield,percentile
Ames,2022,75,0.0,2369 X 3IIH6,179.61,2,145.30988095238095,34.30011904761906,179.61,93.97590361445783
Ames,2022,75,0.0,2369 X LH123HT,131.195,2,145.30988095238095,-14.114880952380958,131.195,24.096385542168676
Ames,2022,75,0.0,2369 X PHN82,119.83500000000001,2,145.30988095238095,-25.474880952380943,119.835,13.25301204819277
Ames,2022,75,0.0,2369 X PHP02,151.29500000000002,2,145.30988095238095,5.985119047619065,151.295,51.80722891566265
Ames,2022,75,0.0,2369 X PHZ51,122.88,2,145.30988095238095,-22.429880952380955,122.88,16.867469879518072
Ames,2022,75,0.0,2FACC X 3IIH6,160.675,2,145.30988095238095,15.36511904761906,160.675,81.92771084337349
Ames,2022,75,0.0,4N506 X 3IIH6,168.76,2,145.30988095238095,23.45011904761904,168.76,86.74698795180723
Ames,2022,75,0.0,B105 X 3IIH6,127.22999999999999,2,145.30988095238095,-18.07988095238096,127.23,21.686746987951807
Ames,2022,75,0.0,B14A X MO17,157.57,2,145.30988095238095,12.260119047619042,157.57,68.67469879518072
Ames,2022,75,0.0,B37 X H95,85.17,2,145.30988095238095,-60.13988095238095,85.17,0.0
Ames,2022,75,0.0,B37 X MO17,139.32500000000002,2,145.30988095238095,-5.984880952380934,139.325,37.34939759036145
Ames,2022,75,0.0,B37 X OH43,126.5,2,145.30988095238095,-18.80988095238095,126.5,19.27710843373494
Ames,2022,75,0.0,B73 X 3IIH6,183.765,2,145.30988095238095,38.455119047619036,183.765,98.79518072289157
Ames,2022,75,0.0,B73 X MO17,139.195,2,145.30988095238095,-6.1148809523809575,139.195,36.144578313253014
Ames,2022,75,0.0,B73 X PHM49,134.45499999999998,2,145.30988095238095,-10.854880952380967,134.455,27.710843373493976
Ames,2022,75,0.0,B73 X PHN82,157.665,2,145.30988095238095,12.355119047619041,157.665,69.87951807228916
Ames,2022,75,0.0,B73 X PHZ51,125.555,2,145.30988095238095,-19.754880952380944,125.555,18.072289156626507
Ames,2022,75,0.0,B84 X 3IIH6,146.39999999999998,2,145.30988095238095,1.0901190476190266,146.4,46.98795180722892
Ames,2022,75,0.0,F42 X MO17,150.215,2,145.30988095238095,4.905119047619053,150.215,48.19277108433735
Ames,2022,75,0.0,F42 X OH43,111.285,2,145.30988095238095,-34.024880952380954,111.285,9.63855421686747
Ames,2022,75,0.0,HOEGEMEYER 7089 AMXT,136.03,2,145.30988095238095,-9.27988095238095,136.03,28.91566265060241
Ames,2022,75,0.0,HOEGEMEYER 8065RR,154.89,2,145.30988095238095,9.580119047619036,154.89,61.44578313253012
Ames,2022,75,0.0,LH123HT X 3IIH6,158.0,2,145.30988095238095,12.69011904761905,158.0,73.49397590361446
Ames,2022,75,0.0,LH123HT X PHB47,150.45,2,145.30988095238095,5.140119047619038,150.45,49.397590361445786
Ames,2022,75,0.0,LH145 X LH162,144.20999999999998,2,145.30988095238095,-1.0998809523809712,144.21,44.57831325301205
Ames,2022,75,0.0,LH185 X LH145,143.07,1,145.30988095238095,-2.2398809523809575,143.07,42.16867469879518
Ames,2022,75,0.0,LH185 X LH82,179.4,2,145.30988095238095,34.090119047619055,179.4,92.7710843373494
Ames,2022,75,0.0,LH185 X W606S,155.02,1,145.30988095238095,9.71011904761906,155.02,62.65060240963855
Ames,2022,75,0.0,LH195 X 3IIH6,141.36,2,145.30988095238095,-3.949880952380937,141.36,40.963855421686745
Ames,2022,75,0.0,LH195 X LH123HT,137.815,2,145.30988095238095,-7.494880952380953,137.815,32.53012048192771
Ames,2022,75,0.0,LH195 X LH185,163.67000000000002,2,145.30988095238095,18.360119047619065,163.67,85.5421686746988
Ames,2022,75,0.0,LH195 X PHM49,116.955,2,145.30988095238095,-28.354880952380952,116.955,10.843373493975903
Ames,2022,75,0.0,LH195 X PHZ51,140.375,2,145.30988095238095,-4.934880952380951,140.375,38.55421686746988
Ames,2022,75,0.0,LH198 X PHB47,136.535,2,145.30988095238095,-8.774880952380954,136.535,30.120481927710845
Ames,2022,75,0.0,LH198 X PHZ51,95.55000000000001,2,145.30988095238095,-49.75988095238094,95.55,1.2048192771084338
Ames,2022,75,0.0,LH74 X PHM49,140.595,2,145.30988095238095,-4.714880952380952,140.595,39.75903614457831
Ames,2022,75,0.0,LH74 X PHN82,151.785,2,145.30988095238095,6.475119047619046,151.785,53.01204819277108
Ames,2022,75,0.0,LH82 X PHB47,152.435,2,145.30988095238095,7.125119047619052,152.435,55.42168674698795
Ames,2022,75,0.0,LH82 X PHJ89,177.35000000000002,2,145.30988095238095,32.04011904761907,177.35,90.36144578313252
Ames,2022,75,0.0,LH82 X W606S,159.945,2,145.30988095238095,14.635119047619042,159.945,79.51807228915662
Ames,2022,75,0.0,N209 X 3IIH6,139.02499999999998,2,145.30988095238095,-6.284880952380973,139.025,33.734939759036145
Ames,2022,75,0.0,PHB47 X 3IIH6,169.475,2,145.30988095238095,24.165119047619044,169.475,87.95180722891567
Ames,2022,75,0.0,PHB47 X LH185,153.675,2,145.30988095238095,8.36511904761906,153.675,59.036144578313255
Ames,2022,75,0.0,PHB47 X PHJ89,131.61,1,145.30988095238095,-13.699880952380937,131.61,25.301204819277107
Ames,2022,75,0.0,PHB47 X PHK56,178.52,2,145.30988095238095,33.21011904761906,178.52,91.56626506024097
Ames,2022,75,0.0,PHG39 X PHM49,144.77,2,145.30988095238095,-0.5398809523809405,144.77,45.78313253012048
Ames,2022,75,0.0,PHG39 X PHN82,189.48,1,145.30988095238095,44.17011904761904,189.48,100.0
Ames,2022,75,0.0,PHJ40 X LH82,137.655,2,145.30988095238095,-7.65488095238095,137.655,31.325301204819276
Ames,2022,75,0.0,PHK56 X 3IIH6,156.60500000000002,2,145.30988095238095,11.295119047619067,156.605,66.26506024096386
Ames,2022,75,0.0,PHK56 X LH145,132.96,1,145.30988095238095,-12.349880952380943,132.96,26.50602409638554
Ames,2022,75,0.0,PHK56 X LH185,152.99,2,145.30988095238095,7.680119047619058,152.99,56.626506024096386
Ames,2022,75,0.0,PHK56 X LH198,155.83499999999998,2,145.30988095238095,10.525119047619029,155.835,65.06024096385542
Ames,2022,75,0.0,PHK56 X LH82,162.625,2,145.30988095238095,17.31511904761905,162.625,84.33734939759036
Ames,2022,75,0.0,PHK56 X PHJ89,155.35000000000002,2,145.30988095238095,10.040119047619072,155.35,63.855421686746986
Ames,2022,75,0.0,PHK56 X W606S,174.805,2,145.30988095238095,29.495119047619056,174.805,89.1566265060241
Ames,2022,75,0.0,PHK76 X 3IIH6,152.10500000000002,2,145.30988095238095,6.7951190476190675,152.105,54.21686746987952
Ames,2022,75,0.0,PHK76 X LH145,107.305,2,145.30988095238095,-38.004880952380944,107.305,6.024096385542169
Ames,2022,75,0.0,PHK76 X LH198,144.125,2,145.30988095238095,-1.1848809523809507,144.125,43.373493975903614
Ames,2022,75,0.0,PHK76 X LH82,160.22,2,145.30988095238095,14.910119047619048,160.22,80.72289156626506
Ames,2022,75,0.0,PHK76 X W606S,122.505,2,145.30988095238095,-22.804880952380955,122.505,15.662650602409638
Ames,2022,75,0.0,PHN46 X PHB47,153.91500000000002,2,145.30988095238095,8.60511904761907,153.915,60.24096385542169
Ames,2022,75,0.0,PHN46 X PHK56,153.31,2,145.30988095238095,8.000119047619052,153.31,57.83132530120482
Ames,2022,75,0.0,PHN46 X W606S,159.58999999999997,2,145.30988095238095,14.280119047619024,159.59,78.3132530120482
Ames,2022,75,0.0,PHP02 X LH145,97.635,2,145.30988095238095,-47.674880952380946,97.635,2.4096385542168677
Ames,2022,75,0.0,PHP02 X LH185,157.995,2,145.30988095238095,12.685119047619054,157.995,72.28915662650603
Ames,2022,75,0.0,PHP02 X LH198,139.075,2,145.30988095238095,-6.234880952380962,139.075,34.93975903614458
Ames,2022,75,0.0,PHP02 X LH82,126.77499999999999,2,145.30988095238095,-18.53488095238096,126.775,20.481927710843372
Ames,2022,75,0.0,PHP02 X PHB47,119.125,2,145.30988095238095,-26.18488095238095,119.125,12.048192771084338
Ames,2022,75,0.0,PHP02 X PHG47,157.18,2,145.30988095238095,11.870119047619056,157.18,67.46987951807229
Ames,2022,75,0.0,PHP02 X PHJ89,150.54000000000002,2,145.30988095238095,5.23011904761907,150.54,50.602409638554214
Ames,2022,75,0.0,PHP02 X PHK56,180.54500000000002,2,145.30988095238095,35.235119047619065,180.545,95.18072289156626
Ames,2022,75,0.0,PHP02 X PHK76,159.14999999999998,2,145.30988095238095,13.840119047619027,159.15,75.90361445783132
Ames,2022,75,0.0,PHP02 X PHN46,121.755,2,145.30988095238095,-23.554880952380955,121.755,14.457831325301205
Ames,2022,75,0.0,PHP02 X W606S,160.815,2,145.30988095238095,15.505119047619047,160.815,83.13253012048193
Ames,2022,75,0.0,PHT69 X 3IIH6,157.815,2,145.30988095238095,12.505119047619047,157.815,71.08433734939759
Ames,2022,75,0.0,PHW52 X LH185,109.905,2,145.30988095238095,-35.40488095238095,109.905,8.433734939759036
Ames,2022,75,0.0,PHW52 X PHM49,109.12,2,145.30988095238095,-36.189880952380946,109.12,7.228915662650603
Ames,2022,75,0.0,PHW52 X PHN82,182.215,2,145.30988095238095,36.90511904761905,182.215,97.59036144578313
Ames,2022,75,0.0,PHW52 X PHZ51,130.38,2,145.30988095238095,-14.929880952380955,130.38,22.89156626506024
Ames,2022,75,0.0,PHZ51 X LH145,103.12,2,145.30988095238095,-42.189880952380946,103.12,4.819277108433735
Ames,2022,75,0.0,PIONEER 1311 AMXT,181.73000000000002,2,145.30988095238095,36.42011904761907,181.73,96.3855421686747
Ames,2022,75,0.0,PIONEER P0589 AMXT,158.41500000000002,2,145.30988095238095,13.10511904761907,158.415,74.6987951807229
Ames,2022,75,0.0,SYNGENTA NK0760-3111,159.25,2,145.30988095238095,13.94011904761905,159.25,77.10843373493977
Ames,2022,75,0.0,WF9 X H95,101.015,2,145.30988095238095,-44.29488095238095,101.015,3.6144578313253013
Ames,2022,150,0.0,2369 X 3IIH6,128.425,2,121.7157142857143,6.709285714285713,128.425,62.65060240963855
Ames,2022,150,0.0,2369 X LH123HT,105.5,2,121.7157142857143,-16.2157142857143,105.5,25.301204819277107
Ames,2022,150,0.0,2369 X PHN82,124.78999999999999,2,121.7157142857143,3.0742857142856934,124.79,53.01204819277108
Ames,2022,150,0.0,2369 X PHP02,116.91,2,121.7157142857143,-4.805714285714302,116.91,38.55421686746988
Ames,2022,150,0.0,2369 X PHZ51,110.525,2,121.7157142857143,-11.190714285714293,110.525,30.120481927710845
Ames,2022,150,0.0,2FACC X 3IIH6,139.16500000000002,2,121.7157142857143,17.449285714285722,139.165,75.90361445783132
Ames,2022,150,0.0,4N506 X 3IIH6,141.94,2,121.7157142857143,20.2242857142857,141.94,79.51807228915662
Ames,2022,150,0.0,B105 X 3IIH6,126.53,2,121.7157142857143,4.8142857142857025,126.53,55.42168674698795
Ames,2022,150,0.0,B14A X MO17,157.08499999999998,2,121.7157142857143,35.36928571428568,157.085,91.56626506024097
Ames,2022,150,0.0,B37 X H95,66.235,2,121.7157142857143,-55.4807142857143,66.235,4.819277108433735
Ames,2022,150,0.0,B37 X MO17,96.85,2,121.7157142857143,-24.865714285714304,96.85,13.25301204819277
Ames,2022,150,0.0,B37 X OH43,45.93,2,121.7157142857143,-75.7857142857143,45.93,1.2048192771084338
Ames,2022,150,0.0,B73 X 3IIH6,147.885,2,121.7157142857143,26.169285714285692,147.885,84.33734939759036
Ames,2022,150,0.0,B73 X MO17,127.78,2,121.7157142857143,6.0642857142857025,127.78,59.036144578313255
Ames,2022,150,0.0,B73 X PHM49,109.45,2,121.7157142857143,-12.265714285714296,109.45,28.91566265060241
Ames,2022,150,0.0,B73 X PHN82,120.87,1,121.7157142857143,-0.8457142857142941,120.87,45.78313253012048
Ames,2022,150,0.0,B73 X PHZ51,121.57,2,121.7157142857143,-0.14571428571430545,121.57,46.98795180722892
Ames,2022,150,0.0,B84 X 3IIH6,100.265,2,121.7157142857143,-21.450714285714298,100.265,16.867469879518072
Ames,2022,150,0.0,F42 X MO17,101.065,2,121.7157142857143,-20.6507142857143,101.065,19.27710843373494
Ames,2022,150,0.0,F42 X OH43,116.4,2,121.7157142857143,-5.315714285714293,116.4,37.34939759036145
Ames,2022,150,0.0,HOEGEMEYER 7089 AMXT,150.305,2,121.7157142857143,28.589285714285708,150.305,86.74698795180723
Ames,2022,150,0.0,HOEGEMEYER 8065RR,172.635,2,121.7157142857143,50.91928571428569,172.635,98.79518072289157
Ames,2022,150,0.0,LH123HT X 3IIH6,119.96,1,121.7157142857143,-1.7557142857143049,119.96,43.373493975903614
Ames,2022,150,0.0,LH123HT X PHB47,106.005,2,121.7157142857143,-15.710714285714303,106.005,26.50602409638554
Ames,2022,150,0.0,LH145 X LH162,136.51,2,121.7157142857143,14.794285714285692,136.51,68.67469879518072
Ames,2022,150,0.0,LH185 X LH145,71.53,1,121.7157142857143,-50.1857142857143,71.53,6.024096385542169
Ames,2022,150,0.0,LH185 X LH82,128.07,2,121.7157142857143,6.3542857142856946,128.07,60.24096385542169
Ames,2022,150,0.0,LH185 X W606S,104.49,1,121.7157142857143,-17.225714285714304,104.49,24.096385542168676
Ames,2022,150,0.0,LH195 X 3IIH6,144.38,2,121.7157142857143,22.664285714285697,144.38,80.72289156626506
Ames,2022,150,0.0,LH195 X LH123HT,98.28,2,121.7157142857143,-23.435714285714297,98.28,14.457831325301205
Ames,2022,150,0.0,LH195 X LH185,117.75,2,121.7157142857143,-3.9657142857142986,117.75,40.963855421686745
Ames,2022,150,0.0,LH195 X PHM49,65.06,2,121.7157142857143,-56.655714285714296,65.06,2.4096385542168677
Ames,2022,150,0.0,LH195 X PHZ51,104.06,2,121.7157142857143,-17.655714285714296,104.06,21.686746987951807
Ames,2022,150,0.0,LH198 X PHB47,104.185,2,121.7157142857143,-17.530714285714296,104.185,22.89156626506024
Ames,2022,150,0.0,LH198 X PHZ51,148.39499999999998,2,121.7157142857143,26.679285714285683,148.395,85.5421686746988
Ames,2022,150,0.0,LH74 X PHM49,127.00999999999999,2,121.7157142857143,5.294285714285692,127.01,57.83132530120482
Ames,2022,150,0.0,LH74 X PHN82,126.56,2,121.7157142857143,4.844285714285704,126.56,56.626506024096386
Ames,2022,150,0.0,LH82 X PHB47,120.58500000000001,2,121.7157142857143,-1.1307142857142907,120.585,44.57831325301205
Ames,2022,150,0.0,LH82 X PHJ89,112.34,2,121.7157142857143,-9.375714285714295,112.34,32.53012048192771
Ames,2022,150,0.0,LH82 X W606S,119.035,2,121.7157142857143,-2.680714285714302,119.035,42.16867469879518
Ames,2022,150,0.0,N209 X 3IIH6,146.175,2,121.7157142857143,24.459285714285713,146.175,81.92771084337349
Ames,2022,150,0.0,PHB47 X 3IIH6,92.655,2,121.7157142857143,-29.060714285714297,92.655,10.843373493975903
Ames,2022,150,0.0,PHB47 X LH185,139.92000000000002,2,121.7157142857143,18.204285714285717,139.92,77.10843373493977
Ames,2022,150,0.0,PHB47 X PHJ89,91.06,1,121.7157142857143,-30.655714285714296,91.06,8.433734939759036
Ames,2022,150,0.0,PHB47 X PHK56,138.64499999999998,2,121.7157142857143,16.929285714285683,138.645,74.6987951807229
Ames,2022,150,0.0,PHG39 X PHM49,121.655,2,121.7157142857143,-0.06071428571429749,121.655,48.19277108433735
Ames,2022,150,0.0,PHG39 X PHN82,188.35,1,121.7157142857143,66.6342857142857,188.35,100.0
Ames,2022,150,0.0,PHJ40 X LH82,111.7,2,121.7157142857143,-10.015714285714296,111.7,31.325301204819276
Ames,2022,150,0.0,PHK56 X 3IIH6,137.275,2,121.7157142857143,15.559285714285707,137.275,72.28915662650603
Ames,2022,150,0.0,PHK56 X LH145,91.36,1,121.7157142857143,-30.3557142857143,91.36,9.63855421686747
Ames,2022,150,0.0,PHK56 X LH185,150.89999999999998,2,121.7157142857143,29.18428571428568,150.9,87.95180722891567
Ames,2022,150,0.0,PHK56 X LH198,147.075,2,121.7157142857143,25.35928571428569,147.075,83.13253012048193
Ames,2022,150,0.0,PHK56 X LH82,166.23,2,121.7157142857143,44.51428571428569,166.23,97.59036144578313
Ames,2022,150,0.0,PHK56 X PHJ89,159.28500000000003,2,121.7157142857143,37.569285714285726,159.285,93.97590361445783
Ames,2022,150,0.0,PHK56 X W606S,129.845,2,121.7157142857143,8.1292857142857,129.845,63.855421686746986
Ames,2022,150,0.0,PHK76 X 3IIH6,132.21,2,121.7157142857143,10.49428571428571,132.21,65.06024096385542
Ames,2022,150,0.0,PHK76 X LH145,65.60499999999999,2,121.7157142857143,-56.11071428571431,65.605,3.6144578313253013
Ames,2022,150,0.0,PHK76 X LH198,124.445,2,121.7157142857143,2.7292857142856946,124.445,50.602409638554214
Ames,2022,150,0.0,PHK76 X LH82,117.525,2,121.7157142857143,-4.190714285714293,117.525,39.75903614457831
Ames,2022,150,0.0,PHK76 X W606S,113.50999999999999,2,121.7157142857143,-8.205714285714308,113.51,34.93975903614458
Ames,2022,150,0.0,PHN46 X PHB47,141.07,2,121.7157142857143,19.354285714285695,141.07,78.3132530120482
Ames,2022,150,0.0,PHN46 X PHK56,138.0,2,121.7157142857143,16.2842857142857,138.0,73.49397590361446
Ames,2022,150,0.0,PHN46 X W606S,153.635,2,121.7157142857143,31.919285714285692,153.635,89.1566265060241
Ames,2022,150,0.0,PHP02 X LH145,88.17,2,121.7157142857143,-33.5457142857143,88.17,7.228915662650603
Ames,2022,150,0.0,PHP02 X LH185,112.71000000000001,2,121.7157142857143,-9.00571428571429,112.71,33.734939759036145
Ames,2022,150,0.0,PHP02 X LH198,126.485,2,121.7157142857143,4.769285714285701,126.485,54.21686746987952
Ames,2022,150,0.0,PHP02 X LH82,124.5,2,121.7157142857143,2.7842857142857014,124.5,51.80722891566265
Ames,2022,150,0.0,PHP02 X PHB47,108.105,2,121.7157142857143,-13.610714285714295,108.105,27.710843373493976
Ames,2022,150,0.0,PHP02 X PHG47,128.07999999999998,2,121.7157142857143,6.3642857142856855,128.08,61.44578313253012
Ames,2022,150,0.0,PHP02 X PHJ89,114.6,2,121.7157142857143,-7.115714285714304,114.6,36.144578313253014
Ames,2022,150,0.0,PHP02 X PHK56,134.365,2,121.7157142857143,12.64928571428571,134.365,66.26506024096386
Ames,2022,150,0.0,PHP02 X PHK76,136.595,2,121.7157142857143,14.8792857142857,136.595,69.87951807228916
Ames,2022,150,0.0,PHP02 X PHN46,135.655,2,121.7157142857143,13.939285714285703,135.655,67.46987951807229
Ames,2022,150,0.0,PHP02 X W606S,99.89,2,121.7157142857143,-21.825714285714298,99.89,15.662650602409638
Ames,2022,150,0.0,PHT69 X 3IIH6,123.35,2,121.7157142857143,1.6342857142856957,123.35,49.397590361445786
Ames,2022,150,0.0,PHW52 X LH185,103.27000000000001,2,121.7157142857143,-18.44571428571429,103.27,20.481927710843372
Ames,2022,150,0.0,PHW52 X PHM49,160.37,2,121.7157142857143,38.654285714285706,160.37,95.18072289156626
Ames,2022,150,0.0,PHW52 X PHN82,155.20999999999998,2,121.7157142857143,33.49428571428568,155.21,90.36144578313252
Ames,2022,150,0.0,PHW52 X PHZ51,95.58,2,121.7157142857143,-26.1357142857143,95.58,12.048192771084338
Ames,2022,150,0.0,PHZ51 X LH145,100.745,2,121.7157142857143,-20.970714285714294,100.745,18.072289156626507
Ames,2022,150,0.0,PIONEER 1311 AMXT,136.78,2,121.7157142857143,15.064285714285703,136.78,71.08433734939759
Ames,2022,150,0.0,PIONEER P0589 AMXT,161.79000000000002,2,121.7157142857143,40.07428571428572,161.79,96.3855421686747
Ames,2022,150,0.0,SYNGENTA NK0760-3111,157.82,2,121.7157142857143,36.104285714285695,157.82,92.7710843373494
Ames,2022,150,0.0,WF9 X H95,39.605,2,121.7157142857143,-82.1107142857143,39.605,0.0
Ames,2022,250,0.0,2369 X 3IIH6,133.735,2,123.27255952380953,10.46244047619048,133.735,69.87951807228916
Ames,2022,250,0.0,2369 X LH123HT,91.315,2,123.27255952380953,-31.957559523809536,91.315,14.457831325301205
Ames,2022,250,0.0,2369 X PHN82,120.43,2,123.27255952380953,-2.842559523809527,120.43,39.75903614457831
Ames,2022,250,0.0,2369 X PHP02,100.19,2,123.27255952380953,-23.082559523809536,100.19,18.072289156626507
Ames,2022,250,0.0,2369 X PHZ51,125.82499999999999,2,123.27255952380953,2.552440476190455,125.825,49.397590361445786
Ames,2022,250,0.0,2FACC X 3IIH6,134.815,2,123.27255952380953,11.542440476190464,134.815,72.28915662650603
Ames,2022,250,0.0,4N506 X 3IIH6,131.01,2,123.27255952380953,7.737440476190457,131.01,59.036144578313255
Ames,2022,250,0.0,B105 X 3IIH6,87.06,2,123.27255952380953,-36.21255952380953,87.06,12.048192771084338
Ames,2022,250,0.0,B14A X MO17,91.12,2,123.27255952380953,-32.15255952380953,91.12,13.25301204819277
Ames,2022,250,0.0,B37 X H95,69.195,2,123.27255952380953,-54.07755952380954,69.195,2.4096385542168677
Ames,2022,250,0.0,B37 X MO17,105.28,2,123.27255952380953,-17.992559523809533,105.28,24.096385542168676
Ames,2022,250,0.0,B37 X OH43,76.37,2,123.27255952380953,-46.90255952380953,76.37,7.228915662650603
Ames,2022,250,0.0,B73 X 3IIH6,132.945,2,123.27255952380953,9.67244047619046,132.945,65.06024096385542
Ames,2022,250,0.0,B73 X MO17,123.10499999999999,2,123.27255952380953,-0.16755952380954398,123.105,44.57831325301205
Ames,2022,250,0.0,B73 X PHM49,102.675,2,123.27255952380953,-20.597559523809537,102.675,20.481927710843372
Ames,2022,250,0.0,B73 X PHN82,130.73499999999999,2,123.27255952380953,7.4624404761904515,130.735,56.626506024096386
Ames,2022,250,0.0,B73 X PHZ51,117.42500000000001,2,123.27255952380953,-5.847559523809522,117.425,34.93975903614458
Ames,2022,250,0.0,B84 X 3IIH6,134.54500000000002,2,123.27255952380953,11.272440476190482,134.545,71.08433734939759
Ames,2022,250,0.0,F42 X MO17,138.85,2,123.27255952380953,15.57744047619046,138.85,77.10843373493977
Ames,2022,250,0.0,F42 X OH43,82.32499999999999,2,123.27255952380953,-40.947559523809545,82.325,10.843373493975903
Ames,2022,250,0.0,HOEGEMEYER 7089 AMXT,180.53,2,123.27255952380953,57.25744047619047,180.53,96.3855421686747
Ames,2022,250,0.0,HOEGEMEYER 8065RR,158.785,2,123.27255952380953,35.51244047619046,158.785,92.7710843373494
Ames,2022,250,0.0,LH123HT X 3IIH6,111.435,2,123.27255952380953,-11.837559523809531,111.435,27.710843373493976
Ames,2022,250,0.0,LH123HT X PHB47,119.185,2,123.27255952380953,-4.0875595238095315,119.185,37.34939759036145
Ames,2022,250,0.0,LH145 X LH162,133.19,2,123.27255952380953,9.917440476190464,133.19,66.26506024096386
Ames,2022,250,0.0,LH185 X LH145,54.7,1,123.27255952380953,-68.57255952380953,54.7,0.0
Ames,2022,250,0.0,LH185 X LH82,154.72,2,123.27255952380953,31.447440476190465,154.72,89.1566265060241
Ames,2022,250,0.0,LH185 X W606S,130.97,1,123.27255952380953,7.697440476190465,130.97,57.83132530120482
Ames,2022,250,0.0,LH195 X 3IIH6,133.54,2,123.27255952380953,10.267440476190458,133.54,67.46987951807229
Ames,2022,250,0.0,LH195 X LH123HT,118.16,2,123.27255952380953,-5.112559523809537,118.16,36.144578313253014
Ames,2022,250,0.0,LH195 X LH185,105.17,2,123.27255952380953,-18.102559523809532,105.17,22.89156626506024
Ames,2022,250,0.0,LH195 X PHM49,82.245,2,123.27255952380953,-41.02755952380953,82.245,9.63855421686747
Ames,2022,250,0.0,LH195 X PHZ51,130.355,2,123.27255952380953,7.082440476190456,130.355,55.42168674698795
Ames,2022,250,0.0,LH198 X PHB47,129.78,2,123.27255952380953,6.507440476190467,129.78,54.21686746987952
Ames,2022,250,0.0,LH198 X PHZ51,113.85,2,123.27255952380953,-9.42255952380954,113.85,31.325301204819276
Ames,2022,250,0.0,LH74 X PHM49,93.63499999999999,2,123.27255952380953,-29.637559523809543,93.635,15.662650602409638
Ames,2022,250,0.0,LH74 X PHN82,128.31,2,123.27255952380953,5.0374404761904685,128.31,50.602409638554214
Ames,2022,250,0.0,LH82 X PHB47,101.56,2,123.27255952380953,-21.71255952380953,101.56,19.27710843373494
Ames,2022,250,0.0,LH82 X PHJ89,120.31,2,123.27255952380953,-2.9625595238095315,120.31,38.55421686746988
Ames,2022,250,0.0,LH82 X W606S,112.63,2,123.27255952380953,-10.642559523809538,112.63,28.91566265060241
Ames,2022,250,0.0,N209 X 3IIH6,132.76,2,123.27255952380953,9.487440476190457,132.76,63.855421686746986
Ames,2022,250,0.0,PHB47 X 3IIH6,114.055,2,123.27255952380953,-9.217559523809527,114.055,32.53012048192771
Ames,2022,250,0.0,PHB47 X LH185,124.62,2,123.27255952380953,1.3474404761904708,124.62,46.98795180722892
Ames,2022,250,0.0,PHB47 X PHJ89,57.69,1,123.27255952380953,-65.58255952380954,57.69,1.2048192771084338
Ames,2022,250,0.0,PHB47 X PHK56,125.12,2,123.27255952380953,1.8474404761904708,125.12,48.19277108433735
Ames,2022,250,0.0,PHG39 X PHM49,140.865,2,123.27255952380953,17.592440476190475,140.865,79.51807228915662
Ames,2022,250,0.0,PHG39 X PHN82,193.95,1,123.27255952380953,70.67744047619045,193.95,98.79518072289157
Ames,2022,250,0.0,PHJ40 X LH82,140.13,2,123.27255952380953,16.85744047619046,140.13,78.3132530120482
Ames,2022,250,0.0,PHK56 X 3IIH6,138.67000000000002,2,123.27255952380953,15.397440476190482,138.67,75.90361445783132
Ames,2022,250,0.0,PHK56 X LH145,121.67,1,123.27255952380953,-1.602559523809532,121.67,40.963855421686745
Ames,2022,250,0.0,PHK56 X LH185,159.06,2,123.27255952380953,35.78744047619047,159.06,93.97590361445783
Ames,2022,250,0.0,PHK56 X LH198,128.525,2,123.27255952380953,5.252440476190472,128.525,51.80722891566265
Ames,2022,250,0.0,PHK56 X LH82,144.55,2,123.27255952380953,21.277440476190478,144.55,84.33734939759036
Ames,2022,250,0.0,PHK56 X PHJ89,143.905,2,123.27255952380953,20.632440476190467,143.905,83.13253012048193
Ames,2022,250,0.0,PHK56 X W606S,158.595,2,123.27255952380953,35.322440476190465,158.595,91.56626506024097
Ames,2022,250,0.0,PHK76 X 3IIH6,110.19,2,123.27255952380953,-13.082559523809536,110.19,26.50602409638554
Ames,2022,250,0.0,PHK76 X LH145,75.125,2,123.27255952380953,-48.147559523809534,75.125,4.819277108433735
Ames,2022,250,0.0,PHK76 X LH198,131.495,2,123.27255952380953,8.22244047619047,131.495,60.24096385542169
Ames,2022,250,0.0,PHK76 X LH82,121.92500000000001,2,123.27255952380953,-1.3475595238095224,121.925,43.373493975903614
Ames,2022,250,0.0,PHK76 X W606S,107.44999999999999,2,123.27255952380953,-15.822559523809545,107.45,25.301204819277107
Ames,2022,250,0.0,PHN46 X PHB47,123.11,2,123.27255952380953,-0.1625595238095343,123.11,45.78313253012048
Ames,2022,250,0.0,PHN46 X PHK56,149.155,2,123.27255952380953,25.882440476190467,149.155,86.74698795180723
Ames,2022,250,0.0,PHN46 X W606S,115.505,2,123.27255952380953,-7.767559523809538,115.505,33.734939759036145
Ames,2022,250,0.0,PHP02 X LH145,76.12,2,123.27255952380953,-47.15255952380953,76.12,6.024096385542169
Ames,2022,250,0.0,PHP02 X LH185,112.85499999999999,2,123.27255952380953,-10.417559523809544,112.855,30.120481927710845
Ames,2022,250,0.0,PHP02 X LH198,161.89499999999998,2,123.27255952380953,38.62244047619045,161.895,95.18072289156626
Ames,2022,250,0.0,PHP02 X LH82,98.75,2,123.27255952380953,-24.522559523809534,98.75,16.867469879518072
Ames,2022,250,0.0,PHP02 X PHB47,103.87,2,123.27255952380953,-19.40255952380953,103.87,21.686746987951807
Ames,2022,250,0.0,PHP02 X PHG47,156.27,2,123.27255952380953,32.99744047619048,156.27,90.36144578313252
Ames,2022,250,0.0,PHP02 X PHJ89,121.89000000000001,2,123.27255952380953,-1.382559523809519,121.89,42.16867469879518
Ames,2022,250,0.0,PHP02 X PHK56,150.755,2,123.27255952380953,27.48244047619046,150.755,87.95180722891567
Ames,2022,250,0.0,PHP02 X PHK76,131.81,2,123.27255952380953,8.537440476190469,131.81,61.44578313253012
Ames,2022,250,0.0,PHP02 X PHN46,129.625,2,123.27255952380953,6.352440476190466,129.625,53.01204819277108
Ames,2022,250,0.0,PHP02 X W606S,141.445,2,123.27255952380953,18.17244047619046,141.445,80.72289156626506
Ames,2022,250,0.0,PHT69 X 3IIH6,135.61,2,123.27255952380953,12.33744047619048,135.61,73.49397590361446
Ames,2022,250,0.0,PHW52 X LH185,133.625,2,123.27255952380953,10.352440476190466,133.625,68.67469879518072
Ames,2022,250,0.0,PHW52 X PHM49,143.49,2,123.27255952380953,20.217440476190475,143.49,81.92771084337349
Ames,2022,250,0.0,PHW52 X PHN82,145.875,2,123.27255952380953,22.602440476190466,145.875,85.5421686746988
Ames,2022,250,0.0,PHW52 X PHZ51,138.66,2,123.27255952380953,15.387440476190463,138.66,74.6987951807229
Ames,2022,250,0.0,PHZ51 X LH145,81.4,2,123.27255952380953,-41.87255952380953,81.4,8.433734939759036
Ames,2022,250,0.0,PIONEER 1311 AMXT,132.20499999999998,2,123.27255952380953,8.93244047619045,132.205,62.65060240963855
Ames,2022,250,0.0,PIONEER P0589 AMXT,196.18,2,123.27255952380953,72.90744047619047,196.18,100.0
Ames,2022,250,0.0,SYNGENTA NK0760-3111,192.925,2,123.27255952380953,69.65244047619048,192.925,97.59036144578313
Ames,2022,250,0.0,WF9 X H95,69.50999999999999,2,123.27255952380953,-53.76255952380954,69.51,3.6144578313253013
Crawfordsville,2022,75,0.0,2369 X 3IIH6,147.25,2,158.5504761904762,-11.30047619047619,147.25,27.710843373493976
Crawfordsville,2022,75,0.0,2369 X LH123HT,172.18,2,158.5504761904762,13.629523809523818,172.18,78.3132530120482
Crawfordsville,2022,75,0.0,2369 X PHN82,172.74,2,158.5504761904762,14.18952380952382,172.74,79.51807228915662
Crawfordsville,2022,75,0.0,2369 X PHP02,141.315,2,158.5504761904762,-17.23547619047619,141.315,19.27710843373494
Crawfordsville,2022,75,0.0,2369 X PHZ51,126.35,2,158.5504761904762,-32.200476190476195,126.35,4.819277108433735
Crawfordsville,2022,75,0.0,2FACC X 3IIH6,174.70499999999998,2,158.5504761904762,16.154523809523795,174.705,81.92771084337349
Crawfordsville,2022,75,0.0,4N506 X 3IIH6,143.62,2,158.5504761904762,-14.930476190476185,143.62,22.89156626506024
Crawfordsville,2022,75,0.0,B105 X 3IIH6,144.575,2,158.5504761904762,-13.9754761904762,144.575,25.301204819277107
Crawfordsville,2022,75,0.0,B14A X MO17,178.285,2,158.5504761904762,19.734523809523807,178.285,84.33734939759036
Crawfordsville,2022,75,0.0,B37 X H95,126.61,2,158.5504761904762,-31.94047619047619,126.61,7.228915662650603
Crawfordsville,2022,75,0.0,B37 X MO17,170.11,2,158.5504761904762,11.559523809523824,170.11,72.28915662650603
Crawfordsville,2022,75,0.0,B37 X OH43,122.83,2,158.5504761904762,-35.72047619047619,122.83,1.2048192771084338
Crawfordsville,2022,75,0.0,B73 X 3IIH6,177.65,2,158.5504761904762,19.099523809523816,177.65,83.13253012048193
Crawfordsville,2022,75,0.0,B73 X MO17,179.025,2,158.5504761904762,20.474523809523816,179.025,86.74698795180723
Crawfordsville,2022,75,0.0,B73 X PHM49,185.995,2,158.5504761904762,27.444523809523815,185.995,95.18072289156626
Crawfordsville,2022,75,0.0,B73 X PHN82,185.42000000000002,2,158.5504761904762,26.869523809523827,185.42,93.97590361445783
Crawfordsville,2022,75,0.0,B73 X PHZ51,162.31,2,158.5504761904762,3.759523809523813,162.31,55.42168674698795
Crawfordsville,2022,75,0.0,B84 X 3IIH6,141.93,2,158.5504761904762,-16.620476190476182,141.93,20.481927710843372
Crawfordsville,2022,75,0.0,F42 X MO17,155.76,2,158.5504761904762,-2.7904761904761983,155.76,38.55421686746988
Crawfordsville,2022,75,0.0,F42 X OH43,159.885,2,158.5504761904762,1.3345238095238017,159.885,50.602409638554214
Crawfordsville,2022,75,0.0,HOEGEMEYER 7089 AMXT,219.37,2,158.5504761904762,60.819523809523815,219.37,98.79518072289157
Crawfordsville,2022,75,0.0,HOEGEMEYER 8065RR,221.29000000000002,2,158.5504761904762,62.73952380952383,221.29,100.0
Crawfordsville,2022,75,0.0,LH123HT X 3IIH6,170.45499999999998,2,158.5504761904762,11.904523809523795,170.455,73.49397590361446
Crawfordsville,2022,75,0.0,LH123HT X PHB47,139.24,2,158.5504761904762,-19.31047619047618,139.24,14.457831325301205
Crawfordsville,2022,75,0.0,LH145 X LH162,162.845,2,158.5504761904762,4.29452380952381,162.845,56.626506024096386
Crawfordsville,2022,75,0.0,LH185 X LH145,128.72,1,158.5504761904762,-29.83047619047619,128.72,9.63855421686747
Crawfordsville,2022,75,0.0,LH185 X LH82,174.625,2,158.5504761904762,16.07452380952381,174.625,80.72289156626506
Crawfordsville,2022,75,0.0,LH185 X W606S,155.78,1,158.5504761904762,-2.770476190476188,155.78,39.75903614457831
Crawfordsville,2022,75,0.0,LH195 X 3IIH6,158.87,2,158.5504761904762,0.3195238095238153,158.87,49.397590361445786
Crawfordsville,2022,75,0.0,LH195 X LH123HT,152.28500000000003,2,158.5504761904762,-6.265476190476164,152.285,33.734939759036145
Crawfordsville,2022,75,0.0,LH195 X LH185,167.98,2,158.5504761904762,9.4295238095238,167.98,68.67469879518072
Crawfordsville,2022,75,0.0,LH195 X PHM49,78.555,2,158.5504761904762,-79.99547619047618,78.555,0.0
Crawfordsville,2022,75,0.0,LH195 X PHZ51,152.805,2,158.5504761904762,-5.745476190476182,152.805,37.34939759036145
Crawfordsville,2022,75,0.0,LH198 X PHB47,155.92000000000002,2,158.5504761904762,-2.6304761904761733,155.92,40.963855421686745
Crawfordsville,2022,75,0.0,LH198 X PHZ51,135.60500000000002,2,158.5504761904762,-22.94547619047617,135.605,13.25301204819277
Crawfordsville,2022,75,0.0,LH74 X PHM49,158.79,1,158.5504761904762,0.2395238095238028,158.79,48.19277108433735
Crawfordsville,2022,75,0.0,LH74 X PHN82,157.875,2,158.5504761904762,-0.6754761904761892,157.875,45.78313253012048
Crawfordsville,2022,75,0.0,LH82 X PHB47,124.255,2,158.5504761904762,-34.295476190476194,124.255,3.6144578313253013
Crawfordsville,2022,75,0.0,LH82 X PHJ89,167.39,2,158.5504761904762,8.839523809523797,167.39,67.46987951807229
Crawfordsville,2022,75,0.0,LH82 X W606S,157.82,2,158.5504761904762,-0.730476190476196,157.82,44.57831325301205
Crawfordsville,2022,75,0.0,N209 X 3IIH6,181.82999999999998,2,158.5504761904762,23.279523809523795,181.83,91.56626506024097
Crawfordsville,2022,75,0.0,PHB47 X 3IIH6,168.925,2,158.5504761904762,10.374523809523822,168.925,71.08433734939759
Crawfordsville,2022,75,0.0,PHB47 X LH185,134.385,2,158.5504761904762,-24.1654761904762,134.385,12.048192771084338
Crawfordsville,2022,75,0.0,PHB47 X PHJ89,171.94,1,158.5504761904762,13.389523809523808,171.94,77.10843373493977
Crawfordsville,2022,75,0.0,PHB47 X PHK56,163.105,2,158.5504761904762,4.5545238095238005,163.105,59.036144578313255
Crawfordsville,2022,75,0.0,PHG39 X PHM49,162.20999999999998,2,158.5504761904762,3.6595238095237903,162.21,54.21686746987952
Crawfordsville,2022,75,0.0,PHG39 X PHN82,166.45,1,158.5504761904762,7.899523809523799,166.45,65.06024096385542
Crawfordsville,2022,75,0.0,PHJ40 X LH82,164.56,2,158.5504761904762,6.009523809523813,164.56,61.44578313253012
Crawfordsville,2022,75,0.0,PHK56 X 3IIH6,162.95,2,158.5504761904762,4.399523809523799,162.95,57.83132530120482
Crawfordsville,2022,75,0.0,PHK56 X LH145,140.66,1,158.5504761904762,-17.890476190476193,140.66,16.867469879518072
Crawfordsville,2022,75,0.0,PHK56 X LH185,152.445,2,158.5504761904762,-6.105476190476196,152.445,34.93975903614458
Crawfordsville,2022,75,0.0,PHK56 X LH198,161.45499999999998,2,158.5504761904762,2.904523809523795,161.455,51.80722891566265
Crawfordsville,2022,75,0.0,PHK56 X LH82,152.07999999999998,2,158.5504761904762,-6.470476190476205,152.08,32.53012048192771
Crawfordsville,2022,75,0.0,PHK56 X PHJ89,170.49,2,158.5504761904762,11.93952380952382,170.49,75.90361445783132
Crawfordsville,2022,75,0.0,PHK56 X W606S,150.995,2,158.5504761904762,-7.555476190476185,150.995,30.120481927710845
Crawfordsville,2022,75,0.0,PHK76 X 3IIH6,147.37,2,158.5504761904762,-11.180476190476185,147.37,28.91566265060241
Crawfordsville,2022,75,0.0,PHK76 X LH145,128.285,2,158.5504761904762,-30.265476190476193,128.285,8.433734939759036
Crawfordsville,2022,75,0.0,PHK76 X LH198,140.445,2,158.5504761904762,-18.105476190476196,140.445,15.662650602409638
Crawfordsville,2022,75,0.0,PHK76 X LH82,157.815,2,158.5504761904762,-0.7354761904761915,157.815,43.373493975903614
Crawfordsville,2022,75,0.0,PHK76 X W606S,141.10500000000002,2,158.5504761904762,-17.44547619047617,141.105,18.072289156626507
Crawfordsville,2022,75,0.0,PHN46 X PHB47,170.485,2,158.5504761904762,11.934523809523824,170.485,74.6987951807229
Crawfordsville,2022,75,0.0,PHN46 X PHK56,182.78,2,158.5504761904762,24.229523809523812,182.78,92.7710843373494
Crawfordsville,2022,75,0.0,PHN46 X W606S,157.47500000000002,2,158.5504761904762,-1.0754761904761665,157.475,42.16867469879518
Crawfordsville,2022,75,0.0,PHP02 X LH145,143.07,2,158.5504761904762,-15.480476190476196,143.07,21.686746987951807
Crawfordsville,2022,75,0.0,PHP02 X LH185,163.95,2,158.5504761904762,5.399523809523799,163.95,60.24096385542169
Crawfordsville,2022,75,0.0,PHP02 X LH198,166.04,2,158.5504761904762,7.489523809523803,166.04,63.855421686746986
Crawfordsville,2022,75,0.0,PHP02 X LH82,145.635,2,158.5504761904762,-12.915476190476198,145.635,26.50602409638554
Crawfordsville,2022,75,0.0,PHP02 X PHB47,180.79,2,158.5504761904762,22.239523809523803,180.79,87.95180722891567
Crawfordsville,2022,75,0.0,PHP02 X PHG47,126.55499999999999,2,158.5504761904762,-31.995476190476197,126.555,6.024096385542169
Crawfordsville,2022,75,0.0,PHP02 X PHJ89,151.0,2,158.5504761904762,-7.550476190476189,151.0,31.325301204819276
Crawfordsville,2022,75,0.0,PHP02 X PHK56,165.95999999999998,2,158.5504761904762,7.40952380952379,165.96,62.65060240963855
Crawfordsville,2022,75,0.0,PHP02 X PHK76,152.745,2,158.5504761904762,-5.805476190476185,152.745,36.144578313253014
Crawfordsville,2022,75,0.0,PHP02 X PHN46,144.31,2,158.5504761904762,-14.240476190476187,144.31,24.096385542168676
Crawfordsville,2022,75,0.0,PHP02 X W606S,158.32,2,158.5504761904762,-0.23047619047619605,158.32,46.98795180722892
Crawfordsville,2022,75,0.0,PHT69 X 3IIH6,168.505,2,158.5504761904762,9.954523809523806,168.505,69.87951807228916
Crawfordsville,2022,75,0.0,PHW52 X LH185,181.015,2,158.5504761904762,22.464523809523797,181.015,90.36144578313252
Crawfordsville,2022,75,0.0,PHW52 X PHM49,161.51,2,158.5504761904762,2.9595238095238017,161.51,53.01204819277108
Crawfordsville,2022,75,0.0,PHW52 X PHN82,180.8,2,158.5504761904762,22.249523809523822,180.8,89.1566265060241
Crawfordsville,2022,75,0.0,PHW52 X PHZ51,166.965,2,158.5504761904762,8.414523809523814,166.965,66.26506024096386
Crawfordsville,2022,75,0.0,PHZ51 X LH145,124.13,2,158.5504761904762,-34.420476190476194,124.13,2.4096385542168677
Crawfordsville,2022,75,0.0,PIONEER 1311 AMXT,196.94,2,158.5504761904762,38.38952380952381,196.94,97.59036144578313
Crawfordsville,2022,75,0.0,PIONEER P0589 AMXT,191.23000000000002,2,158.5504761904762,32.67952380952383,191.23,96.3855421686747
Crawfordsville,2022,75,0.0,SYNGENTA NK0760-3111,178.995,2,158.5504761904762,20.444523809523815,178.995,85.5421686746988
Crawfordsville,2022,75,0.0,WF9 X H95,130.515,2,158.5504761904762,-28.035476190476203,130.515,10.843373493975903
Crawfordsville,2022,150,0.0,2369 X 3IIH6,197.155,2,173.92374999999998,23.231250000000017,197.155,86.74698795180723
Crawfordsville,2022,150,0.0,2369 X LH123HT,161.325,2,173.92374999999998,-12.598749999999995,161.325,30.120481927710845
Crawfordsville,2022,150,0.0,2369 X PHN82,174.69,2,173.92374999999998,0.7662500000000136,174.69,54.21686746987952
Crawfordsville,2022,150,0.0,2369 X PHP02,166.565,2,173.92374999999998,-7.358749999999986,166.565,37.34939759036145
Crawfordsville,2022,150,0.0,2369 X PHZ51,149.835,2,173.92374999999998,-24.088749999999976,149.835,13.25301204819277
Crawfordsville,2022,150,0.0,2FACC X 3IIH6,169.79500000000002,2,173.92374999999998,-4.128749999999968,169.795,46.98795180722892
Crawfordsville,2022,150,0.0,4N506 X 3IIH6,155.845,2,173.92374999999998,-18.078749999999985,155.845,16.867469879518072
Crawfordsville,2022,150,0.0,B105 X 3IIH6,159.425,2,173.92374999999998,-14.498749999999973,159.425,25.301204819277107
Crawfordsville,2022,150,0.0,B14A X MO17,193.39,2,173.92374999999998,19.466250000000002,193.39,83.13253012048193
Crawfordsville,2022,150,0.0,B37 X H95,124.82,2,173.92374999999998,-49.10374999999999,124.82,1.2048192771084338
Crawfordsville,2022,150,0.0,B37 X MO17,144.525,2,173.92374999999998,-29.39874999999998,144.525,6.024096385542169
Crawfordsville,2022,150,0.0,B37 X OH43,154.105,2,173.92374999999998,-19.818749999999994,154.105,14.457831325301205
Crawfordsville,2022,150,0.0,B73 X 3IIH6,168.51999999999998,2,173.92374999999998,-5.403750000000002,168.52,40.963855421686745
Crawfordsville,2022,150,0.0,B73 X MO17,184.685,2,173.92374999999998,10.761250000000018,184.685,77.10843373493977
Crawfordsville,2022,150,0.0,B73 X PHM49,217.875,2,173.92374999999998,43.951250000000016,217.875,97.59036144578313
Crawfordsville,2022,150,0.0,B73 X PHN82,210.225,2,173.92374999999998,36.30125000000001,210.225,92.7710843373494
Crawfordsville,2022,150,0.0,B73 X PHZ51,156.01999999999998,2,173.92374999999998,-17.903750000000002,156.02,18.072289156626507
Crawfordsville,2022,150,0.0,B84 X 3IIH6,176.08499999999998,2,173.92374999999998,2.1612499999999955,176.085,56.626506024096386
Crawfordsville,2022,150,0.0,F42 X MO17,205.75,2,173.92374999999998,31.826250000000016,205.75,90.36144578313252
Crawfordsville,2022,150,0.0,F42 X OH43,166.845,2,173.92374999999998,-7.078749999999985,166.845,39.75903614457831
Crawfordsville,2022,150,0.0,HOEGEMEYER 7089 AMXT,208.39499999999998,2,173.92374999999998,34.47125,208.395,91.56626506024097
Crawfordsville,2022,150,0.0,HOEGEMEYER 8065RR,217.20499999999998,2,173.92374999999998,43.28125,217.205,96.3855421686747
Crawfordsville,2022,150,0.0,LH123HT X 3IIH6,182.115,2,173.92374999999998,8.191250000000025,182.115,67.46987951807229
Crawfordsville,2022,150,0.0,LH123HT X PHB47,174.335,2,173.92374999999998,0.4112500000000239,174.335,51.80722891566265
Crawfordsville,2022,150,0.0,LH145 X LH162,212.795,2,173.92374999999998,38.87125,212.795,93.97590361445783
Crawfordsville,2022,150,0.0,LH185 X LH145,142.16,1,173.92374999999998,-31.763749999999987,142.16,4.819277108433735
Crawfordsville,2022,150,0.0,LH185 X LH82,176.93,2,173.92374999999998,3.0062500000000227,176.93,57.83132530120482
Crawfordsville,2022,150,0.0,LH185 X W606S,174.96,1,173.92374999999998,1.0362500000000239,174.96,55.42168674698795
Crawfordsville,2022,150,0.0,LH195 X 3IIH6,165.39499999999998,2,173.92374999999998,-8.528750000000002,165.395,33.734939759036145
Crawfordsville,2022,150,0.0,LH195 X LH123HT,202.85,2,173.92374999999998,28.92625000000001,202.85,87.95180722891567
Crawfordsville,2022,150,0.0,LH195 X LH185,205.495,2,173.92374999999998,31.57125000000002,205.495,89.1566265060241
Crawfordsville,2022,150,0.0,LH195 X PHM49,103.015,2,173.92374999999998,-70.90874999999998,103.015,0.0
Crawfordsville,2022,150,0.0,LH195 X PHZ51,169.07,2,173.92374999999998,-4.853749999999991,169.07,43.373493975903614
Crawfordsville,2022,150,0.0,LH198 X PHB47,156.025,2,173.92374999999998,-17.89874999999998,156.025,19.27710843373494
Crawfordsville,2022,150,0.0,LH198 X PHZ51,157.635,2,173.92374999999998,-16.288749999999993,157.635,21.686746987951807
Crawfordsville,2022,150,0.0,LH74 X PHM49,178.195,2,173.92374999999998,4.271250000000009,178.195,59.036144578313255
Crawfordsville,2022,150,0.0,LH74 X PHN82,168.97,2,173.92374999999998,-4.953749999999985,168.97,42.16867469879518
Crawfordsville,2022,150,0.0,LH82 X PHB47,149.82,2,173.92374999999998,-24.10374999999999,149.82,12.048192771084338
Crawfordsville,2022,150,0.0,LH82 X PHJ89,181.85500000000002,2,173.92374999999998,7.931250000000034,181.855,66.26506024096386
Crawfordsville,2022,150,0.0,LH82 X W606S,169.225,2,173.92374999999998,-4.69874999999999,169.225,44.57831325301205
Crawfordsville,2022,150,0.0,N209 X 3IIH6,182.59,2,173.92374999999998,8.66625000000002,182.59,71.08433734939759
Crawfordsville,2022,150,0.0,PHB47 X 3IIH6,160.75,2,173.92374999999998,-13.173749999999984,160.75,27.710843373493976
Crawfordsville,2022,150,0.0,PHB47 X LH185,169.36,2,173.92374999999998,-4.56374999999997,169.36,45.78313253012048
Crawfordsville,2022,150,0.0,PHB47 X PHJ89,161.14,1,173.92374999999998,-12.783749999999998,161.14,28.91566265060241
Crawfordsville,2022,150,0.0,PHB47 X PHK56,179.67000000000002,2,173.92374999999998,5.746250000000032,179.67,60.24096385542169
Crawfordsville,2022,150,0.0,PHG39 X PHM49,180.37,2,173.92374999999998,6.4462500000000205,180.37,63.855421686746986
Crawfordsville,2022,150,0.0,PHG39 X PHN82,160.6,1,173.92374999999998,-13.32374999999999,160.6,26.50602409638554
Crawfordsville,2022,150,0.0,PHJ40 X LH82,165.82,2,173.92374999999998,-8.103749999999991,165.82,36.144578313253014
Crawfordsville,2022,150,0.0,PHK56 X 3IIH6,158.97500000000002,2,173.92374999999998,-14.948749999999961,158.975,24.096385542168676
Crawfordsville,2022,150,0.0,PHK56 X LH145,165.76,1,173.92374999999998,-8.163749999999993,165.76,34.93975903614458
Crawfordsville,2022,150,0.0,PHK56 X LH185,189.0,2,173.92374999999998,15.076250000000016,189.0,80.72289156626506
Crawfordsville,2022,150,0.0,PHK56 X LH198,193.0,2,173.92374999999998,19.076250000000016,193.0,81.92771084337349
Crawfordsville,2022,150,0.0,PHK56 X LH82,166.79500000000002,2,173.92374999999998,-7.128749999999968,166.795,38.55421686746988
Crawfordsville,2022,150,0.0,PHK56 X PHJ89,187.375,2,173.92374999999998,13.451250000000016,187.375,78.3132530120482
Crawfordsville,2022,150,0.0,PHK56 X W606S,184.12,2,173.92374999999998,10.19625000000002,184.12,73.49397590361446
Crawfordsville,2022,150,0.0,PHK76 X 3IIH6,149.70999999999998,2,173.92374999999998,-24.213750000000005,149.71,10.843373493975903
Crawfordsville,2022,150,0.0,PHK76 X LH145,133.45,2,173.92374999999998,-40.473749999999995,133.45,2.4096385542168677
Crawfordsville,2022,150,0.0,PHK76 X LH198,180.24,2,173.92374999999998,6.316250000000025,180.24,62.65060240963855
Crawfordsville,2022,150,0.0,PHK76 X LH82,163.135,2,173.92374999999998,-10.788749999999993,163.135,31.325301204819276
Crawfordsville,2022,150,0.0,PHK76 X W606S,156.25,2,173.92374999999998,-17.673749999999984,156.25,20.481927710843372
Crawfordsville,2022,150,0.0,PHN46 X PHB47,181.0,2,173.92374999999998,7.076250000000016,181.0,65.06024096385542
Crawfordsville,2022,150,0.0,PHN46 X PHK56,195.435,2,173.92374999999998,21.511250000000018,195.435,85.5421686746988
Crawfordsville,2022,150,0.0,PHN46 X W606S,172.095,2,173.92374999999998,-1.8287499999999852,172.095,48.19277108433735
Crawfordsville,2022,150,0.0,PHP02 X LH145,149.59,2,173.92374999999998,-24.33374999999998,149.59,9.63855421686747
Crawfordsville,2022,150,0.0,PHP02 X LH185,164.67,2,173.92374999999998,-9.253749999999997,164.67,32.53012048192771
Crawfordsville,2022,150,0.0,PHP02 X LH198,184.43,2,173.92374999999998,10.506250000000023,184.43,74.6987951807229
Crawfordsville,2022,150,0.0,PHP02 X LH82,147.465,2,173.92374999999998,-26.45874999999998,147.465,7.228915662650603
Crawfordsville,2022,150,0.0,PHP02 X PHB47,154.895,2,173.92374999999998,-19.028749999999974,154.895,15.662650602409638
Crawfordsville,2022,150,0.0,PHP02 X PHG47,172.685,2,173.92374999999998,-1.2387499999999818,172.685,50.602409638554214
Crawfordsville,2022,150,0.0,PHP02 X PHJ89,183.875,2,173.92374999999998,9.951250000000016,183.875,72.28915662650603
Crawfordsville,2022,150,0.0,PHP02 X PHK56,182.535,2,173.92374999999998,8.611250000000013,182.535,69.87951807228916
Crawfordsville,2022,150,0.0,PHP02 X PHK76,158.155,2,173.92374999999998,-15.768749999999983,158.155,22.89156626506024
Crawfordsville,2022,150,0.0,PHP02 X PHN46,184.515,2,173.92374999999998,10.591250000000002,184.515,75.90361445783132
Crawfordsville,2022,150,0.0,PHP02 X W606S,188.655,2,173.92374999999998,14.731250000000017,188.655,79.51807228915662
Crawfordsville,2022,150,0.0,PHT69 X 3IIH6,174.595,2,173.92374999999998,0.6712500000000148,174.595,53.01204819277108
Crawfordsville,2022,150,0.0,PHW52 X LH185,194.675,2,173.92374999999998,20.751250000000027,194.675,84.33734939759036
Crawfordsville,2022,150,0.0,PHW52 X PHM49,182.36,2,173.92374999999998,8.43625000000003,182.36,68.67469879518072
Crawfordsville,2022,150,0.0,PHW52 X PHN82,179.885,2,173.92374999999998,5.961250000000007,179.885,61.44578313253012
Crawfordsville,2022,150,0.0,PHW52 X PHZ51,172.425,2,173.92374999999998,-1.4987499999999727,172.425,49.397590361445786
Crawfordsville,2022,150,0.0,PHZ51 X LH145,148.60500000000002,2,173.92374999999998,-25.318749999999966,148.605,8.433734939759036
Crawfordsville,2022,150,0.0,PIONEER 1311 AMXT,237.805,2,173.92374999999998,63.88125000000002,237.805,100.0
Crawfordsville,2022,150,0.0,PIONEER P0589 AMXT,216.215,2,173.92374999999998,42.29125000000002,216.215,95.18072289156626
Crawfordsville,2022,150,0.0,SYNGENTA NK0760-3111,219.39999999999998,2,173.92374999999998,45.47624999999999,219.4,98.79518072289157
Crawfordsville,2022,150,0.0,WF9 X H95,141.59500000000003,2,173.92374999999998,-32.32874999999996,141.595,3.6144578313253013
Crawfordsville,2022,225,0.0,2369 X 3IIH6,160.51,2,162.07863095238093,-1.5686309523809427,160.51,43.373493975903614
Crawfordsville,2022,225,0.0,2369 X LH123HT,169.45499999999998,2,162.07863095238093,7.37636904761905,169.455,61.44578313253012
Crawfordsville,2022,225,0.0,2369 X PHN82,166.49,2,162.07863095238093,4.4113690476190754,166.49,55.42168674698795
Crawfordsville,2022,225,0.0,2369 X PHP02,165.06,2,162.07863095238093,2.9813690476190686,165.06,53.01204819277108
Crawfordsville,2022,225,0.0,2369 X PHZ51,141.355,2,162.07863095238093,-20.723630952380944,141.355,12.048192771084338
Crawfordsville,2022,225,0.0,2FACC X 3IIH6,174.115,2,162.07863095238093,12.036369047619075,174.115,73.49397590361446
Crawfordsville,2022,225,0.0,4N506 X 3IIH6,164.79000000000002,2,162.07863095238093,2.711369047619087,164.79,50.602409638554214
Crawfordsville,2022,225,0.0,B105 X 3IIH6,153.02499999999998,2,162.07863095238093,-9.053630952380956,153.025,32.53012048192771
Crawfordsville,2022,225,0.0,B14A X MO17,146.09,2,162.07863095238093,-15.98863095238093,146.09,19.27710843373494
Crawfordsville,2022,225,0.0,B37 X H95,112.695,2,162.07863095238093,-49.38363095238094,112.695,2.4096385542168677
Crawfordsville,2022,225,0.0,B37 X MO17,140.575,2,162.07863095238093,-21.503630952380945,140.575,9.63855421686747
Crawfordsville,2022,225,0.0,B37 X OH43,143.7,2,162.07863095238093,-18.378630952380945,143.7,16.867469879518072
Crawfordsville,2022,225,0.0,B73 X 3IIH6,188.125,2,162.07863095238093,26.046369047619066,188.125,92.7710843373494
Crawfordsville,2022,225,0.0,B73 X MO17,172.92000000000002,2,162.07863095238093,10.841369047619082,172.92,68.67469879518072
Crawfordsville,2022,225,0.0,B73 X PHM49,176.535,2,162.07863095238093,14.456369047619063,176.535,79.51807228915662
Crawfordsville,2022,225,0.0,B73 X PHN82,174.25,2,162.07863095238093,12.171369047619066,174.25,74.6987951807229
Crawfordsville,2022,225,0.0,B73 X PHZ51,146.65,2,162.07863095238093,-15.428630952380928,146.65,20.481927710843372
Crawfordsville,2022,225,0.0,B84 X 3IIH6,150.025,2,162.07863095238093,-12.053630952380928,150.025,28.91566265060241
Crawfordsville,2022,225,0.0,F42 X MO17,143.515,2,162.07863095238093,-18.563630952380947,143.515,15.662650602409638
Crawfordsville,2022,225,0.0,F42 X OH43,161.09,2,162.07863095238093,-0.9886309523809302,161.09,45.78313253012048
Crawfordsville,2022,225,0.0,HOEGEMEYER 7089 AMXT,201.565,2,162.07863095238093,39.486369047619064,201.565,96.3855421686747
Crawfordsville,2022,225,0.0,HOEGEMEYER 8065RR,210.78,2,162.07863095238093,48.70136904761907,210.78,100.0
Crawfordsville,2022,225,0.0,LH123HT X 3IIH6,154.34,2,162.07863095238093,-7.73863095238093,154.34,34.93975903614458
Crawfordsville,2022,225,0.0,LH123HT X PHB47,149.67000000000002,2,162.07863095238093,-12.408630952380918,149.67,27.710843373493976
Crawfordsville,2022,225,0.0,LH145 X LH162,178.315,2,162.07863095238093,16.236369047619064,178.315,87.95180722891567
Crawfordsville,2022,225,0.0,LH185 X LH145,135.49,1,162.07863095238093,-26.588630952380925,135.49,6.024096385542169
Crawfordsville,2022,225,0.0,LH185 X LH82,166.95,2,162.07863095238093,4.871369047619055,166.95,56.626506024096386
Crawfordsville,2022,225,0.0,LH185 X W606S,149.6,1,162.07863095238093,-12.47863095238094,149.6,26.50602409638554
Crawfordsville,2022,225,0.0,LH195 X 3IIH6,177.385,2,162.07863095238093,15.306369047619057,177.385,83.13253012048193
Crawfordsville,2022,225,0.0,LH195 X LH123HT,177.39,2,162.07863095238093,15.311369047619053,177.39,84.33734939759036
Crawfordsville,2022,225,0.0,LH195 X LH185,181.525,2,162.07863095238093,19.446369047619072,181.525,89.1566265060241
Crawfordsville,2022,225,0.0,LH195 X PHM49,107.18,2,162.07863095238093,-54.89863095238093,107.18,0.0
Crawfordsville,2022,225,0.0,LH195 X PHZ51,140.785,2,162.07863095238093,-21.293630952380937,140.785,10.843373493975903
Crawfordsville,2022,225,0.0,LH198 X PHB47,141.54000000000002,2,162.07863095238093,-20.538630952380913,141.54,14.457831325301205
Crawfordsville,2022,225,0.0,LH198 X PHZ51,151.33499999999998,2,162.07863095238093,-10.743630952380954,151.335,31.325301204819276
Crawfordsville,2022,225,0.0,LH74 X PHM49,170.82,2,162.07863095238093,8.74136904761906,170.82,63.855421686746986
Crawfordsville,2022,225,0.0,LH74 X PHN82,164.845,2,162.07863095238093,2.766369047619065,164.845,51.80722891566265
Crawfordsville,2022,225,0.0,LH82 X PHB47,138.41500000000002,2,162.07863095238093,-23.663630952380913,138.415,8.433734939759036
Crawfordsville,2022,225,0.0,LH82 X PHJ89,159.76,2,162.07863095238093,-2.3186309523809427,159.76,39.75903614457831
Crawfordsville,2022,225,0.0,LH82 X W606S,153.04500000000002,2,162.07863095238093,-9.033630952380918,153.045,33.734939759036145
Crawfordsville,2022,225,0.0,N209 X 3IIH6,167.71499999999997,2,162.07863095238093,5.636369047619041,167.715,57.83132530120482
Crawfordsville,2022,225,0.0,PHB47 X 3IIH6,144.465,2,162.07863095238093,-17.61363095238093,144.465,18.072289156626507
Crawfordsville,2022,225,0.0,PHB47 X LH185,141.435,2,162.07863095238093,-20.64363095238093,141.435,13.25301204819277
Crawfordsville,2022,225,0.0,PHB47 X PHJ89,182.2,1,162.07863095238093,20.121369047619055,182.2,91.56626506024097
Crawfordsville,2022,225,0.0,PHB47 X PHK56,175.945,2,162.07863095238093,13.86636904761906,175.945,77.10843373493977
Crawfordsville,2022,225,0.0,PHG39 X PHM49,172.62,2,162.07863095238093,10.541369047619071,172.62,66.26506024096386
Crawfordsville,2022,225,0.0,PHG39 X PHN82,169.32,1,162.07863095238093,7.2413690476190595,169.32,60.24096385542169
Crawfordsville,2022,225,0.0,PHJ40 X LH82,161.4,2,162.07863095238093,-0.678630952380928,161.4,46.98795180722892
Crawfordsville,2022,225,0.0,PHK56 X 3IIH6,162.5,2,162.07863095238093,0.42136904761906635,162.5,48.19277108433735
Crawfordsville,2022,225,0.0,PHK56 X LH145,151.08,1,162.07863095238093,-10.998630952380921,151.08,30.120481927710845
Crawfordsville,2022,225,0.0,PHK56 X LH185,173.445,2,162.07863095238093,11.36636904761906,173.445,72.28915662650603
Crawfordsville,2022,225,0.0,PHK56 X LH198,163.97,2,162.07863095238093,1.8913690476190652,163.97,49.397590361445786
Crawfordsville,2022,225,0.0,PHK56 X LH82,177.64499999999998,2,162.07863095238093,15.566369047619048,177.645,86.74698795180723
Crawfordsville,2022,225,0.0,PHK56 X PHJ89,175.665,2,162.07863095238093,13.586369047619058,175.665,75.90361445783132
Crawfordsville,2022,225,0.0,PHK56 X W606S,166.09,2,162.07863095238093,4.01136904761907,166.09,54.21686746987952
Crawfordsville,2022,225,0.0,PHK76 X 3IIH6,159.84,2,162.07863095238093,-2.2386309523809302,159.84,40.963855421686745
Crawfordsville,2022,225,0.0,PHK76 X LH145,126.57,2,162.07863095238093,-35.50863095238094,126.57,3.6144578313253013
Crawfordsville,2022,225,0.0,PHK76 X LH198,173.19,2,162.07863095238093,11.111369047619064,173.19,69.87951807228916
Crawfordsville,2022,225,0.0,PHK76 X LH82,149.58499999999998,2,162.07863095238093,-12.493630952380954,149.585,25.301204819277107
Crawfordsville,2022,225,0.0,PHK76 X W606S,148.535,2,162.07863095238093,-13.543630952380937,148.535,22.89156626506024
Crawfordsville,2022,225,0.0,PHN46 X PHB47,169.26,2,162.07863095238093,7.181369047619057,169.26,59.036144578313255
Crawfordsville,2022,225,0.0,PHN46 X PHK56,181.53500000000003,2,162.07863095238093,19.45636904761909,181.535,90.36144578313252
Crawfordsville,2022,225,0.0,PHN46 X W606S,172.83999999999997,2,162.07863095238093,10.761369047619041,172.84,67.46987951807229
Crawfordsville,2022,225,0.0,PHP02 X LH145,135.64499999999998,2,162.07863095238093,-26.433630952380952,135.645,7.228915662650603
Crawfordsville,2022,225,0.0,PHP02 X LH185,158.66000000000003,2,162.07863095238093,-3.4186309523809086,158.66,38.55421686746988
Crawfordsville,2022,225,0.0,PHP02 X LH198,160.34,2,162.07863095238093,-1.7386309523809302,160.34,42.16867469879518
Crawfordsville,2022,225,0.0,PHP02 X LH82,147.235,2,162.07863095238093,-14.84363095238092,147.235,21.686746987951807
Crawfordsville,2022,225,0.0,PHP02 X PHB47,157.92000000000002,2,162.07863095238093,-4.158630952380918,157.92,37.34939759036145
Crawfordsville,2022,225,0.0,PHP02 X PHG47,172.31,2,162.07863095238093,10.231369047619069,172.31,65.06024096385542
Crawfordsville,2022,225,0.0,PHP02 X PHJ89,176.515,2,162.07863095238093,14.436369047619053,176.515,78.3132530120482
Crawfordsville,2022,225,0.0,PHP02 X PHK56,177.345,2,162.07863095238093,15.266369047619065,177.345,81.92771084337349
Crawfordsville,2022,225,0.0,PHP02 X PHK76,148.76,2,162.07863095238093,-13.318630952380943,148.76,24.096385542168676
Crawfordsville,2022,225,0.0,PHP02 X PHN46,157.005,2,162.07863095238093,-5.073630952380938,157.005,36.144578313253014
Crawfordsville,2022,225,0.0,PHP02 X W606S,170.115,2,162.07863095238093,8.036369047619075,170.115,62.65060240963855
Crawfordsville,2022,225,0.0,PHT69 X 3IIH6,177.62,2,162.07863095238093,15.541369047619071,177.62,85.5421686746988
Crawfordsville,2022,225,0.0,PHW52 X LH185,160.75,2,162.07863095238093,-1.3286309523809336,160.75,44.57831325301205
Crawfordsville,2022,225,0.0,PHW52 X PHM49,188.885,2,162.07863095238093,26.806369047619057,188.885,93.97590361445783
Crawfordsville,2022,225,0.0,PHW52 X PHN82,176.765,2,162.07863095238093,14.686369047619053,176.765,80.72289156626506
Crawfordsville,2022,225,0.0,PHW52 X PHZ51,173.27499999999998,2,162.07863095238093,11.196369047619044,173.275,71.08433734939759
Crawfordsville,2022,225,0.0,PHZ51 X LH145,112.30499999999999,2,162.07863095238093,-49.77363095238094,112.305,1.2048192771084338
Crawfordsville,2022,225,0.0,PIONEER 1311 AMXT,204.08499999999998,2,162.07863095238093,42.006369047619046,204.085,98.79518072289157
Crawfordsville,2022,225,0.0,PIONEER P0589 AMXT,202.965,2,162.07863095238093,40.88636904761907,202.965,97.59036144578313
Crawfordsville,2022,225,0.0,SYNGENTA NK0760-3111,199.815,2,162.07863095238093,37.736369047619064,199.815,95.18072289156626
Crawfordsville,2022,225,0.0,WF9 X H95,127.73500000000001,2,162.07863095238093,-34.34363095238092,127.735,4.819277108433735
Lincoln,2022,75,0.0,2369 X 3IIH6,24.71,2,41.86562074829932,-17.15562074829932,24.71,24.096385542168676
Lincoln,2022,75,0.0,2369 X LH123HT,6.355,2,41.86562074829932,-35.51062074829932,6.355,1.2048192771084338
Lincoln,2022,75,0.0,2369 X PHN82,71.765,2,41.86562074829932,29.89937925170068,71.765,91.56626506024097
Lincoln,2022,75,0.0,2369 X PHP02,42.825,2,41.86562074829932,0.9593792517006818,42.825,56.024096385542165
Lincoln,2022,75,0.0,2369 X PHZ51,44.955,2,41.86562074829932,3.0893792517006773,44.955,60.24096385542169
Lincoln,2022,75,0.0,2FACC X 3IIH6,66.43,2,41.86562074829932,24.564379251700686,66.43,89.1566265060241
Lincoln,2022,75,0.0,4N506 X 3IIH6,15.555,2,41.86562074829932,-26.31062074829932,15.555,7.228915662650603
Lincoln,2022,75,0.0,B105 X 3IIH6,21.865000000000002,2,41.86562074829932,-20.00062074829932,21.865,14.457831325301205
Lincoln,2022,75,0.0,B14A X MO17,42.065,2,41.86562074829932,0.19937925170067672,42.065,53.01204819277108
Lincoln,2022,75,0.0,B37 X H95,19.845,2,41.86562074829932,-22.020620748299322,19.845,10.843373493975903
Lincoln,2022,75,0.0,B37 X MO17,30.29,2,41.86562074829932,-11.575620748299322,30.29,31.325301204819276
Lincoln,2022,75,0.0,B37 X OH43,38.965,2,41.86562074829932,-2.9006207482993176,38.965,46.98795180722892
Lincoln,2022,75,0.0,B73 X 3IIH6,7.135,2,41.86562074829932,-34.73062074829932,7.135,4.819277108433735
Lincoln,2022,75,0.0,B73 X MO17,26.16,2,41.86562074829932,-15.70562074829932,26.16,27.710843373493976
Lincoln,2022,75,0.0,B73 X PHM49,20.925,2,41.86562074829932,-20.94062074829932,20.925,12.048192771084338
Lincoln,2022,75,0.0,B73 X PHN82,31.044999999999998,2,41.86562074829932,-10.820620748299323,31.045,32.53012048192771
Lincoln,2022,75,0.0,B73 X PHZ51,36.19,2,41.86562074829932,-5.675620748299323,36.19,40.963855421686745
Lincoln,2022,75,0.0,B84 X 3IIH6,49.015,2,41.86562074829932,7.14937925170068,49.015,72.28915662650603
Lincoln,2022,75,0.0,F42 X MO17,40.61,2,41.86562074829932,-1.2556207482993216,40.61,49.397590361445786
Lincoln,2022,75,0.0,F42 X OH43,68.625,2,41.86562074829932,26.75937925170068,68.625,90.36144578313252
Lincoln,2022,75,0.0,HOEGEMEYER 7089 AMXT,120.595,2,41.86562074829932,78.72937925170068,120.595,100.0
Lincoln,2022,75,0.0,HOEGEMEYER 8065RR,80.485,2,41.86562074829932,38.61937925170068,80.485,93.97590361445783
Lincoln,2022,75,0.0,LH123HT X 3IIH6,4.395,2,41.86562074829932,-37.470620748299325,4.395,0.0
Lincoln,2022,75,0.0,LH123HT X PHB47,7.105,2,41.86562074829932,-34.76062074829932,7.105,3.6144578313253013
Lincoln,2022,75,0.0,LH145 X LH162,27.82,2,41.86562074829932,-14.04562074829932,27.82,30.120481927710845
Lincoln,2022,75,0.0,LH185 X LH145,66.1,1,41.86562074829932,24.234379251700673,66.1,87.95180722891567
Lincoln,2022,75,0.0,LH185 X LH82,42.22,2,41.86562074829932,0.35437925170067786,42.22,54.21686746987952
Lincoln,2022,75,0.0,LH185 X W606S,22.0,1,41.86562074829932,-19.86562074829932,22.0,15.662650602409638
Lincoln,2022,75,0.0,LH195 X 3IIH6,21.63,2,41.86562074829932,-20.235620748299322,21.63,13.25301204819277
Lincoln,2022,75,0.0,LH195 X LH123HT,6.985,2,41.86562074829932,-34.88062074829932,6.985,2.4096385542168677
Lincoln,2022,75,0.0,LH195 X LH185,51.69,2,41.86562074829932,9.824379251700677,51.69,75.90361445783132
Lincoln,2022,75,0.0,LH195 X PHM49,37.135,2,41.86562074829932,-4.730620748299323,37.135,44.57831325301205
Lincoln,2022,75,0.0,LH195 X PHZ51,45.43,2,41.86562074829932,3.5643792517006787,45.43,61.44578313253012
Lincoln,2022,75,0.0,LH198 X PHB47,32.105000000000004,2,41.86562074829932,-9.760620748299317,32.105,36.144578313253014
Lincoln,2022,75,0.0,LH198 X PHZ51,45.754999999999995,2,41.86562074829932,3.8893792517006744,45.755,62.65060240963855
Lincoln,2022,75,0.0,LH74 X PHM49,32.71,2,41.86562074829932,-9.15562074829932,32.71,37.34939759036145
Lincoln,2022,75,0.0,LH74 X PHN82,43.305,2,41.86562074829932,1.4393792517006787,43.305,57.83132530120482
Lincoln,2022,75,0.0,LH82 X PHB47,23.88,2,41.86562074829932,-17.985620748299322,23.88,21.686746987951807
Lincoln,2022,75,0.0,LH82 X PHJ89,61.92,2,41.86562074829932,20.05437925170068,61.92,84.33734939759036
Lincoln,2022,75,0.0,LH82 X W606S,81.215,2,41.86562074829932,39.34937925170068,81.215,95.18072289156626
Lincoln,2022,75,0.0,N209 X 3IIH6,54.82,2,41.86562074829932,12.95437925170068,54.82,79.51807228915662
Lincoln,2022,75,0.0,PHB47 X 3IIH6,11.375,2,41.86562074829932,-30.49062074829932,11.375,6.024096385542169
Lincoln,2022,75,0.0,PHB47 X LH185,47.09,2,41.86562074829932,5.224379251700682,47.09,67.46987951807229
Lincoln,2022,75,0.0,PHB47 X PHJ89,23.68,1,41.86562074829932,-18.18562074829932,23.68,20.481927710843372
Lincoln,2022,75,0.0,PHB47 X PHK56,52.349999999999994,2,41.86562074829932,10.484379251700673,52.35,77.10843373493977
Lincoln,2022,75,0.0,PHG39 X PHM49,38.894999999999996,2,41.86562074829932,-2.970620748299325,38.895,45.78313253012048
Lincoln,2022,75,0.0,PHG39 X PHN82,60.89,1,41.86562074829932,19.02437925170068,60.89,81.92771084337349
Lincoln,2022,75,0.0,PHJ40 X LH82,82.33500000000001,2,41.86562074829932,40.46937925170069,82.335,96.3855421686747
Lincoln,2022,75,0.0,PHK56 X 3IIH6,22.8,2,41.86562074829932,-19.06562074829932,22.8,19.27710843373494
Lincoln,2022,75,0.0,PHK56 X LH145,31.14,1,41.86562074829932,-10.72562074829932,31.14,33.734939759036145
Lincoln,2022,75,0.0,PHK56 X LH185,17.025,2,41.86562074829932,-24.840620748299322,17.025,8.433734939759036
Lincoln,2022,75,0.0,PHK56 X LH198,54.099999999999994,2,41.86562074829932,12.234379251700673,54.1,78.3132530120482
Lincoln,2022,75,0.0,PHK56 X LH82,56.43,2,41.86562074829932,14.564379251700679,56.43,80.72289156626506
Lincoln,2022,75,0.0,PHK56 X PHJ89,24.625,2,41.86562074829932,-17.24062074829932,24.625,22.89156626506024
Lincoln,2022,75,0.0,PHK56 X W606S,26.58,2,41.86562074829932,-15.285620748299323,26.58,28.91566265060241
Lincoln,2022,75,0.0,PHK76 X 3IIH6,18.625,2,41.86562074829932,-23.24062074829932,18.625,9.63855421686747
Lincoln,2022,75,0.0,PHK76 X LH145,65.145,2,41.86562074829932,23.279379251700675,65.145,86.74698795180723
Lincoln,2022,75,0.0,PHK76 X LH198,40.550000000000004,2,41.86562074829932,-1.3156207482993167,40.55,48.19277108433735
Lincoln,2022,75,0.0,PHK76 X LH82,36.714999999999996,2,41.86562074829932,-5.150620748299325,36.715,42.16867469879518
Lincoln,2022,75,0.0,PHK76 X W606S,49.995000000000005,2,41.86562074829932,8.129379251700684,49.995,74.6987951807229
Lincoln,2022,75,0.0,PHN46 X PHB47,36.92,2,41.86562074829932,-4.945620748299319,36.92,43.373493975903614
Lincoln,2022,75,0.0,PHN46 X PHK56,43.575,2,41.86562074829932,1.7093792517006818,43.575,59.036144578313255
Lincoln,2022,75,0.0,PHN46 X W606S,26.035,2,41.86562074829932,-15.83062074829932,26.035,26.50602409638554
Lincoln,2022,75,0.0,PHP02 X LH145,45.84,2,41.86562074829932,3.9743792517006824,45.84,63.855421686746986
Lincoln,2022,75,0.0,PHP02 X LH185,46.915,2,41.86562074829932,5.049379251700678,46.915,66.26506024096386
Lincoln,2022,75,0.0,PHP02 X LH198,25.12,2,41.86562074829932,-16.74562074829932,25.12,25.301204819277107
Lincoln,2022,75,0.0,PHP02 X LH82,35.795,2,41.86562074829932,-6.070620748299319,35.795,39.75903614457831
Lincoln,2022,75,0.0,PHP02 X PHB47,22.630000000000003,2,41.86562074829932,-19.23562074829932,22.63,18.072289156626507
Lincoln,2022,75,0.0,PHP02 X PHG47,47.97,2,41.86562074829932,6.104379251700678,47.97,71.08433734939759
Lincoln,2022,75,0.0,PHP02 X PHJ89,49.785,2,41.86562074829932,7.919379251700676,49.785,73.49397590361446
Lincoln,2022,75,0.0,PHP02 X PHK56,35.394999999999996,2,41.86562074829932,-6.470620748299325,35.395,38.55421686746988
Lincoln,2022,75,0.0,PHP02 X PHK76,42.825,2,41.86562074829932,0.9593792517006818,42.825,56.024096385542165
Lincoln,2022,75,0.0,PHP02 X PHN46,46.345,2,41.86562074829932,4.479379251700678,46.345,65.06024096385542
Lincoln,2022,75,0.0,PHP02 X W606S,47.575,2,41.86562074829932,5.709379251700682,47.575,68.67469879518072
Lincoln,2022,75,0.0,PHT69 X 3IIH6,42.045,2,41.86562074829932,0.1793792517006807,42.045,51.80722891566265
Lincoln,2022,75,0.0,PHW52 X LH185,31.28,2,41.86562074829932,-10.58562074829932,31.28,34.93975903614458
Lincoln,2022,75,0.0,PHW52 X PHM49,61.435,2,41.86562074829932,19.56937925170068,61.435,83.13253012048193
Lincoln,2022,75,0.0,PHW52 X PHN82,97.91499999999999,2,41.86562074829932,56.04937925170067,97.915,97.59036144578313
Lincoln,2022,75,0.0,PHW52 X PHZ51,63.309999999999995,2,41.86562074829932,21.444379251700674,63.31,85.5421686746988
Lincoln,2022,75,0.0,PHZ51 X LH145,47.845,2,41.86562074829932,5.979379251700678,47.845,69.87951807228916
Lincoln,2022,75,0.0,PIONEER 1311 AMXT,41.004999999999995,2,41.86562074829932,-0.8606207482993256,41.005,50.602409638554214
Lincoln,2022,75,0.0,PIONEER P0589 AMXT,102.53,2,41.86562074829932,60.66437925170068,102.53,98.79518072289157
Lincoln,2022,75,0.0,SYNGENTA NK0760-3111,79.17714285714285,7,41.86562074829932,37.31152210884353,79.17714286,92.7710843373494
Lincoln,2022,75,0.0,WF9 X H95,22.47,2,41.86562074829932,-19.395620748299322,22.47,16.867469879518072
Lincoln,2022,150,0.0,2369 X 3IIH6,54.53,2,52.7402380952381,1.789761904761903,54.53,48.19277108433735
Lincoln,2022,150,0.0,2369 X LH123HT,14.785,2,52.7402380952381,-37.9552380952381,14.785,1.2048192771084338
Lincoln,2022,150,0.0,2369 X PHN82,56.685,2,52.7402380952381,3.9447619047619042,56.685,53.01204819277108
Lincoln,2022,150,0.0,2369 X PHP02,49.445,2,52.7402380952381,-3.2952380952380977,49.445,38.55421686746988
Lincoln,2022,150,0.0,2369 X PHZ51,83.58500000000001,2,52.7402380952381,30.84476190476191,83.585,95.18072289156626
Lincoln,2022,150,0.0,2FACC X 3IIH6,20.814999999999998,2,52.7402380952381,-31.9252380952381,20.815,7.228915662650603
Lincoln,2022,150,0.0,4N506 X 3IIH6,41.79,2,52.7402380952381,-10.950238095238099,41.79,30.120481927710845
Lincoln,2022,150,0.0,B105 X 3IIH6,40.1,2,52.7402380952381,-12.640238095238097,40.1,28.91566265060241
Lincoln,2022,150,0.0,B14A X MO17,59.39,2,52.7402380952381,6.6497619047619025,59.39,61.44578313253012
Lincoln,2022,150,0.0,B37 X H95,25.04,2,52.7402380952381,-27.7002380952381,25.04,8.433734939759036
Lincoln,2022,150,0.0,B37 X MO17,35.644999999999996,2,52.7402380952381,-17.095238095238102,35.645,22.89156626506024
Lincoln,2022,150,0.0,B37 X OH43,34.32,2,52.7402380952381,-18.420238095238098,34.32,20.481927710843372
Lincoln,2022,150,0.0,B73 X 3IIH6,30.075,2,52.7402380952381,-22.6652380952381,30.075,10.843373493975903
Lincoln,2022,150,0.0,B73 X MO17,59.03,2,52.7402380952381,6.289761904761903,59.03,59.036144578313255
Lincoln,2022,150,0.0,B73 X PHM49,30.21,2,52.7402380952381,-22.530238095238097,30.21,12.048192771084338
Lincoln,2022,150,0.0,B73 X PHN82,44.525,2,52.7402380952381,-8.2152380952381,44.525,33.734939759036145
Lincoln,2022,150,0.0,B73 X PHZ51,53.44,2,52.7402380952381,0.6997619047618997,53.44,45.78313253012048
Lincoln,2022,150,0.0,B84 X 3IIH6,26.58,2,52.7402380952381,-26.1602380952381,26.58,9.63855421686747
Lincoln,2022,150,0.0,F42 X MO17,48.545,2,52.7402380952381,-4.195238095238096,48.545,37.34939759036145
Lincoln,2022,150,0.0,F42 X OH43,49.55,2,52.7402380952381,-3.190238095238101,49.55,39.75903614457831
Lincoln,2022,150,0.0,HOEGEMEYER 7089 AMXT,94.78,2,52.7402380952381,42.0397619047619,94.78,97.59036144578313
Lincoln,2022,150,0.0,HOEGEMEYER 8065RR,89.465,2,52.7402380952381,36.724761904761905,89.465,96.3855421686747
Lincoln,2022,150,0.0,LH123HT X 3IIH6,17.16,2,52.7402380952381,-35.5802380952381,17.16,3.6144578313253013
Lincoln,2022,150,0.0,LH123HT X PHB47,16.064999999999998,2,52.7402380952381,-36.6752380952381,16.065,2.4096385542168677
Lincoln,2022,150,0.0,LH145 X LH162,60.18,2,52.7402380952381,7.439761904761902,60.18,65.06024096385542
Lincoln,2022,150,0.0,LH185 X LH145,80.45,1,52.7402380952381,27.709761904761905,80.45,92.7710843373494
Lincoln,2022,150,0.0,LH185 X LH82,67.99,2,52.7402380952381,15.249761904761897,67.99,81.92771084337349
Lincoln,2022,150,0.0,LH185 X W606S,59.17,1,52.7402380952381,6.429761904761904,59.17,60.24096385542169
Lincoln,2022,150,0.0,LH195 X 3IIH6,34.495000000000005,2,52.7402380952381,-18.245238095238093,34.495,21.686746987951807
Lincoln,2022,150,0.0,LH195 X LH123HT,11.8,2,52.7402380952381,-40.9402380952381,11.8,0.0
Lincoln,2022,150,0.0,LH195 X LH185,60.754999999999995,2,52.7402380952381,8.014761904761897,60.755,67.46987951807229
Lincoln,2022,150,0.0,LH195 X PHM49,33.27,2,52.7402380952381,-19.470238095238095,33.27,18.072289156626507
Lincoln,2022,150,0.0,LH195 X PHZ51,57.67,2,52.7402380952381,4.929761904761904,57.67,55.42168674698795
Lincoln,2022,150,0.0,LH198 X PHB47,53.085,2,52.7402380952381,0.3447619047619028,53.085,44.57831325301205
Lincoln,2022,150,0.0,LH198 X PHZ51,55.595,2,52.7402380952381,2.854761904761901,55.595,49.397590361445786
Lincoln,2022,150,0.0,LH74 X PHM49,36.269999999999996,2,52.7402380952381,-16.470238095238102,36.27,25.301204819277107
Lincoln,2022,150,0.0,LH74 X PHN82,58.355000000000004,2,52.7402380952381,5.614761904761906,58.355,57.83132530120482
Lincoln,2022,150,0.0,LH82 X PHB47,32.555,2,52.7402380952381,-20.1852380952381,32.555,16.867469879518072
Lincoln,2022,150,0.0,LH82 X PHJ89,66.37,2,52.7402380952381,13.629761904761907,66.37,78.3132530120482
Lincoln,2022,150,0.0,LH82 X W606S,73.07,2,52.7402380952381,20.329761904761895,73.07,87.95180722891567
Lincoln,2022,150,0.0,N209 X 3IIH6,63.1,2,52.7402380952381,10.359761904761903,63.1,71.08433734939759
Lincoln,2022,150,0.0,PHB47 X 3IIH6,17.78,2,52.7402380952381,-34.9602380952381,17.78,4.819277108433735
Lincoln,2022,150,0.0,PHB47 X LH185,36.235,2,52.7402380952381,-16.5052380952381,36.235,24.096385542168676
Lincoln,2022,150,0.0,PHB47 X PHJ89,67.54,1,52.7402380952381,14.799761904761908,67.54,80.72289156626506
Lincoln,2022,150,0.0,PHB47 X PHK56,62.27,2,52.7402380952381,9.529761904761905,62.27,69.87951807228916
Lincoln,2022,150,0.0,PHG39 X PHM49,69.35,2,52.7402380952381,16.609761904761896,69.35,84.33734939759036
Lincoln,2022,150,0.0,PHG39 X PHN82,81.93,1,52.7402380952381,29.18976190476191,81.93,93.97590361445783
Lincoln,2022,150,0.0,PHJ40 X LH82,78.02,2,52.7402380952381,25.279761904761898,78.02,91.56626506024097
Lincoln,2022,150,0.0,PHK56 X 3IIH6,32.07,2,52.7402380952381,-20.670238095238098,32.07,14.457831325301205
Lincoln,2022,150,0.0,PHK56 X LH145,18.63,1,52.7402380952381,-34.1102380952381,18.63,6.024096385542169
Lincoln,2022,150,0.0,PHK56 X LH185,42.260000000000005,2,52.7402380952381,-10.480238095238093,42.26,31.325301204819276
Lincoln,2022,150,0.0,PHK56 X LH198,66.35,2,52.7402380952381,13.609761904761896,66.35,77.10843373493977
Lincoln,2022,150,0.0,PHK56 X LH82,71.545,2,52.7402380952381,18.804761904761904,71.545,86.74698795180723
Lincoln,2022,150,0.0,PHK56 X PHJ89,39.325,2,52.7402380952381,-13.415238095238095,39.325,27.710843373493976
Lincoln,2022,150,0.0,PHK56 X W606S,50.72,2,52.7402380952381,-2.020238095238099,50.72,42.16867469879518
Lincoln,2022,150,0.0,PHK76 X 3IIH6,45.325,2,52.7402380952381,-7.415238095238095,45.325,34.93975903614458
Lincoln,2022,150,0.0,PHK76 X LH145,55.95,2,52.7402380952381,3.209761904761905,55.95,50.602409638554214
Lincoln,2022,150,0.0,PHK76 X LH198,56.065,2,52.7402380952381,3.3247619047618997,56.065,51.80722891566265
Lincoln,2022,150,0.0,PHK76 X LH82,64.50999999999999,2,52.7402380952381,11.769761904761893,64.51,72.28915662650603
Lincoln,2022,150,0.0,PHK76 X W606S,64.64500000000001,2,52.7402380952381,11.904761904761912,64.645,73.49397590361446
Lincoln,2022,150,0.0,PHN46 X PHB47,42.265,2,52.7402380952381,-10.475238095238097,42.265,32.53012048192771
Lincoln,2022,150,0.0,PHN46 X PHK56,30.494999999999997,2,52.7402380952381,-22.2452380952381,30.495,13.25301204819277
Lincoln,2022,150,0.0,PHN46 X W606S,70.03,2,52.7402380952381,17.289761904761903,70.03,85.5421686746988
Lincoln,2022,150,0.0,PHP02 X LH145,49.894999999999996,2,52.7402380952381,-2.845238095238102,49.895,40.963855421686745
Lincoln,2022,150,0.0,PHP02 X LH185,38.54,2,52.7402380952381,-14.200238095238099,38.54,26.50602409638554
Lincoln,2022,150,0.0,PHP02 X LH198,59.465,2,52.7402380952381,6.724761904761905,59.465,62.65060240963855
Lincoln,2022,150,0.0,PHP02 X LH82,58.004999999999995,2,52.7402380952381,5.264761904761897,58.005,56.626506024096386
Lincoln,2022,150,0.0,PHP02 X PHB47,33.56,2,52.7402380952381,-19.180238095238096,33.56,19.27710843373494
Lincoln,2022,150,0.0,PHP02 X PHG47,60.355000000000004,2,52.7402380952381,7.614761904761906,60.355,66.26506024096386
Lincoln,2022,150,0.0,PHP02 X PHJ89,66.29,2,52.7402380952381,13.549761904761908,66.29,75.90361445783132
Lincoln,2022,150,0.0,PHP02 X PHK56,65.67,2,52.7402380952381,12.929761904761904,65.67,74.6987951807229
Lincoln,2022,150,0.0,PHP02 X PHK76,57.09,2,52.7402380952381,4.349761904761905,57.09,54.21686746987952
Lincoln,2022,150,0.0,PHP02 X PHN46,52.375,2,52.7402380952381,-0.365238095238098,52.375,43.373493975903614
Lincoln,2022,150,0.0,PHP02 X W606S,54.29,2,52.7402380952381,1.5497619047619011,54.29,46.98795180722892
Lincoln,2022,150,0.0,PHT69 X 3IIH6,62.065,2,52.7402380952381,9.3247619047619,62.065,68.67469879518072
Lincoln,2022,150,0.0,PHW52 X LH185,97.30000000000001,2,52.7402380952381,44.55976190476191,97.3,98.79518072289157
Lincoln,2022,150,0.0,PHW52 X PHM49,68.19,2,52.7402380952381,15.4497619047619,68.19,83.13253012048193
Lincoln,2022,150,0.0,PHW52 X PHN82,66.705,2,52.7402380952381,13.9647619047619,66.705,79.51807228915662
Lincoln,2022,150,0.0,PHW52 X PHZ51,47.515,2,52.7402380952381,-5.2252380952380975,47.515,36.144578313253014
Lincoln,2022,150,0.0,PHZ51 X LH145,60.11,2,52.7402380952381,7.369761904761901,60.11,63.855421686746986
Lincoln,2022,150,0.0,PIONEER 1311 AMXT,77.33500000000001,2,52.7402380952381,24.59476190476191,77.335,89.1566265060241
Lincoln,2022,150,0.0,PIONEER P0589 AMXT,102.845,2,52.7402380952381,50.1047619047619,102.845,100.0
Lincoln,2022,150,0.0,SYNGENTA NK0760-3111,77.42,7,52.7402380952381,24.679761904761904,77.42,90.36144578313252
Lincoln,2022,150,0.0,WF9 X H95,32.115,2,52.7402380952381,-20.625238095238096,32.115,15.662650602409638
Lincoln,2022,225,0.0,2369 X 3IIH6,21.79,2,27.567950680272112,-5.777950680272113,21.79,37.34939759036145
Lincoln,2022,225,0.0,2369 X LH123HT,7.81,2,27.567950680272112,-19.757950680272113,7.81,4.819277108433735
Lincoln,2022,225,0.0,2369 X PHN82,33.68,2,27.567950680272112,6.112049319727888,33.68,68.67469879518072
Lincoln,2022,225,0.0,2369 X PHP02,22.415,2,27.567950680272112,-5.152950680272113,22.415,42.16867469879518
Lincoln,2022,225,0.0,2369 X PHZ51,22.8,2,27.567950680272112,-4.767950680272111,22.8,44.57831325301205
Lincoln,2022,225,0.0,2FACC X 3IIH6,16.285,2,27.567950680272112,-11.282950680272112,16.285,28.91566265060241
Lincoln,2022,225,0.0,4N506 X 3IIH6,11.49,2,27.567950680272112,-16.07795068027211,11.49,15.662650602409638
Lincoln,2022,225,0.0,B105 X 3IIH6,15.435,2,27.567950680272112,-12.132950680272112,15.435,25.301204819277107
Lincoln,2022,225,0.0,B14A X MO17,28.52,2,27.567950680272112,0.9520493197278874,28.52,56.024096385542165
Lincoln,2022,225,0.0,B37 X H95,7.555,2,27.567950680272112,-20.012950680272112,7.555,2.4096385542168677
Lincoln,2022,225,0.0,B37 X MO17,15.51,2,27.567950680272112,-12.057950680272112,15.51,26.50602409638554
Lincoln,2022,225,0.0,B37 X OH43,8.775,2,27.567950680272112,-18.792950680272114,8.775,6.024096385542169
Lincoln,2022,225,0.0,B73 X 3IIH6,11.395,2,27.567950680272112,-16.172950680272113,11.395,14.457831325301205
Lincoln,2022,225,0.0,B73 X MO17,14.75,2,27.567950680272112,-12.817950680272112,14.75,22.89156626506024
Lincoln,2022,225,0.0,B73 X PHM49,13.954999999999998,2,27.567950680272112,-13.612950680272114,13.955,19.879518072289155
Lincoln,2022,225,0.0,B73 X PHN82,48.24,2,27.567950680272112,20.67204931972789,48.24,90.36144578313252
Lincoln,2022,225,0.0,B73 X PHZ51,32.495000000000005,2,27.567950680272112,4.927049319727892,32.495,66.26506024096386
Lincoln,2022,225,0.0,B84 X 3IIH6,14.844999999999999,2,27.567950680272112,-12.722950680272113,14.845,24.096385542168676
Lincoln,2022,225,0.0,F42 X MO17,12.795,2,27.567950680272112,-14.772950680272112,12.795,16.867469879518072
Lincoln,2022,225,0.0,F42 X OH43,19.23,2,27.567950680272112,-8.337950680272112,19.23,33.734939759036145
Lincoln,2022,225,0.0,HOEGEMEYER 7089 AMXT,75.89,2,27.567950680272112,48.32204931972789,75.89,98.79518072289157
Lincoln,2022,225,0.0,HOEGEMEYER 8065RR,67.245,2,27.567950680272112,39.67704931972789,67.245,97.59036144578313
Lincoln,2022,225,0.0,LH123HT X 3IIH6,3.42,2,27.567950680272112,-24.14795068027211,3.42,0.0
Lincoln,2022,225,0.0,LH123HT X PHB47,4.625,2,27.567950680272112,-22.942950680272112,4.625,1.2048192771084338
Lincoln,2022,225,0.0,LH145 X LH162,13.955,2,27.567950680272112,-13.612950680272112,13.955,19.879518072289155
Lincoln,2022,225,0.0,LH185 X LH145,34.01,1,27.567950680272112,6.442049319727886,34.01,71.08433734939759
Lincoln,2022,225,0.0,LH185 X LH82,42.545,2,27.567950680272112,14.97704931972789,42.545,86.74698795180723
Lincoln,2022,225,0.0,LH185 X W606S,47.98,1,27.567950680272112,20.412049319727885,47.98,89.1566265060241
Lincoln,2022,225,0.0,LH195 X 3IIH6,13.025,2,27.567950680272112,-14.542950680272112,13.025,18.072289156626507
Lincoln,2022,225,0.0,LH195 X LH123HT,14.155000000000001,2,27.567950680272112,-13.412950680272111,14.155,21.686746987951807
Lincoln,2022,225,0.0,LH195 X LH185,25.435,2,27.567950680272112,-2.1329506802721134,25.435,49.397590361445786
Lincoln,2022,225,0.0,LH195 X PHM49,9.530000000000001,2,27.567950680272112,-18.03795068027211,9.53,7.228915662650603
Lincoln,2022,225,0.0,LH195 X PHZ51,19.945,2,27.567950680272112,-7.622950680272112,19.945,34.93975903614458
Lincoln,2022,225,0.0,LH198 X PHB47,23.295,2,27.567950680272112,-4.2729506802721104,23.295,46.98795180722892
Lincoln,2022,225,0.0,LH198 X PHZ51,20.875,2,27.567950680272112,-6.692950680272112,20.875,36.144578313253014
Lincoln,2022,225,0.0,LH74 X PHM49,10.9,2,27.567950680272112,-16.667950680272114,10.9,13.25301204819277
Lincoln,2022,225,0.0,LH74 X PHN82,35.68,2,27.567950680272112,8.112049319727888,35.68,74.6987951807229
Lincoln,2022,225,0.0,LH82 X PHB47,22.990000000000002,2,27.567950680272112,-4.57795068027211,22.99,45.78313253012048
Lincoln,2022,225,0.0,LH82 X PHJ89,33.02,2,27.567950680272112,5.452049319727891,33.02,67.46987951807229
Lincoln,2022,225,0.0,LH82 X W606S,49.42,2,27.567950680272112,21.85204931972789,49.42,91.56626506024097
Lincoln,2022,225,0.0,N209 X 3IIH6,32.19,2,27.567950680272112,4.622049319727886,32.19,65.06024096385542
Lincoln,2022,225,0.0,PHB47 X 3IIH6,10.030000000000001,2,27.567950680272112,-17.53795068027211,10.03,8.433734939759036
Lincoln,2022,225,0.0,PHB47 X LH185,21.875,2,27.567950680272112,-5.692950680272112,21.875,38.55421686746988
Lincoln,2022,225,0.0,PHB47 X PHJ89,28.69,1,27.567950680272112,1.1220493197278891,28.69,57.83132530120482
Lincoln,2022,225,0.0,PHB47 X PHK56,16.85,2,27.567950680272112,-10.71795068027211,16.85,31.325301204819276
Lincoln,2022,225,0.0,PHG39 X PHM49,33.985,2,27.567950680272112,6.417049319727887,33.985,69.87951807228916
Lincoln,2022,225,0.0,PHG39 X PHN82,51.42,1,27.567950680272112,23.85204931972789,51.42,92.7710843373494
Lincoln,2022,225,0.0,PHJ40 X LH82,41.095,2,27.567950680272112,13.527049319727887,41.095,84.33734939759036
Lincoln,2022,225,0.0,PHK56 X 3IIH6,7.62,2,27.567950680272112,-19.94795068027211,7.62,3.6144578313253013
Lincoln,2022,225,0.0,PHK56 X LH145,24.53,1,27.567950680272112,-3.037950680272111,24.53,48.19277108433735
Lincoln,2022,225,0.0,PHK56 X LH185,22.715,2,27.567950680272112,-4.852950680272112,22.715,43.373493975903614
Lincoln,2022,225,0.0,PHK56 X LH198,15.69,2,27.567950680272112,-11.877950680272113,15.69,27.710843373493976
Lincoln,2022,225,0.0,PHK56 X LH82,54.07,2,27.567950680272112,26.502049319727888,54.07,96.3855421686747
Lincoln,2022,225,0.0,PHK56 X PHJ89,26.939999999999998,2,27.567950680272112,-0.6279506802721144,26.94,53.01204819277108
Lincoln,2022,225,0.0,PHK56 X W606S,31.205,2,27.567950680272112,3.637049319727886,31.205,61.44578313253012
Lincoln,2022,225,0.0,PHK76 X 3IIH6,22.335,2,27.567950680272112,-5.232950680272111,22.335,40.963855421686745
Lincoln,2022,225,0.0,PHK76 X LH145,31.689999999999998,2,27.567950680272112,4.122049319727886,31.69,63.855421686746986
Lincoln,2022,225,0.0,PHK76 X LH198,22.02,2,27.567950680272112,-5.547950680272113,22.02,39.75903614457831
Lincoln,2022,225,0.0,PHK76 X LH82,40.730000000000004,2,27.567950680272112,13.162049319727892,40.73,83.13253012048193
Lincoln,2022,225,0.0,PHK76 X W606S,38.59,2,27.567950680272112,11.022049319727891,38.59,80.72289156626506
Lincoln,2022,225,0.0,PHN46 X PHB47,16.67,2,27.567950680272112,-10.89795068027211,16.67,30.120481927710845
Lincoln,2022,225,0.0,PHN46 X PHK56,10.77,2,27.567950680272112,-16.797950680272113,10.77,12.048192771084338
Lincoln,2022,225,0.0,PHN46 X W606S,28.52,2,27.567950680272112,0.9520493197278874,28.52,56.024096385542165
Lincoln,2022,225,0.0,PHP02 X LH145,37.255,2,27.567950680272112,9.68704931972789,37.255,79.51807228915662
Lincoln,2022,225,0.0,PHP02 X LH185,10.06,2,27.567950680272112,-17.50795068027211,10.06,9.63855421686747
Lincoln,2022,225,0.0,PHP02 X LH198,34.625,2,27.567950680272112,7.057049319727888,34.625,73.49397590361446
Lincoln,2022,225,0.0,PHP02 X LH82,30.255,2,27.567950680272112,2.687049319727887,30.255,60.24096385542169
Lincoln,2022,225,0.0,PHP02 X PHB47,25.740000000000002,2,27.567950680272112,-1.8279506802721102,25.74,50.602409638554214
Lincoln,2022,225,0.0,PHP02 X PHG47,18.97,2,27.567950680272112,-8.597950680272113,18.97,32.53012048192771
Lincoln,2022,225,0.0,PHP02 X PHJ89,52.015,2,27.567950680272112,24.44704931972789,52.015,93.97590361445783
Lincoln,2022,225,0.0,PHP02 X PHK56,36.545,2,27.567950680272112,8.97704931972789,36.545,77.71084337349397
Lincoln,2022,225,0.0,PHP02 X PHK76,46.585,2,27.567950680272112,19.01704931972789,46.585,87.95180722891567
Lincoln,2022,225,0.0,PHP02 X PHN46,36.545,2,27.567950680272112,8.97704931972789,36.545,77.71084337349397
Lincoln,2022,225,0.0,PHP02 X W606S,41.16,2,27.567950680272112,13.592049319727884,41.16,85.5421686746988
Lincoln,2022,225,0.0,PHT69 X 3IIH6,26.475,2,27.567950680272112,-1.0929506802721107,26.475,51.80722891566265
Lincoln,2022,225,0.0,PHW52 X LH185,31.635,2,27.567950680272112,4.067049319727889,31.635,62.65060240963855
Lincoln,2022,225,0.0,PHW52 X PHM49,29.325,2,27.567950680272112,1.7570493197278871,29.325,59.036144578313255
Lincoln,2022,225,0.0,PHW52 X PHN82,40.11,2,27.567950680272112,12.542049319727887,40.11,81.92771084337349
Lincoln,2022,225,0.0,PHW52 X PHZ51,28.415,2,27.567950680272112,0.847049319727887,28.415,54.21686746987952
Lincoln,2022,225,0.0,PHZ51 X LH145,36.14,2,27.567950680272112,8.572049319727888,36.14,75.90361445783132
Lincoln,2022,225,0.0,PIONEER 1311 AMXT,52.905,2,27.567950680272112,25.33704931972789,52.905,95.18072289156626
Lincoln,2022,225,0.0,PIONEER P0589 AMXT,78.725,2,27.567950680272112,51.15704931972788,78.725,100.0
Lincoln,2022,225,0.0,SYNGENTA NK0760-3111,34.152857142857144,7,27.567950680272112,6.584906462585032,34.15285714,72.28915662650603
Lincoln,2022,225,0.0,WF9 X H95,10.13,2,27.567950680272112,-17.43795068027211,10.13,10.843373493975903
MOValley,2022,175,0.0,2369 X 3IIH6,157.05,2,152.88363095238097,4.1663690476190425,157.05,57.83132530120482
MOValley,2022,175,0.0,2369 X LH123HT,139.89999999999998,2,152.88363095238097,-12.983630952380992,139.9,26.50602409638554
MOValley,2022,175,0.0,2369 X PHN82,144.26,2,152.88363095238097,-8.623630952380978,144.26,32.53012048192771
MOValley,2022,175,0.0,2369 X PHP02,140.49,2,152.88363095238097,-12.39363095238096,140.49,27.710843373493976
MOValley,2022,175,0.0,2369 X PHZ51,133.245,2,152.88363095238097,-19.638630952380964,133.245,14.457831325301205
MOValley,2022,175,0.0,2FACC X 3IIH6,149.785,2,152.88363095238097,-3.0986309523809723,149.785,44.57831325301205
MOValley,2022,175,0.0,4N506 X 3IIH6,148.66,2,152.88363095238097,-4.223630952380972,148.66,40.963855421686745
MOValley,2022,175,0.0,B105 X 3IIH6,102.84,2,152.88363095238097,-50.043630952380965,102.84,0.0
MOValley,2022,175,0.0,B14A X MO17,162.335,2,152.88363095238097,9.451369047619039,162.335,68.67469879518072
MOValley,2022,175,0.0,B37 X H95,135.91,2,152.88363095238097,-16.973630952380972,135.91,19.27710843373494
MOValley,2022,175,0.0,B37 X MO17,156.91,2,152.88363095238097,4.026369047619028,156.91,56.626506024096386
MOValley,2022,175,0.0,B37 X OH43,146.485,2,152.88363095238097,-6.398630952380955,146.485,33.734939759036145
MOValley,2022,175,0.0,B73 X 3IIH6,124.075,2,152.88363095238097,-28.808630952380966,124.075,6.024096385542169
MOValley,2022,175,0.0,B73 X MO17,152.06,2,152.88363095238097,-0.8236309523809666,152.06,48.19277108433735
MOValley,2022,175,0.0,B73 X PHM49,166.43,2,152.88363095238097,13.546369047619038,166.43,75.90361445783132
MOValley,2022,175,0.0,B73 X PHN82,174.88,2,152.88363095238097,21.996369047619027,174.88,87.95180722891567
MOValley,2022,175,0.0,B73 X PHZ51,125.525,2,152.88363095238097,-27.358630952380963,125.525,7.228915662650603
MOValley,2022,175,0.0,B84 X 3IIH6,117.56,2,152.88363095238097,-35.32363095238097,117.56,3.6144578313253013
MOValley,2022,175,0.0,F42 X MO17,176.755,2,152.88363095238097,23.871369047619027,176.755,91.56626506024097
MOValley,2022,175,0.0,F42 X OH43,156.66,2,152.88363095238097,3.7763690476190277,156.66,55.42168674698795
MOValley,2022,175,0.0,HOEGEMEYER 7089 AMXT,200.325,2,152.88363095238097,47.44136904761902,200.325,100.0
MOValley,2022,175,0.0,HOEGEMEYER 8065RR,195.29500000000002,2,152.88363095238097,42.41136904761905,195.295,97.59036144578313
MOValley,2022,175,0.0,LH123HT X 3IIH6,110.86,2,152.88363095238097,-42.02363095238097,110.86,2.4096385542168677
MOValley,2022,175,0.0,LH123HT X PHB47,132.445,2,152.88363095238097,-20.438630952380976,132.445,13.25301204819277
MOValley,2022,175,0.0,LH145 X LH162,153.805,2,152.88363095238097,0.9213690476190379,153.805,50.602409638554214
MOValley,2022,175,0.0,LH185 X LH145,166.01,1,152.88363095238097,13.126369047619022,166.01,73.49397590361446
MOValley,2022,175,0.0,LH185 X LH82,170.38,2,152.88363095238097,17.496369047619027,170.38,83.13253012048193
MOValley,2022,175,0.0,LH185 X W606S,173.07,1,152.88363095238097,20.186369047619024,173.07,85.5421686746988
MOValley,2022,175,0.0,LH195 X 3IIH6,169.95999999999998,2,152.88363095238097,17.07636904761901,169.96,81.92771084337349
MOValley,2022,175,0.0,LH195 X LH123HT,128.965,2,152.88363095238097,-23.918630952380965,128.965,10.843373493975903
MOValley,2022,175,0.0,LH195 X LH185,168.07,2,152.88363095238097,15.186369047619024,168.07,78.3132530120482
MOValley,2022,175,0.0,LH195 X PHM49,130.22,2,152.88363095238097,-22.66363095238097,130.22,12.048192771084338
MOValley,2022,175,0.0,LH195 X PHZ51,163.32,2,152.88363095238097,10.436369047619024,163.32,69.87951807228916
MOValley,2022,175,0.0,LH198 X PHB47,133.885,2,152.88363095238097,-18.998630952380978,133.885,15.662650602409638
MOValley,2022,175,0.0,LH198 X PHZ51,143.925,2,152.88363095238097,-8.958630952380958,143.925,31.325301204819276
MOValley,2022,175,0.0,LH74 X PHM49,174.195,2,152.88363095238097,21.311369047619024,174.195,86.74698795180723
MOValley,2022,175,0.0,LH74 X PHN82,146.625,2,152.88363095238097,-6.258630952380969,146.625,34.93975903614458
MOValley,2022,175,0.0,LH82 X PHB47,136.475,2,152.88363095238097,-16.408630952380975,136.475,20.481927710843372
MOValley,2022,175,0.0,LH82 X PHJ89,175.645,2,152.88363095238097,22.76136904761904,175.645,89.1566265060241
MOValley,2022,175,0.0,LH82 X W606S,156.075,2,152.88363095238097,3.1913690476190197,156.075,53.01204819277108
MOValley,2022,175,0.0,N209 X 3IIH6,185.05,2,152.88363095238097,32.16636904761904,185.05,96.3855421686747
MOValley,2022,175,0.0,PHB47 X 3IIH6,126.48500000000001,2,152.88363095238097,-26.398630952380955,126.485,8.433734939759036
MOValley,2022,175,0.0,PHB47 X LH185,146.83999999999997,2,152.88363095238097,-6.043630952380994,146.84,36.144578313253014
MOValley,2022,175,0.0,PHB47 X PHJ89,154.05,1,152.88363095238097,1.1663690476190425,154.05,51.80722891566265
MOValley,2022,175,0.0,PHB47 X PHK56,160.10500000000002,2,152.88363095238097,7.221369047619049,160.105,62.65060240963855
MOValley,2022,175,0.0,PHG39 X PHM49,152.01,2,152.88363095238097,-0.873630952380978,152.01,46.98795180722892
MOValley,2022,175,0.0,PHG39 X PHN82,179.75,1,152.88363095238097,26.86636904761903,179.75,92.7710843373494
MOValley,2022,175,0.0,PHJ40 X LH82,149.18,2,152.88363095238097,-3.703630952380962,149.18,43.373493975903614
MOValley,2022,175,0.0,PHK56 X 3IIH6,141.925,2,152.88363095238097,-10.958630952380958,141.925,30.120481927710845
MOValley,2022,175,0.0,PHK56 X LH145,160.8,1,152.88363095238097,7.9163690476190425,160.8,65.06024096385542
MOValley,2022,175,0.0,PHK56 X LH185,160.415,2,152.88363095238097,7.531369047619023,160.415,63.855421686746986
MOValley,2022,175,0.0,PHK56 X LH198,165.8,2,152.88363095238097,12.916369047619042,165.8,72.28915662650603
MOValley,2022,175,0.0,PHK56 X LH82,180.20499999999998,2,152.88363095238097,27.321369047619015,180.205,93.97590361445783
MOValley,2022,175,0.0,PHK56 X PHJ89,159.77,2,152.88363095238097,6.886369047619041,159.77,61.44578313253012
MOValley,2022,175,0.0,PHK56 X W606S,171.84,2,152.88363095238097,18.956369047619035,171.84,84.33734939759036
MOValley,2022,175,0.0,PHK76 X 3IIH6,119.82999999999998,2,152.88363095238097,-33.053630952380985,119.83,4.819277108433735
MOValley,2022,175,0.0,PHK76 X LH145,128.19,2,152.88363095238097,-24.69363095238097,128.19,9.63855421686747
MOValley,2022,175,0.0,PHK76 X LH198,138.4,2,152.88363095238097,-14.483630952380963,138.4,24.096385542168676
MOValley,2022,175,0.0,PHK76 X LH82,176.68,2,152.88363095238097,23.796369047619038,176.68,90.36144578313252
MOValley,2022,175,0.0,PHK76 X W606S,135.2,2,152.88363095238097,-17.68363095238098,135.2,16.867469879518072
MOValley,2022,175,0.0,PHN46 X PHB47,161.09,2,152.88363095238097,8.206369047619035,161.09,66.26506024096386
MOValley,2022,175,0.0,PHN46 X PHK56,148.685,2,152.88363095238097,-4.198630952380967,148.685,42.16867469879518
MOValley,2022,175,0.0,PHN46 X W606S,148.26999999999998,2,152.88363095238097,-4.613630952380987,148.27,39.75903614457831
MOValley,2022,175,0.0,PHP02 X LH145,138.88,2,152.88363095238097,-14.003630952380973,138.88,25.301204819277107
MOValley,2022,175,0.0,PHP02 X LH185,168.825,2,152.88363095238097,15.94136904761902,168.825,80.72289156626506
MOValley,2022,175,0.0,PHP02 X LH198,147.95499999999998,2,152.88363095238097,-4.928630952380985,147.955,38.55421686746988
MOValley,2022,175,0.0,PHP02 X LH82,151.81,2,152.88363095238097,-1.0736309523809666,151.81,45.78313253012048
MOValley,2022,175,0.0,PHP02 X PHB47,135.555,2,152.88363095238097,-17.328630952380962,135.555,18.072289156626507
MOValley,2022,175,0.0,PHP02 X PHG47,166.555,2,152.88363095238097,13.671369047619038,166.555,77.10843373493977
MOValley,2022,175,0.0,PHP02 X PHJ89,137.57999999999998,2,152.88363095238097,-15.303630952380985,137.58,21.686746987951807
MOValley,2022,175,0.0,PHP02 X PHK56,158.255,2,152.88363095238097,5.371369047619027,158.255,59.036144578313255
MOValley,2022,175,0.0,PHP02 X PHK76,147.72,2,152.88363095238097,-5.16363095238097,147.72,37.34939759036145
MOValley,2022,175,0.0,PHP02 X PHN46,156.23,2,152.88363095238097,3.346369047619021,156.23,54.21686746987952
MOValley,2022,175,0.0,PHP02 X W606S,158.435,2,152.88363095238097,5.551369047619033,158.435,60.24096385542169
MOValley,2022,175,0.0,PHT69 X 3IIH6,140.515,2,152.88363095238097,-12.368630952380983,140.515,28.91566265060241
MOValley,2022,175,0.0,PHW52 X LH185,168.69,2,152.88363095238097,15.806369047619029,168.69,79.51807228915662
MOValley,2022,175,0.0,PHW52 X PHM49,163.58499999999998,2,152.88363095238097,10.70136904761901,163.585,71.08433734939759
MOValley,2022,175,0.0,PHW52 X PHN82,183.585,2,152.88363095238097,30.70136904761904,183.585,95.18072289156626
MOValley,2022,175,0.0,PHW52 X PHZ51,153.14,2,152.88363095238097,0.25636904761901746,153.14,49.397590361445786
MOValley,2022,175,0.0,PHZ51 X LH145,138.32999999999998,2,152.88363095238097,-14.553630952380985,138.33,22.89156626506024
MOValley,2022,175,0.0,PIONEER 1311 AMXT,199.66,2,152.88363095238097,46.77636904761903,199.66,98.79518072289157
MOValley,2022,175,0.0,PIONEER P0589 AMXT,162.205,2,152.88363095238097,9.321369047619044,162.205,67.46987951807229
MOValley,2022,175,0.0,SYNGENTA NK0760-3111,166.20999999999998,2,152.88363095238097,13.32636904761901,166.21,74.6987951807229
MOValley,2022,175,0.0,WF9 X H95,106.57,2,152.88363095238097,-46.313630952380976,106.57,1.2048192771084338
Scottsbluff,2022,75,16.9,2369 X 3IIH6,141.475,2,117.79378571428572,23.681214285714276,141.475,93.97590361445783
Scottsbluff,2022,75,16.9,2369 X LH123HT,112.905,2,117.79378571428572,-4.888785714285717,112.905,36.144578313253014
Scottsbluff,2022,75,16.9,2369 X PHN82,128.86,2,117.79378571428572,11.066214285714295,128.86,71.08433734939759
Scottsbluff,2022,75,16.9,2369 X PHP02,138.88,2,117.79378571428572,21.086214285714277,138.88,91.56626506024097
Scottsbluff,2022,75,16.9,2369 X PHZ51,130.02,2,117.79378571428572,12.226214285714292,130.02,73.49397590361446
Scottsbluff,2022,75,16.9,2FACC X 3IIH6,115.64500000000001,2,117.79378571428572,-2.148785714285708,115.645,44.57831325301205
Scottsbluff,2022,75,16.9,4N506 X 3IIH6,119.02000000000001,2,117.79378571428572,1.226214285714292,119.02,53.01204819277108
Scottsbluff,2022,75,16.9,B105 X 3IIH6,121.075,2,117.79378571428572,3.2812142857142845,121.075,54.21686746987952
Scottsbluff,2022,75,16.9,B14A X MO17,115.595,2,117.79378571428572,-2.1987857142857195,115.595,43.373493975903614
Scottsbluff,2022,75,16.9,B37 X H95,86.98,1,117.79378571428572,-30.813785714285714,86.98,6.024096385542169
Scottsbluff,2022,75,16.9,B37 X MO17,116.595,2,117.79378571428572,-1.1987857142857195,116.595,48.19277108433735
Scottsbluff,2022,75,16.9,B37 X OH43,79.92500000000001,2,117.79378571428572,-37.86878571428571,79.925,3.6144578313253013
Scottsbluff,2022,75,16.9,B73 X 3IIH6,115.42500000000001,2,117.79378571428572,-2.368785714285707,115.425,42.16867469879518
Scottsbluff,2022,75,16.9,B73 X MO17,97.94,1,117.79378571428572,-19.85378571428572,97.94,12.650602409638553
Scottsbluff,2022,75,16.9,B73 X PHM49,117.455,2,117.79378571428572,-0.33878571428572,117.455,50.602409638554214
Scottsbluff,2022,75,16.9,B73 X PHN82,136.42000000000002,2,117.79378571428572,18.626214285714298,136.42,84.33734939759036
Scottsbluff,2022,75,16.9,B73 X PHZ51,104.72999999999999,2,117.79378571428572,-13.063785714285729,104.73,18.072289156626507
Scottsbluff,2022,75,16.9,B84 X 3IIH6,145.045,2,117.79378571428572,27.25121428571427,145.045,95.18072289156626
Scottsbluff,2022,75,16.9,F42 X MO17,118.16,1,117.79378571428572,0.3662142857142783,118.16,51.80722891566265
Scottsbluff,2022,75,16.9,F42 X OH43,117.035,2,117.79378571428572,-0.7587857142857217,117.035,49.397590361445786
Scottsbluff,2022,75,16.9,HOEGEMEYER 7089 AMXT,109.0,2,117.79378571428572,-8.793785714285718,109.0,28.313253012048193
Scottsbluff,2022,75,16.9,HOEGEMEYER 8065RR,158.115,2,117.79378571428572,40.32121428571429,158.115,100.0
Scottsbluff,2022,75,16.9,LH123HT X 3IIH6,113.28,2,117.79378571428572,-4.513785714285717,113.28,37.34939759036145
Scottsbluff,2022,75,16.9,LH123HT X PHB47,125.03999999999999,2,117.79378571428572,7.246214285714274,125.04,60.24096385542169
Scottsbluff,2022,75,16.9,LH145 X LH162,94.995,2,117.79378571428572,-22.798785714285714,94.995,9.63855421686747
Scottsbluff,2022,75,16.9,LH185 X LH145,109.0,1,117.79378571428572,-8.793785714285718,109.0,28.313253012048193
Scottsbluff,2022,75,16.9,LH185 X LH82,137.76,1,117.79378571428572,19.966214285714273,137.76,86.74698795180723
Scottsbluff,2022,75,16.9,LH185 X W606S,123.79,1,117.79378571428572,5.996214285714288,123.79,56.626506024096386
Scottsbluff,2022,75,16.9,LH195 X 3IIH6,105.94,2,117.79378571428572,-11.85378571428572,105.94,21.686746987951807
Scottsbluff,2022,75,16.9,LH195 X LH123HT,131.99,2,117.79378571428572,14.19621428571429,131.99,78.3132530120482
Scottsbluff,2022,75,16.9,LH195 X LH185,87.6,2,117.79378571428572,-30.193785714285724,87.6,7.228915662650603
Scottsbluff,2022,75,16.9,LH195 X PHM49,112.69,2,117.79378571428572,-5.103785714285721,112.69,34.93975903614458
Scottsbluff,2022,75,16.9,LH195 X PHZ51,106.325,2,117.79378571428572,-11.468785714285715,106.325,22.89156626506024
Scottsbluff,2022,75,16.9,LH198 X PHB47,105.84,2,117.79378571428572,-11.953785714285715,105.84,20.481927710843372
Scottsbluff,2022,75,16.9,LH198 X PHZ51,132.67000000000002,2,117.79378571428572,14.876214285714298,132.67,79.51807228915662
Scottsbluff,2022,75,16.9,LH74 X PHM49,125.975,2,117.79378571428572,8.181214285714276,125.975,63.855421686746986
Scottsbluff,2022,75,16.9,LH74 X PHN82,77.585,2,117.79378571428572,-40.208785714285725,77.585,2.4096385542168677
Scottsbluff,2022,75,16.9,LH82 X PHB47,140.24,2,117.79378571428572,22.44621428571429,140.24,92.7710843373494
Scottsbluff,2022,75,16.9,LH82 X PHJ89,133.945,2,117.79378571428572,16.151214285714275,133.945,80.72289156626506
Scottsbluff,2022,75,16.9,LH82 X W606S,129.495,2,117.79378571428572,11.701214285714286,129.495,72.28915662650603
Scottsbluff,2022,75,16.9,N209 X 3IIH6,135.625,2,117.79378571428572,17.83121428571428,135.625,81.92771084337349
Scottsbluff,2022,75,16.9,PHB47 X 3IIH6,126.84,2,117.79378571428572,9.046214285714285,126.84,67.46987951807229
Scottsbluff,2022,75,16.9,PHB47 X LH185,149.15,2,117.79378571428572,31.356214285714287,149.15,97.59036144578313
Scottsbluff,2022,75,16.9,PHB47 X PHJ89,68.0,1,117.79378571428572,-49.79378571428572,68.0,0.0
Scottsbluff,2022,75,16.9,PHB47 X PHK56,138.78,2,117.79378571428572,20.986214285714283,138.78,90.36144578313252
Scottsbluff,2022,75,16.9,PHG39 X PHM49,108.6,2,117.79378571428572,-9.193785714285724,108.6,26.50602409638554
Scottsbluff,2022,75,16.9,PHG39 X PHN82,70.78,1,117.79378571428572,-47.01378571428572,70.78,1.2048192771084338
Scottsbluff,2022,75,16.9,PHJ40 X LH82,86.135,2,117.79378571428572,-31.658785714285713,86.135,4.819277108433735
Scottsbluff,2022,75,16.9,PHK56 X 3IIH6,137.51999999999998,2,117.79378571428572,19.726214285714263,137.52,85.5421686746988
Scottsbluff,2022,75,16.9,PHK56 X LH145,96.57,1,117.79378571428572,-21.223785714285725,96.57,10.843373493975903
Scottsbluff,2022,75,16.9,PHK56 X LH185,138.575,2,117.79378571428572,20.78121428571427,138.575,89.1566265060241
Scottsbluff,2022,75,16.9,PHK56 X LH198,130.79,2,117.79378571428572,12.996214285714274,130.79,75.90361445783132
Scottsbluff,2022,75,16.9,PHK56 X LH82,130.83,2,117.79378571428572,13.036214285714294,130.83,77.10843373493977
Scottsbluff,2022,75,16.9,PHK56 X PHJ89,125.635,2,117.79378571428572,7.841214285714287,125.635,61.44578313253012
Scottsbluff,2022,75,16.9,PHK56 X W606S,126.275,2,117.79378571428572,8.481214285714287,126.275,66.26506024096386
Scottsbluff,2022,75,16.9,PHK76 X 3IIH6,98.685,2,117.79378571428572,-19.108785714285716,98.685,14.457831325301205
Scottsbluff,2022,75,16.9,PHK76 X LH145,107.94,2,117.79378571428572,-9.85378571428572,107.94,25.301204819277107
Scottsbluff,2022,75,16.9,PHK76 X LH198,127.30000000000001,2,117.79378571428572,9.506214285714293,127.3,68.67469879518072
Scottsbluff,2022,75,16.9,PHK76 X LH82,130.11,1,117.79378571428572,12.316214285714295,130.11,74.6987951807229
Scottsbluff,2022,75,16.9,PHK76 X W606S,113.50999999999999,2,117.79378571428572,-4.283785714285727,113.51,40.36144578313253
Scottsbluff,2022,75,16.9,PHN46 X PHB47,124.06,2,117.79378571428572,6.266214285714284,124.06,58.433734939759034
Scottsbluff,2022,75,16.9,PHN46 X PHK56,126.105,2,117.79378571428572,8.311214285714286,126.105,65.06024096385542
Scottsbluff,2022,75,16.9,PHN46 X W606S,107.70500000000001,2,117.79378571428572,-10.088785714285706,107.705,24.096385542168676
Scottsbluff,2022,75,16.9,PHP02 X LH145,113.36,2,117.79378571428572,-4.433785714285719,113.36,38.55421686746988
Scottsbluff,2022,75,16.9,PHP02 X LH185,115.69,2,117.79378571428572,-2.1037857142857206,115.69,45.78313253012048
Scottsbluff,2022,75,16.9,PHP02 X LH198,124.06,2,117.79378571428572,6.266214285714284,124.06,58.433734939759034
Scottsbluff,2022,75,16.9,PHP02 X LH82,111.48499999999999,2,117.79378571428572,-6.308785714285733,111.485,33.734939759036145
Scottsbluff,2022,75,16.9,PHP02 X PHB47,88.895,2,117.79378571428572,-28.898785714285722,88.895,8.433734939759036
Scottsbluff,2022,75,16.9,PHP02 X PHG47,138.16,2,117.79378571428572,20.36621428571428,138.16,87.95180722891567
Scottsbluff,2022,75,16.9,PHP02 X PHJ89,149.89499999999998,2,117.79378571428572,32.10121428571426,149.895,98.79518072289157
Scottsbluff,2022,75,16.9,PHP02 X PHK56,122.31,2,117.79378571428572,4.516214285714284,122.31,55.42168674698795
Scottsbluff,2022,75,16.9,PHP02 X PHK76,125.965,2,117.79378571428572,8.171214285714285,125.965,62.65060240963855
Scottsbluff,2022,75,16.9,PHP02 X PHN46,113.50999999999999,2,117.79378571428572,-4.283785714285727,113.51,40.36144578313253
Scottsbluff,2022,75,16.9,PHP02 X W606S,128.725,2,117.79378571428572,10.931214285714276,128.725,69.87951807228916
Scottsbluff,2022,75,16.9,PHT69 X 3IIH6,100.41,2,117.79378571428572,-17.38378571428572,100.41,15.662650602409638
Scottsbluff,2022,75,16.9,PHW52 X LH185,110.505,2,117.79378571428572,-7.288785714285723,110.505,31.325301204819276
Scottsbluff,2022,75,16.9,PHW52 X PHM49,135.65,1,117.79378571428572,17.856214285714287,135.65,83.13253012048193
Scottsbluff,2022,75,16.9,PHW52 X PHN82,101.78999999999999,2,117.79378571428572,-16.003785714285726,101.79,16.867469879518072
Scottsbluff,2022,75,16.9,PHW52 X PHZ51,109.535,2,117.79378571428572,-8.258785714285722,109.535,30.120481927710845
Scottsbluff,2022,75,16.9,PHZ51 X LH145,111.43,2,117.79378571428572,-6.3637857142857115,111.43,32.53012048192771
Scottsbluff,2022,75,16.9,PIONEER 1311 AMXT,116.58,2,117.79378571428572,-1.21378571428572,116.58,46.98795180722892
Scottsbluff,2022,75,16.9,PIONEER P0589 AMXT,105.495,2,117.79378571428572,-12.298785714285714,105.495,19.27710843373494
Scottsbluff,2022,75,16.9,SYNGENTA NK0760-3111,147.308,10,117.79378571428572,29.514214285714274,147.308,96.3855421686747
Scottsbluff,2022,75,16.9,WF9 X H95,97.94,1,117.79378571428572,-19.85378571428572,97.94,12.650602409638553
Scottsbluff,2022,150,16.9,2369 X 3IIH6,135.15,2,147.0392261904762,-11.889226190476194,135.15,28.91566265060241
Scottsbluff,2022,150,16.9,2369 X LH123HT,154.54000000000002,2,147.0392261904762,7.500773809523821,154.54,65.06024096385542
Scottsbluff,2022,150,16.9,2369 X PHN82,156.765,2,147.0392261904762,9.725773809523787,156.765,66.26506024096386
Scottsbluff,2022,150,16.9,2369 X PHP02,150.595,2,147.0392261904762,3.5557738095237994,150.595,59.036144578313255
Scottsbluff,2022,150,16.9,2369 X PHZ51,140.56,1,147.0392261904762,-6.479226190476197,140.56,38.55421686746988
Scottsbluff,2022,150,16.9,2FACC X 3IIH6,176.285,2,147.0392261904762,29.245773809523797,176.285,92.7710843373494
Scottsbluff,2022,150,16.9,4N506 X 3IIH6,131.79000000000002,2,147.0392261904762,-15.249226190476179,131.79,21.686746987951807
Scottsbluff,2022,150,16.9,B105 X 3IIH6,121.76,2,147.0392261904762,-25.279226190476194,121.76,10.843373493975903
Scottsbluff,2022,150,16.9,B14A X MO17,143.70499999999998,2,147.0392261904762,-3.3342261904762154,143.705,45.78313253012048
Scottsbluff,2022,150,16.9,B37 X H95,114.81,2,147.0392261904762,-32.2292261904762,114.81,3.6144578313253013
Scottsbluff,2022,150,16.9,B37 X MO17,117.44,2,147.0392261904762,-29.5992261904762,117.44,4.819277108433735
Scottsbluff,2022,150,16.9,B37 X OH43,132.29,2,147.0392261904762,-14.749226190476207,132.29,22.89156626506024
Scottsbluff,2022,150,16.9,B73 X 3IIH6,167.75,2,147.0392261904762,20.7107738095238,167.75,84.33734939759036
Scottsbluff,2022,150,16.9,B73 X MO17,139.14,1,147.0392261904762,-7.899226190476213,139.14,33.734939759036145
Scottsbluff,2022,150,16.9,B73 X PHM49,134.745,2,147.0392261904762,-12.294226190476195,134.745,27.710843373493976
Scottsbluff,2022,150,16.9,B73 X PHN82,188.49,2,147.0392261904762,41.45077380952381,188.49,97.59036144578313
Scottsbluff,2022,150,16.9,B73 X PHZ51,119.13999999999999,2,147.0392261904762,-27.899226190476213,119.14,7.831325301204819
Scottsbluff,2022,150,16.9,B84 X 3IIH6,149.85500000000002,2,147.0392261904762,2.8157738095238187,149.855,56.626506024096386
Scottsbluff,2022,150,16.9,F42 X MO17,146.925,2,147.0392261904762,-0.1142261904761881,146.925,51.80722891566265
Scottsbluff,2022,150,16.9,F42 X OH43,145.78,2,147.0392261904762,-1.2592261904761983,145.78,50.602409638554214
Scottsbluff,2022,150,16.9,HOEGEMEYER 7089 AMXT,161.76,2,147.0392261904762,14.720773809523791,161.76,79.51807228915662
Scottsbluff,2022,150,16.9,HOEGEMEYER 8065RR,169.87,2,147.0392261904762,22.830773809523805,169.87,89.1566265060241
Scottsbluff,2022,150,16.9,LH123HT X 3IIH6,153.79500000000002,2,147.0392261904762,6.7557738095238165,153.795,62.65060240963855
Scottsbluff,2022,150,16.9,LH123HT X PHB47,161.305,2,147.0392261904762,14.265773809523807,161.305,77.10843373493977
Scottsbluff,2022,150,16.9,LH145 X LH162,119.14,2,147.0392261904762,-27.8992261904762,119.14,7.831325301204819
Scottsbluff,2022,150,16.9,LH185 X LH145,147.93,1,147.0392261904762,0.8907738095238074,147.93,53.01204819277108
Scottsbluff,2022,150,16.9,LH185 X LH82,130.12,2,147.0392261904762,-16.919226190476195,130.12,15.662650602409638
Scottsbluff,2022,150,16.9,LH185 X W606S,170.04,1,147.0392261904762,23.000773809523793,170.04,90.36144578313252
Scottsbluff,2022,150,16.9,LH195 X 3IIH6,145.425,2,147.0392261904762,-1.614226190476188,145.425,49.397590361445786
Scottsbluff,2022,150,16.9,LH195 X LH123HT,131.18,2,147.0392261904762,-15.859226190476193,131.18,19.27710843373494
Scottsbluff,2022,150,16.9,LH195 X LH185,183.10500000000002,2,147.0392261904762,36.06577380952382,183.105,96.3855421686747
Scottsbluff,2022,150,16.9,LH195 X PHM49,124.3,2,147.0392261904762,-22.739226190476202,124.3,12.048192771084338
Scottsbluff,2022,150,16.9,LH195 X PHZ51,142.815,2,147.0392261904762,-4.224226190476202,142.815,43.373493975903614
Scottsbluff,2022,150,16.9,LH198 X PHB47,141.35500000000002,2,147.0392261904762,-5.684226190476181,141.355,39.75903614457831
Scottsbluff,2022,150,16.9,LH198 X PHZ51,133.41,2,147.0392261904762,-13.629226190476203,133.41,24.096385542168676
Scottsbluff,2022,150,16.9,LH74 X PHM49,151.965,2,147.0392261904762,4.925773809523804,151.965,61.44578313253012
Scottsbluff,2022,150,16.9,LH74 X PHN82,129.005,2,147.0392261904762,-18.034226190476204,129.005,13.25301204819277
Scottsbluff,2022,150,16.9,LH82 X PHB47,142.875,2,147.0392261904762,-4.1642261904761995,142.875,44.57831325301205
Scottsbluff,2022,150,16.9,LH82 X PHJ89,134.215,2,147.0392261904762,-12.824226190476196,134.215,25.301204819277107
Scottsbluff,2022,150,16.9,LH82 X W606S,149.345,2,147.0392261904762,2.3057738095237994,149.345,54.21686746987952
Scottsbluff,2022,150,16.9,N209 X 3IIH6,157.33499999999998,2,147.0392261904762,10.29577380952378,157.335,67.46987951807229
Scottsbluff,2022,150,16.9,PHB47 X 3IIH6,159.64,2,147.0392261904762,12.600773809523787,159.64,74.6987951807229
Scottsbluff,2022,150,16.9,PHB47 X LH185,145.115,2,147.0392261904762,-1.9242261904761904,145.115,48.19277108433735
Scottsbluff,2022,150,16.9,PHB47 X PHJ89,170.2,1,147.0392261904762,23.16077380952379,170.2,91.56626506024097
Scottsbluff,2022,150,16.9,PHB47 X PHK56,164.0,2,147.0392261904762,16.9607738095238,164.0,83.13253012048193
Scottsbluff,2022,150,16.9,PHG39 X PHM49,130.225,2,147.0392261904762,-16.814226190476205,130.225,18.072289156626507
Scottsbluff,2022,150,16.9,PHG39 X PHN82,141.42,1,147.0392261904762,-5.619226190476212,141.42,40.963855421686745
Scottsbluff,2022,150,16.9,PHJ40 X LH82,154.135,2,147.0392261904762,7.095773809523791,154.135,63.855421686746986
Scottsbluff,2022,150,16.9,PHK56 X 3IIH6,140.23000000000002,2,147.0392261904762,-6.809226190476181,140.23,36.144578313253014
Scottsbluff,2022,150,16.9,PHK56 X LH145,138.53,1,147.0392261904762,-8.509226190476198,138.53,31.325301204819276
Scottsbluff,2022,150,16.9,PHK56 X LH185,167.905,2,147.0392261904762,20.8657738095238,167.905,86.74698795180723
Scottsbluff,2022,150,16.9,PHK56 X LH198,189.20999999999998,2,147.0392261904762,42.17077380952378,189.21,98.79518072289157
Scottsbluff,2022,150,16.9,PHK56 X LH82,158.375,2,147.0392261904762,11.3357738095238,158.375,72.28915662650603
Scottsbluff,2022,150,16.9,PHK56 X PHJ89,149.355,2,147.0392261904762,2.3157738095237903,149.355,55.42168674698795
Scottsbluff,2022,150,16.9,PHK56 X W606S,160.42000000000002,2,147.0392261904762,13.380773809523816,160.42,75.90361445783132
Scottsbluff,2022,150,16.9,PHK76 X 3IIH6,145.0,2,147.0392261904762,-2.0392261904761995,145.0,46.98795180722892
Scottsbluff,2022,150,16.9,PHK76 X LH145,131.32,2,147.0392261904762,-15.719226190476206,131.32,20.481927710843372
Scottsbluff,2022,150,16.9,PHK76 X LH198,150.35000000000002,2,147.0392261904762,3.3107738095238233,150.35,57.83132530120482
Scottsbluff,2022,150,16.9,PHK76 X LH82,141.755,2,147.0392261904762,-5.284226190476204,141.755,42.16867469879518
Scottsbluff,2022,150,16.9,PHK76 X W606S,140.375,2,147.0392261904762,-6.6642261904761995,140.375,37.34939759036145
Scottsbluff,2022,150,16.9,PHN46 X PHB47,158.28,2,147.0392261904762,11.240773809523802,158.28,71.08433734939759
Scottsbluff,2022,150,16.9,PHN46 X PHK56,111.255,2,147.0392261904762,-35.784226190476204,111.255,2.4096385542168677
Scottsbluff,2022,150,16.9,PHN46 X W606S,134.41500000000002,2,147.0392261904762,-12.624226190476179,134.415,26.50602409638554
Scottsbluff,2022,150,16.9,PHP02 X LH145,139.225,2,147.0392261904762,-7.814226190476205,139.225,34.93975903614458
Scottsbluff,2022,150,16.9,PHP02 X LH185,120.37,2,147.0392261904762,-26.669226190476195,120.37,9.63855421686747
Scottsbluff,2022,150,16.9,PHP02 X LH198,161.43,2,147.0392261904762,14.390773809523807,161.43,78.3132530120482
Scottsbluff,2022,150,16.9,PHP02 X LH82,117.57000000000001,2,147.0392261904762,-29.469226190476192,117.57,6.024096385542169
Scottsbluff,2022,150,16.9,PHP02 X PHB47,138.235,2,147.0392261904762,-8.804226190476186,138.235,30.120481927710845
Scottsbluff,2022,150,16.9,PHP02 X PHG47,150.935,2,147.0392261904762,3.895773809523803,150.935,60.24096385542169
Scottsbluff,2022,150,16.9,PHP02 X PHJ89,167.755,2,147.0392261904762,20.715773809523796,167.755,85.5421686746988
Scottsbluff,2022,150,16.9,PHP02 X PHK56,157.66000000000003,2,147.0392261904762,10.620773809523826,157.66,69.87951807228916
Scottsbluff,2022,150,16.9,PHP02 X PHK76,157.575,2,147.0392261904762,10.53577380952379,157.575,68.67469879518072
Scottsbluff,2022,150,16.9,PHP02 X PHN46,163.95,2,147.0392261904762,16.91077380952379,163.95,81.92771084337349
Scottsbluff,2022,150,16.9,PHP02 X W606S,176.69,2,147.0392261904762,29.6507738095238,176.69,93.97590361445783
Scottsbluff,2022,150,16.9,PHT69 X 3IIH6,158.925,2,147.0392261904762,11.885773809523812,158.925,73.49397590361446
Scottsbluff,2022,150,16.9,PHW52 X LH185,163.185,2,147.0392261904762,16.145773809523803,163.185,80.72289156626506
Scottsbluff,2022,150,16.9,PHW52 X PHM49,130.16,2,147.0392261904762,-16.879226190476203,130.16,16.867469879518072
Scottsbluff,2022,150,16.9,PHW52 X PHN82,168.79,2,147.0392261904762,21.750773809523793,168.79,87.95180722891567
Scottsbluff,2022,150,16.9,PHW52 X PHZ51,138.79500000000002,2,147.0392261904762,-8.244226190476184,138.795,32.53012048192771
Scottsbluff,2022,150,16.9,PHZ51 X LH145,96.41,2,147.0392261904762,-50.6292261904762,96.41,0.0
Scottsbluff,2022,150,16.9,PIONEER 1311 AMXT,129.885,2,147.0392261904762,-17.15422619047621,129.885,14.457831325301205
Scottsbluff,2022,150,16.9,PIONEER P0589 AMXT,179.79,2,147.0392261904762,32.75077380952379,179.79,95.18072289156626
Scottsbluff,2022,150,16.9,SYNGENTA NK0760-3111,194.69,10,147.0392261904762,47.6507738095238,194.69,100.0
Scottsbluff,2022,150,16.9,WF9 X H95,109.955,2,147.0392261904762,-37.0842261904762,109.955,1.2048192771084338
Scottsbluff,2022,225,16.9,2369 X 3IIH6,187.465,2,159.68876171352076,27.77623828647924,187.465,87.8048780487805
Scottsbluff,2022,225,16.9,2369 X LH123HT,160.92000000000002,2,159.68876171352076,1.231238286479254,160.92,50.0
Scottsbluff,2022,225,16.9,2369 X PHN82,147.43,2,159.68876171352076,-12.258761713520755,147.43,28.048780487804876
Scottsbluff,2022,225,16.9,2369 X PHP02,179.095,2,159.68876171352076,19.406238286479237,179.095,74.39024390243902
Scottsbluff,2022,225,16.9,2369 X PHZ51,185.37,2,159.68876171352076,25.681238286479243,185.37,85.36585365853658
Scottsbluff,2022,225,16.9,2FACC X 3IIH6,193.435,2,159.68876171352076,33.74623828647924,193.435,91.46341463414635
Scottsbluff,2022,225,16.9,4N506 X 3IIH6,171.94,2,159.68876171352076,12.251238286479236,171.94,68.29268292682927
Scottsbluff,2022,225,16.9,B105 X 3IIH6,153.87,2,159.68876171352076,-5.818761713520757,153.87,35.36585365853659
Scottsbluff,2022,225,16.9,B14A X MO17,94.055,2,159.68876171352076,-65.63376171352076,94.055,3.658536585365854
Scottsbluff,2022,225,16.9,B37 X H95,143.275,2,159.68876171352076,-16.413761713520756,143.275,23.170731707317074
Scottsbluff,2022,225,16.9,B37 X MO17,132.635,2,159.68876171352076,-27.05376171352077,132.635,10.975609756097562
Scottsbluff,2022,225,16.9,B37 X OH43,147.075,2,159.68876171352076,-12.613761713520773,147.075,25.609756097560975
Scottsbluff,2022,225,16.9,B73 X 3IIH6,214.915,2,159.68876171352076,55.22623828647923,214.915,100.0
Scottsbluff,2022,225,16.9,B73 X MO17,187.73,1,159.68876171352076,28.041238286479228,187.73,89.02439024390245
Scottsbluff,2022,225,16.9,B73 X PHM49,167.225,2,159.68876171352076,7.536238286479232,167.225,60.97560975609756
Scottsbluff,2022,225,16.9,B73 X PHN82,169.51,2,159.68876171352076,9.821238286479229,169.51,65.85365853658537
Scottsbluff,2022,225,16.9,B73 X PHZ51,180.26,2,159.68876171352076,20.57123828647923,180.26,75.60975609756098
Scottsbluff,2022,225,16.9,B84 X 3IIH6,159.885,2,159.68876171352076,0.19623828647922892,159.885,48.78048780487805
Scottsbluff,2022,225,16.9,F42 X MO17,174.005,2,159.68876171352076,14.316238286479233,174.005,70.73170731707317
Scottsbluff,2022,225,16.9,F42 X OH43,159.7,2,159.68876171352076,0.011238286479226645,159.7,46.34146341463415
Scottsbluff,2022,225,16.9,HOEGEMEYER 7089 AMXT,199.70499999999998,2,159.68876171352076,40.01623828647922,199.705,95.1219512195122
Scottsbluff,2022,225,16.9,HOEGEMEYER 8065RR,183.21,1,159.68876171352076,23.521238286479246,183.21,81.70731707317073
Scottsbluff,2022,225,16.9,LH123HT X 3IIH6,163.59,2,159.68876171352076,3.9012382864792414,163.59,56.09756097560975
Scottsbluff,2022,225,16.9,LH123HT X PHB47,156.89499999999998,2,159.68876171352076,-2.79376171352078,156.895,40.24390243902439
Scottsbluff,2022,225,16.9,LH145 X LH162,135.425,2,159.68876171352076,-24.26376171352075,135.425,14.634146341463415
Scottsbluff,2022,225,16.9,LH185 X LH145,145.69,1,159.68876171352076,-13.998761713520764,145.69,24.390243902439025
Scottsbluff,2022,225,16.9,LH185 X LH82,167.3,1,159.68876171352076,7.611238286479249,167.3,62.19512195121951
Scottsbluff,2022,225,16.9,LH185 X W606S,154.69,1,159.68876171352076,-4.998761713520764,154.69,36.58536585365854
Scottsbluff,2022,225,16.9,LH195 X 3IIH6,195.62,2,159.68876171352076,35.93123828647924,195.62,92.6829268292683
Scottsbluff,2022,225,16.9,LH195 X LH123HT,152.51999999999998,2,159.68876171352076,-7.16876171352078,152.52,31.70731707317073
Scottsbluff,2022,225,16.9,LH195 X LH185,91.79,1,159.68876171352076,-67.89876171352076,91.79,2.4390243902439024
Scottsbluff,2022,225,16.9,LH195 X PHM49,163.96,2,159.68876171352076,4.271238286479246,163.96,57.31707317073171
Scottsbluff,2022,225,16.9,LH195 X PHZ51,152.12,2,159.68876171352076,-7.568761713520757,152.12,30.48780487804878
Scottsbluff,2022,225,16.9,LH198 X PHB47,161.315,2,159.68876171352076,1.6262382864792357,161.315,51.21951219512195
Scottsbluff,2022,225,16.9,LH198 X PHZ51,177.03500000000003,2,159.68876171352076,17.346238286479263,177.035,73.17073170731707
Scottsbluff,2022,225,16.9,LH74 X PHM49,141.67000000000002,2,159.68876171352076,-18.018761713520746,141.67,20.73170731707317
Scottsbluff,2022,225,16.9,LH74 X PHN82,180.505,2,159.68876171352076,20.816238286479233,180.505,76.82926829268293
Scottsbluff,2022,225,16.9,LH82 X PHB47,137.435,2,159.68876171352076,-22.25376171352076,137.435,15.853658536585366
Scottsbluff,2022,225,16.9,LH82 X PHJ89,157.865,2,159.68876171352076,-1.823761713520753,157.865,45.1219512195122
Scottsbluff,2022,225,16.9,LH82 X W606S,132.45499999999998,2,159.68876171352076,-27.233761713520778,132.455,9.75609756097561
Scottsbluff,2022,225,16.9,N209 X 3IIH6,180.60500000000002,2,159.68876171352076,20.916238286479256,180.605,78.04878048780488
Scottsbluff,2022,225,16.9,PHB47 X 3IIH6,180.77,2,159.68876171352076,21.08123828647925,180.77,79.26829268292683
Scottsbluff,2022,225,16.9,PHB47 X LH185,185.125,2,159.68876171352076,25.436238286479238,185.125,84.14634146341463
Scottsbluff,2022,225,16.9,PHB47 X PHJ89,147.28,1,159.68876171352076,-12.40876171352076,147.28,26.829268292682926
Scottsbluff,2022,225,16.9,PHB47 X PHK56,170.97,2,159.68876171352076,11.281238286479237,170.97,67.07317073170732
Scottsbluff,2022,225,16.9,PHG39 X PHM49,168.535,2,159.68876171352076,8.846238286479235,168.535,64.63414634146342
Scottsbluff,2022,225,16.9,PHG39 X PHN82,161.93,1,159.68876171352076,2.241238286479245,161.93,53.65853658536585
Scottsbluff,2022,225,16.9,PHJ40 X LH82,134.695,2,159.68876171352076,-24.99376171352077,134.695,13.414634146341463
Scottsbluff,2022,225,16.9,PHK56 X 3IIH6,172.69,1,159.68876171352076,13.001238286479236,172.69,69.51219512195122
Scottsbluff,2022,225,16.9,PHK56 X LH145,137.65,1,159.68876171352076,-22.038761713520756,137.65,17.073170731707318
Scottsbluff,2022,225,16.9,PHK56 X LH198,202.68,2,159.68876171352076,42.991238286479245,202.68,97.5609756097561
Scottsbluff,2022,225,16.9,PHK56 X LH82,153.79,2,159.68876171352076,-5.89876171352077,153.79,34.146341463414636
Scottsbluff,2022,225,16.9,PHK56 X PHJ89,159.755,2,159.68876171352076,0.06623828647923347,159.755,47.5609756097561
Scottsbluff,2022,225,16.9,PHK56 X W606S,157.06,1,159.68876171352076,-2.6287617135207597,157.06,41.46341463414634
Scottsbluff,2022,225,16.9,PHK76 X 3IIH6,152.89999999999998,2,159.68876171352076,-6.788761713520785,152.9,32.926829268292686
Scottsbluff,2022,225,16.9,PHK76 X LH145,129.445,2,159.68876171352076,-30.24376171352077,129.445,7.317073170731708
Scottsbluff,2022,225,16.9,PHK76 X LH198,131.515,2,159.68876171352076,-28.173761713520776,131.515,8.536585365853659
Scottsbluff,2022,225,16.9,PHK76 X LH82,162.67,1,159.68876171352076,2.9812382864792255,162.67,54.8780487804878
Scottsbluff,2022,225,16.9,PHK76 X W606S,134.67,1,159.68876171352076,-25.018761713520774,134.67,12.195121951219512
Scottsbluff,2022,225,16.9,PHN46 X PHB47,165.345,2,159.68876171352076,5.656238286479237,165.345,58.53658536585366
Scottsbluff,2022,225,16.9,PHN46 X PHK56,109.33000000000001,2,159.68876171352076,-50.35876171352075,109.33,4.878048780487805
Scottsbluff,2022,225,16.9,PHN46 X W606S,142.77499999999998,2,159.68876171352076,-16.913761713520785,142.775,21.951219512195124
Scottsbluff,2022,225,16.9,PHP02 X LH145,64.215,2,159.68876171352076,-95.47376171352076,64.215,0.0
Scottsbluff,2022,225,16.9,PHP02 X LH185,140.32,2,159.68876171352076,-19.36876171352077,140.32,18.29268292682927
Scottsbluff,2022,225,16.9,PHP02 X LH198,186.26,2,159.68876171352076,26.57123828647923,186.26,86.58536585365853
Scottsbluff,2022,225,16.9,PHP02 X LH82,151.315,2,159.68876171352076,-8.373761713520764,151.315,29.26829268292683
Scottsbluff,2022,225,16.9,PHP02 X PHB47,157.76999999999998,2,159.68876171352076,-1.9187617135207802,157.77,43.90243902439025
Scottsbluff,2022,225,16.9,PHP02 X PHG47,161.38,1,159.68876171352076,1.6912382864792335,161.38,52.4390243902439
Scottsbluff,2022,225,16.9,PHP02 X PHJ89,182.68,1,159.68876171352076,22.991238286479245,182.68,80.48780487804878
Scottsbluff,2022,225,16.9,PHP02 X PHK56,198.645,2,159.68876171352076,38.95623828647925,198.645,93.90243902439025
Scottsbluff,2022,225,16.9,PHP02 X PHK76,165.565,2,159.68876171352076,5.876238286479236,165.565,59.75609756097561
Scottsbluff,2022,225,16.9,PHP02 X PHN46,157.76,1,159.68876171352076,-1.928761713520771,157.76,42.68292682926829
Scottsbluff,2022,225,16.9,PHP02 X W606S,185.0,2,159.68876171352076,25.311238286479238,185.0,82.92682926829268
Scottsbluff,2022,225,16.9,PHT69 X 3IIH6,124.28999999999999,2,159.68876171352076,-35.39876171352077,124.29,6.097560975609756
Scottsbluff,2022,225,16.9,PHW52 X LH185,168.505,2,159.68876171352076,8.816238286479233,168.505,63.41463414634146
Scottsbluff,2022,225,16.9,PHW52 X PHM49,155.82,2,159.68876171352076,-3.868761713520769,155.82,39.02439024390244
Scottsbluff,2022,225,16.9,PHW52 X PHN82,174.805,2,159.68876171352076,15.116238286479245,174.805,71.95121951219512
Scottsbluff,2022,225,16.9,PHW52 X PHZ51,155.63,1,159.68876171352076,-4.0587617135207665,155.63,37.80487804878049
Scottsbluff,2022,225,16.9,PHZ51 X LH145,140.4,2,159.68876171352076,-19.288761713520756,140.4,19.51219512195122
Scottsbluff,2022,225,16.9,PIONEER 1311 AMXT,199.82999999999998,2,159.68876171352076,40.14123828647922,199.83,96.34146341463415
Scottsbluff,2022,225,16.9,PIONEER P0589 AMXT,204.62,2,159.68876171352076,44.93123828647924,204.62,98.78048780487805
Scottsbluff,2022,225,16.9,SYNGENTA NK0760-3111,192.38222222222223,9,159.68876171352076,32.69346050870146,192.38222222,90.2439024390244
Scottsbluff,2022,225,16.9,WF9 X H95,84.2,2,159.68876171352076,-75.48876171352076,84.2,1.2195121951219512
