plot_id,location,latitude,longitude,source_image
Ames|4231|10|2,Ames,42.014928887000245,-93.73198850491654,Satellite/Ames/TP1/Ames-TP1-4231_10_2.TIF
Ames|4231|10|3,Ames,42.01492864439998,-93.73202654608262,Satellite/Ames/TP1/Ames-TP1-4231_10_3.TIF
Ames|4231|10|4,Ames,42.01492841334038,-93.73206277576413,Satellite/Ames/TP1/Ames-TP1-4231_10_4.TIF
Ames|4231|10|5,Ames,42.014926819829384,-93.73210080143602,Satellite/Ames/TP1/Ames-TP1-4231_10_5.TIF
Ames|4231|10|6,Ames,42.01492658874636,-93.73213703111591,Satellite/Ames/TP1/Ames-TP1-4231_10_6.TIF
Ames|4231|10|7,Ames,42.01492635765191,-93.73217326079538,Satellite/Ames/TP1/Ames-TP1-4231_10_7.TIF
Ames|4231|11|2,Ames,42.01487484000158,-93.73198969676424,Satellite/Ames/TP1/Ames-TP1-4231_11_2.TIF
Ames|4231|11|3,Ames,42.014873258067716,-93.73202591092387,Satellite/Ames/TP1/Ames-TP1-4231_11_3.TIF
Ames|4231|11|4,Ames,42.0148730154553,-93.73206395205646,Satellite/Ames/TP1/Ames-TP1-4231_11_4.TIF
Ames|4231|11|5,Ames,42.01487278438415,-93.73210018170612,Satellite/Ames/TP1/Ames-TP1-4231_11_5.TIF
Ames|4231|11|6,Ames,42.01487255330157,-93.73213641135534,Satellite/Ames/TP1/Ames-TP1-4231_11_6.TIF
Ames|4231|11|7,Ames,42.014870971321436,-93.73217262550939,Satellite/Ames/TP1/Ames-TP1-4231_11_7.TIF
Ames|4231|12|2,Ames,42.01481944211624,-93.73199087311967,Satellite/Ames/TP1/Ames-TP1-4231_12_2.TIF
Ames|4231|12|3,Ames,42.01481921106839,-93.73202710273951,Satellite/Ames/TP1/Ames-TP1-4231_12_3.TIF
Ames|4231|12|4,Ames,42.01481898000912,-93.73206333235892,Satellite/Ames/TP1/Ames-TP1-4231_12_4.TIF
Ames|4231|12|5,Ames,42.0148187489384,-93.7320995619779,Satellite/Ames/TP1/Ames-TP1-4231_12_5.TIF
Ames|4231|12|6,Ames,42.01481716697011,-93.73213577610254,Satellite/Ames/TP1/Ames-TP1-4231_12_6.TIF
Ames|4231|12|7,Ames,42.014816924321565,-93.73217381720077,Satellite/Ames/TP1/Ames-TP1-4231_12_7.TIF
Ames|4231|13|2,Ames,42.01476540666867,-93.73199025348514,Satellite/Ames/TP1/Ames-TP1-4231_13_2.TIF
Ames|4231|13|3,Ames,42.014765175621264,-93.73202648307432,Satellite/Ames/TP1/Ames-TP1-4231_13_3.TIF
Ames|4231|13|4,Ames,42.014763593676236,-93.7320626971707,Satellite/Ames/TP1/Ames-TP1-4231_13_4.TIF
Ames|4231|13|5,Ames,42.01476336260597,-93.73209892675827,Satellite/Ames/TP1/Ames-TP1-4231_13_5.TIF
Ames|4231|13|6,Ames,42.01476311996988,-93.73213696782474,Satellite/Ames/TP1/Ames-TP1-4231_13_6.TIF
Ames|4231|13|7,Ames,42.014761537990026,-93.73217318191672,Satellite/Ames/TP1/Ames-TP1-4231_13_7.TIF
Ames|4231|14|2,Ames,42.01471137122058,-93.73198963385231,Satellite/Ames/TP1/Ames-TP1-4231_14_2.TIF
Ames|4231|14|3,Ames,42.0147097892874,-93.73202584791926,Satellite/Ames/TP1/Ames-TP1-4231_14_3.TIF
Ames|4231|14|4,Ames,42.014709558229,-93.73206207747658,Satellite/Ames/TP1/Ames-TP1-4231_14_4.TIF
Ames|4231|14|5,Ames,42.0147079647192,-93.7321001030182,Satellite/Ames/TP1/Ames-TP1-4231_14_5.TIF
Ames|4231|14|6,Ames,42.01470773363737,-93.73213633257389,Satellite/Ames/TP1/Ames-TP1-4231_14_6.TIF
Ames|4231|14|7,Ames,42.014707490989146,-93.7321743736069,Satellite/Ames/TP1/Ames-TP1-4231_14_7.TIF
Ames|4231|15|2,Ames,42.01465598488574,-93.73198899873043,Satellite/Ames/TP1/Ames-TP1-4231_15_2.TIF
Ames|4231|15|3,Ames,42.0146557422866,-93.73202703973386,Satellite/Ames/TP1/Ames-TP1-4231_15_3.TIF
Ames|4231|15|4,Ames,42.01465416034185,-93.73206325376817,Satellite/Ames/TP1/Ames-TP1-4231_15_4.TIF
Ames|4231|15|5,Ames,42.014653929271894,-93.73209948329364,Satellite/Ames/TP1/Ames-TP1-4231_15_5.TIF
Ames|4231|15|6,Ames,42.01465368663614,-93.7321375242949,Satellite/Ames/TP1/Ames-TP1-4231_15_6.TIF
Ames|4231|15|7,Ames,42.01465345554274,-93.73217375381948,Satellite/Ames/TP1/Ames-TP1-4231_15_7.TIF
Ames|4231|16|2,Ames,42.014600586998334,-93.73199017508513,Satellite/Ames/TP1/Ames-TP1-4231_16_2.TIF
Ames|4231|16|3,Ames,42.01460035595168,-93.73202640458076,Satellite/Ames/TP1/Ames-TP1-4231_16_3.TIF
Ames|4231|16|4,Ames,42.014600113340386,-93.73206444555073,Satellite/Ames/TP1/Ames-TP1-4231_16_4.TIF
Ames|4231|16|5,Ames,42.01459988227029,-93.7321006750455,Satellite/Ames/TP1/Ames-TP1-4231_16_5.TIF
Ames|4231|16|6,Ames,42.01459965118876,-93.73213690453984,Satellite/Ames/TP1/Ames-TP1-4231_16_6.TIF
Ames|4231|16|7,Ames,42.01459806920962,-93.73217311853915,Satellite/Ames/TP1/Ames-TP1-4231_16_7.TIF
Ames|4231|17|2,Ames,42.01454655154869,-93.73198955545595,Satellite/Ames/TP1/Ames-TP1-4231_17_2.TIF
Ames|4231|17|3,Ames,42.01454630894985,-93.73202759639416,Satellite/Ames/TP1/Ames-TP1-4231_17_3.TIF
Ames|4231|17|4,Ames,42.01454607789162,-93.73206382585869,Satellite/Ames/TP1/Ames-TP1-4231_17_4.TIF
Ames|4231|17|5,Ames,42.01454449593575,-93.73210003982976,Satellite/Ames/TP1/Ames-TP1-4231_17_5.TIF
Ames|4231|17|6,Ames,42.01454426485466,-93.73213626929268,Satellite/Ames/TP1/Ames-TP1-4231_17_6.TIF
Ames|4231|17|7,Ames,42.01454403376215,-93.73217249875516,Satellite/Ames/TP1/Ames-TP1-4231_17_7.TIF
Ames|4231|18|2,Ames,42.014492504546496,-93.73199074730019,Satellite/Ames/TP1/Ames-TP1-4231_18_2.TIF
Ames|4231|18|3,Ames,42.014492273500146,-93.73202697673447,Satellite/Ames/TP1/Ames-TP1-4231_18_3.TIF
Ames|4231|18|4,Ames,42.01449069155611,-93.73206319067612,Satellite/Ames/TP1/Ames-TP1-4231_18_4.TIF
Ames|4231|18|5,Ames,42.0144904604869,-93.7320994201088,Satellite/Ames/TP1/Ames-TP1-4231_18_5.TIF
Ames|4231|18|6,Ames,42.01448887852004,-93.73213563404728,Satellite/Ames/TP1/Ames-TP1-4231_18_6.TIF
Ames|4231|18|7,Ames,42.01448863587306,-93.73217367494989,Satellite/Ames/TP1/Ames-TP1-4231_18_7.TIF
Ames|4231|19|2,Ames,42.014437118209564,-93.73199011218222,Satellite/Ames/TP1/Ames-TP1-4231_19_2.TIF
Ames|4231|19|3,Ames,42.014436887163654,-93.73202634158508,Satellite/Ames/TP1/Ames-TP1-4231_19_3.TIF
Ames|4231|19|4,Ames,42.014436656106305,-93.73206257098752,Satellite/Ames/TP1/Ames-TP1-4231_19_4.TIF
Ames|4231|19|5,Ames,42.01443506259755,-93.73210059636664,Satellite/Ames/TP1/Ames-TP1-4231_19_5.TIF
Ames|4231|19|6,Ames,42.01443483151677,-93.73213682576743,Satellite/Ames/TP1/Ames-TP1-4231_19_6.TIF
Ames|4231|19|7,Ames,42.01443460042457,-93.73217305516782,Satellite/Ames/TP1/Ames-TP1-4231_19_7.TIF
Ames|4231|1|2,Ames,42.015420632644734,-93.73199052067598,Satellite/Ames/TP1/Ames-TP1-4231_1_2.TIF
Ames|4231|1|3,Ames,42.01542040159433,-93.73202675063703,Satellite/Ames/TP1/Ames-TP1-4231_1_3.TIF
Ames|4231|1|4,Ames,42.01541881964646,-93.73206296510492,Satellite/Ames/TP1/Ames-TP1-4231_1_4.TIF
Ames|4231|1|5,Ames,42.01541858857321,-93.73209919506434,Satellite/Ames/TP1/Ames-TP1-4231_1_5.TIF
Ames|4231|1|6,Ames,42.01541834593398,-93.73213723652128,Satellite/Ames/TP1/Ames-TP1-4231_1_6.TIF
Ames|4231|1|7,Ames,42.01541811483728,-93.73217346647985,Satellite/Ames/TP1/Ames-TP1-4231_1_7.TIF
Ames|4231|20|2,Ames,42.014383082758364,-93.73198949255664,Satellite/Ames/TP1/Ames-TP1-4231_20_2.TIF
Ames|4231|20|3,Ames,42.01438150082661,-93.73202570643745,Satellite/Ames/TP1/Ames-TP1-4231_20_3.TIF
Ames|4231|20|4,Ames,42.014381258216574,-93.73206374727701,Satellite/Ames/TP1/Ames-TP1-4231_20_4.TIF
Ames|4231|20|5,Ames,42.014381027147664,-93.73209997664759,Satellite/Ames/TP1/Ames-TP1-4231_20_5.TIF
Ames|4231|20|6,Ames,42.01438078451301,-93.73213801748622,Satellite/Ames/TP1/Ames-TP1-4231_20_6.TIF
Ames|4231|20|7,Ames,42.014380553420665,-93.73217424685592,Satellite/Ames/TP1/Ames-TP1-4231_20_7.TIF
Ames|4231|21|2,Ames,42.01432769642036,-93.73198885744218,Satellite/Ames/TP1/Ames-TP1-4231_21_2.TIF
Ames|4231|21|3,Ames,42.01432745382277,-93.73202689824998,Satellite/Ames/TP1/Ames-TP1-4231_21_3.TIF
Ames|4231|21|4,Ames,42.014327222765736,-93.73206312759032,Satellite/Ames/TP1/Ames-TP1-4231_21_4.TIF
Ames|4231|21|5,Ames,42.01432698014355,-93.73210116839721,Satellite/Ames/TP1/Ames-TP1-4231_21_5.TIF
Ames|4231|21|6,Ames,42.01432539817682,-93.73213738224295,Satellite/Ames/TP1/Ames-TP1-4231_21_6.TIF
Ames|4231|21|7,Ames,42.01432516708492,-93.73217361158123,Satellite/Ames/TP1/Ames-TP1-4231_21_7.TIF
Ames|4231|22|2,Ames,42.01427364941616,-93.73199004928554,Satellite/Ames/TP1/Ames-TP1-4231_22_2.TIF
Ames|4231|22|3,Ames,42.01427341837098,-93.73202627859565,Satellite/Ames/TP1/Ames-TP1-4231_22_3.TIF
Ames|4231|22|4,Ames,42.01427317576126,-93.73206431937079,Satellite/Ames/TP1/Ames-TP1-4231_22_4.TIF
Ames|4231|22|5,Ames,42.01427159380637,-93.73210053318711,Satellite/Ames/TP1/Ames-TP1-4231_22_5.TIF
Ames|4231|22|6,Ames,42.01427136272635,-93.73213676249514,Satellite/Ames/TP1/Ames-TP1-4231_22_6.TIF
Ames|4231|22|7,Ames,42.014269780748634,-93.73217297630832,Satellite/Ames/TP1/Ames-TP1-4231_22_7.TIF
Ames|4231|23|2,Ames,42.01421961396341,-93.73198942966357,Satellite/Ames/TP1/Ames-TP1-4231_23_2.TIF
Ames|4231|23|3,Ames,42.01421802047983,-93.73202745491564,Satellite/Ames/TP1/Ames-TP1-4231_23_3.TIF
Ames|4231|23|4,Ames,42.01421778942311,-93.73206368419386,Satellite/Ames/TP1/Ames-TP1-4231_23_4.TIF
Ames|4231|23|5,Ames,42.01421755835495,-93.73209991347167,Satellite/Ames/TP1/Ames-TP1-4231_23_5.TIF
Ames|4231|23|6,Ames,42.01421597638908,-93.7321361272554,Satellite/Ames/TP1/Ames-TP1-4231_23_6.TIF
Ames|4231|23|7,Ames,42.01421574529807,-93.73217235653159,Satellite/Ames/TP1/Ames-TP1-4231_23_7.TIF
Ames|4231|24|2,Ames,42.01416421607188,-93.73199060601522,Satellite/Ames/TP1/Ames-TP1-4231_24_2.TIF
Ames|4231|24|3,Ames,42.01416398502702,-93.73202683526321,Satellite/Ames/TP1/Ames-TP1-4231_24_3.TIF
Ames|4231|24|4,Ames,42.01416240308442,-93.73206304901872,Satellite/Ames/TP1/Ames-TP1-4231_24_4.TIF
Ames|4231|24|5,Ames,42.01416217201671,-93.7320992782651,Satellite/Ames/TP1/Ames-TP1-4231_24_5.TIF
Ames|4231|24|6,Ames,42.01416194093756,-93.73213550751103,Satellite/Ames/TP1/Ames-TP1-4231_24_6.TIF
Ames|4231|24|7,Ames,42.01416169829215,-93.73217354821881,Satellite/Ames/TP1/Ames-TP1-4231_24_7.TIF
Ames|4231|25|2,Ames,42.01411018061812,-93.73198998639515,Satellite/Ames/TP1/Ames-TP1-4231_25_2.TIF
Ames|4231|25|3,Ames,42.01410859868736,-93.73202620012123,Satellite/Ames/TP1/Ames-TP1-4231_25_3.TIF
Ames|4231|25|4,Ames,42.01410836763152,-93.73206242933738,Satellite/Ames/TP1/Ames-TP1-4231_25_4.TIF
Ames|4231|25|5,Ames,42.01410812501057,-93.73210047001385,Satellite/Ames/TP1/Ames-TP1-4231_25_5.TIF
Ames|4231|25|6,Ames,42.014107893931296,-93.73213669922912,Satellite/Ames/TP1/Ames-TP1-4231_25_6.TIF
Ames|4231|25|7,Ames,42.014106311954286,-93.73217291294961,Satellite/Ames/TP1/Ames-TP1-4231_25_7.TIF
Ames|4231|26|2,Ames,42.01405479427746,-93.73198935128634,Satellite/Ames/TP1/Ames-TP1-4231_26_2.TIF
Ames|4231|26|3,Ames,42.014054563233486,-93.73202558047225,Satellite/Ames/TP1/Ames-TP1-4231_26_3.TIF
Ames|4231|26|4,Ames,42.014054320625014,-93.73206362111698,Satellite/Ames/TP1/Ames-TP1-4231_26_4.TIF
Ames|4231|26|5,Ames,42.01405408955761,-93.732099850302,Satellite/Ames/TP1/Ames-TP1-4231_26_5.TIF
Ames|4231|26|6,Ames,42.01405249603819,-93.73213787545225,Satellite/Ames/TP1/Ames-TP1-4231_26_6.TIF
Ames|4231|26|7,Ames,42.014052264947345,-93.73217410463563,Satellite/Ames/TP1/Ames-TP1-4231_26_7.TIF
Ames|4231|27|2,Ames,42.01400074727075,-93.73199054312748,Satellite/Ames/TP1/Ames-TP1-4231_27_2.TIF
Ames|4231|27|3,Ames,42.014000516226645,-93.7320267722827,Satellite/Ames/TP1/Ames-TP1-4231_27_3.TIF
Ames|4231|27|4,Ames,42.013998934284736,-93.73206298594552,Satellite/Ames/TP1/Ames-TP1-4231_27_4.TIF
Ames|4231|27|5,Ames,42.013998691664106,-93.73210102655679,Satellite/Ames/TP1/Ames-TP1-4231_27_5.TIF
Ames|4231|27|6,Ames,42.01399846058515,-93.73213725570996,Satellite/Ames/TP1/Ames-TP1-4231_27_6.TIF
Ames|4231|27|7,Ames,42.013996878608424,-93.73217346936838,Satellite/Ames/TP1/Ames-TP1-4231_27_7.TIF
Ames|4231|28|2,Ames,42.01394671181544,-93.73198992351101,Satellite/Ames/TP1/Ames-TP1-4231_28_2.TIF
Ames|4231|28|3,Ames,42.0139451183329,-93.73202794860059,Satellite/Ames/TP1/Ames-TP1-4231_28_3.TIF
Ames|4231|28|4,Ames,42.013944887277226,-93.73206417772394,Satellite/Ames/TP1/Ames-TP1-4231_28_4.TIF
Ames|4231|28|5,Ames,42.013943305323764,-93.73210039135412,Satellite/Ames/TP1/Ames-TP1-4231_28_5.TIF
Ames|4231|28|6,Ames,42.01394307424524,-93.73213662047586,Satellite/Ames/TP1/Ames-TP1-4231_28_6.TIF
Ames|4231|28|7,Ames,42.013942843155284,-93.73217284959715,Satellite/Ames/TP1/Ames-TP1-4231_28_7.TIF
Ames|4231|29|2,Ames,42.01389131392131,-93.73199109986055,Satellite/Ames/TP1/Ames-TP1-4231_29_2.TIF
Ames|4231|29|3,Ames,42.013891082877514,-93.73202732895368,Satellite/Ames/TP1/Ames-TP1-4231_29_3.TIF
Ames|4231|29|4,Ames,42.01388950093589,-93.73206354255444,Satellite/Ames/TP1/Ames-TP1-4231_29_4.TIF
Ames|4231|29|5,Ames,42.01388926986923,-93.73209977164592,Satellite/Ames/TP1/Ames-TP1-4231_29_5.TIF
Ames|4231|29|6,Ames,42.013889038791135,-93.73213600073699,Satellite/Ames/TP1/Ames-TP1-4231_29_6.TIF
Ames|4231|29|7,Ames,42.01388880770161,-93.73217222982764,Satellite/Ames/TP1/Ames-TP1-4231_29_7.TIF
Ames|4231|2|2,Ames,42.015366597202835,-93.73198990102871,Satellite/Ames/TP1/Ames-TP1-4231_2_2.TIF
Ames|4231|2|3,Ames,42.01536501526682,-93.73202611546715,Satellite/Ames/TP1/Ames-TP1-4231_2_3.TIF
Ames|4231|2|4,Ames,42.01536478420544,-93.73206234539636,Satellite/Ames/TP1/Ames-TP1-4231_2_4.TIF
Ames|4231|2|5,Ames,42.01536454157867,-93.73210038682154,Satellite/Ames/TP1/Ames-TP1-4231_2_5.TIF
Ames|4231|2|6,Ames,42.01536431049384,-93.73213661674987,Satellite/Ames/TP1/Ames-TP1-4231_2_6.TIF
Ames|4231|2|7,Ames,42.01536271695645,-93.73217464267908,Satellite/Ames/TP1/Ames-TP1-4231_2_7.TIF
Ames|4231|30|2,Ames,42.013835927578555,-93.73199046475565,Satellite/Ames/TP1/Ames-TP1-4231_30_2.TIF
Ames|4231|30|3,Ames,42.0138356965352,-93.73202669381733,Satellite/Ames/TP1/Ames-TP1-4231_30_3.TIF
Ames|4231|30|4,Ames,42.01383546548041,-93.7320629228786,Satellite/Ames/TP1/Ames-TP1-4231_30_4.TIF
Ames|4231|30|5,Ames,42.01383523441419,-93.73209915193942,Satellite/Ames/TP1/Ames-TP1-4231_30_5.TIF
Ames|4231|30|6,Ames,42.01383499178235,-93.73213719245284,Satellite/Ames/TP1/Ames-TP1-4231_30_6.TIF
Ames|4231|30|7,Ames,42.01383340980634,-93.73217340601859,Satellite/Ames/TP1/Ames-TP1-4231_30_7.TIF
Ames|4231|31|2,Ames,42.013781892121685,-93.73198984514283,Satellite/Ames/TP1/Ames-TP1-4231_31_2.TIF
Ames|4231|31|3,Ames,42.013781661078774,-93.73202607417385,Satellite/Ames/TP1/Ames-TP1-4231_31_3.TIF
Ames|4231|31|4,Ames,42.01378143002441,-93.73206230320444,Satellite/Ames/TP1/Ames-TP1-4231_31_4.TIF
Ames|4231|31|5,Ames,42.01377983651866,-93.73210032819348,Satellite/Ames/TP1/Ames-TP1-4231_31_5.TIF
Ames|4231|31|6,Ames,42.01377960544087,-93.73213655722243,Satellite/Ames/TP1/Ames-TP1-4231_31_6.TIF
Ames|4231|31|7,Ames,42.013779362796896,-93.73217459770238,Satellite/Ames/TP1/Ames-TP1-4231_31_7.TIF
Ames|4231|3|2,Ames,42.01531121087434,-93.731989265892,Satellite/Ames/TP1/Ames-TP1-4231_3_2.TIF
Ames|4231|3|3,Ames,42.015310979824825,-93.73202549579096,Satellite/Ames/TP1/Ames-TP1-4231_3_3.TIF
Ames|4231|3|4,Ames,42.01531073721052,-93.7320635371844,Satellite/Ames/TP1/Ames-TP1-4231_3_4.TIF
Ames|4231|3|5,Ames,42.01530915525153,-93.73209975158903,Satellite/Ames/TP1/Ames-TP1-4231_3_5.TIF
Ames|4231|3|6,Ames,42.015308912612625,-93.73213779298077,Satellite/Ames/TP1/Ames-TP1-4231_3_6.TIF
Ames|4231|3|7,Ames,42.01530868151623,-93.7321740228772,Satellite/Ames/TP1/Ames-TP1-4231_3_7.TIF
Ames|4231|4|2,Ames,42.01525717543141,-93.73198864624817,Satellite/Ames/TP1/Ames-TP1-4231_4_2.TIF
Ames|4231|4|3,Ames,42.01525693282956,-93.73202668760986,Satellite/Ames/TP1/Ames-TP1-4231_4_3.TIF
Ames|4231|4|4,Ames,42.01525535088241,-93.73206290198506,Satellite/Ames/TP1/Ames-TP1-4231_4_4.TIF
Ames|4231|4|5,Ames,42.01525510825597,-93.73210094334505,Satellite/Ames/TP1/Ames-TP1-4231_4_5.TIF
Ames|4231|4|6,Ames,42.0152535262854,-93.73213715771702,Satellite/Ames/TP1/Ames-TP1-4231_4_6.TIF
Ames|4231|4|7,Ames,42.01525329518946,-93.73217338758205,Satellite/Ames/TP1/Ames-TP1-4231_4_7.TIF
Ames|4231|5|2,Ames,42.015203128435765,-93.73198983809793,Satellite/Ames/TP1/Ames-TP1-4231_5_2.TIF
Ames|4231|5|3,Ames,42.01520154650047,-93.73202605244369,Satellite/Ames/TP1/Ames-TP1-4231_5_3.TIF
Ames|4231|5|4,Ames,42.0152013038865,-93.73206409377191,Satellite/Ames/TP1/Ames-TP1-4231_5_4.TIF
Ames|4231|5|5,Ames,42.01519972192777,-93.73210030811448,Satellite/Ames/TP1/Ames-TP1-4231_5_5.TIF
Ames|4231|5|6,Ames,42.0151994908437,-93.73213653794926,Satellite/Ames/TP1/Ames-TP1-4231_5_6.TIF
Ames|4231|5|7,Ames,42.015199259748194,-93.73217276778361,Satellite/Ames/TP1/Ames-TP1-4231_5_7.TIF
Ames|4231|6|2,Ames,42.01514774210572,-93.73198920296493,Satellite/Ames/TP1/Ames-TP1-4231_6_2.TIF
Ames|4231|6|3,Ames,42.01514749950419,-93.73202724426139,Satellite/Ames/TP1/Ames-TP1-4231_6_3.TIF
Ames|4231|6|4,Ames,42.01514591755733,-93.73206345857453,Satellite/Ames/TP1/Ames-TP1-4231_6_4.TIF
Ames|4231|6|5,Ames,42.01514568648512,-93.73209968837907,Satellite/Ames/TP1/Ames-TP1-4231_6_5.TIF
Ames|4231|6|6,Ames,42.01514545540148,-93.73213591818318,Satellite/Ames/TP1/Ames-TP1-4231_6_6.TIF
Ames|4231|6|7,Ames,42.01514521275135,-93.73217395947704,Satellite/Ames/TP1/Ames-TP1-4231_6_7.TIF
Ames|4231|7|2,Ames,42.01509234422294,-93.73199037932244,Satellite/Ames/TP1/Ames-TP1-4231_7_2.TIF
Ames|4231|7|3,Ames,42.01509211317405,-93.73202660909716,Satellite/Ames/TP1/Ames-TP1-4231_7_3.TIF
Ames|4231|7|4,Ames,42.015091882113715,-93.73206283887147,Satellite/Ames/TP1/Ames-TP1-4231_7_4.TIF
Ames|4231|7|5,Ames,42.01509165104195,-93.73209906864535,Satellite/Ames/TP1/Ames-TP1-4231_7_5.TIF
Ames|4231|7|6,Ames,42.015090057518194,-93.73213709441335,Satellite/Ames/TP1/Ames-TP1-4231_7_6.TIF
Ames|4231|7|7,Ames,42.015089826423,-93.73217332418558,Satellite/Ames/TP1/Ames-TP1-4231_7_7.TIF
Ames|4231|8|2,Ames,42.015038308777946,-93.73198975968242,Satellite/Ames/TP1/Ames-TP1-4231_8_2.TIF
Ames|4231|8|3,Ames,42.01503807772947,-93.73202598942648,Satellite/Ames/TP1/Ames-TP1-4231_8_3.TIF
Ames|4231|8|4,Ames,42.01503784666958,-93.73206221917012,Satellite/Ames/TP1/Ames-TP1-4231_8_4.TIF
Ames|4231|8|5,Ames,42.015036253158286,-93.73210024490717,Satellite/Ames/TP1/Ames-TP1-4231_8_5.TIF
Ames|4231|8|6,Ames,42.01503602207495,-93.73213647464917,Satellite/Ames/TP1/Ames-TP1-4231_8_6.TIF
Ames|4231|8|7,Ames,42.01503442853909,-93.73217450038294,Satellite/Ames/TP1/Ames-TP1-4231_8_7.TIF
Ames|4231|9|2,Ames,42.01498427333243,-93.73198914004408,Satellite/Ames/TP1/Ames-TP1-4231_9_2.TIF
Ames|4231|9|3,Ames,42.014984042284404,-93.73202536975748,Satellite/Ames/TP1/Ames-TP1-4231_9_3.TIF
Ames|4231|9|4,Ames,42.01498244878554,-93.73206339546358,Satellite/Ames/TP1/Ames-TP1-4231_9_4.TIF
Ames|4231|9|5,Ames,42.014982217714085,-93.73209962517537,Satellite/Ames/TP1/Ames-TP1-4231_9_5.TIF
Ames|4231|9|6,Ames,42.01498062419064,-93.73213765087817,Satellite/Ames/TP1/Ames-TP1-4231_9_6.TIF
Ames|4231|9|7,Ames,42.01498039309574,-93.7321738805883,Satellite/Ames/TP1/Ames-TP1-4231_9_7.TIF
Ames|4232|10|17,Ames,42.014929403379355,-93.73254286551219,Satellite/Ames/TP1/Ames-TP1-4232_10_17.TIF
Ames|4232|10|18,Ames,42.01492917215679,-93.73257909518996,Satellite/Ames/TP1/Ames-TP1-4232_10_18.TIF
Ames|4232|10|19,Ames,42.01492894092281,-93.73261532486733,Satellite/Ames/TP1/Ames-TP1-4232_10_19.TIF
Ames|4232|10|20,Ames,42.014928709677385,-93.73265155454425,Satellite/Ames/TP1/Ames-TP1-4232_10_20.TIF
Ames|4232|10|21,Ames,42.01492846685739,-93.73268959570457,Satellite/Ames/TP1/Ames-TP1-4232_10_21.TIF
Ames|4232|10|22,Ames,42.01492823558852,-93.73272582538061,Satellite/Ames/TP1/Ames-TP1-4232_10_22.TIF
Ames|4232|11|17,Ames,42.01487536793949,-93.73254224540804,Satellite/Ames/TP1/Ames-TP1-4232_11_17.TIF
Ames|4232|11|18,Ames,42.01487513671736,-93.73257847505515,Satellite/Ames/TP1/Ames-TP1-4232_11_18.TIF
Ames|4232|11|19,Ames,42.014874893921835,-93.73261651618417,Satellite/Ames/TP1/Ames-TP1-4232_11_19.TIF
Ames|4232|11|20,Ames,42.014874662676284,-93.7326527458304,Satellite/Ames/TP1/Ames-TP1-4232_11_20.TIF
Ames|4232|11|21,Ames,42.014874431419294,-93.73268897547622,Satellite/Ames/TP1/Ames-TP1-4232_11_21.TIF
Ames|4232|11|22,Ames,42.01487418858714,-93.73272701660389,Satellite/Ames/TP1/Ames-TP1-4232_11_22.TIF
Ames|4232|12|17,Ames,42.014821332499096,-93.73254162530559,Satellite/Ames/TP1/Ames-TP1-4232_12_17.TIF
Ames|4232|12|18,Ames,42.014819738830035,-93.7325796508995,Satellite/Ames/TP1/Ames-TP1-4232_12_18.TIF
Ames|4232|12|19,Ames,42.01481950759635,-93.73261588051474,Satellite/Ames/TP1/Ames-TP1-4232_12_19.TIF
Ames|4232|12|20,Ames,42.014819264788684,-93.7326539216103,Satellite/Ames/TP1/Ames-TP1-4232_12_20.TIF
Ames|4232|12|21,Ames,42.014819033531566,-93.73269015122466,Satellite/Ames/TP1/Ames-TP1-4232_12_21.TIF
Ames|4232|12|22,Ames,42.01481880226301,-93.7327263808386,Satellite/Ames/TP1/Ames-TP1-4232_12_22.TIF
Ames|4232|13|17,Ames,42.014765934611376,-93.7325428011816,Satellite/Ames/TP1/Ames-TP1-4232_13_17.TIF
Ames|4232|13|18,Ames,42.014765703389564,-93.7325790307666,Satellite/Ames/TP1/Ames-TP1-4232_13_18.TIF
Ames|4232|13|19,Ames,42.01476410970836,-93.73261705632629,Satellite/Ames/TP1/Ames-TP1-4232_13_19.TIF
Ames|4232|13|20,Ames,42.01476387846311,-93.73265328590966,Satellite/Ames/TP1/Ames-TP1-4232_13_20.TIF
Ames|4232|13|21,Ames,42.01476364720644,-93.7326895154926,Satellite/Ames/TP1/Ames-TP1-4232_13_21.TIF
Ames|4232|13|22,Ames,42.01476341593833,-93.73272574507511,Satellite/Ames/TP1/Ames-TP1-4232_13_22.TIF
Ames|4232|14|17,Ames,42.01471054828392,-93.73254216557855,Satellite/Ames/TP1/Ames-TP1-4232_14_17.TIF
Ames|4232|14|18,Ames,42.01471030550119,-93.7325802066098,Satellite/Ames/TP1/Ames-TP1-4232_14_18.TIF
Ames|4232|14|19,Ames,42.014710074267825,-93.73261643616293,Satellite/Ames/TP1/Ames-TP1-4232_14_19.TIF
Ames|4232|14|20,Ames,42.01470984302301,-93.73265266571563,Satellite/Ames/TP1/Ames-TP1-4232_14_20.TIF
Ames|4232|14|21,Ames,42.01470961176679,-93.73268889526791,Satellite/Ames/TP1/Ames-TP1-4232_14_21.TIF
Ames|4232|14|22,Ames,42.014709380499106,-93.73272512481977,Satellite/Ames/TP1/Ames-TP1-4232_14_22.TIF
Ames|4232|15|17,Ames,42.0146565012812,-93.7325433569559,Satellite/Ames/TP1/Ames-TP1-4232_15_17.TIF
Ames|4232|15|18,Ames,42.014656270059696,-93.7325795864788,Satellite/Ames/TP1/Ames-TP1-4232_15_18.TIF
Ames|4232|15|19,Ames,42.01465603882677,-93.73261581600127,Satellite/Ames/TP1/Ames-TP1-4232_15_19.TIF
Ames|4232|15|20,Ames,42.01465580758241,-93.73265204552332,Satellite/Ames/TP1/Ames-TP1-4232_15_20.TIF
Ames|4232|15|21,Ames,42.014655564763515,-93.73269008652099,Satellite/Ames/TP1/Ames-TP1-4232_15_21.TIF
Ames|4232|15|22,Ames,42.01465533349571,-93.73272631604218,Satellite/Ames/TP1/Ames-TP1-4232_15_22.TIF
Ames|4232|16|17,Ames,42.01460246583877,-93.73254273685727,Satellite/Ames/TP1/Ames-TP1-4232_16_17.TIF
Ames|4232|16|18,Ames,42.0146022346177,-93.73257896634951,Satellite/Ames/TP1/Ames-TP1-4232_16_18.TIF
Ames|4232|16|19,Ames,42.01460200338521,-93.7326151958413,Satellite/Ames/TP1/Ames-TP1-4232_16_19.TIF
Ames|4232|16|20,Ames,42.01460176057878,-93.73265323680725,Satellite/Ames/TP1/Ames-TP1-4232_16_20.TIF
Ames|4232|16|21,Ames,42.014601529322846,-93.73268946629818,Satellite/Ames/TP1/Ames-TP1-4232_16_21.TIF
Ames|4232|16|22,Ames,42.01460128649181,-93.7327275072632,Satellite/Ames/TP1/Ames-TP1-4232_16_22.TIF
Ames|4232|17|17,Ames,42.01454707950973,-93.73254210125793,Satellite/Ames/TP1/Ames-TP1-4232_17_17.TIF
Ames|4232|17|18,Ames,42.0145468482891,-93.73257833071874,Satellite/Ames/TP1/Ames-TP1-4232_17_18.TIF
Ames|4232|17|19,Ames,42.01454660549516,-93.73261637165213,Satellite/Ames/TP1/Ames-TP1-4232_17_19.TIF
Ames|4232|17|20,Ames,42.014546374251104,-93.73265260111205,Satellite/Ames/TP1/Ames-TP1-4232_17_20.TIF
Ames|4232|17|21,Ames,42.01454613143254,-93.73269064204453,Satellite/Ames/TP1/Ames-TP1-4232_17_21.TIF
Ames|4232|17|22,Ames,42.01454590016504,-93.73272687150359,Satellite/Ames/TP1/Ames-TP1-4232_17_22.TIF
Ames|4232|18|17,Ames,42.014491693180155,-93.73254146566038,Satellite/Ames/TP1/Ames-TP1-4232_18_17.TIF
Ames|4232|18|18,Ames,42.01449145039867,-93.73257950656121,Satellite/Ames/TP1/Ames-TP1-4232_18_18.TIF
Ames|4232|18|19,Ames,42.0144912191665,-93.73261573599014,Satellite/Ames/TP1/Ames-TP1-4232_18_19.TIF
Ames|4232|18|20,Ames,42.01449097636041,-93.73265377689005,Satellite/Ames/TP1/Ames-TP1-4232_18_20.TIF
Ames|4232|18|21,Ames,42.014490745104794,-93.73269000631812,Satellite/Ames/TP1/Ames-TP1-4232_18_21.TIF
Ames|4232|18|22,Ames,42.01449051383775,-93.73272623574576,Satellite/Ames/TP1/Ames-TP1-4232_18_22.TIF
Ames|4232|19|17,Ames,42.014437646175416,-93.73254265703687,Satellite/Ames/TP1/Ames-TP1-4232_19_17.TIF
Ames|4232|19|18,Ames,42.014437414955104,-93.73257888643556,Satellite/Ames/TP1/Ames-TP1-4232_19_18.TIF
Ames|4232|19|19,Ames,42.01443717216147,-93.73261692730372,Satellite/Ames/TP1/Ames-TP1-4232_19_19.TIF
Ames|4232|19|20,Ames,42.01443694091773,-93.73265315670156,Satellite/Ames/TP1/Ames-TP1-4232_19_20.TIF
Ames|4232|19|21,Ames,42.01443670966256,-93.73268938609895,Satellite/Ames/TP1/Ames-TP1-4232_19_21.TIF
Ames|4232|19|22,Ames,42.01443647839594,-93.73272561549591,Satellite/Ames/TP1/Ames-TP1-4232_19_22.TIF
Ames|4232|1|17,Ames,42.01542117210227,-93.73254126254663,Satellite/Ames/TP1/Ames-TP1-4232_1_17.TIF
Ames|4232|1|18,Ames,42.01542092931653,-93.73257930400135,Satellite/Ames/TP1/Ames-TP1-4232_1_18.TIF
Ames|4232|1|19,Ames,42.015420698080284,-93.7326155339578,Satellite/Ames/TP1/Ames-TP1-4232_1_19.TIF
Ames|4232|1|20,Ames,42.01542045526993,-93.7326535754116,Satellite/Ames/TP1/Ames-TP1-4232_1_20.TIF
Ames|4232|1|21,Ames,42.01542022401025,-93.73268980536717,Satellite/Ames/TP1/Ames-TP1-4232_1_21.TIF
Ames|4232|1|22,Ames,42.01541999273915,-93.73272603532233,Satellite/Ames/TP1/Ames-TP1-4232_1_22.TIF
Ames|4232|20|17,Ames,42.014383610730896,-93.73254203694357,Satellite/Ames/TP1/Ames-TP1-4232_20_17.TIF
Ames|4232|20|18,Ames,42.01438336794973,-93.73258007778,Satellite/Ames/TP1/Ames-TP1-4232_20_18.TIF
Ames|4232|20|19,Ames,42.01438313671787,-93.7326163071476,Satellite/Ames/TP1/Ames-TP1-4232_20_19.TIF
Ames|4232|20|20,Ames,42.01438290547455,-93.73265253651473,Satellite/Ames/TP1/Ames-TP1-4232_20_20.TIF
Ames|4232|20|21,Ames,42.01438267421981,-93.73268876588148,Satellite/Ames/TP1/Ames-TP1-4232_20_21.TIF
Ames|4232|20|22,Ames,42.014382431390025,-93.73272680671609,Satellite/Ames/TP1/Ames-TP1-4232_20_22.TIF
Ames|4232|21|17,Ames,42.01432956372517,-93.73254322831886,Satellite/Ames/TP1/Ames-TP1-4232_21_17.TIF
Ames|4232|21|18,Ames,42.01432933250516,-93.73257945765621,Satellite/Ames/TP1/Ames-TP1-4232_21_18.TIF
Ames|4232|21|19,Ames,42.01432910127373,-93.73261568699314,Satellite/Ames/TP1/Ames-TP1-4232_21_19.TIF
Ames|4232|21|20,Ames,42.01432887003085,-93.73265191632963,Satellite/Ames/TP1/Ames-TP1-4232_21_20.TIF
Ames|4232|21|21,Ames,42.01432862721353,-93.73268995713251,Satellite/Ames/TP1/Ames-TP1-4232_21_21.TIF
Ames|4232|21|22,Ames,42.01432839594722,-93.73272618646813,Satellite/Ames/TP1/Ames-TP1-4232_21_22.TIF
Ames|4232|22|17,Ames,42.01427417739349,-93.73254259272518,Satellite/Ames/TP1/Ames-TP1-4232_22_17.TIF
Ames|4232|22|18,Ames,42.01427394617393,-93.7325788220311,Satellite/Ames/TP1/Ames-TP1-4232_22_18.TIF
Ames|4232|22|19,Ames,42.01427371494294,-93.7326150513366,Satellite/Ames/TP1/Ames-TP1-4232_22_19.TIF
Ames|4232|22|20,Ames,42.014273472138086,-93.7326530921069,Satellite/Ames/TP1/Ames-TP1-4232_22_20.TIF
Ames|4232|22|21,Ames,42.01427324088365,-93.73268932141153,Satellite/Ames/TP1/Ames-TP1-4232_22_21.TIF
Ames|4232|22|22,Ames,42.01427299805419,-93.73272736218094,Satellite/Ames/TP1/Ames-TP1-4232_22_22.TIF
Ames|4232|23|17,Ames,42.01421879106127,-93.73254195713326,Satellite/Ames/TP1/Ames-TP1-4232_23_17.TIF
Ames|4232|23|18,Ames,42.014218559842156,-93.73257818640776,Satellite/Ames/TP1/Ames-TP1-4232_23_18.TIF
Ames|4232|23|19,Ames,42.01421831704979,-93.73261622714553,Satellite/Ames/TP1/Ames-TP1-4232_23_19.TIF
Ames|4232|23|20,Ames,42.01421808580723,-93.73265245641915,Satellite/Ames/TP1/Ames-TP1-4232_23_20.TIF
Ames|4232|23|21,Ames,42.01421784299025,-93.732690497156,Satellite/Ames/TP1/Ames-TP1-4232_23_21.TIF
Ames|4232|23|22,Ames,42.014217611724256,-93.73272672642874,Satellite/Ames/TP1/Ames-TP1-4232_23_22.TIF
Ames|4232|24|17,Ames,42.01416474405402,-93.73254314850753,Satellite/Ames/TP1/Ames-TP1-4232_24_17.TIF
Ames|4232|24|18,Ames,42.01416451283477,-93.73257937775134,Satellite/Ames/TP1/Ames-TP1-4232_24_18.TIF
Ames|4232|24|19,Ames,42.014164281604074,-93.73261560699473,Satellite/Ames/TP1/Ames-TP1-4232_24_19.TIF
Ames|4232|24|20,Ames,42.014164038799564,-93.73265364769982,Satellite/Ames/TP1/Ames-TP1-4232_24_20.TIF
Ames|4232|24|21,Ames,42.014163807545444,-93.73268987694235,Satellite/Ames/TP1/Ames-TP1-4232_24_21.TIF
Ames|4232|24|22,Ames,42.01416357627989,-93.73272610618443,Satellite/Ames/TP1/Ames-TP1-4232_24_22.TIF
Ames|4232|25|17,Ames,42.01411070860692,-93.73254252841976,Satellite/Ames/TP1/Ames-TP1-4232_25_17.TIF
Ames|4232|25|18,Ames,42.014110465826874,-93.73258056909356,Satellite/Ames/TP1/Ames-TP1-4232_25_18.TIF
Ames|4232|25|19,Ames,42.01411023459605,-93.73261679830625,Satellite/Ames/TP1/Ames-TP1-4232_25_19.TIF
Ames|4232|25|20,Ames,42.01411000335379,-93.73265302751854,Satellite/Ames/TP1/Ames-TP1-4232_25_20.TIF
Ames|4232|25|21,Ames,42.01410977210012,-93.73268925673038,Satellite/Ames/TP1/Ames-TP1-4232_25_21.TIF
Ames|4232|25|22,Ames,42.014109540834994,-93.73272548594181,Satellite/Ames/TP1/Ames-TP1-4232_25_22.TIF
Ames|4232|26|17,Ames,42.01405531071248,-93.73254370429065,Satellite/Ames/TP1/Ames-TP1-4232_26_17.TIF
Ames|4232|26|18,Ames,42.014055079493545,-93.73257993347235,Satellite/Ames/TP1/Ames-TP1-4232_26_18.TIF
Ames|4232|26|19,Ames,42.01405484826316,-93.73261616265361,Satellite/Ames/TP1/Ames-TP1-4232_26_19.TIF
Ames|4232|26|20,Ames,42.01405461702136,-93.73265239183448,Satellite/Ames/TP1/Ames-TP1-4232_26_20.TIF
Ames|4232|26|21,Ames,42.01405438576813,-93.73268862101489,Satellite/Ames/TP1/Ames-TP1-4232_26_21.TIF
Ames|4232|26|22,Ames,42.01405414293991,-93.7327266616539,Satellite/Ames/TP1/Ames-TP1-4232_26_22.TIF
Ames|4232|27|17,Ames,42.01399992437815,-93.73254306870265,Satellite/Ames/TP1/Ames-TP1-4232_27_17.TIF
Ames|4232|27|18,Ames,42.01399969315966,-93.73257929785292,Satellite/Ames/TP1/Ames-TP1-4232_27_18.TIF
Ames|4232|27|19,Ames,42.013999461929735,-93.73261552700278,Satellite/Ames/TP1/Ames-TP1-4232_27_19.TIF
Ames|4232|27|20,Ames,42.013999219126,-93.73265356760966,Satellite/Ames/TP1/Ames-TP1-4232_27_20.TIF
Ames|4232|27|21,Ames,42.01399898787264,-93.73268979675863,Satellite/Ames/TP1/Ames-TP1-4232_27_21.TIF
Ames|4232|27|22,Ames,42.01399875660783,-93.7327260259072,Satellite/Ames/TP1/Ames-TP1-4232_27_22.TIF
Ames|4232|28|17,Ames,42.013945888929506,-93.73254244861852,Satellite/Ames/TP1/Ames-TP1-4232_28_17.TIF
Ames|4232|28|18,Ames,42.013945657711446,-93.73257867773813,Satellite/Ames/TP1/Ames-TP1-4232_28_18.TIF
Ames|4232|28|19,Ames,42.01394541492019,-93.73261671831327,Satellite/Ames/TP1/Ames-TP1-4232_28_19.TIF
Ames|4232|28|20,Ames,42.013945183678686,-93.73265294743202,Satellite/Ames/TP1/Ames-TP1-4232_28_20.TIF
Ames|4232|28|21,Ames,42.013944940862814,-93.73269098800623,Satellite/Ames/TP1/Ames-TP1-4232_28_21.TIF
Ames|4232|28|22,Ames,42.01394470959787,-93.73272721712411,Satellite/Ames/TP1/Ames-TP1-4232_28_22.TIF
Ames|4232|29|17,Ames,42.013891853480345,-93.73254182853609,Satellite/Ames/TP1/Ames-TP1-4232_29_17.TIF
Ames|4232|29|18,Ames,42.01389161070154,-93.73257986907949,Satellite/Ames/TP1/Ames-TP1-4232_29_18.TIF
Ames|4232|29|19,Ames,42.013891379471914,-93.73261609816798,Satellite/Ames/TP1/Ames-TP1-4232_29_19.TIF
Ames|4232|29|20,Ames,42.01389113666851,-93.73265413871046,Satellite/Ames/TP1/Ames-TP1-4232_29_20.TIF
Ames|4232|29|21,Ames,42.013890905415444,-93.7326903677981,Satellite/Ames/TP1/Ames-TP1-4232_29_21.TIF
Ames|4232|29|22,Ames,42.01389067415094,-93.73272659688531,Satellite/Ames/TP1/Ames-TP1-4232_29_22.TIF
Ames|4232|2|17,Ames,42.01536712510612,-93.73254245392945,Satellite/Ames/TP1/Ames-TP1-4232_2_17.TIF
Ames|4232|2|18,Ames,42.01536689388174,-93.73257868385566,Satellite/Ames/TP1/Ames-TP1-4232_2_18.TIF
Ames|4232|2|19,Ames,42.015366651083845,-93.73261672527774,Satellite/Ames/TP1/Ames-TP1-4232_2_19.TIF
Ames|4232|2|20,Ames,42.01536641983605,-93.73265295520308,Satellite/Ames/TP1/Ames-TP1-4232_2_20.TIF
Ames|4232|2|21,Ames,42.01536483769096,-93.73268916962203,Satellite/Ames/TP1/Ames-TP1-4232_2_21.TIF
Ames|4232|2|22,Ames,42.0153646064203,-93.73272539954574,Satellite/Ames/TP1/Ames-TP1-4232_2_22.TIF
Ames|4232|30|17,Ames,42.01383780647007,-93.73254301990829,Satellite/Ames/TP1/Ames-TP1-4232_30_17.TIF
Ames|4232|30|18,Ames,42.01383757525232,-93.73257924896656,Satellite/Ames/TP1/Ames-TP1-4232_30_18.TIF
Ames|4232|30|19,Ames,42.013837332461364,-93.73261728947728,Satellite/Ames/TP1/Ames-TP1-4232_30_19.TIF
Ames|4232|30|20,Ames,42.013837101220176,-93.73265351853469,Satellite/Ames/TP1/Ames-TP1-4232_30_20.TIF
Ames|4232|30|21,Ames,42.01383686996755,-93.73268974759166,Satellite/Ames/TP1/Ames-TP1-4232_30_21.TIF
Ames|4232|30|22,Ames,42.01383663870348,-93.73272597664821,Satellite/Ames/TP1/Ames-TP1-4232_30_22.TIF
Ames|4232|31|17,Ames,42.013782420133644,-93.73254238432573,Satellite/Ames/TP1/Ames-TP1-4232_31_17.TIF
Ames|4232|31|18,Ames,42.01378217735517,-93.73258042480391,Satellite/Ames/TP1/Ames-TP1-4232_31_18.TIF
Ames|4232|31|19,Ames,42.01378194612585,-93.7326166538303,Satellite/Ames/TP1/Ames-TP1-4232_31_19.TIF
Ames|4232|31|20,Ames,42.0137817148851,-93.73265288285629,Satellite/Ames/TP1/Ames-TP1-4232_31_20.TIF
Ames|4232|31|21,Ames,42.01378148363292,-93.73268911188183,Satellite/Ames/TP1/Ames-TP1-4232_31_21.TIF
Ames|4232|31|22,Ames,42.01378124080581,-93.7327271523582,Satellite/Ames/TP1/Ames-TP1-4232_31_22.TIF
Ames|4232|3|17,Ames,42.015311738784476,-93.73254181831334,Satellite/Ames/TP1/Ames-TP1-4232_3_17.TIF
Ames|4232|3|18,Ames,42.01531149599905,-93.73257985970285,Satellite/Ames/TP1/Ames-TP1-4232_3_18.TIF
Ames|4232|3|19,Ames,42.01531126476313,-93.73261608959717,Satellite/Ames/TP1/Ames-TP1-4232_3_19.TIF
Ames|4232|3|20,Ames,42.01531103351577,-93.73265231949108,Satellite/Ames/TP1/Ames-TP1-4232_3_20.TIF
Ames|4232|3|21,Ames,42.01531080225698,-93.73268854938456,Satellite/Ames/TP1/Ames-TP1-4232_3_21.TIF
Ames|4232|3|22,Ames,42.0153092085371,-93.73272657526554,Satellite/Ames/TP1/Ames-TP1-4232_3_22.TIF
Ames|4232|4|17,Ames,42.015256340901395,-93.73254299419219,Satellite/Ames/TP1/Ames-TP1-4232_4_17.TIF
Ames|4232|4|18,Ames,42.015256109677345,-93.7325792240555,Satellite/Ames/TP1/Ames-TP1-4232_4_18.TIF
Ames|4232|4|19,Ames,42.01525587844187,-93.73261545391841,Satellite/Ames/TP1/Ames-TP1-4232_4_19.TIF
Ames|4232|4|20,Ames,42.015255647194955,-93.73265168378089,Satellite/Ames/TP1/Ames-TP1-4232_4_20.TIF
Ames|4232|4|21,Ames,42.01525540437339,-93.73268972513603,Satellite/Ames/TP1/Ames-TP1-4232_4_21.TIF
Ames|4232|4|22,Ames,42.01525517310303,-93.73272595499765,Satellite/Ames/TP1/Ames-TP1-4232_4_22.TIF
Ames|4232|5|17,Ames,42.015202305464605,-93.73254237408082,Satellite/Ames/TP1/Ames-TP1-4232_5_17.TIF
Ames|4232|5|18,Ames,42.01520207424099,-93.73257860391348,Satellite/Ames/TP1/Ames-TP1-4232_5_18.TIF
Ames|4232|5|19,Ames,42.01520184300594,-93.73261483374571,Satellite/Ames/TP1/Ames-TP1-4232_5_19.TIF
Ames|4232|5|20,Ames,42.015201600196846,-93.7326528750691,Satellite/Ames/TP1/Ames-TP1-4232_5_20.TIF
Ames|4232|5|21,Ames,42.015201368938364,-93.73268910490049,Satellite/Ames/TP1/Ames-TP1-4232_5_21.TIF
Ames|4232|5|22,Ames,42.01520112610464,-93.73272714622297,Satellite/Ames/TP1/Ames-TP1-4232_5_22.TIF
Ames|4232|6|17,Ames,42.015148270027304,-93.73254175397115,Satellite/Ames/TP1/Ames-TP1-4232_6_17.TIF
Ames|4232|6|18,Ames,42.01514803880414,-93.73257798377315,Satellite/Ames/TP1/Ames-TP1-4232_6_18.TIF
Ames|4232|6|19,Ames,42.01514779600749,-93.7326160250648,Satellite/Ames/TP1/Ames-TP1-4232_6_19.TIF
Ames|4232|6|20,Ames,42.01514756476088,-93.73265225486593,Satellite/Ames/TP1/Ames-TP1-4232_6_20.TIF
Ames|4232|6|21,Ames,42.01514732193963,-93.73269029615666,Satellite/Ames/TP1/Ames-TP1-4232_6_21.TIF
Ames|4232|6|22,Ames,42.01514709066957,-93.73272652595693,Satellite/Ames/TP1/Ames-TP1-4232_6_22.TIF
Ames|4232|7|17,Ames,42.015094234589505,-93.7325411338632,Satellite/Ames/TP1/Ames-TP1-4232_7_17.TIF
Ames|4232|7|18,Ames,42.015093991805315,-93.73257917512309,Satellite/Ames/TP1/Ames-TP1-4232_7_18.TIF
Ames|4232|7|19,Ames,42.01509376057058,-93.73261540489398,Satellite/Ames/TP1/Ames-TP1-4232_7_19.TIF
Ames|4232|7|20,Ames,42.01509216687587,-93.73265343064791,Satellite/Ames/TP1/Ames-TP1-4232_7_20.TIF
Ames|4232|7|21,Ames,42.015091935617704,-93.73268966041717,Satellite/Ames/TP1/Ames-TP1-4232_7_21.TIF
Ames|4232|7|22,Ames,42.015091704348094,-93.73272589018599,Satellite/Ames/TP1/Ames-TP1-4232_7_22.TIF
Ames|4232|8|17,Ames,42.015038836704356,-93.73254230974129,Satellite/Ames/TP1/Ames-TP1-4232_8_17.TIF
Ames|4232|8|18,Ames,42.01503860548149,-93.73257853948118,Satellite/Ames/TP1/Ames-TP1-4232_8_18.TIF
Ames|4232|8|19,Ames,42.01503836268518,-93.7326165807076,Satellite/Ames/TP1/Ames-TP1-4232_8_19.TIF
Ames|4232|8|20,Ames,42.01503813143887,-93.73265281044662,Satellite/Ames/TP1/Ames-TP1-4232_8_20.TIF
Ames|4232|8|21,Ames,42.01503654929524,-93.73268902467944,Satellite/Ames/TP1/Ames-TP1-4232_8_21.TIF
Ames|4232|8|22,Ames,42.01503631802607,-93.73272525441685,Satellite/Ames/TP1/Ames-TP1-4232_8_22.TIF
Ames|4232|9|17,Ames,42.01498343881872,-93.73254348561804,Satellite/Ames/TP1/Ames-TP1-4232_9_17.TIF
Ames|4232|9|18,Ames,42.01498320759571,-93.73257971532647,Satellite/Ames/TP1/Ames-TP1-4232_9_18.TIF
Ames|4232|9|19,Ames,42.014982976361296,-93.7326159450345,Satellite/Ames/TP1/Ames-TP1-4232_9_19.TIF
Ames|4232|9|20,Ames,42.01498274511543,-93.73265217474207,Satellite/Ames/TP1/Ames-TP1-4232_9_20.TIF
Ames|4232|9|21,Ames,42.01498251385814,-93.73268840444925,Satellite/Ames/TP1/Ames-TP1-4232_9_21.TIF
Ames|4232|9|22,Ames,42.01498227102568,-93.7327264456413,Satellite/Ames/TP1/Ames-TP1-4232_9_22.TIF
Ames|4233|10|1,Ames,42.012547819724844,-93.73673282217229,Satellite/Ames/TP1/Ames-TP1-4233_10_1.TIF
Ames|4233|10|10,Ames,42.01230327460415,-93.7367354346246,Satellite/Ames/TP1/Ames-TP1-4233_10_10.TIF
Ames|4233|10|11,Ames,42.012274906011925,-93.73673510723668,Satellite/Ames/TP1/Ames-TP1-4233_10_11.TIF
Ames|4233|10|12,Ames,42.01224787667851,-93.73673660684523,Satellite/Ames/TP1/Ames-TP1-4233_10_12.TIF
Ames|4233|10|2,Ames,42.0125194395074,-93.73673430619655,Satellite/Ames/TP1/Ames-TP1-4233_10_2.TIF
Ames|4233|10|3,Ames,42.012492421801554,-93.73673399439664,Satellite/Ames/TP1/Ames-TP1-4233_10_3.TIF
Ames|4233|10|4,Ames,42.01246539246912,-93.73673549400944,Satellite/Ames/TP1/Ames-TP1-4233_10_4.TIF
Ames|4233|10|5,Ames,42.012438374763015,-93.73673518220963,Satellite/Ames/TP1/Ames-TP1-4233_10_5.TIF
Ames|4233|10|6,Ames,42.01241135705678,-93.73673487041023,Satellite/Ames/TP1/Ames-TP1-4233_10_6.TIF
Ames|4233|10|7,Ames,42.012384339350405,-93.73673455861126,Satellite/Ames/TP1/Ames-TP1-4233_10_7.TIF
Ames|4233|10|8,Ames,42.012357321643925,-93.73673424681272,Satellite/Ames/TP1/Ames-TP1-4233_10_8.TIF
Ames|4233|10|9,Ames,42.01233029231088,-93.73673574642305,Satellite/Ames/TP1/Ames-TP1-4233_10_9.TIF
Ames|4233|11|1,Ames,42.01254693387395,-93.73666034999819,Satellite/Ames/TP1/Ames-TP1-4233_11_1.TIF
Ames|4233|11|10,Ames,42.012302400377905,-93.73666115132049,Satellite/Ames/TP1/Ames-TP1-4233_11_10.TIF
Ames|4233|11|11,Ames,42.012275371045334,-93.73666265096082,Satellite/Ames/TP1/Ames-TP1-4233_11_11.TIF
Ames|4233|11|12,Ames,42.01224700245249,-93.73666232360557,Satellite/Ames/TP1/Ames-TP1-4233_11_12.TIF
Ames|4233|11|2,Ames,42.01251991616778,-93.73666003822929,Satellite/Ames/TP1/Ames-TP1-4233_11_2.TIF
Ames|4233|11|3,Ames,42.01249288683619,-93.7366615378739,Satellite/Ames/TP1/Ames-TP1-4233_11_3.TIF
Ames|4233|11|4,Ames,42.01246586912977,-93.73666122610507,Satellite/Ames/TP1/Ames-TP1-4233_11_4.TIF
Ames|4233|11|5,Ames,42.01243885142321,-93.73666091433668,Satellite/Ames/TP1/Ames-TP1-4233_11_5.TIF
Ames|4233|11|6,Ames,42.01241182209125,-93.7366624139795,Satellite/Ames/TP1/Ames-TP1-4233_11_6.TIF
Ames|4233|11|7,Ames,42.01238480438444,-93.73666210221118,Satellite/Ames/TP1/Ames-TP1-4233_11_7.TIF
Ames|4233|11|8,Ames,42.012357786677526,-93.7366617904433,Satellite/Ames/TP1/Ames-TP1-4233_11_8.TIF
Ames|4233|11|9,Ames,42.0123294180851,-93.73666146308749,Satellite/Ames/TP1/Ames-TP1-4233_11_9.TIF
Ames|4233|12|1,Ames,42.01254739886261,-93.73658789341238,Satellite/Ames/TP1/Ames-TP1-4233_12_1.TIF
Ames|4233|12|10,Ames,42.012301514479496,-93.7365886794254,Satellite/Ames/TP1/Ames-TP1-4233_12_10.TIF
Ames|4233|12|11,Ames,42.01227449677172,-93.7365883676895,Satellite/Ames/TP1/Ames-TP1-4233_12_11.TIF
Ames|4233|12|12,Ames,42.01224747906381,-93.73658805595404,Satellite/Ames/TP1/Ames-TP1-4233_12_12.TIF
Ames|4233|12|2,Ames,42.01252038115599,-93.73658758167413,Satellite/Ames/TP1/Ames-TP1-4233_12_2.TIF
Ames|4233|12|3,Ames,42.012493363449245,-93.73658726993631,Satellite/Ames/TP1/Ames-TP1-4233_12_3.TIF
Ames|4233|12|4,Ames,42.01246634574237,-93.73658695819891,Satellite/Ames/TP1/Ames-TP1-4233_12_4.TIF
Ames|4233|12|5,Ames,42.01243931641126,-93.73658845787354,Satellite/Ames/TP1/Ames-TP1-4233_12_5.TIF
Ames|4233|12|6,Ames,42.012412298704135,-93.73658814613623,Satellite/Ames/TP1/Ames-TP1-4233_12_6.TIF
Ames|4233|12|7,Ames,42.01238393011152,-93.73658781881251,Satellite/Ames/TP1/Ames-TP1-4233_12_7.TIF
Ames|4233|12|8,Ames,42.01235690078001,-93.73658931848533,Satellite/Ames/TP1/Ames-TP1-4233_12_8.TIF
Ames|4233|12|9,Ames,42.01232988307252,-93.73658900674856,Satellite/Ames/TP1/Ames-TP1-4233_12_9.TIF
Ames|4233|13|1,Ames,42.0125478754285,-93.73651362541015,Satellite/Ames/TP1/Ames-TP1-4233_13_1.TIF
Ames|4233|13|10,Ames,42.01230197942072,-93.73651622311695,Satellite/Ames/TP1/Ames-TP1-4233_13_10.TIF
Ames|4233|13|11,Ames,42.012274961712514,-93.73651591141171,Satellite/Ames/TP1/Ames-TP1-4233_13_11.TIF
Ames|4233|13|12,Ames,42.01224794400416,-93.7365155997069,Satellite/Ames/TP1/Ames-TP1-4233_13_12.TIF
Ames|4233|13|2,Ames,42.01252084609846,-93.73651512511726,Satellite/Ames/TP1/Ames-TP1-4233_13_2.TIF
Ames|4233|13|3,Ames,42.012493828391285,-93.7365148134101,Satellite/Ames/TP1/Ames-TP1-4233_13_3.TIF
Ames|4233|13|4,Ames,42.012466810683975,-93.73651450170335,Satellite/Ames/TP1/Ames-TP1-4233_13_4.TIF
Ames|4233|13|5,Ames,42.01243844209116,-93.73651417441174,Satellite/Ames/TP1/Ames-TP1-4233_13_5.TIF
Ames|4233|13|6,Ames,42.01241142438357,-93.73651386270588,Satellite/Ames/TP1/Ames-TP1-4233_13_6.TIF
Ames|4233|13|7,Ames,42.01238439505293,-93.73651536241051,Satellite/Ames/TP1/Ames-TP1-4233_13_7.TIF
Ames|4233|13|8,Ames,42.012356026459706,-93.73651503511945,Satellite/Ames/TP1/Ames-TP1-4233_13_8.TIF
Ames|4233|13|9,Ames,42.01232900875174,-93.73651472341413,Satellite/Ames/TP1/Ames-TP1-4233_13_9.TIF
Ames|4233|14|1,Ames,42.01254834032456,-93.73644116882087,Satellite/Ames/TP1/Ames-TP1-4233_14_1.TIF
Ames|4233|14|10,Ames,42.012302455938006,-93.73644195539902,Satellite/Ames/TP1/Ames-TP1-4233_14_10.TIF
Ames|4233|14|11,Ames,42.012275426607545,-93.73644345513222,Satellite/Ames/TP1/Ames-TP1-4233_14_11.TIF
Ames|4233|14|12,Ames,42.01224840889877,-93.73644314345806,Satellite/Ames/TP1/Ames-TP1-4233_14_12.TIF
Ames|4233|14|2,Ames,42.01252132261705,-93.7364408571447,Satellite/Ames/TP1/Ames-TP1-4233_14_2.TIF
Ames|4233|14|3,Ames,42.01249295402403,-93.73644052988519,Satellite/Ames/TP1/Ames-TP1-4233_14_3.TIF
Ames|4233|14|4,Ames,42.01246592469446,-93.73644202962231,Satellite/Ames/TP1/Ames-TP1-4233_14_4.TIF
Ames|4233|14|5,Ames,42.01243890698656,-93.73644171794666,Satellite/Ames/TP1/Ames-TP1-4233_14_5.TIF
Ames|4233|14|6,Ames,42.01241053839315,-93.73644139068772,Satellite/Ames/TP1/Ames-TP1-4233_14_6.TIF
Ames|4233|14|7,Ames,42.012383520685,-93.73644107901296,Satellite/Ames/TP1/Ames-TP1-4233_14_7.TIF
Ames|4233|14|8,Ames,42.01235650297672,-93.73644076733864,Satellite/Ames/TP1/Ames-TP1-4233_14_8.TIF
Ames|4233|14|9,Ames,42.01232947364653,-93.73644226707326,Satellite/Ames/TP1/Ames-TP1-4233_14_9.TIF
Ames|4233|15|1,Ames,42.01254746591013,-93.73636688523284,Satellite/Ames/TP1/Ames-TP1-4233_15_1.TIF
Ames|4233|15|10,Ames,42.01230292078661,-93.7363694990871,Satellite/Ames/TP1/Ames-TP1-4233_15_10.TIF
Ames|4233|15|11,Ames,42.012275903077516,-93.73636918744396,Satellite/Ames/TP1/Ames-TP1-4233_15_11.TIF
Ames|4233|15|12,Ames,42.01224888536829,-93.73636887580122,Satellite/Ames/TP1/Ames-TP1-4233_15_12.TIF
Ames|4233|15|2,Ames,42.01252044820218,-93.73636657358811,Satellite/Ames/TP1/Ames-TP1-4233_15_2.TIF
Ames|4233|15|3,Ames,42.01249341887345,-93.73636807335706,Satellite/Ames/TP1/Ames-TP1-4233_15_3.TIF
Ames|4233|15|4,Ames,42.012465050279815,-93.7363677461302,Satellite/Ames/TP1/Ames-TP1-4233_15_4.TIF
Ames|4233|15|5,Ames,42.01243802095082,-93.73636924589765,Satellite/Ames/TP1/Ames-TP1-4233_15_5.TIF
Ames|4233|15|6,Ames,42.01241100324236,-93.73636893425312,Satellite/Ames/TP1/Ames-TP1-4233_15_6.TIF
Ames|4233|15|7,Ames,42.01238398553378,-93.73636862260904,Satellite/Ames/TP1/Ames-TP1-4233_15_7.TIF
Ames|4233|15|8,Ames,42.01235696782506,-93.73636831096536,Satellite/Ames/TP1/Ames-TP1-4233_15_8.TIF
Ames|4233|15|9,Ames,42.01232995011622,-93.73636799932211,Satellite/Ames/TP1/Ames-TP1-4233_15_9.TIF
Ames|4233|16|1,Ames,42.01254793071355,-93.73629442864164,Satellite/Ames/TP1/Ames-TP1-4233_16_1.TIF
Ames|4233|16|10,Ames,42.01230339720899,-93.73629523136563,Satellite/Ames/TP1/Ames-TP1-4233_16_10.TIF
Ames|4233|16|11,Ames,42.012275028613956,-93.73629490417332,Satellite/Ames/TP1/Ames-TP1-4233_16_11.TIF
Ames|4233|16|12,Ames,42.01224799928482,-93.73629640396832,Satellite/Ames/TP1/Ames-TP1-4233_16_12.TIF
Ames|4233|16|2,Ames,42.01251956211972,-93.73629410144689,Satellite/Ames/TP1/Ames-TP1-4233_16_2.TIF
Ames|4233|16|3,Ames,42.012492544411195,-93.73629378983327,Satellite/Ames/TP1/Ames-TP1-4233_16_3.TIF
Ames|4233|16|4,Ames,42.01246551508305,-93.73629528963255,Satellite/Ames/TP1/Ames-TP1-4233_16_4.TIF
Ames|4233|16|5,Ames,42.012438497374276,-93.73629497801902,Satellite/Ames/TP1/Ames-TP1-4233_16_5.TIF
Ames|4233|16|6,Ames,42.01241147966537,-93.73629466640591,Satellite/Ames/TP1/Ames-TP1-4233_16_6.TIF
Ames|4233|16|7,Ames,42.01238445033684,-93.7362961662034,Satellite/Ames/TP1/Ames-TP1-4233_16_7.TIF
Ames|4233|16|8,Ames,42.01235743262768,-93.7362958545904,Satellite/Ames/TP1/Ames-TP1-4233_16_8.TIF
Ames|4233|16|9,Ames,42.012330414918395,-93.7362955429778,Satellite/Ames/TP1/Ames-TP1-4233_16_9.TIF
Ames|4233|17|1,Ames,42.0125470445858,-93.73622195646956,Satellite/Ames/TP1/Ames-TP1-4233_17_1.TIF
Ames|4233|17|10,Ames,42.01230251107949,-93.7362227594712,Satellite/Ames/TP1/Ames-TP1-4233_17_10.TIF
Ames|4233|17|11,Ames,42.0122754933695,-93.73622244789014,Satellite/Ames/TP1/Ames-TP1-4233_17_11.TIF
Ames|4233|17|12,Ames,42.01224712477387,-93.7362221207305,Satellite/Ames/TP1/Ames-TP1-4233_17_12.TIF
Ames|4233|17|2,Ames,42.01252002687695,-93.73622164488617,Satellite/Ames/TP1/Ames-TP1-4233_17_2.TIF
Ames|4233|17|3,Ames,42.01249300916798,-93.73622133330322,Satellite/Ames/TP1/Ames-TP1-4233_17_3.TIF
Ames|4233|17|4,Ames,42.01246599145889,-93.73622102172068,Satellite/Ames/TP1/Ames-TP1-4233_17_4.TIF
Ames|4233|17|5,Ames,42.01243897374966,-93.73622071013857,Satellite/Ames/TP1/Ames-TP1-4233_17_5.TIF
Ames|4233|17|6,Ames,42.012411944421984,-93.73622220996788,Satellite/Ames/TP1/Ames-TP1-4233_17_6.TIF
Ames|4233|17|7,Ames,42.01238492671251,-93.73622189838585,Satellite/Ames/TP1/Ames-TP1-4233_17_7.TIF
Ames|4233|17|8,Ames,42.01235790900291,-93.73622158680426,Satellite/Ames/TP1/Ames-TP1-4233_17_8.TIF
Ames|4233|17|9,Ames,42.01232952878936,-93.73622307105269,Satellite/Ames/TP1/Ames-TP1-4233_17_9.TIF
Ames|4233|18|1,Ames,42.012547520914936,-93.73614768846163,Satellite/Ames/TP1/Ames-TP1-4233_18_1.TIF
Ames|4233|18|10,Ames,42.01230163652139,-93.73614847617026,Satellite/Ames/TP1/Ames-TP1-4233_18_10.TIF
Ames|4233|18|11,Ames,42.012274607193795,-93.73614997602775,Satellite/Ames/TP1/Ames-TP1-4233_18_11.TIF
Ames|4233|18|12,Ames,42.01224758948323,-93.73614966447781,Satellite/Ames/TP1/Ames-TP1-4233_18_12.TIF
Ames|4233|18|2,Ames,42.01252050320566,-93.73614737690966,Satellite/Ames/TP1/Ames-TP1-4233_18_2.TIF
Ames|4233|18|3,Ames,42.01249347387903,-93.73614887677144,Satellite/Ames/TP1/Ames-TP1-4233_18_3.TIF
Ames|4233|18|4,Ames,42.01246645616951,-93.73614856521957,Satellite/Ames/TP1/Ames-TP1-4233_18_4.TIF
Ames|4233|18|5,Ames,42.012439438459836,-93.73614825366812,Satellite/Ames/TP1/Ames-TP1-4233_18_5.TIF
Ames|4233|18|6,Ames,42.01241242075006,-93.7361479421171,Satellite/Ames/TP1/Ames-TP1-4233_18_6.TIF
Ames|4233|18|7,Ames,42.01238405215463,-93.736147614989,Satellite/Ames/TP1/Ames-TP1-4233_18_7.TIF
Ames|4233|18|8,Ames,42.0123570228274,-93.7361491148483,Satellite/Ames/TP1/Ames-TP1-4233_18_8.TIF
Ames|4233|18|9,Ames,42.01233000511722,-93.73614880329781,Satellite/Ames/TP1/Ames-TP1-4233_18_9.TIF
Ames|4233|19|1,Ames,42.01254799719604,-93.7360734204519,Satellite/Ames/TP1/Ames-TP1-4233_19_1.TIF
Ames|4233|19|10,Ames,42.01230210118475,-93.7360760198545,Satellite/Ames/TP1/Ames-TP1-4233_19_10.TIF
Ames|4233|19|11,Ames,42.012275083473874,-93.73607570833555,Satellite/Ames/TP1/Ames-TP1-4233_19_11.TIF
Ames|4233|19|12,Ames,42.01224805414686,-93.73607720822342,Satellite/Ames/TP1/Ames-TP1-4233_19_12.TIF
Ames|4233|19|2,Ames,42.012520967870266,-93.73607492034549,Satellite/Ames/TP1/Ames-TP1-4233_19_2.TIF
Ames|4233|19|3,Ames,42.01249395016041,-93.73607460882462,Satellite/Ames/TP1/Ames-TP1-4233_19_3.TIF
Ames|4233|19|4,Ames,42.0124669208344,-93.73607610871676,Satellite/Ames/TP1/Ames-TP1-4233_19_4.TIF
Ames|4233|19|5,Ames,42.01243855223878,-93.73607578161993,Satellite/Ames/TP1/Ames-TP1-4233_19_5.TIF
Ames|4233|19|6,Ames,42.01241153452854,-93.7360754700996,Satellite/Ames/TP1/Ames-TP1-4233_19_6.TIF
Ames|4233|19|7,Ames,42.01238451681819,-93.7360751585797,Satellite/Ames/TP1/Ames-TP1-4233_19_7.TIF
Ames|4233|19|8,Ames,42.01235614822215,-93.73607483148423,Satellite/Ames/TP1/Ames-TP1-4233_19_8.TIF
Ames|4233|19|9,Ames,42.01232913051152,-93.7360745199652,Satellite/Ames/TP1/Ames-TP1-4233_19_9.TIF
Ames|4233|1|1,Ames,42.01254763846547,-93.7373922238349,Satellite/Ames/TP1/Ames-TP1-4233_1_1.TIF
Ames|4233|1|10,Ames,42.01230174246467,-93.73739481815711,Satellite/Ames/TP1/Ames-TP1-4233_1_10.TIF
Ames|4233|1|11,Ames,42.0122747247618,-93.73739450608007,Satellite/Ames/TP1/Ames-TP1-4233_1_11.TIF
Ames|4233|1|12,Ames,42.01224769542199,-93.73739600540927,Satellite/Ames/TP1/Ames-TP1-4233_1_12.TIF
Ames|4233|1|2,Ames,42.012520609126916,-93.73739372316984,Satellite/Ames/TP1/Ames-TP1-4233_1_2.TIF
Ames|4233|1|3,Ames,42.01249359142508,-93.73739341109088,Satellite/Ames/TP1/Ames-TP1-4233_1_3.TIF
Ames|4233|1|4,Ames,42.01246656208625,-93.73739491042436,Satellite/Ames/TP1/Ames-TP1-4233_1_4.TIF
Ames|4233|1|5,Ames,42.012438193499044,-93.73739458274153,Satellite/Ames/TP1/Ames-TP1-4233_1_5.TIF
Ames|4233|1|6,Ames,42.01241117579683,-93.73739427066307,Satellite/Ames/TP1/Ames-TP1-4233_1_6.TIF
Ames|4233|1|7,Ames,42.01238280720935,-93.73739394298117,Satellite/Ames/TP1/Ames-TP1-4233_1_7.TIF
Ames|4233|1|8,Ames,42.01235578950685,-93.7373936309036,Satellite/Ames/TP1/Ames-TP1-4233_1_8.TIF
Ames|4233|1|9,Ames,42.01232876016741,-93.73739513023459,Satellite/Ames/TP1/Ames-TP1-4233_1_9.TIF
Ames|4233|20|1,Ames,42.01254846181422,-93.73600096385532,Satellite/Ames/TP1/Ames-TP1-4233_20_1.TIF
Ames|4233|20|10,Ames,42.01230257741723,-93.73600175212908,Satellite/Ames/TP1/Ames-TP1-4233_20_10.TIF
Ames|4233|20|11,Ames,42.01227554809107,-93.73600325204875,Satellite/Ames/TP1/Ames-TP1-4233_20_11.TIF
Ames|4233|20|12,Ames,42.01224853037962,-93.73600294056087,Satellite/Ames/TP1/Ames-TP1-4233_20_12.TIF
Ames|4233|20|2,Ames,42.01252144410405,-93.73600065236545,Satellite/Ames/TP1/Ames-TP1-4233_20_2.TIF
Ames|4233|20|3,Ames,42.012493063893345,-93.7360021367149,Satellite/Ames/TP1/Ames-TP1-4233_20_3.TIF
Ames|4233|20|4,Ames,42.01246604618292,-93.73600182522513,Satellite/Ames/TP1/Ames-TP1-4233_20_4.TIF
Ames|4233|20|5,Ames,42.01243902847236,-93.73600151373579,Satellite/Ames/TP1/Ames-TP1-4233_20_5.TIF
Ames|4233|20|6,Ames,42.012410648261266,-93.73600299808345,Satellite/Ames/TP1/Ames-TP1-4233_20_6.TIF
Ames|4233|20|7,Ames,42.01238363055045,-93.73600268659423,Satellite/Ames/TP1/Ames-TP1-4233_20_7.TIF
Ames|4233|20|8,Ames,42.01235661283952,-93.73600237510541,Satellite/Ames/TP1/Ames-TP1-4233_20_8.TIF
Ames|4233|20|9,Ames,42.01232959512844,-93.73600206361704,Satellite/Ames/TP1/Ames-TP1-4233_20_9.TIF
Ames|4233|21|1,Ames,42.012547575501145,-93.73592849168406,Satellite/Ames/TP1/Ames-TP1-4233_21_1.TIF
Ames|4233|21|10,Ames,42.012303041988,-93.73592929580985,Satellite/Ames/TP1/Ames-TP1-4233_21_10.TIF
Ames|4233|21|11,Ames,42.01227602427623,-93.735928984353,Satellite/Ames/TP1/Ames-TP1-4233_21_11.TIF
Ames|4233|21|12,Ames,42.01224900656433,-93.73592867289656,Satellite/Ames/TP1/Ames-TP1-4233_21_12.TIF
Ames|4233|21|2,Ames,42.012520557790516,-93.73592818022486,Satellite/Ames/TP1/Ames-TP1-4233_21_2.TIF
Ames|4233|21|3,Ames,42.01249354007979,-93.7359278687661,Satellite/Ames/TP1/Ames-TP1-4233_21_3.TIF
Ames|4233|21|4,Ames,42.01246517148335,-93.73592754173484,Satellite/Ames/TP1/Ames-TP1-4233_21_4.TIF
Ames|4233|21|5,Ames,42.01243814215863,-93.73592904168878,Satellite/Ames/TP1/Ames-TP1-4233_21_5.TIF
Ames|4233|21|6,Ames,42.01241112444751,-93.73592873023055,Satellite/Ames/TP1/Ames-TP1-4233_21_6.TIF
Ames|4233|21|7,Ames,42.012384106736235,-93.73592841877273,Satellite/Ames/TP1/Ames-TP1-4233_21_7.TIF
Ames|4233|21|8,Ames,42.01235707741114,-93.73592991872489,Satellite/Ames/TP1/Ames-TP1-4233_21_8.TIF
Ames|4233|21|9,Ames,42.012330059699636,-93.73592960726717,Satellite/Ames/TP1/Ames-TP1-4233_21_9.TIF
Ames|4233|22|1,Ames,42.01254805164044,-93.73585422367061,Satellite/Ames/TP1/Ames-TP1-4233_22_1.TIF
Ames|4233|22|10,Ames,42.01230350651303,-93.73585683948895,Satellite/Ames/TP1/Ames-TP1-4233_22_10.TIF
Ames|4233|22|11,Ames,42.01227513791521,-93.73585651249144,Satellite/Ames/TP1/Ames-TP1-4233_22_11.TIF
Ames|4233|22|12,Ames,42.01224812020287,-93.73585620106567,Satellite/Ames/TP1/Ames-TP1-4233_22_12.TIF
Ames|4233|22|2,Ames,42.01251967143123,-93.73585570808565,Satellite/Ames/TP1/Ames-TP1-4233_22_2.TIF
Ames|4233|22|3,Ames,42.01249265372004,-93.73585539665756,Satellite/Ames/TP1/Ames-TP1-4233_22_3.TIF
Ames|4233|22|4,Ames,42.01246563600872,-93.73585508522989,Satellite/Ames/TP1/Ames-TP1-4233_22_4.TIF
Ames|4233|22|5,Ames,42.01243861829727,-93.73585477380264,Satellite/Ames/TP1/Ames-TP1-4233_22_5.TIF
Ames|4233|22|6,Ames,42.01241160058569,-93.73585446237584,Satellite/Ames/TP1/Ames-TP1-4233_22_6.TIF
Ames|4233|22|7,Ames,42.01238457126143,-93.73585596235979,Satellite/Ames/TP1/Ames-TP1-4233_22_7.TIF
Ames|4233|22|8,Ames,42.01235755354961,-93.73585565093306,Satellite/Ames/TP1/Ames-TP1-4233_22_8.TIF
Ames|4233|22|9,Ames,42.01233053583764,-93.73585533950677,Satellite/Ames/TP1/Ames-TP1-4233_22_9.TIF
Ames|4233|23|1,Ames,42.01254716523467,-93.73578175150054,Satellite/Ames/TP1/Ames-TP1-4233_23_1.TIF
Ames|4233|23|10,Ames,42.01230263171809,-93.73578255618848,Satellite/Ames/TP1/Ames-TP1-4233_23_10.TIF
Ames|4233|23|11,Ames,42.01227561400543,-93.73578224479371,Satellite/Ames/TP1/Ames-TP1-4233_23_11.TIF
Ames|4233|23|12,Ames,42.012247233795634,-93.73578372923615,Satellite/Ames/TP1/Ames-TP1-4233_23_12.TIF
Ames|4233|23|2,Ames,42.01252014752317,-93.73578144010345,Satellite/Ames/TP1/Ames-TP1-4233_23_2.TIF
Ames|4233|23|3,Ames,42.012493129811524,-93.73578112870678,Satellite/Ames/TP1/Ames-TP1-4233_23_3.TIF
Ames|4233|23|4,Ames,42.01246610048835,-93.73578262872323,Satellite/Ames/TP1/Ames-TP1-4233_23_4.TIF
Ames|4233|23|5,Ames,42.01243908277646,-93.73578231732665,Satellite/Ames/TP1/Ames-TP1-4233_23_5.TIF
Ames|4233|23|6,Ames,42.01241206506446,-93.7357820059305,Satellite/Ames/TP1/Ames-TP1-4233_23_6.TIF
Ames|4233|23|7,Ames,42.012385047352296,-93.73578169453477,Satellite/Ames/TP1/Ames-TP1-4233_23_7.TIF
Ames|4233|23|8,Ames,42.012358029640026,-93.73578138313947,Satellite/Ames/TP1/Ames-TP1-4233_23_8.TIF
Ames|4233|23|9,Ames,42.01232964943062,-93.73578286758368,Satellite/Ames/TP1/Ames-TP1-4233_23_9.TIF
Ames|4233|24|1,Ames,42.012547641279006,-93.73570748348511,Satellite/Ames/TP1/Ames-TP1-4233_24_1.TIF
Ames|4233|24|10,Ames,42.01230175687506,-93.73570827288937,Satellite/Ames/TP1/Ames-TP1-4233_24_10.TIF
Ames|4233|24|11,Ames,42.012274727551734,-93.73570977293333,Satellite/Ames/TP1/Ames-TP1-4233_24_11.TIF
Ames|4233|24|12,Ames,42.01224770983851,-93.73570946156968,Satellite/Ames/TP1/Ames-TP1-4233_24_12.TIF
Ames|4233|24|2,Ames,42.012520623567056,-93.73570717211945,Satellite/Ames/TP1/Ames-TP1-4233_24_2.TIF
Ames|4233|24|3,Ames,42.01249359424473,-93.73570867216772,Satellite/Ames/TP1/Ames-TP1-4233_24_3.TIF
Ames|4233|24|4,Ames,42.01246657653252,-93.73570836080214,Satellite/Ames/TP1/Ames-TP1-4233_24_4.TIF
Ames|4233|24|5,Ames,42.01243954720993,-93.73570986084893,Satellite/Ames/TP1/Ames-TP1-4233_24_5.TIF
Ames|4233|24|6,Ames,42.012412529497475,-93.73570954948345,Satellite/Ames/TP1/Ames-TP1-4233_24_6.TIF
Ames|4233|24|7,Ames,42.01238416089926,-93.73570922255013,Satellite/Ames/TP1/Ames-TP1-4233_24_7.TIF
Ames|4233|24|8,Ames,42.01235714318654,-93.73570891118551,Satellite/Ames/TP1/Ames-TP1-4233_24_8.TIF
Ames|4233|24|9,Ames,42.012330125473696,-93.73570859982131,Satellite/Ames/TP1/Ames-TP1-4233_24_9.TIF
Ames|4233|25|1,Ames,42.012548105666205,-93.73563502688299,Satellite/Ames/TP1/Ames-TP1-4233_25_1.TIF
Ames|4233|25|10,Ames,42.01230222126057,-93.73563581656632,Satellite/Ames/TP1/Ames-TP1-4233_25_10.TIF
Ames|4233|25|11,Ames,42.01227520354701,-93.73563550523365,Satellite/Ames/TP1/Ames-TP1-4233_25_11.TIF
Ames|4233|25|12,Ames,42.012248185833336,-93.73563519390142,Satellite/Ames/TP1/Ames-TP1-4233_25_12.TIF
Ames|4233|25|2,Ames,42.01252108795381,-93.73563471554799,Satellite/Ames/TP1/Ames-TP1-4233_25_2.TIF
Ames|4233|25|3,Ames,42.01249407024129,-93.7356344042134,Satellite/Ames/TP1/Ames-TP1-4233_25_3.TIF
Ames|4233|25|4,Ames,42.01246704091954,-93.73563590429201,Satellite/Ames/TP1/Ames-TP1-4233_25_4.TIF
Ames|4233|25|5,Ames,42.01243867232114,-93.7356355773908,Satellite/Ames/TP1/Ames-TP1-4233_25_5.TIF
Ames|4233|25|6,Ames,42.01241165460822,-93.73563526605675,Satellite/Ames/TP1/Ames-TP1-4233_25_6.TIF
Ames|4233|25|7,Ames,42.0123846252861,-93.73563676613357,Satellite/Ames/TP1/Ames-TP1-4233_25_7.TIF
Ames|4233|25|8,Ames,42.01235625668728,-93.73563643923292,Satellite/Ames/TP1/Ames-TP1-4233_25_8.TIF
Ames|4233|25|9,Ames,42.012329238974,-93.7356361278994,Satellite/Ames/TP1/Ames-TP1-4233_25_9.TIF
Ames|4233|2|1,Ames,42.012548103916096,-93.73731976726022,Satellite/Ames/TP1/Ames-TP1-4233_2_1.TIF
Ames|4233|2|10,Ames,42.0123022195504,-93.73732055045413,Satellite/Ames/TP1/Ames-TP1-4233_2_10.TIF
Ames|4233|2|11,Ames,42.01227519021142,-93.73732204981515,Satellite/Ames/TP1/Ames-TP1-4233_2_11.TIF
Ames|4233|2|12,Ames,42.01224817250799,-93.7373217377692,Satellite/Ames/TP1/Ames-TP1-4233_2_12.TIF
Ames|4233|2|2,Ames,42.01252108621394,-93.73731945521224,Satellite/Ames/TP1/Ames-TP1-4233_2_2.TIF
Ames|4233|2|3,Ames,42.01249270599084,-93.73732093897513,Satellite/Ames/TP1/Ames-TP1-4233_2_3.TIF
Ames|4233|2|4,Ames,42.012465688288415,-93.73732062692726,Satellite/Ames/TP1/Ames-TP1-4233_2_4.TIF
Ames|4233|2|5,Ames,42.01243867058587,-93.73732031487981,Satellite/Ames/TP1/Ames-TP1-4233_2_5.TIF
Ames|4233|2|6,Ames,42.012410290362375,-93.73732179864092,Satellite/Ames/TP1/Ames-TP1-4233_2_6.TIF
Ames|4233|2|7,Ames,42.01238327265958,-93.73732148659359,Satellite/Ames/TP1/Ames-TP1-4233_2_7.TIF
Ames|4233|2|8,Ames,42.01235625495665,-93.73732117454668,Satellite/Ames/TP1/Ames-TP1-4233_2_8.TIF
Ames|4233|2|9,Ames,42.01232923725358,-93.7373208625002,Satellite/Ames/TP1/Ames-TP1-4233_2_9.TIF
Ames|4233|3|1,Ames,42.01254721843585,-93.73724729508295,Satellite/Ames/TP1/Ames-TP1-4233_3_1.TIF
Ames|4233|3|10,Ames,42.01230268495359,-93.73724809415681,Satellite/Ames/TP1/Ames-TP1-4233_3_10.TIF
Ames|4233|3|11,Ames,42.012275667249824,-93.73724778214185,Satellite/Ames/TP1/Ames-TP1-4233_3_11.TIF
Ames|4233|3|12,Ames,42.01224728702625,-93.73724926593246,Satellite/Ames/TP1/Ames-TP1-4233_3_12.TIF
Ames|4233|3|2,Ames,42.012520200733256,-93.73724698306565,Satellite/Ames/TP1/Ames-TP1-4233_3_2.TIF
Ames|4233|3|3,Ames,42.01249318303051,-93.73724667104877,Satellite/Ames/TP1/Ames-TP1-4233_3_3.TIF
Ames|4233|3|4,Ames,42.012464814442495,-93.73724634343151,Satellite/Ames/TP1/Ames-TP1-4233_3_4.TIF
Ames|4233|3|5,Ames,42.01243778510498,-93.73724784282679,Satellite/Ames/TP1/Ames-TP1-4233_3_5.TIF
Ames|4233|3|6,Ames,42.012410767401846,-93.73724753081045,Satellite/Ames/TP1/Ames-TP1-4233_3_6.TIF
Ames|4233|3|7,Ames,42.012383749698614,-93.73724721879454,Satellite/Ames/TP1/Ames-TP1-4233_3_7.TIF
Ames|4233|3|8,Ames,42.01235672036071,-93.73724871818804,Satellite/Ames/TP1/Ames-TP1-4233_3_8.TIF
Ames|4233|3|9,Ames,42.01232970265721,-93.7372484061722,Satellite/Ames/TP1/Ames-TP1-4233_3_9.TIF
Ames|4233|4|1,Ames,42.01254769542839,-93.73717302709196,Satellite/Ames/TP1/Ames-TP1-4233_4_1.TIF
Ames|4233|4|10,Ames,42.012301799425835,-93.73717562225856,Satellite/Ames/TP1/Ames-TP1-4233_4_10.TIF
Ames|4233|4|11,Ames,42.012274781721636,-93.73717531027427,Satellite/Ames/TP1/Ames-TP1-4233_4_11.TIF
Ames|4233|4|12,Ames,42.012247764017296,-93.7371749982904,Satellite/Ames/TP1/Ames-TP1-4233_4_12.TIF
Ames|4233|4|2,Ames,42.012519315206795,-93.73717451092041,Satellite/Ames/TP1/Ames-TP1-4233_4_2.TIF
Ames|4233|4|3,Ames,42.01249229750361,-93.73717419893421,Satellite/Ames/TP1/Ames-TP1-4233_4_3.TIF
Ames|4233|4|4,Ames,42.0124652798003,-93.73717388694845,Satellite/Ames/TP1/Ames-TP1-4233_4_4.TIF
Ames|4233|4|5,Ames,42.01243826209686,-93.7371735749631,Satellite/Ames/TP1/Ames-TP1-4233_4_5.TIF
Ames|4233|4|6,Ames,42.012411244393284,-93.73717326297819,Satellite/Ames/TP1/Ames-TP1-4233_4_6.TIF
Ames|4233|4|7,Ames,42.01238421505623,-93.73717476240348,Satellite/Ames/TP1/Ames-TP1-4233_4_7.TIF
Ames|4233|4|8,Ames,42.01235719735241,-93.73717445041866,Satellite/Ames/TP1/Ames-TP1-4233_4_8.TIF
Ames|4233|4|9,Ames,42.0123301680151,-93.73717594984252,Satellite/Ames/TP1/Ames-TP1-4233_4_9.TIF
Ames|4233|5|1,Ames,42.01254680985548,-93.73710055491584,Satellite/Ames/TP1/Ames-TP1-4233_5_1.TIF
Ames|4233|5|10,Ames,42.012302276369745,-93.73710135455184,Satellite/Ames/TP1/Ames-TP1-4233_5_10.TIF
Ames|4233|5|11,Ames,42.01227389614767,-93.73710283840805,Satellite/Ames/TP1/Ames-TP1-4233_5_11.TIF
Ames|4233|5|12,Ames,42.012246878442895,-93.73710252645486,Satellite/Ames/TP1/Ames-TP1-4233_5_12.TIF
Ames|4233|5|2,Ames,42.01251979215196,-93.73710024296064,Satellite/Ames/TP1/Ames-TP1-4233_5_2.TIF
Ames|4233|5|3,Ames,42.01249277444834,-93.73709993100587,Satellite/Ames/TP1/Ames-TP1-4233_5_3.TIF
Ames|4233|5|4,Ames,42.012465745112365,-93.73710143046367,Satellite/Ames/TP1/Ames-TP1-4233_5_4.TIF
Ames|4233|5|5,Ames,42.01243872740848,-93.73710111850897,Satellite/Ames/TP1/Ames-TP1-4233_5_5.TIF
Ames|4233|5|6,Ames,42.01241170970447,-93.73710080655472,Satellite/Ames/TP1/Ames-TP1-4233_5_6.TIF
Ames|4233|5|7,Ames,42.012384692000346,-93.73710049460088,Satellite/Ames/TP1/Ames-TP1-4233_5_7.TIF
Ames|4233|5|8,Ames,42.01235631177866,-93.73710197845887,Satellite/Ames/TP1/Ames-TP1-4233_5_8.TIF
Ames|4233|5|9,Ames,42.01232929407428,-93.73710166650514,Satellite/Ames/TP1/Ames-TP1-4233_5_9.TIF
Ames|4233|6|1,Ames,42.01254728675305,-93.73702628692287,Satellite/Ames/TP1/Ames-TP1-4233_6_1.TIF
Ames|4233|6|10,Ames,42.01230139074933,-93.73702888265476,Satellite/Ames/TP1/Ames-TP1-4233_6_10.TIF
Ames|4233|6|11,Ames,42.012274373044235,-93.73702857073258,Satellite/Ames/TP1/Ames-TP1-4233_6_11.TIF
Ames|4233|6|12,Ames,42.012247355339014,-93.73702825881082,Satellite/Ames/TP1/Ames-TP1-4233_6_12.TIF
Ames|4233|6|2,Ames,42.012520269049105,-93.73702597499909,Satellite/Ames/TP1/Ames-TP1-4233_6_2.TIF
Ames|4233|6|3,Ames,42.01249323971397,-93.7370274744887,Satellite/Ames/TP1/Ames-TP1-4233_6_3.TIF
Ames|4233|6|4,Ames,42.01246622200976,-93.737027162565,Satellite/Ames/TP1/Ames-TP1-4233_6_4.TIF
Ames|4233|6|5,Ames,42.01243919267439,-93.73702866205316,Satellite/Ames/TP1/Ames-TP1-4233_6_5.TIF
Ames|4233|6|6,Ames,42.01241217496993,-93.73702835012955,Satellite/Ames/TP1/Ames-TP1-4233_6_6.TIF
Ames|4233|6|7,Ames,42.01238380638014,-93.73702802261023,Satellite/Ames/TP1/Ames-TP1-4233_6_7.TIF
Ames|4233|6|8,Ames,42.01235678867541,-93.73702771068751,Satellite/Ames/TP1/Ames-TP1-4233_6_8.TIF
Ames|4233|6|9,Ames,42.01232842008534,-93.7370273831691,Satellite/Ames/TP1/Ames-TP1-4233_6_9.TIF
Ames|4233|7|1,Ames,42.012547751972704,-93.73695383034261,Satellite/Ames/TP1/Ames-TP1-4233_7_1.TIF
Ames|4233|7|10,Ames,42.012301867598296,-93.73695461494607,Satellite/Ames/TP1/Ames-TP1-4233_7_10.TIF
Ames|4233|7|11,Ames,42.01227484989275,-93.73695430305531,Satellite/Ames/TP1/Ames-TP1-4233_7_11.TIF
Ames|4233|7|12,Ames,42.01224782055721,-93.73695580257099,Satellite/Ames/TP1/Ames-TP1-4233_7_12.TIF
Ames|4233|7|2,Ames,42.0125207342683,-93.7369535184495,Satellite/Ames/TP1/Ames-TP1-4233_7_2.TIF
Ames|4233|7|3,Ames,42.01249371656379,-93.7369532065568,Satellite/Ames/TP1/Ames-TP1-4233_7_3.TIF
Ames|4233|7|4,Ames,42.01246668722923,-93.73695470607676,Satellite/Ames/TP1/Ames-TP1-4233_7_4.TIF
Ames|4233|7|5,Ames,42.012438318639234,-93.73695437858954,Satellite/Ames/TP1/Ames-TP1-4233_7_5.TIF
Ames|4233|7|6,Ames,42.01241130093434,-93.7369540666974,Satellite/Ames/TP1/Ames-TP1-4233_7_6.TIF
Ames|4233|7|7,Ames,42.0123842715994,-93.73695556621554,Satellite/Ames/TP1/Ames-TP1-4233_7_7.TIF
Ames|4233|7|8,Ames,42.01235590300899,-93.73695523872888,Satellite/Ames/TP1/Ames-TP1-4233_7_8.TIF
Ames|4233|7|9,Ames,42.01232888530371,-93.73695492683727,Satellite/Ames/TP1/Ames-TP1-4233_7_9.TIF
Ames|4233|8|1,Ames,42.012548217146595,-93.73688137376065,Satellite/Ames/TP1/Ames-TP1-4233_8_1.TIF
Ames|4233|8|10,Ames,42.012302332770496,-93.73688215864318,Satellite/Ames/TP1/Ames-TP1-4233_8_10.TIF
Ames|4233|8|11,Ames,42.012275315064514,-93.73688184678308,Satellite/Ames/TP1/Ames-TP1-4233_8_11.TIF
Ames|4233|8|12,Ames,42.01224829735841,-93.7368815349234,Satellite/Ames/TP1/Ames-TP1-4233_8_12.TIF
Ames|4233|8|2,Ames,42.012521199441764,-93.73688106189819,Satellite/Ames/TP1/Ames-TP1-4233_8_2.TIF
Ames|4233|8|3,Ames,42.01249283085157,-93.73688073444306,Satellite/Ames/TP1/Ames-TP1-4233_8_3.TIF
Ames|4233|8|4,Ames,42.01246581314647,-93.73688042258148,Satellite/Ames/TP1/Ames-TP1-4233_8_4.TIF
Ames|4233|8|5,Ames,42.01243879544125,-93.73688011072032,Satellite/Ames/TP1/Ames-TP1-4233_8_5.TIF
Ames|4233|8|6,Ames,42.0124104152219,-93.73688159467723,Satellite/Ames/TP1/Ames-TP1-4233_8_6.TIF
Ames|4233|8|7,Ames,42.01238339751642,-93.73688128281617,Satellite/Ames/TP1/Ames-TP1-4233_8_7.TIF
Ames|4233|8|8,Ames,42.01235637981082,-93.73688097095555,Satellite/Ames/TP1/Ames-TP1-4233_8_8.TIF
Ames|4233|8|9,Ames,42.01232935047635,-93.73688247050373,Satellite/Ames/TP1/Ames-TP1-4233_8_9.TIF
Ames|4233|9|1,Ames,42.01254734301713,-93.7368070901708,Satellite/Ames/TP1/Ames-TP1-4233_9_1.TIF
Ames|4233|9|10,Ames,42.01230279789697,-93.73680970233859,Satellite/Ames/TP1/Ames-TP1-4233_9_10.TIF
Ames|4233|9|11,Ames,42.01227578019055,-93.73680939050914,Satellite/Ames/TP1/Ames-TP1-4233_9_11.TIF
Ames|4233|9|12,Ames,42.012247411598665,-93.73680906308869,Satellite/Ames/TP1/Ames-TP1-4233_9_12.TIF
Ames|4233|9|2,Ames,42.01252032531185,-93.7368067783398,Satellite/Ames/TP1/Ames-TP1-4233_9_2.TIF
Ames|4233|9|3,Ames,42.01249329597884,-93.73680827792225,Satellite/Ames/TP1/Ames-TP1-4233_9_3.TIF
Ames|4233|9|4,Ames,42.01246492738804,-93.73680795049978,Satellite/Ames/TP1/Ames-TP1-4233_9_4.TIF
Ames|4233|9|5,Ames,42.012437909682376,-93.7368076386693,Satellite/Ames/TP1/Ames-TP1-4233_9_5.TIF
Ames|4233|9|6,Ames,42.012410891976565,-93.73680732683925,Satellite/Ames/TP1/Ames-TP1-4233_9_6.TIF
Ames|4233|9|7,Ames,42.01238387427064,-93.73680701500963,Satellite/Ames/TP1/Ames-TP1-4233_9_7.TIF
Ames|4233|9|8,Ames,42.012356844937024,-93.7368085145896,Satellite/Ames/TP1/Ames-TP1-4233_9_8.TIF
Ames|4233|9|9,Ames,42.01232982723084,-93.73680820276006,Satellite/Ames/TP1/Ames-TP1-4233_9_9.TIF
Crawfordsville|4351|10|13,Crawfordsville,41.19936993475234,-91.48696482131278,Satellite/Crawfordsville/TP1/Crawfordsville-TP1-4351_10_13.TIF
Crawfordsville|4351|10|14,Crawfordsville,41.19936944124653,-91.48692726628074,Satellite/Crawfordsville/TP1/Crawfordsville-TP1-4351_10_14.TIF
Crawfordsville|4351|10|15,Crawfordsville,41.19936897122961,-91.48689149958442,Satellite/Crawfordsville/TP1/Crawfordsville-TP1-4351_10_15.TIF
Crawfordsville|4351|10|16,Crawfordsville,41.1993684776999,-91.48685394455418,Satellite/Crawfordsville/TP1/Crawfordsville-TP1-4351_10_16.TIF
Crawfordsville|4351|10|17,Crawfordsville,41.19936935837697,-91.48681814674285,Satellite/Crawfordsville/TP1/Crawfordsville-TP1-4351_10_17.TIF
Crawfordsville|4351|10|18,Crawfordsville,41.19936886482333,-91.48678059171367,Satellite/Crawfordsville/TP1/Crawfordsville-TP1-4351_10_18.TIF
Crawfordsville|4351|10|19,Crawfordsville,41.19936839476086,-91.4867448250201,Satellite/Crawfordsville/TP1/Crawfordsville-TP1-4351_10_19.TIF
Crawfordsville|4351|10|20,Crawfordsville,41.19936790118333,-91.48670726999275,Satellite/Crawfordsville/TP1/Crawfordsville-TP1-4351_10_20.TIF
Crawfordsville|4351|11|13,Crawfordsville,41.199423963425744,-91.48696357676175,Satellite/Crawfordsville/TP1/Crawfordsville-TP1-4351_11_13.TIF
Crawfordsville|4351|11|14,Crawfordsville,41.19942484413641,-91.4869277789206,Satellite/Crawfordsville/TP1/Crawfordsville-TP1-4351_11_14.TIF
Crawfordsville|4351|11|15,Crawfordsville,41.19942435061798,-91.48689022385781,Satellite/Crawfordsville/TP1/Crawfordsville-TP1-4351_11_15.TIF
Crawfordsville|4351|11|16,Crawfordsville,41.19942388058904,-91.48685445713221,Satellite/Crawfordsville/TP1/Crawfordsville-TP1-4351_11_16.TIF
Crawfordsville|4351|11|17,Crawfordsville,41.199423387046714,-91.48681690207124,Satellite/Crawfordsville/TP1/Crawfordsville-TP1-4351_11_17.TIF
Crawfordsville|4351|11|18,Crawfordsville,41.199422916995026,-91.48678113534736,Satellite/Crawfordsville/TP1/Crawfordsville-TP1-4351_11_18.TIF
Crawfordsville|4351|11|19,Crawfordsville,41.19942377414548,-91.48674354916989,Satellite/Crawfordsville/TP1/Crawfordsville-TP1-4351_11_19.TIF
Crawfordsville|4351|11|20,Crawfordsville,41.19942328056698,-91.48670599411089,Satellite/Crawfordsville/TP1/Crawfordsville-TP1-4351_11_20.TIF
Crawfordsville|4351|12|13,Crawfordsville,41.19947936631548,-91.48696408943131,Satellite/Crawfordsville/TP1/Crawfordsville-TP1-4351_12_13.TIF
Crawfordsville|4351|12|14,Crawfordsville,41.19947887280836,-91.48692653433672,Satellite/Crawfordsville/TP1/Crawfordsville-TP1-4351_12_14.TIF
Crawfordsville|4351|12|15,Crawfordsville,41.199478402790206,-91.48689076758083,Satellite/Crawfordsville/TP1/Crawfordsville-TP1-4351_12_15.TIF
Crawfordsville|4351|12|16,Crawfordsville,41.19947790925918,-91.48685321248806,Satellite/Crawfordsville/TP1/Crawfordsville-TP1-4351_12_16.TIF
Crawfordsville|4351|12|17,Crawfordsville,41.19947878993498,-91.48681741461702,Satellite/Crawfordsville/TP1/Crawfordsville-TP1-4351_12_17.TIF
Crawfordsville|4351|12|18,Crawfordsville,41.199478296380036,-91.48677985952531,Satellite/Crawfordsville/TP1/Crawfordsville-TP1-4351_12_18.TIF
Crawfordsville|4351|12|19,Crawfordsville,41.199477802812844,-91.48674230443453,Satellite/Crawfordsville/TP1/Crawfordsville-TP1-4351_12_19.TIF
Crawfordsville|4351|12|20,Crawfordsville,41.199478683454146,-91.48670650656311,Satellite/Crawfordsville/TP1/Crawfordsville-TP1-4351_12_20.TIF
Crawfordsville|4351|13|13,Crawfordsville,41.199533394987846,-91.4869628448749,Satellite/Crawfordsville/TP1/Crawfordsville-TP1-4351_13_13.TIF
Crawfordsville|4351|13|14,Crawfordsville,41.199534275697225,-91.48692704697405,Satellite/Crawfordsville/TP1/Crawfordsville-TP1-4351_13_14.TIF
Crawfordsville|4351|13|15,Crawfordsville,41.19953378217748,-91.4868894918487,Satellite/Crawfordsville/TP1/Crawfordsville-TP1-4351_13_15.TIF
Crawfordsville|4351|13|16,Crawfordsville,41.19953331214732,-91.48685372506353,Satellite/Crawfordsville/TP1/Crawfordsville-TP1-4351_13_16.TIF
Crawfordsville|4351|13|17,Crawfordsville,41.19953281860368,-91.48681616994001,Satellite/Crawfordsville/TP1/Crawfordsville-TP1-4351_13_17.TIF
Crawfordsville|4351|13|18,Crawfordsville,41.199533675764485,-91.4867785836997,Satellite/Crawfordsville/TP1/Crawfordsville-TP1-4351_13_18.TIF
Crawfordsville|4351|13|19,Crawfordsville,41.199533205699865,-91.48674281691643,Satellite/Crawfordsville/TP1/Crawfordsville-TP1-4351_13_19.TIF
Crawfordsville|4351|13|20,Crawfordsville,41.19953271212007,-91.4867052617949,Satellite/Crawfordsville/TP1/Crawfordsville-TP1-4351_13_20.TIF
Crawfordsville|4351|14|13,Crawfordsville,41.199588797876565,-91.48696335754188,Satellite/Crawfordsville/TP1/Crawfordsville-TP1-4351_14_13.TIF
Crawfordsville|4351|14|14,Crawfordsville,41.199588304368135,-91.48692580238475,Satellite/Crawfordsville/TP1/Crawfordsville-TP1-4351_14_14.TIF
Crawfordsville|4351|14|15,Crawfordsville,41.19958918506548,-91.4868900044538,Satellite/Crawfordsville/TP1/Crawfordsville-TP1-4351_14_15.TIF
Crawfordsville|4351|14|16,Crawfordsville,41.19958869153312,-91.48685244929771,Satellite/Crawfordsville/TP1/Crawfordsville-TP1-4351_14_16.TIF
Crawfordsville|4351|14|17,Crawfordsville,41.19958819798854,-91.48681489414257,Satellite/Crawfordsville/TP1/Crawfordsville-TP1-4351_14_17.TIF
Crawfordsville|4351|14|18,Crawfordsville,41.199587727934684,-91.48677912732902,Satellite/Crawfordsville/TP1/Crawfordsville-TP1-4351_14_18.TIF
Crawfordsville|4351|14|19,Crawfordsville,41.19958723436619,-91.48674157217569,Satellite/Crawfordsville/TP1/Crawfordsville-TP1-4351_14_19.TIF
Crawfordsville|4351|14|20,Crawfordsville,41.199588115006215,-91.48670577424457,Satellite/Crawfordsville/TP1/Crawfordsville-TP1-4351_14_20.TIF
Crawfordsville|4351|15|13,Crawfordsville,41.19964417726463,-91.486962081866,Satellite/Crawfordsville/TP1/Crawfordsville-TP1-4351_15_13.TIF
Crawfordsville|4351|15|14,Crawfordsville,41.19964370725598,-91.48692631501953,Satellite/Crawfordsville/TP1/Crawfordsville-TP1-4351_15_14.TIF
Crawfordsville|4351|15|15,Crawfordsville,41.19964321373495,-91.48688875983166,Satellite/Crawfordsville/TP1/Crawfordsville-TP1-4351_15_15.TIF
Crawfordsville|4351|15|16,Crawfordsville,41.19964272020166,-91.48685120464471,Satellite/Crawfordsville/TP1/Crawfordsville-TP1-4351_15_16.TIF
Crawfordsville|4351|15|17,Crawfordsville,41.19964225015859,-91.48681543780087,Satellite/Crawfordsville/TP1/Crawfordsville-TP1-4351_15_17.TIF
Crawfordsville|4351|15|18,Crawfordsville,41.19964310731807,-91.48677785149788,Satellite/Crawfordsville/TP1/Crawfordsville-TP1-4351_15_18.TIF
Crawfordsville|4351|15|19,Crawfordsville,41.1996426372522,-91.48674208465503,Satellite/Crawfordsville/TP1/Crawfordsville-TP1-4351_15_19.TIF
Crawfordsville|4351|15|20,Crawfordsville,41.19964214367109,-91.48670452947097,Satellite/Crawfordsville/TP1/Crawfordsville-TP1-4351_15_20.TIF
Crawfordsville|4351|16|13,Crawfordsville,41.19969822943558,-91.48696262564452,Satellite/Crawfordsville/TP1/Crawfordsville-TP1-4351_16_13.TIF
Crawfordsville|4351|16|14,Crawfordsville,41.19969773592586,-91.48692507042486,Satellite/Crawfordsville/TP1/Crawfordsville-TP1-4351_16_14.TIF
Crawfordsville|4351|16|15,Crawfordsville,41.199698593120594,-91.48688748409043,Satellite/Crawfordsville/TP1/Crawfordsville-TP1-4351_16_15.TIF
Crawfordsville|4351|16|16,Crawfordsville,41.19969812308827,-91.48685171721557,Satellite/Crawfordsville/TP1/Crawfordsville-TP1-4351_16_16.TIF
Crawfordsville|4351|16|17,Crawfordsville,41.199697629542364,-91.4868141619979,Satellite/Crawfordsville/TP1/Crawfordsville-TP1-4351_16_17.TIF
Crawfordsville|4351|16|18,Crawfordsville,41.199697159487286,-91.48677839512477,Satellite/Crawfordsville/TP1/Crawfordsville-TP1-4351_16_18.TIF
Crawfordsville|4351|16|19,Crawfordsville,41.199698016634116,-91.48674080879022,Satellite/Crawfordsville/TP1/Crawfordsville-TP1-4351_16_19.TIF
Crawfordsville|4351|16|20,Crawfordsville,41.199697523052045,-91.4867032535745,Satellite/Crawfordsville/TP1/Crawfordsville-TP1-4351_16_20.TIF
Crawfordsville|4351|17|13,Crawfordsville,41.1997536088226,-91.48696134996311,Satellite/Crawfordsville/TP1/Crawfordsville-TP1-4351_17_13.TIF
Crawfordsville|4351|17|14,Crawfordsville,41.199753138812696,-91.48692558305709,Satellite/Crawfordsville/TP1/Crawfordsville-TP1-4351_17_14.TIF
Crawfordsville|4351|17|15,Crawfordsville,41.19975264529034,-91.48688802780667,Satellite/Crawfordsville/TP1/Crawfordsville-TP1-4351_17_15.TIF
Crawfordsville|4351|17|16,Crawfordsville,41.19975350247243,-91.48685044144068,Satellite/Crawfordsville/TP1/Crawfordsville-TP1-4351_17_16.TIF
Crawfordsville|4351|17|17,Crawfordsville,41.19975303242809,-91.48681467453655,Satellite/Crawfordsville/TP1/Crawfordsville-TP1-4351_17_17.TIF
Crawfordsville|4351|17|18,Crawfordsville,41.19975253886959,-91.48677711928812,Satellite/Crawfordsville/TP1/Crawfordsville-TP1-4351_17_18.TIF
Crawfordsville|4351|17|19,Crawfordsville,41.19975204529884,-91.48673956404062,Satellite/Crawfordsville/TP1/Crawfordsville-TP1-4351_17_19.TIF
Crawfordsville|4351|17|20,Crawfordsville,41.199751575220056,-91.4867037971391,Satellite/Crawfordsville/TP1/Crawfordsville-TP1-4351_17_20.TIF
Crawfordsville|4351|18|13,Crawfordsville,41.199809011709284,-91.48696186262497,Satellite/Crawfordsville/TP1/Crawfordsville-TP1-4351_18_13.TIF
Crawfordsville|4351|18|14,Crawfordsville,41.19980851819822,-91.48692430734198,Satellite/Crawfordsville/TP1/Crawfordsville-TP1-4351_18_14.TIF
Crawfordsville|4351|18|15,Crawfordsville,41.19980802467493,-91.48688675205993,Satellite/Crawfordsville/TP1/Crawfordsville-TP1-4351_18_15.TIF
Crawfordsville|4351|18|16,Crawfordsville,41.199807554641346,-91.4868509851255,Satellite/Crawfordsville/TP1/Crawfordsville-TP1-4351_18_16.TIF
Crawfordsville|4351|18|17,Crawfordsville,41.19980706109414,-91.48681342984527,Satellite/Crawfordsville/TP1/Crawfordsville-TP1-4351_18_17.TIF
Crawfordsville|4351|18|18,Crawfordsville,41.19980659103782,-91.48677766291259,Satellite/Crawfordsville/TP1/Crawfordsville-TP1-4351_18_18.TIF
Crawfordsville|4351|18|19,Crawfordsville,41.19980744818331,-91.48674007651536,Satellite/Crawfordsville/TP1/Crawfordsville-TP1-4351_18_19.TIF
Crawfordsville|4351|18|20,Crawfordsville,41.19980695459994,-91.4867025212371,Satellite/Crawfordsville/TP1/Crawfordsville-TP1-4351_18_20.TIF
Crawfordsville|4351|19|13,Crawfordsville,41.19986304037849,-91.4869606180523,Satellite/Crawfordsville/TP1/Crawfordsville-TP1-4351_19_13.TIF
Crawfordsville|4351|19|14,Crawfordsville,41.19986254686649,-91.48692306273844,Satellite/Crawfordsville/TP1/Crawfordsville-TP1-4351_19_14.TIF
Crawfordsville|4351|19|15,Crawfordsville,41.199862076843694,-91.48688729577374,Satellite/Crawfordsville/TP1/Crawfordsville-TP1-4351_19_15.TIF
Crawfordsville|4351|19|16,Crawfordsville,41.199862934024445,-91.48684970934508,Satellite/Crawfordsville/TP1/Crawfordsville-TP1-4351_19_16.TIF
Crawfordsville|4351|19|17,Crawfordsville,41.19986246397886,-91.48681394238139,Satellite/Crawfordsville/TP1/Crawfordsville-TP1-4351_19_17.TIF
Crawfordsville|4351|19|18,Crawfordsville,41.19986197041904,-91.4867763870704,Satellite/Crawfordsville/TP1/Crawfordsville-TP1-4351_19_18.TIF
Crawfordsville|4351|19|19,Crawfordsville,41.19986147684698,-91.48673883176036,Satellite/Crawfordsville/TP1/Crawfordsville-TP1-4351_19_19.TIF
Crawfordsville|4351|19|20,Crawfordsville,41.19986235748353,-91.48670303367963,Satellite/Crawfordsville/TP1/Crawfordsville-TP1-4351_19_20.TIF
Crawfordsville|4351|20|13,Crawfordsville,41.19991844326417,-91.4869611307116,Satellite/Crawfordsville/TP1/Crawfordsville-TP1-4351_20_13.TIF
Crawfordsville|4351|20|14,Crawfordsville,41.1999179497518,-91.48692357536608,Satellite/Crawfordsville/TP1/Crawfordsville-TP1-4351_20_14.TIF
Crawfordsville|4351|20|15,Crawfordsville,41.19991745622719,-91.48688602002147,Satellite/Crawfordsville/TP1/Crawfordsville-TP1-4351_20_15.TIF
Crawfordsville|4351|20|16,Crawfordsville,41.19991698619238,-91.4868502530275,Satellite/Crawfordsville/TP1/Crawfordsville-TP1-4351_20_16.TIF
Crawfordsville|4351|20|17,Crawfordsville,41.199917843360474,-91.48681266656726,Satellite/Crawfordsville/TP1/Crawfordsville-TP1-4351_20_17.TIF
Crawfordsville|4351|20|18,Crawfordsville,41.19991734979971,-91.48677511122465,Satellite/Crawfordsville/TP1/Crawfordsville-TP1-4351_20_18.TIF
Crawfordsville|4351|20|19,Crawfordsville,41.199916879730445,-91.48673934423256,Satellite/Crawfordsville/TP1/Crawfordsville-TP1-4351_20_19.TIF
Crawfordsville|4351|20|20,Crawfordsville,41.199916386145766,-91.48670178889178,Satellite/Crawfordsville/TP1/Crawfordsville-TP1-4351_20_20.TIF
Crawfordsville|4351|21|13,Crawfordsville,41.19997247193231,-91.48695988613355,Satellite/Crawfordsville/TP1/Crawfordsville-TP1-4351_21_13.TIF
Crawfordsville|4351|21|14,Crawfordsville,41.1999733526366,-91.48692408799316,Satellite/Crawfordsville/TP1/Crawfordsville-TP1-4351_21_14.TIF
Crawfordsville|4351|21|15,Crawfordsville,41.19997285911162,-91.48688653261688,Satellite/Crawfordsville/TP1/Crawfordsville-TP1-4351_21_15.TIF
Crawfordsville|4351|21|16,Crawfordsville,41.19997236557439,-91.48684897724155,Satellite/Crawfordsville/TP1/Crawfordsville-TP1-4351_21_16.TIF
Crawfordsville|4351|21|17,Crawfordsville,41.199971895527554,-91.48681321021829,Satellite/Crawfordsville/TP1/Crawfordsville-TP1-4351_21_17.TIF
Crawfordsville|4351|21|18,Crawfordsville,41.19997140196644,-91.48677565484476,Satellite/Crawfordsville/TP1/Crawfordsville-TP1-4351_21_18.TIF
Crawfordsville|4351|21|19,Crawfordsville,41.19997090839307,-91.48673809947218,Satellite/Crawfordsville/TP1/Crawfordsville-TP1-4351_21_19.TIF
Crawfordsville|4351|21|20,Crawfordsville,41.19997176552398,-91.4867005129807,Satellite/Crawfordsville/TP1/Crawfordsville-TP1-4351_21_20.TIF
Crawfordsville|4351|22|13,Crawfordsville,41.200027874816975,-91.4869603987903,Satellite/Crawfordsville/TP1/Crawfordsville-TP1-4351_22_13.TIF
Crawfordsville|4351|22|14,Crawfordsville,41.2000273813033,-91.48692284338223,Satellite/Crawfordsville/TP1/Crawfordsville-TP1-4351_22_14.TIF
Crawfordsville|4351|22|15,Crawfordsville,41.20002688777738,-91.48688528797508,Satellite/Crawfordsville/TP1/Crawfordsville-TP1-4351_22_15.TIF
Crawfordsville|4351|22|16,Crawfordsville,41.20002641774133,-91.48684952092154,Satellite/Crawfordsville/TP1/Crawfordsville-TP1-4351_22_16.TIF
Crawfordsville|4351|22|17,Crawfordsville,41.2000272749081,-91.48681193439865,Satellite/Crawfordsville/TP1/Crawfordsville-TP1-4351_22_17.TIF
Crawfordsville|4351|22|18,Crawfordsville,41.200026781346025,-91.48677437899349,Satellite/Crawfordsville/TP1/Crawfordsville-TP1-4351_22_18.TIF
Crawfordsville|4351|22|19,Crawfordsville,41.200026287771706,-91.48673682358927,Satellite/Crawfordsville/TP1/Crawfordsville-TP1-4351_22_19.TIF
Crawfordsville|4351|22|20,Crawfordsville,41.200025817689536,-91.4867010565385,Satellite/Crawfordsville/TP1/Crawfordsville-TP1-4351_22_20.TIF
Crawfordsville|4351|23|13,Crawfordsville,41.20008190348409,-91.48695915420684,Satellite/Crawfordsville/TP1/Crawfordsville-TP1-4351_23_13.TIF
Crawfordsville|4351|23|14,Crawfordsville,41.200082760686115,-91.48692156765252,Satellite/Crawfordsville/TP1/Crawfordsville-TP1-4351_23_14.TIF
Crawfordsville|4351|23|15,Crawfordsville,41.200082290660795,-91.48688580056795,Satellite/Crawfordsville/TP1/Crawfordsville-TP1-4351_23_15.TIF
Crawfordsville|4351|23|16,Crawfordsville,41.20008179712227,-91.48684824513008,Satellite/Crawfordsville/TP1/Crawfordsville-TP1-4351_23_16.TIF
Crawfordsville|4351|23|17,Crawfordsville,41.2000813035715,-91.48681068969312,Satellite/Crawfordsville/TP1/Crawfordsville-TP1-4351_23_17.TIF
Crawfordsville|4351|23|18,Crawfordsville,41.20008218422833,-91.48677489149276,Satellite/Crawfordsville/TP1/Crawfordsville-TP1-4351_23_18.TIF
Crawfordsville|4351|23|19,Crawfordsville,41.20008169065363,-91.48673733605686,Satellite/Crawfordsville/TP1/Crawfordsville-TP1-4351_23_19.TIF
Crawfordsville|4351|23|20,Crawfordsville,41.2000811970667,-91.4866997806219,Satellite/Crawfordsville/TP1/Crawfordsville-TP1-4351_23_20.TIF
Crawfordsville|4351|2|13,Crawfordsville,41.19893085776222,-91.48696777987253,Satellite/Crawfordsville/TP1/Crawfordsville-TP1-4351_2_13.TIF
Crawfordsville|4351|2|14,Crawfordsville,41.198930364261656,-91.48693022509141,Satellite/Crawfordsville/TP1/Crawfordsville-TP1-4351_2_14.TIF
Crawfordsville|4351|2|15,Crawfordsville,41.19892989424973,-91.48689445863408,Satellite/Crawfordsville/TP1/Crawfordsville-TP1-4351_2_15.TIF
Crawfordsville|4351|2|16,Crawfordsville,41.198930774943584,-91.48685866106214,Satellite/Crawfordsville/TP1/Crawfordsville-TP1-4351_2_16.TIF
Crawfordsville|4351|2|17,Crawfordsville,41.198930281407435,-91.48682110628296,Satellite/Crawfordsville/TP1/Crawfordsville-TP1-4351_2_17.TIF
Crawfordsville|4351|2|18,Crawfordsville,41.19892981136164,-91.48678533982748,Satellite/Crawfordsville/TP1/Crawfordsville-TP1-4351_2_18.TIF
Crawfordsville|4351|2|19,Crawfordsville,41.19893066851839,-91.4867477539324,Satellite/Crawfordsville/TP1/Crawfordsville-TP1-4351_2_19.TIF
Crawfordsville|4351|2|20,Crawfordsville,41.19893019844981,-91.48671198747792,Satellite/Crawfordsville/TP1/Crawfordsville-TP1-4351_2_20.TIF
Crawfordsville|4351|3|13,Crawfordsville,41.198984886439824,-91.48696653534316,Satellite/Crawfordsville/TP1/Crawfordsville-TP1-4351_3_13.TIF
Crawfordsville|4351|3|14,Crawfordsville,41.19898576715559,-91.48693073774152,Satellite/Crawfordsville/TP1/Crawfordsville-TP1-4351_3_14.TIF
Crawfordsville|4351|3|15,Crawfordsville,41.19898529714331,-91.48689497125402,Satellite/Crawfordsville/TP1/Crawfordsville-TP1-4351_3_15.TIF
Crawfordsville|4351|3|16,Crawfordsville,41.198984803618465,-91.48685741644304,Satellite/Crawfordsville/TP1/Crawfordsville-TP1-4351_3_16.TIF
Crawfordsville|4351|3|17,Crawfordsville,41.198985684300276,-91.486821618841,Satellite/Crawfordsville/TP1/Crawfordsville-TP1-4351_3_17.TIF
Crawfordsville|4351|3|18,Crawfordsville,41.19898519075151,-91.48678406403108,Satellite/Crawfordsville/TP1/Crawfordsville-TP1-4351_3_18.TIF
Crawfordsville|4351|3|19,Crawfordsville,41.19898472069369,-91.48674829754631,Satellite/Crawfordsville/TP1/Crawfordsville-TP1-4351_3_19.TIF
Crawfordsville|4351|3|20,Crawfordsville,41.19898422712103,-91.48671074273823,Satellite/Crawfordsville/TP1/Crawfordsville-TP1-4351_3_20.TIF
Crawfordsville|4351|4|13,Crawfordsville,41.19904028933364,-91.48696704802295,Satellite/Crawfordsville/TP1/Crawfordsville-TP1-4351_4_13.TIF
Crawfordsville|4351|4|14,Crawfordsville,41.199039795831766,-91.48692949317928,Satellite/Crawfordsville/TP1/Crawfordsville-TP1-4351_4_14.TIF
Crawfordsville|4351|4|15,Crawfordsville,41.19904067653547,-91.48689369554754,Satellite/Crawfordsville/TP1/Crawfordsville-TP1-4351_4_15.TIF
Crawfordsville|4351|4|16,Crawfordsville,41.19904020651117,-91.48685792903075,Satellite/Crawfordsville/TP1/Crawfordsville-TP1-4351_4_16.TIF
Crawfordsville|4351|4|17,Crawfordsville,41.19903971297373,-91.48682037418904,Satellite/Crawfordsville/TP1/Crawfordsville-TP1-4351_4_17.TIF
Crawfordsville|4351|4|18,Crawfordsville,41.19903924292667,-91.48678460767398,Satellite/Crawfordsville/TP1/Crawfordsville-TP1-4351_4_18.TIF
Crawfordsville|4351|4|19,Crawfordsville,41.1990401000821,-91.48674702171624,Satellite/Crawfordsville/TP1/Crawfordsville-TP1-4351_4_19.TIF
Crawfordsville|4351|4|20,Crawfordsville,41.19903963001226,-91.48671125520218,Satellite/Crawfordsville/TP1/Crawfordsville-TP1-4351_4_20.TIF
Crawfordsville|4351|5|13,Crawfordsville,41.1990956687271,-91.48696577237476,Satellite/Crawfordsville/TP1/Crawfordsville-TP1-4351_5_13.TIF
Crawfordsville|4351|5|14,Crawfordsville,41.19909519872467,-91.48693000582684,Satellite/Crawfordsville/TP1/Crawfordsville-TP1-4351_5_14.TIF
Crawfordsville|4351|5|15,Crawfordsville,41.19909470521019,-91.48689245095244,Satellite/Crawfordsville/TP1/Crawfordsville-TP1-4351_5_15.TIF
Crawfordsville|4351|5|16,Crawfordsville,41.19909423518501,-91.48685668440625,Satellite/Crawfordsville/TP1/Crawfordsville-TP1-4351_5_16.TIF
Crawfordsville|4351|5|17,Crawfordsville,41.19909511586555,-91.48682088674452,Satellite/Crawfordsville/TP1/Crawfordsville-TP1-4351_5_17.TIF
Crawfordsville|4351|5|18,Crawfordsville,41.19909462231548,-91.48678333187206,Satellite/Crawfordsville/TP1/Crawfordsville-TP1-4351_5_18.TIF
Crawfordsville|4351|5|19,Crawfordsville,41.199094152256414,-91.48674756532773,Satellite/Crawfordsville/TP1/Crawfordsville-TP1-4351_5_19.TIF
Crawfordsville|4351|5|20,Crawfordsville,41.19909500939919,-91.48670997933841,Satellite/Crawfordsville/TP1/Crawfordsville-TP1-4351_5_20.TIF
Crawfordsville|4351|6|13,Crawfordsville,41.19914972090297,-91.48696631616541,Satellite/Crawfordsville/TP1/Crawfordsville-TP1-4351_6_13.TIF
Crawfordsville|4351|6|14,Crawfordsville,41.199149227399786,-91.4869287612592,Satellite/Crawfordsville/TP1/Crawfordsville-TP1-4351_6_14.TIF
Crawfordsville|4351|6|15,Crawfordsville,41.19915010810224,-91.48689296356777,Satellite/Crawfordsville/TP1/Crawfordsville-TP1-4351_6_15.TIF
Crawfordsville|4351|6|16,Crawfordsville,41.19914961457513,-91.48685540866263,Satellite/Crawfordsville/TP1/Crawfordsville-TP1-4351_6_16.TIF
Crawfordsville|4351|6|17,Crawfordsville,41.199149144537934,-91.48681964208716,Satellite/Crawfordsville/TP1/Crawfordsville-TP1-4351_6_17.TIF
Crawfordsville|4351|6|18,Crawfordsville,41.19915002520642,-91.48678384439533,Satellite/Crawfordsville/TP1/Crawfordsville-TP1-4351_6_18.TIF
Crawfordsville|4351|6|19,Crawfordsville,41.19914953164375,-91.48674628949213,Satellite/Crawfordsville/TP1/Crawfordsville-TP1-4351_6_19.TIF
Crawfordsville|4351|6|20,Crawfordsville,41.199149038068825,-91.48670873458985,Satellite/Crawfordsville/TP1/Crawfordsville-TP1-4351_6_20.TIF
Crawfordsville|4351|7|13,Crawfordsville,41.199205100295366,-91.48696504051169,Satellite/Crawfordsville/TP1/Crawfordsville-TP1-4351_7_13.TIF
Crawfordsville|4351|7|14,Crawfordsville,41.1992046302917,-91.48692927390422,Satellite/Crawfordsville/TP1/Crawfordsville-TP1-4351_7_14.TIF
Crawfordsville|4351|7|15,Crawfordsville,41.19920413677591,-91.48689171896727,Satellite/Crawfordsville/TP1/Crawfordsville-TP1-4351_7_15.TIF
Crawfordsville|4351|7|16,Crawfordsville,41.199205017466305,-91.48685592124573,Satellite/Crawfordsville/TP1/Crawfordsville-TP1-4351_7_16.TIF
Crawfordsville|4351|7|17,Crawfordsville,41.19920452392659,-91.48681836630985,Satellite/Crawfordsville/TP1/Crawfordsville-TP1-4351_7_17.TIF
Crawfordsville|4351|7|18,Crawfordsville,41.199204053877395,-91.48678259970511,Satellite/Crawfordsville/TP1/Crawfordsville-TP1-4351_7_18.TIF
Crawfordsville|4351|7|19,Crawfordsville,41.19920356031378,-91.48674504477104,Satellite/Crawfordsville/TP1/Crawfordsville-TP1-4351_7_19.TIF
Crawfordsville|4351|7|20,Crawfordsville,41.199204440958525,-91.48670924704923,Satellite/Crawfordsville/TP1/Crawfordsville-TP1-4351_7_20.TIF
Crawfordsville|4351|8|13,Crawfordsville,41.199259152470255,-91.48696558429992,Satellite/Crawfordsville/TP1/Crawfordsville-TP1-4351_8_13.TIF
Crawfordsville|4351|8|14,Crawfordsville,41.199260009682625,-91.48692799821681,Satellite/Crawfordsville/TP1/Crawfordsville-TP1-4351_8_14.TIF
Crawfordsville|4351|8|15,Crawfordsville,41.199259539666954,-91.48689223158006,Satellite/Crawfordsville/TP1/Crawfordsville-TP1-4351_8_15.TIF
Crawfordsville|4351|8|16,Crawfordsville,41.19925904613855,-91.48685467661237,Satellite/Crawfordsville/TP1/Crawfordsville-TP1-4351_8_16.TIF
Crawfordsville|4351|8|17,Crawfordsville,41.19925857610011,-91.48681890997736,Satellite/Crawfordsville/TP1/Crawfordsville-TP1-4351_8_17.TIF
Crawfordsville|4351|8|18,Crawfordsville,41.19925943326455,-91.4867813238941,Satellite/Crawfordsville/TP1/Crawfordsville-TP1-4351_8_18.TIF
Crawfordsville|4351|8|19,Crawfordsville,41.19925896320334,-91.48674555726008,Satellite/Crawfordsville/TP1/Crawfordsville-TP1-4351_8_19.TIF
Crawfordsville|4351|8|20,Crawfordsville,41.199258469627104,-91.48670800229527,Satellite/Crawfordsville/TP1/Crawfordsville-TP1-4351_8_20.TIF
Crawfordsville|4351|9|13,Crawfordsville,41.19931453186158,-91.4869643086407,Satellite/Crawfordsville/TP1/Crawfordsville-TP1-4351_9_13.TIF
Crawfordsville|4351|9|14,Crawfordsville,41.19931406185668,-91.48692854197365,Satellite/Crawfordsville/TP1/Crawfordsville-TP1-4351_9_14.TIF
Crawfordsville|4351|9|15,Crawfordsville,41.19931356833958,-91.48689098697417,Satellite/Crawfordsville/TP1/Crawfordsville-TP1-4351_9_15.TIF
Crawfordsville|4351|9|16,Crawfordsville,41.19931444902871,-91.48685518919295,Satellite/Crawfordsville/TP1/Crawfordsville-TP1-4351_9_16.TIF
Crawfordsville|4351|9|17,Crawfordsville,41.19931395548768,-91.48681763419451,Satellite/Crawfordsville/TP1/Crawfordsville-TP1-4351_9_17.TIF
Crawfordsville|4351|9|18,Crawfordsville,41.19931348543724,-91.48678186753021,Satellite/Crawfordsville/TP1/Crawfordsville-TP1-4351_9_18.TIF
Crawfordsville|4351|9|19,Crawfordsville,41.19931434258904,-91.48674428141538,Satellite/Crawfordsville/TP1/Crawfordsville-TP1-4351_9_19.TIF
Crawfordsville|4351|9|20,Crawfordsville,41.1993138725158,-91.4867085147521,Satellite/Crawfordsville/TP1/Crawfordsville-TP1-4351_9_20.TIF
Crawfordsville|4352|10|2,Crawfordsville,41.19937377685414,-91.48736007447896,Satellite/Crawfordsville/TP1/Crawfordsville-TP1-4352_10_2.TIF
Crawfordsville|4352|10|3,Crawfordsville,41.19937330697159,-91.48732430777314,Satellite/Crawfordsville/TP1/Crawfordsville-TP1-4352_10_3.TIF
Crawfordsville|4352|10|4,Crawfordsville,41.199372837077945,-91.48728854106815,Satellite/Crawfordsville/TP1/Crawfordsville-TP1-4352_10_4.TIF
Crawfordsville|4352|10|5,Crawfordsville,41.19937234367766,-91.48725098602883,Satellite/Crawfordsville/TP1/Crawfordsville-TP1-4352_10_5.TIF
Crawfordsville|4352|10|6,Crawfordsville,41.19937187376125,-91.48721521932556,Satellite/Crawfordsville/TP1/Crawfordsville-TP1-4352_10_6.TIF
Crawfordsville|4352|10|7,Crawfordsville,41.19937140383374,-91.48717945262315,Satellite/Crawfordsville/TP1/Crawfordsville-TP1-4352_10_7.TIF
Crawfordsville|4352|10|8,Crawfordsville,41.19937093389513,-91.4871436859216,Satellite/Crawfordsville/TP1/Crawfordsville-TP1-4352_10_8.TIF
Crawfordsville|4352|10|9,Crawfordsville,41.1993704639454,-91.48710791922089,Satellite/Crawfordsville/TP1/Crawfordsville-TP1-4352_10_9.TIF
Crawfordsville|4352|11|2,Crawfordsville,41.19942782903124,-91.48736061858959,Satellite/Crawfordsville/TP1/Crawfordsville-TP1-4352_11_2.TIF
Crawfordsville|4352|11|3,Crawfordsville,41.19942735914836,-91.48732485185432,Satellite/Crawfordsville/TP1/Crawfordsville-TP1-4352_11_3.TIF
Crawfordsville|4352|11|4,Crawfordsville,41.1994268657594,-91.4872872967832,Satellite/Crawfordsville/TP1/Crawfordsville-TP1-4352_11_4.TIF
Crawfordsville|4352|11|5,Crawfordsville,41.199426395853756,-91.48725153004968,Satellite/Crawfordsville/TP1/Crawfordsville-TP1-4352_11_5.TIF
Crawfordsville|4352|11|6,Crawfordsville,41.199425925937014,-91.48721576331698,Satellite/Crawfordsville/TP1/Crawfordsville-TP1-4352_11_6.TIF
Crawfordsville|4352|11|7,Crawfordsville,41.199425432512484,-91.48717820824858,Satellite/Crawfordsville/TP1/Crawfordsville-TP1-4352_11_7.TIF
Crawfordsville|4352|11|8,Crawfordsville,41.19942496257298,-91.48714244151762,Satellite/Crawfordsville/TP1/Crawfordsville-TP1-4352_11_8.TIF
Crawfordsville|4352|11|9,Crawfordsville,41.19942449262238,-91.48710667478753,Satellite/Crawfordsville/TP1/Crawfordsville-TP1-4352_11_9.TIF
Crawfordsville|4352|12|2,Crawfordsville,41.19948320843105,-91.48735934325578,Satellite/Crawfordsville/TP1/Crawfordsville-TP1-4352_12_2.TIF
Crawfordsville|4352|12|3,Crawfordsville,41.19948273854727,-91.48732357649038,Satellite/Crawfordsville/TP1/Crawfordsville-TP1-4352_12_3.TIF
Crawfordsville|4352|12|4,Crawfordsville,41.19948226865237,-91.48728780972583,Satellite/Crawfordsville/TP1/Crawfordsville-TP1-4352_12_4.TIF
Crawfordsville|4352|12|5,Crawfordsville,41.19948179874638,-91.48725204296213,Satellite/Crawfordsville/TP1/Crawfordsville-TP1-4352_12_5.TIF
Crawfordsville|4352|12|6,Crawfordsville,41.19948130533312,-91.48721448786115,Satellite/Crawfordsville/TP1/Crawfordsville-TP1-4352_12_6.TIF
Crawfordsville|4352|12|7,Crawfordsville,41.19948083540438,-91.4871787210992,Satellite/Crawfordsville/TP1/Crawfordsville-TP1-4352_12_7.TIF
Crawfordsville|4352|12|8,Crawfordsville,41.19948036546452,-91.48714295433807,Satellite/Crawfordsville/TP1/Crawfordsville-TP1-4352_12_8.TIF
Crawfordsville|4352|12|9,Crawfordsville,41.199479872015715,-91.4871053992398,Satellite/Crawfordsville/TP1/Crawfordsville-TP1-4352_12_9.TIF
Crawfordsville|4352|13|2,Crawfordsville,41.19953861132422,-91.48735985625821,Satellite/Crawfordsville/TP1/Crawfordsville-TP1-4352_13_2.TIF
Crawfordsville|4352|13|3,Crawfordsville,41.199538117945586,-91.48732230112289,Satellite/Crawfordsville/TP1/Crawfordsville-TP1-4352_13_3.TIF
Crawfordsville|4352|13|4,Crawfordsville,41.19953764804978,-91.48728653432822,Satellite/Crawfordsville/TP1/Crawfordsville-TP1-4352_13_4.TIF
Crawfordsville|4352|13|5,Crawfordsville,41.19953717814288,-91.48725076753438,Satellite/Crawfordsville/TP1/Crawfordsville-TP1-4352_13_5.TIF
Crawfordsville|4352|13|6,Crawfordsville,41.199536708224876,-91.48721500074139,Satellite/Crawfordsville/TP1/Crawfordsville-TP1-4352_13_6.TIF
Crawfordsville|4352|13|7,Crawfordsville,41.199536238295764,-91.48717923394926,Satellite/Crawfordsville/TP1/Crawfordsville-TP1-4352_13_7.TIF
Crawfordsville|4352|13|8,Crawfordsville,41.199535744858245,-91.48714167881842,Satellite/Crawfordsville/TP1/Crawfordsville-TP1-4352_13_8.TIF
Crawfordsville|4352|13|9,Crawfordsville,41.199535274906374,-91.48710591202803,Satellite/Crawfordsville/TP1/Crawfordsville-TP1-4352_13_9.TIF
Crawfordsville|4352|14|2,Crawfordsville,41.1995926400059,-91.48735861202466,Satellite/Crawfordsville/TP1/Crawfordsville-TP1-4352_14_2.TIF
Crawfordsville|4352|14|3,Crawfordsville,41.19959217012087,-91.48732284519971,Satellite/Crawfordsville/TP1/Crawfordsville-TP1-4352_14_3.TIF
Crawfordsville|4352|14|4,Crawfordsville,41.19959170022474,-91.4872870783756,Satellite/Crawfordsville/TP1/Crawfordsville-TP1-4352_14_4.TIF
Crawfordsville|4352|14|5,Crawfordsville,41.19959120682185,-91.48724952321119,Satellite/Crawfordsville/TP1/Crawfordsville-TP1-4352_14_5.TIF
Crawfordsville|4352|14|6,Crawfordsville,41.19959073690295,-91.48721375638881,Satellite/Crawfordsville/TP1/Crawfordsville-TP1-4352_14_6.TIF
Crawfordsville|4352|14|7,Crawfordsville,41.19959026697295,-91.48717798956729,Satellite/Crawfordsville/TP1/Crawfordsville-TP1-4352_14_7.TIF
Crawfordsville|4352|14|8,Crawfordsville,41.19958979703185,-91.4871422227466,Satellite/Crawfordsville/TP1/Crawfordsville-TP1-4352_14_8.TIF
Crawfordsville|4352|14|9,Crawfordsville,41.19958932707965,-91.48710645592676,Satellite/Crawfordsville/TP1/Crawfordsville-TP1-4352_14_9.TIF
Crawfordsville|4352|15|2,Crawfordsville,41.19964669218105,-91.48735915613048,Satellite/Crawfordsville/TP1/Crawfordsville-TP1-4352_15_2.TIF
Crawfordsville|4352|15|3,Crawfordsville,41.199646222295684,-91.48732338927609,Satellite/Crawfordsville/TP1/Crawfordsville-TP1-4352_15_3.TIF
Crawfordsville|4352|15|4,Crawfordsville,41.1996457289041,-91.48728583407988,Satellite/Crawfordsville/TP1/Crawfordsville-TP1-4352_15_4.TIF
Crawfordsville|4352|15|5,Crawfordsville,41.19964525899597,-91.48725006722722,Satellite/Crawfordsville/TP1/Crawfordsville-TP1-4352_15_5.TIF
Crawfordsville|4352|15|6,Crawfordsville,41.19964478907674,-91.48721430037541,Satellite/Crawfordsville/TP1/Crawfordsville-TP1-4352_15_6.TIF
Crawfordsville|4352|15|7,Crawfordsville,41.19964429564961,-91.48717674518191,Satellite/Crawfordsville/TP1/Crawfordsville-TP1-4352_15_7.TIF
Crawfordsville|4352|15|8,Crawfordsville,41.19964382570761,-91.48714097833185,Satellite/Crawfordsville/TP1/Crawfordsville-TP1-4352_15_8.TIF
Crawfordsville|4352|15|9,Crawfordsville,41.19964335575452,-91.48710521148261,Satellite/Crawfordsville/TP1/Crawfordsville-TP1-4352_15_9.TIF
Crawfordsville|4352|16|2,Crawfordsville,41.199702071578685,-91.48735788078562,Satellite/Crawfordsville/TP1/Crawfordsville-TP1-4352_16_2.TIF
Crawfordsville|4352|16|3,Crawfordsville,41.19970160169241,-91.4873221139011,Satellite/Crawfordsville/TP1/Crawfordsville-TP1-4352_16_3.TIF
Crawfordsville|4352|16|4,Crawfordsville,41.19970113179503,-91.48728634701742,Satellite/Crawfordsville/TP1/Crawfordsville-TP1-4352_16_4.TIF
Crawfordsville|4352|16|5,Crawfordsville,41.19970066188655,-91.4872505801346,Satellite/Crawfordsville/TP1/Crawfordsville-TP1-4352_16_5.TIF
Crawfordsville|4352|16|6,Crawfordsville,41.1997001684707,-91.48721302490853,Satellite/Crawfordsville/TP1/Crawfordsville-TP1-4352_16_6.TIF
Crawfordsville|4352|16|7,Crawfordsville,41.199699698539455,-91.48717725802744,Satellite/Crawfordsville/TP1/Crawfordsville-TP1-4352_16_7.TIF
Crawfordsville|4352|16|8,Crawfordsville,41.19969922859711,-91.4871414911472,Satellite/Crawfordsville/TP1/Crawfordsville-TP1-4352_16_8.TIF
Crawfordsville|4352|16|9,Crawfordsville,41.19969873514569,-91.48710393592386,Satellite/Crawfordsville/TP1/Crawfordsville-TP1-4352_16_9.TIF
Crawfordsville|4352|17|2,Crawfordsville,41.199757474469834,-91.48735839378296,Satellite/Crawfordsville/TP1/Crawfordsville-TP1-4352_17_2.TIF
Crawfordsville|4352|17|3,Crawfordsville,41.19975698108858,-91.48732083852255,Satellite/Crawfordsville/TP1/Crawfordsville-TP1-4352_17_3.TIF
Crawfordsville|4352|17|4,Crawfordsville,41.19975651119029,-91.48728507160875,Satellite/Crawfordsville/TP1/Crawfordsville-TP1-4352_17_4.TIF
Crawfordsville|4352|17|5,Crawfordsville,41.19975604128091,-91.48724930469578,Satellite/Crawfordsville/TP1/Crawfordsville-TP1-4352_17_5.TIF
Crawfordsville|4352|17|6,Crawfordsville,41.199755571360406,-91.48721353778369,Satellite/Crawfordsville/TP1/Crawfordsville-TP1-4352_17_6.TIF
Crawfordsville|4352|17|7,Crawfordsville,41.199755101428806,-91.48717777087242,Satellite/Crawfordsville/TP1/Crawfordsville-TP1-4352_17_7.TIF
Crawfordsville|4352|17|8,Crawfordsville,41.19975460798868,-91.4871402156165,Satellite/Crawfordsville/TP1/Crawfordsville-TP1-4352_17_8.TIF
Crawfordsville|4352|17|9,Crawfordsville,41.199754138034315,-91.48710444870697,Satellite/Crawfordsville/TP1/Crawfordsville-TP1-4352_17_9.TIF
Crawfordsville|4352|18|2,Crawfordsville,41.19981150314941,-91.48735714953864,Satellite/Crawfordsville/TP1/Crawfordsville-TP1-4352_18_2.TIF
Crawfordsville|4352|18|3,Crawfordsville,41.199811033261895,-91.48732138259456,Satellite/Crawfordsville/TP1/Crawfordsville-TP1-4352_18_3.TIF
Crawfordsville|4352|18|4,Crawfordsville,41.19981056336327,-91.48728561565132,Satellite/Crawfordsville/TP1/Crawfordsville-TP1-4352_18_4.TIF
Crawfordsville|4352|18|5,Crawfordsville,41.19981006995776,-91.48724806036182,Satellite/Crawfordsville/TP1/Crawfordsville-TP1-4352_18_5.TIF
Crawfordsville|4352|18|6,Crawfordsville,41.19980960003639,-91.48721229342031,Satellite/Crawfordsville/TP1/Crawfordsville-TP1-4352_18_6.TIF
Crawfordsville|4352|18|7,Crawfordsville,41.19980913010391,-91.48717652647966,Satellite/Crawfordsville/TP1/Crawfordsville-TP1-4352_18_7.TIF
Crawfordsville|4352|18|8,Crawfordsville,41.19980866016031,-91.48714075953986,Satellite/Crawfordsville/TP1/Crawfordsville-TP1-4352_18_8.TIF
Crawfordsville|4352|18|9,Crawfordsville,41.19980816670759,-91.48710320425397,Satellite/Crawfordsville/TP1/Crawfordsville-TP1-4352_18_9.TIF
Crawfordsville|4352|19|2,Crawfordsville,41.19986690603955,-91.48735766253344,Satellite/Crawfordsville/TP1/Crawfordsville-TP1-4352_19_2.TIF
Crawfordsville|4352|19|3,Crawfordsville,41.19986643615168,-91.48732189555918,Satellite/Crawfordsville/TP1/Crawfordsville-TP1-4352_19_3.TIF
Crawfordsville|4352|19|4,Crawfordsville,41.19986594275746,-91.48728434023712,Satellite/Crawfordsville/TP1/Crawfordsville-TP1-4352_19_4.TIF
Crawfordsville|4352|19|5,Crawfordsville,41.19986547284683,-91.4872485732646,Satellite/Crawfordsville/TP1/Crawfordsville-TP1-4352_19_5.TIF
Crawfordsville|4352|19|6,Crawfordsville,41.19986497942872,-91.48721101794436,Satellite/Crawfordsville/TP1/Crawfordsville-TP1-4352_19_6.TIF
Crawfordsville|4352|19|7,Crawfordsville,41.19986450949531,-91.48717525097356,Satellite/Crawfordsville/TP1/Crawfordsville-TP1-4352_19_7.TIF
Crawfordsville|4352|19|8,Crawfordsville,41.19986403955082,-91.48713948400363,Satellite/Crawfordsville/TP1/Crawfordsville-TP1-4352_19_8.TIF
Crawfordsville|4352|19|9,Crawfordsville,41.199863569595216,-91.48710371703454,Satellite/Crawfordsville/TP1/Crawfordsville-TP1-4352_19_9.TIF
Crawfordsville|4352|20|2,Crawfordsville,41.19992228543506,-91.48735638717744,Satellite/Crawfordsville/TP1/Crawfordsville-TP1-4352_20_2.TIF
Crawfordsville|4352|20|3,Crawfordsville,41.19992181554627,-91.48732062017307,Satellite/Crawfordsville/TP1/Crawfordsville-TP1-4352_20_3.TIF
Crawfordsville|4352|20|4,Crawfordsville,41.19992134564638,-91.48728485316951,Satellite/Crawfordsville/TP1/Crawfordsville-TP1-4352_20_4.TIF
Crawfordsville|4352|20|5,Crawfordsville,41.19992085223955,-91.48724729781671,Satellite/Crawfordsville/TP1/Crawfordsville-TP1-4352_20_5.TIF
Crawfordsville|4352|20|6,Crawfordsville,41.1999203823169,-91.4872115308149,Satellite/Crawfordsville/TP1/Crawfordsville-TP1-4352_20_6.TIF
Crawfordsville|4352|20|7,Crawfordsville,41.199919912383145,-91.48717576381395,Satellite/Crawfordsville/TP1/Crawfordsville-TP1-4352_20_7.TIF
Crawfordsville|4352|20|8,Crawfordsville,41.19991941894075,-91.48713820846386,Satellite/Crawfordsville/TP1/Crawfordsville-TP1-4352_20_8.TIF
Crawfordsville|4352|20|9,Crawfordsville,41.19991894898425,-91.48710244146464,Satellite/Crawfordsville/TP1/Crawfordsville-TP1-4352_20_9.TIF
Crawfordsville|4352|21|2,Crawfordsville,41.19997633760722,-91.48735693127598,Satellite/Crawfordsville/TP1/Crawfordsville-TP1-4352_21_2.TIF
Crawfordsville|4352|21|3,Crawfordsville,41.19997584422335,-91.4873193758905,Satellite/Crawfordsville/TP1/Crawfordsville-TP1-4352_21_3.TIF
Crawfordsville|4352|21|4,Crawfordsville,41.199975374322584,-91.48728360885755,Satellite/Crawfordsville/TP1/Crawfordsville-TP1-4352_21_4.TIF
Crawfordsville|4352|21|5,Crawfordsville,41.199974904410695,-91.48724784182548,Satellite/Crawfordsville/TP1/Crawfordsville-TP1-4352_21_5.TIF
Crawfordsville|4352|21|6,Crawfordsville,41.199974434487714,-91.48721207479423,Satellite/Crawfordsville/TP1/Crawfordsville-TP1-4352_21_6.TIF
Crawfordsville|4352|21|7,Crawfordsville,41.19997394105664,-91.48717451941235,Satellite/Crawfordsville/TP1/Crawfordsville-TP1-4352_21_7.TIF
Crawfordsville|4352|21|8,Crawfordsville,41.199973471110894,-91.48713875238285,Satellite/Crawfordsville/TP1/Crawfordsville-TP1-4352_21_8.TIF
Crawfordsville|4352|21|9,Crawfordsville,41.19997300115404,-91.48710298535418,Satellite/Crawfordsville/TP1/Crawfordsville-TP1-4352_21_9.TIF
Crawfordsville|4352|22|2,Crawfordsville,41.2000303662847,-91.48735568702088,Satellite/Crawfordsville/TP1/Crawfordsville-TP1-4352_22_2.TIF
Crawfordsville|4352|22|3,Crawfordsville,41.200029896394696,-91.48731991995766,Satellite/Crawfordsville/TP1/Crawfordsville-TP1-4352_22_3.TIF
Crawfordsville|4352|22|4,Crawfordsville,41.20002940299824,-91.4872823645422,Satellite/Crawfordsville/TP1/Crawfordsville-TP1-4352_22_4.TIF
Crawfordsville|4352|22|5,Crawfordsville,41.20002893308547,-91.48724659748072,Satellite/Crawfordsville/TP1/Crawfordsville-TP1-4352_22_5.TIF
Crawfordsville|4352|22|6,Crawfordsville,41.20002846316161,-91.48721083042008,Satellite/Crawfordsville/TP1/Crawfordsville-TP1-4352_22_6.TIF
Crawfordsville|4352|22|7,Crawfordsville,41.20002934394345,-91.48717503225018,Satellite/Crawfordsville/TP1/Crawfordsville-TP1-4352_22_7.TIF
Crawfordsville|4352|22|8,Crawfordsville,41.20002887399735,-91.4871392651905,Satellite/Crawfordsville/TP1/Crawfordsville-TP1-4352_22_8.TIF
Crawfordsville|4352|22|9,Crawfordsville,41.200028380541994,-91.48710170977876,Satellite/Crawfordsville/TP1/Crawfordsville-TP1-4352_22_9.TIF
Crawfordsville|4352|23|2,Crawfordsville,41.200085769172816,-91.48735620001058,Satellite/Crawfordsville/TP1/Crawfordsville-TP1-4352_23_2.TIF
Crawfordsville|4352|23|3,Crawfordsville,41.20008527578764,-91.48731864456255,Satellite/Crawfordsville/TP1/Crawfordsville-TP1-4352_23_3.TIF
Crawfordsville|4352|23|4,Crawfordsville,41.20008480588562,-91.48728287747005,Satellite/Crawfordsville/TP1/Crawfordsville-TP1-4352_23_4.TIF
Crawfordsville|4352|23|5,Crawfordsville,41.2000843359725,-91.4872471103784,Satellite/Crawfordsville/TP1/Crawfordsville-TP1-4352_23_5.TIF
Crawfordsville|4352|23|6,Crawfordsville,41.20008384255178,-91.48720955493309,Satellite/Crawfordsville/TP1/Crawfordsville-TP1-4352_23_6.TIF
Crawfordsville|4352|23|7,Crawfordsville,41.20008337261589,-91.48717378784316,Satellite/Crawfordsville/TP1/Crawfordsville-TP1-4352_23_7.TIF
Crawfordsville|4352|23|8,Crawfordsville,41.20008425338569,-91.48713798964314,Satellite/Crawfordsville/TP1/Crawfordsville-TP1-4352_23_8.TIF
Crawfordsville|4352|23|9,Crawfordsville,41.20008378342757,-91.4871022225542,Satellite/Crawfordsville/TP1/Crawfordsville-TP1-4352_23_9.TIF
Crawfordsville|4352|2|2,Crawfordsville,41.19893472330229,-91.48736481872079,Satellite/Crawfordsville/TP1/Crawfordsville-TP1-4352_2_2.TIF
Crawfordsville|4352|2|3,Crawfordsville,41.19893422993115,-91.48732726393057,Satellite/Crawfordsville/TP1/Crawfordsville-TP1-4352_2_3.TIF
Crawfordsville|4352|2|4,Crawfordsville,41.1989337600425,-91.48729149746457,Satellite/Crawfordsville/TP1/Crawfordsville-TP1-4352_2_4.TIF
Crawfordsville|4352|2|5,Crawfordsville,41.19893329014275,-91.48725573099941,Satellite/Crawfordsville/TP1/Crawfordsville-TP1-4352_2_5.TIF
Crawfordsville|4352|2|6,Crawfordsville,41.19893279673605,-91.4872181762119,Satellite/Crawfordsville/TP1/Crawfordsville-TP1-4352_2_6.TIF
Crawfordsville|4352|2|7,Crawfordsville,41.19893232681353,-91.48718240974848,Satellite/Crawfordsville/TP1/Crawfordsville-TP1-4352_2_7.TIF
Crawfordsville|4352|2|8,Crawfordsville,41.198931856879916,-91.48714664328591,Satellite/Crawfordsville/TP1/Crawfordsville-TP1-4352_2_8.TIF
Crawfordsville|4352|2|9,Crawfordsville,41.198931386935186,-91.48711087682418,Satellite/Crawfordsville/TP1/Crawfordsville-TP1-4352_2_9.TIF
Crawfordsville|4352|3|2,Crawfordsville,41.19899010270696,-91.48736354341263,Satellite/Crawfordsville/TP1/Crawfordsville-TP1-4352_3_2.TIF
Crawfordsville|4352|3|3,Crawfordsville,41.198989632829054,-91.4873277769156,Satellite/Crawfordsville/TP1/Crawfordsville-TP1-4352_3_3.TIF
Crawfordsville|4352|3|4,Crawfordsville,41.19898916294005,-91.48729201041944,Satellite/Crawfordsville/TP1/Crawfordsville-TP1-4352_3_4.TIF
Crawfordsville|4352|3|5,Crawfordsville,41.19898866954464,-91.48725445559936,Satellite/Crawfordsville/TP1/Crawfordsville-TP1-4352_3_5.TIF
Crawfordsville|4352|3|6,Crawfordsville,41.198988199632865,-91.48721868910492,Satellite/Crawfordsville/TP1/Crawfordsville-TP1-4352_3_6.TIF
Crawfordsville|4352|3|7,Crawfordsville,41.19898772970999,-91.48718292261132,Satellite/Crawfordsville/TP1/Crawfordsville-TP1-4352_3_7.TIF
Crawfordsville|4352|3|8,Crawfordsville,41.19898723627903,-91.48714536779397,Satellite/Crawfordsville/TP1/Crawfordsville-TP1-4352_3_8.TIF
Crawfordsville|4352|3|9,Crawfordsville,41.19898676633339,-91.48710960130211,Satellite/Crawfordsville/TP1/Crawfordsville-TP1-4352_3_9.TIF
Crawfordsville|4352|4|2,Crawfordsville,41.19904413139388,-91.48736229920611,Satellite/Crawfordsville/TP1/Crawfordsville-TP1-4352_4_2.TIF
Crawfordsville|4352|4|3,Crawfordsville,41.19904366151509,-91.4873265326797,Satellite/Crawfordsville/TP1/Crawfordsville-TP1-4352_4_3.TIF
Crawfordsville|4352|4|4,Crawfordsville,41.19904319162519,-91.48729076615413,Satellite/Crawfordsville/TP1/Crawfordsville-TP1-4352_4_4.TIF
Crawfordsville|4352|4|5,Crawfordsville,41.1990427217242,-91.48725499962941,Satellite/Crawfordsville/TP1/Crawfordsville-TP1-4352_4_5.TIF
Crawfordsville|4352|4|6,Crawfordsville,41.199042251812095,-91.48721923310555,Satellite/Crawfordsville/TP1/Crawfordsville-TP1-4352_4_6.TIF
Crawfordsville|4352|4|7,Crawfordsville,41.19904175839244,-91.48718167825639,Satellite/Crawfordsville/TP1/Crawfordsville-TP1-4352_4_7.TIF
Crawfordsville|4352|4|8,Crawfordsville,41.199041288457565,-91.48714591173425,Satellite/Crawfordsville/TP1/Crawfordsville-TP1-4352_4_8.TIF
Crawfordsville|4352|4|9,Crawfordsville,41.19904081851161,-91.48711014521295,Satellite/Crawfordsville/TP1/Crawfordsville-TP1-4352_4_9.TIF
Crawfordsville|4352|5|2,Crawfordsville,41.19909818357396,-91.48736284332402,Satellite/Crawfordsville/TP1/Crawfordsville-TP1-4352_5_2.TIF
Crawfordsville|4352|5|3,Crawfordsville,41.19909769020059,-91.48732528844042,Satellite/Crawfordsville/TP1/Crawfordsville-TP1-4352_5_3.TIF
Crawfordsville|4352|5|4,Crawfordsville,41.19909722030981,-91.48728952188546,Satellite/Crawfordsville/TP1/Crawfordsville-TP1-4352_5_4.TIF
Crawfordsville|4352|5|5,Crawfordsville,41.19909675040792,-91.48725375533132,Satellite/Crawfordsville/TP1/Crawfordsville-TP1-4352_5_5.TIF
Crawfordsville|4352|5|6,Crawfordsville,41.199096280494935,-91.48721798877807,Satellite/Crawfordsville/TP1/Crawfordsville-TP1-4352_5_6.TIF
Crawfordsville|4352|5|7,Crawfordsville,41.19909581057084,-91.48718222222564,Satellite/Crawfordsville/TP1/Crawfordsville-TP1-4352_5_7.TIF
Crawfordsville|4352|5|8,Crawfordsville,41.199095340635644,-91.48714645567408,Satellite/Crawfordsville/TP1/Crawfordsville-TP1-4352_5_8.TIF
Crawfordsville|4352|5|9,Crawfordsville,41.19909484719174,-91.48710890079585,Satellite/Crawfordsville/TP1/Crawfordsville-TP1-4352_5_9.TIF
Crawfordsville|4352|6|2,Crawfordsville,41.199153562976996,-91.48736156800688,Satellite/Crawfordsville/TP1/Crawfordsville-TP1-4352_6_2.TIF
Crawfordsville|4352|6|3,Crawfordsville,41.19915309309697,-91.4873258014209,Satellite/Crawfordsville/TP1/Crawfordsville-TP1-4352_6_3.TIF
Crawfordsville|4352|6|4,Crawfordsville,41.199152623205826,-91.48729003483577,Satellite/Crawfordsville/TP1/Crawfordsville-TP1-4352_6_4.TIF
Crawfordsville|4352|6|5,Crawfordsville,41.19915212980818,-91.48725247992229,Satellite/Crawfordsville/TP1/Crawfordsville-TP1-4352_6_5.TIF
Crawfordsville|4352|6|6,Crawfordsville,41.199151659894284,-91.4872167133389,Satellite/Crawfordsville/TP1/Crawfordsville-TP1-4352_6_6.TIF
Crawfordsville|4352|6|7,Crawfordsville,41.19915118996928,-91.48718094675635,Satellite/Crawfordsville/TP1/Crawfordsville-TP1-4352_6_7.TIF
Crawfordsville|4352|6|8,Crawfordsville,41.19915072003317,-91.48714518017465,Satellite/Crawfordsville/TP1/Crawfordsville-TP1-4352_6_8.TIF
Crawfordsville|4352|6|9,Crawfordsville,41.199150250085964,-91.4871094135938,Satellite/Crawfordsville/TP1/Crawfordsville-TP1-4352_6_9.TIF
Crawfordsville|4352|7|2,Crawfordsville,41.199208965873225,-91.48736208101698,Satellite/Crawfordsville/TP1/Crawfordsville-TP1-4352_7_2.TIF
Crawfordsville|4352|7|3,Crawfordsville,41.19920849599284,-91.48732631440083,Satellite/Crawfordsville/TP1/Crawfordsville-TP1-4352_7_3.TIF
Crawfordsville|4352|7|4,Crawfordsville,41.199208002606476,-91.48728875945478,Satellite/Crawfordsville/TP1/Crawfordsville-TP1-4352_7_4.TIF
Crawfordsville|4352|7|5,Crawfordsville,41.199207532703326,-91.48725299284038,Satellite/Crawfordsville/TP1/Crawfordsville-TP1-4352_7_5.TIF
Crawfordsville|4352|7|6,Crawfordsville,41.19920706278907,-91.48721722622682,Satellite/Crawfordsville/TP1/Crawfordsville-TP1-4352_7_6.TIF
Crawfordsville|4352|7|7,Crawfordsville,41.19920659286371,-91.4871814596141,Satellite/Crawfordsville/TP1/Crawfordsville-TP1-4352_7_7.TIF
Crawfordsville|4352|7|8,Crawfordsville,41.19920609943013,-91.48714390467167,Satellite/Crawfordsville/TP1/Crawfordsville-TP1-4352_7_8.TIF
Crawfordsville|4352|7|9,Crawfordsville,41.19920562948201,-91.48710813806069,Satellite/Crawfordsville/TP1/Crawfordsville-TP1-4352_7_9.TIF
Crawfordsville|4352|8|2,Crawfordsville,41.19926299455806,-91.4873608367997,Satellite/Crawfordsville/TP1/Crawfordsville-TP1-4352_8_2.TIF
Crawfordsville|4352|8|3,Crawfordsville,41.199262524676776,-91.48732507015414,Satellite/Crawfordsville/TP1/Crawfordsville-TP1-4352_8_3.TIF
Crawfordsville|4352|8|4,Crawfordsville,41.199262054784406,-91.48728930350946,Satellite/Crawfordsville/TP1/Crawfordsville-TP1-4352_8_4.TIF
Crawfordsville|4352|8|5,Crawfordsville,41.19926158488091,-91.48725353686562,Satellite/Crawfordsville/TP1/Crawfordsville-TP1-4352_8_5.TIF
Crawfordsville|4352|8|6,Crawfordsville,41.19926111496632,-91.48721777022263,Satellite/Crawfordsville/TP1/Crawfordsville-TP1-4352_8_6.TIF
Crawfordsville|4352|8|7,Crawfordsville,41.199260621544056,-91.48718021524837,Satellite/Crawfordsville/TP1/Crawfordsville-TP1-4352_8_7.TIF
Crawfordsville|4352|8|8,Crawfordsville,41.1992601516067,-91.48714444860713,Satellite/Crawfordsville/TP1/Crawfordsville-TP1-4352_8_8.TIF
Crawfordsville|4352|8|9,Crawfordsville,41.19925968165825,-91.4871086819667,Satellite/Crawfordsville/TP1/Crawfordsville-TP1-4352_8_9.TIF
Crawfordsville|4352|9|2,Crawfordsville,41.199318397453254,-91.48736134980726,Satellite/Crawfordsville/TP1/Crawfordsville-TP1-4352_9_2.TIF
Crawfordsville|4352|9|3,Crawfordsville,41.199317904077255,-91.48732379479779,Satellite/Crawfordsville/TP1/Crawfordsville-TP1-4352_9_3.TIF
Crawfordsville|4352|9|4,Crawfordsville,41.19931743418395,-91.48728802812298,Satellite/Crawfordsville/TP1/Crawfordsville-TP1-4352_9_4.TIF
Crawfordsville|4352|9|5,Crawfordsville,41.19931696427956,-91.487252261449,Satellite/Crawfordsville/TP1/Crawfordsville-TP1-4352_9_5.TIF
Crawfordsville|4352|9|6,Crawfordsville,41.19931649436406,-91.48721649477586,Satellite/Crawfordsville/TP1/Crawfordsville-TP1-4352_9_6.TIF
Crawfordsville|4352|9|7,Crawfordsville,41.19931602443746,-91.4871807281036,Satellite/Crawfordsville/TP1/Crawfordsville-TP1-4352_9_7.TIF
Crawfordsville|4352|9|8,Crawfordsville,41.199315554499755,-91.48714496143216,Satellite/Crawfordsville/TP1/Crawfordsville-TP1-4352_9_8.TIF
Crawfordsville|4352|9|9,Crawfordsville,41.19931506105321,-91.48710740642808,Satellite/Crawfordsville/TP1/Crawfordsville-TP1-4352_9_9.TIF
Crawfordsville|4353|10|42,Crawfordsville,41.198208279348776,-91.48647460316666,Satellite/Crawfordsville/TP1/Crawfordsville-TP1-4353_10_42.TIF
Crawfordsville|4353|10|43,Crawfordsville,41.19820739876755,-91.48651040034603,Satellite/Crawfordsville/TP1/Crawfordsville-TP1-4353_10_43.TIF
Crawfordsville|4353|10|44,Crawfordsville,41.19820789239795,-91.48654795470664,Satellite/Crawfordsville/TP1/Crawfordsville-TP1-4353_10_44.TIF
Crawfordsville|4353|10|45,Crawfordsville,41.1982070117939,-91.4865837518855,Satellite/Crawfordsville/TP1/Crawfordsville-TP1-4353_10_45.TIF
Crawfordsville|4353|10|46,Crawfordsville,41.198207481895594,-91.48661951794418,Satellite/Crawfordsville/TP1/Crawfordsville-TP1-4353_10_46.TIF
Crawfordsville|4353|11|42,Crawfordsville,41.1981528764523,-91.4864740908877,Satellite/Crawfordsville/TP1/Crawfordsville-TP1-4353_11_42.TIF
Crawfordsville|4353|11|43,Crawfordsville,41.19815337009401,-91.4865116452165,Satellite/Crawfordsville/TP1/Crawfordsville-TP1-4353_11_43.TIF
Crawfordsville|4353|11|44,Crawfordsville,41.198152489500735,-91.48654744236578,Satellite/Crawfordsville/TP1/Crawfordsville-TP1-4353_11_44.TIF
Crawfordsville|4353|11|45,Crawfordsville,41.198152959613196,-91.48658320839418,Satellite/Crawfordsville/TP1/Crawfordsville-TP1-4353_11_45.TIF
Crawfordsville|4353|11|46,Crawfordsville,41.19815207899765,-91.48661900554295,Satellite/Crawfordsville/TP1/Crawfordsville-TP1-4353_11_46.TIF
Crawfordsville|4353|12|42,Crawfordsville,41.19809747355529,-91.48647357860818,Satellite/Crawfordsville/TP1/Crawfordsville-TP1-4353_12_42.TIF
Crawfordsville|4353|12|43,Crawfordsville,41.198097967196645,-91.4865111329053,Satellite/Crawfordsville/TP1/Crawfordsville-TP1-4353_12_43.TIF
Crawfordsville|4353|12|44,Crawfordsville,41.198097086603006,-91.48654693002437,Satellite/Crawfordsville/TP1/Crawfordsville-TP1-4353_12_44.TIF
Crawfordsville|4353|12|45,Crawfordsville,41.19809755671512,-91.48658269602261,Satellite/Crawfordsville/TP1/Crawfordsville-TP1-4353_12_45.TIF
Crawfordsville|4353|12|46,Crawfordsville,41.19809805032089,-91.48662025032166,Satellite/Crawfordsville/TP1/Crawfordsville-TP1-4353_12_46.TIF
Crawfordsville|4353|13|42,Crawfordsville,41.19804344488164,-91.4864748235041,Satellite/Crawfordsville/TP1/Crawfordsville-TP1-4353_13_42.TIF
Crawfordsville|4353|13|43,Crawfordsville,41.198042564298774,-91.48651062059356,Satellite/Crawfordsville/TP1/Crawfordsville-TP1-4353_13_43.TIF
Crawfordsville|4353|13|44,Crawfordsville,41.19804303442166,-91.48654638656153,Satellite/Crawfordsville/TP1/Crawfordsville-TP1-4353_13_44.TIF
Crawfordsville|4353|13|45,Crawfordsville,41.198042177321824,-91.4865839719489,Satellite/Crawfordsville/TP1/Crawfordsville-TP1-4353_13_45.TIF
Crawfordsville|4353|13|46,Crawfordsville,41.19804264742192,-91.48661973791786,Satellite/Crawfordsville/TP1/Crawfordsville-TP1-4353_13_46.TIF
Crawfordsville|4353|14|42,Crawfordsville,41.19798804198364,-91.48647431122204,Satellite/Crawfordsville/TP1/Crawfordsville-TP1-4353_14_42.TIF
Crawfordsville|4353|14|43,Crawfordsville,41.1979885121173,-91.48651007715972,Satellite/Crawfordsville/TP1/Crawfordsville-TP1-4353_14_43.TIF
Crawfordsville|4353|14|44,Crawfordsville,41.19798765502878,-91.486547662516,Satellite/Crawfordsville/TP1/Crawfordsville-TP1-4353_14_44.TIF
Crawfordsville|4353|14|45,Crawfordsville,41.197988125139645,-91.48658342845467,Satellite/Crawfordsville/TP1/Crawfordsville-TP1-4353_14_45.TIF
Crawfordsville|4353|14|46,Crawfordsville,41.19798724452245,-91.48661922551352,Satellite/Crawfordsville/TP1/Crawfordsville-TP1-4353_14_46.TIF
Crawfordsville|4353|15|42,Crawfordsville,41.19793398980201,-91.48647376781717,Satellite/Crawfordsville/TP1/Crawfordsville-TP1-4353_15_42.TIF
Crawfordsville|4353|15|43,Crawfordsville,41.19793310921845,-91.48650956484695,Satellite/Crawfordsville/TP1/Crawfordsville-TP1-4353_15_43.TIF
Crawfordsville|4353|15|44,Crawfordsville,41.19793360284646,-91.48654711905075,Satellite/Crawfordsville/TP1/Crawfordsville-TP1-4353_15_44.TIF
Crawfordsville|4353|15|45,Crawfordsville,41.19793272224004,-91.48658291608001,Satellite/Crawfordsville/TP1/Crawfordsville-TP1-4353_15_45.TIF
Crawfordsville|4353|15|46,Crawfordsville,41.19793319233945,-91.48661868198937,Satellite/Crawfordsville/TP1/Crawfordsville-TP1-4353_15_46.TIF
Crawfordsville|4353|16|42,Crawfordsville,41.197878586903016,-91.48647325553408,Satellite/Crawfordsville/TP1/Crawfordsville-TP1-4353_16_42.TIF
Crawfordsville|4353|16|43,Crawfordsville,41.19787772982543,-91.48651084082752,Satellite/Crawfordsville/TP1/Crawfordsville-TP1-4353_16_43.TIF
Crawfordsville|4353|16|44,Crawfordsville,41.197878199946715,-91.48654660670574,Satellite/Crawfordsville/TP1/Crawfordsville-TP1-4353_16_44.TIF
Crawfordsville|4353|16|45,Crawfordsville,41.19787867005688,-91.48658237258482,Satellite/Crawfordsville/TP1/Crawfordsville-TP1-4353_16_45.TIF
Crawfordsville|4353|16|46,Crawfordsville,41.19787778943898,-91.48661816958398,Satellite/Crawfordsville/TP1/Crawfordsville-TP1-4353_16_46.TIF
Crawfordsville|4353|17|42,Crawfordsville,41.197823207510424,-91.48647453154281,Satellite/Crawfordsville/TP1/Crawfordsville-TP1-4353_17_42.TIF
Crawfordsville|4353|17|43,Crawfordsville,41.197823677642475,-91.48651029739075,Satellite/Crawfordsville/TP1/Crawfordsville-TP1-4353_17_43.TIF
Crawfordsville|4353|17|44,Crawfordsville,41.19782279704646,-91.48654609436022,Satellite/Crawfordsville/TP1/Crawfordsville-TP1-4353_17_44.TIF
Crawfordsville|4353|17|45,Crawfordsville,41.19782326715629,-91.48658186020911,Satellite/Crawfordsville/TP1/Crawfordsville-TP1-4353_17_45.TIF
Crawfordsville|4353|17|46,Crawfordsville,41.19782241004266,-91.48661944547054,Satellite/Crawfordsville/TP1/Crawfordsville-TP1-4353_17_46.TIF
Crawfordsville|4353|18|42,Crawfordsville,41.19776915532731,-91.48647398813505,Satellite/Crawfordsville/TP1/Crawfordsville-TP1-4353_18_42.TIF
Crawfordsville|4353|18|43,Crawfordsville,41.19776827474208,-91.4865097850749,Satellite/Crawfordsville/TP1/Crawfordsville-TP1-4353_18_43.TIF
Crawfordsville|4353|18|44,Crawfordsville,41.197768744862685,-91.48654555089352,Satellite/Crawfordsville/TP1/Crawfordsville-TP1-4353_18_44.TIF
Crawfordsville|4353|18|45,Crawfordsville,41.19776788776037,-91.48658313612383,Satellite/Crawfordsville/TP1/Crawfordsville-TP1-4353_18_45.TIF
Crawfordsville|4353|18|46,Crawfordsville,41.19776835785818,-91.48661890194346,Satellite/Crawfordsville/TP1/Crawfordsville-TP1-4353_18_46.TIF
Crawfordsville|4353|19|42,Crawfordsville,41.197713752426786,-91.48647347584884,Satellite/Crawfordsville/TP1/Crawfordsville-TP1-4353_19_42.TIF
Crawfordsville|4353|19|43,Crawfordsville,41.197714222558155,-91.4865092416372,Satellite/Crawfordsville/TP1/Crawfordsville-TP1-4353_19_43.TIF
Crawfordsville|4353|19|44,Crawfordsville,41.197713365467166,-91.48654682683639,Satellite/Crawfordsville/TP1/Crawfordsville-TP1-4353_19_44.TIF
Crawfordsville|4353|19|45,Crawfordsville,41.19771383557575,-91.48658259262575,Satellite/Crawfordsville/TP1/Crawfordsville-TP1-4353_19_45.TIF
Crawfordsville|4353|19|46,Crawfordsville,41.1977129549562,-91.48661838953498,Satellite/Crawfordsville/TP1/Crawfordsville-TP1-4353_19_46.TIF
Crawfordsville|4353|20|42,Crawfordsville,41.19765834952579,-91.4864729635621,Satellite/Crawfordsville/TP1/Crawfordsville-TP1-4353_20_42.TIF
Crawfordsville|4353|20|43,Crawfordsville,41.19765881965678,-91.48650872932029,Satellite/Crawfordsville/TP1/Crawfordsville-TP1-4353_20_43.TIF
Crawfordsville|4353|20|44,Crawfordsville,41.197659313282394,-91.48654628336729,Satellite/Crawfordsville/TP1/Crawfordsville-TP1-4353_20_44.TIF
Crawfordsville|4353|20|45,Crawfordsville,41.19765843267364,-91.48658208024693,Satellite/Crawfordsville/TP1/Crawfordsville-TP1-4353_20_45.TIF
Crawfordsville|4353|20|46,Crawfordsville,41.19765755205373,-91.48661787712597,Satellite/Crawfordsville/TP1/Crawfordsville-TP1-4353_20_46.TIF
Crawfordsville|4353|21|42,Crawfordsville,41.19760429734122,-91.4864724201529,Satellite/Crawfordsville/TP1/Crawfordsville-TP1-4353_21_42.TIF
Crawfordsville|4353|21|43,Crawfordsville,41.19760344026116,-91.48651000528925,Satellite/Crawfordsville/TP1/Crawfordsville-TP1-4353_21_43.TIF
Crawfordsville|4353|21|44,Crawfordsville,41.19760391038015,-91.48654577101816,Satellite/Crawfordsville/TP1/Crawfordsville-TP1-4353_21_44.TIF
Crawfordsville|4353|21|45,Crawfordsville,41.197603029771024,-91.48658156786759,Satellite/Crawfordsville/TP1/Crawfordsville-TP1-4353_21_45.TIF
Crawfordsville|4353|21|46,Crawfordsville,41.19760349986778,-91.48661733359747,Satellite/Crawfordsville/TP1/Crawfordsville-TP1-4353_21_46.TIF
Crawfordsville|4353|22|42,Crawfordsville,41.197548917945994,-91.48647369615001,Satellite/Crawfordsville/TP1/Crawfordsville-TP1-4353_22_42.TIF
Crawfordsville|4353|22|43,Crawfordsville,41.19754938807574,-91.48650946184864,Satellite/Crawfordsville/TP1/Crawfordsville-TP1-4353_22_43.TIF
Crawfordsville|4353|22|44,Crawfordsville,41.1975485074774,-91.48654525866849,Satellite/Crawfordsville/TP1/Crawfordsville-TP1-4353_22_44.TIF
Crawfordsville|4353|22|45,Crawfordsville,41.19754897758493,-91.48658102436808,Satellite/Crawfordsville/TP1/Crawfordsville-TP1-4353_22_45.TIF
Crawfordsville|4353|22|46,Crawfordsville,41.197548120468845,-91.48661860947242,Satellite/Crawfordsville/TP1/Crawfordsville-TP1-4353_22_46.TIF
Crawfordsville|4353|23|42,Crawfordsville,41.19749486576045,-91.4864731527384,Satellite/Crawfordsville/TP1/Crawfordsville-TP1-4353_23_42.TIF
Crawfordsville|4353|23|43,Crawfordsville,41.19749398517287,-91.48650894952864,Satellite/Crawfordsville/TP1/Crawfordsville-TP1-4353_23_43.TIF
Crawfordsville|4353|23|44,Crawfordsville,41.19749445529117,-91.48654471519795,Satellite/Crawfordsville/TP1/Crawfordsville-TP1-4353_23_44.TIF
Crawfordsville|4353|23|45,Crawfordsville,41.19749359818638,-91.48658230027118,Satellite/Crawfordsville/TP1/Crawfordsville-TP1-4353_23_45.TIF
Crawfordsville|4353|23|46,Crawfordsville,41.19749271756485,-91.4866180970603,Satellite/Crawfordsville/TP1/Crawfordsville-TP1-4353_23_46.TIF
Crawfordsville|4353|24|42,Crawfordsville,41.197439462857425,-91.48647264044806,Satellite/Crawfordsville/TP1/Crawfordsville-TP1-4353_24_42.TIF
Crawfordsville|4353|24|43,Crawfordsville,41.19743993298649,-91.4865084060871,Satellite/Crawfordsville/TP1/Crawfordsville-TP1-4353_24_43.TIF
Crawfordsville|4353|24|44,Crawfordsville,41.19743907589303,-91.48654599112922,Satellite/Crawfordsville/TP1/Crawfordsville-TP1-4353_24_44.TIF
Crawfordsville|4353|24|45,Crawfordsville,41.197438195282245,-91.48658178788874,Satellite/Crawfordsville/TP1/Crawfordsville-TP1-4353_24_45.TIF
Crawfordsville|4353|24|46,Crawfordsville,41.19743866537741,-91.48661755352889,Satellite/Crawfordsville/TP1/Crawfordsville-TP1-4353_24_46.TIF
Crawfordsville|4353|25|42,Crawfordsville,41.1973840599539,-91.48647212815719,Satellite/Crawfordsville/TP1/Crawfordsville-TP1-4353_25_42.TIF
Crawfordsville|4353|25|43,Crawfordsville,41.19738455358874,-91.48650968204652,Satellite/Crawfordsville/TP1/Crawfordsville-TP1-4353_25_43.TIF
Crawfordsville|4353|25|44,Crawfordsville,41.19738367298876,-91.48654547877645,Satellite/Crawfordsville/TP1/Crawfordsville-TP1-4353_25_44.TIF
Crawfordsville|4353|25|45,Crawfordsville,41.19738414309468,-91.4865812443863,Satellite/Crawfordsville/TP1/Crawfordsville-TP1-4353_25_45.TIF
Crawfordsville|4353|25|46,Crawfordsville,41.19738326247243,-91.48661704111574,Satellite/Crawfordsville/TP1/Crawfordsville-TP1-4353_25_46.TIF
Crawfordsville|4353|26|42,Crawfordsville,41.197330031273566,-91.48647337302307,Satellite/Crawfordsville/TP1/Crawfordsville-TP1-4353_26_42.TIF
Crawfordsville|4353|26|43,Crawfordsville,41.19732915068435,-91.48650916972342,Satellite/Crawfordsville/TP1/Crawfordsville-TP1-4353_26_43.TIF
Crawfordsville|4353|26|44,Crawfordsville,41.19732962080105,-91.486544935303,Satellite/Crawfordsville/TP1/Crawfordsville-TP1-4353_26_44.TIF
Crawfordsville|4353|26|45,Crawfordsville,41.197328740189555,-91.48658073200282,Satellite/Crawfordsville/TP1/Crawfordsville-TP1-4353_26_45.TIF
Crawfordsville|4353|26|46,Crawfordsville,41.19732788307136,-91.48661831698105,Satellite/Crawfordsville/TP1/Crawfordsville-TP1-4353_26_46.TIF
Crawfordsville|4353|27|42,Crawfordsville,41.197274628369016,-91.48647286072965,Satellite/Crawfordsville/TP1/Crawfordsville-TP1-4353_27_42.TIF
Crawfordsville|4353|27|43,Crawfordsville,41.19727509849649,-91.48650862627896,Satellite/Crawfordsville/TP1/Crawfordsville-TP1-4353_27_43.TIF
Crawfordsville|4353|27|44,Crawfordsville,41.19727421789579,-91.4865444229492,Satellite/Crawfordsville/TP1/Crawfordsville-TP1-4353_27_44.TIF
Crawfordsville|4353|27|45,Crawfordsville,41.19727336078891,-91.4865820078963,Satellite/Crawfordsville/TP1/Crawfordsville-TP1-4353_27_45.TIF
Crawfordsville|4353|27|46,Crawfordsville,41.19727383088247,-91.48661777344672,Satellite/Crawfordsville/TP1/Crawfordsville-TP1-4353_27_46.TIF
Crawfordsville|4353|28|42,Crawfordsville,41.19722057618103,-91.48647231731417,Satellite/Crawfordsville/TP1/Crawfordsville-TP1-4353_28_42.TIF
Crawfordsville|4353|28|43,Crawfordsville,41.19721969559109,-91.48650811395481,Satellite/Crawfordsville/TP1/Crawfordsville-TP1-4353_28_43.TIF
Crawfordsville|4353|28|44,Crawfordsville,41.19721881499002,-91.48654391059483,Satellite/Crawfordsville/TP1/Crawfordsville-TP1-4353_28_44.TIF
Crawfordsville|4353|28|45,Crawfordsville,41.19721930859987,-91.48658146439097,Satellite/Crawfordsville/TP1/Crawfordsville-TP1-4353_28_45.TIF
Crawfordsville|4353|28|46,Crawfordsville,41.19721842797596,-91.48661726103047,Satellite/Crawfordsville/TP1/Crawfordsville-TP1-4353_28_46.TIF
Crawfordsville|4353|29|42,Crawfordsville,41.197165173275486,-91.4864718050197,Satellite/Crawfordsville/TP1/Crawfordsville-TP1-4353_29_42.TIF
Crawfordsville|4353|29|43,Crawfordsville,41.19716429268519,-91.48650760163014,Satellite/Crawfordsville/TP1/Crawfordsville-TP1-4353_29_43.TIF
Crawfordsville|4353|29|44,Crawfordsville,41.197164786306345,-91.48654515539447,Satellite/Crawfordsville/TP1/Crawfordsville-TP1-4353_29_44.TIF
Crawfordsville|4353|29|45,Crawfordsville,41.19716390569324,-91.48658095200439,Satellite/Crawfordsville/TP1/Crawfordsville-TP1-4353_29_45.TIF
Crawfordsville|4353|29|46,Crawfordsville,41.1971643757861,-91.48661671749521,Satellite/Crawfordsville/TP1/Crawfordsville-TP1-4353_29_46.TIF
Crawfordsville|4353|30|42,Crawfordsville,41.197109770369444,-91.48647129272469,Satellite/Crawfordsville/TP1/Crawfordsville-TP1-4353_30_42.TIF
Crawfordsville|4353|30|43,Crawfordsville,41.197110264001914,-91.48650884645724,Satellite/Crawfordsville/TP1/Crawfordsville-TP1-4353_30_43.TIF
Crawfordsville|4353|30|44,Crawfordsville,41.19710938339958,-91.48654464303756,Satellite/Crawfordsville/TP1/Crawfordsville-TP1-4353_30_44.TIF
Crawfordsville|4353|30|45,Crawfordsville,41.19710850278607,-91.48658043961727,Satellite/Crawfordsville/TP1/Crawfordsville-TP1-4353_30_45.TIF
Crawfordsville|4353|30|46,Crawfordsville,41.197108972878596,-91.48661620507792,Satellite/Crawfordsville/TP1/Crawfordsville-TP1-4353_30_46.TIF
Crawfordsville|4353|31|42,Crawfordsville,41.19705574168656,-91.48647253757926,Satellite/Crawfordsville/TP1/Crawfordsville-TP1-4353_31_42.TIF
Crawfordsville|4353|31|43,Crawfordsville,41.19705486109501,-91.48650833413001,Satellite/Crawfordsville/TP1/Crawfordsville-TP1-4353_31_43.TIF
Crawfordsville|4353|31|44,Crawfordsville,41.19705398049229,-91.48654413068012,Satellite/Crawfordsville/TP1/Crawfordsville-TP1-4353_31_44.TIF
Crawfordsville|4353|31|45,Crawfordsville,41.19705445059558,-91.4865798961105,Satellite/Crawfordsville/TP1/Crawfordsville-TP1-4353_31_45.TIF
Crawfordsville|4353|31|46,Crawfordsville,41.19705359347491,-91.48661748093164,Satellite/Crawfordsville/TP1/Crawfordsville-TP1-4353_31_46.TIF
Crawfordsville|4353|32|42,Crawfordsville,41.19700033877952,-91.48647202528171,Satellite/Crawfordsville/TP1/Crawfordsville-TP1-4353_32_42.TIF
Crawfordsville|4353|32|43,Crawfordsville,41.1969994581876,-91.48650782180223,Satellite/Crawfordsville/TP1/Crawfordsville-TP1-4353_32_43.TIF
Crawfordsville|4353|32|44,Crawfordsville,41.19699992830165,-91.48654358720233,Satellite/Crawfordsville/TP1/Crawfordsville-TP1-4353_32_44.TIF
Crawfordsville|4353|32|45,Crawfordsville,41.196999071192295,-91.48658117199237,Satellite/Crawfordsville/TP1/Crawfordsville-TP1-4353_32_45.TIF
Crawfordsville|4353|32|46,Crawfordsville,41.19699954128357,-91.48661693739346,Satellite/Crawfordsville/TP1/Crawfordsville-TP1-4353_32_46.TIF
Crawfordsville|4353|33|42,Crawfordsville,41.19694493587197,-91.4864715129836,Satellite/Crawfordsville/TP1/Crawfordsville-TP1-4353_33_42.TIF
Crawfordsville|4353|33|43,Crawfordsville,41.19694540599679,-91.48650727835341,Satellite/Crawfordsville/TP1/Crawfordsville-TP1-4353_33_43.TIF
Crawfordsville|4353|33|44,Crawfordsville,41.19694454889876,-91.48654486311236,Satellite/Crawfordsville/TP1/Crawfordsville-TP1-4353_33_44.TIF
Crawfordsville|4353|33|45,Crawfordsville,41.19694501900082,-91.48658062848317,Satellite/Crawfordsville/TP1/Crawfordsville-TP1-4353_33_45.TIF
Crawfordsville|4353|33|46,Crawfordsville,41.196944138374555,-91.48661642497309,Satellite/Crawfordsville/TP1/Crawfordsville-TP1-4353_33_46.TIF
Crawfordsville|4353|34|42,Crawfordsville,41.19689088368103,-91.48647096956378,Satellite/Crawfordsville/TP1/Crawfordsville-TP1-4353_34_42.TIF
Crawfordsville|4353|34|43,Crawfordsville,41.19689002659432,-91.48650855429162,Satellite/Crawfordsville/TP1/Crawfordsville-TP1-4353_34_43.TIF
Crawfordsville|4353|34|44,Crawfordsville,41.19688914598998,-91.48654435075181,Satellite/Crawfordsville/TP1/Crawfordsville-TP1-4353_34_44.TIF
Crawfordsville|4353|34|45,Crawfordsville,41.19688961609166,-91.48658011609247,Satellite/Crawfordsville/TP1/Crawfordsville-TP1-4353_34_45.TIF
Crawfordsville|4353|34|46,Crawfordsville,41.19689008618225,-91.48661588143398,Satellite/Crawfordsville/TP1/Crawfordsville-TP1-4353_34_46.TIF
Crawfordsville|4353|35|42,Crawfordsville,41.19683548077248,-91.48647045726464,Satellite/Crawfordsville/TP1/Crawfordsville-TP1-4353_35_42.TIF
Crawfordsville|4353|35|43,Crawfordsville,41.1968346236854,-91.48650804196075,Satellite/Crawfordsville/TP1/Crawfordsville-TP1-4353_35_43.TIF
Crawfordsville|4353|35|44,Crawfordsville,41.19683509379785,-91.48654380727112,Satellite/Crawfordsville/TP1/Crawfordsville-TP1-4353_35_44.TIF
Crawfordsville|4353|35|45,Crawfordsville,41.19683421318201,-91.48657960370122,Satellite/Crawfordsville/TP1/Crawfordsville-TP1-4353_35_45.TIF
Crawfordsville|4353|35|46,Crawfordsville,41.19683468327225,-91.48661536901255,Satellite/Crawfordsville/TP1/Crawfordsville-TP1-4353_35_46.TIF
Crawfordsville|4353|36|42,Crawfordsville,41.196780101369896,-91.48647173322892,Satellite/Crawfordsville/TP1/Crawfordsville-TP1-4353_36_42.TIF
Crawfordsville|4353|36|43,Crawfordsville,41.19678057149313,-91.48650749850903,Satellite/Crawfordsville/TP1/Crawfordsville-TP1-4353_36_43.TIF
Crawfordsville|4353|36|44,Crawfordsville,41.19677969088806,-91.48654329490954,Satellite/Crawfordsville/TP1/Crawfordsville-TP1-4353_36_44.TIF
Crawfordsville|4353|36|45,Crawfordsville,41.19678016098906,-91.48657906019059,Satellite/Crawfordsville/TP1/Crawfordsville-TP1-4353_36_45.TIF
Crawfordsville|4353|36|46,Crawfordsville,41.196779303865924,-91.48661664485468,Satellite/Crawfordsville/TP1/Crawfordsville-TP1-4353_36_46.TIF
Crawfordsville|4353|3|42,Crawfordsville,41.19859202395272,-91.48647649415952,Satellite/Crawfordsville/TP1/Crawfordsville-TP1-4353_3_42.TIF
Crawfordsville|4353|3|43,Crawfordsville,41.19859249409131,-91.48651226042603,Satellite/Crawfordsville/TP1/Crawfordsville-TP1-4353_3_43.TIF
Crawfordsville|4353|3|44,Crawfordsville,41.19859161350202,-91.48654805781483,Satellite/Crawfordsville/TP1/Crawfordsville-TP1-4353_3_44.TIF
Crawfordsville|4353|3|45,Crawfordsville,41.19859208361837,-91.48658382408229,Satellite/Crawfordsville/TP1/Crawfordsville-TP1-4353_3_45.TIF
Crawfordsville|4353|3|46,Crawfordsville,41.19859122651178,-91.48662140978398,Satellite/Crawfordsville/TP1/Crawfordsville-TP1-4353_3_46.TIF
Crawfordsville|4353|4|42,Crawfordsville,41.19853662105973,-91.48647598188573,Satellite/Crawfordsville/TP1/Crawfordsville-TP1-4353_4_42.TIF
Crawfordsville|4353|4|43,Crawfordsville,41.19853709119797,-91.48651174812206,Satellite/Crawfordsville/TP1/Crawfordsville-TP1-4353_4_43.TIF
Crawfordsville|4353|4|44,Crawfordsville,41.19853756132509,-91.48654751435924,Satellite/Crawfordsville/TP1/Crawfordsville-TP1-4353_4_44.TIF
Crawfordsville|4353|4|45,Crawfordsville,41.19853670422982,-91.48658510002983,Satellite/Crawfordsville/TP1/Crawfordsville-TP1-4353_4_45.TIF
Crawfordsville|4353|4|46,Crawfordsville,41.19853717433416,-91.48662086626801,Satellite/Crawfordsville/TP1/Crawfordsville-TP1-4353_4_46.TIF
Crawfordsville|4353|5|42,Crawfordsville,41.198482568882994,-91.48647543848857,Satellite/Crawfordsville/TP1/Crawfordsville-TP1-4353_5_42.TIF
Crawfordsville|4353|5|43,Crawfordsville,41.19848168830413,-91.48651123581756,Satellite/Crawfordsville/TP1/Crawfordsville-TP1-4353_5_43.TIF
Crawfordsville|4353|5|44,Crawfordsville,41.198482158430885,-91.48654700202457,Satellite/Crawfordsville/TP1/Crawfordsville-TP1-4353_5_44.TIF
Crawfordsville|4353|5|45,Crawfordsville,41.19848265205206,-91.48658455654285,Satellite/Crawfordsville/TP1/Crawfordsville-TP1-4353_5_45.TIF
Crawfordsville|4353|5|46,Crawfordsville,41.19848177143924,-91.48662035387144,Satellite/Crawfordsville/TP1/Crawfordsville-TP1-4353_5_46.TIF
Crawfordsville|4353|6|42,Crawfordsville,41.19842716598903,-91.48647492621375,Satellite/Crawfordsville/TP1/Crawfordsville-TP1-4353_6_42.TIF
Crawfordsville|4353|6|43,Crawfordsville,41.19842763612656,-91.48651069239047,Satellite/Crawfordsville/TP1/Crawfordsville-TP1-4353_6_43.TIF
Crawfordsville|4353|6|44,Crawfordsville,41.19842677904222,-91.48654827799822,Satellite/Crawfordsville/TP1/Crawfordsville-TP1-4353_6_44.TIF
Crawfordsville|4353|6|45,Crawfordsville,41.198427249156985,-91.48658404417596,Satellite/Crawfordsville/TP1/Crawfordsville-TP1-4353_6_45.TIF
Crawfordsville|4353|6|46,Crawfordsville,41.198427719260636,-91.48661981035453,Satellite/Crawfordsville/TP1/Crawfordsville-TP1-4353_6_46.TIF
Crawfordsville|4353|7|42,Crawfordsville,41.19837311381132,-91.48647438281564,Satellite/Crawfordsville/TP1/Crawfordsville-TP1-4353_7_42.TIF
Crawfordsville|4353|7|43,Crawfordsville,41.1983722567383,-91.48651196839228,Satellite/Crawfordsville/TP1/Crawfordsville-TP1-4353_7_43.TIF
Crawfordsville|4353|7|44,Crawfordsville,41.19837272686382,-91.48654773453974,Satellite/Crawfordsville/TP1/Crawfordsville-TP1-4353_7_44.TIF
Crawfordsville|4353|7|45,Crawfordsville,41.1983718462614,-91.4865835318085,Satellite/Crawfordsville/TP1/Crawfordsville-TP1-4353_7_45.TIF
Crawfordsville|4353|7|46,Crawfordsville,41.19837233986958,-91.48662108626438,Satellite/Crawfordsville/TP1/Crawfordsville-TP1-4353_7_46.TIF
Crawfordsville|4353|8|42,Crawfordsville,41.198317734423455,-91.4864756588456,Satellite/Crawfordsville/TP1/Crawfordsville-TP1-4353_8_42.TIF
Crawfordsville|4353|8|43,Crawfordsville,41.19831820455975,-91.48651142496277,Satellite/Crawfordsville/TP1/Crawfordsville-TP1-4353_8_43.TIF
Crawfordsville|4353|8|44,Crawfordsville,41.19831732396811,-91.48654722220196,Satellite/Crawfordsville/TP1/Crawfordsville-TP1-4353_8_44.TIF
Crawfordsville|4353|8|45,Crawfordsville,41.19831779408217,-91.4865829883201,Satellite/Crawfordsville/TP1/Crawfordsville-TP1-4353_8_45.TIF
Crawfordsville|4353|8|46,Crawfordsville,41.198316936973114,-91.48662057386471,Satellite/Crawfordsville/TP1/Crawfordsville-TP1-4353_8_46.TIF
Crawfordsville|4353|9|42,Crawfordsville,41.19826233152797,-91.48647514656767,Satellite/Crawfordsville/TP1/Crawfordsville-TP1-4353_9_42.TIF
Crawfordsville|4353|9|43,Crawfordsville,41.19826280166391,-91.48651091265468,Satellite/Crawfordsville/TP1/Crawfordsville-TP1-4353_9_43.TIF
Crawfordsville|4353|9|44,Crawfordsville,41.19826192107189,-91.48654670986365,Satellite/Crawfordsville/TP1/Crawfordsville-TP1-4353_9_44.TIF
Crawfordsville|4353|9|45,Crawfordsville,41.198262414690994,-91.48658426425602,Satellite/Crawfordsville/TP1/Crawfordsville-TP1-4353_9_45.TIF
Crawfordsville|4353|9|46,Crawfordsville,41.19826288479304,-91.48662003034488,Satellite/Crawfordsville/TP1/Crawfordsville-TP1-4353_9_46.TIF
Lincoln|hybrids|10|10,Lincoln,40.85216451960629,-96.6161203592846,Satellite/Lincoln/TP1/Lincoln-TP1-hybrids_10_10.TIF
Lincoln|hybrids|10|11,Lincoln,40.85216439909831,-96.61604918908017,Satellite/Lincoln/TP1/Lincoln-TP1-hybrids_10_11.TIF
Lincoln|hybrids|10|12,Lincoln,40.852164241779555,-96.61597624083359,Satellite/Lincoln/TP1/Lincoln-TP1-hybrids_10_12.TIF
Lincoln|hybrids|10|13,Lincoln,40.85216277108417,-96.61590511905639,Satellite/Lincoln/TP1/Lincoln-TP1-hybrids_10_13.TIF
Lincoln|hybrids|10|14,Lincoln,40.85216265044332,-96.6158339488606,Satellite/Lincoln/TP1/Lincoln-TP1-hybrids_10_14.TIF
Lincoln|hybrids|10|15,Lincoln,40.85216249298838,-96.61576100062301,Satellite/Lincoln/TP1/Lincoln-TP1-hybrids_10_15.TIF
Lincoln|hybrids|10|16,Lincoln,40.852161022160345,-96.61568987885883,Satellite/Lincoln/TP1/Lincoln-TP1-hybrids_10_16.TIF
Lincoln|hybrids|10|17,Lincoln,40.852159514516146,-96.61561697905599,Satellite/Lincoln/TP1/Lincoln-TP1-hybrids_10_17.TIF
Lincoln|hybrids|10|18,Lincoln,40.852159393697455,-96.61554580887277,Satellite/Lincoln/TP1/Lincoln-TP1-hybrids_10_18.TIF
Lincoln|hybrids|10|19,Lincoln,40.85215923606025,-96.6154728606482,Satellite/Lincoln/TP1/Lincoln-TP1-hybrids_10_19.TIF
Lincoln|hybrids|10|2,Lincoln,40.852171029508064,-96.61669663956192,Satellite/Lincoln/TP1/Lincoln-TP1-hybrids_10_2.TIF
Lincoln|hybrids|10|20,Lincoln,40.85215776505466,-96.61540173890242,Satellite/Lincoln/TP1/Lincoln-TP1-hybrids_10_20.TIF
Lincoln|hybrids|10|21,Lincoln,40.85215760732632,-96.61532879068437,Satellite/Lincoln/TP1/Lincoln-TP1-hybrids_10_21.TIF
Lincoln|hybrids|10|22,Lincoln,40.85215748632974,-96.61525762051227,Satellite/Lincoln/TP1/Lincoln-TP1-hybrids_10_22.TIF
Lincoln|hybrids|10|23,Lincoln,40.8521560151915,-96.61518649877951,Satellite/Lincoln/TP1/Lincoln-TP1-hybrids_10_23.TIF
Lincoln|hybrids|10|24,Lincoln,40.85215585732698,-96.61511355057046,Satellite/Lincoln/TP1/Lincoln-TP1-hybrids_10_24.TIF
Lincoln|hybrids|10|25,Lincoln,40.85215438609996,-96.6150424288469,Satellite/Lincoln/TP1/Lincoln-TP1-hybrids_10_25.TIF
Lincoln|hybrids|10|26,Lincoln,40.85215422814429,-96.61496948064435,Satellite/Lincoln/TP1/Lincoln-TP1-hybrids_10_26.TIF
Lincoln|hybrids|10|27,Lincoln,40.852152756828495,-96.61489835893,Satellite/Lincoln/TP1/Lincoln-TP1-hybrids_10_27.TIF
Lincoln|hybrids|10|28,Lincoln,40.852152635566256,-96.61482718877666,Satellite/Lincoln/TP1/Lincoln-TP1-hybrids_10_28.TIF
Lincoln|hybrids|10|29,Lincoln,40.85215247747442,-96.61475424058308,Satellite/Lincoln/TP1/Lincoln-TP1-hybrids_10_29.TIF
Lincoln|hybrids|10|3,Lincoln,40.85216952249978,-96.61662373969469,Satellite/Lincoln/TP1/Lincoln-TP1-hybrids_10_3.TIF
Lincoln|hybrids|10|30,Lincoln,40.8521509692392,-96.61468134083931,Satellite/Lincoln/TP1/Lincoln-TP1-hybrids_10_30.TIF
Lincoln|hybrids|10|31,Lincoln,40.852150847843006,-96.61461017069473,Satellite/Lincoln/TP1/Lincoln-TP1-hybrids_10_31.TIF
Lincoln|hybrids|10|32,Lincoln,40.852150726402854,-96.61453900055251,Satellite/Lincoln/TP1/Lincoln-TP1-hybrids_10_32.TIF
Lincoln|hybrids|10|33,Lincoln,40.85214921803167,-96.61446610082209,Satellite/Lincoln/TP1/Lincoln-TP1-hybrids_10_33.TIF
Lincoln|hybrids|10|34,Lincoln,40.852147746405684,-96.61439497913919,Satellite/Lincoln/TP1/Lincoln-TP1-hybrids_10_34.TIF
Lincoln|hybrids|10|35,Lincoln,40.85214758804043,-96.61432203096518,Satellite/Lincoln/TP1/Lincoln-TP1-hybrids_10_35.TIF
Lincoln|hybrids|10|36,Lincoln,40.85214746642246,-96.61425086083553,Satellite/Lincoln/TP1/Lincoln-TP1-hybrids_10_36.TIF
Lincoln|hybrids|10|37,Lincoln,40.85214599466381,-96.61417973916568,Satellite/Lincoln/TP1/Lincoln-TP1-hybrids_10_37.TIF
Lincoln|hybrids|10|38,Lincoln,40.85214583616237,-96.61410679100064,Satellite/Lincoln/TP1/Lincoln-TP1-hybrids_10_38.TIF
Lincoln|hybrids|10|39,Lincoln,40.852145677614786,-96.61403384283817,Satellite/Lincoln/TP1/Lincoln-TP1-hybrids_10_39.TIF
Lincoln|hybrids|10|4,Lincoln,40.85216940230248,-96.61655256946902,Satellite/Lincoln/TP1/Lincoln-TP1-hybrids_10_4.TIF
Lincoln|hybrids|10|5,Lincoln,40.85216924530218,-96.61647962120045,Satellite/Lincoln/TP1/Lincoln-TP1-hybrids_10_5.TIF
Lincoln|hybrids|10|6,Lincoln,40.85216777491701,-96.61640849939184,Satellite/Lincoln/TP1/Lincoln-TP1-hybrids_10_6.TIF
Lincoln|hybrids|10|7,Lincoln,40.852167617825565,-96.6163355511298,Satellite/Lincoln/TP1/Lincoln-TP1-hybrids_10_7.TIF
Lincoln|hybrids|10|8,Lincoln,40.852166147351596,-96.61626442933037,Satellite/Lincoln/TP1/Lincoln-TP1-hybrids_10_8.TIF
Lincoln|hybrids|10|9,Lincoln,40.85216602693252,-96.61619325911964,Satellite/Lincoln/TP1/Lincoln-TP1-hybrids_10_9.TIF
Lincoln|hybrids|11|10,Lincoln,40.85213751763377,-96.61612132764476,Satellite/Lincoln/TP1/Lincoln-TP1-hybrids_11_10.TIF
Lincoln|hybrids|11|11,Lincoln,40.85213736036149,-96.61604837942534,Satellite/Lincoln/TP1/Lincoln-TP1-hybrids_11_11.TIF
Lincoln|hybrids|11|12,Lincoln,40.85213723980987,-96.61597720925225,Satellite/Lincoln/TP1/Lincoln-TP1-hybrids_11_12.TIF
Lincoln|hybrids|11|13,Lincoln,40.85213576911587,-96.61590608750387,Satellite/Lincoln/TP1/Lincoln-TP1-hybrids_11_13.TIF
Lincoln|hybrids|11|14,Lincoln,40.852135611707425,-96.61583313929341,Satellite/Lincoln/TP1/Lincoln-TP1-hybrids_11_14.TIF
Lincoln|hybrids|11|15,Lincoln,40.852134140924655,-96.61576201755425,Satellite/Lincoln/TP1/Lincoln-TP1-hybrids_11_15.TIF
Lincoln|hybrids|11|16,Lincoln,40.85213398342504,-96.61568906935031,Satellite/Lincoln/TP1/Lincoln-TP1-hybrids_11_16.TIF
Lincoln|hybrids|11|17,Lincoln,40.852132512553496,-96.61561794762035,Satellite/Lincoln/TP1/Lincoln-TP1-hybrids_11_17.TIF
Lincoln|hybrids|11|18,Lincoln,40.85213235496277,-96.61554499942292,Satellite/Lincoln/TP1/Lincoln-TP1-hybrids_11_18.TIF
Lincoln|hybrids|11|19,Lincoln,40.85213223410044,-96.61547382927104,Satellite/Lincoln/TP1/Lincoln-TP1-hybrids_11_19.TIF
Lincoln|hybrids|11|2,Lincoln,40.85214399076851,-96.61669582964346,Satellite/Lincoln/TP1/Lincoln-TP1-hybrids_11_2.TIF
Lincoln|hybrids|11|20,Lincoln,40.85213072632058,-96.61540092951124,Satellite/Lincoln/TP1/Lincoln-TP1-hybrids_11_20.TIF
Lincoln|hybrids|11|21,Lincoln,40.85213060536933,-96.61532975936565,Satellite/Lincoln/TP1/Lincoln-TP1-hybrids_11_21.TIF
Lincoln|hybrids|11|22,Lincoln,40.85213048437415,-96.61525858922244,Satellite/Lincoln/TP1/Lincoln-TP1-hybrids_11_22.TIF
Lincoln|hybrids|11|23,Lincoln,40.85212897645832,-96.61518568947598,Satellite/Lincoln/TP1/Lincoln-TP1-hybrids_11_23.TIF
Lincoln|hybrids|11|24,Lincoln,40.85212750527657,-96.61511456777744,Satellite/Lincoln/TP1/Lincoln-TP1-hybrids_11_24.TIF
Lincoln|hybrids|11|25,Lincoln,40.85212734736738,-96.61504161960202,Satellite/Lincoln/TP1/Lincoln-TP1-hybrids_11_25.TIF
Lincoln|hybrids|11|26,Lincoln,40.85212722619436,-96.61497044947139,Satellite/Lincoln/TP1/Lincoln-TP1-hybrids_11_26.TIF
Lincoln|hybrids|11|27,Lincoln,40.852125754879964,-96.61489932778586,Satellite/Lincoln/TP1/Lincoln-TP1-hybrids_11_27.TIF
Lincoln|hybrids|11|28,Lincoln,40.8521255968346,-96.61482637961943,Satellite/Lincoln/TP1/Lincoln-TP1-hybrids_11_28.TIF
Lincoln|hybrids|11|29,Lincoln,40.852125475528716,-96.61475520949746,Satellite/Lincoln/TP1/Lincoln-TP1-hybrids_11_29.TIF
Lincoln|hybrids|11|3,Lincoln,40.852142520517376,-96.61662470785066,Satellite/Lincoln/TP1/Lincoln-TP1-hybrids_11_3.TIF
Lincoln|hybrids|11|30,Lincoln,40.85212396729493,-96.61468230978322,Satellite/Lincoln/TP1/Lincoln-TP1-hybrids_11_30.TIF
Lincoln|hybrids|11|31,Lincoln,40.852123845900124,-96.61461113966752,Satellite/Lincoln/TP1/Lincoln-TP1-hybrids_11_31.TIF
Lincoln|hybrids|11|32,Lincoln,40.852122374364306,-96.61454001800423,Satellite/Lincoln/TP1/Lincoln-TP1-hybrids_11_32.TIF
Lincoln|hybrids|11|33,Lincoln,40.85212221609162,-96.61446706985332,Satellite/Lincoln/TP1/Lincoln-TP1-hybrids_11_33.TIF
Lincoln|hybrids|11|34,Lincoln,40.852120707675844,-96.61439417015796,Satellite/Lincoln/TP1/Lincoln-TP1-hybrids_11_34.TIF
Lincoln|hybrids|11|35,Lincoln,40.8521205861032,-96.61432300005484,Satellite/Lincoln/TP1/Lincoln-TP1-hybrids_11_35.TIF
Lincoln|hybrids|11|36,Lincoln,40.85212046448663,-96.61425182995409,Satellite/Lincoln/TP1/Lincoln-TP1-hybrids_11_36.TIF
Lincoln|hybrids|11|37,Lincoln,40.852118955934884,-96.61417893027208,Satellite/Lincoln/TP1/Lincoln-TP1-hybrids_11_37.TIF
Lincoln|hybrids|11|38,Lincoln,40.85211883422938,-96.61410776017762,Satellite/Lincoln/TP1/Lincoln-TP1-hybrids_11_38.TIF
Lincoln|hybrids|11|39,Lincoln,40.85211867568323,-96.61403481204478,Satellite/Lincoln/TP1/Lincoln-TP1-hybrids_11_39.TIF
Lincoln|hybrids|11|4,Lincoln,40.85214236356356,-96.61655175960922,Satellite/Lincoln/TP1/Lincoln-TP1-hybrids_11_4.TIF
Lincoln|hybrids|11|5,Lincoln,40.85214224332263,-96.61648058941493,Satellite/Lincoln/TP1/Lincoln-TP1-hybrids_11_5.TIF
Lincoln|hybrids|11|6,Lincoln,40.85214073617868,-96.6164076895907,Satellite/Lincoln/TP1/Lincoln-TP1-hybrids_11_6.TIF
Lincoln|hybrids|11|7,Lincoln,40.85213926574999,-96.61633656781629,Satellite/Lincoln/TP1/Lincoln-TP1-hybrids_11_7.TIF
Lincoln|hybrids|11|8,Lincoln,40.85213914537626,-96.61626539763209,Satellite/Lincoln/TP1/Lincoln-TP1-hybrids_11_8.TIF
Lincoln|hybrids|11|9,Lincoln,40.852138988195115,-96.61619244940616,Satellite/Lincoln/TP1/Lincoln-TP1-hybrids_11_9.TIF
Lincoln|hybrids|12|10,Lincoln,40.85211047889655,-96.61612051796037,Satellite/Lincoln/TP1/Lincoln-TP1-hybrids_12_10.TIF
Lincoln|hybrids|12|11,Lincoln,40.85211035839026,-96.61604934781379,Satellite/Lincoln/TP1/Lincoln-TP1-hybrids_12_11.TIF
Lincoln|hybrids|12|12,Lincoln,40.85211023784002,-96.61597817766959,Satellite/Lincoln/TP1/Lincoln-TP1-hybrids_12_12.TIF
Lincoln|hybrids|12|13,Lincoln,40.85210873037954,-96.61590527790712,Satellite/Lincoln/TP1/Lincoln-TP1-hybrids_12_13.TIF
Lincoln|hybrids|12|14,Lincoln,40.852107259642054,-96.61583415619296,Satellite/Lincoln/TP1/Lincoln-TP1-hybrids_12_14.TIF
Lincoln|hybrids|12|15,Lincoln,40.85210710218893,-96.61576120801617,Satellite/Lincoln/TP1/Lincoln-TP1-hybrids_12_15.TIF
Lincoln|hybrids|12|16,Lincoln,40.85210698146087,-96.61569003788452,Satellite/Lincoln/TP1/Lincoln-TP1-hybrids_12_16.TIF
Lincoln|hybrids|12|17,Lincoln,40.85210551059072,-96.61561891618338,Satellite/Lincoln/TP1/Lincoln-TP1-hybrids_12_17.TIF
Lincoln|hybrids|12|18,Lincoln,40.852105353001406,-96.61554596801555,Satellite/Lincoln/TP1/Lincoln-TP1-hybrids_12_18.TIF
Lincoln|hybrids|12|19,Lincoln,40.85210519536595,-96.61547301985031,Satellite/Lincoln/TP1/Lincoln-TP1-hybrids_12_19.TIF
Lincoln|hybrids|12|2,Lincoln,40.852116988784594,-96.6166967977693,Satellite/Lincoln/TP1/Lincoln-TP1-hybrids_12_2.TIF
Lincoln|hybrids|12|20,Lincoln,40.852103724362046,-96.61540189816232,Satellite/Lincoln/TP1/Lincoln-TP1-hybrids_12_20.TIF
Lincoln|hybrids|12|21,Lincoln,40.852103603412196,-96.61533072804562,Satellite/Lincoln/TP1/Lincoln-TP1-hybrids_12_21.TIF
Lincoln|hybrids|12|22,Lincoln,40.852102095542776,-96.6152578283248,Satellite/Lincoln/TP1/Lincoln-TP1-hybrids_12_22.TIF
Lincoln|hybrids|12|23,Lincoln,40.85210197450402,-96.61518665821438,Satellite/Lincoln/TP1/Lincoln-TP1-hybrids_12_23.TIF
Lincoln|hybrids|12|24,Lincoln,40.8521004665436,-96.61511375850299,Satellite/Lincoln/TP1/Lincoln-TP1-hybrids_12_24.TIF
Lincoln|hybrids|12|25,Lincoln,40.852100345415906,-96.61504258839886,Satellite/Lincoln/TP1/Lincoln-TP1-hybrids_12_25.TIF
Lincoln|hybrids|12|26,Lincoln,40.852100224244275,-96.6149714182971,Satellite/Lincoln/TP1/Lincoln-TP1-hybrids_12_26.TIF
Lincoln|hybrids|12|27,Lincoln,40.852098716147886,-96.61489851859908,Satellite/Lincoln/TP1/Lincoln-TP1-hybrids_12_27.TIF
Lincoln|hybrids|12|28,Lincoln,40.852098594887345,-96.61482734850361,Satellite/Lincoln/TP1/Lincoln-TP1-hybrids_12_28.TIF
Lincoln|hybrids|12|29,Lincoln,40.85209843679725,-96.61475440036935,Satellite/Lincoln/TP1/Lincoln-TP1-hybrids_12_29.TIF
Lincoln|hybrids|12|3,Lincoln,40.85211548177804,-96.61662389796128,Satellite/Lincoln/TP1/Lincoln-TP1-hybrids_12_3.TIF
Lincoln|hybrids|12|30,Lincoln,40.852096965350505,-96.6146832787258,Satellite/Lincoln/TP1/Lincoln-TP1-hybrids_12_30.TIF
Lincoln|hybrids|12|31,Lincoln,40.85209549385995,-96.61461215708755,Satellite/Lincoln/TP1/Lincoln-TP1-hybrids_12_31.TIF
Lincoln|hybrids|12|32,Lincoln,40.85209533563374,-96.61453920896376,Satellite/Lincoln/TP1/Lincoln-TP1-hybrids_12_32.TIF
Lincoln|hybrids|12|33,Lincoln,40.85209521415142,-96.61446803888323,Satellite/Lincoln/TP1/Lincoln-TP1-hybrids_12_33.TIF
Lincoln|hybrids|12|34,Lincoln,40.85209370573707,-96.61439513921742,Satellite/Lincoln/TP1/Lincoln-TP1-hybrids_12_34.TIF
Lincoln|hybrids|12|35,Lincoln,40.85209358416583,-96.61432396914319,Satellite/Lincoln/TP1/Lincoln-TP1-hybrids_12_35.TIF
Lincoln|hybrids|12|36,Lincoln,40.85209346255065,-96.61425279907132,Satellite/Lincoln/TP1/Lincoln-TP1-hybrids_12_36.TIF
Lincoln|hybrids|12|37,Lincoln,40.85209195400032,-96.61417989941887,Satellite/Lincoln/TP1/Lincoln-TP1-hybrids_12_37.TIF
Lincoln|hybrids|12|38,Lincoln,40.85209179550065,-96.61410695131315,Satellite/Lincoln/TP1/Lincoln-TP1-hybrids_12_38.TIF
Lincoln|hybrids|12|39,Lincoln,40.85209167375152,-96.61403578125005,Satellite/Lincoln/TP1/Lincoln-TP1-hybrids_12_39.TIF
Lincoln|hybrids|12|4,Lincoln,40.85211536158246,-96.61655272779349,Satellite/Lincoln/TP1/Lincoln-TP1-hybrids_12_4.TIF
Lincoln|hybrids|12|5,Lincoln,40.852113854484905,-96.6164798279949,Satellite/Lincoln/TP1/Lincoln-TP1-hybrids_12_5.TIF
Lincoln|hybrids|12|6,Lincoln,40.85211373420041,-96.6164086578334,Satellite/Lincoln/TP1/Lincoln-TP1-hybrids_12_6.TIF
Lincoln|hybrids|12|7,Lincoln,40.8521122637731,-96.61633753608783,Satellite/Lincoln/TP1/Lincoln-TP1-hybrids_12_7.TIF
Lincoln|hybrids|12|8,Lincoln,40.85211210663844,-96.61626458788902,Satellite/Lincoln/TP1/Lincoln-TP1-hybrids_12_8.TIF
Lincoln|hybrids|12|9,Lincoln,40.852111986221054,-96.61619341773618,Satellite/Lincoln/TP1/Lincoln-TP1-hybrids_12_9.TIF
Lincoln|hybrids|13|10,Lincoln,40.85208347692377,-96.6161214863186,Satellite/Lincoln/TP1/Lincoln-TP1-hybrids_13_10.TIF
Lincoln|hybrids|13|11,Lincoln,40.85208335641888,-96.61605031620093,Satellite/Lincoln/TP1/Lincoln-TP1-hybrids_13_11.TIF
Lincoln|hybrids|13|12,Lincoln,40.8520818490048,-96.61597741646409,Satellite/Lincoln/TP1/Lincoln-TP1-hybrids_13_12.TIF
Lincoln|hybrids|13|13,Lincoln,40.852081728411,-96.6159062463527,Satellite/Lincoln/TP1/Lincoln-TP1-hybrids_13_13.TIF
Lincoln|hybrids|13|14,Lincoln,40.85208022090593,-96.6158333466253,Satellite/Lincoln/TP1/Lincoln-TP1-hybrids_13_14.TIF
Lincoln|hybrids|13|15,Lincoln,40.85208010022321,-96.61576217652016,Satellite/Lincoln/TP1/Lincoln-TP1-hybrids_13_15.TIF
Lincoln|hybrids|13|16,Lincoln,40.852079979496544,-96.61569100641742,Satellite/Lincoln/TP1/Lincoln-TP1-hybrids_13_16.TIF
Lincoln|hybrids|13|17,Lincoln,40.8520784718555,-96.61561810670335,Satellite/Lincoln/TP1/Lincoln-TP1-hybrids_13_17.TIF
Lincoln|hybrids|13|18,Lincoln,40.852078351039914,-96.61554693660689,Satellite/Lincoln/TP1/Lincoln-TP1-hybrids_13_18.TIF
Lincoln|hybrids|13|19,Lincoln,40.85207819340588,-96.61547398847125,Satellite/Lincoln/TP1/Lincoln-TP1-hybrids_13_19.TIF
Lincoln|hybrids|13|2,Lincoln,40.852089950044835,-96.61669598785035,Satellite/Lincoln/TP1/Lincoln-TP1-hybrids_13_2.TIF
Lincoln|hybrids|13|20,Lincoln,40.852076722403375,-96.61540286681208,Satellite/Lincoln/TP1/Lincoln-TP1-hybrids_13_20.TIF
Lincoln|hybrids|13|21,Lincoln,40.852075214580346,-96.61532996711689,Satellite/Lincoln/TP1/Lincoln-TP1-hybrids_13_21.TIF
Lincoln|hybrids|13|22,Lincoln,40.852075093586926,-96.615258797033,Satellite/Lincoln/TP1/Lincoln-TP1-hybrids_13_22.TIF
Lincoln|hybrids|13|23,Lincoln,40.85207493577063,-96.61518584891039,Satellite/Lincoln/TP1/Lincoln-TP1-hybrids_13_23.TIF
Lincoln|hybrids|13|24,Lincoln,40.852073464590575,-96.61511472726963,Satellite/Lincoln/TP1/Lincoln-TP1-hybrids_13_24.TIF
Lincoln|hybrids|13|25,Lincoln,40.85207334346429,-96.61504355719438,Satellite/Lincoln/TP1/Lincoln-TP1-hybrids_13_25.TIF
Lincoln|hybrids|13|26,Lincoln,40.8520731855118,-96.61497060908076,Satellite/Lincoln/TP1/Lincoln-TP1-hybrids_13_26.TIF
Lincoln|hybrids|13|27,Lincoln,40.852071714199084,-96.61489948745302,Satellite/Lincoln/TP1/Lincoln-TP1-hybrids_13_27.TIF
Lincoln|hybrids|13|28,Lincoln,40.85207155615547,-96.61482653934591,Satellite/Lincoln/TP1/Lincoln-TP1-hybrids_13_28.TIF
Lincoln|hybrids|13|29,Lincoln,40.8520714348513,-96.6147553692818,Satellite/Lincoln/TP1/Lincoln-TP1-hybrids_13_29.TIF
Lincoln|hybrids|13|3,Lincoln,40.852088479795384,-96.61662486611533,Satellite/Lincoln/TP1/Lincoln-TP1-hybrids_13_3.TIF
Lincoln|hybrids|13|30,Lincoln,40.852069963405945,-96.61468424766709,Satellite/Lincoln/TP1/Lincoln-TP1-hybrids_13_30.TIF
Lincoln|hybrids|13|31,Lincoln,40.85206845512898,-96.61461134801748,Satellite/Lincoln/TP1/Lincoln-TP1-hybrids_13_31.TIF
Lincoln|hybrids|13|32,Lincoln,40.852068333692,-96.61454017796346,Satellite/Lincoln/TP1/Lincoln-TP1-hybrids_13_32.TIF
Lincoln|hybrids|13|33,Lincoln,40.85206817542107,-96.61446722987185,Satellite/Lincoln/TP1/Lincoln-TP1-hybrids_13_33.TIF
Lincoln|hybrids|13|34,Lincoln,40.85206670379816,-96.61439610827556,Satellite/Lincoln/TP1/Lincoln-TP1-hybrids_13_34.TIF
Lincoln|hybrids|13|35,Lincoln,40.85206658222832,-96.61432493823021,Satellite/Lincoln/TP1/Lincoln-TP1-hybrids_13_35.TIF
Lincoln|hybrids|13|36,Lincoln,40.8520664238212,-96.6142519901476,Satellite/Lincoln/TP1/Lincoln-TP1-hybrids_13_36.TIF
Lincoln|hybrids|13|37,Lincoln,40.852064952065646,-96.61418086856433,Satellite/Lincoln/TP1/Lincoln-TP1-hybrids_13_37.TIF
Lincoln|hybrids|13|38,Lincoln,40.8520647935674,-96.61410792048824,Satellite/Lincoln/TP1/Lincoln-TP1-hybrids_13_38.TIF
Lincoln|hybrids|13|39,Lincoln,40.852063321723065,-96.61403679891419,Satellite/Lincoln/TP1/Lincoln-TP1-hybrids_13_39.TIF
Lincoln|hybrids|13|4,Lincoln,40.85208697274424,-96.61655196634237,Satellite/Lincoln/TP1/Lincoln-TP1-hybrids_13_4.TIF
Lincoln|hybrids|13|5,Lincoln,40.852086852505074,-96.6164807962074,Satellite/Lincoln/TP1/Lincoln-TP1-hybrids_13_5.TIF
Lincoln|hybrids|13|6,Lincoln,40.852086732221984,-96.6164096260748,Satellite/Lincoln/TP1/Lincoln-TP1-hybrids_13_6.TIF
Lincoln|hybrids|13|7,Lincoln,40.85208522503486,-96.61633672631518,Satellite/Lincoln/TP1/Lincoln-TP1-hybrids_13_7.TIF
Lincoln|hybrids|13|8,Lincoln,40.85208510466282,-96.61626555618885,Satellite/Lincoln/TP1/Lincoln-TP1-hybrids_13_8.TIF
Lincoln|hybrids|13|9,Lincoln,40.852084947483426,-96.61619260802223,Satellite/Lincoln/TP1/Lincoln-TP1-hybrids_13_9.TIF
Lincoln|hybrids|14|10,Lincoln,40.85205647495084,-96.61612245467555,Satellite/Lincoln/TP1/Lincoln-TP1-hybrids_14_10.TIF
Lincoln|hybrids|14|11,Lincoln,40.85205496758316,-96.61604955496435,Satellite/Lincoln/TP1/Lincoln-TP1-hybrids_14_11.TIF
Lincoln|hybrids|14|12,Lincoln,40.85205484703471,-96.61597838487947,Satellite/Lincoln/TP1/Lincoln-TP1-hybrids_14_12.TIF
Lincoln|hybrids|14|13,Lincoln,40.852054689674475,-96.61590543675547,Satellite/Lincoln/TP1/Lincoln-TP1-hybrids_14_13.TIF
Lincoln|hybrids|14|14,Lincoln,40.85205321893866,-96.6158343150991,Satellite/Lincoln/TP1/Lincoln-TP1-hybrids_14_14.TIF
Lincoln|hybrids|14|15,Lincoln,40.85205309825734,-96.61576314502285,Satellite/Lincoln/TP1/Lincoln-TP1-hybrids_14_15.TIF
Lincoln|hybrids|14|16,Lincoln,40.85205294076091,-96.61569019690785,Satellite/Lincoln/TP1/Lincoln-TP1-hybrids_14_16.TIF
Lincoln|hybrids|14|17,Lincoln,40.85205146989245,-96.61561907526448,Satellite/Lincoln/TP1/Lincoln-TP1-hybrids_14_17.TIF
Lincoln|hybrids|14|18,Lincoln,40.8520513123049,-96.61554612715598,Satellite/Lincoln/TP1/Lincoln-TP1-hybrids_14_18.TIF
Lincoln|hybrids|14|19,Lincoln,40.852051191445675,-96.61547495709087,Satellite/Lincoln/TP1/Lincoln-TP1-hybrids_14_19.TIF
Lincoln|hybrids|14|2,Lincoln,40.85206159796144,-96.61669700438044,Satellite/Lincoln/TP1/Lincoln-TP1-hybrids_14_2.TIF
Lincoln|hybrids|14|20,Lincoln,40.852049720444555,-96.61540383546053,Satellite/Lincoln/TP1/Lincoln-TP1-hybrids_14_20.TIF
Lincoln|hybrids|14|21,Lincoln,40.852048212622954,-96.61533093579489,Satellite/Lincoln/TP1/Lincoln-TP1-hybrids_14_21.TIF
Lincoln|hybrids|14|22,Lincoln,40.85204805485313,-96.61525798769942,Satellite/Lincoln/TP1/Lincoln-TP1-hybrids_14_22.TIF
Lincoln|hybrids|14|23,Lincoln,40.85204793381607,-96.61518681764687,Satellite/Lincoln/TP1/Lincoln-TP1-hybrids_14_23.TIF
Lincoln|hybrids|14|24,Lincoln,40.852046462637404,-96.61511569603495,Satellite/Lincoln/TP1/Lincoln-TP1-hybrids_14_24.TIF
Lincoln|hybrids|14|25,Lincoln,40.85204634151251,-96.61504452598858,Satellite/Lincoln/TP1/Lincoln-TP1-hybrids_14_25.TIF
Lincoln|hybrids|14|26,Lincoln,40.85204618356146,-96.61497157790457,Satellite/Lincoln/TP1/Lincoln-TP1-hybrids_14_26.TIF
Lincoln|hybrids|14|27,Lincoln,40.852044675466814,-96.61489867826575,Satellite/Lincoln/TP1/Lincoln-TP1-hybrids_14_27.TIF
Lincoln|hybrids|14|28,Lincoln,40.852044554207964,-96.61482750822816,Satellite/Lincoln/TP1/Lincoln-TP1-hybrids_14_28.TIF
Lincoln|hybrids|14|29,Lincoln,40.85204308280787,-96.61475638663845,Satellite/Lincoln/TP1/Lincoln-TP1-hybrids_14_29.TIF
Lincoln|hybrids|14|3,Lincoln,40.85206144105584,-96.61662405622548,Satellite/Lincoln/TP1/Lincoln-TP1-hybrids_14_3.TIF
Lincoln|hybrids|14|30,Lincoln,40.852042924674556,-96.61468343856748,Satellite/Lincoln/TP1/Lincoln-TP1-hybrids_14_30.TIF
Lincoln|hybrids|14|31,Lincoln,40.852041453185684,-96.61461231698698,Satellite/Lincoln/TP1/Lincoln-TP1-hybrids_14_31.TIF
Lincoln|hybrids|14|32,Lincoln,40.852041294961246,-96.61453936892251,Satellite/Lincoln/TP1/Lincoln-TP1-hybrids_14_32.TIF
Lincoln|hybrids|14|33,Lincoln,40.852041173480615,-96.61446819889986,Satellite/Lincoln/TP1/Lincoln-TP1-hybrids_14_33.TIF
Lincoln|hybrids|14|34,Lincoln,40.85203970185909,-96.61439707733238,Satellite/Lincoln/TP1/Lincoln-TP1-hybrids_14_34.TIF
Lincoln|hybrids|14|35,Lincoln,40.852039543498464,-96.61432412927691,Satellite/Lincoln/TP1/Lincoln-TP1-hybrids_14_35.TIF
Lincoln|hybrids|14|36,Lincoln,40.852039421884975,-96.61425295926293,Satellite/Lincoln/TP1/Lincoln-TP1-hybrids_14_36.TIF
Lincoln|hybrids|14|37,Lincoln,40.852037913336396,-96.61418005966969,Satellite/Lincoln/TP1/Lincoln-TP1-hybrids_14_37.TIF
Lincoln|hybrids|14|38,Lincoln,40.85203644153732,-96.61410893812065,Satellite/Lincoln/TP1/Lincoln-TP1-hybrids_14_38.TIF
Lincoln|hybrids|14|39,Lincoln,40.85203631979106,-96.61403776811677,Satellite/Lincoln/TP1/Lincoln-TP1-hybrids_14_39.TIF
Lincoln|hybrids|14|4,Lincoln,40.852059970762866,-96.61655293452468,Satellite/Lincoln/TP1/Lincoln-TP1-hybrids_14_4.TIF
Lincoln|hybrids|14|5,Lincoln,40.85205985052511,-96.61648176441858,Satellite/Lincoln/TP1/Lincoln-TP1-hybrids_14_5.TIF
Lincoln|hybrids|14|6,Lincoln,40.852059693483326,-96.6164088162726,Satellite/Lincoln/TP1/Lincoln-TP1-hybrids_14_6.TIF
Lincoln|hybrids|14|7,Lincoln,40.85205822305772,-96.61633769458479,Satellite/Lincoln/TP1/Lincoln-TP1-hybrids_14_7.TIF
Lincoln|hybrids|14|8,Lincoln,40.85205806592479,-96.61626474644531,Satellite/Lincoln/TP1/Lincoln-TP1-hybrids_14_8.TIF
Lincoln|hybrids|14|9,Lincoln,40.8520579455091,-96.61619357635034,Satellite/Lincoln/TP1/Lincoln-TP1-hybrids_14_9.TIF
Lincoln|hybrids|15|10,Lincoln,40.85202943621329,-96.61612164499009,Satellite/Lincoln/TP1/Lincoln-TP1-hybrids_15_10.TIF
Lincoln|hybrids|15|11,Lincoln,40.85202796561152,-96.61605052334951,Satellite/Lincoln/TP1/Lincoln-TP1-hybrids_15_11.TIF
Lincoln|hybrids|15|12,Lincoln,40.85202780829776,-96.61597757525267,Satellite/Lincoln/TP1/Lincoln-TP1-hybrids_15_12.TIF
Lincoln|hybrids|15|13,Lincoln,40.85202768770567,-96.61590640519914,Satellite/Lincoln/TP1/Lincoln-TP1-hybrids_15_13.TIF
Lincoln|hybrids|15|14,Lincoln,40.85202621697125,-96.61583528357158,Satellite/Lincoln/TP1/Lincoln-TP1-hybrids_15_14.TIF
Lincoln|hybrids|15|15,Lincoln,40.8520260595213,-96.61576233548372,Satellite/Lincoln/TP1/Lincoln-TP1-hybrids_15_15.TIF
Lincoln|hybrids|15|16,Lincoln,40.85202593879634,-96.61569116543883,Satellite/Lincoln/TP1/Lincoln-TP1-hybrids_15_16.TIF
Lincoln|hybrids|15|17,Lincoln,40.85202443115703,-96.61561826578401,Satellite/Lincoln/TP1/Lincoln-TP1-hybrids_15_17.TIF
Lincoln|hybrids|15|18,Lincoln,40.852024310343126,-96.61554709574541,Satellite/Lincoln/TP1/Lincoln-TP1-hybrids_15_18.TIF
Lincoln|hybrids|15|19,Lincoln,40.85202283938728,-96.61547597414007,Satellite/Lincoln/TP1/Lincoln-TP1-hybrids_15_19.TIF
Lincoln|hybrids|15|2,Lincoln,40.85203455922147,-96.61669619446101,Satellite/Lincoln/TP1/Lincoln-TP1-hybrids_15_2.TIF
Lincoln|hybrids|15|20,Lincoln,40.85202268171003,-96.6154030260677,Satellite/Lincoln/TP1/Lincoln-TP1-hybrids_15_20.TIF
Lincoln|hybrids|15|21,Lincoln,40.85202121066541,-96.61533190447156,Satellite/Lincoln/TP1/Lincoln-TP1-hybrids_15_21.TIF
Lincoln|hybrids|15|22,Lincoln,40.852021052897015,-96.6152589564057,Satellite/Lincoln/TP1/Lincoln-TP1-hybrids_15_22.TIF
Lincoln|hybrids|15|23,Lincoln,40.85202093186136,-96.61518778638205,Satellite/Lincoln/TP1/Lincoln-TP1-hybrids_15_23.TIF
Lincoln|hybrids|15|24,Lincoln,40.8520194606841,-96.61511666479893,Satellite/Lincoln/TP1/Lincoln-TP1-hybrids_15_24.TIF
Lincoln|hybrids|15|25,Lincoln,40.85201930277951,-96.61504371674206,Satellite/Lincoln/TP1/Lincoln-TP1-hybrids_15_25.TIF
Lincoln|hybrids|15|26,Lincoln,40.85201918161097,-96.61497254672707,Satellite/Lincoln/TP1/Lincoln-TP1-hybrids_15_26.TIF
Lincoln|hybrids|15|27,Lincoln,40.85201767351774,-96.61489964711781,Satellite/Lincoln/TP1/Lincoln-TP1-hybrids_15_27.TIF
Lincoln|hybrids|15|28,Lincoln,40.852016202162915,-96.61482852555311,Satellite/Lincoln/TP1/Lincoln-TP1-hybrids_15_28.TIF
Lincoln|hybrids|15|29,Lincoln,40.85201608086161,-96.61475735554822,Satellite/Lincoln/TP1/Lincoln-TP1-hybrids_15_29.TIF
Lincoln|hybrids|15|3,Lincoln,40.85203443907292,-96.61662502437764,Satellite/Lincoln/TP1/Lincoln-TP1-hybrids_15_3.TIF
Lincoln|hybrids|15|30,Lincoln,40.85201592272972,-96.61468440750684,Satellite/Lincoln/TP1/Lincoln-TP1-hybrids_15_30.TIF
Lincoln|hybrids|15|31,Lincoln,40.8520144144545,-96.61461150791645,Satellite/Lincoln/TP1/Lincoln-TP1-hybrids_15_31.TIF
Lincoln|hybrids|15|32,Lincoln,40.85201429301923,-96.6145403379203,Satellite/Lincoln/TP1/Lincoln-TP1-hybrids_15_32.TIF
Lincoln|hybrids|15|33,Lincoln,40.85201417154001,-96.61446916792656,Satellite/Lincoln/TP1/Lincoln-TP1-hybrids_15_33.TIF
Lincoln|hybrids|15|34,Lincoln,40.85201269991988,-96.61439804638792,Satellite/Lincoln/TP1/Lincoln-TP1-hybrids_15_34.TIF
Lincoln|hybrids|15|35,Lincoln,40.85201254156067,-96.61432509836203,Satellite/Lincoln/TP1/Lincoln-TP1-hybrids_15_35.TIF
Lincoln|hybrids|15|36,Lincoln,40.85201238315532,-96.61425215033873,Satellite/Lincoln/TP1/Lincoln-TP1-hybrids_15_36.TIF
Lincoln|hybrids|15|37,Lincoln,40.85201091140145,-96.61418102881325,Satellite/Lincoln/TP1/Lincoln-TP1-hybrids_15_37.TIF
Lincoln|hybrids|15|38,Lincoln,40.852009439603776,-96.61410990729303,Satellite/Lincoln/TP1/Lincoln-TP1-hybrids_15_38.TIF
Lincoln|hybrids|15|39,Lincoln,40.85200931785891,-96.61403873731804,Satellite/Lincoln/TP1/Lincoln-TP1-hybrids_15_39.TIF
Lincoln|hybrids|15|4,Lincoln,40.85203296878135,-96.61655390270565,Satellite/Lincoln/TP1/Lincoln-TP1-hybrids_15_4.TIF
Lincoln|hybrids|15|5,Lincoln,40.85203281178605,-96.6164809545868,Satellite/Lincoln/TP1/Lincoln-TP1-hybrids_15_5.TIF
Lincoln|hybrids|15|6,Lincoln,40.85203269150464,-96.61640978451207,Satellite/Lincoln/TP1/Lincoln-TP1-hybrids_15_6.TIF
Lincoln|hybrids|15|7,Lincoln,40.85203118431926,-96.61633688481167,Satellite/Lincoln/TP1/Lincoln-TP1-hybrids_15_7.TIF
Lincoln|hybrids|15|8,Lincoln,40.85203106394893,-96.61626571474322,Satellite/Lincoln/TP1/Lincoln-TP1-hybrids_15_8.TIF
Lincoln|hybrids|15|9,Lincoln,40.85202959343592,-96.61619459309344,Satellite/Lincoln/TP1/Lincoln-TP1-hybrids_15_9.TIF
Lincoln|hybrids|2|10,Lincoln,40.85238334587289,-96.6161178496705,Satellite/Lincoln/TP1/Lincoln-TP1-hybrids_2_10.TIF
Lincoln|hybrids|2|11,Lincoln,40.852381875258374,-96.61604672765166,Satellite/Lincoln/TP1/Lincoln-TP1-hybrids_2_11.TIF
Lincoln|hybrids|2|12,Lincoln,40.85238040460004,-96.61597560563808,Satellite/Lincoln/TP1/Lincoln-TP1-hybrids_2_12.TIF
Lincoln|hybrids|2|13,Lincoln,40.852380247228155,-96.61590265715681,Satellite/Lincoln/TP1/Lincoln-TP1-hybrids_2_13.TIF
Lincoln|hybrids|2|14,Lincoln,40.85238012657931,-96.61583148672817,Satellite/Lincoln/TP1/Lincoln-TP1-hybrids_2_14.TIF
Lincoln|hybrids|2|15,Lincoln,40.852378619018,-96.61575858667766,Satellite/Lincoln/TP1/Lincoln-TP1-hybrids_2_15.TIF
Lincoln|hybrids|2|16,Lincoln,40.85237849828026,-96.61568741625531,Satellite/Lincoln/TP1/Lincoln-TP1-hybrids_2_16.TIF
Lincoln|hybrids|2|17,Lincoln,40.85237834072601,-96.61561446778556,Satellite/Lincoln/TP1/Lincoln-TP1-hybrids_2_17.TIF
Lincoln|hybrids|2|18,Lincoln,40.852376869801276,-96.61554334579817,Satellite/Lincoln/TP1/Lincoln-TP1-hybrids_2_18.TIF
Lincoln|hybrids|2|19,Lincoln,40.85237536205796,-96.61547044576653,Satellite/Lincoln/TP1/Lincoln-TP1-hybrids_2_19.TIF
Lincoln|hybrids|2|2,Lincoln,40.852388505740414,-96.61669418025062,Satellite/Lincoln/TP1/Lincoln-TP1-hybrids_2_2.TIF
Lincoln|hybrids|2|20,Lincoln,40.852375241142404,-96.61539927535675,Satellite/Lincoln/TP1/Lincoln-TP1-hybrids_2_20.TIF
Lincoln|hybrids|2|21,Lincoln,40.85237508340589,-96.61532632690003,Satellite/Lincoln/TP1/Lincoln-TP1-hybrids_2_21.TIF
Lincoln|hybrids|2|22,Lincoln,40.8523736123036,-96.61525520493103,Satellite/Lincoln/TP1/Lincoln-TP1-hybrids_2_22.TIF
Lincoln|hybrids|2|23,Lincoln,40.852373454475945,-96.61518225648084,Satellite/Lincoln/TP1/Lincoln-TP1-hybrids_2_23.TIF
Lincoln|hybrids|2|24,Lincoln,40.85237333338247,-96.61511108608217,Satellite/Lincoln/TP1/Lincoln-TP1-hybrids_2_24.TIF
Lincoln|hybrids|2|25,Lincoln,40.852371825366106,-96.61503818607737,Satellite/Lincoln/TP1/Lincoln-TP1-hybrids_2_25.TIF
Lincoln|hybrids|2|26,Lincoln,40.852370354086254,-96.61496706412679,Satellite/Lincoln/TP1/Lincoln-TP1-hybrids_2_26.TIF
Lincoln|hybrids|2|27,Lincoln,40.85237019607633,-96.61489411568962,Satellite/Lincoln/TP1/Lincoln-TP1-hybrids_2_27.TIF
Lincoln|hybrids|2|28,Lincoln,40.852370074805016,-96.61482294530353,Satellite/Lincoln/TP1/Lincoln-TP1-hybrids_2_28.TIF
Lincoln|hybrids|2|29,Lincoln,40.85236860339252,-96.61475182336596,Satellite/Lincoln/TP1/Lincoln-TP1-hybrids_2_29.TIF
Lincoln|hybrids|2|3,Lincoln,40.85238838558014,-96.61662300978821,Satellite/Lincoln/TP1/Lincoln-TP1-hybrids_2_3.TIF
Lincoln|hybrids|2|30,Lincoln,40.85236844524642,-96.6146788749378,Satellite/Lincoln/TP1/Lincoln-TP1-hybrids_2_30.TIF
Lincoln|hybrids|2|31,Lincoln,40.85236828705414,-96.61460592651217,Satellite/Lincoln/TP1/Lincoln-TP1-hybrids_2_31.TIF
Lincoln|hybrids|2|32,Lincoln,40.85236681550791,-96.61453480458778,Satellite/Lincoln/TP1/Lincoln-TP1-hybrids_2_32.TIF
Lincoln|hybrids|2|33,Lincoln,40.85236534391786,-96.61446368266863,Satellite/Lincoln/TP1/Lincoln-TP1-hybrids_2_33.TIF
Lincoln|hybrids|2|34,Lincoln,40.85236518558948,-96.61439073425349,Satellite/Lincoln/TP1/Lincoln-TP1-hybrids_2_34.TIF
Lincoln|hybrids|2|35,Lincoln,40.85236502721492,-96.61431778584091,Satellite/Lincoln/TP1/Lincoln-TP1-hybrids_2_35.TIF
Lincoln|hybrids|2|36,Lincoln,40.85236355549113,-96.61424666393494,Satellite/Lincoln/TP1/Lincoln-TP1-hybrids_2_36.TIF
Lincoln|hybrids|2|37,Lincoln,40.85236343382021,-96.61417549357635,Satellite/Lincoln/TP1/Lincoln-TP1-hybrids_2_37.TIF
Lincoln|hybrids|2|38,Lincoln,40.85236327530949,-96.61410254517277,Satellite/Lincoln/TP1/Lincoln-TP1-hybrids_2_38.TIF
Lincoln|hybrids|2|39,Lincoln,40.852361766656074,-96.61402964523256,Satellite/Lincoln/TP1/Lincoln-TP1-hybrids_2_39.TIF
Lincoln|hybrids|2|4,Lincoln,40.85238687851877,-96.61655010968664,Satellite/Lincoln/TP1/Lincoln-TP1-hybrids_2_4.TIF
Lincoln|hybrids|2|5,Lincoln,40.85238540817065,-96.61647898764166,Satellite/Lincoln/TP1/Lincoln-TP1-hybrids_2_5.TIF
Lincoln|hybrids|2|6,Lincoln,40.8523852511172,-96.61640603913837,Satellite/Lincoln/TP1/Lincoln-TP1-hybrids_2_6.TIF
Lincoln|hybrids|2|7,Lincoln,40.85238513077907,-96.61633486868851,Satellite/Lincoln/TP1/Lincoln-TP1-hybrids_2_7.TIF
Lincoln|hybrids|2|8,Lincoln,40.852383660298294,-96.61626374665654,Satellite/Lincoln/TP1/Lincoln-TP1-hybrids_2_8.TIF
Lincoln|hybrids|2|9,Lincoln,40.852383503108676,-96.61619079816224,Satellite/Lincoln/TP1/Lincoln-TP1-hybrids_2_9.TIF
Lincoln|hybrids|3|10,Lincoln,40.85235499380288,-96.61611886645754,Satellite/Lincoln/TP1/Lincoln-TP1-hybrids_3_10.TIF
Lincoln|hybrids|3|11,Lincoln,40.85235487328832,-96.61604769604912,Satellite/Lincoln/TP1/Lincoln-TP1-hybrids_3_11.TIF
Lincoln|hybrids|3|12,Lincoln,40.852353365864396,-96.61597479601483,Satellite/Lincoln/TP1/Lincoln-TP1-hybrids_3_12.TIF
Lincoln|hybrids|3|13,Lincoln,40.85235324526092,-96.6159036256127,Satellite/Lincoln/TP1/Lincoln-TP1-hybrids_3_13.TIF
Lincoln|hybrids|3|14,Lincoln,40.85235308784429,-96.6158306771636,Satellite/Lincoln/TP1/Lincoln-TP1-hybrids_3_14.TIF
Lincoln|hybrids|3|15,Lincoln,40.85235161705361,-96.615759555192,Satellite/Lincoln/TP1/Lincoln-TP1-hybrids_3_15.TIF
Lincoln|hybrids|3|16,Lincoln,40.85235145954584,-96.6156866067494,Satellite/Lincoln/TP1/Lincoln-TP1-hybrids_3_16.TIF
Lincoln|hybrids|3|17,Lincoln,40.85234998866637,-96.61561548478701,Satellite/Lincoln/TP1/Lincoln-TP1-hybrids_3_17.TIF
Lincoln|hybrids|3|18,Lincoln,40.85234983106747,-96.61554253635092,Satellite/Lincoln/TP1/Lincoln-TP1-hybrids_3_18.TIF
Lincoln|hybrids|3|19,Lincoln,40.85234836009923,-96.61547141439775,Satellite/Lincoln/TP1/Lincoln-TP1-hybrids_3_19.TIF
Lincoln|hybrids|3|2,Lincoln,40.85236150375767,-96.61669514838545,Satellite/Lincoln/TP1/Lincoln-TP1-hybrids_3_2.TIF
Lincoln|hybrids|3|20,Lincoln,40.85234820240919,-96.61539846596816,Satellite/Lincoln/TP1/Lincoln-TP1-hybrids_3_20.TIF
Lincoln|hybrids|3|21,Lincoln,40.852348081449975,-96.61532729558972,Satellite/Lincoln/TP1/Lincoln-TP1-hybrids_3_21.TIF
Lincoln|hybrids|3|22,Lincoln,40.852346573571005,-96.61525439560113,Satellite/Lincoln/TP1/Lincoln-TP1-hybrids_3_22.TIF
Lincoln|hybrids|3|23,Lincoln,40.85234645252285,-96.61518322522898,Satellite/Lincoln/TP1/Lincoln-TP1-hybrids_3_23.TIF
Lincoln|hybrids|3|24,Lincoln,40.85234498133318,-96.615112103298,Satellite/Lincoln/TP1/Lincoln-TP1-hybrids_3_24.TIF
Lincoln|hybrids|3|25,Lincoln,40.85234482341583,-96.61503915488395,Satellite/Lincoln/TP1/Lincoln-TP1-hybrids_3_25.TIF
Lincoln|hybrids|3|26,Lincoln,40.852343315354865,-96.61496625491421,Satellite/Lincoln/TP1/Lincoln-TP1-hybrids_3_26.TIF
Lincoln|hybrids|3|27,Lincoln,40.85234319412889,-96.61489508455463,Satellite/Lincoln/TP1/Lincoln-TP1-hybrids_3_27.TIF
Lincoln|hybrids|3|28,Lincoln,40.85234307285898,-96.61482391419742,Satellite/Lincoln/TP1/Lincoln-TP1-hybrids_3_28.TIF
Lincoln|hybrids|3|29,Lincoln,40.85234156466205,-96.61475101424104,Satellite/Lincoln/TP1/Lincoln-TP1-hybrids_3_29.TIF
Lincoln|hybrids|3|3,Lincoln,40.8523599967427,-96.61662224830951,Satellite/Lincoln/TP1/Lincoln-TP1-hybrids_3_3.TIF
Lincoln|hybrids|3|30,Lincoln,40.852341443303224,-96.61467984389012,Satellite/Lincoln/TP1/Lincoln-TP1-hybrids_3_30.TIF
Lincoln|hybrids|3|31,Lincoln,40.85234128511237,-96.6146068954941,Satellite/Lincoln/TP1/Lincoln-TP1-hybrids_3_31.TIF
Lincoln|hybrids|3|32,Lincoln,40.85233981356752,-96.61453577359853,Satellite/Lincoln/TP1/Lincoln-TP1-hybrids_3_32.TIF
Lincoln|hybrids|3|33,Lincoln,40.85233830518859,-96.61446287366104,Satellite/Lincoln/TP1/Lincoln-TP1-hybrids_3_33.TIF
Lincoln|hybrids|3|34,Lincoln,40.85233818365192,-96.6143917033227,Satellite/Lincoln/TP1/Lincoln-TP1-hybrids_3_34.TIF
Lincoln|hybrids|3|35,Lincoln,40.8523380252788,-96.61431875493972,Satellite/Lincoln/TP1/Lincoln-TP1-hybrids_3_35.TIF
Lincoln|hybrids|3|36,Lincoln,40.85233655355641,-96.61424763306256,Satellite/Lincoln/TP1/Lincoln-TP1-hybrids_3_36.TIF
Lincoln|hybrids|3|37,Lincoln,40.852336395092166,-96.6141746846861,Satellite/Lincoln/TP1/Lincoln-TP1-hybrids_3_37.TIF
Lincoln|hybrids|3|38,Lincoln,40.852336273377595,-96.6141035143589,Satellite/Lincoln/TP1/Lincoln-TP1-hybrids_3_38.TIF
Lincoln|hybrids|3|39,Lincoln,40.85233476472561,-96.61403061444824,Satellite/Lincoln/TP1/Lincoln-TP1-hybrids_3_39.TIF
Lincoln|hybrids|3|4,Lincoln,40.852359876538834,-96.6165510778799,Satellite/Lincoln/TP1/Lincoln-TP1-hybrids_3_4.TIF
Lincoln|hybrids|3|5,Lincoln,40.85235836943288,-96.6164781778134,Satellite/Lincoln/TP1/Lincoln-TP1-hybrids_3_5.TIF
Lincoln|hybrids|3|6,Lincoln,40.852358249140096,-96.61640700739007,Satellite/Lincoln/TP1/Lincoln-TP1-hybrids_3_6.TIF
Lincoln|hybrids|3|7,Lincoln,40.85235812880337,-96.6163358369691,Satellite/Lincoln/TP1/Lincoln-TP1-hybrids_3_7.TIF
Lincoln|hybrids|3|8,Lincoln,40.85235662156145,-96.61626293691594,Satellite/Lincoln/TP1/Lincoln-TP1-hybrids_3_8.TIF
Lincoln|hybrids|3|9,Lincoln,40.852356501135795,-96.61619176650126,Satellite/Lincoln/TP1/Lincoln-TP1-hybrids_3_9.TIF
Lincoln|hybrids|4|10,Lincoln,40.852327991831274,-96.6161198348248,Satellite/Lincoln/TP1/Lincoln-TP1-hybrids_4_10.TIF
Lincoln|hybrids|4|11,Lincoln,40.85232783455227,-96.61604688639632,Satellite/Lincoln/TP1/Lincoln-TP1-hybrids_4_11.TIF
Lincoln|hybrids|4|12,Lincoln,40.85232636389562,-96.61597576444052,Satellite/Lincoln/TP1/Lincoln-TP1-hybrids_4_12.TIF
Lincoln|hybrids|4|13,Lincoln,40.852326206525476,-96.61590281601855,Satellite/Lincoln/TP1/Lincoln-TP1-hybrids_4_13.TIF
Lincoln|hybrids|4|14,Lincoln,40.852326085878346,-96.61583164564779,Satellite/Lincoln/TP1/Lincoln-TP1-hybrids_4_14.TIF
Lincoln|hybrids|4|15,Lincoln,40.85232457831877,-96.61575874565652,Satellite/Lincoln/TP1/Lincoln-TP1-hybrids_4_15.TIF
Lincoln|hybrids|4|16,Lincoln,40.852323107484565,-96.61568762371913,Satellite/Lincoln/TP1/Lincoln-TP1-hybrids_4_16.TIF
Lincoln|hybrids|4|17,Lincoln,40.85232294993213,-96.61561467531018,Satellite/Lincoln/TP1/Lincoln-TP1-hybrids_4_17.TIF
Lincoln|hybrids|4|18,Lincoln,40.85232282910718,-96.61554350495199,Satellite/Lincoln/TP1/Lincoln-TP1-hybrids_4_18.TIF
Lincoln|hybrids|4|19,Lincoln,40.85232135814034,-96.61547238302762,Satellite/Lincoln/TP1/Lincoln-TP1-hybrids_4_19.TIF
Lincoln|hybrids|4|2,Lincoln,40.852333151675616,-96.61669616492563,Satellite/Lincoln/TP1/Lincoln-TP1-hybrids_4_2.TIF
Lincoln|hybrids|4|20,Lincoln,40.85232120045173,-96.61539943462766,Satellite/Lincoln/TP1/Lincoln-TP1-hybrids_4_20.TIF
Lincoln|hybrids|4|21,Lincoln,40.852321042716966,-96.61532648623027,Satellite/Lincoln/TP1/Lincoln-TP1-hybrids_4_21.TIF
Lincoln|hybrids|4|22,Lincoln,40.85231957161637,-96.61525536431905,Satellite/Lincoln/TP1/Lincoln-TP1-hybrids_4_22.TIF
Lincoln|hybrids|4|23,Lincoln,40.85231810047196,-96.6151842424131,Satellite/Lincoln/TP1/Lincoln-TP1-hybrids_4_23.TIF
Lincoln|hybrids|4|24,Lincoln,40.85231794260108,-96.61511129402618,Satellite/Lincoln/TP1/Lincoln-TP1-hybrids_4_24.TIF
Lincoln|hybrids|4|25,Lincoln,40.85231782146541,-96.61504012368918,Satellite/Lincoln/TP1/Lincoln-TP1-hybrids_4_25.TIF
Lincoln|hybrids|4|26,Lincoln,40.85231631340587,-96.614967223749,Satellite/Lincoln/TP1/Lincoln-TP1-hybrids_4_26.TIF
Lincoln|hybrids|4|27,Lincoln,40.852316192181306,-96.6148960534183,Satellite/Lincoln/TP1/Lincoln-TP1-hybrids_4_27.TIF
Lincoln|hybrids|4|28,Lincoln,40.85231603412809,-96.61482310504293,Satellite/Lincoln/TP1/Lincoln-TP1-hybrids_4_28.TIF
Lincoln|hybrids|4|29,Lincoln,40.85231456271729,-96.61475198316316,Satellite/Lincoln/TP1/Lincoln-TP1-hybrids_4_29.TIF
Lincoln|hybrids|4|3,Lincoln,40.85233299476123,-96.61662321647259,Satellite/Lincoln/TP1/Lincoln-TP1-hybrids_4_3.TIF
Lincoln|hybrids|4|30,Lincoln,40.85231440457293,-96.61467903479429,Satellite/Lincoln/TP1/Lincoln-TP1-hybrids_4_30.TIF
Lincoln|hybrids|4|31,Lincoln,40.85231293307334,-96.61460791292373,Satellite/Lincoln/TP1/Lincoln-TP1-hybrids_4_31.TIF
Lincoln|hybrids|4|32,Lincoln,40.85231281162699,-96.61453674260798,Satellite/Lincoln/TP1/Lincoln-TP1-hybrids_4_32.TIF
Lincoln|hybrids|4|33,Lincoln,40.85231130324949,-96.61446384270002,Satellite/Lincoln/TP1/Lincoln-TP1-hybrids_4_33.TIF
Lincoln|hybrids|4|34,Lincoln,40.85231114492285,-96.6143908943442,Satellite/Lincoln/TP1/Lincoln-TP1-hybrids_4_34.TIF
Lincoln|hybrids|4|35,Lincoln,40.852311023342544,-96.6143197240372,Satellite/Lincoln/TP1/Lincoln-TP1-hybrids_4_35.TIF
Lincoln|hybrids|4|36,Lincoln,40.85230955162154,-96.61424860218888,Satellite/Lincoln/TP1/Lincoln-TP1-hybrids_4_36.TIF
Lincoln|hybrids|4|37,Lincoln,40.852309393158734,-96.61417565384205,Satellite/Lincoln/TP1/Lincoln-TP1-hybrids_4_37.TIF
Lincoln|hybrids|4|38,Lincoln,40.852307884553134,-96.61410275395701,Satellite/Lincoln/TP1/Lincoln-TP1-hybrids_4_38.TIF
Lincoln|hybrids|4|39,Lincoln,40.85230776279499,-96.61403158366261,Satellite/Lincoln/TP1/Lincoln-TP1-hybrids_4_39.TIF
Lincoln|hybrids|4|4,Lincoln,40.85233283780068,-96.61655026802211,Satellite/Lincoln/TP1/Lincoln-TP1-hybrids_4_4.TIF
Lincoln|hybrids|4|5,Lincoln,40.85233136745424,-96.6164791460349,Satellite/Lincoln/TP1/Lincoln-TP1-hybrids_4_5.TIF
Lincoln|hybrids|4|6,Lincoln,40.852331247162844,-96.61640797564047,Satellite/Lincoln/TP1/Lincoln-TP1-hybrids_4_6.TIF
Lincoln|hybrids|4|7,Lincoln,40.8523310900661,-96.61633502719897,Satellite/Lincoln/TP1/Lincoln-TP1-hybrids_4_7.TIF
Lincoln|hybrids|4|8,Lincoln,40.85232961958702,-96.61626390522477,Satellite/Lincoln/TP1/Lincoln-TP1-hybrids_4_8.TIF
Lincoln|hybrids|4|9,Lincoln,40.85232811230049,-96.61619100520667,Satellite/Lincoln/TP1/Lincoln-TP1-hybrids_4_9.TIF
Lincoln|hybrids|5|10,Lincoln,40.85230095309482,-96.61611902514241,Satellite/Lincoln/TP1/Lincoln-TP1-hybrids_5_10.TIF
Lincoln|hybrids|5|11,Lincoln,40.85230083258197,-96.61604785479187,Satellite/Lincoln/TP1/Lincoln-TP1-hybrids_5_11.TIF
Lincoln|hybrids|5|12,Lincoln,40.85229932515976,-96.61597495481679,Satellite/Lincoln/TP1/Lincoln-TP1-hybrids_5_12.TIF
Lincoln|hybrids|5|13,Lincoln,40.852299204557994,-96.61590378447255,Satellite/Lincoln/TP1/Lincoln-TP1-hybrids_5_13.TIF
Lincoln|hybrids|5|14,Lincoln,40.852299083912264,-96.61583261413067,Satellite/Lincoln/TP1/Lincoln-TP1-hybrids_5_14.TIF
Lincoln|hybrids|5|15,Lincoln,40.852297576354104,-96.61575971416895,Satellite/Lincoln/TP1/Lincoln-TP1-hybrids_5_15.TIF
Lincoln|hybrids|5|16,Lincoln,40.852296068749915,-96.61568681421274,Satellite/Lincoln/TP1/Lincoln-TP1-hybrids_5_16.TIF
Lincoln|hybrids|5|17,Lincoln,40.852295947970305,-96.61561564388106,Satellite/Lincoln/TP1/Lincoln-TP1-hybrids_5_17.TIF
Lincoln|hybrids|5|18,Lincoln,40.852295827146754,-96.61554447355174,Satellite/Lincoln/TP1/Lincoln-TP1-hybrids_5_18.TIF
Lincoln|hybrids|5|19,Lincoln,40.852294319406596,-96.61547157360887,Satellite/Lincoln/TP1/Lincoln-TP1-hybrids_5_19.TIF
Lincoln|hybrids|5|2,Lincoln,40.85230611293672,-96.61669535500855,Satellite/Lincoln/TP1/Lincoln-TP1-hybrids_5_2.TIF
Lincoln|hybrids|5|20,Lincoln,40.85229419849413,-96.61540040328585,Satellite/Lincoln/TP1/Lincoln-TP1-hybrids_5_20.TIF
Lincoln|hybrids|5|21,Lincoln,40.85229404076079,-96.61532745491806,Satellite/Lincoln/TP1/Lincoln-TP1-hybrids_5_21.TIF
Lincoln|hybrids|5|22,Lincoln,40.85229256966158,-96.61525633303566,Satellite/Lincoln/TP1/Lincoln-TP1-hybrids_5_22.TIF
Lincoln|hybrids|5|23,Lincoln,40.85229106173944,-96.61518343311168,Satellite/Lincoln/TP1/Lincoln-TP1-hybrids_5_23.TIF
Lincoln|hybrids|5|24,Lincoln,40.85229094064913,-96.61511226280122,Satellite/Lincoln/TP1/Lincoln-TP1-hybrids_5_24.TIF
Lincoln|hybrids|5|25,Lincoln,40.85229078273351,-96.61503931444646,Satellite/Lincoln/TP1/Lincoln-TP1-hybrids_5_25.TIF
Lincoln|hybrids|5|26,Lincoln,40.85228931145675,-96.6149681925825,Satellite/Lincoln/TP1/Lincoln-TP1-hybrids_5_26.TIF
Lincoln|hybrids|5|27,Lincoln,40.85228919023359,-96.61489702228069,Satellite/Lincoln/TP1/Lincoln-TP1-hybrids_5_27.TIF
Lincoln|hybrids|5|28,Lincoln,40.852289032181794,-96.61482407393491,Satellite/Lincoln/TP1/Lincoln-TP1-hybrids_5_28.TIF
Lincoln|hybrids|5|29,Lincoln,40.85228752398659,-96.61475117403776,Satellite/Lincoln/TP1/Lincoln-TP1-hybrids_5_29.TIF
Lincoln|hybrids|5|3,Lincoln,40.85230595602265,-96.61662240658521,Satellite/Lincoln/TP1/Lincoln-TP1-hybrids_5_3.TIF
Lincoln|hybrids|5|30,Lincoln,40.852286052532286,-96.6146800521922,Satellite/Lincoln/TP1/Lincoln-TP1-hybrids_5_30.TIF
Lincoln|hybrids|5|31,Lincoln,40.85228593113128,-96.61460888190297,Satellite/Lincoln/TP1/Lincoln-TP1-hybrids_5_31.TIF
Lincoln|hybrids|5|32,Lincoln,40.852285772897204,-96.61453593357024,Satellite/Lincoln/TP1/Lincoln-TP1-hybrids_5_32.TIF
Lincoln|hybrids|5|33,Lincoln,40.85228430131024,-96.6144648117377,Satellite/Lincoln/TP1/Lincoln-TP1-hybrids_5_33.TIF
Lincoln|hybrids|5|34,Lincoln,40.852284142985035,-96.61439186341148,Satellite/Lincoln/TP1/Lincoln-TP1-hybrids_5_34.TIF
Lincoln|hybrids|5|35,Lincoln,40.85228402140612,-96.6143206931334,Satellite/Lincoln/TP1/Lincoln-TP1-hybrids_5_35.TIF
Lincoln|hybrids|5|36,Lincoln,40.85228251289296,-96.61424779326846,Satellite/Lincoln/TP1/Lincoln-TP1-hybrids_5_36.TIF
Lincoln|hybrids|5|37,Lincoln,40.85228104112845,-96.61417667145435,Satellite/Lincoln/TP1/Lincoln-TP1-hybrids_5_37.TIF
Lincoln|hybrids|5|38,Lincoln,40.852280882620974,-96.61410372314117,Satellite/Lincoln/TP1/Lincoln-TP1-hybrids_5_38.TIF
Lincoln|hybrids|5|39,Lincoln,40.85228076086423,-96.61403255287566,Satellite/Lincoln/TP1/Lincoln-TP1-hybrids_5_39.TIF
Lincoln|hybrids|5|4,Lincoln,40.852305835820495,-96.61655123621348,Satellite/Lincoln/TP1/Lincoln-TP1-hybrids_5_4.TIF
Lincoln|hybrids|5|5,Lincoln,40.85230436547544,-96.6164801142551,Satellite/Lincoln/TP1/Lincoln-TP1-hybrids_5_5.TIF
Lincoln|hybrids|5|6,Lincoln,40.85230420842519,-96.61640716584076,Satellite/Lincoln/TP1/Lincoln-TP1-hybrids_5_6.TIF
Lincoln|hybrids|5|7,Lincoln,40.85230273799136,-96.61633604389155,Satellite/Lincoln/TP1/Lincoln-TP1-hybrids_5_7.TIF
Lincoln|hybrids|5|8,Lincoln,40.852302580849944,-96.61626309548372,Satellite/Lincoln/TP1/Lincoln-TP1-hybrids_5_8.TIF
Lincoln|hybrids|5|9,Lincoln,40.85230111032734,-96.61619197354372,Satellite/Lincoln/TP1/Lincoln-TP1-hybrids_5_9.TIF
Lincoln|hybrids|6|10,Lincoln,40.85227395112296,-96.61611999350775,Satellite/Lincoln/TP1/Lincoln-TP1-hybrids_6_10.TIF
Lincoln|hybrids|6|11,Lincoln,40.8522737938457,-96.6160470451386,Satellite/Lincoln/TP1/Lincoln-TP1-hybrids_6_11.TIF
Lincoln|hybrids|6|12,Lincoln,40.85227232319073,-96.61597592324058,Satellite/Lincoln/TP1/Lincoln-TP1-hybrids_6_12.TIF
Lincoln|hybrids|6|13,Lincoln,40.852272202590356,-96.61590475292522,Satellite/Lincoln/TP1/Lincoln-TP1-hybrids_6_13.TIF
Lincoln|hybrids|6|14,Lincoln,40.852270695078595,-96.61583185298913,Satellite/Lincoln/TP1/Lincoln-TP1-hybrids_6_14.TIF
Lincoln|hybrids|6|15,Lincoln,40.85227057438931,-96.61576068268006,Satellite/Lincoln/TP1/Lincoln-TP1-hybrids_6_15.TIF
Lincoln|hybrids|6|16,Lincoln,40.85226906678653,-96.61568778275338,Satellite/Lincoln/TP1/Lincoln-TP1-hybrids_6_16.TIF
Lincoln|hybrids|6|17,Lincoln,40.852268946008316,-96.6156166124506,Satellite/Lincoln/TP1/Lincoln-TP1-hybrids_6_17.TIF
Lincoln|hybrids|6|18,Lincoln,40.8522687884126,-96.61554366410344,Satellite/Lincoln/TP1/Lincoln-TP1-hybrids_6_18.TIF
Lincoln|hybrids|6|19,Lincoln,40.85226731744745,-96.61547254223686,Satellite/Lincoln/TP1/Lincoln-TP1-hybrids_6_19.TIF
Lincoln|hybrids|6|2,Lincoln,40.85227907419774,-96.61669454509159,Satellite/Lincoln/TP1/Lincoln-TP1-hybrids_6_2.TIF
Lincoln|hybrids|6|20,Lincoln,40.85226715976058,-96.61539959389621,Satellite/Lincoln/TP1/Lincoln-TP1-hybrids_6_20.TIF
Lincoln|hybrids|6|21,Lincoln,40.85226568870666,-96.61532847203883,Satellite/Lincoln/TP1/Lincoln-TP1-hybrids_6_21.TIF
Lincoln|hybrids|6|22,Lincoln,40.85226553092865,-96.6152555237047,Satellite/Lincoln/TP1/Lincoln-TP1-hybrids_6_22.TIF
Lincoln|hybrids|6|23,Lincoln,40.85226405978594,-96.61518440185652,Satellite/Lincoln/TP1/Lincoln-TP1-hybrids_6_23.TIF
Lincoln|hybrids|6|24,Lincoln,40.8522639019168,-96.61511145352893,Satellite/Lincoln/TP1/Lincoln-TP1-hybrids_6_24.TIF
Lincoln|hybrids|6|25,Lincoln,40.852263780782835,-96.61504028324983,Satellite/Lincoln/TP1/Lincoln-TP1-hybrids_6_25.TIF
Lincoln|hybrids|6|26,Lincoln,40.85226230950747,-96.61496916141466,Satellite/Lincoln/TP1/Lincoln-TP1-hybrids_6_26.TIF
Lincoln|hybrids|6|27,Lincoln,40.85226215150216,-96.61489621309603,Satellite/Lincoln/TP1/Lincoln-TP1-hybrids_6_27.TIF
Lincoln|hybrids|6|28,Lincoln,40.85226203023536,-96.61482504282559,Satellite/Lincoln/TP1/Lincoln-TP1-hybrids_6_28.TIF
Lincoln|hybrids|6|29,Lincoln,40.852260522041576,-96.61475214295798,Satellite/Lincoln/TP1/Lincoln-TP1-hybrids_6_29.TIF
Lincoln|hybrids|6|3,Lincoln,40.85227895404092,-96.61662337474638,Satellite/Lincoln/TP1/Lincoln-TP1-hybrids_6_3.TIF
Lincoln|hybrids|6|30,Lincoln,40.85225905058867,-96.61468102114124,Satellite/Lincoln/TP1/Lincoln-TP1-hybrids_6_30.TIF
Lincoln|hybrids|6|31,Lincoln,40.852258892401075,-96.61460807283564,Satellite/Lincoln/TP1/Lincoln-TP1-hybrids_6_31.TIF
Lincoln|hybrids|6|32,Lincoln,40.852258770956425,-96.61453690257777,Satellite/Lincoln/TP1/Lincoln-TP1-hybrids_6_32.TIF
Lincoln|hybrids|6|33,Lincoln,40.85225726258066,-96.61446400272905,Satellite/Lincoln/TP1/Lincoln-TP1-hybrids_6_33.TIF
Lincoln|hybrids|6|34,Lincoln,40.85225714104708,-96.61439283247746,Satellite/Lincoln/TP1/Lincoln-TP1-hybrids_6_34.TIF
Lincoln|hybrids|6|35,Lincoln,40.85225701946957,-96.61432166222825,Satellite/Lincoln/TP1/Lincoln-TP1-hybrids_6_35.TIF
Lincoln|hybrids|6|36,Lincoln,40.85225551095783,-96.61424876239288,Satellite/Lincoln/TP1/Lincoln-TP1-hybrids_6_36.TIF
Lincoln|hybrids|6|37,Lincoln,40.852254002400066,-96.61417586256302,Satellite/Lincoln/TP1/Lincoln-TP1-hybrids_6_37.TIF
Lincoln|hybrids|6|38,Lincoln,40.85225388068867,-96.614104692324,Satellite/Lincoln/TP1/Lincoln-TP1-hybrids_6_38.TIF
Lincoln|hybrids|6|39,Lincoln,40.85225375893334,-96.61403352208738,Satellite/Lincoln/TP1/Lincoln-TP1-hybrids_6_39.TIF
Lincoln|hybrids|6|4,Lincoln,40.85227883384017,-96.61655220440352,Satellite/Lincoln/TP1/Lincoln-TP1-hybrids_6_4.TIF
Lincoln|hybrids|6|5,Lincoln,40.85227732673736,-96.6164793044258,Satellite/Lincoln/TP1/Lincoln-TP1-hybrids_6_5.TIF
Lincoln|hybrids|6|6,Lincoln,40.8522758563488,-96.61640818250162,Satellite/Lincoln/TP1/Lincoln-TP1-hybrids_6_6.TIF
Lincoln|hybrids|6|7,Lincoln,40.852275699253866,-96.61633523412091,Satellite/Lincoln/TP1/Lincoln-TP1-hybrids_6_7.TIF
Lincoln|hybrids|6|8,Lincoln,40.85227557887527,-96.61626406379064,Satellite/Lincoln/TP1/Lincoln-TP1-hybrids_6_8.TIF
Lincoln|hybrids|6|9,Lincoln,40.85227407159047,-96.61619116383176,Satellite/Lincoln/TP1/Lincoln-TP1-hybrids_6_9.TIF
Lincoln|hybrids|7|10,Lincoln,40.852246912386285,-96.61611918382489,Satellite/Lincoln/TP1/Lincoln-TP1-hybrids_7_10.TIF
Lincoln|hybrids|7|11,Lincoln,40.852246791875125,-96.61604801353225,Satellite/Lincoln/TP1/Lincoln-TP1-hybrids_7_11.TIF
Lincoln|hybrids|7|12,Lincoln,40.85224532122157,-96.61597689166305,Satellite/Lincoln/TP1/Lincoln-TP1-hybrids_7_12.TIF
Lincoln|hybrids|7|13,Lincoln,40.852243813756196,-96.61590399175259,Satellite/Lincoln/TP1/Lincoln-TP1-hybrids_7_13.TIF
Lincoln|hybrids|7|14,Lincoln,40.85224369311225,-96.61583282147004,Satellite/Lincoln/TP1/Lincoln-TP1-hybrids_7_14.TIF
Lincoln|hybrids|7|15,Lincoln,40.85224353565413,-96.61575987314352,Satellite/Lincoln/TP1/Lincoln-TP1-hybrids_7_15.TIF
Lincoln|hybrids|7|16,Lincoln,40.85224206482302,-96.61568875129274,Satellite/Lincoln/TP1/Lincoln-TP1-hybrids_7_16.TIF
Lincoln|hybrids|7|17,Lincoln,40.85224190727376,-96.61561580297271,Satellite/Lincoln/TP1/Lincoln-TP1-hybrids_7_17.TIF
Lincoln|hybrids|7|18,Lincoln,40.85224178645192,-96.61554463270127,Satellite/Lincoln/TP1/Lincoln-TP1-hybrids_7_18.TIF
Lincoln|hybrids|7|19,Lincoln,40.85224027871348,-96.61547173281764,Satellite/Lincoln/TP1/Lincoln-TP1-hybrids_7_19.TIF
Lincoln|hybrids|7|2,Lincoln,40.85225207221447,-96.61669551322255,Satellite/Lincoln/TP1/Lincoln-TP1-hybrids_7_2.TIF
Lincoln|hybrids|7|20,Lincoln,40.85223880770482,-96.61540061098526,Satellite/Lincoln/TP1/Lincoln-TP1-hybrids_7_20.TIF
Lincoln|hybrids|7|21,Lincoln,40.85223868675018,-96.61532944072393,Satellite/Lincoln/TP1/Lincoln-TP1-hybrids_7_21.TIF
Lincoln|hybrids|7|22,Lincoln,40.85223852897362,-96.6152564924194,Satellite/Lincoln/TP1/Lincoln-TP1-hybrids_7_22.TIF
Lincoln|hybrids|7|23,Lincoln,40.8522370210532,-96.61518359255464,Satellite/Lincoln/TP1/Lincoln-TP1-hybrids_7_23.TIF
Lincoln|hybrids|7|24,Lincoln,40.85223689996458,-96.61511242230206,Satellite/Lincoln/TP1/Lincoln-TP1-hybrids_7_24.TIF
Lincoln|hybrids|7|25,Lincoln,40.85223677883203,-96.61504125205185,Satellite/Lincoln/TP1/Lincoln-TP1-hybrids_7_25.TIF
Lincoln|hybrids|7|26,Lincoln,40.85223527077565,-96.61496835220042,Satellite/Lincoln/TP1/Lincoln-TP1-hybrids_7_26.TIF
Lincoln|hybrids|7|27,Lincoln,40.85223514955418,-96.6148971819565,Satellite/Lincoln/TP1/Lincoln-TP1-hybrids_7_27.TIF
Lincoln|hybrids|7|28,Lincoln,40.8522336414068,-96.61482428211451,Satellite/Lincoln/TP1/Lincoln-TP1-hybrids_7_28.TIF
Lincoln|hybrids|7|29,Lincoln,40.85223352009642,-96.61475311187688,Satellite/Lincoln/TP1/Lincoln-TP1-hybrids_7_29.TIF
Lincoln|hybrids|7|3,Lincoln,40.852251952059056,-96.61662434290623,Satellite/Lincoln/TP1/Lincoln-TP1-hybrids_7_3.TIF
Lincoln|hybrids|7|30,Lincoln,40.8522320486449,-96.61468199008897,Satellite/Lincoln/TP1/Lincoln-TP1-hybrids_7_30.TIF
Lincoln|hybrids|7|31,Lincoln,40.85223189045874,-96.61460904181298,Satellite/Lincoln/TP1/Lincoln-TP1-hybrids_7_31.TIF
Lincoln|hybrids|7|32,Lincoln,40.85223173222642,-96.61453609353956,Satellite/Lincoln/TP1/Lincoln-TP1-hybrids_7_32.TIF
Lincoln|hybrids|7|33,Lincoln,40.85223026064114,-96.6144649717648,Satellite/Lincoln/TP1/Lincoln-TP1-hybrids_7_33.TIF
Lincoln|hybrids|7|34,Lincoln,40.852230139108975,-96.61439380154212,Satellite/Lincoln/TP1/Lincoln-TP1-hybrids_7_34.TIF
Lincoln|hybrids|7|35,Lincoln,40.85222998074049,-96.61432085327769,Satellite/Lincoln/TP1/Lincoln-TP1-hybrids_7_35.TIF
Lincoln|hybrids|7|36,Lincoln,40.85222850902255,-96.61424973151597,Satellite/Lincoln/TP1/Lincoln-TP1-hybrids_7_36.TIF
Lincoln|hybrids|7|37,Lincoln,40.85222700046622,-96.61417683171565,Satellite/Lincoln/TP1/Lincoln-TP1-hybrids_7_37.TIF
Lincoln|hybrids|7|38,Lincoln,40.85222687875623,-96.61410566150553,Satellite/Lincoln/TP1/Lincoln-TP1-hybrids_7_38.TIF
Lincoln|hybrids|7|39,Lincoln,40.85222675700228,-96.61403449129779,Satellite/Lincoln/TP1/Lincoln-TP1-hybrids_7_39.TIF
Lincoln|hybrids|7|4,Lincoln,40.85225044500264,-96.61655144295412,Satellite/Lincoln/TP1/Lincoln-TP1-hybrids_7_4.TIF
Lincoln|hybrids|7|5,Lincoln,40.85225032475831,-96.61648027264408,Satellite/Lincoln/TP1/Lincoln-TP1-hybrids_7_5.TIF
Lincoln|hybrids|7|6,Lincoln,40.852248817610906,-96.6164073727014,Satellite/Lincoln/TP1/Lincoln-TP1-hybrids_7_6.TIF
Lincoln|hybrids|7|7,Lincoln,40.85224869727765,-96.61633620239763,Satellite/Lincoln/TP1/Lincoln-TP1-hybrids_7_7.TIF
Lincoln|hybrids|7|8,Lincoln,40.85224854013798,-96.61626325404912,Satellite/Lincoln/TP1/Lincoln-TP1-hybrids_7_8.TIF
Lincoln|hybrids|7|9,Lincoln,40.85224706961707,-96.6161921321669,Satellite/Lincoln/TP1/Lincoln-TP1-hybrids_7_9.TIF
Lincoln|hybrids|8|10,Lincoln,40.85221991041418,-96.61612015218834,Satellite/Lincoln/TP1/Lincoln-TP1-hybrids_8_10.TIF
Lincoln|hybrids|8|11,Lincoln,40.852218439805874,-96.61604903034417,Satellite/Lincoln/TP1/Lincoln-TP1-hybrids_8_11.TIF
Lincoln|hybrids|8|12,Lincoln,40.85221828248539,-96.61597608203827,Satellite/Lincoln/TP1/Lincoln-TP1-hybrids_8_12.TIF
Lincoln|hybrids|8|13,Lincoln,40.85221681178831,-96.6159049602033,Satellite/Lincoln/TP1/Lincoln-TP1-hybrids_8_13.TIF
Lincoln|hybrids|8|14,Lincoln,40.85221665437666,-96.61583201190392,Satellite/Lincoln/TP1/Lincoln-TP1-hybrids_8_14.TIF
Lincoln|hybrids|8|15,Lincoln,40.85221653368908,-96.61576084165272,Satellite/Lincoln/TP1/Lincoln-TP1-hybrids_8_15.TIF
Lincoln|hybrids|8|16,Lincoln,40.852215026088054,-96.61568794178527,Satellite/Lincoln/TP1/Lincoln-TP1-hybrids_8_16.TIF
Lincoln|hybrids|8|17,Lincoln,40.852214905311534,-96.61561677154036,Satellite/Lincoln/TP1/Lincoln-TP1-hybrids_8_17.TIF
Lincoln|hybrids|8|18,Lincoln,40.852214747717554,-96.61554382325251,Satellite/Lincoln/TP1/Lincoln-TP1-hybrids_8_18.TIF
Lincoln|hybrids|8|19,Lincoln,40.852213276754085,-96.61547270144371,Satellite/Lincoln/TP1/Lincoln-TP1-hybrids_8_19.TIF
Lincoln|hybrids|8|2,Lincoln,40.85222507023105,-96.6166964813522,Satellite/Lincoln/TP1/Lincoln-TP1-hybrids_8_2.TIF
Lincoln|hybrids|8|20,Lincoln,40.85221180574681,-96.61540157964016,Satellite/Lincoln/TP1/Lincoln-TP1-hybrids_8_20.TIF
Lincoln|hybrids|8|21,Lincoln,40.852211648016734,-96.61532863136279,Satellite/Lincoln/TP1/Lincoln-TP1-hybrids_8_21.TIF
Lincoln|hybrids|8|22,Lincoln,40.85221152701843,-96.6152574611328,Satellite/Lincoln/TP1/Lincoln-TP1-hybrids_8_22.TIF
Lincoln|hybrids|8|23,Lincoln,40.85221001909944,-96.61518456129758,Satellite/Lincoln/TP1/Lincoln-TP1-hybrids_8_23.TIF
Lincoln|hybrids|8|24,Lincoln,40.852209898012234,-96.61511339107389,Satellite/Lincoln/TP1/Lincoln-TP1-hybrids_8_24.TIF
Lincoln|hybrids|8|25,Lincoln,40.852209740099795,-96.61504044280805,Satellite/Lincoln/TP1/Lincoln-TP1-hybrids_8_25.TIF
Lincoln|hybrids|8|26,Lincoln,40.85220826882612,-96.61496932103069,Satellite/Lincoln/TP1/Lincoln-TP1-hybrids_8_26.TIF
Lincoln|hybrids|8|27,Lincoln,40.852206760725146,-96.61489642121434,Satellite/Lincoln/TP1/Lincoln-TP1-hybrids_8_27.TIF
Lincoln|hybrids|8|28,Lincoln,40.85220663946011,-96.61482525100321,Satellite/Lincoln/TP1/Lincoln-TP1-hybrids_8_28.TIF
Lincoln|hybrids|8|29,Lincoln,40.852206518151114,-96.61475408079447,Satellite/Lincoln/TP1/Lincoln-TP1-hybrids_8_29.TIF
Lincoln|hybrids|8|3,Lincoln,40.85222356322103,-96.61662358142573,Satellite/Lincoln/TP1/Lincoln-TP1-hybrids_8_3.TIF
Lincoln|hybrids|8|30,Lincoln,40.852205009914165,-96.61468118099147,Satellite/Lincoln/TP1/Lincoln-TP1-hybrids_8_30.TIF
Lincoln|hybrids|8|31,Lincoln,40.85220488851627,-96.614610010789,Satellite/Lincoln/TP1/Lincoln-TP1-hybrids_8_31.TIF
Lincoln|hybrids|8|32,Lincoln,40.85220473028538,-96.6145370625452,Satellite/Lincoln/TP1/Lincoln-TP1-hybrids_8_32.TIF
Lincoln|hybrids|8|33,Lincoln,40.85220325870151,-96.61446594079926,Satellite/Lincoln/TP1/Lincoln-TP1-hybrids_8_33.TIF
Lincoln|hybrids|8|34,Lincoln,40.85220310037947,-96.61439299256197,Satellite/Lincoln/TP1/Lincoln-TP1-hybrids_8_34.TIF
Lincoln|hybrids|8|35,Lincoln,40.852201628706815,-96.61432187082525,Satellite/Lincoln/TP1/Lincoln-TP1-hybrids_8_35.TIF
Lincoln|hybrids|8|36,Lincoln,40.852201470293664,-96.61424892259448,Satellite/Lincoln/TP1/Lincoln-TP1-hybrids_8_36.TIF
Lincoln|hybrids|8|37,Lincoln,40.85219999853223,-96.61417780086697,Satellite/Lincoln/TP1/Lincoln-TP1-hybrids_8_37.TIF
Lincoln|hybrids|8|38,Lincoln,40.852199876823626,-96.61410663068575,Satellite/Lincoln/TP1/Lincoln-TP1-hybrids_8_38.TIF
Lincoln|hybrids|8|39,Lincoln,40.8521997182743,-96.61403368246395,Satellite/Lincoln/TP1/Lincoln-TP1-hybrids_8_39.TIF
Lincoln|hybrids|8|4,Lincoln,40.85222344302204,-96.6165524111422,Satellite/Lincoln/TP1/Lincoln-TP1-hybrids_8_4.TIF
Lincoln|hybrids|8|5,Lincoln,40.852223286020006,-96.61647946281431,Satellite/Lincoln/TP1/Lincoln-TP1-hybrids_8_5.TIF
Lincoln|hybrids|8|6,Lincoln,40.852221815633136,-96.61640834094793,Satellite/Lincoln/TP1/Lincoln-TP1-hybrids_8_6.TIF
Lincoln|hybrids|8|7,Lincoln,40.85222165853995,-96.61633539262654,Satellite/Lincoln/TP1/Lincoln-TP1-hybrids_8_7.TIF
Lincoln|hybrids|8|8,Lincoln,40.85222153816304,-96.61626422235412,Satellite/Lincoln/TP1/Lincoln-TP1-hybrids_8_8.TIF
Lincoln|hybrids|8|9,Lincoln,40.85222003087998,-96.61619132245448,Satellite/Lincoln/TP1/Lincoln-TP1-hybrids_8_9.TIF
Lincoln|hybrids|9|10,Lincoln,40.8521915583433,-96.61612116896855,Satellite/Lincoln/TP1/Lincoln-TP1-hybrids_9_10.TIF
Lincoln|hybrids|9|11,Lincoln,40.85219140106928,-96.6160482206898,Satellite/Lincoln/TP1/Lincoln-TP1-hybrids_9_11.TIF
Lincoln|hybrids|9|12,Lincoln,40.852191280515946,-96.61597705045884,Satellite/Lincoln/TP1/Lincoln-TP1-hybrids_9_12.TIF
Lincoln|hybrids|9|13,Lincoln,40.85218977305231,-96.61590415060759,Satellite/Lincoln/TP1/Lincoln-TP1-hybrids_9_13.TIF
Lincoln|hybrids|9|14,Lincoln,40.85218965241007,-96.61583298038292,Satellite/Lincoln/TP1/Lincoln-TP1-hybrids_9_14.TIF
Lincoln|hybrids|9|15,Lincoln,40.85218953172387,-96.61576181016059,Satellite/Lincoln/TP1/Lincoln-TP1-hybrids_9_15.TIF
Lincoln|hybrids|9|16,Lincoln,40.85218802412427,-96.6156889103227,Satellite/Lincoln/TP1/Lincoln-TP1-hybrids_9_16.TIF
Lincoln|hybrids|9|17,Lincoln,40.852187866576756,-96.61561596206201,Satellite/Lincoln/TP1/Lincoln-TP1-hybrids_9_17.TIF
Lincoln|hybrids|9|18,Lincoln,40.852186395658556,-96.61554484027822,Satellite/Lincoln/TP1/Lincoln-TP1-hybrids_9_18.TIF
Lincoln|hybrids|9|19,Lincoln,40.852186274794526,-96.61547367006847,Satellite/Lincoln/TP1/Lincoln-TP1-hybrids_9_19.TIF
Lincoln|hybrids|9|2,Lincoln,40.85219803149173,-96.61669567143419,Satellite/Lincoln/TP1/Lincoln-TP1-hybrids_9_2.TIF
Lincoln|hybrids|9|20,Lincoln,40.85218476701293,-96.61540077024944,Satellite/Lincoln/TP1/Lincoln-TP1-hybrids_9_20.TIF
Lincoln|hybrids|9|21,Lincoln,40.85218464605999,-96.61532960004598,Satellite/Lincoln/TP1/Lincoln-TP1-hybrids_9_21.TIF
Lincoln|hybrids|9|22,Lincoln,40.85218448828518,-96.61525665180078,Satellite/Lincoln/TP1/Lincoln-TP1-hybrids_9_22.TIF
Lincoln|hybrids|9|23,Lincoln,40.85218301714555,-96.61518553003921,Satellite/Lincoln/TP1/Lincoln-TP1-hybrids_9_23.TIF
Lincoln|hybrids|9|24,Lincoln,40.85218289605973,-96.6151143598444,Satellite/Lincoln/TP1/Lincoln-TP1-hybrids_9_24.TIF
Lincoln|hybrids|9|25,Lincoln,40.852182738148734,-96.61504141160817,Satellite/Lincoln/TP1/Lincoln-TP1-hybrids_9_25.TIF
Lincoln|hybrids|9|26,Lincoln,40.85218123009407,-96.61496851181599,Satellite/Lincoln/TP1/Lincoln-TP1-hybrids_9_26.TIF
Lincoln|hybrids|9|27,Lincoln,40.85217975877689,-96.61489739007283,Satellite/Lincoln/TP1/Lincoln-TP1-hybrids_9_27.TIF
Lincoln|hybrids|9|28,Lincoln,40.85217963751325,-96.61482621989059,Satellite/Lincoln/TP1/Lincoln-TP1-hybrids_9_28.TIF
Lincoln|hybrids|9|29,Lincoln,40.85217947941997,-96.61475327166742,Satellite/Lincoln/TP1/Lincoln-TP1-hybrids_9_29.TIF
Lincoln|hybrids|9|3,Lincoln,40.852196561238905,-96.61662454958359,Satellite/Lincoln/TP1/Lincoln-TP1-hybrids_9_3.TIF
Lincoln|hybrids|9|30,Lincoln,40.85217800797015,-96.61468214993728,Satellite/Lincoln/TP1/Lincoln-TP1-hybrids_9_30.TIF
Lincoln|hybrids|9|31,Lincoln,40.85217784978573,-96.61460920172061,Satellite/Lincoln/TP1/Lincoln-TP1-hybrids_9_31.TIF
Lincoln|hybrids|9|32,Lincoln,40.85217772834418,-96.61453803154951,Satellite/Lincoln/TP1/Lincoln-TP1-hybrids_9_32.TIF
Lincoln|hybrids|9|33,Lincoln,40.8521762567617,-96.6144669098324,Satellite/Lincoln/TP1/Lincoln-TP1-hybrids_9_33.TIF
Lincoln|hybrids|9|34,Lincoln,40.8521747483442,-96.61439401007782,Satellite/Lincoln/TP1/Lincoln-TP1-hybrids_9_34.TIF
Lincoln|hybrids|9|35,Lincoln,40.85217458997751,-96.6143210618742,Satellite/Lincoln/TP1/Lincoln-TP1-hybrids_9_35.TIF
Lincoln|hybrids|9|36,Lincoln,40.85217446835813,-96.61424989171567,Satellite/Lincoln/TP1/Lincoln-TP1-hybrids_9_36.TIF
Lincoln|hybrids|9|37,Lincoln,40.85217299659809,-96.61417877001698,Satellite/Lincoln/TP1/Lincoln-TP1-hybrids_9_37.TIF
Lincoln|hybrids|9|38,Lincoln,40.85217283809523,-96.61410582182233,Satellite/Lincoln/TP1/Lincoln-TP1-hybrids_9_38.TIF
Lincoln|hybrids|9|39,Lincoln,40.852172716343,-96.61403465167247,Satellite/Lincoln/TP1/Lincoln-TP1-hybrids_9_39.TIF
Lincoln|hybrids|9|4,Lincoln,40.852196404283326,-96.61655160128286,Satellite/Lincoln/TP1/Lincoln-TP1-hybrids_9_4.TIF
Lincoln|hybrids|9|5,Lincoln,40.85219628404071,-96.61648043103068,Satellite/Lincoln/TP1/Lincoln-TP1-hybrids_9_5.TIF
Lincoln|hybrids|9|6,Lincoln,40.852194776895026,-96.61640753114723,Satellite/Lincoln/TP1/Lincoln-TP1-hybrids_9_6.TIF
Lincoln|hybrids|9|7,Lincoln,40.85219465656347,-96.61633636090134,Satellite/Lincoln/TP1/Lincoln-TP1-hybrids_9_7.TIF
Lincoln|hybrids|9|8,Lincoln,40.85219449942555,-96.61626341261214,Satellite/Lincoln/TP1/Lincoln-TP1-hybrids_9_8.TIF
Lincoln|hybrids|9|9,Lincoln,40.85219302890633,-96.61619229078772,Satellite/Lincoln/TP1/Lincoln-TP1-hybrids_9_9.TIF
MOValley|Hybrids|23|10,MOValley,41.671427691225134,-95.94339818785654,Satellite/MOValley/TP1/MOValley-TP1-Hybrids_23_10.TIF
MOValley|Hybrids|23|11,MOValley,41.671426837659105,-95.94332608136313,Satellite/MOValley/TP1/MOValley-TP1-Hybrids_23_11.TIF
MOValley|Hybrids|23|12,MOValley,41.671425984047694,-95.94325397486901,Satellite/MOValley/TP1/MOValley-TP1-Hybrids_23_12.TIF
MOValley|Hybrids|23|13,MOValley,41.67142517651353,-95.94318006878756,Satellite/MOValley/TP1/MOValley-TP1-Hybrids_23_13.TIF
MOValley|Hybrids|23|14,MOValley,41.671424368931696,-95.94310616270519,Satellite/MOValley/TP1/MOValley-TP1-Hybrids_23_14.TIF
MOValley|Hybrids|23|15,MOValley,41.67142486447395,-95.94303411772064,Satellite/MOValley/TP1/MOValley-TP1-Hybrids_23_15.TIF
MOValley|Hybrids|23|16,MOValley,41.67142401067892,-95.94296201122202,Satellite/MOValley/TP1/MOValley-TP1-Hybrids_23_16.TIF
MOValley|Hybrids|23|17,MOValley,41.67142455224872,-95.94288816664447,Satellite/MOValley/TP1/MOValley-TP1-Hybrids_23_17.TIF
MOValley|Hybrids|23|18,MOValley,41.67142374447878,-95.94281426055565,Satellite/MOValley/TP1/MOValley-TP1-Hybrids_23_18.TIF
MOValley|Hybrids|23|19,MOValley,41.67142289054548,-95.94274215405324,Satellite/MOValley/TP1/MOValley-TP1-Hybrids_23_19.TIF
MOValley|Hybrids|23|2,MOValley,41.67143158886302,-95.94398391464323,Satellite/MOValley/TP1/MOValley-TP1-Hybrids_23_2.TIF
MOValley|Hybrids|23|20,MOValley,41.671422082681374,-95.94266824796274,Satellite/MOValley/TP1/MOValley-TP1-Hybrids_23_20.TIF
MOValley|Hybrids|23|21,MOValley,41.671421274769635,-95.94259434187136,Satellite/MOValley/TP1/MOValley-TP1-Hybrids_23_21.TIF
MOValley|Hybrids|23|22,MOValley,41.67142042069798,-95.94252223536667,Satellite/MOValley/TP1/MOValley-TP1-Hybrids_23_22.TIF
MOValley|Hybrids|23|23,MOValley,41.67141956658094,-95.94245012886125,Satellite/MOValley/TP1/MOValley-TP1-Hybrids_23_23.TIF
MOValley|Hybrids|23|24,MOValley,41.67142010782136,-95.94237628426552,Satellite/MOValley/TP1/MOValley-TP1-Hybrids_23_24.TIF
MOValley|Hybrids|23|25,MOValley,41.671420649014316,-95.9423024396658,Satellite/MOValley/TP1/MOValley-TP1-Hybrids_23_25.TIF
MOValley|Hybrids|23|26,MOValley,41.6714197947591,-95.9422303331551,Satellite/MOValley/TP1/MOValley-TP1-Hybrids_23_26.TIF
MOValley|Hybrids|23|27,MOValley,41.67141894045853,-95.9421582266437,Satellite/MOValley/TP1/MOValley-TP1-Hybrids_23_27.TIF
MOValley|Hybrids|23|28,MOValley,41.67141813221803,-95.9420843205434,Satellite/MOValley/TP1/MOValley-TP1-Hybrids_23_28.TIF
MOValley|Hybrids|23|29,MOValley,41.67141732392985,-95.9420104144422,Satellite/MOValley/TP1/MOValley-TP1-Hybrids_23_29.TIF
MOValley|Hybrids|23|3,MOValley,41.6714307817994,-95.94391000857328,Satellite/MOValley/TP1/MOValley-TP1-Hybrids_23_3.TIF
MOValley|Hybrids|23|30,MOValley,41.671416469490936,-95.94193830792852,Satellite/MOValley/TP1/MOValley-TP1-Hybrids_23_30.TIF
MOValley|Hybrids|23|31,MOValley,41.67141561500663,-95.94186620141414,Satellite/MOValley/TP1/MOValley-TP1-Hybrids_23_31.TIF
MOValley|Hybrids|23|32,MOValley,41.67141480657782,-95.94179229531046,Satellite/MOValley/TP1/MOValley-TP1-Hybrids_23_32.TIF
MOValley|Hybrids|23|33,MOValley,41.671415347394976,-95.94171845069029,Satellite/MOValley/TP1/MOValley-TP1-Hybrids_23_33.TIF
MOValley|Hybrids|23|34,MOValley,41.67141584206611,-95.94164640565499,Satellite/MOValley/TP1/MOValley-TP1-Hybrids_23_34.TIF
MOValley|Hybrids|23|35,MOValley,41.67141503349567,-95.94157249954566,Satellite/MOValley/TP1/MOValley-TP1-Hybrids_23_35.TIF
MOValley|Hybrids|23|36,MOValley,41.6714142248776,-95.94149859343545,Satellite/MOValley/TP1/MOValley-TP1-Hybrids_23_36.TIF
MOValley|Hybrids|23|37,MOValley,41.67141337011676,-95.9414264869135,Satellite/MOValley/TP1/MOValley-TP1-Hybrids_23_37.TIF
MOValley|Hybrids|23|38,MOValley,41.67141251531056,-95.94135438039085,Satellite/MOValley/TP1/MOValley-TP1-Hybrids_23_38.TIF
MOValley|Hybrids|23|39,MOValley,41.67141170655182,-95.94128047427817,Satellite/MOValley/TP1/MOValley-TP1-Hybrids_23_39.TIF
MOValley|Hybrids|23|4,MOValley,41.67142992855527,-95.94383790208818,Satellite/MOValley/TP1/MOValley-TP1-Hybrids_23_4.TIF
MOValley|Hybrids|23|40,MOValley,41.671410897745446,-95.94120656816462,Satellite/MOValley/TP1/MOValley-TP1-Hybrids_23_40.TIF
MOValley|Hybrids|23|41,MOValley,41.67141004280089,-95.94113446163968,Satellite/MOValley/TP1/MOValley-TP1-Hybrids_23_41.TIF
MOValley|Hybrids|23|42,MOValley,41.67141053710537,-95.94106241658473,Satellite/MOValley/TP1/MOValley-TP1-Hybrids_23_42.TIF
MOValley|Hybrids|23|43,MOValley,41.671411077452944,-95.94098857193627,Satellite/MOValley/TP1/MOValley-TP1-Hybrids_23_43.TIF
MOValley|Hybrids|23|44,MOValley,41.67141026845844,-95.94091466581627,Satellite/MOValley/TP1/MOValley-TP1-Hybrids_23_44.TIF
MOValley|Hybrids|23|45,MOValley,41.67140941333034,-95.94084255928536,Satellite/MOValley/TP1/MOValley-TP1-Hybrids_23_45.TIF
MOValley|Hybrids|23|5,MOValley,41.671429075265785,-95.94376579560235,Satellite/MOValley/TP1/MOValley-TP1-Hybrids_23_5.TIF
MOValley|Hybrids|23|6,MOValley,41.67142831419209,-95.94369008994404,Satellite/MOValley/TP1/MOValley-TP1-Hybrids_23_6.TIF
MOValley|Hybrids|23|7,MOValley,41.67142881010091,-95.94361804498068,Satellite/MOValley/TP1/MOValley-TP1-Hybrids_23_7.TIF
MOValley|Hybrids|23|8,MOValley,41.67142930596456,-95.94354600001363,Satellite/MOValley/TP1/MOValley-TP1-Hybrids_23_8.TIF
MOValley|Hybrids|23|9,MOValley,41.67142849861866,-95.94347209393553,Satellite/MOValley/TP1/MOValley-TP1-Hybrids_23_9.TIF
MOValley|Hybrids|25|10,MOValley,41.67140061314173,-95.94340055663908,Satellite/MOValley/TP1/MOValley-TP1-Hybrids_25_10.TIF
MOValley|Hybrids|25|11,MOValley,41.67139980570106,-95.9433266505903,Satellite/MOValley/TP1/MOValley-TP1-Hybrids_25_11.TIF
MOValley|Hybrids|25|12,MOValley,41.67139899821272,-95.94325274454062,Satellite/MOValley/TP1/MOValley-TP1-Hybrids_25_12.TIF
MOValley|Hybrids|25|13,MOValley,41.6713981445542,-95.94318063807594,Satellite/MOValley/TP1/MOValley-TP1-Hybrids_25_13.TIF
MOValley|Hybrids|25|14,MOValley,41.67139729085032,-95.94310853161058,Satellite/MOValley/TP1/MOValley-TP1-Hybrids_25_14.TIF
MOValley|Hybrids|25|15,MOValley,41.67139783251338,-95.94303468707025,Satellite/MOValley/TP1/MOValley-TP1-Hybrids_25_15.TIF
MOValley|Hybrids|25|16,MOValley,41.671398374128955,-95.94296084252595,Satellite/MOValley/TP1/MOValley-TP1-Hybrids_25_16.TIF
MOValley|Hybrids|25|17,MOValley,41.6713975202869,-95.94288873605527,Satellite/MOValley/TP1/MOValley-TP1-Hybrids_25_17.TIF
MOValley|Hybrids|25|18,MOValley,41.67139666639945,-95.94281662958389,Satellite/MOValley/TP1/MOValley-TP1-Hybrids_25_18.TIF
MOValley|Hybrids|25|19,MOValley,41.67139590469808,-95.94274092393874,Satellite/MOValley/TP1/MOValley-TP1-Hybrids_25_19.TIF
MOValley|Hybrids|25|2,MOValley,41.671404556910645,-95.9439844835945,Satellite/MOValley/TP1/MOValley-TP1-Hybrids_25_2.TIF
MOValley|Hybrids|25|20,MOValley,41.67139505071765,-95.9426688174658,Satellite/MOValley/TP1/MOValley-TP1-Hybrids_25_20.TIF
MOValley|Hybrids|25|21,MOValley,41.671394196691864,-95.94259671099213,Satellite/MOValley/TP1/MOValley-TP1-Hybrids_25_21.TIF
MOValley|Hybrids|25|22,MOValley,41.67139338873298,-95.94252280493095,Satellite/MOValley/TP1/MOValley-TP1-Hybrids_25_22.TIF
MOValley|Hybrids|25|23,MOValley,41.67139258072643,-95.94244889886889,Satellite/MOValley/TP1/MOValley-TP1-Hybrids_25_23.TIF
MOValley|Hybrids|25|24,MOValley,41.671393075855114,-95.942376853891,Satellite/MOValley/TP1/MOValley-TP1-Hybrids_25_24.TIF
MOValley|Hybrids|25|25,MOValley,41.67139357093859,-95.94230480890941,Satellite/MOValley/TP1/MOValley-TP1-Hybrids_25_25.TIF
MOValley|Hybrids|25|26,MOValley,41.6713927627916,-95.9422309028418,Satellite/MOValley/TP1/MOValley-TP1-Hybrids_25_26.TIF
MOValley|Hybrids|25|27,MOValley,41.671391954596935,-95.94215699677326,Satellite/MOValley/TP1/MOValley-TP1-Hybrids_25_27.TIF
MOValley|Hybrids|25|28,MOValley,41.67139110024925,-95.94208489029133,Satellite/MOValley/TP1/MOValley-TP1-Hybrids_25_28.TIF
MOValley|Hybrids|25|29,MOValley,41.67139024585619,-95.94201278380868,Satellite/MOValley/TP1/MOValley-TP1-Hybrids_25_29.TIF
MOValley|Hybrids|25|3,MOValley,41.671403703712386,-95.94391237714042,Satellite/MOValley/TP1/MOValley-TP1-Hybrids_25_3.TIF
MOValley|Hybrids|25|30,MOValley,41.671389437520894,-95.9419388777377,Satellite/MOValley/TP1/MOValley-TP1-Hybrids_25_30.TIF
MOValley|Hybrids|25|31,MOValley,41.671388629137944,-95.94186497166581,Satellite/MOValley/TP1/MOValley-TP1-Hybrids_25_31.TIF
MOValley|Hybrids|25|32,MOValley,41.671387774606536,-95.94179286518089,Satellite/MOValley/TP1/MOValley-TP1-Hybrids_25_32.TIF
MOValley|Hybrids|25|33,MOValley,41.67138831542305,-95.94171902059165,Satellite/MOValley/TP1/MOValley-TP1-Hybrids_25_33.TIF
MOValley|Hybrids|25|34,MOValley,41.67138885619209,-95.94164517599845,Satellite/MOValley/TP1/MOValley-TP1-Hybrids_25_34.TIF
MOValley|Hybrids|25|35,MOValley,41.67138800152248,-95.94157306950824,Satellite/MOValley/TP1/MOValley-TP1-Hybrids_25_35.TIF
MOValley|Hybrids|25|36,MOValley,41.67138714680754,-95.94150096301732,Satellite/MOValley/TP1/MOValley-TP1-Hybrids_25_36.TIF
MOValley|Hybrids|25|37,MOValley,41.67138633814232,-95.94142705693731,Satellite/MOValley/TP1/MOValley-TP1-Hybrids_25_37.TIF
MOValley|Hybrids|25|38,MOValley,41.67138552942944,-95.94135315085643,Satellite/MOValley/TP1/MOValley-TP1-Hybrids_25_38.TIF
MOValley|Hybrids|25|39,MOValley,41.67138467457612,-95.94128104436324,Satellite/MOValley/TP1/MOValley-TP1-Hybrids_25_39.TIF
MOValley|Hybrids|25|4,MOValley,41.67140289660165,-95.94383847110069,Satellite/MOValley/TP1/MOValley-TP1-Hybrids_25_4.TIF
MOValley|Hybrids|25|40,MOValley,41.67138381967743,-95.94120893786933,Satellite/MOValley/TP1/MOValley-TP1-Hybrids_25_40.TIF
MOValley|Hybrids|25|41,MOValley,41.671383010823924,-95.94113503178599,Satellite/MOValley/TP1/MOValley-TP1-Hybrids_25_41.TIF
MOValley|Hybrids|25|42,MOValley,41.67138355121717,-95.94106118717232,Satellite/MOValley/TP1/MOValley-TP1-Hybrids_25_42.TIF
MOValley|Hybrids|25|43,MOValley,41.671384045474724,-95.94098914214372,Satellite/MOValley/TP1/MOValley-TP1-Hybrids_25_43.TIF
MOValley|Hybrids|25|44,MOValley,41.671383236479585,-95.94091523605472,Satellite/MOValley/TP1/MOValley-TP1-Hybrids_25_44.TIF
MOValley|Hybrids|25|45,MOValley,41.67138242743679,-95.94084132996481,Satellite/MOValley/TP1/MOValley-TP1-Hybrids_25_45.TIF
MOValley|Hybrids|25|5,MOValley,41.67140208944324,-95.94376456506006,Satellite/MOValley/TP1/MOValley-TP1-Hybrids_25_5.TIF
MOValley|Hybrids|25|6,MOValley,41.67140258539785,-95.94369252012926,Satellite/MOValley/TP1/MOValley-TP1-Hybrids_25_6.TIF
MOValley|Hybrids|25|7,MOValley,41.67140173201595,-95.94362041367067,Satellite/MOValley/TP1/MOValley-TP1-Hybrids_25_7.TIF
MOValley|Hybrids|25|8,MOValley,41.67140232013667,-95.94354476956313,Satellite/MOValley/TP1/MOValley-TP1-Hybrids_25_8.TIF
MOValley|Hybrids|25|9,MOValley,41.67140146666187,-95.94347266310146,Satellite/MOValley/TP1/MOValley-TP1-Hybrids_25_9.TIF
MOValley|Hybrids|27|10,MOValley,41.67137362731018,-95.94339932625057,Satellite/MOValley/TP1/MOValley-TP1-Hybrids_27_10.TIF
MOValley|Hybrids|27|11,MOValley,41.671372773742895,-95.94332721981763,Satellite/MOValley/TP1/MOValley-TP1-Hybrids_27_11.TIF
MOValley|Hybrids|27|12,MOValley,41.67137192013024,-95.943255113384,Satellite/MOValley/TP1/MOValley-TP1-Hybrids_27_12.TIF
MOValley|Hybrids|27|13,MOValley,41.671371112594805,-95.94318120736455,Satellite/MOValley/TP1/MOValley-TP1-Hybrids_27_13.TIF
MOValley|Hybrids|27|14,MOValley,41.671371654303634,-95.94310736285746,Satellite/MOValley/TP1/MOValley-TP1-Hybrids_27_14.TIF
MOValley|Hybrids|27|15,MOValley,41.6713708005527,-95.94303525642003,Satellite/MOValley/TP1/MOValley-TP1-Hybrids_27_15.TIF
MOValley|Hybrids|27|16,MOValley,41.671371296048534,-95.94296321149217,Satellite/MOValley/TP1/MOValley-TP1-Hybrids_27_16.TIF
MOValley|Hybrids|27|17,MOValley,41.67137048832497,-95.94288930546624,Satellite/MOValley/TP1/MOValley-TP1-Hybrids_27_17.TIF
MOValley|Hybrids|27|18,MOValley,41.67136968055373,-95.94281539943944,Satellite/MOValley/TP1/MOValley-TP1-Hybrids_27_18.TIF
MOValley|Hybrids|27|19,MOValley,41.67136882661919,-95.9427432929975,Satellite/MOValley/TP1/MOValley-TP1-Hybrids_27_19.TIF
MOValley|Hybrids|27|2,MOValley,41.67137752495818,-95.94398505254597,Satellite/MOValley/TP1/MOValley-TP1-Hybrids_27_2.TIF
MOValley|Hybrids|27|20,MOValley,41.67136801875381,-95.94266938696902,Satellite/MOValley/TP1/MOValley-TP1-Hybrids_27_20.TIF
MOValley|Hybrids|27|21,MOValley,41.6713672108408,-95.94259548093963,Satellite/MOValley/TP1/MOValley-TP1-Hybrids_27_21.TIF
MOValley|Hybrids|27|22,MOValley,41.67136635676788,-95.94252337449542,Satellite/MOValley/TP1/MOValley-TP1-Hybrids_27_22.TIF
MOValley|Hybrids|27|23,MOValley,41.671366851942345,-95.94245132955008,Satellite/MOValley/TP1/MOValley-TP1-Hybrids_27_23.TIF
MOValley|Hybrids|27|24,MOValley,41.67136604388877,-95.94237742351666,Satellite/MOValley/TP1/MOValley-TP1-Hybrids_27_24.TIF
MOValley|Hybrids|27|25,MOValley,41.67136658508044,-95.94230357897885,Satellite/MOValley/TP1/MOValley-TP1-Hybrids_27_25.TIF
MOValley|Hybrids|27|26,MOValley,41.671365730823986,-95.94223147252865,Satellite/MOValley/TP1/MOValley-TP1-Hybrids_27_26.TIF
MOValley|Hybrids|27|27,MOValley,41.67136487652217,-95.94215936607773,Satellite/MOValley/TP1/MOValley-TP1-Hybrids_27_27.TIF
MOValley|Hybrids|27|28,MOValley,41.671364068280376,-95.94208546003942,Satellite/MOValley/TP1/MOValley-TP1-Hybrids_27_28.TIF
MOValley|Hybrids|27|29,MOValley,41.67136325999093,-95.94201155400022,Satellite/MOValley/TP1/MOValley-TP1-Hybrids_27_29.TIF
MOValley|Hybrids|27|3,MOValley,41.67137671789329,-95.94391114653803,Satellite/MOValley/TP1/MOValley-TP1-Hybrids_27_3.TIF
MOValley|Hybrids|27|30,MOValley,41.67136240555076,-95.94193944754704,Satellite/MOValley/TP1/MOValley-TP1-Hybrids_27_30.TIF
MOValley|Hybrids|27|31,MOValley,41.67136159716716,-95.94186554150616,Satellite/MOValley/TP1/MOValley-TP1-Hybrids_27_31.TIF
MOValley|Hybrids|27|32,MOValley,41.67136078873593,-95.94179163546438,Satellite/MOValley/TP1/MOValley-TP1-Hybrids_27_32.TIF
MOValley|Hybrids|27|33,MOValley,41.67136128345103,-95.9417195904932,Satellite/MOValley/TP1/MOValley-TP1-Hybrids_27_33.TIF
MOValley|Hybrids|27|34,MOValley,41.67136177812092,-95.9416475455183,Satellite/MOValley/TP1/MOValley-TP1-Hybrids_27_34.TIF
MOValley|Hybrids|27|35,MOValley,41.671360969549205,-95.94157363947097,Satellite/MOValley/TP1/MOValley-TP1-Hybrids_27_35.TIF
MOValley|Hybrids|27|36,MOValley,41.67136016092985,-95.94149973342276,Satellite/MOValley/TP1/MOValley-TP1-Hybrids_27_36.TIF
MOValley|Hybrids|27|37,MOValley,41.671359306167766,-95.9414276269613,Satellite/MOValley/TP1/MOValley-TP1-Hybrids_27_37.TIF
MOValley|Hybrids|27|38,MOValley,41.67135845136033,-95.94135552049913,Satellite/MOValley/TP1/MOValley-TP1-Hybrids_27_38.TIF
MOValley|Hybrids|27|39,MOValley,41.67135764260032,-95.94128161444846,Satellite/MOValley/TP1/MOValley-TP1-Hybrids_27_39.TIF
MOValley|Hybrids|27|4,MOValley,41.671375864647906,-95.9438390401134,Satellite/MOValley/TP1/MOValley-TP1-Hybrids_27_4.TIF
MOValley|Hybrids|27|40,MOValley,41.67135683379266,-95.94120770839689,Satellite/MOValley/TP1/MOValley-TP1-Hybrids_27_40.TIF
MOValley|Hybrids|27|41,MOValley,41.67135597884687,-95.94113560193244,Satellite/MOValley/TP1/MOValley-TP1-Hybrids_27_41.TIF
MOValley|Hybrids|27|42,MOValley,41.67135651923947,-95.94106175734974,Satellite/MOValley/TP1/MOValley-TP1-Hybrids_27_42.TIF
MOValley|Hybrids|27|43,MOValley,41.671357059584615,-95.94098791276306,Satellite/MOValley/TP1/MOValley-TP1-Hybrids_27_43.TIF
MOValley|Hybrids|27|44,MOValley,41.67135620450063,-95.94091580629333,Satellite/MOValley/TP1/MOValley-TP1-Hybrids_27_44.TIF
MOValley|Hybrids|27|45,MOValley,41.671355349371275,-95.94084369982292,Satellite/MOValley/TP1/MOValley-TP1-Hybrids_27_45.TIF
MOValley|Hybrids|27|5,MOValley,41.67137636064829,-95.94376699521511,Satellite/MOValley/TP1/MOValley-TP1-Hybrids_27_5.TIF
MOValley|Hybrids|27|6,MOValley,41.67137555344286,-95.94369308920315,Satellite/MOValley/TP1/MOValley-TP1-Hybrids_27_6.TIF
MOValley|Hybrids|27|7,MOValley,41.67137609548107,-95.94361924471428,Satellite/MOValley/TP1/MOValley-TP1-Hybrids_27_7.TIF
MOValley|Hybrids|27|8,MOValley,41.67137524205214,-95.94354713828363,Satellite/MOValley/TP1/MOValley-TP1-Hybrids_27_8.TIF
MOValley|Hybrids|27|9,MOValley,41.67137438857785,-95.94347503185229,Satellite/MOValley/TP1/MOValley-TP1-Hybrids_27_9.TIF
MOValley|Hybrids|29|10,MOValley,41.67134654922659,-95.94340169503192,Satellite/MOValley/TP1/MOValley-TP1-Hybrids_29_10.TIF
MOValley|Hybrids|29|11,MOValley,41.67134574178465,-95.94332778904514,Satellite/MOValley/TP1/MOValley-TP1-Hybrids_29_11.TIF
MOValley|Hybrids|29|12,MOValley,41.67134493429504,-95.94325388305747,Satellite/MOValley/TP1/MOValley-TP1-Hybrids_29_12.TIF
MOValley|Hybrids|29|13,MOValley,41.67134542992713,-95.94318183816807,Satellite/MOValley/TP1/MOValley-TP1-Hybrids_29_13.TIF
MOValley|Hybrids|29|14,MOValley,41.67134457622209,-95.94310973176168,Satellite/MOValley/TP1/MOValley-TP1-Hybrids_29_14.TIF
MOValley|Hybrids|29|15,MOValley,41.67134511788396,-95.94303588728171,Satellite/MOValley/TP1/MOValley-TP1-Hybrids_29_15.TIF
MOValley|Hybrids|29|16,MOValley,41.671344310206244,-95.94296198128758,Satellite/MOValley/TP1/MOValley-TP1-Hybrids_29_16.TIF
MOValley|Hybrids|29|17,MOValley,41.67134345636294,-95.9428898748774,Satellite/MOValley/TP1/MOValley-TP1-Hybrids_29_17.TIF
MOValley|Hybrids|29|18,MOValley,41.67134260247426,-95.94281776846651,Satellite/MOValley/TP1/MOValley-TP1-Hybrids_29_18.TIF
MOValley|Hybrids|29|19,MOValley,41.67134184077156,-95.94274206288489,Satellite/MOValley/TP1/MOValley-TP1-Hybrids_29_19.TIF
MOValley|Hybrids|29|2,MOValley,41.67135049300562,-95.94398562149759,Satellite/MOValley/TP1/MOValley-TP1-Hybrids_29_2.TIF
MOValley|Hybrids|29|20,MOValley,41.67134098678988,-95.9426699564724,Satellite/MOValley/TP1/MOValley-TP1-Hybrids_29_20.TIF
MOValley|Hybrids|29|21,MOValley,41.67134013276284,-95.94259785005923,Satellite/MOValley/TP1/MOValley-TP1-Hybrids_29_21.TIF
MOValley|Hybrids|29|22,MOValley,41.67133932480269,-95.94252394406006,Satellite/MOValley/TP1/MOValley-TP1-Hybrids_29_22.TIF
MOValley|Hybrids|29|23,MOValley,41.671339866087614,-95.94245009955947,Satellite/MOValley/TP1/MOValley-TP1-Hybrids_29_23.TIF
MOValley|Hybrids|29|24,MOValley,41.67134036121513,-95.94237805464049,Satellite/MOValley/TP1/MOValley-TP1-Hybrids_29_24.TIF
MOValley|Hybrids|29|25,MOValley,41.671339507004554,-95.94230594822132,Satellite/MOValley/TP1/MOValley-TP1-Hybrids_29_25.TIF
MOValley|Hybrids|29|26,MOValley,41.671338698856275,-95.94223204221568,Satellite/MOValley/TP1/MOValley-TP1-Hybrids_29_26.TIF
MOValley|Hybrids|29|27,MOValley,41.671337890660354,-95.94215813620916,Satellite/MOValley/TP1/MOValley-TP1-Hybrids_29_27.TIF
MOValley|Hybrids|29|28,MOValley,41.671337036311414,-95.9420860297877,Satellite/MOValley/TP1/MOValley-TP1-Hybrids_29_28.TIF
MOValley|Hybrids|29|29,MOValley,41.671336228021325,-95.9420121237795,Satellite/MOValley/TP1/MOValley-TP1-Hybrids_29_29.TIF
MOValley|Hybrids|29|3,MOValley,41.671350989097064,-95.94391357663407,Satellite/MOValley/TP1/MOValley-TP1-Hybrids_29_3.TIF
MOValley|Hybrids|29|30,MOValley,41.6713354196836,-95.94193821777041,Satellite/MOValley/TP1/MOValley-TP1-Hybrids_29_30.TIF
MOValley|Hybrids|29|31,MOValley,41.67133456519631,-95.94186611134667,Satellite/MOValley/TP1/MOValley-TP1-Hybrids_29_31.TIF
MOValley|Hybrids|29|32,MOValley,41.67133371066364,-95.94179400492224,Satellite/MOValley/TP1/MOValley-TP1-Hybrids_29_32.TIF
MOValley|Hybrids|29|33,MOValley,41.67133425147889,-95.94172016039491,Satellite/MOValley/TP1/MOValley-TP1-Hybrids_29_33.TIF
MOValley|Hybrids|29|34,MOValley,41.67133479224667,-95.94164631586361,Satellite/MOValley/TP1/MOValley-TP1-Hybrids_29_34.TIF
MOValley|Hybrids|29|35,MOValley,41.671333937575824,-95.94157420943388,Satellite/MOValley/TP1/MOValley-TP1-Hybrids_29_35.TIF
MOValley|Hybrids|29|36,MOValley,41.671333082859626,-95.94150210300346,Satellite/MOValley/TP1/MOValley-TP1-Hybrids_29_36.TIF
MOValley|Hybrids|29|37,MOValley,41.67133227419313,-95.94142819698546,Satellite/MOValley/TP1/MOValley-TP1-Hybrids_29_37.TIF
MOValley|Hybrids|29|38,MOValley,41.67133146547898,-95.94135429096657,Satellite/MOValley/TP1/MOValley-TP1-Hybrids_29_38.TIF
MOValley|Hybrids|29|39,MOValley,41.671330610624416,-95.94128218453385,Satellite/MOValley/TP1/MOValley-TP1-Hybrids_29_39.TIF
MOValley|Hybrids|29|4,MOValley,41.67135018198512,-95.94383967065478,Satellite/MOValley/TP1/MOValley-TP1-Hybrids_29_4.TIF
MOValley|Hybrids|29|40,MOValley,41.67132980181612,-95.94120827851329,Satellite/MOValley/TP1/MOValley-TP1-Hybrids_29_40.TIF
MOValley|Hybrids|29|41,MOValley,41.67132899296018,-95.94113437249183,Satellite/MOValley/TP1/MOValley-TP1-Hybrids_29_41.TIF
MOValley|Hybrids|29|42,MOValley,41.67132948726168,-95.94106232752733,Satellite/MOValley/TP1/MOValley-TP1-Hybrids_29_42.TIF
MOValley|Hybrids|29|43,MOValley,41.671329981517985,-95.94099028255914,Satellite/MOValley/TP1/MOValley-TP1-Hybrids_29_43.TIF
MOValley|Hybrids|29|44,MOValley,41.67132917252158,-95.94091637653213,Satellite/MOValley/TP1/MOValley-TP1-Hybrids_29_44.TIF
MOValley|Hybrids|29|45,MOValley,41.671328363477514,-95.94084247050424,Satellite/MOValley/TP1/MOValley-TP1-Hybrids_29_45.TIF
MOValley|Hybrids|29|5,MOValley,41.67134937482555,-95.94376576467462,Satellite/MOValley/TP1/MOValley-TP1-Hybrids_29_5.TIF
MOValley|Hybrids|29|6,MOValley,41.67134987077899,-95.94369371980271,Satellite/MOValley/TP1/MOValley-TP1-Hybrids_29_6.TIF
MOValley|Hybrids|29|7,MOValley,41.67134901739593,-95.94362161340311,Satellite/MOValley/TP1/MOValley-TP1-Hybrids_29_7.TIF
MOValley|Hybrids|29|8,MOValley,41.67134821009579,-95.94354770741892,Satellite/MOValley/TP1/MOValley-TP1-Hybrids_29_8.TIF
MOValley|Hybrids|29|9,MOValley,41.67134740274801,-95.94347380143383,Satellite/MOValley/TP1/MOValley-TP1-Hybrids_29_9.TIF
Scottsbluff|n150|10|11,Scottsbluff,41.949436207265144,-103.70327318417621,Satellite/Scottsbluff/TP1/Scottsbluff-TP1-n150_10_11.TIF
Scottsbluff|n150|10|12,Scottsbluff,41.94943714916978,-103.70323697055227,Satellite/Scottsbluff/TP1/Scottsbluff-TP1-n150_10_12.TIF
Scottsbluff|n150|10|13,Scottsbluff,41.94943674039764,-103.70320078430689,Satellite/Scottsbluff/TP1/Scottsbluff-TP1-n150_10_13.TIF
Scottsbluff|n150|10|14,Scottsbluff,41.94943768227944,-103.70316457068216,Satellite/Scottsbluff/TP1/Scottsbluff-TP1-n150_10_14.TIF
Scottsbluff|n150|10|15,Scottsbluff,41.949437253044415,-103.70312657512531,Satellite/Scottsbluff/TP1/Scottsbluff-TP1-n150_10_15.TIF
Scottsbluff|n150|10|16,Scottsbluff,41.949436844237475,-103.70309038888145,Satellite/Scottsbluff/TP1/Scottsbluff-TP1-n150_10_16.TIF
Scottsbluff|n150|10|17,Scottsbluff,41.94943641497792,-103.70305239332622,Satellite/Scottsbluff/TP1/Scottsbluff-TP1-n150_10_17.TIF
Scottsbluff|n150|11|11,Scottsbluff,41.949505132075636,-103.70327540653341,Satellite/Scottsbluff/TP1/Scottsbluff-TP1-n150_11_11.TIF
Scottsbluff|n150|11|12,Scottsbluff,41.949504723315066,-103.70323922024905,Satellite/Scottsbluff/TP1/Scottsbluff-TP1-n150_11_12.TIF
Scottsbluff|n150|11|13,Scottsbluff,41.94950564476954,-103.70320119727185,Satellite/Scottsbluff/TP1/Scottsbluff-TP1-n150_11_13.TIF
Scottsbluff|n150|11|14,Scottsbluff,41.949505215546075,-103.70316320167409,Satellite/Scottsbluff/TP1/Scottsbluff-TP1-n150_11_14.TIF
Scottsbluff|n150|11|15,Scottsbluff,41.94950480675015,-103.70312701539127,Satellite/Scottsbluff/TP1/Scottsbluff-TP1-n150_11_15.TIF
Scottsbluff|n150|11|16,Scottsbluff,41.949505748608104,-103.70309080172748,Satellite/Scottsbluff/TP1/Scottsbluff-TP1-n150_11_16.TIF
Scottsbluff|n150|11|17,Scottsbluff,41.94950533978935,-103.7030546154454,Satellite/Scottsbluff/TP1/Scottsbluff-TP1-n150_11_17.TIF
Scottsbluff|n150|12|11,Scottsbluff,41.94957403644759,-103.70327581957736,Satellite/Scottsbluff/TP1/Scottsbluff-TP1-n150_12_11.TIF
Scottsbluff|n150|12|12,Scottsbluff,41.94957360724827,-103.70323782393785,Satellite/Scottsbluff/TP1/Scottsbluff-TP1-n150_12_12.TIF
Scottsbluff|n150|12|13,Scottsbluff,41.94957319847531,-103.7032016376153,Satellite/Scottsbluff/TP1/Scottsbluff-TP1-n150_12_13.TIF
Scottsbluff|n150|12|14,Scottsbluff,41.94957278969096,-103.70316545129349,Satellite/Scottsbluff/TP1/Scottsbluff-TP1-n150_12_14.TIF
Scottsbluff|n150|12|15,Scottsbluff,41.9495737315605,-103.70312923759144,Satellite/Scottsbluff/TP1/Scottsbluff-TP1-n150_12_15.TIF
Scottsbluff|n150|12|16,Scottsbluff,41.94957332275333,-103.70309305127036,Satellite/Scottsbluff/TP1/Scottsbluff-TP1-n150_12_16.TIF
Scottsbluff|n150|12|17,Scottsbluff,41.94957426460001,-103.7030568375675,Satellite/Scottsbluff/TP1/Scottsbluff-TP1-n150_12_17.TIF
Scottsbluff|n150|13|11,Scottsbluff,41.949641590153405,-103.70327625999826,Satellite/Scottsbluff/TP1/Scottsbluff-TP1-n150_13_11.TIF
Scottsbluff|n150|13|12,Scottsbluff,41.94964118139204,-103.70324007363669,Satellite/Scottsbluff/TP1/Scottsbluff-TP1-n150_13_12.TIF
Scottsbluff|n150|13|13,Scottsbluff,41.949642123284576,-103.7032038598964,Satellite/Scottsbluff/TP1/Scottsbluff-TP1-n150_13_13.TIF
Scottsbluff|n150|13|14,Scottsbluff,41.94964171450039,-103.70316767353559,Satellite/Scottsbluff/TP1/Scottsbluff-TP1-n150_13_14.TIF
Scottsbluff|n150|13|15,Scottsbluff,41.94964130570479,-103.70313148717551,Satellite/Scottsbluff/TP1/Scottsbluff-TP1-n150_13_15.TIF
Scottsbluff|n150|13|16,Scottsbluff,41.94964224756306,-103.70309527343441,Satellite/Scottsbluff/TP1/Scottsbluff-TP1-n150_13_16.TIF
Scottsbluff|n150|13|17,Scottsbluff,41.94964183874463,-103.70305908707508,Satellite/Scottsbluff/TP1/Scottsbluff-TP1-n150_13_17.TIF
Scottsbluff|n150|14|11,Scottsbluff,41.94971051496158,-103.70327848236033,Satellite/Scottsbluff/TP1/Scottsbluff-TP1-n150_14_11.TIF
Scottsbluff|n150|14|12,Scottsbluff,41.94971010620037,-103.70324229595977,Satellite/Scottsbluff/TP1/Scottsbluff-TP1-n150_14_12.TIF
Scottsbluff|n150|14|13,Scottsbluff,41.94970969742775,-103.70320610955994,Satellite/Scottsbluff/TP1/Scottsbluff-TP1-n150_14_13.TIF
Scottsbluff|n150|14|14,Scottsbluff,41.949710639309025,-103.7031698957806,Satellite/Scottsbluff/TP1/Scottsbluff-TP1-n150_14_14.TIF
Scottsbluff|n150|14|15,Scottsbluff,41.94971023051359,-103.70313370938152,Satellite/Scottsbluff/TP1/Scottsbluff-TP1-n150_14_15.TIF
Scottsbluff|n150|14|16,Scottsbluff,41.9497098012661,-103.70309571366329,Satellite/Scottsbluff/TP1/Scottsbluff-TP1-n150_14_16.TIF
Scottsbluff|n150|14|17,Scottsbluff,41.949709372006055,-103.70305771794588,Satellite/Scottsbluff/TP1/Scottsbluff-TP1-n150_14_17.TIF
Scottsbluff|n150|15|11,Scottsbluff,41.94977808910366,-103.70328073210334,Satellite/Scottsbluff/TP1/Scottsbluff-TP1-n150_15_11.TIF
Scottsbluff|n150|15|12,Scottsbluff,41.949779031007914,-103.70324451828576,Satellite/Scottsbluff/TP1/Scottsbluff-TP1-n150_15_12.TIF
Scottsbluff|n150|15|13,Scottsbluff,41.94977862223546,-103.70320833184692,Satellite/Scottsbluff/TP1/Scottsbluff-TP1-n150_15_13.TIF
Scottsbluff|n150|15|14,Scottsbluff,41.949778193012115,-103.70317033608696,Satellite/Scottsbluff/TP1/Scottsbluff-TP1-n150_15_14.TIF
Scottsbluff|n150|15|15,Scottsbluff,41.9497777637762,-103.7031323403278,Satellite/Scottsbluff/TP1/Scottsbluff-TP1-n150_15_15.TIF
Scottsbluff|n150|15|16,Scottsbluff,41.949778705633626,-103.70309612650942,Satellite/Scottsbluff/TP1/Scottsbluff-TP1-n150_15_16.TIF
Scottsbluff|n150|15|17,Scottsbluff,41.949778296814394,-103.70305994007289,Satellite/Scottsbluff/TP1/Scottsbluff-TP1-n150_15_17.TIF
Scottsbluff|n150|16|11,Scottsbluff,41.94984701391028,-103.70328295447128,Satellite/Scottsbluff/TP1/Scottsbluff-TP1-n150_16_11.TIF
Scottsbluff|n150|16|12,Scottsbluff,41.94984658471106,-103.70324495866957,Satellite/Scottsbluff/TP1/Scottsbluff-TP1-n150_16_12.TIF
Scottsbluff|n150|16|13,Scottsbluff,41.949846155499266,-103.70320696286869,Satellite/Scottsbluff/TP1/Scottsbluff-TP1-n150_16_13.TIF
Scottsbluff|n150|16|14,Scottsbluff,41.949845746714445,-103.70317077639243,Satellite/Scottsbluff/TP1/Scottsbluff-TP1-n150_16_14.TIF
Scottsbluff|n150|16|15,Scottsbluff,41.949846688583456,-103.70313456253578,Satellite/Scottsbluff/TP1/Scottsbluff-TP1-n150_16_15.TIF
Scottsbluff|n150|16|16,Scottsbluff,41.949846279775805,-103.70309837606025,Satellite/Scottsbluff/TP1/Scottsbluff-TP1-n150_16_16.TIF
Scottsbluff|n150|16|17,Scottsbluff,41.94984722162195,-103.70306216220281,Satellite/Scottsbluff/TP1/Scottsbluff-TP1-n150_16_17.TIF
Scottsbluff|n150|17|11,Scottsbluff,41.94991454717527,-103.70328158556853,Satellite/Scottsbluff/TP1/Scottsbluff-TP1-n150_17_11.TIF
Scottsbluff|n150|17|12,Scottsbluff,41.949914138413426,-103.70324539905252,Satellite/Scottsbluff/TP1/Scottsbluff-TP1-n150_17_12.TIF
Scottsbluff|n150|17|13,Scottsbluff,41.949915080305445,-103.70320918515762,Satellite/Scottsbluff/TP1/Scottsbluff-TP1-n150_17_13.TIF
Scottsbluff|n150|17|14,Scottsbluff,41.94991467152078,-103.70317299864234,Satellite/Scottsbluff/TP1/Scottsbluff-TP1-n150_17_14.TIF
Scottsbluff|n150|17|15,Scottsbluff,41.94991426272472,-103.70313681212782,Satellite/Scottsbluff/TP1/Scottsbluff-TP1-n150_17_15.TIF
Scottsbluff|n150|17|16,Scottsbluff,41.94991520458243,-103.70310059823214,Satellite/Scottsbluff/TP1/Scottsbluff-TP1-n150_17_16.TIF
Scottsbluff|n150|17|17,Scottsbluff,41.94991479576354,-103.70306441171834,Satellite/Scottsbluff/TP1/Scottsbluff-TP1-n150_17_17.TIF
Scottsbluff|n150|18|11,Scottsbluff,41.94998347198036,-103.70328380793843,Satellite/Scottsbluff/TP1/Scottsbluff-TP1-n150_18_11.TIF
Scottsbluff|n150|18|12,Scottsbluff,41.949983063218674,-103.70324762138341,Satellite/Scottsbluff/TP1/Scottsbluff-TP1-n150_18_12.TIF
Scottsbluff|n150|18|13,Scottsbluff,41.94998265444559,-103.70321143482914,Satellite/Scottsbluff/TP1/Scottsbluff-TP1-n150_18_13.TIF
Scottsbluff|n150|18|14,Scottsbluff,41.94998359632631,-103.7031752208952,Satellite/Scottsbluff/TP1/Scottsbluff-TP1-n150_18_14.TIF
Scottsbluff|n150|18|15,Scottsbluff,41.9499831875304,-103.70313903434166,Satellite/Scottsbluff/TP1/Scottsbluff-TP1-n150_18_15.TIF
Scottsbluff|n150|18|16,Scottsbluff,41.94998275828243,-103.70310103846126,Satellite/Scottsbluff/TP1/Scottsbluff-TP1-n150_18_16.TIF
Scottsbluff|n150|18|17,Scottsbluff,41.949982329021886,-103.70306304258168,Satellite/Scottsbluff/TP1/Scottsbluff-TP1-n150_18_17.TIF
Scottsbluff|n150|19|11,Scottsbluff,41.95005104611939,-103.7032860576894,Satellite/Scottsbluff/TP1/Scottsbluff-TP1-n150_19_11.TIF
Scottsbluff|n150|19|12,Scottsbluff,41.95005198802312,-103.70324984371723,Satellite/Scottsbluff/TP1/Scottsbluff-TP1-n150_19_12.TIF
Scottsbluff|n150|19|13,Scottsbluff,41.95005157925021,-103.70321365712394,Satellite/Scottsbluff/TP1/Scottsbluff-TP1-n150_19_13.TIF
Scottsbluff|n150|19|14,Scottsbluff,41.95005117046586,-103.70317747053139,Satellite/Scottsbluff/TP1/Scottsbluff-TP1-n150_19_14.TIF
Scottsbluff|n150|19|15,Scottsbluff,41.950050720789946,-103.70313766528048,Satellite/Scottsbluff/TP1/Scottsbluff-TP1-n150_19_15.TIF
Scottsbluff|n150|19|16,Scottsbluff,41.95005166264682,-103.70310145130748,Satellite/Scottsbluff/TP1/Scottsbluff-TP1-n150_19_16.TIF
Scottsbluff|n150|19|17,Scottsbluff,41.95005125382714,-103.70306526471649,Satellite/Scottsbluff/TP1/Scottsbluff-TP1-n150_19_17.TIF
Scottsbluff|n150|20|11,Scottsbluff,41.95011997092291,-103.70328828006517,Satellite/Scottsbluff/TP1/Scottsbluff-TP1-n150_20_11.TIF
Scottsbluff|n150|20|12,Scottsbluff,41.95011956216157,-103.70325209343288,Satellite/Scottsbluff/TP1/Scottsbluff-TP1-n150_20_12.TIF
Scottsbluff|n150|20|13,Scottsbluff,41.95011913294988,-103.70321409746978,Satellite/Scottsbluff/TP1/Scottsbluff-TP1-n150_20_13.TIF
Scottsbluff|n150|20|14,Scottsbluff,41.9501200543908,-103.70317607412699,Satellite/Scottsbluff/TP1/Scottsbluff-TP1-n150_20_14.TIF
Scottsbluff|n150|20|15,Scottsbluff,41.95011964559409,-103.70313988749626,Satellite/Scottsbluff/TP1/Scottsbluff-TP1-n150_20_15.TIF
Scottsbluff|n150|20|16,Scottsbluff,41.95011923678599,-103.70310370086628,Satellite/Scottsbluff/TP1/Scottsbluff-TP1-n150_20_16.TIF
Scottsbluff|n150|20|17,Scottsbluff,41.9501201786316,-103.70306748685424,Satellite/Scottsbluff/TP1/Scottsbluff-TP1-n150_20_17.TIF
Scottsbluff|n150|21|11,Scottsbluff,41.95018754506042,-103.70329052982203,Satellite/Scottsbluff/TP1/Scottsbluff-TP1-n150_21_11.TIF
Scottsbluff|n150|21|12,Scottsbluff,41.950188446087715,-103.70325069710546,Satellite/Scottsbluff/TP1/Scottsbluff-TP1-n150_21_12.TIF
Scottsbluff|n150|21|13,Scottsbluff,41.95018803731399,-103.70321451043498,Satellite/Scottsbluff/TP1/Scottsbluff-TP1-n150_21_13.TIF
Scottsbluff|n150|21|14,Scottsbluff,41.95018762852885,-103.70317832376526,Satellite/Scottsbluff/TP1/Scottsbluff-TP1-n150_21_14.TIF
Scottsbluff|n150|21|15,Scottsbluff,41.95018857039747,-103.70314210971497,Satellite/Scottsbluff/TP1/Scottsbluff-TP1-n150_21_15.TIF
Scottsbluff|n150|21|16,Scottsbluff,41.95018816158952,-103.70310592304598,Satellite/Scottsbluff/TP1/Scottsbluff-TP1-n150_21_16.TIF
Scottsbluff|n150|21|17,Scottsbluff,41.950187752770155,-103.70306973637774,Satellite/Scottsbluff/TP1/Scottsbluff-TP1-n150_21_17.TIF
Scottsbluff|n150|22|11,Scottsbluff,41.950256428986805,-103.70328913353266,Satellite/Scottsbluff/TP1/Scottsbluff-TP1-n150_22_11.TIF
Scottsbluff|n150|22|12,Scottsbluff,41.95025602022466,-103.70325294682318,Satellite/Scottsbluff/TP1/Scottsbluff-TP1-n150_22_12.TIF
Scottsbluff|n150|22|13,Scottsbluff,41.95025696211628,-103.70321673273467,Satellite/Scottsbluff/TP1/Scottsbluff-TP1-n150_22_13.TIF
Scottsbluff|n150|22|14,Scottsbluff,41.95025655333131,-103.70318054602593,Satellite/Scottsbluff/TP1/Scottsbluff-TP1-n150_22_14.TIF
Scottsbluff|n150|22|15,Scottsbluff,41.950256144534926,-103.70314435931793,Satellite/Scottsbluff/TP1/Scottsbluff-TP1-n150_22_15.TIF
Scottsbluff|n150|22|16,Scottsbluff,41.950255735727154,-103.70310817261068,Satellite/Scottsbluff/TP1/Scottsbluff-TP1-n150_22_16.TIF
Scottsbluff|n150|22|17,Scottsbluff,41.950255286025424,-103.7030683672336,Satellite/Scottsbluff/TP1/Scottsbluff-TP1-n150_22_17.TIF
Scottsbluff|n150|23|11,Scottsbluff,41.95032535378801,-103.70329135591332,Satellite/Scottsbluff/TP1/Scottsbluff-TP1-n150_23_11.TIF
Scottsbluff|n150|23|12,Scottsbluff,41.950324945026026,-103.70325516916482,Satellite/Scottsbluff/TP1/Scottsbluff-TP1-n150_23_12.TIF
Scottsbluff|n150|23|13,Scottsbluff,41.95032453625263,-103.70321898241708,Satellite/Scottsbluff/TP1/Scottsbluff-TP1-n150_23_13.TIF
Scottsbluff|n150|23|14,Scottsbluff,41.95032412746784,-103.70318279567009,Satellite/Scottsbluff/TP1/Scottsbluff-TP1-n150_23_14.TIF
Scottsbluff|n150|23|15,Scottsbluff,41.950323698231514,-103.70314479958655,Satellite/Scottsbluff/TP1/Scottsbluff-TP1-n150_23_15.TIF
Scottsbluff|n150|23|16,Scottsbluff,41.950324619647745,-103.70310677612167,Satellite/Scottsbluff/TP1/Scottsbluff-TP1-n150_23_16.TIF
Scottsbluff|n150|23|17,Scottsbluff,41.95032421082758,-103.70307058937624,Satellite/Scottsbluff/TP1/Scottsbluff-TP1-n150_23_17.TIF
Scottsbluff|n150|24|11,Scottsbluff,41.95039292792325,-103.70329360567519,Satellite/Scottsbluff/TP1/Scottsbluff-TP1-n150_24_11.TIF
Scottsbluff|n150|24|12,Scottsbluff,41.950392519161426,-103.70325741888844,Satellite/Scottsbluff/TP1/Scottsbluff-TP1-n150_24_12.TIF
Scottsbluff|n150|24|13,Scottsbluff,41.950392110388215,-103.70322123210245,Satellite/Scottsbluff/TP1/Scottsbluff-TP1-n150_24_13.TIF
Scottsbluff|n150|24|14,Scottsbluff,41.95039301138963,-103.70318139925806,Satellite/Scottsbluff/TP1/Scottsbluff-TP1-n150_24_14.TIF
Scottsbluff|n150|24|15,Scottsbluff,41.95039260259245,-103.70314521247288,Satellite/Scottsbluff/TP1/Scottsbluff-TP1-n150_24_15.TIF
Scottsbluff|n150|24|16,Scottsbluff,41.95039219378387,-103.70310902568843,Satellite/Scottsbluff/TP1/Scottsbluff-TP1-n150_24_16.TIF
Scottsbluff|n150|24|17,Scottsbluff,41.95039313562895,-103.70307281152179,Satellite/Scottsbluff/TP1/Scottsbluff-TP1-n150_24_17.TIF
Scottsbluff|n150|25|11,Scottsbluff,41.95046050205774,-103.70329585544002,Satellite/Scottsbluff/TP1/Scottsbluff-TP1-n150_25_11.TIF
Scottsbluff|n150|25|12,Scottsbluff,41.95046142352286,-103.70325783189466,Satellite/Scottsbluff/TP1/Scottsbluff-TP1-n150_25_12.TIF
Scottsbluff|n150|25|13,Scottsbluff,41.95046099431024,-103.70321983572848,Satellite/Scottsbluff/TP1/Scottsbluff-TP1-n150_25_13.TIF
Scottsbluff|n150|25|14,Scottsbluff,41.950460585524645,-103.70318364890429,Satellite/Scottsbluff/TP1/Scottsbluff-TP1-n150_25_14.TIF
Scottsbluff|n150|25|15,Scottsbluff,41.95046152739275,-103.7031474346994,Satellite/Scottsbluff/TP1/Scottsbluff-TP1-n150_25_15.TIF
Scottsbluff|n150|25|16,Scottsbluff,41.95046111858432,-103.70311124787595,Satellite/Scottsbluff/TP1/Scottsbluff-TP1-n150_25_16.TIF
Scottsbluff|n150|25|17,Scottsbluff,41.9504607097645,-103.70307506105326,Satellite/Scottsbluff/TP1/Scottsbluff-TP1-n150_25_17.TIF
Scottsbluff|n150|26|11,Scottsbluff,41.95052938598097,-103.70329445914304,Satellite/Scottsbluff/TP1/Scottsbluff-TP1-n150_26_11.TIF
Scottsbluff|n150|26|12,Scottsbluff,41.95052897721836,-103.7032582722791,Satellite/Scottsbluff/TP1/Scottsbluff-TP1-n150_26_12.TIF
Scottsbluff|n150|26|13,Scottsbluff,41.95052991910945,-103.70322205803596,Satellite/Scottsbluff/TP1/Scottsbluff-TP1-n150_26_13.TIF
Scottsbluff|n150|26|14,Scottsbluff,41.950529510324,-103.70318587117278,Satellite/Scottsbluff/TP1/Scottsbluff-TP1-n150_26_14.TIF
Scottsbluff|n150|26|15,Scottsbluff,41.950529101527174,-103.70314968431033,Satellite/Scottsbluff/TP1/Scottsbluff-TP1-n150_26_15.TIF
Scottsbluff|n150|26|16,Scottsbluff,41.95052869271891,-103.70311349744863,Satellite/Scottsbluff/TP1/Scottsbluff-TP1-n150_26_16.TIF
Scottsbluff|n150|26|17,Scottsbluff,41.95052824301667,-103.70307369190164,Satellite/Scottsbluff/TP1/Scottsbluff-TP1-n150_26_17.TIF
Scottsbluff|n150|27|11,Scottsbluff,41.950598310779085,-103.7032966815315,Satellite/Scottsbluff/TP1/Scottsbluff-TP1-n150_27_11.TIF
Scottsbluff|n150|27|12,Scottsbluff,41.95059790201663,-103.70326049462855,Satellite/Scottsbluff/TP1/Scottsbluff-TP1-n150_27_12.TIF
Scottsbluff|n150|27|13,Scottsbluff,41.95059749324276,-103.70322430772636,Satellite/Scottsbluff/TP1/Scottsbluff-TP1-n150_27_13.TIF
Scottsbluff|n150|27|14,Scottsbluff,41.9505970844575,-103.7031881208249,Satellite/Scottsbluff/TP1/Scottsbluff-TP1-n150_27_14.TIF
Scottsbluff|n150|27|15,Scottsbluff,41.950596675660826,-103.70315193392422,Satellite/Scottsbluff/TP1/Scottsbluff-TP1-n150_27_15.TIF
Scottsbluff|n150|27|16,Scottsbluff,41.95059757663635,-103.70311210095198,Satellite/Scottsbluff/TP1/Scottsbluff-TP1-n150_27_16.TIF
Scottsbluff|n150|27|17,Scottsbluff,41.95059716781573,-103.70307591405209,Satellite/Scottsbluff/TP1/Scottsbluff-TP1-n150_27_17.TIF
Scottsbluff|n150|3|11,Scottsbluff,41.94895919754497,-103.70326294614318,Satellite/Scottsbluff/TP1/Scottsbluff-TP1-n150_3_11.TIF
Scottsbluff|n150|3|12,Scottsbluff,41.94895876834646,-103.703224950869,Satellite/Scottsbluff/TP1/Scottsbluff-TP1-n150_3_12.TIF
Scottsbluff|n150|3|13,Scottsbluff,41.94895971023976,-103.70318873751519,Satellite/Scottsbluff/TP1/Scottsbluff-TP1-n150_3_13.TIF
Scottsbluff|n150|3|14,Scottsbluff,41.94895930145617,-103.70315255154051,Satellite/Scottsbluff/TP1/Scottsbluff-TP1-n150_3_14.TIF
Scottsbluff|n150|3|15,Scottsbluff,41.948958892661175,-103.7031163655666,Satellite/Scottsbluff/TP1/Scottsbluff-TP1-n150_3_15.TIF
Scottsbluff|n150|3|16,Scottsbluff,41.948958483854774,-103.70308017959343,Satellite/Scottsbluff/TP1/Scottsbluff-TP1-n150_3_16.TIF
Scottsbluff|n150|3|17,Scottsbluff,41.94895942570238,-103.70304396623881,Satellite/Scottsbluff/TP1/Scottsbluff-TP1-n150_3_17.TIF
Scottsbluff|n150|4|11,Scottsbluff,41.94902675125766,-103.70326338656263,Satellite/Scottsbluff/TP1/Scottsbluff-TP1-n150_4_11.TIF
Scottsbluff|n150|4|12,Scottsbluff,41.94902769316254,-103.70322717317056,Satellite/Scottsbluff/TP1/Scottsbluff-TP1-n150_4_12.TIF
Scottsbluff|n150|4|13,Scottsbluff,41.949027284390525,-103.70319098715689,Satellite/Scottsbluff/TP1/Scottsbluff-TP1-n150_4_13.TIF
Scottsbluff|n150|4|14,Scottsbluff,41.94902687560711,-103.70315480114398,Satellite/Scottsbluff/TP1/Scottsbluff-TP1-n150_4_14.TIF
Scottsbluff|n150|4|15,Scottsbluff,41.94902781747771,-103.7031185877511,Satellite/Scottsbluff/TP1/Scottsbluff-TP1-n150_4_15.TIF
Scottsbluff|n150|4|16,Scottsbluff,41.949027408671476,-103.70308240173894,Satellite/Scottsbluff/TP1/Scottsbluff-TP1-n150_4_16.TIF
Scottsbluff|n150|4|17,Scottsbluff,41.949026999853835,-103.7030462157275,Satellite/Scottsbluff/TP1/Scottsbluff-TP1-n150_4_17.TIF
Scottsbluff|n150|5|11,Scottsbluff,41.949095676072815,-103.70326560890614,Satellite/Scottsbluff/TP1/Scottsbluff-TP1-n150_5_11.TIF
Scottsbluff|n150|5|12,Scottsbluff,41.94909526731237,-103.70322942285347,Satellite/Scottsbluff/TP1/Scottsbluff-TP1-n150_5_12.TIF
Scottsbluff|n150|5|13,Scottsbluff,41.94909485854055,-103.70319323680155,Satellite/Scottsbluff/TP1/Scottsbluff-TP1-n150_5_13.TIF
Scottsbluff|n150|5|14,Scottsbluff,41.949095800422725,-103.70315702337044,Satellite/Scottsbluff/TP1/Scottsbluff-TP1-n150_5_14.TIF
Scottsbluff|n150|5|15,Scottsbluff,41.94909539162807,-103.70312083731926,Satellite/Scottsbluff/TP1/Scottsbluff-TP1-n150_5_15.TIF
Scottsbluff|n150|5|16,Scottsbluff,41.94909633348738,-103.70308462388736,Satellite/Scottsbluff/TP1/Scottsbluff-TP1-n150_5_16.TIF
Scottsbluff|n150|5|17,Scottsbluff,41.949095904228734,-103.70304662853442,Satellite/Scottsbluff/TP1/Scottsbluff-TP1-n150_5_17.TIF
Scottsbluff|n150|6|11,Scottsbluff,41.949163250221716,-103.70326785863024,Satellite/Scottsbluff/TP1/Scottsbluff-TP1-n150_6_11.TIF
Scottsbluff|n150|6|12,Scottsbluff,41.949164192126894,-103.7032316451609,Satellite/Scottsbluff/TP1/Scottsbluff-TP1-n150_6_12.TIF
Scottsbluff|n150|6|13,Scottsbluff,41.949163783355225,-103.70319545906996,Satellite/Scottsbluff/TP1/Scottsbluff-TP1-n150_6_13.TIF
Scottsbluff|n150|6|14,Scottsbluff,41.94916337457214,-103.70315927297979,Satellite/Scottsbluff/TP1/Scottsbluff-TP1-n150_6_14.TIF
Scottsbluff|n150|6|15,Scottsbluff,41.949164296003026,-103.70312125020516,Satellite/Scottsbluff/TP1/Scottsbluff-TP1-n150_6_15.TIF
Scottsbluff|n150|6|16,Scottsbluff,41.949163866755924,-103.7030832548113,Satellite/Scottsbluff/TP1/Scottsbluff-TP1-n150_6_16.TIF
Scottsbluff|n150|6|17,Scottsbluff,41.94916345793748,-103.70304706872268,Satellite/Scottsbluff/TP1/Scottsbluff-TP1-n150_6_17.TIF
Scottsbluff|n150|7|11,Scottsbluff,41.94923217503531,-103.70327008097962,Satellite/Scottsbluff/TP1/Scottsbluff-TP1-n150_7_11.TIF
Scottsbluff|n150|7|12,Scottsbluff,41.949231745836904,-103.70323208554322,Satellite/Scottsbluff/TP1/Scottsbluff-TP1-n150_7_12.TIF
Scottsbluff|n150|7|13,Scottsbluff,41.949232687730245,-103.70319587203483,Satellite/Scottsbluff/TP1/Scottsbluff-TP1-n150_7_13.TIF
Scottsbluff|n150|7|14,Scottsbluff,41.94923225850728,-103.70315787659925,Satellite/Scottsbluff/TP1/Scottsbluff-TP1-n150_7_14.TIF
Scottsbluff|n150|7|15,Scottsbluff,41.94923184971182,-103.70312169047088,Satellite/Scottsbluff/TP1/Scottsbluff-TP1-n150_7_15.TIF
Scottsbluff|n150|7|16,Scottsbluff,41.94923144090495,-103.70308550434326,Satellite/Scottsbluff/TP1/Scottsbluff-TP1-n150_7_16.TIF
Scottsbluff|n150|7|17,Scottsbluff,41.949232382752015,-103.70304929083404,Satellite/Scottsbluff/TP1/Scottsbluff-TP1-n150_7_17.TIF
Scottsbluff|n150|8|11,Scottsbluff,41.94929970830721,-103.70326871209278,Satellite/Scottsbluff/TP1/Scottsbluff-TP1-n150_8_11.TIF
Scottsbluff|n150|8|12,Scottsbluff,41.94930065021156,-103.70323249854614,Satellite/Scottsbluff/TP1/Scottsbluff-TP1-n150_8_12.TIF
Scottsbluff|n150|8|13,Scottsbluff,41.949300241439076,-103.70319631237803,Satellite/Scottsbluff/TP1/Scottsbluff-TP1-n150_8_13.TIF
Scottsbluff|n150|8|14,Scottsbluff,41.94929983265519,-103.70316012621066,Satellite/Scottsbluff/TP1/Scottsbluff-TP1-n150_8_14.TIF
Scottsbluff|n150|8|15,Scottsbluff,41.949300774525256,-103.70312391266322,Satellite/Scottsbluff/TP1/Scottsbluff-TP1-n150_8_15.TIF
Scottsbluff|n150|8|16,Scottsbluff,41.94930036571854,-103.70308772649658,Satellite/Scottsbluff/TP1/Scottsbluff-TP1-n150_8_16.TIF
Scottsbluff|n150|8|17,Scottsbluff,41.94929995690043,-103.7030515403307,Satellite/Scottsbluff/TP1/Scottsbluff-TP1-n150_8_17.TIF
Scottsbluff|n150|9|11,Scottsbluff,41.94936863311928,-103.70327093444413,Satellite/Scottsbluff/TP1/Scottsbluff-TP1-n150_9_11.TIF
Scottsbluff|n150|9|12,Scottsbluff,41.949368224358366,-103.70323474823702,Satellite/Scottsbluff/TP1/Scottsbluff-TP1-n150_9_12.TIF
Scottsbluff|n150|9|13,Scottsbluff,41.94936916625144,-103.70319853465134,Satellite/Scottsbluff/TP1/Scottsbluff-TP1-n150_9_13.TIF
Scottsbluff|n150|9|14,Scottsbluff,41.9493687574677,-103.70316234844495,Satellite/Scottsbluff/TP1/Scottsbluff-TP1-n150_9_14.TIF
Scottsbluff|n150|9|15,Scottsbluff,41.94936834867257,-103.70312616223933,Satellite/Scottsbluff/TP1/Scottsbluff-TP1-n150_9_15.TIF
Scottsbluff|n150|9|16,Scottsbluff,41.949369290531365,-103.70308994865283,Satellite/Scottsbluff/TP1/Scottsbluff-TP1-n150_9_16.TIF
Scottsbluff|n150|9|17,Scottsbluff,41.94936888171341,-103.70305376244794,Satellite/Scottsbluff/TP1/Scottsbluff-TP1-n150_9_17.TIF
Scottsbluff|n225|10|20,Scottsbluff,41.949436947971115,-103.70297999345833,Satellite/Scottsbluff/TP1/Scottsbluff-TP1-n225_10_20.TIF
Scottsbluff|n225|10|21,Scottsbluff,41.94943653911799,-103.70294380721674,Satellite/Scottsbluff/TP1/Scottsbluff-TP1-n225_10_21.TIF
Scottsbluff|n225|10|22,Scottsbluff,41.94943613025346,-103.70290762097592,Satellite/Scottsbluff/TP1/Scottsbluff-TP1-n225_10_22.TIF
Scottsbluff|n225|10|23,Scottsbluff,41.9494370515986,-103.70286959803752,Satellite/Scottsbluff/TP1/Scottsbluff-TP1-n225_10_23.TIF
Scottsbluff|n225|10|24,Scottsbluff,41.94943664271068,-103.70283341179746,Satellite/Scottsbluff/TP1/Scottsbluff-TP1-n225_10_24.TIF
Scottsbluff|n225|10|25,Scottsbluff,41.94943623381133,-103.70279722555816,Satellite/Scottsbluff/TP1/Scottsbluff-TP1-n225_10_25.TIF
Scottsbluff|n225|10|26,Scottsbluff,41.94943715511991,-103.70275920261902,Satellite/Scottsbluff/TP1/Scottsbluff-TP1-n225_10_26.TIF
Scottsbluff|n225|11|20,Scottsbluff,41.94950450167526,-103.7029804335695,Satellite/Scottsbluff/TP1/Scottsbluff-TP1-n225_11_20.TIF
Scottsbluff|n225|11|21,Scottsbluff,41.94950544348695,-103.70294421990488,Satellite/Scottsbluff/TP1/Scottsbluff-TP1-n225_11_21.TIF
Scottsbluff|n225|11|22,Scottsbluff,41.949505014178435,-103.7029062243111,Satellite/Scottsbluff/TP1/Scottsbluff-TP1-n225_11_22.TIF
Scottsbluff|n225|11|23,Scottsbluff,41.94950460530152,-103.70287003803207,Satellite/Scottsbluff/TP1/Scottsbluff-TP1-n225_11_23.TIF
Scottsbluff|n225|11|24,Scottsbluff,41.9495041964132,-103.70283385175381,Satellite/Scottsbluff/TP1/Scottsbluff-TP1-n225_11_24.TIF
Scottsbluff|n225|11|25,Scottsbluff,41.94950513817861,-103.70279763808838,Satellite/Scottsbluff/TP1/Scottsbluff-TP1-n225_11_25.TIF
Scottsbluff|n225|11|26,Scottsbluff,41.94950472926746,-103.70276145181084,Satellite/Scottsbluff/TP1/Scottsbluff-TP1-n225_11_26.TIF
Scottsbluff|n225|12|20,Scottsbluff,41.94957340604384,-103.70298084629567,Satellite/Scottsbluff/TP1/Scottsbluff-TP1-n225_12_20.TIF
Scottsbluff|n225|12|21,Scottsbluff,41.9495729971899,-103.70294465997691,Satellite/Scottsbluff/TP1/Scottsbluff-TP1-n225_12_21.TIF
Scottsbluff|n225|12|22,Scottsbluff,41.949572588324564,-103.70290847365888,Satellite/Scottsbluff/TP1/Scottsbluff-TP1-n225_12_22.TIF
Scottsbluff|n225|12|23,Scottsbluff,41.94957353011296,-103.7028722599552,Satellite/Scottsbluff/TP1/Scottsbluff-TP1-n225_12_23.TIF
Scottsbluff|n225|12|24,Scottsbluff,41.949573121224795,-103.70283607363793,Satellite/Scottsbluff/TP1/Scottsbluff-TP1-n225_12_24.TIF
Scottsbluff|n225|12|25,Scottsbluff,41.94957271232523,-103.7027998873214,Satellite/Scottsbluff/TP1/Scottsbluff-TP1-n225_12_25.TIF
Scottsbluff|n225|12|26,Scottsbluff,41.94957365407936,-103.70276367361691,Satellite/Scottsbluff/TP1/Scottsbluff-TP1-n225_12_26.TIF
Scottsbluff|n225|13|20,Scottsbluff,41.94964098018884,-103.7029830957229,Satellite/Scottsbluff/TP1/Scottsbluff-TP1-n225_13_20.TIF
Scottsbluff|n225|13|21,Scottsbluff,41.949641922000254,-103.70294688198099,Satellite/Scottsbluff/TP1/Scottsbluff-TP1-n225_13_21.TIF
Scottsbluff|n225|13|22,Scottsbluff,41.94964151313507,-103.70291069562397,Satellite/Scottsbluff/TP1/Scottsbluff-TP1-n225_13_22.TIF
Scottsbluff|n225|13|23,Scottsbluff,41.94964110425848,-103.70287450926769,Satellite/Scottsbluff/TP1/Scottsbluff-TP1-n225_13_23.TIF
Scottsbluff|n225|13|24,Scottsbluff,41.94964204603561,-103.70283829552496,Satellite/Scottsbluff/TP1/Scottsbluff-TP1-n225_13_24.TIF
Scottsbluff|n225|13|25,Scottsbluff,41.9496416371362,-103.70280210916943,Satellite/Scottsbluff/TP1/Scottsbluff-TP1-n225_13_25.TIF
Scottsbluff|n225|13|26,Scottsbluff,41.94964120777954,-103.7027641134969,Satellite/Scottsbluff/TP1/Scottsbluff-TP1-n225_13_26.TIF
Scottsbluff|n225|14|20,Scottsbluff,41.94970990499827,-103.70298531776895,Satellite/Scottsbluff/TP1/Scottsbluff-TP1-n225_14_20.TIF
Scottsbluff|n225|14|21,Scottsbluff,41.94970949614466,-103.70294913137292,Satellite/Scottsbluff/TP1/Scottsbluff-TP1-n225_14_21.TIF
Scottsbluff|n225|14|22,Scottsbluff,41.949710437944795,-103.70291291759196,Satellite/Scottsbluff/TP1/Scottsbluff-TP1-n225_14_22.TIF
Scottsbluff|n225|14|23,Scottsbluff,41.94971000862424,-103.70287492187693,Satellite/Scottsbluff/TP1/Scottsbluff-TP1-n225_14_23.TIF
Scottsbluff|n225|14|24,Scottsbluff,41.94970959973585,-103.70283873548242,Satellite/Scottsbluff/TP1/Scottsbluff-TP1-n225_14_24.TIF
Scottsbluff|n225|14|25,Scottsbluff,41.949709170390754,-103.70280073976899,Satellite/Scottsbluff/TP1/Scottsbluff-TP1-n225_14_25.TIF
Scottsbluff|n225|14|26,Scottsbluff,41.94971011214404,-103.7027645259872,Satellite/Scottsbluff/TP1/Scottsbluff-TP1-n225_14_26.TIF
Scottsbluff|n225|15|20,Scottsbluff,41.94977880936452,-103.70298573049614,Satellite/Scottsbluff/TP1/Scottsbluff-TP1-n225_15_20.TIF
Scottsbluff|n225|15|21,Scottsbluff,41.9497784005105,-103.70294954406114,Satellite/Scottsbluff/TP1/Scottsbluff-TP1-n225_15_21.TIF
Scottsbluff|n225|15|22,Scottsbluff,41.9497779712015,-103.7029115483052,Satellite/Scottsbluff/TP1/Scottsbluff-TP1-n225_15_22.TIF
Scottsbluff|n225|15|23,Scottsbluff,41.949777562324115,-103.70287536187172,Satellite/Scottsbluff/TP1/Scottsbluff-TP1-n225_15_23.TIF
Scottsbluff|n225|15|24,Scottsbluff,41.949778504100394,-103.7028391480517,Satellite/Scottsbluff/TP1/Scottsbluff-TP1-n225_15_24.TIF
Scottsbluff|n225|15|25,Scottsbluff,41.94977809520018,-103.70280296161897,Satellite/Scottsbluff/TP1/Scottsbluff-TP1-n225_15_25.TIF
Scottsbluff|n225|15|26,Scottsbluff,41.94977768628856,-103.702766775187,Satellite/Scottsbluff/TP1/Scottsbluff-TP1-n225_15_26.TIF
Scottsbluff|n225|16|20,Scottsbluff,41.94984636306479,-103.70298617060662,Satellite/Scottsbluff/TP1/Scottsbluff-TP1-n225_16_20.TIF
Scottsbluff|n225|16|21,Scottsbluff,41.94984595421038,-103.70294998413341,Satellite/Scottsbluff/TP1/Scottsbluff-TP1-n225_16_21.TIF
Scottsbluff|n225|16|22,Scottsbluff,41.94984689600968,-103.70291377027515,Satellite/Scottsbluff/TP1/Scottsbluff-TP1-n225_16_22.TIF
Scottsbluff|n225|16|23,Scottsbluff,41.94984648713245,-103.70287758380266,Satellite/Scottsbluff/TP1/Scottsbluff-TP1-n225_16_23.TIF
Scottsbluff|n225|16|24,Scottsbluff,41.949846078243816,-103.70284139733093,Satellite/Scottsbluff/TP1/Scottsbluff-TP1-n225_16_24.TIF
Scottsbluff|n225|16|25,Scottsbluff,41.94984702000884,-103.70280518347185,Satellite/Scottsbluff/TP1/Scottsbluff-TP1-n225_16_25.TIF
Scottsbluff|n225|16|26,Scottsbluff,41.94984661109738,-103.70276899700087,Satellite/Scottsbluff/TP1/Scottsbluff-TP1-n225_16_26.TIF
Scottsbluff|n225|17|20,Scottsbluff,41.949915287871896,-103.70298839265753,Satellite/Scottsbluff/TP1/Scottsbluff-TP1-n225_17_20.TIF
Scottsbluff|n225|17|21,Scottsbluff,41.94991487901765,-103.70295220614531,Satellite/Scottsbluff/TP1/Scottsbluff-TP1-n225_17_21.TIF
Scottsbluff|n225|17|22,Scottsbluff,41.94991447015199,-103.70291601963383,Satellite/Scottsbluff/TP1/Scottsbluff-TP1-n225_17_22.TIF
Scottsbluff|n225|17|23,Scottsbluff,41.94991541194002,-103.70287980573652,Satellite/Scottsbluff/TP1/Scottsbluff-TP1-n225_17_23.TIF
Scottsbluff|n225|17|24,Scottsbluff,41.94991500305153,-103.70284361922579,Satellite/Scottsbluff/TP1/Scottsbluff-TP1-n225_17_24.TIF
Scottsbluff|n225|17|25,Scottsbluff,41.94991459415166,-103.70280743271579,Satellite/Scottsbluff/TP1/Scottsbluff-TP1-n225_17_25.TIF
Scottsbluff|n225|17|26,Scottsbluff,41.94991416479452,-103.7027694368811,Satellite/Scottsbluff/TP1/Scottsbluff-TP1-n225_17_26.TIF
Scottsbluff|n225|18|20,Scottsbluff,41.94998421267822,-103.70299061471138,Satellite/Scottsbluff/TP1/Scottsbluff-TP1-n225_18_20.TIF
Scottsbluff|n225|18|21,Scottsbluff,41.94998380382412,-103.70295442816014,Satellite/Scottsbluff/TP1/Scottsbluff-TP1-n225_18_21.TIF
Scottsbluff|n225|18|22,Scottsbluff,41.94998337451504,-103.70291643228214,Satellite/Scottsbluff/TP1/Scottsbluff-TP1-n225_18_22.TIF
Scottsbluff|n225|18|23,Scottsbluff,41.949982965637574,-103.70288024573244,Satellite/Scottsbluff/TP1/Scottsbluff-TP1-n225_18_23.TIF
Scottsbluff|n225|18|24,Scottsbluff,41.949982556748715,-103.70284405918348,Satellite/Scottsbluff/TP1/Scottsbluff-TP1-n225_18_24.TIF
Scottsbluff|n225|18|25,Scottsbluff,41.94998212740312,-103.70280606330789,Satellite/Scottsbluff/TP1/Scottsbluff-TP1-n225_18_25.TIF
Scottsbluff|n225|18|26,Scottsbluff,41.94998306915589,-103.70276984937149,Satellite/Scottsbluff/TP1/Scottsbluff-TP1-n225_18_26.TIF
Scottsbluff|n225|19|20,Scottsbluff,41.95005176637623,-103.70299105482297,Satellite/Scottsbluff/TP1/Scottsbluff-TP1-n225_19_20.TIF
Scottsbluff|n225|19|21,Scottsbluff,41.95005133707871,-103.70295305890406,Satellite/Scottsbluff/TP1/Scottsbluff-TP1-n225_19_21.TIF
Scottsbluff|n225|19|22,Scottsbluff,41.95005092821226,-103.7029168723154,Satellite/Scottsbluff/TP1/Scottsbluff-TP1-n225_19_22.TIF
Scottsbluff|n225|19|23,Scottsbluff,41.950051869999434,-103.70288065834079,Satellite/Scottsbluff/TP1/Scottsbluff-TP1-n225_19_23.TIF
Scottsbluff|n225|19|24,Scottsbluff,41.950051461110164,-103.70284447175285,Satellite/Scottsbluff/TP1/Scottsbluff-TP1-n225_19_24.TIF
Scottsbluff|n225|19|25,Scottsbluff,41.950051052209474,-103.70280828516567,Satellite/Scottsbluff/TP1/Scottsbluff-TP1-n225_19_25.TIF
Scottsbluff|n225|19|26,Scottsbluff,41.95005064329739,-103.70277209857925,Satellite/Scottsbluff/TP1/Scottsbluff-TP1-n225_19_26.TIF
Scottsbluff|n225|20|20,Scottsbluff,41.950120670738556,-103.70299146754928,Satellite/Scottsbluff/TP1/Scottsbluff-TP1-n225_20_20.TIF
Scottsbluff|n225|20|21,Scottsbluff,41.95012026188366,-103.70295528092085,Satellite/Scottsbluff/TP1/Scottsbluff-TP1-n225_20_21.TIF
Scottsbluff|n225|20|22,Scottsbluff,41.950119853017355,-103.70291909429316,Satellite/Scottsbluff/TP1/Scottsbluff-TP1-n225_20_22.TIF
Scottsbluff|n225|20|23,Scottsbluff,41.95011944413965,-103.70288290766624,Satellite/Scottsbluff/TP1/Scottsbluff-TP1-n225_20_23.TIF
Scottsbluff|n225|20|24,Scottsbluff,41.95012038591555,-103.70284669365259,Satellite/Scottsbluff/TP1/Scottsbluff-TP1-n225_20_24.TIF
Scottsbluff|n225|20|25,Scottsbluff,41.95011997701502,-103.70281050702638,Satellite/Scottsbluff/TP1/Scottsbluff-TP1-n225_20_25.TIF
Scottsbluff|n225|20|26,Scottsbluff,41.9501195681031,-103.70277432040093,Satellite/Scottsbluff/TP1/Scottsbluff-TP1-n225_20_26.TIF
Scottsbluff|n225|21|20,Scottsbluff,41.950189595542554,-103.702993689608,Satellite/Scottsbluff/TP1/Scottsbluff-TP1-n225_21_20.TIF
Scottsbluff|n225|21|21,Scottsbluff,41.95018918668781,-103.70295750294055,Satellite/Scottsbluff/TP1/Scottsbluff-TP1-n225_21_21.TIF
Scottsbluff|n225|21|22,Scottsbluff,41.95018877782167,-103.70292131627386,Satellite/Scottsbluff/TP1/Scottsbluff-TP1-n225_21_22.TIF
Scottsbluff|n225|21|23,Scottsbluff,41.950188368944126,-103.70288512960792,Satellite/Scottsbluff/TP1/Scottsbluff-TP1-n225_21_23.TIF
Scottsbluff|n225|21|24,Scottsbluff,41.950187960055175,-103.70284894294271,Satellite/Scottsbluff/TP1/Scottsbluff-TP1-n225_21_24.TIF
Scottsbluff|n225|21|25,Scottsbluff,41.95018753070952,-103.70281094694508,Satellite/Scottsbluff/TP1/Scottsbluff-TP1-n225_21_25.TIF
Scottsbluff|n225|21|26,Scottsbluff,41.950187121797185,-103.70277476028141,Satellite/Scottsbluff/TP1/Scottsbluff-TP1-n225_21_26.TIF
Scottsbluff|n225|22|20,Scottsbluff,41.950257169680704,-103.70299593905409,Satellite/Scottsbluff/TP1/Scottsbluff-TP1-n225_22_20.TIF
Scottsbluff|n225|22|21,Scottsbluff,41.95025676082614,-103.7029597523484,Satellite/Scottsbluff/TP1/Scottsbluff-TP1-n225_22_21.TIF
Scottsbluff|n225|22|22,Scottsbluff,41.95025633151658,-103.70292175630823,Satellite/Scottsbluff/TP1/Scottsbluff-TP1-n225_22_22.TIF
Scottsbluff|n225|22|23,Scottsbluff,41.95025592263864,-103.70288556960406,Satellite/Scottsbluff/TP1/Scottsbluff-TP1-n225_22_23.TIF
Scottsbluff|n225|22|24,Scottsbluff,41.95025549330454,-103.7028475735655,Satellite/Scottsbluff/TP1/Scottsbluff-TP1-n225_22_24.TIF
Scottsbluff|n225|22|25,Scottsbluff,41.950255084403224,-103.70281138686289,Satellite/Scottsbluff/TP1/Scottsbluff-TP1-n225_22_25.TIF
Scottsbluff|n225|22|26,Scottsbluff,41.95025602615544,-103.7027751727719,Satellite/Scottsbluff/TP1/Scottsbluff-TP1-n225_22_26.TIF
Scottsbluff|n225|23|20,Scottsbluff,41.95032607404069,-103.70299635178141,Satellite/Scottsbluff/TP1/Scottsbluff-TP1-n225_23_20.TIF
Scottsbluff|n225|23|21,Scottsbluff,41.95032564474267,-103.70295835569952,Satellite/Scottsbluff/TP1/Scottsbluff-TP1-n225_23_21.TIF
Scottsbluff|n225|23|22,Scottsbluff,41.950325235875724,-103.70292216895565,Satellite/Scottsbluff/TP1/Scottsbluff-TP1-n225_23_22.TIF
Scottsbluff|n225|23|23,Scottsbluff,41.95032482699737,-103.7028859822125,Satellite/Scottsbluff/TP1/Scottsbluff-TP1-n225_23_23.TIF
Scottsbluff|n225|23|24,Scottsbluff,41.95032441810761,-103.70284979547013,Satellite/Scottsbluff/TP1/Scottsbluff-TP1-n225_23_24.TIF
Scottsbluff|n225|23|25,Scottsbluff,41.95032400920647,-103.70281360872849,Satellite/Scottsbluff/TP1/Scottsbluff-TP1-n225_23_25.TIF
Scottsbluff|n225|23|26,Scottsbluff,41.95032360029392,-103.7027774219876,Satellite/Scottsbluff/TP1/Scottsbluff-TP1-n225_23_26.TIF
Scottsbluff|n225|24|20,Scottsbluff,41.95039497839987,-103.70299676450776,Satellite/Scottsbluff/TP1/Scottsbluff-TP1-n225_24_20.TIF
Scottsbluff|n225|24|21,Scottsbluff,41.950394569544486,-103.70296057772411,Satellite/Scottsbluff/TP1/Scottsbluff-TP1-n225_24_21.TIF
Scottsbluff|n225|24|22,Scottsbluff,41.950394160677696,-103.7029243909412,Satellite/Scottsbluff/TP1/Scottsbluff-TP1-n225_24_22.TIF
Scottsbluff|n225|24|23,Scottsbluff,41.9503937517995,-103.70288820415907,Satellite/Scottsbluff/TP1/Scottsbluff-TP1-n225_24_23.TIF
Scottsbluff|n225|24|24,Scottsbluff,41.95039334290991,-103.70285201737767,Satellite/Scottsbluff/TP1/Scottsbluff-TP1-n225_24_24.TIF
Scottsbluff|n225|24|25,Scottsbluff,41.95039293400892,-103.70281583059702,Satellite/Scottsbluff/TP1/Scottsbluff-TP1-n225_24_25.TIF
Scottsbluff|n225|24|26,Scottsbluff,41.95039252509652,-103.70277964381711,Satellite/Scottsbluff/TP1/Scottsbluff-TP1-n225_24_26.TIF
Scottsbluff|n225|25|20,Scottsbluff,41.95046255253575,-103.70299901395886,Satellite/Scottsbluff/TP1/Scottsbluff-TP1-n225_25_20.TIF
Scottsbluff|n225|25|21,Scottsbluff,41.950462143680525,-103.70296282713697,Satellite/Scottsbluff/TP1/Scottsbluff-TP1-n225_25_21.TIF
Scottsbluff|n225|25|22,Scottsbluff,41.95046173481393,-103.70292664031581,Satellite/Scottsbluff/TP1/Scottsbluff-TP1-n225_25_22.TIF
Scottsbluff|n225|25|23,Scottsbluff,41.950461325935905,-103.70289045349543,Satellite/Scottsbluff/TP1/Scottsbluff-TP1-n225_25_23.TIF
Scottsbluff|n225|25|24,Scottsbluff,41.95046089660172,-103.7028524573348,Satellite/Scottsbluff/TP1/Scottsbluff-TP1-n225_25_24.TIF
Scottsbluff|n225|25|25,Scottsbluff,41.95046048770033,-103.70281627051595,Satellite/Scottsbluff/TP1/Scottsbluff-TP1-n225_25_25.TIF
Scottsbluff|n225|25|26,Scottsbluff,41.950460058341605,-103.70277827435694,Satellite/Scottsbluff/TP1/Scottsbluff-TP1-n225_25_26.TIF
Scottsbluff|n225|26|20,Scottsbluff,41.95053012667086,-103.70300126341293,Satellite/Scottsbluff/TP1/Scottsbluff-TP1-n225_26_20.TIF
Scottsbluff|n225|26|21,Scottsbluff,41.9505296973728,-103.70296326720978,Satellite/Scottsbluff/TP1/Scottsbluff-TP1-n225_26_21.TIF
Scottsbluff|n225|26|22,Scottsbluff,41.950529288505784,-103.70292708035042,Satellite/Scottsbluff/TP1/Scottsbluff-TP1-n225_26_22.TIF
Scottsbluff|n225|26|23,Scottsbluff,41.95053020984808,-103.70288905676192,Satellite/Scottsbluff/TP1/Scottsbluff-TP1-n225_26_23.TIF
Scottsbluff|n225|26|24,Scottsbluff,41.95052980095769,-103.70285286990334,Satellite/Scottsbluff/TP1/Scottsbluff-TP1-n225_26_24.TIF
Scottsbluff|n225|26|25,Scottsbluff,41.95052939205589,-103.7028166830455,Satellite/Scottsbluff/TP1/Scottsbluff-TP1-n225_26_25.TIF
Scottsbluff|n225|26|26,Scottsbluff,41.95052898314268,-103.70278049618841,Satellite/Scottsbluff/TP1/Scottsbluff-TP1-n225_26_26.TIF
Scottsbluff|n225|27|20,Scottsbluff,41.95059901058524,-103.70299986679537,Satellite/Scottsbluff/TP1/Scottsbluff-TP1-n225_27_20.TIF
Scottsbluff|n225|27|21,Scottsbluff,41.95059860172923,-103.70296367989629,Satellite/Scottsbluff/TP1/Scottsbluff-TP1-n225_27_21.TIF
Scottsbluff|n225|27|22,Scottsbluff,41.95059819286182,-103.70292749299794,Satellite/Scottsbluff/TP1/Scottsbluff-TP1-n225_27_22.TIF
Scottsbluff|n225|27|23,Scottsbluff,41.950597783982985,-103.70289130610035,Satellite/Scottsbluff/TP1/Scottsbluff-TP1-n225_27_23.TIF
Scottsbluff|n225|27|24,Scottsbluff,41.95059872575768,-103.70285509181575,Satellite/Scottsbluff/TP1/Scottsbluff-TP1-n225_27_24.TIF
Scottsbluff|n225|27|25,Scottsbluff,41.95059831685604,-103.7028189049189,Satellite/Scottsbluff/TP1/Scottsbluff-TP1-n225_27_25.TIF
Scottsbluff|n225|27|26,Scottsbluff,41.950597907942985,-103.7027827180228,Satellite/Scottsbluff/TP1/Scottsbluff-TP1-n225_27_26.TIF
Scottsbluff|n225|3|20,Scottsbluff,41.948957236924855,-103.70296981237989,Satellite/Scottsbluff/TP1/Scottsbluff-TP1-n225_3_20.TIF
Scottsbluff|n225|3|21,Scottsbluff,41.94895817873763,-103.70293359902523,Satellite/Scottsbluff/TP1/Scottsbluff-TP1-n225_3_21.TIF
Scottsbluff|n225|3|22,Scottsbluff,41.94895776987364,-103.70289741305508,Satellite/Scottsbluff/TP1/Scottsbluff-TP1-n225_3_22.TIF
Scottsbluff|n225|3|23,Scottsbluff,41.94895871166352,-103.70286119969963,Satellite/Scottsbluff/TP1/Scottsbluff-TP1-n225_3_23.TIF
Scottsbluff|n225|3|24,Scottsbluff,41.94895828233208,-103.70282320443177,Satellite/Scottsbluff/TP1/Scottsbluff-TP1-n225_3_24.TIF
Scottsbluff|n225|3|25,Scottsbluff,41.948959224098544,-103.70278699107551,Satellite/Scottsbluff/TP1/Scottsbluff-TP1-n225_3_25.TIF
Scottsbluff|n225|3|26,Scottsbluff,41.948958815188334,-103.70275080510689,Satellite/Scottsbluff/TP1/Scottsbluff-TP1-n225_3_26.TIF
Scottsbluff|n225|4|20,Scottsbluff,41.94902614129969,-103.70297022510593,Satellite/Scottsbluff/TP1/Scottsbluff-TP1-n225_4_20.TIF
Scottsbluff|n225|4|21,Scottsbluff,41.94902573244671,-103.70293403909683,Satellite/Scottsbluff/TP1/Scottsbluff-TP1-n225_4_21.TIF
Scottsbluff|n225|4|22,Scottsbluff,41.94902667424761,-103.70289782570312,Satellite/Scottsbluff/TP1/Scottsbluff-TP1-n225_4_22.TIF
Scottsbluff|n225|4|23,Scottsbluff,41.94902626537181,-103.70286163969475,Satellite/Scottsbluff/TP1/Scottsbluff-TP1-n225_4_23.TIF
Scottsbluff|n225|4|24,Scottsbluff,41.94902720714986,-103.70282542630025,Satellite/Scottsbluff/TP1/Scottsbluff-TP1-n225_4_24.TIF
Scottsbluff|n225|4|25,Scottsbluff,41.94902679825123,-103.7027892402926,Satellite/Scottsbluff/TP1/Scottsbluff-TP1-n225_4_25.TIF
Scottsbluff|n225|4|26,Scottsbluff,41.94902774000642,-103.70275302689733,Satellite/Scottsbluff/TP1/Scottsbluff-TP1-n225_4_26.TIF
Scottsbluff|n225|5|20,Scottsbluff,41.949093715450765,-103.70297247451727,Satellite/Scottsbluff/TP1/Scottsbluff-TP1-n225_5_20.TIF
Scottsbluff|n225|5|21,Scottsbluff,41.94909465726326,-103.7029362610853,Satellite/Scottsbluff/TP1/Scottsbluff-TP1-n225_5_21.TIF
Scottsbluff|n225|5|22,Scottsbluff,41.949094248399035,-103.70290007503795,Satellite/Scottsbluff/TP1/Scottsbluff-TP1-n225_5_22.TIF
Scottsbluff|n225|5|23,Scottsbluff,41.949095190188665,-103.70286386160518,Satellite/Scottsbluff/TP1/Scottsbluff-TP1-n225_5_23.TIF
Scottsbluff|n225|5|24,Scottsbluff,41.94909478130161,-103.70282767555855,Satellite/Scottsbluff/TP1/Scottsbluff-TP1-n225_5_24.TIF
Scottsbluff|n225|5|25,Scottsbluff,41.949095723068375,-103.702791462125,Satellite/Scottsbluff/TP1/Scottsbluff-TP1-n225_5_25.TIF
Scottsbluff|n225|5|26,Scottsbluff,41.94909531415852,-103.7027552760791,Satellite/Scottsbluff/TP1/Scottsbluff-TP1-n225_5_26.TIF
Scottsbluff|n225|6|20,Scottsbluff,41.949162640266394,-103.70297469654768,Satellite/Scottsbluff/TP1/Scottsbluff-TP1-n225_6_20.TIF
Scottsbluff|n225|6|21,Scottsbluff,41.94916358207903,-103.70293848307671,Satellite/Scottsbluff/TP1/Scottsbluff-TP1-n225_6_21.TIF
Scottsbluff|n225|6|22,Scottsbluff,41.949163173214956,-103.70290229699032,Satellite/Scottsbluff/TP1/Scottsbluff-TP1-n225_6_22.TIF
Scottsbluff|n225|6|23,Scottsbluff,41.9491627643395,-103.7028661109047,Satellite/Scottsbluff/TP1/Scottsbluff-TP1-n225_6_23.TIF
Scottsbluff|n225|6|24,Scottsbluff,41.9491636856732,-103.70282808812863,Satellite/Scottsbluff/TP1/Scottsbluff-TP1-n225_6_24.TIF
Scottsbluff|n225|6|25,Scottsbluff,41.949163276774335,-103.70279190204377,Satellite/Scottsbluff/TP1/Scottsbluff-TP1-n225_6_25.TIF
Scottsbluff|n225|6|26,Scottsbluff,41.94916421852927,-103.70275568857117,Satellite/Scottsbluff/TP1/Scottsbluff-TP1-n225_6_26.TIF
Scottsbluff|n225|7|20,Scottsbluff,41.949231544638884,-103.70297510927475,Satellite/Scottsbluff/TP1/Scottsbluff-TP1-n225_7_20.TIF
Scottsbluff|n225|7|21,Scottsbluff,41.94923113578582,-103.7029389231494,Satellite/Scottsbluff/TP1/Scottsbluff-TP1-n225_7_21.TIF
Scottsbluff|n225|7|22,Scottsbluff,41.94923207758661,-103.70290270963936,Satellite/Scottsbluff/TP1/Scottsbluff-TP1-n225_7_22.TIF
Scottsbluff|n225|7|23,Scottsbluff,41.94923164826663,-103.70286471420856,Satellite/Scottsbluff/TP1/Scottsbluff-TP1-n225_7_23.TIF
Scottsbluff|n225|7|24,Scottsbluff,41.949231239378776,-103.70282852808474,Satellite/Scottsbluff/TP1/Scottsbluff-TP1-n225_7_24.TIF
Scottsbluff|n225|7|25,Scottsbluff,41.94923218114473,-103.70279231457388,Satellite/Scottsbluff/TP1/Scottsbluff-TP1-n225_7_25.TIF
Scottsbluff|n225|7|26,Scottsbluff,41.94923177223404,-103.7027561284508,Satellite/Scottsbluff/TP1/Scottsbluff-TP1-n225_7_26.TIF
Scottsbluff|n225|8|20,Scottsbluff,41.9492990983453,-103.7029755493848,Satellite/Scottsbluff/TP1/Scottsbluff-TP1-n225_8_20.TIF
Scottsbluff|n225|8|21,Scottsbluff,41.9493000401571,-103.70293933583652,Satellite/Scottsbluff/TP1/Scottsbluff-TP1-n225_8_21.TIF
Scottsbluff|n225|8|22,Scottsbluff,41.949299631292234,-103.70290314967295,Satellite/Scottsbluff/TP1/Scottsbluff-TP1-n225_8_22.TIF
Scottsbluff|n225|8|23,Scottsbluff,41.949299222415945,-103.70286696351013,Satellite/Scottsbluff/TP1/Scottsbluff-TP1-n225_8_23.TIF
Scottsbluff|n225|8|24,Scottsbluff,41.949300164193474,-103.70283074996104,Satellite/Scottsbluff/TP1/Scottsbluff-TP1-n225_8_24.TIF
Scottsbluff|n225|8|25,Scottsbluff,41.949299755294376,-103.70279456379896,Satellite/Scottsbluff/TP1/Scottsbluff-TP1-n225_8_25.TIF
Scottsbluff|n225|8|26,Scottsbluff,41.94930069704903,-103.70275835024906,Satellite/Scottsbluff/TP1/Scottsbluff-TP1-n225_8_26.TIF
Scottsbluff|n225|9|20,Scottsbluff,41.949368023158605,-103.70297777142011,Satellite/Scottsbluff/TP1/Scottsbluff-TP1-n225_9_20.TIF
Scottsbluff|n225|9|21,Scottsbluff,41.94936761430532,-103.70294158521753,Satellite/Scottsbluff/TP1/Scottsbluff-TP1-n225_9_21.TIF
Scottsbluff|n225|9|22,Scottsbluff,41.949368556105824,-103.70290537163021,Satellite/Scottsbluff/TP1/Scottsbluff-TP1-n225_9_22.TIF
Scottsbluff|n225|9|23,Scottsbluff,41.94936814722971,-103.70286918542837,Satellite/Scottsbluff/TP1/Scottsbluff-TP1-n225_9_23.TIF
Scottsbluff|n225|9|24,Scottsbluff,41.9493677383422,-103.7028329992273,Satellite/Scottsbluff/TP1/Scottsbluff-TP1-n225_9_24.TIF
Scottsbluff|n225|9|25,Scottsbluff,41.94936868010845,-103.70279678563915,Satellite/Scottsbluff/TP1/Scottsbluff-TP1-n225_9_25.TIF
Scottsbluff|n225|9|26,Scottsbluff,41.949368271198104,-103.7027605994388,Satellite/Scottsbluff/TP1/Scottsbluff-TP1-n225_9_26.TIF
Scottsbluff|n75|10|1,Scottsbluff,41.949436836908816,-103.70356815684703,Satellite/Scottsbluff/TP1/Scottsbluff-TP1-n75_10_1.TIF
Scottsbluff|n75|10|2,Scottsbluff,41.94943640780736,-103.70353016128462,Satellite/Scottsbluff/TP1/Scottsbluff-TP1-n75_10_2.TIF
Scottsbluff|n75|10|3,Scottsbluff,41.94943599912762,-103.70349397503546,Satellite/Scottsbluff/TP1/Scottsbluff-TP1-n75_10_3.TIF
Scottsbluff|n75|10|4,Scottsbluff,41.949436941101986,-103.70345776141313,Satellite/Scottsbluff/TP1/Scottsbluff-TP1-n75_10_4.TIF
Scottsbluff|n75|10|5,Scottsbluff,41.94943653239943,-103.70342157516471,Satellite/Scottsbluff/TP1/Scottsbluff-TP1-n75_10_5.TIF
Scottsbluff|n75|10|6,Scottsbluff,41.94943747435093,-103.70338536154159,Satellite/Scottsbluff/TP1/Scottsbluff-TP1-n75_10_6.TIF
Scottsbluff|n75|10|7,Scottsbluff,41.949437045188986,-103.70334736598154,Satellite/Scottsbluff/TP1/Scottsbluff-TP1-n75_10_7.TIF
Scottsbluff|n75|11|1,Scottsbluff,41.9495043906194,-103.7035685975794,Satellite/Scottsbluff/TP1/Scottsbluff-TP1-n75_11_1.TIF
Scottsbluff|n75|11|2,Scottsbluff,41.949503981951246,-103.70353241129126,Satellite/Scottsbluff/TP1/Scottsbluff-TP1-n75_11_2.TIF
Scottsbluff|n75|11|3,Scottsbluff,41.94950492393719,-103.70349619763068,Satellite/Scottsbluff/TP1/Scottsbluff-TP1-n75_11_3.TIF
Scottsbluff|n75|11|4,Scottsbluff,41.94950451524622,-103.70346001134327,Satellite/Scottsbluff/TP1/Scottsbluff-TP1-n75_11_4.TIF
Scottsbluff|n75|11|5,Scottsbluff,41.94950545720931,-103.70342379768188,Satellite/Scottsbluff/TP1/Scottsbluff-TP1-n75_11_5.TIF
Scottsbluff|n75|11|6,Scottsbluff,41.94950500762349,-103.70338399276658,Satellite/Scottsbluff/TP1/Scottsbluff-TP1-n75_11_6.TIF
Scottsbluff|n75|11|7,Scottsbluff,41.949505949562564,-103.7033477791044,Satellite/Scottsbluff/TP1/Scottsbluff-TP1-n75_11_7.TIF
Scottsbluff|n75|12|1,Scottsbluff,41.949571964762356,-103.70357084762726,Satellite/Scottsbluff/TP1/Scottsbluff-TP1-n75_12_1.TIF
Scottsbluff|n75|12|2,Scottsbluff,41.94957290675989,-103.70353463392843,Satellite/Scottsbluff/TP1/Scottsbluff-TP1-n75_12_2.TIF
Scottsbluff|n75|12|3,Scottsbluff,41.94957249808049,-103.703498447602,Satellite/Scottsbluff/TP1/Scottsbluff-TP1-n75_12_3.TIF
Scottsbluff|n75|12|4,Scottsbluff,41.94957341962031,-103.70346042458608,Satellite/Scottsbluff/TP1/Scottsbluff-TP1-n75_12_4.TIF
Scottsbluff|n75|12|5,Scottsbluff,41.949572990482075,-103.70342242894418,Satellite/Scottsbluff/TP1/Scottsbluff-TP1-n75_12_5.TIF
Scottsbluff|n75|12|6,Scottsbluff,41.94957393243275,-103.70338621524375,Satellite/Scottsbluff/TP1/Scottsbluff-TP1-n75_12_6.TIF
Scottsbluff|n75|12|7,Scottsbluff,41.94957352370656,-103.70335002891889,Satellite/Scottsbluff/TP1/Scottsbluff-TP1-n75_12_7.TIF
Scottsbluff|n75|13|1,Scottsbluff,41.94964088957006,-103.70357307030638,Satellite/Scottsbluff/TP1/Scottsbluff-TP1-n75_13_1.TIF
Scottsbluff|n75|13|2,Scottsbluff,41.94964048090225,-103.70353688394097,Satellite/Scottsbluff/TP1/Scottsbluff-TP1-n75_13_2.TIF
Scottsbluff|n75|13|3,Scottsbluff,41.94964138201995,-103.70349705156659,Satellite/Scottsbluff/TP1/Scottsbluff-TP1-n75_13_3.TIF
Scottsbluff|n75|13|4,Scottsbluff,41.949640973328165,-103.70346086520198,Satellite/Scottsbluff/TP1/Scottsbluff-TP1-n75_13_4.TIF
Scottsbluff|n75|13|5,Scottsbluff,41.94964191529041,-103.70342465146331,Satellite/Scottsbluff/TP1/Scottsbluff-TP1-n75_13_5.TIF
Scottsbluff|n75|13|6,Scottsbluff,41.949641506575794,-103.70338846509945,Satellite/Scottsbluff/TP1/Scottsbluff-TP1-n75_13_6.TIF
Scottsbluff|n75|13|7,Scottsbluff,41.949642448515185,-103.70335225135997,Satellite/Scottsbluff/TP1/Scottsbluff-TP1-n75_13_7.TIF
Scottsbluff|n75|14|1,Scottsbluff,41.94970844327838,-103.70357351103993,Satellite/Scottsbluff/TP1/Scottsbluff-TP1-n75_14_1.TIF
Scottsbluff|n75|14|2,Scottsbluff,41.949709364841944,-103.7035354879436,Satellite/Scottsbluff/TP1/Scottsbluff-TP1-n75_14_2.TIF
Scottsbluff|n75|14|3,Scottsbluff,41.949708956161736,-103.70349930153999,Satellite/Scottsbluff/TP1/Scottsbluff-TP1-n75_14_3.TIF
Scottsbluff|n75|14|4,Scottsbluff,41.94970989813556,-103.70346308776307,Satellite/Scottsbluff/TP1/Scottsbluff-TP1-n75_14_4.TIF
Scottsbluff|n75|14|5,Scottsbluff,41.94970948943253,-103.7034269013602,Satellite/Scottsbluff/TP1/Scottsbluff-TP1-n75_14_5.TIF
Scottsbluff|n75|14|6,Scottsbluff,41.949710431383494,-103.70339068758248,Satellite/Scottsbluff/TP1/Scottsbluff-TP1-n75_14_6.TIF
Scottsbluff|n75|14|7,Scottsbluff,41.949709981784444,-103.70335088254018,Satellite/Scottsbluff/TP1/Scottsbluff-TP1-n75_14_7.TIF
Scottsbluff|n75|15|1,Scottsbluff,41.94977734765141,-103.70357392440081,Satellite/Scottsbluff/TP1/Scottsbluff-TP1-n75_15_1.TIF
Scottsbluff|n75|15|2,Scottsbluff,41.94977693898279,-103.70353773795821,Satellite/Scottsbluff/TP1/Scottsbluff-TP1-n75_15_2.TIF
Scottsbluff|n75|15|3,Scottsbluff,41.949776530302756,-103.70350155151637,Satellite/Scottsbluff/TP1/Scottsbluff-TP1-n75_15_3.TIF
Scottsbluff|n75|15|4,Scottsbluff,41.94977747227675,-103.70346533770116,Satellite/Scottsbluff/TP1/Scottsbluff-TP1-n75_15_4.TIF
Scottsbluff|n75|15|5,Scottsbluff,41.94977839380385,-103.70342731456311,Satellite/Scottsbluff/TP1/Scottsbluff-TP1-n75_15_5.TIF
Scottsbluff|n75|15|6,Scottsbluff,41.949777964652974,-103.70338931879999,Satellite/Scottsbluff/TP1/Scottsbluff-TP1-n75_15_6.TIF
Scottsbluff|n75|15|7,Scottsbluff,41.94977755592616,-103.70335313235968,Satellite/Scottsbluff/TP1/Scottsbluff-TP1-n75_15_7.TIF
Scottsbluff|n75|16|1,Scottsbluff,41.94984492179133,-103.70357617445664,Satellite/Scottsbluff/TP1/Scottsbluff-TP1-n75_16_1.TIF
Scottsbluff|n75|16|2,Scottsbluff,41.94984451312288,-103.70353998797579,Satellite/Scottsbluff/TP1/Scottsbluff-TP1-n75_16_2.TIF
Scottsbluff|n75|16|3,Scottsbluff,41.949845455108466,-103.70350377412235,Satellite/Scottsbluff/TP1/Scottsbluff-TP1-n75_16_3.TIF
Scottsbluff|n75|16|4,Scottsbluff,41.94984500554744,-103.70346396899426,Satellite/Scottsbluff/TP1/Scottsbluff-TP1-n75_16_4.TIF
Scottsbluff|n75|16|5,Scottsbluff,41.949845947509004,-103.70342775514001,Satellite/Scottsbluff/TP1/Scottsbluff-TP1-n75_16_5.TIF
Scottsbluff|n75|16|6,Scottsbluff,41.94984553879377,-103.7033915686607,Satellite/Scottsbluff/TP1/Scottsbluff-TP1-n75_16_6.TIF
Scottsbluff|n75|16|7,Scottsbluff,41.94984648073249,-103.70335535480568,Satellite/Scottsbluff/TP1/Scottsbluff-TP1-n75_16_7.TIF
Scottsbluff|n75|17|1,Scottsbluff,41.949912495930505,-103.70357842451543,Satellite/Scottsbluff/TP1/Scottsbluff-TP1-n75_17_1.TIF
Scottsbluff|n75|17|2,Scottsbluff,41.94991341749393,-103.70354040129774,Satellite/Scottsbluff/TP1/Scottsbluff-TP1-n75_17_2.TIF
Scottsbluff|n75|17|3,Scottsbluff,41.94991298837936,-103.70350240545274,Satellite/Scottsbluff/TP1/Scottsbluff-TP1-n75_17_3.TIF
Scottsbluff|n75|17|4,Scottsbluff,41.949913930352515,-103.70346619156024,Satellite/Scottsbluff/TP1/Scottsbluff-TP1-n75_17_4.TIF
Scottsbluff|n75|17|5,Scottsbluff,41.94991352164885,-103.70343000504194,Satellite/Scottsbluff/TP1/Scottsbluff-TP1-n75_17_5.TIF
Scottsbluff|n75|17|6,Scottsbluff,41.949914463599164,-103.70339379114866,Satellite/Scottsbluff/TP1/Scottsbluff-TP1-n75_17_6.TIF
Scottsbluff|n75|17|7,Scottsbluff,41.949914054872686,-103.70335760463108,Satellite/Scottsbluff/TP1/Scottsbluff-TP1-n75_17_7.TIF
Scottsbluff|n75|18|1,Scottsbluff,41.949981379868035,-103.70357702854947,Satellite/Scottsbluff/TP1/Scottsbluff-TP1-n75_18_1.TIF
Scottsbluff|n75|18|2,Scottsbluff,41.94998097119878,-103.70354084199144,Satellite/Scottsbluff/TP1/Scottsbluff-TP1-n75_18_2.TIF
Scottsbluff|n75|18|3,Scottsbluff,41.949981913183535,-103.70350462806068,Satellite/Scottsbluff/TP1/Scottsbluff-TP1-n75_18_3.TIF
Scottsbluff|n75|18|4,Scottsbluff,41.949981504491454,-103.70346844150338,Satellite/Scottsbluff/TP1/Scottsbluff-TP1-n75_18_4.TIF
Scottsbluff|n75|18|5,Scottsbluff,41.94998244645334,-103.70343222757184,Satellite/Scottsbluff/TP1/Scottsbluff-TP1-n75_18_5.TIF
Scottsbluff|n75|18|6,Scottsbluff,41.94998201730239,-103.70339423168747,Satellite/Scottsbluff/TP1/Scottsbluff-TP1-n75_18_6.TIF
Scottsbluff|n75|18|7,Scottsbluff,41.9499829388042,-103.70335620842732,Satellite/Scottsbluff/TP1/Scottsbluff-TP1-n75_18_7.TIF
Scottsbluff|n75|19|1,Scottsbluff,41.9500489540057,-103.70357927861033,Satellite/Scottsbluff/TP1/Scottsbluff-TP1-n75_19_1.TIF
Scottsbluff|n75|19|2,Scottsbluff,41.95004989600202,-103.70354306464132,Satellite/Scottsbluff/TP1/Scottsbluff-TP1-n75_19_2.TIF
Scottsbluff|n75|19|3,Scottsbluff,41.95004948732153,-103.70350687804503,Satellite/Scottsbluff/TP1/Scottsbluff-TP1-n75_19_3.TIF
Scottsbluff|n75|19|4,Scottsbluff,41.95005042929499,-103.70347066407523,Satellite/Scottsbluff/TP1/Scottsbluff-TP1-n75_19_4.TIF
Scottsbluff|n75|19|5,Scottsbluff,41.95004997972071,-103.70343085882014,Satellite/Scottsbluff/TP1/Scottsbluff-TP1-n75_19_5.TIF
Scottsbluff|n75|19|6,Scottsbluff,41.95005092167017,-103.70339464484955,Satellite/Scottsbluff/TP1/Scottsbluff-TP1-n75_19_6.TIF
Scottsbluff|n75|19|7,Scottsbluff,41.95005051294288,-103.7033584582548,Satellite/Scottsbluff/TP1/Scottsbluff-TP1-n75_19_7.TIF
Scottsbluff|n75|20|1,Scottsbluff,41.95011787880801,-103.70358150130218,Satellite/Scottsbluff/TP1/Scottsbluff-TP1-n75_20_1.TIF
Scottsbluff|n75|20|2,Scottsbluff,41.950117470139084,-103.70354531466688,Satellite/Scottsbluff/TP1/Scottsbluff-TP1-n75_20_2.TIF
Scottsbluff|n75|20|3,Scottsbluff,41.95011839168982,-103.70350729132709,Satellite/Scottsbluff/TP1/Scottsbluff-TP1-n75_20_3.TIF
Scottsbluff|n75|20|4,Scottsbluff,41.95011796256259,-103.70346929536085,Satellite/Scottsbluff/TP1/Scottsbluff-TP1-n75_20_4.TIF
Scottsbluff|n75|20|5,Scottsbluff,41.950118904523634,-103.70343308135202,Satellite/Scottsbluff/TP1/Scottsbluff-TP1-n75_20_5.TIF
Scottsbluff|n75|20|6,Scottsbluff,41.95011849580794,-103.70339689471825,Satellite/Scottsbluff/TP1/Scottsbluff-TP1-n75_20_6.TIF
Scottsbluff|n75|20|7,Scottsbluff,41.95011943774612,-103.70336068070861,Satellite/Scottsbluff/TP1/Scottsbluff-TP1-n75_20_7.TIF
Scottsbluff|n75|21|1,Scottsbluff,41.950185452944126,-103.70358375136894,Satellite/Scottsbluff/TP1/Scottsbluff-TP1-n75_21_1.TIF
Scottsbluff|n75|21|2,Scottsbluff,41.95018500340789,-103.70354394602808,Satellite/Scottsbluff/TP1/Scottsbluff-TP1-n75_21_2.TIF
Scottsbluff|n75|21|3,Scottsbluff,41.950185945391965,-103.70350773198176,Satellite/Scottsbluff/TP1/Scottsbluff-TP1-n75_21_3.TIF
Scottsbluff|n75|21|4,Scottsbluff,41.950186887364595,-103.70347151793466,Satellite/Scottsbluff/TP1/Scottsbluff-TP1-n75_21_4.TIF
Scottsbluff|n75|21|5,Scottsbluff,41.95018647866047,-103.7034353312619,Satellite/Scottsbluff/TP1/Scottsbluff-TP1-n75_21_5.TIF
Scottsbluff|n75|21|6,Scottsbluff,41.95018742061024,-103.70339911721402,Satellite/Scottsbluff/TP1/Scottsbluff-TP1-n75_21_6.TIF
Scottsbluff|n75|21|7,Scottsbluff,41.95018697100998,-103.70335931187483,Satellite/Scottsbluff/TP1/Scottsbluff-TP1-n75_21_7.TIF
Scottsbluff|n75|22|1,Scottsbluff,41.95025298621316,-103.70358238276745,Satellite/Scottsbluff/TP1/Scottsbluff-TP1-n75_22_1.TIF
Scottsbluff|n75|22|2,Scottsbluff,41.95025392820881,-103.70354616868288,Satellite/Scottsbluff/TP1/Scottsbluff-TP1-n75_22_2.TIF
Scottsbluff|n75|22|3,Scottsbluff,41.950253519527685,-103.70350998197114,Satellite/Scottsbluff/TP1/Scottsbluff-TP1-n75_22_3.TIF
Scottsbluff|n75|22|4,Scottsbluff,41.95025446150049,-103.70347376788577,Satellite/Scottsbluff/TP1/Scottsbluff-TP1-n75_22_4.TIF
Scottsbluff|n75|22|5,Scottsbluff,41.95025405279655,-103.70343758117475,Satellite/Scottsbluff/TP1/Scottsbluff-TP1-n75_22_5.TIF
Scottsbluff|n75|22|6,Scottsbluff,41.950254953874314,-103.70339774841754,Satellite/Scottsbluff/TP1/Scottsbluff-TP1-n75_22_6.TIF
Scottsbluff|n75|22|7,Scottsbluff,41.95025589581166,-103.70336153433061,Satellite/Scottsbluff/TP1/Scottsbluff-TP1-n75_22_7.TIF
Scottsbluff|n75|23|1,Scottsbluff,41.95032191101316,-103.7035846054642,Satellite/Scottsbluff/TP1/Scottsbluff-TP1-n75_23_1.TIF
Scottsbluff|n75|23|2,Scottsbluff,41.95032150234362,-103.70354841871347,Satellite/Scottsbluff/TP1/Scottsbluff-TP1-n75_23_2.TIF
Scottsbluff|n75|23|3,Scottsbluff,41.950322444328,-103.70351220458984,Satellite/Scottsbluff/TP1/Scottsbluff-TP1-n75_23_3.TIF
Scottsbluff|n75|23|4,Scottsbluff,41.950322015200705,-103.70347420850236,Satellite/Scottsbluff/TP1/Scottsbluff-TP1-n75_23_4.TIF
Scottsbluff|n75|23|5,Scottsbluff,41.950322936726145,-103.70343618504046,Satellite/Scottsbluff/TP1/Scottsbluff-TP1-n75_23_5.TIF
Scottsbluff|n75|23|6,Scottsbluff,41.95032252800981,-103.70339999829126,Satellite/Scottsbluff/TP1/Scottsbluff-TP1-n75_23_6.TIF
Scottsbluff|n75|23|7,Scottsbluff,41.95032346994732,-103.70336378416606,Satellite/Scottsbluff/TP1/Scottsbluff-TP1-n75_23_7.TIF
Scottsbluff|n75|24|1,Scottsbluff,41.95038948514703,-103.703586855536,Satellite/Scottsbluff/TP1/Scottsbluff-TP1-n75_24_1.TIF
Scottsbluff|n75|24|2,Scottsbluff,41.950390427142985,-103.70355064137412,Satellite/Scottsbluff/TP1/Scottsbluff-TP1-n75_24_2.TIF
Scottsbluff|n75|24|3,Scottsbluff,41.950389977593495,-103.70351083590626,Satellite/Scottsbluff/TP1/Scottsbluff-TP1-n75_24_3.TIF
Scottsbluff|n75|24|4,Scottsbluff,41.95039091956545,-103.7034746217436,Satellite/Scottsbluff/TP1/Scottsbluff-TP1-n75_24_4.TIF
Scottsbluff|n75|24|5,Scottsbluff,41.950390510860714,-103.7034384349554,Satellite/Scottsbluff/TP1/Scottsbluff-TP1-n75_24_5.TIF
Scottsbluff|n75|24|6,Scottsbluff,41.950391452809804,-103.70340222079193,Satellite/Scottsbluff/TP1/Scottsbluff-TP1-n75_24_6.TIF
Scottsbluff|n75|24|7,Scottsbluff,41.95039104408223,-103.70336603400447,Satellite/Scottsbluff/TP1/Scottsbluff-TP1-n75_24_7.TIF
Scottsbluff|n75|25|1,Scottsbluff,41.95045705928015,-103.70358910561076,Satellite/Scottsbluff/TP1/Scottsbluff-TP1-n75_25_1.TIF
Scottsbluff|n75|25|2,Scottsbluff,41.95045796040872,-103.70354927272786,Satellite/Scottsbluff/TP1/Scottsbluff-TP1-n75_25_2.TIF
Scottsbluff|n75|25|3,Scottsbluff,41.950458902392256,-103.70351305852694,Satellite/Scottsbluff/TP1/Scottsbluff-TP1-n75_25_3.TIF
Scottsbluff|n75|25|4,Scottsbluff,41.950458493699095,-103.70347687169972,Satellite/Scottsbluff/TP1/Scottsbluff-TP1-n75_25_4.TIF
Scottsbluff|n75|25|5,Scottsbluff,41.950459435659766,-103.70344065749802,Satellite/Scottsbluff/TP1/Scottsbluff-TP1-n75_25_5.TIF
Scottsbluff|n75|25|6,Scottsbluff,41.950459026943776,-103.70340447067156,Satellite/Scottsbluff/TP1/Scottsbluff-TP1-n75_25_6.TIF
Scottsbluff|n75|25|7,Scottsbluff,41.950459928008215,-103.70336463778645,Satellite/Scottsbluff/TP1/Scottsbluff-TP1-n75_25_7.TIF
Scottsbluff|n75|26|1,Scottsbluff,41.950525943211424,-103.70358770962966,Satellite/Scottsbluff/TP1/Scottsbluff-TP1-n75_26_1.TIF
Scottsbluff|n75|26|2,Scottsbluff,41.95052553454125,-103.70355152276346,Satellite/Scottsbluff/TP1/Scottsbluff-TP1-n75_26_2.TIF
Scottsbluff|n75|26|3,Scottsbluff,41.950526476524956,-103.70351530852427,Satellite/Scottsbluff/TP1/Scottsbluff-TP1-n75_26_3.TIF
Scottsbluff|n75|26|4,Scottsbluff,41.95052741849722,-103.70347909428432,Satellite/Scottsbluff/TP1/Scottsbluff-TP1-n75_26_4.TIF
Scottsbluff|n75|26|5,Scottsbluff,41.95052698935728,-103.70344109807559,Satellite/Scottsbluff/TP1/Scottsbluff-TP1-n75_26_5.TIF
Scottsbluff|n75|26|6,Scottsbluff,41.95052791087,-103.70340307449158,Satellite/Scottsbluff/TP1/Scottsbluff-TP1-n75_26_6.TIF
Scottsbluff|n75|26|7,Scottsbluff,41.95052750214162,-103.70336688762693,Satellite/Scottsbluff/TP1/Scottsbluff-TP1-n75_26_7.TIF
Scottsbluff|n75|27|1,Scottsbluff,41.95059351734303,-103.70358995970648,Satellite/Scottsbluff/TP1/Scottsbluff-TP1-n75_27_1.TIF
Scottsbluff|n75|27|2,Scottsbluff,41.95059445933832,-103.70355374542903,Satellite/Scottsbluff/TP1/Scottsbluff-TP1-n75_27_2.TIF
Scottsbluff|n75|27|3,Scottsbluff,41.95059405065691,-103.70351755852458,Satellite/Scottsbluff/TP1/Scottsbluff-TP1-n75_27_3.TIF
Scottsbluff|n75|27|4,Scottsbluff,41.95059495175942,-103.70347772555594,Satellite/Scottsbluff/TP1/Scottsbluff-TP1-n75_27_4.TIF
Scottsbluff|n75|27|5,Scottsbluff,41.95059589371926,-103.70344151127694,Satellite/Scottsbluff/TP1/Scottsbluff-TP1-n75_27_5.TIF
Scottsbluff|n75|27|6,Scottsbluff,41.95059548500246,-103.70340532437328,Satellite/Scottsbluff/TP1/Scottsbluff-TP1-n75_27_6.TIF
Scottsbluff|n75|27|7,Scottsbluff,41.95059642693944,-103.70336911009346,Satellite/Scottsbluff/TP1/Scottsbluff-TP1-n75_27_7.TIF
Scottsbluff|n75|3|1,Scottsbluff,41.94895982718417,-103.7035579166137,Satellite/Scottsbluff/TP1/Scottsbluff-TP1-n75_3_1.TIF
Scottsbluff|n75|3|2,Scottsbluff,41.94896076918258,-103.70352170326156,Satellite/Scottsbluff/TP1/Scottsbluff-TP1-n75_3_2.TIF
Scottsbluff|n75|3|3,Scottsbluff,41.94896036050392,-103.70348551728152,Satellite/Scottsbluff/TP1/Scottsbluff-TP1-n75_3_3.TIF
Scottsbluff|n75|3|4,Scottsbluff,41.948959951813855,-103.70344933130224,Satellite/Scottsbluff/TP1/Scottsbluff-TP1-n75_3_4.TIF
Scottsbluff|n75|3|5,Scottsbluff,41.94895954311239,-103.7034131453237,Satellite/Scottsbluff/TP1/Scottsbluff-TP1-n75_3_5.TIF
Scottsbluff|n75|3|6,Scottsbluff,41.948960485065086,-103.70337693197072,Satellite/Scottsbluff/TP1/Scottsbluff-TP1-n75_3_6.TIF
Scottsbluff|n75|3|7,Scottsbluff,41.94896003546774,-103.70333712739519,Satellite/Scottsbluff/TP1/Scottsbluff-TP1-n75_3_7.TIF
Scottsbluff|n75|4|1,Scottsbluff,41.94902875199882,-103.70356013927422,Satellite/Scottsbluff/TP1/Scottsbluff-TP1-n75_4_1.TIF
Scottsbluff|n75|4|2,Scottsbluff,41.94902834333175,-103.70352395325517,Satellite/Scottsbluff/TP1/Scottsbluff-TP1-n75_4_2.TIF
Scottsbluff|n75|4|3,Scottsbluff,41.94902793465326,-103.7034877672369,Satellite/Scottsbluff/TP1/Scottsbluff-TP1-n75_4_3.TIF
Scottsbluff|n75|4|4,Scottsbluff,41.94902752596337,-103.70345158121935,Satellite/Scottsbluff/TP1/Scottsbluff-TP1-n75_4_4.TIF
Scottsbluff|n75|4|5,Scottsbluff,41.94902844749229,-103.70341355852729,Satellite/Scottsbluff/TP1/Scottsbluff-TP1-n75_4_5.TIF
Scottsbluff|n75|4|6,Scottsbluff,41.94902801834305,-103.7033755632097,Satellite/Scottsbluff/TP1/Scottsbluff-TP1-n75_4_6.TIF
Scottsbluff|n75|4|7,Scottsbluff,41.949028960283336,-103.7033393498177,Satellite/Scottsbluff/TP1/Scottsbluff-TP1-n75_4_7.TIF
Scottsbluff|n75|5|1,Scottsbluff,41.94909632614705,-103.70356238930904,Satellite/Scottsbluff/TP1/Scottsbluff-TP1-n75_5_1.TIF
Scottsbluff|n75|5|2,Scottsbluff,41.94909591748014,-103.70352620325176,Satellite/Scottsbluff/TP1/Scottsbluff-TP1-n75_5_2.TIF
Scottsbluff|n75|5|3,Scottsbluff,41.94909548836763,-103.70348820789242,Satellite/Scottsbluff/TP1/Scottsbluff-TP1-n75_5_3.TIF
Scottsbluff|n75|5|4,Scottsbluff,41.94909640990811,-103.70345018516014,Satellite/Scottsbluff/TP1/Scottsbluff-TP1-n75_5_4.TIF
Scottsbluff|n75|5|5,Scottsbluff,41.94909600120584,-103.70341399910443,Satellite/Scottsbluff/TP1/Scottsbluff-TP1-n75_5_5.TIF
Scottsbluff|n75|5|6,Scottsbluff,41.949096943157706,-103.70337778567416,Satellite/Scottsbluff/TP1/Scottsbluff-TP1-n75_5_6.TIF
Scottsbluff|n75|5|7,Scottsbluff,41.94909653443261,-103.70334159961916,Satellite/Scottsbluff/TP1/Scottsbluff-TP1-n75_5_7.TIF
Scottsbluff|n75|6|1,Scottsbluff,41.94916390029453,-103.70356463934682,Satellite/Scottsbluff/TP1/Scottsbluff-TP1-n75_6_1.TIF
Scottsbluff|n75|6|2,Scottsbluff,41.9491634507605,-103.70352483464177,Satellite/Scottsbluff/TP1/Scottsbluff-TP1-n75_6_2.TIF
Scottsbluff|n75|6|3,Scottsbluff,41.94916439274681,-103.70348862117406,Satellite/Scottsbluff/TP1/Scottsbluff-TP1-n75_6_3.TIF
Scottsbluff|n75|6|4,Scottsbluff,41.949163984056106,-103.70345243507934,Satellite/Scottsbluff/TP1/Scottsbluff-TP1-n75_6_4.TIF
Scottsbluff|n75|6|5,Scottsbluff,41.94916492601957,-103.70341622161084,Satellite/Scottsbluff/TP1/Scottsbluff-TP1-n75_6_5.TIF
Scottsbluff|n75|6|6,Scottsbluff,41.94916451730606,-103.70338003551684,Satellite/Scottsbluff/TP1/Scottsbluff-TP1-n75_6_6.TIF
Scottsbluff|n75|6|7,Scottsbluff,41.94916410858115,-103.7033438494236,Satellite/Scottsbluff/TP1/Scottsbluff-TP1-n75_6_7.TIF
Scottsbluff|n75|7|1,Scottsbluff,41.949231433575115,-103.70356327077415,Satellite/Scottsbluff/TP1/Scottsbluff-TP1-n75_7_1.TIF
Scottsbluff|n75|7|2,Scottsbluff,41.94923237557299,-103.70352705726818,Satellite/Scottsbluff/TP1/Scottsbluff-TP1-n75_7_2.TIF
Scottsbluff|n75|7|3,Scottsbluff,41.94923196689388,-103.70349087113446,Satellite/Scottsbluff/TP1/Scottsbluff-TP1-n75_7_3.TIF
Scottsbluff|n75|7|4,Scottsbluff,41.94923290886892,-103.7034546576277,Satellite/Scottsbluff/TP1/Scottsbluff-TP1-n75_7_4.TIF
Scottsbluff|n75|7|5,Scottsbluff,41.949232500167,-103.70341847149471,Satellite/Scottsbluff/TP1/Scottsbluff-TP1-n75_7_5.TIF
Scottsbluff|n75|7|6,Scottsbluff,41.94923207101769,-103.70338047605588,Satellite/Scottsbluff/TP1/Scottsbluff-TP1-n75_7_6.TIF
Scottsbluff|n75|7|7,Scottsbluff,41.94923299252131,-103.70334245324172,Satellite/Scottsbluff/TP1/Scottsbluff-TP1-n75_7_7.TIF
Scottsbluff|n75|8|1,Scottsbluff,41.94930035838667,-103.70356549344251,Satellite/Scottsbluff/TP1/Scottsbluff-TP1-n75_8_1.TIF
Scottsbluff|n75|8|2,Scottsbluff,41.94929994971914,-103.7035293072698,Satellite/Scottsbluff/TP1/Scottsbluff-TP1-n75_8_2.TIF
Scottsbluff|n75|8|3,Scottsbluff,41.94930089170577,-103.70349309372479,Satellite/Scottsbluff/TP1/Scottsbluff-TP1-n75_8_3.TIF
Scottsbluff|n75|8|4,Scottsbluff,41.949300462580595,-103.70345509824422,Satellite/Scottsbluff/TP1/Scottsbluff-TP1-n75_8_4.TIF
Scottsbluff|n75|8|5,Scottsbluff,41.949300033442846,-103.70341710276449,Satellite/Scottsbluff/TP1/Scottsbluff-TP1-n75_8_5.TIF
Scottsbluff|n75|8|6,Scottsbluff,41.94930097539404,-103.70338088921865,Satellite/Scottsbluff/TP1/Scottsbluff-TP1-n75_8_6.TIF
Scottsbluff|n75|8|7,Scottsbluff,41.949300566668335,-103.70334470304823,Satellite/Scottsbluff/TP1/Scottsbluff-TP1-n75_8_7.TIF
Scottsbluff|n75|9|1,Scottsbluff,41.94936793253189,-103.70356774348532,Satellite/Scottsbluff/TP1/Scottsbluff-TP1-n75_9_1.TIF
Scottsbluff|n75|9|2,Scottsbluff,41.949368874530094,-103.70353152990205,Satellite/Scottsbluff/TP1/Scottsbluff-TP1-n75_9_2.TIF
Scottsbluff|n75|9|3,Scottsbluff,41.94936842498281,-103.70349172507002,Satellite/Scottsbluff/TP1/Scottsbluff-TP1-n75_9_3.TIF
Scottsbluff|n75|9|4,Scottsbluff,41.949368016291494,-103.70345553885987,Satellite/Scottsbluff/TP1/Scottsbluff-TP1-n75_9_4.TIF
Scottsbluff|n75|9|5,Scottsbluff,41.94936895825426,-103.70341932527579,Satellite/Scottsbluff/TP1/Scottsbluff-TP1-n75_9_5.TIF
Scottsbluff|n75|9|6,Scottsbluff,41.94936854954015,-103.70338313906637,Satellite/Scottsbluff/TP1/Scottsbluff-TP1-n75_9_6.TIF
Scottsbluff|n75|9|7,Scottsbluff,41.949369491480056,-103.7033469254815,Satellite/Scottsbluff/TP1/Scottsbluff-TP1-n75_9_7.TIF
