scouting_rank,selected,plot_id,location,experiment,range,row,genotype,cutoff,prediction_date,predicted_yield,delta_ndvi,image_age_days,observation_count,missing_imagery
1,True,Ames|4231|21|2,Ames,4231,21,2,WF9 X H95,60,2022-07-21,-1.4353744348412079,,6.0,1,0
2,True,Ames|4231|3|5,Ames,4231,3,5,B37 X H95,60,2022-07-21,3.860601235987204,,6.0,1,0
3,True,Ames|4231|3|7,Ames,4231,3,7,WF9 X H95,60,2022-07-21,7.260102406949372,,6.0,1,0
4,True,Ames|4233|19|5,Ames,4233,19,5,WF9 X H95,60,2022-07-22,8.848973948283898,,7.0,1,0
5,True,Ames|4231|8|7,Ames,4231,8,7,B105 X 3IIH6,60,2022-07-21,10.620832082094736,,6.0,1,0
6,True,Ames|4231|24|7,Ames,4231,24,7,B37 X H95,60,2022-07-21,10.687710844101716,,6.0,1,0
7,True,Ames|4231|27|6,Ames,4231,27,6,PHP02 X LH145,60,2022-07-21,11.227813650532724,,6.0,1,0
8,True,Ames|4231|28|3,Ames,4231,28,3,B37 X OH43,60,2022-07-21,11.317525488771068,,6.0,1,0
9,True,Ames|4231|28|2,Ames,4231,28,2,LH74 X PHM49,60,2022-07-21,13.64257603312538,,6.0,1,0
10,True,Ames|4231|18|4,Ames,4231,18,4,PHN46 X PHK56,60,2022-07-21,13.795744850123214,,6.0,1,0
11,True,Ames|4231|26|4,Ames,4231,26,4,LH195 X PHM49,60,2022-07-21,13.908483404451061,,6.0,1,0
12,True,Ames|4232|21|21,Ames,4232,21,21,B37 X H95,60,2022-07-21,14.353683805713771,,6.0,1,0
13,True,Ames|4231|6|7,Ames,4231,6,7,PHB47 X 3IIH6,60,2022-07-21,14.39723217750668,,6.0,1,0
14,True,Ames|4231|27|3,Ames,4231,27,3,LH198 X PHB47,60,2022-07-21,14.650981615581188,,6.0,1,0
15,True,Ames|4233|5|8,Ames,4233,5,8,B37 X H95,60,2022-07-22,14.755365040375025,,7.0,1,0
16,True,Ames|4233|19|4,Ames,4233,19,4,B37 X H95,60,2022-07-22,15.162899383933237,,7.0,1,0
17,True,Ames|4233|21|3,Ames,4233,21,3,LH198 X PHZ51,60,2022-07-22,15.245888443779293,,7.0,1,0
18,True,Ames|4231|5|3,Ames,4231,5,3,B37 X MO17,60,2022-07-21,15.539260665681738,,6.0,1,0
19,True,Ames|4231|25|5,Ames,4231,25,5,LH123HT X PHB47,60,2022-07-21,15.589244694654099,,6.0,1,0
20,True,Ames|4231|2|7,Ames,4231,2,7,B37 X OH43,60,2022-07-21,15.719329642175069,,6.0,1,0
21,True,Ames|4233|6|4,Ames,4233,6,4,PHZ51 X LH145,60,2022-07-22,15.831322009076928,,7.0,1,0
22,True,Ames|4231|14|7,Ames,4231,14,7,2369 X LH123HT,60,2022-07-21,16.20714642966128,,6.0,1,0
23,True,Ames|4231|18|7,Ames,4231,18,7,PHZ51 X LH145,60,2022-07-21,16.770964993035918,,6.0,1,0
24,True,Ames|4232|5|22,Ames,4232,5,22,WF9 X H95,60,2022-07-21,17.302579894368847,,6.0,1,0
25,True,Ames|4231|5|2,Ames,4231,5,2,LH195 X PHM49,60,2022-07-21,17.667611806540634,,6.0,1,0
26,True,Ames|4231|10|7,Ames,4231,10,7,PHZ51 X LH145,60,2022-07-21,17.689134172334562,,6.0,1,0
27,True,Ames|4233|9|5,Ames,4233,9,5,WF9 X H95,60,2022-07-22,18.04256199493217,,7.0,1,0
28,True,Ames|4231|6|4,Ames,4231,6,4,PHP02 X LH145,60,2022-07-21,18.240504181418885,,6.0,1,0
29,True,Ames|4231|17|2,Ames,4231,17,2,PHB47 X PHK56,60,2022-07-21,18.518292338128134,,6.0,1,0
30,True,Ames|4231|19|4,Ames,4231,19,4,B105 X 3IIH6,60,2022-07-21,18.591848494620137,,6.0,1,0
31,True,Ames|4233|12|7,Ames,4233,12,7,PHK56 X LH145,60,2022-07-22,18.961203248653703,,7.0,1,0
32,True,Ames|4233|8|3,Ames,4233,8,3,B105 X 3IIH6,60,2022-07-22,19.08565193389255,,7.0,1,0
33,True,Ames|4233|6|5,Ames,4233,6,5,PHW52 X LH185,60,2022-07-22,19.24371825769998,,7.0,1,0
34,True,Ames|4231|14|5,Ames,4231,14,5,PHB47 X PHK56,60,2022-07-21,19.31063493581611,,6.0,1,0
35,True,Ames|4231|14|2,Ames,4231,14,2,PHP02 X LH198,60,2022-07-21,19.600178727864602,,6.0,1,0
36,True,Ames|4231|8|3,Ames,4231,8,3,PHP02 X LH82,60,2022-07-21,19.786345884858733,,6.0,1,0
37,True,Ames|4231|11|3,Ames,4231,11,3,LH123HT X PHB47,60,2022-07-21,19.840150785568426,,6.0,1,0
38,True,Ames|4233|6|3,Ames,4233,6,3,LH198 X PHZ51,60,2022-07-22,20.00557196056161,,7.0,1,0
39,True,Ames|4233|21|5,Ames,4233,21,5,PHZ51 X LH145,60,2022-07-22,20.162890151622307,,7.0,1,0
40,True,Ames|4232|10|19,Ames,4232,10,19,LH195 X PHM49,60,2022-07-21,20.193667821834808,,6.0,1,0
41,True,Ames|4231|27|2,Ames,4231,27,2,2369 X PHP02,60,2022-07-21,20.601870070989705,,6.0,1,0
42,True,Ames|4231|17|6,Ames,4231,17,6,LH195 X 3IIH6,60,2022-07-21,20.834197381871007,,6.0,1,0
43,True,Ames|4231|20|3,Ames,4231,20,3,LH82 X PHB47,60,2022-07-21,20.857713689512153,,6.0,1,0
44,True,Ames|4233|12|3,Ames,4233,12,3,B73 X PHZ51,60,2022-07-22,20.96677629174134,,7.0,1,0
45,True,Ames|4231|4|4,Ames,4231,4,4,PHP02 X PHB47,60,2022-07-21,21.115281292202482,,6.0,1,0
46,True,Ames|4233|22|5,Ames,4233,22,5,2369 X LH123HT,60,2022-07-22,21.302351386719096,,7.0,1,0
47,True,Ames|4231|2|3,Ames,4231,2,3,LH198 X PHZ51,60,2022-07-21,21.419833201311263,,6.0,1,0
48,True,Ames|4231|23|6,Ames,4231,23,6,PHP02 X LH198,60,2022-07-21,21.462240386758907,,6.0,1,0
49,True,Ames|4233|7|3,Ames,4233,7,3,LH195 X LH123HT,60,2022-07-22,21.528736572176527,,7.0,1,0
50,False,Ames|4231|2|5,Ames,4231,2,5,2369 X PHZ51,60,2022-07-21,21.546593849617807,,6.0,1,0
51,False,Ames|4233|19|6,Ames,4233,19,6,LH195 X PHM49,60,2022-07-22,21.773729600142488,,7.0,1,0
52,False,Ames|4233|21|4,Ames,4233,21,4,PHP02 X LH82,60,2022-07-22,21.855174464410084,,7.0,1,0
53,False,Ames|4231|22|4,Ames,4231,22,4,F42 X OH43,60,2022-07-21,21.85699970878406,,6.0,1,0
54,False,Ames|4233|5|6,Ames,4233,5,6,HOEGEMEYER 7089 AMXT,60,2022-07-22,22.32976627659535,,7.0,1,0
55,False,Ames|4231|15|5,Ames,4231,15,5,PHP02 X PHK56,60,2022-07-21,22.490108604662424,,6.0,1,0
56,False,Ames|4231|21|5,Ames,4231,21,5,LH198 X PHZ51,60,2022-07-21,22.569082524300114,,6.0,1,0
57,False,Ames|4231|26|2,Ames,4231,26,2,PHN46 X PHB47,60,2022-07-21,22.60165252377638,,6.0,1,0
58,False,Ames|4231|15|2,Ames,4231,15,2,PHK76 X LH82,60,2022-07-21,22.695523306241967,,6.0,1,0
59,False,Ames|4231|15|4,Ames,4231,15,4,PHN46 X PHK56,60,2022-07-21,22.753144801892844,,6.0,1,0
60,False,Ames|4233|7|9,Ames,4233,7,9,LH74 X PHM49,60,2022-07-22,22.756150880038888,,7.0,1,0
61,False,Ames|4233|7|5,Ames,4233,7,5,2369 X PHZ51,60,2022-07-22,22.895705090872838,,7.0,1,0
62,False,Ames|4233|7|7,Ames,4233,7,7,LH123HT X PHB47,60,2022-07-22,22.917318160258546,,7.0,1,0
63,False,Ames|4232|3|22,Ames,4232,3,22,B37 X OH43,60,2022-07-21,22.992837150442213,,6.0,1,0
64,False,Ames|4231|16|3,Ames,4231,16,3,LH198 X PHB47,60,2022-07-21,23.04213814542844,,6.0,1,0
65,False,Ames|4231|5|7,Ames,4231,5,7,LH82 X PHB47,60,2022-07-21,23.17617394819618,,6.0,1,0
66,False,Ames|4231|17|4,Ames,4231,17,4,LH195 X LH185,60,2022-07-21,23.28737467009455,,6.0,1,0
67,False,Ames|4233|24|8,Ames,4233,24,8,B37 X OH43,60,2022-07-22,23.28901535492652,,7.0,1,0
68,False,Ames|4231|27|4,Ames,4231,27,4,LH195 X LH123HT,60,2022-07-21,23.304439269808753,,6.0,1,0
69,False,Ames|4233|13|9,Ames,4233,13,9,LH185 X LH145,60,2022-07-22,23.372124828371412,,7.0,1,0
70,False,Ames|4231|11|7,Ames,4231,11,7,LH123HT X 3IIH6,60,2022-07-21,23.381117041220023,,6.0,1,0
71,False,Ames|4233|19|7,Ames,4233,19,7,B37 X MO17,60,2022-07-22,23.433889515769422,,7.0,1,0
72,False,Ames|4231|30|4,Ames,4231,30,4,PHK56 X LH82,60,2022-07-21,23.615073791815604,,6.0,1,0
73,False,Ames|4231|7|7,Ames,4231,7,7,PHK56 X LH198,60,2022-07-21,23.78664620776192,,6.0,1,0
74,False,Ames|4231|13|4,Ames,4231,13,4,PHK56 X LH145,60,2022-07-21,23.806176692458195,,6.0,1,0
75,False,Ames|4231|29|2,Ames,4231,29,2,PHP02 X PHB47,60,2022-07-21,23.814985631885207,,6.0,1,0
76,False,Ames|4231|25|6,Ames,4231,25,6,LH74 X PHN82,60,2022-07-21,23.8472160992837,,6.0,1,0
77,False,Ames|4233|21|6,Ames,4233,21,6,LH123HT X PHB47,60,2022-07-22,24.102662653366096,,7.0,1,0
78,False,Ames|4231|8|5,Ames,4231,8,5,4N506 X 3IIH6,60,2022-07-21,24.389994958514123,,6.0,1,0
79,False,Ames|4231|16|5,Ames,4231,16,5,PHK56 X 3IIH6,60,2022-07-21,24.432930274146884,,6.0,1,0
80,False,Ames|4233|22|4,Ames,4233,22,4,PHP02 X LH145,60,2022-07-22,24.452605776356364,,7.0,1,0
81,False,Ames|4233|14|3,Ames,4233,14,3,4N506 X 3IIH6,60,2022-07-22,24.478309219378048,,7.0,1,0
82,False,Ames|4231|3|6,Ames,4231,3,6,LH145 X LH162,60,2022-07-21,24.515177008555597,,6.0,1,0
83,False,Ames|4232|10|17,Ames,4232,10,17,B37 X H95,60,2022-07-21,24.62154771087667,,6.0,1,0
84,False,Ames|4233|24|7,Ames,4233,24,7,2369 X PHZ51,60,2022-07-22,24.63153448971356,,7.0,1,0
85,False,Ames|4233|22|10,Ames,4233,22,10,LH198 X PHB47,60,2022-07-22,24.66055380912779,,7.0,1,0
86,False,Ames|4231|18|2,Ames,4231,18,2,PHK56 X 3IIH6,60,2022-07-21,24.69262722080242,,6.0,1,0
87,False,Ames|4231|21|4,Ames,4231,21,4,2369 X LH123HT,60,2022-07-21,24.73420030295773,,6.0,1,0
88,False,Ames|4233|23|7,Ames,4233,23,7,LH195 X LH123HT,60,2022-07-22,24.995369450075387,,7.0,1,0
89,False,Ames|4231|16|2,Ames,4231,16,2,PHK56 X LH185,60,2022-07-21,25.000622966526194,,6.0,1,0
90,False,Ames|4231|19|3,Ames,4231,19,3,N209 X 3IIH6,60,2022-07-21,25.10146730690022,,6.0,1,0
91,False,Ames|4231|12|3,Ames,4231,12,3,PHK76 X LH198,60,2022-07-21,25.118951165200414,,6.0,1,0
92,False,Ames|4231|27|5,Ames,4231,27,5,PHP02 X PHJ89,60,2022-07-21,25.162769381369642,,6.0,1,0
93,False,Ames|4231|4|7,Ames,4231,4,7,F42 X OH43,60,2022-07-21,25.190999578781515,,6.0,1,0
94,False,Ames|4233|24|10,Ames,4233,24,10,B105 X 3IIH6,60,2022-07-22,25.23414978323362,,7.0,1,0
95,False,Ames|4231|9|7,Ames,4231,9,7,B73 X PHM49,60,2022-07-21,25.354617898087128,,6.0,1,0
96,False,Ames|4231|24|6,Ames,4231,24,6,4N506 X 3IIH6,60,2022-07-21,25.540216777134233,,6.0,1,0
97,False,Ames|4231|20|4,Ames,4231,20,4,LH195 X PHZ51,60,2022-07-21,25.641920767035387,,6.0,1,0
98,False,Ames|4233|19|9,Ames,4233,19,9,PHK56 X LH82,60,2022-07-22,25.67182399348235,,7.0,1,0
99,False,Ames|4233|16|10,Ames,4233,16,10,PHP02 X PHB47,60,2022-07-22,25.687701713356972,,7.0,1,0
100,False,Ames|4233|3|10,Ames,4233,3,10,4N506 X 3IIH6,60,2022-07-22,25.75464485084477,,7.0,1,0
101,False,Ames|4233|11|7,Ames,4233,11,7,LH198 X PHB47,60,2022-07-22,25.91796932834137,,7.0,1,0
102,False,Ames|4233|7|4,Ames,4233,7,4,PHW52 X PHZ51,60,2022-07-22,25.971296189716014,,7.0,1,0
103,False,Ames|4233|8|4,Ames,4233,8,4,LH123HT X 3IIH6,60,2022-07-22,25.990501992589955,,7.0,1,0
104,False,Ames|4231|21|6,Ames,4231,21,6,B73 X PHM49,60,2022-07-21,26.02801499795636,,6.0,1,0
105,False,Ames|4232|7|20,Ames,4232,7,20,LH123HT X PHB47,60,2022-07-21,26.048410297690552,,6.0,1,0
106,False,Ames|4231|20|7,Ames,4231,20,7,B37 X MO17,60,2022-07-21,26.064545884795706,,6.0,1,0
107,False,Ames|4232|22|19,Ames,4232,22,19,LH82 X PHB47,60,2022-07-21,26.275004795262333,,6.0,1,0
108,False,Ames|4233|7|6,Ames,4233,7,6,PHJ40 X LH82,60,2022-07-22,26.276118238506427,,7.0,1,0
109,False,Ames|4233|3|5,Ames,4233,3,5,B14A X MO17,60,2022-07-22,26.40353081479219,,7.0,1,0
110,False,Ames|4233|18|10,Ames,4233,18,10,LH74 X PHM49,60,2022-07-22,26.456739001400692,,7.0,1,0
111,False,Ames|4233|21|8,Ames,4233,21,8,LH82 X PHB47,60,2022-07-22,26.510444327813445,,7.0,1,0
112,False,Ames|4233|4|9,Ames,4233,4,9,LH74 X PHN82,60,2022-07-22,26.55455887230056,,7.0,1,0
113,False,Ames|4233|17|10,Ames,4233,17,10,PHB47 X LH185,60,2022-07-22,26.58477447052229,,7.0,1,0
114,False,Ames|4233|23|6,Ames,4233,23,6,LH145 X LH162,60,2022-07-22,26.723072568218996,,7.0,1,0
115,False,Ames|4233|4|8,Ames,4233,4,8,LH195 X LH185,60,2022-07-22,26.724318004588838,,7.0,1,0
116,False,Ames|4232|28|19,Ames,4232,28,19,LH195 X PHM49,60,2022-07-21,26.789206773465096,,6.0,1,0
117,False,Ames|4231|13|5,Ames,4231,13,5,N209 X 3IIH6,60,2022-07-21,26.796606778020134,,6.0,1,0
118,False,Ames|4231|15|7,Ames,4231,15,7,PHP02 X PHJ89,60,2022-07-21,26.831174218448197,,6.0,1,0
119,False,Ames|4231|23|3,Ames,4231,23,3,PHB47 X 3IIH6,60,2022-07-21,26.871260853689108,,6.0,1,0
120,False,Ames|4232|8|21,Ames,4232,8,21,LH198 X PHB47,60,2022-07-21,26.887223427635917,,6.0,1,0
121,False,Ames|4232|6|20,Ames,4232,6,20,PHP02 X LH82,60,2022-07-21,27.173255420703924,,6.0,1,0
122,False,Ames|4231|22|3,Ames,4231,22,3,PHP02 X PHG47,60,2022-07-21,27.175972771004666,,6.0,1,0
123,False,Ames|4231|8|6,Ames,4231,8,6,PHB47 X PHJ89,60,2022-07-21,27.196820428707426,,6.0,1,0
124,False,Ames|4231|28|6,Ames,4231,28,6,PHP02 X LH82,60,2022-07-21,27.224804179882142,,6.0,1,0
125,False,Ames|4232|9|21,Ames,4232,9,21,PHK56 X LH145,60,2022-07-21,27.23058553255808,,6.0,1,0
126,False,Ames|4231|6|3,Ames,4231,6,3,PHP02 X LH185,60,2022-07-21,27.271953489648155,,6.0,1,0
127,False,Ames|4233|20|4,Ames,4233,20,4,PHW52 X LH185,60,2022-07-22,27.2845802127586,,7.0,1,0
128,False,Ames|4231|6|2,Ames,4231,6,2,PHK56 X LH82,60,2022-07-21,27.285442885349823,,6.0,1,0
129,False,Ames|4231|13|7,Ames,4231,13,7,PHW52 X LH185,60,2022-07-21,27.303795736936564,,6.0,1,0
130,False,Ames|4231|20|6,Ames,4231,20,6,2369 X PHZ51,60,2022-07-21,27.403351512667925,,6.0,1,0
131,False,Ames|4233|22|3,Ames,4233,22,3,LH195 X 3IIH6,60,2022-07-22,27.414112898801335,,7.0,1,0
132,False,Ames|4233|17|6,Ames,4233,17,6,PHP02 X LH198,60,2022-07-22,27.426341531836414,,7.0,1,0
133,False,Ames|4233|17|9,Ames,4233,17,9,F42 X OH43,60,2022-07-22,27.431624326027404,,7.0,1,0
134,False,Ames|4233|23|8,Ames,4233,23,8,LH74 X PHN82,60,2022-07-22,27.523226679767134,,7.0,1,0
135,False,Ames|4233|10|3,Ames,4233,10,3,PHP02 X PHB47,60,2022-07-22,27.603158486217552,,7.0,1,0
136,False,Ames|4233|4|6,Ames,4233,4,6,PHP02 X LH198,60,2022-07-22,27.610894041959938,,7.0,1,0
137,False,Ames|4233|20|5,Ames,4233,20,5,PHJ40 X LH82,60,2022-07-22,27.73364070141382,,7.0,1,0
138,False,Ames|4231|2|2,Ames,4231,2,2,LH195 X PHZ51,60,2022-07-21,27.74473156821452,,6.0,1,0
139,False,Ames|4231|22|2,Ames,4231,22,2,B14A X MO17,60,2022-07-21,27.867708367337286,,6.0,1,0
140,False,Ames|4233|6|8,Ames,4233,6,8,LH82 X PHB47,60,2022-07-22,27.8900740094263,,7.0,1,0
141,False,Ames|4233|5|5,Ames,4233,5,5,B73 X MO17,60,2022-07-22,27.90906887083365,,7.0,1,0
142,False,Ames|4233|24|5,Ames,4233,24,5,PHK56 X LH198,60,2022-07-22,28.02357319057913,,7.0,1,0
143,False,Ames|4233|9|6,Ames,4233,9,6,PHP02 X LH82,60,2022-07-22,28.048332770538053,,7.0,1,0
144,False,Ames|4232|18|18,Ames,4232,18,18,PHP02 X LH82,60,2022-07-21,28.095714344429695,,6.0,1,0
145,False,Ames|4233|16|4,Ames,4233,16,4,PHK76 X LH198,60,2022-07-22,28.240147409920922,,7.0,1,0
146,False,Ames|4233|20|6,Ames,4233,20,6,2369 X PHP02,60,2022-07-22,28.344597345145132,,7.0,1,0
147,False,Ames|4233|22|6,Ames,4233,22,6,LH195 X LH185,60,2022-07-22,28.4051644673157,,7.0,1,0
148,False,Ames|4231|26|7,Ames,4231,26,7,PHB47 X LH185,60,2022-07-21,28.43273560434082,,6.0,1,0
149,False,Ames|4231|9|3,Ames,4231,9,3,PHK76 X LH145,60,2022-07-21,28.441627508183174,,6.0,1,0
150,False,Ames|4231|25|3,Ames,4231,25,3,PHP02 X PHK56,60,2022-07-21,28.446240188821008,,6.0,1,0
151,False,Ames|4233|9|8,Ames,4233,9,8,B37 X OH43,60,2022-07-22,28.45863279758356,,7.0,1,0
152,False,Ames|4231|24|3,Ames,4231,24,3,LH145 X LH162,60,2022-07-21,28.463460762541175,,6.0,1,0
153,False,Ames|4231|7|4,Ames,4231,7,4,LH185 X LH145,60,2022-07-21,28.57402983452012,,6.0,1,0
154,False,Ames|4231|24|2,Ames,4231,24,2,PHP02 X W606S,60,2022-07-21,28.66780994686421,,6.0,1,0
155,False,Ames|4231|30|5,Ames,4231,30,5,B73 X MO17,60,2022-07-21,28.733531955463476,,6.0,1,0
156,False,Ames|4233|8|8,Ames,4233,8,8,PHB47 X PHK56,60,2022-07-22,28.779029974208726,,7.0,1,0
157,False,Ames|4231|3|4,Ames,4231,3,4,LH195 X 3IIH6,60,2022-07-21,28.971416542790323,,6.0,1,0
158,False,Ames|4231|30|3,Ames,4231,30,3,B73 X PHZ51,60,2022-07-21,29.045867018115672,,6.0,1,0
159,False,Ames|4233|23|3,Ames,4233,23,3,F42 X MO17,60,2022-07-22,29.2494817944319,,7.0,1,0
160,False,Ames|4232|11|20,Ames,4232,11,20,PHP02 X LH145,60,2022-07-21,29.270880899010734,,6.0,1,0
161,False,Ames|4231|18|5,Ames,4231,18,5,PHK76 X LH82,60,2022-07-21,29.276708557102978,,6.0,1,0
162,False,Ames|4233|16|3,Ames,4233,16,3,PHW52 X PHZ51,60,2022-07-22,29.314442875140642,,7.0,1,0
163,False,Ames|4231|5|5,Ames,4231,5,5,LH82 X PHJ89,60,2022-07-21,29.336124046314396,,6.0,1,0
164,False,Ames|4233|5|10,Ames,4233,5,10,LH195 X PHM49,60,2022-07-22,29.355146293047596,,7.0,1,0
165,False,Ames|4231|10|5,Ames,4231,10,5,B73 X PHZ51,60,2022-07-21,29.494064482388723,,6.0,1,0
166,False,Ames|4233|15|4,Ames,4233,15,4,PHN46 X PHB47,60,2022-07-22,29.524700386098175,,7.0,1,0
167,False,Ames|4233|21|7,Ames,4233,21,7,N209 X 3IIH6,60,2022-07-22,29.565042949854572,,7.0,1,0
168,False,Ames|4231|4|2,Ames,4231,4,2,LH195 X LH123HT,60,2022-07-21,29.68705274370234,,6.0,1,0
169,False,Ames|4231|12|7,Ames,4231,12,7,B73 X MO17,60,2022-07-21,29.71474725893836,,6.0,1,0
170,False,Ames|4233|23|5,Ames,4233,23,5,B73 X PHZ51,60,2022-07-22,29.716205626995475,,7.0,1,0
171,False,Ames|4231|30|6,Ames,4231,30,6,PHK56 X LH198,60,2022-07-21,29.75948532284781,,6.0,1,0
172,False,Ames|4233|15|3,Ames,4233,15,3,LH123HT X 3IIH6,60,2022-07-22,29.767032842257436,,7.0,1,0
173,False,Ames|4232|2|22,Ames,4232,2,22,2369 X LH123HT,60,2022-07-21,29.856753618057255,,6.0,1,0
174,False,Ames|4233|21|9,Ames,4233,21,9,B73 X PHM49,60,2022-07-22,29.892606209904727,,7.0,1,0
175,False,Ames|4233|3|4,Ames,4233,3,4,2369 X LH123HT,60,2022-07-22,29.90102114704945,,7.0,1,0
176,False,Ames|4231|19|2,Ames,4231,19,2,PHK76 X LH145,60,2022-07-21,29.929971798073623,,6.0,1,0
177,False,Ames|4231|22|5,Ames,4231,22,5,PHK76 X 3IIH6,60,2022-07-21,29.963016432299526,,6.0,1,0
178,False,Ames|4232|24|20,Ames,4232,24,20,WF9 X H95,60,2022-07-21,29.974586697314535,,6.0,1,0
179,False,Ames|4232|20|17,Ames,4232,20,17,PHZ51 X LH145,60,2022-07-21,30.054396104348882,,6.0,1,0
180,False,Ames|4231|30|2,Ames,4231,30,2,PHK56 X PHJ89,60,2022-07-21,30.09435648186094,,6.0,1,0
181,False,Ames|4233|5|3,Ames,4233,5,3,N209 X 3IIH6,60,2022-07-22,30.297283767819067,,7.0,1,0
182,False,Ames|4231|23|5,Ames,4231,23,5,PHK76 X LH198,60,2022-07-21,30.299397211139166,,6.0,1,0
183,False,Ames|4233|9|4,Ames,4233,9,4,LH145 X LH162,60,2022-07-22,30.37090399631336,,7.0,1,0
184,False,Ames|4233|17|8,Ames,4233,17,8,PHP02 X PHG47,60,2022-07-22,30.565891012663286,,7.0,1,0
185,False,Ames|4232|19|17,Ames,4232,19,17,F42 X OH43,60,2022-07-21,30.606725327453418,,6.0,1,0
186,False,Ames|4231|8|4,Ames,4231,8,4,PHK76 X 3IIH6,60,2022-07-21,30.727589287285937,,6.0,1,0
187,False,Ames|4233|13|6,Ames,4233,13,6,PHK56 X LH185,60,2022-07-22,30.743654673019094,,7.0,1,0
188,False,Ames|4233|4|5,Ames,4233,4,5,PHW52 X PHM49,60,2022-07-22,30.7560537147817,,7.0,1,0
189,False,Ames|4233|9|9,Ames,4233,9,9,LH195 X PHZ51,60,2022-07-22,30.805991059647297,,7.0,1,0
190,False,Ames|4232|19|18,Ames,4232,19,18,LH198 X PHZ51,60,2022-07-21,30.858518924530728,,6.0,1,0
191,False,Ames|4231|15|6,Ames,4231,15,6,LH185 X LH82,60,2022-07-21,30.871127636031133,,6.0,1,0
192,False,Ames|4232|7|17,Ames,4232,7,17,LH82 X PHB47,60,2022-07-21,30.884928400888043,,6.0,1,0
193,False,Ames|4232|28|22,Ames,4232,28,22,B37 X OH43,60,2022-07-21,30.942226783984225,,6.0,1,0
194,False,Ames|4231|18|6,Ames,4231,18,6,PHP02 X PHN46,60,2022-07-21,30.962760521007695,,6.0,1,0
195,False,Ames|4233|3|3,Ames,4233,3,3,LH195 X 3IIH6,60,2022-07-22,31.04099699840137,,7.0,1,0
196,False,Ames|4232|21|22,Ames,4232,21,22,LH82 X PHJ89,60,2022-07-21,31.0703585729228,,6.0,1,0
197,False,Ames|4231|17|3,Ames,4231,17,3,B84 X 3IIH6,60,2022-07-21,31.082118420433503,,6.0,1,0
198,False,Ames|4232|10|22,Ames,4232,10,22,LH185 X LH145,60,2022-07-21,31.124609568668575,,6.0,1,0
199,False,Ames|4233|9|3,Ames,4233,9,3,PHT69 X 3IIH6,60,2022-07-22,31.192722329292607,,7.0,1,0
200,False,Ames|4233|8|5,Ames,4233,8,5,PHB47 X PHJ89,60,2022-07-22,31.257712622116927,,7.0,1,0
201,False,Ames|4231|14|6,Ames,4231,14,6,PHT69 X 3IIH6,60,2022-07-21,31.41283058924884,,6.0,1,0
202,False,Ames|4232|8|18,Ames,4232,8,18,PHZ51 X LH145,60,2022-07-21,31.460536068182137,,6.0,1,0
203,False,Ames|4233|15|10,Ames,4233,15,10,PHB47 X PHK56,60,2022-07-22,31.56101134865159,,7.0,1,0
204,False,Ames|4231|21|3,Ames,4231,21,3,PHW52 X LH185,60,2022-07-21,31.62004294346835,,6.0,1,0
205,False,Ames|4231|5|6,Ames,4231,5,6,PHB47 X LH185,60,2022-07-21,31.637469827861608,,6.0,1,0
206,False,Ames|4231|25|2,Ames,4231,25,2,2FACC X 3IIH6,60,2022-07-21,31.8327992029768,,6.0,1,0
207,False,Ames|4233|16|9,Ames,4233,16,9,2369 X PHN82,60,2022-07-22,31.88936468841277,,7.0,1,0
208,False,Ames|4231|23|7,Ames,4231,23,7,LH185 X LH82,60,2022-07-21,31.928005382760233,,6.0,1,0
209,False,Ames|4233|16|6,Ames,4233,16,6,B14A X MO17,60,2022-07-22,32.002195830709084,,7.0,1,0
210,False,Ames|4232|11|21,Ames,4232,11,21,PHP02 X PHK56,60,2022-07-21,32.07126730040309,,6.0,1,0
211,False,Ames|4231|9|4,Ames,4231,9,4,2369 X PHP02,60,2022-07-21,32.21235374497003,,6.0,1,0
212,False,Ames|4231|2|4,Ames,4231,2,4,LH195 X LH185,60,2022-07-21,32.21452002238905,,6.0,1,0
213,False,Ames|4233|19|3,Ames,4233,19,3,PHW52 X PHM49,60,2022-07-22,32.38540992214102,,7.0,1,0
214,False,Ames|4231|9|6,Ames,4231,9,6,B14A X MO17,60,2022-07-21,32.44019565743484,,6.0,1,0
215,False,Ames|4231|25|4,Ames,4231,25,4,PHN46 X W606S,60,2022-07-21,32.455123850083666,,6.0,1,0
216,False,Ames|4232|22|17,Ames,4232,22,17,LH198 X PHB47,60,2022-07-21,32.52418248658867,,6.0,1,0
217,False,Ames|4231|14|3,Ames,4231,14,3,PHN46 X PHB47,60,2022-07-21,32.52713506624171,,6.0,1,0
218,False,Ames|4233|6|6,Ames,4233,6,6,PHK56 X 3IIH6,60,2022-07-22,32.761526246591615,,7.0,1,0
219,False,Ames|4233|8|6,Ames,4233,8,6,PHP02 X PHJ89,60,2022-07-22,32.893137079142804,,7.0,1,0
220,False,Ames|4231|5|4,Ames,4231,5,4,B84 X 3IIH6,60,2022-07-21,32.97825156850408,,6.0,1,0
221,False,Ames|4231|16|4,Ames,4231,16,4,PHP02 X PHG47,60,2022-07-21,33.114229824967396,,6.0,1,0
222,False,Ames|4233|6|10,Ames,4233,6,10,PHB47 X 3IIH6,60,2022-07-22,33.25278026981485,,7.0,1,0
223,False,Ames|4233|6|9,Ames,4233,6,9,PHB47 X LH185,60,2022-07-22,33.264675972422225,,7.0,1,0
224,False,Ames|4233|16|7,Ames,4233,16,7,PHK56 X LH185,60,2022-07-22,33.34438533492957,,7.0,1,0
225,False,Ames|4231|18|3,Ames,4231,18,3,LH123HT X 3IIH6,60,2022-07-21,33.393833584213326,,6.0,1,0
226,False,Ames|4231|17|7,Ames,4231,17,7,LH82 X W606S,60,2022-07-21,33.47555600249713,,6.0,1,0
227,False,Ames|4232|17|21,Ames,4232,17,21,PHP02 X LH145,60,2022-07-21,33.47568067067803,,6.0,1,0
228,False,Ames|4233|17|4,Ames,4233,17,4,B73 X MO17,60,2022-07-22,33.56026627217024,,7.0,1,0
229,False,Ames|4232|9|17,Ames,4232,9,17,LH198 X PHZ51,60,2022-07-21,33.61894604457403,,6.0,1,0
230,False,Ames|4232|4|22,Ames,4232,4,22,LH195 X PHZ51,60,2022-07-21,33.694559904194946,,6.0,1,0
231,False,Ames|4232|21|17,Ames,4232,21,17,PHK56 X LH82,60,2022-07-21,33.89361441108933,,6.0,1,0
232,False,Ames|4233|7|8,Ames,4233,7,8,2369 X PHN82,60,2022-07-22,33.99879388862455,,7.0,1,0
233,False,Ames|4231|27|7,Ames,4231,27,7,PHW52 X PHM49,60,2022-07-21,34.02919598935841,,6.0,1,0
234,False,Ames|4231|20|5,Ames,4231,20,5,B73 X 3IIH6,60,2022-07-21,34.168620314439636,,6.0,1,0
235,False,Ames|4231|9|5,Ames,4231,9,5,LH74 X PHN82,60,2022-07-21,34.393206197147606,,6.0,1,0
236,False,Ames|4232|11|19,Ames,4232,11,19,PHP02 X PHB47,60,2022-07-21,34.417028963240725,,6.0,1,0
237,False,Ames|4231|24|4,Ames,4231,24,4,PHW52 X PHZ51,60,2022-07-21,34.41941179966358,,6.0,1,0
238,False,Ames|4231|19|7,Ames,4231,19,7,PHJ40 X LH82,60,2022-07-21,34.43665547325253,,6.0,1,0
239,False,Ames|4232|12|17,Ames,4232,12,17,4N506 X 3IIH6,60,2022-07-21,34.48750621566528,,6.0,1,0
240,False,Ames|4231|10|2,Ames,4231,10,2,PHP02 X W606S,60,2022-07-21,34.5707662763066,,6.0,1,0
241,False,Ames|4233|10|5,Ames,4233,10,5,F42 X OH43,60,2022-07-22,34.60487737660887,,7.0,1,0
242,False,Ames|4233|12|5,Ames,4233,12,5,B37 X MO17,60,2022-07-22,34.72894487663122,,7.0,1,0
243,False,Ames|4231|6|6,Ames,4231,6,6,2369 X PHN82,60,2022-07-21,34.74029611888869,,6.0,1,0
244,False,Ames|4231|4|5,Ames,4231,4,5,B73 X PHN82,60,2022-07-21,34.85916353677166,,6.0,1,0
245,False,Ames|4233|15|7,Ames,4233,15,7,LH195 X PHZ51,60,2022-07-22,34.863683728409086,,7.0,1,0
246,False,Ames|4233|22|8,Ames,4233,22,8,PHP02 X PHK76,60,2022-07-22,34.865078919564255,,7.0,1,0
247,False,Ames|4231|3|2,Ames,4231,3,2,PHG39 X PHM49,60,2022-07-21,35.152807900411474,,6.0,1,0
248,False,Ames|4232|20|20,Ames,4232,20,20,B105 X 3IIH6,60,2022-07-21,35.193067969771334,,6.0,1,0
249,False,Ames|4233|7|10,Ames,4233,7,10,LH82 X PHJ89,60,2022-07-22,35.20086589356677,,7.0,1,0
250,False,Ames|4232|26|22,Ames,4232,26,22,LH123HT X PHB47,60,2022-07-21,35.22436198484401,,6.0,1,0
251,False,Ames|4231|20|2,Ames,4231,20,2,SYNGENTA NK0760-3111,60,2022-07-21,35.228769568545076,,6.0,1,0
252,False,Ames|4232|18|17,Ames,4232,18,17,PHK56 X LH198,60,2022-07-21,35.257388041810174,,6.0,1,0
253,False,Ames|4233|11|9,Ames,4233,11,9,PHP02 X LH145,60,2022-07-22,35.263772248909476,,7.0,1,0
254,False,Ames|4231|29|6,Ames,4231,29,6,PHT69 X 3IIH6,60,2022-07-21,35.26492726735269,,6.0,1,0
255,False,Ames|4233|14|4,Ames,4233,14,4,PHK76 X LH82,60,2022-07-22,35.279220282300074,,7.0,1,0
256,False,Ames|4231|6|5,Ames,4231,6,5,LH74 X PHM49,60,2022-07-21,35.27976175752542,,6.0,1,0
257,False,Ames|4233|13|4,Ames,4233,13,4,PHK56 X LH82,60,2022-07-22,35.2899041780241,,7.0,1,0
258,False,Ames|4232|3|20,Ames,4232,3,20,PHB47 X PHJ89,60,2022-07-21,35.49522101433642,,6.0,1,0
259,False,Ames|4231|24|5,Ames,4231,24,5,HOEGEMEYER 8065RR,60,2022-07-21,35.52527353627312,,6.0,1,0
260,False,Ames|4231|17|5,Ames,4231,17,5,LH82 X PHJ89,60,2022-07-21,35.55109254728539,,6.0,1,0
261,False,Ames|4231|7|5,Ames,4231,7,5,B73 X 3IIH6,60,2022-07-21,35.6145024909363,,6.0,1,0
262,False,Ames|4232|22|22,Ames,4232,22,22,LH185 X LH82,60,2022-07-21,35.720028922547414,,6.0,1,0
263,False,Ames|4233|11|3,Ames,4233,11,3,B73 X PHM49,60,2022-07-22,35.77002493826606,,7.0,1,0
264,False,Ames|4232|26|21,Ames,4232,26,21,PHP02 X PHB47,60,2022-07-21,35.85826747750811,,6.0,1,0
265,False,Ames|4233|17|3,Ames,4233,17,3,PHP02 X PHJ89,60,2022-07-22,35.88352143184885,,7.0,1,0
266,False,Ames|4232|26|17,Ames,4232,26,17,PHP02 X LH198,60,2022-07-21,35.982179554560716,,6.0,1,0
267,False,Ames|4233|20|10,Ames,4233,20,10,PHP02 X W606S,60,2022-07-22,36.05875859642714,,7.0,1,0
268,False,Ames|4231|25|7,Ames,4231,25,7,2369 X PHN82,60,2022-07-21,36.07845371717791,,6.0,1,0
269,False,Ames|4231|9|2,Ames,4231,9,2,PHP02 X PHK76,60,2022-07-21,36.20221152806943,,6.0,1,0
270,False,Ames|4231|21|7,Ames,4231,21,7,PHK56 X LH185,60,2022-07-21,36.21727736961404,,6.0,1,0
271,False,Ames|4232|5|17,Ames,4232,5,17,PHB47 X 3IIH6,60,2022-07-21,36.27151158820331,,6.0,1,0
272,False,Ames|4231|26|6,Ames,4231,26,6,B73 X PHN82,60,2022-07-21,36.30423038360135,,6.0,1,0
273,False,Ames|4232|6|19,Ames,4232,6,19,PHK56 X LH198,60,2022-07-21,36.44559787083061,,6.0,1,0
274,False,Ames|4233|3|6,Ames,4233,3,6,PHK76 X LH198,60,2022-07-22,36.5462093057953,,7.0,1,0
275,False,Ames|4231|2|6,Ames,4231,2,6,2369 X 3IIH6,60,2022-07-21,36.62656983460073,,6.0,1,0
276,False,Ames|4233|18|6,Ames,4233,18,6,PHP02 X PHK56,60,2022-07-22,36.6549354680764,,7.0,1,0
277,False,Ames|4231|10|4,Ames,4231,10,4,PHK56 X PHJ89,60,2022-07-21,36.78149299822756,,6.0,1,0
278,False,Ames|4233|14|5,Ames,4233,14,5,PHB47 X 3IIH6,60,2022-07-22,36.84517959400655,,7.0,1,0
279,False,Ames|4231|29|4,Ames,4231,29,4,PHP02 X PHK76,60,2022-07-21,36.90191032044747,,6.0,1,0
280,False,Ames|4233|13|3,Ames,4233,13,3,PHP02 X PHN46,60,2022-07-22,37.03237823962776,,7.0,1,0
281,False,Ames|4232|25|19,Ames,4232,25,19,LH195 X LH123HT,60,2022-07-21,37.085113659707545,,6.0,1,0
282,False,Ames|4232|12|19,Ames,4232,12,19,2369 X PHZ51,60,2022-07-21,37.24620319124713,,6.0,1,0
283,False,Ames|4231|11|6,Ames,4231,11,6,PHW52 X PHZ51,60,2022-07-21,37.25453217434668,,6.0,1,0
284,False,Ames|4231|12|5,Ames,4231,12,5,F42 X MO17,60,2022-07-21,37.45296193125603,,6.0,1,0
285,False,Ames|4231|14|4,Ames,4231,14,4,SYNGENTA NK0760-3111,60,2022-07-21,37.48630842938965,,6.0,1,0
286,False,Ames|4231|28|7,Ames,4231,28,7,PHP02 X LH185,60,2022-07-21,37.546596448762,,6.0,1,0
287,False,Ames|4231|3|3,Ames,4231,3,3,PHW52 X PHN82,60,2022-07-21,37.572016304429724,,6.0,1,0
288,False,Ames|4233|24|4,Ames,4233,24,4,HOEGEMEYER 8065RR,60,2022-07-22,37.59829748336982,,7.0,1,0
289,False,Ames|4233|8|10,Ames,4233,8,10,PHK56 X LH198,60,2022-07-22,37.63454571711357,,7.0,1,0
290,False,Ames|4232|2|19,Ames,4232,2,19,PHW52 X LH185,60,2022-07-21,37.68523084206629,,6.0,1,0
291,False,Ames|4231|26|5,Ames,4231,26,5,PIONEER 1311 AMXT,60,2022-07-21,37.74950309676419,,6.0,1,0
292,False,Ames|4231|19|6,Ames,4231,19,6,F42 X MO17,60,2022-07-21,37.90754993457618,,6.0,1,0
293,False,Ames|4232|28|21,Ames,4232,28,21,2369 X PHZ51,60,2022-07-21,38.01820905199013,,6.0,1,0
294,False,Ames|4231|12|2,Ames,4231,12,2,HOEGEMEYER 7089 AMXT,60,2022-07-21,38.093036982618,,6.0,1,0
295,False,Ames|4233|5|7,Ames,4233,5,7,PHK56 X PHJ89,60,2022-07-22,38.12477889288486,,7.0,1,0
296,False,Ames|4232|10|21,Ames,4232,10,21,PHP02 X W606S,60,2022-07-21,38.130338344957494,,6.0,1,0
297,False,Ames|4231|13|6,Ames,4231,13,6,PHG39 X PHN82,60,2022-07-21,38.13659660795443,,6.0,1,0
298,False,Ames|4233|21|10,Ames,4233,21,10,PHT69 X 3IIH6,60,2022-07-22,38.18991307408095,,7.0,1,0
299,False,Ames|4231|26|3,Ames,4231,26,3,PHK56 X W606S,60,2022-07-21,38.22103528855088,,6.0,1,0
300,False,Ames|4232|2|17,Ames,4232,2,17,B73 X 3IIH6,60,2022-07-21,38.27422953921095,,6.0,1,0
301,False,Ames|4231|7|2,Ames,4231,7,2,LH82 X W606S,60,2022-07-21,38.28143409654207,,6.0,1,0
302,False,Ames|4232|8|20,Ames,4232,8,20,2369 X PHP02,60,2022-07-21,38.41427611701317,,6.0,1,0
303,False,Ames|4232|4|20,Ames,4232,4,20,PHB47 X PHK56,60,2022-07-21,38.41549429700875,,6.0,1,0
304,False,Ames|4231|11|2,Ames,4231,11,2,PHK76 X W606S,60,2022-07-21,38.485171461946976,,6.0,1,0
305,False,Ames|4232|11|22,Ames,4232,11,22,PHP02 X PHJ89,60,2022-07-21,38.535328730316905,,6.0,1,0
306,False,Ames|4232|8|17,Ames,4232,8,17,B73 X PHZ51,60,2022-07-21,38.67971054209555,,6.0,1,0
307,False,Ames|4232|14|18,Ames,4232,14,18,B105 X 3IIH6,60,2022-07-21,38.85312167065432,,6.0,1,0
308,False,Ames|4233|20|7,Ames,4233,20,7,PHN46 X PHK56,60,2022-07-22,38.89439588315183,,7.0,1,0
309,False,Ames|4232|22|21,Ames,4232,22,21,PHK56 X PHJ89,60,2022-07-21,38.90935683803342,,6.0,1,0
310,False,Ames|4232|7|21,Ames,4232,7,21,PHK56 X 3IIH6,60,2022-07-21,38.93480797482559,,6.0,1,0
311,False,Ames|4232|24|17,Ames,4232,24,17,LH195 X PHZ51,60,2022-07-21,39.05316853103386,,6.0,1,0
312,False,Ames|4231|28|4,Ames,4231,28,4,2369 X 3IIH6,60,2022-07-21,39.10349432437242,,6.0,1,0
313,False,Ames|4231|28|5,Ames,4231,28,5,PHW52 X PHN82,60,2022-07-21,39.25845636354671,,6.0,1,0
314,False,Ames|4233|15|6,Ames,4233,15,6,PHG39 X PHM49,60,2022-07-22,39.33118023103208,,7.0,1,0
315,False,Ames|4233|11|4,Ames,4233,11,4,B84 X 3IIH6,60,2022-07-22,39.39611784389997,,7.0,1,0
316,False,Ames|4233|6|7,Ames,4233,6,7,PHN46 X PHK56,60,2022-07-22,39.468450527642176,,7.0,1,0
317,False,Ames|4232|15|20,Ames,4232,15,20,PHK56 X LH82,60,2022-07-21,39.517442245630036,,6.0,1,0
318,False,Ames|4232|16|17,Ames,4232,16,17,PHK56 X PHJ89,60,2022-07-21,39.683921338988384,,6.0,1,0
319,False,Ames|4232|13|17,Ames,4232,13,17,LH195 X LH185,60,2022-07-21,39.75123236030247,,6.0,1,0
320,False,Ames|4233|10|8,Ames,4233,10,8,PHP02 X LH185,60,2022-07-22,39.90707744902599,,7.0,1,0
321,False,Ames|4233|17|5,Ames,4233,17,5,B84 X 3IIH6,60,2022-07-22,39.915282524065844,,7.0,1,0
322,False,Ames|4233|18|9,Ames,4233,18,9,PHP02 X PHN46,60,2022-07-22,39.91576968495907,,7.0,1,0
323,False,Ames|4231|11|5,Ames,4231,11,5,PHW52 X PHM49,60,2022-07-21,40.0191684290718,,6.0,1,0
324,False,Ames|4233|16|5,Ames,4233,16,5,PHP02 X LH185,60,2022-07-22,40.08945241724601,,7.0,1,0
325,False,Ames|4231|13|3,Ames,4231,13,3,PHJ40 X LH82,60,2022-07-21,40.34218567061326,,6.0,1,0
326,False,Ames|4232|6|18,Ames,4232,6,18,LH74 X PHM49,60,2022-07-21,40.450453393890356,,6.0,1,0
327,False,Ames|4233|16|8,Ames,4233,16,8,2FACC X 3IIH6,60,2022-07-22,40.594922120710876,,7.0,1,0
328,False,Ames|4233|10|9,Ames,4233,10,9,PHP02 X PHK76,60,2022-07-22,40.59987063952886,,7.0,1,0
329,False,Ames|4233|4|4,Ames,4233,4,4,F42 X MO17,60,2022-07-22,40.77098989275564,,7.0,1,0
330,False,Ames|4232|3|19,Ames,4232,3,19,LH74 X PHN82,60,2022-07-21,40.864170964443616,,6.0,1,0
331,False,Ames|4233|18|3,Ames,4233,18,3,PHK76 X LH145,60,2022-07-22,40.957816511572545,,7.0,1,0
332,False,Ames|4233|12|8,Ames,4233,12,8,PHP02 X PHK56,60,2022-07-22,41.09827399629414,,7.0,1,0
333,False,Ames|4232|3|18,Ames,4232,3,18,LH145 X LH162,60,2022-07-21,41.1593743384216,,6.0,1,0
334,False,Ames|4231|19|5,Ames,4231,19,5,PHK76 X W606S,60,2022-07-21,41.16969981162967,,6.0,1,0
335,False,Ames|4231|29|5,Ames,4231,29,5,PHG39 X PHM49,60,2022-07-21,41.179050180092446,,6.0,1,0
336,False,Ames|4231|11|4,Ames,4231,11,4,PHP02 X PHN46,60,2022-07-21,41.26513439590673,,6.0,1,0
337,False,Ames|4232|25|18,Ames,4232,25,18,B73 X PHZ51,60,2022-07-21,41.33201731447495,,6.0,1,0
338,False,Ames|4233|3|9,Ames,4233,3,9,B73 X 3IIH6,60,2022-07-22,41.6080362863092,,7.0,1,0
339,False,Ames|4232|29|22,Ames,4232,29,22,2369 X LH123HT,60,2022-07-21,41.62526587456243,,6.0,1,0
340,False,Ames|4232|21|18,Ames,4232,21,18,PHB47 X LH185,60,2022-07-21,41.68514252947399,,6.0,1,0
341,False,Ames|4233|13|8,Ames,4233,13,8,LH185 X LH82,60,2022-07-22,41.80623728548909,,7.0,1,0
342,False,Ames|4232|30|18,Ames,4232,30,18,PHP02 X PHJ89,60,2022-07-21,41.83313306980254,,6.0,1,0
343,False,Ames|4232|6|21,Ames,4232,6,21,HOEGEMEYER 8065RR,60,2022-07-21,41.99364177425113,,6.0,1,0
344,False,Ames|4232|2|20,Ames,4232,2,20,LH195 X 3IIH6,60,2022-07-21,42.11243752287035,,6.0,1,0
345,False,Ames|4232|29|20,Ames,4232,29,20,4N506 X 3IIH6,60,2022-07-21,42.19195746971282,,6.0,1,0
346,False,Ames|4232|9|19,Ames,4232,9,19,B37 X MO17,60,2022-07-21,42.249539651972555,,6.0,1,0
347,False,Ames|4232|21|20,Ames,4232,21,20,LH123HT X 3IIH6,60,2022-07-21,42.31994017321301,,6.0,1,0
348,False,Ames|4232|12|22,Ames,4232,12,22,PHP02 X LH198,60,2022-07-21,42.36744747036356,,6.0,1,0
349,False,Ames|4232|20|22,Ames,4232,20,22,PHN46 X PHB47,60,2022-07-21,42.45773450533612,,6.0,1,0
350,False,Ames|4233|10|6,Ames,4233,10,6,PHN46 X PHB47,60,2022-07-22,42.560496356500124,,7.0,1,0
351,False,Ames|4232|23|20,Ames,4232,23,20,PHB47 X 3IIH6,60,2022-07-21,42.60698498442282,,6.0,1,0
352,False,Ames|4231|10|3,Ames,4231,10,3,HOEGEMEYER 8065RR,60,2022-07-21,42.73931054556127,,6.0,1,0
353,False,Ames|4232|15|19,Ames,4232,15,19,PHK76 X LH145,60,2022-07-21,42.7876564151731,,6.0,1,0
354,False,Ames|4232|28|18,Ames,4232,28,18,LH195 X 3IIH6,60,2022-07-21,42.81509776106691,,6.0,1,0
355,False,Ames|4232|9|22,Ames,4232,9,22,SYNGENTA NK0760-3111,60,2022-07-21,42.87127114869824,,6.0,1,0
356,False,Ames|4232|6|17,Ames,4232,6,17,LH82 X PHJ89,60,2022-07-21,42.932003386313596,,6.0,1,0
357,False,Ames|4233|10|10,Ames,4233,10,10,PHK76 X LH145,60,2022-07-22,42.97260782753176,,7.0,1,0
358,False,Ames|4231|13|2,Ames,4231,13,2,PIONEER 1311 AMXT,60,2022-07-21,42.972804201298985,,6.0,1,0
359,False,Ames|4232|5|20,Ames,4232,5,20,LH195 X LH123HT,60,2022-07-21,43.07294807331131,,6.0,1,0
360,False,Ames|4232|30|20,Ames,4232,30,20,B37 X MO17,60,2022-07-21,43.20455063907241,,6.0,1,0
361,False,Ames|4233|14|9,Ames,4233,14,9,LH82 X PHJ89,60,2022-07-22,43.286178783273485,,7.0,1,0
362,False,Ames|4232|25|21,Ames,4232,25,21,LH195 X LH185,60,2022-07-21,43.30172119507158,,6.0,1,0
363,False,Ames|4232|23|19,Ames,4232,23,19,PHK76 X LH145,60,2022-07-21,43.35025409533327,,6.0,1,0
364,False,Ames|4233|14|7,Ames,4233,14,7,B73 X PHN82,60,2022-07-22,43.39528667656515,,7.0,1,0
365,False,Ames|4232|13|21,Ames,4232,13,21,PHN46 X PHK56,60,2022-07-21,43.408645004222535,,6.0,1,0
366,False,Ames|4232|14|17,Ames,4232,14,17,PHT69 X 3IIH6,60,2022-07-21,43.62392233177519,,6.0,1,0
367,False,Ames|4233|4|7,Ames,4233,4,7,SYNGENTA NK0760-3111,60,2022-07-22,43.66555946708081,,7.0,1,0
368,False,Ames|4232|19|22,Ames,4232,19,22,PHT69 X 3IIH6,60,2022-07-21,43.74198649442509,,6.0,1,0
369,False,Ames|4233|13|5,Ames,4233,13,5,PHP02 X PHG47,60,2022-07-22,43.80712290465007,,7.0,1,0
370,False,Ames|4233|11|5,Ames,4233,11,5,PHG39 X PHM49,60,2022-07-22,43.919943335845645,,7.0,1,0
371,False,Ames|4231|7|3,Ames,4231,7,3,PHN46 X W606S,60,2022-07-21,43.944201927257495,,6.0,1,0
372,False,Ames|4232|30|19,Ames,4232,30,19,LH74 X PHN82,60,2022-07-21,43.95582443504327,,6.0,1,0
373,False,Ames|4233|20|9,Ames,4233,20,9,B73 X 3IIH6,60,2022-07-22,43.972874639919254,,7.0,1,0
374,False,Ames|4232|5|18,Ames,4232,5,18,PHB47 X LH185,60,2022-07-21,44.204596775326706,,6.0,1,0
375,False,Ames|4232|26|18,Ames,4232,26,18,PHN46 X PHK56,60,2022-07-21,44.21879515718997,,6.0,1,0
376,False,Ames|4232|21|19,Ames,4232,21,19,B84 X 3IIH6,60,2022-07-21,44.224483275343914,,6.0,1,0
377,False,Ames|4232|15|17,Ames,4232,15,17,PHP02 X PHK76,60,2022-07-21,44.305659992777194,,6.0,1,0
378,False,Ames|4233|3|7,Ames,4233,3,7,2369 X PHP02,60,2022-07-22,44.37844787793132,,7.0,1,0
379,False,Ames|4232|23|21,Ames,4232,23,21,PHW52 X LH185,60,2022-07-21,44.52237328454186,,6.0,1,0
380,False,Ames|4232|29|18,Ames,4232,29,18,LH74 X PHM49,60,2022-07-21,44.59757189116502,,6.0,1,0
381,False,Ames|4233|15|5,Ames,4233,15,5,PHK56 X PHJ89,60,2022-07-22,44.62769259951715,,7.0,1,0
382,False,Ames|4232|16|18,Ames,4232,16,18,PHN46 X PHB47,60,2022-07-21,44.7895252169221,,6.0,1,0
383,False,Ames|4231|23|4,Ames,4231,23,4,HOEGEMEYER 7089 AMXT,60,2022-07-21,44.797395772751,,6.0,1,0
384,False,Ames|4232|17|22,Ames,4232,17,22,PHK76 X LH82,60,2022-07-21,44.850329941850006,,6.0,1,0
385,False,Ames|4232|15|22,Ames,4232,15,22,PHK76 X 3IIH6,60,2022-07-21,44.97125413233387,,6.0,1,0
386,False,Ames|4233|18|4,Ames,4233,18,4,PHK76 X 3IIH6,60,2022-07-22,45.03288169874847,,7.0,1,0
387,False,Ames|4232|15|21,Ames,4232,15,21,PHP02 X LH185,60,2022-07-21,45.24731073537204,,6.0,1,0
388,False,Ames|4232|7|19,Ames,4232,7,19,B84 X 3IIH6,60,2022-07-21,45.25725172446491,,6.0,1,0
389,False,Ames|4231|10|6,Ames,4231,10,6,2FACC X 3IIH6,60,2022-07-21,45.276371873961025,,6.0,1,0
390,False,Ames|4233|13|10,Ames,4233,13,10,PHP02 X W606S,60,2022-07-22,45.30343011450125,,7.0,1,0
391,False,Ames|4232|14|21,Ames,4232,14,21,PHJ40 X LH82,60,2022-07-21,45.329323251770234,,6.0,1,0
392,False,Ames|4233|23|4,Ames,4233,23,4,HOEGEMEYER 7089 AMXT,60,2022-07-22,45.37188308194813,,7.0,1,0
393,False,Ames|4232|29|19,Ames,4232,29,19,LH145 X LH162,60,2022-07-21,45.503643587722806,,6.0,1,0
394,False,Ames|4233|17|7,Ames,4233,17,7,SYNGENTA NK0760-3111,60,2022-07-22,45.63722480218959,,7.0,1,0
395,False,Ames|4232|28|17,Ames,4232,28,17,N209 X 3IIH6,60,2022-07-21,45.754573846461994,,6.0,1,0
396,False,Ames|4231|15|3,Ames,4231,15,3,PIONEER P0589 AMXT,60,2022-07-21,45.8932010850277,,6.0,1,0
397,False,Ames|4232|6|22,Ames,4232,6,22,PHK76 X LH82,60,2022-07-21,45.99143022822807,,6.0,1,0
398,False,Ames|4231|12|4,Ames,4231,12,4,LH185 X W606S,60,2022-07-21,46.44485923551406,,6.0,1,0
399,False,Ames|4232|14|19,Ames,4232,14,19,N209 X 3IIH6,60,2022-07-21,46.47024355609298,,6.0,1,0
400,False,Ames|4231|29|7,Ames,4231,29,7,PIONEER P0589 AMXT,60,2022-07-21,46.503110529913315,,6.0,1,0
401,False,Ames|4232|9|20,Ames,4232,9,20,PHK56 X LH185,60,2022-07-21,46.539091974299836,,6.0,1,0
402,False,Ames|4232|30|17,Ames,4232,30,17,B14A X MO17,60,2022-07-21,46.64871627604792,,6.0,1,0
403,False,Ames|4233|19|8,Ames,4233,19,8,PHK56 X 3IIH6,60,2022-07-22,46.6811124393479,,7.0,1,0
404,False,Ames|4232|11|18,Ames,4232,11,18,F42 X OH43,60,2022-07-21,46.82237690190806,,6.0,1,0
405,False,Ames|4232|9|18,Ames,4232,9,18,B73 X PHM49,60,2022-07-21,46.91695118359509,,6.0,1,0
406,False,Ames|4232|4|17,Ames,4232,4,17,PHW52 X PHM49,60,2022-07-21,46.97738449162932,,6.0,1,0
407,False,Ames|4233|14|10,Ames,4233,14,10,LH185 X LH82,60,2022-07-22,46.99134740206813,,7.0,1,0
408,False,Ames|4231|8|2,Ames,4231,8,2,PHK56 X W606S,60,2022-07-21,47.04094660268616,,6.0,1,0
409,False,Ames|4233|12|4,Ames,4233,12,4,2369 X 3IIH6,60,2022-07-22,47.18078721255341,,7.0,1,0
410,False,Ames|4233|12|9,Ames,4233,12,9,PIONEER 1311 AMXT,60,2022-07-22,47.22407718607009,,7.0,1,0
411,False,Ames|4233|4|3,Ames,4233,4,3,2FACC X 3IIH6,60,2022-07-22,47.31383788426693,,7.0,1,0
412,False,Ames|4232|12|20,Ames,4232,12,20,PHK76 X LH198,60,2022-07-21,47.395594326181836,,6.0,1,0
413,False,Ames|4232|27|19,Ames,4232,27,19,PHK76 X LH198,60,2022-07-21,47.39632850136833,,6.0,1,0
414,False,Ames|4232|8|22,Ames,4232,8,22,PHP02 X PHN46,60,2022-07-21,47.42652113418198,,6.0,1,0
415,False,Ames|4232|28|20,Ames,4232,28,20,PHG39 X PHM49,60,2022-07-21,47.47941774619474,,6.0,1,0
416,False,Ames|4232|23|18,Ames,4232,23,18,PHP02 X PHG47,60,2022-07-21,47.524502228167265,,6.0,1,0
417,False,Ames|4233|4|10,Ames,4233,4,10,PHW52 X PHN82,60,2022-07-22,47.60073020384495,,7.0,1,0
418,False,Ames|4232|29|17,Ames,4232,29,17,PHK76 X 3IIH6,60,2022-07-21,47.60893608273098,,6.0,1,0
419,False,Ames|4232|13|20,Ames,4232,13,20,PHP02 X PHG47,60,2022-07-21,47.66458064042017,,6.0,1,0
420,False,Ames|4233|14|6,Ames,4233,14,6,PIONEER 1311 AMXT,60,2022-07-22,48.167512780107344,,7.0,1,0
421,False,Ames|4232|7|22,Ames,4232,7,22,LH82 X W606S,60,2022-07-21,48.29973214759549,,6.0,1,0
422,False,Ames|4233|9|10,Ames,4233,9,10,B73 X PHN82,60,2022-07-22,48.40048230899872,,7.0,1,0
423,False,Ames|4232|19|20,Ames,4232,19,20,PHK56 X LH185,60,2022-07-21,48.504641675076826,,6.0,1,0
424,False,Ames|4232|23|22,Ames,4232,23,22,B73 X PHM49,60,2022-07-21,48.56015487917459,,6.0,1,0
425,False,Ames|4232|24|19,Ames,4232,24,19,PHW52 X PHZ51,60,2022-07-21,48.61939237026618,,6.0,1,0
426,False,Ames|4232|17|18,Ames,4232,17,18,PHP02 X PHN46,60,2022-07-21,48.831894691844624,,6.0,1,0
427,False,Ames|4232|17|19,Ames,4232,17,19,B73 X 3IIH6,60,2022-07-21,48.849745223228425,,6.0,1,0
428,False,Ames|4233|3|8,Ames,4233,3,8,PHG39 X PHN82,60,2022-07-22,48.949735252235556,,7.0,1,0
429,False,Ames|4232|25|17,Ames,4232,25,17,PHP02 X W606S,60,2022-07-21,48.95444756464292,,6.0,1,0
430,False,Ames|4232|4|19,Ames,4232,4,19,B14A X MO17,60,2022-07-21,49.012657188845054,,6.0,1,0
431,False,Ames|4232|27|21,Ames,4232,27,21,PHJ40 X LH82,60,2022-07-21,49.0930097539251,,6.0,1,0
432,False,Ames|4232|26|19,Ames,4232,26,19,2369 X PHP02,60,2022-07-21,49.11833428276931,,6.0,1,0
433,False,Ames|4232|18|21,Ames,4232,18,21,PHP02 X PHK76,60,2022-07-21,49.234334831700664,,6.0,1,0
434,False,Ames|4232|5|21,Ames,4232,5,21,F42 X MO17,60,2022-07-21,49.32617902892834,,6.0,1,0
435,False,Ames|4233|12|6,Ames,4233,12,6,PHK56 X W606S,60,2022-07-22,49.395622797650745,,7.0,1,0
436,False,Ames|4233|11|10,Ames,4233,11,10,HOEGEMEYER 8065RR,60,2022-07-22,49.80757126803094,,7.0,1,0
437,False,Ames|4233|23|10,Ames,4233,23,10,PHW52 X PHN82,60,2022-07-22,49.88396053859225,,7.0,1,0
438,False,Ames|4233|11|8,Ames,4233,11,8,PHK76 X LH82,60,2022-07-22,49.92756426749935,,7.0,1,0
439,False,Ames|4232|27|17,Ames,4232,27,17,PHP02 X LH185,60,2022-07-21,50.091470957771705,,6.0,1,0
440,False,Ames|4233|8|7,Ames,4233,8,7,PHK76 X 3IIH6,60,2022-07-22,50.15799076139366,,7.0,1,0
441,False,Ames|4232|29|21,Ames,4232,29,21,PHP02 X PHK56,60,2022-07-21,50.2012529217366,,6.0,1,0
442,False,Ames|4232|22|18,Ames,4232,22,18,PHN46 X W606S,60,2022-07-21,50.47765179462573,,6.0,1,0
443,False,Ames|4232|8|19,Ames,4232,8,19,PHG39 X PHM49,60,2022-07-21,50.67827093741907,,6.0,1,0
444,False,Ames|4232|18|19,Ames,4232,18,19,B73 X MO17,60,2022-07-21,50.749063968025084,,6.0,1,0
445,False,Ames|4232|20|21,Ames,4232,20,21,2369 X 3IIH6,60,2022-07-21,51.49530995826031,,6.0,1,0
446,False,Ames|4232|16|20,Ames,4232,16,20,LH185 X LH82,60,2022-07-21,51.67222067592661,,6.0,1,0
447,False,Ames|4232|30|21,Ames,4232,30,21,PHK56 X 3IIH6,60,2022-07-21,51.92172434799406,,6.0,1,0
448,False,Ames|4232|23|17,Ames,4232,23,17,PIONEER 1311 AMXT,60,2022-07-21,51.93770383516808,,6.0,1,0
449,False,Ames|4232|27|18,Ames,4232,27,18,PHB47 X PHK56,60,2022-07-21,51.95965464060498,,6.0,1,0
450,False,Ames|4233|23|9,Ames,4233,23,9,PHK56 X W606S,60,2022-07-22,52.189664158203655,,7.0,1,0
451,False,Ames|4232|20|18,Ames,4232,20,18,PHW52 X PHM49,60,2022-07-21,52.221680151299864,,6.0,1,0
452,False,Ames|4232|2|18,Ames,4232,2,18,2369 X 3IIH6,60,2022-07-21,52.27161589243512,,6.0,1,0
453,False,Ames|4232|27|20,Ames,4232,27,20,HOEGEMEYER 8065RR,60,2022-07-21,52.412960139899695,,6.0,1,0
454,False,Ames|4232|15|18,Ames,4232,15,18,PHK56 X W606S,60,2022-07-21,52.910923489469056,,6.0,1,0
455,False,Ames|4232|13|22,Ames,4232,13,22,PHN46 X W606S,60,2022-07-21,53.53995253870458,,6.0,1,0
456,False,Ames|4232|27|22,Ames,4232,27,22,B73 X PHN82,60,2022-07-21,53.63124696504951,,6.0,1,0
457,False,Ames|4232|14|20,Ames,4232,14,20,PIONEER 1311 AMXT,60,2022-07-21,53.694183920342255,,6.0,1,0
458,False,Ames|4232|13|18,Ames,4232,13,18,PHG39 X PHN82,60,2022-07-21,53.84011493836586,,6.0,1,0
459,False,Ames|4232|22|20,Ames,4232,22,20,2FACC X 3IIH6,60,2022-07-21,53.847137414056604,,6.0,1,0
460,False,Ames|4232|18|22,Ames,4232,18,22,F42 X MO17,60,2022-07-21,53.884752516113835,,6.0,1,0
461,False,Ames|4232|5|19,Ames,4232,5,19,2369 X PHN82,60,2022-07-21,54.25302101162541,,6.0,1,0
462,False,Ames|4232|17|20,Ames,4232,17,20,SYNGENTA NK0760-3111,60,2022-07-21,54.46275136721687,,6.0,1,0
463,False,Ames|4233|19|10,Ames,4233,19,10,PHN46 X W606S,60,2022-07-22,54.97320572381081,,7.0,1,0
464,False,Ames|4232|13|19,Ames,4232,13,19,PHW52 X PHZ51,60,2022-07-21,55.13568228151031,,6.0,1,0
465,False,Ames|4232|11|17,Ames,4232,11,17,B73 X MO17,60,2022-07-21,56.215440437880986,,6.0,1,0
466,False,Ames|4233|10|7,Ames,4233,10,7,PHK76 X W606S,60,2022-07-22,56.23034157362638,,7.0,1,0
467,False,Ames|4232|12|21,Ames,4232,12,21,LH185 X W606S,60,2022-07-21,56.38276281188672,,6.0,1,0
468,False,Ames|4233|11|6,Ames,4233,11,6,PIONEER P0589 AMXT,60,2022-07-22,56.50836298688472,,7.0,1,0
469,False,Ames|4233|13|7,Ames,4233,13,7,LH185 X W606S,60,2022-07-22,56.750608192384625,,7.0,1,0
470,False,Ames|4232|10|20,Ames,4232,10,20,PHK76 X W606S,60,2022-07-21,56.76228279621449,,6.0,1,0
471,False,Ames|4232|3|17,Ames,4232,3,17,PHW52 X PHN82,60,2022-07-21,56.792207496835374,,6.0,1,0
472,False,Ames|4232|20|19,Ames,4232,20,19,2369 X PHN82,60,2022-07-21,57.50110098389963,,6.0,1,0
473,False,Ames|4233|18|7,Ames,4233,18,7,PHK76 X W606S,60,2022-07-22,57.530509092978335,,7.0,1,0
474,False,Ames|4232|24|22,Ames,4232,24,22,PHK56 X W606S,60,2022-07-21,58.04956208863259,,6.0,1,0
475,False,Ames|4233|15|9,Ames,4233,15,9,LH82 X W606S,60,2022-07-22,58.05670911698113,,7.0,1,0
476,False,Ames|4232|19|21,Ames,4232,19,21,HOEGEMEYER 7089 AMXT,60,2022-07-21,58.40947813772701,,6.0,1,0
477,False,Ames|4232|10|18,Ames,4232,10,18,2FACC X 3IIH6,60,2022-07-21,58.95327140906183,,6.0,1,0
478,False,Ames|4233|24|6,Ames,4233,24,6,PIONEER P0589 AMXT,60,2022-07-22,59.15710446951448,,7.0,1,0
479,False,Ames|4232|25|22,Ames,4232,25,22,PHK76 X W606S,60,2022-07-21,59.38968077142529,,6.0,1,0
480,False,Ames|4233|12|10,Ames,4233,12,10,PHN46 X W606S,60,2022-07-22,60.1730015688193,,7.0,1,0
481,False,Ames|4232|19|19,Ames,4232,19,19,LH82 X W606S,60,2022-07-21,60.323491898220475,,6.0,1,0
482,False,Ames|4232|24|18,Ames,4232,24,18,PIONEER P0589 AMXT,60,2022-07-21,60.90023168854894,,6.0,1,0
483,False,Ames|4232|14|22,Ames,4232,14,22,HOEGEMEYER 7089 AMXT,60,2022-07-21,60.904340549174265,,6.0,1,0
484,False,Ames|4232|26|20,Ames,4232,26,20,PHW52 X PHN82,60,2022-07-21,61.24746944755616,,6.0,1,0
485,False,Ames|4232|16|19,Ames,4232,16,19,PIONEER P0589 AMXT,60,2022-07-21,62.36463965606446,,6.0,1,0
486,False,Ames|4233|15|8,Ames,4233,15,8,2369 X 3IIH6,60,2022-07-22,62.749517632095596,,7.0,1,0
487,False,Ames|4233|9|7,Ames,4233,9,7,LH82 X W606S,60,2022-07-22,64.55944371488118,,7.0,1,0
1,True,Crawfordsville|4351|12|20,Crawfordsville,4351,12,20,WF9 X H95,60,2022-07-10,122.65255511062101,,0.0,1,0
2,True,Crawfordsville|4351|13|20,Crawfordsville,4351,13,20,B37 X H95,60,2022-07-10,129.33654999478367,,0.0,1,0
3,True,Crawfordsville|4351|14|13,Crawfordsville,4351,14,13,PHP02 X LH145,60,2022-07-10,130.21446250785124,,0.0,1,0
4,True,Crawfordsville|4352|19|5,Crawfordsville,4352,19,5,WF9 X H95,60,2022-07-10,130.55636417139104,,0.0,1,0
5,True,Crawfordsville|4352|13|6,Crawfordsville,4352,13,6,PHP02 X LH145,60,2022-07-10,131.3969323507397,,0.0,1,0
6,True,Crawfordsville|4351|3|14,Crawfordsville,4351,3,14,PHP02 X LH145,60,2022-07-10,132.56697672270087,,0.0,1,0
7,True,Crawfordsville|4351|10|18,Crawfordsville,4351,10,18,LH195 X PHM49,60,2022-07-10,132.65408446595902,,0.0,1,0
8,True,Crawfordsville|4352|21|7,Crawfordsville,4352,21,7,LH195 X PHM49,60,2022-07-10,132.69809100007183,,0.0,1,0
9,True,Crawfordsville|4352|8|4,Crawfordsville,4352,8,4,WF9 X H95,60,2022-07-10,132.8658730205376,,0.0,1,0
10,True,Crawfordsville|4352|5|6,Crawfordsville,4352,5,6,B37 X H95,60,2022-07-10,133.18111680308138,,0.0,1,0
11,True,Crawfordsville|4351|16|17,Crawfordsville,4351,16,17,PHK76 X LH145,60,2022-07-10,133.39649916952888,,0.0,1,0
12,True,Crawfordsville|4353|24|44,Crawfordsville,4353,24,44,PHP02 X LH145,60,2022-07-10,133.43329705029487,,0.0,1,0
13,True,Crawfordsville|4352|18|9,Crawfordsville,4352,18,9,PHK76 X LH145,60,2022-07-10,133.71425846239808,,0.0,1,0
14,True,Crawfordsville|4353|7|46,Crawfordsville,4353,7,46,B37 X H95,60,2022-07-10,133.7878342767943,,0.0,1,0
15,True,Crawfordsville|4351|2|19,Crawfordsville,4351,2,19,PHK76 X LH145,60,2022-07-10,133.83580951271352,,0.0,1,0
16,True,Crawfordsville|4352|8|5,Crawfordsville,4352,8,5,PHP02 X LH145,60,2022-07-10,134.09576083825337,,0.0,1,0
17,True,Crawfordsville|4353|29|46,Crawfordsville,4353,29,46,B37 X H95,60,2022-07-10,134.35269714694056,,0.0,1,0
18,True,Crawfordsville|4352|3|9,Crawfordsville,4352,3,9,LH195 X PHM49,60,2022-07-10,134.38144199353724,,0.0,1,0
19,True,Crawfordsville|4353|31|46,Crawfordsville,4353,31,46,LH195 X PHM49,60,2022-07-10,134.43750739509133,,0.0,1,0
20,True,Crawfordsville|4351|9|17,Crawfordsville,4351,9,17,B37 X H95,60,2022-07-10,134.48544858250713,,0.0,1,0
21,True,Crawfordsville|4353|15|46,Crawfordsville,4353,15,46,LH195 X PHM49,60,2022-07-10,134.61062599202864,,0.0,1,0
22,True,Crawfordsville|4351|20|20,Crawfordsville,4351,20,20,WF9 X H95,60,2022-07-10,134.997643463786,,0.0,1,0
23,True,Crawfordsville|4353|11|44,Crawfordsville,4353,11,44,PHK76 X LH145,60,2022-07-10,135.3744796294251,,0.0,1,0
24,True,Crawfordsville|4352|15|6,Crawfordsville,4352,15,6,B37 X H95,60,2022-07-10,135.89041198743598,,0.0,1,0
25,True,Crawfordsville|4351|22|15,Crawfordsville,4351,22,15,LH195 X PHM49,60,2022-07-10,136.01910913543247,,0.0,1,0
26,True,Crawfordsville|4353|34|44,Crawfordsville,4353,34,44,PHK76 X LH145,60,2022-07-10,136.71967536052355,,0.0,1,0
27,True,Crawfordsville|4353|9|42,Crawfordsville,4353,9,42,WF9 X H95,60,2022-07-10,136.82083813466974,,0.0,1,0
28,True,Crawfordsville|4352|11|3,Crawfordsville,4352,11,3,PHK76 X LH145,60,2022-07-10,137.59090936143093,,0.0,1,0
29,True,Crawfordsville|4353|22|43,Crawfordsville,4353,22,43,WF9 X H95,60,2022-07-10,137.78467101678243,,0.0,1,0
30,True,Crawfordsville|4353|10|42,Crawfordsville,4353,10,42,PHP02 X LH145,60,2022-07-10,137.85321447164216,,0.0,1,0
31,True,Crawfordsville|4351|4|20,Crawfordsville,4351,4,20,PHZ51 X LH145,60,2022-07-10,139.47001627303277,,0.0,1,0
32,True,Crawfordsville|4351|16|15,Crawfordsville,4351,16,15,PHP02 X PHB47,60,2022-07-10,140.22606274111868,,0.0,1,0
33,True,Crawfordsville|4351|4|13,Crawfordsville,4351,4,13,PHP02 X PHB47,60,2022-07-10,140.58979259339287,,0.0,1,0
34,True,Crawfordsville|4351|3|15,Crawfordsville,4351,3,15,B37 X MO17,60,2022-07-10,140.73924955281726,,0.0,1,0
35,True,Crawfordsville|4353|27|43,Crawfordsville,4353,27,43,B37 X OH43,60,2022-07-10,140.93145528456716,,0.0,1,0
36,True,Crawfordsville|4351|3|13,Crawfordsville,4351,3,13,F42 X OH43,60,2022-07-10,141.23505689438733,,0.0,1,0
37,True,Crawfordsville|4353|25|44,Crawfordsville,4353,25,44,B105 X 3IIH6,60,2022-07-10,142.11893784672554,,0.0,1,0
38,True,Crawfordsville|4353|35|44,Crawfordsville,4353,35,44,PHP02 X PHB47,60,2022-07-10,142.11893784672554,,0.0,1,0
39,True,Crawfordsville|4351|4|17,Crawfordsville,4351,4,17,B105 X 3IIH6,60,2022-07-10,142.29039044857183,,0.0,1,0
40,True,Crawfordsville|4353|17|44,Crawfordsville,4353,17,44,PHZ51 X LH145,60,2022-07-10,142.36728361639405,,0.0,1,0
41,True,Crawfordsville|4353|17|46,Crawfordsville,4353,17,46,PHP02 X PHB47,60,2022-07-10,143.2137931261457,,0.0,1,0
42,True,Crawfordsville|4353|36|46,Crawfordsville,4353,36,46,LH185 X LH145,60,2022-07-10,143.32382898578118,,0.0,1,0
43,True,Crawfordsville|4352|18|2,Crawfordsville,4352,18,2,B73 X PHZ51,60,2022-07-10,143.5121470983417,,0.0,1,0
44,True,Crawfordsville|4353|3|43,Crawfordsville,4353,3,43,B105 X 3IIH6,60,2022-07-10,143.5190326813493,,0.0,1,0
45,True,Crawfordsville|4351|18|18,Crawfordsville,4351,18,18,B37 X OH43,60,2022-07-10,143.54406188227819,,0.0,1,0
46,True,Crawfordsville|4351|11|15,Crawfordsville,4351,11,15,LH82 X PHB47,60,2022-07-10,143.69914072313782,,0.0,1,0
47,True,Crawfordsville|4352|13|8,Crawfordsville,4352,13,8,LH123HT X PHB47,60,2022-07-10,143.73719046371045,,0.0,1,0
48,True,Crawfordsville|4351|13|19,Crawfordsville,4351,13,19,PHZ51 X LH145,60,2022-07-10,143.80104064118842,,0.0,1,0
49,True,Crawfordsville|4351|16|19,Crawfordsville,4351,16,19,B105 X 3IIH6,60,2022-07-10,144.03378297116,,0.0,1,0
50,False,Crawfordsville|4353|23|46,Crawfordsville,4353,23,46,B37 X MO17,60,2022-07-10,144.0792202856071,,0.0,1,0
51,False,Crawfordsville|4351|15|15,Crawfordsville,4351,15,15,PHP02 X LH82,60,2022-07-10,144.15851088198903,,0.0,1,0
52,False,Crawfordsville|4351|20|15,Crawfordsville,4351,20,15,2369 X PHZ51,60,2022-07-10,144.17411406069562,,0.0,1,0
53,False,Crawfordsville|4352|4|7,Crawfordsville,4352,4,7,B37 X OH43,60,2022-07-10,144.20712820651374,,0.0,1,0
54,False,Crawfordsville|4353|25|45,Crawfordsville,4353,25,45,F42 X OH43,60,2022-07-10,144.2832610256696,,0.0,1,0
55,False,Crawfordsville|4352|16|3,Crawfordsville,4352,16,3,F42 X OH43,60,2022-07-10,144.2837503018015,,0.0,1,0
56,False,Crawfordsville|4351|18|16,Crawfordsville,4351,18,16,PHK76 X W606S,60,2022-07-10,144.29085875340738,,0.0,1,0
57,False,Crawfordsville|4352|13|7,Crawfordsville,4352,13,7,PHZ51 X LH145,60,2022-07-10,144.31110383611173,,0.0,1,0
58,False,Crawfordsville|4352|5|9,Crawfordsville,4352,5,9,PHP02 X PHB47,60,2022-07-10,144.49288455861634,,0.0,1,0
59,False,Crawfordsville|4352|10|5,Crawfordsville,4352,10,5,PHZ51 X LH145,60,2022-07-10,144.55173497415444,,0.0,1,0
60,False,Crawfordsville|4353|17|42,Crawfordsville,4353,17,42,B37 X OH43,60,2022-07-10,144.56277544214066,,0.0,1,0
61,False,Crawfordsville|4351|15|14,Crawfordsville,4351,15,14,F42 X OH43,60,2022-07-10,144.5856403636191,,0.0,1,0
62,False,Crawfordsville|4351|21|17,Crawfordsville,4351,21,17,PHP02 X PHG47,60,2022-07-10,144.69970875122257,,0.0,1,0
63,False,Crawfordsville|4351|14|17,Crawfordsville,4351,14,17,LH123HT X PHB47,60,2022-07-10,144.75662608459038,,0.0,1,0
64,False,Crawfordsville|4352|23|3,Crawfordsville,4352,23,3,PHP02 X PHB47,60,2022-07-10,144.8611056158052,,0.0,1,0
65,False,Crawfordsville|4352|19|3,Crawfordsville,4352,19,3,B37 X MO17,60,2022-07-10,144.92120890697788,,0.0,1,0
66,False,Crawfordsville|4353|28|43,Crawfordsville,4353,28,43,LH195 X LH185,60,2022-07-10,144.9716629370979,,0.0,1,0
67,False,Crawfordsville|4351|6|19,Crawfordsville,4351,6,19,PHP02 X PHJ89,60,2022-07-10,145.1795006527636,,0.0,1,0
68,False,Crawfordsville|4351|17|20,Crawfordsville,4351,17,20,B37 X MO17,60,2022-07-10,145.20317421742612,,0.0,1,0
69,False,Crawfordsville|4351|21|15,Crawfordsville,4351,21,15,B73 X MO17,60,2022-07-10,145.24309782567414,,0.0,1,0
70,False,Crawfordsville|4353|25|43,Crawfordsville,4353,25,43,PHK56 X LH145,60,2022-07-10,145.36737004126232,,0.0,1,0
71,False,Crawfordsville|4351|9|20,Crawfordsville,4351,9,20,LH123HT X 3IIH6,60,2022-07-10,145.36847971049718,,0.0,1,0
72,False,Crawfordsville|4351|11|18,Crawfordsville,4351,11,18,B37 X OH43,60,2022-07-10,145.3744526468054,,0.0,1,0
73,False,Crawfordsville|4352|19|7,Crawfordsville,4352,19,7,PHP02 X LH82,60,2022-07-10,145.4635264665638,,0.0,1,0
74,False,Crawfordsville|4351|7|14,Crawfordsville,4351,7,14,2369 X PHP02,60,2022-07-10,145.56819176901828,,0.0,1,0
75,False,Crawfordsville|4353|9|44,Crawfordsville,4353,9,44,F42 X OH43,60,2022-07-10,145.60321978387873,,0.0,1,0
76,False,Crawfordsville|4351|17|19,Crawfordsville,4351,17,19,LH195 X PHZ51,60,2022-07-10,145.6168873470363,,0.0,1,0
77,False,Crawfordsville|4352|3|4,Crawfordsville,4352,3,4,F42 X OH43,60,2022-07-10,145.64097863922464,,0.0,1,0
78,False,Crawfordsville|4351|8|16,Crawfordsville,4351,8,16,LH74 X PHM49,60,2022-07-10,145.6443076773909,,0.0,1,0
79,False,Crawfordsville|4351|14|15,Crawfordsville,4351,14,15,PHP02 X PHN46,60,2022-07-10,145.74420926187395,,0.0,1,0
80,False,Crawfordsville|4351|8|17,Crawfordsville,4351,8,17,PHP02 X PHN46,60,2022-07-10,145.74420926187395,,0.0,1,0
81,False,Crawfordsville|4351|22|18,Crawfordsville,4351,22,18,B73 X PHZ51,60,2022-07-10,145.79205814124117,,0.0,1,0
82,False,Crawfordsville|4353|20|46,Crawfordsville,4353,20,46,2369 X LH123HT,60,2022-07-10,145.79498899971895,,0.0,1,0
83,False,Crawfordsville|4351|10|20,Crawfordsville,4351,10,20,B73 X PHZ51,60,2022-07-10,145.90328937575367,,0.0,1,0
84,False,Crawfordsville|4353|10|46,Crawfordsville,4353,10,46,B73 X PHZ51,60,2022-07-10,145.94801088681655,,0.0,1,0
85,False,Crawfordsville|4353|4|44,Crawfordsville,4353,4,44,LH123HT X 3IIH6,60,2022-07-10,145.94802168611773,,0.0,1,0
86,False,Crawfordsville|4352|4|8,Crawfordsville,4352,4,8,2369 X PHP02,60,2022-07-10,145.9550799039933,,0.0,1,0
87,False,Crawfordsville|4351|21|20,Crawfordsville,4351,21,20,LH198 X PHZ51,60,2022-07-10,145.95585277363557,,0.0,1,0
88,False,Crawfordsville|4351|13|13,Crawfordsville,4351,13,13,LH185 X LH145,60,2022-07-10,146.01622880688842,,0.0,1,0
89,False,Crawfordsville|4353|32|46,Crawfordsville,4353,32,46,2369 X PHZ51,60,2022-07-10,146.18206465758186,,0.0,1,0
90,False,Crawfordsville|4352|21|2,Crawfordsville,4352,21,2,LH82 X PHB47,60,2022-07-10,146.21241530677312,,0.0,1,0
91,False,Crawfordsville|4351|17|15,Crawfordsville,4351,17,15,LH82 X PHB47,60,2022-07-10,146.251256578761,,0.0,1,0
92,False,Crawfordsville|4351|8|15,Crawfordsville,4351,8,15,PHP02 X PHK76,60,2022-07-10,146.46307070592272,,0.0,1,0
93,False,Crawfordsville|4351|18|20,Crawfordsville,4351,18,20,PHB47 X PHJ89,60,2022-07-10,146.59160478948166,,0.0,1,0
94,False,Crawfordsville|4351|4|14,Crawfordsville,4351,4,14,LH123HT X PHB47,60,2022-07-10,146.76614362152526,,0.0,1,0
95,False,Crawfordsville|4351|10|16,Crawfordsville,4351,10,16,F42 X MO17,60,2022-07-10,146.80694634945294,,0.0,1,0
96,False,Crawfordsville|4353|4|45,Crawfordsville,4353,4,45,PHP02 X LH82,60,2022-07-10,146.81280534302277,,0.0,1,0
97,False,Crawfordsville|4351|6|17,Crawfordsville,4351,6,17,LH195 X PHZ51,60,2022-07-10,146.85865116579893,,0.0,1,0
98,False,Crawfordsville|4351|3|19,Crawfordsville,4351,3,19,PHK76 X W606S,60,2022-07-10,146.8594434605211,,0.0,1,0
99,False,Crawfordsville|4351|20|18,Crawfordsville,4351,20,18,4N506 X 3IIH6,60,2022-07-10,146.8682613074832,,0.0,1,0
100,False,Crawfordsville|4353|20|44,Crawfordsville,4353,20,44,PHP02 X PHN46,60,2022-07-10,146.93391364019567,,0.0,1,0
101,False,Crawfordsville|4351|11|14,Crawfordsville,4351,11,14,PHP02 X PHK56,60,2022-07-10,146.99460294667227,,0.0,1,0
102,False,Crawfordsville|4352|11|6,Crawfordsville,4352,11,6,PHK56 X 3IIH6,60,2022-07-10,147.05389674109182,,0.0,1,0
103,False,Crawfordsville|4351|21|18,Crawfordsville,4351,21,18,LH195 X LH185,60,2022-07-10,147.1244065876336,,0.0,1,0
104,False,Crawfordsville|4352|20|9,Crawfordsville,4352,20,9,B105 X 3IIH6,60,2022-07-10,147.12732988698696,,0.0,1,0
105,False,Crawfordsville|4353|21|44,Crawfordsville,4353,21,44,PHP02 X LH185,60,2022-07-10,147.1382294156287,,0.0,1,0
106,False,Crawfordsville|4352|21|4,Crawfordsville,4352,21,4,PHK56 X LH198,60,2022-07-10,147.15280741375733,,0.0,1,0
107,False,Crawfordsville|4351|18|19,Crawfordsville,4351,18,19,B14A X MO17,60,2022-07-10,147.2223510132132,,0.0,1,0
108,False,Crawfordsville|4353|14|44,Crawfordsville,4353,14,44,LH198 X PHZ51,60,2022-07-10,147.2461246548557,,0.0,1,0
109,False,Crawfordsville|4353|28|45,Crawfordsville,4353,28,45,LH123HT X 3IIH6,60,2022-07-10,147.27705618344203,,0.0,1,0
110,False,Crawfordsville|4353|5|46,Crawfordsville,4353,5,46,LH82 X PHB47,60,2022-07-10,147.29172383161787,,0.0,1,0
111,False,Crawfordsville|4351|5|16,Crawfordsville,4351,5,16,PHK56 X 3IIH6,60,2022-07-10,147.4725929218886,,0.0,1,0
112,False,Crawfordsville|4353|15|45,Crawfordsville,4353,15,45,PHP02 X PHN46,60,2022-07-10,147.49781218881319,,0.0,1,0
113,False,Crawfordsville|4353|5|44,Crawfordsville,4353,5,44,LH195 X LH185,60,2022-07-10,147.50439868271351,,0.0,1,0
114,False,Crawfordsville|4353|27|46,Crawfordsville,4353,27,46,PHZ51 X LH145,60,2022-07-10,147.51764667368343,,0.0,1,0
115,False,Crawfordsville|4352|10|8,Crawfordsville,4352,10,8,B105 X 3IIH6,60,2022-07-10,147.52706707100472,,0.0,1,0
116,False,Crawfordsville|4353|12|45,Crawfordsville,4353,12,45,B14A X MO17,60,2022-07-10,147.55381895856237,,0.0,1,0
117,False,Crawfordsville|4353|29|45,Crawfordsville,4353,29,45,PHJ40 X LH82,60,2022-07-10,147.55544597811274,,0.0,1,0
118,False,Crawfordsville|4351|12|15,Crawfordsville,4351,12,15,PHP02 X LH82,60,2022-07-10,147.58414224894273,,0.0,1,0
119,False,Crawfordsville|4351|5|14,Crawfordsville,4351,5,14,B73 X PHM49,60,2022-07-10,147.64460927345505,,0.0,1,0
120,False,Crawfordsville|4351|5|15,Crawfordsville,4351,5,15,PHP02 X LH185,60,2022-07-10,147.64716660307488,,0.0,1,0
121,False,Crawfordsville|4353|4|42,Crawfordsville,4353,4,42,PHP02 X PHJ89,60,2022-07-10,147.73567161617163,,0.0,1,0
122,False,Crawfordsville|4351|5|13,Crawfordsville,4351,5,13,PHW52 X LH185,60,2022-07-10,147.75932759379032,,0.0,1,0
123,False,Crawfordsville|4351|16|14,Crawfordsville,4351,16,14,LH123HT X 3IIH6,60,2022-07-10,147.76094787733717,,0.0,1,0
124,False,Crawfordsville|4351|9|13,Crawfordsville,4351,9,13,LH195 X LH123HT,60,2022-07-10,147.78559613504513,,0.0,1,0
125,False,Crawfordsville|4351|12|14,Crawfordsville,4351,12,14,B73 X PHN82,60,2022-07-10,147.93927605967517,,0.0,1,0
126,False,Crawfordsville|4351|5|17,Crawfordsville,4351,5,17,PHK56 X LH185,60,2022-07-10,147.93997218895277,,0.0,1,0
127,False,Crawfordsville|4351|5|20,Crawfordsville,4351,5,20,PHJ40 X LH82,60,2022-07-10,147.9663971596077,,0.0,1,0
128,False,Crawfordsville|4351|20|16,Crawfordsville,4351,20,16,PHJ40 X LH82,60,2022-07-10,147.99749649496357,,0.0,1,0
129,False,Crawfordsville|4351|6|14,Crawfordsville,4351,6,14,LH82 X W606S,60,2022-07-10,148.15196760918334,,0.0,1,0
130,False,Crawfordsville|4353|35|46,Crawfordsville,4353,35,46,PHB47 X PHJ89,60,2022-07-10,148.1599311879012,,0.0,1,0
131,False,Crawfordsville|4351|16|13,Crawfordsville,4351,16,13,LH195 X LH123HT,60,2022-07-10,148.1860735253446,,0.0,1,0
132,False,Crawfordsville|4351|3|16,Crawfordsville,4351,3,16,LH195 X LH185,60,2022-07-10,148.1914971209929,,0.0,1,0
133,False,Crawfordsville|4351|7|16,Crawfordsville,4351,7,16,PHP02 X PHG47,60,2022-07-10,148.24431331310933,,0.0,1,0
134,False,Crawfordsville|4351|22|14,Crawfordsville,4351,22,14,2FACC X 3IIH6,60,2022-07-10,148.2714737141614,,0.0,1,0
135,False,Crawfordsville|4351|15|20,Crawfordsville,4351,15,20,PHT69 X 3IIH6,60,2022-07-10,148.28029246357457,,0.0,1,0
136,False,Crawfordsville|4353|34|42,Crawfordsville,4353,34,42,PHP02 X PHG47,60,2022-07-10,148.28385697046042,,0.0,1,0
137,False,Crawfordsville|4351|9|16,Crawfordsville,4351,9,16,B84 X 3IIH6,60,2022-07-10,148.3149540157003,,0.0,1,0
138,False,Crawfordsville|4351|17|17,Crawfordsville,4351,17,17,PHP02 X LH185,60,2022-07-10,148.32235552495692,,0.0,1,0
139,False,Crawfordsville|4353|14|42,Crawfordsville,4353,14,42,LH195 X PHZ51,60,2022-07-10,148.3232355478435,,0.0,1,0
140,False,Crawfordsville|4352|3|5,Crawfordsville,4352,3,5,LH195 X LH185,60,2022-07-10,148.33425500397732,,0.0,1,0
141,False,Crawfordsville|4352|19|6,Crawfordsville,4352,19,6,B73 X MO17,60,2022-07-10,148.3800249718248,,0.0,1,0
142,False,Crawfordsville|4351|7|18,Crawfordsville,4351,7,18,LH198 X PHZ51,60,2022-07-10,148.4162611174482,,0.0,1,0
143,False,Crawfordsville|4352|23|6,Crawfordsville,4352,23,6,PHP02 X PHN46,60,2022-07-10,148.4182057545927,,0.0,1,0
144,False,Crawfordsville|4352|19|8,Crawfordsville,4352,19,8,4N506 X 3IIH6,60,2022-07-10,148.41915516225964,,0.0,1,0
145,False,Crawfordsville|4351|11|16,Crawfordsville,4351,11,16,PHN46 X PHK56,60,2022-07-10,148.48530679012825,,0.0,1,0
146,False,Crawfordsville|4353|8|46,Crawfordsville,4353,8,46,PHP02 X LH185,60,2022-07-10,148.4898661195657,,0.0,1,0
147,False,Crawfordsville|4352|12|3,Crawfordsville,4352,12,3,B37 X MO17,60,2022-07-10,148.49214826278427,,0.0,1,0
148,False,Crawfordsville|4351|22|19,Crawfordsville,4351,22,19,F42 X MO17,60,2022-07-10,148.49800286134627,,0.0,1,0
149,False,Crawfordsville|4351|6|18,Crawfordsville,4351,6,18,2369 X LH123HT,60,2022-07-10,148.5486967910948,,0.0,1,0
150,False,Crawfordsville|4353|31|43,Crawfordsville,4353,31,43,LH82 X PHB47,60,2022-07-10,148.5789658500278,,0.0,1,0
151,False,Crawfordsville|4351|23|15,Crawfordsville,4351,23,15,PHP02 X PHJ89,60,2022-07-10,148.5890824716358,,0.0,1,0
152,False,Crawfordsville|4351|8|13,Crawfordsville,4351,8,13,B73 X MO17,60,2022-07-10,148.6191433976249,,0.0,1,0
153,False,Crawfordsville|4352|10|7,Crawfordsville,4352,10,7,PHP02 X LH82,60,2022-07-10,148.66289731686462,,0.0,1,0
154,False,Crawfordsville|4353|35|45,Crawfordsville,4353,35,45,LH195 X PHZ51,60,2022-07-10,148.67086035429003,,0.0,1,0
155,False,Crawfordsville|4351|23|14,Crawfordsville,4351,23,14,PHK76 X LH82,60,2022-07-10,148.74613371549833,,0.0,1,0
156,False,Crawfordsville|4351|18|14,Crawfordsville,4351,18,14,PHK56 X LH198,60,2022-07-10,148.76165546085542,,0.0,1,0
157,False,Crawfordsville|4351|3|20,Crawfordsville,4351,3,20,N209 X 3IIH6,60,2022-07-10,148.80661788854135,,0.0,1,0
158,False,Crawfordsville|4352|9|4,Crawfordsville,4352,9,4,PHK76 X W606S,60,2022-07-10,148.81288213616506,,0.0,1,0
159,False,Crawfordsville|4352|13|9,Crawfordsville,4352,13,9,LH185 X LH145,60,2022-07-10,148.8521281090591,,0.0,1,0
160,False,Crawfordsville|4353|22|46,Crawfordsville,4353,22,46,PHG39 X PHN82,60,2022-07-10,148.8810422301957,,0.0,1,0
161,False,Crawfordsville|4353|4|43,Crawfordsville,4353,4,43,N209 X 3IIH6,60,2022-07-10,148.91985318490578,,0.0,1,0
162,False,Crawfordsville|4352|9|7,Crawfordsville,4352,9,7,2369 X LH123HT,60,2022-07-10,148.9338372941614,,0.0,1,0
163,False,Crawfordsville|4352|4|9,Crawfordsville,4352,4,9,PHK76 X LH82,60,2022-07-10,148.9564082970033,,0.0,1,0
164,False,Crawfordsville|4351|3|18,Crawfordsville,4351,3,18,PHK76 X 3IIH6,60,2022-07-10,148.9597916419651,,0.0,1,0
165,False,Crawfordsville|4353|24|42,Crawfordsville,4353,24,42,F42 X MO17,60,2022-07-10,148.97965986751453,,0.0,1,0
166,False,Crawfordsville|4351|7|13,Crawfordsville,4351,7,13,2FACC X 3IIH6,60,2022-07-10,149.01609914571034,,0.0,1,0
167,False,Crawfordsville|4351|13|15,Crawfordsville,4351,13,15,PHK56 X LH185,60,2022-07-10,149.02390877253038,,0.0,1,0
168,False,Crawfordsville|4353|3|42,Crawfordsville,4353,3,42,LH123HT X PHB47,60,2022-07-10,149.02751860027573,,0.0,1,0
169,False,Crawfordsville|4352|15|7,Crawfordsville,4352,15,7,PHB47 X PHJ89,60,2022-07-10,149.06567305097877,,0.0,1,0
170,False,Crawfordsville|4351|8|20,Crawfordsville,4351,8,20,2369 X PHZ51,60,2022-07-10,149.08746501267223,,0.0,1,0
171,False,Crawfordsville|4353|13|44,Crawfordsville,4353,13,44,B37 X MO17,60,2022-07-10,149.10831931520778,,0.0,1,0
172,False,Crawfordsville|4352|3|6,Crawfordsville,4352,3,6,B14A X MO17,60,2022-07-10,149.12820730334468,,0.0,1,0
173,False,Crawfordsville|4353|19|42,Crawfordsville,4353,19,42,LH195 X LH123HT,60,2022-07-10,149.15501771777463,,0.0,1,0
174,False,Crawfordsville|4351|10|15,Crawfordsville,4351,10,15,PHT69 X 3IIH6,60,2022-07-10,149.16906295003722,,0.0,1,0
175,False,Crawfordsville|4352|17|8,Crawfordsville,4352,17,8,PHK56 X LH82,60,2022-07-10,149.17199898099832,,0.0,1,0
176,False,Crawfordsville|4353|34|46,Crawfordsville,4353,34,46,B14A X MO17,60,2022-07-10,149.17596945803032,,0.0,1,0
177,False,Crawfordsville|4352|15|9,Crawfordsville,4352,15,9,LH195 X LH185,60,2022-07-10,149.1842855154591,,0.0,1,0
178,False,Crawfordsville|4352|9|8,Crawfordsville,4352,9,8,LH195 X LH123HT,60,2022-07-10,149.1928544522866,,0.0,1,0
179,False,Crawfordsville|4352|10|3,Crawfordsville,4352,10,3,PHJ40 X LH82,60,2022-07-10,149.2018218611401,,0.0,1,0
180,False,Crawfordsville|4353|29|44,Crawfordsville,4353,29,44,B73 X PHZ51,60,2022-07-10,149.2446013148201,,0.0,1,0
181,False,Crawfordsville|4352|9|6,Crawfordsville,4352,9,6,LH195 X PHZ51,60,2022-07-10,149.24609479865822,,0.0,1,0
182,False,Crawfordsville|4351|9|19,Crawfordsville,4351,9,19,PHK56 X W606S,60,2022-07-10,149.28937121142604,,0.0,1,0
183,False,Crawfordsville|4352|7|9,Crawfordsville,4352,7,9,B73 X MO17,60,2022-07-10,149.29142854436506,,0.0,1,0
184,False,Crawfordsville|4352|12|8,Crawfordsville,4352,12,8,PHP02 X PHN46,60,2022-07-10,149.302509639604,,0.0,1,0
185,False,Crawfordsville|4352|16|2,Crawfordsville,4352,16,2,PHK76 X 3IIH6,60,2022-07-10,149.3524415228704,,0.0,1,0
186,False,Crawfordsville|4351|14|20,Crawfordsville,4351,14,20,PHW52 X PHZ51,60,2022-07-10,149.37082266877445,,0.0,1,0
187,False,Crawfordsville|4352|17|7,Crawfordsville,4352,17,7,2369 X PHP02,60,2022-07-10,149.37271898549847,,0.0,1,0
188,False,Crawfordsville|4352|4|5,Crawfordsville,4352,4,5,PHP02 X PHK76,60,2022-07-10,149.39050552038427,,0.0,1,0
189,False,Crawfordsville|4353|33|43,Crawfordsville,4353,33,43,LH198 X PHZ51,60,2022-07-10,149.41348440293376,,0.0,1,0
190,False,Crawfordsville|4352|20|5,Crawfordsville,4352,20,5,LH198 X PHZ51,60,2022-07-10,149.4137362553879,,0.0,1,0
191,False,Crawfordsville|4353|30|45,Crawfordsville,4353,30,45,PHK76 X W606S,60,2022-07-10,149.43972417790488,,0.0,1,0
192,False,Crawfordsville|4352|22|6,Crawfordsville,4352,22,6,LH185 X W606S,60,2022-07-10,149.4892284678811,,0.0,1,0
193,False,Crawfordsville|4352|15|5,Crawfordsville,4352,15,5,B37 X OH43,60,2022-07-10,149.50610603492262,,0.0,1,0
194,False,Crawfordsville|4352|12|5,Crawfordsville,4352,12,5,LH82 X W606S,60,2022-07-10,149.62412676866623,,0.0,1,0
195,False,Crawfordsville|4352|13|2,Crawfordsville,4352,13,2,PHK76 X W606S,60,2022-07-10,149.63177065593192,,0.0,1,0
196,False,Crawfordsville|4351|10|13,Crawfordsville,4351,10,13,LH195 X 3IIH6,60,2022-07-10,149.6753413065284,,0.0,1,0
197,False,Crawfordsville|4352|7|7,Crawfordsville,4352,7,7,PHW52 X PHZ51,60,2022-07-10,149.6946559177617,,0.0,1,0
198,False,Crawfordsville|4351|15|17,Crawfordsville,4351,15,17,PHP02 X W606S,60,2022-07-10,149.7181702506278,,0.0,1,0
199,False,Crawfordsville|4353|26|45,Crawfordsville,4353,26,45,PHK56 X LH185,60,2022-07-10,149.74183495881402,,0.0,1,0
200,False,Crawfordsville|4352|13|3,Crawfordsville,4352,13,3,PHP02 X PHJ89,60,2022-07-10,149.7467523876673,,0.0,1,0
201,False,Crawfordsville|4351|14|14,Crawfordsville,4351,14,14,PHK76 X 3IIH6,60,2022-07-10,149.75647095614204,,0.0,1,0
202,False,Crawfordsville|4351|17|16,Crawfordsville,4351,17,16,2369 X PHP02,60,2022-07-10,149.77747137596228,,0.0,1,0
203,False,Crawfordsville|4353|30|46,Crawfordsville,4353,30,46,B73 X MO17,60,2022-07-10,149.8018148588735,,0.0,1,0
204,False,Crawfordsville|4352|11|9,Crawfordsville,4352,11,9,LH185 X LH82,60,2022-07-10,149.83088795172623,,0.0,1,0
205,False,Crawfordsville|4352|6|8,Crawfordsville,4352,6,8,PHP02 X PHJ89,60,2022-07-10,149.8954969308088,,0.0,1,0
206,False,Crawfordsville|4351|23|18,Crawfordsville,4351,23,18,LH185 X LH82,60,2022-07-10,149.91090082610037,,0.0,1,0
207,False,Crawfordsville|4351|17|18,Crawfordsville,4351,17,18,2369 X LH123HT,60,2022-07-10,149.94379367556374,,0.0,1,0
208,False,Crawfordsville|4351|12|16,Crawfordsville,4351,12,16,LH82 X PHJ89,60,2022-07-10,149.96230558299047,,0.0,1,0
209,False,Crawfordsville|4351|3|17,Crawfordsville,4351,3,17,LH198 X PHB47,60,2022-07-10,149.96230558299047,,0.0,1,0
210,False,Crawfordsville|4353|36|45,Crawfordsville,4353,36,45,PHP02 X LH198,60,2022-07-10,149.968105174933,,0.0,1,0
211,False,Crawfordsville|4352|2|2,Crawfordsville,4352,2,2,PHW52 X LH185,60,2022-07-10,149.9783034783904,,0.0,1,0
212,False,Crawfordsville|4351|22|16,Crawfordsville,4351,22,16,PHK56 X W606S,60,2022-07-10,150.00605274164263,,0.0,1,0
213,False,Crawfordsville|4353|22|44,Crawfordsville,4353,22,44,PHP02 X PHK56,60,2022-07-10,150.01710956858474,,0.0,1,0
214,False,Crawfordsville|4353|6|42,Crawfordsville,4353,6,42,PHJ40 X LH82,60,2022-07-10,150.03009979235512,,0.0,1,0
215,False,Crawfordsville|4351|5|18,Crawfordsville,4351,5,18,PHN46 X W606S,60,2022-07-10,150.0339665421205,,0.0,1,0
216,False,Crawfordsville|4352|11|8,Crawfordsville,4352,11,8,PHB47 X LH185,60,2022-07-10,150.03469621864195,,0.0,1,0
217,False,Crawfordsville|4353|27|44,Crawfordsville,4353,27,44,LH123HT X PHB47,60,2022-07-10,150.0369957843643,,0.0,1,0
218,False,Crawfordsville|4352|23|7,Crawfordsville,4352,23,7,PHT69 X 3IIH6,60,2022-07-10,150.04668167538182,,0.0,1,0
219,False,Crawfordsville|4353|7|44,Crawfordsville,4353,7,44,PHP02 X LH198,60,2022-07-10,150.0515068629126,,0.0,1,0
220,False,Crawfordsville|4352|21|5,Crawfordsville,4352,21,5,PHK56 X LH145,60,2022-07-10,150.05200598506048,,0.0,1,0
221,False,Crawfordsville|4352|22|5,Crawfordsville,4352,22,5,LH195 X LH123HT,60,2022-07-10,150.05850607463643,,0.0,1,0
222,False,Crawfordsville|4353|18|46,Crawfordsville,4353,18,46,PHK76 X 3IIH6,60,2022-07-10,150.06128611302285,,0.0,1,0
223,False,Crawfordsville|4352|18|3,Crawfordsville,4352,18,3,PHK76 X LH198,60,2022-07-10,150.06524068811095,,0.0,1,0
224,False,Crawfordsville|4352|16|8,Crawfordsville,4352,16,8,PHP02 X LH185,60,2022-07-10,150.07715833729793,,0.0,1,0
225,False,Crawfordsville|4352|14|5,Crawfordsville,4352,14,5,PHP02 X LH198,60,2022-07-10,150.1201949248114,,0.0,1,0
226,False,Crawfordsville|4352|12|7,Crawfordsville,4352,12,7,B73 X PHZ51,60,2022-07-10,150.12350970221806,,0.0,1,0
227,False,Crawfordsville|4352|12|2,Crawfordsville,4352,12,2,LH123HT X 3IIH6,60,2022-07-10,150.13191383253093,,0.0,1,0
228,False,Crawfordsville|4351|12|19,Crawfordsville,4351,12,19,PHB47 X LH185,60,2022-07-10,150.1466680079456,,0.0,1,0
229,False,Crawfordsville|4352|8|6,Crawfordsville,4352,8,6,PHT69 X 3IIH6,60,2022-07-10,150.1581705547645,,0.0,1,0
230,False,Crawfordsville|4353|21|46,Crawfordsville,4353,21,46,PHP02 X LH82,60,2022-07-10,150.17754113026294,,0.0,1,0
231,False,Crawfordsville|4352|5|5,Crawfordsville,4352,5,5,F42 X MO17,60,2022-07-10,150.18535231729857,,0.0,1,0
232,False,Crawfordsville|4353|4|46,Crawfordsville,4353,4,46,LH74 X PHM49,60,2022-07-10,150.21639735590296,,0.0,1,0
233,False,Crawfordsville|4351|22|20,Crawfordsville,4351,22,20,PHN46 X W606S,60,2022-07-10,150.22185943846767,,0.0,1,0
234,False,Crawfordsville|4352|21|8,Crawfordsville,4352,21,8,PHN46 X W606S,60,2022-07-10,150.22631141028467,,0.0,1,0
235,False,Crawfordsville|4353|30|43,Crawfordsville,4353,30,43,PHT69 X 3IIH6,60,2022-07-10,150.23280959261803,,0.0,1,0
236,False,Crawfordsville|4352|14|9,Crawfordsville,4352,14,9,LH195 X PHZ51,60,2022-07-10,150.2336476219326,,0.0,1,0
237,False,Crawfordsville|4353|35|42,Crawfordsville,4353,35,42,PHK76 X 3IIH6,60,2022-07-10,150.23732982716552,,0.0,1,0
238,False,Crawfordsville|4353|33|46,Crawfordsville,4353,33,46,4N506 X 3IIH6,60,2022-07-10,150.25662671665495,,0.0,1,0
239,False,Crawfordsville|4353|21|42,Crawfordsville,4353,21,42,LH82 X W606S,60,2022-07-10,150.26123833376994,,0.0,1,0
240,False,Crawfordsville|4352|17|3,Crawfordsville,4352,17,3,PHJ40 X LH82,60,2022-07-10,150.27848521501284,,0.0,1,0
241,False,Crawfordsville|4353|10|45,Crawfordsville,4353,10,45,PHP02 X PHG47,60,2022-07-10,150.28904548049172,,0.0,1,0
242,False,Crawfordsville|4351|2|14,Crawfordsville,4351,2,14,2369 X PHN82,60,2022-07-10,150.29338704983954,,0.0,1,0
243,False,Crawfordsville|4352|17|4,Crawfordsville,4352,17,4,LH185 X LH82,60,2022-07-10,150.33474760130966,,0.0,1,0
244,False,Crawfordsville|4351|22|13,Crawfordsville,4351,22,13,B73 X 3IIH6,60,2022-07-10,150.3392425839704,,0.0,1,0
245,False,Crawfordsville|4352|14|6,Crawfordsville,4352,14,6,LH145 X LH162,60,2022-07-10,150.34144221139883,,0.0,1,0
246,False,Crawfordsville|4351|18|13,Crawfordsville,4351,18,13,LH74 X PHM49,60,2022-07-10,150.34617312076847,,0.0,1,0
247,False,Crawfordsville|4352|21|9,Crawfordsville,4352,21,9,2369 X PHZ51,60,2022-07-10,150.36460005913673,,0.0,1,0
248,False,Crawfordsville|4352|15|8,Crawfordsville,4352,15,8,LH82 X W606S,60,2022-07-10,150.36547147284267,,0.0,1,0
249,False,Crawfordsville|4352|4|6,Crawfordsville,4352,4,6,LH145 X LH162,60,2022-07-10,150.40230416848794,,0.0,1,0
250,False,Crawfordsville|4351|8|14,Crawfordsville,4351,8,14,B14A X MO17,60,2022-07-10,150.47972543294782,,0.0,1,0
251,False,Crawfordsville|4353|19|46,Crawfordsville,4353,19,46,LH198 X PHB47,60,2022-07-10,150.48214008078003,,0.0,1,0
252,False,Crawfordsville|4351|21|16,Crawfordsville,4351,21,16,PIONEER P0589 AMXT,60,2022-07-10,150.5527135773504,,0.0,1,0
253,False,Crawfordsville|4353|22|42,Crawfordsville,4353,22,42,PHW52 X LH185,60,2022-07-10,150.56141447527222,,0.0,1,0
254,False,Crawfordsville|4352|16|9,Crawfordsville,4352,16,9,LH198 X PHB47,60,2022-07-10,150.60681394210485,,0.0,1,0
255,False,Crawfordsville|4351|14|18,Crawfordsville,4351,14,18,LH74 X PHN82,60,2022-07-10,150.66271735046212,,0.0,1,0
256,False,Crawfordsville|4352|17|2,Crawfordsville,4352,17,2,F42 X MO17,60,2022-07-10,150.68129948443416,,0.0,1,0
257,False,Crawfordsville|4352|2|7,Crawfordsville,4352,2,7,PHK76 X 3IIH6,60,2022-07-10,150.71331626716378,,0.0,1,0
258,False,Crawfordsville|4352|7|3,Crawfordsville,4352,7,3,LH82 X PHJ89,60,2022-07-10,150.7241173945095,,0.0,1,0
259,False,Crawfordsville|4353|16|46,Crawfordsville,4353,16,46,PHK56 X 3IIH6,60,2022-07-10,150.78550227494588,,0.0,1,0
260,False,Crawfordsville|4352|13|5,Crawfordsville,4352,13,5,PHK56 X W606S,60,2022-07-10,150.82120356968883,,0.0,1,0
261,False,Crawfordsville|4351|13|18,Crawfordsville,4351,13,18,B84 X 3IIH6,60,2022-07-10,150.83168365147552,,0.0,1,0
262,False,Crawfordsville|4351|9|14,Crawfordsville,4351,9,14,LH185 X LH82,60,2022-07-10,150.84167990878066,,0.0,1,0
263,False,Crawfordsville|4353|19|45,Crawfordsville,4353,19,45,B73 X MO17,60,2022-07-10,150.8802327577773,,0.0,1,0
264,False,Crawfordsville|4353|15|43,Crawfordsville,4353,15,43,2369 X 3IIH6,60,2022-07-10,150.89517144551954,,0.0,1,0
265,False,Crawfordsville|4351|19|13,Crawfordsville,4351,19,13,LH82 X PHJ89,60,2022-07-10,150.91311191936967,,0.0,1,0
266,False,Crawfordsville|4351|9|18,Crawfordsville,4351,9,18,PHN46 X PHB47,60,2022-07-10,150.9147588338725,,0.0,1,0
267,False,Crawfordsville|4351|23|16,Crawfordsville,4351,23,16,PHK56 X LH145,60,2022-07-10,150.92101689654805,,0.0,1,0
268,False,Crawfordsville|4353|13|42,Crawfordsville,4353,13,42,PHK56 X PHJ89,60,2022-07-10,150.93353585773394,,0.0,1,0
269,False,Crawfordsville|4352|20|4,Crawfordsville,4352,20,4,PHB47 X 3IIH6,60,2022-07-10,150.94415111390066,,0.0,1,0
270,False,Crawfordsville|4351|6|20,Crawfordsville,4351,6,20,LH74 X PHN82,60,2022-07-10,150.95922754321043,,0.0,1,0
271,False,Crawfordsville|4353|3|46,Crawfordsville,4353,3,46,LH82 X W606S,60,2022-07-10,150.96884945516234,,0.0,1,0
272,False,Crawfordsville|4353|27|42,Crawfordsville,4353,27,42,PHK56 X 3IIH6,60,2022-07-10,150.96933320305644,,0.0,1,0
273,False,Crawfordsville|4353|32|42,Crawfordsville,4353,32,42,2369 X PHN82,60,2022-07-10,150.98233295099436,,0.0,1,0
274,False,Crawfordsville|4352|16|7,Crawfordsville,4352,16,7,2369 X LH123HT,60,2022-07-10,151.00966572035588,,0.0,1,0
275,False,Crawfordsville|4351|16|16,Crawfordsville,4351,16,16,PHN46 X PHB47,60,2022-07-10,151.06342670936147,,0.0,1,0
276,False,Crawfordsville|4351|22|17,Crawfordsville,4351,22,17,LH198 X PHB47,60,2022-07-10,151.06342670936147,,0.0,1,0
277,False,Crawfordsville|4353|5|45,Crawfordsville,4353,5,45,PHK76 X W606S,60,2022-07-10,151.0645726203503,,0.0,1,0
278,False,Crawfordsville|4351|14|19,Crawfordsville,4351,14,19,2369 X 3IIH6,60,2022-07-10,151.07087524509535,,0.0,1,0
279,False,Crawfordsville|4352|23|8,Crawfordsville,4352,23,8,PHW52 X PHN82,60,2022-07-10,151.0730982599643,,0.0,1,0
280,False,Crawfordsville|4351|4|15,Crawfordsville,4351,4,15,PHB47 X PHK56,60,2022-07-10,151.0804297131541,,0.0,1,0
281,False,Crawfordsville|4353|11|46,Crawfordsville,4353,11,46,PHW52 X LH185,60,2022-07-10,151.11038139748288,,0.0,1,0
282,False,Crawfordsville|4351|5|19,Crawfordsville,4351,5,19,PHB47 X 3IIH6,60,2022-07-10,151.12859190983937,,0.0,1,0
283,False,Crawfordsville|4352|17|5,Crawfordsville,4352,17,5,PHP02 X PHK56,60,2022-07-10,151.13353791297382,,0.0,1,0
284,False,Crawfordsville|4352|8|9,Crawfordsville,4352,8,9,LH123HT X PHB47,60,2022-07-10,151.26827658044962,,0.0,1,0
285,False,Crawfordsville|4353|33|42,Crawfordsville,4353,33,42,LH74 X PHM49,60,2022-07-10,151.27994818868925,,0.0,1,0
286,False,Crawfordsville|4352|3|2,Crawfordsville,4352,3,2,PHK56 X LH185,60,2022-07-10,151.30045664836933,,0.0,1,0
287,False,Crawfordsville|4353|16|44,Crawfordsville,4353,16,44,LH185 X LH82,60,2022-07-10,151.3092194513973,,0.0,1,0
288,False,Crawfordsville|4353|18|43,Crawfordsville,4353,18,43,PHB47 X PHK56,60,2022-07-10,151.34093860815716,,0.0,1,0
289,False,Crawfordsville|4351|20|13,Crawfordsville,4351,20,13,PHB47 X PHK56,60,2022-07-10,151.34625550768118,,0.0,1,0
290,False,Crawfordsville|4351|23|20,Crawfordsville,4351,23,20,PHP02 X LH198,60,2022-07-10,151.4200639548092,,0.0,1,0
291,False,Crawfordsville|4351|13|16,Crawfordsville,4351,13,16,HOEGEMEYER 8065RR,60,2022-07-10,151.42755401391406,,0.0,1,0
292,False,Crawfordsville|4352|16|4,Crawfordsville,4352,16,4,PHW52 X PHZ51,60,2022-07-10,151.43107730112865,,0.0,1,0
293,False,Crawfordsville|4351|19|17,Crawfordsville,4351,19,17,HOEGEMEYER 7089 AMXT,60,2022-07-10,151.4600651853375,,0.0,1,0
294,False,Crawfordsville|4351|19|19,Crawfordsville,4351,19,19,B73 X PHN82,60,2022-07-10,151.4795098938008,,0.0,1,0
295,False,Crawfordsville|4353|9|43,Crawfordsville,4353,9,43,4N506 X 3IIH6,60,2022-07-10,151.483881832743,,0.0,1,0
296,False,Crawfordsville|4351|16|20,Crawfordsville,4351,16,20,N209 X 3IIH6,60,2022-07-10,151.50256077819222,,0.0,1,0
297,False,Crawfordsville|4352|22|3,Crawfordsville,4352,22,3,PHK56 X 3IIH6,60,2022-07-10,151.50479959475865,,0.0,1,0
298,False,Crawfordsville|4351|9|15,Crawfordsville,4351,9,15,PHK76 X LH198,60,2022-07-10,151.51316359267003,,0.0,1,0
299,False,Crawfordsville|4351|2|17,Crawfordsville,4351,2,17,4N506 X 3IIH6,60,2022-07-10,151.5380940930918,,0.0,1,0
300,False,Crawfordsville|4351|16|18,Crawfordsville,4351,16,18,PHG39 X PHM49,60,2022-07-10,151.53829561023133,,0.0,1,0
301,False,Crawfordsville|4351|11|17,Crawfordsville,4351,11,17,2369 X 3IIH6,60,2022-07-10,151.5553453916467,,0.0,1,0
302,False,Crawfordsville|4353|19|43,Crawfordsville,4353,19,43,PHT69 X 3IIH6,60,2022-07-10,151.557203067485,,0.0,1,0
303,False,Crawfordsville|4352|2|8,Crawfordsville,4352,2,8,PHK56 X LH198,60,2022-07-10,151.5719402167938,,0.0,1,0
304,False,Crawfordsville|4351|8|18,Crawfordsville,4351,8,18,PHW52 X PHM49,60,2022-07-10,151.5724476070481,,0.0,1,0
305,False,Crawfordsville|4353|7|43,Crawfordsville,4353,7,43,PHK56 X W606S,60,2022-07-10,151.6342527862788,,0.0,1,0
306,False,Crawfordsville|4353|28|44,Crawfordsville,4353,28,44,LH74 X PHN82,60,2022-07-10,151.66624539062943,,0.0,1,0
307,False,Crawfordsville|4351|14|16,Crawfordsville,4351,14,16,PHK76 X LH198,60,2022-07-10,151.68042123317213,,0.0,1,0
308,False,Crawfordsville|4351|4|16,Crawfordsville,4351,4,16,PHW52 X PHN82,60,2022-07-10,151.72916744542297,,0.0,1,0
309,False,Crawfordsville|4351|21|19,Crawfordsville,4351,21,19,PHW52 X LH185,60,2022-07-10,151.7318998479248,,0.0,1,0
310,False,Crawfordsville|4352|3|8,Crawfordsville,4352,3,8,PHB47 X PHK56,60,2022-07-10,151.81322540400063,,0.0,1,0
311,False,Crawfordsville|4352|22|7,Crawfordsville,4352,22,7,B73 X 3IIH6,60,2022-07-10,151.82597812872567,,0.0,1,0
312,False,Crawfordsville|4352|11|5,Crawfordsville,4352,11,5,PHP02 X LH185,60,2022-07-10,151.88998953119184,,0.0,1,0
313,False,Crawfordsville|4352|6|9,Crawfordsville,4352,6,9,PHN46 X PHK56,60,2022-07-10,151.90392055810418,,0.0,1,0
314,False,Crawfordsville|4352|5|2,Crawfordsville,4352,5,2,2369 X 3IIH6,60,2022-07-10,151.92699859228054,,0.0,1,0
315,False,Crawfordsville|4352|7|2,Crawfordsville,4352,7,2,2369 X PHZ51,60,2022-07-10,151.92737019364571,,0.0,1,0
316,False,Crawfordsville|4352|7|8,Crawfordsville,4352,7,8,PHK56 X W606S,60,2022-07-10,151.96201462744995,,0.0,1,0
317,False,Crawfordsville|4352|12|6,Crawfordsville,4352,12,6,PHP02 X PHK56,60,2022-07-10,151.9775001741646,,0.0,1,0
318,False,Crawfordsville|4352|15|4,Crawfordsville,4352,15,4,B84 X 3IIH6,60,2022-07-10,151.98126063340757,,0.0,1,0
319,False,Crawfordsville|4351|23|17,Crawfordsville,4351,23,17,PHN46 X PHK56,60,2022-07-10,151.98206665541318,,0.0,1,0
320,False,Crawfordsville|4352|5|8,Crawfordsville,4352,5,8,PHP02 X PHG47,60,2022-07-10,151.99765652919282,,0.0,1,0
321,False,Crawfordsville|4353|26|42,Crawfordsville,4353,26,42,2369 X 3IIH6,60,2022-07-10,152.0241114568028,,0.0,1,0
322,False,Crawfordsville|4353|36|44,Crawfordsville,4353,36,44,B73 X 3IIH6,60,2022-07-10,152.03186542477695,,0.0,1,0
323,False,Crawfordsville|4352|2|6,Crawfordsville,4352,2,6,N209 X 3IIH6,60,2022-07-10,152.0321162472635,,0.0,1,0
324,False,Crawfordsville|4351|21|14,Crawfordsville,4351,21,14,PHG39 X PHN82,60,2022-07-10,152.0403771324644,,0.0,1,0
325,False,Crawfordsville|4351|19|16,Crawfordsville,4351,19,16,PHK56 X LH82,60,2022-07-10,152.05046896797742,,0.0,1,0
326,False,Crawfordsville|4353|16|45,Crawfordsville,4353,16,45,F42 X MO17,60,2022-07-10,152.05203161889676,,0.0,1,0
327,False,Crawfordsville|4353|3|44,Crawfordsville,4353,3,44,2369 X PHZ51,60,2022-07-10,152.06427497002935,,0.0,1,0
328,False,Crawfordsville|4351|15|18,Crawfordsville,4351,15,18,PHW52 X PHN82,60,2022-07-10,152.08188469955846,,0.0,1,0
329,False,Crawfordsville|4352|18|7,Crawfordsville,4352,18,7,PHK56 X LH185,60,2022-07-10,152.10916541707445,,0.0,1,0
330,False,Crawfordsville|4351|2|16,Crawfordsville,4351,2,16,PHK76 X LH82,60,2022-07-10,152.13345381519778,,0.0,1,0
331,False,Crawfordsville|4352|20|6,Crawfordsville,4352,20,6,LH123HT X 3IIH6,60,2022-07-10,152.14334501656873,,0.0,1,0
332,False,Crawfordsville|4352|15|2,Crawfordsville,4352,15,2,PHP02 X PHK76,60,2022-07-10,152.15410861294953,,0.0,1,0
333,False,Crawfordsville|4351|19|15,Crawfordsville,4351,19,15,2369 X PHN82,60,2022-07-10,152.15697512728903,,0.0,1,0
334,False,Crawfordsville|4352|8|2,Crawfordsville,4352,8,2,PHN46 X W606S,60,2022-07-10,152.1595792048733,,0.0,1,0
335,False,Crawfordsville|4351|2|20,Crawfordsville,4351,2,20,PIONEER 1311 AMXT,60,2022-07-10,152.1873095698416,,0.0,1,0
336,False,Crawfordsville|4353|32|45,Crawfordsville,4353,32,45,LH198 X PHB47,60,2022-07-10,152.19500587494076,,0.0,1,0
337,False,Crawfordsville|4353|12|43,Crawfordsville,4353,12,43,PHK56 X LH198,60,2022-07-10,152.19958716520443,,0.0,1,0
338,False,Crawfordsville|4351|11|13,Crawfordsville,4351,11,13,PHK56 X PHJ89,60,2022-07-10,152.2095082280287,,0.0,1,0
339,False,Crawfordsville|4353|31|45,Crawfordsville,4353,31,45,PHP02 X PHJ89,60,2022-07-10,152.21552180868323,,0.0,1,0
340,False,Crawfordsville|4352|9|5,Crawfordsville,4352,9,5,B73 X PHN82,60,2022-07-10,152.22597919806782,,0.0,1,0
341,False,Crawfordsville|4353|8|44,Crawfordsville,4353,8,44,PHW52 X PHM49,60,2022-07-10,152.2369352406659,,0.0,1,0
342,False,Crawfordsville|4352|6|5,Crawfordsville,4352,6,5,4N506 X 3IIH6,60,2022-07-10,152.23823648227307,,0.0,1,0
343,False,Crawfordsville|4353|30|44,Crawfordsville,4353,30,44,PHK56 X LH82,60,2022-07-10,152.26426750569345,,0.0,1,0
344,False,Crawfordsville|4351|10|17,Crawfordsville,4351,10,17,PHG39 X PHM49,60,2022-07-10,152.27563647694114,,0.0,1,0
345,False,Crawfordsville|4352|22|2,Crawfordsville,4352,22,2,PHB47 X LH185,60,2022-07-10,152.28706192219715,,0.0,1,0
346,False,Crawfordsville|4352|8|3,Crawfordsville,4352,8,3,PHW52 X PHN82,60,2022-07-10,152.3197213185328,,0.0,1,0
347,False,Crawfordsville|4351|19|14,Crawfordsville,4351,19,14,PHB47 X LH185,60,2022-07-10,152.3240188445463,,0.0,1,0
348,False,Crawfordsville|4352|7|6,Crawfordsville,4352,7,6,HOEGEMEYER 7089 AMXT,60,2022-07-10,152.35025427796202,,0.0,1,0
349,False,Crawfordsville|4353|18|44,Crawfordsville,4353,18,44,2369 X PHP02,60,2022-07-10,152.3683945216951,,0.0,1,0
350,False,Crawfordsville|4353|20|43,Crawfordsville,4353,20,43,B73 X PHN82,60,2022-07-10,152.39024041130045,,0.0,1,0
351,False,Crawfordsville|4352|14|4,Crawfordsville,4352,14,4,PIONEER P0589 AMXT,60,2022-07-10,152.39587148447967,,0.0,1,0
352,False,Crawfordsville|4353|32|44,Crawfordsville,4353,32,44,PHK56 X LH198,60,2022-07-10,152.3994218018282,,0.0,1,0
353,False,Crawfordsville|4351|21|13,Crawfordsville,4351,21,13,PHW52 X PHM49,60,2022-07-10,152.405004441514,,0.0,1,0
354,False,Crawfordsville|4353|17|45,Crawfordsville,4353,17,45,2369 X LH123HT,60,2022-07-10,152.44844472850886,,0.0,1,0
355,False,Crawfordsville|4353|26|43,Crawfordsville,4353,26,43,PHN46 X W606S,60,2022-07-10,152.47100245167155,,0.0,1,0
356,False,Crawfordsville|4351|2|15,Crawfordsville,4351,2,15,HOEGEMEYER 8065RR,60,2022-07-10,152.47570258202953,,0.0,1,0
357,False,Crawfordsville|4352|23|9,Crawfordsville,4352,23,9,N209 X 3IIH6,60,2022-07-10,152.48215110756794,,0.0,1,0
358,False,Crawfordsville|4353|25|42,Crawfordsville,4353,25,42,N209 X 3IIH6,60,2022-07-10,152.48601062123973,,0.0,1,0
359,False,Crawfordsville|4352|17|9,Crawfordsville,4352,17,9,HOEGEMEYER 7089 AMXT,60,2022-07-10,152.498922153451,,0.0,1,0
360,False,Crawfordsville|4351|12|17,Crawfordsville,4351,12,17,PHW52 X PHZ51,60,2022-07-10,152.50487459010787,,0.0,1,0
361,False,Crawfordsville|4352|8|8,Crawfordsville,4352,8,8,LH82 X PHB47,60,2022-07-10,152.54347746239523,,0.0,1,0
362,False,Crawfordsville|4353|13|46,Crawfordsville,4353,13,46,PHW52 X PHN82,60,2022-07-10,152.54514895482998,,0.0,1,0
363,False,Crawfordsville|4352|4|2,Crawfordsville,4352,4,2,LH198 X PHZ51,60,2022-07-10,152.5675070073653,,0.0,1,0
364,False,Crawfordsville|4351|23|19,Crawfordsville,4351,23,19,LH82 X W606S,60,2022-07-10,152.58873868209616,,0.0,1,0
365,False,Crawfordsville|4352|19|4,Crawfordsville,4352,19,4,PHK56 X PHJ89,60,2022-07-10,152.66018890714935,,0.0,1,0
366,False,Crawfordsville|4352|18|4,Crawfordsville,4352,18,4,PHP02 X PHG47,60,2022-07-10,152.68512036550044,,0.0,1,0
367,False,Crawfordsville|4352|14|8,Crawfordsville,4352,14,8,PHB47 X PHK56,60,2022-07-10,152.7260373798803,,0.0,1,0
368,False,Crawfordsville|4352|22|9,Crawfordsville,4352,22,9,PHN46 X PHB47,60,2022-07-10,152.7399251753518,,0.0,1,0
369,False,Crawfordsville|4352|2|4,Crawfordsville,4352,2,4,LH198 X PHB47,60,2022-07-10,152.7399251753518,,0.0,1,0
370,False,Crawfordsville|4353|28|46,Crawfordsville,4353,28,46,PHK76 X LH82,60,2022-07-10,152.77655729960975,,0.0,1,0
371,False,Crawfordsville|4353|34|43,Crawfordsville,4353,34,43,LH195 X 3IIH6,60,2022-07-10,152.78590939437572,,0.0,1,0
372,False,Crawfordsville|4353|21|43,Crawfordsville,4353,21,43,PHW52 X PHZ51,60,2022-07-10,152.83177283364037,,0.0,1,0
373,False,Crawfordsville|4352|21|6,Crawfordsville,4352,21,6,HOEGEMEYER 8065RR,60,2022-07-10,152.83379272764043,,0.0,1,0
374,False,Crawfordsville|4353|25|46,Crawfordsville,4353,25,46,PHK76 X LH198,60,2022-07-10,152.8396284584349,,0.0,1,0
375,False,Crawfordsville|4353|31|44,Crawfordsville,4353,31,44,PHB47 X 3IIH6,60,2022-07-10,152.86878359316222,,0.0,1,0
376,False,Crawfordsville|4351|15|16,Crawfordsville,4351,15,16,LH185 X W606S,60,2022-07-10,152.87739414924297,,0.0,1,0
377,False,Crawfordsville|4351|15|13,Crawfordsville,4351,15,13,PHK56 X PHJ89,60,2022-07-10,152.93426969854906,,0.0,1,0
378,False,Crawfordsville|4353|13|45,Crawfordsville,4353,13,45,PHP02 X PHK76,60,2022-07-10,152.94819530012,,0.0,1,0
379,False,Crawfordsville|4351|19|20,Crawfordsville,4351,19,20,B73 X PHM49,60,2022-07-10,152.96579537273175,,0.0,1,0
380,False,Crawfordsville|4353|29|43,Crawfordsville,4353,29,43,PHB47 X PHK56,60,2022-07-10,153.0634886253997,,0.0,1,0
381,False,Crawfordsville|4353|23|43,Crawfordsville,4353,23,43,PHN46 X PHB47,60,2022-07-10,153.09247213974805,,0.0,1,0
382,False,Crawfordsville|4351|20|17,Crawfordsville,4351,20,17,PHP02 X PHK76,60,2022-07-10,153.09820035010682,,0.0,1,0
383,False,Crawfordsville|4353|19|44,Crawfordsville,4353,19,44,B73 X 3IIH6,60,2022-07-10,153.13843433919976,,0.0,1,0
384,False,Crawfordsville|4351|11|20,Crawfordsville,4351,11,20,PHP02 X LH198,60,2022-07-10,153.14492149049835,,0.0,1,0
385,False,Crawfordsville|4353|9|45,Crawfordsville,4353,9,45,PHK76 X LH82,60,2022-07-10,153.1841750127143,,0.0,1,0
386,False,Crawfordsville|4351|18|15,Crawfordsville,4351,18,15,PHB47 X 3IIH6,60,2022-07-10,153.1997458047516,,0.0,1,0
387,False,Crawfordsville|4352|20|8,Crawfordsville,4352,20,8,2369 X 3IIH6,60,2022-07-10,153.20489906161484,,0.0,1,0
388,False,Crawfordsville|4351|7|19,Crawfordsville,4351,7,19,HOEGEMEYER 7089 AMXT,60,2022-07-10,153.2069971601959,,0.0,1,0
389,False,Crawfordsville|4353|8|45,Crawfordsville,4353,8,45,PHN46 X PHK56,60,2022-07-10,153.21292432156304,,0.0,1,0
390,False,Crawfordsville|4353|12|44,Crawfordsville,4353,12,44,PHG39 X PHM49,60,2022-07-10,153.21790501118326,,0.0,1,0
391,False,Crawfordsville|4353|31|42,Crawfordsville,4353,31,42,LH82 X PHJ89,60,2022-07-10,153.23557976960444,,0.0,1,0
392,False,Crawfordsville|4353|6|45,Crawfordsville,4353,6,45,LH82 X PHJ89,60,2022-07-10,153.23557976960444,,0.0,1,0
393,False,Crawfordsville|4353|28|42,Crawfordsville,4353,28,42,B73 X PHM49,60,2022-07-10,153.2620389309544,,0.0,1,0
394,False,Crawfordsville|4353|10|43,Crawfordsville,4353,10,43,PHN46 X PHB47,60,2022-07-10,153.3063052157149,,0.0,1,0
395,False,Crawfordsville|4353|24|45,Crawfordsville,4353,24,45,PHP02 X W606S,60,2022-07-10,153.3063052157149,,0.0,1,0
396,False,Crawfordsville|4353|20|42,Crawfordsville,4353,20,42,PHN46 X PHK56,60,2022-07-10,153.33722030641096,,0.0,1,0
397,False,Crawfordsville|4351|18|17,Crawfordsville,4351,18,17,PHP02 X PHK56,60,2022-07-10,153.44690242191143,,0.0,1,0
398,False,Crawfordsville|4353|33|44,Crawfordsville,4353,33,44,PHB47 X LH185,60,2022-07-10,153.4605851062469,,0.0,1,0
399,False,Crawfordsville|4352|4|4,Crawfordsville,4352,4,4,LH74 X PHN82,60,2022-07-10,153.55112700383734,,0.0,1,0
400,False,Crawfordsville|4352|11|4,Crawfordsville,4352,11,4,PHK56 X LH82,60,2022-07-10,153.5591278575636,,0.0,1,0
401,False,Crawfordsville|4353|9|46,Crawfordsville,4353,9,46,PHN46 X W606S,60,2022-07-10,153.56743503171515,,0.0,1,0
402,False,Crawfordsville|4353|18|42,Crawfordsville,4353,18,42,PHW52 X PHZ51,60,2022-07-10,153.58239772013735,,0.0,1,0
403,False,Crawfordsville|4353|20|45,Crawfordsville,4353,20,45,2369 X PHP02,60,2022-07-10,153.65840100037772,,0.0,1,0
404,False,Crawfordsville|4353|16|43,Crawfordsville,4353,16,43,2FACC X 3IIH6,60,2022-07-10,153.6750702956939,,0.0,1,0
405,False,Crawfordsville|4353|23|44,Crawfordsville,4353,23,44,PHK56 X PHJ89,60,2022-07-10,153.68306011165947,,0.0,1,0
406,False,Crawfordsville|4352|9|9,Crawfordsville,4352,9,9,PHK56 X PHJ89,60,2022-07-10,153.6889872620521,,0.0,1,0
407,False,Crawfordsville|4352|18|5,Crawfordsville,4352,18,5,PHG39 X PHN82,60,2022-07-10,153.7275799295055,,0.0,1,0
408,False,Crawfordsville|4351|6|13,Crawfordsville,4351,6,13,PHK56 X LH198,60,2022-07-10,153.7730853858784,,0.0,1,0
409,False,Crawfordsville|4353|36|43,Crawfordsville,4353,36,43,B84 X 3IIH6,60,2022-07-10,153.78671229225947,,0.0,1,0
410,False,Crawfordsville|4352|22|4,Crawfordsville,4352,22,4,LH82 X PHJ89,60,2022-07-10,153.80899777929613,,0.0,1,0
411,False,Crawfordsville|4351|2|13,Crawfordsville,4351,2,13,LH145 X LH162,60,2022-07-10,153.81828315631884,,0.0,1,0
412,False,Crawfordsville|4351|13|14,Crawfordsville,4351,13,14,PHK56 X 3IIH6,60,2022-07-10,153.84339819868703,,0.0,1,0
413,False,Crawfordsville|4352|20|7,Crawfordsville,4352,20,7,B14A X MO17,60,2022-07-10,153.84951498957005,,0.0,1,0
414,False,Crawfordsville|4352|8|7,Crawfordsville,4352,8,7,HOEGEMEYER 8065RR,60,2022-07-10,153.8531646101632,,0.0,1,0
415,False,Crawfordsville|4353|30|42,Crawfordsville,4353,30,42,2FACC X 3IIH6,60,2022-07-10,153.86800445594335,,0.0,1,0
416,False,Crawfordsville|4353|14|46,Crawfordsville,4353,14,46,PHK56 X LH82,60,2022-07-10,153.87208927262594,,0.0,1,0
417,False,Crawfordsville|4351|6|16,Crawfordsville,4351,6,16,PHK56 X LH82,60,2022-07-10,153.87417912118738,,0.0,1,0
418,False,Crawfordsville|4352|9|3,Crawfordsville,4352,9,3,PIONEER P0589 AMXT,60,2022-07-10,153.93140306331082,,0.0,1,0
419,False,Crawfordsville|4352|5|7,Crawfordsville,4352,5,7,PHW52 X PHM49,60,2022-07-10,153.9924951835324,,0.0,1,0
420,False,Crawfordsville|4353|26|44,Crawfordsville,4353,26,44,LH195 X LH123HT,60,2022-07-10,153.99851008954678,,0.0,1,0
421,False,Crawfordsville|4351|19|18,Crawfordsville,4351,19,18,LH195 X 3IIH6,60,2022-07-10,154.05403614915102,,0.0,1,0
422,False,Crawfordsville|4351|7|17,Crawfordsville,4351,7,17,B73 X 3IIH6,60,2022-07-10,154.06082329606352,,0.0,1,0
423,False,Crawfordsville|4352|13|4,Crawfordsville,4352,13,4,LH195 X 3IIH6,60,2022-07-10,154.10035571471462,,0.0,1,0
424,False,Crawfordsville|4353|27|45,Crawfordsville,4353,27,45,PHK56 X W606S,60,2022-07-10,154.10400975749147,,0.0,1,0
425,False,Crawfordsville|4353|5|43,Crawfordsville,4353,5,43,PHP02 X PHK56,60,2022-07-10,154.10895182355836,,0.0,1,0
426,False,Crawfordsville|4353|33|45,Crawfordsville,4353,33,45,PHW52 X PHM49,60,2022-07-10,154.15417368749405,,0.0,1,0
427,False,Crawfordsville|4352|12|4,Crawfordsville,4352,12,4,2369 X PHN82,60,2022-07-10,154.18262827479316,,0.0,1,0
428,False,Crawfordsville|4353|36|42,Crawfordsville,4353,36,42,LH185 X LH82,60,2022-07-10,154.18595177752013,,0.0,1,0
429,False,Crawfordsville|4352|17|6,Crawfordsville,4352,17,6,PHN46 X PHK56,60,2022-07-10,154.25598807711077,,0.0,1,0
430,False,Crawfordsville|4353|23|42,Crawfordsville,4353,23,42,PHW52 X PHN82,60,2022-07-10,154.26254787440217,,0.0,1,0
431,False,Crawfordsville|4352|12|9,Crawfordsville,4352,12,9,PHG39 X PHM49,60,2022-07-10,154.26966645526647,,0.0,1,0
432,False,Crawfordsville|4353|6|43,Crawfordsville,4353,6,43,2369 X PHN82,60,2022-07-10,154.2747332655393,,0.0,1,0
433,False,Crawfordsville|4352|2|9,Crawfordsville,4352,2,9,PHP02 X LH198,60,2022-07-10,154.3016409866534,,0.0,1,0
434,False,Crawfordsville|4353|11|45,Crawfordsville,4353,11,45,HOEGEMEYER 7089 AMXT,60,2022-07-10,154.30589215841678,,0.0,1,0
435,False,Crawfordsville|4352|11|7,Crawfordsville,4352,11,7,PIONEER 1311 AMXT,60,2022-07-10,154.43470107327573,,0.0,1,0
436,False,Crawfordsville|4351|7|20,Crawfordsville,4351,7,20,PIONEER P0589 AMXT,60,2022-07-10,154.54392042514272,,0.0,1,0
437,False,Crawfordsville|4352|7|4,Crawfordsville,4352,7,4,PHK76 X LH198,60,2022-07-10,154.55641596666982,,0.0,1,0
438,False,Crawfordsville|4353|21|45,Crawfordsville,4353,21,45,LH185 X W606S,60,2022-07-10,154.56304722754862,,0.0,1,0
439,False,Crawfordsville|4353|15|44,Crawfordsville,4353,15,44,LH74 X PHN82,60,2022-07-10,154.58573386776885,,0.0,1,0
440,False,Crawfordsville|4352|18|6,Crawfordsville,4352,18,6,2FACC X 3IIH6,60,2022-07-10,154.62750102623974,,0.0,1,0
441,False,Crawfordsville|4352|20|2,Crawfordsville,4352,20,2,2369 X PHN82,60,2022-07-10,154.64493955070975,,0.0,1,0
442,False,Crawfordsville|4352|14|3,Crawfordsville,4352,14,3,PHP02 X W606S,60,2022-07-10,154.73113456928706,,0.0,1,0
443,False,Crawfordsville|4352|23|4,Crawfordsville,4352,23,4,PHW52 X PHM49,60,2022-07-10,154.7406840199149,,0.0,1,0
444,False,Crawfordsville|4351|12|13,Crawfordsville,4351,12,13,SYNGENTA NK0760-3111,60,2022-07-10,154.78985124167735,,0.0,1,0
445,False,Crawfordsville|4353|34|45,Crawfordsville,4353,34,45,PHP02 X PHK76,60,2022-07-10,154.90270289259573,,0.0,1,0
446,False,Crawfordsville|4353|14|45,Crawfordsville,4353,14,45,PIONEER P0589 AMXT,60,2022-07-10,154.9324606548449,,0.0,1,0
447,False,Crawfordsville|4352|16|5,Crawfordsville,4352,16,5,PHW52 X LH185,60,2022-07-10,154.96952851790576,,0.0,1,0
448,False,Crawfordsville|4351|11|19,Crawfordsville,4351,11,19,PHP02 X W606S,60,2022-07-10,155.01359999333283,,0.0,1,0
449,False,Crawfordsville|4352|19|9,Crawfordsville,4352,19,9,B73 X PHM49,60,2022-07-10,155.0301713183146,,0.0,1,0
450,False,Crawfordsville|4352|18|8,Crawfordsville,4352,18,8,PHG39 X PHM49,60,2022-07-10,155.17662257174945,,0.0,1,0
451,False,Crawfordsville|4353|35|43,Crawfordsville,4353,35,43,HOEGEMEYER 7089 AMXT,60,2022-07-10,155.17933623366017,,0.0,1,0
452,False,Crawfordsville|4353|22|45,Crawfordsville,4353,22,45,PIONEER P0589 AMXT,60,2022-07-10,155.26756093365353,,0.0,1,0
453,False,Crawfordsville|4353|14|43,Crawfordsville,4353,14,43,PHK76 X LH198,60,2022-07-10,155.2989218845762,,0.0,1,0
454,False,Crawfordsville|4352|15|3,Crawfordsville,4352,15,3,PHK76 X LH82,60,2022-07-10,155.39226753924825,,0.0,1,0
455,False,Crawfordsville|4353|29|42,Crawfordsville,4353,29,42,PIONEER 1311 AMXT,60,2022-07-10,155.4102394961402,,0.0,1,0
456,False,Crawfordsville|4353|8|42,Crawfordsville,4353,8,42,HOEGEMEYER 8065RR,60,2022-07-10,155.45302735485643,,0.0,1,0
457,False,Crawfordsville|4352|7|5,Crawfordsville,4352,7,5,B73 X 3IIH6,60,2022-07-10,155.47160784538153,,0.0,1,0
458,False,Crawfordsville|4353|26|46,Crawfordsville,4353,26,46,PHG39 X PHM49,60,2022-07-10,155.49283419707896,,0.0,1,0
459,False,Crawfordsville|4352|23|2,Crawfordsville,4352,23,2,LH74 X PHN82,60,2022-07-10,155.5308857968823,,0.0,1,0
460,False,Crawfordsville|4353|11|42,Crawfordsville,4353,11,42,B84 X 3IIH6,60,2022-07-10,155.5443659333039,,0.0,1,0
461,False,Crawfordsville|4352|4|3,Crawfordsville,4352,4,3,PHN46 X PHB47,60,2022-07-10,155.76514300329498,,0.0,1,0
462,False,Crawfordsville|4352|3|7,Crawfordsville,4352,3,7,LH74 X PHM49,60,2022-07-10,155.9806169408722,,0.0,1,0
463,False,Crawfordsville|4351|17|13,Crawfordsville,4351,17,13,LH145 X LH162,60,2022-07-10,155.9946819733209,,0.0,1,0
464,False,Crawfordsville|4351|23|13,Crawfordsville,4351,23,13,PIONEER 1311 AMXT,60,2022-07-10,156.0696176095551,,0.0,1,0
465,False,Crawfordsville|4352|5|4,Crawfordsville,4352,5,4,PHP02 X W606S,60,2022-07-10,156.1048685280028,,0.0,1,0
466,False,Crawfordsville|4353|13|43,Crawfordsville,4353,13,43,B73 X PHN82,60,2022-07-10,156.29530989953182,,0.0,1,0
467,False,Crawfordsville|4352|10|6,Crawfordsville,4352,10,6,B73 X PHM49,60,2022-07-10,156.37160284547187,,0.0,1,0
468,False,Crawfordsville|4353|24|46,Crawfordsville,4353,24,46,HOEGEMEYER 8065RR,60,2022-07-10,156.42419650201896,,0.0,1,0
469,False,Crawfordsville|4353|6|46,Crawfordsville,4353,6,46,LH195 X 3IIH6,60,2022-07-10,156.6447481583426,,0.0,1,0
470,False,Crawfordsville|4353|23|45,Crawfordsville,4353,23,45,LH145 X LH162,60,2022-07-10,156.77048379080662,,0.0,1,0
471,False,Crawfordsville|4353|12|42,Crawfordsville,4353,12,42,PHB47 X 3IIH6,60,2022-07-10,156.8638718268288,,0.0,1,0
472,False,Crawfordsville|4353|6|44,Crawfordsville,4353,6,44,PHK56 X LH185,60,2022-07-10,156.94364251082595,,0.0,1,0
473,False,Crawfordsville|4352|16|6,Crawfordsville,4352,16,6,B73 X PHN82,60,2022-07-10,157.0432087196399,,0.0,1,0
474,False,Crawfordsville|4351|13|17,Crawfordsville,4351,13,17,SYNGENTA NK0760-3111,60,2022-07-10,157.07495472672875,,0.0,1,0
475,False,Crawfordsville|4352|6|3,Crawfordsville,4352,6,3,PHB47 X 3IIH6,60,2022-07-10,157.44493352987755,,0.0,1,0
476,False,Crawfordsville|4353|18|45,Crawfordsville,4353,18,45,PHB47 X LH185,60,2022-07-10,157.448012515207,,0.0,1,0
477,False,Crawfordsville|4352|6|2,Crawfordsville,4352,6,2,B84 X 3IIH6,60,2022-07-10,157.47654450263838,,0.0,1,0
478,False,Crawfordsville|4352|6|4,Crawfordsville,4352,6,4,LH195 X 3IIH6,60,2022-07-10,157.6910593918318,,0.0,1,0
479,False,Crawfordsville|4352|10|2,Crawfordsville,4352,10,2,2FACC X 3IIH6,60,2022-07-10,157.75012874213397,,0.0,1,0
480,False,Crawfordsville|4353|11|43,Crawfordsville,4353,11,43,PHP02 X W606S,60,2022-07-10,157.972199096891,,0.0,1,0
481,False,Crawfordsville|4353|15|42,Crawfordsville,4353,15,42,B73 X PHM49,60,2022-07-10,157.972199096891,,0.0,1,0
482,False,Crawfordsville|4353|8|43,Crawfordsville,4353,8,43,LH145 X LH162,60,2022-07-10,158.39636952537924,,0.0,1,0
483,False,Crawfordsville|4353|17|43,Crawfordsville,4353,17,43,PIONEER 1311 AMXT,60,2022-07-10,158.64363328985655,,0.0,1,0
484,False,Crawfordsville|4352|19|2,Crawfordsville,4352,19,2,PIONEER 1311 AMXT,60,2022-07-10,159.55064240225295,,0.0,1,0
485,False,Crawfordsville|4353|12|46,Crawfordsville,4353,12,46,SYNGENTA NK0760-3111,60,2022-07-10,159.80840781958227,,0.0,1,0
486,False,Crawfordsville|4353|24|43,Crawfordsville,4353,24,43,SYNGENTA NK0760-3111,60,2022-07-10,163.13813523408749,,0.0,1,0
487,False,Crawfordsville|4352|3|3,Crawfordsville,4352,3,3,SYNGENTA NK0760-3111,60,2022-07-10,163.16403892967628,,0.0,1,0
488,False,Crawfordsville|4352|23|5,Crawfordsville,4352,23,5,SYNGENTA NK0760-3111,60,2022-07-10,163.47726845570406,,0.0,1,0
1,True,Lincoln|hybrids|6|4,Lincoln,hybrids,6,4,PHK76 X LH145,60,2022-07-21,95.3805114135194,,3.0,1,0
2,True,Lincoln|hybrids|11|29,Lincoln,hybrids,11,29,PHK76 X LH145,60,2022-07-21,96.80008344730882,,3.0,1,0
3,True,Lincoln|hybrids|2|34,Lincoln,hybrids,2,34,PHK76 X LH145,60,2022-07-21,96.97526310302344,,3.0,1,0
4,True,Lincoln|hybrids|8|6,Lincoln,hybrids,8,6,PHZ51 X LH145,60,2022-07-21,98.79735147624518,,3.0,1,0
5,True,Lincoln|hybrids|15|36,Lincoln,hybrids,15,36,WF9 X H95,60,2022-07-21,99.13509972729433,,3.0,1,0
6,True,Lincoln|hybrids|11|13,Lincoln,hybrids,11,13,WF9 X H95,60,2022-07-21,99.28618988193443,,3.0,1,0
7,True,Lincoln|hybrids|2|6,Lincoln,hybrids,2,6,B37 X H95,60,2022-07-21,99.33490414496967,,3.0,1,0
8,True,Lincoln|hybrids|12|2,Lincoln,hybrids,12,2,PHK76 X LH145,60,2022-07-21,99.52739139944013,,3.0,1,0
9,True,Lincoln|hybrids|4|37,Lincoln,hybrids,4,37,LH195 X PHM49,60,2022-07-21,99.81465076036494,,3.0,1,0
10,True,Lincoln|hybrids|12|38,Lincoln,hybrids,12,38,B37 X H95,60,2022-07-21,99.95394240170134,,3.0,1,0
11,True,Lincoln|hybrids|12|36,Lincoln,hybrids,12,36,LH195 X PHM49,60,2022-07-21,100.33338404579843,,3.0,1,0
12,True,Lincoln|hybrids|5|35,Lincoln,hybrids,5,35,B37 X OH43,60,2022-07-21,100.44645259599767,,3.0,1,0
13,True,Lincoln|hybrids|3|36,Lincoln,hybrids,3,36,B37 X H95,60,2022-07-21,100.84352437978927,,3.0,1,0
14,True,Lincoln|hybrids|3|30,Lincoln,hybrids,3,30,WF9 X H95,60,2022-07-21,102.54619856943229,,3.0,1,0
15,True,Lincoln|hybrids|14|38,Lincoln,hybrids,14,38,PHZ51 X LH145,60,2022-07-21,102.6109680214108,,3.0,1,0
16,True,Lincoln|hybrids|7|5,Lincoln,hybrids,7,5,WF9 X H95,60,2022-07-21,103.3078265796922,,3.0,1,0
17,True,Lincoln|hybrids|12|37,Lincoln,hybrids,12,37,B37 X OH43,60,2022-07-21,103.33034217225887,,3.0,1,0
18,True,Lincoln|hybrids|15|6,Lincoln,hybrids,15,6,PHP02 X LH145,60,2022-07-21,103.73656271177285,,3.0,1,0
19,True,Lincoln|hybrids|2|3,Lincoln,hybrids,2,3,B37 X OH43,60,2022-07-21,103.87067804857696,,3.0,1,0
20,True,Lincoln|hybrids|8|18,Lincoln,hybrids,8,18,PHK76 X LH145,60,2022-07-21,103.97251897672396,,3.0,1,0
21,True,Lincoln|hybrids|15|28,Lincoln,hybrids,15,28,PHP02 X LH145,60,2022-07-21,104.09881623186682,,3.0,1,0
22,True,Lincoln|hybrids|11|28,Lincoln,hybrids,11,28,LH185 X LH145,60,2022-07-21,105.75322360870257,,3.0,1,0
23,True,Lincoln|hybrids|15|8,Lincoln,hybrids,15,8,LH185 X LH145,60,2022-07-21,105.84607801759734,,3.0,1,0
24,True,Lincoln|hybrids|6|18,Lincoln,hybrids,6,18,WF9 X H95,60,2022-07-21,106.06537244953256,,3.0,1,0
25,True,Lincoln|hybrids|13|8,Lincoln,hybrids,13,8,PHZ51 X LH145,60,2022-07-21,106.16629357936422,,3.0,1,0
26,True,Lincoln|hybrids|5|32,Lincoln,hybrids,5,32,PHZ51 X LH145,60,2022-07-21,106.33057190620352,,3.0,1,0
27,True,Lincoln|hybrids|10|8,Lincoln,hybrids,10,8,B37 X H95,60,2022-07-21,106.53560563986292,,3.0,1,0
28,True,Lincoln|hybrids|12|12,Lincoln,hybrids,12,12,B37 X OH43,60,2022-07-21,106.626761739012,,3.0,1,0
29,True,Lincoln|hybrids|9|21,Lincoln,hybrids,9,21,PHK76 X LH145,60,2022-07-21,106.63591418043929,,3.0,1,0
30,True,Lincoln|hybrids|8|8,Lincoln,hybrids,8,8,PHP02 X LH145,60,2022-07-21,106.86719195487245,,3.0,1,0
31,True,Lincoln|hybrids|6|36,Lincoln,hybrids,6,36,PHP02 X LH145,60,2022-07-21,107.18268740143623,,3.0,1,0
32,True,Lincoln|hybrids|6|25,Lincoln,hybrids,6,25,LH123HT X PHB47,60,2022-07-21,107.83664087333203,,3.0,1,0
33,True,Lincoln|hybrids|3|17,Lincoln,hybrids,3,17,B37 X H95,60,2022-07-21,109.51975200949542,,3.0,1,0
34,True,Lincoln|hybrids|11|16,Lincoln,hybrids,11,16,B37 X OH43,60,2022-07-21,109.66262397017168,,3.0,1,0
35,True,Lincoln|hybrids|11|9,Lincoln,hybrids,11,9,LH82 X PHB47,60,2022-07-21,110.50605319325365,,3.0,1,0
36,True,Lincoln|hybrids|14|18,Lincoln,hybrids,14,18,PHZ51 X LH145,60,2022-07-21,110.8451902888864,,3.0,1,0
37,True,Lincoln|hybrids|11|17,Lincoln,hybrids,11,17,LH185 X LH145,60,2022-07-21,110.9614160469034,,3.0,1,0
38,True,Lincoln|hybrids|6|11,Lincoln,hybrids,6,11,LH195 X PHM49,60,2022-07-21,111.0108090722158,,3.0,1,0
39,True,Lincoln|hybrids|11|20,Lincoln,hybrids,11,20,WF9 X H95,60,2022-07-21,111.11219334644447,,3.0,1,0
40,True,Lincoln|hybrids|7|23,Lincoln,hybrids,7,23,B37 X OH43,60,2022-07-21,111.2425620160941,,3.0,1,0
41,True,Lincoln|hybrids|9|8,Lincoln,hybrids,9,8,LH195 X PHM49,60,2022-07-21,111.5736623931245,,3.0,1,0
42,True,Lincoln|hybrids|13|24,Lincoln,hybrids,13,24,B37 X H95,60,2022-07-21,111.72058489397168,,3.0,1,0
43,True,Lincoln|hybrids|2|24,Lincoln,hybrids,2,24,PHP02 X LH145,60,2022-07-21,112.2067034629764,,3.0,1,0
44,True,Lincoln|hybrids|13|17,Lincoln,hybrids,13,17,PHP02 X LH145,60,2022-07-21,112.23738417344896,,3.0,1,0
45,True,Lincoln|hybrids|3|18,Lincoln,hybrids,3,18,PHZ51 X LH145,60,2022-07-21,112.87446528801179,,3.0,1,0
46,True,Lincoln|hybrids|15|13,Lincoln,hybrids,15,13,2369 X PHZ51,60,2022-07-21,113.5874298402995,,3.0,1,0
47,True,Lincoln|hybrids|15|38,Lincoln,hybrids,15,38,LH195 X LH123HT,60,2022-07-21,114.21458357518864,,3.0,1,0
48,True,Lincoln|hybrids|6|31,Lincoln,hybrids,6,31,B105 X 3IIH6,60,2022-07-21,114.32789937546593,,3.0,1,0
49,True,Lincoln|hybrids|11|31,Lincoln,hybrids,11,31,2369 X PHZ51,60,2022-07-21,114.56929022010573,,3.0,1,0
50,True,Lincoln|hybrids|5|8,Lincoln,hybrids,5,8,B105 X 3IIH6,60,2022-07-21,114.74404482448271,,3.0,1,0
51,True,Lincoln|hybrids|15|4,Lincoln,hybrids,15,4,B105 X 3IIH6,60,2022-07-21,114.80998727612894,,3.0,1,0
52,False,Lincoln|hybrids|7|28,Lincoln,hybrids,7,28,LH82 X PHB47,60,2022-07-21,114.89645759220184,,3.0,1,0
53,False,Lincoln|hybrids|10|32,Lincoln,hybrids,10,32,B105 X 3IIH6,60,2022-07-21,115.15679121077311,,3.0,1,0
54,False,Lincoln|hybrids|12|39,Lincoln,hybrids,12,39,LH123HT X PHB47,60,2022-07-21,115.66022373534274,,3.0,1,0
55,False,Lincoln|hybrids|6|37,Lincoln,hybrids,6,37,PHP02 X LH185,60,2022-07-21,115.67536455393578,,3.0,1,0
56,False,Lincoln|hybrids|11|34,Lincoln,hybrids,11,34,LH82 X PHB47,60,2022-07-21,115.81444528193504,,3.0,1,0
57,False,Lincoln|hybrids|2|7,Lincoln,hybrids,2,7,LH82 X PHB47,60,2022-07-21,115.938717037913,,3.0,1,0
58,False,Lincoln|hybrids|13|35,Lincoln,hybrids,13,35,4N506 X 3IIH6,60,2022-07-21,115.9625150949083,,3.0,1,0
59,False,Lincoln|hybrids|12|30,Lincoln,hybrids,12,30,PHK56 X LH145,60,2022-07-21,115.97119311035993,,3.0,1,0
60,False,Lincoln|hybrids|9|20,Lincoln,hybrids,9,20,LH195 X PHM49,60,2022-07-21,116.66132074401169,,3.0,1,0
61,False,Lincoln|hybrids|4|7,Lincoln,hybrids,4,7,2369 X PHZ51,60,2022-07-21,116.66161865229283,,3.0,1,0
62,False,Lincoln|hybrids|4|31,Lincoln,hybrids,4,31,2369 X PHZ51,60,2022-07-21,116.96290626531062,,3.0,1,0
63,False,Lincoln|hybrids|5|18,Lincoln,hybrids,5,18,LH195 X PHM49,60,2022-07-21,117.1531687690856,,3.0,1,0
64,False,Lincoln|hybrids|6|26,Lincoln,hybrids,6,26,PHK76 X LH82,60,2022-07-21,117.43752255800592,,3.0,1,0
65,False,Lincoln|hybrids|10|7,Lincoln,hybrids,10,7,2369 X LH123HT,60,2022-07-21,117.70677313750997,,3.0,1,0
66,False,Lincoln|hybrids|15|29,Lincoln,hybrids,15,29,PHK76 X W606S,60,2022-07-21,117.79140925879153,,3.0,1,0
67,False,Lincoln|hybrids|4|5,Lincoln,hybrids,4,5,B73 X PHZ51,60,2022-07-21,118.03533532525037,,3.0,1,0
68,False,Lincoln|hybrids|5|26,Lincoln,hybrids,5,26,LH195 X LH123HT,60,2022-07-21,118.42862074023883,,3.0,1,0
69,False,Lincoln|hybrids|15|39,Lincoln,hybrids,15,39,PHN46 X PHK56,60,2022-07-21,118.74336218663518,,3.0,1,0
70,False,Lincoln|hybrids|14|35,Lincoln,hybrids,14,35,LH123HT X 3IIH6,60,2022-07-21,118.89623154936571,,3.0,1,0
71,False,Lincoln|hybrids|11|35,Lincoln,hybrids,11,35,PHB47 X 3IIH6,60,2022-07-21,119.14111991444891,,3.0,1,0
72,False,Lincoln|hybrids|8|36,Lincoln,hybrids,8,36,LH198 X PHB47,60,2022-07-21,119.5550555941112,,3.0,1,0
73,False,Lincoln|hybrids|10|34,Lincoln,hybrids,10,34,LH74 X PHM49,60,2022-07-21,119.6814337593868,,3.0,1,0
74,False,Lincoln|hybrids|14|34,Lincoln,hybrids,14,34,B73 X PHM49,60,2022-07-21,119.85313803417564,,3.0,1,0
75,False,Lincoln|hybrids|5|34,Lincoln,hybrids,5,34,PHK76 X W606S,60,2022-07-21,120.0976464689404,,3.0,1,0
76,False,Lincoln|hybrids|15|16,Lincoln,hybrids,15,16,4N506 X 3IIH6,60,2022-07-21,120.36861134391599,,3.0,1,0
77,False,Lincoln|hybrids|13|38,Lincoln,hybrids,13,38,LH195 X PHZ51,60,2022-07-21,121.24899501106182,,3.0,1,0
78,False,Lincoln|hybrids|2|26,Lincoln,hybrids,2,26,LH82 X PHB47,60,2022-07-21,121.34607477964158,,3.0,1,0
79,False,Lincoln|hybrids|11|6,Lincoln,hybrids,11,6,LH123HT X PHB47,60,2022-07-21,121.39383526712692,,3.0,1,0
80,False,Lincoln|hybrids|4|34,Lincoln,hybrids,4,34,PHP02 X LH82,60,2022-07-21,121.6461749955781,,3.0,1,0
81,False,Lincoln|hybrids|6|2,Lincoln,hybrids,6,2,PHP02 X PHK76,60,2022-07-21,121.7188589668731,,3.0,1,0
82,False,Lincoln|hybrids|13|22,Lincoln,hybrids,13,22,LH82 X PHB47,60,2022-07-21,121.72064660786286,,3.0,1,0
83,False,Lincoln|hybrids|10|36,Lincoln,hybrids,10,36,PHP02 X LH185,60,2022-07-21,121.72931508992707,,3.0,1,0
84,False,Lincoln|hybrids|13|33,Lincoln,hybrids,13,33,2369 X 3IIH6,60,2022-07-21,121.77304683437266,,3.0,1,0
85,False,Lincoln|hybrids|3|35,Lincoln,hybrids,3,35,LH123HT X PHB47,60,2022-07-21,121.9703378846091,,3.0,1,0
86,False,Lincoln|hybrids|3|15,Lincoln,hybrids,3,15,2369 X PHZ51,60,2022-07-21,122.01250876338801,,3.0,1,0
87,False,Lincoln|hybrids|14|33,Lincoln,hybrids,14,33,B84 X 3IIH6,60,2022-07-21,122.12725766018025,,3.0,1,0
88,False,Lincoln|hybrids|4|24,Lincoln,hybrids,4,24,B105 X 3IIH6,60,2022-07-21,122.15250698763491,,3.0,1,0
89,False,Lincoln|hybrids|12|6,Lincoln,hybrids,12,6,LH145 X LH162,60,2022-07-21,122.48984553039114,,3.0,1,0
90,False,Lincoln|hybrids|12|21,Lincoln,hybrids,12,21,2369 X PHZ51,60,2022-07-21,122.65422426313059,,3.0,1,0
91,False,Lincoln|hybrids|15|31,Lincoln,hybrids,15,31,PHP02 X PHB47,60,2022-07-21,122.84441905156481,,3.0,1,0
92,False,Lincoln|hybrids|9|31,Lincoln,hybrids,9,31,2369 X LH123HT,60,2022-07-21,122.84876326170527,,3.0,1,0
93,False,Lincoln|hybrids|11|38,Lincoln,hybrids,11,38,LH198 X PHZ51,60,2022-07-21,123.21163716658597,,3.0,1,0
94,False,Lincoln|hybrids|5|39,Lincoln,hybrids,5,39,PHB47 X 3IIH6,60,2022-07-21,123.29836157694027,,3.0,1,0
95,False,Lincoln|hybrids|13|30,Lincoln,hybrids,13,30,PHK76 X 3IIH6,60,2022-07-21,123.42921670842973,,3.0,1,0
96,False,Lincoln|hybrids|7|12,Lincoln,hybrids,7,12,PHP02 X PHB47,60,2022-07-21,123.48463283376071,,3.0,1,0
97,False,Lincoln|hybrids|4|13,Lincoln,hybrids,4,13,LH123HT X PHB47,60,2022-07-21,123.5213342492663,,3.0,1,0
98,False,Lincoln|hybrids|11|36,Lincoln,hybrids,11,36,2369 X PHN82,60,2022-07-21,123.76655275846821,,3.0,1,0
99,False,Lincoln|hybrids|7|20,Lincoln,hybrids,7,20,2369 X LH123HT,60,2022-07-21,123.89702611155933,,3.0,1,0
100,False,Lincoln|hybrids|8|29,Lincoln,hybrids,8,29,2369 X LH123HT,60,2022-07-21,124.16559249116466,,3.0,1,0
101,False,Lincoln|hybrids|9|6,Lincoln,hybrids,9,6,PHK76 X W606S,60,2022-07-21,124.30097886788042,,3.0,1,0
102,False,Lincoln|hybrids|2|28,Lincoln,hybrids,2,28,LH145 X LH162,60,2022-07-21,124.30974302911284,,3.0,1,0
103,False,Lincoln|hybrids|5|3,Lincoln,hybrids,5,3,PHK76 X 3IIH6,60,2022-07-21,124.33132376066412,,3.0,1,0
104,False,Lincoln|hybrids|13|16,Lincoln,hybrids,13,16,B105 X 3IIH6,60,2022-07-21,124.39329146967039,,3.0,1,0
105,False,Lincoln|hybrids|7|7,Lincoln,hybrids,7,7,LH195 X LH123HT,60,2022-07-21,124.39840904869384,,3.0,1,0
106,False,Lincoln|hybrids|13|34,Lincoln,hybrids,13,34,B73 X PHZ51,60,2022-07-21,124.54841039115907,,3.0,1,0
107,False,Lincoln|hybrids|5|29,Lincoln,hybrids,5,29,B73 X PHZ51,60,2022-07-21,124.65088485830232,,3.0,1,0
108,False,Lincoln|hybrids|14|36,Lincoln,hybrids,14,36,B37 X MO17,60,2022-07-21,124.66197005976784,,3.0,1,0
109,False,Lincoln|hybrids|11|3,Lincoln,hybrids,11,3,PHP02 X LH185,60,2022-07-21,124.77670974239494,,3.0,1,0
110,False,Lincoln|hybrids|3|5,Lincoln,hybrids,3,5,PHB47 X 3IIH6,60,2022-07-21,124.86376498475214,,3.0,1,0
111,False,Lincoln|hybrids|4|9,Lincoln,hybrids,4,9,PHK76 X W606S,60,2022-07-21,124.8933162812044,,3.0,1,0
112,False,Lincoln|hybrids|10|37,Lincoln,hybrids,10,37,LH195 X 3IIH6,60,2022-07-21,124.89646314328304,,3.0,1,0
113,False,Lincoln|hybrids|11|5,Lincoln,hybrids,11,5,LH195 X LH123HT,60,2022-07-21,124.94110083378702,,3.0,1,0
114,False,Lincoln|hybrids|3|29,Lincoln,hybrids,3,29,LH195 X LH123HT,60,2022-07-21,124.95527609365732,,3.0,1,0
115,False,Lincoln|hybrids|5|37,Lincoln,hybrids,5,37,LH198 X PHB47,60,2022-07-21,125.24014811305679,,3.0,1,0
116,False,Lincoln|hybrids|14|39,Lincoln,hybrids,14,39,PHK76 X LH198,60,2022-07-21,125.29329017100146,,3.0,1,0
117,False,Lincoln|hybrids|12|5,Lincoln,hybrids,12,5,B73 X PHZ51,60,2022-07-21,125.42056788614825,,3.0,1,0
118,False,Lincoln|hybrids|2|38,Lincoln,hybrids,2,38,LH195 X PHZ51,60,2022-07-21,125.69022109653929,,3.0,1,0
119,False,Lincoln|hybrids|3|34,Lincoln,hybrids,3,34,PHK56 X 3IIH6,60,2022-07-21,125.7297184580276,,3.0,1,0
120,False,Lincoln|hybrids|15|18,Lincoln,hybrids,15,18,PHK56 X LH145,60,2022-07-21,126.12643441530165,,3.0,1,0
121,False,Lincoln|hybrids|14|30,Lincoln,hybrids,14,30,PHP02 X LH82,60,2022-07-21,126.23770277795445,,3.0,1,0
122,False,Lincoln|hybrids|15|22,Lincoln,hybrids,15,22,LH195 X LH123HT,60,2022-07-21,126.38316816886501,,3.0,1,0
123,False,Lincoln|hybrids|2|23,Lincoln,hybrids,2,23,PHK76 X W606S,60,2022-07-21,126.536709001573,,3.0,1,0
124,False,Lincoln|hybrids|2|13,Lincoln,hybrids,2,13,LH198 X PHB47,60,2022-07-21,126.67805387828946,,3.0,1,0
125,False,Lincoln|hybrids|5|6,Lincoln,hybrids,5,6,LH195 X 3IIH6,60,2022-07-21,126.7630943590632,,3.0,1,0
126,False,Lincoln|hybrids|4|39,Lincoln,hybrids,4,39,PHB47 X LH185,60,2022-07-21,126.88836127377343,,3.0,1,0
127,False,Lincoln|hybrids|7|10,Lincoln,hybrids,7,10,PHP02 X LH82,60,2022-07-21,126.91186519340255,,3.0,1,0
128,False,Lincoln|hybrids|15|35,Lincoln,hybrids,15,35,LH145 X LH162,60,2022-07-21,127.06574347971733,,3.0,1,0
129,False,Lincoln|hybrids|14|2,Lincoln,hybrids,14,2,PHK56 X LH145,60,2022-07-21,127.13907376074957,,3.0,1,0
130,False,Lincoln|hybrids|15|30,Lincoln,hybrids,15,30,PHP02 X PHK76,60,2022-07-21,127.25003969842625,,3.0,1,0
131,False,Lincoln|hybrids|10|38,Lincoln,hybrids,10,38,F42 X OH43,60,2022-07-21,127.3118002004582,,3.0,1,0
132,False,Lincoln|hybrids|10|39,Lincoln,hybrids,10,39,PHP02 X PHG47,60,2022-07-21,127.3201399543633,,3.0,1,0
133,False,Lincoln|hybrids|7|35,Lincoln,hybrids,7,35,B37 X MO17,60,2022-07-21,127.33411944114937,,3.0,1,0
134,False,Lincoln|hybrids|11|25,Lincoln,hybrids,11,25,LH195 X 3IIH6,60,2022-07-21,127.63625015820904,,3.0,1,0
135,False,Lincoln|hybrids|14|37,Lincoln,hybrids,14,37,LH74 X PHN82,60,2022-07-21,127.66646765454503,,3.0,1,0
136,False,Lincoln|hybrids|10|25,Lincoln,hybrids,10,25,B73 X PHZ51,60,2022-07-21,127.6893806614294,,3.0,1,0
137,False,Lincoln|hybrids|10|11,Lincoln,hybrids,10,11,PHP02 X PHB47,60,2022-07-21,127.7873955231489,,3.0,1,0
138,False,Lincoln|hybrids|8|39,Lincoln,hybrids,8,39,PHJ40 X LH82,60,2022-07-21,127.8771612095545,,3.0,1,0
139,False,Lincoln|hybrids|2|12,Lincoln,hybrids,2,12,LH198 X PHZ51,60,2022-07-21,128.29664736208304,,3.0,1,0
140,False,Lincoln|hybrids|12|19,Lincoln,hybrids,12,19,LH123HT X PHB47,60,2022-07-21,128.32085777745777,,3.0,1,0
141,False,Lincoln|hybrids|9|7,Lincoln,hybrids,9,7,B37 X MO17,60,2022-07-21,128.36973649530697,,3.0,1,0
142,False,Lincoln|hybrids|2|22,Lincoln,hybrids,2,22,LH123HT X 3IIH6,60,2022-07-21,128.37078307048532,,3.0,1,0
143,False,Lincoln|hybrids|12|8,Lincoln,hybrids,12,8,PHP02 X LH82,60,2022-07-21,128.45260305304328,,3.0,1,0
144,False,Lincoln|hybrids|10|3,Lincoln,hybrids,10,3,PHP02 X PHK76,60,2022-07-21,128.5451401221406,,3.0,1,0
145,False,Lincoln|hybrids|5|12,Lincoln,hybrids,5,12,LH195 X PHZ51,60,2022-07-21,128.55201280167566,,3.0,1,0
146,False,Lincoln|hybrids|9|17,Lincoln,hybrids,9,17,PHP02 X PHB47,60,2022-07-21,128.6124233461119,,3.0,1,0
147,False,Lincoln|hybrids|6|21,Lincoln,hybrids,6,21,B73 X PHZ51,60,2022-07-21,128.68595347644444,,3.0,1,0
148,False,Lincoln|hybrids|3|19,Lincoln,hybrids,3,19,PHK76 X 3IIH6,60,2022-07-21,128.85261633186755,,3.0,1,0
149,False,Lincoln|hybrids|4|11,Lincoln,hybrids,4,11,4N506 X 3IIH6,60,2022-07-21,128.976946169838,,3.0,1,0
150,False,Lincoln|hybrids|8|31,Lincoln,hybrids,8,31,LH123HT X 3IIH6,60,2022-07-21,128.98300298619324,,3.0,1,0
151,False,Lincoln|hybrids|13|5,Lincoln,hybrids,13,5,LH198 X PHB47,60,2022-07-21,129.02475883833887,,3.0,1,0
152,False,Lincoln|hybrids|2|32,Lincoln,hybrids,2,32,PHP02 X PHJ89,60,2022-07-21,129.0748804225732,,3.0,1,0
153,False,Lincoln|hybrids|5|2,Lincoln,hybrids,5,2,PHJ40 X LH82,60,2022-07-21,129.13577475658792,,3.0,1,0
154,False,Lincoln|hybrids|6|22,Lincoln,hybrids,6,22,B73 X 3IIH6,60,2022-07-21,129.2534079850746,,3.0,1,0
155,False,Lincoln|hybrids|4|29,Lincoln,hybrids,4,29,PHK76 X 3IIH6,60,2022-07-21,129.2874835030742,,3.0,1,0
156,False,Lincoln|hybrids|2|31,Lincoln,hybrids,2,31,PHJ40 X LH82,60,2022-07-21,129.35874106981552,,3.0,1,0
157,False,Lincoln|hybrids|7|6,Lincoln,hybrids,7,6,LH74 X PHM49,60,2022-07-21,129.46030538268178,,3.0,1,0
158,False,Lincoln|hybrids|11|11,Lincoln,hybrids,11,11,B73 X PHM49,60,2022-07-21,129.52393647803513,,3.0,1,0
159,False,Lincoln|hybrids|8|28,Lincoln,hybrids,8,28,PHP02 X PHK76,60,2022-07-21,129.56800486586724,,3.0,1,0
160,False,Lincoln|hybrids|13|18,Lincoln,hybrids,13,18,2369 X LH123HT,60,2022-07-21,129.60068495978243,,3.0,1,0
161,False,Lincoln|hybrids|6|8,Lincoln,hybrids,6,8,2369 X LH123HT,60,2022-07-21,129.6406679364458,,3.0,1,0
162,False,Lincoln|hybrids|3|12,Lincoln,hybrids,3,12,PHN46 X PHK56,60,2022-07-21,129.8219610184598,,3.0,1,0
163,False,Lincoln|hybrids|7|8,Lincoln,hybrids,7,8,PHB47 X LH185,60,2022-07-21,129.8721950270549,,3.0,1,0
164,False,Lincoln|hybrids|13|6,Lincoln,hybrids,13,6,PHP02 X PHJ89,60,2022-07-21,129.89373290222034,,3.0,1,0
165,False,Lincoln|hybrids|5|9,Lincoln,hybrids,5,9,B73 X PHM49,60,2022-07-21,129.92853146826104,,3.0,1,0
166,False,Lincoln|hybrids|6|6,Lincoln,hybrids,6,6,PHP02 X PHJ89,60,2022-07-21,130.005353737462,,3.0,1,0
167,False,Lincoln|hybrids|15|21,Lincoln,hybrids,15,21,LH123HT X 3IIH6,60,2022-07-21,130.16454791705902,,3.0,1,0
168,False,Lincoln|hybrids|11|32,Lincoln,hybrids,11,32,PHB47 X PHJ89,60,2022-07-21,130.18050089803074,,3.0,1,0
169,False,Lincoln|hybrids|6|3,Lincoln,hybrids,6,3,PHP02 X LH185,60,2022-07-21,130.20429611836806,,3.0,1,0
170,False,Lincoln|hybrids|9|38,Lincoln,hybrids,9,38,PHK56 X 3IIH6,60,2022-07-21,130.25951384407054,,3.0,1,0
171,False,Lincoln|hybrids|10|13,Lincoln,hybrids,10,13,PHJ40 X LH82,60,2022-07-21,130.36756605792536,,3.0,1,0
172,False,Lincoln|hybrids|11|33,Lincoln,hybrids,11,33,B73 X MO17,60,2022-07-21,130.53967697077508,,3.0,1,0
173,False,Lincoln|hybrids|7|26,Lincoln,hybrids,7,26,PHK56 X LH185,60,2022-07-21,130.63731567579853,,3.0,1,0
174,False,Lincoln|hybrids|8|33,Lincoln,hybrids,8,33,PHN46 X PHK56,60,2022-07-21,130.68130270768586,,3.0,1,0
175,False,Lincoln|hybrids|14|10,Lincoln,hybrids,14,10,4N506 X 3IIH6,60,2022-07-21,130.7142379646886,,3.0,1,0
176,False,Lincoln|hybrids|10|4,Lincoln,hybrids,10,4,B84 X 3IIH6,60,2022-07-21,130.7702024068347,,3.0,1,0
177,False,Lincoln|hybrids|4|35,Lincoln,hybrids,4,35,PHP02 X PHB47,60,2022-07-21,130.81639522901241,,3.0,1,0
178,False,Lincoln|hybrids|7|24,Lincoln,hybrids,7,24,4N506 X 3IIH6,60,2022-07-21,130.8193201738024,,3.0,1,0
179,False,Lincoln|hybrids|12|23,Lincoln,hybrids,12,23,B73 X PHM49,60,2022-07-21,130.8989613654344,,3.0,1,0
180,False,Lincoln|hybrids|10|22,Lincoln,hybrids,10,22,PHB47 X LH185,60,2022-07-21,130.9198368357715,,3.0,1,0
181,False,Lincoln|hybrids|11|8,Lincoln,hybrids,11,8,2369 X PHP02,60,2022-07-21,130.92437714050658,,3.0,1,0
182,False,Lincoln|hybrids|6|32,Lincoln,hybrids,6,32,PHK76 X LH198,60,2022-07-21,130.95684337902418,,3.0,1,0
183,False,Lincoln|hybrids|2|35,Lincoln,hybrids,2,35,2369 X PHP02,60,2022-07-21,130.9683327369398,,3.0,1,0
184,False,Lincoln|hybrids|9|34,Lincoln,hybrids,9,34,PHB47 X LH185,60,2022-07-21,130.99869117747903,,3.0,1,0
185,False,Lincoln|hybrids|11|10,Lincoln,hybrids,11,10,LH198 X PHZ51,60,2022-07-21,131.0530561376023,,3.0,1,0
186,False,Lincoln|hybrids|14|23,Lincoln,hybrids,14,23,PHK76 X W606S,60,2022-07-21,131.15428456322692,,3.0,1,0
187,False,Lincoln|hybrids|10|9,Lincoln,hybrids,10,9,PHB47 X LH185,60,2022-07-21,131.17090786336155,,3.0,1,0
188,False,Lincoln|hybrids|5|22,Lincoln,hybrids,5,22,B37 X MO17,60,2022-07-21,131.19766371831878,,3.0,1,0
189,False,Lincoln|hybrids|3|9,Lincoln,hybrids,3,9,LH145 X LH162,60,2022-07-21,131.21496147051784,,3.0,1,0
190,False,Lincoln|hybrids|6|9,Lincoln,hybrids,6,9,B37 X MO17,60,2022-07-21,131.28523005057494,,3.0,1,0
191,False,Lincoln|hybrids|11|39,Lincoln,hybrids,11,39,PHP02 X PHJ89,60,2022-07-21,131.38785123232603,,3.0,1,0
192,False,Lincoln|hybrids|15|12,Lincoln,hybrids,15,12,PHK76 X 3IIH6,60,2022-07-21,131.54889009865562,,3.0,1,0
193,False,Lincoln|hybrids|2|30,Lincoln,hybrids,2,30,LH74 X PHM49,60,2022-07-21,131.55779067404433,,3.0,1,0
194,False,Lincoln|hybrids|4|8,Lincoln,hybrids,4,8,2369 X PHN82,60,2022-07-21,131.56939564706332,,3.0,1,0
195,False,Lincoln|hybrids|14|20,Lincoln,hybrids,14,20,LH198 X PHB47,60,2022-07-21,131.5954331533449,,3.0,1,0
196,False,Lincoln|hybrids|13|26,Lincoln,hybrids,13,26,2369 X 3IIH6,60,2022-07-21,131.61695725288823,,3.0,1,0
197,False,Lincoln|hybrids|10|17,Lincoln,hybrids,10,17,B37 X MO17,60,2022-07-21,131.65607083418263,,3.0,1,0
198,False,Lincoln|hybrids|7|31,Lincoln,hybrids,7,31,F42 X OH43,60,2022-07-21,131.7008416523277,,3.0,1,0
199,False,Lincoln|hybrids|8|13,Lincoln,hybrids,8,13,2369 X 3IIH6,60,2022-07-21,131.72859716315423,,3.0,1,0
200,False,Lincoln|hybrids|7|36,Lincoln,hybrids,7,36,B73 X MO17,60,2022-07-21,131.74586793634813,,3.0,1,0
201,False,Lincoln|hybrids|9|18,Lincoln,hybrids,9,18,PHP02 X PHN46,60,2022-07-21,131.76054514482496,,3.0,1,0
202,False,Lincoln|hybrids|5|38,Lincoln,hybrids,5,38,PHK76 X LH82,60,2022-07-21,131.7608568446884,,3.0,1,0
203,False,Lincoln|hybrids|3|10,Lincoln,hybrids,3,10,B84 X 3IIH6,60,2022-07-21,131.76279145521144,,3.0,1,0
204,False,Lincoln|hybrids|6|34,Lincoln,hybrids,6,34,LH198 X PHZ51,60,2022-07-21,131.77158769409908,,3.0,1,0
205,False,Lincoln|hybrids|13|13,Lincoln,hybrids,13,13,LH195 X PHZ51,60,2022-07-21,131.88362304955885,,3.0,1,0
206,False,Lincoln|hybrids|2|8,Lincoln,hybrids,2,8,2369 X PHP02,60,2022-07-21,131.90815676996925,,3.0,1,0
207,False,Lincoln|hybrids|2|25,Lincoln,hybrids,2,25,LH145 X LH162,60,2022-07-21,131.94612621750554,,3.0,1,0
208,False,Lincoln|hybrids|8|35,Lincoln,hybrids,8,35,2369 X PHP02,60,2022-07-21,131.96983533924774,,3.0,1,0
209,False,Lincoln|hybrids|14|32,Lincoln,hybrids,14,32,PHW52 X LH185,60,2022-07-21,131.99689435534384,,3.0,1,0
210,False,Lincoln|hybrids|15|37,Lincoln,hybrids,15,37,PHT69 X 3IIH6,60,2022-07-21,132.11593442651315,,3.0,1,0
211,False,Lincoln|hybrids|10|26,Lincoln,hybrids,10,26,PHP02 X PHJ89,60,2022-07-21,132.16159249641217,,3.0,1,0
212,False,Lincoln|hybrids|6|23,Lincoln,hybrids,6,23,B84 X 3IIH6,60,2022-07-21,132.37082721021244,,3.0,1,0
213,False,Lincoln|hybrids|7|19,Lincoln,hybrids,7,19,PHP02 X LH185,60,2022-07-21,132.3810304676984,,3.0,1,0
214,False,Lincoln|hybrids|3|33,Lincoln,hybrids,3,33,F42 X MO17,60,2022-07-21,132.396848434921,,3.0,1,0
215,False,Lincoln|hybrids|3|22,Lincoln,hybrids,3,22,PHP02 X PHB47,60,2022-07-21,132.51574130953688,,3.0,1,0
216,False,Lincoln|hybrids|10|10,Lincoln,hybrids,10,10,PHB47 X 3IIH6,60,2022-07-21,132.60977117566304,,3.0,1,0
217,False,Lincoln|hybrids|5|5,Lincoln,hybrids,5,5,2369 X 3IIH6,60,2022-07-21,132.76213496734164,,3.0,1,0
218,False,Lincoln|hybrids|3|32,Lincoln,hybrids,3,32,4N506 X 3IIH6,60,2022-07-21,132.7968398751138,,3.0,1,0
219,False,Lincoln|hybrids|10|12,Lincoln,hybrids,10,12,F42 X OH43,60,2022-07-21,132.8238622820808,,3.0,1,0
220,False,Lincoln|hybrids|14|29,Lincoln,hybrids,14,29,PHP02 X PHN46,60,2022-07-21,132.88513705316885,,3.0,1,0
221,False,Lincoln|hybrids|14|9,Lincoln,hybrids,14,9,LH74 X PHM49,60,2022-07-21,132.89925455544812,,3.0,1,0
222,False,Lincoln|hybrids|3|6,Lincoln,hybrids,3,6,PHP02 X PHG47,60,2022-07-21,132.981366325521,,3.0,1,0
223,False,Lincoln|hybrids|8|32,Lincoln,hybrids,8,32,B73 X PHM49,60,2022-07-21,133.1084465964465,,3.0,1,0
224,False,Lincoln|hybrids|7|38,Lincoln,hybrids,7,38,LH195 X 3IIH6,60,2022-07-21,133.19309516512413,,3.0,1,0
225,False,Lincoln|hybrids|3|25,Lincoln,hybrids,3,25,PHP02 X LH82,60,2022-07-21,133.22763684729165,,3.0,1,0
226,False,Lincoln|hybrids|8|37,Lincoln,hybrids,8,37,PHK76 X LH82,60,2022-07-21,133.2790598640873,,3.0,1,0
227,False,Lincoln|hybrids|7|32,Lincoln,hybrids,7,32,B84 X 3IIH6,60,2022-07-21,133.32632244700298,,3.0,1,0
228,False,Lincoln|hybrids|13|15,Lincoln,hybrids,13,15,PHP02 X LH82,60,2022-07-21,133.38603287885067,,3.0,1,0
229,False,Lincoln|hybrids|6|38,Lincoln,hybrids,6,38,PHW52 X PHM49,60,2022-07-21,133.3981436166255,,3.0,1,0
230,False,Lincoln|hybrids|7|11,Lincoln,hybrids,7,11,PHW52 X LH185,60,2022-07-21,133.42625870914233,,3.0,1,0
231,False,Lincoln|hybrids|5|23,Lincoln,hybrids,5,23,F42 X OH43,60,2022-07-21,133.4274002551423,,3.0,1,0
232,False,Lincoln|hybrids|5|11,Lincoln,hybrids,5,11,F42 X OH43,60,2022-07-21,133.43177478125625,,3.0,1,0
233,False,Lincoln|hybrids|13|19,Lincoln,hybrids,13,19,LH145 X LH162,60,2022-07-21,133.5034556578006,,3.0,1,0
234,False,Lincoln|hybrids|10|6,Lincoln,hybrids,10,6,LH74 X PHN82,60,2022-07-21,133.54575713984656,,3.0,1,0
235,False,Lincoln|hybrids|11|12,Lincoln,hybrids,11,12,F42 X MO17,60,2022-07-21,133.59290994471505,,3.0,1,0
236,False,Lincoln|hybrids|4|3,Lincoln,hybrids,4,3,PHT69 X 3IIH6,60,2022-07-21,133.61508374776523,,3.0,1,0
237,False,Lincoln|hybrids|13|9,Lincoln,hybrids,13,9,2369 X PHN82,60,2022-07-21,133.6229519263043,,3.0,1,0
238,False,Lincoln|hybrids|8|19,Lincoln,hybrids,8,19,PHJ40 X LH82,60,2022-07-21,133.65031075270582,,3.0,1,0
239,False,Lincoln|hybrids|13|36,Lincoln,hybrids,13,36,B14A X MO17,60,2022-07-21,133.69402470869963,,3.0,1,0
240,False,Lincoln|hybrids|10|31,Lincoln,hybrids,10,31,F42 X MO17,60,2022-07-21,133.7106716829253,,3.0,1,0
241,False,Lincoln|hybrids|2|21,Lincoln,hybrids,2,21,LH198 X PHZ51,60,2022-07-21,133.80226608824805,,3.0,1,0
242,False,Lincoln|hybrids|15|9,Lincoln,hybrids,15,9,B73 X MO17,60,2022-07-21,134.0345987869757,,3.0,1,0
243,False,Lincoln|hybrids|6|12,Lincoln,hybrids,6,12,LH82 X PHJ89,60,2022-07-21,134.07217885220976,,3.0,1,0
244,False,Lincoln|hybrids|2|5,Lincoln,hybrids,2,5,B73 X MO17,60,2022-07-21,134.15834411617604,,3.0,1,0
245,False,Lincoln|hybrids|4|23,Lincoln,hybrids,4,23,LH198 X PHB47,60,2022-07-21,134.20973559674627,,3.0,1,0
246,False,Lincoln|hybrids|4|6,Lincoln,hybrids,4,6,B14A X MO17,60,2022-07-21,134.21561042941494,,3.0,1,0
247,False,Lincoln|hybrids|9|35,Lincoln,hybrids,9,35,LH82 X PHJ89,60,2022-07-21,134.29026019632335,,3.0,1,0
248,False,Lincoln|hybrids|8|5,Lincoln,hybrids,8,5,F42 X MO17,60,2022-07-21,134.29985601906944,,3.0,1,0
249,False,Lincoln|hybrids|2|39,Lincoln,hybrids,2,39,PHG39 X PHM49,60,2022-07-21,134.30657590567512,,3.0,1,0
250,False,Lincoln|hybrids|10|23,Lincoln,hybrids,10,23,PHB47 X 3IIH6,60,2022-07-21,134.4900089557986,,3.0,1,0
251,False,Lincoln|hybrids|3|38,Lincoln,hybrids,3,38,LH74 X PHN82,60,2022-07-21,134.56741234357776,,3.0,1,0
252,False,Lincoln|hybrids|4|15,Lincoln,hybrids,4,15,PHB47 X LH185,60,2022-07-21,134.57819678820366,,3.0,1,0
253,False,Lincoln|hybrids|12|3,Lincoln,hybrids,12,3,PHW52 X PHZ51,60,2022-07-21,134.58739234371606,,3.0,1,0
254,False,Lincoln|hybrids|5|30,Lincoln,hybrids,5,30,2369 X PHN82,60,2022-07-21,134.67023196339335,,3.0,1,0
255,False,Lincoln|hybrids|7|30,Lincoln,hybrids,7,30,PHP02 X PHN46,60,2022-07-21,134.7314439731279,,3.0,1,0
256,False,Lincoln|hybrids|13|37,Lincoln,hybrids,13,37,B73 X 3IIH6,60,2022-07-21,134.7381419599585,,3.0,1,0
257,False,Lincoln|hybrids|12|7,Lincoln,hybrids,12,7,LH195 X 3IIH6,60,2022-07-21,134.7562444665883,,3.0,1,0
258,False,Lincoln|hybrids|6|16,Lincoln,hybrids,6,16,LH195 X PHZ51,60,2022-07-21,134.8767541629333,,3.0,1,0
259,False,Lincoln|hybrids|7|39,Lincoln,hybrids,7,39,PHP02 X PHG47,60,2022-07-21,134.9793273062056,,3.0,1,0
260,False,Lincoln|hybrids|3|3,Lincoln,hybrids,3,3,LH74 X PHN82,60,2022-07-21,135.08762347721463,,3.0,1,0
261,False,Lincoln|hybrids|13|4,Lincoln,hybrids,13,4,PHT69 X 3IIH6,60,2022-07-21,135.11491945973577,,3.0,1,0
262,False,Lincoln|hybrids|9|24,Lincoln,hybrids,9,24,PHP02 X PHG47,60,2022-07-21,135.14983894971002,,3.0,1,0
263,False,Lincoln|hybrids|2|33,Lincoln,hybrids,2,33,LH82 X W606S,60,2022-07-21,135.15686287498295,,3.0,1,0
264,False,Lincoln|hybrids|4|4,Lincoln,hybrids,4,4,PHP02 X PHN46,60,2022-07-21,135.1630782648499,,3.0,1,0
265,False,Lincoln|hybrids|6|28,Lincoln,hybrids,6,28,2369 X 3IIH6,60,2022-07-21,135.1953934611446,,3.0,1,0
266,False,Lincoln|hybrids|13|7,Lincoln,hybrids,13,7,PHP02 X PHG47,60,2022-07-21,135.20056662449426,,3.0,1,0
267,False,Lincoln|hybrids|14|31,Lincoln,hybrids,14,31,PHW52 X PHZ51,60,2022-07-21,135.21708163945897,,3.0,1,0
268,False,Lincoln|hybrids|7|9,Lincoln,hybrids,7,9,LH123HT X 3IIH6,60,2022-07-21,135.2204275120992,,3.0,1,0
269,False,Lincoln|hybrids|11|30,Lincoln,hybrids,11,30,PHP02 X LH198,60,2022-07-21,135.40558882823632,,3.0,1,0
270,False,Lincoln|hybrids|14|4,Lincoln,hybrids,14,4,PHW52 X PHM49,60,2022-07-21,135.41754036518626,,3.0,1,0
271,False,Lincoln|hybrids|14|24,Lincoln,hybrids,14,24,2369 X PHP02,60,2022-07-21,135.5063796617944,,3.0,1,0
272,False,Lincoln|hybrids|9|33,Lincoln,hybrids,9,33,PHW52 X PHM49,60,2022-07-21,135.76621293777512,,3.0,1,0
273,False,Lincoln|hybrids|10|5,Lincoln,hybrids,10,5,PHK56 X 3IIH6,60,2022-07-21,135.83950377511277,,3.0,1,0
274,False,Lincoln|hybrids|7|25,Lincoln,hybrids,7,25,B73 X MO17,60,2022-07-21,135.86228824548766,,3.0,1,0
275,False,Lincoln|hybrids|14|6,Lincoln,hybrids,14,6,B14A X MO17,60,2022-07-21,135.91460191381964,,3.0,1,0
276,False,Lincoln|hybrids|7|3,Lincoln,hybrids,7,3,PHK76 X LH198,60,2022-07-21,135.95043917904343,,3.0,1,0
277,False,Lincoln|hybrids|12|13,Lincoln,hybrids,12,13,PHW52 X LH185,60,2022-07-21,135.9594384980813,,3.0,1,0
278,False,Lincoln|hybrids|8|34,Lincoln,hybrids,8,34,B73 X 3IIH6,60,2022-07-21,135.97235801268934,,3.0,1,0
279,False,Lincoln|hybrids|12|10,Lincoln,hybrids,12,10,LH123HT X 3IIH6,60,2022-07-21,136.13366960835106,,3.0,1,0
280,False,Lincoln|hybrids|14|22,Lincoln,hybrids,14,22,LH82 X PHJ89,60,2022-07-21,136.19538796933844,,3.0,1,0
281,False,Lincoln|hybrids|4|21,Lincoln,hybrids,4,21,B73 X PHM49,60,2022-07-21,136.32172914759263,,3.0,1,0
282,False,Lincoln|hybrids|12|26,Lincoln,hybrids,12,26,PHB47 X PHJ89,60,2022-07-21,136.33799017388415,,3.0,1,0
283,False,Lincoln|hybrids|11|4,Lincoln,hybrids,11,4,2FACC X 3IIH6,60,2022-07-21,136.3406510405699,,3.0,1,0
284,False,Lincoln|hybrids|2|4,Lincoln,hybrids,2,4,PHK76 X LH82,60,2022-07-21,136.44725140025184,,3.0,1,0
285,False,Lincoln|hybrids|15|23,Lincoln,hybrids,15,23,PHP02 X PHK76,60,2022-07-21,136.45610366387135,,3.0,1,0
286,False,Lincoln|hybrids|7|21,Lincoln,hybrids,7,21,PHP02 X LH198,60,2022-07-21,136.6381416150253,,3.0,1,0
287,False,Lincoln|hybrids|10|18,Lincoln,hybrids,10,18,LH198 X PHZ51,60,2022-07-21,136.75102476731217,,3.0,1,0
288,False,Lincoln|hybrids|9|37,Lincoln,hybrids,9,37,PHN46 X W606S,60,2022-07-21,136.80394575961935,,3.0,1,0
289,False,Lincoln|hybrids|15|11,Lincoln,hybrids,15,11,PHP02 X LH198,60,2022-07-21,136.87422072542188,,3.0,1,0
290,False,Lincoln|hybrids|6|30,Lincoln,hybrids,6,30,PHN46 X W606S,60,2022-07-21,136.88098201933803,,3.0,1,0
291,False,Lincoln|hybrids|4|33,Lincoln,hybrids,4,33,LH82 X PHJ89,60,2022-07-21,136.88703018663952,,3.0,1,0
292,False,Lincoln|hybrids|4|19,Lincoln,hybrids,4,19,F42 X MO17,60,2022-07-21,136.88704619523656,,3.0,1,0
293,False,Lincoln|hybrids|4|28,Lincoln,hybrids,4,28,PHP02 X LH198,60,2022-07-21,136.9708852832896,,3.0,1,0
294,False,Lincoln|hybrids|13|20,Lincoln,hybrids,13,20,PHK76 X 3IIH6,60,2022-07-21,136.97744320352302,,3.0,1,0
295,False,Lincoln|hybrids|7|33,Lincoln,hybrids,7,33,PHK56 X PHJ89,60,2022-07-21,137.00263140919463,,3.0,1,0
296,False,Lincoln|hybrids|7|4,Lincoln,hybrids,7,4,PHK56 X 3IIH6,60,2022-07-21,137.15234376868926,,3.0,1,0
297,False,Lincoln|hybrids|9|5,Lincoln,hybrids,9,5,PHP02 X PHK56,60,2022-07-21,137.1586707235693,,3.0,1,0
298,False,Lincoln|hybrids|14|12,Lincoln,hybrids,14,12,PHN46 X PHK56,60,2022-07-21,137.2001373448651,,3.0,1,0
299,False,Lincoln|hybrids|2|9,Lincoln,hybrids,2,9,PHW52 X PHM49,60,2022-07-21,137.20248459022957,,3.0,1,0
300,False,Lincoln|hybrids|15|25,Lincoln,hybrids,15,25,LH195 X PHZ51,60,2022-07-21,137.21630836762108,,3.0,1,0
301,False,Lincoln|hybrids|14|17,Lincoln,hybrids,14,17,F42 X OH43,60,2022-07-21,137.26562995352208,,3.0,1,0
302,False,Lincoln|hybrids|15|32,Lincoln,hybrids,15,32,PHG39 X PHM49,60,2022-07-21,137.26570138351602,,3.0,1,0
303,False,Lincoln|hybrids|4|36,Lincoln,hybrids,4,36,2FACC X 3IIH6,60,2022-07-21,137.32418081590933,,3.0,1,0
304,False,Lincoln|hybrids|13|21,Lincoln,hybrids,13,21,PHJ40 X LH82,60,2022-07-21,137.35025116077,,3.0,1,0
305,False,Lincoln|hybrids|10|33,Lincoln,hybrids,10,33,LH195 X LH185,60,2022-07-21,137.4145004014957,,3.0,1,0
306,False,Lincoln|hybrids|11|23,Lincoln,hybrids,11,23,PHW52 X LH185,60,2022-07-21,137.4389778534413,,3.0,1,0
307,False,Lincoln|hybrids|6|10,Lincoln,hybrids,6,10,PHW52 X PHZ51,60,2022-07-21,137.63170573923958,,3.0,1,0
308,False,Lincoln|hybrids|7|29,Lincoln,hybrids,7,29,PHT69 X 3IIH6,60,2022-07-21,137.63368974501142,,3.0,1,0
309,False,Lincoln|hybrids|3|23,Lincoln,hybrids,3,23,PHP02 X PHJ89,60,2022-07-21,137.6414316390122,,3.0,1,0
310,False,Lincoln|hybrids|10|35,Lincoln,hybrids,10,35,PHK56 X LH198,60,2022-07-21,137.7181638303609,,3.0,1,0
311,False,Lincoln|hybrids|11|22,Lincoln,hybrids,11,22,LH74 X PHM49,60,2022-07-21,137.7779507732468,,3.0,1,0
312,False,Lincoln|hybrids|13|31,Lincoln,hybrids,13,31,2FACC X 3IIH6,60,2022-07-21,137.84518967186577,,3.0,1,0
313,False,Lincoln|hybrids|6|33,Lincoln,hybrids,6,33,B14A X MO17,60,2022-07-21,137.99237605758825,,3.0,1,0
314,False,Lincoln|hybrids|5|21,Lincoln,hybrids,5,21,LH82 X PHJ89,60,2022-07-21,138.00263930260712,,3.0,1,0
315,False,Lincoln|hybrids|13|2,Lincoln,hybrids,13,2,PHK76 X LH82,60,2022-07-21,138.07793019546318,,3.0,1,0
316,False,Lincoln|hybrids|9|9,Lincoln,hybrids,9,9,LH82 X PHJ89,60,2022-07-21,138.10471409595357,,3.0,1,0
317,False,Lincoln|hybrids|5|7,Lincoln,hybrids,5,7,PHP02 X LH198,60,2022-07-21,138.1571625671047,,3.0,1,0
318,False,Lincoln|hybrids|2|20,Lincoln,hybrids,2,20,PHB47 X 3IIH6,60,2022-07-21,138.22675826292317,,3.0,1,0
319,False,Lincoln|hybrids|6|20,Lincoln,hybrids,6,20,2369 X PHP02,60,2022-07-21,138.29218979477682,,3.0,1,0
320,False,Lincoln|hybrids|11|7,Lincoln,hybrids,11,7,LH82 X W606S,60,2022-07-21,138.2975443396155,,3.0,1,0
321,False,Lincoln|hybrids|14|15,Lincoln,hybrids,14,15,PHK76 X LH82,60,2022-07-21,138.3404515698868,,3.0,1,0
322,False,Lincoln|hybrids|5|24,Lincoln,hybrids,5,24,PHP02 X PHK76,60,2022-07-21,138.35806538549699,,3.0,1,0
323,False,Lincoln|hybrids|4|26,Lincoln,hybrids,4,26,LH74 X PHM49,60,2022-07-21,138.38783729704457,,3.0,1,0
324,False,Lincoln|hybrids|14|11,Lincoln,hybrids,14,11,PHG39 X PHM49,60,2022-07-21,138.41173468382587,,3.0,1,0
325,False,Lincoln|hybrids|14|3,Lincoln,hybrids,14,3,PHB47 X PHJ89,60,2022-07-21,138.4228951448473,,3.0,1,0
326,False,Lincoln|hybrids|7|16,Lincoln,hybrids,7,16,PHP02 X PHG47,60,2022-07-21,138.5016143913098,,3.0,1,0
327,False,Lincoln|hybrids|11|21,Lincoln,hybrids,11,21,B73 X MO17,60,2022-07-21,138.5443735813554,,3.0,1,0
328,False,Lincoln|hybrids|4|18,Lincoln,hybrids,4,18,LH74 X PHN82,60,2022-07-21,138.69189245660476,,3.0,1,0
329,False,Lincoln|hybrids|6|39,Lincoln,hybrids,6,39,LH195 X LH185,60,2022-07-21,138.7532309313449,,3.0,1,0
330,False,Lincoln|hybrids|11|19,Lincoln,hybrids,11,19,PHK56 X 3IIH6,60,2022-07-21,138.95916431047573,,3.0,1,0
331,False,Lincoln|hybrids|14|13,Lincoln,hybrids,14,13,PHK76 X LH198,60,2022-07-21,138.97898464465152,,3.0,1,0
332,False,Lincoln|hybrids|6|35,Lincoln,hybrids,6,35,PHB47 X PHK56,60,2022-07-21,139.00812927376487,,3.0,1,0
333,False,Lincoln|hybrids|6|15,Lincoln,hybrids,6,15,LH195 X 3IIH6,60,2022-07-21,139.29220189747488,,3.0,1,0
334,False,Lincoln|hybrids|2|17,Lincoln,hybrids,2,17,PHN46 X PHK56,60,2022-07-21,139.31098105542478,,3.0,1,0
335,False,Lincoln|hybrids|9|16,Lincoln,hybrids,9,16,PHP02 X LH185,60,2022-07-21,139.3385242136706,,3.0,1,0
336,False,Lincoln|hybrids|3|26,Lincoln,hybrids,3,26,PHK56 X 3IIH6,60,2022-07-21,139.34445409547376,,3.0,1,0
337,False,Lincoln|hybrids|14|28,Lincoln,hybrids,14,28,LH82 X W606S,60,2022-07-21,139.3459001900342,,3.0,1,0
338,False,Lincoln|hybrids|9|19,Lincoln,hybrids,9,19,PHN46 X PHK56,60,2022-07-21,139.41514918501534,,3.0,1,0
339,False,Lincoln|hybrids|9|23,Lincoln,hybrids,9,23,2369 X PHN82,60,2022-07-21,139.49305899326365,,3.0,1,0
340,False,Lincoln|hybrids|5|13,Lincoln,hybrids,5,13,PHK56 X LH198,60,2022-07-21,139.50602896276806,,3.0,1,0
341,False,Lincoln|hybrids|4|30,Lincoln,hybrids,4,30,PHW52 X LH185,60,2022-07-21,139.5979528454116,,3.0,1,0
342,False,Lincoln|hybrids|2|19,Lincoln,hybrids,2,19,2369 X 3IIH6,60,2022-07-21,139.67150000448373,,3.0,1,0
343,False,Lincoln|hybrids|11|26,Lincoln,hybrids,11,26,PHG39 X PHM49,60,2022-07-21,139.78542064771696,,3.0,1,0
344,False,Lincoln|hybrids|3|39,Lincoln,hybrids,3,39,PHP02 X PHK56,60,2022-07-21,139.87766662318887,,3.0,1,0
345,False,Lincoln|hybrids|6|7,Lincoln,hybrids,6,7,PHB47 X PHK56,60,2022-07-21,139.92125097104815,,3.0,1,0
346,False,Lincoln|hybrids|9|25,Lincoln,hybrids,9,25,PHT69 X 3IIH6,60,2022-07-21,139.99785352527948,,3.0,1,0
347,False,Lincoln|hybrids|3|20,Lincoln,hybrids,3,20,PHT69 X 3IIH6,60,2022-07-21,140.05432351987815,,3.0,1,0
348,False,Lincoln|hybrids|12|15,Lincoln,hybrids,12,15,PHP02 X LH198,60,2022-07-21,140.15566763409902,,3.0,1,0
349,False,Lincoln|hybrids|7|34,Lincoln,hybrids,7,34,N209 X 3IIH6,60,2022-07-21,140.22646783471274,,3.0,1,0
350,False,Lincoln|hybrids|14|19,Lincoln,hybrids,14,19,LH74 X PHN82,60,2022-07-21,140.28839699871966,,3.0,1,0
351,False,Lincoln|hybrids|5|15,Lincoln,hybrids,5,15,PHK76 X LH198,60,2022-07-21,140.32892580689264,,3.0,1,0
352,False,Lincoln|hybrids|2|16,Lincoln,hybrids,2,16,PHP02 X PHN46,60,2022-07-21,140.40380136258267,,3.0,1,0
353,False,Lincoln|hybrids|5|36,Lincoln,hybrids,5,36,PHK56 X LH185,60,2022-07-21,140.40649521373936,,3.0,1,0
354,False,Lincoln|hybrids|6|5,Lincoln,hybrids,6,5,PHG39 X PHM49,60,2022-07-21,140.44670843917973,,3.0,1,0
355,False,Lincoln|hybrids|12|25,Lincoln,hybrids,12,25,PHK76 X LH198,60,2022-07-21,140.50605045436936,,3.0,1,0
356,False,Lincoln|hybrids|6|24,Lincoln,hybrids,6,24,PHK56 X W606S,60,2022-07-21,140.59554868772727,,3.0,1,0
357,False,Lincoln|hybrids|15|24,Lincoln,hybrids,15,24,F42 X MO17,60,2022-07-21,140.62963522439955,,3.0,1,0
358,False,Lincoln|hybrids|4|22,Lincoln,hybrids,4,22,B14A X MO17,60,2022-07-21,140.83327267569607,,3.0,1,0
359,False,Lincoln|hybrids|9|39,Lincoln,hybrids,9,39,PHN46 X PHB47,60,2022-07-21,140.83813723054212,,3.0,1,0
360,False,Lincoln|hybrids|12|11,Lincoln,hybrids,12,11,B73 X 3IIH6,60,2022-07-21,140.85748070052355,,3.0,1,0
361,False,Lincoln|hybrids|15|10,Lincoln,hybrids,15,10,PHN46 X W606S,60,2022-07-21,140.92836994177145,,3.0,1,0
362,False,Lincoln|hybrids|8|15,Lincoln,hybrids,8,15,2369 X PHN82,60,2022-07-21,140.94151457051734,,3.0,1,0
363,False,Lincoln|hybrids|11|18,Lincoln,hybrids,11,18,PHK56 X LH185,60,2022-07-21,141.1090512144108,,3.0,1,0
364,False,Lincoln|hybrids|2|11,Lincoln,hybrids,2,11,LH82 X W606S,60,2022-07-21,141.22074934319156,,3.0,1,0
365,False,Lincoln|hybrids|8|7,Lincoln,hybrids,8,7,PHK56 X LH185,60,2022-07-21,141.34737966942532,,3.0,1,0
366,False,Lincoln|hybrids|9|12,Lincoln,hybrids,9,12,PHP02 X PHN46,60,2022-07-21,141.36783869222572,,3.0,1,0
367,False,Lincoln|hybrids|5|25,Lincoln,hybrids,5,25,PHN46 X W606S,60,2022-07-21,141.3837783675936,,3.0,1,0
368,False,Lincoln|hybrids|6|17,Lincoln,hybrids,6,17,PHW52 X PHZ51,60,2022-07-21,141.39055014809304,,3.0,1,0
369,False,Lincoln|hybrids|12|16,Lincoln,hybrids,12,16,B84 X 3IIH6,60,2022-07-21,141.5660973913859,,3.0,1,0
370,False,Lincoln|hybrids|10|29,Lincoln,hybrids,10,29,PHK56 X LH185,60,2022-07-21,141.6493918648813,,3.0,1,0
371,False,Lincoln|hybrids|3|4,Lincoln,hybrids,3,4,B73 X PHN82,60,2022-07-21,141.81777615363288,,3.0,1,0
372,False,Lincoln|hybrids|3|31,Lincoln,hybrids,3,31,PHW52 X PHZ51,60,2022-07-21,141.89873572809896,,3.0,1,0
373,False,Lincoln|hybrids|3|11,Lincoln,hybrids,3,11,PHK56 X LH82,60,2022-07-21,142.01807824360924,,3.0,1,0
374,False,Lincoln|hybrids|2|36,Lincoln,hybrids,2,36,PHN46 X PHB47,60,2022-07-21,142.06951139825637,,3.0,1,0
375,False,Lincoln|hybrids|15|7,Lincoln,hybrids,15,7,PHP02 X W606S,60,2022-07-21,142.0841793851914,,3.0,1,0
376,False,Lincoln|hybrids|3|21,Lincoln,hybrids,3,21,2FACC X 3IIH6,60,2022-07-21,142.09014557019006,,3.0,1,0
377,False,Lincoln|hybrids|5|31,Lincoln,hybrids,5,31,LH185 X LH82,60,2022-07-21,142.14259409016222,,3.0,1,0
378,False,Lincoln|hybrids|3|8,Lincoln,hybrids,3,8,N209 X 3IIH6,60,2022-07-21,142.24227497651444,,3.0,1,0
379,False,Lincoln|hybrids|5|19,Lincoln,hybrids,5,19,PHG39 X PHM49,60,2022-07-21,142.3343340831774,,3.0,1,0
380,False,Lincoln|hybrids|9|32,Lincoln,hybrids,9,32,B73 X PHN82,60,2022-07-21,142.53229798827005,,3.0,1,0
381,False,Lincoln|hybrids|2|18,Lincoln,hybrids,2,18,PHW52 X LH185,60,2022-07-21,142.65856476116548,,3.0,1,0
382,False,Lincoln|hybrids|3|7,Lincoln,hybrids,3,7,PHP02 X PHK56,60,2022-07-21,142.6995988560796,,3.0,1,0
383,False,Lincoln|hybrids|9|4,Lincoln,hybrids,9,4,PHB47 X PHK56,60,2022-07-21,142.74275031339903,,3.0,1,0
384,False,Lincoln|hybrids|10|30,Lincoln,hybrids,10,30,LH185 X LH82,60,2022-07-21,142.84447202426307,,3.0,1,0
385,False,Lincoln|hybrids|13|28,Lincoln,hybrids,13,28,PHK56 X PHJ89,60,2022-07-21,142.8829646963872,,3.0,1,0
386,False,Lincoln|hybrids|9|29,Lincoln,hybrids,9,29,PHP02 X PHK56,60,2022-07-21,142.9241112489552,,3.0,1,0
387,False,Lincoln|hybrids|12|24,Lincoln,hybrids,12,24,PHK56 X PHJ89,60,2022-07-21,142.98559553111767,,3.0,1,0
388,False,Lincoln|hybrids|12|20,Lincoln,hybrids,12,20,PHN46 X W606S,60,2022-07-21,143.04785067280514,,3.0,1,0
389,False,Lincoln|hybrids|3|2,Lincoln,hybrids,3,2,PHK56 X W606S,60,2022-07-21,143.13019382806868,,3.0,1,0
390,False,Lincoln|hybrids|7|37,Lincoln,hybrids,7,37,PHK56 X LH198,60,2022-07-21,143.15605875471425,,3.0,1,0
391,False,Lincoln|hybrids|11|37,Lincoln,hybrids,11,37,PHB47 X PHK56,60,2022-07-21,143.18691512161584,,3.0,1,0
392,False,Lincoln|hybrids|2|29,Lincoln,hybrids,2,29,PHK56 X W606S,60,2022-07-21,143.1909513219136,,3.0,1,0
393,False,Lincoln|hybrids|11|2,Lincoln,hybrids,11,2,LH195 X LH185,60,2022-07-21,143.33533562616023,,3.0,1,0
394,False,Lincoln|hybrids|4|2,Lincoln,hybrids,4,2,PHK56 X PHJ89,60,2022-07-21,143.65006104170752,,3.0,1,0
395,False,Lincoln|hybrids|11|24,Lincoln,hybrids,11,24,PHK56 X W606S,60,2022-07-21,143.74060903202263,,3.0,1,0
396,False,Lincoln|hybrids|8|21,Lincoln,hybrids,8,21,PHK56 X PHJ89,60,2022-07-21,143.76222873393286,,3.0,1,0
397,False,Lincoln|hybrids|9|10,Lincoln,hybrids,9,10,PHK56 X LH198,60,2022-07-21,143.77189393131223,,3.0,1,0
398,False,Lincoln|hybrids|2|15,Lincoln,hybrids,2,15,PHW52 X PHM49,60,2022-07-21,143.93830569849302,,3.0,1,0
399,False,Lincoln|hybrids|9|13,Lincoln,hybrids,9,13,LH185 X LH82,60,2022-07-21,144.04494162307188,,3.0,1,0
400,False,Lincoln|hybrids|5|28,Lincoln,hybrids,5,28,B73 X PHN82,60,2022-07-21,144.17081932570417,,3.0,1,0
401,False,Lincoln|hybrids|6|13,Lincoln,hybrids,6,13,PHP02 X W606S,60,2022-07-21,144.29701356287714,,3.0,1,0
402,False,Lincoln|hybrids|10|20,Lincoln,hybrids,10,20,B14A X MO17,60,2022-07-21,144.3705950044261,,3.0,1,0
403,False,Lincoln|hybrids|14|8,Lincoln,hybrids,14,8,B73 X PHN82,60,2022-07-21,144.37306953393448,,3.0,1,0
404,False,Lincoln|hybrids|9|22,Lincoln,hybrids,9,22,PHK56 X LH198,60,2022-07-21,144.54137353102556,,3.0,1,0
405,False,Lincoln|hybrids|2|10,Lincoln,hybrids,2,10,LH195 X LH185,60,2022-07-21,144.73581653765385,,3.0,1,0
406,False,Lincoln|hybrids|4|20,Lincoln,hybrids,4,20,PHN46 X PHB47,60,2022-07-21,145.09214145881316,,3.0,1,0
407,False,Lincoln|hybrids|13|23,Lincoln,hybrids,13,23,B73 X 3IIH6,60,2022-07-21,145.10559998309793,,3.0,1,0
408,False,Lincoln|hybrids|12|4,Lincoln,hybrids,12,4,PHK56 X LH185,60,2022-07-21,145.3939387262448,,3.0,1,0
409,False,Lincoln|hybrids|14|26,Lincoln,hybrids,14,26,LH195 X LH185,60,2022-07-21,145.40742740091216,,3.0,1,0
410,False,Lincoln|hybrids|8|20,Lincoln,hybrids,8,20,B73 X PHN82,60,2022-07-21,145.62785966021505,,3.0,1,0
411,False,Lincoln|hybrids|13|12,Lincoln,hybrids,13,12,PHK56 X PHJ89,60,2022-07-21,145.6347523614105,,3.0,1,0
412,False,Lincoln|hybrids|7|2,Lincoln,hybrids,7,2,2FACC X 3IIH6,60,2022-07-21,145.7411849657265,,3.0,1,0
413,False,Lincoln|hybrids|13|32,Lincoln,hybrids,13,32,N209 X 3IIH6,60,2022-07-21,145.7647697262387,,3.0,1,0
414,False,Lincoln|hybrids|14|21,Lincoln,hybrids,14,21,B73 X PHN82,60,2022-07-21,145.77114841715468,,3.0,1,0
415,False,Lincoln|hybrids|7|22,Lincoln,hybrids,7,22,LH195 X LH185,60,2022-07-21,145.80273181755354,,3.0,1,0
416,False,Lincoln|hybrids|9|30,Lincoln,hybrids,9,30,PHK56 X LH82,60,2022-07-21,145.8448240744301,,3.0,1,0
417,False,Lincoln|hybrids|15|17,Lincoln,hybrids,15,17,PHB47 X PHK56,60,2022-07-21,145.8477386280109,,3.0,1,0
418,False,Lincoln|hybrids|12|18,Lincoln,hybrids,12,18,LH185 X LH82,60,2022-07-21,145.94176551850595,,3.0,1,0
419,False,Lincoln|hybrids|4|12,Lincoln,hybrids,4,12,LH185 X LH82,60,2022-07-21,146.0077163397727,,3.0,1,0
420,False,Lincoln|hybrids|9|26,Lincoln,hybrids,9,26,PHW52 X PHM49,60,2022-07-21,146.09726015442703,,3.0,1,0
421,False,Lincoln|hybrids|4|10,Lincoln,hybrids,4,10,B73 X 3IIH6,60,2022-07-21,146.2234805746351,,3.0,1,0
422,False,Lincoln|hybrids|12|17,Lincoln,hybrids,12,17,N209 X 3IIH6,60,2022-07-21,146.2245261826778,,3.0,1,0
423,False,Lincoln|hybrids|11|15,Lincoln,hybrids,11,15,LH82 X W606S,60,2022-07-21,146.23451382776707,,3.0,1,0
424,False,Lincoln|hybrids|13|11,Lincoln,hybrids,13,11,LH185 X W606S,60,2022-07-21,146.24730191369846,,3.0,1,0
425,False,Lincoln|hybrids|15|34,Lincoln,hybrids,15,34,PHG39 X PHN82,60,2022-07-21,146.2809544423829,,3.0,1,0
426,False,Lincoln|hybrids|12|28,Lincoln,hybrids,12,28,PHK56 X W606S,60,2022-07-21,146.30197469225604,,3.0,1,0
427,False,Lincoln|hybrids|3|16,Lincoln,hybrids,3,16,PHP02 X PHK56,60,2022-07-21,146.3482823872019,,3.0,1,0
428,False,Lincoln|hybrids|8|26,Lincoln,hybrids,8,26,PHK56 X LH82,60,2022-07-21,146.47497105247373,,3.0,1,0
429,False,Lincoln|hybrids|4|17,Lincoln,hybrids,4,17,PHK56 X LH82,60,2022-07-21,146.49775997508993,,3.0,1,0
430,False,Lincoln|hybrids|9|15,Lincoln,hybrids,9,15,2FACC X 3IIH6,60,2022-07-21,146.69883165019394,,3.0,1,0
431,False,Lincoln|hybrids|7|17,Lincoln,hybrids,7,17,LH82 X W606S,60,2022-07-21,147.07451925344304,,3.0,1,0
432,False,Lincoln|hybrids|8|30,Lincoln,hybrids,8,30,PHK56 X LH82,60,2022-07-21,147.0799054956628,,3.0,1,0
433,False,Lincoln|hybrids|8|17,Lincoln,hybrids,8,17,LH185 X LH82,60,2022-07-21,147.24405439791943,,3.0,1,0
434,False,Lincoln|hybrids|6|19,Lincoln,hybrids,6,19,N209 X 3IIH6,60,2022-07-21,147.25971750424188,,3.0,1,0
435,False,Lincoln|hybrids|8|16,Lincoln,hybrids,8,16,PHK56 X LH198,60,2022-07-21,147.40317979487176,,3.0,1,0
436,False,Lincoln|hybrids|10|15,Lincoln,hybrids,10,15,PHW52 X PHZ51,60,2022-07-21,147.5496496113533,,3.0,1,0
437,False,Lincoln|hybrids|14|5,Lincoln,hybrids,14,5,PHK56 X LH82,60,2022-07-21,147.8966695806722,,3.0,1,0
438,False,Lincoln|hybrids|15|2,Lincoln,hybrids,15,2,N209 X 3IIH6,60,2022-07-21,147.93065125528375,,3.0,1,0
439,False,Lincoln|hybrids|4|32,Lincoln,hybrids,4,32,PHP02 X W606S,60,2022-07-21,148.00683538550842,,3.0,1,0
440,False,Lincoln|hybrids|2|37,Lincoln,hybrids,2,37,HOEGEMEYER 7089 AMXT,60,2022-07-21,148.2302595984919,,3.0,1,0
441,False,Lincoln|hybrids|10|28,Lincoln,hybrids,10,28,LH185 X W606S,60,2022-07-21,148.27227183557264,,3.0,1,0
442,False,Lincoln|hybrids|12|29,Lincoln,hybrids,12,29,PHP02 X W606S,60,2022-07-21,148.74641766325803,,3.0,1,0
443,False,Lincoln|hybrids|3|24,Lincoln,hybrids,3,24,PIONEER P0589 AMXT,60,2022-07-21,148.83226471179037,,3.0,1,0
444,False,Lincoln|hybrids|3|13,Lincoln,hybrids,3,13,PHN46 X PHB47,60,2022-07-21,148.8894498674348,,3.0,1,0
445,False,Lincoln|hybrids|15|26,Lincoln,hybrids,15,26,PHN46 X PHB47,60,2022-07-21,148.95557763841128,,3.0,1,0
446,False,Lincoln|hybrids|5|4,Lincoln,hybrids,5,4,PIONEER 1311 AMXT,60,2022-07-21,149.0308206060538,,3.0,1,0
447,False,Lincoln|hybrids|15|33,Lincoln,hybrids,15,33,PHW52 X PHN82,60,2022-07-21,149.1762135148198,,3.0,1,0
448,False,Lincoln|hybrids|10|16,Lincoln,hybrids,10,16,PHP02 X PHK56,60,2022-07-21,149.2605513313819,,3.0,1,0
449,False,Lincoln|hybrids|13|39,Lincoln,hybrids,13,39,PIONEER 1311 AMXT,60,2022-07-21,149.34396704009202,,3.0,1,0
450,False,Lincoln|hybrids|10|24,Lincoln,hybrids,10,24,PIONEER 1311 AMXT,60,2022-07-21,149.6611666283495,,3.0,1,0
451,False,Lincoln|hybrids|15|20,Lincoln,hybrids,15,20,LH185 X W606S,60,2022-07-21,149.71087323630402,,3.0,1,0
452,False,Lincoln|hybrids|5|20,Lincoln,hybrids,5,20,PHP02 X W606S,60,2022-07-21,149.7371389773893,,3.0,1,0
453,False,Lincoln|hybrids|4|16,Lincoln,hybrids,4,16,PHB47 X PHK56,60,2022-07-21,150.0471105704855,,3.0,1,0
454,False,Lincoln|hybrids|9|36,Lincoln,hybrids,9,36,PIONEER P0589 AMXT,60,2022-07-21,150.4824734029275,,3.0,1,0
455,False,Lincoln|hybrids|13|25,Lincoln,hybrids,13,25,PHP02 X W606S,60,2022-07-21,150.67476995604835,,3.0,1,0
456,False,Lincoln|hybrids|13|29,Lincoln,hybrids,13,29,HOEGEMEYER 7089 AMXT,60,2022-07-21,151.0140301447516,,3.0,1,0
457,False,Lincoln|hybrids|13|3,Lincoln,hybrids,13,3,PHN46 X PHB47,60,2022-07-21,151.1900394953025,,3.0,1,0
458,False,Lincoln|hybrids|15|3,Lincoln,hybrids,15,3,PHK56 X W606S,60,2022-07-21,151.49796554117657,,3.0,1,0
459,False,Lincoln|hybrids|5|33,Lincoln,hybrids,5,33,PHW52 X PHN82,60,2022-07-21,151.64348853391047,,3.0,1,0
460,False,Lincoln|hybrids|2|2,Lincoln,hybrids,2,2,PHN46 X W606S,60,2022-07-21,151.66308345666363,,3.0,1,0
461,False,Lincoln|hybrids|10|19,Lincoln,hybrids,10,19,PIONEER P0589 AMXT,60,2022-07-21,151.72213727512218,,3.0,1,0
462,False,Lincoln|hybrids|8|3,Lincoln,hybrids,8,3,PHW52 X PHN82,60,2022-07-21,151.7817878675489,,3.0,1,0
463,False,Lincoln|hybrids|15|19,Lincoln,hybrids,15,19,PHG39 X PHN82,60,2022-07-21,151.88254466921865,,3.0,1,0
464,False,Lincoln|hybrids|3|37,Lincoln,hybrids,3,37,PIONEER P0589 AMXT,60,2022-07-21,152.0043374311296,,3.0,1,0
465,False,Lincoln|hybrids|4|25,Lincoln,hybrids,4,25,PIONEER 1311 AMXT,60,2022-07-21,152.21292443450423,,3.0,1,0
466,False,Lincoln|hybrids|13|10,Lincoln,hybrids,13,10,PHG39 X PHN82,60,2022-07-21,152.3998040401667,,3.0,1,0
467,False,Lincoln|hybrids|3|28,Lincoln,hybrids,3,28,PIONEER 1311 AMXT,60,2022-07-21,152.67966905115964,,3.0,1,0
468,False,Lincoln|hybrids|9|3,Lincoln,hybrids,9,3,PIONEER P0589 AMXT,60,2022-07-21,153.08549622882893,,3.0,1,0
469,False,Lincoln|hybrids|8|2,Lincoln,hybrids,8,2,PIONEER P0589 AMXT,60,2022-07-21,153.71276869499619,,3.0,1,0
470,False,Lincoln|hybrids|7|18,Lincoln,hybrids,7,18,PHW52 X PHN82,60,2022-07-21,154.7266531648305,,3.0,1,0
471,False,Lincoln|hybrids|10|21,Lincoln,hybrids,10,21,PHW52 X PHN82,60,2022-07-21,154.91859869848753,,3.0,1,0
472,False,Lincoln|hybrids|5|16,Lincoln,hybrids,5,16,HOEGEMEYER 7089 AMXT,60,2022-07-21,155.60610745802458,,3.0,1,0
473,False,Lincoln|hybrids|5|17,Lincoln,hybrids,5,17,HOEGEMEYER 8065RR,60,2022-07-21,156.25591688991693,,3.0,1,0
474,False,Lincoln|hybrids|15|15,Lincoln,hybrids,15,15,HOEGEMEYER 7089 AMXT,60,2022-07-21,156.96788557539102,,3.0,1,0
475,False,Lincoln|hybrids|9|28,Lincoln,hybrids,9,28,HOEGEMEYER 8065RR,60,2022-07-21,157.33757123846377,,3.0,1,0
476,False,Lincoln|hybrids|6|29,Lincoln,hybrids,6,29,HOEGEMEYER 8065RR,60,2022-07-21,157.5777426065065,,3.0,1,0
477,False,Lincoln|hybrids|10|2,Lincoln,hybrids,10,2,HOEGEMEYER 7089 AMXT,60,2022-07-21,157.6880169809925,,3.0,1,0
478,False,Lincoln|hybrids|9|11,Lincoln,hybrids,9,11,HOEGEMEYER 8065RR,60,2022-07-21,157.7766700032085,,3.0,1,0
479,False,Lincoln|hybrids|15|5,Lincoln,hybrids,15,5,PIONEER 1311 AMXT,60,2022-07-21,157.81899901004522,,3.0,1,0
480,False,Lincoln|hybrids|8|4,Lincoln,hybrids,8,4,HOEGEMEYER 8065RR,60,2022-07-21,157.9053374041788,,3.0,1,0
481,False,Lincoln|hybrids|14|25,Lincoln,hybrids,14,25,HOEGEMEYER 8065RR,60,2022-07-21,158.67235904666956,,3.0,1,0
482,False,Lincoln|hybrids|5|10,Lincoln,hybrids,5,10,HOEGEMEYER 7089 AMXT,60,2022-07-21,161.0548010088016,,3.0,1,0
483,False,Lincoln|hybrids|9|2,Lincoln,hybrids,9,2,PHW52 X PHN82,60,2022-07-21,161.45655156115254,,3.0,1,0
484,False,Lincoln|hybrids|8|12,Lincoln,hybrids,8,12,SYNGENTA NK0760-3111,60,2022-07-21,165.89656853853026,,3.0,1,0
485,False,Lincoln|hybrids|7|13,Lincoln,hybrids,7,13,SYNGENTA NK0760-3111,60,2022-07-21,166.4796684093717,,3.0,1,0
486,False,Lincoln|hybrids|8|23,Lincoln,hybrids,8,23,SYNGENTA NK0760-3111,60,2022-07-21,167.28768971800233,,3.0,1,0
487,False,Lincoln|hybrids|12|34,Lincoln,hybrids,12,34,SYNGENTA NK0760-3111,60,2022-07-21,168.3310743776687,,3.0,1,0
488,False,Lincoln|hybrids|12|22,Lincoln,hybrids,12,22,SYNGENTA NK0760-3111,60,2022-07-21,168.33612361733765,,3.0,1,0
489,False,Lincoln|hybrids|12|33,Lincoln,hybrids,12,33,SYNGENTA NK0760-3111,60,2022-07-21,168.58113704409334,,3.0,1,0
490,False,Lincoln|hybrids|4|38,Lincoln,hybrids,4,38,SYNGENTA NK0760-3111,60,2022-07-21,169.47197124188207,,3.0,1,0
491,False,Lincoln|hybrids|8|25,Lincoln,hybrids,8,25,SYNGENTA NK0760-3111,60,2022-07-21,169.90120052354413,,3.0,1,0
492,False,Lincoln|hybrids|8|9,Lincoln,hybrids,8,9,SYNGENTA NK0760-3111,60,2022-07-21,170.24430996610528,,3.0,1,0
493,False,Lincoln|hybrids|12|9,Lincoln,hybrids,12,9,SYNGENTA NK0760-3111,60,2022-07-21,170.55433831334344,,3.0,1,0
494,False,Lincoln|hybrids|12|31,Lincoln,hybrids,12,31,SYNGENTA NK0760-3111,60,2022-07-21,171.90246667536633,,3.0,1,0
495,False,Lincoln|hybrids|12|35,Lincoln,hybrids,12,35,SYNGENTA NK0760-3111,60,2022-07-21,172.30381842557415,,3.0,1,0
496,False,Lincoln|hybrids|14|7,Lincoln,hybrids,14,7,SYNGENTA NK0760-3111,60,2022-07-21,172.63517162370852,,3.0,1,0
497,False,Lincoln|hybrids|8|22,Lincoln,hybrids,8,22,SYNGENTA NK0760-3111,60,2022-07-21,172.8649966247662,,3.0,1,0
498,False,Lincoln|hybrids|8|38,Lincoln,hybrids,8,38,SYNGENTA NK0760-3111,60,2022-07-21,172.8887213525364,,3.0,1,0
499,False,Lincoln|hybrids|7|15,Lincoln,hybrids,7,15,SYNGENTA NK0760-3111,60,2022-07-21,173.35396358299923,,3.0,1,0
500,False,Lincoln|hybrids|8|24,Lincoln,hybrids,8,24,SYNGENTA NK0760-3111,60,2022-07-21,173.7873247536736,,3.0,1,0
501,False,Lincoln|hybrids|8|10,Lincoln,hybrids,8,10,SYNGENTA NK0760-3111,60,2022-07-21,173.96536761846176,,3.0,1,0
502,False,Lincoln|hybrids|12|32,Lincoln,hybrids,12,32,SYNGENTA NK0760-3111,60,2022-07-21,174.2394259977776,,3.0,1,0
503,False,Lincoln|hybrids|14|16,Lincoln,hybrids,14,16,SYNGENTA NK0760-3111,60,2022-07-21,175.48185626730424,,3.0,1,0
504,False,Lincoln|hybrids|8|11,Lincoln,hybrids,8,11,SYNGENTA NK0760-3111,60,2022-07-21,178.59920396494067,,3.0,1,0
1,True,MOValley|Hybrids|25|33,MOValley,Hybrids,25,33,B37 X H95,60,2022-06-28,141.09789444554886,,,0,1
2,True,MOValley|Hybrids|29|21,MOValley,Hybrids,29,21,B37 X H95,60,2022-06-28,141.09789444554886,,,0,1
3,True,MOValley|Hybrids|25|38,MOValley,Hybrids,25,38,LH195 X PHM49,60,2022-06-28,141.31430695733084,,,0,1
4,True,MOValley|Hybrids|29|18,MOValley,Hybrids,29,18,LH195 X PHM49,60,2022-06-28,141.31430695733084,,,0,1
5,True,MOValley|Hybrids|29|23,MOValley,Hybrids,29,23,PHZ51 X LH145,60,2022-06-28,141.31430695733084,,,0,1
6,True,MOValley|Hybrids|29|33,MOValley,Hybrids,29,33,PHZ51 X LH145,60,2022-06-28,141.31430695733084,,,0,1
7,True,MOValley|Hybrids|25|31,MOValley,Hybrids,25,31,WF9 X H95,60,2022-06-28,144.71522949108547,,,0,1
8,True,MOValley|Hybrids|27|10,MOValley,Hybrids,27,10,WF9 X H95,60,2022-06-28,144.71522949108547,,,0,1
9,True,MOValley|Hybrids|23|37,MOValley,Hybrids,23,37,PHK76 X LH145,60,2022-06-28,147.71394138108727,,,0,1
10,True,MOValley|Hybrids|27|15,MOValley,Hybrids,27,15,PHK76 X LH145,60,2022-06-28,147.71394138108727,,,0,1
11,True,MOValley|Hybrids|23|26,MOValley,Hybrids,23,26,PHK56 X LH145,60,2022-06-28,152.3754106535386,,,0,1
12,True,MOValley|Hybrids|25|25,MOValley,Hybrids,25,25,LH185 X LH145,60,2022-06-28,152.3754106535386,,,0,1
13,True,MOValley|Hybrids|25|40,MOValley,Hybrids,25,40,PHB47 X PHJ89,60,2022-06-28,152.3754106535386,,,0,1
14,True,MOValley|Hybrids|25|44,MOValley,Hybrids,25,44,LH185 X W606S,60,2022-06-28,153.26569428784427,,,0,1
15,True,MOValley|Hybrids|23|10,MOValley,Hybrids,23,10,PHP02 X LH145,60,2022-06-28,153.34731495230756,,,0,1
16,True,MOValley|Hybrids|23|25,MOValley,Hybrids,23,25,PHP02 X LH145,60,2022-06-28,153.34731495230756,,,0,1
17,True,MOValley|Hybrids|23|11,MOValley,Hybrids,23,11,LH82 X W606S,60,2022-06-28,155.85653047777538,,,0,1
18,False,MOValley|Hybrids|23|18,MOValley,Hybrids,23,18,LH82 X PHJ89,60,2022-06-28,155.85653047777538,,,0,1
19,False,MOValley|Hybrids|23|23,MOValley,Hybrids,23,23,B84 X 3IIH6,60,2022-06-28,155.85653047777538,,,0,1
20,False,MOValley|Hybrids|23|27,MOValley,Hybrids,23,27,PHK76 X LH82,60,2022-06-28,155.85653047777538,,,0,1
21,False,MOValley|Hybrids|23|33,MOValley,Hybrids,23,33,PHP02 X LH185,60,2022-06-28,155.85653047777538,,,0,1
22,False,MOValley|Hybrids|23|36,MOValley,Hybrids,23,36,PHK76 X 3IIH6,60,2022-06-28,155.85653047777538,,,0,1
23,False,MOValley|Hybrids|23|5,MOValley,Hybrids,23,5,LH74 X PHN82,60,2022-06-28,155.85653047777538,,,0,1
24,False,MOValley|Hybrids|25|16,MOValley,Hybrids,25,16,LH195 X PHZ51,60,2022-06-28,155.85653047777538,,,0,1
25,False,MOValley|Hybrids|25|20,MOValley,Hybrids,25,20,PHK76 X LH82,60,2022-06-28,155.85653047777538,,,0,1
26,False,MOValley|Hybrids|25|28,MOValley,Hybrids,25,28,PHW52 X LH185,60,2022-06-28,155.85653047777538,,,0,1
27,False,MOValley|Hybrids|25|35,MOValley,Hybrids,25,35,B84 X 3IIH6,60,2022-06-28,155.85653047777538,,,0,1
28,False,MOValley|Hybrids|27|20,MOValley,Hybrids,27,20,2369 X LH123HT,60,2022-06-28,155.85653047777538,,,0,1
29,False,MOValley|Hybrids|27|23,MOValley,Hybrids,27,23,PHW52 X LH185,60,2022-06-28,155.85653047777538,,,0,1
30,False,MOValley|Hybrids|27|24,MOValley,Hybrids,27,24,LH82 X W606S,60,2022-06-28,155.85653047777538,,,0,1
31,False,MOValley|Hybrids|27|27,MOValley,Hybrids,27,27,LH74 X PHN82,60,2022-06-28,155.85653047777538,,,0,1
32,False,MOValley|Hybrids|27|30,MOValley,Hybrids,27,30,LH82 X PHJ89,60,2022-06-28,155.85653047777538,,,0,1
33,False,MOValley|Hybrids|27|32,MOValley,Hybrids,27,32,LH195 X PHZ51,60,2022-06-28,155.85653047777538,,,0,1
34,False,MOValley|Hybrids|29|13,MOValley,Hybrids,29,13,PHP02 X LH185,60,2022-06-28,155.85653047777538,,,0,1
35,False,MOValley|Hybrids|29|27,MOValley,Hybrids,29,27,2369 X LH123HT,60,2022-06-28,155.85653047777538,,,0,1
36,False,MOValley|Hybrids|29|3,MOValley,Hybrids,29,3,PHK76 X 3IIH6,60,2022-06-28,155.85653047777538,,,0,1
37,False,MOValley|Hybrids|27|40,MOValley,Hybrids,27,40,PHG39 X PHN82,60,2022-06-28,156.00554766255888,,,0,1
38,False,MOValley|Hybrids|25|3,MOValley,Hybrids,25,3,B37 X MO17,60,2022-06-28,156.42076564029298,,,0,1
39,False,MOValley|Hybrids|25|32,MOValley,Hybrids,25,32,B37 X MO17,60,2022-06-28,156.42076564029298,,,0,1
40,False,MOValley|Hybrids|25|8,MOValley,Hybrids,25,8,B73 X MO17,60,2022-06-28,156.71996593816698,,,0,1
41,False,MOValley|Hybrids|27|38,MOValley,Hybrids,27,38,B73 X MO17,60,2022-06-28,156.71996593816698,,,0,1
42,False,MOValley|Hybrids|23|20,MOValley,Hybrids,23,20,B14A X MO17,60,2022-06-28,157.0251602368021,,,0,1
43,False,MOValley|Hybrids|29|15,MOValley,Hybrids,29,15,PHJ40 X LH82,60,2022-06-28,157.0251602368021,,,0,1
44,False,MOValley|Hybrids|29|40,MOValley,Hybrids,29,40,B14A X MO17,60,2022-06-28,157.0251602368021,,,0,1
45,False,MOValley|Hybrids|29|45,MOValley,Hybrids,29,45,PHJ40 X LH82,60,2022-06-28,157.0251602368021,,,0,1
46,False,MOValley|Hybrids|27|22,MOValley,Hybrids,27,22,B37 X OH43,60,2022-06-28,157.4503799979094,,,0,1
47,False,MOValley|Hybrids|27|42,MOValley,Hybrids,27,42,B37 X OH43,60,2022-06-28,157.4503799979094,,,0,1
48,False,MOValley|Hybrids|23|24,MOValley,Hybrids,23,24,PHP02 X PHK76,60,2022-06-28,158.60705176559097,,,0,1
49,False,MOValley|Hybrids|23|38,MOValley,Hybrids,23,38,PHN46 X PHB47,60,2022-06-28,158.60705176559097,,,0,1
50,False,MOValley|Hybrids|25|10,MOValley,Hybrids,25,10,PHN46 X PHB47,60,2022-06-28,158.60705176559097,,,0,1
51,False,MOValley|Hybrids|25|17,MOValley,Hybrids,25,17,2FACC X 3IIH6,60,2022-06-28,158.60705176559097,,,0,1
52,False,MOValley|Hybrids|25|29,MOValley,Hybrids,25,29,PHK56 X LH198,60,2022-06-28,158.60705176559097,,,0,1
53,False,MOValley|Hybrids|25|37,MOValley,Hybrids,25,37,PHG39 X PHM49,60,2022-06-28,158.60705176559097,,,0,1
54,False,MOValley|Hybrids|25|39,MOValley,Hybrids,25,39,2FACC X 3IIH6,60,2022-06-28,158.60705176559097,,,0,1
55,False,MOValley|Hybrids|27|12,MOValley,Hybrids,27,12,PHP02 X PHK76,60,2022-06-28,158.60705176559097,,,0,1
56,False,MOValley|Hybrids|27|25,MOValley,Hybrids,27,25,PHP02 X W606S,60,2022-06-28,158.60705176559097,,,0,1
57,False,MOValley|Hybrids|29|14,MOValley,Hybrids,29,14,PHP02 X W606S,60,2022-06-28,158.60705176559097,,,0,1
58,False,MOValley|Hybrids|29|16,MOValley,Hybrids,29,16,PHK56 X LH198,60,2022-06-28,158.60705176559097,,,0,1
59,False,MOValley|Hybrids|29|2,MOValley,Hybrids,29,2,PHG39 X PHM49,60,2022-06-28,158.60705176559097,,,0,1
60,False,MOValley|Hybrids|23|32,MOValley,Hybrids,23,32,PHN46 X W606S,60,2022-06-28,158.8439435794927,,,0,1
61,False,MOValley|Hybrids|23|6,MOValley,Hybrids,23,6,PHN46 X W606S,60,2022-06-28,158.8439435794927,,,0,1
62,False,MOValley|Hybrids|23|8,MOValley,Hybrids,23,8,B105 X 3IIH6,60,2022-06-28,158.8439435794927,,,0,1
63,False,MOValley|Hybrids|27|2,MOValley,Hybrids,27,2,2369 X PHP02,60,2022-06-28,158.8439435794927,,,0,1
64,False,MOValley|Hybrids|27|34,MOValley,Hybrids,27,34,LH145 X LH162,60,2022-06-28,158.8439435794927,,,0,1
65,False,MOValley|Hybrids|27|35,MOValley,Hybrids,27,35,B105 X 3IIH6,60,2022-06-28,158.8439435794927,,,0,1
66,False,MOValley|Hybrids|27|44,MOValley,Hybrids,27,44,LH123HT X PHB47,60,2022-06-28,158.8439435794927,,,0,1
67,False,MOValley|Hybrids|27|5,MOValley,Hybrids,27,5,2369 X PHN82,60,2022-06-28,158.8439435794927,,,0,1
68,False,MOValley|Hybrids|29|12,MOValley,Hybrids,29,12,LH123HT X PHB47,60,2022-06-28,158.8439435794927,,,0,1
69,False,MOValley|Hybrids|29|29,MOValley,Hybrids,29,29,2369 X PHN82,60,2022-06-28,158.8439435794927,,,0,1
70,False,MOValley|Hybrids|29|35,MOValley,Hybrids,29,35,LH195 X LH123HT,60,2022-06-28,158.8439435794927,,,0,1
71,False,MOValley|Hybrids|29|43,MOValley,Hybrids,29,43,2369 X PHP02,60,2022-06-28,158.8439435794927,,,0,1
72,False,MOValley|Hybrids|29|5,MOValley,Hybrids,29,5,LH195 X LH123HT,60,2022-06-28,158.8439435794927,,,0,1
73,False,MOValley|Hybrids|29|8,MOValley,Hybrids,29,8,LH145 X LH162,60,2022-06-28,158.8439435794927,,,0,1
74,False,MOValley|Hybrids|23|13,MOValley,Hybrids,23,13,B73 X PHM49,60,2022-06-28,158.8658644250691,,,0,1
75,False,MOValley|Hybrids|23|3,MOValley,Hybrids,23,3,LH198 X PHB47,60,2022-06-28,158.8658644250691,,,0,1
76,False,MOValley|Hybrids|23|4,MOValley,Hybrids,23,4,PHK76 X W606S,60,2022-06-28,158.8658644250691,,,0,1
77,False,MOValley|Hybrids|23|41,MOValley,Hybrids,23,41,PHP02 X LH82,60,2022-06-28,158.8658644250691,,,0,1
78,False,MOValley|Hybrids|23|42,MOValley,Hybrids,23,42,PHK76 X LH198,60,2022-06-28,158.8658644250691,,,0,1
79,False,MOValley|Hybrids|25|30,MOValley,Hybrids,25,30,LH82 X PHB47,60,2022-06-28,158.8658644250691,,,0,1
80,False,MOValley|Hybrids|25|5,MOValley,Hybrids,25,5,PHP02 X LH82,60,2022-06-28,158.8658644250691,,,0,1
81,False,MOValley|Hybrids|27|26,MOValley,Hybrids,27,26,B73 X PHZ51,60,2022-06-28,158.8658644250691,,,0,1
82,False,MOValley|Hybrids|27|3,MOValley,Hybrids,27,3,B73 X PHZ51,60,2022-06-28,158.8658644250691,,,0,1
83,False,MOValley|Hybrids|27|43,MOValley,Hybrids,27,43,LH198 X PHB47,60,2022-06-28,158.8658644250691,,,0,1
84,False,MOValley|Hybrids|27|8,MOValley,Hybrids,27,8,LH82 X PHB47,60,2022-06-28,158.8658644250691,,,0,1
85,False,MOValley|Hybrids|29|19,MOValley,Hybrids,29,19,LH198 X PHZ51,60,2022-06-28,158.8658644250691,,,0,1
86,False,MOValley|Hybrids|29|25,MOValley,Hybrids,29,25,PHK76 X W606S,60,2022-06-28,158.8658644250691,,,0,1
87,False,MOValley|Hybrids|29|34,MOValley,Hybrids,29,34,F42 X OH43,60,2022-06-28,158.8658644250691,,,0,1
88,False,MOValley|Hybrids|29|36,MOValley,Hybrids,29,36,LH198 X PHZ51,60,2022-06-28,158.8658644250691,,,0,1
89,False,MOValley|Hybrids|29|38,MOValley,Hybrids,29,38,B73 X PHM49,60,2022-06-28,158.8658644250691,,,0,1
90,False,MOValley|Hybrids|29|4,MOValley,Hybrids,29,4,PHK76 X LH198,60,2022-06-28,158.8658644250691,,,0,1
91,False,MOValley|Hybrids|29|7,MOValley,Hybrids,29,7,F42 X OH43,60,2022-06-28,158.8658644250691,,,0,1
92,False,MOValley|Hybrids|25|23,MOValley,Hybrids,25,23,LH195 X LH185,60,2022-06-28,158.98889914639562,,,0,1
93,False,MOValley|Hybrids|25|26,MOValley,Hybrids,25,26,LH195 X LH185,60,2022-06-28,158.98889914639562,,,0,1
94,False,MOValley|Hybrids|23|2,MOValley,Hybrids,23,2,PHP02 X PHN46,60,2022-06-28,159.00072566913076,,,0,1
95,False,MOValley|Hybrids|23|28,MOValley,Hybrids,23,28,PHP02 X PHN46,60,2022-06-28,159.00072566913076,,,0,1
96,False,MOValley|Hybrids|25|2,MOValley,Hybrids,25,2,PHW52 X PHZ51,60,2022-06-28,159.00072566913076,,,0,1
97,False,MOValley|Hybrids|29|39,MOValley,Hybrids,29,39,PHW52 X PHZ51,60,2022-06-28,159.00072566913076,,,0,1
98,False,MOValley|Hybrids|23|14,MOValley,Hybrids,23,14,PHN46 X PHK56,60,2022-06-28,159.03290470250795,,,0,1
99,False,MOValley|Hybrids|23|39,MOValley,Hybrids,23,39,PHN46 X PHK56,60,2022-06-28,159.03290470250795,,,0,1
100,False,MOValley|Hybrids|25|34,MOValley,Hybrids,25,34,LH195 X 3IIH6,60,2022-06-28,159.03290470250795,,,0,1
101,False,MOValley|Hybrids|25|36,MOValley,Hybrids,25,36,4N506 X 3IIH6,60,2022-06-28,159.03290470250795,,,0,1
102,False,MOValley|Hybrids|25|42,MOValley,Hybrids,25,42,PHT69 X 3IIH6,60,2022-06-28,159.03290470250795,,,0,1
103,False,MOValley|Hybrids|25|9,MOValley,Hybrids,25,9,PHB47 X LH185,60,2022-06-28,159.03290470250795,,,0,1
104,False,MOValley|Hybrids|27|19,MOValley,Hybrids,27,19,LH195 X 3IIH6,60,2022-06-28,159.03290470250795,,,0,1
105,False,MOValley|Hybrids|27|29,MOValley,Hybrids,27,29,PHB47 X LH185,60,2022-06-28,159.03290470250795,,,0,1
106,False,MOValley|Hybrids|27|7,MOValley,Hybrids,27,7,PHT69 X 3IIH6,60,2022-06-28,159.03290470250795,,,0,1
107,False,MOValley|Hybrids|29|10,MOValley,Hybrids,29,10,PHB47 X 3IIH6,60,2022-06-28,159.03290470250795,,,0,1
108,False,MOValley|Hybrids|29|11,MOValley,Hybrids,29,11,4N506 X 3IIH6,60,2022-06-28,159.03290470250795,,,0,1
109,False,MOValley|Hybrids|29|30,MOValley,Hybrids,29,30,PHB47 X 3IIH6,60,2022-06-28,159.03290470250795,,,0,1
110,False,MOValley|Hybrids|23|16,MOValley,Hybrids,23,16,PHK56 X 3IIH6,60,2022-06-28,159.41353043829614,,,0,1
111,False,MOValley|Hybrids|23|22,MOValley,Hybrids,23,22,PHP02 X PHG47,60,2022-06-28,159.41353043829614,,,0,1
112,False,MOValley|Hybrids|23|29,MOValley,Hybrids,23,29,PHK56 X W606S,60,2022-06-28,159.41353043829614,,,0,1
113,False,MOValley|Hybrids|23|30,MOValley,Hybrids,23,30,PHP02 X PHG47,60,2022-06-28,159.41353043829614,,,0,1
114,False,MOValley|Hybrids|25|15,MOValley,Hybrids,25,15,PHW52 X PHM49,60,2022-06-28,159.41353043829614,,,0,1
115,False,MOValley|Hybrids|25|43,MOValley,Hybrids,25,43,PHK56 X 3IIH6,60,2022-06-28,159.41353043829614,,,0,1
116,False,MOValley|Hybrids|25|7,MOValley,Hybrids,25,7,B73 X PHN82,60,2022-06-28,159.41353043829614,,,0,1
117,False,MOValley|Hybrids|29|28,MOValley,Hybrids,29,28,B73 X PHN82,60,2022-06-28,159.41353043829614,,,0,1
118,False,MOValley|Hybrids|29|37,MOValley,Hybrids,29,37,PHW52 X PHM49,60,2022-06-28,159.41353043829614,,,0,1
119,False,MOValley|Hybrids|29|6,MOValley,Hybrids,29,6,PHK56 X W606S,60,2022-06-28,159.41353043829614,,,0,1
120,False,MOValley|Hybrids|23|9,MOValley,Hybrids,23,9,PHP02 X PHJ89,60,2022-06-28,159.6283334836478,,,0,1
121,False,MOValley|Hybrids|25|22,MOValley,Hybrids,25,22,F42 X MO17,60,2022-06-28,159.6283334836478,,,0,1
122,False,MOValley|Hybrids|25|4,MOValley,Hybrids,25,4,LH123HT X 3IIH6,60,2022-06-28,159.6283334836478,,,0,1
123,False,MOValley|Hybrids|25|45,MOValley,Hybrids,25,45,PHP02 X PHJ89,60,2022-06-28,159.6283334836478,,,0,1
124,False,MOValley|Hybrids|27|33,MOValley,Hybrids,27,33,LH123HT X 3IIH6,60,2022-06-28,159.6283334836478,,,0,1
125,False,MOValley|Hybrids|29|41,MOValley,Hybrids,29,41,F42 X MO17,60,2022-06-28,159.6283334836478,,,0,1
126,False,MOValley|Hybrids|23|12,MOValley,Hybrids,23,12,PIONEER 1311 AMXT,60,2022-06-28,159.77568152461768,,,0,1
127,False,MOValley|Hybrids|29|24,MOValley,Hybrids,29,24,PIONEER 1311 AMXT,60,2022-06-28,159.77568152461768,,,0,1
128,False,MOValley|Hybrids|25|27,MOValley,Hybrids,25,27,2369 X PHZ51,60,2022-06-28,160.0140043412869,,,0,1
129,False,MOValley|Hybrids|27|9,MOValley,Hybrids,27,9,2369 X PHZ51,60,2022-06-28,160.0140043412869,,,0,1
130,False,MOValley|Hybrids|23|19,MOValley,Hybrids,23,19,LH74 X PHM49,60,2022-06-28,160.3373623845133,,,0,1
131,False,MOValley|Hybrids|27|17,MOValley,Hybrids,27,17,PHP02 X PHB47,60,2022-06-28,160.3373623845133,,,0,1
132,False,MOValley|Hybrids|27|37,MOValley,Hybrids,27,37,PHP02 X PHB47,60,2022-06-28,160.3373623845133,,,0,1
133,False,MOValley|Hybrids|29|31,MOValley,Hybrids,29,31,LH74 X PHM49,60,2022-06-28,160.3373623845133,,,0,1
134,False,MOValley|Hybrids|25|6,MOValley,Hybrids,25,6,PHB47 X PHK56,60,2022-06-28,161.7844768628865,,,0,1
135,False,MOValley|Hybrids|27|21,MOValley,Hybrids,27,21,N209 X 3IIH6,60,2022-06-28,161.7844768628865,,,0,1
136,False,MOValley|Hybrids|29|32,MOValley,Hybrids,29,32,PHB47 X PHK56,60,2022-06-28,161.7844768628865,,,0,1
137,False,MOValley|Hybrids|29|42,MOValley,Hybrids,29,42,N209 X 3IIH6,60,2022-06-28,161.7844768628865,,,0,1
138,False,MOValley|Hybrids|23|40,MOValley,Hybrids,23,40,PHP02 X PHK56,60,2022-06-28,161.79630338562166,,,0,1
139,False,MOValley|Hybrids|25|19,MOValley,Hybrids,25,19,PHP02 X LH198,60,2022-06-28,161.79630338562166,,,0,1
140,False,MOValley|Hybrids|25|21,MOValley,Hybrids,25,21,PHK56 X LH82,60,2022-06-28,161.79630338562166,,,0,1
141,False,MOValley|Hybrids|25|24,MOValley,Hybrids,25,24,LH185 X LH82,60,2022-06-28,161.79630338562166,,,0,1
142,False,MOValley|Hybrids|25|41,MOValley,Hybrids,25,41,2369 X 3IIH6,60,2022-06-28,161.79630338562166,,,0,1
143,False,MOValley|Hybrids|27|18,MOValley,Hybrids,27,18,2369 X 3IIH6,60,2022-06-28,161.79630338562166,,,0,1
144,False,MOValley|Hybrids|27|45,MOValley,Hybrids,27,45,PHP02 X LH198,60,2022-06-28,161.79630338562166,,,0,1
145,False,MOValley|Hybrids|27|6,MOValley,Hybrids,27,6,PHP02 X PHK56,60,2022-06-28,161.79630338562166,,,0,1
146,False,MOValley|Hybrids|29|22,MOValley,Hybrids,29,22,LH185 X LH82,60,2022-06-28,161.79630338562166,,,0,1
147,False,MOValley|Hybrids|29|44,MOValley,Hybrids,29,44,PHK56 X LH82,60,2022-06-28,161.79630338562166,,,0,1
148,False,MOValley|Hybrids|23|35,MOValley,Hybrids,23,35,HOEGEMEYER 7089 AMXT,60,2022-06-28,162.60401450423697,,,0,1
149,False,MOValley|Hybrids|23|44,MOValley,Hybrids,23,44,PHK56 X PHJ89,60,2022-06-28,162.60401450423697,,,0,1
150,False,MOValley|Hybrids|25|12,MOValley,Hybrids,25,12,PHK56 X PHJ89,60,2022-06-28,162.60401450423697,,,0,1
151,False,MOValley|Hybrids|25|18,MOValley,Hybrids,25,18,HOEGEMEYER 7089 AMXT,60,2022-06-28,162.60401450423697,,,0,1
152,False,MOValley|Hybrids|27|11,MOValley,Hybrids,27,11,B73 X 3IIH6,60,2022-06-28,162.60401450423697,,,0,1
153,False,MOValley|Hybrids|27|39,MOValley,Hybrids,27,39,B73 X 3IIH6,60,2022-06-28,162.60401450423697,,,0,1
154,False,MOValley|Hybrids|23|17,MOValley,Hybrids,23,17,PHW52 X PHN82,60,2022-06-28,163.7726442632637,,,0,1
155,False,MOValley|Hybrids|23|45,MOValley,Hybrids,23,45,PIONEER P0589 AMXT,60,2022-06-28,163.7726442632637,,,0,1
156,False,MOValley|Hybrids|29|26,MOValley,Hybrids,29,26,PHW52 X PHN82,60,2022-06-28,163.7726442632637,,,0,1
157,False,MOValley|Hybrids|29|9,MOValley,Hybrids,29,9,PIONEER P0589 AMXT,60,2022-06-28,163.7726442632637,,,0,1
158,False,MOValley|Hybrids|23|31,MOValley,Hybrids,23,31,PHK56 X LH185,60,2022-06-28,167.07576193135918,,,0,1
159,False,MOValley|Hybrids|27|13,MOValley,Hybrids,27,13,PHK56 X LH185,60,2022-06-28,167.07576193135918,,,0,1
160,False,MOValley|Hybrids|23|43,MOValley,Hybrids,23,43,HOEGEMEYER 8065RR,60,2022-06-28,168.07011674929754,,,0,1
161,False,MOValley|Hybrids|25|11,MOValley,Hybrids,25,11,HOEGEMEYER 8065RR,60,2022-06-28,168.07011674929754,,,0,1
162,False,MOValley|Hybrids|23|34,MOValley,Hybrids,23,34,SYNGENTA NK0760-3111,60,2022-06-28,173.66314076123913,,,0,1
163,False,MOValley|Hybrids|23|7,MOValley,Hybrids,23,7,SYNGENTA NK0760-3111,60,2022-06-28,173.66314076123913,,,0,1
1,True,Scottsbluff|n225|16|25,Scottsbluff,n225,16,25,PHK76 X LH145,60,2022-07-18,11.075221472016736,0.18763273485834486,1.0,2,0
2,True,Scottsbluff|n225|23|24,Scottsbluff,n225,23,24,WF9 X H95,60,2022-07-18,13.028323967033998,0.20922489044135412,1.0,2,0
3,True,Scottsbluff|n225|24|24,Scottsbluff,n225,24,24,B37 X H95,60,2022-07-18,13.186204074881545,0.2354626330167996,1.0,2,0
4,True,Scottsbluff|n225|5|21,Scottsbluff,n225,5,21,B37 X H95,60,2022-07-18,13.756943206688405,0.2830025726436205,1.0,2,0
5,True,Scottsbluff|n225|16|26,Scottsbluff,n225,16,26,PHK56 X LH145,60,2022-07-18,14.166262422047794,0.2338928211268636,1.0,2,0
6,True,Scottsbluff|n225|13|22,Scottsbluff,n225,13,22,WF9 X H95,60,2022-07-18,14.455325602162205,0.21724253643984626,1.0,2,0
7,True,Scottsbluff|n225|19|22,Scottsbluff,n225,19,22,LH185 X LH145,60,2022-07-18,16.497271207717105,0.23167063355075496,1.0,2,0
8,True,Scottsbluff|n150|14|14,Scottsbluff,n150,14,14,WF9 X H95,60,2022-07-18,16.654562257879817,0.20499004837766743,1.0,2,0
9,True,Scottsbluff|n225|3|22,Scottsbluff,n225,3,22,LH195 X PHM49,60,2022-07-18,17.30633854451648,0.24003491174132574,1.0,2,0
10,True,Scottsbluff|n225|25|22,Scottsbluff,n225,25,22,LH195 X PHM49,60,2022-07-18,17.338886596328337,0.21139162784316512,1.0,2,0
11,True,Scottsbluff|n225|27|25,Scottsbluff,n225,27,25,PHB47 X PHJ89,60,2022-07-18,18.088205089155522,0.19121093563824476,1.0,2,0
12,True,Scottsbluff|n150|8|14,Scottsbluff,n150,8,14,LH195 X PHM49,60,2022-07-18,18.434494297498958,0.2059071557066765,1.0,2,0
13,True,Scottsbluff|n225|26|24,Scottsbluff,n225,26,24,B73 X PHM49,60,2022-07-18,18.45557824517209,0.21899191591404055,1.0,2,0
14,True,Scottsbluff|n150|6|12,Scottsbluff,n150,6,12,B37 X H95,60,2022-07-18,18.63844560038882,0.29866337711682567,1.0,2,0
15,True,Scottsbluff|n150|20|11,Scottsbluff,n150,20,11,WF9 X H95,60,2022-07-18,18.715008202095362,0.19346918650280276,1.0,2,0
16,True,Scottsbluff|n225|12|20,Scottsbluff,n225,12,20,B37 X OH43,60,2022-07-18,18.828355252469493,0.13163905580712376,1.0,2,0
17,True,Scottsbluff|n225|6|21,Scottsbluff,n225,6,21,PHK76 X LH145,60,2022-07-18,19.0775630707588,0.26295184580693903,1.0,2,0
18,True,Scottsbluff|n225|20|26,Scottsbluff,n225,20,26,PHW52 X PHN82,60,2022-07-18,19.36657797174672,0.1935609059206923,1.0,2,0
19,True,Scottsbluff|n225|15|25,Scottsbluff,n225,15,25,PHK76 X W606S,60,2022-07-18,19.745249324372153,0.1751918687127798,1.0,2,0
20,True,Scottsbluff|n225|19|25,Scottsbluff,n225,19,25,2369 X PHP02,60,2022-07-18,20.04424735362261,0.1350064214046709,1.0,2,0
21,True,Scottsbluff|n225|19|23,Scottsbluff,n225,19,23,PHN46 X W606S,60,2022-07-18,20.19887242065188,0.21400300153020246,1.0,2,0
22,True,Scottsbluff|n225|14|21,Scottsbluff,n225,14,21,LH195 X PHZ51,60,2022-07-18,20.21981583375029,0.22115777604040687,1.0,2,0
23,True,Scottsbluff|n225|13|20,Scottsbluff,n225,13,20,2369 X PHP02,60,2022-07-18,20.282336489896537,0.17885689945190164,1.0,2,0
24,True,Scottsbluff|n225|23|25,Scottsbluff,n225,23,25,LH74 X PHN82,60,2022-07-18,20.31302671991233,0.2228697148608858,1.0,2,0
25,True,Scottsbluff|n225|17|20,Scottsbluff,n225,17,20,LH123HT X PHB47,60,2022-07-18,20.320654345381854,0.14415911412545146,1.0,2,0
26,True,Scottsbluff|n225|20|23,Scottsbluff,n225,20,23,PHG39 X PHN82,60,2022-07-18,20.405039430646198,0.1949606329274286,1.0,2,0
27,True,Scottsbluff|n225|24|23,Scottsbluff,n225,24,23,PHP02 X PHB47,60,2022-07-18,20.55852800698119,0.2373160525257479,1.0,2,0
28,True,Scottsbluff|n225|19|21,Scottsbluff,n225,19,21,PHP02 X W606S,60,2022-07-18,20.59942332872174,0.20654969481433744,1.0,2,0
29,True,Scottsbluff|n225|6|22,Scottsbluff,n225,6,22,PHK76 X 3IIH6,60,2022-07-18,20.698437354910496,0.2623710100735849,1.0,2,0
30,True,Scottsbluff|n75|11|5,Scottsbluff,n75,11,5,LH195 X PHM49,60,2022-07-18,20.767204849194044,0.09155332603542482,1.0,2,0
31,True,Scottsbluff|n150|18|13,Scottsbluff,n150,18,13,B37 X H95,60,2022-07-18,20.852451473877665,0.23929672971395877,1.0,2,0
32,True,Scottsbluff|n225|18|25,Scottsbluff,n225,18,25,PHP02 X PHJ89,60,2022-07-18,20.919814338555398,0.1252594159804885,1.0,2,0
33,True,Scottsbluff|n75|16|1,Scottsbluff,n75,16,1,B37 X H95,60,2022-07-18,20.941816913191843,0.2109438595884101,1.0,2,0
34,True,Scottsbluff|n225|24|25,Scottsbluff,n225,24,25,PHW52 X LH185,60,2022-07-18,20.960940726745534,0.24785843895348408,1.0,2,0
35,True,Scottsbluff|n225|24|20,Scottsbluff,n225,24,20,4N506 X 3IIH6,60,2022-07-18,21.17247411980469,0.21879210858151044,1.0,2,0
36,True,Scottsbluff|n75|13|1,Scottsbluff,n75,13,1,WF9 X H95,60,2022-07-18,21.372078841600413,0.14805754339899058,1.0,2,0
37,True,Scottsbluff|n225|11|23,Scottsbluff,n225,11,23,PHN46 X PHB47,60,2022-07-18,21.39630358873103,0.17837238356281482,1.0,2,0
38,True,Scottsbluff|n225|4|25,Scottsbluff,n225,4,25,PHT69 X 3IIH6,60,2022-07-18,21.460658018353953,0.2755595518472994,1.0,2,0
39,True,Scottsbluff|n225|14|22,Scottsbluff,n225,14,22,LH82 X W606S,60,2022-07-18,21.521865560408543,0.2560257614229414,1.0,2,0
40,True,Scottsbluff|n225|18|26,Scottsbluff,n225,18,26,PHK76 X 3IIH6,60,2022-07-18,21.540667945504552,0.15201546129852217,1.0,2,0
41,True,Scottsbluff|n225|4|26,Scottsbluff,n225,4,26,LH82 X PHB47,60,2022-07-18,21.552789195814157,0.2750051957122742,1.0,2,0
42,True,Scottsbluff|n225|24|22,Scottsbluff,n225,24,22,B37 X OH43,60,2022-07-18,21.64415080845103,0.2360124626927791,1.0,2,0
43,True,Scottsbluff|n225|22|26,Scottsbluff,n225,22,26,B73 X 3IIH6,60,2022-07-18,21.684764844370108,0.2532854002862952,1.0,2,0
44,True,Scottsbluff|n225|25|23,Scottsbluff,n225,25,23,LH145 X LH162,60,2022-07-18,21.685860114635574,0.2702600507201451,1.0,2,0
45,True,Scottsbluff|n225|5|26,Scottsbluff,n225,5,26,HOEGEMEYER 7089 AMXT,60,2022-07-18,21.69372135720853,0.28144925571241397,1.0,2,0
46,True,Scottsbluff|n225|20|22,Scottsbluff,n225,20,22,2369 X PHZ51,60,2022-07-18,21.694937484598483,0.21734182662430834,1.0,2,0
47,True,Scottsbluff|n225|14|25,Scottsbluff,n225,14,25,PHP02 X LH198,60,2022-07-18,21.723336989197335,0.21338193110575088,1.0,2,0
48,True,Scottsbluff|n225|21|22,Scottsbluff,n225,21,22,LH82 X PHB47,60,2022-07-18,21.771280212164484,0.2133795036141124,1.0,2,0
49,True,Scottsbluff|n225|17|23,Scottsbluff,n225,17,23,PHK76 X LH198,60,2022-07-18,21.773752586651227,0.18127249358723163,1.0,2,0
50,False,Scottsbluff|n225|20|25,Scottsbluff,n225,20,25,B73 X PHZ51,60,2022-07-18,21.77722851299316,0.1249071644122875,1.0,2,0
51,False,Scottsbluff|n225|20|24,Scottsbluff,n225,20,24,B37 X MO17,60,2022-07-18,21.882816555789688,0.15986035696937556,1.0,2,0
52,False,Scottsbluff|n225|22|24,Scottsbluff,n225,22,24,PHT69 X 3IIH6,60,2022-07-18,21.98803686331732,0.20607407400727562,1.0,2,0
53,False,Scottsbluff|n225|15|26,Scottsbluff,n225,15,26,PHP02 X LH82,60,2022-07-18,22.037979273210013,0.20450909106841042,1.0,2,0
54,False,Scottsbluff|n225|22|25,Scottsbluff,n225,22,25,LH195 X 3IIH6,60,2022-07-18,22.09395798428656,0.24242118383731426,1.0,2,0
55,False,Scottsbluff|n225|23|23,Scottsbluff,n225,23,23,2369 X LH123HT,60,2022-07-18,22.181716062836486,0.2077645468404668,1.0,2,0
56,False,Scottsbluff|n225|18|20,Scottsbluff,n225,18,20,LH185 X W606S,60,2022-07-18,22.185376292410666,0.16568123808600688,1.0,2,0
57,False,Scottsbluff|n225|19|20,Scottsbluff,n225,19,20,PHK56 X W606S,60,2022-07-18,22.24010340964415,0.20507983145441133,1.0,2,0
58,False,Scottsbluff|n225|26|23,Scottsbluff,n225,26,23,B84 X 3IIH6,60,2022-07-18,22.371216449101027,0.24815371248887513,1.0,2,0
59,False,Scottsbluff|n225|23|22,Scottsbluff,n225,23,22,LH198 X PHZ51,60,2022-07-18,22.51450668371959,0.25343007792242483,1.0,2,0
60,False,Scottsbluff|n225|7|26,Scottsbluff,n225,7,26,LH74 X PHN82,60,2022-07-18,22.52865364704992,0.18127733482208414,1.0,2,0
61,False,Scottsbluff|n225|22|20,Scottsbluff,n225,22,20,PHK56 X LH198,60,2022-07-18,22.546972182576994,0.22903961303452292,1.0,2,0
62,False,Scottsbluff|n225|21|21,Scottsbluff,n225,21,21,LH82 X PHJ89,60,2022-07-18,22.57549150261032,0.22817877398137404,1.0,2,0
63,False,Scottsbluff|n225|20|20,Scottsbluff,n225,20,20,LH82 X W606S,60,2022-07-18,22.57667989424644,0.2154675669291808,1.0,2,0
64,False,Scottsbluff|n225|21|24,Scottsbluff,n225,21,24,LH195 X LH185,60,2022-07-18,22.618141587908568,0.16763640453487288,1.0,2,0
65,False,Scottsbluff|n225|13|24,Scottsbluff,n225,13,24,PHP02 X LH145,60,2022-07-18,22.628240957426485,0.24010390544711724,1.0,2,0
66,False,Scottsbluff|n225|14|20,Scottsbluff,n225,14,20,B73 X MO17,60,2022-07-18,22.640312230193857,0.16610652302393736,1.0,2,0
67,False,Scottsbluff|n225|8|26,Scottsbluff,n225,8,26,PHP02 X LH82,60,2022-07-18,22.66170352862791,0.2608925191000897,1.0,2,0
68,False,Scottsbluff|n225|9|20,Scottsbluff,n225,9,20,LH123HT X 3IIH6,60,2022-07-18,22.699793347427246,0.16897460664919972,1.0,2,0
69,False,Scottsbluff|n225|18|21,Scottsbluff,n225,18,21,PHN46 X PHB47,60,2022-07-18,22.7027438626652,0.20551163850107895,1.0,2,0
70,False,Scottsbluff|n225|27|24,Scottsbluff,n225,27,24,LH195 X PHZ51,60,2022-07-18,22.71445613081609,0.104298713842082,1.0,2,0
71,False,Scottsbluff|n225|12|25,Scottsbluff,n225,12,25,PIONEER 1311 AMXT,60,2022-07-18,22.719108922212854,0.21178737368355416,1.0,2,0
72,False,Scottsbluff|n225|19|24,Scottsbluff,n225,19,24,PHJ40 X LH82,60,2022-07-18,22.810357977148016,0.12499557748156531,1.0,2,0
73,False,Scottsbluff|n225|15|24,Scottsbluff,n225,15,24,PHN46 X PHK56,60,2022-07-18,22.819410240011692,0.19977656396954657,1.0,2,0
74,False,Scottsbluff|n225|18|23,Scottsbluff,n225,18,23,LH198 X PHB47,60,2022-07-18,22.847075759400767,0.22888402777793854,1.0,2,0
75,False,Scottsbluff|n225|8|23,Scottsbluff,n225,8,23,PHK56 X PHJ89,60,2022-07-18,22.849631209377264,0.2055293926330078,1.0,2,0
76,False,Scottsbluff|n225|12|22,Scottsbluff,n225,12,22,PHN46 X PHK56,60,2022-07-18,22.91729601144918,0.1588590297181119,1.0,2,0
77,False,Scottsbluff|n225|16|20,Scottsbluff,n225,16,20,PHP02 X PHK56,60,2022-07-18,22.960429599225378,0.1460825807372957,1.0,2,0
78,False,Scottsbluff|n225|11|25,Scottsbluff,n225,11,25,2369 X LH123HT,60,2022-07-18,23.009236328953804,0.17955482141699147,1.0,2,0
79,False,Scottsbluff|n225|15|23,Scottsbluff,n225,15,23,PHP02 X PHK76,60,2022-07-18,23.033006697168133,0.22009676823379903,1.0,2,0
80,False,Scottsbluff|n225|20|21,Scottsbluff,n225,20,21,2369 X 3IIH6,60,2022-07-18,23.05844645972212,0.16685925654194173,1.0,2,0
81,False,Scottsbluff|n225|5|25,Scottsbluff,n225,5,25,2FACC X 3IIH6,60,2022-07-18,23.085464200506706,0.28418698580811785,1.0,2,0
82,False,Scottsbluff|n225|16|21,Scottsbluff,n225,16,21,PHP02 X PHG47,60,2022-07-18,23.13511881362274,0.14779055930575374,1.0,2,0
83,False,Scottsbluff|n225|6|23,Scottsbluff,n225,6,23,N209 X 3IIH6,60,2022-07-18,23.139940218464105,0.30219404368461245,1.0,2,0
84,False,Scottsbluff|n225|24|21,Scottsbluff,n225,24,21,PHW52 X PHZ51,60,2022-07-18,23.15403883860772,0.23666366818843443,1.0,2,0
85,False,Scottsbluff|n225|26|20,Scottsbluff,n225,26,20,PHZ51 X LH145,60,2022-07-18,23.216889589376052,0.2000702944260746,1.0,2,0
86,False,Scottsbluff|n225|17|21,Scottsbluff,n225,17,21,PHP02 X LH198,60,2022-07-18,23.257790937760433,0.18146880205331184,1.0,2,0
87,False,Scottsbluff|n75|15|2,Scottsbluff,n75,15,2,LH195 X PHM49,60,2022-07-18,23.31649913730591,0.15046860442979315,1.0,2,0
88,False,Scottsbluff|n225|8|22,Scottsbluff,n225,8,22,PHN46 X W606S,60,2022-07-18,23.338711897842202,0.18462937782792133,1.0,2,0
89,False,Scottsbluff|n225|10|25,Scottsbluff,n225,10,25,PHW52 X LH185,60,2022-07-18,23.354330943813963,0.18809786189684702,1.0,2,0
90,False,Scottsbluff|n225|23|20,Scottsbluff,n225,23,20,PHK56 X PHJ89,60,2022-07-18,23.395251614403136,0.21259222961505386,1.0,2,0
91,False,Scottsbluff|n225|6|25,Scottsbluff,n225,6,25,F42 X MO17,60,2022-07-18,23.40391792092666,0.24786394524782895,1.0,2,0
92,False,Scottsbluff|n225|21|25,Scottsbluff,n225,21,25,F42 X MO17,60,2022-07-18,23.40981672852695,0.19419619915278202,1.0,2,0
93,False,Scottsbluff|n225|25|24,Scottsbluff,n225,25,24,B14A X MO17,60,2022-07-18,23.431951327703885,0.20730212059336067,1.0,2,0
94,False,Scottsbluff|n225|4|22,Scottsbluff,n225,4,22,PHK76 X LH198,60,2022-07-18,23.459437526970945,0.24100162707296396,1.0,2,0
95,False,Scottsbluff|n225|25|25,Scottsbluff,n225,25,25,2FACC X 3IIH6,60,2022-07-18,23.497693214332983,0.19772500093673584,1.0,2,0
96,False,Scottsbluff|n225|8|20,Scottsbluff,n225,8,20,PHK56 X LH198,60,2022-07-18,23.62288583914834,0.1679152757394221,1.0,2,0
97,False,Scottsbluff|n225|9|22,Scottsbluff,n225,9,22,2369 X PHN82,60,2022-07-18,23.628389309656896,0.17576084401565772,1.0,2,0
98,False,Scottsbluff|n225|5|20,Scottsbluff,n225,5,20,LH198 X PHB47,60,2022-07-18,23.641907884371335,0.23528095840036012,1.0,2,0
99,False,Scottsbluff|n225|5|23,Scottsbluff,n225,5,23,LH145 X LH162,60,2022-07-18,23.654433660899258,0.29528109995498353,1.0,2,0
100,False,Scottsbluff|n225|18|22,Scottsbluff,n225,18,22,PHP02 X LH185,60,2022-07-18,23.672181406035364,0.2321627009740072,1.0,2,0
101,False,Scottsbluff|n225|27|22,Scottsbluff,n225,27,22,B105 X 3IIH6,60,2022-07-18,23.71836237191171,0.2226840975887564,1.0,2,0
102,False,Scottsbluff|n225|13|21,Scottsbluff,n225,13,21,B73 X PHM49,60,2022-07-18,23.74727039863744,0.23054748816459636,1.0,2,0
103,False,Scottsbluff|n225|26|25,Scottsbluff,n225,26,25,PHW52 X PHM49,60,2022-07-18,23.77609699514555,0.1746360524130139,1.0,2,0
104,False,Scottsbluff|n225|9|26,Scottsbluff,n225,9,26,PHP02 X W606S,60,2022-07-18,23.779590054175515,0.2634834968275765,1.0,2,0
105,False,Scottsbluff|n225|15|20,Scottsbluff,n225,15,20,PIONEER 1311 AMXT,60,2022-07-18,23.839695739155403,0.15809532631656498,1.0,2,0
106,False,Scottsbluff|n225|4|20,Scottsbluff,n225,4,20,PHK76 X LH82,60,2022-07-18,23.846491852276273,0.23300612673830684,1.0,2,0
107,False,Scottsbluff|n225|8|25,Scottsbluff,n225,8,25,PHZ51 X LH145,60,2022-07-18,23.87364172063448,0.2594750046988681,1.0,2,0
108,False,Scottsbluff|n225|3|23,Scottsbluff,n225,3,23,PHW52 X PHM49,60,2022-07-18,23.87915946162245,0.26072798491110744,1.0,2,0
109,False,Scottsbluff|n225|6|26,Scottsbluff,n225,6,26,B37 X MO17,60,2022-07-18,23.907187775885433,0.26688272733505497,1.0,2,0
110,False,Scottsbluff|n225|7|25,Scottsbluff,n225,7,25,PIONEER P0589 AMXT,60,2022-07-18,23.98153300102649,0.21500686535821018,1.0,2,0
111,False,Scottsbluff|n225|21|20,Scottsbluff,n225,21,20,2369 X PHN82,60,2022-07-18,24.034314496822347,0.18129432596834777,1.0,2,0
112,False,Scottsbluff|n225|25|21,Scottsbluff,n225,25,21,LH123HT X 3IIH6,60,2022-07-18,24.051013698664562,0.23837942541629065,1.0,2,0
113,False,Scottsbluff|n225|11|22,Scottsbluff,n225,11,22,2369 X 3IIH6,60,2022-07-18,24.095841660412063,0.19021255573424029,1.0,2,0
114,False,Scottsbluff|n225|23|21,Scottsbluff,n225,23,21,PHB47 X LH185,60,2022-07-18,24.116592772112,0.22162368604535915,1.0,2,0
115,False,Scottsbluff|n225|16|23,Scottsbluff,n225,16,23,HOEGEMEYER 8065RR,60,2022-07-18,24.136614387320336,0.1880000459583403,1.0,2,0
116,False,Scottsbluff|n225|5|22,Scottsbluff,n225,5,22,PHJ40 X LH82,60,2022-07-18,24.224024360451736,0.23131466397658962,1.0,2,0
117,False,Scottsbluff|n225|22|22,Scottsbluff,n225,22,22,LH74 X PHM49,60,2022-07-18,24.28858776943828,0.24573637437951834,1.0,2,0
118,False,Scottsbluff|n150|24|12,Scottsbluff,n150,24,12,PHK56 X LH145,60,2022-07-18,24.307540686977404,0.25206597643636713,1.0,2,0
119,False,Scottsbluff|n225|3|26,Scottsbluff,n225,3,26,PHB47 X 3IIH6,60,2022-07-18,24.336913907154866,0.19014132533026634,1.0,2,0
120,False,Scottsbluff|n150|23|11,Scottsbluff,n150,23,11,LH195 X PHM49,60,2022-07-18,24.410267893004487,0.230130954307601,1.0,2,0
121,False,Scottsbluff|n225|17|22,Scottsbluff,n225,17,22,PHK56 X LH82,60,2022-07-18,24.426584277302297,0.15676274052382588,1.0,2,0
122,False,Scottsbluff|n225|10|23,Scottsbluff,n225,10,23,LH123HT X PHB47,60,2022-07-18,24.51575956084102,0.1930619002215297,1.0,2,0
123,False,Scottsbluff|n225|26|22,Scottsbluff,n225,26,22,B73 X PHN82,60,2022-07-18,24.52236088714831,0.23204857611885432,1.0,2,0
124,False,Scottsbluff|n225|15|22,Scottsbluff,n225,15,22,PHP02 X LH145,60,2022-07-18,24.560770428390597,0.23794057545863778,1.0,2,0
125,False,Scottsbluff|n225|9|23,Scottsbluff,n225,9,23,PHP02 X PHK56,60,2022-07-18,24.939268298376504,0.20002686031584788,1.0,2,0
126,False,Scottsbluff|n225|13|23,Scottsbluff,n225,13,23,PHB47 X PHK56,60,2022-07-18,24.940665589667205,0.20920795339639375,1.0,2,0
127,False,Scottsbluff|n225|10|20,Scottsbluff,n225,10,20,B73 X 3IIH6,60,2022-07-18,24.96870549850661,0.13028010796483552,1.0,2,0
128,False,Scottsbluff|n225|26|21,Scottsbluff,n225,26,21,LH195 X LH123HT,60,2022-07-18,24.969747422517344,0.23728375986010852,1.0,2,0
129,False,Scottsbluff|n225|12|23,Scottsbluff,n225,12,23,PHP02 X PHB47,60,2022-07-18,24.979409594286864,0.18734505079214164,1.0,2,0
130,False,Scottsbluff|n225|4|21,Scottsbluff,n225,4,21,2369 X PHZ51,60,2022-07-18,24.982942644304828,0.2821656643997935,1.0,2,0
131,False,Scottsbluff|n225|21|26,Scottsbluff,n225,21,26,N209 X 3IIH6,60,2022-07-18,25.03094776963782,0.2408156207113502,1.0,2,0
132,False,Scottsbluff|n225|19|26,Scottsbluff,n225,19,26,LH185 X LH82,60,2022-07-18,25.039678054702065,0.21920207942712172,1.0,2,0
133,False,Scottsbluff|n225|22|21,Scottsbluff,n225,22,21,PHB47 X 3IIH6,60,2022-07-18,25.09394790118978,0.24982685657150017,1.0,2,0
134,False,Scottsbluff|n150|17|15,Scottsbluff,n150,17,15,PHK76 X LH145,60,2022-07-18,25.338340279586717,0.22801563336759867,1.0,2,0
135,False,Scottsbluff|n75|16|4,Scottsbluff,n75,16,4,PHK76 X LH145,60,2022-07-18,25.412679417870166,0.20727191940236622,1.0,2,0
136,False,Scottsbluff|n225|25|20,Scottsbluff,n225,25,20,PHB47 X PHK56,60,2022-07-18,25.520434518803285,0.20704984641402535,1.0,2,0
137,False,Scottsbluff|n225|15|21,Scottsbluff,n225,15,21,HOEGEMEYER 7089 AMXT,60,2022-07-18,25.54439184681017,0.16631642851938166,1.0,2,0
138,False,Scottsbluff|n225|11|21,Scottsbluff,n225,11,21,PHP02 X PHN46,60,2022-07-18,25.551336341623525,0.17739555421807152,1.0,2,0
139,False,Scottsbluff|n225|3|25,Scottsbluff,n225,3,25,4N506 X 3IIH6,60,2022-07-18,25.6460185948973,0.23739903090988135,1.0,2,0
140,False,Scottsbluff|n150|26|14,Scottsbluff,n150,26,14,LH185 X LH145,60,2022-07-18,25.667171837080758,0.2503742464569285,1.0,2,0
141,False,Scottsbluff|n225|4|23,Scottsbluff,n225,4,23,B84 X 3IIH6,60,2022-07-18,25.673704741055474,0.22839137173655683,1.0,2,0
142,False,Scottsbluff|n225|12|21,Scottsbluff,n225,12,21,LH195 X 3IIH6,60,2022-07-18,25.71360296357679,0.16798532258181703,1.0,2,0
143,False,Scottsbluff|n225|14|24,Scottsbluff,n225,14,24,LH74 X PHM49,60,2022-07-18,25.729354748248838,0.2191872296520458,1.0,2,0
144,False,Scottsbluff|n225|12|24,Scottsbluff,n225,12,24,B14A X MO17,60,2022-07-18,25.78301261056157,0.2184066998857475,1.0,2,0
145,False,Scottsbluff|n225|11|20,Scottsbluff,n225,11,20,PHK56 X LH82,60,2022-07-18,25.915539187864468,0.1460689133219305,1.0,2,0
146,False,Scottsbluff|n75|12|1,Scottsbluff,n75,12,1,PHK76 X LH145,60,2022-07-18,25.934931543842453,0.16360769869087333,1.0,2,0
147,False,Scottsbluff|n225|9|21,Scottsbluff,n225,9,21,PHK56 X 3IIH6,60,2022-07-18,25.99635524371054,0.17402619360101784,1.0,2,0
148,False,Scottsbluff|n225|17|26,Scottsbluff,n225,17,26,PIONEER P0589 AMXT,60,2022-07-18,26.231096424054854,0.2379775187335802,1.0,2,0
149,False,Scottsbluff|n225|10|22,Scottsbluff,n225,10,22,LH198 X PHZ51,60,2022-07-18,26.31266012159564,0.16427844027589655,1.0,2,0
150,False,Scottsbluff|n75|26|6,Scottsbluff,n75,26,6,2FACC X 3IIH6,60,2022-07-18,26.43115589505676,0.18996162516469922,1.0,2,0
151,False,Scottsbluff|n225|6|20,Scottsbluff,n225,6,20,PHB47 X LH185,60,2022-07-18,26.494487328950328,0.23989496845003044,1.0,2,0
152,False,Scottsbluff|n225|27|23,Scottsbluff,n225,27,23,PHG39 X PHM49,60,2022-07-18,26.659602911078423,0.20545389817655973,1.0,2,0
153,False,Scottsbluff|n225|27|20,Scottsbluff,n225,27,20,F42 X OH43,60,2022-07-18,26.77671024304857,0.19006304410726604,1.0,2,0
154,False,Scottsbluff|n225|7|20,Scottsbluff,n225,7,20,B73 X PHZ51,60,2022-07-18,26.794648630226774,0.19936323117586008,1.0,2,0
155,False,Scottsbluff|n225|13|25,Scottsbluff,n225,13,25,F42 X OH43,60,2022-07-18,26.95566760771804,0.23055201356217053,1.0,2,0
156,False,Scottsbluff|n150|7|12,Scottsbluff,n150,7,12,PHK76 X LH145,60,2022-07-18,27.089580297516562,0.20430056913341987,1.0,2,0
157,False,Scottsbluff|n225|7|23,Scottsbluff,n225,7,23,PHW52 X PHN82,60,2022-07-18,27.112934300847527,0.22784602151123912,1.0,2,0
158,False,Scottsbluff|n150|16|12,Scottsbluff,n150,16,12,PHZ51 X LH145,60,2022-07-18,27.1681109311114,0.14068381642742644,1.0,2,0
159,False,Scottsbluff|n225|7|21,Scottsbluff,n225,7,21,PHP02 X PHK76,60,2022-07-18,27.62987208212894,0.19329291031572482,1.0,2,0
160,False,Scottsbluff|n225|8|21,Scottsbluff,n225,8,21,PHG39 X PHM49,60,2022-07-18,27.80225954838218,0.1901853449100973,1.0,2,0
161,False,Scottsbluff|n75|25|3,Scottsbluff,n75,25,3,LH195 X 3IIH6,60,2022-07-18,27.882434541370813,0.20121109454446223,1.0,2,0
162,False,Scottsbluff|n150|27|15,Scottsbluff,n150,27,15,PHB47 X PHJ89,60,2022-07-18,27.97930700958993,0.22924925452120393,1.0,2,0
163,False,Scottsbluff|n75|11|3,Scottsbluff,n75,11,3,PHP02 X W606S,60,2022-07-18,28.12340759387932,0.13007829251906172,1.0,2,0
164,False,Scottsbluff|n225|10|21,Scottsbluff,n225,10,21,B73 X PHN82,60,2022-07-18,28.305425980067525,0.15348919582712423,1.0,2,0
165,False,Scottsbluff|n150|14|12,Scottsbluff,n150,14,12,PHZ51 X LH145,60,2022-07-18,28.735723328636453,0.1838422130958981,1.0,2,0
166,False,Scottsbluff|n225|14|23,Scottsbluff,n225,14,23,PHP02 X LH185,60,2022-07-18,28.785455864339966,0.21729462648316517,1.0,2,0
167,False,Scottsbluff|n225|7|22,Scottsbluff,n225,7,22,LH195 X LH123HT,60,2022-07-18,28.810095029620413,0.15035267548756454,1.0,2,0
168,False,Scottsbluff|n75|16|7,Scottsbluff,n75,16,7,PHB47 X PHJ89,60,2022-07-18,28.92309059984028,0.17974065387988758,1.0,2,0
169,False,Scottsbluff|n75|17|5,Scottsbluff,n75,17,5,PHK76 X 3IIH6,60,2022-07-18,29.05185749262236,0.1496538887843235,1.0,2,0
170,False,Scottsbluff|n225|3|20,Scottsbluff,n225,3,20,LH82 X PHJ89,60,2022-07-18,29.27089253158175,0.19446704210193377,1.0,2,0
171,False,Scottsbluff|n75|23|6,Scottsbluff,n75,23,6,LH82 X PHJ89,60,2022-07-18,29.39204846696927,0.2530212168513038,1.0,2,0
172,False,Scottsbluff|n75|9|5,Scottsbluff,n75,9,5,PHB47 X 3IIH6,60,2022-07-18,29.42144452851612,0.09200673097091999,1.0,2,0
173,False,Scottsbluff|n75|16|3,Scottsbluff,n75,16,3,B73 X PHM49,60,2022-07-18,29.53304668808434,0.052870194313971,1.0,2,0
174,False,Scottsbluff|n150|15|17,Scottsbluff,n150,15,17,LH185 X W606S,60,2022-07-18,29.577061122991324,0.16814862645760675,1.0,2,0
175,False,Scottsbluff|n150|16|16,Scottsbluff,n150,16,16,PHK76 X 3IIH6,60,2022-07-18,29.819963855653512,0.16307159754405998,1.0,2,0
176,False,Scottsbluff|n150|19|12,Scottsbluff,n150,19,12,HOEGEMEYER 8065RR,60,2022-07-18,29.91514169737252,0.184960510559818,1.0,2,0
177,False,Scottsbluff|n75|21|3,Scottsbluff,n75,21,3,2369 X LH123HT,60,2022-07-18,30.392097934943166,0.18938297025219653,1.0,2,0
178,False,Scottsbluff|n75|17|6,Scottsbluff,n75,17,6,LH185 X LH145,60,2022-07-18,30.465021338666105,0.18809365938025002,1.0,2,0
179,False,Scottsbluff|n150|24|16,Scottsbluff,n150,24,16,PHK56 X LH185,60,2022-07-18,30.613835171041273,0.22206902174627263,1.0,2,0
180,False,Scottsbluff|n150|23|12,Scottsbluff,n150,23,12,PHT69 X 3IIH6,60,2022-07-18,30.628174538595417,0.23707865240411258,1.0,2,0
181,False,Scottsbluff|n75|7|3,Scottsbluff,n75,7,3,LH74 X PHM49,60,2022-07-18,30.65379831076315,0.055083593203606784,1.0,2,0
182,False,Scottsbluff|n150|17|17,Scottsbluff,n150,17,17,PHG39 X PHN82,60,2022-07-18,30.833628272783073,0.1865264414709934,1.0,2,0
183,False,Scottsbluff|n150|15|16,Scottsbluff,n150,15,16,PHP02 X W606S,60,2022-07-18,30.91851059177182,0.2076085393295688,1.0,2,0
184,False,Scottsbluff|n75|24|4,Scottsbluff,n75,24,4,PHK56 X LH185,60,2022-07-18,30.941647398412485,0.28168220142923334,1.0,2,0
185,False,Scottsbluff|n75|24|6,Scottsbluff,n75,24,6,PHK56 X PHJ89,60,2022-07-18,31.02052809067102,0.21856714583242953,1.0,2,0
186,False,Scottsbluff|n75|20|4,Scottsbluff,n75,20,4,PHW52 X PHN82,60,2022-07-18,31.060221579603905,0.190076501369972,1.0,2,0
187,False,Scottsbluff|n75|19|5,Scottsbluff,n75,19,5,PIONEER 1311 AMXT,60,2022-07-18,31.067779269891815,0.21479498050660362,1.0,2,0
188,False,Scottsbluff|n75|17|7,Scottsbluff,n75,17,7,PHT69 X 3IIH6,60,2022-07-18,31.076093241239917,0.19728129598920507,1.0,2,0
189,False,Scottsbluff|n150|20|17,Scottsbluff,n150,20,17,LH195 X LH123HT,60,2022-07-18,31.0779858725177,0.22519630412902703,1.0,2,0
190,False,Scottsbluff|n75|13|5,Scottsbluff,n75,13,5,HOEGEMEYER 7089 AMXT,60,2022-07-18,31.07865984165548,0.13613058775222564,1.0,2,0
191,False,Scottsbluff|n150|27|12,Scottsbluff,n150,27,12,PHK56 X PHJ89,60,2022-07-18,31.083751875386923,0.24021358085392547,1.0,2,0
192,False,Scottsbluff|n150|12|16,Scottsbluff,n150,12,16,PHB47 X LH185,60,2022-07-18,31.14935700567341,0.15372566024648415,1.0,2,0
193,False,Scottsbluff|n75|18|3,Scottsbluff,n75,18,3,LH195 X PHZ51,60,2022-07-18,31.202380818975058,0.0949254118761485,1.0,2,0
194,False,Scottsbluff|n75|4|7,Scottsbluff,n75,4,7,PIONEER P0589 AMXT,60,2022-07-18,31.221399250797717,0.20101848398722544,1.0,2,0
195,False,Scottsbluff|n75|27|6,Scottsbluff,n75,27,6,PHN46 X PHK56,60,2022-07-18,31.257824132568842,0.1847300351260469,1.0,2,0
196,False,Scottsbluff|n75|23|1,Scottsbluff,n75,23,1,F42 X MO17,60,2022-07-18,31.423854345924056,0.18194339349459998,1.0,2,0
197,False,Scottsbluff|n150|6|16,Scottsbluff,n150,6,16,PHK56 X LH185,60,2022-07-18,31.47638425434066,0.25633913491317256,1.0,2,0
198,False,Scottsbluff|n150|5|16,Scottsbluff,n150,5,16,2369 X LH123HT,60,2022-07-18,31.506495008331328,0.2546366527008909,1.0,2,0
199,False,Scottsbluff|n150|27|16,Scottsbluff,n150,27,16,PHP02 X PHK56,60,2022-07-18,31.519638348669574,0.22109502500625033,1.0,2,0
200,False,Scottsbluff|n75|16|5,Scottsbluff,n75,16,5,PHN46 X W606S,60,2022-07-18,31.524199158455943,0.16243792465569923,1.0,2,0
201,False,Scottsbluff|n75|25|4,Scottsbluff,n75,25,4,B37 X OH43,60,2022-07-18,31.569908710910624,0.2556605297735232,1.0,2,0
202,False,Scottsbluff|n75|6|3,Scottsbluff,n75,6,3,2FACC X 3IIH6,60,2022-07-18,31.594278546419105,0.15025817758633941,1.0,2,0
203,False,Scottsbluff|n75|23|5,Scottsbluff,n75,23,5,LH74 X PHM49,60,2022-07-18,31.624949709518475,0.22094681784157866,1.0,2,0
204,False,Scottsbluff|n150|10|14,Scottsbluff,n150,10,14,LH74 X PHM49,60,2022-07-18,31.670384842049344,0.1798219853571178,1.0,2,0
205,False,Scottsbluff|n150|22|12,Scottsbluff,n150,22,12,PHK56 X LH198,60,2022-07-18,31.792057937566682,0.2816536808768732,1.0,2,0
206,False,Scottsbluff|n150|4|12,Scottsbluff,n150,4,12,PHK56 X LH82,60,2022-07-18,31.8726160234296,0.24523140541238492,1.0,2,0
207,False,Scottsbluff|n75|21|6,Scottsbluff,n75,21,6,PHK56 X LH82,60,2022-07-18,31.920252626170765,0.26051606391170234,1.0,2,0
208,False,Scottsbluff|n150|14|16,Scottsbluff,n150,14,16,PHW52 X LH185,60,2022-07-18,31.920719252514488,0.16128549184651964,1.0,2,0
209,False,Scottsbluff|n75|22|3,Scottsbluff,n75,22,3,2369 X PHN82,60,2022-07-18,31.95282077756481,0.16948972653560102,1.0,2,0
210,False,Scottsbluff|n75|23|2,Scottsbluff,n75,23,2,PHB47 X PHK56,60,2022-07-18,32.01557346904815,0.22205260591695714,1.0,2,0
211,False,Scottsbluff|n75|8|5,Scottsbluff,n75,8,5,PHK56 X 3IIH6,60,2022-07-18,32.02288555581106,0.12234410562760994,1.0,2,0
212,False,Scottsbluff|n150|8|15,Scottsbluff,n150,8,15,B73 X PHN82,60,2022-07-18,32.02761526473182,0.2634223954415825,1.0,2,0
213,False,Scottsbluff|n150|11|12,Scottsbluff,n150,11,12,PHK76 X 3IIH6,60,2022-07-18,32.02794272214972,0.1978492844098061,1.0,2,0
214,False,Scottsbluff|n75|24|5,Scottsbluff,n75,24,5,4N506 X 3IIH6,60,2022-07-18,32.05963697094303,0.2583521796184565,1.0,2,0
215,False,Scottsbluff|n75|10|5,Scottsbluff,n75,10,5,PHJ40 X LH82,60,2022-07-18,32.14241839571966,0.13563403144045771,1.0,2,0
216,False,Scottsbluff|n75|7|5,Scottsbluff,n75,7,5,2369 X 3IIH6,60,2022-07-18,32.148091483742974,0.07531667052795482,1.0,2,0
217,False,Scottsbluff|n150|18|11,Scottsbluff,n150,18,11,PHP02 X LH82,60,2022-07-18,32.17617236351769,0.18593666050461455,1.0,2,0
218,False,Scottsbluff|n75|22|6,Scottsbluff,n75,22,6,PHB47 X 3IIH6,60,2022-07-18,32.18654108662018,0.25137013450307844,1.0,2,0
219,False,Scottsbluff|n150|19|17,Scottsbluff,n150,19,17,PHK76 X LH198,60,2022-07-18,32.18857753865299,0.21147675055620896,1.0,2,0
220,False,Scottsbluff|n75|9|3,Scottsbluff,n75,9,3,PHK76 X 3IIH6,60,2022-07-18,32.21026232663874,0.11372897110729102,1.0,2,0
221,False,Scottsbluff|n75|20|2,Scottsbluff,n75,20,2,PHK56 X LH145,60,2022-07-18,32.321975558261926,0.27021209343845887,1.0,2,0
222,False,Scottsbluff|n75|9|6,Scottsbluff,n75,9,6,LH82 X PHJ89,60,2022-07-18,32.39666138526378,0.21284347395937592,1.0,2,0
223,False,Scottsbluff|n150|24|14,Scottsbluff,n150,24,14,F42 X MO17,60,2022-07-18,32.418616727831434,0.2523794869063977,1.0,2,0
224,False,Scottsbluff|n75|18|2,Scottsbluff,n75,18,2,F42 X OH43,60,2022-07-18,32.424525054056446,0.13084156016428156,1.0,2,0
225,False,Scottsbluff|n75|13|3,Scottsbluff,n75,13,3,B105 X 3IIH6,60,2022-07-18,32.445154776642624,0.10354852067842701,1.0,2,0
226,False,Scottsbluff|n75|5|5,Scottsbluff,n75,5,5,PHP02 X PHN46,60,2022-07-18,32.46819994045359,0.21327280445302765,1.0,2,0
227,False,Scottsbluff|n75|5|6,Scottsbluff,n75,5,6,PHZ51 X LH145,60,2022-07-18,32.497852597554,0.21398917894251152,1.0,2,0
228,False,Scottsbluff|n150|17|16,Scottsbluff,n150,17,16,PHP02 X PHB47,60,2022-07-18,32.54315416260681,0.18845502100956435,1.0,2,0
229,False,Scottsbluff|n75|26|5,Scottsbluff,n75,26,5,PHK56 X W606S,60,2022-07-18,32.551520958728645,0.20896244350917248,1.0,2,0
230,False,Scottsbluff|n150|16|17,Scottsbluff,n150,16,17,LH145 X LH162,60,2022-07-18,32.56358511160414,0.1902307666087193,1.0,2,0
231,False,Scottsbluff|n150|23|13,Scottsbluff,n150,23,13,LH198 X PHZ51,60,2022-07-18,32.575504406095845,0.25921757699897374,1.0,2,0
232,False,Scottsbluff|n75|17|3,Scottsbluff,n75,17,3,PHW52 X PHZ51,60,2022-07-18,32.58116311905161,0.057731555486161934,1.0,2,0
233,False,Scottsbluff|n75|12|3,Scottsbluff,n75,12,3,2369 X PHZ51,60,2022-07-18,32.60356844205205,0.12958730686011777,1.0,2,0
234,False,Scottsbluff|n75|8|1,Scottsbluff,n75,8,1,PHP02 X LH185,60,2022-07-18,32.66576939703923,0.19245693590988078,1.0,2,0
235,False,Scottsbluff|n75|19|3,Scottsbluff,n75,19,3,PHZ51 X LH145,60,2022-07-18,32.69353139259245,0.2235608665336251,1.0,2,0
236,False,Scottsbluff|n150|19|16,Scottsbluff,n150,19,16,PHK76 X W606S,60,2022-07-18,32.71227490679743,0.20957016471683837,1.0,2,0
237,False,Scottsbluff|n150|21|15,Scottsbluff,n150,21,15,PHK56 X LH82,60,2022-07-18,32.71396382236024,0.26350592610226586,1.0,2,0
238,False,Scottsbluff|n75|19|1,Scottsbluff,n75,19,1,PHP02 X PHB47,60,2022-07-18,32.714531219140255,0.23766538497300788,1.0,2,0
239,False,Scottsbluff|n150|3|12,Scottsbluff,n150,3,12,B84 X 3IIH6,60,2022-07-18,32.71477090202893,0.24225690276110445,1.0,2,0
240,False,Scottsbluff|n75|9|7,Scottsbluff,n75,9,7,LH198 X PHB47,60,2022-07-18,32.745541142832664,0.1813598504275598,1.0,2,0
241,False,Scottsbluff|n150|20|14,Scottsbluff,n150,20,14,LH195 X PHZ51,60,2022-07-18,32.74699024454627,0.26069878823889525,1.0,2,0
242,False,Scottsbluff|n75|10|3,Scottsbluff,n75,10,3,PHG39 X PHM49,60,2022-07-18,32.75722197910382,0.13885165413424783,1.0,2,0
243,False,Scottsbluff|n150|18|12,Scottsbluff,n150,18,12,PHW52 X PHM49,60,2022-07-18,32.80247467061781,0.1832051618459385,1.0,2,0
244,False,Scottsbluff|n75|22|5,Scottsbluff,n75,22,5,PHK56 X LH198,60,2022-07-18,32.818157908204995,0.2167701159647482,1.0,2,0
245,False,Scottsbluff|n75|4|6,Scottsbluff,n75,4,6,2369 X LH123HT,60,2022-07-18,32.82699755081504,0.20541428331704004,1.0,2,0
246,False,Scottsbluff|n150|6|17,Scottsbluff,n150,6,17,PHW52 X PHN82,60,2022-07-18,32.83560137098222,0.25869693513974606,1.0,2,0
247,False,Scottsbluff|n75|16|2,Scottsbluff,n75,16,2,LH195 X LH123HT,60,2022-07-18,32.83998031711144,0.1713403345788453,1.0,2,0
248,False,Scottsbluff|n150|8|17,Scottsbluff,n150,8,17,PHB47 X PHK56,60,2022-07-18,32.87155108706072,0.17609322223982193,1.0,2,0
249,False,Scottsbluff|n150|21|13,Scottsbluff,n150,21,13,LH195 X LH185,60,2022-07-18,32.92631790183219,0.2612107049823981,1.0,2,0
250,False,Scottsbluff|n150|4|11,Scottsbluff,n150,4,11,PHK56 X 3IIH6,60,2022-07-18,32.94668985557037,0.2852341952782537,1.0,2,0
251,False,Scottsbluff|n150|6|15,Scottsbluff,n150,6,15,4N506 X 3IIH6,60,2022-07-18,32.948147054020836,0.2715678214006153,1.0,2,0
252,False,Scottsbluff|n75|18|7,Scottsbluff,n75,18,7,PHG39 X PHM49,60,2022-07-18,32.956796108006785,0.21883804524062533,1.0,2,0
253,False,Scottsbluff|n75|8|2,Scottsbluff,n75,8,2,PHW52 X PHZ51,60,2022-07-18,32.97740686703284,0.2203852627599045,1.0,2,0
254,False,Scottsbluff|n75|3|4,Scottsbluff,n75,3,4,B37 X OH43,60,2022-07-18,32.991327533306574,0.22596062544429735,1.0,2,0
255,False,Scottsbluff|n75|23|3,Scottsbluff,n75,23,3,B84 X 3IIH6,60,2022-07-18,32.99378276670841,0.20992351941092924,1.0,2,0
256,False,Scottsbluff|n75|19|7,Scottsbluff,n75,19,7,LH198 X PHB47,60,2022-07-18,33.02244905050499,0.20475477070740983,1.0,2,0
257,False,Scottsbluff|n75|26|3,Scottsbluff,n75,26,3,PHP02 X LH198,60,2022-07-18,33.064293436938954,0.2744729783136797,1.0,2,0
258,False,Scottsbluff|n150|16|15,Scottsbluff,n150,16,15,PHK56 X W606S,60,2022-07-18,33.07302107178326,0.2368482207697894,1.0,2,0
259,False,Scottsbluff|n75|20|1,Scottsbluff,n75,20,1,HOEGEMEYER 8065RR,60,2022-07-18,33.07784118454204,0.18557379639746696,1.0,2,0
260,False,Scottsbluff|n150|4|16,Scottsbluff,n150,4,16,LH185 X LH82,60,2022-07-18,33.097079247915815,0.2416874563740079,1.0,2,0
261,False,Scottsbluff|n75|21|5,Scottsbluff,n75,21,5,LH74 X PHN82,60,2022-07-18,33.10598254036165,0.2155670550116448,1.0,2,0
262,False,Scottsbluff|n75|3|7,Scottsbluff,n75,3,7,PHK56 X W606S,60,2022-07-18,33.14626577882592,0.15334688460692003,1.0,2,0
263,False,Scottsbluff|n75|27|2,Scottsbluff,n75,27,2,2369 X 3IIH6,60,2022-07-18,33.146366520904735,0.23192542707326147,1.0,2,0
264,False,Scottsbluff|n150|10|15,Scottsbluff,n150,10,15,LH123HT X 3IIH6,60,2022-07-18,33.15981332759986,0.20060285452402782,1.0,2,0
265,False,Scottsbluff|n150|25|14,Scottsbluff,n150,25,14,PHN46 X W606S,60,2022-07-18,33.22264628137131,0.23945315786910304,1.0,2,0
266,False,Scottsbluff|n75|15|1,Scottsbluff,n75,15,1,PHP02 X PHN46,60,2022-07-18,33.25583356661576,0.1553371055664176,1.0,2,0
267,False,Scottsbluff|n150|8|16,Scottsbluff,n150,8,16,B73 X 3IIH6,60,2022-07-18,33.25982890739621,0.20153120644213468,1.0,2,0
268,False,Scottsbluff|n150|25|16,Scottsbluff,n150,25,16,PHK56 X 3IIH6,60,2022-07-18,33.26498836902891,0.22457312395671458,1.0,2,0
269,False,Scottsbluff|n150|13|16,Scottsbluff,n150,13,16,B14A X MO17,60,2022-07-18,33.30325672020935,0.14541153095763582,1.0,2,0
270,False,Scottsbluff|n75|3|6,Scottsbluff,n75,3,6,B73 X 3IIH6,60,2022-07-18,33.315204569264,0.24388901245420913,1.0,2,0
271,False,Scottsbluff|n150|20|15,Scottsbluff,n150,20,15,LH74 X PHN82,60,2022-07-18,33.31615712873018,0.255898866439245,1.0,2,0
272,False,Scottsbluff|n150|3|13,Scottsbluff,n150,3,13,PHP02 X PHB47,60,2022-07-18,33.321251626130476,0.25021188178520426,1.0,2,0
273,False,Scottsbluff|n75|4|1,Scottsbluff,n75,4,1,B37 X MO17,60,2022-07-18,33.33842472081689,0.2781360178727324,1.0,2,0
274,False,Scottsbluff|n150|16|14,Scottsbluff,n150,16,14,LH198 X PHB47,60,2022-07-18,33.35186177047157,0.2000942326703708,1.0,2,0
275,False,Scottsbluff|n150|21|16,Scottsbluff,n150,21,16,2FACC X 3IIH6,60,2022-07-18,33.42621367834144,0.19486263665244885,1.0,2,0
276,False,Scottsbluff|n75|20|5,Scottsbluff,n75,20,5,PHJ40 X LH82,60,2022-07-18,33.43616947982824,0.1946644640658664,1.0,2,0
277,False,Scottsbluff|n75|26|1,Scottsbluff,n75,26,1,PHW52 X LH185,60,2022-07-18,33.51847105868487,0.16233147531117642,1.0,2,0
278,False,Scottsbluff|n75|13|2,Scottsbluff,n75,13,2,LH82 X PHB47,60,2022-07-18,33.534716701952775,0.1964608258073116,1.0,2,0
279,False,Scottsbluff|n75|25|5,Scottsbluff,n75,25,5,2369 X PHP02,60,2022-07-18,33.58664046162998,0.2034476786672243,1.0,2,0
280,False,Scottsbluff|n150|21|11,Scottsbluff,n150,21,11,LH123HT X 3IIH6,60,2022-07-18,33.58751134849031,0.2459841614806435,1.0,2,0
281,False,Scottsbluff|n75|4|3,Scottsbluff,n75,4,3,PHN46 X W606S,60,2022-07-18,33.61439041709811,0.1924749974787534,1.0,2,0
282,False,Scottsbluff|n75|27|1,Scottsbluff,n75,27,1,B73 X PHN82,60,2022-07-18,33.629474953274084,0.19473236805344968,1.0,2,0
283,False,Scottsbluff|n150|26|11,Scottsbluff,n150,26,11,B73 X PHM49,60,2022-07-18,33.631991240566464,0.22930485970871117,1.0,2,0
284,False,Scottsbluff|n150|23|16,Scottsbluff,n150,23,16,LH74 X PHM49,60,2022-07-18,33.64381679104133,0.22726137732652585,1.0,2,0
285,False,Scottsbluff|n75|27|5,Scottsbluff,n75,27,5,N209 X 3IIH6,60,2022-07-18,33.65616497398108,0.1897064027309438,1.0,2,0
286,False,Scottsbluff|n75|15|3,Scottsbluff,n75,15,3,PIONEER P0589 AMXT,60,2022-07-18,33.66392751152678,0.11172907650141173,1.0,2,0
287,False,Scottsbluff|n75|6|7,Scottsbluff,n75,6,7,LH195 X 3IIH6,60,2022-07-18,33.664482061365845,0.21112636847260413,1.0,2,0
288,False,Scottsbluff|n150|18|14,Scottsbluff,n150,18,14,PHP02 X PHK76,60,2022-07-18,33.665548566921956,0.23203040386202234,1.0,2,0
289,False,Scottsbluff|n150|12|14,Scottsbluff,n150,12,14,LH123HT X PHB47,60,2022-07-18,33.66856801352701,0.18942926808271,1.0,2,0
290,False,Scottsbluff|n75|8|6,Scottsbluff,n75,8,6,PHK56 X LH198,60,2022-07-18,33.678350923674756,0.2035114032072714,1.0,2,0
291,False,Scottsbluff|n75|7|1,Scottsbluff,n75,7,1,LH74 X PHN82,60,2022-07-18,33.67902197093794,0.1660780499628195,1.0,2,0
292,False,Scottsbluff|n150|21|12,Scottsbluff,n150,21,12,PHW52 X PHN82,60,2022-07-18,33.69077161145269,0.25900155404127406,1.0,2,0
293,False,Scottsbluff|n150|24|11,Scottsbluff,n150,24,11,PHW52 X LH185,60,2022-07-18,33.71368044737831,0.22550968116523745,1.0,2,0
294,False,Scottsbluff|n150|25|13,Scottsbluff,n150,25,13,PHP02 X LH198,60,2022-07-18,33.73112660881809,0.26460290653117996,1.0,2,0
295,False,Scottsbluff|n75|3|1,Scottsbluff,n75,3,1,LH82 X W606S,60,2022-07-18,33.74471620530798,0.2678188432980238,1.0,2,0
296,False,Scottsbluff|n75|6|1,Scottsbluff,n75,6,1,4N506 X 3IIH6,60,2022-07-18,33.75791774767684,0.26732525621307424,1.0,2,0
297,False,Scottsbluff|n75|10|4,Scottsbluff,n75,10,4,B14A X MO17,60,2022-07-18,33.76964725424202,0.2232596083454499,1.0,2,0
298,False,Scottsbluff|n75|26|2,Scottsbluff,n75,26,2,PHK56 X 3IIH6,60,2022-07-18,33.77496300353681,0.21744872823845024,1.0,2,0
299,False,Scottsbluff|n75|21|2,Scottsbluff,n75,21,2,LH185 X W606S,60,2022-07-18,33.78300871648379,0.23626795263630562,1.0,2,0
300,False,Scottsbluff|n150|18|17,Scottsbluff,n150,18,17,PHK76 X LH82,60,2022-07-18,33.80046597938768,0.21346551176889805,1.0,2,0
301,False,Scottsbluff|n150|22|11,Scottsbluff,n150,22,11,LH82 X PHJ89,60,2022-07-18,33.82778202775499,0.265230051270613,1.0,2,0
302,False,Scottsbluff|n150|24|13,Scottsbluff,n150,24,13,PIONEER P0589 AMXT,60,2022-07-18,33.84366739947245,0.25718452568463535,1.0,2,0
303,False,Scottsbluff|n150|19|14,Scottsbluff,n150,19,14,B73 X MO17,60,2022-07-18,33.87804490722259,0.261604640902941,1.0,2,0
304,False,Scottsbluff|n150|25|15,Scottsbluff,n150,25,15,2369 X LH123HT,60,2022-07-18,33.88801574632595,0.23494701431584092,1.0,2,0
305,False,Scottsbluff|n150|8|11,Scottsbluff,n150,8,11,LH82 X PHJ89,60,2022-07-18,33.91608256569272,0.21408012556148004,1.0,2,0
306,False,Scottsbluff|n150|4|14,Scottsbluff,n150,4,14,B105 X 3IIH6,60,2022-07-18,33.91736172133575,0.2117528737667415,1.0,2,0
307,False,Scottsbluff|n150|27|14,Scottsbluff,n150,27,14,PHN46 X PHB47,60,2022-07-18,33.98049854176135,0.24942662395974569,1.0,2,0
308,False,Scottsbluff|n150|26|15,Scottsbluff,n150,26,15,B37 X OH43,60,2022-07-18,33.983565658917726,0.26998676876957994,1.0,2,0
309,False,Scottsbluff|n150|7|16,Scottsbluff,n150,7,16,B73 X PHZ51,60,2022-07-18,33.9931460517288,0.1705444179296443,1.0,2,0
310,False,Scottsbluff|n150|3|11,Scottsbluff,n150,3,11,PHP02 X LH145,60,2022-07-18,34.047187046402,0.2591738694548019,1.0,2,0
311,False,Scottsbluff|n150|3|16,Scottsbluff,n150,3,16,LH74 X PHN82,60,2022-07-18,34.092082707153054,0.17736125921617002,1.0,2,0
312,False,Scottsbluff|n75|20|7,Scottsbluff,n75,20,7,B73 X MO17,60,2022-07-18,34.108328647264926,0.19152796918306808,1.0,2,0
313,False,Scottsbluff|n150|26|12,Scottsbluff,n150,26,12,F42 X OH43,60,2022-07-18,34.14101830862391,0.26513453134484666,1.0,2,0
314,False,Scottsbluff|n75|4|5,Scottsbluff,n75,4,5,PHK56 X LH82,60,2022-07-18,34.14253094143044,0.1511859031576122,1.0,2,0
315,False,Scottsbluff|n75|11|4,Scottsbluff,n75,11,4,PHP02 X PHK76,60,2022-07-18,34.1435072841829,0.2510177630613928,1.0,2,0
316,False,Scottsbluff|n75|14|4,Scottsbluff,n75,14,4,PHT69 X 3IIH6,60,2022-07-18,34.14401077562741,0.21824543702733296,1.0,2,0
317,False,Scottsbluff|n150|11|16,Scottsbluff,n150,11,16,PHT69 X 3IIH6,60,2022-07-18,34.16946372209951,0.137034435923297,1.0,2,0
318,False,Scottsbluff|n75|20|3,Scottsbluff,n75,20,3,LH82 X W606S,60,2022-07-18,34.177607472922844,0.20889335317925195,1.0,2,0
319,False,Scottsbluff|n150|4|17,Scottsbluff,n150,4,17,B37 X MO17,60,2022-07-18,34.227607049751555,0.23847630000601777,1.0,2,0
320,False,Scottsbluff|n75|5|7,Scottsbluff,n75,5,7,PHP02 X PHB47,60,2022-07-18,34.23640589457695,0.18586478119877486,1.0,2,0
321,False,Scottsbluff|n75|3|5,Scottsbluff,n75,3,5,PHK76 X W606S,60,2022-07-18,34.23828204543926,0.20077632253834177,1.0,2,0
322,False,Scottsbluff|n150|11|11,Scottsbluff,n150,11,11,2369 X PHZ51,60,2022-07-18,34.2858086956623,0.14419415311623263,1.0,2,0
323,False,Scottsbluff|n150|27|13,Scottsbluff,n150,27,13,B14A X MO17,60,2022-07-18,34.29236472045997,0.2818563447273139,1.0,2,0
324,False,Scottsbluff|n150|25|12,Scottsbluff,n150,25,12,LH195 X 3IIH6,60,2022-07-18,34.29443204361215,0.21497598290331615,1.0,2,0
325,False,Scottsbluff|n75|13|4,Scottsbluff,n75,13,4,PHK56 X PHJ89,60,2022-07-18,34.353083749614825,0.1618427076777239,1.0,2,0
326,False,Scottsbluff|n150|23|15,Scottsbluff,n150,23,15,LH82 X PHB47,60,2022-07-18,34.364130038990055,0.2560841273454123,1.0,2,0
327,False,Scottsbluff|n150|5|15,Scottsbluff,n150,5,15,PIONEER 1311 AMXT,60,2022-07-18,34.3790052401376,0.2526183028957724,1.0,2,0
328,False,Scottsbluff|n75|15|4,Scottsbluff,n75,15,4,LH195 X LH185,60,2022-07-18,34.38438415452296,0.23309667431804842,1.0,2,0
329,False,Scottsbluff|n75|25|1,Scottsbluff,n75,25,1,B14A X MO17,60,2022-07-18,34.40796941699877,0.1785683205526078,1.0,2,0
330,False,Scottsbluff|n150|19|11,Scottsbluff,n150,19,11,4N506 X 3IIH6,60,2022-07-18,34.41821928461319,0.18020200359653327,1.0,2,0
331,False,Scottsbluff|n150|22|16,Scottsbluff,n150,22,16,PHB47 X LH185,60,2022-07-18,34.43457444281209,0.23817190400446042,1.0,2,0
332,False,Scottsbluff|n150|21|14,Scottsbluff,n150,21,14,PHG39 X PHM49,60,2022-07-18,34.44393703154245,0.21625720163049622,1.0,2,0
333,False,Scottsbluff|n75|24|2,Scottsbluff,n75,24,2,PHN46 X PHB47,60,2022-07-18,34.4617709720133,0.2212604191757107,1.0,2,0
334,False,Scottsbluff|n75|27|4,Scottsbluff,n75,27,4,PHP02 X PHK56,60,2022-07-18,34.505499155458836,0.2622612676201114,1.0,2,0
335,False,Scottsbluff|n150|3|14,Scottsbluff,n150,3,14,PHN46 X W606S,60,2022-07-18,34.5109653452723,0.2184500881854018,1.0,2,0
336,False,Scottsbluff|n75|22|1,Scottsbluff,n75,22,1,LH82 X PHB47,60,2022-07-18,34.552481608892975,0.22412946770977138,1.0,2,0
337,False,Scottsbluff|n150|17|12,Scottsbluff,n150,17,12,2369 X 3IIH6,60,2022-07-18,34.56515360590694,0.20562468266835565,1.0,2,0
338,False,Scottsbluff|n150|14|15,Scottsbluff,n150,14,15,PHK56 X PHJ89,60,2022-07-18,34.59656956810787,0.1621214324257082,1.0,2,0
339,False,Scottsbluff|n150|19|13,Scottsbluff,n150,19,13,B73 X 3IIH6,60,2022-07-18,34.60295170453705,0.21966103287689176,1.0,2,0
340,False,Scottsbluff|n150|15|15,Scottsbluff,n150,15,15,PHP02 X LH145,60,2022-07-18,34.633705577162075,0.19874474710017598,1.0,2,0
341,False,Scottsbluff|n150|12|13,Scottsbluff,n150,12,13,PHP02 X PHN46,60,2022-07-18,34.63384204855822,0.19461246090408602,1.0,2,0
342,False,Scottsbluff|n75|21|7,Scottsbluff,n75,21,7,PHP02 X LH145,60,2022-07-18,34.66559479236203,0.26518063911052847,1.0,2,0
343,False,Scottsbluff|n75|8|3,Scottsbluff,n75,8,3,LH195 X PHZ51,60,2022-07-18,34.71992012509129,0.164394973823486,1.0,2,0
344,False,Scottsbluff|n150|25|11,Scottsbluff,n150,25,11,PHP02 X LH185,60,2022-07-18,34.79703103820955,0.24524826710332764,1.0,2,0
345,False,Scottsbluff|n150|6|14,Scottsbluff,n150,6,14,LH198 X PHZ51,60,2022-07-18,34.80389439424178,0.23102632568439768,1.0,2,0
346,False,Scottsbluff|n150|5|14,Scottsbluff,n150,5,14,LH195 X 3IIH6,60,2022-07-18,34.83536609383876,0.20413816992516337,1.0,2,0
347,False,Scottsbluff|n75|14|1,Scottsbluff,n75,14,1,PHP02 X PHK56,60,2022-07-18,34.836840389659216,0.10336768116555001,1.0,2,0
348,False,Scottsbluff|n75|25|6,Scottsbluff,n75,25,6,2369 X PHZ51,60,2022-07-18,34.851729338364535,0.24272079786812284,1.0,2,0
349,False,Scottsbluff|n75|18|6,Scottsbluff,n75,18,6,PHP02 X PHG47,60,2022-07-18,34.8535931311913,0.23846257594092796,1.0,2,0
350,False,Scottsbluff|n150|3|15,Scottsbluff,n150,3,15,PHP02 X LH82,60,2022-07-18,34.86110393414657,0.22746452399160566,1.0,2,0
351,False,Scottsbluff|n75|24|1,Scottsbluff,n75,24,1,B105 X 3IIH6,60,2022-07-18,34.94365070904688,0.18002114077836495,1.0,2,0
352,False,Scottsbluff|n150|20|16,Scottsbluff,n150,20,16,B84 X 3IIH6,60,2022-07-18,34.981036729086995,0.17698540516533162,1.0,2,0
353,False,Scottsbluff|n150|13|13,Scottsbluff,n150,13,13,LH82 X W606S,60,2022-07-18,35.02626817840577,0.17757723137650766,1.0,2,0
354,False,Scottsbluff|n150|4|15,Scottsbluff,n150,4,15,PHK76 X LH82,60,2022-07-18,35.04715344602833,0.24169877875774137,1.0,2,0
355,False,Scottsbluff|n75|14|3,Scottsbluff,n75,14,3,PHW52 X PHN82,60,2022-07-18,35.11280282448283,0.12779873131088781,1.0,2,0
356,False,Scottsbluff|n150|23|14,Scottsbluff,n150,23,14,LH82 X W606S,60,2022-07-18,35.14554414991261,0.2013630944056669,1.0,2,0
357,False,Scottsbluff|n150|9|17,Scottsbluff,n150,9,17,PHP02 X PHK76,60,2022-07-18,35.20924431795822,0.17279926408830942,1.0,2,0
358,False,Scottsbluff|n75|9|4,Scottsbluff,n75,9,4,PHK76 X LH82,60,2022-07-18,35.27226304834413,0.2214860551373714,1.0,2,0
359,False,Scottsbluff|n150|22|13,Scottsbluff,n150,22,13,2369 X PHN82,60,2022-07-18,35.272317529892064,0.26955397563252104,1.0,2,0
360,False,Scottsbluff|n75|21|4,Scottsbluff,n75,21,4,PHP02 X PHJ89,60,2022-07-18,35.327787519180646,0.251404909790003,1.0,2,0
361,False,Scottsbluff|n150|13|11,Scottsbluff,n150,13,11,LH195 X LH123HT,60,2022-07-18,35.33029753785503,0.14662065086629494,1.0,2,0
362,False,Scottsbluff|n150|20|12,Scottsbluff,n150,20,12,PHP02 X PHJ89,60,2022-07-18,35.39992081113215,0.22172984157960796,1.0,2,0
363,False,Scottsbluff|n150|20|13,Scottsbluff,n150,20,13,LH185 X LH82,60,2022-07-18,35.43965489719547,0.24659536381685965,1.0,2,0
364,False,Scottsbluff|n75|3|2,Scottsbluff,n75,3,2,LH185 X LH82,60,2022-07-18,35.45944710365026,0.27742767390622924,1.0,2,0
365,False,Scottsbluff|n75|5|3,Scottsbluff,n75,5,3,LH195 X LH185,60,2022-07-18,35.472146680856795,0.1396526279791136,1.0,2,0
366,False,Scottsbluff|n75|3|3,Scottsbluff,n75,3,3,B73 X PHZ51,60,2022-07-18,35.504791732829716,0.16035828316770262,1.0,2,0
367,False,Scottsbluff|n75|12|4,Scottsbluff,n75,12,4,2369 X PHP02,60,2022-07-18,35.55028788958259,0.1916514600326235,1.0,2,0
368,False,Scottsbluff|n150|18|15,Scottsbluff,n150,18,15,B105 X 3IIH6,60,2022-07-18,35.55253628984548,0.2536394677568767,1.0,2,0
369,False,Scottsbluff|n150|26|16,Scottsbluff,n150,26,16,B37 X MO17,60,2022-07-18,35.5569014256036,0.25115696843211543,1.0,2,0
370,False,Scottsbluff|n75|12|5,Scottsbluff,n75,12,5,PHP02 X LH145,60,2022-07-18,35.55747420224513,0.17348300430421343,1.0,2,0
371,False,Scottsbluff|n75|7|6,Scottsbluff,n75,7,6,PHP02 X PHG47,60,2022-07-18,35.57699560070864,0.2003829402307592,1.0,2,0
372,False,Scottsbluff|n150|5|12,Scottsbluff,n150,5,12,LH82 X PHB47,60,2022-07-18,35.64484805899271,0.2704695083042463,1.0,2,0
373,False,Scottsbluff|n150|5|11,Scottsbluff,n150,5,11,HOEGEMEYER 8065RR,60,2022-07-18,35.72884172952453,0.2986954641346719,1.0,2,0
374,False,Scottsbluff|n75|16|6,Scottsbluff,n75,16,6,PHK76 X W606S,60,2022-07-18,35.75659673614061,0.24888958470634442,1.0,2,0
375,False,Scottsbluff|n150|21|17,Scottsbluff,n150,21,17,PHP02 X PHN46,60,2022-07-18,35.791361398325634,0.21349880423777062,1.0,2,0
376,False,Scottsbluff|n75|10|6,Scottsbluff,n75,10,6,HOEGEMEYER 8065RR,60,2022-07-18,35.79572987382292,0.19396821424102118,1.0,2,0
377,False,Scottsbluff|n75|24|3,Scottsbluff,n75,24,3,PHK76 X LH198,60,2022-07-18,35.814661057623,0.19880740222728538,1.0,2,0
378,False,Scottsbluff|n75|25|2,Scottsbluff,n75,25,2,B37 X MO17,60,2022-07-18,35.816638389128926,0.18129640711639677,1.0,2,0
379,False,Scottsbluff|n150|17|14,Scottsbluff,n150,17,14,2369 X PHP02,60,2022-07-18,35.89699857899379,0.1914281808806132,1.0,2,0
380,False,Scottsbluff|n150|13|12,Scottsbluff,n150,13,12,N209 X 3IIH6,60,2022-07-18,35.931100516975334,0.1680021538647123,1.0,2,0
381,False,Scottsbluff|n150|5|17,Scottsbluff,n150,5,17,LH195 X PHZ51,60,2022-07-18,35.93570004789997,0.2430547810389455,1.0,2,0
382,False,Scottsbluff|n75|19|4,Scottsbluff,n75,19,4,B73 X 3IIH6,60,2022-07-18,35.938737294986325,0.24852437728173404,1.0,2,0
383,False,Scottsbluff|n225|14|26,Scottsbluff,n225,14,26,SYNGENTA NK0760-3111,60,2022-07-18,35.95838128572632,0.23387936750085853,1.0,2,0
384,False,Scottsbluff|n150|11|15,Scottsbluff,n150,11,15,PHK56 X W606S,60,2022-07-18,35.985854036178594,0.1622847964736608,1.0,2,0
385,False,Scottsbluff|n150|4|13,Scottsbluff,n150,4,13,B73 X PHM49,60,2022-07-18,36.02826327591582,0.23653429486927807,1.0,2,0
386,False,Scottsbluff|n75|6|6,Scottsbluff,n75,6,6,B73 X PHN82,60,2022-07-18,36.08238475150388,0.2445035368264183,1.0,2,0
387,False,Scottsbluff|n150|3|17,Scottsbluff,n150,3,17,PHP02 X PHJ89,60,2022-07-18,36.12646428274678,0.18551135113090234,1.0,2,0
388,False,Scottsbluff|n75|19|6,Scottsbluff,n75,19,6,PHP02 X LH82,60,2022-07-18,36.23256207624351,0.23376242095754285,1.0,2,0
389,False,Scottsbluff|n150|17|13,Scottsbluff,n150,17,13,PHP02 X PHG47,60,2022-07-18,36.285690059754444,0.22716040023462886,1.0,2,0
390,False,Scottsbluff|n75|21|1,Scottsbluff,n75,21,1,LH123HT X 3IIH6,60,2022-07-18,36.38281511447569,0.19505518936028665,1.0,2,0
391,False,Scottsbluff|n150|9|15,Scottsbluff,n150,9,15,LH198 X PHB47,60,2022-07-18,36.38302602371476,0.17452951295084146,1.0,2,0
392,False,Scottsbluff|n75|15|6,Scottsbluff,n75,15,6,LH145 X LH162,60,2022-07-18,36.42305707726533,0.22491359876178252,1.0,2,0
393,False,Scottsbluff|n75|22|2,Scottsbluff,n75,22,2,PHB47 X LH185,60,2022-07-18,36.433894662954856,0.22157220103439634,1.0,2,0
394,False,Scottsbluff|n150|6|13,Scottsbluff,n150,6,13,PHP02 X LH185,60,2022-07-18,36.450480868977834,0.2825141249863992,1.0,2,0
395,False,Scottsbluff|n150|13|15,Scottsbluff,n150,13,15,F42 X OH43,60,2022-07-18,36.487009126100105,0.1433586499095887,1.0,2,0
396,False,Scottsbluff|n75|8|7,Scottsbluff,n75,8,7,PHK76 X LH198,60,2022-07-18,36.49144382545731,0.13566546731219997,1.0,2,0
397,False,Scottsbluff|n150|16|11,Scottsbluff,n150,16,11,B73 X PHZ51,60,2022-07-18,36.59103538324052,0.15100118838617282,1.0,2,0
398,False,Scottsbluff|n75|5|4,Scottsbluff,n75,5,4,B73 X PHM49,60,2022-07-18,36.71373798366545,0.25485070421208716,1.0,2,0
399,False,Scottsbluff|n75|9|1,Scottsbluff,n75,9,1,PHB47 X LH185,60,2022-07-18,36.750102023030266,0.16278584696926524,1.0,2,0
400,False,Scottsbluff|n75|18|4,Scottsbluff,n75,18,4,LH198 X PHZ51,60,2022-07-18,36.781879839158634,0.2301738406099026,1.0,2,0
401,False,Scottsbluff|n75|7|7,Scottsbluff,n75,7,7,PHN46 X PHK56,60,2022-07-18,36.83153812669612,0.15509646860400583,1.0,2,0
402,False,Scottsbluff|n150|26|13,Scottsbluff,n150,26,13,PHW52 X PHZ51,60,2022-07-18,36.866097105463055,0.283774355248763,1.0,2,0
403,False,Scottsbluff|n150|12|12,Scottsbluff,n150,12,12,PHK56 X LH198,60,2022-07-18,36.87161345215044,0.22553940381522752,1.0,2,0
404,False,Scottsbluff|n75|11|1,Scottsbluff,n75,11,1,PHP02 X PHJ89,60,2022-07-18,36.88998617901363,0.13875950633671386,1.0,2,0
405,False,Scottsbluff|n150|9|14,Scottsbluff,n150,9,14,PHW52 X PHZ51,60,2022-07-18,36.93015087113815,0.1824028540753545,1.0,2,0
406,False,Scottsbluff|n75|11|6,Scottsbluff,n75,11,6,LH198 X PHZ51,60,2022-07-18,37.140867020040616,0.22647335803024965,1.0,2,0
407,False,Scottsbluff|n150|9|16,Scottsbluff,n150,9,16,2369 X PHP02,60,2022-07-18,37.16723090902951,0.17006081545985985,1.0,2,0
408,False,Scottsbluff|n150|10|16,Scottsbluff,n150,10,16,PIONEER P0589 AMXT,60,2022-07-18,37.23286751431756,0.13269998334915056,1.0,2,0
409,False,Scottsbluff|n225|17|25,Scottsbluff,n225,17,25,SYNGENTA NK0760-3111,60,2022-07-18,37.582704147983335,0.15637155363025135,1.0,2,0
410,False,Scottsbluff|n150|6|11,Scottsbluff,n150,6,11,PHG39 X PHM49,60,2022-07-18,37.67267677317437,0.25744219047318817,1.0,2,0
411,False,Scottsbluff|n150|18|16,Scottsbluff,n150,18,16,HOEGEMEYER 7089 AMXT,60,2022-07-18,37.679042749334016,0.20961903617353683,1.0,2,0
412,False,Scottsbluff|n75|8|4,Scottsbluff,n75,8,4,LH145 X LH162,60,2022-07-18,37.79100768106257,0.2687505535296077,1.0,2,0
413,False,Scottsbluff|n75|13|6,Scottsbluff,n75,13,6,PHN46 X PHB47,60,2022-07-18,37.8013514478978,0.2190562709042263,1.0,2,0
414,False,Scottsbluff|n150|11|14,Scottsbluff,n150,11,14,HOEGEMEYER 7089 AMXT,60,2022-07-18,37.806350698823735,0.15049755480455212,1.0,2,0
415,False,Scottsbluff|n150|22|15,Scottsbluff,n150,22,15,PHB47 X 3IIH6,60,2022-07-18,37.858694748434885,0.24810323140860363,1.0,2,0
416,False,Scottsbluff|n75|14|6,Scottsbluff,n75,14,6,PHW52 X LH185,60,2022-07-18,37.93879882233597,0.23559830440492424,1.0,2,0
417,False,Scottsbluff|n150|10|12,Scottsbluff,n150,10,12,PHK76 X W606S,60,2022-07-18,37.953122568006975,0.14432891544663073,1.0,2,0
418,False,Scottsbluff|n225|27|21,Scottsbluff,n225,27,21,SYNGENTA NK0760-3111,60,2022-07-18,38.01762593535963,0.19998634910948015,1.0,2,0
419,False,Scottsbluff|n75|12|6,Scottsbluff,n75,12,6,PIONEER 1311 AMXT,60,2022-07-18,38.05309160433691,0.2283556622207929,1.0,2,0
420,False,Scottsbluff|n75|4|2,Scottsbluff,n75,4,2,F42 X OH43,60,2022-07-18,38.169307210708695,0.2375530639544341,1.0,2,0
421,False,Scottsbluff|n150|19|15,Scottsbluff,n150,19,15,PHJ40 X LH82,60,2022-07-18,38.63774693602859,0.2643652002518568,1.0,2,0
422,False,Scottsbluff|n150|17|11,Scottsbluff,n150,17,11,PIONEER 1311 AMXT,60,2022-07-18,38.661611271932685,0.1698951039389508,1.0,2,0
423,False,Scottsbluff|n75|19|2,Scottsbluff,n75,19,2,PHG39 X PHN82,60,2022-07-18,38.7345406188505,0.19560511875152925,1.0,2,0
424,False,Scottsbluff|n225|13|26,Scottsbluff,n225,13,26,SYNGENTA NK0760-3111,60,2022-07-18,38.7350389828959,0.2742325330602379,1.0,2,0
425,False,Scottsbluff|n75|6|4,Scottsbluff,n75,6,4,PHK56 X LH185,60,2022-07-18,38.76730622304322,0.2538713755234257,1.0,2,0
426,False,Scottsbluff|n150|13|14,Scottsbluff,n150,13,14,PHP02 X W606S,60,2022-07-18,39.0741068907452,0.1527541988214538,1.0,2,0
427,False,Scottsbluff|n150|14|11,Scottsbluff,n150,14,11,PHW52 X PHM49,60,2022-07-18,39.19997478654655,0.12776294254457748,1.0,2,0
428,False,Scottsbluff|n75|10|1,Scottsbluff,n75,10,1,PHP02 X LH82,60,2022-07-18,39.349002306519665,0.16387450240419787,1.0,2,0
429,False,Scottsbluff|n75|17|4,Scottsbluff,n75,17,4,LH123HT X PHB47,60,2022-07-18,39.34933347767061,0.17056257084450122,1.0,2,0
430,False,Scottsbluff|n75|17|1,Scottsbluff,n75,17,1,B73 X PHZ51,60,2022-07-18,39.4069941137091,0.13410497296667157,1.0,2,0
431,False,Scottsbluff|n75|26|4,Scottsbluff,n75,26,4,PHP02 X PHK76,60,2022-07-18,39.420931074103294,0.31051864749414837,1.0,2,0
432,False,Scottsbluff|n150|8|13,Scottsbluff,n150,8,13,B37 X OH43,60,2022-07-18,39.438331032644456,0.1802222874626117,1.0,2,0
433,False,Scottsbluff|n150|7|11,Scottsbluff,n150,7,11,2369 X PHN82,60,2022-07-18,39.44170447926949,0.1960150170867493,1.0,2,0
434,False,Scottsbluff|n225|11|26,Scottsbluff,n225,11,26,SYNGENTA NK0760-3111,60,2022-07-18,39.63802074074353,0.17837403376005329,1.0,2,0
435,False,Scottsbluff|n75|15|7,Scottsbluff,n75,15,7,PHP02 X LH185,60,2022-07-18,39.67708568012392,0.19336431088481132,1.0,2,0
436,False,Scottsbluff|n225|10|26,Scottsbluff,n225,10,26,SYNGENTA NK0760-3111,60,2022-07-18,39.78327997887135,0.21161385747851663,1.0,2,0
437,False,Scottsbluff|n75|20|6,Scottsbluff,n75,20,6,PHP02 X W606S,60,2022-07-18,39.91561925433484,0.20569523281083252,1.0,2,0
438,False,Scottsbluff|n150|7|15,Scottsbluff,n150,7,15,LH195 X LH185,60,2022-07-18,39.93454689381667,0.21335673958433565,1.0,2,0
439,False,Scottsbluff|n150|16|13,Scottsbluff,n150,16,13,LH123HT X PHB47,60,2022-07-18,39.95143300804753,0.19358814750636022,1.0,2,0
440,False,Scottsbluff|n150|11|13,Scottsbluff,n150,11,13,PHB47 X 3IIH6,60,2022-07-18,40.03079224377258,0.18483179676076783,1.0,2,0
441,False,Scottsbluff|n150|9|13,Scottsbluff,n150,9,13,PHP02 X LH198,60,2022-07-18,40.07152992224148,0.18978128821435403,1.0,2,0
442,False,Scottsbluff|n150|15|13,Scottsbluff,n150,15,13,N209 X 3IIH6,60,2022-07-18,40.40089275007904,0.16378385452189098,1.0,2,0
443,False,Scottsbluff|n150|9|11,Scottsbluff,n150,9,11,PHK76 X LH198,60,2022-07-18,40.475721053741665,0.19836755610609108,1.0,2,0
444,False,Scottsbluff|n75|18|1,Scottsbluff,n75,18,1,HOEGEMEYER 7089 AMXT,60,2022-07-18,40.57516117477985,0.1794595109256233,1.0,2,0
445,False,Scottsbluff|n225|9|25,Scottsbluff,n225,9,25,SYNGENTA NK0760-3111,60,2022-07-18,40.67301975445368,0.23281028787163754,1.0,2,0
446,False,Scottsbluff|n150|10|13,Scottsbluff,n150,10,13,PHN46 X PHB47,60,2022-07-18,40.769487647559814,0.1929450682236119,1.0,2,0
447,False,Scottsbluff|n150|15|12,Scottsbluff,n150,15,12,PHB47 X PHK56,60,2022-07-18,40.815593050453984,0.1530502752069311,1.0,2,0
448,False,Scottsbluff|n150|5|13,Scottsbluff,n150,5,13,PHP02 X PHG47,60,2022-07-18,40.987115057944735,0.2471061787681208,1.0,2,0
449,False,Scottsbluff|n75|12|2,Scottsbluff,n75,12,2,LH123HT X 3IIH6,60,2022-07-18,41.28635590843798,0.16120522261375603,1.0,2,0
450,False,Scottsbluff|n75|10|2,Scottsbluff,n75,10,2,LH123HT X PHB47,60,2022-07-18,41.75743637347472,0.1877819639684269,1.0,2,0
451,False,Scottsbluff|n225|22|23,Scottsbluff,n225,22,23,SYNGENTA NK0760-3111,60,2022-07-18,41.837971956281336,0.18925288729653467,1.0,2,0
452,False,Scottsbluff|n75|4|4,Scottsbluff,n75,4,4,PHP02 X LH198,60,2022-07-18,41.89209154050988,0.2420174367928466,1.0,2,0
453,False,Scottsbluff|n150|7|13,Scottsbluff,n150,7,13,F42 X MO17,60,2022-07-18,42.251185646999346,0.19468527947690162,1.0,2,0
454,False,Scottsbluff|n150|7|14,Scottsbluff,n150,7,14,2369 X 3IIH6,60,2022-07-18,42.2898472543438,0.14650013658914973,1.0,2,0
455,False,Scottsbluff|n75|7|2,Scottsbluff,n75,7,2,B84 X 3IIH6,60,2022-07-18,42.32115620675265,0.14681477918407843,1.0,2,0
456,False,Scottsbluff|n225|12|26,Scottsbluff,n225,12,26,SYNGENTA NK0760-3111,60,2022-07-18,42.61236308292631,0.22186253899152264,1.0,2,0
457,False,Scottsbluff|n75|11|2,Scottsbluff,n75,11,2,N209 X 3IIH6,60,2022-07-18,42.792925482666874,0.20157126866952468,1.0,2,0
458,False,Scottsbluff|n75|5|2,Scottsbluff,n75,5,2,PHW52 X PHM49,60,2022-07-18,42.85690798181636,0.23478325494410418,1.0,2,0
459,False,Scottsbluff|n150|15|11,Scottsbluff,n150,15,11,PHN46 X PHK56,60,2022-07-18,42.90137185173509,0.15094887116471284,1.0,2,0
460,False,Scottsbluff|n150|15|14,Scottsbluff,n150,15,14,B73 X PHN82,60,2022-07-18,42.95472444721963,0.1756572815286927,1.0,2,0
461,False,Scottsbluff|n150|12|11,Scottsbluff,n150,12,11,PHN46 X PHK56,60,2022-07-18,43.191019179740195,0.19550936913771733,1.0,2,0
462,False,Scottsbluff|n225|3|21,Scottsbluff,n225,3,21,B105 X 3IIH6,60,2022-07-18,43.4936997960486,0.21208043081506794,1.0,2,0
463,False,Scottsbluff|n75|7|4,Scottsbluff,n75,7,4,LH195 X LH123HT,60,2022-07-18,43.66706895734433,0.15962110421294728,1.0,2,0
464,False,Scottsbluff|n150|12|15,Scottsbluff,n150,12,15,PHP02 X PHK56,60,2022-07-18,43.71776697133059,0.172935548286966,1.0,2,0
465,False,Scottsbluff|n75|6|2,Scottsbluff,n75,6,2,2369 X PHN82,60,2022-07-18,44.38415412109224,0.25219956319944115,1.0,2,0
466,False,Scottsbluff|n75|9|2,Scottsbluff,n75,9,2,PHB47 X PHK56,60,2022-07-18,44.57110224903623,0.20639504747185766,1.0,2,0
467,False,Scottsbluff|n150|10|11,Scottsbluff,n150,10,11,LH145 X LH162,60,2022-07-18,44.577609726228474,0.1728322414507697,1.0,2,0
468,False,Scottsbluff|n75|11|7,Scottsbluff,n75,11,7,SYNGENTA NK0760-3111,60,2022-07-18,46.18518125730543,0.1429723654333498,1.0,2,0
469,False,Scottsbluff|n75|22|7,Scottsbluff,n75,22,7,SYNGENTA NK0760-3111,60,2022-07-18,46.84385950657263,0.21846425370030048,1.0,2,0
470,False,Scottsbluff|n75|12|7,Scottsbluff,n75,12,7,SYNGENTA NK0760-3111,60,2022-07-18,46.991696203222844,0.17276223630054993,1.0,2,0
471,False,Scottsbluff|n150|12|17,Scottsbluff,n150,12,17,SYNGENTA NK0760-3111,60,2022-07-18,48.32402570263467,0.15179956431063074,1.0,2,0
472,False,Scottsbluff|n150|14|17,Scottsbluff,n150,14,17,SYNGENTA NK0760-3111,60,2022-07-18,48.32402570263467,0.15876984235832908,1.0,2,0
473,False,Scottsbluff|n150|22|17,Scottsbluff,n150,22,17,SYNGENTA NK0760-3111,60,2022-07-18,48.86618635284438,0.23939126249780934,1.0,2,0
474,False,Scottsbluff|n75|22|4,Scottsbluff,n75,22,4,SYNGENTA NK0760-3111,60,2022-07-18,49.206705723252355,0.25833930155425167,1.0,2,0
475,False,Scottsbluff|n75|10|7,Scottsbluff,n75,10,7,SYNGENTA NK0760-3111,60,2022-07-18,49.20975707310771,0.11392632524707996,1.0,2,0
476,False,Scottsbluff|n150|10|17,Scottsbluff,n150,10,17,SYNGENTA NK0760-3111,60,2022-07-18,50.05548055663009,0.1465950741852673,1.0,2,0
477,False,Scottsbluff|n75|17|2,Scottsbluff,n75,17,2,SYNGENTA NK0760-3111,60,2022-07-18,50.109259858906114,0.10795835853695424,1.0,2,0
478,False,Scottsbluff|n150|13|17,Scottsbluff,n150,13,17,SYNGENTA NK0760-3111,60,2022-07-18,50.14163105447328,0.16447017761217791,1.0,2,0
479,False,Scottsbluff|n150|24|15,Scottsbluff,n150,24,15,SYNGENTA NK0760-3111,60,2022-07-18,50.17327322874007,0.25127358908585085,1.0,2,0
480,False,Scottsbluff|n150|8|12,Scottsbluff,n150,8,12,PHJ40 X LH82,60,2022-07-18,50.17922902249008,0.19334879163323393,1.0,2,0
481,False,Scottsbluff|n75|13|7,Scottsbluff,n75,13,7,SYNGENTA NK0760-3111,60,2022-07-18,50.56236397483602,0.10432723101369074,1.0,2,0
482,False,Scottsbluff|n150|22|14,Scottsbluff,n150,22,14,SYNGENTA NK0760-3111,60,2022-07-18,51.848343971307585,0.2248377259379285,1.0,2,0
483,False,Scottsbluff|n150|14|13,Scottsbluff,n150,14,13,SYNGENTA NK0760-3111,60,2022-07-18,52.040939782972586,0.15882252974515954,1.0,2,0
484,False,Scottsbluff|n150|11|17,Scottsbluff,n150,11,17,SYNGENTA NK0760-3111,60,2022-07-18,52.28044183395581,0.18447937064508407,1.0,2,0
485,False,Scottsbluff|n75|14|7,Scottsbluff,n75,14,7,SYNGENTA NK0760-3111,60,2022-07-18,52.44259094547922,0.18614909422115689,1.0,2,0
486,False,Scottsbluff|n75|5|1,Scottsbluff,n75,5,1,SYNGENTA NK0760-3111,60,2022-07-18,53.75297806786779,0.2520892280439239,1.0,2,0
487,False,Scottsbluff|n150|9|12,Scottsbluff,n150,9,12,2FACC X 3IIH6,60,2022-07-18,55.02146996860422,0.16270115164055643,1.0,2,0
488,False,Scottsbluff|n150|7|17,Scottsbluff,n150,7,17,SYNGENTA NK0760-3111,60,2022-07-18,57.273606204350514,0.1958123465207225,1.0,2,0
489,False,Scottsbluff|n75|14|2,Scottsbluff,n75,14,2,SYNGENTA NK0760-3111,60,2022-07-18,58.01518888713285,0.12508712198976274,1.0,2,0
1,True,Ames|4233|19|5,Ames,4233,19,5,WF9 X H95,75,2022-08-06,73.98938229690955,0.01112576004569088,14.0,2,0
2,True,Ames|4231|24|7,Ames,4231,24,7,B37 X H95,75,2022-08-05,74.59073778403084,0.03353708975229608,13.0,2,0
3,True,Ames|4233|9|5,Ames,4233,9,5,WF9 X H95,75,2022-08-06,78.17583093708987,0.03202246018764343,14.0,2,0
4,True,Ames|4233|19|4,Ames,4233,19,4,B37 X H95,75,2022-08-06,79.87086114821419,0.017770726610385146,14.0,2,0
5,True,Ames|4231|3|5,Ames,4231,3,5,B37 X H95,75,2022-08-05,82.4200591899147,0.044160156063818734,13.0,2,0
6,True,Ames|4233|21|5,Ames,4233,21,5,PHZ51 X LH145,75,2022-08-06,82.61017291783801,0.017291194334701165,14.0,2,0
7,True,Ames|4233|19|6,Ames,4233,19,6,LH195 X PHM49,75,2022-08-06,82.95350941563203,-0.01001946699773859,14.0,2,0
8,True,Ames|4231|3|7,Ames,4231,3,7,WF9 X H95,75,2022-08-05,84.40366234067127,0.025629649398819065,13.0,2,0
9,True,Ames|4233|5|8,Ames,4233,5,8,B37 X H95,75,2022-08-06,85.43087881469617,0.02407870221004005,14.0,2,0
10,True,Ames|4233|22|4,Ames,4233,22,4,PHP02 X LH145,75,2022-08-06,85.81489312463275,-0.0025046597020899064,14.0,2,0
11,True,Ames|4232|21|21,Ames,4232,21,21,B37 X H95,75,2022-08-05,88.0728861087334,0.05314566111966068,13.0,2,0
12,True,Ames|4231|21|2,Ames,4231,21,2,WF9 X H95,75,2022-08-05,88.86857070841694,0.039707884904851665,13.0,2,0
13,True,Ames|4232|24|20,Ames,4232,24,20,WF9 X H95,75,2022-08-05,89.7209258243245,-0.0007845761477223157,13.0,2,0
14,True,Ames|4233|6|4,Ames,4233,6,4,PHZ51 X LH145,75,2022-08-06,90.03606848631827,0.05456949903648345,14.0,2,0
15,True,Ames|4232|5|22,Ames,4232,5,22,WF9 X H95,75,2022-08-05,90.71041949236658,0.007144164213083504,13.0,2,0
16,True,Ames|4233|21|3,Ames,4233,21,3,LH198 X PHZ51,75,2022-08-06,91.4412021325264,0.011794794412218867,14.0,2,0
17,True,Ames|4233|19|7,Ames,4233,19,7,B37 X MO17,75,2022-08-06,91.61329984400317,0.0328316630211386,14.0,2,0
18,True,Ames|4233|21|4,Ames,4233,21,4,PHP02 X LH82,75,2022-08-06,91.91213509738449,0.016129984929470043,14.0,2,0
19,True,Ames|4231|5|2,Ames,4231,5,2,LH195 X PHM49,75,2022-08-05,92.19941730073185,0.038572419158672044,13.0,2,0
20,True,Ames|4233|24|8,Ames,4233,24,8,B37 X OH43,75,2022-08-06,92.7301527797298,0.03946891491396476,14.0,2,0
21,True,Ames|4232|28|19,Ames,4232,28,19,LH195 X PHM49,75,2022-08-05,92.84298320034864,-0.014613533569555082,13.0,2,0
22,True,Ames|4232|10|17,Ames,4232,10,17,B37 X H95,75,2022-08-05,93.09255931525723,0.04197111675773957,13.0,2,0
23,True,Ames|4232|10|19,Ames,4232,10,19,LH195 X PHM49,75,2022-08-05,94.0485926115131,0.017980252077726355,13.0,2,0
24,True,Ames|4233|24|7,Ames,4233,24,7,2369 X PHZ51,75,2022-08-06,94.61247195842444,0.041477600074827925,14.0,2,0
25,True,Ames|4233|13|9,Ames,4233,13,9,LH185 X LH145,75,2022-08-06,94.8092613161766,0.030439922367288874,14.0,2,0
26,True,Ames|4231|26|4,Ames,4231,26,4,LH195 X PHM49,75,2022-08-05,95.48128600121609,0.028095401289714328,13.0,2,0
27,True,Ames|4233|5|10,Ames,4233,5,10,LH195 X PHM49,75,2022-08-06,95.48673361734214,-0.002281208915304034,14.0,2,0
28,True,Ames|4233|9|8,Ames,4233,9,8,B37 X OH43,75,2022-08-06,96.50044261100908,0.029094560228259514,14.0,2,0
29,True,Ames|4233|23|5,Ames,4233,23,5,B73 X PHZ51,75,2022-08-06,96.98949676612318,0.027659649460091584,14.0,2,0
30,True,Ames|4233|12|7,Ames,4233,12,7,PHK56 X LH145,75,2022-08-06,97.12820177224259,0.025334498282490236,14.0,2,0
31,True,Ames|4231|2|7,Ames,4231,2,7,B37 X OH43,75,2022-08-05,97.5770881403023,0.0011719354898127587,13.0,2,0
32,True,Ames|4233|22|5,Ames,4233,22,5,2369 X LH123HT,75,2022-08-06,97.84381970779025,0.026165696955014583,14.0,2,0
33,True,Ames|4231|6|4,Ames,4231,6,4,PHP02 X LH145,75,2022-08-05,98.10561966073169,0.010438286901454319,13.0,2,0
34,True,Ames|4231|10|7,Ames,4231,10,7,PHZ51 X LH145,75,2022-08-05,98.13390060095708,0.02091644602566678,13.0,2,0
35,True,Ames|4233|22|6,Ames,4233,22,6,LH195 X LH185,75,2022-08-06,98.21914815093528,0.03777838634885089,14.0,2,0
36,True,Ames|4233|22|10,Ames,4233,22,10,LH198 X PHB47,75,2022-08-06,98.29183973237916,0.03551938825086076,14.0,2,0
37,True,Ames|4233|8|3,Ames,4233,8,3,B105 X 3IIH6,75,2022-08-06,98.43173996308508,0.05829672429549526,14.0,2,0
38,True,Ames|4233|24|10,Ames,4233,24,10,B105 X 3IIH6,75,2022-08-06,98.60470291537868,0.04589934971229659,14.0,2,0
39,True,Ames|4232|20|17,Ames,4232,20,17,PHZ51 X LH145,75,2022-08-05,98.87335535074253,0.04470531918668175,13.0,2,0
40,True,Ames|4233|6|3,Ames,4233,6,3,LH198 X PHZ51,75,2022-08-06,99.08287385042628,0.03873181236087486,14.0,2,0
41,True,Ames|4233|16|10,Ames,4233,16,10,PHP02 X PHB47,75,2022-08-06,99.16128384519855,0.008459816953134025,14.0,2,0
42,True,Ames|4233|9|6,Ames,4233,9,6,PHP02 X LH82,75,2022-08-06,99.34610666861585,0.020579018946492833,14.0,2,0
43,True,Ames|4231|18|7,Ames,4231,18,7,PHZ51 X LH145,75,2022-08-05,99.86218792040084,0.022070876764855196,13.0,2,0
44,True,Ames|4233|10|10,Ames,4233,10,10,PHK76 X LH145,75,2022-08-06,99.97698439948033,0.031463647088478375,14.0,2,0
45,True,Ames|4233|3|4,Ames,4233,3,4,2369 X LH123HT,75,2022-08-06,100.58855041569497,0.02441062255016102,14.0,2,0
46,True,Ames|4232|3|22,Ames,4232,3,22,B37 X OH43,75,2022-08-05,100.59431820172387,0.00986020515265329,13.0,2,0
47,True,Ames|4233|20|6,Ames,4233,20,6,2369 X PHP02,75,2022-08-06,100.68024967403225,0.027425150992888336,14.0,2,0
48,True,Ames|4231|27|6,Ames,4231,27,6,PHP02 X LH145,75,2022-08-05,100.95757228316641,0.025374312009284195,13.0,2,0
49,True,Ames|4231|8|7,Ames,4231,8,7,B105 X 3IIH6,75,2022-08-05,100.9979684469982,0.028011390211120646,13.0,2,0
50,False,Ames|4233|21|8,Ames,4233,21,8,LH82 X PHB47,75,2022-08-06,101.1843811780945,0.03484191606621434,14.0,2,0
51,False,Ames|4233|20|5,Ames,4233,20,5,PHJ40 X LH82,75,2022-08-06,101.2342453840005,0.017409456862162997,14.0,2,0
52,False,Ames|4233|16|3,Ames,4233,16,3,PHW52 X PHZ51,75,2022-08-06,101.39136660636728,0.02448520699639456,14.0,2,0
53,False,Ames|4231|20|6,Ames,4231,20,6,2369 X PHZ51,75,2022-08-05,101.45084194088832,0.03589789096630014,13.0,2,0
54,False,Ames|4233|7|5,Ames,4233,7,5,2369 X PHZ51,75,2022-08-06,101.49263489626554,0.03896683929058886,14.0,2,0
55,False,Ames|4233|6|5,Ames,4233,6,5,PHW52 X LH185,75,2022-08-06,101.51619846811141,0.049634561375141106,14.0,2,0
56,False,Ames|4233|3|10,Ames,4233,3,10,4N506 X 3IIH6,75,2022-08-06,101.74015274150972,0.034301188187718656,14.0,2,0
57,False,Ames|4233|7|3,Ames,4233,7,3,LH195 X LH123HT,75,2022-08-06,101.81706556521996,0.05510841888770379,14.0,2,0
58,False,Ames|4233|17|9,Ames,4233,17,9,F42 X OH43,75,2022-08-06,101.84274439918019,0.011217740205109905,14.0,2,0
59,False,Ames|4231|20|7,Ames,4231,20,7,B37 X MO17,75,2022-08-05,101.90771596175921,0.0260012919738698,13.0,2,0
60,False,Ames|4233|11|7,Ames,4233,11,7,LH198 X PHB47,75,2022-08-06,101.90794118824711,0.038898102148222535,14.0,2,0
61,False,Ames|4233|12|5,Ames,4233,12,5,B37 X MO17,75,2022-08-06,102.30165646318781,0.03487774822355516,14.0,2,0
62,False,Ames|4233|18|10,Ames,4233,18,10,LH74 X PHM49,75,2022-08-06,102.50163434130661,0.01907251619391559,14.0,2,0
63,False,Ames|4233|23|6,Ames,4233,23,6,LH145 X LH162,75,2022-08-06,102.72508807984335,0.041084599828134505,14.0,2,0
64,False,Ames|4233|18|3,Ames,4233,18,3,PHK76 X LH145,75,2022-08-06,102.76583795135429,0.012542877661023244,14.0,2,0
65,False,Ames|4233|17|10,Ames,4233,17,10,PHB47 X LH185,75,2022-08-06,102.77935158452289,0.026647102080325835,14.0,2,0
66,False,Ames|4233|17|6,Ames,4233,17,6,PHP02 X LH198,75,2022-08-06,102.82101251214338,0.022585985717219037,14.0,2,0
67,False,Ames|4233|9|4,Ames,4233,9,4,LH145 X LH162,75,2022-08-06,103.09490395670781,0.039409761312097724,14.0,2,0
68,False,Ames|4233|21|6,Ames,4233,21,6,LH123HT X PHB47,75,2022-08-06,103.22155881281151,0.034393725737227876,14.0,2,0
69,False,Ames|4233|6|8,Ames,4233,6,8,LH82 X PHB47,75,2022-08-06,103.33607180762797,0.019017392412738143,14.0,2,0
70,False,Ames|4231|19|4,Ames,4231,19,4,B105 X 3IIH6,75,2022-08-05,103.42668153039742,0.032920573638873574,13.0,2,0
71,False,Ames|4233|19|9,Ames,4233,19,9,PHK56 X LH82,75,2022-08-06,103.54642925181089,0.03611515841507107,14.0,2,0
72,False,Ames|4233|10|3,Ames,4233,10,3,PHP02 X PHB47,75,2022-08-06,103.56324764815717,0.016867212834954737,14.0,2,0
73,False,Ames|4233|23|7,Ames,4233,23,7,LH195 X LH123HT,75,2022-08-06,103.59357597469108,0.040820474336725976,14.0,2,0
74,False,Ames|4233|7|7,Ames,4233,7,7,LH123HT X PHB47,75,2022-08-06,103.73826684449541,0.033123781977245415,14.0,2,0
75,False,Ames|4233|17|4,Ames,4233,17,4,B73 X MO17,75,2022-08-06,103.77877386774335,0.02222696039292793,14.0,2,0
76,False,Ames|4231|13|4,Ames,4231,13,4,PHK56 X LH145,75,2022-08-05,103.90348886840668,0.04810591926601293,13.0,2,0
77,False,Ames|4233|17|8,Ames,4233,17,8,PHP02 X PHG47,75,2022-08-06,104.02058138156079,0.012803550075189962,14.0,2,0
78,False,Ames|4233|14|5,Ames,4233,14,5,PHB47 X 3IIH6,75,2022-08-06,104.06801727073882,0.02254886881009721,14.0,2,0
79,False,Ames|4233|16|9,Ames,4233,16,9,2369 X PHN82,75,2022-08-06,104.19700296895404,0.024214454751041226,14.0,2,0
80,False,Ames|4233|9|9,Ames,4233,9,9,LH195 X PHZ51,75,2022-08-06,104.21592730482652,0.02210916442048516,14.0,2,0
81,False,Ames|4233|22|3,Ames,4233,22,3,LH195 X 3IIH6,75,2022-08-06,104.23748491855132,0.009179537889319689,14.0,2,0
82,False,Ames|4232|17|21,Ames,4232,17,21,PHP02 X LH145,75,2022-08-05,104.31568187523072,0.027135158988780717,13.0,2,0
83,False,Ames|4233|15|6,Ames,4233,15,6,PHG39 X PHM49,75,2022-08-06,104.45094827677683,0.03284113510086839,14.0,2,0
84,False,Ames|4233|5|3,Ames,4233,5,3,N209 X 3IIH6,75,2022-08-06,104.49352057670767,0.0252615752245966,14.0,2,0
85,False,Ames|4233|5|6,Ames,4233,5,6,HOEGEMEYER 7089 AMXT,75,2022-08-06,104.6551523736683,0.06515275338914206,14.0,2,0
86,False,Ames|4233|15|7,Ames,4233,15,7,LH195 X PHZ51,75,2022-08-06,105.35907169951875,0.035141723837090466,14.0,2,0
87,False,Ames|4233|11|9,Ames,4233,11,9,PHP02 X LH145,75,2022-08-06,105.45786788857097,0.040344422129268254,14.0,2,0
88,False,Ames|4233|10|5,Ames,4233,10,5,F42 X OH43,75,2022-08-06,105.4817464765024,0.028212629054203964,14.0,2,0
89,False,Ames|4233|6|10,Ames,4233,6,10,PHB47 X 3IIH6,75,2022-08-06,105.50271195153645,0.031072375667598573,14.0,2,0
90,False,Ames|4232|11|20,Ames,4232,11,20,PHP02 X LH145,75,2022-08-05,105.55733422955625,0.02519969122705812,13.0,2,0
91,False,Ames|4231|7|4,Ames,4231,7,4,LH185 X LH145,75,2022-08-05,105.57224974736275,0.00841488204219798,13.0,2,0
92,False,Ames|4233|21|9,Ames,4233,21,9,B73 X PHM49,75,2022-08-06,105.61885401463246,0.0267620859939367,14.0,2,0
93,False,Ames|4233|7|9,Ames,4233,7,9,LH74 X PHM49,75,2022-08-06,105.65102427162554,0.023255250394020988,14.0,2,0
94,False,Ames|4233|11|3,Ames,4233,11,3,B73 X PHM49,75,2022-08-06,105.88289520896397,0.043561440173352395,14.0,2,0
95,False,Ames|4233|17|5,Ames,4233,17,5,B84 X 3IIH6,75,2022-08-06,105.88457537574443,0.027909789424994003,14.0,2,0
96,False,Ames|4231|8|3,Ames,4231,8,3,PHP02 X LH82,75,2022-08-05,105.90865683025305,-0.0030287581152874665,13.0,2,0
97,False,Ames|4233|24|5,Ames,4233,24,5,PHK56 X LH198,75,2022-08-06,105.9231766253251,0.04023108845689849,14.0,2,0
98,False,Ames|4231|19|2,Ames,4231,19,2,PHK76 X LH145,75,2022-08-05,105.93225227491169,0.0242027543636969,13.0,2,0
99,False,Ames|4231|27|3,Ames,4231,27,3,LH198 X PHB47,75,2022-08-05,105.96120021051378,0.03708417719505519,13.0,2,0
100,False,Ames|4233|15|3,Ames,4233,15,3,LH123HT X 3IIH6,75,2022-08-06,105.9708401333521,0.04094396626353425,14.0,2,0
101,False,Ames|4233|7|4,Ames,4233,7,4,PHW52 X PHZ51,75,2022-08-06,106.19952394449436,0.04459582931216444,14.0,2,0
102,False,Ames|4231|16|3,Ames,4231,16,3,LH198 X PHB47,75,2022-08-05,106.34503386027173,0.04205756676497896,13.0,2,0
103,False,Ames|4231|9|3,Ames,4231,9,3,PHK76 X LH145,75,2022-08-05,106.35968266191554,0.013341802796440705,13.0,2,0
104,False,Ames|4233|23|3,Ames,4233,23,3,F42 X MO17,75,2022-08-06,106.38531146755827,0.0359927694288249,14.0,2,0
105,False,Ames|4233|11|4,Ames,4233,11,4,B84 X 3IIH6,75,2022-08-06,106.43158581003304,0.037542760733239255,14.0,2,0
106,False,Ames|4233|6|9,Ames,4233,6,9,PHB47 X LH185,75,2022-08-06,106.45981858255138,0.026632258077696647,14.0,2,0
107,False,Ames|4233|4|9,Ames,4233,4,9,LH74 X PHN82,75,2022-08-06,106.70473386828199,0.03900567398051924,14.0,2,0
108,False,Ames|4233|15|4,Ames,4233,15,4,PHN46 X PHB47,75,2022-08-06,106.72997977520434,0.036544321248747735,14.0,2,0
109,False,Ames|4233|21|7,Ames,4233,21,7,N209 X 3IIH6,75,2022-08-06,106.84541348601104,0.03813783807916182,14.0,2,0
110,False,Ames|4233|7|8,Ames,4233,7,8,2369 X PHN82,75,2022-08-06,106.85926397654856,0.0362378389841741,14.0,2,0
111,False,Ames|4233|16|4,Ames,4233,16,4,PHK76 X LH198,75,2022-08-06,106.91169809212977,0.02504320775255464,14.0,2,0
112,False,Ames|4232|28|21,Ames,4232,28,21,2369 X PHZ51,75,2022-08-05,106.94353910155137,0.02348509043629088,13.0,2,0
113,False,Ames|4233|20|4,Ames,4233,20,4,PHW52 X LH185,75,2022-08-06,106.99080617934284,0.028299869443097148,14.0,2,0
114,False,Ames|4233|14|3,Ames,4233,14,3,4N506 X 3IIH6,75,2022-08-06,107.01124132395526,0.031340029412079806,14.0,2,0
115,False,Ames|4231|20|3,Ames,4231,20,3,LH82 X PHB47,75,2022-08-05,107.012108503829,0.03864136118689765,13.0,2,0
116,False,Ames|4233|8|4,Ames,4233,8,4,LH123HT X 3IIH6,75,2022-08-06,107.06735774463912,0.04807263788643623,14.0,2,0
117,False,Ames|4232|8|18,Ames,4232,8,18,PHZ51 X LH145,75,2022-08-05,107.15407748922216,0.041218218372613746,13.0,2,0
118,False,Ames|4232|28|22,Ames,4232,28,22,B37 X OH43,75,2022-08-05,107.20248693261712,0.006764079760763098,13.0,2,0
119,False,Ames|4233|8|5,Ames,4233,8,5,PHB47 X PHJ89,75,2022-08-06,107.29908130678507,0.03352376429530468,14.0,2,0
120,False,Ames|4233|3|5,Ames,4233,3,5,B14A X MO17,75,2022-08-06,107.499254556708,0.018456722267023218,14.0,2,0
121,False,Ames|4233|3|6,Ames,4233,3,6,PHK76 X LH198,75,2022-08-06,107.53063533202959,0.03191726201602674,14.0,2,0
122,False,Ames|4233|16|6,Ames,4233,16,6,B14A X MO17,75,2022-08-06,108.01753237235418,0.021942628874668135,14.0,2,0
123,False,Ames|4231|30|3,Ames,4231,30,3,B73 X PHZ51,75,2022-08-05,108.02396726061058,0.031978270217896565,13.0,2,0
124,False,Ames|4233|18|6,Ames,4233,18,6,PHP02 X PHK56,75,2022-08-06,108.04925240623926,0.03278762483990483,14.0,2,0
125,False,Ames|4232|12|19,Ames,4232,12,19,2369 X PHZ51,75,2022-08-05,108.19758224914436,0.013985418827070606,13.0,2,0
126,False,Ames|4233|12|3,Ames,4233,12,3,B73 X PHZ51,75,2022-08-06,108.22383028098596,0.046835198637453224,14.0,2,0
127,False,Ames|4233|13|8,Ames,4233,13,8,LH185 X LH82,75,2022-08-06,108.2968216340357,0.03941298501409962,14.0,2,0
128,False,Ames|4233|17|3,Ames,4233,17,3,PHP02 X PHJ89,75,2022-08-06,108.54089816859896,0.031963175114014364,14.0,2,0
129,False,Ames|4233|8|10,Ames,4233,8,10,PHK56 X LH198,75,2022-08-06,108.58942618046937,0.04656954161857174,14.0,2,0
130,False,Ames|4231|18|4,Ames,4231,18,4,PHN46 X PHK56,75,2022-08-05,108.78214021892504,0.04461909519927332,13.0,2,0
131,False,Ames|4233|9|3,Ames,4233,9,3,PHT69 X 3IIH6,75,2022-08-06,108.90465901745054,0.02782319554588164,14.0,2,0
132,False,Ames|4232|30|20,Ames,4232,30,20,B37 X MO17,75,2022-08-05,108.96014793428861,0.026779057142048757,13.0,2,0
133,False,Ames|4233|5|5,Ames,4233,5,5,B73 X MO17,75,2022-08-06,109.08470272824489,0.057136644241031265,14.0,2,0
134,False,Ames|4233|7|6,Ames,4233,7,6,PHJ40 X LH82,75,2022-08-06,109.10488804087258,0.018270640588037956,14.0,2,0
135,False,Ames|4232|26|17,Ames,4232,26,17,PHP02 X LH198,75,2022-08-05,109.22282170150093,0.011563198554973342,13.0,2,0
136,False,Ames|4232|22|19,Ames,4232,22,19,LH82 X PHB47,75,2022-08-05,109.32366177584332,0.03601177899389252,13.0,2,0
137,False,Ames|4233|13|3,Ames,4233,13,3,PHP02 X PHN46,75,2022-08-06,109.4651025311992,0.034724210565583835,14.0,2,0
138,False,Ames|4231|7|3,Ames,4231,7,3,PHN46 X W606S,75,2022-08-05,109.48435240281344,0.02906667607054192,13.0,2,0
139,False,Ames|4233|10|8,Ames,4233,10,8,PHP02 X LH185,75,2022-08-06,109.59748350336419,0.032641431393116926,14.0,2,0
140,False,Ames|4233|14|10,Ames,4233,14,10,LH185 X LH82,75,2022-08-06,109.7349862922521,0.042094244545293424,14.0,2,0
141,False,Ames|4233|24|4,Ames,4233,24,4,HOEGEMEYER 8065RR,75,2022-08-06,109.7563545025516,0.04887812559856464,14.0,2,0
142,False,Ames|4232|23|19,Ames,4232,23,19,PHK76 X LH145,75,2022-08-05,109.75932660615236,0.010105645362453286,13.0,2,0
143,False,Ames|4233|8|8,Ames,4233,8,8,PHB47 X PHK56,75,2022-08-06,109.76448882592159,0.02276714674786784,14.0,2,0
144,False,Ames|4231|11|3,Ames,4231,11,3,LH123HT X PHB47,75,2022-08-05,109.77440183653977,0.031507834126809575,13.0,2,0
145,False,Ames|4233|4|3,Ames,4233,4,3,2FACC X 3IIH6,75,2022-08-06,109.82684108774639,0.026560627889304023,14.0,2,0
146,False,Ames|4233|15|10,Ames,4233,15,10,PHB47 X PHK56,75,2022-08-06,109.84369459119678,0.02971474674189345,14.0,2,0
147,False,Ames|4231|25|6,Ames,4231,25,6,LH74 X PHN82,75,2022-08-05,109.94447332729109,0.04197194389932235,13.0,2,0
148,False,Ames|4232|11|18,Ames,4232,11,18,F42 X OH43,75,2022-08-05,109.94984167843145,0.02422332249669168,13.0,2,0
149,False,Ames|4233|4|5,Ames,4233,4,5,PHW52 X PHM49,75,2022-08-06,110.09859228556535,0.0460170659448661,14.0,2,0
150,False,Ames|4233|4|4,Ames,4233,4,4,F42 X MO17,75,2022-08-06,110.12421306973617,0.031423262724448064,14.0,2,0
151,False,Ames|4231|28|6,Ames,4231,28,6,PHP02 X LH82,75,2022-08-05,110.13637748752055,0.03213360929055997,13.0,2,0
152,False,Ames|4233|4|8,Ames,4233,4,8,LH195 X LH185,75,2022-08-06,110.15255159772991,0.03900506926974656,14.0,2,0
153,False,Ames|4231|9|6,Ames,4231,9,6,B14A X MO17,75,2022-08-05,110.18743596805277,0.010608539698657271,13.0,2,0
154,False,Ames|4233|16|5,Ames,4233,16,5,PHP02 X LH185,75,2022-08-06,110.21466688956957,0.035346673033485265,14.0,2,0
155,False,Ames|4233|20|9,Ames,4233,20,9,B73 X 3IIH6,75,2022-08-06,110.23478017967216,0.039439029729341435,14.0,2,0
156,False,Ames|4232|6|20,Ames,4232,6,20,PHP02 X LH82,75,2022-08-05,110.24355131197407,0.030465517561254485,13.0,2,0
157,False,Ames|4231|23|5,Ames,4231,23,5,PHK76 X LH198,75,2022-08-05,110.26333861026897,0.039757249946374085,13.0,2,0
158,False,Ames|4232|18|18,Ames,4232,18,18,PHP02 X LH82,75,2022-08-05,110.3100039330003,0.03170638473996357,13.0,2,0
159,False,Ames|4231|11|7,Ames,4231,11,7,LH123HT X 3IIH6,75,2022-08-05,110.41657114064569,0.03631827309154978,13.0,2,0
160,False,Ames|4231|10|5,Ames,4231,10,5,B73 X PHZ51,75,2022-08-05,110.50650698608482,0.02867049829272672,13.0,2,0
161,False,Ames|4231|8|6,Ames,4231,8,6,PHB47 X PHJ89,75,2022-08-05,110.58965659794475,0.013138470433970428,13.0,2,0
162,False,Ames|4233|22|8,Ames,4233,22,8,PHP02 X PHK76,75,2022-08-06,110.6276036504547,0.03791790144416751,14.0,2,0
163,False,Ames|4233|19|8,Ames,4233,19,8,PHK56 X 3IIH6,75,2022-08-06,110.74178280971178,0.039550536018865934,14.0,2,0
164,False,Ames|4232|10|22,Ames,4232,10,22,LH185 X LH145,75,2022-08-05,110.74930022096112,0.036274166182262646,13.0,2,0
165,False,Ames|4233|3|3,Ames,4233,3,3,LH195 X 3IIH6,75,2022-08-06,110.79072813210495,0.024599356226439162,14.0,2,0
166,False,Ames|4231|8|4,Ames,4231,8,4,PHK76 X 3IIH6,75,2022-08-05,110.84629091373289,0.004948592069538238,13.0,2,0
167,False,Ames|4232|27|19,Ames,4232,27,19,PHK76 X LH198,75,2022-08-05,110.89622786457082,0.0006527737766773845,13.0,2,0
168,False,Ames|4233|4|6,Ames,4233,4,6,PHP02 X LH198,75,2022-08-06,110.90729425440462,0.03483576844327341,14.0,2,0
169,False,Ames|4231|6|3,Ames,4231,6,3,PHP02 X LH185,75,2022-08-05,110.93680690975182,0.023054403876949126,13.0,2,0
170,False,Ames|4233|14|9,Ames,4233,14,9,LH82 X PHJ89,75,2022-08-06,110.94242373238019,0.03320388590169787,14.0,2,0
171,False,Ames|4232|25|19,Ames,4232,25,19,LH195 X LH123HT,75,2022-08-05,110.96402898631473,0.020126411966656432,13.0,2,0
172,False,Ames|4231|2|5,Ames,4231,2,5,2369 X PHZ51,75,2022-08-05,111.03024841378001,0.03503562163401086,13.0,2,0
173,False,Ames|4231|15|4,Ames,4231,15,4,PHN46 X PHK56,75,2022-08-05,111.1344586265574,0.044740307733951656,13.0,2,0
174,False,Ames|4233|23|8,Ames,4233,23,8,LH74 X PHN82,75,2022-08-06,111.26707963100016,0.02823423006647896,14.0,2,0
175,False,Ames|4232|8|21,Ames,4232,8,21,LH198 X PHB47,75,2022-08-05,111.27157072487844,0.037912560688242,13.0,2,0
176,False,Ames|4233|16|7,Ames,4233,16,7,PHK56 X LH185,75,2022-08-06,111.30163187799411,0.03450310145383839,14.0,2,0
177,False,Ames|4232|2|22,Ames,4232,2,22,2369 X LH123HT,75,2022-08-05,111.36764480897338,0.007874249384444476,13.0,2,0
178,False,Ames|4232|7|17,Ames,4232,7,17,LH82 X PHB47,75,2022-08-05,111.38766595243395,0.04115201135306168,13.0,2,0
179,False,Ames|4233|20|10,Ames,4233,20,10,PHP02 X W606S,75,2022-08-06,111.39517795023076,0.04299867864218754,14.0,2,0
180,False,Ames|4232|15|19,Ames,4232,15,19,PHK76 X LH145,75,2022-08-05,111.39966898867456,0.01682701157413491,13.0,2,0
181,False,Ames|4231|17|3,Ames,4231,17,3,B84 X 3IIH6,75,2022-08-05,111.44585150129453,0.03471685797632751,13.0,2,0
182,False,Ames|4231|6|7,Ames,4231,6,7,PHB47 X 3IIH6,75,2022-08-05,111.48527210807801,0.04712603810866611,13.0,2,0
183,False,Ames|4231|5|3,Ames,4231,5,3,B37 X MO17,75,2022-08-05,111.50909438103655,0.038670906229390734,13.0,2,0
184,False,Ames|4232|26|19,Ames,4232,26,19,2369 X PHP02,75,2022-08-05,111.64566197117796,0.007151414057168792,13.0,2,0
185,False,Ames|4233|10|7,Ames,4233,10,7,PHK76 X W606S,75,2022-08-06,111.68131725459325,0.04773147868766714,14.0,2,0
186,False,Ames|4231|28|3,Ames,4231,28,3,B37 X OH43,75,2022-08-05,111.78332678429955,0.03211491462875116,13.0,2,0
187,False,Ames|4233|16|8,Ames,4233,16,8,2FACC X 3IIH6,75,2022-08-06,111.81523821617415,0.017334169599354854,14.0,2,0
188,False,Ames|4232|25|22,Ames,4232,25,22,PHK76 X W606S,75,2022-08-05,111.84795829625727,0.012580104692330618,13.0,2,0
189,False,Ames|4233|21|10,Ames,4233,21,10,PHT69 X 3IIH6,75,2022-08-06,112.07761246684835,0.026734013224144038,14.0,2,0
190,False,Ames|4232|20|20,Ames,4232,20,20,B105 X 3IIH6,75,2022-08-05,112.11370992413538,0.04178605121696488,13.0,2,0
191,False,Ames|4233|14|4,Ames,4233,14,4,PHK76 X LH82,75,2022-08-06,112.18568381685132,0.02957825859370744,14.0,2,0
192,False,Ames|4233|13|5,Ames,4233,13,5,PHP02 X PHG47,75,2022-08-06,112.19546859614967,0.029919888125714,14.0,2,0
193,False,Ames|4233|10|9,Ames,4233,10,9,PHP02 X PHK76,75,2022-08-06,112.27744805891233,0.029231183382282255,14.0,2,0
194,False,Ames|4232|3|18,Ames,4232,3,18,LH145 X LH162,75,2022-08-05,112.35304920965486,0.018221636413708664,13.0,2,0
195,False,Ames|4232|26|21,Ames,4232,26,21,PHP02 X PHB47,75,2022-08-05,112.3745829514312,-0.01375161521302426,13.0,2,0
196,False,Ames|4233|13|6,Ames,4233,13,6,PHK56 X LH185,75,2022-08-06,112.40867373234211,0.03188483694099453,14.0,2,0
197,False,Ames|4231|22|4,Ames,4231,22,4,F42 X OH43,75,2022-08-05,112.41194831313072,0.03227130783893073,13.0,2,0
198,False,Ames|4231|3|6,Ames,4231,3,6,LH145 X LH162,75,2022-08-05,112.4972719075375,0.04204587168036977,13.0,2,0
199,False,Ames|4233|19|3,Ames,4233,19,3,PHW52 X PHM49,75,2022-08-06,112.49817553493743,0.012910095451293735,14.0,2,0
200,False,Ames|4231|8|5,Ames,4231,8,5,4N506 X 3IIH6,75,2022-08-05,112.53133610428868,0.014014490641032107,13.0,2,0
201,False,Ames|4233|3|8,Ames,4233,3,8,PHG39 X PHN82,75,2022-08-06,112.65954492839052,0.03836546396346452,14.0,2,0
202,False,Ames|4231|2|3,Ames,4231,2,3,LH198 X PHZ51,75,2022-08-05,112.71375903771025,0.039259348200219035,13.0,2,0
203,False,Ames|4231|9|7,Ames,4231,9,7,B73 X PHM49,75,2022-08-05,112.80349873508939,0.02789686079345466,13.0,2,0
204,False,Ames|4233|18|9,Ames,4233,18,9,PHP02 X PHN46,75,2022-08-06,112.86253486949069,0.029878121251321832,14.0,2,0
205,False,Ames|4233|3|9,Ames,4233,3,9,B73 X 3IIH6,75,2022-08-06,112.94166860984697,0.02704260533299674,14.0,2,0
206,False,Ames|4231|7|7,Ames,4231,7,7,PHK56 X LH198,75,2022-08-05,113.04030730007044,0.004823005702553673,13.0,2,0
207,False,Ames|4232|23|20,Ames,4232,23,20,PHB47 X 3IIH6,75,2022-08-05,113.1746018204171,0.02202354772527948,13.0,2,0
208,False,Ames|4231|21|5,Ames,4231,21,5,LH198 X PHZ51,75,2022-08-05,113.2286783162474,0.03041418827078335,13.0,2,0
209,False,Ames|4233|8|6,Ames,4233,8,6,PHP02 X PHJ89,75,2022-08-06,113.31961389563412,0.019692251374683334,14.0,2,0
210,False,Ames|4231|25|5,Ames,4231,25,5,LH123HT X PHB47,75,2022-08-05,113.39261198095998,0.05400790115842269,13.0,2,0
211,False,Ames|4232|5|20,Ames,4232,5,20,LH195 X LH123HT,75,2022-08-05,113.48801735334986,0.02743525592707796,13.0,2,0
212,False,Ames|4232|15|22,Ames,4232,15,22,PHK76 X 3IIH6,75,2022-08-05,113.5366091250207,0.03228028811609285,13.0,2,0
213,False,Ames|4233|18|7,Ames,4233,18,7,PHK76 X W606S,75,2022-08-06,113.61250877544707,0.05006341057098118,14.0,2,0
214,False,Ames|4232|30|19,Ames,4232,30,19,LH74 X PHN82,75,2022-08-05,113.71013043594783,0.01734794118411953,13.0,2,0
215,False,Ames|4231|24|3,Ames,4231,24,3,LH145 X LH162,75,2022-08-05,113.7377411948503,0.042754716065621645,13.0,2,0
216,False,Ames|4232|25|18,Ames,4232,25,18,B73 X PHZ51,75,2022-08-05,113.76686509193743,0.00724603169622795,13.0,2,0
217,False,Ames|4232|21|20,Ames,4232,21,20,LH123HT X 3IIH6,75,2022-08-05,113.83632398248552,0.03881254835122849,13.0,2,0
218,False,Ames|4231|26|7,Ames,4231,26,7,PHB47 X LH185,75,2022-08-05,113.85445962538317,0.022101129710886513,13.0,2,0
219,False,Ames|4233|12|4,Ames,4233,12,4,2369 X 3IIH6,75,2022-08-06,113.95383840276202,0.03191232477030659,14.0,2,0
220,False,Ames|4233|6|6,Ames,4233,6,6,PHK56 X 3IIH6,75,2022-08-06,113.9579927212817,0.04608107102319958,14.0,2,0
221,False,Ames|4233|18|4,Ames,4233,18,4,PHK76 X 3IIH6,75,2022-08-06,113.9825920792676,0.03250617016901791,14.0,2,0
222,False,Ames|4231|5|7,Ames,4231,5,7,LH82 X PHB47,75,2022-08-05,113.99912039071313,0.051440934430434515,13.0,2,0
223,False,Ames|4231|25|4,Ames,4231,25,4,PHN46 X W606S,75,2022-08-05,114.00231999562148,0.07449817356589983,13.0,2,0
224,False,Ames|4232|6|18,Ames,4232,6,18,LH74 X PHM49,75,2022-08-05,114.17171253954372,0.03345509706423844,13.0,2,0
225,False,Ames|4233|14|7,Ames,4233,14,7,B73 X PHN82,75,2022-08-06,114.19102932665614,0.03306220516636427,14.0,2,0
226,False,Ames|4233|13|4,Ames,4233,13,4,PHK56 X LH82,75,2022-08-06,114.20578780412961,0.02550125458950747,14.0,2,0
227,False,Ames|4231|21|4,Ames,4231,21,4,2369 X LH123HT,75,2022-08-05,114.21838020163763,0.04880917515092964,13.0,2,0
228,False,Ames|4231|12|3,Ames,4231,12,3,PHK76 X LH198,75,2022-08-05,114.2233012915271,0.036542563414588614,13.0,2,0
229,False,Ames|4233|23|4,Ames,4233,23,4,HOEGEMEYER 7089 AMXT,75,2022-08-06,114.22702810609657,0.03165886628369741,14.0,2,0
230,False,Ames|4231|18|5,Ames,4231,18,5,PHK76 X LH82,75,2022-08-05,114.28326986287189,0.040587383167728475,13.0,2,0
231,False,Ames|4233|12|8,Ames,4233,12,8,PHP02 X PHK56,75,2022-08-06,114.3107508701053,0.04166551552499298,14.0,2,0
232,False,Ames|4231|24|6,Ames,4231,24,6,4N506 X 3IIH6,75,2022-08-05,114.32542785373522,0.04097466513042636,13.0,2,0
233,False,Ames|4233|13|10,Ames,4233,13,10,PHP02 X W606S,75,2022-08-06,114.34339359837091,0.030952783822446817,14.0,2,0
234,False,Ames|4232|30|17,Ames,4232,30,17,B14A X MO17,75,2022-08-05,114.41668111574,0.034667430754125816,13.0,2,0
235,False,Ames|4231|17|6,Ames,4231,17,6,LH195 X 3IIH6,75,2022-08-05,114.43018904995544,0.03700196626713992,13.0,2,0
236,False,Ames|4233|10|6,Ames,4233,10,6,PHN46 X PHB47,75,2022-08-06,114.47850303939241,0.040643058350958605,14.0,2,0
237,False,Ames|4233|6|7,Ames,4233,6,7,PHN46 X PHK56,75,2022-08-06,114.52100361199747,0.03289595789171973,14.0,2,0
238,False,Ames|4231|7|5,Ames,4231,7,5,B73 X 3IIH6,75,2022-08-05,114.6116530700817,0.013605822974151138,13.0,2,0
239,False,Ames|4231|4|2,Ames,4231,4,2,LH195 X LH123HT,75,2022-08-05,114.63474909875993,0.08185387371536501,13.0,2,0
240,False,Ames|4232|2|20,Ames,4232,2,20,LH195 X 3IIH6,75,2022-08-05,114.65332197192896,0.008782459064960335,13.0,2,0
241,False,Ames|4231|27|2,Ames,4231,27,2,2369 X PHP02,75,2022-08-05,114.69743800589585,0.041775967159123684,13.0,2,0
242,False,Ames|4233|5|7,Ames,4233,5,7,PHK56 X PHJ89,75,2022-08-06,114.75367381978934,0.07338207523120654,14.0,2,0
243,False,Ames|4232|22|17,Ames,4232,22,17,LH198 X PHB47,75,2022-08-05,114.90820943272931,0.046590725762641894,13.0,2,0
244,False,Ames|4233|8|7,Ames,4233,8,7,PHK76 X 3IIH6,75,2022-08-06,114.91311928654558,0.04354703630302548,14.0,2,0
245,False,Ames|4232|9|19,Ames,4232,9,19,B37 X MO17,75,2022-08-05,114.93095182597803,0.04347058379509561,13.0,2,0
246,False,Ames|4232|7|19,Ames,4232,7,19,B84 X 3IIH6,75,2022-08-05,114.9522993344139,0.02656694420517358,13.0,2,0
247,False,Ames|4231|6|5,Ames,4231,6,5,LH74 X PHM49,75,2022-08-05,115.0503171287211,0.010531819868776271,13.0,2,0
248,False,Ames|4231|9|5,Ames,4231,9,5,LH74 X PHN82,75,2022-08-05,115.07417932364926,0.010783335927849969,13.0,2,0
249,False,Ames|4233|20|7,Ames,4233,20,7,PHN46 X PHK56,75,2022-08-06,115.08528797388547,0.03795402336464759,14.0,2,0
250,False,Ames|4232|27|21,Ames,4232,27,21,PHJ40 X LH82,75,2022-08-05,115.1174288995446,0.0034727812622156184,13.0,2,0
251,False,Ames|4232|26|22,Ames,4232,26,22,LH123HT X PHB47,75,2022-08-05,115.15521232867877,0.01970537297461472,13.0,2,0
252,False,Ames|4231|15|6,Ames,4231,15,6,LH185 X LH82,75,2022-08-05,115.1634106944086,0.04192556599276753,13.0,2,0
253,False,Ames|4231|5|4,Ames,4231,5,4,B84 X 3IIH6,75,2022-08-05,115.30327978342729,0.0396101861538275,13.0,2,0
254,False,Ames|4231|10|6,Ames,4231,10,6,2FACC X 3IIH6,75,2022-08-05,115.36778876816956,0.021990076324067798,13.0,2,0
255,False,Ames|4231|11|2,Ames,4231,11,2,PHK76 X W606S,75,2022-08-05,115.38434505127528,0.07023687190860839,13.0,2,0
256,False,Ames|4233|12|10,Ames,4233,12,10,PHN46 X W606S,75,2022-08-06,115.39199693985944,0.04477210484646643,14.0,2,0
257,False,Ames|4231|29|2,Ames,4231,29,2,PHP02 X PHB47,75,2022-08-05,115.50097536825218,0.026762362718762756,13.0,2,0
258,False,Ames|4231|4|7,Ames,4231,4,7,F42 X OH43,75,2022-08-05,115.502397700661,0.027332766061754277,13.0,2,0
259,False,Ames|4231|16|5,Ames,4231,16,5,PHK56 X 3IIH6,75,2022-08-05,115.51480956292052,0.06061836574190016,13.0,2,0
260,False,Ames|4231|27|4,Ames,4231,27,4,LH195 X LH123HT,75,2022-08-05,115.53557949315045,0.04114076173504433,13.0,2,0
261,False,Ames|4231|9|4,Ames,4231,9,4,2369 X PHP02,75,2022-08-05,115.59241133905442,0.007239516254262335,13.0,2,0
262,False,Ames|4232|25|21,Ames,4232,25,21,LH195 X LH185,75,2022-08-05,115.59273991624288,0.0067637051570609286,13.0,2,0
263,False,Ames|4232|4|22,Ames,4232,4,22,LH195 X PHZ51,75,2022-08-05,115.67612120959878,0.016578841667549415,13.0,2,0
264,False,Ames|4233|19|10,Ames,4233,19,10,PHN46 X W606S,75,2022-08-06,115.7042488990937,0.052090425361099646,14.0,2,0
265,False,Ames|4232|12|20,Ames,4232,12,20,PHK76 X LH198,75,2022-08-05,115.72314780582401,0.02363243531149617,13.0,2,0
266,False,Ames|4233|14|6,Ames,4233,14,6,PIONEER 1311 AMXT,75,2022-08-06,115.75650239641199,0.031904066478691595,14.0,2,0
267,False,Ames|4232|5|18,Ames,4232,5,18,PHB47 X LH185,75,2022-08-05,115.78308504982795,0.026152147735633124,13.0,2,0
268,False,Ames|4231|16|4,Ames,4231,16,4,PHP02 X PHG47,75,2022-08-05,115.80243133213696,0.03264937581851335,13.0,2,0
269,False,Ames|4231|2|4,Ames,4231,2,4,LH195 X LH185,75,2022-08-05,115.83567729195333,0.03668121685672121,13.0,2,0
270,False,Ames|4231|14|5,Ames,4231,14,5,PHB47 X PHK56,75,2022-08-05,115.9839127990888,0.04351767910866999,13.0,2,0
271,False,Ames|4231|28|7,Ames,4231,28,7,PHP02 X LH185,75,2022-08-05,116.00223535972634,0.017428827286258164,13.0,2,0
272,False,Ames|4233|11|5,Ames,4233,11,5,PHG39 X PHM49,75,2022-08-06,116.0060540668453,0.04707377698408244,14.0,2,0
273,False,Ames|4232|28|17,Ames,4232,28,17,N209 X 3IIH6,75,2022-08-05,116.04435943697509,0.02305823548162933,13.0,2,0
274,False,Ames|4231|17|4,Ames,4231,17,4,LH195 X LH185,75,2022-08-05,116.0656805681999,0.04390807431344801,13.0,2,0
275,False,Ames|4232|17|22,Ames,4232,17,22,PHK76 X LH82,75,2022-08-05,116.08621270533274,0.025682010099346675,13.0,2,0
276,False,Ames|4231|14|6,Ames,4231,14,6,PHT69 X 3IIH6,75,2022-08-05,116.09050082146248,0.033791801584012626,13.0,2,0
277,False,Ames|4232|29|22,Ames,4232,29,22,2369 X LH123HT,75,2022-08-05,116.3063604044996,0.027930033333229853,13.0,2,0
278,False,Ames|4233|12|9,Ames,4233,12,9,PIONEER 1311 AMXT,75,2022-08-06,116.30803042051775,0.03496281318721861,14.0,2,0
279,False,Ames|4231|18|2,Ames,4231,18,2,PHK56 X 3IIH6,75,2022-08-05,116.34858919308714,0.0432716538197051,13.0,2,0
280,False,Ames|4231|2|2,Ames,4231,2,2,LH195 X PHZ51,75,2022-08-05,116.46062000800775,0.05218703781745315,13.0,2,0
281,False,Ames|4232|12|17,Ames,4232,12,17,4N506 X 3IIH6,75,2022-08-05,116.46500123464594,0.03527531408244433,13.0,2,0
282,False,Ames|4232|11|19,Ames,4232,11,19,PHP02 X PHB47,75,2022-08-05,116.58277267487239,0.014305158426134668,13.0,2,0
283,False,Ames|4231|22|2,Ames,4231,22,2,B14A X MO17,75,2022-08-05,116.64189271760604,0.04489473368539576,13.0,2,0
284,False,Ames|4232|7|20,Ames,4232,7,20,LH123HT X PHB47,75,2022-08-05,116.67504221986698,0.039796608869803185,13.0,2,0
285,False,Ames|4231|22|5,Ames,4231,22,5,PHK76 X 3IIH6,75,2022-08-05,116.70150271497947,0.03938319802895407,13.0,2,0
286,False,Ames|4232|14|19,Ames,4232,14,19,N209 X 3IIH6,75,2022-08-05,116.80573548796171,0.022028923289845848,13.0,2,0
287,False,Ames|4231|20|4,Ames,4231,20,4,LH195 X PHZ51,75,2022-08-05,116.84101334399696,0.03669117283595158,13.0,2,0
288,False,Ames|4231|19|7,Ames,4231,19,7,PHJ40 X LH82,75,2022-08-05,116.87214216822191,0.01290862949034255,13.0,2,0
289,False,Ames|4231|18|6,Ames,4231,18,6,PHP02 X PHN46,75,2022-08-05,116.8774957268014,0.038822207507153816,13.0,2,0
290,False,Ames|4232|28|18,Ames,4232,28,18,LH195 X 3IIH6,75,2022-08-05,116.88735529972732,0.016548110347488154,13.0,2,0
291,False,Ames|4232|21|19,Ames,4232,21,19,B84 X 3IIH6,75,2022-08-05,116.99843047379714,0.03492631621874254,13.0,2,0
292,False,Ames|4232|14|17,Ames,4232,14,17,PHT69 X 3IIH6,75,2022-08-05,117.05431093319973,0.038702964939672624,13.0,2,0
293,False,Ames|4231|30|4,Ames,4231,30,4,PHK56 X LH82,75,2022-08-05,117.06047404969799,0.04152148537788625,13.0,2,0
294,False,Ames|4231|2|6,Ames,4231,2,6,2369 X 3IIH6,75,2022-08-05,117.0703181754055,0.01742235251542268,13.0,2,0
295,False,Ames|4232|3|20,Ames,4232,3,20,PHB47 X PHJ89,75,2022-08-05,117.10999904596247,0.016587992426392084,13.0,2,0
296,False,Ames|4233|13|7,Ames,4233,13,7,LH185 X W606S,75,2022-08-06,117.15343530557692,0.03929042394103044,14.0,2,0
297,False,Ames|4231|23|3,Ames,4231,23,3,PHB47 X 3IIH6,75,2022-08-05,117.18552783986327,0.03988085939149533,13.0,2,0
298,False,Ames|4231|19|5,Ames,4231,19,5,PHK76 X W606S,75,2022-08-05,117.23932364436746,0.05327401584506175,13.0,2,0
299,False,Ames|4233|11|8,Ames,4233,11,8,PHK76 X LH82,75,2022-08-06,117.26360016704648,0.03320901453675329,14.0,2,0
300,False,Ames|4232|12|22,Ames,4232,12,22,PHP02 X LH198,75,2022-08-05,117.3400093122539,0.02705627927511789,13.0,2,0
301,False,Ames|4232|9|21,Ames,4232,9,21,PHK56 X LH145,75,2022-08-05,117.4818125349467,0.046485382080636795,13.0,2,0
302,False,Ames|4231|29|5,Ames,4231,29,5,PHG39 X PHM49,75,2022-08-05,117.49210429977077,0.03974044844896685,13.0,2,0
303,False,Ames|4232|2|17,Ames,4232,2,17,B73 X 3IIH6,75,2022-08-05,117.50635255451039,0.013262119908508785,13.0,2,0
304,False,Ames|4232|6|19,Ames,4232,6,19,PHK56 X LH198,75,2022-08-05,117.53881342940042,0.03444681226831481,13.0,2,0
305,False,Ames|4231|28|2,Ames,4231,28,2,LH74 X PHM49,75,2022-08-05,117.6281249140337,0.055545345921338196,13.0,2,0
306,False,Ames|4232|5|17,Ames,4232,5,17,PHB47 X 3IIH6,75,2022-08-05,117.82452032866925,0.043588148378567615,13.0,2,0
307,False,Ames|4231|13|7,Ames,4231,13,7,PHW52 X LH185,75,2022-08-05,117.82852943992636,0.041088535925198566,13.0,2,0
308,False,Ames|4233|3|7,Ames,4233,3,7,2369 X PHP02,75,2022-08-06,117.82858785165257,0.033320976152307225,14.0,2,0
309,False,Ames|4233|7|10,Ames,4233,7,10,LH82 X PHJ89,75,2022-08-06,117.84114413987723,0.04229505126705324,14.0,2,0
310,False,Ames|4232|24|22,Ames,4232,24,22,PHK56 X W606S,75,2022-08-05,117.91817689324412,0.00626037398820356,13.0,2,0
311,False,Ames|4233|12|6,Ames,4233,12,6,PHK56 X W606S,75,2022-08-06,117.99617855010602,0.04347269618916827,14.0,2,0
312,False,Ames|4232|19|18,Ames,4232,19,18,LH198 X PHZ51,75,2022-08-05,118.0277786757987,0.04484057686048437,13.0,2,0
313,False,Ames|4231|6|6,Ames,4231,6,6,2369 X PHN82,75,2022-08-05,118.11397773127834,0.04449821203785109,13.0,2,0
314,False,Ames|4232|18|22,Ames,4232,18,22,F42 X MO17,75,2022-08-05,118.12034614738326,0.03382466893551728,13.0,2,0
315,False,Ames|4231|13|5,Ames,4231,13,5,N209 X 3IIH6,75,2022-08-05,118.19599735907987,0.05383450842324344,13.0,2,0
316,False,Ames|4231|28|4,Ames,4231,28,4,2369 X 3IIH6,75,2022-08-05,118.26039963009299,0.029591932578110658,13.0,2,0
317,False,Ames|4231|19|3,Ames,4231,19,3,N209 X 3IIH6,75,2022-08-05,118.26255195977738,0.028022145797177656,13.0,2,0
318,False,Ames|4232|8|20,Ames,4232,8,20,2369 X PHP02,75,2022-08-05,118.28590580511396,0.03264684721930733,13.0,2,0
319,False,Ames|4231|27|5,Ames,4231,27,5,PHP02 X PHJ89,75,2022-08-05,118.36250400551407,0.025461110403344756,13.0,2,0
320,False,Ames|4233|17|7,Ames,4233,17,7,SYNGENTA NK0760-3111,75,2022-08-06,118.36302597211923,0.01845990025783739,14.0,2,0
321,False,Ames|4231|23|6,Ames,4231,23,6,PHP02 X LH198,75,2022-08-05,118.36410971713643,0.0352545298536564,13.0,2,0
322,False,Ames|4231|15|2,Ames,4231,15,2,PHK76 X LH82,75,2022-08-05,118.3689693573635,0.07636485101210444,13.0,2,0
323,False,Ames|4232|3|19,Ames,4232,3,19,LH74 X PHN82,75,2022-08-05,118.45198832520256,0.011123655331944371,13.0,2,0
324,False,Ames|4231|11|4,Ames,4231,11,4,PHP02 X PHN46,75,2022-08-05,118.45416438060663,0.0534683336401679,13.0,2,0
325,False,Ames|4231|20|5,Ames,4231,20,5,B73 X 3IIH6,75,2022-08-05,118.52809472052371,0.028543058866939308,13.0,2,0
326,False,Ames|4232|29|17,Ames,4232,29,17,PHK76 X 3IIH6,75,2022-08-05,118.59600517337633,0.03342306859923272,13.0,2,0
327,False,Ames|4232|29|19,Ames,4232,29,19,LH145 X LH162,75,2022-08-05,118.741072547933,0.023187147459018953,13.0,2,0
328,False,Ames|4233|9|10,Ames,4233,9,10,B73 X PHN82,75,2022-08-06,118.74685112525202,0.03981744014563404,14.0,2,0
329,False,Ames|4231|5|5,Ames,4231,5,5,LH82 X PHJ89,75,2022-08-05,118.76891746380291,0.05026006642003211,13.0,2,0
330,False,Ames|4231|26|3,Ames,4231,26,3,PHK56 X W606S,75,2022-08-05,118.81475663147573,0.05244929653758179,13.0,2,0
331,False,Ames|4232|24|17,Ames,4232,24,17,LH195 X PHZ51,75,2022-08-05,118.82789827307133,0.019034180654472932,13.0,2,0
332,False,Ames|4232|7|22,Ames,4232,7,22,LH82 X W606S,75,2022-08-05,118.87751570504369,0.040319104776768366,13.0,2,0
333,False,Ames|4231|21|6,Ames,4231,21,6,B73 X PHM49,75,2022-08-05,118.90347547148895,0.03846071093961978,13.0,2,0
334,False,Ames|4231|11|5,Ames,4231,11,5,PHW52 X PHM49,75,2022-08-05,118.92574985040352,0.03476529391159844,13.0,2,0
335,False,Ames|4232|22|22,Ames,4232,22,22,LH185 X LH82,75,2022-08-05,118.92775330573153,0.04830491851133112,13.0,2,0
336,False,Ames|4233|4|10,Ames,4233,4,10,PHW52 X PHN82,75,2022-08-06,118.92882113353596,0.042536457938424976,14.0,2,0
337,False,Ames|4231|14|7,Ames,4231,14,7,2369 X LH123HT,75,2022-08-05,118.98418185467031,0.04169117808423095,13.0,2,0
338,False,Ames|4231|22|3,Ames,4231,22,3,PHP02 X PHG47,75,2022-08-05,118.9886162815528,0.025815092480997004,13.0,2,0
339,False,Ames|4231|17|2,Ames,4231,17,2,PHB47 X PHK56,75,2022-08-05,119.00510375019326,0.04412502387626038,13.0,2,0
340,False,Ames|4232|7|21,Ames,4232,7,21,PHK56 X 3IIH6,75,2022-08-05,119.03184559979198,0.048723585761142774,13.0,2,0
341,False,Ames|4232|21|22,Ames,4232,21,22,LH82 X PHJ89,75,2022-08-05,119.10287892530307,0.052978057706107196,13.0,2,0
342,False,Ames|4232|14|18,Ames,4232,14,18,B105 X 3IIH6,75,2022-08-05,119.10565147553021,0.023609036777302972,13.0,2,0
343,False,Ames|4232|19|17,Ames,4232,19,17,F42 X OH43,75,2022-08-05,119.1093180422363,0.04274961204617933,13.0,2,0
344,False,Ames|4231|5|6,Ames,4231,5,6,PHB47 X LH185,75,2022-08-05,119.16364488532419,0.05857064133854617,13.0,2,0
345,False,Ames|4232|26|18,Ames,4232,26,18,PHN46 X PHK56,75,2022-08-05,119.19203972069499,0.016641056841353308,13.0,2,0
346,False,Ames|4231|21|7,Ames,4231,21,7,PHK56 X LH185,75,2022-08-05,119.22129917444424,0.02978590940410697,13.0,2,0
347,False,Ames|4232|4|19,Ames,4232,4,19,B14A X MO17,75,2022-08-05,119.30278503875789,0.014952988296236591,13.0,2,0
348,False,Ames|4233|15|5,Ames,4233,15,5,PHK56 X PHJ89,75,2022-08-06,119.32181250458513,0.037906026177937924,14.0,2,0
349,False,Ames|4232|15|20,Ames,4232,15,20,PHK56 X LH82,75,2022-08-05,119.39276564576251,0.031144042419544826,13.0,2,0
350,False,Ames|4232|11|21,Ames,4232,11,21,PHP02 X PHK56,75,2022-08-05,119.40020261900654,0.049781473738296445,13.0,2,0
351,False,Ames|4232|8|17,Ames,4232,8,17,B73 X PHZ51,75,2022-08-05,119.40657850661238,0.04062685581824832,13.0,2,0
352,False,Ames|4231|26|2,Ames,4231,26,2,PHN46 X PHB47,75,2022-08-05,119.43889596410975,0.06242893517396675,13.0,2,0
353,False,Ames|4231|10|4,Ames,4231,10,4,PHK56 X PHJ89,75,2022-08-05,119.46762264659614,0.036895461497591264,13.0,2,0
354,False,Ames|4232|23|21,Ames,4232,23,21,PHW52 X LH185,75,2022-08-05,119.46871771920247,0.026540906191743985,13.0,2,0
355,False,Ames|4232|10|20,Ames,4232,10,20,PHK76 X W606S,75,2022-08-05,119.48990165779432,0.05481820032475282,13.0,2,0
356,False,Ames|4231|29|6,Ames,4231,29,6,PHT69 X 3IIH6,75,2022-08-05,119.49496822671168,0.016265870208687194,13.0,2,0
357,False,Ames|4232|22|18,Ames,4232,22,18,PHN46 X W606S,75,2022-08-05,119.54854041556953,0.06051205527555292,13.0,2,0
358,False,Ames|4232|20|22,Ames,4232,20,22,PHN46 X PHB47,75,2022-08-05,119.56920057428366,0.03643998185989428,13.0,2,0
359,False,Ames|4232|13|21,Ames,4232,13,21,PHN46 X PHK56,75,2022-08-05,119.57057927917607,0.03898023746249879,13.0,2,0
360,False,Ames|4232|6|22,Ames,4232,6,22,PHK76 X LH82,75,2022-08-05,119.58015989131673,0.026525474737310484,13.0,2,0
361,False,Ames|4231|30|2,Ames,4231,30,2,PHK56 X PHJ89,75,2022-08-05,119.59187315942602,0.022998352961473456,13.0,2,0
362,False,Ames|4231|25|2,Ames,4231,25,2,2FACC X 3IIH6,75,2022-08-05,119.59336448891241,0.03908068779209872,13.0,2,0
363,False,Ames|4232|30|21,Ames,4232,30,21,PHK56 X 3IIH6,75,2022-08-05,119.70657554820339,0.03618594645156481,13.0,2,0
364,False,Ames|4231|12|4,Ames,4231,12,4,LH185 X W606S,75,2022-08-05,119.75884523898705,0.05330786440411861,13.0,2,0
365,False,Ames|4231|24|2,Ames,4231,24,2,PHP02 X W606S,75,2022-08-05,119.75887563149253,0.0534388004060794,13.0,2,0
366,False,Ames|4231|24|4,Ames,4231,24,4,PHW52 X PHZ51,75,2022-08-05,119.81327809001522,0.044552915561279716,13.0,2,0
367,False,Ames|4232|2|18,Ames,4232,2,18,2369 X 3IIH6,75,2022-08-05,119.83520571230638,0.008901858992811928,13.0,2,0
368,False,Ames|4231|6|2,Ames,4231,6,2,PHK56 X LH82,75,2022-08-05,119.86962969843916,0.0384811132986006,13.0,2,0
369,False,Ames|4231|30|6,Ames,4231,30,6,PHK56 X LH198,75,2022-08-05,119.96325051605405,0.02502488724287466,13.0,2,0
370,False,Ames|4232|17|18,Ames,4232,17,18,PHP02 X PHN46,75,2022-08-05,120.0197844937465,0.05009858869507755,13.0,2,0
371,False,Ames|4232|27|17,Ames,4232,27,17,PHP02 X LH185,75,2022-08-05,120.02753407818236,0.0422017896687642,13.0,2,0
372,False,Ames|4232|14|21,Ames,4232,14,21,PHJ40 X LH82,75,2022-08-05,120.03631062217346,0.03059309115248654,13.0,2,0
373,False,Ames|4232|27|18,Ames,4232,27,18,PHB47 X PHK56,75,2022-08-05,120.22465814199983,0.008771382604984002,13.0,2,0
374,False,Ames|4231|25|3,Ames,4231,25,3,PHP02 X PHK56,75,2022-08-05,120.25121977016074,0.03826247762695445,13.0,2,0
375,False,Ames|4232|21|17,Ames,4232,21,17,PHK56 X LH82,75,2022-08-05,120.41288485313784,0.04693674795396341,13.0,2,0
376,False,Ames|4231|4|5,Ames,4231,4,5,B73 X PHN82,75,2022-08-05,120.42334118257348,0.05716234219306948,13.0,2,0
377,False,Ames|4232|13|22,Ames,4232,13,22,PHN46 X W606S,75,2022-08-05,120.43522239091172,0.05382649576083909,13.0,2,0
378,False,Ames|4231|14|2,Ames,4231,14,2,PHP02 X LH198,75,2022-08-05,120.48864709149146,0.06045209706916532,13.0,2,0
379,False,Ames|4231|3|2,Ames,4231,3,2,PHG39 X PHM49,75,2022-08-05,120.55114238531804,0.0695413543749962,13.0,2,0
380,False,Ames|4231|25|7,Ames,4231,25,7,2369 X PHN82,75,2022-08-05,120.59307108971053,0.027706717850501383,13.0,2,0
381,False,Ames|4231|3|4,Ames,4231,3,4,LH195 X 3IIH6,75,2022-08-05,120.63344575194071,0.0377176331208493,13.0,2,0
382,False,Ames|4231|16|2,Ames,4231,16,2,PHK56 X LH185,75,2022-08-05,120.7418842676373,0.05478748388561239,13.0,2,0
383,False,Ames|4233|15|8,Ames,4233,15,8,2369 X 3IIH6,75,2022-08-06,120.75507704282847,0.03010983023895819,14.0,2,0
384,False,Ames|4232|8|19,Ames,4232,8,19,PHG39 X PHM49,75,2022-08-05,120.77662782099061,0.043053262392323655,13.0,2,0
385,False,Ames|4231|12|7,Ames,4231,12,7,B73 X MO17,75,2022-08-05,120.81153853223347,0.03320047480787269,13.0,2,0
386,False,Ames|4232|15|18,Ames,4232,15,18,PHK56 X W606S,75,2022-08-05,120.82920779061,0.04321246446873683,13.0,2,0
387,False,Ames|4232|27|22,Ames,4232,27,22,B73 X PHN82,75,2022-08-05,120.84377227675522,0.010438417016259471,13.0,2,0
388,False,Ames|4231|15|5,Ames,4231,15,5,PHP02 X PHK56,75,2022-08-05,120.84395706506324,0.038710537380261534,13.0,2,0
389,False,Ames|4231|19|6,Ames,4231,19,6,F42 X MO17,75,2022-08-05,120.85386783850811,0.027568980540226495,13.0,2,0
390,False,Ames|4231|26|6,Ames,4231,26,6,B73 X PHN82,75,2022-08-05,120.8598341112993,0.03922924013384543,13.0,2,0
391,False,Ames|4232|13|20,Ames,4232,13,20,PHP02 X PHG47,75,2022-08-05,120.88236625621451,0.015972277755564535,13.0,2,0
392,False,Ames|4232|12|21,Ames,4232,12,21,LH185 X W606S,75,2022-08-05,120.93437393989446,0.047624016739223674,13.0,2,0
393,False,Ames|4232|15|21,Ames,4232,15,21,PHP02 X LH185,75,2022-08-05,121.00868701240202,0.031984700900357654,13.0,2,0
394,False,Ames|4232|4|20,Ames,4232,4,20,PHB47 X PHK56,75,2022-08-05,121.0404813087605,0.028979724704858656,13.0,2,0
395,False,Ames|4231|4|4,Ames,4231,4,4,PHP02 X PHB47,75,2022-08-05,121.0642280628728,0.053592691760460776,13.0,2,0
396,False,Ames|4231|18|3,Ames,4231,18,3,LH123HT X 3IIH6,75,2022-08-05,121.09506066431831,0.04294636969223098,13.0,2,0
397,False,Ames|4232|23|18,Ames,4232,23,18,PHP02 X PHG47,75,2022-08-05,121.13673240150895,0.03071254203060525,13.0,2,0
398,False,Ames|4232|29|18,Ames,4232,29,18,LH74 X PHM49,75,2022-08-05,121.17000339563866,0.01864925875670631,13.0,2,0
399,False,Ames|4232|23|22,Ames,4232,23,22,B73 X PHM49,75,2022-08-05,121.17154269091232,0.018105837440809958,13.0,2,0
400,False,Ames|4231|30|5,Ames,4231,30,5,B73 X MO17,75,2022-08-05,121.29945422505479,0.03204371256368721,13.0,2,0
401,False,Ames|4232|21|18,Ames,4232,21,18,PHB47 X LH185,75,2022-08-05,121.43172708503278,0.0418219799287477,13.0,2,0
402,False,Ames|4232|19|20,Ames,4232,19,20,PHK56 X LH185,75,2022-08-05,121.49768164964922,0.0389166975440256,13.0,2,0
403,False,Ames|4231|10|2,Ames,4231,10,2,PHP02 X W606S,75,2022-08-05,121.65625367160607,0.03904288200036565,13.0,2,0
404,False,Ames|4233|15|9,Ames,4233,15,9,LH82 X W606S,75,2022-08-06,121.79469107415166,0.048116206732014555,14.0,2,0
405,False,Ames|4231|21|3,Ames,4231,21,3,PHW52 X LH185,75,2022-08-05,121.8132011337386,0.0490733972122569,13.0,2,0
406,False,Ames|4232|10|18,Ames,4232,10,18,2FACC X 3IIH6,75,2022-08-05,121.85984751426997,0.02551700163130355,13.0,2,0
407,False,Ames|4231|12|2,Ames,4231,12,2,HOEGEMEYER 7089 AMXT,75,2022-08-05,121.96072416115474,0.06584533270493609,13.0,2,0
408,False,Ames|4231|14|3,Ames,4231,14,3,PHN46 X PHB47,75,2022-08-05,122.02645972790928,0.04755179508124996,13.0,2,0
409,False,Ames|4232|20|21,Ames,4232,20,21,2369 X 3IIH6,75,2022-08-05,122.10685719012892,0.037673319650422754,13.0,2,0
410,False,Ames|4231|8|2,Ames,4231,8,2,PHK56 X W606S,75,2022-08-05,122.12611729668744,0.03397118529797272,13.0,2,0
411,False,Ames|4233|11|6,Ames,4233,11,6,PIONEER P0589 AMXT,75,2022-08-06,122.12981693386527,0.046123038812713846,14.0,2,0
412,False,Ames|4232|9|18,Ames,4232,9,18,B73 X PHM49,75,2022-08-05,122.21206756380519,0.03382580028579274,13.0,2,0
413,False,Ames|4232|8|22,Ames,4232,8,22,PHP02 X PHN46,75,2022-08-05,122.29666603161981,0.05879196791542429,13.0,2,0
414,False,Ames|4231|23|7,Ames,4231,23,7,LH185 X LH82,75,2022-08-05,122.30041197156028,0.029104968001087528,13.0,2,0
415,False,Ames|4232|18|17,Ames,4232,18,17,PHK56 X LH198,75,2022-08-05,122.4252208082038,0.05107436326840409,13.0,2,0
416,False,Ames|4232|9|17,Ames,4232,9,17,LH198 X PHZ51,75,2022-08-05,122.436298403972,0.036325623772474946,13.0,2,0
417,False,Ames|4231|17|7,Ames,4231,17,7,LH82 X W606S,75,2022-08-05,122.50802080959475,0.04973536883829399,13.0,2,0
418,False,Ames|4231|17|5,Ames,4231,17,5,LH82 X PHJ89,75,2022-08-05,122.52460257643943,0.0515363249484867,13.0,2,0
419,False,Ames|4233|11|10,Ames,4233,11,10,HOEGEMEYER 8065RR,75,2022-08-06,122.54460247386318,0.03601331382811668,14.0,2,0
420,False,Ames|4231|13|2,Ames,4231,13,2,PIONEER 1311 AMXT,75,2022-08-05,122.54807602551557,0.0537897046134016,13.0,2,0
421,False,Ames|4232|13|19,Ames,4232,13,19,PHW52 X PHZ51,75,2022-08-05,122.81284806035205,0.03316319478012297,13.0,2,0
422,False,Ames|4232|18|19,Ames,4232,18,19,B73 X MO17,75,2022-08-05,122.8787628658396,0.03477155854090597,13.0,2,0
423,False,Ames|4231|9|2,Ames,4231,9,2,PHP02 X PHK76,75,2022-08-05,122.92579604935334,0.023994785758411408,13.0,2,0
424,False,Ames|4233|24|6,Ames,4233,24,6,PIONEER P0589 AMXT,75,2022-08-06,123.09217380930427,0.037797254718303086,14.0,2,0
425,False,Ames|4231|3|3,Ames,4231,3,3,PHW52 X PHN82,75,2022-08-05,123.21079691874584,0.06206977320948148,13.0,2,0
426,False,Ames|4232|5|19,Ames,4232,5,19,2369 X PHN82,75,2022-08-05,123.34345868745282,0.026322613014610807,13.0,2,0
427,False,Ames|4233|9|7,Ames,4233,9,7,LH82 X W606S,75,2022-08-06,123.60213359719185,0.04767244471395671,14.0,2,0
428,False,Ames|4232|22|20,Ames,4232,22,20,2FACC X 3IIH6,75,2022-08-05,123.7301361364406,0.01807384645737309,13.0,2,0
429,False,Ames|4232|30|18,Ames,4232,30,18,PHP02 X PHJ89,75,2022-08-05,123.88150793897125,0.021897156981020682,13.0,2,0
430,False,Ames|4231|13|3,Ames,4231,13,3,PHJ40 X LH82,75,2022-08-05,123.88479648480265,0.031907893314656044,13.0,2,0
431,False,Ames|4232|4|17,Ames,4232,4,17,PHW52 X PHM49,75,2022-08-05,123.91407349862963,0.04104546633199346,13.0,2,0
432,False,Ames|4231|7|2,Ames,4231,7,2,LH82 X W606S,75,2022-08-05,123.9803722725295,0.04236447234384144,13.0,2,0
433,False,Ames|4232|24|18,Ames,4232,24,18,PIONEER P0589 AMXT,75,2022-08-05,124.08386515451156,0.022092322635660633,13.0,2,0
434,False,Ames|4231|26|5,Ames,4231,26,5,PIONEER 1311 AMXT,75,2022-08-05,124.11663987476913,0.04097749845568388,13.0,2,0
435,False,Ames|4231|28|5,Ames,4231,28,5,PHW52 X PHN82,75,2022-08-05,124.12637632880998,0.03837116497221593,13.0,2,0
436,False,Ames|4231|29|4,Ames,4231,29,4,PHP02 X PHK76,75,2022-08-05,124.14054025207382,0.03521894830795358,13.0,2,0
437,False,Ames|4232|2|19,Ames,4232,2,19,PHW52 X LH185,75,2022-08-05,124.25586604982558,0.013565120965285282,13.0,2,0
438,False,Ames|4232|19|22,Ames,4232,19,22,PHT69 X 3IIH6,75,2022-08-05,124.60437214465536,0.026057954854028398,13.0,2,0
439,False,Ames|4231|24|5,Ames,4231,24,5,HOEGEMEYER 8065RR,75,2022-08-05,124.6467584772927,0.04788648396474193,13.0,2,0
440,False,Ames|4233|23|10,Ames,4233,23,10,PHW52 X PHN82,75,2022-08-06,124.66612028878687,0.04462196664389506,14.0,2,0
441,False,Ames|4232|24|19,Ames,4232,24,19,PHW52 X PHZ51,75,2022-08-05,124.7016296708724,0.024484707592835164,13.0,2,0
442,False,Ames|4231|12|5,Ames,4231,12,5,F42 X MO17,75,2022-08-05,124.71333158354402,0.0337744018398457,13.0,2,0
443,False,Ames|4232|25|17,Ames,4232,25,17,PHP02 X W606S,75,2022-08-05,124.77349359247611,0.029517156204765693,13.0,2,0
444,False,Ames|4232|5|21,Ames,4232,5,21,F42 X MO17,75,2022-08-05,124.78286182409285,0.028615098284460294,13.0,2,0
445,False,Ames|4232|6|21,Ames,4232,6,21,HOEGEMEYER 8065RR,75,2022-08-05,124.8381713021465,0.04713919912884923,13.0,2,0
446,False,Ames|4231|27|7,Ames,4231,27,7,PHW52 X PHM49,75,2022-08-05,124.84734681832965,0.02957594642428607,13.0,2,0
447,False,Ames|4232|16|19,Ames,4232,16,19,PIONEER P0589 AMXT,75,2022-08-05,124.86159281511523,0.04268885492620189,13.0,2,0
448,False,Ames|4231|29|7,Ames,4231,29,7,PIONEER P0589 AMXT,75,2022-08-05,124.8913783531452,0.025999984586425495,13.0,2,0
449,False,Ames|4231|10|3,Ames,4231,10,3,HOEGEMEYER 8065RR,75,2022-08-05,125.05544287819231,0.024527510901052207,13.0,2,0
450,False,Ames|4232|27|20,Ames,4232,27,20,HOEGEMEYER 8065RR,75,2022-08-05,125.3697860451017,0.003680040672434992,13.0,2,0
451,False,Ames|4232|17|19,Ames,4232,17,19,B73 X 3IIH6,75,2022-08-05,125.47989047090854,0.03835709555455391,13.0,2,0
452,False,Ames|4231|15|7,Ames,4231,15,7,PHP02 X PHJ89,75,2022-08-05,125.52878289861837,0.028945012271399118,13.0,2,0
453,False,Ames|4232|9|20,Ames,4232,9,20,PHK56 X LH185,75,2022-08-05,125.63036530030743,0.04038146277818344,13.0,2,0
454,False,Ames|4232|28|20,Ames,4232,28,20,PHG39 X PHM49,75,2022-08-05,125.76996048450323,0.025517660912784512,13.0,2,0
455,False,Ames|4232|23|17,Ames,4232,23,17,PIONEER 1311 AMXT,75,2022-08-05,125.7701868122748,0.04156455366908618,13.0,2,0
456,False,Ames|4232|16|17,Ames,4232,16,17,PHK56 X PHJ89,75,2022-08-05,125.80663474272862,0.05145843142474282,13.0,2,0
457,False,Ames|4233|4|7,Ames,4233,4,7,SYNGENTA NK0760-3111,75,2022-08-06,125.98535578190273,0.03514070019185289,14.0,2,0
458,False,Ames|4231|13|6,Ames,4231,13,6,PHG39 X PHN82,75,2022-08-05,126.16681735947985,0.04266377065264526,13.0,2,0
459,False,Ames|4233|23|9,Ames,4233,23,9,PHK56 X W606S,75,2022-08-06,126.28602975656152,0.04816498855037432,14.0,2,0
460,False,Ames|4232|29|20,Ames,4232,29,20,4N506 X 3IIH6,75,2022-08-05,126.31706572943466,0.021662905989245806,13.0,2,0
461,False,Ames|4232|11|22,Ames,4232,11,22,PHP02 X PHJ89,75,2022-08-05,126.53256792357134,0.020790885642533397,13.0,2,0
462,False,Ames|4232|18|21,Ames,4232,18,21,PHP02 X PHK76,75,2022-08-05,126.68172999637781,0.03604006421620132,13.0,2,0
463,False,Ames|4232|16|20,Ames,4232,16,20,LH185 X LH82,75,2022-08-05,126.7788048832782,0.04170399613243436,13.0,2,0
464,False,Ames|4232|15|17,Ames,4232,15,17,PHP02 X PHK76,75,2022-08-05,126.96045664991483,0.04641944666924336,13.0,2,0
465,False,Ames|4232|22|21,Ames,4232,22,21,PHK56 X PHJ89,75,2022-08-05,127.00078552433408,0.030265782212351544,13.0,2,0
466,False,Ames|4232|14|20,Ames,4232,14,20,PIONEER 1311 AMXT,75,2022-08-05,127.23798129283269,0.039195338798114765,13.0,2,0
467,False,Ames|4231|20|2,Ames,4231,20,2,SYNGENTA NK0760-3111,75,2022-08-05,127.2979704768878,0.035360937987456986,13.0,2,0
468,False,Ames|4231|15|3,Ames,4231,15,3,PIONEER P0589 AMXT,75,2022-08-05,127.35349397410583,0.046706678458218964,13.0,2,0
469,False,Ames|4232|29|21,Ames,4232,29,21,PHP02 X PHK56,75,2022-08-05,127.38104420815843,0.024160557996193766,13.0,2,0
470,False,Ames|4232|10|21,Ames,4232,10,21,PHP02 X W606S,75,2022-08-05,127.56757623541039,0.0435846759982248,13.0,2,0
471,False,Ames|4231|23|4,Ames,4231,23,4,HOEGEMEYER 7089 AMXT,75,2022-08-05,127.702788455896,0.04832627296251457,13.0,2,0
472,False,Ames|4232|13|17,Ames,4232,13,17,LH195 X LH185,75,2022-08-05,127.87173359094778,0.049609830308216085,13.0,2,0
473,False,Ames|4232|20|19,Ames,4232,20,19,2369 X PHN82,75,2022-08-05,128.09942723191705,0.043464473737228615,13.0,2,0
474,False,Ames|4231|11|6,Ames,4231,11,6,PHW52 X PHZ51,75,2022-08-05,128.1086668575242,0.039956473491038036,13.0,2,0
475,False,Ames|4232|3|17,Ames,4232,3,17,PHW52 X PHN82,75,2022-08-05,128.1298380079639,0.03611693840640606,13.0,2,0
476,False,Ames|4231|14|4,Ames,4231,14,4,SYNGENTA NK0760-3111,75,2022-08-05,128.2523958514578,0.04361750101102069,13.0,2,0
477,False,Ames|4232|11|17,Ames,4232,11,17,B73 X MO17,75,2022-08-05,128.66226497335245,0.039130158921061975,13.0,2,0
478,False,Ames|4232|26|20,Ames,4232,26,20,PHW52 X PHN82,75,2022-08-05,128.76678354187231,0.006089471760905907,13.0,2,0
479,False,Ames|4232|16|18,Ames,4232,16,18,PHN46 X PHB47,75,2022-08-05,128.833098251781,0.05503310582361165,13.0,2,0
480,False,Ames|4232|19|19,Ames,4232,19,19,LH82 X W606S,75,2022-08-05,129.00921771909242,0.05451582817599021,13.0,2,0
481,False,Ames|4232|14|22,Ames,4232,14,22,HOEGEMEYER 7089 AMXT,75,2022-08-05,129.20657749051537,0.042917078669661324,13.0,2,0
482,False,Ames|4232|6|17,Ames,4232,6,17,LH82 X PHJ89,75,2022-08-05,130.35618891495247,0.042594751630976924,13.0,2,0
483,False,Ames|4232|20|18,Ames,4232,20,18,PHW52 X PHM49,75,2022-08-05,130.5402730162096,0.04601367303959958,13.0,2,0
484,False,Ames|4232|19|21,Ames,4232,19,21,HOEGEMEYER 7089 AMXT,75,2022-08-05,133.014314742653,0.05246951248393161,13.0,2,0
485,False,Ames|4232|17|20,Ames,4232,17,20,SYNGENTA NK0760-3111,75,2022-08-05,135.30832153328967,0.035360177364539,13.0,2,0
486,False,Ames|4232|13|18,Ames,4232,13,18,PHG39 X PHN82,75,2022-08-05,135.89217854075633,0.04510523494218277,13.0,2,0
487,False,Ames|4232|9|22,Ames,4232,9,22,SYNGENTA NK0760-3111,75,2022-08-05,138.94850416622432,0.038292936170629455,13.0,2,0
1,True,Crawfordsville|4351|12|20,Crawfordsville,4351,12,20,WF9 X H95,75,2022-07-25,118.91736457723997,-0.031260276643649054,5.0,2,0
2,True,Crawfordsville|4351|16|17,Crawfordsville,4351,16,17,PHK76 X LH145,75,2022-07-25,121.93781114888883,-0.0107776780334351,5.0,2,0
3,True,Crawfordsville|4351|3|14,Crawfordsville,4351,3,14,PHP02 X LH145,75,2022-07-25,123.08748387977909,-0.01710076736949151,5.0,2,0
4,True,Crawfordsville|4351|22|15,Crawfordsville,4351,22,15,LH195 X PHM49,75,2022-07-25,123.72902875305441,-0.01826719533073451,5.0,2,0
5,True,Crawfordsville|4353|22|43,Crawfordsville,4353,22,43,WF9 X H95,75,2022-07-25,123.86617895211265,-0.03513545778204352,5.0,2,0
6,True,Crawfordsville|4353|15|46,Crawfordsville,4353,15,46,LH195 X PHM49,75,2022-07-25,124.35400254188679,-0.010380869150802496,5.0,2,0
7,True,Crawfordsville|4351|20|20,Crawfordsville,4351,20,20,WF9 X H95,75,2022-07-25,124.39704275390702,-0.0355426381077375,5.0,2,0
8,True,Crawfordsville|4352|19|5,Crawfordsville,4352,19,5,WF9 X H95,75,2022-07-25,124.92335668967141,-0.044239762734984756,5.0,2,0
9,True,Crawfordsville|4351|13|20,Crawfordsville,4351,13,20,B37 X H95,75,2022-07-25,125.00836600096531,-0.021539344530300486,5.0,2,0
10,True,Crawfordsville|4351|14|13,Crawfordsville,4351,14,13,PHP02 X LH145,75,2022-07-25,125.15041642323831,-0.01683578393437546,5.0,2,0
11,True,Crawfordsville|4353|31|46,Crawfordsville,4353,31,46,LH195 X PHM49,75,2022-07-25,125.69650954026972,-0.016150351934811735,5.0,2,0
12,True,Crawfordsville|4352|8|4,Crawfordsville,4352,8,4,WF9 X H95,75,2022-07-25,127.18831258026364,-0.03136632386276139,5.0,2,0
13,True,Crawfordsville|4353|9|42,Crawfordsville,4353,9,42,WF9 X H95,75,2022-07-25,127.23035730727742,-0.03358305722140631,5.0,2,0
14,True,Crawfordsville|4353|29|46,Crawfordsville,4353,29,46,B37 X H95,75,2022-07-25,129.64057559149316,-0.017827712007018603,5.0,2,0
15,True,Crawfordsville|4353|24|44,Crawfordsville,4353,24,44,PHP02 X LH145,75,2022-07-25,130.66260380506617,-0.012784558986932981,5.0,2,0
16,True,Crawfordsville|4351|2|19,Crawfordsville,4351,2,19,PHK76 X LH145,75,2022-07-25,131.31077463057906,0.00014086177889083284,5.0,2,0
17,True,Crawfordsville|4351|6|18,Crawfordsville,4351,6,18,2369 X LH123HT,75,2022-07-25,131.3455176733828,-0.0040987669026564255,5.0,2,0
18,True,Crawfordsville|4353|7|46,Crawfordsville,4353,7,46,B37 X H95,75,2022-07-25,131.9822952781038,-0.0174783996400526,5.0,2,0
19,True,Crawfordsville|4351|9|17,Crawfordsville,4351,9,17,B37 X H95,75,2022-07-25,132.10213049606327,-0.029711043611561294,5.0,2,0
20,True,Crawfordsville|4353|17|45,Crawfordsville,4353,17,45,2369 X LH123HT,75,2022-07-25,132.19004887789418,-0.009674354065828283,5.0,2,0
21,True,Crawfordsville|4351|17|18,Crawfordsville,4351,17,18,2369 X LH123HT,75,2022-07-25,133.07442526344792,-0.009902667895232975,5.0,2,0
22,True,Crawfordsville|4351|7|18,Crawfordsville,4351,7,18,LH198 X PHZ51,75,2022-07-25,134.04303856282,-0.020707999464962823,5.0,2,0
23,True,Crawfordsville|4351|4|20,Crawfordsville,4351,4,20,PHZ51 X LH145,75,2022-07-25,134.30815321212683,-0.004685313657665668,5.0,2,0
24,True,Crawfordsville|4351|22|18,Crawfordsville,4351,22,18,B73 X PHZ51,75,2022-07-25,134.80336474874343,-0.01711124734881464,5.0,2,0
25,True,Crawfordsville|4351|4|13,Crawfordsville,4351,4,13,PHP02 X PHB47,75,2022-07-25,135.25809770544427,-0.02662186716328452,5.0,2,0
26,True,Crawfordsville|4353|17|44,Crawfordsville,4353,17,44,PHZ51 X LH145,75,2022-07-25,135.41845400289364,-0.014547498405780401,5.0,2,0
27,True,Crawfordsville|4351|15|14,Crawfordsville,4351,15,14,F42 X OH43,75,2022-07-25,135.4474775626637,-0.019246919161289067,5.0,2,0
28,True,Crawfordsville|4351|2|17,Crawfordsville,4351,2,17,4N506 X 3IIH6,75,2022-07-25,135.66573963506505,-0.02005959670391244,5.0,2,0
29,True,Crawfordsville|4353|11|44,Crawfordsville,4353,11,44,PHK76 X LH145,75,2022-07-25,135.87085784261285,-0.012571718216559669,5.0,2,0
30,True,Crawfordsville|4351|18|18,Crawfordsville,4351,18,18,B37 X OH43,75,2022-07-25,135.93917289560773,-0.030392158211701492,5.0,2,0
31,True,Crawfordsville|4351|10|18,Crawfordsville,4351,10,18,LH195 X PHM49,75,2022-07-25,136.2139904751694,-0.021130024734843822,5.0,2,0
32,True,Crawfordsville|4353|34|44,Crawfordsville,4353,34,44,PHK76 X LH145,75,2022-07-25,136.3185913274231,-0.01724163925046185,5.0,2,0
33,True,Crawfordsville|4351|4|17,Crawfordsville,4351,4,17,B105 X 3IIH6,75,2022-07-25,136.36922557090972,-0.030917349338042355,5.0,2,0
34,True,Crawfordsville|4352|3|9,Crawfordsville,4352,3,9,LH195 X PHM49,75,2022-07-25,136.54793490833305,-0.010172776083624768,5.0,2,0
35,True,Crawfordsville|4351|23|16,Crawfordsville,4351,23,16,PHK56 X LH145,75,2022-07-25,136.9517038875743,-0.0034566325872054104,5.0,2,0
36,True,Crawfordsville|4353|17|42,Crawfordsville,4353,17,42,B37 X OH43,75,2022-07-25,137.0360400043669,-0.03073483440793945,5.0,2,0
37,True,Crawfordsville|4352|13|6,Crawfordsville,4352,13,6,PHP02 X LH145,75,2022-07-25,137.06162662506097,-0.01724827868309997,5.0,2,0
38,True,Crawfordsville|4353|5|45,Crawfordsville,4353,5,45,PHK76 X W606S,75,2022-07-25,137.06667328628268,-0.01780273412115474,5.0,2,0
39,True,Crawfordsville|4351|7|14,Crawfordsville,4351,7,14,2369 X PHP02,75,2022-07-25,137.20158668590523,-0.018287554471765,5.0,2,0
40,True,Crawfordsville|4352|8|5,Crawfordsville,4352,8,5,PHP02 X LH145,75,2022-07-25,137.44871054229046,-0.01575060172779963,5.0,2,0
41,True,Crawfordsville|4353|25|43,Crawfordsville,4353,25,43,PHK56 X LH145,75,2022-07-25,138.10937459660448,-0.007158712303158676,5.0,2,0
42,True,Crawfordsville|4353|25|44,Crawfordsville,4353,25,44,B105 X 3IIH6,75,2022-07-25,138.1295042589287,-0.027519213943479892,5.0,2,0
43,True,Crawfordsville|4353|10|42,Crawfordsville,4353,10,42,PHP02 X LH145,75,2022-07-25,138.2410942915056,-0.016103930409047562,5.0,2,0
44,True,Crawfordsville|4351|5|20,Crawfordsville,4351,5,20,PHJ40 X LH82,75,2022-07-25,138.63073486002523,-0.003424094264813271,5.0,2,0
45,True,Crawfordsville|4351|8|17,Crawfordsville,4351,8,17,PHP02 X PHN46,75,2022-07-25,138.65597235158495,-0.03238107351184638,5.0,2,0
46,True,Crawfordsville|4351|18|19,Crawfordsville,4351,18,19,B14A X MO17,75,2022-07-25,138.97539393223008,-0.015531799228845067,5.0,2,0
47,True,Crawfordsville|4351|17|16,Crawfordsville,4351,17,16,2369 X PHP02,75,2022-07-25,139.39154545520938,-0.011600577563821934,5.0,2,0
48,True,Crawfordsville|4353|18|44,Crawfordsville,4353,18,44,2369 X PHP02,75,2022-07-25,139.39396673226514,-0.018082397743267475,5.0,2,0
49,True,Crawfordsville|4353|27|43,Crawfordsville,4353,27,43,B37 X OH43,75,2022-07-25,139.51159544907924,-0.02746957144243556,5.0,2,0
50,False,Crawfordsville|4351|11|17,Crawfordsville,4351,11,17,2369 X 3IIH6,75,2022-07-25,139.60317125559385,-0.025959328841027474,5.0,2,0
51,False,Crawfordsville|4352|5|6,Crawfordsville,4352,5,6,B37 X H95,75,2022-07-25,139.62598261828052,-0.022413227639494715,5.0,2,0
52,False,Crawfordsville|4352|21|7,Crawfordsville,4352,21,7,LH195 X PHM49,75,2022-07-25,139.65871739599024,-0.0038024313906440677,5.0,2,0
53,False,Crawfordsville|4353|15|45,Crawfordsville,4353,15,45,PHP02 X PHN46,75,2022-07-25,139.87776310618705,-0.01831788801701084,5.0,2,0
54,False,Crawfordsville|4351|20|16,Crawfordsville,4351,20,16,PHJ40 X LH82,75,2022-07-25,139.98347628810092,0.006658890622183833,5.0,2,0
55,False,Crawfordsville|4353|35|44,Crawfordsville,4353,35,44,PHP02 X PHB47,75,2022-07-25,139.98491698510597,-0.028297512635217292,5.0,2,0
56,False,Crawfordsville|4351|13|19,Crawfordsville,4351,13,19,PHZ51 X LH145,75,2022-07-25,140.02816951823374,-0.015317033589465012,5.0,2,0
57,False,Crawfordsville|4353|4|42,Crawfordsville,4353,4,42,PHP02 X PHJ89,75,2022-07-25,140.05338062028105,-0.0017889085440956354,5.0,2,0
58,False,Crawfordsville|4351|4|14,Crawfordsville,4351,4,14,LH123HT X PHB47,75,2022-07-25,140.08201998430593,-0.018632136563951684,5.0,2,0
59,False,Crawfordsville|4351|17|15,Crawfordsville,4351,17,15,LH82 X PHB47,75,2022-07-25,140.41094053475817,-0.016757975366733735,5.0,2,0
60,False,Crawfordsville|4353|32|46,Crawfordsville,4353,32,46,2369 X PHZ51,75,2022-07-25,140.4244785589063,-0.011255851452425691,5.0,2,0
61,False,Crawfordsville|4351|19|17,Crawfordsville,4351,19,17,HOEGEMEYER 7089 AMXT,75,2022-07-25,140.48198612580154,-0.019304128416495314,5.0,2,0
62,False,Crawfordsville|4351|3|13,Crawfordsville,4351,3,13,F42 X OH43,75,2022-07-25,140.5003194302642,-0.022627189274389115,5.0,2,0
63,False,Crawfordsville|4351|8|13,Crawfordsville,4351,8,13,B73 X MO17,75,2022-07-25,140.55767342118415,-0.019247858061027134,5.0,2,0
64,False,Crawfordsville|4351|21|15,Crawfordsville,4351,21,15,B73 X MO17,75,2022-07-25,140.59056799823517,-0.01514341851483103,5.0,2,0
65,False,Crawfordsville|4351|22|16,Crawfordsville,4351,22,16,PHK56 X W606S,75,2022-07-25,140.7883109229763,-0.011065549780894024,5.0,2,0
66,False,Crawfordsville|4353|17|46,Crawfordsville,4353,17,46,PHP02 X PHB47,75,2022-07-25,140.80467367645582,-0.022501680288828374,5.0,2,0
67,False,Crawfordsville|4353|20|45,Crawfordsville,4353,20,45,2369 X PHP02,75,2022-07-25,140.8069160859164,-0.017837600124889552,5.0,2,0
68,False,Crawfordsville|4351|3|19,Crawfordsville,4351,3,19,PHK76 X W606S,75,2022-07-25,140.84533854094335,-0.012186382503097226,5.0,2,0
69,False,Crawfordsville|4351|6|14,Crawfordsville,4351,6,14,LH82 X W606S,75,2022-07-25,140.89452854067687,-0.013849776600819874,5.0,2,0
70,False,Crawfordsville|4351|15|20,Crawfordsville,4351,15,20,PHT69 X 3IIH6,75,2022-07-25,140.9125334616284,-0.006814691884088453,5.0,2,0
71,False,Crawfordsville|4353|9|44,Crawfordsville,4353,9,44,F42 X OH43,75,2022-07-25,140.95085279670974,-0.027001285075599735,5.0,2,0
72,False,Crawfordsville|4353|4|44,Crawfordsville,4353,4,44,LH123HT X 3IIH6,75,2022-07-25,141.13046846482027,-0.008110212501415193,5.0,2,0
73,False,Crawfordsville|4353|3|44,Crawfordsville,4353,3,44,2369 X PHZ51,75,2022-07-25,141.16362672287374,-0.011394529201373182,5.0,2,0
74,False,Crawfordsville|4351|13|18,Crawfordsville,4351,13,18,B84 X 3IIH6,75,2022-07-25,141.28664312790474,-0.01390771563756188,5.0,2,0
75,False,Crawfordsville|4351|15|16,Crawfordsville,4351,15,16,LH185 X W606S,75,2022-07-25,141.30899096910002,-0.00846810782348939,5.0,2,0
76,False,Crawfordsville|4351|19|15,Crawfordsville,4351,19,15,2369 X PHN82,75,2022-07-25,141.3660635511911,-0.00845875878314295,5.0,2,0
77,False,Crawfordsville|4351|18|16,Crawfordsville,4351,18,16,PHK76 X W606S,75,2022-07-25,141.55085433575965,-0.01179634735902868,5.0,2,0
78,False,Crawfordsville|4351|16|19,Crawfordsville,4351,16,19,B105 X 3IIH6,75,2022-07-25,141.6744130476184,-0.024059981860947155,5.0,2,0
79,False,Crawfordsville|4351|6|17,Crawfordsville,4351,6,17,LH195 X PHZ51,75,2022-07-25,141.77067819261248,-0.022453508155608648,5.0,2,0
80,False,Crawfordsville|4351|15|15,Crawfordsville,4351,15,15,PHP02 X LH82,75,2022-07-25,141.8201669109049,-0.02429504815942729,5.0,2,0
81,False,Crawfordsville|4351|6|20,Crawfordsville,4351,6,20,LH74 X PHN82,75,2022-07-25,141.86897927225039,-0.00944912833586109,5.0,2,0
82,False,Crawfordsville|4351|8|15,Crawfordsville,4351,8,15,PHP02 X PHK76,75,2022-07-25,141.87517379606194,-0.014476844920215837,5.0,2,0
83,False,Crawfordsville|4351|11|18,Crawfordsville,4351,11,18,B37 X OH43,75,2022-07-25,141.98070597543094,-0.02551443143609755,5.0,2,0
84,False,Crawfordsville|4351|16|14,Crawfordsville,4351,16,14,LH123HT X 3IIH6,75,2022-07-25,142.03719151340752,-0.01234822303452332,5.0,2,0
85,False,Crawfordsville|4351|8|14,Crawfordsville,4351,8,14,B14A X MO17,75,2022-07-25,142.07133104077698,-0.0172740086811507,5.0,2,0
86,False,Crawfordsville|4351|16|15,Crawfordsville,4351,16,15,PHP02 X PHB47,75,2022-07-25,142.19098880949653,-0.021194068804641475,5.0,2,0
87,False,Crawfordsville|4351|19|13,Crawfordsville,4351,19,13,LH82 X PHJ89,75,2022-07-25,142.58777687914608,-0.012736389721780816,5.0,2,0
88,False,Crawfordsville|4351|11|15,Crawfordsville,4351,11,15,LH82 X PHB47,75,2022-07-25,142.66151310652725,-0.01501114836716555,5.0,2,0
89,False,Crawfordsville|4353|6|42,Crawfordsville,4353,6,42,PHJ40 X LH82,75,2022-07-25,142.8539595299655,0.0012344664323520327,5.0,2,0
90,False,Crawfordsville|4351|9|15,Crawfordsville,4351,9,15,PHK76 X LH198,75,2022-07-25,142.92092291971167,-0.027240914586479592,5.0,2,0
91,False,Crawfordsville|4351|10|20,Crawfordsville,4351,10,20,B73 X PHZ51,75,2022-07-25,142.9414491046861,-0.011409437223357966,5.0,2,0
92,False,Crawfordsville|4351|8|20,Crawfordsville,4351,8,20,2369 X PHZ51,75,2022-07-25,143.05837010735007,0.0007129412247394162,5.0,2,0
93,False,Crawfordsville|4351|21|18,Crawfordsville,4351,21,18,LH195 X LH185,75,2022-07-25,143.0867016576471,-0.028811963191405443,5.0,2,0
94,False,Crawfordsville|4352|15|6,Crawfordsville,4352,15,6,B37 X H95,75,2022-07-25,143.2921139070079,-0.03439290176215881,5.0,2,0
95,False,Crawfordsville|4353|10|46,Crawfordsville,4353,10,46,B73 X PHZ51,75,2022-07-25,143.32431487932172,-0.012553346082154193,5.0,2,0
96,False,Crawfordsville|4351|5|14,Crawfordsville,4351,5,14,B73 X PHM49,75,2022-07-25,143.47064555465892,-0.012789166896642223,5.0,2,0
97,False,Crawfordsville|4351|18|14,Crawfordsville,4351,18,14,PHK56 X LH198,75,2022-07-25,143.67279165421894,-0.015291770241761315,5.0,2,0
98,False,Crawfordsville|4353|27|46,Crawfordsville,4353,27,46,PHZ51 X LH145,75,2022-07-25,143.72996036713997,-0.01334208868268838,5.0,2,0
99,False,Crawfordsville|4351|3|17,Crawfordsville,4351,3,17,LH198 X PHB47,75,2022-07-25,143.7322033351478,-0.02150699329805028,5.0,2,0
100,False,Crawfordsville|4351|12|15,Crawfordsville,4351,12,15,PHP02 X LH82,75,2022-07-25,143.7407845753535,-0.014867412438912098,5.0,2,0
101,False,Crawfordsville|4351|14|20,Crawfordsville,4351,14,20,PHW52 X PHZ51,75,2022-07-25,143.78309267861124,-0.022935137220217117,5.0,2,0
102,False,Crawfordsville|4351|2|20,Crawfordsville,4351,2,20,PIONEER 1311 AMXT,75,2022-07-25,143.9680375504326,0.00017698746395089504,5.0,2,0
103,False,Crawfordsville|4351|7|17,Crawfordsville,4351,7,17,B73 X 3IIH6,75,2022-07-25,144.07899939056762,-0.026862011101071448,5.0,2,0
104,False,Crawfordsville|4351|12|16,Crawfordsville,4351,12,16,LH82 X PHJ89,75,2022-07-25,144.0862524489898,-0.021908180869910865,5.0,2,0
105,False,Crawfordsville|4353|31|43,Crawfordsville,4353,31,43,LH82 X PHB47,75,2022-07-25,144.13994223615074,-0.028690833259576665,5.0,2,0
106,False,Crawfordsville|4353|29|44,Crawfordsville,4353,29,44,B73 X PHZ51,75,2022-07-25,144.19932579509026,-0.020074259021991336,5.0,2,0
107,False,Crawfordsville|4353|28|43,Crawfordsville,4353,28,43,LH195 X LH185,75,2022-07-25,144.3573078330267,-0.016981263219672305,5.0,2,0
108,False,Crawfordsville|4353|5|46,Crawfordsville,4353,5,46,LH82 X PHB47,75,2022-07-25,144.53197441970337,-0.018503838220535584,5.0,2,0
109,False,Crawfordsville|4351|20|18,Crawfordsville,4351,20,18,4N506 X 3IIH6,75,2022-07-25,144.77343719412409,-0.028041941436341866,5.0,2,0
110,False,Crawfordsville|4351|17|17,Crawfordsville,4351,17,17,PHP02 X LH185,75,2022-07-25,144.8221542481225,-0.020252769655006553,5.0,2,0
111,False,Crawfordsville|4351|2|14,Crawfordsville,4351,2,14,2369 X PHN82,75,2022-07-25,144.8398525872151,-0.006187196217958046,5.0,2,0
112,False,Crawfordsville|4352|13|7,Crawfordsville,4352,13,7,PHZ51 X LH145,75,2022-07-25,144.88802954505087,-0.015156405633244385,5.0,2,0
113,False,Crawfordsville|4353|19|42,Crawfordsville,4353,19,42,LH195 X LH123HT,75,2022-07-25,145.08198240157705,-0.016313521500522787,5.0,2,0
114,False,Crawfordsville|4353|25|45,Crawfordsville,4353,25,45,F42 X OH43,75,2022-07-25,145.0893855067439,-0.01901999342071059,5.0,2,0
115,False,Crawfordsville|4351|21|16,Crawfordsville,4351,21,16,PIONEER P0589 AMXT,75,2022-07-25,145.1576917614272,-0.010896914578297556,5.0,2,0
116,False,Crawfordsville|4353|4|45,Crawfordsville,4353,4,45,PHP02 X LH82,75,2022-07-25,145.2114404184523,-0.02014145812111834,5.0,2,0
117,False,Crawfordsville|4351|11|20,Crawfordsville,4351,11,20,PHP02 X LH198,75,2022-07-25,145.22054329883127,-0.012171077424820709,5.0,2,0
118,False,Crawfordsville|4352|18|9,Crawfordsville,4352,18,9,PHK76 X LH145,75,2022-07-25,145.25135064426576,-0.003592596518467328,5.0,2,0
119,False,Crawfordsville|4351|14|15,Crawfordsville,4351,14,15,PHP02 X PHN46,75,2022-07-25,145.2604503903716,-0.028766700257723765,5.0,2,0
120,False,Crawfordsville|4353|14|42,Crawfordsville,4353,14,42,LH195 X PHZ51,75,2022-07-25,145.36681211558582,-0.0012907356473378373,5.0,2,0
121,False,Crawfordsville|4351|14|19,Crawfordsville,4351,14,19,2369 X 3IIH6,75,2022-07-25,145.48333984301328,-0.020260674973427095,5.0,2,0
122,False,Crawfordsville|4351|9|20,Crawfordsville,4351,9,20,LH123HT X 3IIH6,75,2022-07-25,145.6029145099455,-0.014606688712139326,5.0,2,0
123,False,Crawfordsville|4351|20|15,Crawfordsville,4351,20,15,2369 X PHZ51,75,2022-07-25,145.6305434201762,0.02242904651065769,5.0,2,0
124,False,Crawfordsville|4353|3|43,Crawfordsville,4353,3,43,B105 X 3IIH6,75,2022-07-25,145.67262613291177,-0.015683330409903107,5.0,2,0
125,False,Crawfordsville|4353|21|46,Crawfordsville,4353,21,46,PHP02 X LH82,75,2022-07-25,145.71311315012971,-0.01904150345683775,5.0,2,0
126,False,Crawfordsville|4352|10|8,Crawfordsville,4352,10,8,B105 X 3IIH6,75,2022-07-25,145.7341589016699,-0.028484284899637724,5.0,2,0
127,False,Crawfordsville|4353|23|46,Crawfordsville,4353,23,46,B37 X MO17,75,2022-07-25,145.94281384593222,-0.0299611420848116,5.0,2,0
128,False,Crawfordsville|4351|21|20,Crawfordsville,4351,21,20,LH198 X PHZ51,75,2022-07-25,146.1798427198339,-0.020017456503618414,5.0,2,0
129,False,Crawfordsville|4351|17|19,Crawfordsville,4351,17,19,LH195 X PHZ51,75,2022-07-25,146.21174067779606,-0.014892501169521455,5.0,2,0
130,False,Crawfordsville|4353|30|45,Crawfordsville,4353,30,45,PHK76 X W606S,75,2022-07-25,146.2471855889953,-0.01280692371035519,5.0,2,0
131,False,Crawfordsville|4351|17|20,Crawfordsville,4351,17,20,B37 X MO17,75,2022-07-25,146.29014294313947,-0.022544261689758427,5.0,2,0
132,False,Crawfordsville|4351|6|19,Crawfordsville,4351,6,19,PHP02 X PHJ89,75,2022-07-25,146.29844100881928,-0.01339004433147184,5.0,2,0
133,False,Crawfordsville|4353|14|45,Crawfordsville,4353,14,45,PIONEER P0589 AMXT,75,2022-07-25,146.29976138080346,-0.008811311114207743,5.0,2,0
134,False,Crawfordsville|4352|11|3,Crawfordsville,4352,11,3,PHK76 X LH145,75,2022-07-25,146.31526880409444,-0.014124566614869383,5.0,2,0
135,False,Crawfordsville|4351|10|15,Crawfordsville,4351,10,15,PHT69 X 3IIH6,75,2022-07-25,146.37342349077926,-0.01916904027934241,5.0,2,0
136,False,Crawfordsville|4353|20|46,Crawfordsville,4353,20,46,2369 X LH123HT,75,2022-07-25,146.45645299418206,-0.011023451874763834,5.0,2,0
137,False,Crawfordsville|4351|20|17,Crawfordsville,4351,20,17,PHP02 X PHK76,75,2022-07-25,146.60538461954792,-0.017133264124375436,5.0,2,0
138,False,Crawfordsville|4353|29|42,Crawfordsville,4353,29,42,PIONEER 1311 AMXT,75,2022-07-25,146.65833008864047,-0.005294546748563667,5.0,2,0
139,False,Crawfordsville|4352|15|5,Crawfordsville,4352,15,5,B37 X OH43,75,2022-07-25,146.76498960670548,-0.034423734784190585,5.0,2,0
140,False,Crawfordsville|4351|2|16,Crawfordsville,4351,2,16,PHK76 X LH82,75,2022-07-25,146.83882383505434,-0.02474174986273825,5.0,2,0
141,False,Crawfordsville|4351|12|17,Crawfordsville,4351,12,17,PHW52 X PHZ51,75,2022-07-25,146.84475691134796,-0.01729886132914571,5.0,2,0
142,False,Crawfordsville|4351|5|18,Crawfordsville,4351,5,18,PHN46 X W606S,75,2022-07-25,146.9321254261545,-0.014850596266893001,5.0,2,0
143,False,Crawfordsville|4351|19|14,Crawfordsville,4351,19,14,PHB47 X LH185,75,2022-07-25,146.94316063916327,-0.02222799822869137,5.0,2,0
144,False,Crawfordsville|4353|6|43,Crawfordsville,4353,6,43,2369 X PHN82,75,2022-07-25,147.00851526665872,-0.005133663081160145,5.0,2,0
145,False,Crawfordsville|4353|8|46,Crawfordsville,4353,8,46,PHP02 X LH185,75,2022-07-25,147.03602411331963,-0.014210313066722158,5.0,2,0
146,False,Crawfordsville|4352|16|3,Crawfordsville,4352,16,3,F42 X OH43,75,2022-07-25,147.04713683033089,-0.027632046596255955,5.0,2,0
147,False,Crawfordsville|4351|14|16,Crawfordsville,4351,14,16,PHK76 X LH198,75,2022-07-25,147.09580429080196,-0.022339669484478186,5.0,2,0
148,False,Crawfordsville|4351|12|14,Crawfordsville,4351,12,14,B73 X PHN82,75,2022-07-25,147.14756417372666,-0.010237783155831348,5.0,2,0
149,False,Crawfordsville|4351|9|19,Crawfordsville,4351,9,19,PHK56 X W606S,75,2022-07-25,147.16109141606,-0.013640336979758083,5.0,2,0
150,False,Crawfordsville|4351|11|16,Crawfordsville,4351,11,16,PHN46 X PHK56,75,2022-07-25,147.19888181691076,-0.010332432392295754,5.0,2,0
151,False,Crawfordsville|4353|35|46,Crawfordsville,4353,35,46,PHB47 X PHJ89,75,2022-07-25,147.2242204882627,-0.019650038501980882,5.0,2,0
152,False,Crawfordsville|4352|10|7,Crawfordsville,4352,10,7,PHP02 X LH82,75,2022-07-25,147.30746998869438,-0.02572015776644032,5.0,2,0
153,False,Crawfordsville|4351|14|18,Crawfordsville,4351,14,18,LH74 X PHN82,75,2022-07-25,147.32832032657586,-0.02685457579701578,5.0,2,0
154,False,Crawfordsville|4351|5|13,Crawfordsville,4351,5,13,PHW52 X LH185,75,2022-07-25,147.37634536449207,-0.028733562086589393,5.0,2,0
155,False,Crawfordsville|4353|3|46,Crawfordsville,4353,3,46,LH82 X W606S,75,2022-07-25,147.4967669793406,-0.0047341130280200705,5.0,2,0
156,False,Crawfordsville|4353|21|42,Crawfordsville,4353,21,42,LH82 X W606S,75,2022-07-25,147.5481551809156,-0.009801532339719587,5.0,2,0
157,False,Crawfordsville|4353|34|43,Crawfordsville,4353,34,43,LH195 X 3IIH6,75,2022-07-25,147.6348350954044,-0.033858406299194344,5.0,2,0
158,False,Crawfordsville|4353|20|44,Crawfordsville,4353,20,44,PHP02 X PHN46,75,2022-07-25,147.6735063699504,-0.027076388829310405,5.0,2,0
159,False,Crawfordsville|4351|13|13,Crawfordsville,4351,13,13,LH185 X LH145,75,2022-07-25,147.69862504638553,-0.0074284900685258615,5.0,2,0
160,False,Crawfordsville|4353|9|43,Crawfordsville,4353,9,43,4N506 X 3IIH6,75,2022-07-25,147.7524420219085,-0.022290406841889876,5.0,2,0
161,False,Crawfordsville|4352|15|8,Crawfordsville,4352,15,8,LH82 X W606S,75,2022-07-25,147.76393002294623,-0.016326961774764892,5.0,2,0
162,False,Crawfordsville|4353|18|43,Crawfordsville,4353,18,43,PHB47 X PHK56,75,2022-07-25,147.86481993589035,-0.01978757864488223,5.0,2,0
163,False,Crawfordsville|4353|5|44,Crawfordsville,4353,5,44,LH195 X LH185,75,2022-07-25,147.90003498687963,-0.022287478092140378,5.0,2,0
164,False,Crawfordsville|4353|24|42,Crawfordsville,4353,24,42,F42 X MO17,75,2022-07-25,147.98187557248036,-0.016221953443246506,5.0,2,0
165,False,Crawfordsville|4351|11|14,Crawfordsville,4351,11,14,PHP02 X PHK56,75,2022-07-25,148.01397828282896,-0.009133542671547756,5.0,2,0
166,False,Crawfordsville|4351|18|17,Crawfordsville,4351,18,17,PHP02 X PHK56,75,2022-07-25,148.03235228618612,-0.026298319083206012,5.0,2,0
167,False,Crawfordsville|4351|11|13,Crawfordsville,4351,11,13,PHK56 X PHJ89,75,2022-07-25,148.58003001843093,-0.011529758644899135,5.0,2,0
168,False,Crawfordsville|4353|32|44,Crawfordsville,4353,32,44,PHK56 X LH198,75,2022-07-25,148.6917365405464,-0.023280423280423235,5.0,2,0
169,False,Crawfordsville|4351|21|17,Crawfordsville,4351,21,17,PHP02 X PHG47,75,2022-07-25,148.73802186518148,-0.025147704767375156,5.0,2,0
170,False,Crawfordsville|4351|14|14,Crawfordsville,4351,14,14,PHK76 X 3IIH6,75,2022-07-25,148.76416352403606,-0.02090795514968824,5.0,2,0
171,False,Crawfordsville|4352|21|5,Crawfordsville,4352,21,5,PHK56 X LH145,75,2022-07-25,148.8035509056552,-0.006286956471899918,5.0,2,0
172,False,Crawfordsville|4351|23|19,Crawfordsville,4351,23,19,LH82 X W606S,75,2022-07-25,148.80418464029265,-0.015912509546019193,5.0,2,0
173,False,Crawfordsville|4351|19|18,Crawfordsville,4351,19,18,LH195 X 3IIH6,75,2022-07-25,148.81317645235956,-0.03502524859122835,5.0,2,0
174,False,Crawfordsville|4351|5|15,Crawfordsville,4351,5,15,PHP02 X LH185,75,2022-07-25,149.0179382950268,-0.02202208879237122,5.0,2,0
175,False,Crawfordsville|4353|35|45,Crawfordsville,4353,35,45,LH195 X PHZ51,75,2022-07-25,149.09379049949476,-0.02043363815204524,5.0,2,0
176,False,Crawfordsville|4351|14|17,Crawfordsville,4351,14,17,LH123HT X PHB47,75,2022-07-25,149.13091514634274,-0.02311494694405747,5.0,2,0
177,False,Crawfordsville|4353|7|43,Crawfordsville,4353,7,43,PHK56 X W606S,75,2022-07-25,149.1722783965573,0.001803277931639924,5.0,2,0
178,False,Crawfordsville|4353|27|44,Crawfordsville,4353,27,44,LH123HT X PHB47,75,2022-07-25,149.19095117778716,-0.031197562803623513,5.0,2,0
179,False,Crawfordsville|4351|6|16,Crawfordsville,4351,6,16,PHK56 X LH82,75,2022-07-25,149.19829212973247,-0.009854603578908105,5.0,2,0
180,False,Crawfordsville|4353|29|43,Crawfordsville,4353,29,43,PHB47 X PHK56,75,2022-07-25,149.33774513953387,-0.014876562823408657,5.0,2,0
181,False,Crawfordsville|4351|10|16,Crawfordsville,4351,10,16,F42 X MO17,75,2022-07-25,149.4406382184098,-0.022964038751695615,5.0,2,0
182,False,Crawfordsville|4353|30|43,Crawfordsville,4353,30,43,PHT69 X 3IIH6,75,2022-07-25,149.456281922808,-0.02893931980484543,5.0,2,0
183,False,Crawfordsville|4351|16|13,Crawfordsville,4351,16,13,LH195 X LH123HT,75,2022-07-25,149.53169039894942,-0.01787594040461471,5.0,2,0
184,False,Crawfordsville|4353|13|42,Crawfordsville,4353,13,42,PHK56 X PHJ89,75,2022-07-25,149.56164558207843,-0.003225121566966749,5.0,2,0
185,False,Crawfordsville|4351|22|13,Crawfordsville,4351,22,13,B73 X 3IIH6,75,2022-07-25,149.76257858841194,-0.03182498104671305,5.0,2,0
186,False,Crawfordsville|4353|11|45,Crawfordsville,4353,11,45,HOEGEMEYER 7089 AMXT,75,2022-07-25,149.7943103350586,-0.0043144959387675375,5.0,2,0
187,False,Crawfordsville|4351|4|15,Crawfordsville,4351,4,15,PHB47 X PHK56,75,2022-07-25,149.85788964798593,-0.01868419854612413,5.0,2,0
188,False,Crawfordsville|4351|10|13,Crawfordsville,4351,10,13,LH195 X 3IIH6,75,2022-07-25,149.87016002566966,-0.03060247332573174,5.0,2,0
189,False,Crawfordsville|4351|3|18,Crawfordsville,4351,3,18,PHK76 X 3IIH6,75,2022-07-25,149.88029233161808,-0.02615996743682969,5.0,2,0
190,False,Crawfordsville|4351|7|13,Crawfordsville,4351,7,13,2FACC X 3IIH6,75,2022-07-25,150.00310104177186,-0.026756643814437653,5.0,2,0
191,False,Crawfordsville|4352|5|9,Crawfordsville,4352,5,9,PHP02 X PHB47,75,2022-07-25,150.0429878217987,-0.021820696041648824,5.0,2,0
192,False,Crawfordsville|4352|5|5,Crawfordsville,4352,5,5,F42 X MO17,75,2022-07-25,150.07629989844412,-0.017872472891725777,5.0,2,0
193,False,Crawfordsville|4353|16|45,Crawfordsville,4353,16,45,F42 X MO17,75,2022-07-25,150.09579280315876,-0.009899068432335345,5.0,2,0
194,False,Crawfordsville|4353|4|43,Crawfordsville,4353,4,43,N209 X 3IIH6,75,2022-07-25,150.2260556376626,-0.014009450279397151,5.0,2,0
195,False,Crawfordsville|4352|23|3,Crawfordsville,4352,23,3,PHP02 X PHB47,75,2022-07-25,150.32294954139894,-0.027503341865113273,5.0,2,0
196,False,Crawfordsville|4353|30|46,Crawfordsville,4353,30,46,B73 X MO17,75,2022-07-25,150.518554778833,-0.014312369026761473,5.0,2,0
197,False,Crawfordsville|4353|5|43,Crawfordsville,4353,5,43,PHP02 X PHK56,75,2022-07-25,150.54621323057222,-0.007600023453238958,5.0,2,0
198,False,Crawfordsville|4351|18|15,Crawfordsville,4351,18,15,PHB47 X 3IIH6,75,2022-07-25,150.5582739941889,-0.02798387305860539,5.0,2,0
199,False,Crawfordsville|4351|3|16,Crawfordsville,4351,3,16,LH195 X LH185,75,2022-07-25,150.57336771361338,-0.026215184143491,5.0,2,0
200,False,Crawfordsville|4351|4|16,Crawfordsville,4351,4,16,PHW52 X PHN82,75,2022-07-25,150.5971114084238,-0.020498680995354457,5.0,2,0
201,False,Crawfordsville|4352|10|5,Crawfordsville,4352,10,5,PHZ51 X LH145,75,2022-07-25,150.68080967664343,-0.018681946729510956,5.0,2,0
202,False,Crawfordsville|4351|8|16,Crawfordsville,4351,8,16,LH74 X PHM49,75,2022-07-25,150.72468140692143,-0.026313990228329587,5.0,2,0
203,False,Crawfordsville|4352|20|9,Crawfordsville,4352,20,9,B105 X 3IIH6,75,2022-07-25,150.72884791637097,-0.034900740205255354,5.0,2,0
204,False,Crawfordsville|4351|2|15,Crawfordsville,4351,2,15,HOEGEMEYER 8065RR,75,2022-07-25,150.73280415958166,-0.015070545017179304,5.0,2,0
205,False,Crawfordsville|4351|23|13,Crawfordsville,4351,23,13,PIONEER 1311 AMXT,75,2022-07-25,150.73952954328894,-0.01887339657990439,5.0,2,0
206,False,Crawfordsville|4353|34|46,Crawfordsville,4353,34,46,B14A X MO17,75,2022-07-25,150.96622607688758,-0.012635600325493046,5.0,2,0
207,False,Crawfordsville|4353|18|45,Crawfordsville,4353,18,45,PHB47 X LH185,75,2022-07-25,151.05035806732485,-0.028201740999069247,5.0,2,0
208,False,Crawfordsville|4353|15|43,Crawfordsville,4353,15,43,2369 X 3IIH6,75,2022-07-25,151.0716727650881,-0.024487763636117155,5.0,2,0
209,False,Crawfordsville|4353|36|46,Crawfordsville,4353,36,46,LH185 X LH145,75,2022-07-25,151.10152604084388,-0.021052599694166507,5.0,2,0
210,False,Crawfordsville|4352|13|4,Crawfordsville,4352,13,4,LH195 X 3IIH6,75,2022-07-25,151.17592889776927,-0.030243673392958192,5.0,2,0
211,False,Crawfordsville|4353|21|44,Crawfordsville,4353,21,44,PHP02 X LH185,75,2022-07-25,151.18038785824513,-0.033834793528411566,5.0,2,0
212,False,Crawfordsville|4353|3|42,Crawfordsville,4353,3,42,LH123HT X PHB47,75,2022-07-25,151.21247430789597,-0.01951554546960521,5.0,2,0
213,False,Crawfordsville|4353|13|45,Crawfordsville,4353,13,45,PHP02 X PHK76,75,2022-07-25,151.26283219588035,-0.020772710998274824,5.0,2,0
214,False,Crawfordsville|4351|15|13,Crawfordsville,4351,15,13,PHK56 X PHJ89,75,2022-07-25,151.27537647394706,-0.009343701116802716,5.0,2,0
215,False,Crawfordsville|4352|7|2,Crawfordsville,4352,7,2,2369 X PHZ51,75,2022-07-25,151.3026128913889,-0.01098741456352037,5.0,2,0
216,False,Crawfordsville|4353|33|46,Crawfordsville,4353,33,46,4N506 X 3IIH6,75,2022-07-25,151.3089885921905,-0.02286447179941642,5.0,2,0
217,False,Crawfordsville|4353|31|42,Crawfordsville,4353,31,42,LH82 X PHJ89,75,2022-07-25,151.4273481576002,-0.023528528594692677,5.0,2,0
218,False,Crawfordsville|4351|23|20,Crawfordsville,4351,23,20,PHP02 X LH198,75,2022-07-25,151.43257742208107,-0.021631354131001812,5.0,2,0
219,False,Crawfordsville|4351|16|20,Crawfordsville,4351,16,20,N209 X 3IIH6,75,2022-07-25,151.49186726331146,-0.014476322003415865,5.0,2,0
220,False,Crawfordsville|4353|4|46,Crawfordsville,4353,4,46,LH74 X PHM49,75,2022-07-25,151.5380292100846,-0.02337435550035749,5.0,2,0
221,False,Crawfordsville|4351|7|19,Crawfordsville,4351,7,19,HOEGEMEYER 7089 AMXT,75,2022-07-25,151.5460927189372,-0.007617758546230813,5.0,2,0
222,False,Crawfordsville|4351|23|15,Crawfordsville,4351,23,15,PHP02 X PHJ89,75,2022-07-25,151.57612272989658,-0.020259145101132914,5.0,2,0
223,False,Crawfordsville|4351|3|15,Crawfordsville,4351,3,15,B37 X MO17,75,2022-07-25,151.5952663473571,-0.018911108294031975,5.0,2,0
224,False,Crawfordsville|4351|22|14,Crawfordsville,4351,22,14,2FACC X 3IIH6,75,2022-07-25,151.6327879935998,-0.0253356778250996,5.0,2,0
225,False,Crawfordsville|4352|17|7,Crawfordsville,4352,17,7,2369 X PHP02,75,2022-07-25,151.6789079563949,-0.02083977217394717,5.0,2,0
226,False,Crawfordsville|4353|28|45,Crawfordsville,4353,28,45,LH123HT X 3IIH6,75,2022-07-25,151.68984323178967,-0.024011138155806244,5.0,2,0
227,False,Crawfordsville|4353|35|42,Crawfordsville,4353,35,42,PHK76 X 3IIH6,75,2022-07-25,151.77981974789387,-0.023519183862377946,5.0,2,0
228,False,Crawfordsville|4353|33|43,Crawfordsville,4353,33,43,LH198 X PHZ51,75,2022-07-25,151.79800886599466,-0.01879570511017059,5.0,2,0
229,False,Crawfordsville|4352|15|9,Crawfordsville,4352,15,9,LH195 X LH185,75,2022-07-25,151.81687530767144,-0.03051161345451714,5.0,2,0
230,False,Crawfordsville|4351|3|20,Crawfordsville,4351,3,20,N209 X 3IIH6,75,2022-07-25,151.86963163050925,-0.001449660334975067,5.0,2,0
231,False,Crawfordsville|4353|32|45,Crawfordsville,4353,32,45,LH198 X PHB47,75,2022-07-25,151.90271960907864,-0.031002036730393034,5.0,2,0
232,False,Crawfordsville|4353|10|45,Crawfordsville,4353,10,45,PHP02 X PHG47,75,2022-07-25,151.98425908360883,-0.007826605404237075,5.0,2,0
233,False,Crawfordsville|4353|19|45,Crawfordsville,4353,19,45,B73 X MO17,75,2022-07-25,151.9882358902649,-0.017819490601890475,5.0,2,0
234,False,Crawfordsville|4353|29|45,Crawfordsville,4353,29,45,PHJ40 X LH82,75,2022-07-25,152.01758883432507,-0.016129067085683957,5.0,2,0
235,False,Crawfordsville|4353|31|45,Crawfordsville,4353,31,45,PHP02 X PHJ89,75,2022-07-25,152.05583038682082,-0.016771189791933816,5.0,2,0
236,False,Crawfordsville|4353|19|43,Crawfordsville,4353,19,43,PHT69 X 3IIH6,75,2022-07-25,152.08086520974322,-0.012674689923860893,5.0,2,0
237,False,Crawfordsville|4351|9|14,Crawfordsville,4351,9,14,LH185 X LH82,75,2022-07-25,152.16594797963214,-0.024653799270340282,5.0,2,0
238,False,Crawfordsville|4351|9|13,Crawfordsville,4351,9,13,LH195 X LH123HT,75,2022-07-25,152.24802980096382,-0.016235771036291036,5.0,2,0
239,False,Crawfordsville|4351|13|16,Crawfordsville,4351,13,16,HOEGEMEYER 8065RR,75,2022-07-25,152.2809033996107,-0.014465850155208404,5.0,2,0
240,False,Crawfordsville|4353|32|42,Crawfordsville,4353,32,42,2369 X PHN82,75,2022-07-25,152.32264723430052,-0.016513351378663832,5.0,2,0
241,False,Crawfordsville|4351|23|18,Crawfordsville,4351,23,18,LH185 X LH82,75,2022-07-25,152.39577609765522,-0.021530464488946355,5.0,2,0
242,False,Crawfordsville|4353|19|46,Crawfordsville,4353,19,46,LH198 X PHB47,75,2022-07-25,152.40523102311596,-0.028651034684993082,5.0,2,0
243,False,Crawfordsville|4351|10|17,Crawfordsville,4351,10,17,PHG39 X PHM49,75,2022-07-25,152.50839427868812,-0.03110590478957931,5.0,2,0
244,False,Crawfordsville|4353|15|44,Crawfordsville,4353,15,44,LH74 X PHN82,75,2022-07-25,152.55519565333384,-0.02275381613672378,5.0,2,0
245,False,Crawfordsville|4353|18|46,Crawfordsville,4353,18,46,PHK76 X 3IIH6,75,2022-07-25,152.60678259729426,-0.03245811353019734,5.0,2,0
246,False,Crawfordsville|4353|22|44,Crawfordsville,4353,22,44,PHP02 X PHK56,75,2022-07-25,152.61717115896326,-0.021501757735207683,5.0,2,0
247,False,Crawfordsville|4351|16|16,Crawfordsville,4351,16,16,PHN46 X PHB47,75,2022-07-25,152.6317602695271,-0.019357518210305957,5.0,2,0
248,False,Crawfordsville|4351|19|16,Crawfordsville,4351,19,16,PHK56 X LH82,75,2022-07-25,152.64901744103793,-0.012629784019058565,5.0,2,0
249,False,Crawfordsville|4353|34|45,Crawfordsville,4353,34,45,PHP02 X PHK76,75,2022-07-25,152.66456534500256,-0.020953154316069478,5.0,2,0
250,False,Crawfordsville|4351|6|13,Crawfordsville,4351,6,13,PHK56 X LH198,75,2022-07-25,152.72459814213462,-0.022859096696724146,5.0,2,0
251,False,Crawfordsville|4353|13|44,Crawfordsville,4353,13,44,B37 X MO17,75,2022-07-25,152.7488833807681,-0.0263970782041707,5.0,2,0
252,False,Crawfordsville|4353|8|45,Crawfordsville,4353,8,45,PHN46 X PHK56,75,2022-07-25,152.75255684059314,0.0003215886308084448,5.0,2,0
253,False,Crawfordsville|4353|14|43,Crawfordsville,4353,14,43,PHK76 X LH198,75,2022-07-25,152.75712042871402,-0.011619275895470738,5.0,2,0
254,False,Crawfordsville|4352|10|3,Crawfordsville,4352,10,3,PHJ40 X LH82,75,2022-07-25,152.85852934988117,-0.018395253630864472,5.0,2,0
255,False,Crawfordsville|4353|25|42,Crawfordsville,4353,25,42,N209 X 3IIH6,75,2022-07-25,152.8603973954347,-0.02393475314570226,5.0,2,0
256,False,Crawfordsville|4352|4|7,Crawfordsville,4352,4,7,B37 X OH43,75,2022-07-25,152.86744807428803,-0.033435669885766406,5.0,2,0
257,False,Crawfordsville|4353|21|43,Crawfordsville,4353,21,43,PHW52 X PHZ51,75,2022-07-25,152.9299425311885,-0.024319773622851093,5.0,2,0
258,False,Crawfordsville|4352|12|3,Crawfordsville,4352,12,3,B37 X MO17,75,2022-07-25,152.95626762968737,-0.0272721787879443,5.0,2,0
259,False,Crawfordsville|4353|36|45,Crawfordsville,4353,36,45,PHP02 X LH198,75,2022-07-25,152.9586057196798,-0.021431853073898055,5.0,2,0
260,False,Crawfordsville|4353|17|43,Crawfordsville,4353,17,43,PIONEER 1311 AMXT,75,2022-07-25,153.06859727433022,-0.0295534810217718,5.0,2,0
261,False,Crawfordsville|4352|19|3,Crawfordsville,4352,19,3,B37 X MO17,75,2022-07-25,153.2213490529798,-0.02527943014216516,5.0,2,0
262,False,Crawfordsville|4353|9|46,Crawfordsville,4353,9,46,PHN46 X W606S,75,2022-07-25,153.25211601726494,-0.006853188506185548,5.0,2,0
263,False,Crawfordsville|4351|16|18,Crawfordsville,4351,16,18,PHG39 X PHM49,75,2022-07-25,153.28789042097958,-0.03814772286973178,5.0,2,0
264,False,Crawfordsville|4351|22|20,Crawfordsville,4351,22,20,PHN46 X W606S,75,2022-07-25,153.2927154340111,-0.012496333781670255,5.0,2,0
265,False,Crawfordsville|4353|27|45,Crawfordsville,4353,27,45,PHK56 X W606S,75,2022-07-25,153.39412549606095,-0.012546635601462741,5.0,2,0
266,False,Crawfordsville|4351|18|13,Crawfordsville,4351,18,13,LH74 X PHM49,75,2022-07-25,153.40587719463468,-0.03368006436487492,5.0,2,0
267,False,Crawfordsville|4352|18|6,Crawfordsville,4352,18,6,2FACC X 3IIH6,75,2022-07-25,153.4450885240538,-0.02138276989447674,5.0,2,0
268,False,Crawfordsville|4351|21|14,Crawfordsville,4351,21,14,PHG39 X PHN82,75,2022-07-25,153.45601311994437,-0.017159646619483215,5.0,2,0
269,False,Crawfordsville|4352|19|7,Crawfordsville,4352,19,7,PHP02 X LH82,75,2022-07-25,153.5895994566438,-0.023130806230042156,5.0,2,0
270,False,Crawfordsville|4351|5|16,Crawfordsville,4351,5,16,PHK56 X 3IIH6,75,2022-07-25,153.6944788800328,-0.01813902439031989,5.0,2,0
271,False,Crawfordsville|4351|7|16,Crawfordsville,4351,7,16,PHP02 X PHG47,75,2022-07-25,153.70240425050827,-0.02246815594169338,5.0,2,0
272,False,Crawfordsville|4353|23|45,Crawfordsville,4353,23,45,LH145 X LH162,75,2022-07-25,153.71408910254956,-0.01566178142673169,5.0,2,0
273,False,Crawfordsville|4353|7|44,Crawfordsville,4353,7,44,PHP02 X LH198,75,2022-07-25,153.76441181644196,-0.019484185468958137,5.0,2,0
274,False,Crawfordsville|4353|13|46,Crawfordsville,4353,13,46,PHW52 X PHN82,75,2022-07-25,153.77299830118665,-0.017858648541008715,5.0,2,0
275,False,Crawfordsville|4353|18|42,Crawfordsville,4353,18,42,PHW52 X PHZ51,75,2022-07-25,153.80266035600584,-0.026631443214972794,5.0,2,0
276,False,Crawfordsville|4351|23|14,Crawfordsville,4351,23,14,PHK76 X LH82,75,2022-07-25,153.85083006745828,-0.02152982677720161,5.0,2,0
277,False,Crawfordsville|4353|28|44,Crawfordsville,4353,28,44,LH74 X PHN82,75,2022-07-25,153.87251161006841,-0.027521999211211456,5.0,2,0
278,False,Crawfordsville|4352|13|8,Crawfordsville,4352,13,8,LH123HT X PHB47,75,2022-07-25,153.9214460426618,-0.01570765337556801,5.0,2,0
279,False,Crawfordsville|4353|33|42,Crawfordsville,4353,33,42,LH74 X PHM49,75,2022-07-25,153.9671714203348,-0.02711893810826771,5.0,2,0
280,False,Crawfordsville|4353|22|42,Crawfordsville,4353,22,42,PHW52 X LH185,75,2022-07-25,154.0635558014674,-0.02861325877194465,5.0,2,0
281,False,Crawfordsville|4353|16|46,Crawfordsville,4353,16,46,PHK56 X 3IIH6,75,2022-07-25,154.06546027971388,-0.02335725767633967,5.0,2,0
282,False,Crawfordsville|4352|8|6,Crawfordsville,4352,8,6,PHT69 X 3IIH6,75,2022-07-25,154.17644004152083,-0.019202351229396952,5.0,2,0
283,False,Crawfordsville|4351|18|20,Crawfordsville,4351,18,20,PHB47 X PHJ89,75,2022-07-25,154.22614140637796,-0.015475164972457711,5.0,2,0
284,False,Crawfordsville|4353|26|43,Crawfordsville,4353,26,43,PHN46 X W606S,75,2022-07-25,154.30122228873927,-0.026119387184062037,5.0,2,0
285,False,Crawfordsville|4352|12|7,Crawfordsville,4352,12,7,B73 X PHZ51,75,2022-07-25,154.37724748622227,-0.020948475864197236,5.0,2,0
286,False,Crawfordsville|4353|22|45,Crawfordsville,4353,22,45,PIONEER P0589 AMXT,75,2022-07-25,154.42780250422535,-0.006729046247027637,5.0,2,0
287,False,Crawfordsville|4353|14|44,Crawfordsville,4353,14,44,LH198 X PHZ51,75,2022-07-25,154.4613176862136,-0.019904149364434187,5.0,2,0
288,False,Crawfordsville|4353|13|43,Crawfordsville,4353,13,43,B73 X PHN82,75,2022-07-25,154.48172429429965,-0.0069728620839616395,5.0,2,0
289,False,Crawfordsville|4353|20|42,Crawfordsville,4353,20,42,PHN46 X PHK56,75,2022-07-25,154.5101603531198,-0.015897488028171702,5.0,2,0
290,False,Crawfordsville|4353|34|42,Crawfordsville,4353,34,42,PHP02 X PHG47,75,2022-07-25,154.5425911949165,-0.01835672216527895,5.0,2,0
291,False,Crawfordsville|4351|13|15,Crawfordsville,4351,13,15,PHK56 X LH185,75,2022-07-25,154.55213936681866,-0.016056067641728067,5.0,2,0
292,False,Crawfordsville|4352|19|8,Crawfordsville,4352,19,8,4N506 X 3IIH6,75,2022-07-25,154.57216067715115,-0.013988279037622897,5.0,2,0
293,False,Crawfordsville|4351|8|18,Crawfordsville,4351,8,18,PHW52 X PHM49,75,2022-07-25,154.57845298776624,-0.0332792564007961,5.0,2,0
294,False,Crawfordsville|4352|9|4,Crawfordsville,4352,9,4,PHK76 X W606S,75,2022-07-25,154.5976855850109,-0.021599953251794757,5.0,2,0
295,False,Crawfordsville|4352|14|9,Crawfordsville,4352,14,9,LH195 X PHZ51,75,2022-07-25,154.60027356220507,-0.012376020033533441,5.0,2,0
296,False,Crawfordsville|4353|12|42,Crawfordsville,4353,12,42,PHB47 X 3IIH6,75,2022-07-25,154.63491169152394,-0.025055562263186948,5.0,2,0
297,False,Crawfordsville|4352|7|3,Crawfordsville,4352,7,3,LH82 X PHJ89,75,2022-07-25,154.83641963103835,-0.027657969235781454,5.0,2,0
298,False,Crawfordsville|4352|3|5,Crawfordsville,4352,3,5,LH195 X LH185,75,2022-07-25,154.9194382454239,-0.0345747712278881,5.0,2,0
299,False,Crawfordsville|4353|26|46,Crawfordsville,4353,26,46,PHG39 X PHM49,75,2022-07-25,154.9766873459326,-0.042344414285153786,5.0,2,0
300,False,Crawfordsville|4353|6|45,Crawfordsville,4353,6,45,LH82 X PHJ89,75,2022-07-25,155.06143187033405,-0.010065856862625289,5.0,2,0
301,False,Crawfordsville|4353|25|46,Crawfordsville,4353,25,46,PHK76 X LH198,75,2022-07-25,155.0726038872545,-0.02281131996665864,5.0,2,0
302,False,Crawfordsville|4352|10|2,Crawfordsville,4352,10,2,2FACC X 3IIH6,75,2022-07-25,155.17450378034692,-0.01829257470307044,5.0,2,0
303,False,Crawfordsville|4351|13|14,Crawfordsville,4351,13,14,PHK56 X 3IIH6,75,2022-07-25,155.22308204150508,-0.015594549961851722,5.0,2,0
304,False,Crawfordsville|4353|23|42,Crawfordsville,4353,23,42,PHW52 X PHN82,75,2022-07-25,155.23649868067506,-0.026824530086523524,5.0,2,0
305,False,Crawfordsville|4353|12|45,Crawfordsville,4353,12,45,B14A X MO17,75,2022-07-25,155.2383144916603,-0.012099583563130123,5.0,2,0
306,False,Crawfordsville|4352|4|4,Crawfordsville,4352,4,4,LH74 X PHN82,75,2022-07-25,155.2722859152982,-0.01685543143363688,5.0,2,0
307,False,Crawfordsville|4353|12|44,Crawfordsville,4353,12,44,PHG39 X PHM49,75,2022-07-25,155.43121957476842,-0.03316835409601293,5.0,2,0
308,False,Crawfordsville|4352|17|3,Crawfordsville,4352,17,3,PHJ40 X LH82,75,2022-07-25,155.4568383673592,-0.02012164869709898,5.0,2,0
309,False,Crawfordsville|4351|7|20,Crawfordsville,4351,7,20,PIONEER P0589 AMXT,75,2022-07-25,155.60372933794216,-0.0038373644605372847,5.0,2,0
310,False,Crawfordsville|4353|33|45,Crawfordsville,4353,33,45,PHW52 X PHM49,75,2022-07-25,155.63002775051928,-0.0337902729689743,5.0,2,0
311,False,Crawfordsville|4351|21|19,Crawfordsville,4351,21,19,PHW52 X LH185,75,2022-07-25,155.67264465927803,-0.033872247909535136,5.0,2,0
312,False,Crawfordsville|4353|30|44,Crawfordsville,4353,30,44,PHK56 X LH82,75,2022-07-25,155.90027613149792,-0.018825255870803748,5.0,2,0
313,False,Crawfordsville|4352|14|6,Crawfordsville,4352,14,6,LH145 X LH162,75,2022-07-25,155.9959595831488,-0.01991132294670117,5.0,2,0
314,False,Crawfordsville|4351|11|19,Crawfordsville,4351,11,19,PHP02 X W606S,75,2022-07-25,156.0262973431208,-0.018798091213685364,5.0,2,0
315,False,Crawfordsville|4351|20|13,Crawfordsville,4351,20,13,PHB47 X PHK56,75,2022-07-25,156.08499085552037,-0.0055557377776105366,5.0,2,0
316,False,Crawfordsville|4353|33|44,Crawfordsville,4353,33,44,PHB47 X LH185,75,2022-07-25,156.09081835536546,-0.030055092378367787,5.0,2,0
317,False,Crawfordsville|4353|12|43,Crawfordsville,4353,12,43,PHK56 X LH198,75,2022-07-25,156.09399373623313,-0.021581369647026616,5.0,2,0
318,False,Crawfordsville|4351|19|20,Crawfordsville,4351,19,20,B73 X PHM49,75,2022-07-25,156.1027569569527,-0.024837570847131563,5.0,2,0
319,False,Crawfordsville|4351|15|17,Crawfordsville,4351,15,17,PHP02 X W606S,75,2022-07-25,156.14547286099847,-0.01764530914280804,5.0,2,0
320,False,Crawfordsville|4353|28|46,Crawfordsville,4353,28,46,PHK76 X LH82,75,2022-07-25,156.16119889824682,-0.02971493045837892,5.0,2,0
321,False,Crawfordsville|4351|5|19,Crawfordsville,4351,5,19,PHB47 X 3IIH6,75,2022-07-25,156.2179354379328,-0.01965523303328398,5.0,2,0
322,False,Crawfordsville|4352|15|7,Crawfordsville,4352,15,7,PHB47 X PHJ89,75,2022-07-25,156.28280300205375,-0.01571239538290803,5.0,2,0
323,False,Crawfordsville|4352|15|2,Crawfordsville,4352,15,2,PHP02 X PHK76,75,2022-07-25,156.33807382746403,-0.01564187308091569,5.0,2,0
324,False,Crawfordsville|4353|30|42,Crawfordsville,4353,30,42,2FACC X 3IIH6,75,2022-07-25,156.38815854845848,-0.022025541988793584,5.0,2,0
325,False,Crawfordsville|4353|16|43,Crawfordsville,4353,16,43,2FACC X 3IIH6,75,2022-07-25,156.41542187185007,-0.03272109636487763,5.0,2,0
326,False,Crawfordsville|4352|9|3,Crawfordsville,4352,9,3,PIONEER P0589 AMXT,75,2022-07-25,156.6079905478753,-0.012649555287005732,5.0,2,0
327,False,Crawfordsville|4353|24|43,Crawfordsville,4353,24,43,SYNGENTA NK0760-3111,75,2022-07-25,156.6969918190814,-0.018869433620810394,5.0,2,0
328,False,Crawfordsville|4351|15|18,Crawfordsville,4351,15,18,PHW52 X PHN82,75,2022-07-25,156.7095742320756,-0.022619973291019724,5.0,2,0
329,False,Crawfordsville|4352|9|8,Crawfordsville,4352,9,8,LH195 X LH123HT,75,2022-07-25,156.94475760721707,-0.010007214513935825,5.0,2,0
330,False,Crawfordsville|4352|15|3,Crawfordsville,4352,15,3,PHK76 X LH82,75,2022-07-25,156.95246485820766,-0.03985778441213672,5.0,2,0
331,False,Crawfordsville|4352|17|4,Crawfordsville,4352,17,4,LH185 X LH82,75,2022-07-25,157.04898780787016,-0.019941165407867834,5.0,2,0
332,False,Crawfordsville|4351|22|19,Crawfordsville,4351,22,19,F42 X MO17,75,2022-07-25,157.06018947061864,-0.022880697354639823,5.0,2,0
333,False,Crawfordsville|4353|8|42,Crawfordsville,4353,8,42,HOEGEMEYER 8065RR,75,2022-07-25,157.07943169754628,-0.014438000762326597,5.0,2,0
334,False,Crawfordsville|4352|22|5,Crawfordsville,4352,22,5,LH195 X LH123HT,75,2022-07-25,157.0912972408231,-0.017429310905547446,5.0,2,0
335,False,Crawfordsville|4352|4|9,Crawfordsville,4352,4,9,PHK76 X LH82,75,2022-07-25,157.12601802904814,-0.021285273754210188,5.0,2,0
336,False,Crawfordsville|4353|28|42,Crawfordsville,4353,28,42,B73 X PHM49,75,2022-07-25,157.17895282984455,-0.005160202713584416,5.0,2,0
337,False,Crawfordsville|4353|26|44,Crawfordsville,4353,26,44,LH195 X LH123HT,75,2022-07-25,157.20892389781807,-0.022697377806636054,5.0,2,0
338,False,Crawfordsville|4353|8|44,Crawfordsville,4353,8,44,PHW52 X PHM49,75,2022-07-25,157.22237727862375,-0.025674338724345658,5.0,2,0
339,False,Crawfordsville|4353|11|46,Crawfordsville,4353,11,46,PHW52 X LH185,75,2022-07-25,157.23225129564494,-0.02771367425360005,5.0,2,0
340,False,Crawfordsville|4353|14|46,Crawfordsville,4353,14,46,PHK56 X LH82,75,2022-07-25,157.25584005215717,-0.014363299150214281,5.0,2,0
341,False,Crawfordsville|4352|13|3,Crawfordsville,4352,13,3,PHP02 X PHJ89,75,2022-07-25,157.3287979566552,-0.016813994022429335,5.0,2,0
342,False,Crawfordsville|4353|6|46,Crawfordsville,4353,6,46,LH195 X 3IIH6,75,2022-07-25,157.40645595249964,-0.02587777106509881,5.0,2,0
343,False,Crawfordsville|4352|16|4,Crawfordsville,4352,16,4,PHW52 X PHZ51,75,2022-07-25,157.40892332413102,-0.01938402802705297,5.0,2,0
344,False,Crawfordsville|4353|36|43,Crawfordsville,4353,36,43,B84 X 3IIH6,75,2022-07-25,157.45075703473572,-0.017004459452562903,5.0,2,0
345,False,Crawfordsville|4353|27|42,Crawfordsville,4353,27,42,PHK56 X 3IIH6,75,2022-07-25,157.45150357601608,-0.008720983651141712,5.0,2,0
346,False,Crawfordsville|4351|23|17,Crawfordsville,4351,23,17,PHN46 X PHK56,75,2022-07-25,157.51541670250865,-0.015975527070021922,5.0,2,0
347,False,Crawfordsville|4351|19|19,Crawfordsville,4351,19,19,B73 X PHN82,75,2022-07-25,157.57897271501213,-0.02405288307086706,5.0,2,0
348,False,Crawfordsville|4352|13|2,Crawfordsville,4352,13,2,PHK76 X W606S,75,2022-07-25,157.5884067751714,-0.017946064110476945,5.0,2,0
349,False,Crawfordsville|4353|35|43,Crawfordsville,4353,35,43,HOEGEMEYER 7089 AMXT,75,2022-07-25,157.63426355809753,-0.015841412567484725,5.0,2,0
350,False,Crawfordsville|4353|11|42,Crawfordsville,4353,11,42,B84 X 3IIH6,75,2022-07-25,157.71009676565973,-0.025841803294723853,5.0,2,0
351,False,Crawfordsville|4352|4|6,Crawfordsville,4352,4,6,LH145 X LH162,75,2022-07-25,157.72591127472728,-0.020062455149660985,5.0,2,0
352,False,Crawfordsville|4352|18|7,Crawfordsville,4352,18,7,PHK56 X LH185,75,2022-07-25,157.7627270404159,-0.017609137758197835,5.0,2,0
353,False,Crawfordsville|4353|26|45,Crawfordsville,4353,26,45,PHK56 X LH185,75,2022-07-25,157.7713525531175,-0.021663026667291585,5.0,2,0
354,False,Crawfordsville|4353|31|44,Crawfordsville,4353,31,44,PHB47 X 3IIH6,75,2022-07-25,157.8391814989165,-0.031753333699130915,5.0,2,0
355,False,Crawfordsville|4352|16|8,Crawfordsville,4352,16,8,PHP02 X LH185,75,2022-07-25,157.86186749274435,-0.016624660421068027,5.0,2,0
356,False,Crawfordsville|4352|8|8,Crawfordsville,4352,8,8,LH82 X PHB47,75,2022-07-25,157.91033084289853,-0.02459381992809828,5.0,2,0
357,False,Crawfordsville|4352|7|9,Crawfordsville,4352,7,9,B73 X MO17,75,2022-07-25,157.96863659673747,-0.011069484853457379,5.0,2,0
358,False,Crawfordsville|4351|21|13,Crawfordsville,4351,21,13,PHW52 X PHM49,75,2022-07-25,157.99001071623368,-0.03399562556500901,5.0,2,0
359,False,Crawfordsville|4352|8|7,Crawfordsville,4352,8,7,HOEGEMEYER 8065RR,75,2022-07-25,157.99225239379024,-0.014349822760089004,5.0,2,0
360,False,Crawfordsville|4352|11|5,Crawfordsville,4352,11,5,PHP02 X LH185,75,2022-07-25,158.11435394957084,-0.020564998625729358,5.0,2,0
361,False,Crawfordsville|4352|12|2,Crawfordsville,4352,12,2,LH123HT X 3IIH6,75,2022-07-25,158.23606342750696,-0.020016712317060925,5.0,2,0
362,False,Crawfordsville|4353|24|46,Crawfordsville,4353,24,46,HOEGEMEYER 8065RR,75,2022-07-25,158.28702022154522,-0.024819243306249295,5.0,2,0
363,False,Crawfordsville|4351|5|17,Crawfordsville,4351,5,17,PHK56 X LH185,75,2022-07-25,158.3169539610717,-0.015403577427840709,5.0,2,0
364,False,Crawfordsville|4353|36|44,Crawfordsville,4353,36,44,B73 X 3IIH6,75,2022-07-25,158.35421744211607,-0.02066792898466374,5.0,2,0
365,False,Crawfordsville|4353|23|43,Crawfordsville,4353,23,43,PHN46 X PHB47,75,2022-07-25,158.40320787797108,-0.02624278373532052,5.0,2,0
366,False,Crawfordsville|4352|21|9,Crawfordsville,4352,21,9,2369 X PHZ51,75,2022-07-25,158.55411767659342,-0.016070552467849164,5.0,2,0
367,False,Crawfordsville|4352|16|7,Crawfordsville,4352,16,7,2369 X LH123HT,75,2022-07-25,158.7218637237544,-0.011512132502366601,5.0,2,0
368,False,Crawfordsville|4352|14|4,Crawfordsville,4352,14,4,PIONEER P0589 AMXT,75,2022-07-25,158.7354515521509,-0.013475967185568871,5.0,2,0
369,False,Crawfordsville|4353|23|44,Crawfordsville,4353,23,44,PHK56 X PHJ89,75,2022-07-25,158.77805698344542,-0.014257310493974051,5.0,2,0
370,False,Crawfordsville|4352|18|2,Crawfordsville,4352,18,2,B73 X PHZ51,75,2022-07-25,158.80234911773172,-0.016054781953132924,5.0,2,0
371,False,Crawfordsville|4353|11|43,Crawfordsville,4353,11,43,PHP02 X W606S,75,2022-07-25,158.93740560800455,-0.023565382876563623,5.0,2,0
372,False,Crawfordsville|4353|36|42,Crawfordsville,4353,36,42,LH185 X LH82,75,2022-07-25,159.00065949523722,-0.02521545496268829,5.0,2,0
373,False,Crawfordsville|4352|16|5,Crawfordsville,4352,16,5,PHW52 X LH185,75,2022-07-25,159.2619634832328,-0.036400705827916435,5.0,2,0
374,False,Crawfordsville|4353|26|42,Crawfordsville,4353,26,42,2369 X 3IIH6,75,2022-07-25,159.28461250451323,-0.025771576604733948,5.0,2,0
375,False,Crawfordsville|4352|9|6,Crawfordsville,4352,9,6,LH195 X PHZ51,75,2022-07-25,159.29277090653767,-0.023546525406473506,5.0,2,0
376,False,Crawfordsville|4351|12|19,Crawfordsville,4351,12,19,PHB47 X LH185,75,2022-07-25,159.36254671718163,-0.022042132177337526,5.0,2,0
377,False,Crawfordsville|4353|21|45,Crawfordsville,4353,21,45,LH185 X W606S,75,2022-07-25,159.36585556364696,-0.01392004623184151,5.0,2,0
378,False,Crawfordsville|4352|23|6,Crawfordsville,4352,23,6,PHP02 X PHN46,75,2022-07-25,159.42839277973206,-0.02966705048667373,5.0,2,0
379,False,Crawfordsville|4352|11|6,Crawfordsville,4352,11,6,PHK56 X 3IIH6,75,2022-07-25,159.4954469764329,-0.01589185313191266,5.0,2,0
380,False,Crawfordsville|4352|21|2,Crawfordsville,4352,21,2,LH82 X PHB47,75,2022-07-25,159.69561886357337,-0.016827965531811095,5.0,2,0
381,False,Crawfordsville|4352|8|9,Crawfordsville,4352,8,9,LH123HT X PHB47,75,2022-07-25,159.7323801278483,-0.0176981791901466,5.0,2,0
382,False,Crawfordsville|4352|3|4,Crawfordsville,4352,3,4,F42 X OH43,75,2022-07-25,159.75004033311208,-0.01381705523642085,5.0,2,0
383,False,Crawfordsville|4352|3|2,Crawfordsville,4352,3,2,PHK56 X LH185,75,2022-07-25,159.767781876354,-0.013823344402296711,5.0,2,0
384,False,Crawfordsville|4351|2|13,Crawfordsville,4351,2,13,LH145 X LH162,75,2022-07-25,159.77421802852552,-0.022177619028466267,5.0,2,0
385,False,Crawfordsville|4351|17|13,Crawfordsville,4351,17,13,LH145 X LH162,75,2022-07-25,159.80974430049665,-0.018019306363010523,5.0,2,0
386,False,Crawfordsville|4352|23|9,Crawfordsville,4352,23,9,N209 X 3IIH6,75,2022-07-25,159.8263705863031,-0.013898993428085649,5.0,2,0
387,False,Crawfordsville|4353|16|44,Crawfordsville,4353,16,44,LH185 X LH82,75,2022-07-25,159.8515247650573,-0.020747077711791073,5.0,2,0
388,False,Crawfordsville|4353|10|43,Crawfordsville,4353,10,43,PHN46 X PHB47,75,2022-07-25,159.93070627070998,-0.02524491594046674,5.0,2,0
389,False,Crawfordsville|4352|23|7,Crawfordsville,4352,23,7,PHT69 X 3IIH6,75,2022-07-25,159.93928967616608,-0.019292094422549755,5.0,2,0
390,False,Crawfordsville|4352|20|5,Crawfordsville,4352,20,5,LH198 X PHZ51,75,2022-07-25,159.94106568185904,-0.022352793922245984,5.0,2,0
391,False,Crawfordsville|4352|7|6,Crawfordsville,4352,7,6,HOEGEMEYER 7089 AMXT,75,2022-07-25,159.98049299010896,-0.021686446928037117,5.0,2,0
392,False,Crawfordsville|4352|3|8,Crawfordsville,4352,3,8,PHB47 X PHK56,75,2022-07-25,159.99356766980867,-0.011657072216068043,5.0,2,0
393,False,Crawfordsville|4352|20|6,Crawfordsville,4352,20,6,LH123HT X 3IIH6,75,2022-07-25,160.0175702193031,-0.029154071617339072,5.0,2,0
394,False,Crawfordsville|4352|4|8,Crawfordsville,4352,4,8,2369 X PHP02,75,2022-07-25,160.06036302561938,-0.01914533294311571,5.0,2,0
395,False,Crawfordsville|4352|12|4,Crawfordsville,4352,12,4,2369 X PHN82,75,2022-07-25,160.10241034257683,-0.01446400150683036,5.0,2,0
396,False,Crawfordsville|4351|9|16,Crawfordsville,4351,9,16,B84 X 3IIH6,75,2022-07-25,160.1792085005528,-0.021223928791325508,5.0,2,0
397,False,Crawfordsville|4353|6|44,Crawfordsville,4353,6,44,PHK56 X LH185,75,2022-07-25,160.17961762137028,-0.01652069784576693,5.0,2,0
398,False,Crawfordsville|4352|21|4,Crawfordsville,4352,21,4,PHK56 X LH198,75,2022-07-25,160.38708055454765,-0.012886743262138567,5.0,2,0
399,False,Crawfordsville|4352|7|4,Crawfordsville,4352,7,4,PHK76 X LH198,75,2022-07-25,160.42185703903738,-0.027995585298087433,5.0,2,0
400,False,Crawfordsville|4352|20|8,Crawfordsville,4352,20,8,2369 X 3IIH6,75,2022-07-25,160.42298729607418,-0.01168390632764782,5.0,2,0
401,False,Crawfordsville|4351|22|17,Crawfordsville,4351,22,17,LH198 X PHB47,75,2022-07-25,160.48830862847663,-0.025551486384509325,5.0,2,0
402,False,Crawfordsville|4352|17|5,Crawfordsville,4352,17,5,PHP02 X PHK56,75,2022-07-25,160.49398528249054,-0.022027005386793697,5.0,2,0
403,False,Crawfordsville|4352|12|5,Crawfordsville,4352,12,5,LH82 X W606S,75,2022-07-25,160.52387436453114,-0.010776523578979846,5.0,2,0
404,False,Crawfordsville|4352|15|4,Crawfordsville,4352,15,4,B84 X 3IIH6,75,2022-07-25,160.69541943940055,-0.02869948150491397,5.0,2,0
405,False,Crawfordsville|4352|6|4,Crawfordsville,4352,6,4,LH195 X 3IIH6,75,2022-07-25,160.74753026296236,-0.04086946615392162,5.0,2,0
406,False,Crawfordsville|4351|9|18,Crawfordsville,4351,9,18,PHN46 X PHB47,75,2022-07-25,160.86849670484693,-0.027667680224921387,5.0,2,0
407,False,Crawfordsville|4352|9|7,Crawfordsville,4352,9,7,2369 X LH123HT,75,2022-07-25,160.90152104976067,-0.00691737727520958,5.0,2,0
408,False,Crawfordsville|4352|11|8,Crawfordsville,4352,11,8,PHB47 X LH185,75,2022-07-25,161.07870946490397,-0.024522440807300372,5.0,2,0
409,False,Crawfordsville|4352|8|3,Crawfordsville,4352,8,3,PHW52 X PHN82,75,2022-07-25,161.08010855385328,-0.03672281874128991,5.0,2,0
410,False,Crawfordsville|4352|14|8,Crawfordsville,4352,14,8,PHB47 X PHK56,75,2022-07-25,161.10835116747697,-0.015686994691420875,5.0,2,0
411,False,Crawfordsville|4352|5|2,Crawfordsville,4352,5,2,2369 X 3IIH6,75,2022-07-25,161.14402431831996,-0.018952028334543236,5.0,2,0
412,False,Crawfordsville|4353|8|43,Crawfordsville,4353,8,43,LH145 X LH162,75,2022-07-25,161.15424525795737,-0.011654888935154206,5.0,2,0
413,False,Crawfordsville|4352|5|8,Crawfordsville,4352,5,8,PHP02 X PHG47,75,2022-07-25,161.44875821682749,-0.008334868035598575,5.0,2,0
414,False,Crawfordsville|4352|22|4,Crawfordsville,4352,22,4,LH82 X PHJ89,75,2022-07-25,161.50350670710432,-0.016386137969227832,5.0,2,0
415,False,Crawfordsville|4352|13|9,Crawfordsville,4352,13,9,LH185 X LH145,75,2022-07-25,161.57954262702486,-0.009724513304234739,5.0,2,0
416,False,Crawfordsville|4353|22|46,Crawfordsville,4353,22,46,PHG39 X PHN82,75,2022-07-25,161.65924845885746,-0.020543570820323542,5.0,2,0
417,False,Crawfordsville|4352|17|8,Crawfordsville,4352,17,8,PHK56 X LH82,75,2022-07-25,161.6916699670927,-0.021475586029671367,5.0,2,0
418,False,Crawfordsville|4352|23|2,Crawfordsville,4352,23,2,LH74 X PHN82,75,2022-07-25,161.73019562360963,-0.017307080070586234,5.0,2,0
419,False,Crawfordsville|4352|2|6,Crawfordsville,4352,2,6,N209 X 3IIH6,75,2022-07-25,161.90035965712678,-0.02046700478046304,5.0,2,0
420,False,Crawfordsville|4352|22|2,Crawfordsville,4352,22,2,PHB47 X LH185,75,2022-07-25,161.91676926520776,-0.030162682296520527,5.0,2,0
421,False,Crawfordsville|4352|13|5,Crawfordsville,4352,13,5,PHK56 X W606S,75,2022-07-25,162.06477687666305,-0.009499336956721338,5.0,2,0
422,False,Crawfordsville|4352|14|5,Crawfordsville,4352,14,5,PHP02 X LH198,75,2022-07-25,162.16954847815117,-0.0202470370959158,5.0,2,0
423,False,Crawfordsville|4352|2|9,Crawfordsville,4352,2,9,PHP02 X LH198,75,2022-07-25,162.29878033514092,-0.01633916282170811,5.0,2,0
424,False,Crawfordsville|4352|16|2,Crawfordsville,4352,16,2,PHK76 X 3IIH6,75,2022-07-25,162.32714058299095,-0.029085441132051804,5.0,2,0
425,False,Crawfordsville|4352|20|2,Crawfordsville,4352,20,2,2369 X PHN82,75,2022-07-25,162.41578148005527,-0.012786423880925879,5.0,2,0
426,False,Crawfordsville|4352|3|7,Crawfordsville,4352,3,7,LH74 X PHM49,75,2022-07-25,162.49003932124998,-0.026811605250940063,5.0,2,0
427,False,Crawfordsville|4353|24|45,Crawfordsville,4353,24,45,PHP02 X W606S,75,2022-07-25,162.53050371735415,-0.01829224780405503,5.0,2,0
428,False,Crawfordsville|4352|12|6,Crawfordsville,4352,12,6,PHP02 X PHK56,75,2022-07-25,162.5497938935402,-0.02323792466945873,5.0,2,0
429,False,Crawfordsville|4351|12|13,Crawfordsville,4351,12,13,SYNGENTA NK0760-3111,75,2022-07-25,162.67851438197326,-0.014235312442009485,5.0,2,0
430,False,Crawfordsville|4353|9|45,Crawfordsville,4353,9,45,PHK76 X LH82,75,2022-07-25,162.89323629681513,-0.02120273622444757,5.0,2,0
431,False,Crawfordsville|4352|2|7,Crawfordsville,4352,2,7,PHK76 X 3IIH6,75,2022-07-25,162.98919407067697,-0.0268596737858533,5.0,2,0
432,False,Crawfordsville|4352|2|8,Crawfordsville,4352,2,8,PHK56 X LH198,75,2022-07-25,163.05671929290128,-0.019910504337697477,5.0,2,0
433,False,Crawfordsville|4352|12|8,Crawfordsville,4352,12,8,PHP02 X PHN46,75,2022-07-25,163.0642385873316,-0.03152902254604972,5.0,2,0
434,False,Crawfordsville|4352|4|2,Crawfordsville,4352,4,2,LH198 X PHZ51,75,2022-07-25,163.07812174761477,-0.010332910975900167,5.0,2,0
435,False,Crawfordsville|4351|13|17,Crawfordsville,4351,13,17,SYNGENTA NK0760-3111,75,2022-07-25,163.18061380959873,-0.02127286829607411,5.0,2,0
436,False,Crawfordsville|4352|11|7,Crawfordsville,4352,11,7,PIONEER 1311 AMXT,75,2022-07-25,163.2102992956358,-0.023968110181005198,5.0,2,0
437,False,Crawfordsville|4352|9|5,Crawfordsville,4352,9,5,B73 X PHN82,75,2022-07-25,163.22485866362382,-0.018409647805802676,5.0,2,0
438,False,Crawfordsville|4352|18|3,Crawfordsville,4352,18,3,PHK76 X LH198,75,2022-07-25,163.3485250040213,-0.023791819579551787,5.0,2,0
439,False,Crawfordsville|4353|15|42,Crawfordsville,4353,15,42,B73 X PHM49,75,2022-07-25,163.43523141863176,-0.019044251595041528,5.0,2,0
440,False,Crawfordsville|4353|20|43,Crawfordsville,4353,20,43,B73 X PHN82,75,2022-07-25,163.4863470029254,-0.019416545446262035,5.0,2,0
441,False,Crawfordsville|4352|6|5,Crawfordsville,4352,6,5,4N506 X 3IIH6,75,2022-07-25,163.56538640108175,-0.020967290273643968,5.0,2,0
442,False,Crawfordsville|4352|19|2,Crawfordsville,4352,19,2,PIONEER 1311 AMXT,75,2022-07-25,163.57579472370483,-0.015320947270593188,5.0,2,0
443,False,Crawfordsville|4352|10|6,Crawfordsville,4352,10,6,B73 X PHM49,75,2022-07-25,163.72133694425364,-0.0234891476566933,5.0,2,0
444,False,Crawfordsville|4352|7|7,Crawfordsville,4352,7,7,PHW52 X PHZ51,75,2022-07-25,163.91096597287154,-0.021282750653626614,5.0,2,0
445,False,Crawfordsville|4353|19|44,Crawfordsville,4353,19,44,B73 X 3IIH6,75,2022-07-25,164.02048852707492,-0.020149380593250665,5.0,2,0
446,False,Crawfordsville|4352|7|8,Crawfordsville,4352,7,8,PHK56 X W606S,75,2022-07-25,164.04948656592924,-0.013471772992256548,5.0,2,0
447,False,Crawfordsville|4352|5|7,Crawfordsville,4352,5,7,PHW52 X PHM49,75,2022-07-25,164.35185258275797,-0.03292445804204536,5.0,2,0
448,False,Crawfordsville|4352|3|6,Crawfordsville,4352,3,6,B14A X MO17,75,2022-07-25,164.47558465186694,-0.017119187287559567,5.0,2,0
449,False,Crawfordsville|4352|16|9,Crawfordsville,4352,16,9,LH198 X PHB47,75,2022-07-25,164.54830578643322,-0.029200068912511257,5.0,2,0
450,False,Crawfordsville|4352|17|9,Crawfordsville,4352,17,9,HOEGEMEYER 7089 AMXT,75,2022-07-25,164.67668584901548,-0.009425878449905833,5.0,2,0
451,False,Crawfordsville|4352|7|5,Crawfordsville,4352,7,5,B73 X 3IIH6,75,2022-07-25,164.6772425418006,-0.022590056802584524,5.0,2,0
452,False,Crawfordsville|4352|5|4,Crawfordsville,4352,5,4,PHP02 X W606S,75,2022-07-25,164.8073117438591,-0.01962232990876389,5.0,2,0
453,False,Crawfordsville|4352|17|6,Crawfordsville,4352,17,6,PHN46 X PHK56,75,2022-07-25,164.83264197644002,-0.02291710756057752,5.0,2,0
454,False,Crawfordsville|4352|19|4,Crawfordsville,4352,19,4,PHK56 X PHJ89,75,2022-07-25,164.84696263244683,-0.012957295043107386,5.0,2,0
455,False,Crawfordsville|4352|14|3,Crawfordsville,4352,14,3,PHP02 X W606S,75,2022-07-25,165.02750358875605,-0.02050388025216221,5.0,2,0
456,False,Crawfordsville|4352|4|5,Crawfordsville,4352,4,5,PHP02 X PHK76,75,2022-07-25,165.08913821943702,-0.015172130632001513,5.0,2,0
457,False,Crawfordsville|4352|12|9,Crawfordsville,4352,12,9,PHG39 X PHM49,75,2022-07-25,165.09055052428454,-0.025414620828810963,5.0,2,0
458,False,Crawfordsville|4352|18|4,Crawfordsville,4352,18,4,PHP02 X PHG47,75,2022-07-25,165.16986850336605,-0.018009951488866083,5.0,2,0
459,False,Crawfordsville|4352|22|6,Crawfordsville,4352,22,6,LH185 X W606S,75,2022-07-25,165.4080119928085,-0.020240766919611852,5.0,2,0
460,False,Crawfordsville|4352|17|2,Crawfordsville,4352,17,2,F42 X MO17,75,2022-07-25,165.84400606023974,-0.021911779510242257,5.0,2,0
461,False,Crawfordsville|4352|2|2,Crawfordsville,4352,2,2,PHW52 X LH185,75,2022-07-25,166.100313852885,-0.01993789129617296,5.0,2,0
462,False,Crawfordsville|4352|18|8,Crawfordsville,4352,18,8,PHG39 X PHM49,75,2022-07-25,166.22093800149707,-0.03196090631848669,5.0,2,0
463,False,Crawfordsville|4352|8|2,Crawfordsville,4352,8,2,PHN46 X W606S,75,2022-07-25,166.23599860793172,-0.014923538294470129,5.0,2,0
464,False,Crawfordsville|4352|4|3,Crawfordsville,4352,4,3,PHN46 X PHB47,75,2022-07-25,166.37363880403637,-0.024190839393769648,5.0,2,0
465,False,Crawfordsville|4352|3|3,Crawfordsville,4352,3,3,SYNGENTA NK0760-3111,75,2022-07-25,166.66865216873703,-0.0046732678853772525,5.0,2,0
466,False,Crawfordsville|4352|11|9,Crawfordsville,4352,11,9,LH185 X LH82,75,2022-07-25,166.70810418039548,-0.03267388324442677,5.0,2,0
467,False,Crawfordsville|4352|19|6,Crawfordsville,4352,19,6,B73 X MO17,75,2022-07-25,166.8193681727615,-0.015833042189981716,5.0,2,0
468,False,Crawfordsville|4352|6|8,Crawfordsville,4352,6,8,PHP02 X PHJ89,75,2022-07-25,166.93545734873697,-0.014625037486147074,5.0,2,0
469,False,Crawfordsville|4352|21|6,Crawfordsville,4352,21,6,HOEGEMEYER 8065RR,75,2022-07-25,167.08954813847834,-0.025537466100852724,5.0,2,0
470,False,Crawfordsville|4352|19|9,Crawfordsville,4352,19,9,B73 X PHM49,75,2022-07-25,167.0937861845793,-0.018556890688840144,5.0,2,0
471,False,Crawfordsville|4352|23|4,Crawfordsville,4352,23,4,PHW52 X PHM49,75,2022-07-25,167.22024397017594,-0.041850510807919794,5.0,2,0
472,False,Crawfordsville|4352|20|4,Crawfordsville,4352,20,4,PHB47 X 3IIH6,75,2022-07-25,167.28126981982425,-0.02604359848782123,5.0,2,0
473,False,Crawfordsville|4352|23|8,Crawfordsville,4352,23,8,PHW52 X PHN82,75,2022-07-25,167.4486447840879,-0.023915494235730583,5.0,2,0
474,False,Crawfordsville|4352|20|7,Crawfordsville,4352,20,7,B14A X MO17,75,2022-07-25,167.51387983915274,-0.018092972896819104,5.0,2,0
475,False,Crawfordsville|4352|9|9,Crawfordsville,4352,9,9,PHK56 X PHJ89,75,2022-07-25,167.639468936851,-0.017204580734886843,5.0,2,0
476,False,Crawfordsville|4352|6|3,Crawfordsville,4352,6,3,PHB47 X 3IIH6,75,2022-07-25,167.78416728270173,-0.034374192559354255,5.0,2,0
477,False,Crawfordsville|4352|11|4,Crawfordsville,4352,11,4,PHK56 X LH82,75,2022-07-25,168.14968338031687,-0.005107144855307277,5.0,2,0
478,False,Crawfordsville|4353|12|46,Crawfordsville,4353,12,46,SYNGENTA NK0760-3111,75,2022-07-25,168.30862024049623,-0.012961696443460013,5.0,2,0
479,False,Crawfordsville|4352|21|8,Crawfordsville,4352,21,8,PHN46 X W606S,75,2022-07-25,168.3614212361017,-0.014555000273441143,5.0,2,0
480,False,Crawfordsville|4352|6|2,Crawfordsville,4352,6,2,B84 X 3IIH6,75,2022-07-25,168.3768248256949,-0.02424316707973828,5.0,2,0
481,False,Crawfordsville|4352|16|6,Crawfordsville,4352,16,6,B73 X PHN82,75,2022-07-25,168.591011854912,-0.03275170454749032,5.0,2,0
482,False,Crawfordsville|4352|22|7,Crawfordsville,4352,22,7,B73 X 3IIH6,75,2022-07-25,169.54535536967467,-0.027427803530194028,5.0,2,0
483,False,Crawfordsville|4352|22|3,Crawfordsville,4352,22,3,PHK56 X 3IIH6,75,2022-07-25,169.58298353238555,-0.019102908944670816,5.0,2,0
484,False,Crawfordsville|4352|2|4,Crawfordsville,4352,2,4,LH198 X PHB47,75,2022-07-25,169.68662717621933,-0.020857380973970274,5.0,2,0
485,False,Crawfordsville|4352|6|9,Crawfordsville,4352,6,9,PHN46 X PHK56,75,2022-07-25,170.15653702219913,-0.013058251128505893,5.0,2,0
486,False,Crawfordsville|4352|18|5,Crawfordsville,4352,18,5,PHG39 X PHN82,75,2022-07-25,172.00509094187208,-0.029974019873335145,5.0,2,0
487,False,Crawfordsville|4352|22|9,Crawfordsville,4352,22,9,PHN46 X PHB47,75,2022-07-25,173.36069433085214,-0.03048470137148751,5.0,2,0
488,False,Crawfordsville|4352|23|5,Crawfordsville,4352,23,5,SYNGENTA NK0760-3111,75,2022-07-25,175.5721675000156,-0.016569733895664962,5.0,2,0
1,True,Lincoln|hybrids|4|37,Lincoln,hybrids,4,37,LH195 X PHM49,75,2022-08-05,76.22862076618077,,18.0,1,0
2,True,Lincoln|hybrids|12|36,Lincoln,hybrids,12,36,LH195 X PHM49,75,2022-08-05,78.96529725311603,,18.0,1,0
3,True,Lincoln|hybrids|8|6,Lincoln,hybrids,8,6,PHZ51 X LH145,75,2022-08-05,84.07903204769639,,18.0,1,0
4,True,Lincoln|hybrids|6|36,Lincoln,hybrids,6,36,PHP02 X LH145,75,2022-08-05,85.21976897313834,,18.0,1,0
5,True,Lincoln|hybrids|5|8,Lincoln,hybrids,5,8,B105 X 3IIH6,75,2022-08-05,86.5204626832888,,18.0,1,0
6,True,Lincoln|hybrids|3|17,Lincoln,hybrids,3,17,B37 X H95,75,2022-08-05,86.66101097862439,,18.0,1,0
7,True,Lincoln|hybrids|2|6,Lincoln,hybrids,2,6,B37 X H95,75,2022-08-05,86.74368957332436,,18.0,1,0
8,True,Lincoln|hybrids|12|38,Lincoln,hybrids,12,38,B37 X H95,75,2022-08-05,87.13710950832085,,18.0,1,0
9,True,Lincoln|hybrids|11|13,Lincoln,hybrids,11,13,WF9 X H95,75,2022-08-05,87.55970649243082,,18.0,1,0
10,True,Lincoln|hybrids|9|20,Lincoln,hybrids,9,20,LH195 X PHM49,75,2022-08-05,87.71290757528959,,18.0,1,0
11,True,Lincoln|hybrids|6|18,Lincoln,hybrids,6,18,WF9 X H95,75,2022-08-05,88.10978445645773,,18.0,1,0
12,True,Lincoln|hybrids|12|39,Lincoln,hybrids,12,39,LH123HT X PHB47,75,2022-08-05,88.16724945540108,,18.0,1,0
13,True,Lincoln|hybrids|15|6,Lincoln,hybrids,15,6,PHP02 X LH145,75,2022-08-05,88.19034412407886,,18.0,1,0
14,True,Lincoln|hybrids|2|34,Lincoln,hybrids,2,34,PHK76 X LH145,75,2022-08-05,88.66654574087931,,18.0,1,0
15,True,Lincoln|hybrids|10|32,Lincoln,hybrids,10,32,B105 X 3IIH6,75,2022-08-05,88.78353637175394,,18.0,1,0
16,True,Lincoln|hybrids|15|38,Lincoln,hybrids,15,38,LH195 X LH123HT,75,2022-08-05,89.43586223388496,,18.0,1,0
17,True,Lincoln|hybrids|2|24,Lincoln,hybrids,2,24,PHP02 X LH145,75,2022-08-05,89.49860003697236,,18.0,1,0
18,True,Lincoln|hybrids|8|36,Lincoln,hybrids,8,36,LH198 X PHB47,75,2022-08-05,89.54046587585427,,18.0,1,0
19,True,Lincoln|hybrids|13|17,Lincoln,hybrids,13,17,PHP02 X LH145,75,2022-08-05,90.00647896234398,,18.0,1,0
20,True,Lincoln|hybrids|6|25,Lincoln,hybrids,6,25,LH123HT X PHB47,75,2022-08-05,90.09652951724334,,18.0,1,0
21,True,Lincoln|hybrids|12|37,Lincoln,hybrids,12,37,B37 X OH43,75,2022-08-05,90.3703991072236,,18.0,1,0
22,True,Lincoln|hybrids|14|18,Lincoln,hybrids,14,18,PHZ51 X LH145,75,2022-08-05,90.59598133896816,,18.0,1,0
23,True,Lincoln|hybrids|11|9,Lincoln,hybrids,11,9,LH82 X PHB47,75,2022-08-05,90.6872743061216,,18.0,1,0
24,True,Lincoln|hybrids|3|18,Lincoln,hybrids,3,18,PHZ51 X LH145,75,2022-08-05,90.82714444016372,,18.0,1,0
25,True,Lincoln|hybrids|15|36,Lincoln,hybrids,15,36,WF9 X H95,75,2022-08-05,90.83503433273833,,18.0,1,0
26,True,Lincoln|hybrids|11|34,Lincoln,hybrids,11,34,LH82 X PHB47,75,2022-08-05,91.40665522732132,,18.0,1,0
27,True,Lincoln|hybrids|2|26,Lincoln,hybrids,2,26,LH82 X PHB47,75,2022-08-05,91.78656410108594,,18.0,1,0
28,True,Lincoln|hybrids|11|35,Lincoln,hybrids,11,35,PHB47 X 3IIH6,75,2022-08-05,91.87110465383057,,18.0,1,0
29,True,Lincoln|hybrids|13|16,Lincoln,hybrids,13,16,B105 X 3IIH6,75,2022-08-05,91.88679758416265,,18.0,1,0
30,True,Lincoln|hybrids|10|7,Lincoln,hybrids,10,7,2369 X LH123HT,75,2022-08-05,92.02767942618593,,18.0,1,0
31,True,Lincoln|hybrids|7|23,Lincoln,hybrids,7,23,B37 X OH43,75,2022-08-05,92.13970478663782,,18.0,1,0
32,True,Lincoln|hybrids|15|39,Lincoln,hybrids,15,39,PHN46 X PHK56,75,2022-08-05,92.47581302808754,,18.0,1,0
33,True,Lincoln|hybrids|11|5,Lincoln,hybrids,11,5,LH195 X LH123HT,75,2022-08-05,92.51013171300323,,18.0,1,0
34,True,Lincoln|hybrids|8|18,Lincoln,hybrids,8,18,PHK76 X LH145,75,2022-08-05,92.60790796014942,,18.0,1,0
35,True,Lincoln|hybrids|4|13,Lincoln,hybrids,4,13,LH123HT X PHB47,75,2022-08-05,92.724092417143,,18.0,1,0
36,True,Lincoln|hybrids|5|35,Lincoln,hybrids,5,35,B37 X OH43,75,2022-08-05,92.90545262171332,,18.0,1,0
37,True,Lincoln|hybrids|4|24,Lincoln,hybrids,4,24,B105 X 3IIH6,75,2022-08-05,92.99480882486168,,18.0,1,0
38,True,Lincoln|hybrids|5|18,Lincoln,hybrids,5,18,LH195 X PHM49,75,2022-08-05,93.031810100895,,18.0,1,0
39,True,Lincoln|hybrids|5|3,Lincoln,hybrids,5,3,PHK76 X 3IIH6,75,2022-08-05,93.10767543604098,,18.0,1,0
40,True,Lincoln|hybrids|6|31,Lincoln,hybrids,6,31,B105 X 3IIH6,75,2022-08-05,93.17400371662796,,18.0,1,0
41,True,Lincoln|hybrids|13|35,Lincoln,hybrids,13,35,4N506 X 3IIH6,75,2022-08-05,93.3329437777731,,18.0,1,0
42,True,Lincoln|hybrids|7|5,Lincoln,hybrids,7,5,WF9 X H95,75,2022-08-05,93.43284431788135,,18.0,1,0
43,True,Lincoln|hybrids|11|6,Lincoln,hybrids,11,6,LH123HT X PHB47,75,2022-08-05,94.26201499777773,,18.0,1,0
44,True,Lincoln|hybrids|4|5,Lincoln,hybrids,4,5,B73 X PHZ51,75,2022-08-05,94.2662766164611,,18.0,1,0
45,True,Lincoln|hybrids|11|20,Lincoln,hybrids,11,20,WF9 X H95,75,2022-08-05,94.2852121947747,,18.0,1,0
46,True,Lincoln|hybrids|15|8,Lincoln,hybrids,15,8,LH185 X LH145,75,2022-08-05,94.46722522690976,,18.0,1,0
47,True,Lincoln|hybrids|2|23,Lincoln,hybrids,2,23,PHK76 X W606S,75,2022-08-05,94.85731656850523,,18.0,1,0
48,True,Lincoln|hybrids|6|4,Lincoln,hybrids,6,4,PHK76 X LH145,75,2022-08-05,94.88714689279985,,18.0,1,0
49,True,Lincoln|hybrids|7|7,Lincoln,hybrids,7,7,LH195 X LH123HT,75,2022-08-05,94.89789216826185,,18.0,1,0
50,True,Lincoln|hybrids|3|36,Lincoln,hybrids,3,36,B37 X H95,75,2022-08-05,95.0118584488612,,18.0,1,0
51,True,Lincoln|hybrids|11|17,Lincoln,hybrids,11,17,LH185 X LH145,75,2022-08-05,95.04952211469742,,18.0,1,0
52,False,Lincoln|hybrids|14|33,Lincoln,hybrids,14,33,B84 X 3IIH6,75,2022-08-05,95.10683814666962,,18.0,1,0
53,False,Lincoln|hybrids|12|19,Lincoln,hybrids,12,19,LH123HT X PHB47,75,2022-08-05,95.50492029734603,,18.0,1,0
54,False,Lincoln|hybrids|14|34,Lincoln,hybrids,14,34,B73 X PHM49,75,2022-08-05,95.81577041714554,,18.0,1,0
55,False,Lincoln|hybrids|11|29,Lincoln,hybrids,11,29,PHK76 X LH145,75,2022-08-05,96.19260893503332,,18.0,1,0
56,False,Lincoln|hybrids|13|38,Lincoln,hybrids,13,38,LH195 X PHZ51,75,2022-08-05,96.49404820604292,,18.0,1,0
57,False,Lincoln|hybrids|8|8,Lincoln,hybrids,8,8,PHP02 X LH145,75,2022-08-05,96.70481806169353,,18.0,1,0
58,False,Lincoln|hybrids|15|16,Lincoln,hybrids,15,16,4N506 X 3IIH6,75,2022-08-05,96.8967676802028,,18.0,1,0
59,False,Lincoln|hybrids|10|34,Lincoln,hybrids,10,34,LH74 X PHM49,75,2022-08-05,96.91506503760274,,18.0,1,0
60,False,Lincoln|hybrids|13|18,Lincoln,hybrids,13,18,2369 X LH123HT,75,2022-08-05,97.17512033505739,,18.0,1,0
61,False,Lincoln|hybrids|10|36,Lincoln,hybrids,10,36,PHP02 X LH185,75,2022-08-05,97.21604406793492,,18.0,1,0
62,False,Lincoln|hybrids|11|11,Lincoln,hybrids,11,11,B73 X PHM49,75,2022-08-05,97.43887793825283,,18.0,1,0
63,False,Lincoln|hybrids|3|30,Lincoln,hybrids,3,30,WF9 X H95,75,2022-08-05,97.48385254458275,,18.0,1,0
64,False,Lincoln|hybrids|3|19,Lincoln,hybrids,3,19,PHK76 X 3IIH6,75,2022-08-05,97.4953943112793,,18.0,1,0
65,False,Lincoln|hybrids|5|37,Lincoln,hybrids,5,37,LH198 X PHB47,75,2022-08-05,97.56914476268716,,18.0,1,0
66,False,Lincoln|hybrids|6|37,Lincoln,hybrids,6,37,PHP02 X LH185,75,2022-08-05,97.57957967036151,,18.0,1,0
67,False,Lincoln|hybrids|14|38,Lincoln,hybrids,14,38,PHZ51 X LH145,75,2022-08-05,97.64773045178421,,18.0,1,0
68,False,Lincoln|hybrids|9|21,Lincoln,hybrids,9,21,PHK76 X LH145,75,2022-08-05,97.66456092515469,,18.0,1,0
69,False,Lincoln|hybrids|6|23,Lincoln,hybrids,6,23,B84 X 3IIH6,75,2022-08-05,97.81623799611941,,18.0,1,0
70,False,Lincoln|hybrids|13|34,Lincoln,hybrids,13,34,B73 X PHZ51,75,2022-08-05,97.83456742982548,,18.0,1,0
71,False,Lincoln|hybrids|15|22,Lincoln,hybrids,15,22,LH195 X LH123HT,75,2022-08-05,97.83624453980968,,18.0,1,0
72,False,Lincoln|hybrids|5|26,Lincoln,hybrids,5,26,LH195 X LH123HT,75,2022-08-05,97.86672445544264,,18.0,1,0
73,False,Lincoln|hybrids|14|35,Lincoln,hybrids,14,35,LH123HT X 3IIH6,75,2022-08-05,98.16138445295212,,18.0,1,0
74,False,Lincoln|hybrids|4|34,Lincoln,hybrids,4,34,PHP02 X LH82,75,2022-08-05,98.21010723644639,,18.0,1,0
75,False,Lincoln|hybrids|3|35,Lincoln,hybrids,3,35,LH123HT X PHB47,75,2022-08-05,98.27606591461179,,18.0,1,0
76,False,Lincoln|hybrids|11|36,Lincoln,hybrids,11,36,2369 X PHN82,75,2022-08-05,98.52378587031387,,18.0,1,0
77,False,Lincoln|hybrids|3|5,Lincoln,hybrids,3,5,PHB47 X 3IIH6,75,2022-08-05,98.63917792428336,,18.0,1,0
78,False,Lincoln|hybrids|15|28,Lincoln,hybrids,15,28,PHP02 X LH145,75,2022-08-05,98.65447856498412,,18.0,1,0
79,False,Lincoln|hybrids|10|25,Lincoln,hybrids,10,25,B73 X PHZ51,75,2022-08-05,98.80887386026475,,18.0,1,0
80,False,Lincoln|hybrids|11|38,Lincoln,hybrids,11,38,LH198 X PHZ51,75,2022-08-05,98.90088494458044,,18.0,1,0
81,False,Lincoln|hybrids|11|25,Lincoln,hybrids,11,25,LH195 X 3IIH6,75,2022-08-05,99.02041552672952,,18.0,1,0
82,False,Lincoln|hybrids|10|37,Lincoln,hybrids,10,37,LH195 X 3IIH6,75,2022-08-05,99.0206266545327,,18.0,1,0
83,False,Lincoln|hybrids|12|30,Lincoln,hybrids,12,30,PHK56 X LH145,75,2022-08-05,99.12054646055074,,18.0,1,0
84,False,Lincoln|hybrids|6|26,Lincoln,hybrids,6,26,PHK76 X LH82,75,2022-08-05,99.14093895740928,,18.0,1,0
85,False,Lincoln|hybrids|6|8,Lincoln,hybrids,6,8,2369 X LH123HT,75,2022-08-05,99.14694829531881,,18.0,1,0
86,False,Lincoln|hybrids|7|28,Lincoln,hybrids,7,28,LH82 X PHB47,75,2022-08-05,99.19516845993672,,18.0,1,0
87,False,Lincoln|hybrids|10|4,Lincoln,hybrids,10,4,B84 X 3IIH6,75,2022-08-05,99.20415918156975,,18.0,1,0
88,False,Lincoln|hybrids|11|16,Lincoln,hybrids,11,16,B37 X OH43,75,2022-08-05,99.22899296666978,,18.0,1,0
89,False,Lincoln|hybrids|6|21,Lincoln,hybrids,6,21,B73 X PHZ51,75,2022-08-05,99.42479112048156,,18.0,1,0
90,False,Lincoln|hybrids|6|11,Lincoln,hybrids,6,11,LH195 X PHM49,75,2022-08-05,99.48220322267545,,18.0,1,0
91,False,Lincoln|hybrids|13|33,Lincoln,hybrids,13,33,2369 X 3IIH6,75,2022-08-05,99.5510061061473,,18.0,1,0
92,False,Lincoln|hybrids|2|7,Lincoln,hybrids,2,7,LH82 X PHB47,75,2022-08-05,99.66893014080465,,18.0,1,0
93,False,Lincoln|hybrids|7|20,Lincoln,hybrids,7,20,2369 X LH123HT,75,2022-08-05,99.77562913532498,,18.0,1,0
94,False,Lincoln|hybrids|6|2,Lincoln,hybrids,6,2,PHP02 X PHK76,75,2022-08-05,99.84471322072284,,18.0,1,0
95,False,Lincoln|hybrids|5|6,Lincoln,hybrids,5,6,LH195 X 3IIH6,75,2022-08-05,99.88332606348595,,18.0,1,0
96,False,Lincoln|hybrids|7|12,Lincoln,hybrids,7,12,PHP02 X PHB47,75,2022-08-05,100.33389763138074,,18.0,1,0
97,False,Lincoln|hybrids|13|8,Lincoln,hybrids,13,8,PHZ51 X LH145,75,2022-08-05,100.5286290667323,,18.0,1,0
98,False,Lincoln|hybrids|2|12,Lincoln,hybrids,2,12,LH198 X PHZ51,75,2022-08-05,100.53333388266621,,18.0,1,0
99,False,Lincoln|hybrids|2|22,Lincoln,hybrids,2,22,LH123HT X 3IIH6,75,2022-08-05,100.6474446463221,,18.0,1,0
100,False,Lincoln|hybrids|8|13,Lincoln,hybrids,8,13,2369 X 3IIH6,75,2022-08-05,100.66267763756096,,18.0,1,0
101,False,Lincoln|hybrids|4|23,Lincoln,hybrids,4,23,LH198 X PHB47,75,2022-08-05,100.85408660274203,,18.0,1,0
102,False,Lincoln|hybrids|12|5,Lincoln,hybrids,12,5,B73 X PHZ51,75,2022-08-05,100.88760852886679,,18.0,1,0
103,False,Lincoln|hybrids|15|4,Lincoln,hybrids,15,4,B105 X 3IIH6,75,2022-08-05,100.89706501290368,,18.0,1,0
104,False,Lincoln|hybrids|6|3,Lincoln,hybrids,6,3,PHP02 X LH185,75,2022-08-05,100.90507955999769,,18.0,1,0
105,False,Lincoln|hybrids|2|13,Lincoln,hybrids,2,13,LH198 X PHB47,75,2022-08-05,101.09108000959161,,18.0,1,0
106,False,Lincoln|hybrids|14|20,Lincoln,hybrids,14,20,LH198 X PHB47,75,2022-08-05,101.10503716259007,,18.0,1,0
107,False,Lincoln|hybrids|15|13,Lincoln,hybrids,15,13,2369 X PHZ51,75,2022-08-05,101.27301780508958,,18.0,1,0
108,False,Lincoln|hybrids|12|12,Lincoln,hybrids,12,12,B37 X OH43,75,2022-08-05,101.51235889257391,,18.0,1,0
109,False,Lincoln|hybrids|2|38,Lincoln,hybrids,2,38,LH195 X PHZ51,75,2022-08-05,101.5828850553539,,18.0,1,0
110,False,Lincoln|hybrids|10|11,Lincoln,hybrids,10,11,PHP02 X PHB47,75,2022-08-05,101.66039671405365,,18.0,1,0
111,False,Lincoln|hybrids|7|19,Lincoln,hybrids,7,19,PHP02 X LH185,75,2022-08-05,101.70865915847651,,18.0,1,0
112,False,Lincoln|hybrids|2|20,Lincoln,hybrids,2,20,PHB47 X 3IIH6,75,2022-08-05,101.76226159138727,,18.0,1,0
113,False,Lincoln|hybrids|15|18,Lincoln,hybrids,15,18,PHK56 X LH145,75,2022-08-05,101.7926343274786,,18.0,1,0
114,False,Lincoln|hybrids|2|3,Lincoln,hybrids,2,3,B37 X OH43,75,2022-08-05,101.88705817989432,,18.0,1,0
115,False,Lincoln|hybrids|12|10,Lincoln,hybrids,12,10,LH123HT X 3IIH6,75,2022-08-05,101.91932713992591,,18.0,1,0
116,False,Lincoln|hybrids|6|16,Lincoln,hybrids,6,16,LH195 X PHZ51,75,2022-08-05,102.09703865210734,,18.0,1,0
117,False,Lincoln|hybrids|7|9,Lincoln,hybrids,7,9,LH123HT X 3IIH6,75,2022-08-05,102.0982339093093,,18.0,1,0
118,False,Lincoln|hybrids|15|31,Lincoln,hybrids,15,31,PHP02 X PHB47,75,2022-08-05,102.11705334845364,,18.0,1,0
119,False,Lincoln|hybrids|4|39,Lincoln,hybrids,4,39,PHB47 X LH185,75,2022-08-05,102.15840378899824,,18.0,1,0
120,False,Lincoln|hybrids|9|18,Lincoln,hybrids,9,18,PHP02 X PHN46,75,2022-08-05,102.3014881958481,,18.0,1,0
121,False,Lincoln|hybrids|13|24,Lincoln,hybrids,13,24,B37 X H95,75,2022-08-05,102.30487878477089,,18.0,1,0
122,False,Lincoln|hybrids|11|3,Lincoln,hybrids,11,3,PHP02 X LH185,75,2022-08-05,102.31589609903777,,18.0,1,0
123,False,Lincoln|hybrids|2|21,Lincoln,hybrids,2,21,LH198 X PHZ51,75,2022-08-05,102.35870963029222,,18.0,1,0
124,False,Lincoln|hybrids|3|34,Lincoln,hybrids,3,34,PHK56 X 3IIH6,75,2022-08-05,102.36340765431979,,18.0,1,0
125,False,Lincoln|hybrids|5|32,Lincoln,hybrids,5,32,PHZ51 X LH145,75,2022-08-05,102.51879779766952,,18.0,1,0
126,False,Lincoln|hybrids|10|8,Lincoln,hybrids,10,8,B37 X H95,75,2022-08-05,102.5277315534984,,18.0,1,0
127,False,Lincoln|hybrids|3|15,Lincoln,hybrids,3,15,2369 X PHZ51,75,2022-08-05,102.53188367559648,,18.0,1,0
128,False,Lincoln|hybrids|13|30,Lincoln,hybrids,13,30,PHK76 X 3IIH6,75,2022-08-05,102.61057432164714,,18.0,1,0
129,False,Lincoln|hybrids|12|6,Lincoln,hybrids,12,6,LH145 X LH162,75,2022-08-05,102.63188018986651,,18.0,1,0
130,False,Lincoln|hybrids|3|25,Lincoln,hybrids,3,25,PHP02 X LH82,75,2022-08-05,102.67552727095486,,18.0,1,0
131,False,Lincoln|hybrids|14|39,Lincoln,hybrids,14,39,PHK76 X LH198,75,2022-08-05,102.71285326349283,,18.0,1,0
132,False,Lincoln|hybrids|5|39,Lincoln,hybrids,5,39,PHB47 X 3IIH6,75,2022-08-05,102.74871601060396,,18.0,1,0
133,False,Lincoln|hybrids|3|12,Lincoln,hybrids,3,12,PHN46 X PHK56,75,2022-08-05,102.89639005355315,,18.0,1,0
134,False,Lincoln|hybrids|9|17,Lincoln,hybrids,9,17,PHP02 X PHB47,75,2022-08-05,102.91740403459004,,18.0,1,0
135,False,Lincoln|hybrids|9|31,Lincoln,hybrids,9,31,2369 X LH123HT,75,2022-08-05,103.323938647195,,18.0,1,0
136,False,Lincoln|hybrids|9|8,Lincoln,hybrids,9,8,LH195 X PHM49,75,2022-08-05,103.41291861486174,,18.0,1,0
137,False,Lincoln|hybrids|3|10,Lincoln,hybrids,3,10,B84 X 3IIH6,75,2022-08-05,103.43797107454071,,18.0,1,0
138,False,Lincoln|hybrids|3|32,Lincoln,hybrids,3,32,4N506 X 3IIH6,75,2022-08-05,103.54313914292563,,18.0,1,0
139,False,Lincoln|hybrids|2|19,Lincoln,hybrids,2,19,2369 X 3IIH6,75,2022-08-05,103.58187432967576,,18.0,1,0
140,False,Lincoln|hybrids|4|35,Lincoln,hybrids,4,35,PHP02 X PHB47,75,2022-08-05,103.71567654215046,,18.0,1,0
141,False,Lincoln|hybrids|10|18,Lincoln,hybrids,10,18,LH198 X PHZ51,75,2022-08-05,103.84996741368612,,18.0,1,0
142,False,Lincoln|hybrids|9|38,Lincoln,hybrids,9,38,PHK56 X 3IIH6,75,2022-08-05,103.96397980916635,,18.0,1,0
143,False,Lincoln|hybrids|12|2,Lincoln,hybrids,12,2,PHK76 X LH145,75,2022-08-05,104.04620629630645,,18.0,1,0
144,False,Lincoln|hybrids|8|33,Lincoln,hybrids,8,33,PHN46 X PHK56,75,2022-08-05,104.16622800234381,,18.0,1,0
145,False,Lincoln|hybrids|6|15,Lincoln,hybrids,6,15,LH195 X 3IIH6,75,2022-08-05,104.47043875443012,,18.0,1,0
146,False,Lincoln|hybrids|7|24,Lincoln,hybrids,7,24,4N506 X 3IIH6,75,2022-08-05,104.92584258779354,,18.0,1,0
147,False,Lincoln|hybrids|4|21,Lincoln,hybrids,4,21,B73 X PHM49,75,2022-08-05,104.9344280625636,,18.0,1,0
148,False,Lincoln|hybrids|12|21,Lincoln,hybrids,12,21,2369 X PHZ51,75,2022-08-05,105.03720452454235,,18.0,1,0
149,False,Lincoln|hybrids|8|29,Lincoln,hybrids,8,29,2369 X LH123HT,75,2022-08-05,105.20951001492779,,18.0,1,0
150,False,Lincoln|hybrids|6|20,Lincoln,hybrids,6,20,2369 X PHP02,75,2022-08-05,105.53168879870607,,18.0,1,0
151,False,Lincoln|hybrids|10|23,Lincoln,hybrids,10,23,PHB47 X 3IIH6,75,2022-08-05,105.53208522031726,,18.0,1,0
152,False,Lincoln|hybrids|5|5,Lincoln,hybrids,5,5,2369 X 3IIH6,75,2022-08-05,105.53529571969659,,18.0,1,0
153,False,Lincoln|hybrids|4|15,Lincoln,hybrids,4,15,PHB47 X LH185,75,2022-08-05,105.62045890042526,,18.0,1,0
154,False,Lincoln|hybrids|5|22,Lincoln,hybrids,5,22,B37 X MO17,75,2022-08-05,105.72794944248082,,18.0,1,0
155,False,Lincoln|hybrids|2|17,Lincoln,hybrids,2,17,PHN46 X PHK56,75,2022-08-05,105.77281217285636,,18.0,1,0
156,False,Lincoln|hybrids|3|20,Lincoln,hybrids,3,20,PHT69 X 3IIH6,75,2022-08-05,105.93412325975048,,18.0,1,0
157,False,Lincoln|hybrids|13|15,Lincoln,hybrids,13,15,PHP02 X LH82,75,2022-08-05,105.94668537728259,,18.0,1,0
158,False,Lincoln|hybrids|5|24,Lincoln,hybrids,5,24,PHP02 X PHK76,75,2022-08-05,105.95704179500613,,18.0,1,0
159,False,Lincoln|hybrids|12|23,Lincoln,hybrids,12,23,B73 X PHM49,75,2022-08-05,105.9845819929067,,18.0,1,0
160,False,Lincoln|hybrids|15|35,Lincoln,hybrids,15,35,LH145 X LH162,75,2022-08-05,106.14579004899832,,18.0,1,0
161,False,Lincoln|hybrids|7|30,Lincoln,hybrids,7,30,PHP02 X PHN46,75,2022-08-05,106.19361193680422,,18.0,1,0
162,False,Lincoln|hybrids|7|32,Lincoln,hybrids,7,32,B84 X 3IIH6,75,2022-08-05,106.22555931931011,,18.0,1,0
163,False,Lincoln|hybrids|2|35,Lincoln,hybrids,2,35,2369 X PHP02,75,2022-08-05,106.25045431780748,,18.0,1,0
164,False,Lincoln|hybrids|4|11,Lincoln,hybrids,4,11,4N506 X 3IIH6,75,2022-08-05,106.33014580800972,,18.0,1,0
165,False,Lincoln|hybrids|10|6,Lincoln,hybrids,10,6,LH74 X PHN82,75,2022-08-05,106.37817376329738,,18.0,1,0
166,False,Lincoln|hybrids|10|22,Lincoln,hybrids,10,22,PHB47 X LH185,75,2022-08-05,106.38218823996036,,18.0,1,0
167,False,Lincoln|hybrids|9|34,Lincoln,hybrids,9,34,PHB47 X LH185,75,2022-08-05,106.38452499140722,,18.0,1,0
168,False,Lincoln|hybrids|9|24,Lincoln,hybrids,9,24,PHP02 X PHG47,75,2022-08-05,106.42179693696636,,18.0,1,0
169,False,Lincoln|hybrids|13|19,Lincoln,hybrids,13,19,LH145 X LH162,75,2022-08-05,106.54595370228134,,18.0,1,0
170,False,Lincoln|hybrids|13|22,Lincoln,hybrids,13,22,LH82 X PHB47,75,2022-08-05,106.6066217907291,,18.0,1,0
171,False,Lincoln|hybrids|11|4,Lincoln,hybrids,11,4,2FACC X 3IIH6,75,2022-08-05,106.65303420676703,,18.0,1,0
172,False,Lincoln|hybrids|2|25,Lincoln,hybrids,2,25,LH145 X LH162,75,2022-08-05,106.7285283695834,,18.0,1,0
173,False,Lincoln|hybrids|8|34,Lincoln,hybrids,8,34,B73 X 3IIH6,75,2022-08-05,106.75676718716555,,18.0,1,0
174,False,Lincoln|hybrids|10|39,Lincoln,hybrids,10,39,PHP02 X PHG47,75,2022-08-05,106.95919630018327,,18.0,1,0
175,False,Lincoln|hybrids|15|30,Lincoln,hybrids,15,30,PHP02 X PHK76,75,2022-08-05,107.03578503392232,,18.0,1,0
176,False,Lincoln|hybrids|6|6,Lincoln,hybrids,6,6,PHP02 X PHJ89,75,2022-08-05,107.06721580711677,,18.0,1,0
177,False,Lincoln|hybrids|7|21,Lincoln,hybrids,7,21,PHP02 X LH198,75,2022-08-05,107.06726071949396,,18.0,1,0
178,False,Lincoln|hybrids|13|20,Lincoln,hybrids,13,20,PHK76 X 3IIH6,75,2022-08-05,107.0989260830575,,18.0,1,0
179,False,Lincoln|hybrids|4|19,Lincoln,hybrids,4,19,F42 X MO17,75,2022-08-05,107.10179168074487,,18.0,1,0
180,False,Lincoln|hybrids|7|39,Lincoln,hybrids,7,39,PHP02 X PHG47,75,2022-08-05,107.11641029482655,,18.0,1,0
181,False,Lincoln|hybrids|8|31,Lincoln,hybrids,8,31,LH123HT X 3IIH6,75,2022-08-05,107.14762115119231,,18.0,1,0
182,False,Lincoln|hybrids|5|23,Lincoln,hybrids,5,23,F42 X OH43,75,2022-08-05,107.15540162033182,,18.0,1,0
183,False,Lincoln|hybrids|13|26,Lincoln,hybrids,13,26,2369 X 3IIH6,75,2022-08-05,107.22432515743131,,18.0,1,0
184,False,Lincoln|hybrids|11|28,Lincoln,hybrids,11,28,LH185 X LH145,75,2022-08-05,107.61141805697304,,18.0,1,0
185,False,Lincoln|hybrids|9|19,Lincoln,hybrids,9,19,PHN46 X PHK56,75,2022-08-05,107.7952386111757,,18.0,1,0
186,False,Lincoln|hybrids|5|9,Lincoln,hybrids,5,9,B73 X PHM49,75,2022-08-05,107.79810343802879,,18.0,1,0
187,False,Lincoln|hybrids|7|26,Lincoln,hybrids,7,26,PHK56 X LH185,75,2022-08-05,107.80560780986033,,18.0,1,0
188,False,Lincoln|hybrids|3|22,Lincoln,hybrids,3,22,PHP02 X PHB47,75,2022-08-05,107.8100955309454,,18.0,1,0
189,False,Lincoln|hybrids|9|16,Lincoln,hybrids,9,16,PHP02 X LH185,75,2022-08-05,107.82076338233142,,18.0,1,0
190,False,Lincoln|hybrids|3|9,Lincoln,hybrids,3,9,LH145 X LH162,75,2022-08-05,107.82492012219936,,18.0,1,0
191,False,Lincoln|hybrids|6|22,Lincoln,hybrids,6,22,B73 X 3IIH6,75,2022-08-05,107.84755132620013,,18.0,1,0
192,False,Lincoln|hybrids|7|6,Lincoln,hybrids,7,6,LH74 X PHM49,75,2022-08-05,108.0033650855429,,18.0,1,0
193,False,Lincoln|hybrids|12|16,Lincoln,hybrids,12,16,B84 X 3IIH6,75,2022-08-05,108.18004444316921,,18.0,1,0
194,False,Lincoln|hybrids|3|6,Lincoln,hybrids,3,6,PHP02 X PHG47,75,2022-08-05,108.21346958775088,,18.0,1,0
195,False,Lincoln|hybrids|9|7,Lincoln,hybrids,9,7,B37 X MO17,75,2022-08-05,108.53068674977536,,18.0,1,0
196,False,Lincoln|hybrids|10|38,Lincoln,hybrids,10,38,F42 X OH43,75,2022-08-05,108.56807495343878,,18.0,1,0
197,False,Lincoln|hybrids|4|26,Lincoln,hybrids,4,26,LH74 X PHM49,75,2022-08-05,108.58032003324612,,18.0,1,0
198,False,Lincoln|hybrids|13|37,Lincoln,hybrids,13,37,B73 X 3IIH6,75,2022-08-05,108.58484686896114,,18.0,1,0
199,False,Lincoln|hybrids|4|36,Lincoln,hybrids,4,36,2FACC X 3IIH6,75,2022-08-05,108.60165685839098,,18.0,1,0
200,False,Lincoln|hybrids|15|21,Lincoln,hybrids,15,21,LH123HT X 3IIH6,75,2022-08-05,108.60198154298988,,18.0,1,0
201,False,Lincoln|hybrids|3|21,Lincoln,hybrids,3,21,2FACC X 3IIH6,75,2022-08-05,108.91977715677827,,18.0,1,0
202,False,Lincoln|hybrids|5|29,Lincoln,hybrids,5,29,B73 X PHZ51,75,2022-08-05,109.04712474530963,,18.0,1,0
203,False,Lincoln|hybrids|11|26,Lincoln,hybrids,11,26,PHG39 X PHM49,75,2022-08-05,109.09517421080378,,18.0,1,0
204,False,Lincoln|hybrids|7|25,Lincoln,hybrids,7,25,B73 X MO17,75,2022-08-05,109.11778592248771,,18.0,1,0
205,False,Lincoln|hybrids|7|38,Lincoln,hybrids,7,38,LH195 X 3IIH6,75,2022-08-05,109.22911489745081,,18.0,1,0
206,False,Lincoln|hybrids|7|8,Lincoln,hybrids,7,8,PHB47 X LH185,75,2022-08-05,109.3003581440607,,18.0,1,0
207,False,Lincoln|hybrids|7|10,Lincoln,hybrids,7,10,PHP02 X LH82,75,2022-08-05,109.38976554320524,,18.0,1,0
208,False,Lincoln|hybrids|11|19,Lincoln,hybrids,11,19,PHK56 X 3IIH6,75,2022-08-05,109.41896610528408,,18.0,1,0
209,False,Lincoln|hybrids|14|37,Lincoln,hybrids,14,37,LH74 X PHN82,75,2022-08-05,109.56491699352472,,18.0,1,0
210,False,Lincoln|hybrids|2|16,Lincoln,hybrids,2,16,PHP02 X PHN46,75,2022-08-05,109.60873443811067,,18.0,1,0
211,False,Lincoln|hybrids|8|19,Lincoln,hybrids,8,19,PHJ40 X LH82,75,2022-08-05,109.73296008449483,,18.0,1,0
212,False,Lincoln|hybrids|14|2,Lincoln,hybrids,14,2,PHK56 X LH145,75,2022-08-05,109.7601469091872,,18.0,1,0
213,False,Lincoln|hybrids|5|25,Lincoln,hybrids,5,25,PHN46 X W606S,75,2022-08-05,109.84559007381131,,18.0,1,0
214,False,Lincoln|hybrids|10|26,Lincoln,hybrids,10,26,PHP02 X PHJ89,75,2022-08-05,109.8916589310052,,18.0,1,0
215,False,Lincoln|hybrids|14|19,Lincoln,hybrids,14,19,LH74 X PHN82,75,2022-08-05,109.95177364156433,,18.0,1,0
216,False,Lincoln|hybrids|3|38,Lincoln,hybrids,3,38,LH74 X PHN82,75,2022-08-05,110.07639155747503,,18.0,1,0
217,False,Lincoln|hybrids|4|29,Lincoln,hybrids,4,29,PHK76 X 3IIH6,75,2022-08-05,110.08641601590205,,18.0,1,0
218,False,Lincoln|hybrids|12|8,Lincoln,hybrids,12,8,PHP02 X LH82,75,2022-08-05,110.13220568071812,,18.0,1,0
219,False,Lincoln|hybrids|11|10,Lincoln,hybrids,11,10,LH198 X PHZ51,75,2022-08-05,110.23605320799405,,18.0,1,0
220,False,Lincoln|hybrids|5|15,Lincoln,hybrids,5,15,PHK76 X LH198,75,2022-08-05,110.32224350028089,,18.0,1,0
221,False,Lincoln|hybrids|5|7,Lincoln,hybrids,5,7,PHP02 X LH198,75,2022-08-05,110.32452703244621,,18.0,1,0
222,False,Lincoln|hybrids|14|30,Lincoln,hybrids,14,30,PHP02 X LH82,75,2022-08-05,110.47831590019334,,18.0,1,0
223,False,Lincoln|hybrids|3|29,Lincoln,hybrids,3,29,LH195 X LH123HT,75,2022-08-05,110.48110685142201,,18.0,1,0
224,False,Lincoln|hybrids|4|18,Lincoln,hybrids,4,18,LH74 X PHN82,75,2022-08-05,110.52808906691298,,18.0,1,0
225,False,Lincoln|hybrids|2|28,Lincoln,hybrids,2,28,LH145 X LH162,75,2022-08-05,110.54859147549459,,18.0,1,0
226,False,Lincoln|hybrids|12|15,Lincoln,hybrids,12,15,PHP02 X LH198,75,2022-08-05,110.55779483271677,,18.0,1,0
227,False,Lincoln|hybrids|7|16,Lincoln,hybrids,7,16,PHP02 X PHG47,75,2022-08-05,110.71339622007713,,18.0,1,0
228,False,Lincoln|hybrids|11|31,Lincoln,hybrids,11,31,2369 X PHZ51,75,2022-08-05,110.75820497579647,,18.0,1,0
229,False,Lincoln|hybrids|3|23,Lincoln,hybrids,3,23,PHP02 X PHJ89,75,2022-08-05,110.7776730707007,,18.0,1,0
230,False,Lincoln|hybrids|11|8,Lincoln,hybrids,11,8,2369 X PHP02,75,2022-08-05,110.87227500681452,,18.0,1,0
231,False,Lincoln|hybrids|3|26,Lincoln,hybrids,3,26,PHK56 X 3IIH6,75,2022-08-05,110.92345825195818,,18.0,1,0
232,False,Lincoln|hybrids|14|36,Lincoln,hybrids,14,36,B37 X MO17,75,2022-08-05,111.00660024582444,,18.0,1,0
233,False,Lincoln|hybrids|14|15,Lincoln,hybrids,14,15,PHK76 X LH82,75,2022-08-05,111.0789809316691,,18.0,1,0
234,False,Lincoln|hybrids|5|2,Lincoln,hybrids,5,2,PHJ40 X LH82,75,2022-08-05,111.46627346762796,,18.0,1,0
235,False,Lincoln|hybrids|8|35,Lincoln,hybrids,8,35,2369 X PHP02,75,2022-08-05,111.7283534798402,,18.0,1,0
236,False,Lincoln|hybrids|11|22,Lincoln,hybrids,11,22,LH74 X PHM49,75,2022-08-05,111.96595998943602,,18.0,1,0
237,False,Lincoln|hybrids|10|17,Lincoln,hybrids,10,17,B37 X MO17,75,2022-08-05,112.05384565662723,,18.0,1,0
238,False,Lincoln|hybrids|15|23,Lincoln,hybrids,15,23,PHP02 X PHK76,75,2022-08-05,112.7220009301848,,18.0,1,0
239,False,Lincoln|hybrids|15|12,Lincoln,hybrids,15,12,PHK76 X 3IIH6,75,2022-08-05,112.91442441229319,,18.0,1,0
240,False,Lincoln|hybrids|5|38,Lincoln,hybrids,5,38,PHK76 X LH82,75,2022-08-05,112.98462638748667,,18.0,1,0
241,False,Lincoln|hybrids|5|21,Lincoln,hybrids,5,21,LH82 X PHJ89,75,2022-08-05,113.08478165020276,,18.0,1,0
242,False,Lincoln|hybrids|11|18,Lincoln,hybrids,11,18,PHK56 X LH185,75,2022-08-05,113.18486365309519,,18.0,1,0
243,False,Lincoln|hybrids|10|3,Lincoln,hybrids,10,3,PHP02 X PHK76,75,2022-08-05,113.38796388682589,,18.0,1,0
244,False,Lincoln|hybrids|9|39,Lincoln,hybrids,9,39,PHN46 X PHB47,75,2022-08-05,113.61743364048235,,18.0,1,0
245,False,Lincoln|hybrids|4|3,Lincoln,hybrids,4,3,PHT69 X 3IIH6,75,2022-08-05,113.62852422722611,,18.0,1,0
246,False,Lincoln|hybrids|14|12,Lincoln,hybrids,14,12,PHN46 X PHK56,75,2022-08-05,113.9000639960301,,18.0,1,0
247,False,Lincoln|hybrids|9|25,Lincoln,hybrids,9,25,PHT69 X 3IIH6,75,2022-08-05,113.93963102098706,,18.0,1,0
248,False,Lincoln|hybrids|10|10,Lincoln,hybrids,10,10,PHB47 X 3IIH6,75,2022-08-05,113.94820174006776,,18.0,1,0
249,False,Lincoln|hybrids|9|5,Lincoln,hybrids,9,5,PHP02 X PHK56,75,2022-08-05,114.07583537798541,,18.0,1,0
250,False,Lincoln|hybrids|13|13,Lincoln,hybrids,13,13,LH195 X PHZ51,75,2022-08-05,114.08511593592792,,18.0,1,0
251,False,Lincoln|hybrids|15|29,Lincoln,hybrids,15,29,PHK76 X W606S,75,2022-08-05,114.25678676903092,,18.0,1,0
252,False,Lincoln|hybrids|5|36,Lincoln,hybrids,5,36,PHK56 X LH185,75,2022-08-05,114.4026583832019,,18.0,1,0
253,False,Lincoln|hybrids|12|26,Lincoln,hybrids,12,26,PHB47 X PHJ89,75,2022-08-05,114.63927703655,,18.0,1,0
254,False,Lincoln|hybrids|5|34,Lincoln,hybrids,5,34,PHK76 X W606S,75,2022-08-05,114.73400402294578,,18.0,1,0
255,False,Lincoln|hybrids|10|13,Lincoln,hybrids,10,13,PHJ40 X LH82,75,2022-08-05,114.73880237390193,,18.0,1,0
256,False,Lincoln|hybrids|11|39,Lincoln,hybrids,11,39,PHP02 X PHJ89,75,2022-08-05,114.77409064179062,,18.0,1,0
257,False,Lincoln|hybrids|10|5,Lincoln,hybrids,10,5,PHK56 X 3IIH6,75,2022-08-05,114.88147912700103,,18.0,1,0
258,False,Lincoln|hybrids|6|9,Lincoln,hybrids,6,9,B37 X MO17,75,2022-08-05,114.95177247136058,,18.0,1,0
259,False,Lincoln|hybrids|9|23,Lincoln,hybrids,9,23,2369 X PHN82,75,2022-08-05,114.97547671963174,,18.0,1,0
260,False,Lincoln|hybrids|8|28,Lincoln,hybrids,8,28,PHP02 X PHK76,75,2022-08-05,115.16558645304269,,18.0,1,0
261,False,Lincoln|hybrids|14|24,Lincoln,hybrids,14,24,2369 X PHP02,75,2022-08-05,115.25510103821475,,18.0,1,0
262,False,Lincoln|hybrids|9|4,Lincoln,hybrids,9,4,PHB47 X PHK56,75,2022-08-05,115.75041121964549,,18.0,1,0
263,False,Lincoln|hybrids|6|7,Lincoln,hybrids,6,7,PHB47 X PHK56,75,2022-08-05,115.83099134473872,,18.0,1,0
264,False,Lincoln|hybrids|11|24,Lincoln,hybrids,11,24,PHK56 X W606S,75,2022-08-05,115.91996758261962,,18.0,1,0
265,False,Lincoln|hybrids|15|37,Lincoln,hybrids,15,37,PHT69 X 3IIH6,75,2022-08-05,115.94150762398658,,18.0,1,0
266,False,Lincoln|hybrids|2|36,Lincoln,hybrids,2,36,PHN46 X PHB47,75,2022-08-05,116.03041265903857,,18.0,1,0
267,False,Lincoln|hybrids|4|7,Lincoln,hybrids,4,7,2369 X PHZ51,75,2022-08-05,116.03326473641143,,18.0,1,0
268,False,Lincoln|hybrids|12|25,Lincoln,hybrids,12,25,PHK76 X LH198,75,2022-08-05,116.11123142238114,,18.0,1,0
269,False,Lincoln|hybrids|14|10,Lincoln,hybrids,14,10,4N506 X 3IIH6,75,2022-08-05,116.17296631360796,,18.0,1,0
270,False,Lincoln|hybrids|4|20,Lincoln,hybrids,4,20,PHN46 X PHB47,75,2022-08-05,116.23419488862802,,18.0,1,0
271,False,Lincoln|hybrids|10|20,Lincoln,hybrids,10,20,B14A X MO17,75,2022-08-05,116.25886610843953,,18.0,1,0
272,False,Lincoln|hybrids|4|8,Lincoln,hybrids,4,8,2369 X PHN82,75,2022-08-05,116.52135991585087,,18.0,1,0
273,False,Lincoln|hybrids|12|7,Lincoln,hybrids,12,7,LH195 X 3IIH6,75,2022-08-05,116.52797161709739,,18.0,1,0
274,False,Lincoln|hybrids|13|5,Lincoln,hybrids,13,5,LH198 X PHB47,75,2022-08-05,116.55065929598359,,18.0,1,0
275,False,Lincoln|hybrids|8|21,Lincoln,hybrids,8,21,PHK56 X PHJ89,75,2022-08-05,116.56996434640244,,18.0,1,0
276,False,Lincoln|hybrids|14|17,Lincoln,hybrids,14,17,F42 X OH43,75,2022-08-05,116.69682741516121,,18.0,1,0
277,False,Lincoln|hybrids|13|21,Lincoln,hybrids,13,21,PHJ40 X LH82,75,2022-08-05,116.77450453178751,,18.0,1,0
278,False,Lincoln|hybrids|8|20,Lincoln,hybrids,8,20,B73 X PHN82,75,2022-08-05,116.78268865067241,,18.0,1,0
279,False,Lincoln|hybrids|2|32,Lincoln,hybrids,2,32,PHP02 X PHJ89,75,2022-08-05,116.78567491844758,,18.0,1,0
280,False,Lincoln|hybrids|14|23,Lincoln,hybrids,14,23,PHK76 X W606S,75,2022-08-05,116.93074884931563,,18.0,1,0
281,False,Lincoln|hybrids|5|11,Lincoln,hybrids,5,11,F42 X OH43,75,2022-08-05,116.96329215095176,,18.0,1,0
282,False,Lincoln|hybrids|13|31,Lincoln,hybrids,13,31,2FACC X 3IIH6,75,2022-08-05,117.04687024534394,,18.0,1,0
283,False,Lincoln|hybrids|13|6,Lincoln,hybrids,13,6,PHP02 X PHJ89,75,2022-08-05,117.05160842538665,,18.0,1,0
284,False,Lincoln|hybrids|13|7,Lincoln,hybrids,13,7,PHP02 X PHG47,75,2022-08-05,117.15999666599377,,18.0,1,0
285,False,Lincoln|hybrids|12|11,Lincoln,hybrids,12,11,B73 X 3IIH6,75,2022-08-05,117.18764811574573,,18.0,1,0
286,False,Lincoln|hybrids|10|9,Lincoln,hybrids,10,9,PHB47 X LH185,75,2022-08-05,117.19714064096868,,18.0,1,0
287,False,Lincoln|hybrids|6|32,Lincoln,hybrids,6,32,PHK76 X LH198,75,2022-08-05,117.22916203224176,,18.0,1,0
288,False,Lincoln|hybrids|14|29,Lincoln,hybrids,14,29,PHP02 X PHN46,75,2022-08-05,117.30920637183686,,18.0,1,0
289,False,Lincoln|hybrids|12|24,Lincoln,hybrids,12,24,PHK56 X PHJ89,75,2022-08-05,117.41394014737365,,18.0,1,0
290,False,Lincoln|hybrids|7|35,Lincoln,hybrids,7,35,B37 X MO17,75,2022-08-05,117.41635028711087,,18.0,1,0
291,False,Lincoln|hybrids|7|33,Lincoln,hybrids,7,33,PHK56 X PHJ89,75,2022-08-05,117.42336967883469,,18.0,1,0
292,False,Lincoln|hybrids|4|10,Lincoln,hybrids,4,10,B73 X 3IIH6,75,2022-08-05,117.43890126764794,,18.0,1,0
293,False,Lincoln|hybrids|14|22,Lincoln,hybrids,14,22,LH82 X PHJ89,75,2022-08-05,117.44340874230247,,18.0,1,0
294,False,Lincoln|hybrids|3|16,Lincoln,hybrids,3,16,PHP02 X PHK56,75,2022-08-05,117.47796774225685,,18.0,1,0
295,False,Lincoln|hybrids|7|4,Lincoln,hybrids,7,4,PHK56 X 3IIH6,75,2022-08-05,117.48204994651711,,18.0,1,0
296,False,Lincoln|hybrids|8|32,Lincoln,hybrids,8,32,B73 X PHM49,75,2022-08-05,117.50394616923083,,18.0,1,0
297,False,Lincoln|hybrids|6|28,Lincoln,hybrids,6,28,2369 X 3IIH6,75,2022-08-05,117.5949490356811,,18.0,1,0
298,False,Lincoln|hybrids|14|13,Lincoln,hybrids,14,13,PHK76 X LH198,75,2022-08-05,117.69020856283973,,18.0,1,0
299,False,Lincoln|hybrids|14|9,Lincoln,hybrids,14,9,LH74 X PHM49,75,2022-08-05,117.74603270119417,,18.0,1,0
300,False,Lincoln|hybrids|11|37,Lincoln,hybrids,11,37,PHB47 X PHK56,75,2022-08-05,117.77799648864887,,18.0,1,0
301,False,Lincoln|hybrids|4|22,Lincoln,hybrids,4,22,B14A X MO17,75,2022-08-05,117.9267997514404,,18.0,1,0
302,False,Lincoln|hybrids|13|23,Lincoln,hybrids,13,23,B73 X 3IIH6,75,2022-08-05,118.07818980805433,,18.0,1,0
303,False,Lincoln|hybrids|9|6,Lincoln,hybrids,9,6,PHK76 X W606S,75,2022-08-05,118.19084824845788,,18.0,1,0
304,False,Lincoln|hybrids|8|7,Lincoln,hybrids,8,7,PHK56 X LH185,75,2022-08-05,118.259520974659,,18.0,1,0
305,False,Lincoln|hybrids|2|5,Lincoln,hybrids,2,5,B73 X MO17,75,2022-08-05,118.29956248378475,,18.0,1,0
306,False,Lincoln|hybrids|5|13,Lincoln,hybrids,5,13,PHK56 X LH198,75,2022-08-05,118.43671026402401,,18.0,1,0
307,False,Lincoln|hybrids|6|34,Lincoln,hybrids,6,34,LH198 X PHZ51,75,2022-08-05,118.5137125736718,,18.0,1,0
308,False,Lincoln|hybrids|11|30,Lincoln,hybrids,11,30,PHP02 X LH198,75,2022-08-05,118.64968914100696,,18.0,1,0
309,False,Lincoln|hybrids|6|24,Lincoln,hybrids,6,24,PHK56 X W606S,75,2022-08-05,118.68813973163512,,18.0,1,0
310,False,Lincoln|hybrids|8|37,Lincoln,hybrids,8,37,PHK76 X LH82,75,2022-08-05,118.80992989217667,,18.0,1,0
311,False,Lincoln|hybrids|4|6,Lincoln,hybrids,4,6,B14A X MO17,75,2022-08-05,118.88911438546866,,18.0,1,0
312,False,Lincoln|hybrids|3|13,Lincoln,hybrids,3,13,PHN46 X PHB47,75,2022-08-05,118.93512712411405,,18.0,1,0
313,False,Lincoln|hybrids|15|17,Lincoln,hybrids,15,17,PHB47 X PHK56,75,2022-08-05,118.96266161191129,,18.0,1,0
314,False,Lincoln|hybrids|2|39,Lincoln,hybrids,2,39,PHG39 X PHM49,75,2022-08-05,119.18198835274013,,18.0,1,0
315,False,Lincoln|hybrids|6|12,Lincoln,hybrids,6,12,LH82 X PHJ89,75,2022-08-05,119.24679891175741,,18.0,1,0
316,False,Lincoln|hybrids|4|17,Lincoln,hybrids,4,17,PHK56 X LH82,75,2022-08-05,119.40805105077479,,18.0,1,0
317,False,Lincoln|hybrids|10|35,Lincoln,hybrids,10,35,PHK56 X LH198,75,2022-08-05,119.45360680198769,,18.0,1,0
318,False,Lincoln|hybrids|15|25,Lincoln,hybrids,15,25,LH195 X PHZ51,75,2022-08-05,119.64540972141208,,18.0,1,0
319,False,Lincoln|hybrids|15|11,Lincoln,hybrids,15,11,PHP02 X LH198,75,2022-08-05,119.75562329826991,,18.0,1,0
320,False,Lincoln|hybrids|11|32,Lincoln,hybrids,11,32,PHB47 X PHJ89,75,2022-08-05,120.20530604114423,,18.0,1,0
321,False,Lincoln|hybrids|8|15,Lincoln,hybrids,8,15,2369 X PHN82,75,2022-08-05,120.29728895347279,,18.0,1,0
322,False,Lincoln|hybrids|15|24,Lincoln,hybrids,15,24,F42 X MO17,75,2022-08-05,120.30177641601486,,18.0,1,0
323,False,Lincoln|hybrids|10|33,Lincoln,hybrids,10,33,LH195 X LH185,75,2022-08-05,120.30210464501889,,18.0,1,0
324,False,Lincoln|hybrids|8|39,Lincoln,hybrids,8,39,PHJ40 X LH82,75,2022-08-05,120.44168062710962,,18.0,1,0
325,False,Lincoln|hybrids|11|33,Lincoln,hybrids,11,33,B73 X MO17,75,2022-08-05,120.70132099625323,,18.0,1,0
326,False,Lincoln|hybrids|9|15,Lincoln,hybrids,9,15,2FACC X 3IIH6,75,2022-08-05,120.7234538376465,,18.0,1,0
327,False,Lincoln|hybrids|6|35,Lincoln,hybrids,6,35,PHB47 X PHK56,75,2022-08-05,120.81320329266713,,18.0,1,0
328,False,Lincoln|hybrids|7|3,Lincoln,hybrids,7,3,PHK76 X LH198,75,2022-08-05,120.93393576857599,,18.0,1,0
329,False,Lincoln|hybrids|4|2,Lincoln,hybrids,4,2,PHK56 X PHJ89,75,2022-08-05,120.94744537348383,,18.0,1,0
330,False,Lincoln|hybrids|2|31,Lincoln,hybrids,2,31,PHJ40 X LH82,75,2022-08-05,121.0516924135465,,18.0,1,0
331,False,Lincoln|hybrids|15|26,Lincoln,hybrids,15,26,PHN46 X PHB47,75,2022-08-05,121.13445062828356,,18.0,1,0
332,False,Lincoln|hybrids|14|21,Lincoln,hybrids,14,21,B73 X PHN82,75,2022-08-05,121.14593968113606,,18.0,1,0
333,False,Lincoln|hybrids|5|12,Lincoln,hybrids,5,12,LH195 X PHZ51,75,2022-08-05,121.3435745557264,,18.0,1,0
334,False,Lincoln|hybrids|10|12,Lincoln,hybrids,10,12,F42 X OH43,75,2022-08-05,121.45255078589288,,18.0,1,0
335,False,Lincoln|hybrids|6|17,Lincoln,hybrids,6,17,PHW52 X PHZ51,75,2022-08-05,121.92975792234445,,18.0,1,0
336,False,Lincoln|hybrids|13|12,Lincoln,hybrids,13,12,PHK56 X PHJ89,75,2022-08-05,122.01316517892445,,18.0,1,0
337,False,Lincoln|hybrids|11|21,Lincoln,hybrids,11,21,B73 X MO17,75,2022-08-05,122.15187051507431,,18.0,1,0
338,False,Lincoln|hybrids|3|11,Lincoln,hybrids,3,11,PHK56 X LH82,75,2022-08-05,122.20326299839343,,18.0,1,0
339,False,Lincoln|hybrids|4|28,Lincoln,hybrids,4,28,PHP02 X LH198,75,2022-08-05,122.73297684589002,,18.0,1,0
340,False,Lincoln|hybrids|2|30,Lincoln,hybrids,2,30,LH74 X PHM49,75,2022-08-05,122.78276280615381,,18.0,1,0
341,False,Lincoln|hybrids|13|28,Lincoln,hybrids,13,28,PHK56 X PHJ89,75,2022-08-05,123.05863828825385,,18.0,1,0
342,False,Lincoln|hybrids|8|17,Lincoln,hybrids,8,17,LH185 X LH82,75,2022-08-05,123.11916647332724,,18.0,1,0
343,False,Lincoln|hybrids|14|6,Lincoln,hybrids,14,6,B14A X MO17,75,2022-08-05,123.2496360870887,,18.0,1,0
344,False,Lincoln|hybrids|5|20,Lincoln,hybrids,5,20,PHP02 X W606S,75,2022-08-05,123.30073718124115,,18.0,1,0
345,False,Lincoln|hybrids|11|23,Lincoln,hybrids,11,23,PHW52 X LH185,75,2022-08-05,123.61859802339865,,18.0,1,0
346,False,Lincoln|hybrids|2|4,Lincoln,hybrids,2,4,PHK76 X LH82,75,2022-08-05,123.61960000163108,,18.0,1,0
347,False,Lincoln|hybrids|7|36,Lincoln,hybrids,7,36,B73 X MO17,75,2022-08-05,123.62472612676049,,18.0,1,0
348,False,Lincoln|hybrids|3|39,Lincoln,hybrids,3,39,PHP02 X PHK56,75,2022-08-05,123.78189914491608,,18.0,1,0
349,False,Lincoln|hybrids|6|19,Lincoln,hybrids,6,19,N209 X 3IIH6,75,2022-08-05,124.02608671029014,,18.0,1,0
350,False,Lincoln|hybrids|4|16,Lincoln,hybrids,4,16,PHB47 X PHK56,75,2022-08-05,124.13507180849973,,18.0,1,0
351,False,Lincoln|hybrids|12|18,Lincoln,hybrids,12,18,LH185 X LH82,75,2022-08-05,124.20074857273929,,18.0,1,0
352,False,Lincoln|hybrids|2|33,Lincoln,hybrids,2,33,LH82 X W606S,75,2022-08-05,124.2055065278121,,18.0,1,0
353,False,Lincoln|hybrids|7|22,Lincoln,hybrids,7,22,LH195 X LH185,75,2022-08-05,124.26963053930362,,18.0,1,0
354,False,Lincoln|hybrids|13|36,Lincoln,hybrids,13,36,B14A X MO17,75,2022-08-05,124.29377349203261,,18.0,1,0
355,False,Lincoln|hybrids|10|31,Lincoln,hybrids,10,31,F42 X MO17,75,2022-08-05,124.90319449547312,,18.0,1,0
356,False,Lincoln|hybrids|9|35,Lincoln,hybrids,9,35,LH82 X PHJ89,75,2022-08-05,125.22997492309051,,18.0,1,0
357,False,Lincoln|hybrids|7|37,Lincoln,hybrids,7,37,PHK56 X LH198,75,2022-08-05,125.24002118636255,,18.0,1,0
358,False,Lincoln|hybrids|7|31,Lincoln,hybrids,7,31,F42 X OH43,75,2022-08-05,125.26674345160193,,18.0,1,0
359,False,Lincoln|hybrids|5|19,Lincoln,hybrids,5,19,PHG39 X PHM49,75,2022-08-05,125.36979278660225,,18.0,1,0
360,False,Lincoln|hybrids|9|13,Lincoln,hybrids,9,13,LH185 X LH82,75,2022-08-05,125.45386352710882,,18.0,1,0
361,False,Lincoln|hybrids|8|16,Lincoln,hybrids,8,16,PHK56 X LH198,75,2022-08-05,125.45570736306408,,18.0,1,0
362,False,Lincoln|hybrids|3|4,Lincoln,hybrids,3,4,B73 X PHN82,75,2022-08-05,125.51382852368238,,18.0,1,0
363,False,Lincoln|hybrids|12|13,Lincoln,hybrids,12,13,PHW52 X LH185,75,2022-08-05,125.60791134753994,,18.0,1,0
364,False,Lincoln|hybrids|4|31,Lincoln,hybrids,4,31,2369 X PHZ51,75,2022-08-05,125.7684637617691,,18.0,1,0
365,False,Lincoln|hybrids|7|29,Lincoln,hybrids,7,29,PHT69 X 3IIH6,75,2022-08-05,125.79452735400811,,18.0,1,0
366,False,Lincoln|hybrids|6|38,Lincoln,hybrids,6,38,PHW52 X PHM49,75,2022-08-05,125.94052361116407,,18.0,1,0
367,False,Lincoln|hybrids|8|26,Lincoln,hybrids,8,26,PHK56 X LH82,75,2022-08-05,125.95079649217553,,18.0,1,0
368,False,Lincoln|hybrids|6|39,Lincoln,hybrids,6,39,LH195 X LH185,75,2022-08-05,126.03176566031928,,18.0,1,0
369,False,Lincoln|hybrids|5|30,Lincoln,hybrids,5,30,2369 X PHN82,75,2022-08-05,126.14618681485356,,18.0,1,0
370,False,Lincoln|hybrids|7|17,Lincoln,hybrids,7,17,LH82 X W606S,75,2022-08-05,126.16576676606039,,18.0,1,0
371,False,Lincoln|hybrids|10|16,Lincoln,hybrids,10,16,PHP02 X PHK56,75,2022-08-05,126.21550919915578,,18.0,1,0
372,False,Lincoln|hybrids|9|33,Lincoln,hybrids,9,33,PHW52 X PHM49,75,2022-08-05,126.23866367846897,,18.0,1,0
373,False,Lincoln|hybrids|9|12,Lincoln,hybrids,9,12,PHP02 X PHN46,75,2022-08-05,126.26198015796804,,18.0,1,0
374,False,Lincoln|hybrids|13|25,Lincoln,hybrids,13,25,PHP02 X W606S,75,2022-08-05,126.6937770874818,,18.0,1,0
375,False,Lincoln|hybrids|12|20,Lincoln,hybrids,12,20,PHN46 X W606S,75,2022-08-05,126.74131167033872,,18.0,1,0
376,False,Lincoln|hybrids|3|33,Lincoln,hybrids,3,33,F42 X MO17,75,2022-08-05,126.76243789934162,,18.0,1,0
377,False,Lincoln|hybrids|2|18,Lincoln,hybrids,2,18,PHW52 X LH185,75,2022-08-05,126.76387844515733,,18.0,1,0
378,False,Lincoln|hybrids|3|7,Lincoln,hybrids,3,7,PHP02 X PHK56,75,2022-08-05,126.86164423018433,,18.0,1,0
379,False,Lincoln|hybrids|11|7,Lincoln,hybrids,11,7,LH82 X W606S,75,2022-08-05,126.94115916409356,,18.0,1,0
380,False,Lincoln|hybrids|9|32,Lincoln,hybrids,9,32,B73 X PHN82,75,2022-08-05,127.0706765143917,,18.0,1,0
381,False,Lincoln|hybrids|14|26,Lincoln,hybrids,14,26,LH195 X LH185,75,2022-08-05,127.12490348209025,,18.0,1,0
382,False,Lincoln|hybrids|13|4,Lincoln,hybrids,13,4,PHT69 X 3IIH6,75,2022-08-05,127.17944159084249,,18.0,1,0
383,False,Lincoln|hybrids|4|12,Lincoln,hybrids,4,12,LH185 X LH82,75,2022-08-05,127.44867444552118,,18.0,1,0
384,False,Lincoln|hybrids|11|15,Lincoln,hybrids,11,15,LH82 X W606S,75,2022-08-05,127.48750051879406,,18.0,1,0
385,False,Lincoln|hybrids|2|8,Lincoln,hybrids,2,8,2369 X PHP02,75,2022-08-05,127.76394667186949,,18.0,1,0
386,False,Lincoln|hybrids|7|2,Lincoln,hybrids,7,2,2FACC X 3IIH6,75,2022-08-05,127.78485020971495,,18.0,1,0
387,False,Lincoln|hybrids|5|28,Lincoln,hybrids,5,28,B73 X PHN82,75,2022-08-05,127.92989681063345,,18.0,1,0
388,False,Lincoln|hybrids|15|32,Lincoln,hybrids,15,32,PHG39 X PHM49,75,2022-08-05,128.04687286580398,,18.0,1,0
389,False,Lincoln|hybrids|7|34,Lincoln,hybrids,7,34,N209 X 3IIH6,75,2022-08-05,128.11025631128777,,18.0,1,0
390,False,Lincoln|hybrids|6|13,Lincoln,hybrids,6,13,PHP02 X W606S,75,2022-08-05,128.77946595041516,,18.0,1,0
391,False,Lincoln|hybrids|12|17,Lincoln,hybrids,12,17,N209 X 3IIH6,75,2022-08-05,128.82360140701746,,18.0,1,0
392,False,Lincoln|hybrids|9|37,Lincoln,hybrids,9,37,PHN46 X W606S,75,2022-08-05,128.91056087208548,,18.0,1,0
393,False,Lincoln|hybrids|13|2,Lincoln,hybrids,13,2,PHK76 X LH82,75,2022-08-05,128.97536779778542,,18.0,1,0
394,False,Lincoln|hybrids|14|32,Lincoln,hybrids,14,32,PHW52 X LH185,75,2022-08-05,129.13212433975136,,18.0,1,0
395,False,Lincoln|hybrids|6|30,Lincoln,hybrids,6,30,PHN46 X W606S,75,2022-08-05,129.26504613660845,,18.0,1,0
396,False,Lincoln|hybrids|11|12,Lincoln,hybrids,11,12,F42 X MO17,75,2022-08-05,129.2726435291948,,18.0,1,0
397,False,Lincoln|hybrids|6|33,Lincoln,hybrids,6,33,B14A X MO17,75,2022-08-05,129.35072102388003,,18.0,1,0
398,False,Lincoln|hybrids|9|10,Lincoln,hybrids,9,10,PHK56 X LH198,75,2022-08-05,129.51843719453836,,18.0,1,0
399,False,Lincoln|hybrids|10|29,Lincoln,hybrids,10,29,PHK56 X LH185,75,2022-08-05,129.67766424445864,,18.0,1,0
400,False,Lincoln|hybrids|9|26,Lincoln,hybrids,9,26,PHW52 X PHM49,75,2022-08-05,129.86587103330544,,18.0,1,0
401,False,Lincoln|hybrids|9|22,Lincoln,hybrids,9,22,PHK56 X LH198,75,2022-08-05,130.0220855175514,,18.0,1,0
402,False,Lincoln|hybrids|12|4,Lincoln,hybrids,12,4,PHK56 X LH185,75,2022-08-05,130.05933240429923,,18.0,1,0
403,False,Lincoln|hybrids|3|3,Lincoln,hybrids,3,3,LH74 X PHN82,75,2022-08-05,130.10650738691498,,18.0,1,0
404,False,Lincoln|hybrids|14|8,Lincoln,hybrids,14,8,B73 X PHN82,75,2022-08-05,130.622771043162,,18.0,1,0
405,False,Lincoln|hybrids|8|23,Lincoln,hybrids,8,23,SYNGENTA NK0760-3111,75,2022-08-05,130.9268793430851,,18.0,1,0
406,False,Lincoln|hybrids|10|24,Lincoln,hybrids,10,24,PIONEER 1311 AMXT,75,2022-08-05,130.93487577926152,,18.0,1,0
407,False,Lincoln|hybrids|8|5,Lincoln,hybrids,8,5,F42 X MO17,75,2022-08-05,130.93674160502616,,18.0,1,0
408,False,Lincoln|hybrids|6|10,Lincoln,hybrids,6,10,PHW52 X PHZ51,75,2022-08-05,131.03043938181472,,18.0,1,0
409,False,Lincoln|hybrids|14|31,Lincoln,hybrids,14,31,PHW52 X PHZ51,75,2022-08-05,131.1444571841168,,18.0,1,0
410,False,Lincoln|hybrids|4|9,Lincoln,hybrids,4,9,PHK76 X W606S,75,2022-08-05,131.19265022705292,,18.0,1,0
411,False,Lincoln|hybrids|9|9,Lincoln,hybrids,9,9,LH82 X PHJ89,75,2022-08-05,131.38360693043532,,18.0,1,0
412,False,Lincoln|hybrids|3|24,Lincoln,hybrids,3,24,PIONEER P0589 AMXT,75,2022-08-05,131.47691906055124,,18.0,1,0
413,False,Lincoln|hybrids|15|34,Lincoln,hybrids,15,34,PHG39 X PHN82,75,2022-08-05,131.54504157257315,,18.0,1,0
414,False,Lincoln|hybrids|6|5,Lincoln,hybrids,6,5,PHG39 X PHM49,75,2022-08-05,131.63645797572815,,18.0,1,0
415,False,Lincoln|hybrids|2|11,Lincoln,hybrids,2,11,LH82 X W606S,75,2022-08-05,131.69043838770267,,18.0,1,0
416,False,Lincoln|hybrids|9|29,Lincoln,hybrids,9,29,PHP02 X PHK56,75,2022-08-05,132.56373944228443,,18.0,1,0
417,False,Lincoln|hybrids|12|3,Lincoln,hybrids,12,3,PHW52 X PHZ51,75,2022-08-05,132.6684872161773,,18.0,1,0
418,False,Lincoln|hybrids|4|33,Lincoln,hybrids,4,33,LH82 X PHJ89,75,2022-08-05,132.97583934148423,,18.0,1,0
419,False,Lincoln|hybrids|10|15,Lincoln,hybrids,10,15,PHW52 X PHZ51,75,2022-08-05,133.36638155552419,,18.0,1,0
420,False,Lincoln|hybrids|13|32,Lincoln,hybrids,13,32,N209 X 3IIH6,75,2022-08-05,133.52672259447286,,18.0,1,0
421,False,Lincoln|hybrids|2|15,Lincoln,hybrids,2,15,PHW52 X PHM49,75,2022-08-05,133.52959105749125,,18.0,1,0
422,False,Lincoln|hybrids|13|9,Lincoln,hybrids,13,9,2369 X PHN82,75,2022-08-05,134.03140691462062,,18.0,1,0
423,False,Lincoln|hybrids|14|28,Lincoln,hybrids,14,28,LH82 X W606S,75,2022-08-05,134.30195664476432,,18.0,1,0
424,False,Lincoln|hybrids|15|2,Lincoln,hybrids,15,2,N209 X 3IIH6,75,2022-08-05,134.5720943506526,,18.0,1,0
425,False,Lincoln|hybrids|12|29,Lincoln,hybrids,12,29,PHP02 X W606S,75,2022-08-05,134.72077866916888,,18.0,1,0
426,False,Lincoln|hybrids|8|30,Lincoln,hybrids,8,30,PHK56 X LH82,75,2022-08-05,134.86330329093485,,18.0,1,0
427,False,Lincoln|hybrids|12|22,Lincoln,hybrids,12,22,SYNGENTA NK0760-3111,75,2022-08-05,135.38844018564723,,18.0,1,0
428,False,Lincoln|hybrids|14|5,Lincoln,hybrids,14,5,PHK56 X LH82,75,2022-08-05,135.5354574992026,,18.0,1,0
429,False,Lincoln|hybrids|4|4,Lincoln,hybrids,4,4,PHP02 X PHN46,75,2022-08-05,135.5435176506541,,18.0,1,0
430,False,Lincoln|hybrids|2|10,Lincoln,hybrids,2,10,LH195 X LH185,75,2022-08-05,135.79089002163064,,18.0,1,0
431,False,Lincoln|hybrids|10|21,Lincoln,hybrids,10,21,PHW52 X PHN82,75,2022-08-05,135.907656916319,,18.0,1,0
432,False,Lincoln|hybrids|12|9,Lincoln,hybrids,12,9,SYNGENTA NK0760-3111,75,2022-08-05,136.27247441585732,,18.0,1,0
433,False,Lincoln|hybrids|12|34,Lincoln,hybrids,12,34,SYNGENTA NK0760-3111,75,2022-08-05,136.28068493121438,,18.0,1,0
434,False,Lincoln|hybrids|10|30,Lincoln,hybrids,10,30,LH185 X LH82,75,2022-08-05,136.62351966943214,,18.0,1,0
435,False,Lincoln|hybrids|4|25,Lincoln,hybrids,4,25,PIONEER 1311 AMXT,75,2022-08-05,136.71521096635212,,18.0,1,0
436,False,Lincoln|hybrids|7|13,Lincoln,hybrids,7,13,SYNGENTA NK0760-3111,75,2022-08-05,136.8774510268062,,18.0,1,0
437,False,Lincoln|hybrids|4|30,Lincoln,hybrids,4,30,PHW52 X LH185,75,2022-08-05,136.9023687923394,,18.0,1,0
438,False,Lincoln|hybrids|14|4,Lincoln,hybrids,14,4,PHW52 X PHM49,75,2022-08-05,136.95211164196047,,18.0,1,0
439,False,Lincoln|hybrids|7|18,Lincoln,hybrids,7,18,PHW52 X PHN82,75,2022-08-05,137.3064416685956,,18.0,1,0
440,False,Lincoln|hybrids|10|19,Lincoln,hybrids,10,19,PIONEER P0589 AMXT,75,2022-08-05,137.3377923683915,,18.0,1,0
441,False,Lincoln|hybrids|5|31,Lincoln,hybrids,5,31,LH185 X LH82,75,2022-08-05,137.40388019986256,,18.0,1,0
442,False,Lincoln|hybrids|12|35,Lincoln,hybrids,12,35,SYNGENTA NK0760-3111,75,2022-08-05,137.9775955299298,,18.0,1,0
443,False,Lincoln|hybrids|15|20,Lincoln,hybrids,15,20,LH185 X W606S,75,2022-08-05,138.0516227541376,,18.0,1,0
444,False,Lincoln|hybrids|15|33,Lincoln,hybrids,15,33,PHW52 X PHN82,75,2022-08-05,138.20308255415674,,18.0,1,0
445,False,Lincoln|hybrids|9|30,Lincoln,hybrids,9,30,PHK56 X LH82,75,2022-08-05,138.21578649246868,,18.0,1,0
446,False,Lincoln|hybrids|5|17,Lincoln,hybrids,5,17,HOEGEMEYER 8065RR,75,2022-08-05,138.27507528748086,,18.0,1,0
447,False,Lincoln|hybrids|7|11,Lincoln,hybrids,7,11,PHW52 X LH185,75,2022-08-05,138.51449431220638,,18.0,1,0
448,False,Lincoln|hybrids|12|28,Lincoln,hybrids,12,28,PHK56 X W606S,75,2022-08-05,138.703542266602,,18.0,1,0
449,False,Lincoln|hybrids|11|2,Lincoln,hybrids,11,2,LH195 X LH185,75,2022-08-05,139.06367225499633,,18.0,1,0
450,False,Lincoln|hybrids|3|8,Lincoln,hybrids,3,8,N209 X 3IIH6,75,2022-08-05,139.62648485540655,,18.0,1,0
451,False,Lincoln|hybrids|5|16,Lincoln,hybrids,5,16,HOEGEMEYER 7089 AMXT,75,2022-08-05,139.7782572897482,,18.0,1,0
452,False,Lincoln|hybrids|14|11,Lincoln,hybrids,14,11,PHG39 X PHM49,75,2022-08-05,140.0016305915899,,18.0,1,0
453,False,Lincoln|hybrids|12|33,Lincoln,hybrids,12,33,SYNGENTA NK0760-3111,75,2022-08-05,140.21272317448006,,18.0,1,0
454,False,Lincoln|hybrids|15|9,Lincoln,hybrids,15,9,B73 X MO17,75,2022-08-05,140.27852223029956,,18.0,1,0
455,False,Lincoln|hybrids|8|10,Lincoln,hybrids,8,10,SYNGENTA NK0760-3111,75,2022-08-05,140.95700358891088,,18.0,1,0
456,False,Lincoln|hybrids|15|19,Lincoln,hybrids,15,19,PHG39 X PHN82,75,2022-08-05,141.0041768374253,,18.0,1,0
457,False,Lincoln|hybrids|2|29,Lincoln,hybrids,2,29,PHK56 X W606S,75,2022-08-05,141.39511129924594,,18.0,1,0
458,False,Lincoln|hybrids|3|37,Lincoln,hybrids,3,37,PIONEER P0589 AMXT,75,2022-08-05,141.4389987208375,,18.0,1,0
459,False,Lincoln|hybrids|9|36,Lincoln,hybrids,9,36,PIONEER P0589 AMXT,75,2022-08-05,141.72025988236592,,18.0,1,0
460,False,Lincoln|hybrids|2|9,Lincoln,hybrids,2,9,PHW52 X PHM49,75,2022-08-05,141.73874543735127,,18.0,1,0
461,False,Lincoln|hybrids|7|15,Lincoln,hybrids,7,15,SYNGENTA NK0760-3111,75,2022-08-05,141.75023747513882,,18.0,1,0
462,False,Lincoln|hybrids|14|3,Lincoln,hybrids,14,3,PHB47 X PHJ89,75,2022-08-05,141.8720816382891,,18.0,1,0
463,False,Lincoln|hybrids|12|32,Lincoln,hybrids,12,32,SYNGENTA NK0760-3111,75,2022-08-05,142.00876027753432,,18.0,1,0
464,False,Lincoln|hybrids|3|31,Lincoln,hybrids,3,31,PHW52 X PHZ51,75,2022-08-05,142.28512817701576,,18.0,1,0
465,False,Lincoln|hybrids|2|37,Lincoln,hybrids,2,37,HOEGEMEYER 7089 AMXT,75,2022-08-05,142.45908758407396,,18.0,1,0
466,False,Lincoln|hybrids|14|25,Lincoln,hybrids,14,25,HOEGEMEYER 8065RR,75,2022-08-05,142.5620235057971,,18.0,1,0
467,False,Lincoln|hybrids|15|10,Lincoln,hybrids,15,10,PHN46 X W606S,75,2022-08-05,143.13823307338427,,18.0,1,0
468,False,Lincoln|hybrids|4|32,Lincoln,hybrids,4,32,PHP02 X W606S,75,2022-08-05,143.78047407312312,,18.0,1,0
469,False,Lincoln|hybrids|15|7,Lincoln,hybrids,15,7,PHP02 X W606S,75,2022-08-05,144.95145428947419,,18.0,1,0
470,False,Lincoln|hybrids|3|2,Lincoln,hybrids,3,2,PHK56 X W606S,75,2022-08-05,145.46282254054063,,18.0,1,0
471,False,Lincoln|hybrids|12|31,Lincoln,hybrids,12,31,SYNGENTA NK0760-3111,75,2022-08-05,145.8949162136999,,18.0,1,0
472,False,Lincoln|hybrids|2|2,Lincoln,hybrids,2,2,PHN46 X W606S,75,2022-08-05,145.9401505748304,,18.0,1,0
473,False,Lincoln|hybrids|8|24,Lincoln,hybrids,8,24,SYNGENTA NK0760-3111,75,2022-08-05,146.2064224533645,,18.0,1,0
474,False,Lincoln|hybrids|13|39,Lincoln,hybrids,13,39,PIONEER 1311 AMXT,75,2022-08-05,146.52497140216857,,18.0,1,0
475,False,Lincoln|hybrids|15|15,Lincoln,hybrids,15,15,HOEGEMEYER 7089 AMXT,75,2022-08-05,146.72287977923673,,18.0,1,0
476,False,Lincoln|hybrids|8|25,Lincoln,hybrids,8,25,SYNGENTA NK0760-3111,75,2022-08-05,147.4970746537264,,18.0,1,0
477,False,Lincoln|hybrids|13|3,Lincoln,hybrids,13,3,PHN46 X PHB47,75,2022-08-05,149.21399956413674,,18.0,1,0
478,False,Lincoln|hybrids|13|29,Lincoln,hybrids,13,29,HOEGEMEYER 7089 AMXT,75,2022-08-05,149.84277126746417,,18.0,1,0
479,False,Lincoln|hybrids|5|4,Lincoln,hybrids,5,4,PIONEER 1311 AMXT,75,2022-08-05,150.38655681604536,,18.0,1,0
480,False,Lincoln|hybrids|8|3,Lincoln,hybrids,8,3,PHW52 X PHN82,75,2022-08-05,150.86205039858234,,18.0,1,0
481,False,Lincoln|hybrids|10|28,Lincoln,hybrids,10,28,LH185 X W606S,75,2022-08-05,151.6560339645772,,18.0,1,0
482,False,Lincoln|hybrids|5|33,Lincoln,hybrids,5,33,PHW52 X PHN82,75,2022-08-05,151.67445971639242,,18.0,1,0
483,False,Lincoln|hybrids|13|11,Lincoln,hybrids,13,11,LH185 X W606S,75,2022-08-05,152.87007092124028,,18.0,1,0
484,False,Lincoln|hybrids|3|28,Lincoln,hybrids,3,28,PIONEER 1311 AMXT,75,2022-08-05,153.3632484327154,,18.0,1,0
485,False,Lincoln|hybrids|8|2,Lincoln,hybrids,8,2,PIONEER P0589 AMXT,75,2022-08-05,153.4515002236205,,18.0,1,0
486,False,Lincoln|hybrids|15|3,Lincoln,hybrids,15,3,PHK56 X W606S,75,2022-08-05,153.71644989355502,,18.0,1,0
487,False,Lincoln|hybrids|14|16,Lincoln,hybrids,14,16,SYNGENTA NK0760-3111,75,2022-08-05,153.85498093400082,,18.0,1,0
488,False,Lincoln|hybrids|8|9,Lincoln,hybrids,8,9,SYNGENTA NK0760-3111,75,2022-08-05,153.8938757773962,,18.0,1,0
489,False,Lincoln|hybrids|8|12,Lincoln,hybrids,8,12,SYNGENTA NK0760-3111,75,2022-08-05,154.02792587673966,,18.0,1,0
490,False,Lincoln|hybrids|6|29,Lincoln,hybrids,6,29,HOEGEMEYER 8065RR,75,2022-08-05,154.04255668113177,,18.0,1,0
491,False,Lincoln|hybrids|4|38,Lincoln,hybrids,4,38,SYNGENTA NK0760-3111,75,2022-08-05,154.41977198036832,,18.0,1,0
492,False,Lincoln|hybrids|8|22,Lincoln,hybrids,8,22,SYNGENTA NK0760-3111,75,2022-08-05,154.85587587393385,,18.0,1,0
493,False,Lincoln|hybrids|9|11,Lincoln,hybrids,9,11,HOEGEMEYER 8065RR,75,2022-08-05,155.44276006829503,,18.0,1,0
494,False,Lincoln|hybrids|9|3,Lincoln,hybrids,9,3,PIONEER P0589 AMXT,75,2022-08-05,155.9988372518421,,18.0,1,0
495,False,Lincoln|hybrids|8|4,Lincoln,hybrids,8,4,HOEGEMEYER 8065RR,75,2022-08-05,156.30228852848415,,18.0,1,0
496,False,Lincoln|hybrids|8|38,Lincoln,hybrids,8,38,SYNGENTA NK0760-3111,75,2022-08-05,156.93905330510017,,18.0,1,0
497,False,Lincoln|hybrids|5|10,Lincoln,hybrids,5,10,HOEGEMEYER 7089 AMXT,75,2022-08-05,157.28665120885577,,18.0,1,0
498,False,Lincoln|hybrids|9|28,Lincoln,hybrids,9,28,HOEGEMEYER 8065RR,75,2022-08-05,158.05582314787875,,18.0,1,0
499,False,Lincoln|hybrids|14|7,Lincoln,hybrids,14,7,SYNGENTA NK0760-3111,75,2022-08-05,158.47501166516852,,18.0,1,0
500,False,Lincoln|hybrids|9|2,Lincoln,hybrids,9,2,PHW52 X PHN82,75,2022-08-05,159.8428544760895,,18.0,1,0
501,False,Lincoln|hybrids|15|5,Lincoln,hybrids,15,5,PIONEER 1311 AMXT,75,2022-08-05,160.03420841713313,,18.0,1,0
502,False,Lincoln|hybrids|13|10,Lincoln,hybrids,13,10,PHG39 X PHN82,75,2022-08-05,160.83448668434093,,18.0,1,0
503,False,Lincoln|hybrids|10|2,Lincoln,hybrids,10,2,HOEGEMEYER 7089 AMXT,75,2022-08-05,162.89829210110264,,18.0,1,0
504,False,Lincoln|hybrids|8|11,Lincoln,hybrids,8,11,SYNGENTA NK0760-3111,75,2022-08-05,170.44959505765104,,18.0,1,0
1,True,MOValley|Hybrids|25|38,MOValley,Hybrids,25,38,LH195 X PHM49,75,2022-07-13,71.89158035338527,,0.0,1,0
2,True,MOValley|Hybrids|29|18,MOValley,Hybrids,29,18,LH195 X PHM49,75,2022-07-13,72.15154665039672,,0.0,1,0
3,True,MOValley|Hybrids|29|33,MOValley,Hybrids,29,33,PHZ51 X LH145,75,2022-07-13,75.75492290281917,,0.0,1,0
4,True,MOValley|Hybrids|29|23,MOValley,Hybrids,29,23,PHZ51 X LH145,75,2022-07-13,77.32995959017805,,0.0,1,0
5,True,MOValley|Hybrids|27|15,MOValley,Hybrids,27,15,PHK76 X LH145,75,2022-07-13,80.45091412470587,,0.0,1,0
6,True,MOValley|Hybrids|25|33,MOValley,Hybrids,25,33,B37 X H95,75,2022-07-13,81.29373507090642,,0.0,1,0
7,True,MOValley|Hybrids|29|21,MOValley,Hybrids,29,21,B37 X H95,75,2022-07-13,83.2848091132175,,0.0,1,0
8,True,MOValley|Hybrids|23|6,MOValley,Hybrids,23,6,PHN46 X W606S,75,2022-07-13,84.40950792060302,,0.0,1,0
9,True,MOValley|Hybrids|25|31,MOValley,Hybrids,25,31,WF9 X H95,75,2022-07-13,85.90880074008476,,0.0,1,0
10,True,MOValley|Hybrids|23|28,MOValley,Hybrids,23,28,PHP02 X PHN46,75,2022-07-13,87.05402163144555,,0.0,1,0
11,True,MOValley|Hybrids|27|10,MOValley,Hybrids,27,10,WF9 X H95,75,2022-07-13,87.43744492866813,,0.0,1,0
12,True,MOValley|Hybrids|23|37,MOValley,Hybrids,23,37,PHK76 X LH145,75,2022-07-13,87.44261447812968,,0.0,1,0
13,True,MOValley|Hybrids|25|44,MOValley,Hybrids,25,44,LH185 X W606S,75,2022-07-13,87.65262308844936,,0.0,1,0
14,True,MOValley|Hybrids|23|10,MOValley,Hybrids,23,10,PHP02 X LH145,75,2022-07-13,88.16139965972889,,0.0,1,0
15,True,MOValley|Hybrids|27|35,MOValley,Hybrids,27,35,B105 X 3IIH6,75,2022-07-13,88.38848458452807,,0.0,1,0
16,True,MOValley|Hybrids|29|8,MOValley,Hybrids,29,8,LH145 X LH162,75,2022-07-13,88.4832845355179,,0.0,1,0
17,True,MOValley|Hybrids|29|3,MOValley,Hybrids,29,3,PHK76 X 3IIH6,75,2022-07-13,88.99237501009767,,0.0,1,0
18,False,MOValley|Hybrids|27|24,MOValley,Hybrids,27,24,LH82 X W606S,75,2022-07-13,89.11565732777333,,0.0,1,0
19,False,MOValley|Hybrids|27|17,MOValley,Hybrids,27,17,PHP02 X PHB47,75,2022-07-13,89.38526455337558,,0.0,1,0
20,False,MOValley|Hybrids|27|2,MOValley,Hybrids,27,2,2369 X PHP02,75,2022-07-13,89.59978688059246,,0.0,1,0
21,False,MOValley|Hybrids|27|42,MOValley,Hybrids,27,42,B37 X OH43,75,2022-07-13,89.76570157872384,,0.0,1,0
22,False,MOValley|Hybrids|23|32,MOValley,Hybrids,23,32,PHN46 X W606S,75,2022-07-13,90.8103987303688,,0.0,1,0
23,False,MOValley|Hybrids|25|2,MOValley,Hybrids,25,2,PHW52 X PHZ51,75,2022-07-13,90.86546255492316,,0.0,1,0
24,False,MOValley|Hybrids|23|2,MOValley,Hybrids,23,2,PHP02 X PHN46,75,2022-07-13,90.92059389004261,,0.0,1,0
25,False,MOValley|Hybrids|29|13,MOValley,Hybrids,29,13,PHP02 X LH185,75,2022-07-13,91.34253613209785,,0.0,1,0
26,False,MOValley|Hybrids|23|8,MOValley,Hybrids,23,8,B105 X 3IIH6,75,2022-07-13,91.39967694798094,,0.0,1,0
27,False,MOValley|Hybrids|23|4,MOValley,Hybrids,23,4,PHK76 X W606S,75,2022-07-13,91.63298988836229,,0.0,1,0
28,False,MOValley|Hybrids|27|43,MOValley,Hybrids,27,43,LH198 X PHB47,75,2022-07-13,92.10576589850386,,0.0,1,0
29,False,MOValley|Hybrids|25|20,MOValley,Hybrids,25,20,PHK76 X LH82,75,2022-07-13,92.2085248278085,,0.0,1,0
30,False,MOValley|Hybrids|25|32,MOValley,Hybrids,25,32,B37 X MO17,75,2022-07-13,92.23240498187153,,0.0,1,0
31,False,MOValley|Hybrids|29|12,MOValley,Hybrids,29,12,LH123HT X PHB47,75,2022-07-13,92.23689333320135,,0.0,1,0
32,False,MOValley|Hybrids|27|37,MOValley,Hybrids,27,37,PHP02 X PHB47,75,2022-07-13,92.23922262981098,,0.0,1,0
33,False,MOValley|Hybrids|25|5,MOValley,Hybrids,25,5,PHP02 X LH82,75,2022-07-13,92.24088985090889,,0.0,1,0
34,False,MOValley|Hybrids|27|23,MOValley,Hybrids,27,23,PHW52 X LH185,75,2022-07-13,92.29971901633095,,0.0,1,0
35,False,MOValley|Hybrids|29|4,MOValley,Hybrids,29,4,PHK76 X LH198,75,2022-07-13,92.50472446079314,,0.0,1,0
36,False,MOValley|Hybrids|27|44,MOValley,Hybrids,27,44,LH123HT X PHB47,75,2022-07-13,93.31313282427328,,0.0,1,0
37,False,MOValley|Hybrids|29|31,MOValley,Hybrids,29,31,LH74 X PHM49,75,2022-07-13,93.47306933054622,,0.0,1,0
38,False,MOValley|Hybrids|29|43,MOValley,Hybrids,29,43,2369 X PHP02,75,2022-07-13,93.89189824073571,,0.0,1,0
39,False,MOValley|Hybrids|29|22,MOValley,Hybrids,29,22,LH185 X LH82,75,2022-07-13,94.26443740017675,,0.0,1,0
40,False,MOValley|Hybrids|23|36,MOValley,Hybrids,23,36,PHK76 X 3IIH6,75,2022-07-13,94.49744679287099,,0.0,1,0
41,False,MOValley|Hybrids|29|25,MOValley,Hybrids,29,25,PHK76 X W606S,75,2022-07-13,94.62849849987941,,0.0,1,0
42,False,MOValley|Hybrids|23|3,MOValley,Hybrids,23,3,LH198 X PHB47,75,2022-07-13,94.70004948564774,,0.0,1,0
43,False,MOValley|Hybrids|29|15,MOValley,Hybrids,29,15,PHJ40 X LH82,75,2022-07-13,94.80006058647527,,0.0,1,0
44,False,MOValley|Hybrids|27|6,MOValley,Hybrids,27,6,PHP02 X PHK56,75,2022-07-13,94.81971287587325,,0.0,1,0
45,False,MOValley|Hybrids|25|23,MOValley,Hybrids,25,23,LH195 X LH185,75,2022-07-13,94.83193647493182,,0.0,1,0
46,False,MOValley|Hybrids|25|26,MOValley,Hybrids,25,26,LH195 X LH185,75,2022-07-13,94.85052346552716,,0.0,1,0
47,False,MOValley|Hybrids|23|25,MOValley,Hybrids,23,25,PHP02 X LH145,75,2022-07-13,94.8706843689009,,0.0,1,0
48,False,MOValley|Hybrids|29|30,MOValley,Hybrids,29,30,PHB47 X 3IIH6,75,2022-07-13,94.90860935396753,,0.0,1,0
49,False,MOValley|Hybrids|25|3,MOValley,Hybrids,25,3,B37 X MO17,75,2022-07-13,95.0494755487893,,0.0,1,0
50,False,MOValley|Hybrids|29|36,MOValley,Hybrids,29,36,LH198 X PHZ51,75,2022-07-13,95.0759814267578,,0.0,1,0
51,False,MOValley|Hybrids|29|44,MOValley,Hybrids,29,44,PHK56 X LH82,75,2022-07-13,95.3017866597385,,0.0,1,0
52,False,MOValley|Hybrids|25|40,MOValley,Hybrids,25,40,PHB47 X PHJ89,75,2022-07-13,95.48671782234095,,0.0,1,0
53,False,MOValley|Hybrids|29|45,MOValley,Hybrids,29,45,PHJ40 X LH82,75,2022-07-13,96.04356380396165,,0.0,1,0
54,False,MOValley|Hybrids|27|5,MOValley,Hybrids,27,5,2369 X PHN82,75,2022-07-13,96.24452303866488,,0.0,1,0
55,False,MOValley|Hybrids|25|25,MOValley,Hybrids,25,25,LH185 X LH145,75,2022-07-13,96.2723675652822,,0.0,1,0
56,False,MOValley|Hybrids|23|11,MOValley,Hybrids,23,11,LH82 X W606S,75,2022-07-13,96.60991250799738,,0.0,1,0
57,False,MOValley|Hybrids|29|7,MOValley,Hybrids,29,7,F42 X OH43,75,2022-07-13,96.63660140649435,,0.0,1,0
58,False,MOValley|Hybrids|27|33,MOValley,Hybrids,27,33,LH123HT X 3IIH6,75,2022-07-13,97.11333209823164,,0.0,1,0
59,False,MOValley|Hybrids|27|26,MOValley,Hybrids,27,26,B73 X PHZ51,75,2022-07-13,97.18835525363991,,0.0,1,0
60,False,MOValley|Hybrids|27|3,MOValley,Hybrids,27,3,B73 X PHZ51,75,2022-07-13,97.34005786082015,,0.0,1,0
61,False,MOValley|Hybrids|25|30,MOValley,Hybrids,25,30,LH82 X PHB47,75,2022-07-13,97.38048111873094,,0.0,1,0
62,False,MOValley|Hybrids|29|11,MOValley,Hybrids,29,11,4N506 X 3IIH6,75,2022-07-13,97.53771320062467,,0.0,1,0
63,False,MOValley|Hybrids|29|19,MOValley,Hybrids,29,19,LH198 X PHZ51,75,2022-07-13,97.59629270464974,,0.0,1,0
64,False,MOValley|Hybrids|25|45,MOValley,Hybrids,25,45,PHP02 X PHJ89,75,2022-07-13,97.63062935233057,,0.0,1,0
65,False,MOValley|Hybrids|23|26,MOValley,Hybrids,23,26,PHK56 X LH145,75,2022-07-13,97.63222441397463,,0.0,1,0
66,False,MOValley|Hybrids|23|41,MOValley,Hybrids,23,41,PHP02 X LH82,75,2022-07-13,97.66537940877302,,0.0,1,0
67,False,MOValley|Hybrids|27|30,MOValley,Hybrids,27,30,LH82 X PHJ89,75,2022-07-13,97.82757476855814,,0.0,1,0
68,False,MOValley|Hybrids|29|42,MOValley,Hybrids,29,42,N209 X 3IIH6,75,2022-07-13,97.89882929543842,,0.0,1,0
69,False,MOValley|Hybrids|27|38,MOValley,Hybrids,27,38,B73 X MO17,75,2022-07-13,97.99246156348087,,0.0,1,0
70,False,MOValley|Hybrids|25|9,MOValley,Hybrids,25,9,PHB47 X LH185,75,2022-07-13,98.08729266473458,,0.0,1,0
71,False,MOValley|Hybrids|25|43,MOValley,Hybrids,25,43,PHK56 X 3IIH6,75,2022-07-13,98.2065506132441,,0.0,1,0
72,False,MOValley|Hybrids|27|19,MOValley,Hybrids,27,19,LH195 X 3IIH6,75,2022-07-13,98.29595976987663,,0.0,1,0
73,False,MOValley|Hybrids|29|34,MOValley,Hybrids,29,34,F42 X OH43,75,2022-07-13,98.33528127735073,,0.0,1,0
74,False,MOValley|Hybrids|27|20,MOValley,Hybrids,27,20,2369 X LH123HT,75,2022-07-13,98.36660392329354,,0.0,1,0
75,False,MOValley|Hybrids|27|22,MOValley,Hybrids,27,22,B37 X OH43,75,2022-07-13,98.38153699958173,,0.0,1,0
76,False,MOValley|Hybrids|25|24,MOValley,Hybrids,25,24,LH185 X LH82,75,2022-07-13,98.51301080123734,,0.0,1,0
77,False,MOValley|Hybrids|23|33,MOValley,Hybrids,23,33,PHP02 X LH185,75,2022-07-13,98.5269649063194,,0.0,1,0
78,False,MOValley|Hybrids|25|29,MOValley,Hybrids,25,29,PHK56 X LH198,75,2022-07-13,98.54151306422006,,0.0,1,0
79,False,MOValley|Hybrids|29|5,MOValley,Hybrids,29,5,LH195 X LH123HT,75,2022-07-13,98.58670398053468,,0.0,1,0
80,False,MOValley|Hybrids|23|42,MOValley,Hybrids,23,42,PHK76 X LH198,75,2022-07-13,98.7158691233358,,0.0,1,0
81,False,MOValley|Hybrids|27|11,MOValley,Hybrids,27,11,B73 X 3IIH6,75,2022-07-13,98.71991461105125,,0.0,1,0
82,False,MOValley|Hybrids|25|27,MOValley,Hybrids,25,27,2369 X PHZ51,75,2022-07-13,98.82080543247858,,0.0,1,0
83,False,MOValley|Hybrids|27|45,MOValley,Hybrids,27,45,PHP02 X LH198,75,2022-07-13,98.8764921141544,,0.0,1,0
84,False,MOValley|Hybrids|27|12,MOValley,Hybrids,27,12,PHP02 X PHK76,75,2022-07-13,98.90281612551678,,0.0,1,0
85,False,MOValley|Hybrids|25|4,MOValley,Hybrids,25,4,LH123HT X 3IIH6,75,2022-07-13,99.15763717837478,,0.0,1,0
86,False,MOValley|Hybrids|27|27,MOValley,Hybrids,27,27,LH74 X PHN82,75,2022-07-13,99.22111293391845,,0.0,1,0
87,False,MOValley|Hybrids|25|36,MOValley,Hybrids,25,36,4N506 X 3IIH6,75,2022-07-13,99.36021055620648,,0.0,1,0
88,False,MOValley|Hybrids|29|40,MOValley,Hybrids,29,40,B14A X MO17,75,2022-07-13,99.4333519318474,,0.0,1,0
89,False,MOValley|Hybrids|27|9,MOValley,Hybrids,27,9,2369 X PHZ51,75,2022-07-13,99.65442124383978,,0.0,1,0
90,False,MOValley|Hybrids|25|42,MOValley,Hybrids,25,42,PHT69 X 3IIH6,75,2022-07-13,99.66539114296133,,0.0,1,0
91,False,MOValley|Hybrids|25|10,MOValley,Hybrids,25,10,PHN46 X PHB47,75,2022-07-13,99.69504564321471,,0.0,1,0
92,False,MOValley|Hybrids|25|8,MOValley,Hybrids,25,8,B73 X MO17,75,2022-07-13,99.73159403123572,,0.0,1,0
93,False,MOValley|Hybrids|23|9,MOValley,Hybrids,23,9,PHP02 X PHJ89,75,2022-07-13,99.77791531083341,,0.0,1,0
94,False,MOValley|Hybrids|25|37,MOValley,Hybrids,25,37,PHG39 X PHM49,75,2022-07-13,99.89919208151284,,0.0,1,0
95,False,MOValley|Hybrids|23|23,MOValley,Hybrids,23,23,B84 X 3IIH6,75,2022-07-13,99.96931064694786,,0.0,1,0
96,False,MOValley|Hybrids|27|34,MOValley,Hybrids,27,34,LH145 X LH162,75,2022-07-13,99.98458706397075,,0.0,1,0
97,False,MOValley|Hybrids|23|16,MOValley,Hybrids,23,16,PHK56 X 3IIH6,75,2022-07-13,100.01170859079939,,0.0,1,0
98,False,MOValley|Hybrids|27|8,MOValley,Hybrids,27,8,LH82 X PHB47,75,2022-07-13,100.11256715924827,,0.0,1,0
99,False,MOValley|Hybrids|25|22,MOValley,Hybrids,25,22,F42 X MO17,75,2022-07-13,100.34048591340822,,0.0,1,0
100,False,MOValley|Hybrids|25|35,MOValley,Hybrids,25,35,B84 X 3IIH6,75,2022-07-13,100.38112345383381,,0.0,1,0
101,False,MOValley|Hybrids|29|39,MOValley,Hybrids,29,39,PHW52 X PHZ51,75,2022-07-13,100.39230036865095,,0.0,1,0
102,False,MOValley|Hybrids|29|35,MOValley,Hybrids,29,35,LH195 X LH123HT,75,2022-07-13,100.39920474788195,,0.0,1,0
103,False,MOValley|Hybrids|23|18,MOValley,Hybrids,23,18,LH82 X PHJ89,75,2022-07-13,100.40498419270901,,0.0,1,0
104,False,MOValley|Hybrids|23|24,MOValley,Hybrids,23,24,PHP02 X PHK76,75,2022-07-13,100.70331420560672,,0.0,1,0
105,False,MOValley|Hybrids|29|41,MOValley,Hybrids,29,41,F42 X MO17,75,2022-07-13,100.73442116369924,,0.0,1,0
106,False,MOValley|Hybrids|27|7,MOValley,Hybrids,27,7,PHT69 X 3IIH6,75,2022-07-13,100.75531318809915,,0.0,1,0
107,False,MOValley|Hybrids|29|10,MOValley,Hybrids,29,10,PHB47 X 3IIH6,75,2022-07-13,100.76596882467061,,0.0,1,0
108,False,MOValley|Hybrids|25|7,MOValley,Hybrids,25,7,B73 X PHN82,75,2022-07-13,100.86117697438797,,0.0,1,0
109,False,MOValley|Hybrids|25|28,MOValley,Hybrids,25,28,PHW52 X LH185,75,2022-07-13,101.04387219742017,,0.0,1,0
110,False,MOValley|Hybrids|25|18,MOValley,Hybrids,25,18,HOEGEMEYER 7089 AMXT,75,2022-07-13,101.06596747817919,,0.0,1,0
111,False,MOValley|Hybrids|23|13,MOValley,Hybrids,23,13,B73 X PHM49,75,2022-07-13,101.09155243005375,,0.0,1,0
112,False,MOValley|Hybrids|23|38,MOValley,Hybrids,23,38,PHN46 X PHB47,75,2022-07-13,101.15538232928746,,0.0,1,0
113,False,MOValley|Hybrids|29|28,MOValley,Hybrids,29,28,B73 X PHN82,75,2022-07-13,101.27406041362906,,0.0,1,0
114,False,MOValley|Hybrids|27|18,MOValley,Hybrids,27,18,2369 X 3IIH6,75,2022-07-13,101.29864203054791,,0.0,1,0
115,False,MOValley|Hybrids|25|16,MOValley,Hybrids,25,16,LH195 X PHZ51,75,2022-07-13,101.32699616883347,,0.0,1,0
116,False,MOValley|Hybrids|23|44,MOValley,Hybrids,23,44,PHK56 X PHJ89,75,2022-07-13,101.41917491107074,,0.0,1,0
117,False,MOValley|Hybrids|27|32,MOValley,Hybrids,27,32,LH195 X PHZ51,75,2022-07-13,101.54415531673209,,0.0,1,0
118,False,MOValley|Hybrids|23|5,MOValley,Hybrids,23,5,LH74 X PHN82,75,2022-07-13,101.58056162810676,,0.0,1,0
119,False,MOValley|Hybrids|25|6,MOValley,Hybrids,25,6,PHB47 X PHK56,75,2022-07-13,101.7716193885977,,0.0,1,0
120,False,MOValley|Hybrids|23|27,MOValley,Hybrids,23,27,PHK76 X LH82,75,2022-07-13,101.7864853131957,,0.0,1,0
121,False,MOValley|Hybrids|29|2,MOValley,Hybrids,29,2,PHG39 X PHM49,75,2022-07-13,101.99192516590318,,0.0,1,0
122,False,MOValley|Hybrids|29|29,MOValley,Hybrids,29,29,2369 X PHN82,75,2022-07-13,101.99316166815852,,0.0,1,0
123,False,MOValley|Hybrids|25|12,MOValley,Hybrids,25,12,PHK56 X PHJ89,75,2022-07-13,102.20583715383654,,0.0,1,0
124,False,MOValley|Hybrids|23|19,MOValley,Hybrids,23,19,LH74 X PHM49,75,2022-07-13,102.37537524682693,,0.0,1,0
125,False,MOValley|Hybrids|29|38,MOValley,Hybrids,29,38,B73 X PHM49,75,2022-07-13,102.55371621677679,,0.0,1,0
126,False,MOValley|Hybrids|25|39,MOValley,Hybrids,25,39,2FACC X 3IIH6,75,2022-07-13,102.7697451115921,,0.0,1,0
127,False,MOValley|Hybrids|29|27,MOValley,Hybrids,29,27,2369 X LH123HT,75,2022-07-13,102.90899420811657,,0.0,1,0
128,False,MOValley|Hybrids|29|6,MOValley,Hybrids,29,6,PHK56 X W606S,75,2022-07-13,103.13890577021566,,0.0,1,0
129,False,MOValley|Hybrids|23|14,MOValley,Hybrids,23,14,PHN46 X PHK56,75,2022-07-13,103.5428249824123,,0.0,1,0
130,False,MOValley|Hybrids|25|21,MOValley,Hybrids,25,21,PHK56 X LH82,75,2022-07-13,103.67864408123259,,0.0,1,0
131,False,MOValley|Hybrids|27|39,MOValley,Hybrids,27,39,B73 X 3IIH6,75,2022-07-13,103.68065248286052,,0.0,1,0
132,False,MOValley|Hybrids|27|29,MOValley,Hybrids,27,29,PHB47 X LH185,75,2022-07-13,103.70291823099163,,0.0,1,0
133,False,MOValley|Hybrids|25|34,MOValley,Hybrids,25,34,LH195 X 3IIH6,75,2022-07-13,103.88730104916297,,0.0,1,0
134,False,MOValley|Hybrids|25|15,MOValley,Hybrids,25,15,PHW52 X PHM49,75,2022-07-13,103.98416301462326,,0.0,1,0
135,False,MOValley|Hybrids|23|29,MOValley,Hybrids,23,29,PHK56 X W606S,75,2022-07-13,104.14825115135555,,0.0,1,0
136,False,MOValley|Hybrids|29|32,MOValley,Hybrids,29,32,PHB47 X PHK56,75,2022-07-13,104.24942118491056,,0.0,1,0
137,False,MOValley|Hybrids|29|24,MOValley,Hybrids,29,24,PIONEER 1311 AMXT,75,2022-07-13,104.27363227684701,,0.0,1,0
138,False,MOValley|Hybrids|25|19,MOValley,Hybrids,25,19,PHP02 X LH198,75,2022-07-13,104.56082932286336,,0.0,1,0
139,False,MOValley|Hybrids|25|17,MOValley,Hybrids,25,17,2FACC X 3IIH6,75,2022-07-13,104.60455758397914,,0.0,1,0
140,False,MOValley|Hybrids|27|25,MOValley,Hybrids,27,25,PHP02 X W606S,75,2022-07-13,104.75150365158224,,0.0,1,0
141,False,MOValley|Hybrids|27|21,MOValley,Hybrids,27,21,N209 X 3IIH6,75,2022-07-13,105.2764330634184,,0.0,1,0
142,False,MOValley|Hybrids|23|20,MOValley,Hybrids,23,20,B14A X MO17,75,2022-07-13,105.4163129842529,,0.0,1,0
143,False,MOValley|Hybrids|23|39,MOValley,Hybrids,23,39,PHN46 X PHK56,75,2022-07-13,105.58342427020852,,0.0,1,0
144,False,MOValley|Hybrids|25|41,MOValley,Hybrids,25,41,2369 X 3IIH6,75,2022-07-13,105.59668549417263,,0.0,1,0
145,False,MOValley|Hybrids|23|35,MOValley,Hybrids,23,35,HOEGEMEYER 7089 AMXT,75,2022-07-13,105.62730553424888,,0.0,1,0
146,False,MOValley|Hybrids|23|12,MOValley,Hybrids,23,12,PIONEER 1311 AMXT,75,2022-07-13,107.14962671549492,,0.0,1,0
147,False,MOValley|Hybrids|29|14,MOValley,Hybrids,29,14,PHP02 X W606S,75,2022-07-13,107.44007056943488,,0.0,1,0
148,False,MOValley|Hybrids|27|13,MOValley,Hybrids,27,13,PHK56 X LH185,75,2022-07-13,107.45815532687834,,0.0,1,0
149,False,MOValley|Hybrids|29|16,MOValley,Hybrids,29,16,PHK56 X LH198,75,2022-07-13,108.11504970380136,,0.0,1,0
150,False,MOValley|Hybrids|23|45,MOValley,Hybrids,23,45,PIONEER P0589 AMXT,75,2022-07-13,108.62080852174131,,0.0,1,0
151,False,MOValley|Hybrids|23|22,MOValley,Hybrids,23,22,PHP02 X PHG47,75,2022-07-13,110.37482361200951,,0.0,1,0
152,False,MOValley|Hybrids|27|40,MOValley,Hybrids,27,40,PHG39 X PHN82,75,2022-07-13,110.44312741620618,,0.0,1,0
153,False,MOValley|Hybrids|29|37,MOValley,Hybrids,29,37,PHW52 X PHM49,75,2022-07-13,110.82926347302354,,0.0,1,0
154,False,MOValley|Hybrids|23|30,MOValley,Hybrids,23,30,PHP02 X PHG47,75,2022-07-13,111.20430181363317,,0.0,1,0
155,False,MOValley|Hybrids|23|40,MOValley,Hybrids,23,40,PHP02 X PHK56,75,2022-07-13,111.72871903210918,,0.0,1,0
156,False,MOValley|Hybrids|29|9,MOValley,Hybrids,29,9,PIONEER P0589 AMXT,75,2022-07-13,112.63073363591045,,0.0,1,0
157,False,MOValley|Hybrids|25|11,MOValley,Hybrids,25,11,HOEGEMEYER 8065RR,75,2022-07-13,112.82082826434863,,0.0,1,0
158,False,MOValley|Hybrids|29|26,MOValley,Hybrids,29,26,PHW52 X PHN82,75,2022-07-13,114.70831092139254,,0.0,1,0
159,False,MOValley|Hybrids|23|17,MOValley,Hybrids,23,17,PHW52 X PHN82,75,2022-07-13,115.70813869511075,,0.0,1,0
160,False,MOValley|Hybrids|23|43,MOValley,Hybrids,23,43,HOEGEMEYER 8065RR,75,2022-07-13,117.29667981221209,,0.0,1,0
161,False,MOValley|Hybrids|23|31,MOValley,Hybrids,23,31,PHK56 X LH185,75,2022-07-13,117.33609287075095,,0.0,1,0
162,False,MOValley|Hybrids|23|7,MOValley,Hybrids,23,7,SYNGENTA NK0760-3111,75,2022-07-13,122.82060935192162,,0.0,1,0
163,False,MOValley|Hybrids|23|34,MOValley,Hybrids,23,34,SYNGENTA NK0760-3111,75,2022-07-13,123.56086759499628,,0.0,1,0
1,True,Scottsbluff|n150|20|11,Scottsbluff,n150,20,11,WF9 X H95,75,2022-08-02,70.094362697066,0.19346918650280276,16.0,2,0
2,True,Scottsbluff|n150|20|16,Scottsbluff,n150,20,16,B84 X 3IIH6,75,2022-08-02,75.0197571498924,0.17698540516533162,16.0,2,0
3,True,Scottsbluff|n225|16|25,Scottsbluff,n225,16,25,PHK76 X LH145,75,2022-08-02,75.21383438543623,0.18763273485834486,16.0,2,0
4,True,Scottsbluff|n225|27|20,Scottsbluff,n225,27,20,F42 X OH43,75,2022-08-02,76.32700693271909,0.19006304410726604,16.0,2,0
5,True,Scottsbluff|n150|17|16,Scottsbluff,n150,17,16,PHP02 X PHB47,75,2022-08-02,76.69794611831003,0.18845502100956435,16.0,2,0
6,True,Scottsbluff|n225|13|22,Scottsbluff,n225,13,22,WF9 X H95,75,2022-08-02,76.9208317897801,0.21724253643984626,16.0,2,0
7,True,Scottsbluff|n150|15|17,Scottsbluff,n150,15,17,LH185 X W606S,75,2022-08-02,77.10020222838173,0.16814862645760675,16.0,2,0
8,True,Scottsbluff|n225|20|22,Scottsbluff,n225,20,22,2369 X PHZ51,75,2022-08-02,78.63858029989547,0.21734182662430834,16.0,2,0
9,True,Scottsbluff|n225|17|23,Scottsbluff,n225,17,23,PHK76 X LH198,75,2022-08-02,78.69541691459702,0.18127249358723163,16.0,2,0
10,True,Scottsbluff|n225|19|25,Scottsbluff,n225,19,25,2369 X PHP02,75,2022-08-02,78.74133720719107,0.1350064214046709,16.0,2,0
11,True,Scottsbluff|n225|15|25,Scottsbluff,n225,15,25,PHK76 X W606S,75,2022-08-02,78.88832505223353,0.1751918687127798,16.0,2,0
12,True,Scottsbluff|n225|27|25,Scottsbluff,n225,27,25,PHB47 X PHJ89,75,2022-08-02,79.08015782569649,0.19121093563824476,16.0,2,0
13,True,Scottsbluff|n225|10|22,Scottsbluff,n225,10,22,LH198 X PHZ51,75,2022-08-02,79.26987027077696,0.16427844027589655,16.0,2,0
14,True,Scottsbluff|n225|19|23,Scottsbluff,n225,19,23,PHN46 X W606S,75,2022-08-02,79.53246272887719,0.21400300153020246,16.0,2,0
15,True,Scottsbluff|n150|16|12,Scottsbluff,n150,16,12,PHZ51 X LH145,75,2022-08-02,79.57718574805399,0.14068381642742644,16.0,2,0
16,True,Scottsbluff|n225|21|20,Scottsbluff,n225,21,20,2369 X PHN82,75,2022-08-02,79.68787618612572,0.18129432596834777,16.0,2,0
17,True,Scottsbluff|n150|12|16,Scottsbluff,n150,12,16,PHB47 X LH185,75,2022-08-02,79.75846599079026,0.15372566024648415,16.0,2,0
18,True,Scottsbluff|n150|27|15,Scottsbluff,n150,27,15,PHB47 X PHJ89,75,2022-08-02,79.97226550427513,0.22924925452120393,16.0,2,0
19,True,Scottsbluff|n225|13|20,Scottsbluff,n225,13,20,2369 X PHP02,75,2022-08-02,80.15303392661616,0.17885689945190164,16.0,2,0
20,True,Scottsbluff|n225|26|24,Scottsbluff,n225,26,24,B73 X PHM49,75,2022-08-02,80.15678879664813,0.21899191591404055,16.0,2,0
21,True,Scottsbluff|n150|14|14,Scottsbluff,n150,14,14,WF9 X H95,75,2022-08-02,80.23648283665194,0.20499004837766743,16.0,2,0
22,True,Scottsbluff|n150|16|16,Scottsbluff,n150,16,16,PHK76 X 3IIH6,75,2022-08-02,80.31087877042482,0.16307159754405998,16.0,2,0
23,True,Scottsbluff|n150|26|14,Scottsbluff,n150,26,14,LH185 X LH145,75,2022-08-02,80.45529342685003,0.2503742464569285,16.0,2,0
24,True,Scottsbluff|n150|7|16,Scottsbluff,n150,7,16,B73 X PHZ51,75,2022-08-02,80.82081052506975,0.1705444179296443,16.0,2,0
25,True,Scottsbluff|n225|11|25,Scottsbluff,n225,11,25,2369 X LH123HT,75,2022-08-02,80.9096991800627,0.17955482141699147,16.0,2,0
26,True,Scottsbluff|n225|20|24,Scottsbluff,n225,20,24,B37 X MO17,75,2022-08-02,80.96102088242628,0.15986035696937556,16.0,2,0
27,True,Scottsbluff|n225|17|20,Scottsbluff,n225,17,20,LH123HT X PHB47,75,2022-08-02,81.01683421456434,0.14415911412545146,16.0,2,0
28,True,Scottsbluff|n150|26|12,Scottsbluff,n150,26,12,F42 X OH43,75,2022-08-02,81.17214588608171,0.26513453134484666,16.0,2,0
29,True,Scottsbluff|n225|23|24,Scottsbluff,n225,23,24,WF9 X H95,75,2022-08-02,81.17599460755409,0.20922489044135412,16.0,2,0
30,True,Scottsbluff|n75|15|2,Scottsbluff,n75,15,2,LH195 X PHM49,75,2022-08-02,81.19460394728736,0.15046860442979315,16.0,2,0
31,True,Scottsbluff|n75|25|5,Scottsbluff,n75,25,5,2369 X PHP02,75,2022-08-02,81.22348909020461,0.2034476786672243,16.0,2,0
32,True,Scottsbluff|n150|20|17,Scottsbluff,n150,20,17,LH195 X LH123HT,75,2022-08-02,81.26343319000168,0.22519630412902703,16.0,2,0
33,True,Scottsbluff|n150|15|16,Scottsbluff,n150,15,16,PHP02 X W606S,75,2022-08-02,81.33376532183809,0.2076085393295688,16.0,2,0
34,True,Scottsbluff|n225|26|23,Scottsbluff,n225,26,23,B84 X 3IIH6,75,2022-08-02,81.3885674788398,0.24815371248887513,16.0,2,0
35,True,Scottsbluff|n150|14|12,Scottsbluff,n150,14,12,PHZ51 X LH145,75,2022-08-02,81.48326383213401,0.1838422130958981,16.0,2,0
36,True,Scottsbluff|n75|7|3,Scottsbluff,n75,7,3,LH74 X PHM49,75,2022-08-02,81.64275002585335,0.055083593203606784,16.0,2,0
37,True,Scottsbluff|n150|17|15,Scottsbluff,n150,17,15,PHK76 X LH145,75,2022-08-02,81.88141455847932,0.22801563336759867,16.0,2,0
38,True,Scottsbluff|n150|26|11,Scottsbluff,n150,26,11,B73 X PHM49,75,2022-08-02,81.99601287002938,0.22930485970871117,16.0,2,0
39,True,Scottsbluff|n75|11|5,Scottsbluff,n75,11,5,LH195 X PHM49,75,2022-08-02,82.01201795230597,0.09155332603542482,16.0,2,0
40,True,Scottsbluff|n150|8|14,Scottsbluff,n150,8,14,LH195 X PHM49,75,2022-08-02,82.01312551444762,0.2059071557066765,16.0,2,0
41,True,Scottsbluff|n225|23|23,Scottsbluff,n225,23,23,2369 X LH123HT,75,2022-08-02,82.07747485950141,0.2077645468404668,16.0,2,0
42,True,Scottsbluff|n225|18|20,Scottsbluff,n225,18,20,LH185 X W606S,75,2022-08-02,82.18766413342459,0.16568123808600688,16.0,2,0
43,True,Scottsbluff|n225|24|23,Scottsbluff,n225,24,23,PHP02 X PHB47,75,2022-08-02,82.27858826469625,0.2373160525257479,16.0,2,0
44,True,Scottsbluff|n150|3|12,Scottsbluff,n150,3,12,B84 X 3IIH6,75,2022-08-02,82.28908017871522,0.24225690276110445,16.0,2,0
45,True,Scottsbluff|n225|26|20,Scottsbluff,n225,26,20,PHZ51 X LH145,75,2022-08-02,82.33557780311526,0.2000702944260746,16.0,2,0
46,True,Scottsbluff|n225|17|21,Scottsbluff,n225,17,21,PHP02 X LH198,75,2022-08-02,82.3830608660633,0.18146880205331184,16.0,2,0
47,True,Scottsbluff|n225|12|20,Scottsbluff,n225,12,20,B37 X OH43,75,2022-08-02,82.52158304102352,0.13163905580712376,16.0,2,0
48,True,Scottsbluff|n225|19|22,Scottsbluff,n225,19,22,LH185 X LH145,75,2022-08-02,82.6912038376617,0.23167063355075496,16.0,2,0
49,True,Scottsbluff|n75|3|3,Scottsbluff,n75,3,3,B73 X PHZ51,75,2022-08-02,82.70167217276742,0.16035828316770262,16.0,2,0
50,False,Scottsbluff|n225|13|24,Scottsbluff,n225,13,24,PHP02 X LH145,75,2022-08-02,82.75800813481942,0.24010390544711724,16.0,2,0
51,False,Scottsbluff|n225|15|22,Scottsbluff,n225,15,22,PHP02 X LH145,75,2022-08-02,82.97191155114442,0.23794057545863778,16.0,2,0
52,False,Scottsbluff|n150|18|13,Scottsbluff,n150,18,13,B37 X H95,75,2022-08-02,83.01437987575775,0.23929672971395877,16.0,2,0
53,False,Scottsbluff|n225|27|22,Scottsbluff,n225,27,22,B105 X 3IIH6,75,2022-08-02,83.0237290372126,0.2226840975887564,16.0,2,0
54,False,Scottsbluff|n75|12|5,Scottsbluff,n75,12,5,PHP02 X LH145,75,2022-08-02,83.02429955138706,0.17348300430421343,16.0,2,0
55,False,Scottsbluff|n150|11|16,Scottsbluff,n150,11,16,PHT69 X 3IIH6,75,2022-08-02,83.03250498149839,0.137034435923297,16.0,2,0
56,False,Scottsbluff|n225|14|20,Scottsbluff,n225,14,20,B73 X MO17,75,2022-08-02,83.04438134625275,0.16610652302393736,16.0,2,0
57,False,Scottsbluff|n75|8|7,Scottsbluff,n75,8,7,PHK76 X LH198,75,2022-08-02,83.20555884038149,0.13566546731219997,16.0,2,0
58,False,Scottsbluff|n150|6|12,Scottsbluff,n150,6,12,B37 X H95,75,2022-08-02,83.2253803913518,0.29866337711682567,16.0,2,0
59,False,Scottsbluff|n225|7|26,Scottsbluff,n225,7,26,LH74 X PHN82,75,2022-08-02,83.26657942251086,0.18127733482208414,16.0,2,0
60,False,Scottsbluff|n75|16|2,Scottsbluff,n75,16,2,LH195 X LH123HT,75,2022-08-02,83.27302947428619,0.1713403345788453,16.0,2,0
61,False,Scottsbluff|n225|13|21,Scottsbluff,n225,13,21,B73 X PHM49,75,2022-08-02,83.37576256828692,0.23054748816459636,16.0,2,0
62,False,Scottsbluff|n150|23|16,Scottsbluff,n150,23,16,LH74 X PHM49,75,2022-08-02,83.3830693169541,0.22726137732652585,16.0,2,0
63,False,Scottsbluff|n75|16|3,Scottsbluff,n75,16,3,B73 X PHM49,75,2022-08-02,83.43640609333346,0.052870194313971,16.0,2,0
64,False,Scottsbluff|n225|21|22,Scottsbluff,n225,21,22,LH82 X PHB47,75,2022-08-02,83.48303148151015,0.2133795036141124,16.0,2,0
65,False,Scottsbluff|n225|18|26,Scottsbluff,n225,18,26,PHK76 X 3IIH6,75,2022-08-02,83.55202340439743,0.15201546129852217,16.0,2,0
66,False,Scottsbluff|n150|13|16,Scottsbluff,n150,13,16,B14A X MO17,75,2022-08-02,83.71920165743266,0.14541153095763582,16.0,2,0
67,False,Scottsbluff|n150|14|16,Scottsbluff,n150,14,16,PHW52 X LH185,75,2022-08-02,83.7432860720099,0.16128549184651964,16.0,2,0
68,False,Scottsbluff|n75|13|1,Scottsbluff,n75,13,1,WF9 X H95,75,2022-08-02,83.74468687341857,0.14805754339899058,16.0,2,0
69,False,Scottsbluff|n150|20|12,Scottsbluff,n150,20,12,PHP02 X PHJ89,75,2022-08-02,83.7945810080331,0.22172984157960796,16.0,2,0
70,False,Scottsbluff|n150|19|17,Scottsbluff,n150,19,17,PHK76 X LH198,75,2022-08-02,83.8221298083209,0.21147675055620896,16.0,2,0
71,False,Scottsbluff|n225|23|22,Scottsbluff,n225,23,22,LH198 X PHZ51,75,2022-08-02,83.89918854458182,0.25343007792242483,16.0,2,0
72,False,Scottsbluff|n150|23|11,Scottsbluff,n150,23,11,LH195 X PHM49,75,2022-08-02,83.98935456086576,0.230130954307601,16.0,2,0
73,False,Scottsbluff|n225|4|26,Scottsbluff,n225,4,26,LH82 X PHB47,75,2022-08-02,84.06090034324411,0.2750051957122742,16.0,2,0
74,False,Scottsbluff|n150|24|12,Scottsbluff,n150,24,12,PHK56 X LH145,75,2022-08-02,84.06563551474312,0.25206597643636713,16.0,2,0
75,False,Scottsbluff|n75|9|5,Scottsbluff,n75,9,5,PHB47 X 3IIH6,75,2022-08-02,84.08957902164143,0.09200673097091999,16.0,2,0
76,False,Scottsbluff|n225|24|24,Scottsbluff,n225,24,24,B37 X H95,75,2022-08-02,84.10393360395518,0.2354626330167996,16.0,2,0
77,False,Scottsbluff|n225|24|22,Scottsbluff,n225,24,22,B37 X OH43,75,2022-08-02,84.12459972769793,0.2360124626927791,16.0,2,0
78,False,Scottsbluff|n225|12|23,Scottsbluff,n225,12,23,PHP02 X PHB47,75,2022-08-02,84.20667295705087,0.18734505079214164,16.0,2,0
79,False,Scottsbluff|n75|5|6,Scottsbluff,n75,5,6,PHZ51 X LH145,75,2022-08-02,84.27344316456758,0.21398917894251152,16.0,2,0
80,False,Scottsbluff|n225|20|23,Scottsbluff,n225,20,23,PHG39 X PHN82,75,2022-08-02,84.38984008002652,0.1949606329274286,16.0,2,0
81,False,Scottsbluff|n150|11|11,Scottsbluff,n150,11,11,2369 X PHZ51,75,2022-08-02,84.5118976082831,0.14419415311623263,16.0,2,0
82,False,Scottsbluff|n75|25|2,Scottsbluff,n75,25,2,B37 X MO17,75,2022-08-02,84.62415941053067,0.18129640711639677,16.0,2,0
83,False,Scottsbluff|n150|4|17,Scottsbluff,n150,4,17,B37 X MO17,75,2022-08-02,84.8039872879647,0.23847630000601777,16.0,2,0
84,False,Scottsbluff|n225|4|22,Scottsbluff,n225,4,22,PHK76 X LH198,75,2022-08-02,84.86962372825236,0.24100162707296396,16.0,2,0
85,False,Scottsbluff|n150|4|14,Scottsbluff,n150,4,14,B105 X 3IIH6,75,2022-08-02,84.9872330511255,0.2117528737667415,16.0,2,0
86,False,Scottsbluff|n75|18|2,Scottsbluff,n75,18,2,F42 X OH43,75,2022-08-02,84.99547050828066,0.13084156016428156,16.0,2,0
87,False,Scottsbluff|n150|19|16,Scottsbluff,n150,19,16,PHK76 X W606S,75,2022-08-02,85.02124402863535,0.20957016471683837,16.0,2,0
88,False,Scottsbluff|n150|21|11,Scottsbluff,n150,21,11,LH123HT X 3IIH6,75,2022-08-02,85.17128941318887,0.2459841614806435,16.0,2,0
89,False,Scottsbluff|n150|26|16,Scottsbluff,n150,26,16,B37 X MO17,75,2022-08-02,85.31868291788604,0.25115696843211543,16.0,2,0
90,False,Scottsbluff|n150|23|13,Scottsbluff,n150,23,13,LH198 X PHZ51,75,2022-08-02,85.34262481252244,0.25921757699897374,16.0,2,0
91,False,Scottsbluff|n225|15|24,Scottsbluff,n225,15,24,PHN46 X PHK56,75,2022-08-02,85.34610384983692,0.19977656396954657,16.0,2,0
92,False,Scottsbluff|n225|8|25,Scottsbluff,n225,8,25,PHZ51 X LH145,75,2022-08-02,85.47551049283753,0.2594750046988681,16.0,2,0
93,False,Scottsbluff|n225|20|25,Scottsbluff,n225,20,25,B73 X PHZ51,75,2022-08-02,85.55586834062063,0.1249071644122875,16.0,2,0
94,False,Scottsbluff|n225|18|23,Scottsbluff,n225,18,23,LH198 X PHB47,75,2022-08-02,85.59770739537171,0.22888402777793854,16.0,2,0
95,False,Scottsbluff|n75|11|3,Scottsbluff,n75,11,3,PHP02 X W606S,75,2022-08-02,85.6463243869054,0.13007829251906172,16.0,2,0
96,False,Scottsbluff|n75|3|5,Scottsbluff,n75,3,5,PHK76 X W606S,75,2022-08-02,85.7276904034011,0.20077632253834177,16.0,2,0
97,False,Scottsbluff|n225|4|21,Scottsbluff,n225,4,21,2369 X PHZ51,75,2022-08-02,85.74551792683481,0.2821656643997935,16.0,2,0
98,False,Scottsbluff|n75|25|4,Scottsbluff,n75,25,4,B37 X OH43,75,2022-08-02,85.75683250268636,0.2556605297735232,16.0,2,0
99,False,Scottsbluff|n225|17|22,Scottsbluff,n225,17,22,PHK56 X LH82,75,2022-08-02,85.82487662224952,0.15676274052382588,16.0,2,0
100,False,Scottsbluff|n150|21|16,Scottsbluff,n150,21,16,2FACC X 3IIH6,75,2022-08-02,85.93601002054133,0.19486263665244885,16.0,2,0
101,False,Scottsbluff|n150|26|15,Scottsbluff,n150,26,15,B37 X OH43,75,2022-08-02,85.94697381423862,0.26998676876957994,16.0,2,0
102,False,Scottsbluff|n225|26|25,Scottsbluff,n225,26,25,PHW52 X PHM49,75,2022-08-02,85.95278448013079,0.1746360524130139,16.0,2,0
103,False,Scottsbluff|n75|17|5,Scottsbluff,n75,17,5,PHK76 X 3IIH6,75,2022-08-02,85.95335427680547,0.1496538887843235,16.0,2,0
104,False,Scottsbluff|n225|19|24,Scottsbluff,n225,19,24,PHJ40 X LH82,75,2022-08-02,86.0101383946014,0.12499557748156531,16.0,2,0
105,False,Scottsbluff|n225|12|22,Scottsbluff,n225,12,22,PHN46 X PHK56,75,2022-08-02,86.01779642534956,0.1588590297181119,16.0,2,0
106,False,Scottsbluff|n225|20|21,Scottsbluff,n225,20,21,2369 X 3IIH6,75,2022-08-02,86.02036516515777,0.16685925654194173,16.0,2,0
107,False,Scottsbluff|n150|5|16,Scottsbluff,n150,5,16,2369 X LH123HT,75,2022-08-02,86.25032205752558,0.2546366527008909,16.0,2,0
108,False,Scottsbluff|n225|20|20,Scottsbluff,n225,20,20,LH82 X W606S,75,2022-08-02,86.25990644965545,0.2154675669291808,16.0,2,0
109,False,Scottsbluff|n150|3|17,Scottsbluff,n150,3,17,PHP02 X PHJ89,75,2022-08-02,86.30045233493931,0.18551135113090234,16.0,2,0
110,False,Scottsbluff|n150|3|13,Scottsbluff,n150,3,13,PHP02 X PHB47,75,2022-08-02,86.31682405340968,0.25021188178520426,16.0,2,0
111,False,Scottsbluff|n75|13|3,Scottsbluff,n75,13,3,B105 X 3IIH6,75,2022-08-02,86.44483412254394,0.10354852067842701,16.0,2,0
112,False,Scottsbluff|n225|15|23,Scottsbluff,n225,15,23,PHP02 X PHK76,75,2022-08-02,86.50080397425795,0.22009676823379903,16.0,2,0
113,False,Scottsbluff|n150|23|15,Scottsbluff,n150,23,15,LH82 X PHB47,75,2022-08-02,86.5414397168046,0.2560841273454123,16.0,2,0
114,False,Scottsbluff|n150|12|14,Scottsbluff,n150,12,14,LH123HT X PHB47,75,2022-08-02,86.55785128689602,0.18942926808271,16.0,2,0
115,False,Scottsbluff|n225|9|20,Scottsbluff,n225,9,20,LH123HT X 3IIH6,75,2022-08-02,86.62940502403401,0.16897460664919972,16.0,2,0
116,False,Scottsbluff|n75|25|6,Scottsbluff,n75,25,6,2369 X PHZ51,75,2022-08-02,86.71734774627573,0.24272079786812284,16.0,2,0
117,False,Scottsbluff|n225|13|25,Scottsbluff,n225,13,25,F42 X OH43,75,2022-08-02,86.81841753318044,0.23055201356217053,16.0,2,0
118,False,Scottsbluff|n225|10|20,Scottsbluff,n225,10,20,B73 X 3IIH6,75,2022-08-02,86.83036535311159,0.13028010796483552,16.0,2,0
119,False,Scottsbluff|n150|18|15,Scottsbluff,n150,18,15,B105 X 3IIH6,75,2022-08-02,86.85388254337789,0.2536394677568767,16.0,2,0
120,False,Scottsbluff|n150|13|15,Scottsbluff,n150,13,15,F42 X OH43,75,2022-08-02,86.89334666677547,0.1433586499095887,16.0,2,0
121,False,Scottsbluff|n150|3|11,Scottsbluff,n150,3,11,PHP02 X LH145,75,2022-08-02,86.99973549951116,0.2591738694548019,16.0,2,0
122,False,Scottsbluff|n225|21|24,Scottsbluff,n225,21,24,LH195 X LH185,75,2022-08-02,87.04173301543932,0.16763640453487288,16.0,2,0
123,False,Scottsbluff|n225|16|26,Scottsbluff,n225,16,26,PHK56 X LH145,75,2022-08-02,87.06314919312231,0.2338928211268636,16.0,2,0
124,False,Scottsbluff|n75|18|3,Scottsbluff,n75,18,3,LH195 X PHZ51,75,2022-08-02,87.0973470931246,0.0949254118761485,16.0,2,0
125,False,Scottsbluff|n225|18|21,Scottsbluff,n225,18,21,PHN46 X PHB47,75,2022-08-02,87.12050870846187,0.20551163850107895,16.0,2,0
126,False,Scottsbluff|n225|9|22,Scottsbluff,n225,9,22,2369 X PHN82,75,2022-08-02,87.12935066307581,0.17576084401565772,16.0,2,0
127,False,Scottsbluff|n150|15|15,Scottsbluff,n150,15,15,PHP02 X LH145,75,2022-08-02,87.14609730908401,0.19874474710017598,16.0,2,0
128,False,Scottsbluff|n75|12|3,Scottsbluff,n75,12,3,2369 X PHZ51,75,2022-08-02,87.19500763199292,0.12958730686011777,16.0,2,0
129,False,Scottsbluff|n225|25|22,Scottsbluff,n225,25,22,LH195 X PHM49,75,2022-08-02,87.19942047156258,0.21139162784316512,16.0,2,0
130,False,Scottsbluff|n225|21|25,Scottsbluff,n225,21,25,F42 X MO17,75,2022-08-02,87.27104184063448,0.19419619915278202,16.0,2,0
131,False,Scottsbluff|n225|23|25,Scottsbluff,n225,23,25,LH74 X PHN82,75,2022-08-02,87.3015607066439,0.2228697148608858,16.0,2,0
132,False,Scottsbluff|n225|18|25,Scottsbluff,n225,18,25,PHP02 X PHJ89,75,2022-08-02,87.30233389829239,0.1252594159804885,16.0,2,0
133,False,Scottsbluff|n75|10|5,Scottsbluff,n75,10,5,PHJ40 X LH82,75,2022-08-02,87.31332255768328,0.13563403144045771,16.0,2,0
134,False,Scottsbluff|n225|16|23,Scottsbluff,n225,16,23,HOEGEMEYER 8065RR,75,2022-08-02,87.35851859685754,0.1880000459583403,16.0,2,0
135,False,Scottsbluff|n150|10|14,Scottsbluff,n150,10,14,LH74 X PHM49,75,2022-08-02,87.4170354069092,0.1798219853571178,16.0,2,0
136,False,Scottsbluff|n150|20|15,Scottsbluff,n150,20,15,LH74 X PHN82,75,2022-08-02,87.46140807897947,0.255898866439245,16.0,2,0
137,False,Scottsbluff|n225|23|21,Scottsbluff,n225,23,21,PHB47 X LH185,75,2022-08-02,87.46479660782386,0.22162368604535915,16.0,2,0
138,False,Scottsbluff|n150|13|11,Scottsbluff,n150,13,11,LH195 X LH123HT,75,2022-08-02,87.529742939818,0.14662065086629494,16.0,2,0
139,False,Scottsbluff|n150|5|12,Scottsbluff,n150,5,12,LH82 X PHB47,75,2022-08-02,87.576786027131,0.2704695083042463,16.0,2,0
140,False,Scottsbluff|n150|16|17,Scottsbluff,n150,16,17,LH145 X LH162,75,2022-08-02,87.58967087599322,0.1902307666087193,16.0,2,0
141,False,Scottsbluff|n225|16|20,Scottsbluff,n225,16,20,PHP02 X PHK56,75,2022-08-02,87.59934569389627,0.1460825807372957,16.0,2,0
142,False,Scottsbluff|n225|15|26,Scottsbluff,n225,15,26,PHP02 X LH82,75,2022-08-02,87.61330357723871,0.20450909106841042,16.0,2,0
143,False,Scottsbluff|n150|20|14,Scottsbluff,n150,20,14,LH195 X PHZ51,75,2022-08-02,87.6899394562961,0.26069878823889525,16.0,2,0
144,False,Scottsbluff|n75|23|5,Scottsbluff,n75,23,5,LH74 X PHM49,75,2022-08-02,87.70636821660187,0.22094681784157866,16.0,2,0
145,False,Scottsbluff|n150|18|12,Scottsbluff,n150,18,12,PHW52 X PHM49,75,2022-08-02,87.7322481702364,0.1832051618459385,16.0,2,0
146,False,Scottsbluff|n150|23|12,Scottsbluff,n150,23,12,PHT69 X 3IIH6,75,2022-08-02,87.76135870008704,0.23707865240411258,16.0,2,0
147,False,Scottsbluff|n225|14|21,Scottsbluff,n225,14,21,LH195 X PHZ51,75,2022-08-02,87.83719495421784,0.22115777604040687,16.0,2,0
148,False,Scottsbluff|n75|19|1,Scottsbluff,n75,19,1,PHP02 X PHB47,75,2022-08-02,87.83728212266226,0.23766538497300788,16.0,2,0
149,False,Scottsbluff|n150|22|12,Scottsbluff,n150,22,12,PHK56 X LH198,75,2022-08-02,87.95762052885345,0.2816536808768732,16.0,2,0
150,False,Scottsbluff|n75|4|1,Scottsbluff,n75,4,1,B37 X MO17,75,2022-08-02,87.97578686524919,0.2781360178727324,16.0,2,0
151,False,Scottsbluff|n150|4|13,Scottsbluff,n150,4,13,B73 X PHM49,75,2022-08-02,88.00472386987408,0.23653429486927807,16.0,2,0
152,False,Scottsbluff|n225|3|22,Scottsbluff,n225,3,22,LH195 X PHM49,75,2022-08-02,88.05003429975093,0.24003491174132574,16.0,2,0
153,False,Scottsbluff|n75|24|1,Scottsbluff,n75,24,1,B105 X 3IIH6,75,2022-08-02,88.08088398229175,0.18002114077836495,16.0,2,0
154,False,Scottsbluff|n225|21|21,Scottsbluff,n225,21,21,LH82 X PHJ89,75,2022-08-02,88.10188539848019,0.22817877398137404,16.0,2,0
155,False,Scottsbluff|n75|22|6,Scottsbluff,n75,22,6,PHB47 X 3IIH6,75,2022-08-02,88.12438796243521,0.25137013450307844,16.0,2,0
156,False,Scottsbluff|n150|14|11,Scottsbluff,n150,14,11,PHW52 X PHM49,75,2022-08-02,88.15153522520144,0.12776294254457748,16.0,2,0
157,False,Scottsbluff|n225|4|25,Scottsbluff,n225,4,25,PHT69 X 3IIH6,75,2022-08-02,88.21643516065593,0.2755595518472994,16.0,2,0
158,False,Scottsbluff|n150|22|13,Scottsbluff,n150,22,13,2369 X PHN82,75,2022-08-02,88.27145876649323,0.26955397563252104,16.0,2,0
159,False,Scottsbluff|n150|6|14,Scottsbluff,n150,6,14,LH198 X PHZ51,75,2022-08-02,88.27652577912647,0.23102632568439768,16.0,2,0
160,False,Scottsbluff|n225|20|26,Scottsbluff,n225,20,26,PHW52 X PHN82,75,2022-08-02,88.27999239825638,0.1935609059206923,16.0,2,0
161,False,Scottsbluff|n150|17|17,Scottsbluff,n150,17,17,PHG39 X PHN82,75,2022-08-02,88.41231782053043,0.1865264414709934,16.0,2,0
162,False,Scottsbluff|n225|3|26,Scottsbluff,n225,3,26,PHB47 X 3IIH6,75,2022-08-02,88.42396883894918,0.19014132533026634,16.0,2,0
163,False,Scottsbluff|n225|27|24,Scottsbluff,n225,27,24,LH195 X PHZ51,75,2022-08-02,88.45058436543506,0.104298713842082,16.0,2,0
164,False,Scottsbluff|n150|13|12,Scottsbluff,n150,13,12,N209 X 3IIH6,75,2022-08-02,88.45753849674453,0.1680021538647123,16.0,2,0
165,False,Scottsbluff|n75|9|7,Scottsbluff,n75,9,7,LH198 X PHB47,75,2022-08-02,88.50343426500727,0.1813598504275598,16.0,2,0
166,False,Scottsbluff|n150|19|12,Scottsbluff,n150,19,12,HOEGEMEYER 8065RR,75,2022-08-02,88.51490316470164,0.184960510559818,16.0,2,0
167,False,Scottsbluff|n225|14|24,Scottsbluff,n225,14,24,LH74 X PHM49,75,2022-08-02,88.53895242280606,0.2191872296520458,16.0,2,0
168,False,Scottsbluff|n75|24|3,Scottsbluff,n75,24,3,PHK76 X LH198,75,2022-08-02,88.5625164717701,0.19880740222728538,16.0,2,0
169,False,Scottsbluff|n225|24|25,Scottsbluff,n225,24,25,PHW52 X LH185,75,2022-08-02,88.57188111784599,0.24785843895348408,16.0,2,0
170,False,Scottsbluff|n75|16|1,Scottsbluff,n75,16,1,B37 X H95,75,2022-08-02,88.59772385979491,0.2109438595884101,16.0,2,0
171,False,Scottsbluff|n150|27|14,Scottsbluff,n150,27,14,PHN46 X PHB47,75,2022-08-02,88.62223561704347,0.24942662395974569,16.0,2,0
172,False,Scottsbluff|n150|8|11,Scottsbluff,n150,8,11,LH82 X PHJ89,75,2022-08-02,88.6622491728643,0.21408012556148004,16.0,2,0
173,False,Scottsbluff|n150|17|14,Scottsbluff,n150,17,14,2369 X PHP02,75,2022-08-02,88.77158374111086,0.1914281808806132,16.0,2,0
174,False,Scottsbluff|n150|22|16,Scottsbluff,n150,22,16,PHB47 X LH185,75,2022-08-02,88.7791087598356,0.23817190400446042,16.0,2,0
175,False,Scottsbluff|n150|21|14,Scottsbluff,n150,21,14,PHG39 X PHM49,75,2022-08-02,88.78313183578832,0.21625720163049622,16.0,2,0
176,False,Scottsbluff|n225|5|21,Scottsbluff,n225,5,21,B37 X H95,75,2022-08-02,88.7927935936739,0.2830025726436205,16.0,2,0
177,False,Scottsbluff|n75|16|5,Scottsbluff,n75,16,5,PHN46 X W606S,75,2022-08-02,88.80953569011777,0.16243792465569923,16.0,2,0
178,False,Scottsbluff|n150|7|12,Scottsbluff,n150,7,12,PHK76 X LH145,75,2022-08-02,88.81359487107774,0.20430056913341987,16.0,2,0
179,False,Scottsbluff|n75|23|3,Scottsbluff,n75,23,3,B84 X 3IIH6,75,2022-08-02,88.81360729179556,0.20992351941092924,16.0,2,0
180,False,Scottsbluff|n225|25|21,Scottsbluff,n225,25,21,LH123HT X 3IIH6,75,2022-08-02,88.85424666384554,0.23837942541629065,16.0,2,0
181,False,Scottsbluff|n225|6|22,Scottsbluff,n225,6,22,PHK76 X 3IIH6,75,2022-08-02,88.98016685007292,0.2623710100735849,16.0,2,0
182,False,Scottsbluff|n75|22|3,Scottsbluff,n75,22,3,2369 X PHN82,75,2022-08-02,89.01289237892881,0.16948972653560102,16.0,2,0
183,False,Scottsbluff|n225|10|25,Scottsbluff,n225,10,25,PHW52 X LH185,75,2022-08-02,89.03124603065412,0.18809786189684702,16.0,2,0
184,False,Scottsbluff|n75|17|3,Scottsbluff,n75,17,3,PHW52 X PHZ51,75,2022-08-02,89.04292505824247,0.057731555486161934,16.0,2,0
185,False,Scottsbluff|n150|16|13,Scottsbluff,n150,16,13,LH123HT X PHB47,75,2022-08-02,89.06130010895234,0.19358814750636022,16.0,2,0
186,False,Scottsbluff|n75|21|7,Scottsbluff,n75,21,7,PHP02 X LH145,75,2022-08-02,89.0737447745198,0.26518063911052847,16.0,2,0
187,False,Scottsbluff|n225|12|24,Scottsbluff,n225,12,24,B14A X MO17,75,2022-08-02,89.09802957781034,0.2184066998857475,16.0,2,0
188,False,Scottsbluff|n150|27|13,Scottsbluff,n150,27,13,B14A X MO17,75,2022-08-02,89.09938149825219,0.2818563447273139,16.0,2,0
189,False,Scottsbluff|n225|22|22,Scottsbluff,n225,22,22,LH74 X PHM49,75,2022-08-02,89.10826333818417,0.24573637437951834,16.0,2,0
190,False,Scottsbluff|n150|10|12,Scottsbluff,n150,10,12,PHK76 X W606S,75,2022-08-02,89.12226716786397,0.14432891544663073,16.0,2,0
191,False,Scottsbluff|n75|12|1,Scottsbluff,n75,12,1,PHK76 X LH145,75,2022-08-02,89.13703857536888,0.16360769869087333,16.0,2,0
192,False,Scottsbluff|n225|27|23,Scottsbluff,n225,27,23,PHG39 X PHM49,75,2022-08-02,89.16717631168567,0.20545389817655973,16.0,2,0
193,False,Scottsbluff|n75|17|6,Scottsbluff,n75,17,6,LH185 X LH145,75,2022-08-02,89.17567434433221,0.18809365938025002,16.0,2,0
194,False,Scottsbluff|n225|14|22,Scottsbluff,n225,14,22,LH82 X W606S,75,2022-08-02,89.24304592501619,0.2560257614229414,16.0,2,0
195,False,Scottsbluff|n150|18|17,Scottsbluff,n150,18,17,PHK76 X LH82,75,2022-08-02,89.28244473986155,0.21346551176889805,16.0,2,0
196,False,Scottsbluff|n150|16|11,Scottsbluff,n150,16,11,B73 X PHZ51,75,2022-08-02,89.34759483430615,0.15100118838617282,16.0,2,0
197,False,Scottsbluff|n225|12|25,Scottsbluff,n225,12,25,PIONEER 1311 AMXT,75,2022-08-02,89.39624291018909,0.21178737368355416,16.0,2,0
198,False,Scottsbluff|n150|3|15,Scottsbluff,n150,3,15,PHP02 X LH82,75,2022-08-02,89.39738444489991,0.22746452399160566,16.0,2,0
199,False,Scottsbluff|n75|21|5,Scottsbluff,n75,21,5,LH74 X PHN82,75,2022-08-02,89.51556774662988,0.2155670550116448,16.0,2,0
200,False,Scottsbluff|n150|22|11,Scottsbluff,n150,22,11,LH82 X PHJ89,75,2022-08-02,89.65273104775841,0.265230051270613,16.0,2,0
201,False,Scottsbluff|n150|24|14,Scottsbluff,n150,24,14,F42 X MO17,75,2022-08-02,89.85429882732896,0.2523794869063977,16.0,2,0
202,False,Scottsbluff|n225|18|22,Scottsbluff,n225,18,22,PHP02 X LH185,75,2022-08-02,89.86676820805488,0.2321627009740072,16.0,2,0
203,False,Scottsbluff|n150|25|14,Scottsbluff,n150,25,14,PHN46 X W606S,75,2022-08-02,89.88197222233765,0.23945315786910304,16.0,2,0
204,False,Scottsbluff|n150|18|11,Scottsbluff,n150,18,11,PHP02 X LH82,75,2022-08-02,89.93701400386004,0.18593666050461455,16.0,2,0
205,False,Scottsbluff|n225|22|24,Scottsbluff,n225,22,24,PHT69 X 3IIH6,75,2022-08-02,90.01050721740835,0.20607407400727562,16.0,2,0
206,False,Scottsbluff|n75|19|3,Scottsbluff,n75,19,3,PHZ51 X LH145,75,2022-08-02,90.13873836914104,0.2235608665336251,16.0,2,0
207,False,Scottsbluff|n225|6|26,Scottsbluff,n225,6,26,B37 X MO17,75,2022-08-02,90.13988788932178,0.26688272733505497,16.0,2,0
208,False,Scottsbluff|n225|25|25,Scottsbluff,n225,25,25,2FACC X 3IIH6,75,2022-08-02,90.1448913826644,0.19772500093673584,16.0,2,0
209,False,Scottsbluff|n75|5|7,Scottsbluff,n75,5,7,PHP02 X PHB47,75,2022-08-02,90.19955099887808,0.18586478119877486,16.0,2,0
210,False,Scottsbluff|n225|11|20,Scottsbluff,n225,11,20,PHK56 X LH82,75,2022-08-02,90.23875112530736,0.1460689133219305,16.0,2,0
211,False,Scottsbluff|n150|23|14,Scottsbluff,n150,23,14,LH82 X W606S,75,2022-08-02,90.37651736684886,0.2013630944056669,16.0,2,0
212,False,Scottsbluff|n225|8|26,Scottsbluff,n225,8,26,PHP02 X LH82,75,2022-08-02,90.38832758655171,0.2608925191000897,16.0,2,0
213,False,Scottsbluff|n225|22|26,Scottsbluff,n225,22,26,B73 X 3IIH6,75,2022-08-02,90.39870051477519,0.2532854002862952,16.0,2,0
214,False,Scottsbluff|n75|21|4,Scottsbluff,n75,21,4,PHP02 X PHJ89,75,2022-08-02,90.4005253885966,0.251404909790003,16.0,2,0
215,False,Scottsbluff|n225|10|21,Scottsbluff,n225,10,21,B73 X PHN82,75,2022-08-02,90.44571145978632,0.15348919582712423,16.0,2,0
216,False,Scottsbluff|n75|16|4,Scottsbluff,n75,16,4,PHK76 X LH145,75,2022-08-02,90.46889108504101,0.20727191940236622,16.0,2,0
217,False,Scottsbluff|n150|21|13,Scottsbluff,n150,21,13,LH195 X LH185,75,2022-08-02,90.52081011866392,0.2612107049823981,16.0,2,0
218,False,Scottsbluff|n225|19|20,Scottsbluff,n225,19,20,PHK56 X W606S,75,2022-08-02,90.53301591654864,0.20507983145441133,16.0,2,0
219,False,Scottsbluff|n225|3|25,Scottsbluff,n225,3,25,4N506 X 3IIH6,75,2022-08-02,90.53985031626003,0.23739903090988135,16.0,2,0
220,False,Scottsbluff|n75|23|6,Scottsbluff,n75,23,6,LH82 X PHJ89,75,2022-08-02,90.54331061179998,0.2530212168513038,16.0,2,0
221,False,Scottsbluff|n225|24|21,Scottsbluff,n225,24,21,PHW52 X PHZ51,75,2022-08-02,90.56112981945658,0.23666366818843443,16.0,2,0
222,False,Scottsbluff|n75|9|3,Scottsbluff,n75,9,3,PHK76 X 3IIH6,75,2022-08-02,90.58417432807965,0.11372897110729102,16.0,2,0
223,False,Scottsbluff|n225|4|23,Scottsbluff,n225,4,23,B84 X 3IIH6,75,2022-08-02,90.59491802370248,0.22839137173655683,16.0,2,0
224,False,Scottsbluff|n75|6|3,Scottsbluff,n75,6,3,2FACC X 3IIH6,75,2022-08-02,90.65554623902602,0.15025817758633941,16.0,2,0
225,False,Scottsbluff|n75|8|3,Scottsbluff,n75,8,3,LH195 X PHZ51,75,2022-08-02,90.6663862689435,0.164394973823486,16.0,2,0
226,False,Scottsbluff|n75|26|6,Scottsbluff,n75,26,6,2FACC X 3IIH6,75,2022-08-02,90.66955096038106,0.18996162516469922,16.0,2,0
227,False,Scottsbluff|n225|22|20,Scottsbluff,n225,22,20,PHK56 X LH198,75,2022-08-02,90.70915877275075,0.22903961303452292,16.0,2,0
228,False,Scottsbluff|n75|22|1,Scottsbluff,n75,22,1,LH82 X PHB47,75,2022-08-02,90.73002665555703,0.22412946770977138,16.0,2,0
229,False,Scottsbluff|n150|24|16,Scottsbluff,n150,24,16,PHK56 X LH185,75,2022-08-02,90.73997491004829,0.22206902174627263,16.0,2,0
230,False,Scottsbluff|n75|3|4,Scottsbluff,n75,3,4,B37 X OH43,75,2022-08-02,90.75703697582883,0.22596062544429735,16.0,2,0
231,False,Scottsbluff|n150|3|14,Scottsbluff,n150,3,14,PHN46 X W606S,75,2022-08-02,90.80597804016637,0.2184500881854018,16.0,2,0
232,False,Scottsbluff|n75|16|7,Scottsbluff,n75,16,7,PHB47 X PHJ89,75,2022-08-02,90.92300386965573,0.17974065387988758,16.0,2,0
233,False,Scottsbluff|n75|10|3,Scottsbluff,n75,10,3,PHG39 X PHM49,75,2022-08-02,90.95470057143936,0.13885165413424783,16.0,2,0
234,False,Scottsbluff|n150|16|14,Scottsbluff,n150,16,14,LH198 X PHB47,75,2022-08-02,90.95717158583194,0.2000942326703708,16.0,2,0
235,False,Scottsbluff|n225|19|26,Scottsbluff,n225,19,26,LH185 X LH82,75,2022-08-02,90.98532449333618,0.21920207942712172,16.0,2,0
236,False,Scottsbluff|n225|5|20,Scottsbluff,n225,5,20,LH198 X PHB47,75,2022-08-02,91.04556132478984,0.23528095840036012,16.0,2,0
237,False,Scottsbluff|n75|21|2,Scottsbluff,n75,21,2,LH185 X W606S,75,2022-08-02,91.08985212532555,0.23626795263630562,16.0,2,0
238,False,Scottsbluff|n225|6|21,Scottsbluff,n225,6,21,PHK76 X LH145,75,2022-08-02,91.09739609320097,0.26295184580693903,16.0,2,0
239,False,Scottsbluff|n225|11|22,Scottsbluff,n225,11,22,2369 X 3IIH6,75,2022-08-02,91.12999942072659,0.19021255573424029,16.0,2,0
240,False,Scottsbluff|n150|27|16,Scottsbluff,n150,27,16,PHP02 X PHK56,75,2022-08-02,91.15007748160664,0.22109502500625033,16.0,2,0
241,False,Scottsbluff|n75|20|5,Scottsbluff,n75,20,5,PHJ40 X LH82,75,2022-08-02,91.15960028598757,0.1946644640658664,16.0,2,0
242,False,Scottsbluff|n150|16|15,Scottsbluff,n150,16,15,PHK56 X W606S,75,2022-08-02,91.19040485481956,0.2368482207697894,16.0,2,0
243,False,Scottsbluff|n150|4|16,Scottsbluff,n150,4,16,LH185 X LH82,75,2022-08-02,91.19091432222581,0.2416874563740079,16.0,2,0
244,False,Scottsbluff|n150|9|16,Scottsbluff,n150,9,16,2369 X PHP02,75,2022-08-02,91.19317325714077,0.17006081545985985,16.0,2,0
245,False,Scottsbluff|n225|19|21,Scottsbluff,n225,19,21,PHP02 X W606S,75,2022-08-02,91.22416137861407,0.20654969481433744,16.0,2,0
246,False,Scottsbluff|n150|9|15,Scottsbluff,n150,9,15,LH198 X PHB47,75,2022-08-02,91.28471106548595,0.17452951295084146,16.0,2,0
247,False,Scottsbluff|n75|13|2,Scottsbluff,n75,13,2,LH82 X PHB47,75,2022-08-02,91.29156315484967,0.1964608258073116,16.0,2,0
248,False,Scottsbluff|n75|19|5,Scottsbluff,n75,19,5,PIONEER 1311 AMXT,75,2022-08-02,91.35241276993902,0.21479498050660362,16.0,2,0
249,False,Scottsbluff|n150|24|11,Scottsbluff,n150,24,11,PHW52 X LH185,75,2022-08-02,91.56438708115968,0.22550968116523745,16.0,2,0
250,False,Scottsbluff|n150|8|15,Scottsbluff,n150,8,15,B73 X PHN82,75,2022-08-02,91.57199665296456,0.2634223954415825,16.0,2,0
251,False,Scottsbluff|n225|10|23,Scottsbluff,n225,10,23,LH123HT X PHB47,75,2022-08-02,91.62507900921472,0.1930619002215297,16.0,2,0
252,False,Scottsbluff|n75|21|3,Scottsbluff,n75,21,3,2369 X LH123HT,75,2022-08-02,91.65178897489584,0.18938297025219653,16.0,2,0
253,False,Scottsbluff|n150|13|14,Scottsbluff,n150,13,14,PHP02 X W606S,75,2022-08-02,91.73711881544709,0.1527541988214538,16.0,2,0
254,False,Scottsbluff|n225|25|24,Scottsbluff,n225,25,24,B14A X MO17,75,2022-08-02,91.74864536481174,0.20730212059336067,16.0,2,0
255,False,Scottsbluff|n150|11|12,Scottsbluff,n150,11,12,PHK76 X 3IIH6,75,2022-08-02,91.75423663842481,0.1978492844098061,16.0,2,0
256,False,Scottsbluff|n225|22|21,Scottsbluff,n225,22,21,PHB47 X 3IIH6,75,2022-08-02,91.77118328651588,0.24982685657150017,16.0,2,0
257,False,Scottsbluff|n225|16|21,Scottsbluff,n225,16,21,PHP02 X PHG47,75,2022-08-02,91.83505176064543,0.14779055930575374,16.0,2,0
258,False,Scottsbluff|n225|9|26,Scottsbluff,n225,9,26,PHP02 X W606S,75,2022-08-02,91.94279224437652,0.2634834968275765,16.0,2,0
259,False,Scottsbluff|n75|13|5,Scottsbluff,n75,13,5,HOEGEMEYER 7089 AMXT,75,2022-08-02,91.95965676342828,0.13613058775222564,16.0,2,0
260,False,Scottsbluff|n225|26|21,Scottsbluff,n225,26,21,LH195 X LH123HT,75,2022-08-02,92.09582821030791,0.23728375986010852,16.0,2,0
261,False,Scottsbluff|n75|3|7,Scottsbluff,n75,3,7,PHK56 X W606S,75,2022-08-02,92.14018447011965,0.15334688460692003,16.0,2,0
262,False,Scottsbluff|n150|8|13,Scottsbluff,n150,8,13,B37 X OH43,75,2022-08-02,92.18466694804276,0.1802222874626117,16.0,2,0
263,False,Scottsbluff|n150|26|13,Scottsbluff,n150,26,13,PHW52 X PHZ51,75,2022-08-02,92.18628437320527,0.283774355248763,16.0,2,0
264,False,Scottsbluff|n150|7|11,Scottsbluff,n150,7,11,2369 X PHN82,75,2022-08-02,92.23802731568264,0.1960150170867493,16.0,2,0
265,False,Scottsbluff|n150|8|16,Scottsbluff,n150,8,16,B73 X 3IIH6,75,2022-08-02,92.28675488112944,0.20153120644213468,16.0,2,0
266,False,Scottsbluff|n150|21|17,Scottsbluff,n150,21,17,PHP02 X PHN46,75,2022-08-02,92.40567812470144,0.21349880423777062,16.0,2,0
267,False,Scottsbluff|n225|7|25,Scottsbluff,n225,7,25,PIONEER P0589 AMXT,75,2022-08-02,92.43183875170219,0.21500686535821018,16.0,2,0
268,False,Scottsbluff|n150|15|12,Scottsbluff,n150,15,12,PHB47 X PHK56,75,2022-08-02,92.43404861359316,0.1530502752069311,16.0,2,0
269,False,Scottsbluff|n150|3|16,Scottsbluff,n150,3,16,LH74 X PHN82,75,2022-08-02,92.48472983592022,0.17736125921617002,16.0,2,0
270,False,Scottsbluff|n225|15|20,Scottsbluff,n225,15,20,PIONEER 1311 AMXT,75,2022-08-02,92.59137368118562,0.15809532631656498,16.0,2,0
271,False,Scottsbluff|n150|10|15,Scottsbluff,n150,10,15,LH123HT X 3IIH6,75,2022-08-02,92.63053315993942,0.20060285452402782,16.0,2,0
272,False,Scottsbluff|n150|4|15,Scottsbluff,n150,4,15,PHK76 X LH82,75,2022-08-02,92.63984316385319,0.24169877875774137,16.0,2,0
273,False,Scottsbluff|n225|6|20,Scottsbluff,n225,6,20,PHB47 X LH185,75,2022-08-02,92.67457087993834,0.23989496845003044,16.0,2,0
274,False,Scottsbluff|n75|9|6,Scottsbluff,n75,9,6,LH82 X PHJ89,75,2022-08-02,92.70620068491995,0.21284347395937592,16.0,2,0
275,False,Scottsbluff|n150|25|16,Scottsbluff,n150,25,16,PHK56 X 3IIH6,75,2022-08-02,92.73855530719477,0.22457312395671458,16.0,2,0
276,False,Scottsbluff|n150|25|13,Scottsbluff,n150,25,13,PHP02 X LH198,75,2022-08-02,92.79496990033836,0.26460290653117996,16.0,2,0
277,False,Scottsbluff|n150|22|15,Scottsbluff,n150,22,15,PHB47 X 3IIH6,75,2022-08-02,92.80366960604766,0.24810323140860363,16.0,2,0
278,False,Scottsbluff|n225|15|21,Scottsbluff,n225,15,21,HOEGEMEYER 7089 AMXT,75,2022-08-02,92.85345505087751,0.16631642851938166,16.0,2,0
279,False,Scottsbluff|n150|21|15,Scottsbluff,n150,21,15,PHK56 X LH82,75,2022-08-02,92.91441865521946,0.26350592610226586,16.0,2,0
280,False,Scottsbluff|n150|12|12,Scottsbluff,n150,12,12,PHK56 X LH198,75,2022-08-02,92.96444369005975,0.22553940381522752,16.0,2,0
281,False,Scottsbluff|n75|8|5,Scottsbluff,n75,8,5,PHK56 X 3IIH6,75,2022-08-02,92.97520268617477,0.12234410562760994,16.0,2,0
282,False,Scottsbluff|n150|13|13,Scottsbluff,n150,13,13,LH82 X W606S,75,2022-08-02,92.98650081071311,0.17757723137650766,16.0,2,0
283,False,Scottsbluff|n150|9|14,Scottsbluff,n150,9,14,PHW52 X PHZ51,75,2022-08-02,93.12070349911224,0.1824028540753545,16.0,2,0
284,False,Scottsbluff|n225|14|25,Scottsbluff,n225,14,25,PHP02 X LH198,75,2022-08-02,93.14416889537188,0.21338193110575088,16.0,2,0
285,False,Scottsbluff|n225|9|23,Scottsbluff,n225,9,23,PHP02 X PHK56,75,2022-08-02,93.29405673045457,0.20002686031584788,16.0,2,0
286,False,Scottsbluff|n225|13|23,Scottsbluff,n225,13,23,PHB47 X PHK56,75,2022-08-02,93.3142560141309,0.20920795339639375,16.0,2,0
287,False,Scottsbluff|n150|4|12,Scottsbluff,n150,4,12,PHK56 X LH82,75,2022-08-02,93.31537658042087,0.24523140541238492,16.0,2,0
288,False,Scottsbluff|n75|5|5,Scottsbluff,n75,5,5,PHP02 X PHN46,75,2022-08-02,93.32834640042478,0.21327280445302765,16.0,2,0
289,False,Scottsbluff|n150|25|15,Scottsbluff,n150,25,15,2369 X LH123HT,75,2022-08-02,93.36494363313787,0.23494701431584092,16.0,2,0
290,False,Scottsbluff|n225|8|22,Scottsbluff,n225,8,22,PHN46 X W606S,75,2022-08-02,93.45312447313475,0.18462937782792133,16.0,2,0
291,False,Scottsbluff|n150|10|16,Scottsbluff,n150,10,16,PIONEER P0589 AMXT,75,2022-08-02,93.4896056006697,0.13269998334915056,16.0,2,0
292,False,Scottsbluff|n150|18|14,Scottsbluff,n150,18,14,PHP02 X PHK76,75,2022-08-02,93.502763099167,0.23203040386202234,16.0,2,0
293,False,Scottsbluff|n75|11|6,Scottsbluff,n75,11,6,LH198 X PHZ51,75,2022-08-02,93.54658577414543,0.22647335803024965,16.0,2,0
294,False,Scottsbluff|n75|12|4,Scottsbluff,n75,12,4,2369 X PHP02,75,2022-08-02,93.60873846702047,0.1916514600326235,16.0,2,0
295,False,Scottsbluff|n225|7|20,Scottsbluff,n225,7,20,B73 X PHZ51,75,2022-08-02,93.61164317402124,0.19936323117586008,16.0,2,0
296,False,Scottsbluff|n150|12|13,Scottsbluff,n150,12,13,PHP02 X PHN46,75,2022-08-02,93.66872103404492,0.19461246090408602,16.0,2,0
297,False,Scottsbluff|n150|17|13,Scottsbluff,n150,17,13,PHP02 X PHG47,75,2022-08-02,93.82352430440227,0.22716040023462886,16.0,2,0
298,False,Scottsbluff|n225|22|25,Scottsbluff,n225,22,25,LH195 X 3IIH6,75,2022-08-02,93.82768848382811,0.24242118383731426,16.0,2,0
299,False,Scottsbluff|n150|19|14,Scottsbluff,n150,19,14,B73 X MO17,75,2022-08-02,93.93196188442116,0.261604640902941,16.0,2,0
300,False,Scottsbluff|n225|5|25,Scottsbluff,n225,5,25,2FACC X 3IIH6,75,2022-08-02,94.02663623715863,0.28418698580811785,16.0,2,0
301,False,Scottsbluff|n150|27|12,Scottsbluff,n150,27,12,PHK56 X PHJ89,75,2022-08-02,94.06682274413545,0.24021358085392547,16.0,2,0
302,False,Scottsbluff|n75|18|4,Scottsbluff,n75,18,4,LH198 X PHZ51,75,2022-08-02,94.10980031330365,0.2301738406099026,16.0,2,0
303,False,Scottsbluff|n150|25|11,Scottsbluff,n150,25,11,PHP02 X LH185,75,2022-08-02,94.20367055733989,0.24524826710332764,16.0,2,0
304,False,Scottsbluff|n150|6|17,Scottsbluff,n150,6,17,PHW52 X PHN82,75,2022-08-02,94.23340888593191,0.25869693513974606,16.0,2,0
305,False,Scottsbluff|n225|8|20,Scottsbluff,n225,8,20,PHK56 X LH198,75,2022-08-02,94.26118457825777,0.1679152757394221,16.0,2,0
306,False,Scottsbluff|n225|8|23,Scottsbluff,n225,8,23,PHK56 X PHJ89,75,2022-08-02,94.28104637679563,0.2055293926330078,16.0,2,0
307,False,Scottsbluff|n75|22|2,Scottsbluff,n75,22,2,PHB47 X LH185,75,2022-08-02,94.31515889081817,0.22157220103439634,16.0,2,0
308,False,Scottsbluff|n75|21|1,Scottsbluff,n75,21,1,LH123HT X 3IIH6,75,2022-08-02,94.31998940903479,0.19505518936028665,16.0,2,0
309,False,Scottsbluff|n225|24|20,Scottsbluff,n225,24,20,4N506 X 3IIH6,75,2022-08-02,94.32791386348019,0.21879210858151044,16.0,2,0
310,False,Scottsbluff|n150|15|11,Scottsbluff,n150,15,11,PHN46 X PHK56,75,2022-08-02,94.38969938395857,0.15094887116471284,16.0,2,0
311,False,Scottsbluff|n150|8|17,Scottsbluff,n150,8,17,PHB47 X PHK56,75,2022-08-02,94.45150724654484,0.17609322223982193,16.0,2,0
312,False,Scottsbluff|n225|25|20,Scottsbluff,n225,25,20,PHB47 X PHK56,75,2022-08-02,94.45418189428162,0.20704984641402535,16.0,2,0
313,False,Scottsbluff|n75|22|5,Scottsbluff,n75,22,5,PHK56 X LH198,75,2022-08-02,94.5978876032498,0.2167701159647482,16.0,2,0
314,False,Scottsbluff|n150|19|11,Scottsbluff,n150,19,11,4N506 X 3IIH6,75,2022-08-02,94.59813986925005,0.18020200359653327,16.0,2,0
315,False,Scottsbluff|n75|7|2,Scottsbluff,n75,7,2,B84 X 3IIH6,75,2022-08-02,94.73260860613809,0.14681477918407843,16.0,2,0
316,False,Scottsbluff|n75|27|6,Scottsbluff,n75,27,6,PHN46 X PHK56,75,2022-08-02,94.76234407197472,0.1847300351260469,16.0,2,0
317,False,Scottsbluff|n75|15|3,Scottsbluff,n75,15,3,PIONEER P0589 AMXT,75,2022-08-02,94.77094670471767,0.11172907650141173,16.0,2,0
318,False,Scottsbluff|n75|5|3,Scottsbluff,n75,5,3,LH195 X LH185,75,2022-08-02,94.77144019638884,0.1396526279791136,16.0,2,0
319,False,Scottsbluff|n150|17|12,Scottsbluff,n150,17,12,2369 X 3IIH6,75,2022-08-02,94.77193207662596,0.20562468266835565,16.0,2,0
320,False,Scottsbluff|n150|21|12,Scottsbluff,n150,21,12,PHW52 X PHN82,75,2022-08-02,94.77806098913635,0.25900155404127406,16.0,2,0
321,False,Scottsbluff|n150|10|13,Scottsbluff,n150,10,13,PHN46 X PHB47,75,2022-08-02,94.82093333306571,0.1929450682236119,16.0,2,0
322,False,Scottsbluff|n75|17|7,Scottsbluff,n75,17,7,PHT69 X 3IIH6,75,2022-08-02,94.82682514391027,0.19728129598920507,16.0,2,0
323,False,Scottsbluff|n75|14|3,Scottsbluff,n75,14,3,PHW52 X PHN82,75,2022-08-02,94.8339826915358,0.12779873131088781,16.0,2,0
324,False,Scottsbluff|n150|10|11,Scottsbluff,n150,10,11,LH145 X LH162,75,2022-08-02,94.84058592011387,0.1728322414507697,16.0,2,0
325,False,Scottsbluff|n225|7|22,Scottsbluff,n225,7,22,LH195 X LH123HT,75,2022-08-02,94.8716356680201,0.15035267548756454,16.0,2,0
326,False,Scottsbluff|n225|27|21,Scottsbluff,n225,27,21,SYNGENTA NK0760-3111,75,2022-08-02,94.89675752129077,0.19998634910948015,16.0,2,0
327,False,Scottsbluff|n75|16|6,Scottsbluff,n75,16,6,PHK76 X W606S,75,2022-08-02,94.89965750349616,0.24888958470634442,16.0,2,0
328,False,Scottsbluff|n75|8|2,Scottsbluff,n75,8,2,PHW52 X PHZ51,75,2022-08-02,94.90474451264502,0.2203852627599045,16.0,2,0
329,False,Scottsbluff|n75|7|4,Scottsbluff,n75,7,4,LH195 X LH123HT,75,2022-08-02,94.93821800014408,0.15962110421294728,16.0,2,0
330,False,Scottsbluff|n225|4|20,Scottsbluff,n225,4,20,PHK76 X LH82,75,2022-08-02,94.96272040156896,0.23300612673830684,16.0,2,0
331,False,Scottsbluff|n75|9|1,Scottsbluff,n75,9,1,PHB47 X LH185,75,2022-08-02,94.98678887169368,0.16278584696926524,16.0,2,0
332,False,Scottsbluff|n75|5|4,Scottsbluff,n75,5,4,B73 X PHM49,75,2022-08-02,95.2175079569619,0.25485070421208716,16.0,2,0
333,False,Scottsbluff|n75|24|2,Scottsbluff,n75,24,2,PHN46 X PHB47,75,2022-08-02,95.25929313316854,0.2212604191757107,16.0,2,0
334,False,Scottsbluff|n75|19|7,Scottsbluff,n75,19,7,LH198 X PHB47,75,2022-08-02,95.2629056468388,0.20475477070740983,16.0,2,0
335,False,Scottsbluff|n75|20|2,Scottsbluff,n75,20,2,PHK56 X LH145,75,2022-08-02,95.29394671275972,0.27021209343845887,16.0,2,0
336,False,Scottsbluff|n150|6|16,Scottsbluff,n150,6,16,PHK56 X LH185,75,2022-08-02,95.38444197592024,0.25633913491317256,16.0,2,0
337,False,Scottsbluff|n150|9|11,Scottsbluff,n150,9,11,PHK76 X LH198,75,2022-08-02,95.45287242305768,0.19836755610609108,16.0,2,0
338,False,Scottsbluff|n75|23|1,Scottsbluff,n75,23,1,F42 X MO17,75,2022-08-02,95.51266078444228,0.18194339349459998,16.0,2,0
339,False,Scottsbluff|n225|11|23,Scottsbluff,n225,11,23,PHN46 X PHB47,75,2022-08-02,95.51426508750185,0.17837238356281482,16.0,2,0
340,False,Scottsbluff|n225|25|23,Scottsbluff,n225,25,23,LH145 X LH162,75,2022-08-02,95.51793343416317,0.2702600507201451,16.0,2,0
341,False,Scottsbluff|n225|6|25,Scottsbluff,n225,6,25,F42 X MO17,75,2022-08-02,95.55340011986121,0.24786394524782895,16.0,2,0
342,False,Scottsbluff|n150|5|17,Scottsbluff,n150,5,17,LH195 X PHZ51,75,2022-08-02,95.56072979077268,0.2430547810389455,16.0,2,0
343,False,Scottsbluff|n150|11|13,Scottsbluff,n150,11,13,PHB47 X 3IIH6,75,2022-08-02,95.56317601578525,0.18483179676076783,16.0,2,0
344,False,Scottsbluff|n75|27|2,Scottsbluff,n75,27,2,2369 X 3IIH6,75,2022-08-02,95.57113941468778,0.23192542707326147,16.0,2,0
345,False,Scottsbluff|n75|7|5,Scottsbluff,n75,7,5,2369 X 3IIH6,75,2022-08-02,95.6212222814791,0.07531667052795482,16.0,2,0
346,False,Scottsbluff|n75|4|3,Scottsbluff,n75,4,3,PHN46 X W606S,75,2022-08-02,95.62785051049707,0.1924749974787534,16.0,2,0
347,False,Scottsbluff|n150|19|13,Scottsbluff,n150,19,13,B73 X 3IIH6,75,2022-08-02,95.69529197580721,0.21966103287689176,16.0,2,0
348,False,Scottsbluff|n75|17|4,Scottsbluff,n75,17,4,LH123HT X PHB47,75,2022-08-02,95.72569458599922,0.17056257084450122,16.0,2,0
349,False,Scottsbluff|n150|5|15,Scottsbluff,n150,5,15,PIONEER 1311 AMXT,75,2022-08-02,95.77957090037296,0.2526183028957724,16.0,2,0
350,False,Scottsbluff|n75|25|3,Scottsbluff,n75,25,3,LH195 X 3IIH6,75,2022-08-02,95.86047978886585,0.20121109454446223,16.0,2,0
351,False,Scottsbluff|n150|5|14,Scottsbluff,n150,5,14,LH195 X 3IIH6,75,2022-08-02,95.89039734328657,0.20413816992516337,16.0,2,0
352,False,Scottsbluff|n225|5|22,Scottsbluff,n225,5,22,PHJ40 X LH82,75,2022-08-02,95.9518756830379,0.23131466397658962,16.0,2,0
353,False,Scottsbluff|n225|9|21,Scottsbluff,n225,9,21,PHK56 X 3IIH6,75,2022-08-02,95.98794764204253,0.17402619360101784,16.0,2,0
354,False,Scottsbluff|n225|12|21,Scottsbluff,n225,12,21,LH195 X 3IIH6,75,2022-08-02,95.99291143360554,0.16798532258181703,16.0,2,0
355,False,Scottsbluff|n75|4|2,Scottsbluff,n75,4,2,F42 X OH43,75,2022-08-02,96.00073320266841,0.2375530639544341,16.0,2,0
356,False,Scottsbluff|n225|21|26,Scottsbluff,n225,21,26,N209 X 3IIH6,75,2022-08-02,96.00448284622998,0.2408156207113502,16.0,2,0
357,False,Scottsbluff|n75|26|1,Scottsbluff,n75,26,1,PHW52 X LH185,75,2022-08-02,96.01499341112782,0.16233147531117642,16.0,2,0
358,False,Scottsbluff|n225|7|23,Scottsbluff,n225,7,23,PHW52 X PHN82,75,2022-08-02,96.07710908764224,0.22784602151123912,16.0,2,0
359,False,Scottsbluff|n150|24|13,Scottsbluff,n150,24,13,PIONEER P0589 AMXT,75,2022-08-02,96.15196116398639,0.25718452568463535,16.0,2,0
360,False,Scottsbluff|n75|15|1,Scottsbluff,n75,15,1,PHP02 X PHN46,75,2022-08-02,96.1661377968426,0.1553371055664176,16.0,2,0
361,False,Scottsbluff|n75|14|4,Scottsbluff,n75,14,4,PHT69 X 3IIH6,75,2022-08-02,96.17642089761765,0.21824543702733296,16.0,2,0
362,False,Scottsbluff|n225|6|23,Scottsbluff,n225,6,23,N209 X 3IIH6,75,2022-08-02,96.21903031378545,0.30219404368461245,16.0,2,0
363,False,Scottsbluff|n75|20|7,Scottsbluff,n75,20,7,B73 X MO17,75,2022-08-02,96.30277310880726,0.19152796918306808,16.0,2,0
364,False,Scottsbluff|n75|8|1,Scottsbluff,n75,8,1,PHP02 X LH185,75,2022-08-02,96.51053152139113,0.19245693590988078,16.0,2,0
365,False,Scottsbluff|n150|7|15,Scottsbluff,n150,7,15,LH195 X LH185,75,2022-08-02,96.5345030425555,0.21335673958433565,16.0,2,0
366,False,Scottsbluff|n75|24|5,Scottsbluff,n75,24,5,4N506 X 3IIH6,75,2022-08-02,96.6118384675525,0.2583521796184565,16.0,2,0
367,False,Scottsbluff|n75|8|6,Scottsbluff,n75,8,6,PHK56 X LH198,75,2022-08-02,96.61344505308311,0.2035114032072714,16.0,2,0
368,False,Scottsbluff|n75|4|5,Scottsbluff,n75,4,5,PHK56 X LH82,75,2022-08-02,96.63005701871867,0.1511859031576122,16.0,2,0
369,False,Scottsbluff|n75|25|1,Scottsbluff,n75,25,1,B14A X MO17,75,2022-08-02,96.71965477664291,0.1785683205526078,16.0,2,0
370,False,Scottsbluff|n150|17|11,Scottsbluff,n150,17,11,PIONEER 1311 AMXT,75,2022-08-02,96.73192449995204,0.1698951039389508,16.0,2,0
371,False,Scottsbluff|n75|17|1,Scottsbluff,n75,17,1,B73 X PHZ51,75,2022-08-02,96.79591956317333,0.13410497296667157,16.0,2,0
372,False,Scottsbluff|n225|3|23,Scottsbluff,n225,3,23,PHW52 X PHM49,75,2022-08-02,96.86069617146728,0.26072798491110744,16.0,2,0
373,False,Scottsbluff|n75|12|2,Scottsbluff,n75,12,2,LH123HT X 3IIH6,75,2022-08-02,96.89823067168268,0.16120522261375603,16.0,2,0
374,False,Scottsbluff|n75|10|4,Scottsbluff,n75,10,4,B14A X MO17,75,2022-08-02,96.95715000739108,0.2232596083454499,16.0,2,0
375,False,Scottsbluff|n75|23|2,Scottsbluff,n75,23,2,PHB47 X PHK56,75,2022-08-02,96.97534872697531,0.22205260591695714,16.0,2,0
376,False,Scottsbluff|n75|18|7,Scottsbluff,n75,18,7,PHG39 X PHM49,75,2022-08-02,96.97582608655756,0.21883804524062533,16.0,2,0
377,False,Scottsbluff|n75|21|6,Scottsbluff,n75,21,6,PHK56 X LH82,75,2022-08-02,96.98436784110024,0.26051606391170234,16.0,2,0
378,False,Scottsbluff|n75|27|5,Scottsbluff,n75,27,5,N209 X 3IIH6,75,2022-08-02,96.99188382583189,0.1897064027309438,16.0,2,0
379,False,Scottsbluff|n75|7|1,Scottsbluff,n75,7,1,LH74 X PHN82,75,2022-08-02,97.01082984387847,0.1660780499628195,16.0,2,0
380,False,Scottsbluff|n75|11|1,Scottsbluff,n75,11,1,PHP02 X PHJ89,75,2022-08-02,97.06800741296364,0.13875950633671386,16.0,2,0
381,False,Scottsbluff|n75|3|1,Scottsbluff,n75,3,1,LH82 X W606S,75,2022-08-02,97.2522102042166,0.2678188432980238,16.0,2,0
382,False,Scottsbluff|n225|5|23,Scottsbluff,n225,5,23,LH145 X LH162,75,2022-08-02,97.2581519771505,0.29528109995498353,16.0,2,0
383,False,Scottsbluff|n225|14|23,Scottsbluff,n225,14,23,PHP02 X LH185,75,2022-08-02,97.26340608186256,0.21729462648316517,16.0,2,0
384,False,Scottsbluff|n225|8|21,Scottsbluff,n225,8,21,PHG39 X PHM49,75,2022-08-02,97.2758054127194,0.1901853449100973,16.0,2,0
385,False,Scottsbluff|n75|3|6,Scottsbluff,n75,3,6,B73 X 3IIH6,75,2022-08-02,97.28830601367632,0.24388901245420913,16.0,2,0
386,False,Scottsbluff|n150|18|16,Scottsbluff,n150,18,16,HOEGEMEYER 7089 AMXT,75,2022-08-02,97.29964075136222,0.20961903617353683,16.0,2,0
387,False,Scottsbluff|n75|26|3,Scottsbluff,n75,26,3,PHP02 X LH198,75,2022-08-02,97.37727949156064,0.2744729783136797,16.0,2,0
388,False,Scottsbluff|n150|6|11,Scottsbluff,n150,6,11,PHG39 X PHM49,75,2022-08-02,97.39191892678991,0.25744219047318817,16.0,2,0
389,False,Scottsbluff|n75|4|7,Scottsbluff,n75,4,7,PIONEER P0589 AMXT,75,2022-08-02,97.49920046836249,0.20101848398722544,16.0,2,0
390,False,Scottsbluff|n75|4|6,Scottsbluff,n75,4,6,2369 X LH123HT,75,2022-08-02,97.5630365874527,0.20541428331704004,16.0,2,0
391,False,Scottsbluff|n225|17|26,Scottsbluff,n225,17,26,PIONEER P0589 AMXT,75,2022-08-02,97.70172704954761,0.2379775187335802,16.0,2,0
392,False,Scottsbluff|n75|14|1,Scottsbluff,n75,14,1,PHP02 X PHK56,75,2022-08-02,97.70834216420764,0.10336768116555001,16.0,2,0
393,False,Scottsbluff|n150|4|11,Scottsbluff,n150,4,11,PHK56 X 3IIH6,75,2022-08-02,97.7476499358758,0.2852341952782537,16.0,2,0
394,False,Scottsbluff|n150|19|15,Scottsbluff,n150,19,15,PHJ40 X LH82,75,2022-08-02,97.78124164689798,0.2643652002518568,16.0,2,0
395,False,Scottsbluff|n75|11|4,Scottsbluff,n75,11,4,PHP02 X PHK76,75,2022-08-02,97.78773278975872,0.2510177630613928,16.0,2,0
396,False,Scottsbluff|n150|5|11,Scottsbluff,n150,5,11,HOEGEMEYER 8065RR,75,2022-08-02,97.87477248746069,0.2986954641346719,16.0,2,0
397,False,Scottsbluff|n150|7|14,Scottsbluff,n150,7,14,2369 X 3IIH6,75,2022-08-02,97.88228444556262,0.14650013658914973,16.0,2,0
398,False,Scottsbluff|n75|9|4,Scottsbluff,n75,9,4,PHK76 X LH82,75,2022-08-02,97.9608053183724,0.2214860551373714,16.0,2,0
399,False,Scottsbluff|n150|9|13,Scottsbluff,n150,9,13,PHP02 X LH198,75,2022-08-02,97.99032134349068,0.18978128821435403,16.0,2,0
400,False,Scottsbluff|n150|20|13,Scottsbluff,n150,20,13,LH185 X LH82,75,2022-08-02,97.99303254729462,0.24659536381685965,16.0,2,0
401,False,Scottsbluff|n75|20|3,Scottsbluff,n75,20,3,LH82 X W606S,75,2022-08-02,98.01241861212503,0.20889335317925195,16.0,2,0
402,False,Scottsbluff|n225|23|20,Scottsbluff,n225,23,20,PHK56 X PHJ89,75,2022-08-02,98.10906015976322,0.21259222961505386,16.0,2,0
403,False,Scottsbluff|n75|15|4,Scottsbluff,n75,15,4,LH195 X LH185,75,2022-08-02,98.12800687382682,0.23309667431804842,16.0,2,0
404,False,Scottsbluff|n225|5|26,Scottsbluff,n225,5,26,HOEGEMEYER 7089 AMXT,75,2022-08-02,98.12937323533234,0.28144925571241397,16.0,2,0
405,False,Scottsbluff|n225|11|21,Scottsbluff,n225,11,21,PHP02 X PHN46,75,2022-08-02,98.17968118461754,0.17739555421807152,16.0,2,0
406,False,Scottsbluff|n150|11|15,Scottsbluff,n150,11,15,PHK56 X W606S,75,2022-08-02,98.23358690678432,0.1622847964736608,16.0,2,0
407,False,Scottsbluff|n75|6|7,Scottsbluff,n75,6,7,LH195 X 3IIH6,75,2022-08-02,98.28599463990378,0.21112636847260413,16.0,2,0
408,False,Scottsbluff|n150|25|12,Scottsbluff,n150,25,12,LH195 X 3IIH6,75,2022-08-02,98.30184721942084,0.21497598290331615,16.0,2,0
409,False,Scottsbluff|n150|12|15,Scottsbluff,n150,12,15,PHP02 X PHK56,75,2022-08-02,98.41071031107364,0.172935548286966,16.0,2,0
410,False,Scottsbluff|n75|26|2,Scottsbluff,n75,26,2,PHK56 X 3IIH6,75,2022-08-02,98.46505674595295,0.21744872823845024,16.0,2,0
411,False,Scottsbluff|n150|14|15,Scottsbluff,n150,14,15,PHK56 X PHJ89,75,2022-08-02,98.49411022413904,0.1621214324257082,16.0,2,0
412,False,Scottsbluff|n225|26|22,Scottsbluff,n225,26,22,B73 X PHN82,75,2022-08-02,98.52417199447963,0.23204857611885432,16.0,2,0
413,False,Scottsbluff|n75|20|4,Scottsbluff,n75,20,4,PHW52 X PHN82,75,2022-08-02,98.58258128705654,0.190076501369972,16.0,2,0
414,False,Scottsbluff|n75|24|6,Scottsbluff,n75,24,6,PHK56 X PHJ89,75,2022-08-02,98.60311380693182,0.21856714583242953,16.0,2,0
415,False,Scottsbluff|n150|8|12,Scottsbluff,n150,8,12,PHJ40 X LH82,75,2022-08-02,98.64225998710774,0.19334879163323393,16.0,2,0
416,False,Scottsbluff|n150|6|13,Scottsbluff,n150,6,13,PHP02 X LH185,75,2022-08-02,98.6952771659758,0.2825141249863992,16.0,2,0
417,False,Scottsbluff|n150|14|17,Scottsbluff,n150,14,17,SYNGENTA NK0760-3111,75,2022-08-02,98.71200161102149,0.15876984235832908,16.0,2,0
418,False,Scottsbluff|n150|6|15,Scottsbluff,n150,6,15,4N506 X 3IIH6,75,2022-08-02,98.71603519522269,0.2715678214006153,16.0,2,0
419,False,Scottsbluff|n75|13|6,Scottsbluff,n75,13,6,PHN46 X PHB47,75,2022-08-02,98.85971027478068,0.2190562709042263,16.0,2,0
420,False,Scottsbluff|n150|12|17,Scottsbluff,n150,12,17,SYNGENTA NK0760-3111,75,2022-08-02,98.87705883973632,0.15179956431063074,16.0,2,0
421,False,Scottsbluff|n150|15|13,Scottsbluff,n150,15,13,N209 X 3IIH6,75,2022-08-02,99.02645995196458,0.16378385452189098,16.0,2,0
422,False,Scottsbluff|n150|9|17,Scottsbluff,n150,9,17,PHP02 X PHK76,75,2022-08-02,99.27474861999848,0.17279926408830942,16.0,2,0
423,False,Scottsbluff|n75|27|1,Scottsbluff,n75,27,1,B73 X PHN82,75,2022-08-02,99.64418400101707,0.19473236805344968,16.0,2,0
424,False,Scottsbluff|n75|7|7,Scottsbluff,n75,7,7,PHN46 X PHK56,75,2022-08-02,99.76104483198911,0.15509646860400583,16.0,2,0
425,False,Scottsbluff|n75|10|2,Scottsbluff,n75,10,2,LH123HT X PHB47,75,2022-08-02,99.84508077322056,0.1877819639684269,16.0,2,0
426,False,Scottsbluff|n150|14|13,Scottsbluff,n150,14,13,SYNGENTA NK0760-3111,75,2022-08-02,99.85436827734581,0.15882252974515954,16.0,2,0
427,False,Scottsbluff|n75|20|1,Scottsbluff,n75,20,1,HOEGEMEYER 8065RR,75,2022-08-02,99.89034809256668,0.18557379639746696,16.0,2,0
428,False,Scottsbluff|n75|24|4,Scottsbluff,n75,24,4,PHK56 X LH185,75,2022-08-02,99.96072642614295,0.28168220142923334,16.0,2,0
429,False,Scottsbluff|n150|11|14,Scottsbluff,n150,11,14,HOEGEMEYER 7089 AMXT,75,2022-08-02,100.05820005576477,0.15049755480455212,16.0,2,0
430,False,Scottsbluff|n75|12|6,Scottsbluff,n75,12,6,PIONEER 1311 AMXT,75,2022-08-02,100.20627910536841,0.2283556622207929,16.0,2,0
431,False,Scottsbluff|n225|14|26,Scottsbluff,n225,14,26,SYNGENTA NK0760-3111,75,2022-08-02,100.55607271077855,0.23387936750085853,16.0,2,0
432,False,Scottsbluff|n75|19|6,Scottsbluff,n75,19,6,PHP02 X LH82,75,2022-08-02,100.59809866799115,0.23376242095754285,16.0,2,0
433,False,Scottsbluff|n75|6|2,Scottsbluff,n75,6,2,2369 X PHN82,75,2022-08-02,100.69947882392795,0.25219956319944115,16.0,2,0
434,False,Scottsbluff|n225|3|21,Scottsbluff,n225,3,21,B105 X 3IIH6,75,2022-08-02,100.76861082016312,0.21208043081506794,16.0,2,0
435,False,Scottsbluff|n225|22|23,Scottsbluff,n225,22,23,SYNGENTA NK0760-3111,75,2022-08-02,100.86512358851127,0.18925288729653467,16.0,2,0
436,False,Scottsbluff|n75|14|6,Scottsbluff,n75,14,6,PHW52 X LH185,75,2022-08-02,100.8937311743062,0.23559830440492424,16.0,2,0
437,False,Scottsbluff|n225|7|21,Scottsbluff,n225,7,21,PHP02 X PHK76,75,2022-08-02,100.92402131430498,0.19329291031572482,16.0,2,0
438,False,Scottsbluff|n75|18|6,Scottsbluff,n75,18,6,PHP02 X PHG47,75,2022-08-02,101.06988302024132,0.23846257594092796,16.0,2,0
439,False,Scottsbluff|n75|13|4,Scottsbluff,n75,13,4,PHK56 X PHJ89,75,2022-08-02,101.25940935138938,0.1618427076777239,16.0,2,0
440,False,Scottsbluff|n150|24|15,Scottsbluff,n150,24,15,SYNGENTA NK0760-3111,75,2022-08-02,101.28732204014321,0.25127358908585085,16.0,2,0
441,False,Scottsbluff|n225|3|20,Scottsbluff,n225,3,20,LH82 X PHJ89,75,2022-08-02,101.3174395530753,0.19446704210193377,16.0,2,0
442,False,Scottsbluff|n75|26|5,Scottsbluff,n75,26,5,PHK56 X W606S,75,2022-08-02,101.68317954593076,0.20896244350917248,16.0,2,0
443,False,Scottsbluff|n75|11|7,Scottsbluff,n75,11,7,SYNGENTA NK0760-3111,75,2022-08-02,101.69632698514884,0.1429723654333498,16.0,2,0
444,False,Scottsbluff|n75|19|4,Scottsbluff,n75,19,4,B73 X 3IIH6,75,2022-08-02,101.9257030751485,0.24852437728173404,16.0,2,0
445,False,Scottsbluff|n150|15|14,Scottsbluff,n150,15,14,B73 X PHN82,75,2022-08-02,102.20151618553369,0.1756572815286927,16.0,2,0
446,False,Scottsbluff|n75|20|6,Scottsbluff,n75,20,6,PHP02 X W606S,75,2022-08-02,102.59282814860569,0.20569523281083252,16.0,2,0
447,False,Scottsbluff|n75|18|1,Scottsbluff,n75,18,1,HOEGEMEYER 7089 AMXT,75,2022-08-02,102.68589442757037,0.1794595109256233,16.0,2,0
448,False,Scottsbluff|n75|27|4,Scottsbluff,n75,27,4,PHP02 X PHK56,75,2022-08-02,102.70269099180135,0.2622612676201114,16.0,2,0
449,False,Scottsbluff|n225|9|25,Scottsbluff,n225,9,25,SYNGENTA NK0760-3111,75,2022-08-02,102.72315844800536,0.23281028787163754,16.0,2,0
450,False,Scottsbluff|n150|7|13,Scottsbluff,n150,7,13,F42 X MO17,75,2022-08-02,102.73104026940555,0.19468527947690162,16.0,2,0
451,False,Scottsbluff|n150|5|13,Scottsbluff,n150,5,13,PHP02 X PHG47,75,2022-08-02,102.84534495690932,0.2471061787681208,16.0,2,0
452,False,Scottsbluff|n150|11|17,Scottsbluff,n150,11,17,SYNGENTA NK0760-3111,75,2022-08-02,102.97464444935812,0.18447937064508407,16.0,2,0
453,False,Scottsbluff|n75|15|7,Scottsbluff,n75,15,7,PHP02 X LH185,75,2022-08-02,102.99832665409383,0.19336431088481132,16.0,2,0
454,False,Scottsbluff|n150|22|14,Scottsbluff,n150,22,14,SYNGENTA NK0760-3111,75,2022-08-02,103.10932237763198,0.2248377259379285,16.0,2,0
455,False,Scottsbluff|n75|10|1,Scottsbluff,n75,10,1,PHP02 X LH82,75,2022-08-02,103.17866372699439,0.16387450240419787,16.0,2,0
456,False,Scottsbluff|n75|6|6,Scottsbluff,n75,6,6,B73 X PHN82,75,2022-08-02,103.2283292134848,0.2445035368264183,16.0,2,0
457,False,Scottsbluff|n75|6|1,Scottsbluff,n75,6,1,4N506 X 3IIH6,75,2022-08-02,103.33295988607242,0.26732525621307424,16.0,2,0
458,False,Scottsbluff|n225|10|26,Scottsbluff,n225,10,26,SYNGENTA NK0760-3111,75,2022-08-02,103.48898791564527,0.21161385747851663,16.0,2,0
459,False,Scottsbluff|n150|9|12,Scottsbluff,n150,9,12,2FACC X 3IIH6,75,2022-08-02,103.61509359422489,0.16270115164055643,16.0,2,0
460,False,Scottsbluff|n150|7|17,Scottsbluff,n150,7,17,SYNGENTA NK0760-3111,75,2022-08-02,103.71194680944234,0.1958123465207225,16.0,2,0
461,False,Scottsbluff|n225|12|26,Scottsbluff,n225,12,26,SYNGENTA NK0760-3111,75,2022-08-02,103.74724750594089,0.22186253899152264,16.0,2,0
462,False,Scottsbluff|n150|22|17,Scottsbluff,n150,22,17,SYNGENTA NK0760-3111,75,2022-08-02,104.1218434920739,0.23939126249780934,16.0,2,0
463,False,Scottsbluff|n225|11|26,Scottsbluff,n225,11,26,SYNGENTA NK0760-3111,75,2022-08-02,104.15286366166993,0.17837403376005329,16.0,2,0
464,False,Scottsbluff|n75|19|2,Scottsbluff,n75,19,2,PHG39 X PHN82,75,2022-08-02,104.25281165009926,0.19560511875152925,16.0,2,0
465,False,Scottsbluff|n75|14|2,Scottsbluff,n75,14,2,SYNGENTA NK0760-3111,75,2022-08-02,104.43953257662844,0.12508712198976274,16.0,2,0
466,False,Scottsbluff|n75|7|6,Scottsbluff,n75,7,6,PHP02 X PHG47,75,2022-08-02,104.52028992740624,0.2003829402307592,16.0,2,0
467,False,Scottsbluff|n150|12|11,Scottsbluff,n150,12,11,PHN46 X PHK56,75,2022-08-02,104.61731938358173,0.19550936913771733,16.0,2,0
468,False,Scottsbluff|n75|3|2,Scottsbluff,n75,3,2,LH185 X LH82,75,2022-08-02,104.70346045728553,0.27742767390622924,16.0,2,0
469,False,Scottsbluff|n75|11|2,Scottsbluff,n75,11,2,N209 X 3IIH6,75,2022-08-02,104.8016502253652,0.20157126866952468,16.0,2,0
470,False,Scottsbluff|n150|10|17,Scottsbluff,n150,10,17,SYNGENTA NK0760-3111,75,2022-08-02,105.17398387371132,0.1465950741852673,16.0,2,0
471,False,Scottsbluff|n75|22|7,Scottsbluff,n75,22,7,SYNGENTA NK0760-3111,75,2022-08-02,105.48147811288104,0.21846425370030048,16.0,2,0
472,False,Scottsbluff|n75|15|6,Scottsbluff,n75,15,6,LH145 X LH162,75,2022-08-02,105.49180048339574,0.22491359876178252,16.0,2,0
473,False,Scottsbluff|n75|12|7,Scottsbluff,n75,12,7,SYNGENTA NK0760-3111,75,2022-08-02,105.50594534755504,0.17276223630054993,16.0,2,0
474,False,Scottsbluff|n75|13|7,Scottsbluff,n75,13,7,SYNGENTA NK0760-3111,75,2022-08-02,105.91028411609257,0.10432723101369074,16.0,2,0
475,False,Scottsbluff|n75|10|6,Scottsbluff,n75,10,6,HOEGEMEYER 8065RR,75,2022-08-02,106.12199384604938,0.19396821424102118,16.0,2,0
476,False,Scottsbluff|n225|17|25,Scottsbluff,n225,17,25,SYNGENTA NK0760-3111,75,2022-08-02,106.29352022234583,0.15637155363025135,16.0,2,0
477,False,Scottsbluff|n150|13|17,Scottsbluff,n150,13,17,SYNGENTA NK0760-3111,75,2022-08-02,106.61562408735116,0.16447017761217791,16.0,2,0
478,False,Scottsbluff|n75|26|4,Scottsbluff,n75,26,4,PHP02 X PHK76,75,2022-08-02,106.74606880583619,0.31051864749414837,16.0,2,0
479,False,Scottsbluff|n225|13|26,Scottsbluff,n225,13,26,SYNGENTA NK0760-3111,75,2022-08-02,107.20800988444279,0.2742325330602379,16.0,2,0
480,False,Scottsbluff|n75|17|2,Scottsbluff,n75,17,2,SYNGENTA NK0760-3111,75,2022-08-02,107.40046440304424,0.10795835853695424,16.0,2,0
481,False,Scottsbluff|n75|10|7,Scottsbluff,n75,10,7,SYNGENTA NK0760-3111,75,2022-08-02,107.4559599457334,0.11392632524707996,16.0,2,0
482,False,Scottsbluff|n75|6|4,Scottsbluff,n75,6,4,PHK56 X LH185,75,2022-08-02,107.91684779535302,0.2538713755234257,16.0,2,0
483,False,Scottsbluff|n75|9|2,Scottsbluff,n75,9,2,PHB47 X PHK56,75,2022-08-02,108.13030391089593,0.20639504747185766,16.0,2,0
484,False,Scottsbluff|n75|8|4,Scottsbluff,n75,8,4,LH145 X LH162,75,2022-08-02,108.26957135565735,0.2687505535296077,16.0,2,0
485,False,Scottsbluff|n75|4|4,Scottsbluff,n75,4,4,PHP02 X LH198,75,2022-08-02,108.82519024203314,0.2420174367928466,16.0,2,0
486,False,Scottsbluff|n75|5|2,Scottsbluff,n75,5,2,PHW52 X PHM49,75,2022-08-02,109.3395471372666,0.23478325494410418,16.0,2,0
487,False,Scottsbluff|n75|22|4,Scottsbluff,n75,22,4,SYNGENTA NK0760-3111,75,2022-08-02,109.62620911656339,0.25833930155425167,16.0,2,0
488,False,Scottsbluff|n75|14|7,Scottsbluff,n75,14,7,SYNGENTA NK0760-3111,75,2022-08-02,112.46378812553202,0.18614909422115689,16.0,2,0
489,False,Scottsbluff|n75|5|1,Scottsbluff,n75,5,1,SYNGENTA NK0760-3111,75,2022-08-02,114.8911929097912,0.2520892280439239,16.0,2,0
1,True,Ames|4233|19|4,Ames,4233,19,4,B37 X H95,90,2022-08-21,87.3311940350591,-0.0997794228371417,11.0,3,0
2,True,Ames|4233|19|5,Ames,4233,19,5,WF9 X H95,90,2022-08-21,89.65551468619884,-0.0962366409478268,11.0,3,0
3,True,Ames|4231|6|4,Ames,4231,6,4,PHP02 X LH145,90,2022-08-20,90.35104977057868,-0.058222328569193516,10.0,3,0
4,True,Ames|4232|24|20,Ames,4232,24,20,WF9 X H95,90,2022-08-20,92.98531584892343,-0.10072226142421348,10.0,3,0
5,True,Ames|4233|21|4,Ames,4233,21,4,PHP02 X LH82,90,2022-08-21,93.24670239851436,-0.08068111487344654,11.0,3,0
6,True,Ames|4233|21|5,Ames,4233,21,5,PHZ51 X LH145,90,2022-08-21,93.47332811996799,-0.06412078662724463,11.0,3,0
7,True,Ames|4233|22|4,Ames,4233,22,4,PHP02 X LH145,90,2022-08-21,94.17621978145863,-0.053966944223793,11.0,3,0
8,True,Ames|4231|5|2,Ames,4231,5,2,LH195 X PHM49,90,2022-08-20,96.93754410745602,-0.0001655556504739364,10.0,3,0
9,True,Ames|4233|5|10,Ames,4233,5,10,LH195 X PHM49,90,2022-08-21,98.53971886114874,0.0170875975230379,11.0,3,0
10,True,Ames|4233|19|6,Ames,4233,19,6,LH195 X PHM49,90,2022-08-21,98.84927682565866,-0.03528031726961123,11.0,3,0
11,True,Ames|4233|10|10,Ames,4233,10,10,PHK76 X LH145,90,2022-08-21,99.40569518017378,0.004220890295092317,11.0,3,0
12,True,Ames|4231|8|3,Ames,4231,8,3,PHP02 X LH82,90,2022-08-20,100.11414177679988,-0.0856290604824066,10.0,3,0
13,True,Ames|4233|11|9,Ames,4233,11,9,PHP02 X LH145,90,2022-08-21,100.8131709774522,-0.012879776660567832,11.0,3,0
14,True,Ames|4231|3|5,Ames,4231,3,5,B37 X H95,90,2022-08-20,101.2814627669233,-0.02685319248803153,10.0,3,0
15,True,Ames|4231|7|7,Ames,4231,7,7,PHK56 X LH198,90,2022-08-20,102.74676038646624,-0.09287547571731003,10.0,3,0
16,True,Ames|4233|19|3,Ames,4233,19,3,PHW52 X PHM49,90,2022-08-21,103.17951249198802,-0.09158790378534132,11.0,3,0
17,True,Ames|4233|18|7,Ames,4233,18,7,PHK76 X W606S,90,2022-08-21,103.26017580361666,-0.034660627658206544,11.0,3,0
18,True,Ames|4231|24|7,Ames,4231,24,7,B37 X H95,90,2022-08-20,103.53981938694082,-0.05329808645267953,10.0,3,0
19,True,Ames|4233|6|4,Ames,4233,6,4,PHZ51 X LH145,90,2022-08-21,104.0266138751462,-0.03962958066590805,11.0,3,0
20,True,Ames|4233|18|3,Ames,4233,18,3,PHK76 X LH145,90,2022-08-21,104.8269319370265,-0.041152991658708116,11.0,3,0
21,True,Ames|4231|10|7,Ames,4231,10,7,PHZ51 X LH145,90,2022-08-20,105.0703120511413,-0.07421737351903934,10.0,3,0
22,True,Ames|4233|9|5,Ames,4233,9,5,WF9 X H95,90,2022-08-21,105.32688470396165,-0.05146152967040374,11.0,3,0
23,True,Ames|4231|3|7,Ames,4231,3,7,WF9 X H95,90,2022-08-20,105.44341070262584,-0.05767102660885448,10.0,3,0
24,True,Ames|4232|5|22,Ames,4232,5,22,WF9 X H95,90,2022-08-20,106.39469566307318,-0.07033653906901083,10.0,3,0
25,True,Ames|4231|27|6,Ames,4231,27,6,PHP02 X LH145,90,2022-08-20,106.76189361289248,0.00014939325021301464,10.0,3,0
26,True,Ames|4233|19|10,Ames,4233,19,10,PHN46 X W606S,90,2022-08-21,106.89474650825642,-0.026531480298655596,11.0,3,0
27,True,Ames|4233|6|8,Ames,4233,6,8,LH82 X PHB47,90,2022-08-21,106.90679809361966,-0.01214069170644172,11.0,3,0
28,True,Ames|4233|9|6,Ames,4233,9,6,PHP02 X LH82,90,2022-08-21,107.02170411658514,-0.020691083353432838,11.0,3,0
29,True,Ames|4232|23|19,Ames,4232,23,19,PHK76 X LH145,90,2022-08-20,107.23605977172531,-0.04842511907349811,10.0,3,0
30,True,Ames|4231|9|3,Ames,4231,9,3,PHK76 X LH145,90,2022-08-20,107.30313544095172,-0.061527660808732065,10.0,3,0
31,True,Ames|4231|8|7,Ames,4231,8,7,B105 X 3IIH6,90,2022-08-20,107.53213118240913,-0.09962761771675188,10.0,3,0
32,True,Ames|4232|10|17,Ames,4232,10,17,B37 X H95,90,2022-08-20,107.62866274038954,-0.041184585496825576,10.0,3,0
33,True,Ames|4233|5|8,Ames,4233,5,8,B37 X H95,90,2022-08-21,107.73514465973706,-0.0355893606181622,11.0,3,0
34,True,Ames|4232|23|20,Ames,4232,23,20,PHB47 X 3IIH6,90,2022-08-20,107.74348808041947,-0.10615810454248265,10.0,3,0
35,True,Ames|4232|28|19,Ames,4232,28,19,LH195 X PHM49,90,2022-08-20,107.84781131246488,-0.0297279425092144,10.0,3,0
36,True,Ames|4232|10|19,Ames,4232,10,19,LH195 X PHM49,90,2022-08-20,107.99594342041566,-0.02595089298922937,10.0,3,0
37,True,Ames|4233|21|3,Ames,4233,21,3,LH198 X PHZ51,90,2022-08-21,108.29985163902562,-0.052848450711509454,11.0,3,0
38,True,Ames|4233|9|7,Ames,4233,9,7,LH82 X W606S,90,2022-08-21,108.33488020849224,-0.037020879600123124,11.0,3,0
39,True,Ames|4233|17|9,Ames,4233,17,9,F42 X OH43,90,2022-08-21,108.4040216180036,-0.060290738558108625,11.0,3,0
40,True,Ames|4233|9|8,Ames,4233,9,8,B37 X OH43,90,2022-08-21,108.42910340183207,-0.048879216635107636,11.0,3,0
41,True,Ames|4233|13|8,Ames,4233,13,8,LH185 X LH82,90,2022-08-21,108.64600106828357,-0.024088279654514766,11.0,3,0
42,True,Ames|4231|19|2,Ames,4231,19,2,PHK76 X LH145,90,2022-08-20,108.67528429705246,-0.027623979371994567,10.0,3,0
43,True,Ames|4231|7|4,Ames,4231,7,4,LH185 X LH145,90,2022-08-20,109.44521570481874,-0.050344568503914555,10.0,3,0
44,True,Ames|4233|8|7,Ames,4233,8,7,PHK76 X 3IIH6,90,2022-08-21,109.51688601957034,-0.02874286125218961,11.0,3,0
45,True,Ames|4233|24|10,Ames,4233,24,10,B105 X 3IIH6,90,2022-08-21,110.20880475130828,-0.007703399643507414,11.0,3,0
46,True,Ames|4233|11|5,Ames,4233,11,5,PHG39 X PHM49,90,2022-08-21,110.34687676970582,-0.025186226641249032,11.0,3,0
47,True,Ames|4232|21|21,Ames,4232,21,21,B37 X H95,90,2022-08-20,110.53270429419777,-0.03863224589634895,10.0,3,0
48,True,Ames|4233|22|3,Ames,4233,22,3,LH195 X 3IIH6,90,2022-08-21,110.5799905688117,-0.05849647373677869,11.0,3,0
49,True,Ames|4233|13|9,Ames,4233,13,9,LH185 X LH145,90,2022-08-21,110.76737237342738,-0.012235503904803213,11.0,3,0
50,False,Ames|4231|19|5,Ames,4231,19,5,PHK76 X W606S,90,2022-08-20,110.89723209095382,-0.05036576884282429,10.0,3,0
51,False,Ames|4233|20|7,Ames,4233,20,7,PHN46 X PHK56,90,2022-08-21,111.01217178470706,-0.010840855102485891,11.0,3,0
52,False,Ames|4233|10|7,Ames,4233,10,7,PHK76 X W606S,90,2022-08-21,111.11074793524207,-0.0009551613144695992,11.0,3,0
53,False,Ames|4233|12|10,Ames,4233,12,10,PHN46 X W606S,90,2022-08-21,111.3466767022519,0.00048411624354738336,11.0,3,0
54,False,Ames|4232|15|19,Ames,4232,15,19,PHK76 X LH145,90,2022-08-20,111.47023951170561,-0.03308675124157168,10.0,3,0
55,False,Ames|4233|12|6,Ames,4233,12,6,PHK56 X W606S,90,2022-08-21,111.7035998539797,-0.01849561683476031,11.0,3,0
56,False,Ames|4233|4|4,Ames,4233,4,4,F42 X MO17,90,2022-08-21,111.77215308596992,-0.027161250005750204,11.0,3,0
57,False,Ames|4231|2|7,Ames,4231,2,7,B37 X OH43,90,2022-08-20,111.88549002205275,-0.06734810933213908,10.0,3,0
58,False,Ames|4233|15|5,Ames,4233,15,5,PHK56 X PHJ89,90,2022-08-21,111.99808567127451,-0.005428673402167683,11.0,3,0
59,False,Ames|4231|21|2,Ames,4231,21,2,WF9 X H95,90,2022-08-20,112.1808667537591,-0.04651078664040165,10.0,3,0
60,False,Ames|4233|24|7,Ames,4233,24,7,2369 X PHZ51,90,2022-08-21,112.22921420766659,-0.03921982344309405,11.0,3,0
61,False,Ames|4232|17|21,Ames,4232,17,21,PHP02 X LH145,90,2022-08-20,112.29477565015267,-0.026097254095298617,10.0,3,0
62,False,Ames|4233|12|8,Ames,4233,12,8,PHP02 X PHK56,90,2022-08-21,112.55979232298186,-0.019182833636403274,11.0,3,0
63,False,Ames|4231|18|7,Ames,4231,18,7,PHZ51 X LH145,90,2022-08-20,112.65661116965421,-0.02186663784705889,10.0,3,0
64,False,Ames|4233|20|4,Ames,4233,20,4,PHW52 X LH185,90,2022-08-21,112.6602445634327,-0.053357697265152826,11.0,3,0
65,False,Ames|4233|11|4,Ames,4233,11,4,B84 X 3IIH6,90,2022-08-21,112.85883937861234,-0.031308103375360385,11.0,3,0
66,False,Ames|4233|15|9,Ames,4233,15,9,LH82 X W606S,90,2022-08-21,112.87209724641802,-0.0128529543601138,11.0,3,0
67,False,Ames|4233|24|8,Ames,4233,24,8,B37 X OH43,90,2022-08-21,113.34373190521868,-0.03633918953721682,11.0,3,0
68,False,Ames|4233|24|4,Ames,4233,24,4,HOEGEMEYER 8065RR,90,2022-08-21,113.5200894433976,-0.0297601728601381,11.0,3,0
69,False,Ames|4233|19|7,Ames,4233,19,7,B37 X MO17,90,2022-08-21,113.74528686406886,-0.03295619070861611,11.0,3,0
70,False,Ames|4233|4|5,Ames,4233,4,5,PHW52 X PHM49,90,2022-08-21,113.92446127425865,-0.02819906327493804,11.0,3,0
71,False,Ames|4233|8|3,Ames,4233,8,3,B105 X 3IIH6,90,2022-08-21,113.9368352518581,-0.03889485569893547,11.0,3,0
72,False,Ames|4233|12|7,Ames,4233,12,7,PHK56 X LH145,90,2022-08-21,113.97045622138215,-0.016619999712611966,11.0,3,0
73,False,Ames|4233|19|8,Ames,4233,19,8,PHK56 X 3IIH6,90,2022-08-21,114.25147507950501,-0.013723098649241483,11.0,3,0
74,False,Ames|4231|2|5,Ames,4231,2,5,2369 X PHZ51,90,2022-08-20,114.32326637610183,-0.025031316249807922,10.0,3,0
75,False,Ames|4231|3|6,Ames,4231,3,6,LH145 X LH162,90,2022-08-20,114.46750426721287,-0.03547658153147759,10.0,3,0
76,False,Ames|4233|3|7,Ames,4233,3,7,2369 X PHP02,90,2022-08-21,114.51283578959404,-0.011303517712036859,11.0,3,0
77,False,Ames|4233|12|5,Ames,4233,12,5,B37 X MO17,90,2022-08-21,114.71416360297873,-0.038146956568437806,11.0,3,0
78,False,Ames|4232|25|22,Ames,4232,25,22,PHK76 X W606S,90,2022-08-20,114.79360220045719,-0.059661787941195255,10.0,3,0
79,False,Ames|4233|11|7,Ames,4233,11,7,LH198 X PHB47,90,2022-08-21,114.86674124926796,-0.022735378796019168,11.0,3,0
80,False,Ames|4232|11|20,Ames,4232,11,20,PHP02 X LH145,90,2022-08-20,115.03759932635089,-0.04379092671366036,10.0,3,0
81,False,Ames|4233|9|4,Ames,4233,9,4,LH145 X LH162,90,2022-08-21,115.20355074928256,-0.04704141936982342,11.0,3,0
82,False,Ames|4233|23|5,Ames,4233,23,5,B73 X PHZ51,90,2022-08-21,115.42498968126219,-0.019457786900185292,11.0,3,0
83,False,Ames|4231|26|4,Ames,4231,26,4,LH195 X PHM49,90,2022-08-20,115.55944560786733,0.01111686758158581,10.0,3,0
84,False,Ames|4233|16|3,Ames,4233,16,3,PHW52 X PHZ51,90,2022-08-21,115.6629483344476,-0.05273626191503189,11.0,3,0
85,False,Ames|4233|21|10,Ames,4233,21,10,PHT69 X 3IIH6,90,2022-08-21,115.88744738629619,-0.01299770231680375,11.0,3,0
86,False,Ames|4233|6|6,Ames,4233,6,6,PHK56 X 3IIH6,90,2022-08-21,115.8933120674349,0.008801760243655643,11.0,3,0
87,False,Ames|4233|13|7,Ames,4233,13,7,LH185 X W606S,90,2022-08-21,115.9054659682416,-0.01805958793597251,11.0,3,0
88,False,Ames|4231|8|2,Ames,4231,8,2,PHK56 X W606S,90,2022-08-20,115.94409701185019,-0.0326056568452211,10.0,3,0
89,False,Ames|4233|15|6,Ames,4233,15,6,PHG39 X PHM49,90,2022-08-21,116.13292589312493,-0.050096706296369975,11.0,3,0
90,False,Ames|4233|10|8,Ames,4233,10,8,PHP02 X LH185,90,2022-08-21,116.28402146998422,-0.005919765073565952,11.0,3,0
91,False,Ames|4233|17|5,Ames,4233,17,5,B84 X 3IIH6,90,2022-08-21,116.29435091900608,-0.057498102378968796,11.0,3,0
92,False,Ames|4231|7|3,Ames,4231,7,3,PHN46 X W606S,90,2022-08-20,116.43055457477658,-0.05944104114072224,10.0,3,0
93,False,Ames|4231|8|6,Ames,4231,8,6,PHB47 X PHJ89,90,2022-08-20,116.44654868381015,-0.10014539215739138,10.0,3,0
94,False,Ames|4232|3|22,Ames,4232,3,22,B37 X OH43,90,2022-08-20,116.4616713771486,-0.0600820474680932,10.0,3,0
95,False,Ames|4233|18|9,Ames,4233,18,9,PHP02 X PHN46,90,2022-08-21,116.4693462549466,-0.041336926996047074,11.0,3,0
96,False,Ames|4233|21|6,Ames,4233,21,6,LH123HT X PHB47,90,2022-08-21,116.49322827809506,-0.043509854473941956,11.0,3,0
97,False,Ames|4233|24|6,Ames,4233,24,6,PIONEER P0589 AMXT,90,2022-08-21,116.50204926596055,-0.005579969689886277,11.0,3,0
98,False,Ames|4233|7|6,Ames,4233,7,6,PHJ40 X LH82,90,2022-08-21,116.64485681196538,-0.013036500578810895,11.0,3,0
99,False,Ames|4233|18|4,Ames,4233,18,4,PHK76 X 3IIH6,90,2022-08-21,116.86972334737959,-0.0353795644691588,11.0,3,0
100,False,Ames|4233|8|5,Ames,4233,8,5,PHB47 X PHJ89,90,2022-08-21,117.00637955757539,-0.02848803021831825,11.0,3,0
101,False,Ames|4233|13|5,Ames,4233,13,5,PHP02 X PHG47,90,2022-08-21,117.1140427760058,-0.016852431278108204,11.0,3,0
102,False,Ames|4233|4|10,Ames,4233,4,10,PHW52 X PHN82,90,2022-08-21,117.11936112526101,-0.008157160319501644,11.0,3,0
103,False,Ames|4232|2|20,Ames,4232,2,20,LH195 X 3IIH6,90,2022-08-20,117.18069361944988,-0.06316155139092605,10.0,3,0
104,False,Ames|4233|14|9,Ames,4233,14,9,LH82 X PHJ89,90,2022-08-21,117.18404951773964,-0.008773568471958426,11.0,3,0
105,False,Ames|4233|9|3,Ames,4233,9,3,PHT69 X 3IIH6,90,2022-08-21,117.24343070255581,-0.013938825577164415,11.0,3,0
106,False,Ames|4233|8|4,Ames,4233,8,4,LH123HT X 3IIH6,90,2022-08-21,117.24709286071244,-0.046745993208240355,11.0,3,0
107,False,Ames|4231|7|5,Ames,4231,7,5,B73 X 3IIH6,90,2022-08-20,117.25288743528627,-0.07956672920204011,10.0,3,0
108,False,Ames|4233|16|5,Ames,4233,16,5,PHP02 X LH185,90,2022-08-21,117.30921110068823,-0.03126165263299652,11.0,3,0
109,False,Ames|4233|3|4,Ames,4233,3,4,2369 X LH123HT,90,2022-08-21,117.34775442239521,-0.01960873742684366,11.0,3,0
110,False,Ames|4232|7|19,Ames,4232,7,19,B84 X 3IIH6,90,2022-08-20,117.44318985811503,-0.041544883169271296,10.0,3,0
111,False,Ames|4233|7|10,Ames,4233,7,10,LH82 X PHJ89,90,2022-08-21,117.47037914255921,-0.012716850847786842,11.0,3,0
112,False,Ames|4233|23|3,Ames,4233,23,3,F42 X MO17,90,2022-08-21,117.49651337805186,-0.027501218817365336,11.0,3,0
113,False,Ames|4233|3|10,Ames,4233,3,10,4N506 X 3IIH6,90,2022-08-21,117.51427408502761,-0.004581999839797568,11.0,3,0
114,False,Ames|4233|17|10,Ames,4233,17,10,PHB47 X LH185,90,2022-08-21,117.69250979743018,-0.03190383356274973,11.0,3,0
115,False,Ames|4233|15|8,Ames,4233,15,8,2369 X 3IIH6,90,2022-08-21,117.94251574792197,-0.007529769526583907,11.0,3,0
116,False,Ames|4233|8|10,Ames,4233,8,10,PHK56 X LH198,90,2022-08-21,118.00633681341688,-0.007341110407351081,11.0,3,0
117,False,Ames|4233|15|7,Ames,4233,15,7,LH195 X PHZ51,90,2022-08-21,118.02874421395408,-0.02653337230698538,11.0,3,0
118,False,Ames|4233|15|3,Ames,4233,15,3,LH123HT X 3IIH6,90,2022-08-21,118.03534076642052,-0.0417521421894016,11.0,3,0
119,False,Ames|4233|6|10,Ames,4233,6,10,PHB47 X 3IIH6,90,2022-08-21,118.13670690909987,-0.024237377524676695,11.0,3,0
120,False,Ames|4233|16|8,Ames,4233,16,8,2FACC X 3IIH6,90,2022-08-21,118.34950559196334,-0.004764758132209224,11.0,3,0
121,False,Ames|4231|28|6,Ames,4231,28,6,PHP02 X LH82,90,2022-08-20,118.38305308893314,-0.005588645482438315,10.0,3,0
122,False,Ames|4233|3|6,Ames,4233,3,6,PHK76 X LH198,90,2022-08-21,118.38877870167222,-0.012897707253451629,11.0,3,0
123,False,Ames|4233|23|6,Ames,4233,23,6,LH145 X LH162,90,2022-08-21,118.40385312868744,-0.033179831539375426,11.0,3,0
124,False,Ames|4233|5|5,Ames,4233,5,5,B73 X MO17,90,2022-08-21,118.57638510352106,-0.022585618345859038,11.0,3,0
125,False,Ames|4233|17|4,Ames,4233,17,4,B73 X MO17,90,2022-08-21,118.6288054270118,-0.05353569758306964,11.0,3,0
126,False,Ames|4233|21|8,Ames,4233,21,8,LH82 X PHB47,90,2022-08-21,118.63169355526323,-0.02810138736830936,11.0,3,0
127,False,Ames|4233|14|4,Ames,4233,14,4,PHK76 X LH82,90,2022-08-21,118.6460269558612,-0.04328129887506138,11.0,3,0
128,False,Ames|4233|11|6,Ames,4233,11,6,PIONEER P0589 AMXT,90,2022-08-21,118.65237262827674,-0.007432867822963596,11.0,3,0
129,False,Ames|4231|8|4,Ames,4231,8,4,PHK76 X 3IIH6,90,2022-08-20,118.72722058713691,-0.05479598237254124,10.0,3,0
130,False,Ames|4232|18|18,Ames,4232,18,18,PHP02 X LH82,90,2022-08-20,118.74707393607186,-0.008971130056448673,10.0,3,0
131,False,Ames|4233|16|7,Ames,4233,16,7,PHK56 X LH185,90,2022-08-21,118.7696203599575,-0.01137523131992757,11.0,3,0
132,False,Ames|4233|14|5,Ames,4233,14,5,PHB47 X 3IIH6,90,2022-08-21,118.80521510409135,-0.047135770478722305,11.0,3,0
133,False,Ames|4233|23|4,Ames,4233,23,4,HOEGEMEYER 7089 AMXT,90,2022-08-21,118.8237634184117,-0.023442246302371572,11.0,3,0
134,False,Ames|4233|11|3,Ames,4233,11,3,B73 X PHM49,90,2022-08-21,119.01873139494514,-0.01656915436477535,11.0,3,0
135,False,Ames|4231|21|3,Ames,4231,21,3,PHW52 X LH185,90,2022-08-20,119.05058428948286,-0.03800178904287155,10.0,3,0
136,False,Ames|4233|13|6,Ames,4233,13,6,PHK56 X LH185,90,2022-08-21,119.138503626756,-0.012857643585567846,11.0,3,0
137,False,Ames|4233|7|7,Ames,4233,7,7,LH123HT X PHB47,90,2022-08-21,119.15091908929396,-0.03144026111205078,11.0,3,0
138,False,Ames|4233|6|3,Ames,4233,6,3,LH198 X PHZ51,90,2022-08-21,119.219206785904,-0.02859956459051649,11.0,3,0
139,False,Ames|4233|22|10,Ames,4233,22,10,LH198 X PHB47,90,2022-08-21,119.32024855161366,-0.01598353435871369,11.0,3,0
140,False,Ames|4231|3|4,Ames,4231,3,4,LH195 X 3IIH6,90,2022-08-20,119.39719368613578,-0.025426142644004668,10.0,3,0
141,False,Ames|4233|16|6,Ames,4233,16,6,B14A X MO17,90,2022-08-21,119.45720786873856,-0.031237367695296392,11.0,3,0
142,False,Ames|4233|12|3,Ames,4233,12,3,B73 X PHZ51,90,2022-08-21,119.5175976421565,-0.018154116789560137,11.0,3,0
143,False,Ames|4231|19|4,Ames,4231,19,4,B105 X 3IIH6,90,2022-08-20,119.52701472314666,-0.044889707622169484,10.0,3,0
144,False,Ames|4233|16|4,Ames,4233,16,4,PHK76 X LH198,90,2022-08-21,119.61316193370449,-0.04760349501113792,11.0,3,0
145,False,Ames|4233|20|5,Ames,4233,20,5,PHJ40 X LH82,90,2022-08-21,119.63983846033021,-0.042167434483869615,11.0,3,0
146,False,Ames|4233|15|4,Ames,4233,15,4,PHN46 X PHB47,90,2022-08-21,119.7066369700847,-0.05396748414725239,11.0,3,0
147,False,Ames|4233|5|6,Ames,4233,5,6,HOEGEMEYER 7089 AMXT,90,2022-08-21,119.78978277269259,0.016114532365006262,11.0,3,0
148,False,Ames|4233|4|8,Ames,4233,4,8,LH195 X LH185,90,2022-08-21,120.02285138874973,-0.015531538300045833,11.0,3,0
149,False,Ames|4233|10|5,Ames,4233,10,5,F42 X OH43,90,2022-08-21,120.12832671891307,-0.03326232560665554,11.0,3,0
150,False,Ames|4231|2|6,Ames,4231,2,6,2369 X 3IIH6,90,2022-08-20,120.16467173781764,-0.0232282323574462,10.0,3,0
151,False,Ames|4233|3|8,Ames,4233,3,8,PHG39 X PHN82,90,2022-08-21,120.17419742214508,-0.02194582998238459,11.0,3,0
152,False,Ames|4231|5|4,Ames,4231,5,4,B84 X 3IIH6,90,2022-08-20,120.1992439944577,-0.014350239555082744,10.0,3,0
153,False,Ames|4233|23|8,Ames,4233,23,8,LH74 X PHN82,90,2022-08-21,120.2179410213949,-0.011246121610512194,11.0,3,0
154,False,Ames|4233|21|7,Ames,4233,21,7,N209 X 3IIH6,90,2022-08-21,120.22309665440027,-0.04696808400666119,11.0,3,0
155,False,Ames|4233|5|7,Ames,4233,5,7,PHK56 X PHJ89,90,2022-08-21,120.36295542082878,-0.018654297962656496,11.0,3,0
156,False,Ames|4232|22|19,Ames,4232,22,19,LH82 X PHB47,90,2022-08-20,120.36765884235457,-0.012826184109128502,10.0,3,0
157,False,Ames|4233|14|10,Ames,4233,14,10,LH185 X LH82,90,2022-08-21,120.39740462543632,-0.013552955843763481,11.0,3,0
158,False,Ames|4231|13|4,Ames,4231,13,4,PHK56 X LH145,90,2022-08-20,120.65266059645536,-0.018053657987786798,10.0,3,0
159,False,Ames|4233|5|3,Ames,4233,5,3,N209 X 3IIH6,90,2022-08-21,120.72655512409635,-0.028411338491378002,11.0,3,0
160,False,Ames|4233|16|10,Ames,4233,16,10,PHP02 X PHB47,90,2022-08-21,120.74291655258223,-0.012562001526768785,11.0,3,0
161,False,Ames|4231|9|6,Ames,4231,9,6,B14A X MO17,90,2022-08-20,120.80609615357146,-0.08844036243286868,10.0,3,0
162,False,Ames|4233|10|3,Ames,4233,10,3,PHP02 X PHB47,90,2022-08-21,120.84748355476174,-0.01817140430013031,11.0,3,0
163,False,Ames|4231|18|3,Ames,4231,18,3,LH123HT X 3IIH6,90,2022-08-20,121.08172003520808,0.010000893460876181,10.0,3,0
164,False,Ames|4233|12|9,Ames,4233,12,9,PIONEER 1311 AMXT,90,2022-08-21,121.19222235900823,-0.011377963110427491,11.0,3,0
165,False,Ames|4233|7|5,Ames,4233,7,5,2369 X PHZ51,90,2022-08-21,121.19486816559636,-0.016544914099966945,11.0,3,0
166,False,Ames|4233|14|6,Ames,4233,14,6,PIONEER 1311 AMXT,90,2022-08-21,121.32834586733127,-0.04871190173741291,11.0,3,0
167,False,Ames|4231|28|3,Ames,4231,28,3,B37 X OH43,90,2022-08-20,121.35386076032825,-0.01732582147916828,10.0,3,0
168,False,Ames|4231|17|6,Ames,4231,17,6,LH195 X 3IIH6,90,2022-08-20,121.36762628248336,-0.03631866756157964,10.0,3,0
169,False,Ames|4233|3|3,Ames,4233,3,3,LH195 X 3IIH6,90,2022-08-21,121.50989347230025,-0.021881155139874653,11.0,3,0
170,False,Ames|4232|28|22,Ames,4232,28,22,B37 X OH43,90,2022-08-20,121.52803703834381,-0.048940205564383166,10.0,3,0
171,False,Ames|4233|19|9,Ames,4233,19,9,PHK56 X LH82,90,2022-08-21,121.5658589525927,-0.02916337912046707,11.0,3,0
172,False,Ames|4231|10|6,Ames,4231,10,6,2FACC X 3IIH6,90,2022-08-20,121.610743602946,-0.05658683542625598,10.0,3,0
173,False,Ames|4233|22|5,Ames,4233,22,5,2369 X LH123HT,90,2022-08-21,121.62743869871939,-0.03523098561274307,11.0,3,0
174,False,Ames|4232|5|17,Ames,4232,5,17,PHB47 X 3IIH6,90,2022-08-20,121.63853415623602,-0.033455420106051514,10.0,3,0
175,False,Ames|4233|16|9,Ames,4233,16,9,2369 X PHN82,90,2022-08-21,121.66049814813533,-0.031513121164057134,11.0,3,0
176,False,Ames|4232|10|20,Ames,4232,10,20,PHK76 X W606S,90,2022-08-20,121.71871426890227,-0.037461677638069846,10.0,3,0
177,False,Ames|4233|7|8,Ames,4233,7,8,2369 X PHN82,90,2022-08-21,121.72692176779314,-0.026832164058283814,11.0,3,0
178,False,Ames|4232|29|19,Ames,4232,29,19,LH145 X LH162,90,2022-08-20,121.73371624602349,-0.044483614827849016,10.0,3,0
179,False,Ames|4231|8|5,Ames,4231,8,5,4N506 X 3IIH6,90,2022-08-20,121.77794358728453,-0.06643069398536594,10.0,3,0
180,False,Ames|4231|20|6,Ames,4231,20,6,2369 X PHZ51,90,2022-08-20,121.78163489715875,-0.03410115450590201,10.0,3,0
181,False,Ames|4232|8|18,Ames,4232,8,18,PHZ51 X LH145,90,2022-08-20,121.79232017897041,-0.025555862923392625,10.0,3,0
182,False,Ames|4231|6|7,Ames,4231,6,7,PHB47 X 3IIH6,90,2022-08-20,121.8454513822352,-0.034362303054538246,10.0,3,0
183,False,Ames|4233|3|5,Ames,4233,3,5,B14A X MO17,90,2022-08-21,122.01217529791113,-0.017008645895880803,11.0,3,0
184,False,Ames|4232|2|22,Ames,4232,2,22,2369 X LH123HT,90,2022-08-20,122.03748380162534,-0.05921485719527886,10.0,3,0
185,False,Ames|4232|24|22,Ames,4232,24,22,PHK56 X W606S,90,2022-08-20,122.12688273483577,-0.05575545351188027,10.0,3,0
186,False,Ames|4232|2|19,Ames,4232,2,19,PHW52 X LH185,90,2022-08-20,122.15672863179671,-0.04330896310999166,10.0,3,0
187,False,Ames|4232|7|20,Ames,4232,7,20,LH123HT X PHB47,90,2022-08-20,122.1813529269988,-0.027225357397230865,10.0,3,0
188,False,Ames|4233|7|3,Ames,4233,7,3,LH195 X LH123HT,90,2022-08-21,122.23342630915703,-0.016210966207052424,11.0,3,0
189,False,Ames|4233|11|8,Ames,4233,11,8,PHK76 X LH82,90,2022-08-21,122.23459485609123,-0.019536823074342125,11.0,3,0
190,False,Ames|4231|6|5,Ames,4231,6,5,LH74 X PHM49,90,2022-08-20,122.24323659683495,-0.060626748303667544,10.0,3,0
191,False,Ames|4231|25|5,Ames,4231,25,5,LH123HT X PHB47,90,2022-08-20,122.2487076736484,-0.01726556470043772,10.0,3,0
192,False,Ames|4233|17|3,Ames,4233,17,3,PHP02 X PHJ89,90,2022-08-21,122.25673876248295,-0.05650154126090756,11.0,3,0
193,False,Ames|4232|28|21,Ames,4232,28,21,2369 X PHZ51,90,2022-08-20,122.26445187021427,-0.031685807700338575,10.0,3,0
194,False,Ames|4233|4|6,Ames,4233,4,6,PHP02 X LH198,90,2022-08-21,122.28776847583434,-0.011161531081657405,11.0,3,0
195,False,Ames|4233|6|9,Ames,4233,6,9,PHB47 X LH185,90,2022-08-21,122.35415096545422,-0.033599111289254635,11.0,3,0
196,False,Ames|4233|11|10,Ames,4233,11,10,HOEGEMEYER 8065RR,90,2022-08-21,122.39944926085165,0.01390124010915983,11.0,3,0
197,False,Ames|4233|20|6,Ames,4233,20,6,2369 X PHP02,90,2022-08-21,122.45622920006316,-0.03805572914736688,11.0,3,0
198,False,Ames|4233|13|10,Ames,4233,13,10,PHP02 X W606S,90,2022-08-21,122.51411541823823,-0.0008062549971609156,11.0,3,0
199,False,Ames|4232|8|22,Ames,4232,8,22,PHP02 X PHN46,90,2022-08-20,122.5402220783905,-0.013622091191304087,10.0,3,0
200,False,Ames|4233|6|5,Ames,4233,6,5,PHW52 X LH185,90,2022-08-21,122.56875140363961,-0.01585460824231233,11.0,3,0
201,False,Ames|4231|2|4,Ames,4231,2,4,LH195 X LH185,90,2022-08-20,122.7087154288659,-0.03248353635084866,10.0,3,0
202,False,Ames|4232|25|19,Ames,4232,25,19,LH195 X LH123HT,90,2022-08-20,122.79223911742257,-0.06231588720698511,10.0,3,0
203,False,Ames|4231|18|4,Ames,4231,18,4,PHN46 X PHK56,90,2022-08-20,122.81385946948234,-0.0022384189200278515,10.0,3,0
204,False,Ames|4233|9|9,Ames,4233,9,9,LH195 X PHZ51,90,2022-08-21,122.83099792534627,-0.014201452545480109,11.0,3,0
205,False,Ames|4231|12|3,Ames,4231,12,3,PHK76 X LH198,90,2022-08-20,122.88990267761281,-0.00487248156458886,10.0,3,0
206,False,Ames|4232|7|22,Ames,4232,7,22,LH82 X W606S,90,2022-08-20,122.9032673079798,-0.02088414313093656,10.0,3,0
207,False,Ames|4233|20|9,Ames,4233,20,9,B73 X 3IIH6,90,2022-08-21,123.01622306327232,-0.024399604963234456,11.0,3,0
208,False,Ames|4233|10|9,Ames,4233,10,9,PHP02 X PHK76,90,2022-08-21,123.01754167770459,-0.009666013751469027,11.0,3,0
209,False,Ames|4233|10|6,Ames,4233,10,6,PHN46 X PHB47,90,2022-08-21,123.02631672460994,-0.02537955036595485,11.0,3,0
210,False,Ames|4231|9|5,Ames,4231,9,5,LH74 X PHN82,90,2022-08-20,123.0826076078325,-0.06092149981216799,10.0,3,0
211,False,Ames|4231|25|4,Ames,4231,25,4,PHN46 X W606S,90,2022-08-20,123.08544734905551,-0.008281721574735279,10.0,3,0
212,False,Ames|4233|23|9,Ames,4233,23,9,PHK56 X W606S,90,2022-08-21,123.15448905369261,0.012493069104950405,11.0,3,0
213,False,Ames|4233|8|6,Ames,4233,8,6,PHP02 X PHJ89,90,2022-08-21,123.1606856158803,-0.010081119388297699,11.0,3,0
214,False,Ames|4233|6|7,Ames,4233,6,7,PHN46 X PHK56,90,2022-08-21,123.21536695367354,-0.012871291387843042,11.0,3,0
215,False,Ames|4232|8|21,Ames,4232,8,21,LH198 X PHB47,90,2022-08-20,123.29979229619737,-0.03649233894475601,10.0,3,0
216,False,Ames|4233|12|4,Ames,4233,12,4,2369 X 3IIH6,90,2022-08-21,123.35951131975466,-0.029728394897069355,11.0,3,0
217,False,Ames|4233|23|7,Ames,4233,23,7,LH195 X LH123HT,90,2022-08-21,123.43700638724512,-0.014992360888300582,11.0,3,0
218,False,Ames|4233|4|9,Ames,4233,4,9,LH74 X PHN82,90,2022-08-21,123.50584272451962,-0.027418654904996176,11.0,3,0
219,False,Ames|4233|13|3,Ames,4233,13,3,PHP02 X PHN46,90,2022-08-21,123.50879437762353,-0.024845183313913277,11.0,3,0
220,False,Ames|4231|18|6,Ames,4231,18,6,PHP02 X PHN46,90,2022-08-20,123.58223378982106,-0.02353722043226858,10.0,3,0
221,False,Ames|4231|27|7,Ames,4231,27,7,PHW52 X PHM49,90,2022-08-20,123.59012627711027,-0.01651256134803325,10.0,3,0
222,False,Ames|4233|7|9,Ames,4233,7,9,LH74 X PHM49,90,2022-08-21,123.73841795557436,-0.029163033448028175,11.0,3,0
223,False,Ames|4233|23|10,Ames,4233,23,10,PHW52 X PHN82,90,2022-08-21,123.74077166488762,-0.004035524434523929,11.0,3,0
224,False,Ames|4233|9|10,Ames,4233,9,10,B73 X PHN82,90,2022-08-21,123.76611224007434,-0.00636825923140949,11.0,3,0
225,False,Ames|4233|3|9,Ames,4233,3,9,B73 X 3IIH6,90,2022-08-21,123.83873488459373,-0.019507985513840143,11.0,3,0
226,False,Ames|4232|24|18,Ames,4232,24,18,PIONEER P0589 AMXT,90,2022-08-20,123.85288961832464,-0.03659223170707826,10.0,3,0
227,False,Ames|4233|21|9,Ames,4233,21,9,B73 X PHM49,90,2022-08-21,123.85722561699697,-0.025452614261301187,11.0,3,0
228,False,Ames|4232|7|17,Ames,4232,7,17,LH82 X PHB47,90,2022-08-20,123.90948567031947,0.007161691667158632,10.0,3,0
229,False,Ames|4233|17|6,Ames,4233,17,6,PHP02 X LH198,90,2022-08-21,123.9583509501331,-0.04528964806008695,11.0,3,0
230,False,Ames|4232|2|17,Ames,4232,2,17,B73 X 3IIH6,90,2022-08-20,124.01667413167954,-0.026187881344551966,10.0,3,0
231,False,Ames|4232|10|18,Ames,4232,10,18,2FACC X 3IIH6,90,2022-08-20,124.1846347062103,-0.033318860981681464,10.0,3,0
232,False,Ames|4233|7|4,Ames,4233,7,4,PHW52 X PHZ51,90,2022-08-21,124.20877979051227,-0.013528205312526964,11.0,3,0
233,False,Ames|4232|27|19,Ames,4232,27,19,PHK76 X LH198,90,2022-08-20,124.21322222648978,-0.034172612924039614,10.0,3,0
234,False,Ames|4232|6|20,Ames,4232,6,20,PHP02 X LH82,90,2022-08-20,124.51814535326113,-0.010577574163195824,10.0,3,0
235,False,Ames|4232|14|18,Ames,4232,14,18,B105 X 3IIH6,90,2022-08-20,124.53785204653958,-0.037162366290298676,10.0,3,0
236,False,Ames|4231|9|7,Ames,4231,9,7,B73 X PHM49,90,2022-08-20,124.56295661472058,-0.05851535041568812,10.0,3,0
237,False,Ames|4232|8|19,Ames,4232,8,19,PHG39 X PHM49,90,2022-08-20,124.68479056843441,-0.03437196727796743,10.0,3,0
238,False,Ames|4231|19|3,Ames,4231,19,3,N209 X 3IIH6,90,2022-08-20,124.7462119521325,-0.06963010950182325,10.0,3,0
239,False,Ames|4231|28|2,Ames,4231,28,2,LH74 X PHM49,90,2022-08-20,124.95172476371977,-0.04515272409233073,10.0,3,0
240,False,Ames|4232|2|18,Ames,4232,2,18,2369 X 3IIH6,90,2022-08-20,124.97489894865035,-0.03767696942448884,10.0,3,0
241,False,Ames|4232|9|19,Ames,4232,9,19,B37 X MO17,90,2022-08-20,125.0149171004548,-0.03728089585569683,10.0,3,0
242,False,Ames|4233|17|8,Ames,4233,17,8,PHP02 X PHG47,90,2022-08-21,125.08573167926494,-0.03031253037234949,11.0,3,0
243,False,Ames|4233|14|7,Ames,4233,14,7,B73 X PHN82,90,2022-08-21,125.08707466602581,-0.021342154167439897,11.0,3,0
244,False,Ames|4233|22|6,Ames,4233,22,6,LH195 X LH185,90,2022-08-21,125.17166667029471,-0.01889954730096688,11.0,3,0
245,False,Ames|4231|14|6,Ames,4231,14,6,PHT69 X 3IIH6,90,2022-08-20,125.17609913410746,-0.013921313173011485,10.0,3,0
246,False,Ames|4231|3|3,Ames,4231,3,3,PHW52 X PHN82,90,2022-08-20,125.23288146595719,-0.0005144366802135591,10.0,3,0
247,False,Ames|4231|15|7,Ames,4231,15,7,PHP02 X PHJ89,90,2022-08-20,125.28064130741915,-0.02847132316018286,10.0,3,0
248,False,Ames|4233|18|10,Ames,4233,18,10,LH74 X PHM49,90,2022-08-21,125.29505509820942,-0.04323376107271004,11.0,3,0
249,False,Ames|4231|11|7,Ames,4231,11,7,LH123HT X 3IIH6,90,2022-08-20,125.32688603403567,-0.030335673122240503,10.0,3,0
250,False,Ames|4232|29|22,Ames,4232,29,22,2369 X LH123HT,90,2022-08-20,125.34045724140616,-0.003434037448595162,10.0,3,0
251,False,Ames|4231|17|3,Ames,4231,17,3,B84 X 3IIH6,90,2022-08-20,125.35936516112615,-0.0198900068723199,10.0,3,0
252,False,Ames|4231|17|7,Ames,4231,17,7,LH82 X W606S,90,2022-08-20,125.40594387169237,-0.03990782686702554,10.0,3,0
253,False,Ames|4231|11|6,Ames,4231,11,6,PHW52 X PHZ51,90,2022-08-20,125.46072318271047,-0.035179216129537005,10.0,3,0
254,False,Ames|4233|24|5,Ames,4233,24,5,PHK56 X LH198,90,2022-08-21,125.57342809648758,-0.0204680719950171,11.0,3,0
255,False,Ames|4232|22|20,Ames,4232,22,20,2FACC X 3IIH6,90,2022-08-20,125.6200533337682,-0.03015924805543857,10.0,3,0
256,False,Ames|4231|12|4,Ames,4231,12,4,LH185 X W606S,90,2022-08-20,125.64677677308032,-0.011227468401261653,10.0,3,0
257,False,Ames|4233|4|3,Ames,4233,4,3,2FACC X 3IIH6,90,2022-08-21,125.70919027053277,-0.017771856351783466,11.0,3,0
258,False,Ames|4231|5|3,Ames,4231,5,3,B37 X MO17,90,2022-08-20,125.72214408170456,-0.027036642142282075,10.0,3,0
259,False,Ames|4231|7|2,Ames,4231,7,2,LH82 X W606S,90,2022-08-20,125.75808881426781,-0.0022434682870817735,10.0,3,0
260,False,Ames|4233|13|4,Ames,4233,13,4,PHK56 X LH82,90,2022-08-21,125.75815423993456,-0.019256212107259585,11.0,3,0
261,False,Ames|4232|21|20,Ames,4232,21,20,LH123HT X 3IIH6,90,2022-08-20,125.80355738431561,-0.033539622940110814,10.0,3,0
262,False,Ames|4232|15|22,Ames,4232,15,22,PHK76 X 3IIH6,90,2022-08-20,125.89082320234363,-0.008596332625907532,10.0,3,0
263,False,Ames|4231|11|3,Ames,4231,11,3,LH123HT X PHB47,90,2022-08-20,125.95024433606744,-0.00661303669651736,10.0,3,0
264,False,Ames|4233|18|6,Ames,4233,18,6,PHP02 X PHK56,90,2022-08-21,125.99509525677982,-0.033344129369931697,11.0,3,0
265,False,Ames|4231|9|4,Ames,4231,9,4,2369 X PHP02,90,2022-08-20,126.2082139537201,-0.06413188823057381,10.0,3,0
266,False,Ames|4231|16|3,Ames,4231,16,3,LH198 X PHB47,90,2022-08-20,126.26615154840373,-0.01676700597563907,10.0,3,0
267,False,Ames|4233|15|10,Ames,4233,15,10,PHB47 X PHK56,90,2022-08-21,126.27585505993378,-0.003949125184074198,11.0,3,0
268,False,Ames|4231|4|4,Ames,4231,4,4,PHP02 X PHB47,90,2022-08-20,126.43178611459433,-0.011743955854730315,10.0,3,0
269,False,Ames|4232|10|22,Ames,4232,10,22,LH185 X LH145,90,2022-08-20,126.48884864259846,-0.01889643342523606,10.0,3,0
270,False,Ames|4231|10|4,Ames,4231,10,4,PHK56 X PHJ89,90,2022-08-20,126.57988237287253,-0.035252061518286526,10.0,3,0
271,False,Ames|4232|23|21,Ames,4232,23,21,PHW52 X LH185,90,2022-08-20,126.68625346306514,-0.06330972822213332,10.0,3,0
272,False,Ames|4231|29|2,Ames,4231,29,2,PHP02 X PHB47,90,2022-08-20,126.75624740788105,-0.009508948410681173,10.0,3,0
273,False,Ames|4232|20|17,Ames,4232,20,17,PHZ51 X LH145,90,2022-08-20,126.77046946093235,0.005483803107176555,10.0,3,0
274,False,Ames|4232|12|19,Ames,4232,12,19,2369 X PHZ51,90,2022-08-20,126.79520239682562,-0.011732152829733389,10.0,3,0
275,False,Ames|4233|14|3,Ames,4233,14,3,4N506 X 3IIH6,90,2022-08-21,126.8334130347071,-0.035567385022411635,11.0,3,0
276,False,Ames|4231|11|2,Ames,4231,11,2,PHK76 X W606S,90,2022-08-20,126.86565157686827,0.006687309469795011,10.0,3,0
277,False,Ames|4231|22|2,Ames,4231,22,2,B14A X MO17,90,2022-08-20,126.9434657264789,-0.01384887902020715,10.0,3,0
278,False,Ames|4231|22|5,Ames,4231,22,5,PHK76 X 3IIH6,90,2022-08-20,126.99428909354177,-0.01739109999419841,10.0,3,0
279,False,Ames|4232|21|22,Ames,4232,21,22,LH82 X PHJ89,90,2022-08-20,127.03928226866633,-0.032317652984084955,10.0,3,0
280,False,Ames|4232|9|17,Ames,4232,9,17,LH198 X PHZ51,90,2022-08-20,127.12559717063449,-0.006124042363690574,10.0,3,0
281,False,Ames|4231|10|3,Ames,4231,10,3,HOEGEMEYER 8065RR,90,2022-08-20,127.12837950569646,-0.05169613101952886,10.0,3,0
282,False,Ames|4232|13|21,Ames,4232,13,21,PHN46 X PHK56,90,2022-08-20,127.25780059131061,-0.0061030852594716745,10.0,3,0
283,False,Ames|4231|20|4,Ames,4231,20,4,LH195 X PHZ51,90,2022-08-20,127.2637596607944,-0.030084442962758917,10.0,3,0
284,False,Ames|4232|6|21,Ames,4232,6,21,HOEGEMEYER 8065RR,90,2022-08-20,127.30154302945014,-0.03056374409450635,10.0,3,0
285,False,Ames|4231|22|3,Ames,4231,22,3,PHP02 X PHG47,90,2022-08-20,127.33756138128739,-0.019759001824573685,10.0,3,0
286,False,Ames|4232|24|19,Ames,4232,24,19,PHW52 X PHZ51,90,2022-08-20,127.37903372628762,-0.061882984783985684,10.0,3,0
287,False,Ames|4232|30|20,Ames,4232,30,20,B37 X MO17,90,2022-08-20,127.47869406561743,-0.04985661936310137,10.0,3,0
288,False,Ames|4233|22|8,Ames,4233,22,8,PHP02 X PHK76,90,2022-08-21,127.49900209390738,-0.016711205918291228,11.0,3,0
289,False,Ames|4232|22|21,Ames,4232,22,21,PHK56 X PHJ89,90,2022-08-20,127.5476393626985,-0.006580930336259838,10.0,3,0
290,False,Ames|4231|20|3,Ames,4231,20,3,LH82 X PHB47,90,2022-08-20,127.65796067770047,-0.017014088260704163,10.0,3,0
291,False,Ames|4231|10|2,Ames,4231,10,2,PHP02 X W606S,90,2022-08-20,127.70496465560619,-0.021057911863017642,10.0,3,0
292,False,Ames|4232|26|21,Ames,4232,26,21,PHP02 X PHB47,90,2022-08-20,127.88554714096668,-0.03934713749314811,10.0,3,0
293,False,Ames|4231|12|7,Ames,4231,12,7,B73 X MO17,90,2022-08-20,127.91805060842341,-0.01666618942153897,10.0,3,0
294,False,Ames|4231|18|5,Ames,4231,18,5,PHK76 X LH82,90,2022-08-20,127.97305644842466,-0.01127426372844964,10.0,3,0
295,False,Ames|4232|28|18,Ames,4232,28,18,LH195 X 3IIH6,90,2022-08-20,127.9737400798712,-0.045632756876352265,10.0,3,0
296,False,Ames|4231|20|7,Ames,4231,20,7,B37 X MO17,90,2022-08-20,128.09852392575326,-0.021961479729711186,10.0,3,0
297,False,Ames|4231|20|5,Ames,4231,20,5,B73 X 3IIH6,90,2022-08-20,128.10424277602536,-0.043576538588086744,10.0,3,0
298,False,Ames|4232|25|21,Ames,4232,25,21,LH195 X LH185,90,2022-08-20,128.21546165318463,-0.059742402420221774,10.0,3,0
299,False,Ames|4231|14|3,Ames,4231,14,3,PHN46 X PHB47,90,2022-08-20,128.36354660042576,-0.018327571211620763,10.0,3,0
300,False,Ames|4231|6|3,Ames,4231,6,3,PHP02 X LH185,90,2022-08-20,128.36632235685335,-0.05833194619626447,10.0,3,0
301,False,Ames|4231|5|7,Ames,4231,5,7,LH82 X PHB47,90,2022-08-20,128.4023830297229,-0.014303278120483376,10.0,3,0
302,False,Ames|4231|11|4,Ames,4231,11,4,PHP02 X PHN46,90,2022-08-20,128.4145096790338,-0.008685311890890057,10.0,3,0
303,False,Ames|4232|13|22,Ames,4232,13,22,PHN46 X W606S,90,2022-08-20,128.42406419179207,-0.008499379909053362,10.0,3,0
304,False,Ames|4231|13|7,Ames,4231,13,7,PHW52 X LH185,90,2022-08-20,128.42491989066818,-0.017824766637015044,10.0,3,0
305,False,Ames|4231|4|2,Ames,4231,4,2,LH195 X LH123HT,90,2022-08-20,128.50230726589962,0.012659878698465632,10.0,3,0
306,False,Ames|4232|20|20,Ames,4232,20,20,B105 X 3IIH6,90,2022-08-20,128.57450715181838,-0.021282569627325443,10.0,3,0
307,False,Ames|4232|11|19,Ames,4232,11,19,PHP02 X PHB47,90,2022-08-20,128.59152522573555,-0.028344339084067194,10.0,3,0
308,False,Ames|4232|14|20,Ames,4232,14,20,PIONEER 1311 AMXT,90,2022-08-20,128.59798653625674,-0.038853026420138104,10.0,3,0
309,False,Ames|4233|20|10,Ames,4233,20,10,PHP02 X W606S,90,2022-08-21,128.66806210314803,-0.013139636056142101,11.0,3,0
310,False,Ames|4231|23|7,Ames,4231,23,7,LH185 X LH82,90,2022-08-20,128.76403572323642,-0.02327118056630506,10.0,3,0
311,False,Ames|4233|8|8,Ames,4233,8,8,PHB47 X PHK56,90,2022-08-21,128.83816106285977,-0.009668497528388276,11.0,3,0
312,False,Ames|4232|7|21,Ames,4232,7,21,PHK56 X 3IIH6,90,2022-08-20,128.93689244056742,-0.009470326597783352,10.0,3,0
313,False,Ames|4232|9|21,Ames,4232,9,21,PHK56 X LH145,90,2022-08-20,128.97551764835526,-0.019631085940249537,10.0,3,0
314,False,Ames|4232|25|17,Ames,4232,25,17,PHP02 X W606S,90,2022-08-20,129.01048855169887,-0.062279312978114176,10.0,3,0
315,False,Ames|4231|25|6,Ames,4231,25,6,LH74 X PHN82,90,2022-08-20,129.04541653139617,-0.02101890282797625,10.0,3,0
316,False,Ames|4231|4|5,Ames,4231,4,5,B73 X PHN82,90,2022-08-20,129.0593396472092,-0.016567167105451364,10.0,3,0
317,False,Ames|4232|22|22,Ames,4232,22,22,LH185 X LH82,90,2022-08-20,129.2216169888889,-0.00689304682269154,10.0,3,0
318,False,Ames|4231|15|4,Ames,4231,15,4,PHN46 X PHK56,90,2022-08-20,129.24436628440995,0.009991665212975676,10.0,3,0
319,False,Ames|4232|27|21,Ames,4232,27,21,PHJ40 X LH82,90,2022-08-20,129.26167994220788,-0.01636463116110831,10.0,3,0
320,False,Ames|4232|11|18,Ames,4232,11,18,F42 X OH43,90,2022-08-20,129.41779748891716,-0.03304640468401099,10.0,3,0
321,False,Ames|4232|3|19,Ames,4232,3,19,LH74 X PHN82,90,2022-08-20,129.4449023715498,-0.028602870441959083,10.0,3,0
322,False,Ames|4231|22|4,Ames,4231,22,4,F42 X OH43,90,2022-08-20,129.49366431600149,-0.034527344208618915,10.0,3,0
323,False,Ames|4232|28|20,Ames,4232,28,20,PHG39 X PHM49,90,2022-08-20,129.54604192801287,-0.04766288154447906,10.0,3,0
324,False,Ames|4232|14|19,Ames,4232,14,19,N209 X 3IIH6,90,2022-08-20,129.5811728818154,-0.05803579042970908,10.0,3,0
325,False,Ames|4231|6|6,Ames,4231,6,6,2369 X PHN82,90,2022-08-20,129.592456661327,-0.044152473531297476,10.0,3,0
326,False,Ames|4232|26|18,Ames,4232,26,18,PHN46 X PHK56,90,2022-08-20,129.6393033360111,-0.03046611260998655,10.0,3,0
327,False,Ames|4231|11|5,Ames,4231,11,5,PHW52 X PHM49,90,2022-08-20,129.78313952629367,-0.02205675858624212,10.0,3,0
328,False,Ames|4232|13|19,Ames,4232,13,19,PHW52 X PHZ51,90,2022-08-20,129.8050088410481,-0.02815196451746127,10.0,3,0
329,False,Ames|4231|3|2,Ames,4231,3,2,PHG39 X PHM49,90,2022-08-20,129.83313090561225,0.028898587112409002,10.0,3,0
330,False,Ames|4231|4|7,Ames,4231,4,7,F42 X OH43,90,2022-08-20,129.83397273535132,-0.03344373596738137,10.0,3,0
331,False,Ames|4231|6|2,Ames,4231,6,2,PHK56 X LH82,90,2022-08-20,129.8642909245974,-0.0006051793649228809,10.0,3,0
332,False,Ames|4232|3|18,Ames,4232,3,18,LH145 X LH162,90,2022-08-20,129.98311020955478,-0.022581500080238293,10.0,3,0
333,False,Ames|4232|29|18,Ames,4232,29,18,LH74 X PHM49,90,2022-08-20,130.00778689605335,-0.03675897968922259,10.0,3,0
334,False,Ames|4231|27|3,Ames,4231,27,3,LH198 X PHB47,90,2022-08-20,130.0179436015154,-0.008375997661065004,10.0,3,0
335,False,Ames|4232|9|18,Ames,4232,9,18,B73 X PHM49,90,2022-08-20,130.10802172806984,-0.028574359840356833,10.0,3,0
336,False,Ames|4231|5|5,Ames,4231,5,5,LH82 X PHJ89,90,2022-08-20,130.11669215608387,-0.0050421092544302715,10.0,3,0
337,False,Ames|4232|18|19,Ames,4232,18,19,B73 X MO17,90,2022-08-20,130.13286291297933,-0.02377704707621897,10.0,3,0
338,False,Ames|4232|6|17,Ames,4232,6,17,LH82 X PHJ89,90,2022-08-20,130.29027621919158,0.002007541413038161,10.0,3,0
339,False,Ames|4232|14|21,Ames,4232,14,21,PHJ40 X LH82,90,2022-08-20,130.3985025383259,-0.011405997664527323,10.0,3,0
340,False,Ames|4232|24|17,Ames,4232,24,17,LH195 X PHZ51,90,2022-08-20,130.45430037383855,-0.03410282252412444,10.0,3,0
341,False,Ames|4232|19|19,Ames,4232,19,19,LH82 X W606S,90,2022-08-20,130.5518353107915,-0.017832918192343006,10.0,3,0
342,False,Ames|4231|30|4,Ames,4231,30,4,PHK56 X LH82,90,2022-08-20,130.61363880499044,-0.006859913838284992,10.0,3,0
343,False,Ames|4231|24|2,Ames,4231,24,2,PHP02 X W606S,90,2022-08-20,130.62342582210832,-0.006346233299640569,10.0,3,0
344,False,Ames|4232|6|18,Ames,4232,6,18,LH74 X PHM49,90,2022-08-20,130.70832148916867,-0.029920003405922047,10.0,3,0
345,False,Ames|4232|30|19,Ames,4232,30,19,LH74 X PHN82,90,2022-08-20,130.7780455037392,-0.05990702105934431,10.0,3,0
346,False,Ames|4231|24|3,Ames,4231,24,3,LH145 X LH162,90,2022-08-20,130.87488428221863,-0.022022994556019748,10.0,3,0
347,False,Ames|4231|24|5,Ames,4231,24,5,HOEGEMEYER 8065RR,90,2022-08-20,130.88888339992656,-0.01885675850932178,10.0,3,0
348,False,Ames|4232|22|17,Ames,4232,22,17,LH198 X PHB47,90,2022-08-20,130.89636264208815,0.005748307484542248,10.0,3,0
349,False,Ames|4231|24|6,Ames,4231,24,6,4N506 X 3IIH6,90,2022-08-20,130.92850666485074,-0.021441907236049773,10.0,3,0
350,False,Ames|4232|19|18,Ames,4232,19,18,LH198 X PHZ51,90,2022-08-20,130.95323109210037,-0.011070779077675397,10.0,3,0
351,False,Ames|4231|10|5,Ames,4231,10,5,B73 X PHZ51,90,2022-08-20,131.04917135865432,-0.029581244318709454,10.0,3,0
352,False,Ames|4232|26|22,Ames,4232,26,22,LH123HT X PHB47,90,2022-08-20,131.0978352706397,-0.05314538409172642,10.0,3,0
353,False,Ames|4231|21|5,Ames,4231,21,5,LH198 X PHZ51,90,2022-08-20,131.1068519649402,-0.017691773407033762,10.0,3,0
354,False,Ames|4232|12|20,Ames,4232,12,20,PHK76 X LH198,90,2022-08-20,131.1541179645422,-0.03707966918711714,10.0,3,0
355,False,Ames|4232|8|17,Ames,4232,8,17,B73 X PHZ51,90,2022-08-20,131.1895791637313,-0.003852301379955625,10.0,3,0
356,False,Ames|4232|21|19,Ames,4232,21,19,B84 X 3IIH6,90,2022-08-20,131.2200035870967,-0.02278888986035954,10.0,3,0
357,False,Ames|4232|19|22,Ames,4232,19,22,PHT69 X 3IIH6,90,2022-08-20,131.26809553974405,0.008474811263847082,10.0,3,0
358,False,Ames|4231|15|5,Ames,4231,15,5,PHP02 X PHK56,90,2022-08-20,131.27948553072954,0.008400926438141831,10.0,3,0
359,False,Ames|4232|12|21,Ames,4232,12,21,LH185 X W606S,90,2022-08-20,131.32383950499198,-0.03247459300874367,10.0,3,0
360,False,Ames|4231|15|2,Ames,4231,15,2,PHK76 X LH82,90,2022-08-20,131.33677476484735,0.005423151206999766,10.0,3,0
361,False,Ames|4231|23|5,Ames,4231,23,5,PHK76 X LH198,90,2022-08-20,131.3685839859411,-0.0013919455260237301,10.0,3,0
362,False,Ames|4231|28|7,Ames,4231,28,7,PHP02 X LH185,90,2022-08-20,131.49748480183626,-0.011349794571394733,10.0,3,0
363,False,Ames|4232|5|18,Ames,4232,5,18,PHB47 X LH185,90,2022-08-20,131.5633139609696,-0.03702269016330739,10.0,3,0
364,False,Ames|4232|4|22,Ames,4232,4,22,LH195 X PHZ51,90,2022-08-20,131.57831811076107,-0.036519306699723586,10.0,3,0
365,False,Ames|4231|12|5,Ames,4231,12,5,F42 X MO17,90,2022-08-20,131.67899774685458,-0.021040826964614623,10.0,3,0
366,False,Ames|4231|19|7,Ames,4231,19,7,PHJ40 X LH82,90,2022-08-20,131.70073073963007,0.0009267432634082473,10.0,3,0
367,False,Ames|4231|26|3,Ames,4231,26,3,PHK56 X W606S,90,2022-08-20,131.83954416918075,0.009202831478796858,10.0,3,0
368,False,Ames|4232|18|22,Ames,4232,18,22,F42 X MO17,90,2022-08-20,131.8455967989107,-0.020518810896650308,10.0,3,0
369,False,Ames|4232|25|18,Ames,4232,25,18,B73 X PHZ51,90,2022-08-20,131.9157025850291,-0.04154343892877976,10.0,3,0
370,False,Ames|4231|25|2,Ames,4231,25,2,2FACC X 3IIH6,90,2022-08-20,131.9651579239237,0.0019106623907354514,10.0,3,0
371,False,Ames|4231|21|6,Ames,4231,21,6,B73 X PHM49,90,2022-08-20,132.03323583191718,-0.02369282208242196,10.0,3,0
372,False,Ames|4231|15|3,Ames,4231,15,3,PIONEER P0589 AMXT,90,2022-08-20,132.03374621173603,0.001979287925744422,10.0,3,0
373,False,Ames|4231|17|4,Ames,4231,17,4,LH195 X LH185,90,2022-08-20,132.09266882227016,-0.020648289771839856,10.0,3,0
374,False,Ames|4232|28|17,Ames,4232,28,17,N209 X 3IIH6,90,2022-08-20,132.13268319425288,-0.026636375990672034,10.0,3,0
375,False,Ames|4232|22|18,Ames,4232,22,18,PHN46 X W606S,90,2022-08-20,132.14896474478172,0.0034964752047215164,10.0,3,0
376,False,Ames|4231|9|2,Ames,4231,9,2,PHP02 X PHK76,90,2022-08-20,132.17473291940388,-0.020987431834177728,10.0,3,0
377,False,Ames|4232|26|19,Ames,4232,26,19,2369 X PHP02,90,2022-08-20,132.20341258116324,-0.044836572109299366,10.0,3,0
378,False,Ames|4231|25|7,Ames,4231,25,7,2369 X PHN82,90,2022-08-20,132.27541164973636,-0.019600671283317106,10.0,3,0
379,False,Ames|4231|17|5,Ames,4231,17,5,LH82 X PHJ89,90,2022-08-20,132.44073216149977,-0.011219456488991586,10.0,3,0
380,False,Ames|4232|20|22,Ames,4232,20,22,PHN46 X PHB47,90,2022-08-20,132.45052583052606,-0.006167027338147446,10.0,3,0
381,False,Ames|4231|19|6,Ames,4231,19,6,F42 X MO17,90,2022-08-20,132.66011501861112,-0.020472067194482024,10.0,3,0
382,False,Ames|4231|26|7,Ames,4231,26,7,PHB47 X LH185,90,2022-08-20,132.68764741473646,-0.0011690970288249503,10.0,3,0
383,False,Ames|4231|2|3,Ames,4231,2,3,LH198 X PHZ51,90,2022-08-20,132.72325716048388,-0.010257443925600018,10.0,3,0
384,False,Ames|4231|5|6,Ames,4231,5,6,PHB47 X LH185,90,2022-08-20,132.73996122057022,-0.010170357927860363,10.0,3,0
385,False,Ames|4232|27|20,Ames,4232,27,20,HOEGEMEYER 8065RR,90,2022-08-20,132.75692513426492,-0.028678313638791253,10.0,3,0
386,False,Ames|4232|29|17,Ames,4232,29,17,PHK76 X 3IIH6,90,2022-08-20,132.77270002222346,-0.011868661691779248,10.0,3,0
387,False,Ames|4231|13|6,Ames,4231,13,6,PHG39 X PHN82,90,2022-08-20,132.7962500814718,-0.021944284631580713,10.0,3,0
388,False,Ames|4231|15|6,Ames,4231,15,6,LH185 X LH82,90,2022-08-20,132.85384774383832,-0.01605613625759572,10.0,3,0
389,False,Ames|4232|30|18,Ames,4232,30,18,PHP02 X PHJ89,90,2022-08-20,132.89329156938902,-0.02737569664110029,10.0,3,0
390,False,Ames|4232|27|17,Ames,4232,27,17,PHP02 X LH185,90,2022-08-20,133.00398859309593,-0.04345916835264718,10.0,3,0
391,False,Ames|4231|21|4,Ames,4231,21,4,2369 X LH123HT,90,2022-08-20,133.005069361808,-0.0206712440754232,10.0,3,0
392,False,Ames|4232|29|20,Ames,4232,29,20,4N506 X 3IIH6,90,2022-08-20,133.01792607194187,-0.040521733270786675,10.0,3,0
393,False,Ames|4232|18|21,Ames,4232,18,21,PHP02 X PHK76,90,2022-08-20,133.02505372372292,-0.004351149383473807,10.0,3,0
394,False,Ames|4232|14|17,Ames,4232,14,17,PHT69 X 3IIH6,90,2022-08-20,133.03362308553622,-0.007551094535706904,10.0,3,0
395,False,Ames|4231|30|3,Ames,4231,30,3,B73 X PHZ51,90,2022-08-20,133.11784322504462,-0.01164789184586501,10.0,3,0
396,False,Ames|4231|28|5,Ames,4231,28,5,PHW52 X PHN82,90,2022-08-20,133.16524044565193,-0.010733211797360864,10.0,3,0
397,False,Ames|4231|26|2,Ames,4231,26,2,PHN46 X PHB47,90,2022-08-20,133.26522845810814,0.012510900651070633,10.0,3,0
398,False,Ames|4232|17|18,Ames,4232,17,18,PHP02 X PHN46,90,2022-08-20,133.27494326439017,0.0042833778738375905,10.0,3,0
399,False,Ames|4231|29|6,Ames,4231,29,6,PHT69 X 3IIH6,90,2022-08-20,133.38706592345318,0.007458355213698864,10.0,3,0
400,False,Ames|4232|29|21,Ames,4232,29,21,PHP02 X PHK56,90,2022-08-20,133.43919382469406,-0.020415666565370416,10.0,3,0
401,False,Ames|4232|3|20,Ames,4232,3,20,PHB47 X PHJ89,90,2022-08-20,133.4470628336661,-0.05303985591635474,10.0,3,0
402,False,Ames|4232|4|20,Ames,4232,4,20,PHB47 X PHK56,90,2022-08-20,133.46821937030072,-0.025843705162414743,10.0,3,0
403,False,Ames|4232|15|18,Ames,4232,15,18,PHK56 X W606S,90,2022-08-20,133.66928568813594,-0.008569940396238929,10.0,3,0
404,False,Ames|4232|14|22,Ames,4232,14,22,HOEGEMEYER 7089 AMXT,90,2022-08-20,133.66938857484996,-0.009466224739078433,10.0,3,0
405,False,Ames|4232|15|21,Ames,4232,15,21,PHP02 X LH185,90,2022-08-20,133.73446539429168,-0.012775418844910735,10.0,3,0
406,False,Ames|4231|18|2,Ames,4231,18,2,PHK56 X 3IIH6,90,2022-08-20,133.75229745721978,0.018871858084755555,10.0,3,0
407,False,Ames|4231|28|4,Ames,4231,28,4,2369 X 3IIH6,90,2022-08-20,133.8019672156524,-0.0020341283785980657,10.0,3,0
408,False,Ames|4231|13|2,Ames,4231,13,2,PIONEER 1311 AMXT,90,2022-08-20,133.80783709847543,0.014364081340811463,10.0,3,0
409,False,Ames|4231|24|4,Ames,4231,24,4,PHW52 X PHZ51,90,2022-08-20,133.9968740617822,-0.018137262264394716,10.0,3,0
410,False,Ames|4231|29|5,Ames,4231,29,5,PHG39 X PHM49,90,2022-08-20,134.02389071781684,-0.009371503455653185,10.0,3,0
411,False,Ames|4232|17|22,Ames,4232,17,22,PHK76 X LH82,90,2022-08-20,134.08975441301183,-0.03269660890008019,10.0,3,0
412,False,Ames|4231|13|3,Ames,4231,13,3,PHJ40 X LH82,90,2022-08-20,134.08977908409025,-0.00011399359426444988,10.0,3,0
413,False,Ames|4231|29|4,Ames,4231,29,4,PHP02 X PHK76,90,2022-08-20,134.14445149875093,-0.001994515083520332,10.0,3,0
414,False,Ames|4232|6|22,Ames,4232,6,22,PHK76 X LH82,90,2022-08-20,134.1756048951084,-0.01212889089034519,10.0,3,0
415,False,Ames|4232|5|21,Ames,4232,5,21,F42 X MO17,90,2022-08-20,134.17828966340338,-0.03524795948542825,10.0,3,0
416,False,Ames|4232|30|17,Ames,4232,30,17,B14A X MO17,90,2022-08-20,134.2252031767898,0.0018232002260704094,10.0,3,0
417,False,Ames|4231|23|3,Ames,4231,23,3,PHB47 X 3IIH6,90,2022-08-20,134.26090037022573,-0.008225602256227371,10.0,3,0
418,False,Ames|4232|20|18,Ames,4232,20,18,PHW52 X PHM49,90,2022-08-20,134.26177646386475,-0.028447161353188255,10.0,3,0
419,False,Ames|4231|29|7,Ames,4231,29,7,PIONEER P0589 AMXT,90,2022-08-20,134.3226587847899,0.0003536384795491676,10.0,3,0
420,False,Ames|4232|20|19,Ames,4232,20,19,2369 X PHN82,90,2022-08-20,134.3380755175038,-0.023781136795226643,10.0,3,0
421,False,Ames|4232|21|18,Ames,4232,21,18,PHB47 X LH185,90,2022-08-20,134.3858936986477,-0.007111061477031888,10.0,3,0
422,False,Ames|4232|26|17,Ames,4232,26,17,PHP02 X LH198,90,2022-08-20,134.41785347312185,-0.024479157826153397,10.0,3,0
423,False,Ames|4232|9|20,Ames,4232,9,20,PHK56 X LH185,90,2022-08-20,134.47434902353535,-0.011847854868055507,10.0,3,0
424,False,Ames|4232|12|22,Ames,4232,12,22,PHP02 X LH198,90,2022-08-20,134.5510210070694,-0.023729334960563175,10.0,3,0
425,False,Ames|4232|13|20,Ames,4232,13,20,PHP02 X PHG47,90,2022-08-20,134.6717708809295,-0.017660542898076725,10.0,3,0
426,False,Ames|4232|23|18,Ames,4232,23,18,PHP02 X PHG47,90,2022-08-20,134.73309386783987,-0.029644211962018496,10.0,3,0
427,False,Ames|4231|13|5,Ames,4231,13,5,N209 X 3IIH6,90,2022-08-20,134.81771003737236,-0.019101446413922973,10.0,3,0
428,False,Ames|4232|5|20,Ames,4232,5,20,LH195 X LH123HT,90,2022-08-20,134.82510017767075,-0.023671271523569293,10.0,3,0
429,False,Ames|4232|10|21,Ames,4232,10,21,PHP02 X W606S,90,2022-08-20,134.8670283909719,-0.02527406134051291,10.0,3,0
430,False,Ames|4232|26|20,Ames,4232,26,20,PHW52 X PHN82,90,2022-08-20,135.0178898389313,-0.03319375848375783,10.0,3,0
431,False,Ames|4231|27|4,Ames,4231,27,4,LH195 X LH123HT,90,2022-08-20,135.05412545609997,-0.0028328628722662508,10.0,3,0
432,False,Ames|4231|26|6,Ames,4231,26,6,B73 X PHN82,90,2022-08-20,135.16351786837134,-0.0125703165627018,10.0,3,0
433,False,Ames|4231|16|5,Ames,4231,16,5,PHK56 X 3IIH6,90,2022-08-20,135.16490063101725,0.002636319299937684,10.0,3,0
434,False,Ames|4232|12|17,Ames,4232,12,17,4N506 X 3IIH6,90,2022-08-20,135.21189310833,-0.007354137698633578,10.0,3,0
435,False,Ames|4232|5|19,Ames,4232,5,19,2369 X PHN82,90,2022-08-20,135.21884179985864,-0.030200356333404343,10.0,3,0
436,False,Ames|4231|26|5,Ames,4231,26,5,PIONEER 1311 AMXT,90,2022-08-20,135.2458331555765,-0.00848094740527483,10.0,3,0
437,False,Ames|4232|8|20,Ames,4232,8,20,2369 X PHP02,90,2022-08-20,135.3646803659723,-0.01835223918991069,10.0,3,0
438,False,Ames|4231|27|5,Ames,4231,27,5,PHP02 X PHJ89,90,2022-08-20,135.4053706913391,0.0010853132310730818,10.0,3,0
439,False,Ames|4232|4|19,Ames,4232,4,19,B14A X MO17,90,2022-08-20,135.42465321479617,-0.04013989538310603,10.0,3,0
440,False,Ames|4231|16|4,Ames,4231,16,4,PHP02 X PHG47,90,2022-08-20,135.73015175391177,0.0003104419200514741,10.0,3,0
441,False,Ames|4232|15|17,Ames,4232,15,17,PHP02 X PHK76,90,2022-08-20,135.74245394966664,0.00049497802430154,10.0,3,0
442,False,Ames|4232|20|21,Ames,4232,20,21,2369 X 3IIH6,90,2022-08-20,135.77969701949988,-0.024119789103234757,10.0,3,0
443,False,Ames|4231|30|5,Ames,4231,30,5,B73 X MO17,90,2022-08-20,135.7874260580078,-0.015821149416300306,10.0,3,0
444,False,Ames|4232|27|22,Ames,4232,27,22,B73 X PHN82,90,2022-08-20,135.8012865310538,-0.02550165792059933,10.0,3,0
445,False,Ames|4231|14|2,Ames,4231,14,2,PHP02 X LH198,90,2022-08-20,135.82164483238785,0.006170558461939146,10.0,3,0
446,False,Ames|4231|30|2,Ames,4231,30,2,PHK56 X PHJ89,90,2022-08-20,135.88646005978208,-0.005812554107036627,10.0,3,0
447,False,Ames|4232|6|19,Ames,4232,6,19,PHK56 X LH198,90,2022-08-20,135.89164952619876,-0.03676499398200783,10.0,3,0
448,False,Ames|4232|23|22,Ames,4232,23,22,B73 X PHM49,90,2022-08-20,135.8941032085766,-0.019860030682937402,10.0,3,0
449,False,Ames|4232|16|20,Ames,4232,16,20,LH185 X LH82,90,2022-08-20,135.93318873524748,-0.0047640570046036945,10.0,3,0
450,False,Ames|4232|30|21,Ames,4232,30,21,PHK56 X 3IIH6,90,2022-08-20,135.98126842538326,-0.0020274404964727433,10.0,3,0
451,False,Ames|4231|30|6,Ames,4231,30,6,PHK56 X LH198,90,2022-08-20,136.01496977545176,-0.0050884830009731985,10.0,3,0
452,False,Ames|4232|19|21,Ames,4232,19,21,HOEGEMEYER 7089 AMXT,90,2022-08-20,136.16068187004072,-0.006230946461683651,10.0,3,0
453,False,Ames|4232|4|17,Ames,4232,4,17,PHW52 X PHM49,90,2022-08-20,136.22620245670052,-0.006739898605208183,10.0,3,0
454,False,Ames|4233|17|7,Ames,4233,17,7,SYNGENTA NK0760-3111,90,2022-08-21,136.32247230610915,-0.04633023065792652,11.0,3,0
455,False,Ames|4231|16|2,Ames,4231,16,2,PHK56 X LH185,90,2022-08-20,136.3944021947383,0.015559301399206804,10.0,3,0
456,False,Ames|4232|23|17,Ames,4232,23,17,PIONEER 1311 AMXT,90,2022-08-20,136.5090061407537,-0.010994063919721575,10.0,3,0
457,False,Ames|4231|23|4,Ames,4231,23,4,HOEGEMEYER 7089 AMXT,90,2022-08-20,136.5216239989186,-0.006240542297537899,10.0,3,0
458,False,Ames|4231|27|2,Ames,4231,27,2,2369 X PHP02,90,2022-08-20,136.64466354812902,-0.006972105889917701,10.0,3,0
459,False,Ames|4231|23|6,Ames,4231,23,6,PHP02 X LH198,90,2022-08-20,136.72431063872702,-0.009766374313899595,10.0,3,0
460,False,Ames|4232|19|20,Ames,4232,19,20,PHK56 X LH185,90,2022-08-20,136.8438634935768,-0.0024575552585442972,10.0,3,0
461,False,Ames|4232|13|18,Ames,4232,13,18,PHG39 X PHN82,90,2022-08-20,136.89627806696336,-0.0275397289351349,10.0,3,0
462,False,Ames|4232|15|20,Ames,4232,15,20,PHK56 X LH82,90,2022-08-20,136.95025471960219,-0.016347497216187,10.0,3,0
463,False,Ames|4232|18|17,Ames,4232,18,17,PHK56 X LH198,90,2022-08-20,137.10479702450024,0.00502620704763812,10.0,3,0
464,False,Ames|4232|17|19,Ames,4232,17,19,B73 X 3IIH6,90,2022-08-20,137.47427523582587,-0.02179899425926679,10.0,3,0
465,False,Ames|4232|21|17,Ames,4232,21,17,PHK56 X LH82,90,2022-08-20,137.5034873630179,0.002340975779886123,10.0,3,0
466,False,Ames|4232|11|17,Ames,4232,11,17,B73 X MO17,90,2022-08-20,137.6041307206059,-0.010055746559049727,10.0,3,0
467,False,Ames|4232|16|18,Ames,4232,16,18,PHN46 X PHB47,90,2022-08-20,137.78023272196748,-0.012909855988646468,10.0,3,0
468,False,Ames|4232|27|18,Ames,4232,27,18,PHB47 X PHK56,90,2022-08-20,137.85061543777422,-0.03798098963413998,10.0,3,0
469,False,Ames|4232|3|17,Ames,4232,3,17,PHW52 X PHN82,90,2022-08-20,137.86444798560805,0.0010098285788218142,10.0,3,0
470,False,Ames|4232|19|17,Ames,4232,19,17,F42 X OH43,90,2022-08-20,138.00596528851074,0.005063279503312534,10.0,3,0
471,False,Ames|4232|16|17,Ames,4232,16,17,PHK56 X PHJ89,90,2022-08-20,138.04812578046946,0.011380816407166372,10.0,3,0
472,False,Ames|4231|25|3,Ames,4231,25,3,PHP02 X PHK56,90,2022-08-20,138.0619102157783,0.006360400577456349,10.0,3,0
473,False,Ames|4231|14|7,Ames,4231,14,7,2369 X LH123HT,90,2022-08-20,138.06681536675967,-0.016852504117996325,10.0,3,0
474,False,Ames|4232|11|22,Ames,4232,11,22,PHP02 X PHJ89,90,2022-08-20,138.0691088939394,-0.02825474678348039,10.0,3,0
475,False,Ames|4232|16|19,Ames,4232,16,19,PIONEER P0589 AMXT,90,2022-08-20,138.20591730766193,-0.004189278737116053,10.0,3,0
476,False,Ames|4232|11|21,Ames,4232,11,21,PHP02 X PHK56,90,2022-08-20,138.3720303175611,-0.033291442357203826,10.0,3,0
477,False,Ames|4233|4|7,Ames,4233,4,7,SYNGENTA NK0760-3111,90,2022-08-21,138.43614536857658,-0.01777004026602813,11.0,3,0
478,False,Ames|4231|2|2,Ames,4231,2,2,LH195 X PHZ51,90,2022-08-20,138.88085040753876,-0.00408548299586331,10.0,3,0
479,False,Ames|4231|17|2,Ames,4231,17,2,PHB47 X PHK56,90,2022-08-20,139.4561627043653,0.006106967162156973,10.0,3,0
480,False,Ames|4232|13|17,Ames,4232,13,17,LH195 X LH185,90,2022-08-20,139.80039835341375,-0.013277178095494002,10.0,3,0
481,False,Ames|4231|21|7,Ames,4231,21,7,PHK56 X LH185,90,2022-08-20,139.97250912606435,-0.008009874782381687,10.0,3,0
482,False,Ames|4231|14|5,Ames,4231,14,5,PHB47 X PHK56,90,2022-08-20,140.58630761327714,0.0035125509364567487,10.0,3,0
483,False,Ames|4231|12|2,Ames,4231,12,2,HOEGEMEYER 7089 AMXT,90,2022-08-20,141.73876293410623,0.014878259194788135,10.0,3,0
484,False,Ames|4231|20|2,Ames,4231,20,2,SYNGENTA NK0760-3111,90,2022-08-20,148.2465093297293,0.005492387691272582,10.0,3,0
485,False,Ames|4232|17|20,Ames,4232,17,20,SYNGENTA NK0760-3111,90,2022-08-20,151.43091935585653,-0.007806996548752054,10.0,3,0
486,False,Ames|4232|9|22,Ames,4232,9,22,SYNGENTA NK0760-3111,90,2022-08-20,151.85726878159153,-0.019075897134295805,10.0,3,0
487,False,Ames|4231|14|4,Ames,4231,14,4,SYNGENTA NK0760-3111,90,2022-08-20,155.3136396664916,-0.009237555218165827,10.0,3,0
1,True,Crawfordsville|4351|9|17,Crawfordsville,4351,9,17,B37 X H95,90,2022-08-09,90.41956132944503,-0.05661443971893787,7.0,3,0
2,True,Crawfordsville|4351|13|20,Crawfordsville,4351,13,20,B37 X H95,90,2022-08-09,91.25418181033218,-0.056962240606513115,7.0,3,0
3,True,Crawfordsville|4351|12|20,Crawfordsville,4351,12,20,WF9 X H95,90,2022-08-09,91.75360444990923,-0.05757314859513829,7.0,3,0
4,True,Crawfordsville|4351|20|20,Crawfordsville,4351,20,20,WF9 X H95,90,2022-08-09,96.16080781174318,-0.05056028690915071,7.0,3,0
5,True,Crawfordsville|4353|22|43,Crawfordsville,4353,22,43,WF9 X H95,90,2022-08-09,97.88759488627834,-0.059753736555895665,7.0,3,0
6,True,Crawfordsville|4353|29|46,Crawfordsville,4353,29,46,B37 X H95,90,2022-08-09,98.85458691181708,-0.0624227521441324,7.0,3,0
7,True,Crawfordsville|4352|15|6,Crawfordsville,4352,15,6,B37 X H95,90,2022-08-09,99.99893875969158,-0.059036539039720615,7.0,3,0
8,True,Crawfordsville|4352|5|6,Crawfordsville,4352,5,6,B37 X H95,90,2022-08-09,100.56549633770787,-0.06612103748456633,7.0,3,0
9,True,Crawfordsville|4351|10|18,Crawfordsville,4351,10,18,LH195 X PHM49,90,2022-08-09,101.6862814416401,-0.041686246993034914,7.0,3,0
10,True,Crawfordsville|4352|19|5,Crawfordsville,4352,19,5,WF9 X H95,90,2022-08-09,102.21853143100783,-0.05632661527082572,7.0,3,0
11,True,Crawfordsville|4351|3|15,Crawfordsville,4351,3,15,B37 X MO17,90,2022-08-09,102.37645432042211,-0.058183476408889545,7.0,3,0
12,True,Crawfordsville|4351|3|14,Crawfordsville,4351,3,14,PHP02 X LH145,90,2022-08-09,102.67156159943056,-0.04708211248034322,7.0,3,0
13,True,Crawfordsville|4351|16|15,Crawfordsville,4351,16,15,PHP02 X PHB47,90,2022-08-09,102.7581955161446,-0.04800761010837795,7.0,3,0
14,True,Crawfordsville|4353|9|42,Crawfordsville,4353,9,42,WF9 X H95,90,2022-08-09,102.76764823897757,-0.04154473085122545,7.0,3,0
15,True,Crawfordsville|4353|7|46,Crawfordsville,4353,7,46,B37 X H95,90,2022-08-09,102.8055847493049,-0.0637230158251153,7.0,3,0
16,True,Crawfordsville|4352|8|4,Crawfordsville,4352,8,4,WF9 X H95,90,2022-08-09,103.31103770959965,-0.058590030864567266,7.0,3,0
17,True,Crawfordsville|4351|14|13,Crawfordsville,4351,14,13,PHP02 X LH145,90,2022-08-09,103.98332731949971,-0.04383505036368729,7.0,3,0
18,True,Crawfordsville|4353|15|46,Crawfordsville,4353,15,46,LH195 X PHM49,90,2022-08-09,104.03373475296854,-0.051037549613318633,7.0,3,0
19,True,Crawfordsville|4351|21|18,Crawfordsville,4351,21,18,LH195 X LH185,90,2022-08-09,104.18900595521423,-0.05442677399270279,7.0,3,0
20,True,Crawfordsville|4351|4|13,Crawfordsville,4351,4,13,PHP02 X PHB47,90,2022-08-09,104.42811370233538,-0.05184198345343205,7.0,3,0
21,True,Crawfordsville|4351|3|16,Crawfordsville,4351,3,16,LH195 X LH185,90,2022-08-09,104.64804735644121,-0.046223727262206804,7.0,3,0
22,True,Crawfordsville|4351|22|15,Crawfordsville,4351,22,15,LH195 X PHM49,90,2022-08-09,104.65020611773454,-0.036119727203115515,7.0,3,0
23,True,Crawfordsville|4351|2|19,Crawfordsville,4351,2,19,PHK76 X LH145,90,2022-08-09,104.8774446696649,-0.04065727148455256,7.0,3,0
24,True,Crawfordsville|4351|16|19,Crawfordsville,4351,16,19,B105 X 3IIH6,90,2022-08-09,105.3951934629946,-0.0497049971628204,7.0,3,0
25,True,Crawfordsville|4351|13|19,Crawfordsville,4351,13,19,PHZ51 X LH145,90,2022-08-09,105.68214161388124,-0.05869684592800095,7.0,3,0
26,True,Crawfordsville|4353|31|46,Crawfordsville,4353,31,46,LH195 X PHM49,90,2022-08-09,106.55658152241101,-0.04705937075327027,7.0,3,0
27,True,Crawfordsville|4353|27|43,Crawfordsville,4353,27,43,B37 X OH43,90,2022-08-09,106.70752415988495,-0.05919534237804125,7.0,3,0
28,True,Crawfordsville|4351|3|13,Crawfordsville,4351,3,13,F42 X OH43,90,2022-08-09,106.8313387395897,-0.04594000061474335,7.0,3,0
29,True,Crawfordsville|4353|11|44,Crawfordsville,4353,11,44,PHK76 X LH145,90,2022-08-09,107.95020874530033,-0.05832220815476097,7.0,3,0
30,True,Crawfordsville|4351|4|17,Crawfordsville,4351,4,17,B105 X 3IIH6,90,2022-08-09,107.9623818830044,-0.04341463614588437,7.0,3,0
31,True,Crawfordsville|4353|10|42,Crawfordsville,4353,10,42,PHP02 X LH145,90,2022-08-09,107.99987014048624,-0.051065360028486384,7.0,3,0
32,True,Crawfordsville|4351|16|17,Crawfordsville,4351,16,17,PHK76 X LH145,90,2022-08-09,108.03686183051472,-0.04645252883157924,7.0,3,0
33,True,Crawfordsville|4351|18|18,Crawfordsville,4351,18,18,B37 X OH43,90,2022-08-09,108.15400653396175,-0.04684305472485428,7.0,3,0
34,True,Crawfordsville|4353|17|46,Crawfordsville,4353,17,46,PHP02 X PHB47,90,2022-08-09,108.63104581979145,-0.046328711007429746,7.0,3,0
35,True,Crawfordsville|4353|13|44,Crawfordsville,4353,13,44,B37 X MO17,90,2022-08-09,108.64393453564684,-0.06414199972680579,7.0,3,0
36,True,Crawfordsville|4351|15|14,Crawfordsville,4351,15,14,F42 X OH43,90,2022-08-09,108.99209794038742,-0.04841429487770155,7.0,3,0
37,True,Crawfordsville|4351|22|18,Crawfordsville,4351,22,18,B73 X PHZ51,90,2022-08-09,109.0889688333633,-0.05375480492261597,7.0,3,0
38,True,Crawfordsville|4353|27|46,Crawfordsville,4353,27,46,PHZ51 X LH145,90,2022-08-09,109.70402805726484,-0.05529316481414337,7.0,3,0
39,True,Crawfordsville|4351|17|20,Crawfordsville,4351,17,20,B37 X MO17,90,2022-08-09,109.77677322270664,-0.05307662427645721,7.0,3,0
40,True,Crawfordsville|4351|11|18,Crawfordsville,4351,11,18,B37 X OH43,90,2022-08-09,110.0951663842209,-0.05381028691921219,7.0,3,0
41,True,Crawfordsville|4353|34|44,Crawfordsville,4353,34,44,PHK76 X LH145,90,2022-08-09,110.1819163722941,-0.052123528073490744,7.0,3,0
42,True,Crawfordsville|4351|17|16,Crawfordsville,4351,17,16,2369 X PHP02,90,2022-08-09,110.4498455852895,-0.05101905746247093,7.0,3,0
43,True,Crawfordsville|4353|24|44,Crawfordsville,4353,24,44,PHP02 X LH145,90,2022-08-09,110.85498235195145,-0.05109809650474173,7.0,3,0
44,True,Crawfordsville|4353|3|43,Crawfordsville,4353,3,43,B105 X 3IIH6,90,2022-08-09,110.99543791651341,-0.05219906651259554,7.0,3,0
45,True,Crawfordsville|4351|15|15,Crawfordsville,4351,15,15,PHP02 X LH82,90,2022-08-09,111.25786670959143,-0.03958169315739335,7.0,3,0
46,True,Crawfordsville|4353|23|46,Crawfordsville,4353,23,46,B37 X MO17,90,2022-08-09,111.45359910775443,-0.05703631835668088,7.0,3,0
47,True,Crawfordsville|4351|8|17,Crawfordsville,4351,8,17,PHP02 X PHN46,90,2022-08-09,111.4665121161684,-0.044918250628934064,7.0,3,0
48,True,Crawfordsville|4351|17|17,Crawfordsville,4351,17,17,PHP02 X LH185,90,2022-08-09,111.67039366374638,-0.03925724483001236,7.0,3,0
49,True,Crawfordsville|4353|17|44,Crawfordsville,4353,17,44,PHZ51 X LH145,90,2022-08-09,111.96604236299478,-0.05593399857773995,7.0,3,0
50,False,Crawfordsville|4351|14|15,Crawfordsville,4351,14,15,PHP02 X PHN46,90,2022-08-09,112.91032278475409,-0.051188992189978966,7.0,3,0
51,False,Crawfordsville|4353|10|46,Crawfordsville,4353,10,46,B73 X PHZ51,90,2022-08-09,113.00199039327728,-0.05941905423239624,7.0,3,0
52,False,Crawfordsville|4353|9|44,Crawfordsville,4353,9,44,F42 X OH43,90,2022-08-09,113.09456888550993,-0.03964661907731326,7.0,3,0
53,False,Crawfordsville|4353|25|44,Crawfordsville,4353,25,44,B105 X 3IIH6,90,2022-08-09,113.10092935507207,-0.048559911640596254,7.0,3,0
54,False,Crawfordsville|4353|4|44,Crawfordsville,4353,4,44,LH123HT X 3IIH6,90,2022-08-09,113.16797561197403,-0.06496895052254825,7.0,3,0
55,False,Crawfordsville|4353|35|44,Crawfordsville,4353,35,44,PHP02 X PHB47,90,2022-08-09,113.25617253226807,-0.04427661867374566,7.0,3,0
56,False,Crawfordsville|4353|25|45,Crawfordsville,4353,25,45,F42 X OH43,90,2022-08-09,113.32372674410328,-0.05608159661544587,7.0,3,0
57,False,Crawfordsville|4351|14|18,Crawfordsville,4351,14,18,LH74 X PHN82,90,2022-08-09,113.37276045898881,-0.045263499059433165,7.0,3,0
58,False,Crawfordsville|4351|8|20,Crawfordsville,4351,8,20,2369 X PHZ51,90,2022-08-09,113.3836437737532,-0.05781724603528737,7.0,3,0
59,False,Crawfordsville|4351|4|20,Crawfordsville,4351,4,20,PHZ51 X LH145,90,2022-08-09,113.5943868114462,-0.04396449129736146,7.0,3,0
60,False,Crawfordsville|4351|14|14,Crawfordsville,4351,14,14,PHK76 X 3IIH6,90,2022-08-09,113.6149532353174,-0.05493454885701432,7.0,3,0
61,False,Crawfordsville|4351|21|20,Crawfordsville,4351,21,20,LH198 X PHZ51,90,2022-08-09,113.62529917123722,-0.04895426214737164,7.0,3,0
62,False,Crawfordsville|4353|28|45,Crawfordsville,4353,28,45,LH123HT X 3IIH6,90,2022-08-09,113.91484708692425,-0.060970300373979436,7.0,3,0
63,False,Crawfordsville|4351|10|17,Crawfordsville,4351,10,17,PHG39 X PHM49,90,2022-08-09,114.02338187049891,-0.06230594795727984,7.0,3,0
64,False,Crawfordsville|4351|16|14,Crawfordsville,4351,16,14,LH123HT X 3IIH6,90,2022-08-09,114.08392028758459,-0.05539935015434394,7.0,3,0
65,False,Crawfordsville|4353|32|46,Crawfordsville,4353,32,46,2369 X PHZ51,90,2022-08-09,114.13206410516788,-0.0655689137321287,7.0,3,0
66,False,Crawfordsville|4353|17|42,Crawfordsville,4353,17,42,B37 X OH43,90,2022-08-09,114.25982696113688,-0.0501953670273565,7.0,3,0
67,False,Crawfordsville|4351|10|20,Crawfordsville,4351,10,20,B73 X PHZ51,90,2022-08-09,114.26639737751425,-0.05567915035307114,7.0,3,0
68,False,Crawfordsville|4351|14|17,Crawfordsville,4351,14,17,LH123HT X PHB47,90,2022-08-09,114.37824258751905,-0.0507047314475364,7.0,3,0
69,False,Crawfordsville|4352|23|3,Crawfordsville,4352,23,3,PHP02 X PHB47,90,2022-08-09,114.41356959324791,-0.038658991072257565,7.0,3,0
70,False,Crawfordsville|4353|28|43,Crawfordsville,4353,28,43,LH195 X LH185,90,2022-08-09,114.47720006308231,-0.05310117913400614,7.0,3,0
71,False,Crawfordsville|4352|3|9,Crawfordsville,4352,3,9,LH195 X PHM49,90,2022-08-09,114.47866649060188,-0.05138823396359449,7.0,3,0
72,False,Crawfordsville|4351|4|14,Crawfordsville,4351,4,14,LH123HT X PHB47,90,2022-08-09,114.53994120114062,-0.05742720071579188,7.0,3,0
73,False,Crawfordsville|4351|13|13,Crawfordsville,4351,13,13,LH185 X LH145,90,2022-08-09,114.63402693035358,-0.05163446330204724,7.0,3,0
74,False,Crawfordsville|4353|33|43,Crawfordsville,4353,33,43,LH198 X PHZ51,90,2022-08-09,114.74504042304844,-0.04990864256480132,7.0,3,0
75,False,Crawfordsville|4351|12|15,Crawfordsville,4351,12,15,PHP02 X LH82,90,2022-08-09,114.74969983854032,-0.04400686058048797,7.0,3,0
76,False,Crawfordsville|4351|5|19,Crawfordsville,4351,5,19,PHB47 X 3IIH6,90,2022-08-09,114.84207320932632,-0.05484687720399051,7.0,3,0
77,False,Crawfordsville|4351|8|16,Crawfordsville,4351,8,16,LH74 X PHM49,90,2022-08-09,115.09422928264614,-0.05258516772528343,7.0,3,0
78,False,Crawfordsville|4353|5|44,Crawfordsville,4353,5,44,LH195 X LH185,90,2022-08-09,115.10038660457639,-0.04878128715342611,7.0,3,0
79,False,Crawfordsville|4353|36|46,Crawfordsville,4353,36,46,LH185 X LH145,90,2022-08-09,115.19997310997881,-0.04316993872506081,7.0,3,0
80,False,Crawfordsville|4351|10|15,Crawfordsville,4351,10,15,PHT69 X 3IIH6,90,2022-08-09,115.23848521220556,-0.04445423407198834,7.0,3,0
81,False,Crawfordsville|4351|17|15,Crawfordsville,4351,17,15,LH82 X PHB47,90,2022-08-09,115.31612200620036,-0.04627187478869543,7.0,3,0
82,False,Crawfordsville|4353|35|46,Crawfordsville,4353,35,46,PHB47 X PHJ89,90,2022-08-09,115.40083230528232,-0.05024003241954533,7.0,3,0
83,False,Crawfordsville|4353|20|46,Crawfordsville,4353,20,46,2369 X LH123HT,90,2022-08-09,115.40469651442372,-0.06401732655151782,7.0,3,0
84,False,Crawfordsville|4351|11|15,Crawfordsville,4351,11,15,LH82 X PHB47,90,2022-08-09,115.45210173478009,-0.04507939101174552,7.0,3,0
85,False,Crawfordsville|4351|5|15,Crawfordsville,4351,5,15,PHP02 X LH185,90,2022-08-09,115.47378018782686,-0.04506971380715352,7.0,3,0
86,False,Crawfordsville|4351|17|19,Crawfordsville,4351,17,19,LH195 X PHZ51,90,2022-08-09,115.60163899167628,-0.06067997558189597,7.0,3,0
87,False,Crawfordsville|4352|13|6,Crawfordsville,4352,13,6,PHP02 X LH145,90,2022-08-09,115.656360129729,-0.043170408448751085,7.0,3,0
88,False,Crawfordsville|4353|17|45,Crawfordsville,4353,17,45,2369 X LH123HT,90,2022-08-09,115.70368025729016,-0.06382446136368303,7.0,3,0
89,False,Crawfordsville|4351|18|17,Crawfordsville,4351,18,17,PHP02 X PHK56,90,2022-08-09,115.76201546734482,-0.04467186182191041,7.0,3,0
90,False,Crawfordsville|4351|9|14,Crawfordsville,4351,9,14,LH185 X LH82,90,2022-08-09,115.83862067320173,-0.04280178662559897,7.0,3,0
91,False,Crawfordsville|4353|35|45,Crawfordsville,4353,35,45,LH195 X PHZ51,90,2022-08-09,115.93678011168447,-0.059351752549416714,7.0,3,0
92,False,Crawfordsville|4352|12|7,Crawfordsville,4352,12,7,B73 X PHZ51,90,2022-08-09,115.93894433223623,-0.059792358655685995,7.0,3,0
93,False,Crawfordsville|4353|19|45,Crawfordsville,4353,19,45,B73 X MO17,90,2022-08-09,116.2552953402815,-0.05427085713752178,7.0,3,0
94,False,Crawfordsville|4353|34|46,Crawfordsville,4353,34,46,B14A X MO17,90,2022-08-09,116.25990249184841,-0.06270117999941649,7.0,3,0
95,False,Crawfordsville|4353|14|44,Crawfordsville,4353,14,44,LH198 X PHZ51,90,2022-08-09,116.39685117253696,-0.05994649682092579,7.0,3,0
96,False,Crawfordsville|4352|5|9,Crawfordsville,4352,5,9,PHP02 X PHB47,90,2022-08-09,116.55106704426957,-0.047905299765595655,7.0,3,0
97,False,Crawfordsville|4351|11|19,Crawfordsville,4351,11,19,PHP02 X W606S,90,2022-08-09,116.60965223368052,-0.04752350299827501,7.0,3,0
98,False,Crawfordsville|4351|7|16,Crawfordsville,4351,7,16,PHP02 X PHG47,90,2022-08-09,116.86663856077955,-0.043642038117049364,7.0,3,0
99,False,Crawfordsville|4352|4|7,Crawfordsville,4352,4,7,B37 X OH43,90,2022-08-09,116.95846121453916,-0.050279324091893285,7.0,3,0
100,False,Crawfordsville|4351|15|20,Crawfordsville,4351,15,20,PHT69 X 3IIH6,90,2022-08-09,117.03781204753503,-0.04691585816094879,7.0,3,0
101,False,Crawfordsville|4351|18|20,Crawfordsville,4351,18,20,PHB47 X PHJ89,90,2022-08-09,117.08749497961897,-0.04859156874255999,7.0,3,0
102,False,Crawfordsville|4351|6|19,Crawfordsville,4351,6,19,PHP02 X PHJ89,90,2022-08-09,117.47268279427092,-0.048472051618742684,7.0,3,0
103,False,Crawfordsville|4351|20|16,Crawfordsville,4351,20,16,PHJ40 X LH82,90,2022-08-09,117.55187711668049,-0.045034726448825335,7.0,3,0
104,False,Crawfordsville|4353|21|46,Crawfordsville,4353,21,46,PHP02 X LH82,90,2022-08-09,117.62340854301624,-0.04737971053760526,7.0,3,0
105,False,Crawfordsville|4353|21|44,Crawfordsville,4353,21,44,PHP02 X LH185,90,2022-08-09,117.65077472644288,-0.03797860368381967,7.0,3,0
106,False,Crawfordsville|4351|23|14,Crawfordsville,4351,23,14,PHK76 X LH82,90,2022-08-09,117.71257299894815,-0.048635111113080165,7.0,3,0
107,False,Crawfordsville|4351|5|17,Crawfordsville,4351,5,17,PHK56 X LH185,90,2022-08-09,117.72117264366692,-0.0530944380846593,7.0,3,0
108,False,Crawfordsville|4351|3|19,Crawfordsville,4351,3,19,PHK76 X W606S,90,2022-08-09,117.7223544587396,-0.05571507663428599,7.0,3,0
109,False,Crawfordsville|4351|16|16,Crawfordsville,4351,16,16,PHN46 X PHB47,90,2022-08-09,117.76208829051336,-0.04654571728491186,7.0,3,0
110,False,Crawfordsville|4353|31|43,Crawfordsville,4353,31,43,LH82 X PHB47,90,2022-08-09,117.78766749805463,-0.04219701657905994,7.0,3,0
111,False,Crawfordsville|4351|23|18,Crawfordsville,4351,23,18,LH185 X LH82,90,2022-08-09,117.79907894197825,-0.04537529143508623,7.0,3,0
112,False,Crawfordsville|4351|18|15,Crawfordsville,4351,18,15,PHB47 X 3IIH6,90,2022-08-09,117.82528719737775,-0.04587096888480202,7.0,3,0
113,False,Crawfordsville|4353|14|42,Crawfordsville,4353,14,42,LH195 X PHZ51,90,2022-08-09,117.84665743476366,-0.057314762613332904,7.0,3,0
114,False,Crawfordsville|4351|7|14,Crawfordsville,4351,7,14,2369 X PHP02,90,2022-08-09,117.86476052163668,-0.047758890731527615,7.0,3,0
115,False,Crawfordsville|4351|2|16,Crawfordsville,4351,2,16,PHK76 X LH82,90,2022-08-09,117.90990299378863,-0.04343910888349323,7.0,3,0
116,False,Crawfordsville|4351|9|20,Crawfordsville,4351,9,20,LH123HT X 3IIH6,90,2022-08-09,118.15960713270097,-0.052709590313944954,7.0,3,0
117,False,Crawfordsville|4351|12|19,Crawfordsville,4351,12,19,PHB47 X LH185,90,2022-08-09,118.205576655582,-0.049905722909472816,7.0,3,0
118,False,Crawfordsville|4351|2|17,Crawfordsville,4351,2,17,4N506 X 3IIH6,90,2022-08-09,118.27635762608631,-0.04981643019472426,7.0,3,0
119,False,Crawfordsville|4352|18|2,Crawfordsville,4352,18,2,B73 X PHZ51,90,2022-08-09,118.29790648517574,-0.0587641312375915,7.0,3,0
120,False,Crawfordsville|4353|4|45,Crawfordsville,4353,4,45,PHP02 X LH82,90,2022-08-09,118.34002447191925,-0.04121220402455905,7.0,3,0
121,False,Crawfordsville|4351|6|14,Crawfordsville,4351,6,14,LH82 X W606S,90,2022-08-09,118.34553787022894,-0.04539756789128635,7.0,3,0
122,False,Crawfordsville|4352|8|5,Crawfordsville,4352,8,5,PHP02 X LH145,90,2022-08-09,118.37385509206699,-0.04378527691032186,7.0,3,0
123,False,Crawfordsville|4351|20|15,Crawfordsville,4351,20,15,2369 X PHZ51,90,2022-08-09,118.50041086521952,-0.05693253142209265,7.0,3,0
124,False,Crawfordsville|4351|8|13,Crawfordsville,4351,8,13,B73 X MO17,90,2022-08-09,118.53766852735113,-0.05775410035132034,7.0,3,0
125,False,Crawfordsville|4351|9|15,Crawfordsville,4351,9,15,PHK76 X LH198,90,2022-08-09,118.57524264505554,-0.041567870757173386,7.0,3,0
126,False,Crawfordsville|4351|21|17,Crawfordsville,4351,21,17,PHP02 X PHG47,90,2022-08-09,118.57609155372302,-0.048369427072450843,7.0,3,0
127,False,Crawfordsville|4351|3|18,Crawfordsville,4351,3,18,PHK76 X 3IIH6,90,2022-08-09,118.69192637860748,-0.048092070040434254,7.0,3,0
128,False,Crawfordsville|4353|21|43,Crawfordsville,4353,21,43,PHW52 X PHZ51,90,2022-08-09,118.75854630152068,-0.05830445636220438,7.0,3,0
129,False,Crawfordsville|4353|18|44,Crawfordsville,4353,18,44,2369 X PHP02,90,2022-08-09,118.76701414187123,-0.05412727705993281,7.0,3,0
130,False,Crawfordsville|4351|22|17,Crawfordsville,4351,22,17,LH198 X PHB47,90,2022-08-09,118.80989250556881,-0.04846888336962096,7.0,3,0
131,False,Crawfordsville|4351|9|18,Crawfordsville,4351,9,18,PHN46 X PHB47,90,2022-08-09,118.86245371982847,-0.055042024646321686,7.0,3,0
132,False,Crawfordsville|4353|33|46,Crawfordsville,4353,33,46,4N506 X 3IIH6,90,2022-08-09,118.86282836721277,-0.057758398136327216,7.0,3,0
133,False,Crawfordsville|4353|22|46,Crawfordsville,4353,22,46,PHG39 X PHN82,90,2022-08-09,118.86675578276393,-0.054784091601193685,7.0,3,0
134,False,Crawfordsville|4351|23|20,Crawfordsville,4351,23,20,PHP02 X LH198,90,2022-08-09,118.96739789638225,-0.044527350464587334,7.0,3,0
135,False,Crawfordsville|4351|21|14,Crawfordsville,4351,21,14,PHG39 X PHN82,90,2022-08-09,119.00362299224231,-0.04109357081112408,7.0,3,0
136,False,Crawfordsville|4351|18|13,Crawfordsville,4351,18,13,LH74 X PHM49,90,2022-08-09,119.0261978657874,-0.04047476898765845,7.0,3,0
137,False,Crawfordsville|4351|18|14,Crawfordsville,4351,18,14,PHK56 X LH198,90,2022-08-09,119.03346978964052,-0.04885021841269732,7.0,3,0
138,False,Crawfordsville|4353|30|46,Crawfordsville,4353,30,46,B73 X MO17,90,2022-08-09,119.107808500591,-0.06343749391632769,7.0,3,0
139,False,Crawfordsville|4351|7|18,Crawfordsville,4351,7,18,LH198 X PHZ51,90,2022-08-09,119.11566349185529,-0.042507959005466445,7.0,3,0
140,False,Crawfordsville|4352|3|4,Crawfordsville,4352,3,4,F42 X OH43,90,2022-08-09,119.17561187788019,-0.05773422118588101,7.0,3,0
141,False,Crawfordsville|4353|9|45,Crawfordsville,4353,9,45,PHK76 X LH82,90,2022-08-09,119.1809518741109,-0.054447189825821196,7.0,3,0
142,False,Crawfordsville|4353|28|44,Crawfordsville,4353,28,44,LH74 X PHN82,90,2022-08-09,119.29887168551465,-0.04112207896656195,7.0,3,0
143,False,Crawfordsville|4353|9|43,Crawfordsville,4353,9,43,4N506 X 3IIH6,90,2022-08-09,119.30390412493081,-0.05805723232013571,7.0,3,0
144,False,Crawfordsville|4353|3|42,Crawfordsville,4353,3,42,LH123HT X PHB47,90,2022-08-09,119.47348911492602,-0.05134080895914961,7.0,3,0
145,False,Crawfordsville|4353|33|42,Crawfordsville,4353,33,42,LH74 X PHM49,90,2022-08-09,119.52289582388877,-0.04485581510937864,7.0,3,0
146,False,Crawfordsville|4351|11|14,Crawfordsville,4351,11,14,PHP02 X PHK56,90,2022-08-09,119.58501337811506,-0.047535189355899066,7.0,3,0
147,False,Crawfordsville|4353|27|44,Crawfordsville,4353,27,44,LH123HT X PHB47,90,2022-08-09,119.60207368464238,-0.057596800794763925,7.0,3,0
148,False,Crawfordsville|4351|23|17,Crawfordsville,4351,23,17,PHN46 X PHK56,90,2022-08-09,119.66459264533324,-0.05464321182797316,7.0,3,0
149,False,Crawfordsville|4351|12|17,Crawfordsville,4351,12,17,PHW52 X PHZ51,90,2022-08-09,119.67764714886465,-0.05780003761503538,7.0,3,0
150,False,Crawfordsville|4353|8|43,Crawfordsville,4353,8,43,LH145 X LH162,90,2022-08-09,119.85132084376912,-0.056657954467294935,7.0,3,0
151,False,Crawfordsville|4353|10|43,Crawfordsville,4353,10,43,PHN46 X PHB47,90,2022-08-09,120.01996104250358,-0.05297456878674989,7.0,3,0
152,False,Crawfordsville|4351|8|14,Crawfordsville,4351,8,14,B14A X MO17,90,2022-08-09,120.17743294767703,-0.05317678289993799,7.0,3,0
153,False,Crawfordsville|4353|31|44,Crawfordsville,4353,31,44,PHB47 X 3IIH6,90,2022-08-09,120.19239372156412,-0.05305248270684304,7.0,3,0
154,False,Crawfordsville|4351|19|14,Crawfordsville,4351,19,14,PHB47 X LH185,90,2022-08-09,120.21127229959704,-0.04479935171493776,7.0,3,0
155,False,Crawfordsville|4352|19|3,Crawfordsville,4352,19,3,B37 X MO17,90,2022-08-09,120.28781650786988,-0.05658362172402576,7.0,3,0
156,False,Crawfordsville|4353|34|43,Crawfordsville,4353,34,43,LH195 X 3IIH6,90,2022-08-09,120.32174593105984,-0.0506240729288443,7.0,3,0
157,False,Crawfordsville|4351|14|20,Crawfordsville,4351,14,20,PHW52 X PHZ51,90,2022-08-09,120.41693657614258,-0.050235969626941435,7.0,3,0
158,False,Crawfordsville|4353|24|45,Crawfordsville,4353,24,45,PHP02 X W606S,90,2022-08-09,120.4300346687532,-0.058336683211405505,7.0,3,0
159,False,Crawfordsville|4353|29|44,Crawfordsville,4353,29,44,B73 X PHZ51,90,2022-08-09,120.45234346227367,-0.05138807628577435,7.0,3,0
160,False,Crawfordsville|4351|2|13,Crawfordsville,4351,2,13,LH145 X LH162,90,2022-08-09,120.47536745682231,-0.05112862640615756,7.0,3,0
161,False,Crawfordsville|4351|20|13,Crawfordsville,4351,20,13,PHB47 X PHK56,90,2022-08-09,120.53696314211558,-0.04730712036228013,7.0,3,0
162,False,Crawfordsville|4351|20|18,Crawfordsville,4351,20,18,4N506 X 3IIH6,90,2022-08-09,120.54828346081722,-0.051281804378844775,7.0,3,0
163,False,Crawfordsville|4351|13|15,Crawfordsville,4351,13,15,PHK56 X LH185,90,2022-08-09,120.55163615355288,-0.044946732790084765,7.0,3,0
164,False,Crawfordsville|4352|15|5,Crawfordsville,4352,15,5,B37 X OH43,90,2022-08-09,120.58929152574107,-0.05266563712238437,7.0,3,0
165,False,Crawfordsville|4353|26|44,Crawfordsville,4353,26,44,LH195 X LH123HT,90,2022-08-09,120.66776194100242,-0.06000980342030571,7.0,3,0
166,False,Crawfordsville|4351|18|16,Crawfordsville,4351,18,16,PHK76 X W606S,90,2022-08-09,120.74778569494062,-0.049548124435415675,7.0,3,0
167,False,Crawfordsville|4352|15|7,Crawfordsville,4352,15,7,PHB47 X PHJ89,90,2022-08-09,120.92160015914217,-0.04929244652331133,7.0,3,0
168,False,Crawfordsville|4351|6|17,Crawfordsville,4351,6,17,LH195 X PHZ51,90,2022-08-09,120.96443004691847,-0.04500201147840721,7.0,3,0
169,False,Crawfordsville|4353|23|43,Crawfordsville,4353,23,43,PHN46 X PHB47,90,2022-08-09,120.97010755884405,-0.052779191824701366,7.0,3,0
170,False,Crawfordsville|4351|5|14,Crawfordsville,4351,5,14,B73 X PHM49,90,2022-08-09,120.98777524477369,-0.05892188190427028,7.0,3,0
171,False,Crawfordsville|4353|20|45,Crawfordsville,4353,20,45,2369 X PHP02,90,2022-08-09,120.9935329798865,-0.05113191798922978,7.0,3,0
172,False,Crawfordsville|4351|18|19,Crawfordsville,4351,18,19,B14A X MO17,90,2022-08-09,120.99928019280536,-0.06166857298484185,7.0,3,0
173,False,Crawfordsville|4353|5|46,Crawfordsville,4353,5,46,LH82 X PHB47,90,2022-08-09,121.02472262554218,-0.04270730567319969,7.0,3,0
174,False,Crawfordsville|4351|8|15,Crawfordsville,4351,8,15,PHP02 X PHK76,90,2022-08-09,121.03047912022424,-0.04838946822412693,7.0,3,0
175,False,Crawfordsville|4351|5|20,Crawfordsville,4351,5,20,PHJ40 X LH82,90,2022-08-09,121.20348306373157,-0.03873375247168287,7.0,3,0
176,False,Crawfordsville|4351|17|13,Crawfordsville,4351,17,13,LH145 X LH162,90,2022-08-09,121.23003139621375,-0.05569443981522326,7.0,3,0
177,False,Crawfordsville|4351|17|18,Crawfordsville,4351,17,18,2369 X LH123HT,90,2022-08-09,121.23709174214683,-0.05972785191257657,7.0,3,0
178,False,Crawfordsville|4351|19|18,Crawfordsville,4351,19,18,LH195 X 3IIH6,90,2022-08-09,121.24105976907765,-0.04272905760771084,7.0,3,0
179,False,Crawfordsville|4353|8|46,Crawfordsville,4353,8,46,PHP02 X LH185,90,2022-08-09,121.53864627610311,-0.04746822179384447,7.0,3,0
180,False,Crawfordsville|4352|18|9,Crawfordsville,4352,18,9,PHK76 X LH145,90,2022-08-09,121.55502912685313,-0.04411446326706847,7.0,3,0
181,False,Crawfordsville|4353|28|46,Crawfordsville,4353,28,46,PHK76 X LH82,90,2022-08-09,121.59207251271863,-0.05313599284805037,7.0,3,0
182,False,Crawfordsville|4353|4|46,Crawfordsville,4353,4,46,LH74 X PHM49,90,2022-08-09,121.61856769654861,-0.04849778757127843,7.0,3,0
183,False,Crawfordsville|4353|28|42,Crawfordsville,4353,28,42,B73 X PHM49,90,2022-08-09,121.8759221951524,-0.06178772436574842,7.0,3,0
184,False,Crawfordsville|4351|10|13,Crawfordsville,4351,10,13,LH195 X 3IIH6,90,2022-08-09,122.00520004687064,-0.05488837125528323,7.0,3,0
185,False,Crawfordsville|4351|23|19,Crawfordsville,4351,23,19,LH82 X W606S,90,2022-08-09,122.15961454672926,-0.05818377755519799,7.0,3,0
186,False,Crawfordsville|4352|13|7,Crawfordsville,4352,13,7,PHZ51 X LH145,90,2022-08-09,122.19077391377883,-0.04735207347741255,7.0,3,0
187,False,Crawfordsville|4351|9|16,Crawfordsville,4351,9,16,B84 X 3IIH6,90,2022-08-09,122.2225018776843,-0.053332722258206844,7.0,3,0
188,False,Crawfordsville|4353|30|43,Crawfordsville,4353,30,43,PHT69 X 3IIH6,90,2022-08-09,122.30978384199948,-0.045123848552538814,7.0,3,0
189,False,Crawfordsville|4353|22|44,Crawfordsville,4353,22,44,PHP02 X PHK56,90,2022-08-09,122.33735811371531,-0.05337416782101334,7.0,3,0
190,False,Crawfordsville|4351|20|17,Crawfordsville,4351,20,17,PHP02 X PHK76,90,2022-08-09,122.4308402165026,-0.043453480869127925,7.0,3,0
191,False,Crawfordsville|4353|21|45,Crawfordsville,4353,21,45,LH185 X W606S,90,2022-08-09,122.4580649452748,-0.05409707340812642,7.0,3,0
192,False,Crawfordsville|4351|6|18,Crawfordsville,4351,6,18,2369 X LH123HT,90,2022-08-09,122.46992259544965,-0.057917421071332686,7.0,3,0
193,False,Crawfordsville|4351|19|15,Crawfordsville,4351,19,15,2369 X PHN82,90,2022-08-09,122.49198080999722,-0.0507507746453858,7.0,3,0
194,False,Crawfordsville|4353|3|44,Crawfordsville,4353,3,44,2369 X PHZ51,90,2022-08-09,122.58883572742128,-0.05756693550094227,7.0,3,0
195,False,Crawfordsville|4353|35|42,Crawfordsville,4353,35,42,PHK76 X 3IIH6,90,2022-08-09,122.58902055123934,-0.04442808920707897,7.0,3,0
196,False,Crawfordsville|4353|34|45,Crawfordsville,4353,34,45,PHP02 X PHK76,90,2022-08-09,122.61279151372128,-0.05147804666969369,7.0,3,0
197,False,Crawfordsville|4353|25|46,Crawfordsville,4353,25,46,PHK76 X LH198,90,2022-08-09,122.61736670658121,-0.05551807524062713,7.0,3,0
198,False,Crawfordsville|4353|18|46,Crawfordsville,4353,18,46,PHK76 X 3IIH6,90,2022-08-09,122.61983229204996,-0.055298788534566046,7.0,3,0
199,False,Crawfordsville|4353|25|43,Crawfordsville,4353,25,43,PHK56 X LH145,90,2022-08-09,122.6450944895568,-0.05093541510564259,7.0,3,0
200,False,Crawfordsville|4351|4|15,Crawfordsville,4351,4,15,PHB47 X PHK56,90,2022-08-09,122.67266242781088,-0.04478325825751306,7.0,3,0
201,False,Crawfordsville|4352|21|7,Crawfordsville,4352,21,7,LH195 X PHM49,90,2022-08-09,122.68482745497604,-0.05051428855633677,7.0,3,0
202,False,Crawfordsville|4353|36|43,Crawfordsville,4353,36,43,B84 X 3IIH6,90,2022-08-09,122.70708682422648,-0.06054372036723166,7.0,3,0
203,False,Crawfordsville|4353|6|46,Crawfordsville,4353,6,46,LH195 X 3IIH6,90,2022-08-09,122.81170506812931,-0.054022216173919,7.0,3,0
204,False,Crawfordsville|4351|12|16,Crawfordsville,4351,12,16,LH82 X PHJ89,90,2022-08-09,122.94362175187804,-0.036599345539179096,7.0,3,0
205,False,Crawfordsville|4353|16|45,Crawfordsville,4353,16,45,F42 X MO17,90,2022-08-09,122.95469386190722,-0.06782682394563766,7.0,3,0
206,False,Crawfordsville|4351|16|18,Crawfordsville,4351,16,18,PHG39 X PHM49,90,2022-08-09,122.95650844789063,-0.04899421067406462,7.0,3,0
207,False,Crawfordsville|4351|5|13,Crawfordsville,4351,5,13,PHW52 X LH185,90,2022-08-09,122.96855149072448,-0.04689624625837285,7.0,3,0
208,False,Crawfordsville|4353|10|45,Crawfordsville,4353,10,45,PHP02 X PHG47,90,2022-08-09,122.9689543115206,-0.050222227396096275,7.0,3,0
209,False,Crawfordsville|4351|7|19,Crawfordsville,4351,7,19,HOEGEMEYER 7089 AMXT,90,2022-08-09,123.02266755621166,-0.04657249297429211,7.0,3,0
210,False,Crawfordsville|4351|5|16,Crawfordsville,4351,5,16,PHK56 X 3IIH6,90,2022-08-09,123.05633823543054,-0.04647181857070071,7.0,3,0
211,False,Crawfordsville|4353|12|42,Crawfordsville,4353,12,42,PHB47 X 3IIH6,90,2022-08-09,123.14652145714737,-0.04801908139564148,7.0,3,0
212,False,Crawfordsville|4353|32|45,Crawfordsville,4353,32,45,LH198 X PHB47,90,2022-08-09,123.14928286628944,-0.049407119606030725,7.0,3,0
213,False,Crawfordsville|4352|16|3,Crawfordsville,4352,16,3,F42 X OH43,90,2022-08-09,123.15249436773671,-0.049582853929221904,7.0,3,0
214,False,Crawfordsville|4353|23|45,Crawfordsville,4353,23,45,LH145 X LH162,90,2022-08-09,123.17590607102314,-0.05837559364374356,7.0,3,0
215,False,Crawfordsville|4353|12|45,Crawfordsville,4353,12,45,B14A X MO17,90,2022-08-09,123.19713094511296,-0.0685686806761473,7.0,3,0
216,False,Crawfordsville|4351|6|20,Crawfordsville,4351,6,20,LH74 X PHN82,90,2022-08-09,123.20655532816498,-0.04184271937296158,7.0,3,0
217,False,Crawfordsville|4352|11|3,Crawfordsville,4352,11,3,PHK76 X LH145,90,2022-08-09,123.30635582624336,-0.05080707723304867,7.0,3,0
218,False,Crawfordsville|4353|29|45,Crawfordsville,4353,29,45,PHJ40 X LH82,90,2022-08-09,123.39378253953289,-0.04688665587402563,7.0,3,0
219,False,Crawfordsville|4353|18|42,Crawfordsville,4353,18,42,PHW52 X PHZ51,90,2022-08-09,123.40706360124346,-0.05056107451058112,7.0,3,0
220,False,Crawfordsville|4351|13|14,Crawfordsville,4351,13,14,PHK56 X 3IIH6,90,2022-08-09,123.48145279189718,-0.047188652942287135,7.0,3,0
221,False,Crawfordsville|4351|7|13,Crawfordsville,4351,7,13,2FACC X 3IIH6,90,2022-08-09,123.50183440733272,-0.046308360541941096,7.0,3,0
222,False,Crawfordsville|4351|11|20,Crawfordsville,4351,11,20,PHP02 X LH198,90,2022-08-09,123.50884645001086,-0.05162032806615802,7.0,3,0
223,False,Crawfordsville|4353|34|42,Crawfordsville,4353,34,42,PHP02 X PHG47,90,2022-08-09,123.66503692627533,-0.0425379786597897,7.0,3,0
224,False,Crawfordsville|4353|31|45,Crawfordsville,4353,31,45,PHP02 X PHJ89,90,2022-08-09,123.70732387829646,-0.044081960390720654,7.0,3,0
225,False,Crawfordsville|4352|10|8,Crawfordsville,4352,10,8,B105 X 3IIH6,90,2022-08-09,123.75548692806709,-0.04756434819293298,7.0,3,0
226,False,Crawfordsville|4353|23|44,Crawfordsville,4353,23,44,PHK56 X PHJ89,90,2022-08-09,123.78735733962714,-0.05433512594241985,7.0,3,0
227,False,Crawfordsville|4351|3|17,Crawfordsville,4351,3,17,LH198 X PHB47,90,2022-08-09,123.79186192169487,-0.052875962765004725,7.0,3,0
228,False,Crawfordsville|4351|14|19,Crawfordsville,4351,14,19,2369 X 3IIH6,90,2022-08-09,123.84173246772576,-0.0563406878771866,7.0,3,0
229,False,Crawfordsville|4353|11|42,Crawfordsville,4353,11,42,B84 X 3IIH6,90,2022-08-09,123.91131342480001,-0.054440855912242014,7.0,3,0
230,False,Crawfordsville|4352|20|6,Crawfordsville,4352,20,6,LH123HT X 3IIH6,90,2022-08-09,124.04259185387045,-0.05177547161679208,7.0,3,0
231,False,Crawfordsville|4353|15|45,Crawfordsville,4353,15,45,PHP02 X PHN46,90,2022-08-09,124.05094764673854,-0.05030237153125028,7.0,3,0
232,False,Crawfordsville|4351|13|18,Crawfordsville,4351,13,18,B84 X 3IIH6,90,2022-08-09,124.06466453185676,-0.06003893891872736,7.0,3,0
233,False,Crawfordsville|4353|32|44,Crawfordsville,4353,32,44,PHK56 X LH198,90,2022-08-09,124.0963777378349,-0.05623277754425293,7.0,3,0
234,False,Crawfordsville|4353|36|44,Crawfordsville,4353,36,44,B73 X 3IIH6,90,2022-08-09,124.14451851020199,-0.051307591714589984,7.0,3,0
235,False,Crawfordsville|4353|5|45,Crawfordsville,4353,5,45,PHK76 X W606S,90,2022-08-09,124.26806645702626,-0.05339874060194638,7.0,3,0
236,False,Crawfordsville|4353|5|43,Crawfordsville,4353,5,43,PHP02 X PHK56,90,2022-08-09,124.27093478675017,-0.04618986593544672,7.0,3,0
237,False,Crawfordsville|4353|13|43,Crawfordsville,4353,13,43,B73 X PHN82,90,2022-08-09,124.28801569990169,-0.055636554763082824,7.0,3,0
238,False,Crawfordsville|4353|20|43,Crawfordsville,4353,20,43,B73 X PHN82,90,2022-08-09,124.29264499136455,-0.0457445079542389,7.0,3,0
239,False,Crawfordsville|4351|22|13,Crawfordsville,4351,22,13,B73 X 3IIH6,90,2022-08-09,124.30878778657889,-0.05041553197245552,7.0,3,0
240,False,Crawfordsville|4353|19|43,Crawfordsville,4353,19,43,PHT69 X 3IIH6,90,2022-08-09,124.32252794820978,-0.04738555281675061,7.0,3,0
241,False,Crawfordsville|4351|8|18,Crawfordsville,4351,8,18,PHW52 X PHM49,90,2022-08-09,124.3888840077746,-0.04056523420501723,7.0,3,0
242,False,Crawfordsville|4353|36|42,Crawfordsville,4353,36,42,LH185 X LH82,90,2022-08-09,124.41628437463886,-0.03458660379973044,7.0,3,0
243,False,Crawfordsville|4351|15|13,Crawfordsville,4351,15,13,PHK56 X PHJ89,90,2022-08-09,124.41759680190323,-0.04627495400870052,7.0,3,0
244,False,Crawfordsville|4352|20|5,Crawfordsville,4352,20,5,LH198 X PHZ51,90,2022-08-09,124.46492647276918,-0.05400012732953807,7.0,3,0
245,False,Crawfordsville|4351|7|20,Crawfordsville,4351,7,20,PIONEER P0589 AMXT,90,2022-08-09,124.48419026089469,-0.04925006696406664,7.0,3,0
246,False,Crawfordsville|4352|3|5,Crawfordsville,4352,3,5,LH195 X LH185,90,2022-08-09,124.5061927567984,-0.04469632432590087,7.0,3,0
247,False,Crawfordsville|4353|19|46,Crawfordsville,4353,19,46,LH198 X PHB47,90,2022-08-09,124.56724739545625,-0.05237547795194175,7.0,3,0
248,False,Crawfordsville|4351|22|20,Crawfordsville,4351,22,20,PHN46 X W606S,90,2022-08-09,124.74234982853038,-0.05621656093612293,7.0,3,0
249,False,Crawfordsville|4353|14|46,Crawfordsville,4353,14,46,PHK56 X LH82,90,2022-08-09,124.77480259268866,-0.05728583221396577,7.0,3,0
250,False,Crawfordsville|4353|20|44,Crawfordsville,4353,20,44,PHP02 X PHN46,90,2022-08-09,124.78579178518416,-0.042429503198726515,7.0,3,0
251,False,Crawfordsville|4351|23|15,Crawfordsville,4351,23,15,PHP02 X PHJ89,90,2022-08-09,124.83992032020497,-0.04258296537229622,7.0,3,0
252,False,Crawfordsville|4353|36|45,Crawfordsville,4353,36,45,PHP02 X LH198,90,2022-08-09,124.86388717930124,-0.04963886774286019,7.0,3,0
253,False,Crawfordsville|4351|21|19,Crawfordsville,4351,21,19,PHW52 X LH185,90,2022-08-09,124.86672985563986,-0.03949444649928757,7.0,3,0
254,False,Crawfordsville|4352|16|7,Crawfordsville,4352,16,7,2369 X LH123HT,90,2022-08-09,124.88984087006111,-0.05860348264805837,7.0,3,0
255,False,Crawfordsville|4351|21|15,Crawfordsville,4351,21,15,B73 X MO17,90,2022-08-09,124.95217162251083,-0.04956194662418045,7.0,3,0
256,False,Crawfordsville|4353|6|43,Crawfordsville,4353,6,43,2369 X PHN82,90,2022-08-09,125.14969549586041,-0.05611666574242313,7.0,3,0
257,False,Crawfordsville|4352|4|2,Crawfordsville,4352,4,2,LH198 X PHZ51,90,2022-08-09,125.17565693822569,-0.06142810043754654,7.0,3,0
258,False,Crawfordsville|4352|12|3,Crawfordsville,4352,12,3,B37 X MO17,90,2022-08-09,125.26135639497731,-0.04975239186095415,7.0,3,0
259,False,Crawfordsville|4351|15|17,Crawfordsville,4351,15,17,PHP02 X W606S,90,2022-08-09,125.32930375711065,-0.047259905572258454,7.0,3,0
260,False,Crawfordsville|4353|11|43,Crawfordsville,4353,11,43,PHP02 X W606S,90,2022-08-09,125.53895867368071,-0.04832842519797231,7.0,3,0
261,False,Crawfordsville|4351|15|16,Crawfordsville,4351,15,16,LH185 X W606S,90,2022-08-09,125.55212609168672,-0.04433437896043457,7.0,3,0
262,False,Crawfordsville|4353|29|43,Crawfordsville,4353,29,43,PHB47 X PHK56,90,2022-08-09,125.57251347976555,-0.04974919161320546,7.0,3,0
263,False,Crawfordsville|4351|11|16,Crawfordsville,4351,11,16,PHN46 X PHK56,90,2022-08-09,125.60927339470736,-0.05094396044197025,7.0,3,0
264,False,Crawfordsville|4351|2|15,Crawfordsville,4351,2,15,HOEGEMEYER 8065RR,90,2022-08-09,125.67076795641384,-0.047107965249018946,7.0,3,0
265,False,Crawfordsville|4353|21|42,Crawfordsville,4353,21,42,LH82 X W606S,90,2022-08-09,125.68869238501972,-0.046369665330074694,7.0,3,0
266,False,Crawfordsville|4353|33|44,Crawfordsville,4353,33,44,PHB47 X LH185,90,2022-08-09,125.73036129315919,-0.04967160959172379,7.0,3,0
267,False,Crawfordsville|4351|16|13,Crawfordsville,4351,16,13,LH195 X LH123HT,90,2022-08-09,125.75289333195782,-0.04503251886489068,7.0,3,0
268,False,Crawfordsville|4351|6|16,Crawfordsville,4351,6,16,PHK56 X LH82,90,2022-08-09,125.85440277844012,-0.04741398754785664,7.0,3,0
269,False,Crawfordsville|4353|11|46,Crawfordsville,4353,11,46,PHW52 X LH185,90,2022-08-09,125.89710912472141,-0.050361077192176085,7.0,3,0
270,False,Crawfordsville|4351|9|13,Crawfordsville,4351,9,13,LH195 X LH123HT,90,2022-08-09,125.92709922696515,-0.05652590671850244,7.0,3,0
271,False,Crawfordsville|4352|21|2,Crawfordsville,4352,21,2,LH82 X PHB47,90,2022-08-09,125.96319848409634,-0.051952514981480125,7.0,3,0
272,False,Crawfordsville|4352|8|9,Crawfordsville,4352,8,9,LH123HT X PHB47,90,2022-08-09,126.03845713012453,-0.05980743909160979,7.0,3,0
273,False,Crawfordsville|4352|3|6,Crawfordsville,4352,3,6,B14A X MO17,90,2022-08-09,126.08228659767626,-0.06046986899848483,7.0,3,0
274,False,Crawfordsville|4351|22|14,Crawfordsville,4351,22,14,2FACC X 3IIH6,90,2022-08-09,126.10527669454774,-0.05174843384825856,7.0,3,0
275,False,Crawfordsville|4351|23|16,Crawfordsville,4351,23,16,PHK56 X LH145,90,2022-08-09,126.11500875326435,-0.055563039614016985,7.0,3,0
276,False,Crawfordsville|4352|13|8,Crawfordsville,4352,13,8,LH123HT X PHB47,90,2022-08-09,126.11518387082067,-0.056241306350319764,7.0,3,0
277,False,Crawfordsville|4353|6|44,Crawfordsville,4353,6,44,PHK56 X LH185,90,2022-08-09,126.13987565101732,-0.0505302689049244,7.0,3,0
278,False,Crawfordsville|4353|25|42,Crawfordsville,4353,25,42,N209 X 3IIH6,90,2022-08-09,126.14944687362186,-0.04558934400292225,7.0,3,0
279,False,Crawfordsville|4353|19|44,Crawfordsville,4353,19,44,B73 X 3IIH6,90,2022-08-09,126.15472403071175,-0.051195345447377694,7.0,3,0
280,False,Crawfordsville|4352|12|8,Crawfordsville,4352,12,8,PHP02 X PHN46,90,2022-08-09,126.26929176158362,-0.04135142169168049,7.0,3,0
281,False,Crawfordsville|4353|30|42,Crawfordsville,4353,30,42,2FACC X 3IIH6,90,2022-08-09,126.27017617846352,-0.04490360927282311,7.0,3,0
282,False,Crawfordsville|4353|16|44,Crawfordsville,4353,16,44,LH185 X LH82,90,2022-08-09,126.33666393787723,-0.04538109426983983,7.0,3,0
283,False,Crawfordsville|4351|3|20,Crawfordsville,4351,3,20,N209 X 3IIH6,90,2022-08-09,126.34940658529061,-0.04934198257691602,7.0,3,0
284,False,Crawfordsville|4351|19|13,Crawfordsville,4351,19,13,LH82 X PHJ89,90,2022-08-09,126.65383796915344,-0.04426363007646772,7.0,3,0
285,False,Crawfordsville|4353|18|43,Crawfordsville,4353,18,43,PHB47 X PHK56,90,2022-08-09,126.70925611721464,-0.05095790012184842,7.0,3,0
286,False,Crawfordsville|4352|12|2,Crawfordsville,4352,12,2,LH123HT X 3IIH6,90,2022-08-09,126.75595919209418,-0.05494490495474369,7.0,3,0
287,False,Crawfordsville|4352|20|9,Crawfordsville,4352,20,9,B105 X 3IIH6,90,2022-08-09,126.77133650405816,-0.04325842431193172,7.0,3,0
288,False,Crawfordsville|4353|15|44,Crawfordsville,4353,15,44,LH74 X PHN82,90,2022-08-09,126.78549262736766,-0.04112202365395301,7.0,3,0
289,False,Crawfordsville|4353|15|42,Crawfordsville,4353,15,42,B73 X PHM49,90,2022-08-09,126.78887042837562,-0.04690692250749462,7.0,3,0
290,False,Crawfordsville|4353|14|43,Crawfordsville,4353,14,43,PHK76 X LH198,90,2022-08-09,126.91806955891423,-0.05513695334472257,7.0,3,0
291,False,Crawfordsville|4351|15|18,Crawfordsville,4351,15,18,PHW52 X PHN82,90,2022-08-09,126.99570813819614,-0.04391756115713963,7.0,3,0
292,False,Crawfordsville|4353|26|45,Crawfordsville,4353,26,45,PHK56 X LH185,90,2022-08-09,127.05782780008192,-0.05276993871255431,7.0,3,0
293,False,Crawfordsville|4353|8|44,Crawfordsville,4353,8,44,PHW52 X PHM49,90,2022-08-09,127.0663283765557,-0.060188807500625385,7.0,3,0
294,False,Crawfordsville|4351|22|19,Crawfordsville,4351,22,19,F42 X MO17,90,2022-08-09,127.17853606035084,-0.04283517019395733,7.0,3,0
295,False,Crawfordsville|4351|2|14,Crawfordsville,4351,2,14,2369 X PHN82,90,2022-08-09,127.18851939511315,-0.051254216178242995,7.0,3,0
296,False,Crawfordsville|4351|19|19,Crawfordsville,4351,19,19,B73 X PHN82,90,2022-08-09,127.19037089101481,-0.04680490901396528,7.0,3,0
297,False,Crawfordsville|4353|18|45,Crawfordsville,4353,18,45,PHB47 X LH185,90,2022-08-09,127.22529315855789,-0.048262036775860384,7.0,3,0
298,False,Crawfordsville|4352|21|9,Crawfordsville,4352,21,9,2369 X PHZ51,90,2022-08-09,127.32938330891548,-0.05301440963011239,7.0,3,0
299,False,Crawfordsville|4351|14|16,Crawfordsville,4351,14,16,PHK76 X LH198,90,2022-08-09,127.36022081855185,-0.04115288133570516,7.0,3,0
300,False,Crawfordsville|4353|30|45,Crawfordsville,4353,30,45,PHK76 X W606S,90,2022-08-09,127.41979771160268,-0.054942547037650113,7.0,3,0
301,False,Crawfordsville|4353|16|46,Crawfordsville,4353,16,46,PHK56 X 3IIH6,90,2022-08-09,127.46276313861844,-0.04858398963321675,7.0,3,0
302,False,Crawfordsville|4352|16|8,Crawfordsville,4352,16,8,PHP02 X LH185,90,2022-08-09,127.47163912822927,-0.04634683169672815,7.0,3,0
303,False,Crawfordsville|4353|24|46,Crawfordsville,4353,24,46,HOEGEMEYER 8065RR,90,2022-08-09,127.50453957836983,-0.04333544012702795,7.0,3,0
304,False,Crawfordsville|4353|12|43,Crawfordsville,4353,12,43,PHK56 X LH198,90,2022-08-09,127.59475692630222,-0.04918586938954217,7.0,3,0
305,False,Crawfordsville|4351|7|17,Crawfordsville,4351,7,17,B73 X 3IIH6,90,2022-08-09,127.72840178947992,-0.04302020739608592,7.0,3,0
306,False,Crawfordsville|4351|6|13,Crawfordsville,4351,6,13,PHK56 X LH198,90,2022-08-09,127.87890875368662,-0.05143235475688224,7.0,3,0
307,False,Crawfordsville|4352|4|8,Crawfordsville,4352,4,8,2369 X PHP02,90,2022-08-09,127.91880233377148,-0.04932441151016054,7.0,3,0
308,False,Crawfordsville|4352|10|5,Crawfordsville,4352,10,5,PHZ51 X LH145,90,2022-08-09,128.00738886417082,-0.0477699189273304,7.0,3,0
309,False,Crawfordsville|4353|8|45,Crawfordsville,4353,8,45,PHN46 X PHK56,90,2022-08-09,128.0269491919231,-0.05402915769387606,7.0,3,0
310,False,Crawfordsville|4351|11|13,Crawfordsville,4351,11,13,PHK56 X PHJ89,90,2022-08-09,128.24691122021164,-0.04996560378469794,7.0,3,0
311,False,Crawfordsville|4353|19|42,Crawfordsville,4353,19,42,LH195 X LH123HT,90,2022-08-09,128.4338435060317,-0.043845304849730926,7.0,3,0
312,False,Crawfordsville|4353|33|45,Crawfordsville,4353,33,45,PHW52 X PHM49,90,2022-08-09,128.53832947312472,-0.05856051591562306,7.0,3,0
313,False,Crawfordsville|4352|15|9,Crawfordsville,4352,15,9,LH195 X LH185,90,2022-08-09,128.6876898163664,-0.05083033437989293,7.0,3,0
314,False,Crawfordsville|4351|22|16,Crawfordsville,4351,22,16,PHK56 X W606S,90,2022-08-09,128.69515756240344,-0.05016204988387063,7.0,3,0
315,False,Crawfordsville|4353|27|45,Crawfordsville,4353,27,45,PHK56 X W606S,90,2022-08-09,128.8948419503407,-0.05760629471906942,7.0,3,0
316,False,Crawfordsville|4352|19|6,Crawfordsville,4352,19,6,B73 X MO17,90,2022-08-09,128.8962160267954,-0.06120423094293459,7.0,3,0
317,False,Crawfordsville|4351|11|17,Crawfordsville,4351,11,17,2369 X 3IIH6,90,2022-08-09,129.05117046457298,-0.04709835203894308,7.0,3,0
318,False,Crawfordsville|4351|5|18,Crawfordsville,4351,5,18,PHN46 X W606S,90,2022-08-09,129.10217249368895,-0.04885673422065406,7.0,3,0
319,False,Crawfordsville|4352|7|9,Crawfordsville,4352,7,9,B73 X MO17,90,2022-08-09,129.1491347190608,-0.060577362230578746,7.0,3,0
320,False,Crawfordsville|4351|9|19,Crawfordsville,4351,9,19,PHK56 X W606S,90,2022-08-09,129.1861968513122,-0.04759881695763368,7.0,3,0
321,False,Crawfordsville|4352|20|4,Crawfordsville,4352,20,4,PHB47 X 3IIH6,90,2022-08-09,129.26705094450853,-0.05906613888835577,7.0,3,0
322,False,Crawfordsville|4352|13|9,Crawfordsville,4352,13,9,LH185 X LH145,90,2022-08-09,129.28566058852988,-0.04515869109530968,7.0,3,0
323,False,Crawfordsville|4352|16|4,Crawfordsville,4352,16,4,PHW52 X PHZ51,90,2022-08-09,129.37719681869575,-0.05902517720754452,7.0,3,0
324,False,Crawfordsville|4353|26|46,Crawfordsville,4353,26,46,PHG39 X PHM49,90,2022-08-09,129.45734696159377,-0.04344094816765509,7.0,3,0
325,False,Crawfordsville|4351|19|20,Crawfordsville,4351,19,20,B73 X PHM49,90,2022-08-09,129.5785169100657,-0.04670725710434476,7.0,3,0
326,False,Crawfordsville|4353|22|42,Crawfordsville,4353,22,42,PHW52 X LH185,90,2022-08-09,129.61272763189464,-0.04602913894720417,7.0,3,0
327,False,Crawfordsville|4353|20|42,Crawfordsville,4353,20,42,PHN46 X PHK56,90,2022-08-09,129.61930839236183,-0.040828054889172405,7.0,3,0
328,False,Crawfordsville|4353|13|45,Crawfordsville,4353,13,45,PHP02 X PHK76,90,2022-08-09,129.67040978741434,-0.043207828585979935,7.0,3,0
329,False,Crawfordsville|4351|23|13,Crawfordsville,4351,23,13,PIONEER 1311 AMXT,90,2022-08-09,129.9041425583376,-0.055391125259300567,7.0,3,0
330,False,Crawfordsville|4352|11|5,Crawfordsville,4352,11,5,PHP02 X LH185,90,2022-08-09,129.90874249760822,-0.04700642326368398,7.0,3,0
331,False,Crawfordsville|4353|24|42,Crawfordsville,4353,24,42,F42 X MO17,90,2022-08-09,129.9491061758975,-0.05199277021216486,7.0,3,0
332,False,Crawfordsville|4353|27|42,Crawfordsville,4353,27,42,PHK56 X 3IIH6,90,2022-08-09,130.04601117698934,-0.053321740776558935,7.0,3,0
333,False,Crawfordsville|4353|32|42,Crawfordsville,4353,32,42,2369 X PHN82,90,2022-08-09,130.0944673254254,-0.04588050751922501,7.0,3,0
334,False,Crawfordsville|4353|4|43,Crawfordsville,4353,4,43,N209 X 3IIH6,90,2022-08-09,130.26093070813516,-0.048035524143145936,7.0,3,0
335,False,Crawfordsville|4353|6|42,Crawfordsville,4353,6,42,PHJ40 X LH82,90,2022-08-09,130.35640236363022,-0.04281526018156068,7.0,3,0
336,False,Crawfordsville|4352|6|3,Crawfordsville,4352,6,3,PHB47 X 3IIH6,90,2022-08-09,130.39877988612307,-0.05044828555366199,7.0,3,0
337,False,Crawfordsville|4352|17|2,Crawfordsville,4352,17,2,F42 X MO17,90,2022-08-09,130.50564755412674,-0.0546355310177592,7.0,3,0
338,False,Crawfordsville|4352|22|5,Crawfordsville,4352,22,5,LH195 X LH123HT,90,2022-08-09,130.52654055410446,-0.0479818509276716,7.0,3,0
339,False,Crawfordsville|4352|9|6,Crawfordsville,4352,9,6,LH195 X PHZ51,90,2022-08-09,130.54231548790585,-0.058174868161864235,7.0,3,0
340,False,Crawfordsville|4353|4|42,Crawfordsville,4353,4,42,PHP02 X PHJ89,90,2022-08-09,130.63225179078606,-0.046244255319179306,7.0,3,0
341,False,Crawfordsville|4353|3|46,Crawfordsville,4353,3,46,LH82 X W606S,90,2022-08-09,130.66204253571885,-0.04990412128602939,7.0,3,0
342,False,Crawfordsville|4352|12|6,Crawfordsville,4352,12,6,PHP02 X PHK56,90,2022-08-09,130.6991320698362,-0.04350750137684711,7.0,3,0
343,False,Crawfordsville|4352|2|7,Crawfordsville,4352,2,7,PHK76 X 3IIH6,90,2022-08-09,130.9631645064281,-0.05458471364990314,7.0,3,0
344,False,Crawfordsville|4351|10|16,Crawfordsville,4351,10,16,F42 X MO17,90,2022-08-09,130.96644262486492,-0.04624913954168286,7.0,3,0
345,False,Crawfordsville|4353|15|43,Crawfordsville,4353,15,43,2369 X 3IIH6,90,2022-08-09,130.97503829306078,-0.05252719485741075,7.0,3,0
346,False,Crawfordsville|4352|10|7,Crawfordsville,4352,10,7,PHP02 X LH82,90,2022-08-09,131.0778181912739,-0.04084343393199896,7.0,3,0
347,False,Crawfordsville|4352|4|9,Crawfordsville,4352,4,9,PHK76 X LH82,90,2022-08-09,131.08016407577895,-0.0528100156569653,7.0,3,0
348,False,Crawfordsville|4352|4|6,Crawfordsville,4352,4,6,LH145 X LH162,90,2022-08-09,131.32599590653,-0.06101425424730689,7.0,3,0
349,False,Crawfordsville|4352|9|8,Crawfordsville,4352,9,8,LH195 X LH123HT,90,2022-08-09,131.3484350900053,-0.05277013183597612,7.0,3,0
350,False,Crawfordsville|4351|19|17,Crawfordsville,4351,19,17,HOEGEMEYER 7089 AMXT,90,2022-08-09,131.52397170483115,-0.05350215875034481,7.0,3,0
351,False,Crawfordsville|4352|13|3,Crawfordsville,4352,13,3,PHP02 X PHJ89,90,2022-08-09,131.55315883975067,-0.0473401251553669,7.0,3,0
352,False,Crawfordsville|4352|8|8,Crawfordsville,4352,8,8,LH82 X PHB47,90,2022-08-09,131.6696156128311,-0.04583323658426519,7.0,3,0
353,False,Crawfordsville|4353|35|43,Crawfordsville,4353,35,43,HOEGEMEYER 7089 AMXT,90,2022-08-09,131.74274770588644,-0.04750308868412201,7.0,3,0
354,False,Crawfordsville|4352|20|7,Crawfordsville,4352,20,7,B14A X MO17,90,2022-08-09,131.87135468751944,-0.050790027763783274,7.0,3,0
355,False,Crawfordsville|4352|19|7,Crawfordsville,4352,19,7,PHP02 X LH82,90,2022-08-09,131.92162780956744,-0.041180497532911864,7.0,3,0
356,False,Crawfordsville|4352|22|9,Crawfordsville,4352,22,9,PHN46 X PHB47,90,2022-08-09,131.94402888449792,-0.046206213251290484,7.0,3,0
357,False,Crawfordsville|4352|19|8,Crawfordsville,4352,19,8,4N506 X 3IIH6,90,2022-08-09,131.95138078407533,-0.0538907218577136,7.0,3,0
358,False,Crawfordsville|4353|7|44,Crawfordsville,4353,7,44,PHP02 X LH198,90,2022-08-09,131.96303036370406,-0.04729205394356428,7.0,3,0
359,False,Crawfordsville|4352|3|7,Crawfordsville,4352,3,7,LH74 X PHM49,90,2022-08-09,132.01192462413374,-0.03779737132903793,7.0,3,0
360,False,Crawfordsville|4351|12|14,Crawfordsville,4351,12,14,B73 X PHN82,90,2022-08-09,132.06351074390986,-0.05091116337882684,7.0,3,0
361,False,Crawfordsville|4352|23|7,Crawfordsville,4352,23,7,PHT69 X 3IIH6,90,2022-08-09,132.1500460398106,-0.0456632816618463,7.0,3,0
362,False,Crawfordsville|4352|23|2,Crawfordsville,4352,23,2,LH74 X PHN82,90,2022-08-09,132.3368754595661,-0.05140670487766219,7.0,3,0
363,False,Crawfordsville|4352|15|4,Crawfordsville,4352,15,4,B84 X 3IIH6,90,2022-08-09,132.37864531463168,-0.05783196711506733,7.0,3,0
364,False,Crawfordsville|4353|6|45,Crawfordsville,4353,6,45,LH82 X PHJ89,90,2022-08-09,132.4084617073225,-0.04975462100384975,7.0,3,0
365,False,Crawfordsville|4352|6|8,Crawfordsville,4352,6,8,PHP02 X PHJ89,90,2022-08-09,132.5071185758809,-0.04544224443333389,7.0,3,0
366,False,Crawfordsville|4352|7|4,Crawfordsville,4352,7,4,PHK76 X LH198,90,2022-08-09,132.6658365931782,-0.049638069336772284,7.0,3,0
367,False,Crawfordsville|4353|26|42,Crawfordsville,4353,26,42,2369 X 3IIH6,90,2022-08-09,132.67221912423986,-0.049664008017856864,7.0,3,0
368,False,Crawfordsville|4351|16|20,Crawfordsville,4351,16,20,N209 X 3IIH6,90,2022-08-09,132.6926274977587,-0.051805475175812354,7.0,3,0
369,False,Crawfordsville|4352|22|2,Crawfordsville,4352,22,2,PHB47 X LH185,90,2022-08-09,132.70171180764572,-0.04533007836092162,7.0,3,0
370,False,Crawfordsville|4353|13|42,Crawfordsville,4353,13,42,PHK56 X PHJ89,90,2022-08-09,132.7062030278803,-0.04664833137084834,7.0,3,0
371,False,Crawfordsville|4352|23|6,Crawfordsville,4352,23,6,PHP02 X PHN46,90,2022-08-09,132.72059613637475,-0.044938296728103344,7.0,3,0
372,False,Crawfordsville|4352|10|3,Crawfordsville,4352,10,3,PHJ40 X LH82,90,2022-08-09,132.80653701810627,-0.03785932623074473,7.0,3,0
373,False,Crawfordsville|4352|9|7,Crawfordsville,4352,9,7,2369 X LH123HT,90,2022-08-09,132.86545261580756,-0.058760944029674356,7.0,3,0
374,False,Crawfordsville|4351|13|16,Crawfordsville,4351,13,16,HOEGEMEYER 8065RR,90,2022-08-09,133.04291023736025,-0.04723099824913035,7.0,3,0
375,False,Crawfordsville|4352|20|2,Crawfordsville,4352,20,2,2369 X PHN82,90,2022-08-09,133.09242029574293,-0.06092540342779329,7.0,3,0
376,False,Crawfordsville|4352|4|3,Crawfordsville,4352,4,3,PHN46 X PHB47,90,2022-08-09,133.16063398042013,-0.05597207661860115,7.0,3,0
377,False,Crawfordsville|4353|7|43,Crawfordsville,4353,7,43,PHK56 X W606S,90,2022-08-09,133.19792831765963,-0.05453515129616349,7.0,3,0
378,False,Crawfordsville|4352|8|6,Crawfordsville,4352,8,6,PHT69 X 3IIH6,90,2022-08-09,133.2681433295556,-0.04335954706486056,7.0,3,0
379,False,Crawfordsville|4351|2|20,Crawfordsville,4351,2,20,PIONEER 1311 AMXT,90,2022-08-09,133.30936874312906,-0.05239003090663874,7.0,3,0
380,False,Crawfordsville|4352|14|3,Crawfordsville,4352,14,3,PHP02 X W606S,90,2022-08-09,133.40243157950994,-0.05203150821799152,7.0,3,0
381,False,Crawfordsville|4352|4|4,Crawfordsville,4352,4,4,LH74 X PHN82,90,2022-08-09,133.41034923188866,-0.04577124874558225,7.0,3,0
382,False,Crawfordsville|4352|13|2,Crawfordsville,4352,13,2,PHK76 X W606S,90,2022-08-09,133.46315563276434,-0.05690206726574143,7.0,3,0
383,False,Crawfordsville|4352|12|5,Crawfordsville,4352,12,5,LH82 X W606S,90,2022-08-09,133.4747293306992,-0.06161916120856192,7.0,3,0
384,False,Crawfordsville|4353|16|43,Crawfordsville,4353,16,43,2FACC X 3IIH6,90,2022-08-09,133.53612456558815,-0.04119791588816424,7.0,3,0
385,False,Crawfordsville|4352|18|3,Crawfordsville,4352,18,3,PHK76 X LH198,90,2022-08-09,133.59915180630992,-0.04495537276455652,7.0,3,0
386,False,Crawfordsville|4352|18|4,Crawfordsville,4352,18,4,PHP02 X PHG47,90,2022-08-09,133.64267182270282,-0.030261702492297538,7.0,3,0
387,False,Crawfordsville|4352|7|7,Crawfordsville,4352,7,7,PHW52 X PHZ51,90,2022-08-09,133.82433884562937,-0.05075464423377296,7.0,3,0
388,False,Crawfordsville|4353|31|42,Crawfordsville,4353,31,42,LH82 X PHJ89,90,2022-08-09,133.91462269743303,-0.03637646768482683,7.0,3,0
389,False,Crawfordsville|4351|21|16,Crawfordsville,4351,21,16,PIONEER P0589 AMXT,90,2022-08-09,134.01300081835126,-0.046843369473279606,7.0,3,0
390,False,Crawfordsville|4353|12|44,Crawfordsville,4353,12,44,PHG39 X PHM49,90,2022-08-09,134.0682467451569,-0.0480392646714044,7.0,3,0
391,False,Crawfordsville|4352|14|5,Crawfordsville,4352,14,5,PHP02 X LH198,90,2022-08-09,134.0752725087877,-0.05735516300368837,7.0,3,0
392,False,Crawfordsville|4352|11|8,Crawfordsville,4352,11,8,PHB47 X LH185,90,2022-08-09,134.207075528099,-0.047699909740388846,7.0,3,0
393,False,Crawfordsville|4352|7|2,Crawfordsville,4352,7,2,2369 X PHZ51,90,2022-08-09,134.2773269476167,-0.05984739669592376,7.0,3,0
394,False,Crawfordsville|4353|9|46,Crawfordsville,4353,9,46,PHN46 X W606S,90,2022-08-09,134.3485053870344,-0.06288496376811592,7.0,3,0
395,False,Crawfordsville|4352|13|5,Crawfordsville,4352,13,5,PHK56 X W606S,90,2022-08-09,134.4115187130203,-0.05824641984244627,7.0,3,0
396,False,Crawfordsville|4352|19|4,Crawfordsville,4352,19,4,PHK56 X PHJ89,90,2022-08-09,134.46485362357058,-0.06279767314045692,7.0,3,0
397,False,Crawfordsville|4353|8|42,Crawfordsville,4353,8,42,HOEGEMEYER 8065RR,90,2022-08-09,134.68225074829408,-0.04926394090183206,7.0,3,0
398,False,Crawfordsville|4352|2|9,Crawfordsville,4352,2,9,PHP02 X LH198,90,2022-08-09,134.7480268418625,-0.04413050195435586,7.0,3,0
399,False,Crawfordsville|4351|4|16,Crawfordsville,4351,4,16,PHW52 X PHN82,90,2022-08-09,134.84552748796503,-0.0405368625182867,7.0,3,0
400,False,Crawfordsville|4353|30|44,Crawfordsville,4353,30,44,PHK56 X LH82,90,2022-08-09,134.86741347860382,-0.04675958591412521,7.0,3,0
401,False,Crawfordsville|4352|14|9,Crawfordsville,4352,14,9,LH195 X PHZ51,90,2022-08-09,134.90286044020104,-0.06062670758497524,7.0,3,0
402,False,Crawfordsville|4352|6|4,Crawfordsville,4352,6,4,LH195 X 3IIH6,90,2022-08-09,134.92295373502193,-0.045991736676985084,7.0,3,0
403,False,Crawfordsville|4352|17|5,Crawfordsville,4352,17,5,PHP02 X PHK56,90,2022-08-09,134.97914187491304,-0.04691532654779551,7.0,3,0
404,False,Crawfordsville|4352|3|8,Crawfordsville,4352,3,8,PHB47 X PHK56,90,2022-08-09,135.01566948204163,-0.049572697150214395,7.0,3,0
405,False,Crawfordsville|4352|13|4,Crawfordsville,4352,13,4,LH195 X 3IIH6,90,2022-08-09,135.02512757894618,-0.04439543280541258,7.0,3,0
406,False,Crawfordsville|4353|13|46,Crawfordsville,4353,13,46,PHW52 X PHN82,90,2022-08-09,135.07651826591746,-0.046147281054973455,7.0,3,0
407,False,Crawfordsville|4352|15|3,Crawfordsville,4352,15,3,PHK76 X LH82,90,2022-08-09,135.25761743595075,-0.041096821912475434,7.0,3,0
408,False,Crawfordsville|4352|6|5,Crawfordsville,4352,6,5,4N506 X 3IIH6,90,2022-08-09,135.38701736188008,-0.053194836073490404,7.0,3,0
409,False,Crawfordsville|4352|5|2,Crawfordsville,4352,5,2,2369 X 3IIH6,90,2022-08-09,135.44408506941738,-0.05911184288710214,7.0,3,0
410,False,Crawfordsville|4351|19|16,Crawfordsville,4351,19,16,PHK56 X LH82,90,2022-08-09,135.46491552712197,-0.04079686131628957,7.0,3,0
411,False,Crawfordsville|4352|17|7,Crawfordsville,4352,17,7,2369 X PHP02,90,2022-08-09,135.523278804138,-0.050884628446312696,7.0,3,0
412,False,Crawfordsville|4353|11|45,Crawfordsville,4353,11,45,HOEGEMEYER 7089 AMXT,90,2022-08-09,135.5358162089148,-0.054416225523812645,7.0,3,0
413,False,Crawfordsville|4353|26|43,Crawfordsville,4353,26,43,PHN46 X W606S,90,2022-08-09,135.58991621862955,-0.05365052114206248,7.0,3,0
414,False,Crawfordsville|4352|2|6,Crawfordsville,4352,2,6,N209 X 3IIH6,90,2022-08-09,135.90439545490608,-0.04649583726573825,7.0,3,0
415,False,Crawfordsville|4352|14|8,Crawfordsville,4352,14,8,PHB47 X PHK56,90,2022-08-09,135.9541733445236,-0.05374741818328643,7.0,3,0
416,False,Crawfordsville|4352|15|2,Crawfordsville,4352,15,2,PHP02 X PHK76,90,2022-08-09,136.08180747703742,-0.04931095995984902,7.0,3,0
417,False,Crawfordsville|4352|16|6,Crawfordsville,4352,16,6,B73 X PHN82,90,2022-08-09,136.12301245824287,-0.04379817275966991,7.0,3,0
418,False,Crawfordsville|4352|4|5,Crawfordsville,4352,4,5,PHP02 X PHK76,90,2022-08-09,136.29653545033182,-0.052593428708035406,7.0,3,0
419,False,Crawfordsville|4352|16|2,Crawfordsville,4352,16,2,PHK76 X 3IIH6,90,2022-08-09,136.32591946105535,-0.05161941659594649,7.0,3,0
420,False,Crawfordsville|4352|21|5,Crawfordsville,4352,21,5,PHK56 X LH145,90,2022-08-09,136.34665374395226,-0.054393426880326334,7.0,3,0
421,False,Crawfordsville|4351|21|13,Crawfordsville,4351,21,13,PHW52 X PHM49,90,2022-08-09,136.35608153812072,-0.0437010089210802,7.0,3,0
422,False,Crawfordsville|4352|22|3,Crawfordsville,4352,22,3,PHK56 X 3IIH6,90,2022-08-09,136.35871227237266,-0.04784129081317001,7.0,3,0
423,False,Crawfordsville|4352|14|6,Crawfordsville,4352,14,6,LH145 X LH162,90,2022-08-09,136.5792505679655,-0.053300440470952726,7.0,3,0
424,False,Crawfordsville|4352|5|8,Crawfordsville,4352,5,8,PHP02 X PHG47,90,2022-08-09,136.86321894448199,-0.04606030141424533,7.0,3,0
425,False,Crawfordsville|4352|21|4,Crawfordsville,4352,21,4,PHK56 X LH198,90,2022-08-09,137.04874192159897,-0.05223491680947334,7.0,3,0
426,False,Crawfordsville|4352|19|9,Crawfordsville,4352,19,9,B73 X PHM49,90,2022-08-09,137.10515554021458,-0.052712825680246156,7.0,3,0
427,False,Crawfordsville|4352|11|4,Crawfordsville,4352,11,4,PHK56 X LH82,90,2022-08-09,137.10899787782483,-0.03384342019726927,7.0,3,0
428,False,Crawfordsville|4352|17|3,Crawfordsville,4352,17,3,PHJ40 X LH82,90,2022-08-09,137.39065679936948,-0.04353506167831522,7.0,3,0
429,False,Crawfordsville|4352|18|7,Crawfordsville,4352,18,7,PHK56 X LH185,90,2022-08-09,137.5384054206817,-0.052193629993752544,7.0,3,0
430,False,Crawfordsville|4352|9|4,Crawfordsville,4352,9,4,PHK76 X W606S,90,2022-08-09,137.67145357588245,-0.04975148383858352,7.0,3,0
431,False,Crawfordsville|4352|16|5,Crawfordsville,4352,16,5,PHW52 X LH185,90,2022-08-09,137.7247782294974,-0.04315151029901121,7.0,3,0
432,False,Crawfordsville|4353|23|42,Crawfordsville,4353,23,42,PHW52 X PHN82,90,2022-08-09,137.94859266954222,-0.039822696667574875,7.0,3,0
433,False,Crawfordsville|4351|13|17,Crawfordsville,4351,13,17,SYNGENTA NK0760-3111,90,2022-08-09,137.95763475419508,-0.04166790430410605,7.0,3,0
434,False,Crawfordsville|4352|7|5,Crawfordsville,4352,7,5,B73 X 3IIH6,90,2022-08-09,138.17830943141718,-0.050488005555897386,7.0,3,0
435,False,Crawfordsville|4352|15|8,Crawfordsville,4352,15,8,LH82 X W606S,90,2022-08-09,138.2530877793376,-0.051189217714150526,7.0,3,0
436,False,Crawfordsville|4352|6|2,Crawfordsville,4352,6,2,B84 X 3IIH6,90,2022-08-09,138.39060471911517,-0.057077423203256816,7.0,3,0
437,False,Crawfordsville|4352|9|9,Crawfordsville,4352,9,9,PHK56 X PHJ89,90,2022-08-09,138.77504328368656,-0.042521819704458785,7.0,3,0
438,False,Crawfordsville|4352|17|8,Crawfordsville,4352,17,8,PHK56 X LH82,90,2022-08-09,139.29589957333246,-0.04315598549930755,7.0,3,0
439,False,Crawfordsville|4352|18|8,Crawfordsville,4352,18,8,PHG39 X PHM49,90,2022-08-09,139.5729149776432,-0.05359096923649109,7.0,3,0
440,False,Crawfordsville|4352|2|8,Crawfordsville,4352,2,8,PHK56 X LH198,90,2022-08-09,139.5744749918733,-0.04207506730764854,7.0,3,0
441,False,Crawfordsville|4352|6|9,Crawfordsville,4352,6,9,PHN46 X PHK56,90,2022-08-09,139.67045240679437,-0.0514838532267331,7.0,3,0
442,False,Crawfordsville|4352|17|4,Crawfordsville,4352,17,4,LH185 X LH82,90,2022-08-09,139.75226664865184,-0.04730151683871553,7.0,3,0
443,False,Crawfordsville|4352|8|7,Crawfordsville,4352,8,7,HOEGEMEYER 8065RR,90,2022-08-09,139.80465020370508,-0.04636539475648582,7.0,3,0
444,False,Crawfordsville|4352|18|5,Crawfordsville,4352,18,5,PHG39 X PHN82,90,2022-08-09,139.9140233470365,-0.050153814791197626,7.0,3,0
445,False,Crawfordsville|4353|17|43,Crawfordsville,4353,17,43,PIONEER 1311 AMXT,90,2022-08-09,139.93262591307877,-0.04885029353474957,7.0,3,0
446,False,Crawfordsville|4352|22|4,Crawfordsville,4352,22,4,LH82 X PHJ89,90,2022-08-09,140.28241022590623,-0.04116633801076042,7.0,3,0
447,False,Crawfordsville|4353|14|45,Crawfordsville,4353,14,45,PIONEER P0589 AMXT,90,2022-08-09,140.44258216332122,-0.05100177203541678,7.0,3,0
448,False,Crawfordsville|4353|29|42,Crawfordsville,4353,29,42,PIONEER 1311 AMXT,90,2022-08-09,140.66752796054564,-0.05069788507056883,7.0,3,0
449,False,Crawfordsville|4352|5|4,Crawfordsville,4352,5,4,PHP02 X W606S,90,2022-08-09,140.7415668882153,-0.04717666298713752,7.0,3,0
450,False,Crawfordsville|4352|16|9,Crawfordsville,4352,16,9,LH198 X PHB47,90,2022-08-09,141.04537422674395,-0.045989327156582216,7.0,3,0
451,False,Crawfordsville|4352|10|2,Crawfordsville,4352,10,2,2FACC X 3IIH6,90,2022-08-09,141.11537459728254,-0.046983782456258005,7.0,3,0
452,False,Crawfordsville|4352|9|5,Crawfordsville,4352,9,5,B73 X PHN82,90,2022-08-09,141.12464353110755,-0.04987760635831673,7.0,3,0
453,False,Crawfordsville|4352|11|9,Crawfordsville,4352,11,9,LH185 X LH82,90,2022-08-09,141.44572464729993,-0.03355955885468698,7.0,3,0
454,False,Crawfordsville|4352|12|9,Crawfordsville,4352,12,9,PHG39 X PHM49,90,2022-08-09,141.5378649601132,-0.05427279863543644,7.0,3,0
455,False,Crawfordsville|4351|12|13,Crawfordsville,4351,12,13,SYNGENTA NK0760-3111,90,2022-08-09,141.7229216206348,-0.04697664831536019,7.0,3,0
456,False,Crawfordsville|4352|2|4,Crawfordsville,4352,2,4,LH198 X PHB47,90,2022-08-09,141.81312142859912,-0.04842953014558693,7.0,3,0
457,False,Crawfordsville|4352|10|6,Crawfordsville,4352,10,6,B73 X PHM49,90,2022-08-09,141.90573014606497,-0.05194816165851801,7.0,3,0
458,False,Crawfordsville|4353|24|43,Crawfordsville,4353,24,43,SYNGENTA NK0760-3111,90,2022-08-09,142.08753404360345,-0.041686634678257395,7.0,3,0
459,False,Crawfordsville|4353|22|45,Crawfordsville,4353,22,45,PIONEER P0589 AMXT,90,2022-08-09,142.19314581409967,-0.04408148301897785,7.0,3,0
460,False,Crawfordsville|4352|7|3,Crawfordsville,4352,7,3,LH82 X PHJ89,90,2022-08-09,142.26708843452005,-0.040800190407443204,7.0,3,0
461,False,Crawfordsville|4352|23|9,Crawfordsville,4352,23,9,N209 X 3IIH6,90,2022-08-09,142.40626675168414,-0.05373774971613077,7.0,3,0
462,False,Crawfordsville|4352|3|2,Crawfordsville,4352,3,2,PHK56 X LH185,90,2022-08-09,142.51018579525433,-0.052618422227947104,7.0,3,0
463,False,Crawfordsville|4352|21|6,Crawfordsville,4352,21,6,HOEGEMEYER 8065RR,90,2022-08-09,142.85682624033413,-0.050804201918830616,7.0,3,0
464,False,Crawfordsville|4352|22|7,Crawfordsville,4352,22,7,B73 X 3IIH6,90,2022-08-09,142.8758582733057,-0.04485912460840402,7.0,3,0
465,False,Crawfordsville|4352|5|7,Crawfordsville,4352,5,7,PHW52 X PHM49,90,2022-08-09,142.8857259324365,-0.061802102008425286,7.0,3,0
466,False,Crawfordsville|4352|2|2,Crawfordsville,4352,2,2,PHW52 X LH185,90,2022-08-09,142.91725326609844,-0.04206003608744957,7.0,3,0
467,False,Crawfordsville|4352|11|6,Crawfordsville,4352,11,6,PHK56 X 3IIH6,90,2022-08-09,142.92725897983235,-0.0568140690281721,7.0,3,0
468,False,Crawfordsville|4352|23|8,Crawfordsville,4352,23,8,PHW52 X PHN82,90,2022-08-09,143.23133151960968,-0.050548811668312044,7.0,3,0
469,False,Crawfordsville|4352|21|8,Crawfordsville,4352,21,8,PHN46 X W606S,90,2022-08-09,144.00967742251476,-0.057756659956489154,7.0,3,0
470,False,Crawfordsville|4352|20|8,Crawfordsville,4352,20,8,2369 X 3IIH6,90,2022-08-09,144.40150936548378,-0.05686694890501487,7.0,3,0
471,False,Crawfordsville|4353|12|46,Crawfordsville,4353,12,46,SYNGENTA NK0760-3111,90,2022-08-09,144.42620030846135,-0.052829862356788326,7.0,3,0
472,False,Crawfordsville|4352|22|6,Crawfordsville,4352,22,6,LH185 X W606S,90,2022-08-09,144.95445623274406,-0.04527415124249212,7.0,3,0
473,False,Crawfordsville|4352|18|6,Crawfordsville,4352,18,6,2FACC X 3IIH6,90,2022-08-09,145.09495976449682,-0.04855981464548431,7.0,3,0
474,False,Crawfordsville|4352|5|5,Crawfordsville,4352,5,5,F42 X MO17,90,2022-08-09,145.2588581778702,-0.05492999300942092,7.0,3,0
475,False,Crawfordsville|4352|17|6,Crawfordsville,4352,17,6,PHN46 X PHK56,90,2022-08-09,145.36438574641733,-0.04067656493050964,7.0,3,0
476,False,Crawfordsville|4352|7|8,Crawfordsville,4352,7,8,PHK56 X W606S,90,2022-08-09,145.8347667566564,-0.042940019633118776,7.0,3,0
477,False,Crawfordsville|4352|17|9,Crawfordsville,4352,17,9,HOEGEMEYER 7089 AMXT,90,2022-08-09,146.493386234426,-0.048187733418699086,7.0,3,0
478,False,Crawfordsville|4352|23|4,Crawfordsville,4352,23,4,PHW52 X PHM49,90,2022-08-09,146.6455396431415,-0.04673033362809931,7.0,3,0
479,False,Crawfordsville|4352|9|3,Crawfordsville,4352,9,3,PIONEER P0589 AMXT,90,2022-08-09,146.80633272826893,-0.04642289939258548,7.0,3,0
480,False,Crawfordsville|4352|8|2,Crawfordsville,4352,8,2,PHN46 X W606S,90,2022-08-09,147.33649231565497,-0.053616017840398156,7.0,3,0
481,False,Crawfordsville|4352|19|2,Crawfordsville,4352,19,2,PIONEER 1311 AMXT,90,2022-08-09,147.9854325556879,-0.05936627614867851,7.0,3,0
482,False,Crawfordsville|4352|7|6,Crawfordsville,4352,7,6,HOEGEMEYER 7089 AMXT,90,2022-08-09,148.10584196659806,-0.04043760181667788,7.0,3,0
483,False,Crawfordsville|4352|11|7,Crawfordsville,4352,11,7,PIONEER 1311 AMXT,90,2022-08-09,148.5974803578374,-0.04339442307049257,7.0,3,0
484,False,Crawfordsville|4352|12|4,Crawfordsville,4352,12,4,2369 X PHN82,90,2022-08-09,148.76933380019585,-0.04879966530815927,7.0,3,0
485,False,Crawfordsville|4352|14|4,Crawfordsville,4352,14,4,PIONEER P0589 AMXT,90,2022-08-09,151.18258115959736,-0.045663349917830165,7.0,3,0
486,False,Crawfordsville|4352|8|3,Crawfordsville,4352,8,3,PHW52 X PHN82,90,2022-08-09,151.48840996758028,-0.04321774818325064,7.0,3,0
487,False,Crawfordsville|4352|23|5,Crawfordsville,4352,23,5,SYNGENTA NK0760-3111,90,2022-08-09,152.43977795671842,-0.052849822080079156,7.0,3,0
488,False,Crawfordsville|4352|3|3,Crawfordsville,4352,3,3,SYNGENTA NK0760-3111,90,2022-08-09,155.78716035738898,-0.04958604863166838,7.0,3,0
1,True,Lincoln|hybrids|3|36,Lincoln,hybrids,3,36,B37 X H95,90,2022-08-20,84.60664875371506,-0.18106533214982656,14.0,2,0
2,True,Lincoln|hybrids|5|35,Lincoln,hybrids,5,35,B37 X OH43,90,2022-08-20,84.87640380633844,-0.20135385988852228,14.0,2,0
3,True,Lincoln|hybrids|8|8,Lincoln,hybrids,8,8,PHP02 X LH145,90,2022-08-20,85.20372870534749,-0.18285691203359566,14.0,2,0
4,True,Lincoln|hybrids|6|36,Lincoln,hybrids,6,36,PHP02 X LH145,90,2022-08-20,85.65859830927998,-0.20315860008746367,14.0,2,0
5,True,Lincoln|hybrids|12|38,Lincoln,hybrids,12,38,B37 X H95,90,2022-08-20,87.3923665260429,-0.16902241386196826,14.0,2,0
6,True,Lincoln|hybrids|15|36,Lincoln,hybrids,15,36,WF9 X H95,90,2022-08-20,87.75178218508934,-0.20650153905610757,14.0,2,0
7,True,Lincoln|hybrids|5|8,Lincoln,hybrids,5,8,B105 X 3IIH6,90,2022-08-20,88.02940001144921,-0.21265115832663495,14.0,2,0
8,True,Lincoln|hybrids|11|29,Lincoln,hybrids,11,29,PHK76 X LH145,90,2022-08-20,88.43560529485296,-0.1575117707035827,14.0,2,0
9,True,Lincoln|hybrids|15|6,Lincoln,hybrids,15,6,PHP02 X LH145,90,2022-08-20,88.44167690365197,-0.16409564726769665,14.0,2,0
10,True,Lincoln|hybrids|12|37,Lincoln,hybrids,12,37,B37 X OH43,90,2022-08-20,88.65555035056289,-0.1632936511322144,14.0,2,0
11,True,Lincoln|hybrids|6|31,Lincoln,hybrids,6,31,B105 X 3IIH6,90,2022-08-20,88.68999918756793,-0.1587828990888378,14.0,2,0
12,True,Lincoln|hybrids|10|8,Lincoln,hybrids,10,8,B37 X H95,90,2022-08-20,88.77291796252086,-0.17978457847468754,14.0,2,0
13,True,Lincoln|hybrids|2|6,Lincoln,hybrids,2,6,B37 X H95,90,2022-08-20,89.01309970377852,-0.1527388241673071,14.0,2,0
14,True,Lincoln|hybrids|4|31,Lincoln,hybrids,4,31,2369 X PHZ51,90,2022-08-20,89.66250648636668,-0.1548447979077383,14.0,2,0
15,True,Lincoln|hybrids|7|5,Lincoln,hybrids,7,5,WF9 X H95,90,2022-08-20,89.7918981186086,-0.17809753266724193,14.0,2,0
16,True,Lincoln|hybrids|6|4,Lincoln,hybrids,6,4,PHK76 X LH145,90,2022-08-20,89.8452892016792,-0.1335270275581908,14.0,2,0
17,True,Lincoln|hybrids|10|32,Lincoln,hybrids,10,32,B105 X 3IIH6,90,2022-08-20,90.28786685575966,-0.16819874094632103,14.0,2,0
18,True,Lincoln|hybrids|9|8,Lincoln,hybrids,9,8,LH195 X PHM49,90,2022-08-20,90.66949382383868,-0.22463936566877074,14.0,2,0
19,True,Lincoln|hybrids|12|2,Lincoln,hybrids,12,2,PHK76 X LH145,90,2022-08-20,90.75920541120871,-0.15994796420409607,14.0,2,0
20,True,Lincoln|hybrids|11|28,Lincoln,hybrids,11,28,LH185 X LH145,90,2022-08-20,90.79688122568018,-0.15454498268215144,14.0,2,0
21,True,Lincoln|hybrids|3|18,Lincoln,hybrids,3,18,PHZ51 X LH145,90,2022-08-20,91.5727427269237,-0.13250905157519943,14.0,2,0
22,True,Lincoln|hybrids|15|4,Lincoln,hybrids,15,4,B105 X 3IIH6,90,2022-08-20,91.6124034445219,-0.19940830079172012,14.0,2,0
23,True,Lincoln|hybrids|5|34,Lincoln,hybrids,5,34,PHK76 X W606S,90,2022-08-20,92.09628993674262,-0.19321957333273754,14.0,2,0
24,True,Lincoln|hybrids|5|32,Lincoln,hybrids,5,32,PHZ51 X LH145,90,2022-08-20,92.24871098930788,-0.13525795899860737,14.0,2,0
25,True,Lincoln|hybrids|14|38,Lincoln,hybrids,14,38,PHZ51 X LH145,90,2022-08-20,92.58339266980471,-0.16789574940254826,14.0,2,0
26,True,Lincoln|hybrids|8|6,Lincoln,hybrids,8,6,PHZ51 X LH145,90,2022-08-20,92.78966640333034,-0.14739128754203545,14.0,2,0
27,True,Lincoln|hybrids|11|31,Lincoln,hybrids,11,31,2369 X PHZ51,90,2022-08-20,93.5301806152917,-0.16748808932333503,14.0,2,0
28,True,Lincoln|hybrids|6|18,Lincoln,hybrids,6,18,WF9 X H95,90,2022-08-20,94.08281886244737,-0.1405723364647855,14.0,2,0
29,True,Lincoln|hybrids|6|11,Lincoln,hybrids,6,11,LH195 X PHM49,90,2022-08-20,94.11770474728712,-0.16770542327995175,14.0,2,0
30,True,Lincoln|hybrids|9|6,Lincoln,hybrids,9,6,PHK76 X W606S,90,2022-08-20,94.34587218606336,-0.20175969061414578,14.0,2,0
31,True,Lincoln|hybrids|3|17,Lincoln,hybrids,3,17,B37 X H95,90,2022-08-20,94.51458648057633,-0.1379834533400377,14.0,2,0
32,True,Lincoln|hybrids|4|7,Lincoln,hybrids,4,7,2369 X PHZ51,90,2022-08-20,94.97819839069167,-0.13072666709789182,14.0,2,0
33,True,Lincoln|hybrids|3|30,Lincoln,hybrids,3,30,WF9 X H95,90,2022-08-20,95.57818825976148,-0.1789754451625707,14.0,2,0
34,True,Lincoln|hybrids|12|12,Lincoln,hybrids,12,12,B37 X OH43,90,2022-08-20,95.59171766874121,-0.14696760644706708,14.0,2,0
35,True,Lincoln|hybrids|11|9,Lincoln,hybrids,11,9,LH82 X PHB47,90,2022-08-20,95.64241747388661,-0.22463707741243866,14.0,2,0
36,True,Lincoln|hybrids|9|21,Lincoln,hybrids,9,21,PHK76 X LH145,90,2022-08-20,97.15161485575041,-0.13776213308096175,14.0,2,0
37,True,Lincoln|hybrids|9|20,Lincoln,hybrids,9,20,LH195 X PHM49,90,2022-08-20,97.28644689911027,-0.16261610669715298,14.0,2,0
38,True,Lincoln|hybrids|13|24,Lincoln,hybrids,13,24,B37 X H95,90,2022-08-20,97.29595704015043,-0.1737376120738059,14.0,2,0
39,True,Lincoln|hybrids|5|18,Lincoln,hybrids,5,18,LH195 X PHM49,90,2022-08-20,97.38025203872442,-0.18301043320954724,14.0,2,0
40,True,Lincoln|hybrids|7|28,Lincoln,hybrids,7,28,LH82 X PHB47,90,2022-08-20,97.46752968230524,-0.208434858164947,14.0,2,0
41,True,Lincoln|hybrids|11|34,Lincoln,hybrids,11,34,LH82 X PHB47,90,2022-08-20,97.69995041507644,-0.1979539521740189,14.0,2,0
42,True,Lincoln|hybrids|12|21,Lincoln,hybrids,12,21,2369 X PHZ51,90,2022-08-20,98.71791852728686,-0.17266646800625107,14.0,2,0
43,True,Lincoln|hybrids|11|13,Lincoln,hybrids,11,13,WF9 X H95,90,2022-08-20,98.81327415794588,-0.14249717271374007,14.0,2,0
44,True,Lincoln|hybrids|15|29,Lincoln,hybrids,15,29,PHK76 X W606S,90,2022-08-20,98.81524919267534,-0.15975805490321826,14.0,2,0
45,True,Lincoln|hybrids|2|24,Lincoln,hybrids,2,24,PHP02 X LH145,90,2022-08-20,98.99126383591843,-0.15572791097888228,14.0,2,0
46,True,Lincoln|hybrids|4|34,Lincoln,hybrids,4,34,PHP02 X LH82,90,2022-08-20,99.37142818319003,-0.2013460928232773,14.0,2,0
47,True,Lincoln|hybrids|13|17,Lincoln,hybrids,13,17,PHP02 X LH145,90,2022-08-20,99.50973888087842,-0.1229718493720181,14.0,2,0
48,True,Lincoln|hybrids|13|8,Lincoln,hybrids,13,8,PHZ51 X LH145,90,2022-08-20,99.51402337148579,-0.12184319415211808,14.0,2,0
49,True,Lincoln|hybrids|11|20,Lincoln,hybrids,11,20,WF9 X H95,90,2022-08-20,99.53668020102263,-0.17432401574337808,14.0,2,0
50,True,Lincoln|hybrids|2|7,Lincoln,hybrids,2,7,LH82 X PHB47,90,2022-08-20,99.80345644420798,-0.17898685363067923,14.0,2,0
51,True,Lincoln|hybrids|7|35,Lincoln,hybrids,7,35,B37 X MO17,90,2022-08-20,100.32789458559802,-0.194206992095178,14.0,2,0
52,False,Lincoln|hybrids|14|36,Lincoln,hybrids,14,36,B37 X MO17,90,2022-08-20,100.72422910940543,-0.1967403556080779,14.0,2,0
53,False,Lincoln|hybrids|2|3,Lincoln,hybrids,2,3,B37 X OH43,90,2022-08-20,100.90316656968332,-0.14118436641890963,14.0,2,0
54,False,Lincoln|hybrids|15|8,Lincoln,hybrids,15,8,LH185 X LH145,90,2022-08-20,101.19272894321367,-0.11153532187964255,14.0,2,0
55,False,Lincoln|hybrids|15|28,Lincoln,hybrids,15,28,PHP02 X LH145,90,2022-08-20,101.25717144769152,-0.1279591118107627,14.0,2,0
56,False,Lincoln|hybrids|2|34,Lincoln,hybrids,2,34,PHK76 X LH145,90,2022-08-20,101.5945496244293,-0.13404254048109954,14.0,2,0
57,False,Lincoln|hybrids|6|34,Lincoln,hybrids,6,34,LH198 X PHZ51,90,2022-08-20,102.1013563595557,-0.21133986676093186,14.0,2,0
58,False,Lincoln|hybrids|7|10,Lincoln,hybrids,7,10,PHP02 X LH82,90,2022-08-20,102.33239610566181,-0.18379052202273782,14.0,2,0
59,False,Lincoln|hybrids|14|30,Lincoln,hybrids,14,30,PHP02 X LH82,90,2022-08-20,102.34190848767524,-0.1815549663869649,14.0,2,0
60,False,Lincoln|hybrids|13|16,Lincoln,hybrids,13,16,B105 X 3IIH6,90,2022-08-20,102.36002684002868,-0.16166208351667954,14.0,2,0
61,False,Lincoln|hybrids|15|18,Lincoln,hybrids,15,18,PHK56 X LH145,90,2022-08-20,102.72176859040476,-0.1724520722534686,14.0,2,0
62,False,Lincoln|hybrids|13|38,Lincoln,hybrids,13,38,LH195 X PHZ51,90,2022-08-20,103.20714222168694,-0.15185983455704788,14.0,2,0
63,False,Lincoln|hybrids|14|18,Lincoln,hybrids,14,18,PHZ51 X LH145,90,2022-08-20,103.46164802411462,-0.10750788953709034,14.0,2,0
64,False,Lincoln|hybrids|13|22,Lincoln,hybrids,13,22,LH82 X PHB47,90,2022-08-20,103.52870944597308,-0.2131686292817575,14.0,2,0
65,False,Lincoln|hybrids|12|30,Lincoln,hybrids,12,30,PHK56 X LH145,90,2022-08-20,103.95288171943538,-0.15355585025551588,14.0,2,0
66,False,Lincoln|hybrids|11|6,Lincoln,hybrids,11,6,LH123HT X PHB47,90,2022-08-20,103.97685773718628,-0.2404472807922554,14.0,2,0
67,False,Lincoln|hybrids|7|36,Lincoln,hybrids,7,36,B73 X MO17,90,2022-08-20,103.98933058559854,-0.2165995442696378,14.0,2,0
68,False,Lincoln|hybrids|10|5,Lincoln,hybrids,10,5,PHK56 X 3IIH6,90,2022-08-20,104.22443186683056,-0.22862981184426134,14.0,2,0
69,False,Lincoln|hybrids|8|36,Lincoln,hybrids,8,36,LH198 X PHB47,90,2022-08-20,104.26718000780181,-0.13916470999624464,14.0,2,0
70,False,Lincoln|hybrids|14|6,Lincoln,hybrids,14,6,B14A X MO17,90,2022-08-20,104.28447576500625,-0.1913143236213557,14.0,2,0
71,False,Lincoln|hybrids|15|13,Lincoln,hybrids,15,13,2369 X PHZ51,90,2022-08-20,104.29138845434213,-0.1271613381617661,14.0,2,0
72,False,Lincoln|hybrids|3|31,Lincoln,hybrids,3,31,PHW52 X PHZ51,90,2022-08-20,104.58703341787526,-0.17403209456697677,14.0,2,0
73,False,Lincoln|hybrids|11|39,Lincoln,hybrids,11,39,PHP02 X PHJ89,90,2022-08-20,104.6664379982341,-0.17476735457009718,14.0,2,0
74,False,Lincoln|hybrids|10|31,Lincoln,hybrids,10,31,F42 X MO17,90,2022-08-20,104.72865671437928,-0.19791501114474797,14.0,2,0
75,False,Lincoln|hybrids|8|23,Lincoln,hybrids,8,23,SYNGENTA NK0760-3111,90,2022-08-20,104.76167019174454,-0.13755929793980837,14.0,2,0
76,False,Lincoln|hybrids|10|10,Lincoln,hybrids,10,10,PHB47 X 3IIH6,90,2022-08-20,104.86773099199912,-0.2344512957574918,14.0,2,0
77,False,Lincoln|hybrids|12|33,Lincoln,hybrids,12,33,SYNGENTA NK0760-3111,90,2022-08-20,104.95119372804712,-0.1686477937710381,14.0,2,0
78,False,Lincoln|hybrids|2|23,Lincoln,hybrids,2,23,PHK76 X W606S,90,2022-08-20,105.00037612410479,-0.14853731219663557,14.0,2,0
79,False,Lincoln|hybrids|12|9,Lincoln,hybrids,12,9,SYNGENTA NK0760-3111,90,2022-08-20,105.1074507015947,-0.15892031406332685,14.0,2,0
80,False,Lincoln|hybrids|4|30,Lincoln,hybrids,4,30,PHW52 X LH185,90,2022-08-20,105.14699818519875,-0.17973481346880638,14.0,2,0
81,False,Lincoln|hybrids|4|24,Lincoln,hybrids,4,24,B105 X 3IIH6,90,2022-08-20,105.22643748286154,-0.16278400718781527,14.0,2,0
82,False,Lincoln|hybrids|7|7,Lincoln,hybrids,7,7,LH195 X LH123HT,90,2022-08-20,105.30156116301055,-0.21816928476319197,14.0,2,0
83,False,Lincoln|hybrids|4|37,Lincoln,hybrids,4,37,LH195 X PHM49,90,2022-08-20,105.3257345300498,-0.10125743543012833,14.0,2,0
84,False,Lincoln|hybrids|8|10,Lincoln,hybrids,8,10,SYNGENTA NK0760-3111,90,2022-08-20,105.3299005621175,-0.15958971735685779,14.0,2,0
85,False,Lincoln|hybrids|8|33,Lincoln,hybrids,8,33,PHN46 X PHK56,90,2022-08-20,105.34415260439461,-0.13792769200313537,14.0,2,0
86,False,Lincoln|hybrids|11|33,Lincoln,hybrids,11,33,B73 X MO17,90,2022-08-20,105.3576666544474,-0.22211398645291291,14.0,2,0
87,False,Lincoln|hybrids|9|7,Lincoln,hybrids,9,7,B37 X MO17,90,2022-08-20,105.369023692664,-0.1558516875828836,14.0,2,0
88,False,Lincoln|hybrids|4|33,Lincoln,hybrids,4,33,LH82 X PHJ89,90,2022-08-20,105.38508237093248,-0.21078699579509874,14.0,2,0
89,False,Lincoln|hybrids|11|30,Lincoln,hybrids,11,30,PHP02 X LH198,90,2022-08-20,105.41864430423063,-0.17647373734497607,14.0,2,0
90,False,Lincoln|hybrids|7|23,Lincoln,hybrids,7,23,B37 X OH43,90,2022-08-20,105.44452252338118,-0.13388042227540564,14.0,2,0
91,False,Lincoln|hybrids|11|32,Lincoln,hybrids,11,32,PHB47 X PHJ89,90,2022-08-20,105.47740900751131,-0.17677919792524244,14.0,2,0
92,False,Lincoln|hybrids|4|29,Lincoln,hybrids,4,29,PHK76 X 3IIH6,90,2022-08-20,105.646830584706,-0.15593655283895735,14.0,2,0
93,False,Lincoln|hybrids|14|23,Lincoln,hybrids,14,23,PHK76 X W606S,90,2022-08-20,105.65571302286895,-0.14291577338766415,14.0,2,0
94,False,Lincoln|hybrids|11|5,Lincoln,hybrids,11,5,LH195 X LH123HT,90,2022-08-20,105.65841321817861,-0.18997736010154265,14.0,2,0
95,False,Lincoln|hybrids|11|17,Lincoln,hybrids,11,17,LH185 X LH145,90,2022-08-20,105.66385777905316,-0.1210149773508643,14.0,2,0
96,False,Lincoln|hybrids|7|29,Lincoln,hybrids,7,29,PHT69 X 3IIH6,90,2022-08-20,105.6714447368435,-0.20216656077594763,14.0,2,0
97,False,Lincoln|hybrids|9|35,Lincoln,hybrids,9,35,LH82 X PHJ89,90,2022-08-20,105.69138449559118,-0.2018148412762677,14.0,2,0
98,False,Lincoln|hybrids|9|33,Lincoln,hybrids,9,33,PHW52 X PHM49,90,2022-08-20,105.74290486122442,-0.1943151154174182,14.0,2,0
99,False,Lincoln|hybrids|9|37,Lincoln,hybrids,9,37,PHN46 X W606S,90,2022-08-20,105.77952878202436,-0.15470076388063625,14.0,2,0
100,False,Lincoln|hybrids|2|26,Lincoln,hybrids,2,26,LH82 X PHB47,90,2022-08-20,105.91523290045802,-0.16794470737310596,14.0,2,0
101,False,Lincoln|hybrids|6|9,Lincoln,hybrids,6,9,B37 X MO17,90,2022-08-20,105.97232138383794,-0.14842502644183375,14.0,2,0
102,False,Lincoln|hybrids|15|12,Lincoln,hybrids,15,12,PHK76 X 3IIH6,90,2022-08-20,106.06151571377872,-0.13752648766697528,14.0,2,0
103,False,Lincoln|hybrids|8|28,Lincoln,hybrids,8,28,PHP02 X PHK76,90,2022-08-20,106.11856075972287,-0.18646928116359396,14.0,2,0
104,False,Lincoln|hybrids|13|36,Lincoln,hybrids,13,36,B14A X MO17,90,2022-08-20,106.20460864793678,-0.17779777878425773,14.0,2,0
105,False,Lincoln|hybrids|6|33,Lincoln,hybrids,6,33,B14A X MO17,90,2022-08-20,106.28413576476855,-0.20406589513061468,14.0,2,0
106,False,Lincoln|hybrids|13|5,Lincoln,hybrids,13,5,LH198 X PHB47,90,2022-08-20,106.30634513911872,-0.17297905568577066,14.0,2,0
107,False,Lincoln|hybrids|3|33,Lincoln,hybrids,3,33,F42 X MO17,90,2022-08-20,106.36140081642208,-0.19311702021624633,14.0,2,0
108,False,Lincoln|hybrids|6|38,Lincoln,hybrids,6,38,PHW52 X PHM49,90,2022-08-20,106.37224908771893,-0.1477283675543497,14.0,2,0
109,False,Lincoln|hybrids|5|30,Lincoln,hybrids,5,30,2369 X PHN82,90,2022-08-20,106.52682906708174,-0.16405632963717054,14.0,2,0
110,False,Lincoln|hybrids|3|5,Lincoln,hybrids,3,5,PHB47 X 3IIH6,90,2022-08-20,106.60700076271836,-0.21612094565879325,14.0,2,0
111,False,Lincoln|hybrids|10|4,Lincoln,hybrids,10,4,B84 X 3IIH6,90,2022-08-20,106.60983920280015,-0.17598347590557217,14.0,2,0
112,False,Lincoln|hybrids|3|15,Lincoln,hybrids,3,15,2369 X PHZ51,90,2022-08-20,106.617625084881,-0.12889010067722273,14.0,2,0
113,False,Lincoln|hybrids|2|32,Lincoln,hybrids,2,32,PHP02 X PHJ89,90,2022-08-20,106.68332807606342,-0.16577859947212192,14.0,2,0
114,False,Lincoln|hybrids|6|30,Lincoln,hybrids,6,30,PHN46 X W606S,90,2022-08-20,106.73634203455777,-0.1559070775798378,14.0,2,0
115,False,Lincoln|hybrids|7|32,Lincoln,hybrids,7,32,B84 X 3IIH6,90,2022-08-20,106.78195232631137,-0.16016376164809287,14.0,2,0
116,False,Lincoln|hybrids|11|16,Lincoln,hybrids,11,16,B37 X OH43,90,2022-08-20,106.81444784553514,-0.11921994869327623,14.0,2,0
117,False,Lincoln|hybrids|3|10,Lincoln,hybrids,3,10,B84 X 3IIH6,90,2022-08-20,106.85740782138679,-0.1806893996052048,14.0,2,0
118,False,Lincoln|hybrids|15|30,Lincoln,hybrids,15,30,PHP02 X PHK76,90,2022-08-20,106.86394939391253,-0.15903104507105503,14.0,2,0
119,False,Lincoln|hybrids|8|38,Lincoln,hybrids,8,38,SYNGENTA NK0760-3111,90,2022-08-20,106.9900820771525,-0.19879168632669308,14.0,2,0
120,False,Lincoln|hybrids|9|34,Lincoln,hybrids,9,34,PHB47 X LH185,90,2022-08-20,107.10509330562066,-0.21896037162895154,14.0,2,0
121,False,Lincoln|hybrids|14|31,Lincoln,hybrids,14,31,PHW52 X PHZ51,90,2022-08-20,107.21341972730187,-0.1763385221498739,14.0,2,0
122,False,Lincoln|hybrids|4|35,Lincoln,hybrids,4,35,PHP02 X PHB47,90,2022-08-20,107.26348869602839,-0.20908485738695592,14.0,2,0
123,False,Lincoln|hybrids|5|5,Lincoln,hybrids,5,5,2369 X 3IIH6,90,2022-08-20,107.33400829311908,-0.18060258271285412,14.0,2,0
124,False,Lincoln|hybrids|12|7,Lincoln,hybrids,12,7,LH195 X 3IIH6,90,2022-08-20,107.4411677544621,-0.2129603164166194,14.0,2,0
125,False,Lincoln|hybrids|12|34,Lincoln,hybrids,12,34,SYNGENTA NK0760-3111,90,2022-08-20,107.53799710433654,-0.14937802286677493,14.0,2,0
126,False,Lincoln|hybrids|4|13,Lincoln,hybrids,4,13,LH123HT X PHB47,90,2022-08-20,107.54060023575256,-0.22706348927936426,14.0,2,0
127,False,Lincoln|hybrids|5|29,Lincoln,hybrids,5,29,B73 X PHZ51,90,2022-08-20,107.61684047583785,-0.16454357292241062,14.0,2,0
128,False,Lincoln|hybrids|6|32,Lincoln,hybrids,6,32,PHK76 X LH198,90,2022-08-20,107.7181736248738,-0.14716695215824527,14.0,2,0
129,False,Lincoln|hybrids|12|31,Lincoln,hybrids,12,31,SYNGENTA NK0760-3111,90,2022-08-20,107.73350807011977,-0.16180107010764533,14.0,2,0
130,False,Lincoln|hybrids|9|31,Lincoln,hybrids,9,31,2369 X LH123HT,90,2022-08-20,107.73522324085279,-0.18326365848410042,14.0,2,0
131,False,Lincoln|hybrids|7|38,Lincoln,hybrids,7,38,LH195 X 3IIH6,90,2022-08-20,107.7835535224343,-0.20904209492948778,14.0,2,0
132,False,Lincoln|hybrids|11|8,Lincoln,hybrids,11,8,2369 X PHP02,90,2022-08-20,107.79050563729584,-0.1859933086738741,14.0,2,0
133,False,Lincoln|hybrids|15|37,Lincoln,hybrids,15,37,PHT69 X 3IIH6,90,2022-08-20,107.87405492237967,-0.2093814235404039,14.0,2,0
134,False,Lincoln|hybrids|6|21,Lincoln,hybrids,6,21,B73 X PHZ51,90,2022-08-20,107.90276616147793,-0.13292954239749144,14.0,2,0
135,False,Lincoln|hybrids|8|32,Lincoln,hybrids,8,32,B73 X PHM49,90,2022-08-20,107.9154561876727,-0.1852760773536989,14.0,2,0
136,False,Lincoln|hybrids|4|23,Lincoln,hybrids,4,23,LH198 X PHB47,90,2022-08-20,107.96393207828443,-0.16213584267534875,14.0,2,0
137,False,Lincoln|hybrids|3|32,Lincoln,hybrids,3,32,4N506 X 3IIH6,90,2022-08-20,108.03220896494467,-0.16696134716910604,14.0,2,0
138,False,Lincoln|hybrids|12|6,Lincoln,hybrids,12,6,LH145 X LH162,90,2022-08-20,108.11185546393337,-0.16356086268389602,14.0,2,0
139,False,Lincoln|hybrids|15|32,Lincoln,hybrids,15,32,PHG39 X PHM49,90,2022-08-20,108.21356480053444,-0.17774119381390774,14.0,2,0
140,False,Lincoln|hybrids|10|34,Lincoln,hybrids,10,34,LH74 X PHM49,90,2022-08-20,108.23178640206092,-0.22067436439331733,14.0,2,0
141,False,Lincoln|hybrids|8|29,Lincoln,hybrids,8,29,2369 X LH123HT,90,2022-08-20,108.24826282451527,-0.21674272696274777,14.0,2,0
142,False,Lincoln|hybrids|7|4,Lincoln,hybrids,7,4,PHK56 X 3IIH6,90,2022-08-20,108.35901886711531,-0.21527893406832055,14.0,2,0
143,False,Lincoln|hybrids|3|6,Lincoln,hybrids,3,6,PHP02 X PHG47,90,2022-08-20,108.40162610374784,-0.16689737395683313,14.0,2,0
144,False,Lincoln|hybrids|7|6,Lincoln,hybrids,7,6,LH74 X PHM49,90,2022-08-20,108.40300246564553,-0.20862962385950357,14.0,2,0
145,False,Lincoln|hybrids|14|10,Lincoln,hybrids,14,10,4N506 X 3IIH6,90,2022-08-20,108.41504191478722,-0.1764536891019396,14.0,2,0
146,False,Lincoln|hybrids|6|28,Lincoln,hybrids,6,28,2369 X 3IIH6,90,2022-08-20,108.43865990664048,-0.18963866660996131,14.0,2,0
147,False,Lincoln|hybrids|11|21,Lincoln,hybrids,11,21,B73 X MO17,90,2022-08-20,108.578352529949,-0.19151083175050754,14.0,2,0
148,False,Lincoln|hybrids|4|9,Lincoln,hybrids,4,9,PHK76 X W606S,90,2022-08-20,108.87405351917155,-0.13206232177124333,14.0,2,0
149,False,Lincoln|hybrids|4|5,Lincoln,hybrids,4,5,B73 X PHZ51,90,2022-08-20,108.918895764562,-0.1321777203773422,14.0,2,0
150,False,Lincoln|hybrids|3|29,Lincoln,hybrids,3,29,LH195 X LH123HT,90,2022-08-20,108.93367617462472,-0.1735090985883655,14.0,2,0
151,False,Lincoln|hybrids|10|7,Lincoln,hybrids,10,7,2369 X LH123HT,90,2022-08-20,108.96070205869874,-0.203731652387799,14.0,2,0
152,False,Lincoln|hybrids|8|37,Lincoln,hybrids,8,37,PHK76 X LH82,90,2022-08-20,109.03772076431643,-0.16425705750126196,14.0,2,0
153,False,Lincoln|hybrids|15|31,Lincoln,hybrids,15,31,PHP02 X PHB47,90,2022-08-20,109.10635963742807,-0.18823453886736508,14.0,2,0
154,False,Lincoln|hybrids|7|8,Lincoln,hybrids,7,8,PHB47 X LH185,90,2022-08-20,109.1389098878818,-0.20412106926746565,14.0,2,0
155,False,Lincoln|hybrids|5|23,Lincoln,hybrids,5,23,F42 X OH43,90,2022-08-20,109.17431227514314,-0.1380957069836548,14.0,2,0
156,False,Lincoln|hybrids|2|33,Lincoln,hybrids,2,33,LH82 X W606S,90,2022-08-20,109.1836170754432,-0.15975499260575554,14.0,2,0
157,False,Lincoln|hybrids|2|2,Lincoln,hybrids,2,2,PHN46 X W606S,90,2022-08-20,109.25626105038546,-0.19373125016759563,14.0,2,0
158,False,Lincoln|hybrids|8|39,Lincoln,hybrids,8,39,PHJ40 X LH82,90,2022-08-20,109.3715072051335,-0.16788609406241906,14.0,2,0
159,False,Lincoln|hybrids|7|30,Lincoln,hybrids,7,30,PHP02 X PHN46,90,2022-08-20,109.3793759224672,-0.15121972361893643,14.0,2,0
160,False,Lincoln|hybrids|9|24,Lincoln,hybrids,9,24,PHP02 X PHG47,90,2022-08-20,109.4142959593286,-0.16548137778101135,14.0,2,0
161,False,Lincoln|hybrids|14|37,Lincoln,hybrids,14,37,LH74 X PHN82,90,2022-08-20,109.4177305527585,-0.1729751004277993,14.0,2,0
162,False,Lincoln|hybrids|4|11,Lincoln,hybrids,4,11,4N506 X 3IIH6,90,2022-08-20,109.45612531470212,-0.21374099316942963,14.0,2,0
163,False,Lincoln|hybrids|4|6,Lincoln,hybrids,4,6,B14A X MO17,90,2022-08-20,109.51220145123838,-0.15696020043449332,14.0,2,0
164,False,Lincoln|hybrids|8|13,Lincoln,hybrids,8,13,2369 X 3IIH6,90,2022-08-20,109.57857470125745,-0.17196870811932652,14.0,2,0
165,False,Lincoln|hybrids|5|19,Lincoln,hybrids,5,19,PHG39 X PHM49,90,2022-08-20,109.59327687986632,-0.1555945596596393,14.0,2,0
166,False,Lincoln|hybrids|11|38,Lincoln,hybrids,11,38,LH198 X PHZ51,90,2022-08-20,109.66684489972275,-0.16079054856212138,14.0,2,0
167,False,Lincoln|hybrids|14|20,Lincoln,hybrids,14,20,LH198 X PHB47,90,2022-08-20,109.77571945019494,-0.14245366264546444,14.0,2,0
168,False,Lincoln|hybrids|15|22,Lincoln,hybrids,15,22,LH195 X LH123HT,90,2022-08-20,109.78955587769534,-0.14738274999482637,14.0,2,0
169,False,Lincoln|hybrids|9|26,Lincoln,hybrids,9,26,PHW52 X PHM49,90,2022-08-20,109.8082256365647,-0.19466480464986968,14.0,2,0
170,False,Lincoln|hybrids|12|8,Lincoln,hybrids,12,8,PHP02 X LH82,90,2022-08-20,109.88692894928869,-0.1689437185717394,14.0,2,0
171,False,Lincoln|hybrids|9|12,Lincoln,hybrids,9,12,PHP02 X PHN46,90,2022-08-20,109.90016778828658,-0.16597998163629568,14.0,2,0
172,False,Lincoln|hybrids|5|3,Lincoln,hybrids,5,3,PHK76 X 3IIH6,90,2022-08-20,109.90940429831628,-0.1683596375040588,14.0,2,0
173,False,Lincoln|hybrids|8|25,Lincoln,hybrids,8,25,SYNGENTA NK0760-3111,90,2022-08-20,109.91455754637491,-0.2062748356681089,14.0,2,0
174,False,Lincoln|hybrids|13|30,Lincoln,hybrids,13,30,PHK76 X 3IIH6,90,2022-08-20,109.99463805313067,-0.12647266933967383,14.0,2,0
175,False,Lincoln|hybrids|8|11,Lincoln,hybrids,8,11,SYNGENTA NK0760-3111,90,2022-08-20,110.01270872411425,-0.16121656580799681,14.0,2,0
176,False,Lincoln|hybrids|11|35,Lincoln,hybrids,11,35,PHB47 X 3IIH6,90,2022-08-20,110.07771360667006,-0.1587662564511807,14.0,2,0
177,False,Lincoln|hybrids|6|6,Lincoln,hybrids,6,6,PHP02 X PHJ89,90,2022-08-20,110.09306449201162,-0.16780778141043173,14.0,2,0
178,False,Lincoln|hybrids|13|6,Lincoln,hybrids,13,6,PHP02 X PHJ89,90,2022-08-20,110.1112279283612,-0.17344027857373245,14.0,2,0
179,False,Lincoln|hybrids|6|20,Lincoln,hybrids,6,20,2369 X PHP02,90,2022-08-20,110.163134517641,-0.13732417634705285,14.0,2,0
180,False,Lincoln|hybrids|7|34,Lincoln,hybrids,7,34,N209 X 3IIH6,90,2022-08-20,110.20019252102531,-0.20958894243056425,14.0,2,0
181,False,Lincoln|hybrids|10|9,Lincoln,hybrids,10,9,PHB47 X LH185,90,2022-08-20,110.23258567295214,-0.1966784329164577,14.0,2,0
182,False,Lincoln|hybrids|12|26,Lincoln,hybrids,12,26,PHB47 X PHJ89,90,2022-08-20,110.24198915997351,-0.1730298009858665,14.0,2,0
183,False,Lincoln|hybrids|3|25,Lincoln,hybrids,3,25,PHP02 X LH82,90,2022-08-20,110.28376458860598,-0.16728675605206766,14.0,2,0
184,False,Lincoln|hybrids|12|10,Lincoln,hybrids,12,10,LH123HT X 3IIH6,90,2022-08-20,110.2903890351906,-0.1952799286508322,14.0,2,0
185,False,Lincoln|hybrids|12|13,Lincoln,hybrids,12,13,PHW52 X LH185,90,2022-08-20,110.38095330122479,-0.1568282755423257,14.0,2,0
186,False,Lincoln|hybrids|11|10,Lincoln,hybrids,11,10,LH198 X PHZ51,90,2022-08-20,110.4139045927027,-0.1688828592478122,14.0,2,0
187,False,Lincoln|hybrids|11|22,Lincoln,hybrids,11,22,LH74 X PHM49,90,2022-08-20,110.43720226616662,-0.20707068131283513,14.0,2,0
188,False,Lincoln|hybrids|6|5,Lincoln,hybrids,6,5,PHG39 X PHM49,90,2022-08-20,110.46532753839244,-0.1495178700615133,14.0,2,0
189,False,Lincoln|hybrids|14|7,Lincoln,hybrids,14,7,SYNGENTA NK0760-3111,90,2022-08-20,110.46565979582661,-0.16434639866527057,14.0,2,0
190,False,Lincoln|hybrids|11|11,Lincoln,hybrids,11,11,B73 X PHM49,90,2022-08-20,110.48634607735694,-0.18535986783608394,14.0,2,0
191,False,Lincoln|hybrids|9|25,Lincoln,hybrids,9,25,PHT69 X 3IIH6,90,2022-08-20,110.4882059976035,-0.19270854029887075,14.0,2,0
192,False,Lincoln|hybrids|5|12,Lincoln,hybrids,5,12,LH195 X PHZ51,90,2022-08-20,110.49167672893691,-0.13927809276380865,14.0,2,0
193,False,Lincoln|hybrids|5|22,Lincoln,hybrids,5,22,B37 X MO17,90,2022-08-20,110.51341099470886,-0.14736029562401298,14.0,2,0
194,False,Lincoln|hybrids|4|22,Lincoln,hybrids,4,22,B14A X MO17,90,2022-08-20,110.52098912172136,-0.21238411807231317,14.0,2,0
195,False,Lincoln|hybrids|5|6,Lincoln,hybrids,5,6,LH195 X 3IIH6,90,2022-08-20,110.58348554842328,-0.17063341044469393,14.0,2,0
196,False,Lincoln|hybrids|14|32,Lincoln,hybrids,14,32,PHW52 X LH185,90,2022-08-20,110.58861916301285,-0.17470142453451798,14.0,2,0
197,False,Lincoln|hybrids|7|13,Lincoln,hybrids,7,13,SYNGENTA NK0760-3111,90,2022-08-20,110.64181282006675,-0.14043571677026812,14.0,2,0
198,False,Lincoln|hybrids|4|3,Lincoln,hybrids,4,3,PHT69 X 3IIH6,90,2022-08-20,110.67984017897456,-0.17218381490588075,14.0,2,0
199,False,Lincoln|hybrids|6|2,Lincoln,hybrids,6,2,PHP02 X PHK76,90,2022-08-20,110.78944728415706,-0.13376616380629625,14.0,2,0
200,False,Lincoln|hybrids|13|7,Lincoln,hybrids,13,7,PHP02 X PHG47,90,2022-08-20,110.86614907812324,-0.1899327852022632,14.0,2,0
201,False,Lincoln|hybrids|13|26,Lincoln,hybrids,13,26,2369 X 3IIH6,90,2022-08-20,110.93908729604684,-0.13165531031656041,14.0,2,0
202,False,Lincoln|hybrids|10|39,Lincoln,hybrids,10,39,PHP02 X PHG47,90,2022-08-20,110.96357124338016,-0.15235453212061634,14.0,2,0
203,False,Lincoln|hybrids|11|23,Lincoln,hybrids,11,23,PHW52 X LH185,90,2022-08-20,111.00120228143385,-0.19453750017604987,14.0,2,0
204,False,Lincoln|hybrids|12|15,Lincoln,hybrids,12,15,PHP02 X LH198,90,2022-08-20,111.00781447981052,-0.12212323233481548,14.0,2,0
205,False,Lincoln|hybrids|3|23,Lincoln,hybrids,3,23,PHP02 X PHJ89,90,2022-08-20,111.08089741150215,-0.15160087889680585,14.0,2,0
206,False,Lincoln|hybrids|10|18,Lincoln,hybrids,10,18,LH198 X PHZ51,90,2022-08-20,111.08370333562185,-0.14466204501295177,14.0,2,0
207,False,Lincoln|hybrids|5|2,Lincoln,hybrids,5,2,PHJ40 X LH82,90,2022-08-20,111.23715558172225,-0.12012077502070984,14.0,2,0
208,False,Lincoln|hybrids|2|20,Lincoln,hybrids,2,20,PHB47 X 3IIH6,90,2022-08-20,111.28064126317867,-0.1997936035133805,14.0,2,0
209,False,Lincoln|hybrids|14|22,Lincoln,hybrids,14,22,LH82 X PHJ89,90,2022-08-20,111.28718340209875,-0.15086280207731217,14.0,2,0
210,False,Lincoln|hybrids|14|19,Lincoln,hybrids,14,19,LH74 X PHN82,90,2022-08-20,111.28942409142599,-0.1384917419515379,14.0,2,0
211,False,Lincoln|hybrids|14|11,Lincoln,hybrids,14,11,PHG39 X PHM49,90,2022-08-20,111.33267877893962,-0.14210197868764363,14.0,2,0
212,False,Lincoln|hybrids|8|18,Lincoln,hybrids,8,18,PHK76 X LH145,90,2022-08-20,111.3580262373705,-0.10007275196051069,14.0,2,0
213,False,Lincoln|hybrids|13|15,Lincoln,hybrids,13,15,PHP02 X LH82,90,2022-08-20,111.3819190955266,-0.1304823573128404,14.0,2,0
214,False,Lincoln|hybrids|12|36,Lincoln,hybrids,12,36,LH195 X PHM49,90,2022-08-20,111.4394498615363,-0.08628408821533373,14.0,2,0
215,False,Lincoln|hybrids|14|13,Lincoln,hybrids,14,13,PHK76 X LH198,90,2022-08-20,111.4495948796257,-0.14682027171303835,14.0,2,0
216,False,Lincoln|hybrids|12|5,Lincoln,hybrids,12,5,B73 X PHZ51,90,2022-08-20,111.46361396473922,-0.15250077006667362,14.0,2,0
217,False,Lincoln|hybrids|4|28,Lincoln,hybrids,4,28,PHP02 X LH198,90,2022-08-20,111.47707113955784,-0.15706085735106445,14.0,2,0
218,False,Lincoln|hybrids|6|8,Lincoln,hybrids,6,8,2369 X LH123HT,90,2022-08-20,111.47965967326932,-0.26125944970025705,14.0,2,0
219,False,Lincoln|hybrids|15|21,Lincoln,hybrids,15,21,LH123HT X 3IIH6,90,2022-08-20,111.50164514117441,-0.11844104500462382,14.0,2,0
220,False,Lincoln|hybrids|4|16,Lincoln,hybrids,4,16,PHB47 X PHK56,90,2022-08-20,111.51037110139171,-0.148135289048565,14.0,2,0
221,False,Lincoln|hybrids|2|19,Lincoln,hybrids,2,19,2369 X 3IIH6,90,2022-08-20,111.58584875742744,-0.14397846483032284,14.0,2,0
222,False,Lincoln|hybrids|9|32,Lincoln,hybrids,9,32,B73 X PHN82,90,2022-08-20,111.5863995488694,-0.18162563127127374,14.0,2,0
223,False,Lincoln|hybrids|2|13,Lincoln,hybrids,2,13,LH198 X PHB47,90,2022-08-20,111.60389003407674,-0.16825912735359794,14.0,2,0
224,False,Lincoln|hybrids|4|26,Lincoln,hybrids,4,26,LH74 X PHM49,90,2022-08-20,111.61672951245579,-0.1726914250860857,14.0,2,0
225,False,Lincoln|hybrids|13|4,Lincoln,hybrids,13,4,PHT69 X 3IIH6,90,2022-08-20,111.63947860700588,-0.16558828128373637,14.0,2,0
226,False,Lincoln|hybrids|14|24,Lincoln,hybrids,14,24,2369 X PHP02,90,2022-08-20,111.64270243095103,-0.17243055269627727,14.0,2,0
227,False,Lincoln|hybrids|6|35,Lincoln,hybrids,6,35,PHB47 X PHK56,90,2022-08-20,111.64743516621854,-0.21610558614541397,14.0,2,0
228,False,Lincoln|hybrids|8|5,Lincoln,hybrids,8,5,F42 X MO17,90,2022-08-20,111.65831328301475,-0.16313536173391452,14.0,2,0
229,False,Lincoln|hybrids|2|4,Lincoln,hybrids,2,4,PHK76 X LH82,90,2022-08-20,111.65952361873578,-0.14484261416685418,14.0,2,0
230,False,Lincoln|hybrids|2|31,Lincoln,hybrids,2,31,PHJ40 X LH82,90,2022-08-20,111.67344658128397,-0.14897453248800807,14.0,2,0
231,False,Lincoln|hybrids|7|11,Lincoln,hybrids,7,11,PHW52 X LH185,90,2022-08-20,111.73024745058012,-0.1509566967528122,14.0,2,0
232,False,Lincoln|hybrids|10|17,Lincoln,hybrids,10,17,B37 X MO17,90,2022-08-20,111.73230233165812,-0.17576925685990497,14.0,2,0
233,False,Lincoln|hybrids|4|8,Lincoln,hybrids,4,8,2369 X PHN82,90,2022-08-20,111.73527011849507,-0.15922348961356325,14.0,2,0
234,False,Lincoln|hybrids|2|8,Lincoln,hybrids,2,8,2369 X PHP02,90,2022-08-20,111.76266101164624,-0.16521810779371848,14.0,2,0
235,False,Lincoln|hybrids|7|39,Lincoln,hybrids,7,39,PHP02 X PHG47,90,2022-08-20,111.76652908885266,-0.18633074441491193,14.0,2,0
236,False,Lincoln|hybrids|8|35,Lincoln,hybrids,8,35,2369 X PHP02,90,2022-08-20,111.7866510073853,-0.19054816430445898,14.0,2,0
237,False,Lincoln|hybrids|9|23,Lincoln,hybrids,9,23,2369 X PHN82,90,2022-08-20,111.79003310257593,-0.16665946794934716,14.0,2,0
238,False,Lincoln|hybrids|5|25,Lincoln,hybrids,5,25,PHN46 X W606S,90,2022-08-20,111.81809871630608,-0.12066875866886939,14.0,2,0
239,False,Lincoln|hybrids|14|4,Lincoln,hybrids,14,4,PHW52 X PHM49,90,2022-08-20,111.86730409329958,-0.18159801315333535,14.0,2,0
240,False,Lincoln|hybrids|10|23,Lincoln,hybrids,10,23,PHB47 X 3IIH6,90,2022-08-20,111.87298769409492,-0.19749679731705339,14.0,2,0
241,False,Lincoln|hybrids|12|35,Lincoln,hybrids,12,35,SYNGENTA NK0760-3111,90,2022-08-20,111.92933863601704,-0.12228598955567893,14.0,2,0
242,False,Lincoln|hybrids|5|15,Lincoln,hybrids,5,15,PHK76 X LH198,90,2022-08-20,111.99274081341582,-0.15358125995867833,14.0,2,0
243,False,Lincoln|hybrids|2|21,Lincoln,hybrids,2,21,LH198 X PHZ51,90,2022-08-20,112.00473544971473,-0.18053989963511274,14.0,2,0
244,False,Lincoln|hybrids|2|28,Lincoln,hybrids,2,28,LH145 X LH162,90,2022-08-20,112.07104772432061,-0.17958239702011947,14.0,2,0
245,False,Lincoln|hybrids|7|31,Lincoln,hybrids,7,31,F42 X OH43,90,2022-08-20,112.0715519729475,-0.18358943674872008,14.0,2,0
246,False,Lincoln|hybrids|9|17,Lincoln,hybrids,9,17,PHP02 X PHB47,90,2022-08-20,112.10824403312174,-0.13321283973153153,14.0,2,0
247,False,Lincoln|hybrids|8|24,Lincoln,hybrids,8,24,SYNGENTA NK0760-3111,90,2022-08-20,112.12859414219031,-0.16608458177716945,14.0,2,0
248,False,Lincoln|hybrids|7|3,Lincoln,hybrids,7,3,PHK76 X LH198,90,2022-08-20,112.1585504414503,-0.15268848357600073,14.0,2,0
249,False,Lincoln|hybrids|14|28,Lincoln,hybrids,14,28,LH82 X W606S,90,2022-08-20,112.16460255710598,-0.1587169296780523,14.0,2,0
250,False,Lincoln|hybrids|4|18,Lincoln,hybrids,4,18,LH74 X PHN82,90,2022-08-20,112.18410404180614,-0.17204873085398342,14.0,2,0
251,False,Lincoln|hybrids|10|29,Lincoln,hybrids,10,29,PHK56 X LH185,90,2022-08-20,112.24291629058793,-0.1737073694325979,14.0,2,0
252,False,Lincoln|hybrids|7|21,Lincoln,hybrids,7,21,PHP02 X LH198,90,2022-08-20,112.25858827933746,-0.18690041177683536,14.0,2,0
253,False,Lincoln|hybrids|5|9,Lincoln,hybrids,5,9,B73 X PHM49,90,2022-08-20,112.25974616024814,-0.16425074957378216,14.0,2,0
254,False,Lincoln|hybrids|5|37,Lincoln,hybrids,5,37,LH198 X PHB47,90,2022-08-20,112.26230437342625,-0.10952418648708429,14.0,2,0
255,False,Lincoln|hybrids|9|16,Lincoln,hybrids,9,16,PHP02 X LH185,90,2022-08-20,112.32110023618279,-0.11183797101036896,14.0,2,0
256,False,Lincoln|hybrids|7|12,Lincoln,hybrids,7,12,PHP02 X PHB47,90,2022-08-20,112.34735893389379,-0.18416008655919658,14.0,2,0
257,False,Lincoln|hybrids|3|22,Lincoln,hybrids,3,22,PHP02 X PHB47,90,2022-08-20,112.34749792441578,-0.1639540773187499,14.0,2,0
258,False,Lincoln|hybrids|10|22,Lincoln,hybrids,10,22,PHB47 X LH185,90,2022-08-20,112.38337572795172,-0.19590005887164386,14.0,2,0
259,False,Lincoln|hybrids|12|20,Lincoln,hybrids,12,20,PHN46 X W606S,90,2022-08-20,112.43821186744438,-0.1815703582820266,14.0,2,0
260,False,Lincoln|hybrids|10|6,Lincoln,hybrids,10,6,LH74 X PHN82,90,2022-08-20,112.4639737469431,-0.17124898185692372,14.0,2,0
261,False,Lincoln|hybrids|10|33,Lincoln,hybrids,10,33,LH195 X LH185,90,2022-08-20,112.63851568195854,-0.21306682596241378,14.0,2,0
262,False,Lincoln|hybrids|13|13,Lincoln,hybrids,13,13,LH195 X PHZ51,90,2022-08-20,112.65690017158282,-0.1521552328119894,14.0,2,0
263,False,Lincoln|hybrids|8|12,Lincoln,hybrids,8,12,SYNGENTA NK0760-3111,90,2022-08-20,112.71546526481347,-0.1362037720766789,14.0,2,0
264,False,Lincoln|hybrids|10|11,Lincoln,hybrids,10,11,PHP02 X PHB47,90,2022-08-20,112.73436687304022,-0.20703202637859286,14.0,2,0
265,False,Lincoln|hybrids|5|36,Lincoln,hybrids,5,36,PHK56 X LH185,90,2022-08-20,112.77385014851137,-0.15983329314065575,14.0,2,0
266,False,Lincoln|hybrids|12|32,Lincoln,hybrids,12,32,SYNGENTA NK0760-3111,90,2022-08-20,112.88143632022717,-0.15267149684281656,14.0,2,0
267,False,Lincoln|hybrids|12|23,Lincoln,hybrids,12,23,B73 X PHM49,90,2022-08-20,112.91826687299051,-0.15642397824867293,14.0,2,0
268,False,Lincoln|hybrids|7|20,Lincoln,hybrids,7,20,2369 X LH123HT,90,2022-08-20,113.0009048212849,-0.1708703356611614,14.0,2,0
269,False,Lincoln|hybrids|5|21,Lincoln,hybrids,5,21,LH82 X PHJ89,90,2022-08-20,113.00708792126997,-0.14477837678177086,14.0,2,0
270,False,Lincoln|hybrids|5|24,Lincoln,hybrids,5,24,PHP02 X PHK76,90,2022-08-20,113.01026522054828,-0.13102759994256186,14.0,2,0
271,False,Lincoln|hybrids|15|9,Lincoln,hybrids,15,9,B73 X MO17,90,2022-08-20,113.02559610325953,-0.1535179015769429,14.0,2,0
272,False,Lincoln|hybrids|8|26,Lincoln,hybrids,8,26,PHK56 X LH82,90,2022-08-20,113.11429047936755,-0.16106521050779188,14.0,2,0
273,False,Lincoln|hybrids|12|22,Lincoln,hybrids,12,22,SYNGENTA NK0760-3111,90,2022-08-20,113.12868020316905,-0.18173380500472358,14.0,2,0
274,False,Lincoln|hybrids|10|28,Lincoln,hybrids,10,28,LH185 X W606S,90,2022-08-20,113.14200233099737,-0.15681280338050096,14.0,2,0
275,False,Lincoln|hybrids|12|19,Lincoln,hybrids,12,19,LH123HT X PHB47,90,2022-08-20,113.20848961128151,-0.17076966558561646,14.0,2,0
276,False,Lincoln|hybrids|13|9,Lincoln,hybrids,13,9,2369 X PHN82,90,2022-08-20,113.27693032955975,-0.15336523125996804,14.0,2,0
277,False,Lincoln|hybrids|14|3,Lincoln,hybrids,14,3,PHB47 X PHJ89,90,2022-08-20,113.2778856454548,-0.15441504587104415,14.0,2,0
278,False,Lincoln|hybrids|15|10,Lincoln,hybrids,15,10,PHN46 X W606S,90,2022-08-20,113.33579088247271,-0.15886670333843966,14.0,2,0
279,False,Lincoln|hybrids|2|5,Lincoln,hybrids,2,5,B73 X MO17,90,2022-08-20,113.39501074828675,-0.17917196077759323,14.0,2,0
280,False,Lincoln|hybrids|5|7,Lincoln,hybrids,5,7,PHP02 X LH198,90,2022-08-20,113.4372216999529,-0.17605274253079972,14.0,2,0
281,False,Lincoln|hybrids|11|12,Lincoln,hybrids,11,12,F42 X MO17,90,2022-08-20,113.5064653718045,-0.17450202748953036,14.0,2,0
282,False,Lincoln|hybrids|6|16,Lincoln,hybrids,6,16,LH195 X PHZ51,90,2022-08-20,113.52119262448332,-0.12210721813435121,14.0,2,0
283,False,Lincoln|hybrids|14|2,Lincoln,hybrids,14,2,PHK56 X LH145,90,2022-08-20,113.54297538512753,-0.16310113031250206,14.0,2,0
284,False,Lincoln|hybrids|14|15,Lincoln,hybrids,14,15,PHK76 X LH82,90,2022-08-20,113.60926572588832,-0.09721469426115348,14.0,2,0
285,False,Lincoln|hybrids|6|7,Lincoln,hybrids,6,7,PHB47 X PHK56,90,2022-08-20,113.61308817309015,-0.17660148984918822,14.0,2,0
286,False,Lincoln|hybrids|10|38,Lincoln,hybrids,10,38,F42 X OH43,90,2022-08-20,113.68475878418982,-0.1889422025609757,14.0,2,0
287,False,Lincoln|hybrids|4|32,Lincoln,hybrids,4,32,PHP02 X W606S,90,2022-08-20,113.70283821090729,-0.19966038299968158,14.0,2,0
288,False,Lincoln|hybrids|3|26,Lincoln,hybrids,3,26,PHK56 X 3IIH6,90,2022-08-20,113.70629381285309,-0.17719234312210452,14.0,2,0
289,False,Lincoln|hybrids|2|16,Lincoln,hybrids,2,16,PHP02 X PHN46,90,2022-08-20,113.7510231159593,-0.13216353041420525,14.0,2,0
290,False,Lincoln|hybrids|11|7,Lincoln,hybrids,11,7,LH82 X W606S,90,2022-08-20,113.75222740294153,-0.1741883573418994,14.0,2,0
291,False,Lincoln|hybrids|8|15,Lincoln,hybrids,8,15,2369 X PHN82,90,2022-08-20,113.76854442967159,-0.12247137681308107,14.0,2,0
292,False,Lincoln|hybrids|15|11,Lincoln,hybrids,15,11,PHP02 X LH198,90,2022-08-20,113.77398742803612,-0.1474009065776143,14.0,2,0
293,False,Lincoln|hybrids|2|39,Lincoln,hybrids,2,39,PHG39 X PHM49,90,2022-08-20,113.86161289156362,-0.14411898844925963,14.0,2,0
294,False,Lincoln|hybrids|10|25,Lincoln,hybrids,10,25,B73 X PHZ51,90,2022-08-20,113.89235994769024,-0.1640935175492768,14.0,2,0
295,False,Lincoln|hybrids|10|26,Lincoln,hybrids,10,26,PHP02 X PHJ89,90,2022-08-20,113.91735936953776,-0.1626233774372372,14.0,2,0
296,False,Lincoln|hybrids|12|16,Lincoln,hybrids,12,16,B84 X 3IIH6,90,2022-08-20,113.92253253281721,-0.12189476608377803,14.0,2,0
297,False,Lincoln|hybrids|7|37,Lincoln,hybrids,7,37,PHK56 X LH198,90,2022-08-20,113.99914754962262,-0.18992873986978043,14.0,2,0
298,False,Lincoln|hybrids|11|24,Lincoln,hybrids,11,24,PHK56 X W606S,90,2022-08-20,114.07838498299876,-0.14001201128146845,14.0,2,0
299,False,Lincoln|hybrids|9|28,Lincoln,hybrids,9,28,HOEGEMEYER 8065RR,90,2022-08-20,114.14554145475623,-0.15766468252605637,14.0,2,0
300,False,Lincoln|hybrids|12|3,Lincoln,hybrids,12,3,PHW52 X PHZ51,90,2022-08-20,114.20104384755584,-0.1415237960437853,14.0,2,0
301,False,Lincoln|hybrids|2|18,Lincoln,hybrids,2,18,PHW52 X LH185,90,2022-08-20,114.28846610910284,-0.16813751392419918,14.0,2,0
302,False,Lincoln|hybrids|10|30,Lincoln,hybrids,10,30,LH185 X LH82,90,2022-08-20,114.34695338184423,-0.1463368632842732,14.0,2,0
303,False,Lincoln|hybrids|4|19,Lincoln,hybrids,4,19,F42 X MO17,90,2022-08-20,114.39254821137504,-0.18278785497956973,14.0,2,0
304,False,Lincoln|hybrids|5|31,Lincoln,hybrids,5,31,LH185 X LH82,90,2022-08-20,114.41488156918606,-0.14465832983130178,14.0,2,0
305,False,Lincoln|hybrids|2|37,Lincoln,hybrids,2,37,HOEGEMEYER 7089 AMXT,90,2022-08-20,114.47089161303941,-0.13720171767508238,14.0,2,0
306,False,Lincoln|hybrids|13|29,Lincoln,hybrids,13,29,HOEGEMEYER 7089 AMXT,90,2022-08-20,114.53075471586791,-0.13640864385182216,14.0,2,0
307,False,Lincoln|hybrids|9|9,Lincoln,hybrids,9,9,LH82 X PHJ89,90,2022-08-20,114.6505244629722,-0.15610115476544728,14.0,2,0
308,False,Lincoln|hybrids|7|24,Lincoln,hybrids,7,24,4N506 X 3IIH6,90,2022-08-20,114.68621818060944,-0.1320470144435063,14.0,2,0
309,False,Lincoln|hybrids|15|3,Lincoln,hybrids,15,3,PHK56 X W606S,90,2022-08-20,114.73270715751673,-0.17215643347596776,14.0,2,0
310,False,Lincoln|hybrids|8|9,Lincoln,hybrids,8,9,SYNGENTA NK0760-3111,90,2022-08-20,114.73429003229697,-0.14899680483781996,14.0,2,0
311,False,Lincoln|hybrids|7|16,Lincoln,hybrids,7,16,PHP02 X PHG47,90,2022-08-20,114.74980134440167,-0.1667495155190717,14.0,2,0
312,False,Lincoln|hybrids|15|16,Lincoln,hybrids,15,16,4N506 X 3IIH6,90,2022-08-20,114.75240034493058,-0.1219647609299187,14.0,2,0
313,False,Lincoln|hybrids|9|29,Lincoln,hybrids,9,29,PHP02 X PHK56,90,2022-08-20,114.79766094523578,-0.18125338151964399,14.0,2,0
314,False,Lincoln|hybrids|14|8,Lincoln,hybrids,14,8,B73 X PHN82,90,2022-08-20,114.82658944435113,-0.16944188420674033,14.0,2,0
315,False,Lincoln|hybrids|4|10,Lincoln,hybrids,4,10,B73 X 3IIH6,90,2022-08-20,114.83956767197131,-0.22752459401280856,14.0,2,0
316,False,Lincoln|hybrids|4|15,Lincoln,hybrids,4,15,PHB47 X LH185,90,2022-08-20,114.85416614095763,-0.1797141585498454,14.0,2,0
317,False,Lincoln|hybrids|6|10,Lincoln,hybrids,6,10,PHW52 X PHZ51,90,2022-08-20,114.87385057651528,-0.1379217716062392,14.0,2,0
318,False,Lincoln|hybrids|5|11,Lincoln,hybrids,5,11,F42 X OH43,90,2022-08-20,114.93667320466523,-0.1464616538022938,14.0,2,0
319,False,Lincoln|hybrids|3|12,Lincoln,hybrids,3,12,PHN46 X PHK56,90,2022-08-20,114.97821487726719,-0.11996173742362581,14.0,2,0
320,False,Lincoln|hybrids|6|13,Lincoln,hybrids,6,13,PHP02 X W606S,90,2022-08-20,115.02673219441189,-0.19964107288216082,14.0,2,0
321,False,Lincoln|hybrids|14|9,Lincoln,hybrids,14,9,LH74 X PHM49,90,2022-08-20,115.08364579084015,-0.15314682862633355,14.0,2,0
322,False,Lincoln|hybrids|12|29,Lincoln,hybrids,12,29,PHP02 X W606S,90,2022-08-20,115.12263906410593,-0.17905977249645555,14.0,2,0
323,False,Lincoln|hybrids|8|30,Lincoln,hybrids,8,30,PHK56 X LH82,90,2022-08-20,115.14597360308713,-0.16683554385322175,14.0,2,0
324,False,Lincoln|hybrids|8|22,Lincoln,hybrids,8,22,SYNGENTA NK0760-3111,90,2022-08-20,115.18484334672743,-0.16331337597056028,14.0,2,0
325,False,Lincoln|hybrids|6|12,Lincoln,hybrids,6,12,LH82 X PHJ89,90,2022-08-20,115.23572678530215,-0.13976908204052074,14.0,2,0
326,False,Lincoln|hybrids|10|3,Lincoln,hybrids,10,3,PHP02 X PHK76,90,2022-08-20,115.27348517703756,-0.12589610542584773,14.0,2,0
327,False,Lincoln|hybrids|2|29,Lincoln,hybrids,2,29,PHK56 X W606S,90,2022-08-20,115.28017627520177,-0.1801064509261231,14.0,2,0
328,False,Lincoln|hybrids|13|19,Lincoln,hybrids,13,19,LH145 X LH162,90,2022-08-20,115.30947742914347,-0.1503749967365442,14.0,2,0
329,False,Lincoln|hybrids|10|12,Lincoln,hybrids,10,12,F42 X OH43,90,2022-08-20,115.3191939467879,-0.16213361648753266,14.0,2,0
330,False,Lincoln|hybrids|10|35,Lincoln,hybrids,10,35,PHK56 X LH198,90,2022-08-20,115.3362571128265,-0.18949367526624084,14.0,2,0
331,False,Lincoln|hybrids|3|3,Lincoln,hybrids,3,3,LH74 X PHN82,90,2022-08-20,115.34629590603336,-0.14756587532198384,14.0,2,0
332,False,Lincoln|hybrids|2|25,Lincoln,hybrids,2,25,LH145 X LH162,90,2022-08-20,115.36429732445788,-0.17619208688031263,14.0,2,0
333,False,Lincoln|hybrids|13|2,Lincoln,hybrids,13,2,PHK76 X LH82,90,2022-08-20,115.37410983350199,-0.17519715374663303,14.0,2,0
334,False,Lincoln|hybrids|5|38,Lincoln,hybrids,5,38,PHK76 X LH82,90,2022-08-20,115.37877364658027,-0.12763570183973139,14.0,2,0
335,False,Lincoln|hybrids|14|21,Lincoln,hybrids,14,21,B73 X PHN82,90,2022-08-20,115.415763645272,-0.16342139864744054,14.0,2,0
336,False,Lincoln|hybrids|15|24,Lincoln,hybrids,15,24,F42 X MO17,90,2022-08-20,115.49408308628514,-0.16442210173630412,14.0,2,0
337,False,Lincoln|hybrids|4|17,Lincoln,hybrids,4,17,PHK56 X LH82,90,2022-08-20,115.53345881385057,-0.10614835675362055,14.0,2,0
338,False,Lincoln|hybrids|13|28,Lincoln,hybrids,13,28,PHK56 X PHJ89,90,2022-08-20,115.6752122965623,-0.15685363237301375,14.0,2,0
339,False,Lincoln|hybrids|13|31,Lincoln,hybrids,13,31,2FACC X 3IIH6,90,2022-08-20,115.69817497398861,-0.15600125682101817,14.0,2,0
340,False,Lincoln|hybrids|12|28,Lincoln,hybrids,12,28,PHK56 X W606S,90,2022-08-20,115.70406497465666,-0.17978575146820686,14.0,2,0
341,False,Lincoln|hybrids|9|39,Lincoln,hybrids,9,39,PHN46 X PHB47,90,2022-08-20,115.70856941022434,-0.16087968193165447,14.0,2,0
342,False,Lincoln|hybrids|6|29,Lincoln,hybrids,6,29,HOEGEMEYER 8065RR,90,2022-08-20,115.72649064482063,-0.17462271645986183,14.0,2,0
343,False,Lincoln|hybrids|7|25,Lincoln,hybrids,7,25,B73 X MO17,90,2022-08-20,115.73725673523799,-0.18579835878630868,14.0,2,0
344,False,Lincoln|hybrids|9|18,Lincoln,hybrids,9,18,PHP02 X PHN46,90,2022-08-20,115.75442328896256,-0.10613013163087714,14.0,2,0
345,False,Lincoln|hybrids|2|35,Lincoln,hybrids,2,35,2369 X PHP02,90,2022-08-20,115.8135089023483,-0.13953447054738932,14.0,2,0
346,False,Lincoln|hybrids|4|38,Lincoln,hybrids,4,38,SYNGENTA NK0760-3111,90,2022-08-20,115.81630882169696,-0.14899859716954555,14.0,2,0
347,False,Lincoln|hybrids|4|21,Lincoln,hybrids,4,21,B73 X PHM49,90,2022-08-20,115.90491693229757,-0.17809842054111935,14.0,2,0
348,False,Lincoln|hybrids|9|4,Lincoln,hybrids,9,4,PHB47 X PHK56,90,2022-08-20,115.9246329525271,-0.1619024626817841,14.0,2,0
349,False,Lincoln|hybrids|5|13,Lincoln,hybrids,5,13,PHK56 X LH198,90,2022-08-20,115.9261359860142,-0.17147618634106854,14.0,2,0
350,False,Lincoln|hybrids|7|2,Lincoln,hybrids,7,2,2FACC X 3IIH6,90,2022-08-20,115.93348629708238,-0.22333444035727212,14.0,2,0
351,False,Lincoln|hybrids|2|30,Lincoln,hybrids,2,30,LH74 X PHM49,90,2022-08-20,115.9454888202169,-0.18224044211724244,14.0,2,0
352,False,Lincoln|hybrids|10|20,Lincoln,hybrids,10,20,B14A X MO17,90,2022-08-20,115.94608262857437,-0.18502797802087,14.0,2,0
353,False,Lincoln|hybrids|13|20,Lincoln,hybrids,13,20,PHK76 X 3IIH6,90,2022-08-20,116.05486487167846,-0.14106801231109167,14.0,2,0
354,False,Lincoln|hybrids|13|34,Lincoln,hybrids,13,34,B73 X PHZ51,90,2022-08-20,116.16294334527831,-0.13561158940891826,14.0,2,0
355,False,Lincoln|hybrids|6|24,Lincoln,hybrids,6,24,PHK56 X W606S,90,2022-08-20,116.16367174920538,-0.11487768191193881,14.0,2,0
356,False,Lincoln|hybrids|12|11,Lincoln,hybrids,12,11,B73 X 3IIH6,90,2022-08-20,116.17908238183314,-0.20530607460987216,14.0,2,0
357,False,Lincoln|hybrids|9|36,Lincoln,hybrids,9,36,PIONEER P0589 AMXT,90,2022-08-20,116.262944330414,-0.13963219985664832,14.0,2,0
358,False,Lincoln|hybrids|12|39,Lincoln,hybrids,12,39,LH123HT X PHB47,90,2022-08-20,116.2667895974123,-0.11274535999978441,14.0,2,0
359,False,Lincoln|hybrids|15|17,Lincoln,hybrids,15,17,PHB47 X PHK56,90,2022-08-20,116.30069087532115,-0.15428084726031444,14.0,2,0
360,False,Lincoln|hybrids|12|25,Lincoln,hybrids,12,25,PHK76 X LH198,90,2022-08-20,116.32793356934242,-0.17634166037436816,14.0,2,0
361,False,Lincoln|hybrids|15|23,Lincoln,hybrids,15,23,PHP02 X PHK76,90,2022-08-20,116.34126875739311,-0.12565972660357516,14.0,2,0
362,False,Lincoln|hybrids|2|15,Lincoln,hybrids,2,15,PHW52 X PHM49,90,2022-08-20,116.36131970422996,-0.13299700578265672,14.0,2,0
363,False,Lincoln|hybrids|4|4,Lincoln,hybrids,4,4,PHP02 X PHN46,90,2022-08-20,116.45143873803917,-0.14840308552771886,14.0,2,0
364,False,Lincoln|hybrids|5|28,Lincoln,hybrids,5,28,B73 X PHN82,90,2022-08-20,116.53888310478368,-0.16240007675256207,14.0,2,0
365,False,Lincoln|hybrids|9|30,Lincoln,hybrids,9,30,PHK56 X LH82,90,2022-08-20,116.55964488369864,-0.1433148270441562,14.0,2,0
366,False,Lincoln|hybrids|2|17,Lincoln,hybrids,2,17,PHN46 X PHK56,90,2022-08-20,116.61588208730971,-0.11079664942573919,14.0,2,0
367,False,Lincoln|hybrids|5|33,Lincoln,hybrids,5,33,PHW52 X PHN82,90,2022-08-20,116.65675315280188,-0.16480979701462517,14.0,2,0
368,False,Lincoln|hybrids|14|26,Lincoln,hybrids,14,26,LH195 X LH185,90,2022-08-20,116.67151766280801,-0.1884182953000474,14.0,2,0
369,False,Lincoln|hybrids|6|19,Lincoln,hybrids,6,19,N209 X 3IIH6,90,2022-08-20,116.68166593959846,-0.1367832606923397,14.0,2,0
370,False,Lincoln|hybrids|11|19,Lincoln,hybrids,11,19,PHK56 X 3IIH6,90,2022-08-20,116.71443967640784,-0.14256422879543418,14.0,2,0
371,False,Lincoln|hybrids|3|20,Lincoln,hybrids,3,20,PHT69 X 3IIH6,90,2022-08-20,116.75970569846031,-0.17905899589372165,14.0,2,0
372,False,Lincoln|hybrids|6|15,Lincoln,hybrids,6,15,LH195 X 3IIH6,90,2022-08-20,116.78181650345151,-0.13693493531815626,14.0,2,0
373,False,Lincoln|hybrids|2|9,Lincoln,hybrids,2,9,PHW52 X PHM49,90,2022-08-20,116.79219420055736,-0.14713878714828454,14.0,2,0
374,False,Lincoln|hybrids|2|22,Lincoln,hybrids,2,22,LH123HT X 3IIH6,90,2022-08-20,116.86173947029056,-0.10649171698131576,14.0,2,0
375,False,Lincoln|hybrids|3|38,Lincoln,hybrids,3,38,LH74 X PHN82,90,2022-08-20,116.99075844081118,-0.1316209074454029,14.0,2,0
376,False,Lincoln|hybrids|8|20,Lincoln,hybrids,8,20,B73 X PHN82,90,2022-08-20,117.03685529309612,-0.16270354132035025,14.0,2,0
377,False,Lincoln|hybrids|15|26,Lincoln,hybrids,15,26,PHN46 X PHB47,90,2022-08-20,117.06477156670357,-0.15302681896281567,14.0,2,0
378,False,Lincoln|hybrids|10|21,Lincoln,hybrids,10,21,PHW52 X PHN82,90,2022-08-20,117.08282863974026,-0.1562662196979383,14.0,2,0
379,False,Lincoln|hybrids|11|25,Lincoln,hybrids,11,25,LH195 X 3IIH6,90,2022-08-20,117.12422205603914,-0.12025549222410747,14.0,2,0
380,False,Lincoln|hybrids|7|33,Lincoln,hybrids,7,33,PHK56 X PHJ89,90,2022-08-20,117.22719822992956,-0.18613946579616347,14.0,2,0
381,False,Lincoln|hybrids|6|39,Lincoln,hybrids,6,39,LH195 X LH185,90,2022-08-20,117.32574628964156,-0.16742917281105651,14.0,2,0
382,False,Lincoln|hybrids|9|5,Lincoln,hybrids,9,5,PHP02 X PHK56,90,2022-08-20,117.32913250905652,-0.148202593545387,14.0,2,0
383,False,Lincoln|hybrids|7|15,Lincoln,hybrids,7,15,SYNGENTA NK0760-3111,90,2022-08-20,117.33790962116157,-0.12402187733734793,14.0,2,0
384,False,Lincoln|hybrids|11|26,Lincoln,hybrids,11,26,PHG39 X PHM49,90,2022-08-20,117.3912771184614,-0.13204230375282133,14.0,2,0
385,False,Lincoln|hybrids|9|19,Lincoln,hybrids,9,19,PHN46 X PHK56,90,2022-08-20,117.45257238467093,-0.06248599526325893,14.0,2,0
386,False,Lincoln|hybrids|10|16,Lincoln,hybrids,10,16,PHP02 X PHK56,90,2022-08-20,117.51119189550269,-0.16663659131601294,14.0,2,0
387,False,Lincoln|hybrids|14|29,Lincoln,hybrids,14,29,PHP02 X PHN46,90,2022-08-20,117.56218298230233,-0.13050638349920762,14.0,2,0
388,False,Lincoln|hybrids|13|18,Lincoln,hybrids,13,18,2369 X LH123HT,90,2022-08-20,117.60561490311152,-0.17055699405595282,14.0,2,0
389,False,Lincoln|hybrids|3|13,Lincoln,hybrids,3,13,PHN46 X PHB47,90,2022-08-20,117.64804652947734,-0.20892995467233788,14.0,2,0
390,False,Lincoln|hybrids|3|35,Lincoln,hybrids,3,35,LH123HT X PHB47,90,2022-08-20,117.667008800817,-0.12391176133540782,14.0,2,0
391,False,Lincoln|hybrids|13|3,Lincoln,hybrids,13,3,PHN46 X PHB47,90,2022-08-20,117.76155029826695,-0.1870674718206411,14.0,2,0
392,False,Lincoln|hybrids|2|38,Lincoln,hybrids,2,38,LH195 X PHZ51,90,2022-08-20,117.82958709620817,-0.11776098381633293,14.0,2,0
393,False,Lincoln|hybrids|3|9,Lincoln,hybrids,3,9,LH145 X LH162,90,2022-08-20,117.95501971720367,-0.12497912335036632,14.0,2,0
394,False,Lincoln|hybrids|14|16,Lincoln,hybrids,14,16,SYNGENTA NK0760-3111,90,2022-08-20,118.02759047387481,-0.11433824058482212,14.0,2,0
395,False,Lincoln|hybrids|9|38,Lincoln,hybrids,9,38,PHK56 X 3IIH6,90,2022-08-20,118.03420869274547,-0.1581698061162332,14.0,2,0
396,False,Lincoln|hybrids|12|24,Lincoln,hybrids,12,24,PHK56 X PHJ89,90,2022-08-20,118.0685527874002,-0.15780083752744078,14.0,2,0
397,False,Lincoln|hybrids|9|3,Lincoln,hybrids,9,3,PIONEER P0589 AMXT,90,2022-08-20,118.10940023104334,-0.12784610982500744,14.0,2,0
398,False,Lincoln|hybrids|13|21,Lincoln,hybrids,13,21,PHJ40 X LH82,90,2022-08-20,118.21579568964502,-0.12670644756849003,14.0,2,0
399,False,Lincoln|hybrids|7|9,Lincoln,hybrids,7,9,LH123HT X 3IIH6,90,2022-08-20,118.24974716641779,-0.15201460030764524,14.0,2,0
400,False,Lincoln|hybrids|2|12,Lincoln,hybrids,2,12,LH198 X PHZ51,90,2022-08-20,118.25746981323266,-0.14406107848254168,14.0,2,0
401,False,Lincoln|hybrids|3|7,Lincoln,hybrids,3,7,PHP02 X PHK56,90,2022-08-20,118.50413790966137,-0.17812295758799024,14.0,2,0
402,False,Lincoln|hybrids|9|22,Lincoln,hybrids,9,22,PHK56 X LH198,90,2022-08-20,118.55854227536798,-0.16597769502230408,14.0,2,0
403,False,Lincoln|hybrids|6|26,Lincoln,hybrids,6,26,PHK76 X LH82,90,2022-08-20,118.63242391542084,-0.022518573499124006,14.0,2,0
404,False,Lincoln|hybrids|13|32,Lincoln,hybrids,13,32,N209 X 3IIH6,90,2022-08-20,118.64131429423918,-0.1893310180589587,14.0,2,0
405,False,Lincoln|hybrids|11|3,Lincoln,hybrids,11,3,PHP02 X LH185,90,2022-08-20,118.64326857274801,-0.12293692302727766,14.0,2,0
406,False,Lincoln|hybrids|3|24,Lincoln,hybrids,3,24,PIONEER P0589 AMXT,90,2022-08-20,118.73809293132408,-0.12580010022368326,14.0,2,0
407,False,Lincoln|hybrids|13|25,Lincoln,hybrids,13,25,PHP02 X W606S,90,2022-08-20,119.02689668117699,-0.1873793492295377,14.0,2,0
408,False,Lincoln|hybrids|3|28,Lincoln,hybrids,3,28,PIONEER 1311 AMXT,90,2022-08-20,119.05460273853689,-0.15599659538535526,14.0,2,0
409,False,Lincoln|hybrids|11|2,Lincoln,hybrids,11,2,LH195 X LH185,90,2022-08-20,119.09512420367334,-0.1786359175546519,14.0,2,0
410,False,Lincoln|hybrids|3|8,Lincoln,hybrids,3,8,N209 X 3IIH6,90,2022-08-20,119.17210079129046,-0.16480516882231444,14.0,2,0
411,False,Lincoln|hybrids|13|39,Lincoln,hybrids,13,39,PIONEER 1311 AMXT,90,2022-08-20,119.22102499366859,-0.15741432022025914,14.0,2,0
412,False,Lincoln|hybrids|7|17,Lincoln,hybrids,7,17,LH82 X W606S,90,2022-08-20,119.29768384759032,-0.11471596347913016,14.0,2,0
413,False,Lincoln|hybrids|13|23,Lincoln,hybrids,13,23,B73 X 3IIH6,90,2022-08-20,119.4218944475024,-0.205880402224352,14.0,2,0
414,False,Lincoln|hybrids|15|7,Lincoln,hybrids,15,7,PHP02 X W606S,90,2022-08-20,119.42907308331084,-0.16312300489900888,14.0,2,0
415,False,Lincoln|hybrids|3|21,Lincoln,hybrids,3,21,2FACC X 3IIH6,90,2022-08-20,119.45473641170044,-0.15749051691940086,14.0,2,0
416,False,Lincoln|hybrids|5|26,Lincoln,hybrids,5,26,LH195 X LH123HT,90,2022-08-20,119.57415387807883,-0.05514080053232939,14.0,2,0
417,False,Lincoln|hybrids|9|15,Lincoln,hybrids,9,15,2FACC X 3IIH6,90,2022-08-20,119.58220202789431,-0.17470638570844688,14.0,2,0
418,False,Lincoln|hybrids|3|19,Lincoln,hybrids,3,19,PHK76 X 3IIH6,90,2022-08-20,119.63222259854902,-0.09566118474000296,14.0,2,0
419,False,Lincoln|hybrids|15|38,Lincoln,hybrids,15,38,LH195 X LH123HT,90,2022-08-20,119.70557240957335,-0.07889656885814567,14.0,2,0
420,False,Lincoln|hybrids|15|2,Lincoln,hybrids,15,2,N209 X 3IIH6,90,2022-08-20,119.94362095745912,-0.18836238950409512,14.0,2,0
421,False,Lincoln|hybrids|9|2,Lincoln,hybrids,9,2,PHW52 X PHN82,90,2022-08-20,119.9898990797437,-0.13749537726382055,14.0,2,0
422,False,Lincoln|hybrids|6|23,Lincoln,hybrids,6,23,B84 X 3IIH6,90,2022-08-20,120.02656483415025,-0.07943626220486788,14.0,2,0
423,False,Lincoln|hybrids|11|15,Lincoln,hybrids,11,15,LH82 X W606S,90,2022-08-20,120.02746059417659,-0.13032479419254916,14.0,2,0
424,False,Lincoln|hybrids|6|17,Lincoln,hybrids,6,17,PHW52 X PHZ51,90,2022-08-20,120.03453593996338,-0.10127808927581017,14.0,2,0
425,False,Lincoln|hybrids|3|2,Lincoln,hybrids,3,2,PHK56 X W606S,90,2022-08-20,120.0442278419176,-0.17001549266407834,14.0,2,0
426,False,Lincoln|hybrids|6|3,Lincoln,hybrids,6,3,PHP02 X LH185,90,2022-08-20,120.05184027539765,-0.10287645084431662,14.0,2,0
427,False,Lincoln|hybrids|7|19,Lincoln,hybrids,7,19,PHP02 X LH185,90,2022-08-20,120.10036823758338,-0.08975257415255933,14.0,2,0
428,False,Lincoln|hybrids|4|20,Lincoln,hybrids,4,20,PHN46 X PHB47,90,2022-08-20,120.17590416137497,-0.19301884080645193,14.0,2,0
429,False,Lincoln|hybrids|14|17,Lincoln,hybrids,14,17,F42 X OH43,90,2022-08-20,120.18266773446291,-0.13220095360846984,14.0,2,0
430,False,Lincoln|hybrids|8|7,Lincoln,hybrids,8,7,PHK56 X LH185,90,2022-08-20,120.2257627543336,-0.17736110766241386,14.0,2,0
431,False,Lincoln|hybrids|3|11,Lincoln,hybrids,3,11,PHK56 X LH82,90,2022-08-20,120.34201229350964,-0.1438654974199145,14.0,2,0
432,False,Lincoln|hybrids|11|18,Lincoln,hybrids,11,18,PHK56 X LH185,90,2022-08-20,120.37047014674827,-0.150247050211317,14.0,2,0
433,False,Lincoln|hybrids|9|10,Lincoln,hybrids,9,10,PHK56 X LH198,90,2022-08-20,120.48192237964511,-0.1754241592350818,14.0,2,0
434,False,Lincoln|hybrids|15|25,Lincoln,hybrids,15,25,LH195 X PHZ51,90,2022-08-20,120.60816147294085,-0.1587703292558874,14.0,2,0
435,False,Lincoln|hybrids|15|35,Lincoln,hybrids,15,35,LH145 X LH162,90,2022-08-20,120.61702512378582,-0.13161508888954487,14.0,2,0
436,False,Lincoln|hybrids|8|2,Lincoln,hybrids,8,2,PIONEER P0589 AMXT,90,2022-08-20,120.67238720227476,-0.13531487514001062,14.0,2,0
437,False,Lincoln|hybrids|14|25,Lincoln,hybrids,14,25,HOEGEMEYER 8065RR,90,2022-08-20,120.72858712377757,-0.1728662587037909,14.0,2,0
438,False,Lincoln|hybrids|10|15,Lincoln,hybrids,10,15,PHW52 X PHZ51,90,2022-08-20,120.83899636744488,-0.11946532361827167,14.0,2,0
439,False,Lincoln|hybrids|2|36,Lincoln,hybrids,2,36,PHN46 X PHB47,90,2022-08-20,120.84018196315083,-0.1302373456042626,14.0,2,0
440,False,Lincoln|hybrids|8|34,Lincoln,hybrids,8,34,B73 X 3IIH6,90,2022-08-20,120.8568044266447,-0.15191998408996465,14.0,2,0
441,False,Lincoln|hybrids|4|2,Lincoln,hybrids,4,2,PHK56 X PHJ89,90,2022-08-20,120.95770030705378,-0.17117789134296735,14.0,2,0
442,False,Lincoln|hybrids|8|16,Lincoln,hybrids,8,16,PHK56 X LH198,90,2022-08-20,121.092640908817,-0.168528937941543,14.0,2,0
443,False,Lincoln|hybrids|8|3,Lincoln,hybrids,8,3,PHW52 X PHN82,90,2022-08-20,121.13432810862743,-0.14012598130724985,14.0,2,0
444,False,Lincoln|hybrids|8|31,Lincoln,hybrids,8,31,LH123HT X 3IIH6,90,2022-08-20,121.16320872459286,-0.1190760814398738,14.0,2,0
445,False,Lincoln|hybrids|7|18,Lincoln,hybrids,7,18,PHW52 X PHN82,90,2022-08-20,121.20863525901127,-0.11263904397471691,14.0,2,0
446,False,Lincoln|hybrids|4|25,Lincoln,hybrids,4,25,PIONEER 1311 AMXT,90,2022-08-20,121.23640662176297,-0.16753118841885317,14.0,2,0
447,False,Lincoln|hybrids|13|11,Lincoln,hybrids,13,11,LH185 X W606S,90,2022-08-20,121.37875848316381,-0.15090830832872837,14.0,2,0
448,False,Lincoln|hybrids|3|34,Lincoln,hybrids,3,34,PHK56 X 3IIH6,90,2022-08-20,121.40956861767194,-0.12987365331213374,14.0,2,0
449,False,Lincoln|hybrids|2|10,Lincoln,hybrids,2,10,LH195 X LH185,90,2022-08-20,121.51906903257014,-0.15756152356872477,14.0,2,0
450,False,Lincoln|hybrids|5|4,Lincoln,hybrids,5,4,PIONEER 1311 AMXT,90,2022-08-20,121.56215678676192,-0.13826768551448876,14.0,2,0
451,False,Lincoln|hybrids|3|4,Lincoln,hybrids,3,4,B73 X PHN82,90,2022-08-20,121.58321012988371,-0.15519018402047624,14.0,2,0
452,False,Lincoln|hybrids|15|19,Lincoln,hybrids,15,19,PHG39 X PHN82,90,2022-08-20,121.62491264429583,-0.13848534212099306,14.0,2,0
453,False,Lincoln|hybrids|13|12,Lincoln,hybrids,13,12,PHK56 X PHJ89,90,2022-08-20,121.68249196657369,-0.16963070948267234,14.0,2,0
454,False,Lincoln|hybrids|14|12,Lincoln,hybrids,14,12,PHN46 X PHK56,90,2022-08-20,121.6933148565725,-0.12634232849114346,14.0,2,0
455,False,Lincoln|hybrids|4|39,Lincoln,hybrids,4,39,PHB47 X LH185,90,2022-08-20,121.74665292594943,-0.12909592587944507,14.0,2,0
456,False,Lincoln|hybrids|15|33,Lincoln,hybrids,15,33,PHW52 X PHN82,90,2022-08-20,121.87213126156985,-0.14652706319488207,14.0,2,0
457,False,Lincoln|hybrids|11|37,Lincoln,hybrids,11,37,PHB47 X PHK56,90,2022-08-20,121.92438929474399,-0.1658666218098951,14.0,2,0
458,False,Lincoln|hybrids|14|39,Lincoln,hybrids,14,39,PHK76 X LH198,90,2022-08-20,121.93406591127211,-0.11642220426599625,14.0,2,0
459,False,Lincoln|hybrids|7|26,Lincoln,hybrids,7,26,PHK56 X LH185,90,2022-08-20,121.9478699193973,-0.1022242374555542,14.0,2,0
460,False,Lincoln|hybrids|7|22,Lincoln,hybrids,7,22,LH195 X LH185,90,2022-08-20,122.03208272591098,-0.20338857866235005,14.0,2,0
461,False,Lincoln|hybrids|5|20,Lincoln,hybrids,5,20,PHP02 X W606S,90,2022-08-20,122.06000184104305,-0.16141427808355435,14.0,2,0
462,False,Lincoln|hybrids|2|11,Lincoln,hybrids,2,11,LH82 X W606S,90,2022-08-20,122.12658538166458,-0.14367619523531772,14.0,2,0
463,False,Lincoln|hybrids|5|17,Lincoln,hybrids,5,17,HOEGEMEYER 8065RR,90,2022-08-20,122.17419066628737,-0.11510321919756084,14.0,2,0
464,False,Lincoln|hybrids|15|20,Lincoln,hybrids,15,20,LH185 X W606S,90,2022-08-20,122.30518336646941,-0.170286525579612,14.0,2,0
465,False,Lincoln|hybrids|14|34,Lincoln,hybrids,14,34,B73 X PHM49,90,2022-08-20,122.46365355020856,-0.09333915405750048,14.0,2,0
466,False,Lincoln|hybrids|3|39,Lincoln,hybrids,3,39,PHP02 X PHK56,90,2022-08-20,122.5963260959712,-0.16232357583053214,14.0,2,0
467,False,Lincoln|hybrids|8|4,Lincoln,hybrids,8,4,HOEGEMEYER 8065RR,90,2022-08-20,122.64573189243401,-0.18323005757098831,14.0,2,0
468,False,Lincoln|hybrids|10|13,Lincoln,hybrids,10,13,PHJ40 X LH82,90,2022-08-20,122.84200670019082,-0.10001677133995057,14.0,2,0
469,False,Lincoln|hybrids|11|4,Lincoln,hybrids,11,4,2FACC X 3IIH6,90,2022-08-20,122.85542884196076,-0.20508538818582206,14.0,2,0
470,False,Lincoln|hybrids|6|25,Lincoln,hybrids,6,25,LH123HT X PHB47,90,2022-08-20,122.91971812087198,-0.028279653986976294,14.0,2,0
471,False,Lincoln|hybrids|14|5,Lincoln,hybrids,14,5,PHK56 X LH82,90,2022-08-20,123.069574977133,-0.1462430838054256,14.0,2,0
472,False,Lincoln|hybrids|12|17,Lincoln,hybrids,12,17,N209 X 3IIH6,90,2022-08-20,123.15981885562513,-0.13533871705318723,14.0,2,0
473,False,Lincoln|hybrids|13|37,Lincoln,hybrids,13,37,B73 X 3IIH6,90,2022-08-20,123.18945691401109,-0.10498422543382069,14.0,2,0
474,False,Lincoln|hybrids|5|39,Lincoln,hybrids,5,39,PHB47 X 3IIH6,90,2022-08-20,123.24628424836249,-0.09208483290488434,14.0,2,0
475,False,Lincoln|hybrids|15|34,Lincoln,hybrids,15,34,PHG39 X PHN82,90,2022-08-20,123.27544426614179,-0.1332038069449495,14.0,2,0
476,False,Lincoln|hybrids|8|21,Lincoln,hybrids,8,21,PHK56 X PHJ89,90,2022-08-20,123.28094906117275,-0.18110028397174627,14.0,2,0
477,False,Lincoln|hybrids|8|19,Lincoln,hybrids,8,19,PHJ40 X LH82,90,2022-08-20,123.40777824405376,-0.07001966075397159,14.0,2,0
478,False,Lincoln|hybrids|3|16,Lincoln,hybrids,3,16,PHP02 X PHK56,90,2022-08-20,123.53541207161511,-0.16137919041193616,14.0,2,0
479,False,Lincoln|hybrids|9|11,Lincoln,hybrids,9,11,HOEGEMEYER 8065RR,90,2022-08-20,123.7015491557536,-0.15439532430464442,14.0,2,0
480,False,Lincoln|hybrids|10|2,Lincoln,hybrids,10,2,HOEGEMEYER 7089 AMXT,90,2022-08-20,123.738407947894,-0.11850532001052261,14.0,2,0
481,False,Lincoln|hybrids|12|4,Lincoln,hybrids,12,4,PHK56 X LH185,90,2022-08-20,123.75458052733867,-0.16301956293424946,14.0,2,0
482,False,Lincoln|hybrids|6|37,Lincoln,hybrids,6,37,PHP02 X LH185,90,2022-08-20,123.88790162592207,-0.035100179307878454,14.0,2,0
483,False,Lincoln|hybrids|10|24,Lincoln,hybrids,10,24,PIONEER 1311 AMXT,90,2022-08-20,124.07749289217034,-0.17340311427745658,14.0,2,0
484,False,Lincoln|hybrids|10|37,Lincoln,hybrids,10,37,LH195 X 3IIH6,90,2022-08-20,124.16553891820028,-0.08771693072997044,14.0,2,0
485,False,Lincoln|hybrids|6|22,Lincoln,hybrids,6,22,B73 X 3IIH6,90,2022-08-20,124.21444782220946,-0.0946392113399055,14.0,2,0
486,False,Lincoln|hybrids|4|12,Lincoln,hybrids,4,12,LH185 X LH82,90,2022-08-20,124.34811686902343,-0.13093194976651334,14.0,2,0
487,False,Lincoln|hybrids|14|33,Lincoln,hybrids,14,33,B84 X 3IIH6,90,2022-08-20,124.56450270395025,-0.08898616604551224,14.0,2,0
488,False,Lincoln|hybrids|3|37,Lincoln,hybrids,3,37,PIONEER P0589 AMXT,90,2022-08-20,124.56863227897635,-0.13798607935479534,14.0,2,0
489,False,Lincoln|hybrids|4|36,Lincoln,hybrids,4,36,2FACC X 3IIH6,90,2022-08-20,124.60311165845344,-0.12471569242297198,14.0,2,0
490,False,Lincoln|hybrids|12|18,Lincoln,hybrids,12,18,LH185 X LH82,90,2022-08-20,125.19041921538927,-0.10448963884938767,14.0,2,0
491,False,Lincoln|hybrids|9|13,Lincoln,hybrids,9,13,LH185 X LH82,90,2022-08-20,125.36128528376022,-0.12422217159556359,14.0,2,0
492,False,Lincoln|hybrids|13|33,Lincoln,hybrids,13,33,2369 X 3IIH6,90,2022-08-20,125.41491215251385,-0.09121592235132503,14.0,2,0
493,False,Lincoln|hybrids|11|36,Lincoln,hybrids,11,36,2369 X PHN82,90,2022-08-20,125.56150556232743,-0.0778423140232185,14.0,2,0
494,False,Lincoln|hybrids|8|17,Lincoln,hybrids,8,17,LH185 X LH82,90,2022-08-20,125.72373807570574,-0.07514176549921114,14.0,2,0
495,False,Lincoln|hybrids|15|5,Lincoln,hybrids,15,5,PIONEER 1311 AMXT,90,2022-08-20,125.89131127242831,-0.151130491629211,14.0,2,0
496,False,Lincoln|hybrids|5|16,Lincoln,hybrids,5,16,HOEGEMEYER 7089 AMXT,90,2022-08-20,126.58376354339843,-0.09903062295605236,14.0,2,0
497,False,Lincoln|hybrids|15|39,Lincoln,hybrids,15,39,PHN46 X PHK56,90,2022-08-20,127.13519400474729,-0.03029271935706135,14.0,2,0
498,False,Lincoln|hybrids|13|10,Lincoln,hybrids,13,10,PHG39 X PHN82,90,2022-08-20,127.45469494281568,-0.1404439443912192,14.0,2,0
499,False,Lincoln|hybrids|10|19,Lincoln,hybrids,10,19,PIONEER P0589 AMXT,90,2022-08-20,127.66031810129877,-0.09838051482110732,14.0,2,0
500,False,Lincoln|hybrids|5|10,Lincoln,hybrids,5,10,HOEGEMEYER 7089 AMXT,90,2022-08-20,127.98618191619985,-0.1268755202293429,14.0,2,0
501,False,Lincoln|hybrids|13|35,Lincoln,hybrids,13,35,4N506 X 3IIH6,90,2022-08-20,128.6935041152193,-0.07601391383746314,14.0,2,0
502,False,Lincoln|hybrids|14|35,Lincoln,hybrids,14,35,LH123HT X 3IIH6,90,2022-08-20,129.28556272588116,-0.04357135552597868,14.0,2,0
503,False,Lincoln|hybrids|15|15,Lincoln,hybrids,15,15,HOEGEMEYER 7089 AMXT,90,2022-08-20,130.41450248178964,-0.08117568553639753,14.0,2,0
504,False,Lincoln|hybrids|10|36,Lincoln,hybrids,10,36,PHP02 X LH185,90,2022-08-20,131.58299366418387,-0.028298850323564495,14.0,2,0
1,True,MOValley|Hybrids|29|18,MOValley,Hybrids,29,18,LH195 X PHM49,90,2022-07-28,118.43695646474092,-0.015761801535394526,7.0,2,0
2,True,MOValley|Hybrids|25|38,MOValley,Hybrids,25,38,LH195 X PHM49,90,2022-07-28,120.85329472297995,-0.017595860917916428,7.0,2,0
3,True,MOValley|Hybrids|29|23,MOValley,Hybrids,29,23,PHZ51 X LH145,90,2022-07-28,123.53043042285042,-0.007398988250904348,7.0,2,0
4,True,MOValley|Hybrids|25|33,MOValley,Hybrids,25,33,B37 X H95,90,2022-07-28,124.77130198928853,-0.02865459257516556,7.0,2,0
5,True,MOValley|Hybrids|29|33,MOValley,Hybrids,29,33,PHZ51 X LH145,90,2022-07-28,128.19683147421475,-0.01538971482860807,7.0,2,0
6,True,MOValley|Hybrids|29|21,MOValley,Hybrids,29,21,B37 X H95,90,2022-07-28,128.2539494527146,-0.025306157143464292,7.0,2,0
7,True,MOValley|Hybrids|27|10,MOValley,Hybrids,27,10,WF9 X H95,90,2022-07-28,128.6099326818648,-0.03223797004766238,7.0,2,0
8,True,MOValley|Hybrids|25|31,MOValley,Hybrids,25,31,WF9 X H95,90,2022-07-28,129.53559208665757,-0.02177414652224563,7.0,2,0
9,True,MOValley|Hybrids|27|15,MOValley,Hybrids,27,15,PHK76 X LH145,90,2022-07-28,136.72414327625296,-0.0017239953417451659,7.0,2,0
10,True,MOValley|Hybrids|27|23,MOValley,Hybrids,27,23,PHW52 X LH185,90,2022-07-28,138.01631900292085,-0.024778850761568494,7.0,2,0
11,True,MOValley|Hybrids|27|17,MOValley,Hybrids,27,17,PHP02 X PHB47,90,2022-07-28,138.526565867924,-0.017442625354198937,7.0,2,0
12,True,MOValley|Hybrids|27|35,MOValley,Hybrids,27,35,B105 X 3IIH6,90,2022-07-28,138.5762157500551,-0.02715662462543822,7.0,2,0
13,True,MOValley|Hybrids|27|2,MOValley,Hybrids,27,2,2369 X PHP02,90,2022-07-28,139.2741945768176,-0.019992814315039853,7.0,2,0
14,True,MOValley|Hybrids|23|37,MOValley,Hybrids,23,37,PHK76 X LH145,90,2022-07-28,139.3912813844101,-0.011870832226505534,7.0,2,0
15,True,MOValley|Hybrids|29|19,MOValley,Hybrids,29,19,LH198 X PHZ51,90,2022-07-28,139.94312182188295,-0.016406924189753758,7.0,2,0
16,True,MOValley|Hybrids|27|43,MOValley,Hybrids,27,43,LH198 X PHB47,90,2022-07-28,140.38214482505498,-0.017781002091215914,7.0,2,0
17,True,MOValley|Hybrids|27|24,MOValley,Hybrids,27,24,LH82 X W606S,90,2022-07-28,141.00228630525686,-0.0021603224408939248,7.0,2,0
18,False,MOValley|Hybrids|23|10,MOValley,Hybrids,23,10,PHP02 X LH145,90,2022-07-28,141.12480216411694,-0.0005996063142605923,7.0,2,0
19,False,MOValley|Hybrids|27|44,MOValley,Hybrids,27,44,LH123HT X PHB47,90,2022-07-28,141.346169806541,-0.014087689856569385,7.0,2,0
20,False,MOValley|Hybrids|23|25,MOValley,Hybrids,23,25,PHP02 X LH145,90,2022-07-28,141.5577316202214,-0.01854391603082739,7.0,2,0
21,False,MOValley|Hybrids|25|36,MOValley,Hybrids,25,36,4N506 X 3IIH6,90,2022-07-28,141.5687593237823,-0.019692292387516352,7.0,2,0
22,False,MOValley|Hybrids|27|37,MOValley,Hybrids,27,37,PHP02 X PHB47,90,2022-07-28,141.5809717835654,-0.013694006300932426,7.0,2,0
23,False,MOValley|Hybrids|27|26,MOValley,Hybrids,27,26,B73 X PHZ51,90,2022-07-28,141.62216534706516,-0.017547364031572532,7.0,2,0
24,False,MOValley|Hybrids|29|45,MOValley,Hybrids,29,45,PHJ40 X LH82,90,2022-07-28,141.7609918402529,-0.014869745116009025,7.0,2,0
25,False,MOValley|Hybrids|23|2,MOValley,Hybrids,23,2,PHP02 X PHN46,90,2022-07-28,141.88938368717805,-0.016252734282222514,7.0,2,0
26,False,MOValley|Hybrids|27|19,MOValley,Hybrids,27,19,LH195 X 3IIH6,90,2022-07-28,141.9578420623786,-0.03529367514017567,7.0,2,0
27,False,MOValley|Hybrids|23|8,MOValley,Hybrids,23,8,B105 X 3IIH6,90,2022-07-28,142.28316318137695,-0.021612090680100726,7.0,2,0
28,False,MOValley|Hybrids|29|30,MOValley,Hybrids,29,30,PHB47 X 3IIH6,90,2022-07-28,142.44031212146695,-0.01957985564391651,7.0,2,0
29,False,MOValley|Hybrids|23|36,MOValley,Hybrids,23,36,PHK76 X 3IIH6,90,2022-07-28,143.70893922352468,-0.010238678008612445,7.0,2,0
30,False,MOValley|Hybrids|29|22,MOValley,Hybrids,29,22,LH185 X LH82,90,2022-07-28,143.77983018708548,-0.017010124365033796,7.0,2,0
31,False,MOValley|Hybrids|25|5,MOValley,Hybrids,25,5,PHP02 X LH82,90,2022-07-28,144.28318204969247,-0.005770980270374038,7.0,2,0
32,False,MOValley|Hybrids|25|24,MOValley,Hybrids,25,24,LH185 X LH82,90,2022-07-28,145.03814721726377,-0.01802517231486389,7.0,2,0
33,False,MOValley|Hybrids|29|3,MOValley,Hybrids,29,3,PHK76 X 3IIH6,90,2022-07-28,145.15394890625294,-0.022687535375902845,7.0,2,0
34,False,MOValley|Hybrids|25|43,MOValley,Hybrids,25,43,PHK56 X 3IIH6,90,2022-07-28,145.29102898026966,-0.01652285615179072,7.0,2,0
35,False,MOValley|Hybrids|25|35,MOValley,Hybrids,25,35,B84 X 3IIH6,90,2022-07-28,145.62519082333367,-0.01611280073189425,7.0,2,0
36,False,MOValley|Hybrids|25|2,MOValley,Hybrids,25,2,PHW52 X PHZ51,90,2022-07-28,145.63674850181403,-0.020333011628233866,7.0,2,0
37,False,MOValley|Hybrids|25|3,MOValley,Hybrids,25,3,B37 X MO17,90,2022-07-28,145.78430609700035,-0.015631506108878424,7.0,2,0
38,False,MOValley|Hybrids|23|23,MOValley,Hybrids,23,23,B84 X 3IIH6,90,2022-07-28,146.20079187287945,-0.02351723108916992,7.0,2,0
39,False,MOValley|Hybrids|25|27,MOValley,Hybrids,25,27,2369 X PHZ51,90,2022-07-28,146.38118383000125,-0.015489981129122476,7.0,2,0
40,False,MOValley|Hybrids|23|26,MOValley,Hybrids,23,26,PHK56 X LH145,90,2022-07-28,146.68456951857274,-0.005023883470940738,7.0,2,0
41,False,MOValley|Hybrids|25|4,MOValley,Hybrids,25,4,LH123HT X 3IIH6,90,2022-07-28,146.73260912458403,-0.0193046642115956,7.0,2,0
42,False,MOValley|Hybrids|27|33,MOValley,Hybrids,27,33,LH123HT X 3IIH6,90,2022-07-28,146.77582217860572,-0.03436363873852488,7.0,2,0
43,False,MOValley|Hybrids|27|39,MOValley,Hybrids,27,39,B73 X 3IIH6,90,2022-07-28,146.78896333965986,-0.026401726402049852,7.0,2,0
44,False,MOValley|Hybrids|25|44,MOValley,Hybrids,25,44,LH185 X W606S,90,2022-07-28,147.23749023339818,-0.0116169792199603,7.0,2,0
45,False,MOValley|Hybrids|29|11,MOValley,Hybrids,29,11,4N506 X 3IIH6,90,2022-07-28,147.2454207719369,-0.01608351676635733,7.0,2,0
46,False,MOValley|Hybrids|29|10,MOValley,Hybrids,29,10,PHB47 X 3IIH6,90,2022-07-28,147.84169233508757,-0.02432466966453961,7.0,2,0
47,False,MOValley|Hybrids|27|12,MOValley,Hybrids,27,12,PHP02 X PHK76,90,2022-07-28,148.04362949971934,-0.0029260529382312273,7.0,2,0
48,False,MOValley|Hybrids|27|6,MOValley,Hybrids,27,6,PHP02 X PHK56,90,2022-07-28,148.16063364336458,-0.005889429725679296,7.0,2,0
49,False,MOValley|Hybrids|27|30,MOValley,Hybrids,27,30,LH82 X PHJ89,90,2022-07-28,148.1886235375986,-0.01616130395123483,7.0,2,0
50,False,MOValley|Hybrids|25|26,MOValley,Hybrids,25,26,LH195 X LH185,90,2022-07-28,148.19269152484281,-0.02144563506537467,7.0,2,0
51,False,MOValley|Hybrids|25|32,MOValley,Hybrids,25,32,B37 X MO17,90,2022-07-28,148.53191498483045,-0.024059407715116943,7.0,2,0
52,False,MOValley|Hybrids|27|3,MOValley,Hybrids,27,3,B73 X PHZ51,90,2022-07-28,148.9022425412513,-0.024846938046886646,7.0,2,0
53,False,MOValley|Hybrids|23|16,MOValley,Hybrids,23,16,PHK56 X 3IIH6,90,2022-07-28,148.96738665164685,-0.012019461014653454,7.0,2,0
54,False,MOValley|Hybrids|25|20,MOValley,Hybrids,25,20,PHK76 X LH82,90,2022-07-28,149.00065927184593,-0.014996549510841284,7.0,2,0
55,False,MOValley|Hybrids|25|10,MOValley,Hybrids,25,10,PHN46 X PHB47,90,2022-07-28,149.25613990308946,-0.016060689061874744,7.0,2,0
56,False,MOValley|Hybrids|27|42,MOValley,Hybrids,27,42,B37 X OH43,90,2022-07-28,149.6895485966997,-0.01565360456728626,7.0,2,0
57,False,MOValley|Hybrids|25|40,MOValley,Hybrids,25,40,PHB47 X PHJ89,90,2022-07-28,149.6973447757884,-0.01415557464940187,7.0,2,0
58,False,MOValley|Hybrids|29|44,MOValley,Hybrids,29,44,PHK56 X LH82,90,2022-07-28,150.15541899074174,-0.007099441652836935,7.0,2,0
59,False,MOValley|Hybrids|27|34,MOValley,Hybrids,27,34,LH145 X LH162,90,2022-07-28,150.41914369586516,-0.023257163021459526,7.0,2,0
60,False,MOValley|Hybrids|27|27,MOValley,Hybrids,27,27,LH74 X PHN82,90,2022-07-28,150.46242791734835,-0.020358567767997493,7.0,2,0
61,False,MOValley|Hybrids|27|29,MOValley,Hybrids,27,29,PHB47 X LH185,90,2022-07-28,150.8469007853893,-0.019826516292384078,7.0,2,0
62,False,MOValley|Hybrids|25|39,MOValley,Hybrids,25,39,2FACC X 3IIH6,90,2022-07-28,150.91929270133738,-0.021541438771117694,7.0,2,0
63,False,MOValley|Hybrids|25|25,MOValley,Hybrids,25,25,LH185 X LH145,90,2022-07-28,150.94170904935567,-0.012602656442953664,7.0,2,0
64,False,MOValley|Hybrids|29|29,MOValley,Hybrids,29,29,2369 X PHN82,90,2022-07-28,151.3179685763502,-0.02060211915209087,7.0,2,0
65,False,MOValley|Hybrids|27|20,MOValley,Hybrids,27,20,2369 X LH123HT,90,2022-07-28,151.43552739128978,-0.02924016273531238,7.0,2,0
66,False,MOValley|Hybrids|29|43,MOValley,Hybrids,29,43,2369 X PHP02,90,2022-07-28,151.72935612150937,-0.008750662320721636,7.0,2,0
67,False,MOValley|Hybrids|27|11,MOValley,Hybrids,27,11,B73 X 3IIH6,90,2022-07-28,151.7581990903741,-0.021607186519700727,7.0,2,0
68,False,MOValley|Hybrids|23|6,MOValley,Hybrids,23,6,PHN46 X W606S,90,2022-07-28,151.98547008056246,0.01598711722649393,7.0,2,0
69,False,MOValley|Hybrids|29|31,MOValley,Hybrids,29,31,LH74 X PHM49,90,2022-07-28,151.99023214774462,-0.01757435794228468,7.0,2,0
70,False,MOValley|Hybrids|29|36,MOValley,Hybrids,29,36,LH198 X PHZ51,90,2022-07-28,152.17780884036017,-0.006573863247336109,7.0,2,0
71,False,MOValley|Hybrids|23|3,MOValley,Hybrids,23,3,LH198 X PHB47,90,2022-07-28,152.19232474558748,-0.01759996967872801,7.0,2,0
72,False,MOValley|Hybrids|29|34,MOValley,Hybrids,29,34,F42 X OH43,90,2022-07-28,152.2598683937016,-0.007321391099447183,7.0,2,0
73,False,MOValley|Hybrids|29|13,MOValley,Hybrids,29,13,PHP02 X LH185,90,2022-07-28,152.3629252032087,-0.01001009554284138,7.0,2,0
74,False,MOValley|Hybrids|29|15,MOValley,Hybrids,29,15,PHJ40 X LH82,90,2022-07-28,152.4349799792597,-0.0127553024223801,7.0,2,0
75,False,MOValley|Hybrids|27|32,MOValley,Hybrids,27,32,LH195 X PHZ51,90,2022-07-28,152.4582010975189,-0.03713737142083828,7.0,2,0
76,False,MOValley|Hybrids|23|18,MOValley,Hybrids,23,18,LH82 X PHJ89,90,2022-07-28,152.47903326106385,-0.011434694853887484,7.0,2,0
77,False,MOValley|Hybrids|23|27,MOValley,Hybrids,23,27,PHK76 X LH82,90,2022-07-28,152.5445569825696,-0.013241268519175065,7.0,2,0
78,False,MOValley|Hybrids|23|5,MOValley,Hybrids,23,5,LH74 X PHN82,90,2022-07-28,152.56274556915815,-0.01322312018323113,7.0,2,0
79,False,MOValley|Hybrids|29|7,MOValley,Hybrids,29,7,F42 X OH43,90,2022-07-28,152.57108706321011,-0.014543041633226839,7.0,2,0
80,False,MOValley|Hybrids|29|8,MOValley,Hybrids,29,8,LH145 X LH162,90,2022-07-28,152.75046536106848,-0.003443723398320664,7.0,2,0
81,False,MOValley|Hybrids|23|41,MOValley,Hybrids,23,41,PHP02 X LH82,90,2022-07-28,152.75126201722753,-0.004909550486121517,7.0,2,0
82,False,MOValley|Hybrids|23|42,MOValley,Hybrids,23,42,PHK76 X LH198,90,2022-07-28,152.77922428082206,-0.0035009668834734553,7.0,2,0
83,False,MOValley|Hybrids|27|9,MOValley,Hybrids,27,9,2369 X PHZ51,90,2022-07-28,152.92109696476265,-0.014682632498113746,7.0,2,0
84,False,MOValley|Hybrids|29|27,MOValley,Hybrids,29,27,2369 X LH123HT,90,2022-07-28,153.38432060575383,-0.0174016258637244,7.0,2,0
85,False,MOValley|Hybrids|23|19,MOValley,Hybrids,23,19,LH74 X PHM49,90,2022-07-28,153.73154864745862,-0.02160888798390226,7.0,2,0
86,False,MOValley|Hybrids|29|5,MOValley,Hybrids,29,5,LH195 X LH123HT,90,2022-07-28,153.73647230408056,-0.012610403884775967,7.0,2,0
87,False,MOValley|Hybrids|29|4,MOValley,Hybrids,29,4,PHK76 X LH198,90,2022-07-28,153.74608815023694,-0.0030965965430611586,7.0,2,0
88,False,MOValley|Hybrids|25|30,MOValley,Hybrids,25,30,LH82 X PHB47,90,2022-07-28,153.8095104699566,-0.018479362616898976,7.0,2,0
89,False,MOValley|Hybrids|29|38,MOValley,Hybrids,29,38,B73 X PHM49,90,2022-07-28,153.86787580607785,-0.018032873990122433,7.0,2,0
90,False,MOValley|Hybrids|29|12,MOValley,Hybrids,29,12,LH123HT X PHB47,90,2022-07-28,153.90023833188033,-0.011122554025298825,7.0,2,0
91,False,MOValley|Hybrids|27|5,MOValley,Hybrids,27,5,2369 X PHN82,90,2022-07-28,153.9059508780785,-0.009470349547249346,7.0,2,0
92,False,MOValley|Hybrids|23|24,MOValley,Hybrids,23,24,PHP02 X PHK76,90,2022-07-28,153.9814747515132,-0.011813004281363226,7.0,2,0
93,False,MOValley|Hybrids|25|23,MOValley,Hybrids,25,23,LH195 X LH185,90,2022-07-28,154.09546495881042,-0.025320924937680456,7.0,2,0
94,False,MOValley|Hybrids|23|28,MOValley,Hybrids,23,28,PHP02 X PHN46,90,2022-07-28,154.13967486048642,-0.012449373640279204,7.0,2,0
95,False,MOValley|Hybrids|23|4,MOValley,Hybrids,23,4,PHK76 X W606S,90,2022-07-28,154.19979612301876,-0.0019324523532592286,7.0,2,0
96,False,MOValley|Hybrids|29|25,MOValley,Hybrids,29,25,PHK76 X W606S,90,2022-07-28,154.2163325186163,-0.0036762815014954597,7.0,2,0
97,False,MOValley|Hybrids|25|9,MOValley,Hybrids,25,9,PHB47 X LH185,90,2022-07-28,154.314078986845,-0.014659265590520665,7.0,2,0
98,False,MOValley|Hybrids|23|33,MOValley,Hybrids,23,33,PHP02 X LH185,90,2022-07-28,154.4815430074939,-0.013608110116078875,7.0,2,0
99,False,MOValley|Hybrids|25|28,MOValley,Hybrids,25,28,PHW52 X LH185,90,2022-07-28,154.52396850745401,-0.020596879311878924,7.0,2,0
100,False,MOValley|Hybrids|25|42,MOValley,Hybrids,25,42,PHT69 X 3IIH6,90,2022-07-28,154.8802958388144,-0.010714806879360439,7.0,2,0
101,False,MOValley|Hybrids|27|8,MOValley,Hybrids,27,8,LH82 X PHB47,90,2022-07-28,155.06872383323517,-0.019322915165844945,7.0,2,0
102,False,MOValley|Hybrids|27|22,MOValley,Hybrids,27,22,B37 X OH43,90,2022-07-28,155.11564758061465,-0.025450780608790136,7.0,2,0
103,False,MOValley|Hybrids|25|34,MOValley,Hybrids,25,34,LH195 X 3IIH6,90,2022-07-28,155.12982639229097,-0.02253465394581522,7.0,2,0
104,False,MOValley|Hybrids|27|38,MOValley,Hybrids,27,38,B73 X MO17,90,2022-07-28,155.34327845351908,-0.015586847189132613,7.0,2,0
105,False,MOValley|Hybrids|29|39,MOValley,Hybrids,29,39,PHW52 X PHZ51,90,2022-07-28,155.52133008767362,-0.025488509922114044,7.0,2,0
106,False,MOValley|Hybrids|23|32,MOValley,Hybrids,23,32,PHN46 X W606S,90,2022-07-28,155.64952941949224,-0.012578895968386017,7.0,2,0
107,False,MOValley|Hybrids|25|16,MOValley,Hybrids,25,16,LH195 X PHZ51,90,2022-07-28,155.75211148967546,-0.01942302170136667,7.0,2,0
108,False,MOValley|Hybrids|27|25,MOValley,Hybrids,27,25,PHP02 X W606S,90,2022-07-28,155.8748972910825,-0.012052033384817085,7.0,2,0
109,False,MOValley|Hybrids|25|8,MOValley,Hybrids,25,8,B73 X MO17,90,2022-07-28,155.91791047611935,-0.01225181423854027,7.0,2,0
110,False,MOValley|Hybrids|29|40,MOValley,Hybrids,29,40,B14A X MO17,90,2022-07-28,156.21334274709892,-0.007878274418542053,7.0,2,0
111,False,MOValley|Hybrids|29|35,MOValley,Hybrids,29,35,LH195 X LH123HT,90,2022-07-28,156.5964075838479,-0.01339384277238298,7.0,2,0
112,False,MOValley|Hybrids|23|11,MOValley,Hybrids,23,11,LH82 X W606S,90,2022-07-28,156.72072495298346,-0.0022155311991858273,7.0,2,0
113,False,MOValley|Hybrids|23|39,MOValley,Hybrids,23,39,PHN46 X PHK56,90,2022-07-28,156.7761303835332,-0.010924866885540396,7.0,2,0
114,False,MOValley|Hybrids|23|20,MOValley,Hybrids,23,20,B14A X MO17,90,2022-07-28,156.9300251600012,-0.015367489460613726,7.0,2,0
115,False,MOValley|Hybrids|23|13,MOValley,Hybrids,23,13,B73 X PHM49,90,2022-07-28,157.17995517893132,-0.016761924141370566,7.0,2,0
116,False,MOValley|Hybrids|29|42,MOValley,Hybrids,29,42,N209 X 3IIH6,90,2022-07-28,157.2927356584904,-0.018629125317332074,7.0,2,0
117,False,MOValley|Hybrids|23|14,MOValley,Hybrids,23,14,PHN46 X PHK56,90,2022-07-28,157.3961722952591,-0.013477351963886552,7.0,2,0
118,False,MOValley|Hybrids|29|16,MOValley,Hybrids,29,16,PHK56 X LH198,90,2022-07-28,157.8811376570582,-0.00909027785986738,7.0,2,0
119,False,MOValley|Hybrids|25|6,MOValley,Hybrids,25,6,PHB47 X PHK56,90,2022-07-28,158.11047950888312,0.0038376180191647125,7.0,2,0
120,False,MOValley|Hybrids|27|7,MOValley,Hybrids,27,7,PHT69 X 3IIH6,90,2022-07-28,158.44069026092276,-0.010971683785029662,7.0,2,0
121,False,MOValley|Hybrids|25|29,MOValley,Hybrids,25,29,PHK56 X LH198,90,2022-07-28,158.56008924781364,-0.008202559168383416,7.0,2,0
122,False,MOValley|Hybrids|29|32,MOValley,Hybrids,29,32,PHB47 X PHK56,90,2022-07-28,159.3297721736301,-0.021084793179920958,7.0,2,0
123,False,MOValley|Hybrids|25|12,MOValley,Hybrids,25,12,PHK56 X PHJ89,90,2022-07-28,159.56549642990453,-0.0008682184530254267,7.0,2,0
124,False,MOValley|Hybrids|27|45,MOValley,Hybrids,27,45,PHP02 X LH198,90,2022-07-28,159.6976325881883,-0.017411175503129206,7.0,2,0
125,False,MOValley|Hybrids|25|19,MOValley,Hybrids,25,19,PHP02 X LH198,90,2022-07-28,159.97858810280997,-0.01399183960258632,7.0,2,0
126,False,MOValley|Hybrids|29|28,MOValley,Hybrids,29,28,B73 X PHN82,90,2022-07-28,160.17205999074585,-0.014157028413490647,7.0,2,0
127,False,MOValley|Hybrids|25|17,MOValley,Hybrids,25,17,2FACC X 3IIH6,90,2022-07-28,160.58344089899015,-0.01597432213461769,7.0,2,0
128,False,MOValley|Hybrids|23|44,MOValley,Hybrids,23,44,PHK56 X PHJ89,90,2022-07-28,160.7724493993107,-0.0033769428603376284,7.0,2,0
129,False,MOValley|Hybrids|25|21,MOValley,Hybrids,25,21,PHK56 X LH82,90,2022-07-28,160.95864001276937,-0.011323108987797648,7.0,2,0
130,False,MOValley|Hybrids|23|38,MOValley,Hybrids,23,38,PHN46 X PHB47,90,2022-07-28,160.97813195498244,-0.01189929207296514,7.0,2,0
131,False,MOValley|Hybrids|23|30,MOValley,Hybrids,23,30,PHP02 X PHG47,90,2022-07-28,161.02594943330126,-0.015570611104117615,7.0,2,0
132,False,MOValley|Hybrids|27|13,MOValley,Hybrids,27,13,PHK56 X LH185,90,2022-07-28,161.03463539953975,-0.0031508174327309346,7.0,2,0
133,False,MOValley|Hybrids|23|9,MOValley,Hybrids,23,9,PHP02 X PHJ89,90,2022-07-28,161.0673125635543,-0.014835498095701283,7.0,2,0
134,False,MOValley|Hybrids|25|41,MOValley,Hybrids,25,41,2369 X 3IIH6,90,2022-07-28,161.12012321483746,-0.014317855507352428,7.0,2,0
135,False,MOValley|Hybrids|27|21,MOValley,Hybrids,27,21,N209 X 3IIH6,90,2022-07-28,161.30369398013252,-0.025955437832584582,7.0,2,0
136,False,MOValley|Hybrids|29|41,MOValley,Hybrids,29,41,F42 X MO17,90,2022-07-28,161.33523381924547,-0.004809579801217989,7.0,2,0
137,False,MOValley|Hybrids|25|11,MOValley,Hybrids,25,11,HOEGEMEYER 8065RR,90,2022-07-28,161.6752660884386,-0.006724866854240008,7.0,2,0
138,False,MOValley|Hybrids|25|45,MOValley,Hybrids,25,45,PHP02 X PHJ89,90,2022-07-28,161.72707693016503,-0.008421255116359716,7.0,2,0
139,False,MOValley|Hybrids|27|18,MOValley,Hybrids,27,18,2369 X 3IIH6,90,2022-07-28,162.20491457740576,-0.017171120496944026,7.0,2,0
140,False,MOValley|Hybrids|29|2,MOValley,Hybrids,29,2,PHG39 X PHM49,90,2022-07-28,162.33948649528566,-0.019729889693306246,7.0,2,0
141,False,MOValley|Hybrids|25|37,MOValley,Hybrids,25,37,PHG39 X PHM49,90,2022-07-28,162.4605935195694,-0.01010836218532174,7.0,2,0
142,False,MOValley|Hybrids|23|22,MOValley,Hybrids,23,22,PHP02 X PHG47,90,2022-07-28,162.61849960608998,-0.024087234751491438,7.0,2,0
143,False,MOValley|Hybrids|25|18,MOValley,Hybrids,25,18,HOEGEMEYER 7089 AMXT,90,2022-07-28,162.9805186625343,-0.010706296036693708,7.0,2,0
144,False,MOValley|Hybrids|23|29,MOValley,Hybrids,23,29,PHK56 X W606S,90,2022-07-28,163.13273040910008,0.004462436817681437,7.0,2,0
145,False,MOValley|Hybrids|29|26,MOValley,Hybrids,29,26,PHW52 X PHN82,90,2022-07-28,163.27638479480413,-0.031045960040950393,7.0,2,0
146,False,MOValley|Hybrids|29|37,MOValley,Hybrids,29,37,PHW52 X PHM49,90,2022-07-28,163.41996524171128,-0.037242562343910546,7.0,2,0
147,False,MOValley|Hybrids|29|9,MOValley,Hybrids,29,9,PIONEER P0589 AMXT,90,2022-07-28,163.4217369004305,-0.018708058966798724,7.0,2,0
148,False,MOValley|Hybrids|29|14,MOValley,Hybrids,29,14,PHP02 X W606S,90,2022-07-28,163.50074172099588,-0.009732184305434988,7.0,2,0
149,False,MOValley|Hybrids|25|7,MOValley,Hybrids,25,7,B73 X PHN82,90,2022-07-28,163.77844799186786,-0.015394874025694172,7.0,2,0
150,False,MOValley|Hybrids|25|22,MOValley,Hybrids,25,22,F42 X MO17,90,2022-07-28,163.81793677465186,-0.0162231340995157,7.0,2,0
151,False,MOValley|Hybrids|23|31,MOValley,Hybrids,23,31,PHK56 X LH185,90,2022-07-28,164.30550733134925,-0.008906726043368174,7.0,2,0
152,False,MOValley|Hybrids|29|6,MOValley,Hybrids,29,6,PHK56 X W606S,90,2022-07-28,164.45633235568368,-0.0017886286284589659,7.0,2,0
153,False,MOValley|Hybrids|25|15,MOValley,Hybrids,25,15,PHW52 X PHM49,90,2022-07-28,164.81341689303548,-0.024629152499792806,7.0,2,0
154,False,MOValley|Hybrids|23|40,MOValley,Hybrids,23,40,PHP02 X PHK56,90,2022-07-28,165.32573075710255,-0.004956289903917055,7.0,2,0
155,False,MOValley|Hybrids|27|40,MOValley,Hybrids,27,40,PHG39 X PHN82,90,2022-07-28,165.46804518505314,-0.018137822131214953,7.0,2,0
156,False,MOValley|Hybrids|23|45,MOValley,Hybrids,23,45,PIONEER P0589 AMXT,90,2022-07-28,165.68326821002324,-0.013222306796401462,7.0,2,0
157,False,MOValley|Hybrids|29|24,MOValley,Hybrids,29,24,PIONEER 1311 AMXT,90,2022-07-28,165.70433571514297,-0.011826667678619507,7.0,2,0
158,False,MOValley|Hybrids|23|43,MOValley,Hybrids,23,43,HOEGEMEYER 8065RR,90,2022-07-28,165.8134936576474,-0.01067604638898434,7.0,2,0
159,False,MOValley|Hybrids|23|12,MOValley,Hybrids,23,12,PIONEER 1311 AMXT,90,2022-07-28,165.91291387380224,-0.017686243536064294,7.0,2,0
160,False,MOValley|Hybrids|23|17,MOValley,Hybrids,23,17,PHW52 X PHN82,90,2022-07-28,166.45558530076195,-0.016109039967561634,7.0,2,0
161,False,MOValley|Hybrids|23|35,MOValley,Hybrids,23,35,HOEGEMEYER 7089 AMXT,90,2022-07-28,166.82044238344415,-0.010346168296663683,7.0,2,0
162,False,MOValley|Hybrids|23|7,MOValley,Hybrids,23,7,SYNGENTA NK0760-3111,90,2022-07-28,178.0408694135675,-0.004457473961717806,7.0,2,0
163,False,MOValley|Hybrids|23|34,MOValley,Hybrids,23,34,SYNGENTA NK0760-3111,90,2022-07-28,180.47662896443666,-0.012336165339307703,7.0,2,0
1,True,Scottsbluff|n225|23|23,Scottsbluff,n225,23,23,2369 X LH123HT,90,2022-08-17,31.503210965086936,0.11832584547835934,10.0,3,0
2,True,Scottsbluff|n225|7|26,Scottsbluff,n225,7,26,LH74 X PHN82,90,2022-08-17,35.32563664487863,0.17017429572554993,10.0,3,0
3,True,Scottsbluff|n225|27|24,Scottsbluff,n225,27,24,LH195 X PHZ51,90,2022-08-17,37.082674513732115,0.20544083721985607,10.0,3,0
4,True,Scottsbluff|n225|19|25,Scottsbluff,n225,19,25,2369 X PHP02,90,2022-08-17,40.700866522597266,0.21993211021705428,10.0,3,0
5,True,Scottsbluff|n225|18|22,Scottsbluff,n225,18,22,PHP02 X LH185,90,2022-08-17,42.27520960992199,0.12796875081732406,10.0,3,0
6,True,Scottsbluff|n225|19|24,Scottsbluff,n225,19,24,PHJ40 X LH82,90,2022-08-17,48.02866425616335,0.26366914670355635,10.0,3,0
7,True,Scottsbluff|n225|17|21,Scottsbluff,n225,17,21,PHP02 X LH198,90,2022-08-17,49.013667206519216,0.1749379014989294,10.0,3,0
8,True,Scottsbluff|n150|15|17,Scottsbluff,n150,15,17,LH185 X W606S,90,2022-08-17,52.127750462356936,0.22393323272587767,10.0,3,0
9,True,Scottsbluff|n75|17|3,Scottsbluff,n75,17,3,PHW52 X PHZ51,90,2022-08-17,53.392416382885976,0.2921723146187002,10.0,3,0
10,True,Scottsbluff|n225|20|25,Scottsbluff,n225,20,25,B73 X PHZ51,90,2022-08-17,56.01774971234267,0.27170931953120664,10.0,3,0
11,True,Scottsbluff|n225|23|22,Scottsbluff,n225,23,22,LH198 X PHZ51,90,2022-08-17,56.25391103932737,0.11443296286039362,10.0,3,0
12,True,Scottsbluff|n225|16|20,Scottsbluff,n225,16,20,PHP02 X PHK56,90,2022-08-17,56.406094975730774,0.18240608038644113,10.0,3,0
13,True,Scottsbluff|n225|15|22,Scottsbluff,n225,15,22,PHP02 X LH145,90,2022-08-17,56.98109043495222,0.1317611264492774,10.0,3,0
14,True,Scottsbluff|n225|17|20,Scottsbluff,n225,17,20,LH123HT X PHB47,90,2022-08-17,58.393726789342345,0.18083511413010434,10.0,3,0
15,True,Scottsbluff|n225|18|25,Scottsbluff,n225,18,25,PHP02 X PHJ89,90,2022-08-17,58.71446306133866,0.26562424005191987,10.0,3,0
16,True,Scottsbluff|n225|17|22,Scottsbluff,n225,17,22,PHK56 X LH82,90,2022-08-17,60.29350167590211,0.22190058289865722,10.0,3,0
17,True,Scottsbluff|n75|21|4,Scottsbluff,n75,21,4,PHP02 X PHJ89,90,2022-08-17,60.79053677195445,0.07910101161692795,10.0,3,0
18,True,Scottsbluff|n225|18|20,Scottsbluff,n225,18,20,LH185 X W606S,90,2022-08-17,61.05424216389598,0.1705441292539116,10.0,3,0
19,True,Scottsbluff|n150|16|16,Scottsbluff,n150,16,16,PHK76 X 3IIH6,90,2022-08-17,62.93197009622619,0.20138430564472332,10.0,3,0
20,True,Scottsbluff|n75|18|3,Scottsbluff,n75,18,3,LH195 X PHZ51,90,2022-08-17,63.13225611783111,0.2730338636853704,10.0,3,0
21,True,Scottsbluff|n225|15|21,Scottsbluff,n225,15,21,HOEGEMEYER 7089 AMXT,90,2022-08-17,64.65275627553217,0.18488667917503587,10.0,3,0
22,True,Scottsbluff|n75|7|3,Scottsbluff,n75,7,3,LH74 X PHM49,90,2022-08-17,64.72460059307033,0.2369595509227479,10.0,3,0
23,True,Scottsbluff|n75|15|3,Scottsbluff,n75,15,3,PIONEER P0589 AMXT,90,2022-08-17,65.2440509512065,0.2627915655686272,10.0,3,0
24,True,Scottsbluff|n225|17|23,Scottsbluff,n225,17,23,PHK76 X LH198,90,2022-08-17,65.67090040282758,0.2522234424973615,10.0,3,0
25,True,Scottsbluff|n225|24|24,Scottsbluff,n225,24,24,B37 X H95,90,2022-08-17,66.20382180956238,0.15545646634674937,10.0,3,0
26,True,Scottsbluff|n225|22|26,Scottsbluff,n225,22,26,B73 X 3IIH6,90,2022-08-17,66.86138373264097,0.08652874982271963,10.0,3,0
27,True,Scottsbluff|n225|18|21,Scottsbluff,n225,18,21,PHN46 X PHB47,90,2022-08-17,66.91351618001863,0.18124095854621047,10.0,3,0
28,True,Scottsbluff|n225|15|20,Scottsbluff,n225,15,20,PIONEER 1311 AMXT,90,2022-08-17,67.31814574014166,0.24729681950491966,10.0,3,0
29,True,Scottsbluff|n225|14|21,Scottsbluff,n225,14,21,LH195 X PHZ51,90,2022-08-17,67.34191501834503,0.16682958877586995,10.0,3,0
30,True,Scottsbluff|n225|5|21,Scottsbluff,n225,5,21,B37 X H95,90,2022-08-17,67.79777256098424,0.11268246293178086,10.0,3,0
31,True,Scottsbluff|n225|16|21,Scottsbluff,n225,16,21,PHP02 X PHG47,90,2022-08-17,69.00162194381093,0.26246294980105134,10.0,3,0
32,True,Scottsbluff|n225|20|22,Scottsbluff,n225,20,22,2369 X PHZ51,90,2022-08-17,69.82418653821242,0.1767005824236505,10.0,3,0
33,True,Scottsbluff|n225|10|22,Scottsbluff,n225,10,22,LH198 X PHZ51,90,2022-08-17,70.041583860813,0.23446807898334665,10.0,3,0
34,True,Scottsbluff|n225|5|20,Scottsbluff,n225,5,20,LH198 X PHB47,90,2022-08-17,70.34801224393271,0.11998184561990788,10.0,3,0
35,True,Scottsbluff|n225|19|26,Scottsbluff,n225,19,26,LH185 X LH82,90,2022-08-17,70.68300266663512,0.12839004897228512,10.0,3,0
36,True,Scottsbluff|n225|9|22,Scottsbluff,n225,9,22,2369 X PHN82,90,2022-08-17,70.69558864942083,0.19040368011422637,10.0,3,0
37,True,Scottsbluff|n225|19|21,Scottsbluff,n225,19,21,PHP02 X W606S,90,2022-08-17,71.37251219019223,0.1667521447860374,10.0,3,0
38,True,Scottsbluff|n225|6|20,Scottsbluff,n225,6,20,PHB47 X LH185,90,2022-08-17,71.8119839962691,0.12021799541996236,10.0,3,0
39,True,Scottsbluff|n225|27|22,Scottsbluff,n225,27,22,B105 X 3IIH6,90,2022-08-17,72.17412067042662,0.14725512023665954,10.0,3,0
40,True,Scottsbluff|n75|9|5,Scottsbluff,n75,9,5,PHB47 X 3IIH6,90,2022-08-17,72.23124441148201,0.23280549431843683,10.0,3,0
41,True,Scottsbluff|n225|13|24,Scottsbluff,n225,13,24,PHP02 X LH145,90,2022-08-17,72.74436470096859,0.1819574933827387,10.0,3,0
42,True,Scottsbluff|n225|21|22,Scottsbluff,n225,21,22,LH82 X PHB47,90,2022-08-17,73.09333534004641,0.18138194499162885,10.0,3,0
43,True,Scottsbluff|n225|6|26,Scottsbluff,n225,6,26,B37 X MO17,90,2022-08-17,73.29149572801805,0.06714907770966105,10.0,3,0
44,True,Scottsbluff|n225|18|26,Scottsbluff,n225,18,26,PHK76 X 3IIH6,90,2022-08-17,73.52313749124775,0.24354733558230401,10.0,3,0
45,True,Scottsbluff|n225|23|24,Scottsbluff,n225,23,24,WF9 X H95,90,2022-08-17,73.83414377555248,0.17188453469227338,10.0,3,0
46,True,Scottsbluff|n225|16|26,Scottsbluff,n225,16,26,PHK56 X LH145,90,2022-08-17,73.9418843275136,0.13893499632812878,10.0,3,0
47,True,Scottsbluff|n75|16|3,Scottsbluff,n75,16,3,B73 X PHM49,90,2022-08-17,74.42555978160047,0.29812067701300143,10.0,3,0
48,True,Scottsbluff|n225|16|23,Scottsbluff,n225,16,23,HOEGEMEYER 8065RR,90,2022-08-17,74.44208773109324,0.22532364502096902,10.0,3,0
49,True,Scottsbluff|n225|19|22,Scottsbluff,n225,19,22,LH185 X LH145,90,2022-08-17,74.76456304274333,0.1504981044563778,10.0,3,0
50,False,Scottsbluff|n225|26|24,Scottsbluff,n225,26,24,B73 X PHM49,90,2022-08-17,74.85241119546578,0.18287969315762875,10.0,3,0
51,False,Scottsbluff|n150|22|14,Scottsbluff,n150,22,14,SYNGENTA NK0760-3111,90,2022-08-17,75.85472295712991,0.12205198618534996,10.0,3,0
52,False,Scottsbluff|n225|21|20,Scottsbluff,n225,21,20,2369 X PHN82,90,2022-08-17,76.60600432917765,0.16642084772905041,10.0,3,0
53,False,Scottsbluff|n225|24|22,Scottsbluff,n225,24,22,B37 X OH43,90,2022-08-17,77.39950112878408,0.10540489038101675,10.0,3,0
54,False,Scottsbluff|n225|3|20,Scottsbluff,n225,3,20,LH82 X PHJ89,90,2022-08-17,77.57853474847772,0.21876650721562252,10.0,3,0
55,False,Scottsbluff|n225|27|25,Scottsbluff,n225,27,25,PHB47 X PHJ89,90,2022-08-17,78.13452046222324,0.19218847784400306,10.0,3,0
56,False,Scottsbluff|n225|13|22,Scottsbluff,n225,13,22,WF9 X H95,90,2022-08-17,78.14239341514144,0.1856925689569443,10.0,3,0
57,False,Scottsbluff|n225|3|23,Scottsbluff,n225,3,23,PHW52 X PHM49,90,2022-08-17,78.82367860281462,0.15278240081425032,10.0,3,0
58,False,Scottsbluff|n225|16|25,Scottsbluff,n225,16,25,PHK76 X LH145,90,2022-08-17,78.88129839470594,0.2605875277818377,10.0,3,0
59,False,Scottsbluff|n225|3|26,Scottsbluff,n225,3,26,PHB47 X 3IIH6,90,2022-08-17,78.94935607741226,0.2199495669207303,10.0,3,0
60,False,Scottsbluff|n225|26|23,Scottsbluff,n225,26,23,B84 X 3IIH6,90,2022-08-17,79.04476501448609,0.14420170962157697,10.0,3,0
61,False,Scottsbluff|n225|24|23,Scottsbluff,n225,24,23,PHP02 X PHB47,90,2022-08-17,79.09115423587835,0.15303947814002183,10.0,3,0
62,False,Scottsbluff|n225|25|22,Scottsbluff,n225,25,22,LH195 X PHM49,90,2022-08-17,79.1184941776232,0.16303723246667334,10.0,3,0
63,False,Scottsbluff|n225|22|24,Scottsbluff,n225,22,24,PHT69 X 3IIH6,90,2022-08-17,79.41339285071604,0.1821525164885447,10.0,3,0
64,False,Scottsbluff|n225|4|26,Scottsbluff,n225,4,26,LH82 X PHB47,90,2022-08-17,79.60534716467535,0.08388595470116611,10.0,3,0
65,False,Scottsbluff|n225|6|25,Scottsbluff,n225,6,25,F42 X MO17,90,2022-08-17,79.93255122614164,0.11145471227756565,10.0,3,0
66,False,Scottsbluff|n225|15|26,Scottsbluff,n225,15,26,PHP02 X LH82,90,2022-08-17,80.12361447567216,0.18894360567099389,10.0,3,0
67,False,Scottsbluff|n225|23|21,Scottsbluff,n225,23,21,PHB47 X LH185,90,2022-08-17,80.23658878621049,0.16759326485658588,10.0,3,0
68,False,Scottsbluff|n225|20|21,Scottsbluff,n225,20,21,2369 X 3IIH6,90,2022-08-17,80.48117894588202,0.2189593169584627,10.0,3,0
69,False,Scottsbluff|n225|21|25,Scottsbluff,n225,21,25,F42 X MO17,90,2022-08-17,80.49149703325844,0.20649041793261347,10.0,3,0
70,False,Scottsbluff|n225|21|26,Scottsbluff,n225,21,26,N209 X 3IIH6,90,2022-08-17,80.59810287233788,0.15531831056249557,10.0,3,0
71,False,Scottsbluff|n225|8|26,Scottsbluff,n225,8,26,PHP02 X LH82,90,2022-08-17,80.9136972893321,0.1845728479426343,10.0,3,0
72,False,Scottsbluff|n225|3|22,Scottsbluff,n225,3,22,LH195 X PHM49,90,2022-08-17,81.10892523424712,0.18672337037200415,10.0,3,0
73,False,Scottsbluff|n225|15|23,Scottsbluff,n225,15,23,PHP02 X PHK76,90,2022-08-17,81.4692165981586,0.21347264420906864,10.0,3,0
74,False,Scottsbluff|n225|8|23,Scottsbluff,n225,8,23,PHK56 X PHJ89,90,2022-08-17,81.50903148321242,0.17446106312758936,10.0,3,0
75,False,Scottsbluff|n225|4|22,Scottsbluff,n225,4,22,PHK76 X LH198,90,2022-08-17,81.64469399615047,0.1313324381706722,10.0,3,0
76,False,Scottsbluff|n225|22|23,Scottsbluff,n225,22,23,SYNGENTA NK0760-3111,90,2022-08-17,81.94311928674537,0.11226723472041433,10.0,3,0
77,False,Scottsbluff|n75|26|1,Scottsbluff,n75,26,1,PHW52 X LH185,90,2022-08-17,82.08830416089964,0.10725860910395246,10.0,3,0
78,False,Scottsbluff|n225|4|23,Scottsbluff,n225,4,23,B84 X 3IIH6,90,2022-08-17,83.19524007693926,0.16458200618521557,10.0,3,0
79,False,Scottsbluff|n225|26|20,Scottsbluff,n225,26,20,PHZ51 X LH145,90,2022-08-17,83.27301728607607,0.1475027036008596,10.0,3,0
80,False,Scottsbluff|n225|14|20,Scottsbluff,n225,14,20,B73 X MO17,90,2022-08-17,83.3597302635803,0.24797121685890788,10.0,3,0
81,False,Scottsbluff|n225|20|24,Scottsbluff,n225,20,24,B37 X MO17,90,2022-08-17,83.48070783362786,0.28258539691159956,10.0,3,0
82,False,Scottsbluff|n225|6|21,Scottsbluff,n225,6,21,PHK76 X LH145,90,2022-08-17,83.7279502717235,0.12574130119016846,10.0,3,0
83,False,Scottsbluff|n225|19|23,Scottsbluff,n225,19,23,PHN46 X W606S,90,2022-08-17,83.74704619500616,0.18618731186345638,10.0,3,0
84,False,Scottsbluff|n225|6|23,Scottsbluff,n225,6,23,N209 X 3IIH6,90,2022-08-17,83.80375466638736,0.08336841981791654,10.0,3,0
85,False,Scottsbluff|n225|8|21,Scottsbluff,n225,8,21,PHG39 X PHM49,90,2022-08-17,83.80728627176032,0.21062498013524866,10.0,3,0
86,False,Scottsbluff|n225|18|23,Scottsbluff,n225,18,23,LH198 X PHB47,90,2022-08-17,84.46606484736778,0.1807751962645645,10.0,3,0
87,False,Scottsbluff|n225|20|26,Scottsbluff,n225,20,26,PHW52 X PHN82,90,2022-08-17,84.73518719556003,0.18144409850610432,10.0,3,0
88,False,Scottsbluff|n75|9|3,Scottsbluff,n75,9,3,PHK76 X 3IIH6,90,2022-08-17,84.76155567355227,0.22676663364997762,10.0,3,0
89,False,Scottsbluff|n225|23|25,Scottsbluff,n225,23,25,LH74 X PHN82,90,2022-08-17,84.88382105125919,0.1224907894824705,10.0,3,0
90,False,Scottsbluff|n225|9|23,Scottsbluff,n225,9,23,PHP02 X PHK56,90,2022-08-17,85.1772937576113,0.23355954826389214,10.0,3,0
91,False,Scottsbluff|n75|8|2,Scottsbluff,n75,8,2,PHW52 X PHZ51,90,2022-08-17,85.29239211066135,0.15685046381337864,10.0,3,0
92,False,Scottsbluff|n225|13|21,Scottsbluff,n225,13,21,B73 X PHM49,90,2022-08-17,85.45709549566212,0.19821720319539426,10.0,3,0
93,False,Scottsbluff|n225|4|25,Scottsbluff,n225,4,25,PHT69 X 3IIH6,90,2022-08-17,85.64991694705422,0.11594504354640456,10.0,3,0
94,False,Scottsbluff|n225|26|25,Scottsbluff,n225,26,25,PHW52 X PHM49,90,2022-08-17,85.91399824295775,0.18790700618006229,10.0,3,0
95,False,Scottsbluff|n150|3|12,Scottsbluff,n150,3,12,B84 X 3IIH6,90,2022-08-17,86.1023515013233,0.17107843137254897,10.0,3,0
96,False,Scottsbluff|n225|22|25,Scottsbluff,n225,22,25,LH195 X 3IIH6,90,2022-08-17,86.29891272717242,0.10359301911669627,10.0,3,0
97,False,Scottsbluff|n225|4|20,Scottsbluff,n225,4,20,PHK76 X LH82,90,2022-08-17,86.76434351188246,0.16548191484703534,10.0,3,0
98,False,Scottsbluff|n225|7|20,Scottsbluff,n225,7,20,B73 X PHZ51,90,2022-08-17,86.863581299455,0.22894080281604468,10.0,3,0
99,False,Scottsbluff|n75|27|1,Scottsbluff,n75,27,1,B73 X PHN82,90,2022-08-17,87.36240946114941,0.10314792833348929,10.0,3,0
100,False,Scottsbluff|n225|19|20,Scottsbluff,n225,19,20,PHK56 X W606S,90,2022-08-17,87.52927802093694,0.15774642061893607,10.0,3,0
101,False,Scottsbluff|n225|8|22,Scottsbluff,n225,8,22,PHN46 X W606S,90,2022-08-17,87.88660019395272,0.1998062393372464,10.0,3,0
102,False,Scottsbluff|n225|10|20,Scottsbluff,n225,10,20,B73 X 3IIH6,90,2022-08-17,87.9211289772849,0.32071633404792654,10.0,3,0
103,False,Scottsbluff|n225|15|24,Scottsbluff,n225,15,24,PHN46 X PHK56,90,2022-08-17,88.00731297294735,0.23071216850253096,10.0,3,0
104,False,Scottsbluff|n225|8|25,Scottsbluff,n225,8,25,PHZ51 X LH145,90,2022-08-17,88.20748300704025,0.14884456053569273,10.0,3,0
105,False,Scottsbluff|n225|4|21,Scottsbluff,n225,4,21,2369 X PHZ51,90,2022-08-17,88.22041176525073,0.1778808530272702,10.0,3,0
106,False,Scottsbluff|n225|12|22,Scottsbluff,n225,12,22,PHN46 X PHK56,90,2022-08-17,88.57968206670135,0.2059972662723324,10.0,3,0
107,False,Scottsbluff|n225|24|25,Scottsbluff,n225,24,25,PHW52 X LH185,90,2022-08-17,88.63009552592496,0.1146874501812023,10.0,3,0
108,False,Scottsbluff|n225|9|20,Scottsbluff,n225,9,20,LH123HT X 3IIH6,90,2022-08-17,88.67521578145858,0.2511025557617912,10.0,3,0
109,False,Scottsbluff|n75|24|1,Scottsbluff,n75,24,1,B105 X 3IIH6,90,2022-08-17,88.70470049767883,0.1271698870049197,10.0,3,0
110,False,Scottsbluff|n225|25|23,Scottsbluff,n225,25,23,LH145 X LH162,90,2022-08-17,88.96662585430501,0.1258175115459862,10.0,3,0
111,False,Scottsbluff|n150|4|14,Scottsbluff,n150,4,14,B105 X 3IIH6,90,2022-08-17,89.01414764239918,0.17606536753873925,10.0,3,0
112,False,Scottsbluff|n225|22|22,Scottsbluff,n225,22,22,LH74 X PHM49,90,2022-08-17,89.38144133641512,0.12919954440105474,10.0,3,0
113,False,Scottsbluff|n75|5|6,Scottsbluff,n75,5,6,PHZ51 X LH145,90,2022-08-17,89.49076602816434,0.09496819469963014,10.0,3,0
114,False,Scottsbluff|n225|9|26,Scottsbluff,n225,9,26,PHP02 X W606S,90,2022-08-17,89.62764331975086,0.1700963692657067,10.0,3,0
115,False,Scottsbluff|n225|22|21,Scottsbluff,n225,22,21,PHB47 X 3IIH6,90,2022-08-17,89.75406902281458,0.13465270411643204,10.0,3,0
116,False,Scottsbluff|n75|9|6,Scottsbluff,n75,9,6,LH82 X PHJ89,90,2022-08-17,89.94468364177177,0.14914597866551849,10.0,3,0
117,False,Scottsbluff|n150|17|15,Scottsbluff,n150,17,15,PHK76 X LH145,90,2022-08-17,89.95639403674258,0.20755330242751047,10.0,3,0
118,False,Scottsbluff|n225|25|25,Scottsbluff,n225,25,25,2FACC X 3IIH6,90,2022-08-17,90.07397086821241,0.17791259102324597,10.0,3,0
119,False,Scottsbluff|n225|6|22,Scottsbluff,n225,6,22,PHK76 X 3IIH6,90,2022-08-17,90.18753312581856,0.09337367982911493,10.0,3,0
120,False,Scottsbluff|n225|24|21,Scottsbluff,n225,24,21,PHW52 X PHZ51,90,2022-08-17,90.21585311118432,0.17123744942268615,10.0,3,0
121,False,Scottsbluff|n225|27|20,Scottsbluff,n225,27,20,F42 X OH43,90,2022-08-17,90.29134192644979,0.18699801663603488,10.0,3,0
122,False,Scottsbluff|n225|20|23,Scottsbluff,n225,20,23,PHG39 X PHN82,90,2022-08-17,90.49817399040859,0.19620993996936942,10.0,3,0
123,False,Scottsbluff|n75|22|4,Scottsbluff,n75,22,4,SYNGENTA NK0760-3111,90,2022-08-17,90.52333429890996,0.07505875441422538,10.0,3,0
124,False,Scottsbluff|n150|18|17,Scottsbluff,n150,18,17,PHK76 X LH82,90,2022-08-17,90.56538017008263,0.21506656808661295,10.0,3,0
125,False,Scottsbluff|n150|18|13,Scottsbluff,n150,18,13,B37 X H95,90,2022-08-17,90.64980907935711,0.217834310280426,10.0,3,0
126,False,Scottsbluff|n225|21|21,Scottsbluff,n225,21,21,LH82 X PHJ89,90,2022-08-17,90.78596121229157,0.1871718373999708,10.0,3,0
127,False,Scottsbluff|n75|22|3,Scottsbluff,n75,22,3,2369 X PHN82,90,2022-08-17,91.1223635227229,0.18284519801458377,10.0,3,0
128,False,Scottsbluff|n225|15|25,Scottsbluff,n225,15,25,PHK76 X W606S,90,2022-08-17,91.15149058485304,0.2565940397393559,10.0,3,0
129,False,Scottsbluff|n225|7|25,Scottsbluff,n225,7,25,PIONEER P0589 AMXT,90,2022-08-17,91.34646047941483,0.21387059822362364,10.0,3,0
130,False,Scottsbluff|n225|9|21,Scottsbluff,n225,9,21,PHK56 X 3IIH6,90,2022-08-17,91.50494386875428,0.2532381217574816,10.0,3,0
131,False,Scottsbluff|n225|13|20,Scottsbluff,n225,13,20,2369 X PHP02,90,2022-08-17,91.56348029959601,0.26515374282018656,10.0,3,0
132,False,Scottsbluff|n150|3|17,Scottsbluff,n150,3,17,PHP02 X PHJ89,90,2022-08-17,91.79316627959572,0.20738197975349926,10.0,3,0
133,False,Scottsbluff|n75|8|5,Scottsbluff,n75,8,5,PHK56 X 3IIH6,90,2022-08-17,91.83435317217943,0.24360139380931461,10.0,3,0
134,False,Scottsbluff|n150|23|11,Scottsbluff,n150,23,11,LH195 X PHM49,90,2022-08-17,91.91955155374569,0.1925276654607364,10.0,3,0
135,False,Scottsbluff|n225|8|20,Scottsbluff,n225,8,20,PHK56 X LH198,90,2022-08-17,92.00135156506047,0.25081855702601463,10.0,3,0
136,False,Scottsbluff|n150|15|16,Scottsbluff,n150,15,16,PHP02 X W606S,90,2022-08-17,92.01155736496729,0.17796500812127636,10.0,3,0
137,False,Scottsbluff|n225|7|21,Scottsbluff,n225,7,21,PHP02 X PHK76,90,2022-08-17,92.25874017876615,0.2315195163863757,10.0,3,0
138,False,Scottsbluff|n225|27|21,Scottsbluff,n225,27,21,SYNGENTA NK0760-3111,90,2022-08-17,92.30596650991549,0.2346130794587492,10.0,3,0
139,False,Scottsbluff|n225|26|21,Scottsbluff,n225,26,21,LH195 X LH123HT,90,2022-08-17,92.36303055468156,0.14601928772215023,10.0,3,0
140,False,Scottsbluff|n150|10|14,Scottsbluff,n150,10,14,LH74 X PHM49,90,2022-08-17,92.37407669909213,0.2546827530015251,10.0,3,0
141,False,Scottsbluff|n225|11|25,Scottsbluff,n225,11,25,2369 X LH123HT,90,2022-08-17,92.46534522306223,0.2502303645034678,10.0,3,0
142,False,Scottsbluff|n75|8|3,Scottsbluff,n75,8,3,LH195 X PHZ51,90,2022-08-17,92.48138942801161,0.21979043858278524,10.0,3,0
143,False,Scottsbluff|n225|12|26,Scottsbluff,n225,12,26,SYNGENTA NK0760-3111,90,2022-08-17,92.59630184635047,0.1931436137748399,10.0,3,0
144,False,Scottsbluff|n225|5|22,Scottsbluff,n225,5,22,PHJ40 X LH82,90,2022-08-17,92.64391690465266,0.11945740727431087,10.0,3,0
145,False,Scottsbluff|n150|6|14,Scottsbluff,n150,6,14,LH198 X PHZ51,90,2022-08-17,92.7525262629251,0.14174426264352602,10.0,3,0
146,False,Scottsbluff|n75|12|5,Scottsbluff,n75,12,5,PHP02 X LH145,90,2022-08-17,93.01395177807856,0.20900925768031653,10.0,3,0
147,False,Scottsbluff|n225|14|22,Scottsbluff,n225,14,22,LH82 X W606S,90,2022-08-17,93.04419792262027,0.1495498271067499,10.0,3,0
148,False,Scottsbluff|n150|8|14,Scottsbluff,n150,8,14,LH195 X PHM49,90,2022-08-17,93.05545172195554,0.26378725502040723,10.0,3,0
149,False,Scottsbluff|n150|6|12,Scottsbluff,n150,6,12,B37 X H95,90,2022-08-17,93.0993767106931,0.11641518879973822,10.0,3,0
150,False,Scottsbluff|n150|7|16,Scottsbluff,n150,7,16,B73 X PHZ51,90,2022-08-17,93.41159932076931,0.26074660468921285,10.0,3,0
151,False,Scottsbluff|n150|14|14,Scottsbluff,n150,14,14,WF9 X H95,90,2022-08-17,93.55365995723827,0.2858059652672589,10.0,3,0
152,False,Scottsbluff|n225|25|24,Scottsbluff,n225,25,24,B14A X MO17,90,2022-08-17,93.56428700420264,0.19604872976828736,10.0,3,0
153,False,Scottsbluff|n150|3|13,Scottsbluff,n150,3,13,PHP02 X PHB47,90,2022-08-17,93.896502869395,0.17126443338583286,10.0,3,0
154,False,Scottsbluff|n225|9|25,Scottsbluff,n225,9,25,SYNGENTA NK0760-3111,90,2022-08-17,93.96948279451823,0.18054312717029908,10.0,3,0
155,False,Scottsbluff|n150|20|17,Scottsbluff,n150,20,17,LH195 X LH123HT,90,2022-08-17,93.99971607043285,0.21979578638690078,10.0,3,0
156,False,Scottsbluff|n150|3|15,Scottsbluff,n150,3,15,PHP02 X LH82,90,2022-08-17,94.01231062105006,0.18409752208968266,10.0,3,0
157,False,Scottsbluff|n225|3|25,Scottsbluff,n225,3,25,4N506 X 3IIH6,90,2022-08-17,94.34512694163223,0.20180804324873158,10.0,3,0
158,False,Scottsbluff|n150|16|12,Scottsbluff,n150,16,12,PHZ51 X LH145,90,2022-08-17,94.63621365479882,0.3050269837411266,10.0,3,0
159,False,Scottsbluff|n150|14|16,Scottsbluff,n150,14,16,PHW52 X LH185,90,2022-08-17,94.69714036671529,0.24815231950139793,10.0,3,0
160,False,Scottsbluff|n225|3|21,Scottsbluff,n225,3,21,B105 X 3IIH6,90,2022-08-17,94.8005886578031,0.20442495644848002,10.0,3,0
161,False,Scottsbluff|n150|16|11,Scottsbluff,n150,16,11,B73 X PHZ51,90,2022-08-17,94.88521431088151,0.26872900664457844,10.0,3,0
162,False,Scottsbluff|n75|16|5,Scottsbluff,n75,16,5,PHN46 X W606S,90,2022-08-17,95.0794641047492,0.20875775873513192,10.0,3,0
163,False,Scottsbluff|n225|7|22,Scottsbluff,n225,7,22,LH195 X LH123HT,90,2022-08-17,95.08543425142645,0.25668029018156857,10.0,3,0
164,False,Scottsbluff|n150|3|11,Scottsbluff,n150,3,11,PHP02 X LH145,90,2022-08-17,95.0876867098736,0.1690746683637775,10.0,3,0
165,False,Scottsbluff|n150|16|17,Scottsbluff,n150,16,17,LH145 X LH162,90,2022-08-17,95.2425020421417,0.26958880104420013,10.0,3,0
166,False,Scottsbluff|n75|25|1,Scottsbluff,n75,25,1,B14A X MO17,90,2022-08-17,95.50101251428092,0.1354121786829664,10.0,3,0
167,False,Scottsbluff|n225|27|23,Scottsbluff,n225,27,23,PHG39 X PHM49,90,2022-08-17,95.66323934875872,0.18239434811946253,10.0,3,0
168,False,Scottsbluff|n75|8|7,Scottsbluff,n75,8,7,PHK76 X LH198,90,2022-08-17,95.84215612993509,0.21411804493806597,10.0,3,0
169,False,Scottsbluff|n225|13|23,Scottsbluff,n225,13,23,PHB47 X PHK56,90,2022-08-17,95.90815335505765,0.20929539682895038,10.0,3,0
170,False,Scottsbluff|n75|15|2,Scottsbluff,n75,15,2,LH195 X PHM49,90,2022-08-17,95.92583950243663,0.31407453089194726,10.0,3,0
171,False,Scottsbluff|n75|9|7,Scottsbluff,n75,9,7,LH198 X PHB47,90,2022-08-17,95.97560321815754,0.2101167558475624,10.0,3,0
172,False,Scottsbluff|n225|21|24,Scottsbluff,n225,21,24,LH195 X LH185,90,2022-08-17,96.0569720622679,0.252551554253465,10.0,3,0
173,False,Scottsbluff|n225|14|23,Scottsbluff,n225,14,23,PHP02 X LH185,90,2022-08-17,96.09468287306126,0.1851510445811726,10.0,3,0
174,False,Scottsbluff|n75|13|3,Scottsbluff,n75,13,3,B105 X 3IIH6,90,2022-08-17,96.32053934180678,0.2439329961192953,10.0,3,0
175,False,Scottsbluff|n150|4|12,Scottsbluff,n150,4,12,PHK56 X LH82,90,2022-08-17,96.50771040452128,0.1665270228223935,10.0,3,0
176,False,Scottsbluff|n150|19|17,Scottsbluff,n150,19,17,PHK76 X LH198,90,2022-08-17,96.5170095388334,0.22399610789507862,10.0,3,0
177,False,Scottsbluff|n225|12|23,Scottsbluff,n225,12,23,PHP02 X PHB47,90,2022-08-17,96.67898908867264,0.2429879920654352,10.0,3,0
178,False,Scottsbluff|n225|11|26,Scottsbluff,n225,11,26,SYNGENTA NK0760-3111,90,2022-08-17,96.68493417906546,0.2382130937881639,10.0,3,0
179,False,Scottsbluff|n225|14|24,Scottsbluff,n225,14,24,LH74 X PHM49,90,2022-08-17,96.71195032906041,0.1838257929613727,10.0,3,0
180,False,Scottsbluff|n75|12|3,Scottsbluff,n75,12,3,2369 X PHZ51,90,2022-08-17,96.86413870745993,0.25513991015495996,10.0,3,0
181,False,Scottsbluff|n225|10|26,Scottsbluff,n225,10,26,SYNGENTA NK0760-3111,90,2022-08-17,96.9335584748699,0.21876322569035545,10.0,3,0
182,False,Scottsbluff|n150|14|12,Scottsbluff,n150,14,12,PHZ51 X LH145,90,2022-08-17,97.05165557749484,0.2727884887400701,10.0,3,0
183,False,Scottsbluff|n150|5|14,Scottsbluff,n150,5,14,LH195 X 3IIH6,90,2022-08-17,97.10623828936356,0.17638131600395746,10.0,3,0
184,False,Scottsbluff|n150|18|11,Scottsbluff,n150,18,11,PHP02 X LH82,90,2022-08-17,97.39300711194797,0.2459591191361742,10.0,3,0
185,False,Scottsbluff|n225|10|21,Scottsbluff,n225,10,21,B73 X PHN82,90,2022-08-17,97.42649523196675,0.31040217008484416,10.0,3,0
186,False,Scottsbluff|n225|12|20,Scottsbluff,n225,12,20,B37 X OH43,90,2022-08-17,97.45682245733457,0.30357039702916644,10.0,3,0
187,False,Scottsbluff|n75|16|1,Scottsbluff,n75,16,1,B37 X H95,90,2022-08-17,97.62002569108664,0.23410264930404678,10.0,3,0
188,False,Scottsbluff|n75|16|4,Scottsbluff,n75,16,4,PHK76 X LH145,90,2022-08-17,97.68501977008937,0.22253148860317007,10.0,3,0
189,False,Scottsbluff|n225|10|25,Scottsbluff,n225,10,25,PHW52 X LH185,90,2022-08-17,97.81364566320988,0.24810608991207306,10.0,3,0
190,False,Scottsbluff|n150|9|11,Scottsbluff,n150,9,11,PHK76 X LH198,90,2022-08-17,97.85599430794676,0.20925190480562905,10.0,3,0
191,False,Scottsbluff|n75|14|3,Scottsbluff,n75,14,3,PHW52 X PHN82,90,2022-08-17,97.87607415467721,0.26775830490926494,10.0,3,0
192,False,Scottsbluff|n225|26|22,Scottsbluff,n225,26,22,B73 X PHN82,90,2022-08-17,98.02557237697994,0.13856565209409744,10.0,3,0
193,False,Scottsbluff|n150|4|13,Scottsbluff,n150,4,13,B73 X PHM49,90,2022-08-17,98.05424240912467,0.16162341083487564,10.0,3,0
194,False,Scottsbluff|n225|17|26,Scottsbluff,n225,17,26,PIONEER P0589 AMXT,90,2022-08-17,98.29935618429184,0.1854626348092956,10.0,3,0
195,False,Scottsbluff|n225|25|21,Scottsbluff,n225,25,21,LH123HT X 3IIH6,90,2022-08-17,98.73740745061887,0.17733806054638757,10.0,3,0
196,False,Scottsbluff|n225|5|26,Scottsbluff,n225,5,26,HOEGEMEYER 7089 AMXT,90,2022-08-17,98.82148419007375,0.11200180945370541,10.0,3,0
197,False,Scottsbluff|n150|23|15,Scottsbluff,n150,23,15,LH82 X PHB47,90,2022-08-17,98.93450432595442,0.1464116443406669,10.0,3,0
198,False,Scottsbluff|n150|8|15,Scottsbluff,n150,8,15,B73 X PHN82,90,2022-08-17,98.94510514920837,0.17349704215014494,10.0,3,0
199,False,Scottsbluff|n75|3|4,Scottsbluff,n75,3,4,B37 X OH43,90,2022-08-17,99.2961099816598,0.1851632217852659,10.0,3,0
200,False,Scottsbluff|n150|10|15,Scottsbluff,n150,10,15,LH123HT X 3IIH6,90,2022-08-17,99.49879055980435,0.24436992420530845,10.0,3,0
201,False,Scottsbluff|n75|18|4,Scottsbluff,n75,18,4,LH198 X PHZ51,90,2022-08-17,99.56365948536123,0.1915237157760532,10.0,3,0
202,False,Scottsbluff|n150|16|14,Scottsbluff,n150,16,14,LH198 X PHB47,90,2022-08-17,99.75980688429577,0.2527611808908159,10.0,3,0
203,False,Scottsbluff|n150|13|15,Scottsbluff,n150,13,15,F42 X OH43,90,2022-08-17,99.96176956624699,0.3386138288879491,10.0,3,0
204,False,Scottsbluff|n150|7|12,Scottsbluff,n150,7,12,PHK76 X LH145,90,2022-08-17,100.52588680488157,0.24615125008882222,10.0,3,0
205,False,Scottsbluff|n75|17|5,Scottsbluff,n75,17,5,PHK76 X 3IIH6,90,2022-08-17,100.56031653150731,0.22489807594677846,10.0,3,0
206,False,Scottsbluff|n150|15|11,Scottsbluff,n150,15,11,PHN46 X PHK56,90,2022-08-17,100.6503297641944,0.30645313613180886,10.0,3,0
207,False,Scottsbluff|n225|5|25,Scottsbluff,n225,5,25,2FACC X 3IIH6,90,2022-08-17,100.7135620596372,0.10912690993610796,10.0,3,0
208,False,Scottsbluff|n150|17|12,Scottsbluff,n150,17,12,2369 X 3IIH6,90,2022-08-17,100.781927496562,0.21128970598420493,10.0,3,0
209,False,Scottsbluff|n75|7|4,Scottsbluff,n75,7,4,LH195 X LH123HT,90,2022-08-17,100.90737857642462,0.23944051999729066,10.0,3,0
210,False,Scottsbluff|n150|8|17,Scottsbluff,n150,8,17,PHB47 X PHK56,90,2022-08-17,100.93092405837228,0.25646134926845554,10.0,3,0
211,False,Scottsbluff|n75|6|6,Scottsbluff,n75,6,6,B73 X PHN82,90,2022-08-17,101.20001855867923,0.09160792248615757,10.0,3,0
212,False,Scottsbluff|n150|8|16,Scottsbluff,n150,8,16,B73 X 3IIH6,90,2022-08-17,101.34716649098462,0.20932103072605235,10.0,3,0
213,False,Scottsbluff|n75|8|6,Scottsbluff,n75,8,6,PHK56 X LH198,90,2022-08-17,101.41200404314532,0.1752868053284058,10.0,3,0
214,False,Scottsbluff|n150|25|15,Scottsbluff,n150,25,15,2369 X LH123HT,90,2022-08-17,101.4334592651583,0.13016804993107955,10.0,3,0
215,False,Scottsbluff|n150|9|14,Scottsbluff,n150,9,14,PHW52 X PHZ51,90,2022-08-17,101.46884360342482,0.248298852526756,10.0,3,0
216,False,Scottsbluff|n225|20|20,Scottsbluff,n225,20,20,LH82 X W606S,90,2022-08-17,101.60402938653218,0.17658779451759177,10.0,3,0
217,False,Scottsbluff|n75|25|4,Scottsbluff,n75,25,4,B37 X OH43,90,2022-08-17,101.66347727986835,0.14344939456385464,10.0,3,0
218,False,Scottsbluff|n225|14|26,Scottsbluff,n225,14,26,SYNGENTA NK0760-3111,90,2022-08-17,101.81342614296975,0.14690059606822325,10.0,3,0
219,False,Scottsbluff|n75|5|3,Scottsbluff,n75,5,3,LH195 X LH185,90,2022-08-17,101.8776799829848,0.18307453450411904,10.0,3,0
220,False,Scottsbluff|n150|12|16,Scottsbluff,n150,12,16,PHB47 X LH185,90,2022-08-17,101.91640761291092,0.2636671313463683,10.0,3,0
221,False,Scottsbluff|n150|20|16,Scottsbluff,n150,20,16,B84 X 3IIH6,90,2022-08-17,101.9431326903096,0.21483264896037813,10.0,3,0
222,False,Scottsbluff|n150|9|15,Scottsbluff,n150,9,15,LH198 X PHB47,90,2022-08-17,102.01494971395904,0.25147573695259007,10.0,3,0
223,False,Scottsbluff|n150|4|11,Scottsbluff,n150,4,11,PHK56 X 3IIH6,90,2022-08-17,102.01889017889786,0.1072017744668563,10.0,3,0
224,False,Scottsbluff|n225|14|25,Scottsbluff,n225,14,25,PHP02 X LH198,90,2022-08-17,102.08622449866742,0.20173032382706135,10.0,3,0
225,False,Scottsbluff|n75|11|3,Scottsbluff,n75,11,3,PHP02 X W606S,90,2022-08-17,102.24764209163163,0.2603021675771039,10.0,3,0
226,False,Scottsbluff|n150|5|15,Scottsbluff,n150,5,15,PIONEER 1311 AMXT,90,2022-08-17,102.25127906704677,0.12820009712728797,10.0,3,0
227,False,Scottsbluff|n225|5|23,Scottsbluff,n225,5,23,LH145 X LH162,90,2022-08-17,102.26208520476678,0.11349924242717213,10.0,3,0
228,False,Scottsbluff|n150|22|13,Scottsbluff,n150,22,13,2369 X PHN82,90,2022-08-17,102.28922146012846,0.12297676634013721,10.0,3,0
229,False,Scottsbluff|n75|27|5,Scottsbluff,n75,27,5,N209 X 3IIH6,90,2022-08-17,102.38064327738708,0.18117441587413408,10.0,3,0
230,False,Scottsbluff|n75|25|6,Scottsbluff,n75,25,6,2369 X PHZ51,90,2022-08-17,102.43427857950235,0.17162373693828092,10.0,3,0
231,False,Scottsbluff|n75|12|4,Scottsbluff,n75,12,4,2369 X PHP02,90,2022-08-17,102.4643137779073,0.1986954620228698,10.0,3,0
232,False,Scottsbluff|n150|26|12,Scottsbluff,n150,26,12,F42 X OH43,90,2022-08-17,102.57579456807552,0.11425420087211302,10.0,3,0
233,False,Scottsbluff|n75|23|3,Scottsbluff,n75,23,3,B84 X 3IIH6,90,2022-08-17,102.69940458719871,0.19171779028502312,10.0,3,0
234,False,Scottsbluff|n150|25|16,Scottsbluff,n150,25,16,PHK56 X 3IIH6,90,2022-08-17,102.87752161801886,0.14108499448976974,10.0,3,0
235,False,Scottsbluff|n150|4|17,Scottsbluff,n150,4,17,B37 X MO17,90,2022-08-17,102.94830652303189,0.1909557101439181,10.0,3,0
236,False,Scottsbluff|n75|7|5,Scottsbluff,n75,7,5,2369 X 3IIH6,90,2022-08-17,102.95282566511045,0.31436563775293963,10.0,3,0
237,False,Scottsbluff|n75|21|3,Scottsbluff,n75,21,3,2369 X LH123HT,90,2022-08-17,103.31971441648159,0.22016399925143004,10.0,3,0
238,False,Scottsbluff|n75|6|3,Scottsbluff,n75,6,3,2FACC X 3IIH6,90,2022-08-17,103.37204704733733,0.17617625763629452,10.0,3,0
239,False,Scottsbluff|n225|13|26,Scottsbluff,n225,13,26,SYNGENTA NK0760-3111,90,2022-08-17,103.47474486375133,0.12585599866884056,10.0,3,0
240,False,Scottsbluff|n225|10|23,Scottsbluff,n225,10,23,LH123HT X PHB47,90,2022-08-17,103.47982731285445,0.26315389705220216,10.0,3,0
241,False,Scottsbluff|n150|13|11,Scottsbluff,n150,13,11,LH195 X LH123HT,90,2022-08-17,103.48577049134362,0.30886659612263845,10.0,3,0
242,False,Scottsbluff|n150|12|14,Scottsbluff,n150,12,14,LH123HT X PHB47,90,2022-08-17,103.5007376787876,0.2693371252004474,10.0,3,0
243,False,Scottsbluff|n225|12|25,Scottsbluff,n225,12,25,PIONEER 1311 AMXT,90,2022-08-17,103.52112118129696,0.22572309898699072,10.0,3,0
244,False,Scottsbluff|n150|20|15,Scottsbluff,n150,20,15,LH74 X PHN82,90,2022-08-17,103.55934050389396,0.1691697103042743,10.0,3,0
245,False,Scottsbluff|n150|11|11,Scottsbluff,n150,11,11,2369 X PHZ51,90,2022-08-17,103.86623469546369,0.3071951176460722,10.0,3,0
246,False,Scottsbluff|n150|3|14,Scottsbluff,n150,3,14,PHN46 X W606S,90,2022-08-17,103.89982461499083,0.22083279082270035,10.0,3,0
247,False,Scottsbluff|n150|16|15,Scottsbluff,n150,16,15,PHK56 X W606S,90,2022-08-17,103.94452390919801,0.22382454158986542,10.0,3,0
248,False,Scottsbluff|n225|23|20,Scottsbluff,n225,23,20,PHK56 X PHJ89,90,2022-08-17,103.94732939561112,0.1524519385681441,10.0,3,0
249,False,Scottsbluff|n150|6|15,Scottsbluff,n150,6,15,4N506 X 3IIH6,90,2022-08-17,104.09898004670029,0.16480530572501106,10.0,3,0
250,False,Scottsbluff|n150|26|14,Scottsbluff,n150,26,14,LH185 X LH145,90,2022-08-17,104.15841032789244,0.16432339053880973,10.0,3,0
251,False,Scottsbluff|n150|15|15,Scottsbluff,n150,15,15,PHP02 X LH145,90,2022-08-17,104.45809221464887,0.24795553413220273,10.0,3,0
252,False,Scottsbluff|n150|27|14,Scottsbluff,n150,27,14,PHN46 X PHB47,90,2022-08-17,104.47498741037595,0.16195372155797394,10.0,3,0
253,False,Scottsbluff|n75|5|7,Scottsbluff,n75,5,7,PHP02 X PHB47,90,2022-08-17,104.66945836233299,0.15601348509107382,10.0,3,0
254,False,Scottsbluff|n225|22|20,Scottsbluff,n225,22,20,PHK56 X LH198,90,2022-08-17,105.05985824441984,0.16173300420689696,10.0,3,0
255,False,Scottsbluff|n150|17|14,Scottsbluff,n150,17,14,2369 X PHP02,90,2022-08-17,105.11180174675901,0.2757272397455415,10.0,3,0
256,False,Scottsbluff|n150|16|13,Scottsbluff,n150,16,13,LH123HT X PHB47,90,2022-08-17,105.12900427306018,0.2743901287433623,10.0,3,0
257,False,Scottsbluff|n225|13|25,Scottsbluff,n225,13,25,F42 X OH43,90,2022-08-17,105.19343083580085,0.2023322256925132,10.0,3,0
258,False,Scottsbluff|n225|24|20,Scottsbluff,n225,24,20,4N506 X 3IIH6,90,2022-08-17,105.20256643158322,0.1505539457295999,10.0,3,0
259,False,Scottsbluff|n150|27|15,Scottsbluff,n150,27,15,PHB47 X PHJ89,90,2022-08-17,105.2234284687106,0.20019480784510324,10.0,3,0
260,False,Scottsbluff|n75|10|3,Scottsbluff,n75,10,3,PHG39 X PHM49,90,2022-08-17,105.34115928876807,0.2790898095703829,10.0,3,0
261,False,Scottsbluff|n150|7|14,Scottsbluff,n150,7,14,2369 X 3IIH6,90,2022-08-17,105.45169054516936,0.25737448845289024,10.0,3,0
262,False,Scottsbluff|n225|11|22,Scottsbluff,n225,11,22,2369 X 3IIH6,90,2022-08-17,105.4530433079041,0.25163451000444337,10.0,3,0
263,False,Scottsbluff|n150|17|16,Scottsbluff,n150,17,16,PHP02 X PHB47,90,2022-08-17,105.48074156561222,0.22273556274130935,10.0,3,0
264,False,Scottsbluff|n75|3|6,Scottsbluff,n75,3,6,B73 X 3IIH6,90,2022-08-17,105.52716919707687,0.14042882493343156,10.0,3,0
265,False,Scottsbluff|n150|23|16,Scottsbluff,n150,23,16,LH74 X PHM49,90,2022-08-17,105.53948792952528,0.16496062469289918,10.0,3,0
266,False,Scottsbluff|n225|11|23,Scottsbluff,n225,11,23,PHN46 X PHB47,90,2022-08-17,105.59984386995856,0.2589325520623691,10.0,3,0
267,False,Scottsbluff|n75|17|4,Scottsbluff,n75,17,4,LH123HT X PHB47,90,2022-08-17,105.65391063915402,0.25681933899044673,10.0,3,0
268,False,Scottsbluff|n150|8|11,Scottsbluff,n150,8,11,LH82 X PHJ89,90,2022-08-17,105.68482320409105,0.18245816024244088,10.0,3,0
269,False,Scottsbluff|n75|14|4,Scottsbluff,n75,14,4,PHT69 X 3IIH6,90,2022-08-17,105.77767614414545,0.2542706765244071,10.0,3,0
270,False,Scottsbluff|n225|12|24,Scottsbluff,n225,12,24,B14A X MO17,90,2022-08-17,105.83019404876211,0.2421822587551219,10.0,3,0
271,False,Scottsbluff|n75|8|4,Scottsbluff,n75,8,4,LH145 X LH162,90,2022-08-17,105.9823496391619,0.15321163968828166,10.0,3,0
272,False,Scottsbluff|n150|26|15,Scottsbluff,n150,26,15,B37 X OH43,90,2022-08-17,106.0110367204282,0.1321506911191408,10.0,3,0
273,False,Scottsbluff|n150|21|14,Scottsbluff,n150,21,14,PHG39 X PHM49,90,2022-08-17,106.09696562846769,0.21348403747166977,10.0,3,0
274,False,Scottsbluff|n150|26|16,Scottsbluff,n150,26,16,B37 X MO17,90,2022-08-17,106.10943455875139,0.13007859613139428,10.0,3,0
275,False,Scottsbluff|n75|11|5,Scottsbluff,n75,11,5,LH195 X PHM49,90,2022-08-17,106.15555441065861,0.2961867713473108,10.0,3,0
276,False,Scottsbluff|n150|24|16,Scottsbluff,n150,24,16,PHK56 X LH185,90,2022-08-17,106.31459315025278,0.1401296510480866,10.0,3,0
277,False,Scottsbluff|n75|4|3,Scottsbluff,n75,4,3,PHN46 X W606S,90,2022-08-17,106.39135168816713,0.19003154778648734,10.0,3,0
278,False,Scottsbluff|n150|6|17,Scottsbluff,n150,6,17,PHW52 X PHN82,90,2022-08-17,106.59639500058363,0.13216204705785617,10.0,3,0
279,False,Scottsbluff|n150|20|11,Scottsbluff,n150,20,11,WF9 X H95,90,2022-08-17,106.70078646840103,0.2803186285794179,10.0,3,0
280,False,Scottsbluff|n75|9|4,Scottsbluff,n75,9,4,PHK76 X LH82,90,2022-08-17,106.73109726215746,0.16000826408813795,10.0,3,0
281,False,Scottsbluff|n75|15|4,Scottsbluff,n75,15,4,LH195 X LH185,90,2022-08-17,106.73747005222572,0.20150482428963434,10.0,3,0
282,False,Scottsbluff|n150|23|12,Scottsbluff,n150,23,12,PHT69 X 3IIH6,90,2022-08-17,106.7524499133065,0.18357370675784213,10.0,3,0
283,False,Scottsbluff|n75|7|1,Scottsbluff,n75,7,1,LH74 X PHN82,90,2022-08-17,106.8105982839637,0.23091552773746538,10.0,3,0
284,False,Scottsbluff|n150|5|16,Scottsbluff,n150,5,16,2369 X LH123HT,90,2022-08-17,106.87891776105438,0.1284641864401056,10.0,3,0
285,False,Scottsbluff|n225|17|25,Scottsbluff,n225,17,25,SYNGENTA NK0760-3111,90,2022-08-17,106.94476781642115,0.2746492170691033,10.0,3,0
286,False,Scottsbluff|n150|13|16,Scottsbluff,n150,13,16,B14A X MO17,90,2022-08-17,107.06814357695735,0.30454294250440445,10.0,3,0
287,False,Scottsbluff|n150|9|13,Scottsbluff,n150,9,13,PHP02 X LH198,90,2022-08-17,107.26395179029745,0.22231679666762838,10.0,3,0
288,False,Scottsbluff|n150|17|13,Scottsbluff,n150,17,13,PHP02 X PHG47,90,2022-08-17,107.3929812903258,0.2353382607931338,10.0,3,0
289,False,Scottsbluff|n225|11|21,Scottsbluff,n225,11,21,PHP02 X PHN46,90,2022-08-17,107.50922643175468,0.28457188266747835,10.0,3,0
290,False,Scottsbluff|n75|10|4,Scottsbluff,n75,10,4,B14A X MO17,90,2022-08-17,107.65136155378258,0.24243282061168248,10.0,3,0
291,False,Scottsbluff|n150|11|16,Scottsbluff,n150,11,16,PHT69 X 3IIH6,90,2022-08-17,107.72487560640641,0.3258530933310446,10.0,3,0
292,False,Scottsbluff|n150|27|16,Scottsbluff,n150,27,16,PHP02 X PHK56,90,2022-08-17,107.76648294893317,0.18290465675764755,10.0,3,0
293,False,Scottsbluff|n150|13|14,Scottsbluff,n150,13,14,PHP02 X W606S,90,2022-08-17,107.84017129896792,0.3247242179747767,10.0,3,0
294,False,Scottsbluff|n150|23|13,Scottsbluff,n150,23,13,LH198 X PHZ51,90,2022-08-17,107.88769185287916,0.1430381625735193,10.0,3,0
295,False,Scottsbluff|n150|18|15,Scottsbluff,n150,18,15,B105 X 3IIH6,90,2022-08-17,108.09281653137216,0.1740071177008281,10.0,3,0
296,False,Scottsbluff|n150|26|11,Scottsbluff,n150,26,11,B73 X PHM49,90,2022-08-17,108.24894701711747,0.1726956156831233,10.0,3,0
297,False,Scottsbluff|n75|19|3,Scottsbluff,n75,19,3,PHZ51 X LH145,90,2022-08-17,108.29417919172842,0.17555020360757712,10.0,3,0
298,False,Scottsbluff|n75|4|5,Scottsbluff,n75,4,5,PHK56 X LH82,90,2022-08-17,108.38141144138598,0.21666179573042377,10.0,3,0
299,False,Scottsbluff|n150|10|17,Scottsbluff,n150,10,17,SYNGENTA NK0760-3111,90,2022-08-17,108.40909062780518,0.2878004502437422,10.0,3,0
300,False,Scottsbluff|n75|8|1,Scottsbluff,n75,8,1,PHP02 X LH185,90,2022-08-17,108.45495517610141,0.20819646153212235,10.0,3,0
301,False,Scottsbluff|n75|16|2,Scottsbluff,n75,16,2,LH195 X LH123HT,90,2022-08-17,108.54448397731062,0.26204015838110817,10.0,3,0
302,False,Scottsbluff|n75|3|7,Scottsbluff,n75,3,7,PHK56 X W606S,90,2022-08-17,108.56586887229359,0.22691825476418348,10.0,3,0
303,False,Scottsbluff|n150|22|12,Scottsbluff,n150,22,12,PHK56 X LH198,90,2022-08-17,108.56704449683274,0.1361903559543397,10.0,3,0
304,False,Scottsbluff|n150|26|13,Scottsbluff,n150,26,13,PHW52 X PHZ51,90,2022-08-17,108.61212213535768,0.09238024797108424,10.0,3,0
305,False,Scottsbluff|n75|21|5,Scottsbluff,n75,21,5,LH74 X PHN82,90,2022-08-17,108.7040454695756,0.145333509506959,10.0,3,0
306,False,Scottsbluff|n75|4|7,Scottsbluff,n75,4,7,PIONEER P0589 AMXT,90,2022-08-17,108.7408385662074,0.22107414932268576,10.0,3,0
307,False,Scottsbluff|n150|21|15,Scottsbluff,n150,21,15,PHK56 X LH82,90,2022-08-17,108.78288860539556,0.1646422700962875,10.0,3,0
308,False,Scottsbluff|n225|11|20,Scottsbluff,n225,11,20,PHK56 X LH82,90,2022-08-17,108.82019684517498,0.3074966931064127,10.0,3,0
309,False,Scottsbluff|n150|9|17,Scottsbluff,n150,9,17,PHP02 X PHK76,90,2022-08-17,108.96796154128725,0.27858242539798095,10.0,3,0
310,False,Scottsbluff|n150|17|11,Scottsbluff,n150,17,11,PIONEER 1311 AMXT,90,2022-08-17,109.08455028131472,0.24647681681826705,10.0,3,0
311,False,Scottsbluff|n75|6|7,Scottsbluff,n75,6,7,LH195 X 3IIH6,90,2022-08-17,109.10171212469382,0.1718832880308162,10.0,3,0
312,False,Scottsbluff|n150|4|15,Scottsbluff,n150,4,15,PHK76 X LH82,90,2022-08-17,109.1296029592628,0.2004120641735505,10.0,3,0
313,False,Scottsbluff|n75|13|2,Scottsbluff,n75,13,2,LH82 X PHB47,90,2022-08-17,109.27476243879684,0.23586126899431625,10.0,3,0
314,False,Scottsbluff|n150|11|15,Scottsbluff,n150,11,15,PHK56 X W606S,90,2022-08-17,109.47025871407197,0.2798849749008442,10.0,3,0
315,False,Scottsbluff|n150|12|17,Scottsbluff,n150,12,17,SYNGENTA NK0760-3111,90,2022-08-17,109.47077477176738,0.3143447529488784,10.0,3,0
316,False,Scottsbluff|n75|15|1,Scottsbluff,n75,15,1,PHP02 X PHN46,90,2022-08-17,109.49601451560721,0.279581577726513,10.0,3,0
317,False,Scottsbluff|n150|19|11,Scottsbluff,n150,19,11,4N506 X 3IIH6,90,2022-08-17,109.51634488498102,0.26062068033081354,10.0,3,0
318,False,Scottsbluff|n75|3|3,Scottsbluff,n75,3,3,B73 X PHZ51,90,2022-08-17,109.57635267541527,0.23399727351408373,10.0,3,0
319,False,Scottsbluff|n75|11|4,Scottsbluff,n75,11,4,PHP02 X PHK76,90,2022-08-17,109.58329193990805,0.17784348924635407,10.0,3,0
320,False,Scottsbluff|n150|22|11,Scottsbluff,n150,22,11,LH82 X PHJ89,90,2022-08-17,109.67327112441681,0.15188490132304366,10.0,3,0
321,False,Scottsbluff|n150|5|17,Scottsbluff,n150,5,17,LH195 X PHZ51,90,2022-08-17,109.7436462938703,0.16474871104873667,10.0,3,0
322,False,Scottsbluff|n150|6|11,Scottsbluff,n150,6,11,PHG39 X PHM49,90,2022-08-17,109.803940308255,0.11248482765199486,10.0,3,0
323,False,Scottsbluff|n150|18|14,Scottsbluff,n150,18,14,PHP02 X PHK76,90,2022-08-17,109.83368349186483,0.22964921224777812,10.0,3,0
324,False,Scottsbluff|n75|22|5,Scottsbluff,n75,22,5,PHK56 X LH198,90,2022-08-17,109.85769458171639,0.1480638638512224,10.0,3,0
325,False,Scottsbluff|n75|7|6,Scottsbluff,n75,7,6,PHP02 X PHG47,90,2022-08-17,109.91761367368922,0.17584117564432566,10.0,3,0
326,False,Scottsbluff|n75|16|7,Scottsbluff,n75,16,7,PHB47 X PHJ89,90,2022-08-17,109.9334010327206,0.2400707261424132,10.0,3,0
327,False,Scottsbluff|n150|13|13,Scottsbluff,n150,13,13,LH82 X W606S,90,2022-08-17,110.03276744425182,0.28931274721742406,10.0,3,0
328,False,Scottsbluff|n75|24|5,Scottsbluff,n75,24,5,4N506 X 3IIH6,90,2022-08-17,110.06704891345105,0.08623800912109936,10.0,3,0
329,False,Scottsbluff|n150|9|16,Scottsbluff,n150,9,16,2369 X PHP02,90,2022-08-17,110.10378416061921,0.2600690513368571,10.0,3,0
330,False,Scottsbluff|n150|15|12,Scottsbluff,n150,15,12,PHB47 X PHK56,90,2022-08-17,110.14427502354593,0.29563023473195976,10.0,3,0
331,False,Scottsbluff|n75|18|2,Scottsbluff,n75,18,2,F42 X OH43,90,2022-08-17,110.4037459730105,0.28038644974110194,10.0,3,0
332,False,Scottsbluff|n150|21|13,Scottsbluff,n150,21,13,LH195 X LH185,90,2022-08-17,110.47159321624935,0.15070667141772076,10.0,3,0
333,False,Scottsbluff|n150|27|13,Scottsbluff,n150,27,13,B14A X MO17,90,2022-08-17,110.61335119477944,0.12052065432951475,10.0,3,0
334,False,Scottsbluff|n150|17|17,Scottsbluff,n150,17,17,PHG39 X PHN82,90,2022-08-17,110.68306927973151,0.24754925530841332,10.0,3,0
335,False,Scottsbluff|n75|19|1,Scottsbluff,n75,19,1,PHP02 X PHB47,90,2022-08-17,110.71157576118209,0.2018781699750264,10.0,3,0
336,False,Scottsbluff|n75|12|7,Scottsbluff,n75,12,7,SYNGENTA NK0760-3111,90,2022-08-17,110.76567092471537,0.20140785080705337,10.0,3,0
337,False,Scottsbluff|n75|22|6,Scottsbluff,n75,22,6,PHB47 X 3IIH6,90,2022-08-17,111.16941705504657,0.14205977528017133,10.0,3,0
338,False,Scottsbluff|n225|25|20,Scottsbluff,n225,25,20,PHB47 X PHK56,90,2022-08-17,111.41818681406656,0.17912582491915618,10.0,3,0
339,False,Scottsbluff|n150|20|12,Scottsbluff,n150,20,12,PHP02 X PHJ89,90,2022-08-17,111.4405711539378,0.20853198953523056,10.0,3,0
340,False,Scottsbluff|n150|7|11,Scottsbluff,n150,7,11,2369 X PHN82,90,2022-08-17,111.68079471221868,0.2587395599512323,10.0,3,0
341,False,Scottsbluff|n150|11|12,Scottsbluff,n150,11,12,PHK76 X 3IIH6,90,2022-08-17,111.69228373416662,0.22017527809901427,10.0,3,0
342,False,Scottsbluff|n150|10|12,Scottsbluff,n150,10,12,PHK76 X W606S,90,2022-08-17,111.74544726339238,0.31189987742027786,10.0,3,0
343,False,Scottsbluff|n75|5|4,Scottsbluff,n75,5,4,B73 X PHM49,90,2022-08-17,111.8869107807118,0.10490136094541225,10.0,3,0
344,False,Scottsbluff|n150|10|13,Scottsbluff,n150,10,13,PHN46 X PHB47,90,2022-08-17,112.05259891111888,0.2583401214026507,10.0,3,0
345,False,Scottsbluff|n75|23|5,Scottsbluff,n75,23,5,LH74 X PHM49,90,2022-08-17,112.11992402421872,0.16640649345458047,10.0,3,0
346,False,Scottsbluff|n150|19|15,Scottsbluff,n150,19,15,PHJ40 X LH82,90,2022-08-17,112.12301958083484,0.16105554894255936,10.0,3,0
347,False,Scottsbluff|n150|3|16,Scottsbluff,n150,3,16,LH74 X PHN82,90,2022-08-17,112.15160816494999,0.25952115579061186,10.0,3,0
348,False,Scottsbluff|n150|22|15,Scottsbluff,n150,22,15,PHB47 X 3IIH6,90,2022-08-17,112.42842937460766,0.1717213959756334,10.0,3,0
349,False,Scottsbluff|n75|17|7,Scottsbluff,n75,17,7,PHT69 X 3IIH6,90,2022-08-17,112.60821113942242,0.2501538839894928,10.0,3,0
350,False,Scottsbluff|n75|5|5,Scottsbluff,n75,5,5,PHP02 X PHN46,90,2022-08-17,112.63193274950284,0.12373209212367986,10.0,3,0
351,False,Scottsbluff|n225|12|21,Scottsbluff,n225,12,21,LH195 X 3IIH6,90,2022-08-17,112.7276890270825,0.2731029933719392,10.0,3,0
352,False,Scottsbluff|n150|22|16,Scottsbluff,n150,22,16,PHB47 X LH185,90,2022-08-17,112.86041720834159,0.15927045897169356,10.0,3,0
353,False,Scottsbluff|n150|14|17,Scottsbluff,n150,14,17,SYNGENTA NK0760-3111,90,2022-08-17,113.68403177151099,0.2897401631747509,10.0,3,0
354,False,Scottsbluff|n75|22|1,Scottsbluff,n75,22,1,LH82 X PHB47,90,2022-08-17,113.72322965836074,0.15967154109805837,10.0,3,0
355,False,Scottsbluff|n75|20|3,Scottsbluff,n75,20,3,LH82 X W606S,90,2022-08-17,113.74309524210608,0.17206741317526442,10.0,3,0
356,False,Scottsbluff|n75|4|6,Scottsbluff,n75,4,6,2369 X LH123HT,90,2022-08-17,113.74865197437494,0.18012296923096227,10.0,3,0
357,False,Scottsbluff|n150|21|11,Scottsbluff,n150,21,11,LH123HT X 3IIH6,90,2022-08-17,113.78396210945455,0.18547455490529852,10.0,3,0
358,False,Scottsbluff|n150|10|16,Scottsbluff,n150,10,16,PIONEER P0589 AMXT,90,2022-08-17,113.7846642661329,0.3310791917329906,10.0,3,0
359,False,Scottsbluff|n150|4|16,Scottsbluff,n150,4,16,LH185 X LH82,90,2022-08-17,114.05394356661546,0.17684362020634892,10.0,3,0
360,False,Scottsbluff|n75|23|6,Scottsbluff,n75,23,6,LH82 X PHJ89,90,2022-08-17,114.1464346003411,0.1710375670840788,10.0,3,0
361,False,Scottsbluff|n150|19|12,Scottsbluff,n150,19,12,HOEGEMEYER 8065RR,90,2022-08-17,114.2003732272573,0.2532164290188671,10.0,3,0
362,False,Scottsbluff|n150|18|12,Scottsbluff,n150,18,12,PHW52 X PHM49,90,2022-08-17,114.20154834508926,0.24596990952131137,10.0,3,0
363,False,Scottsbluff|n150|14|11,Scottsbluff,n150,14,11,PHW52 X PHM49,90,2022-08-17,114.3386612230192,0.33364118220544925,10.0,3,0
364,False,Scottsbluff|n75|7|2,Scottsbluff,n75,7,2,B84 X 3IIH6,90,2022-08-17,114.36063785844479,0.26130548500814976,10.0,3,0
365,False,Scottsbluff|n150|21|17,Scottsbluff,n150,21,17,PHP02 X PHN46,90,2022-08-17,114.39669493066964,0.24821992441323182,10.0,3,0
366,False,Scottsbluff|n150|10|11,Scottsbluff,n150,10,11,LH145 X LH162,90,2022-08-17,114.46400381724433,0.29421956212109146,10.0,3,0
367,False,Scottsbluff|n75|24|3,Scottsbluff,n75,24,3,PHK76 X LH198,90,2022-08-17,114.50194496241076,0.1898273142193343,10.0,3,0
368,False,Scottsbluff|n150|25|11,Scottsbluff,n150,25,11,PHP02 X LH185,90,2022-08-17,114.60055433819242,0.1773070269881546,10.0,3,0
369,False,Scottsbluff|n150|15|13,Scottsbluff,n150,15,13,N209 X 3IIH6,90,2022-08-17,114.60732721779598,0.2855555093297397,10.0,3,0
370,False,Scottsbluff|n150|12|13,Scottsbluff,n150,12,13,PHP02 X PHN46,90,2022-08-17,114.88612058735094,0.2496630786632137,10.0,3,0
371,False,Scottsbluff|n75|22|2,Scottsbluff,n75,22,2,PHB47 X LH185,90,2022-08-17,114.96770245470431,0.1282976412168051,10.0,3,0
372,False,Scottsbluff|n75|25|3,Scottsbluff,n75,25,3,LH195 X 3IIH6,90,2022-08-17,114.9683289163314,0.2269162628706386,10.0,3,0
373,False,Scottsbluff|n75|26|2,Scottsbluff,n75,26,2,PHK56 X 3IIH6,90,2022-08-17,115.02434896747204,0.13591511028999104,10.0,3,0
374,False,Scottsbluff|n75|11|7,Scottsbluff,n75,11,7,SYNGENTA NK0760-3111,90,2022-08-17,115.33595648110916,0.24384230343654112,10.0,3,0
375,False,Scottsbluff|n75|11|6,Scottsbluff,n75,11,6,LH198 X PHZ51,90,2022-08-17,115.60379262076128,0.16798545239264895,10.0,3,0
376,False,Scottsbluff|n75|16|6,Scottsbluff,n75,16,6,PHK76 X W606S,90,2022-08-17,115.63982311389786,0.1427874028157935,10.0,3,0
377,False,Scottsbluff|n150|12|15,Scottsbluff,n150,12,15,PHP02 X PHK56,90,2022-08-17,115.67721020584719,0.28837391868389073,10.0,3,0
378,False,Scottsbluff|n75|12|1,Scottsbluff,n75,12,1,PHK76 X LH145,90,2022-08-17,115.9489236822633,0.28762816230007815,10.0,3,0
379,False,Scottsbluff|n75|19|4,Scottsbluff,n75,19,4,B73 X 3IIH6,90,2022-08-17,116.06273827902034,0.18792185407978002,10.0,3,0
380,False,Scottsbluff|n150|24|12,Scottsbluff,n150,24,12,PHK56 X LH145,90,2022-08-17,116.21249723064378,0.17940336457929895,10.0,3,0
381,False,Scottsbluff|n150|21|16,Scottsbluff,n150,21,16,2FACC X 3IIH6,90,2022-08-17,116.4279961388506,0.19548802461311965,10.0,3,0
382,False,Scottsbluff|n75|26|6,Scottsbluff,n75,26,6,2FACC X 3IIH6,90,2022-08-17,116.51266071484687,0.22938688454728617,10.0,3,0
383,False,Scottsbluff|n150|25|14,Scottsbluff,n150,25,14,PHN46 X W606S,90,2022-08-17,116.5149411073503,0.23589144265469797,10.0,3,0
384,False,Scottsbluff|n75|23|1,Scottsbluff,n75,23,1,F42 X MO17,90,2022-08-17,116.61983807861598,0.187448540276144,10.0,3,0
385,False,Scottsbluff|n150|12|12,Scottsbluff,n150,12,12,PHK56 X LH198,90,2022-08-17,116.62667304510211,0.21729649421760178,10.0,3,0
386,False,Scottsbluff|n75|17|6,Scottsbluff,n75,17,6,LH185 X LH145,90,2022-08-17,116.87674428770806,0.22127359590089635,10.0,3,0
387,False,Scottsbluff|n75|13|5,Scottsbluff,n75,13,5,HOEGEMEYER 7089 AMXT,90,2022-08-17,116.96192867094817,0.28136827012618826,10.0,3,0
388,False,Scottsbluff|n150|6|16,Scottsbluff,n150,6,16,PHK56 X LH185,90,2022-08-17,117.07692086286562,0.145916783899394,10.0,3,0
389,False,Scottsbluff|n150|11|13,Scottsbluff,n150,11,13,PHB47 X 3IIH6,90,2022-08-17,117.1195104246357,0.24891272692988609,10.0,3,0
390,False,Scottsbluff|n150|19|16,Scottsbluff,n150,19,16,PHK76 X W606S,90,2022-08-17,117.21279696665361,0.20818513596185895,10.0,3,0
391,False,Scottsbluff|n225|7|23,Scottsbluff,n225,7,23,PHW52 X PHN82,90,2022-08-17,117.5236461699086,0.24965982248830487,10.0,3,0
392,False,Scottsbluff|n75|12|6,Scottsbluff,n75,12,6,PIONEER 1311 AMXT,90,2022-08-17,117.60484898519161,0.15229779607681115,10.0,3,0
393,False,Scottsbluff|n150|23|14,Scottsbluff,n150,23,14,LH82 X W606S,90,2022-08-17,117.61142795382816,0.25897441005876676,10.0,3,0
394,False,Scottsbluff|n75|13|1,Scottsbluff,n75,13,1,WF9 X H95,90,2022-08-17,117.70229233621534,0.316840855354911,10.0,3,0
395,False,Scottsbluff|n75|7|7,Scottsbluff,n75,7,7,PHN46 X PHK56,90,2022-08-17,117.88398676640855,0.25637204833066984,10.0,3,0
396,False,Scottsbluff|n150|22|17,Scottsbluff,n150,22,17,SYNGENTA NK0760-3111,90,2022-08-17,117.96456262361292,0.1797855255502493,10.0,3,0
397,False,Scottsbluff|n150|19|13,Scottsbluff,n150,19,13,B73 X 3IIH6,90,2022-08-17,118.03287622412131,0.19290009647349804,10.0,3,0
398,False,Scottsbluff|n75|13|4,Scottsbluff,n75,13,4,PHK56 X PHJ89,90,2022-08-17,118.14958568779767,0.23184730502977735,10.0,3,0
399,False,Scottsbluff|n75|4|2,Scottsbluff,n75,4,2,F42 X OH43,90,2022-08-17,118.23330677197141,0.1557242322434731,10.0,3,0
400,False,Scottsbluff|n75|19|5,Scottsbluff,n75,19,5,PIONEER 1311 AMXT,90,2022-08-17,118.56470255340425,0.17925253576237976,10.0,3,0
401,False,Scottsbluff|n75|23|2,Scottsbluff,n75,23,2,PHB47 X PHK56,90,2022-08-17,118.75902415434702,0.15158208761975722,10.0,3,0
402,False,Scottsbluff|n150|11|14,Scottsbluff,n150,11,14,HOEGEMEYER 7089 AMXT,90,2022-08-17,118.91831057583495,0.30381754802076233,10.0,3,0
403,False,Scottsbluff|n150|24|11,Scottsbluff,n150,24,11,PHW52 X LH185,90,2022-08-17,118.9227457193841,0.19015151423726973,10.0,3,0
404,False,Scottsbluff|n75|27|2,Scottsbluff,n75,27,2,2369 X 3IIH6,90,2022-08-17,118.93038307697726,0.12900876787896487,10.0,3,0
405,False,Scottsbluff|n150|5|12,Scottsbluff,n150,5,12,LH82 X PHB47,90,2022-08-17,119.99714210953202,0.18704731712233147,10.0,3,0
406,False,Scottsbluff|n75|25|2,Scottsbluff,n75,25,2,B37 X MO17,90,2022-08-17,120.53360705040961,0.18214263607972614,10.0,3,0
407,False,Scottsbluff|n75|24|4,Scottsbluff,n75,24,4,PHK56 X LH185,90,2022-08-17,120.60408556164464,0.11696661173572476,10.0,3,0
408,False,Scottsbluff|n150|13|12,Scottsbluff,n150,13,12,N209 X 3IIH6,90,2022-08-17,120.63150750119908,0.3090041551571434,10.0,3,0
409,False,Scottsbluff|n150|24|14,Scottsbluff,n150,24,14,F42 X MO17,90,2022-08-17,121.0700882719548,0.20057834963913845,10.0,3,0
410,False,Scottsbluff|n75|24|2,Scottsbluff,n75,24,2,PHN46 X PHB47,90,2022-08-17,121.11116123280986,0.15089702868354848,10.0,3,0
411,False,Scottsbluff|n75|10|2,Scottsbluff,n75,10,2,LH123HT X PHB47,90,2022-08-17,121.37261614701164,0.2324491948705566,10.0,3,0
412,False,Scottsbluff|n150|20|13,Scottsbluff,n150,20,13,LH185 X LH82,90,2022-08-17,121.409733883602,0.1552263932111947,10.0,3,0
413,False,Scottsbluff|n75|18|6,Scottsbluff,n75,18,6,PHP02 X PHG47,90,2022-08-17,121.42856472303188,0.17876369007424375,10.0,3,0
414,False,Scottsbluff|n75|20|7,Scottsbluff,n75,20,7,B73 X MO17,90,2022-08-17,121.48410198801697,0.22992189379024697,10.0,3,0
415,False,Scottsbluff|n75|12|2,Scottsbluff,n75,12,2,LH123HT X 3IIH6,90,2022-08-17,121.64431506131454,0.2510735729077387,10.0,3,0
416,False,Scottsbluff|n75|19|7,Scottsbluff,n75,19,7,LH198 X PHB47,90,2022-08-17,121.71811983298014,0.20947475031638363,10.0,3,0
417,False,Scottsbluff|n150|20|14,Scottsbluff,n150,20,14,LH195 X PHZ51,90,2022-08-17,121.87829264541786,0.21814536389325057,10.0,3,0
418,False,Scottsbluff|n150|6|13,Scottsbluff,n150,6,13,PHP02 X LH185,90,2022-08-17,121.88637010525709,0.09269609978222138,10.0,3,0
419,False,Scottsbluff|n75|4|1,Scottsbluff,n75,4,1,B37 X MO17,90,2022-08-17,122.22478633074553,0.14055732410627864,10.0,3,0
420,False,Scottsbluff|n150|25|12,Scottsbluff,n150,25,12,LH195 X 3IIH6,90,2022-08-17,122.37986198164882,0.21430539285655936,10.0,3,0
421,False,Scottsbluff|n150|7|15,Scottsbluff,n150,7,15,LH195 X LH185,90,2022-08-17,122.72286540903828,0.2517978886535922,10.0,3,0
422,False,Scottsbluff|n75|10|5,Scottsbluff,n75,10,5,PHJ40 X LH82,90,2022-08-17,122.72476758202713,0.2806044784924564,10.0,3,0
423,False,Scottsbluff|n150|27|12,Scottsbluff,n150,27,12,PHK56 X PHJ89,90,2022-08-17,122.76525238417149,0.1581796445837892,10.0,3,0
424,False,Scottsbluff|n75|21|6,Scottsbluff,n75,21,6,PHK56 X LH82,90,2022-08-17,122.8728945551605,0.16247172792830444,10.0,3,0
425,False,Scottsbluff|n150|24|15,Scottsbluff,n150,24,15,SYNGENTA NK0760-3111,90,2022-08-17,122.9840180171174,0.17959890188955407,10.0,3,0
426,False,Scottsbluff|n150|18|16,Scottsbluff,n150,18,16,HOEGEMEYER 7089 AMXT,90,2022-08-17,123.04107396731418,0.19949534600932628,10.0,3,0
427,False,Scottsbluff|n150|21|12,Scottsbluff,n150,21,12,PHW52 X PHN82,90,2022-08-17,123.11307956757233,0.13315836136342307,10.0,3,0
428,False,Scottsbluff|n150|5|13,Scottsbluff,n150,5,13,PHP02 X PHG47,90,2022-08-17,123.21740884048772,0.12398730122472867,10.0,3,0
429,False,Scottsbluff|n150|12|11,Scottsbluff,n150,12,11,PHN46 X PHK56,90,2022-08-17,123.30085510201317,0.25109085740573844,10.0,3,0
430,False,Scottsbluff|n75|6|4,Scottsbluff,n75,6,4,PHK56 X LH185,90,2022-08-17,123.36405939727183,0.12073687319163007,10.0,3,0
431,False,Scottsbluff|n75|17|1,Scottsbluff,n75,17,1,B73 X PHZ51,90,2022-08-17,123.5097275359156,0.31493713056147654,10.0,3,0
432,False,Scottsbluff|n75|9|1,Scottsbluff,n75,9,1,PHB47 X LH185,90,2022-08-17,123.59376991797548,0.2607226113428467,10.0,3,0
433,False,Scottsbluff|n75|21|1,Scottsbluff,n75,21,1,LH123HT X 3IIH6,90,2022-08-17,123.7257176738309,0.2187680946792051,10.0,3,0
434,False,Scottsbluff|n150|14|15,Scottsbluff,n150,14,15,PHK56 X PHJ89,90,2022-08-17,123.72849840716242,0.31577821358530933,10.0,3,0
435,False,Scottsbluff|n150|5|11,Scottsbluff,n150,5,11,HOEGEMEYER 8065RR,90,2022-08-17,123.73964839903175,0.12410508877523174,10.0,3,0
436,False,Scottsbluff|n75|21|7,Scottsbluff,n75,21,7,PHP02 X LH145,90,2022-08-17,123.78392995683019,0.16481911275018302,10.0,3,0
437,False,Scottsbluff|n75|27|6,Scottsbluff,n75,27,6,PHN46 X PHK56,90,2022-08-17,123.79674562274126,0.24770687538542702,10.0,3,0
438,False,Scottsbluff|n150|9|12,Scottsbluff,n150,9,12,2FACC X 3IIH6,90,2022-08-17,124.03847740287581,0.24406885289684566,10.0,3,0
439,False,Scottsbluff|n75|18|7,Scottsbluff,n75,18,7,PHG39 X PHM49,90,2022-08-17,124.1020546993747,0.22831363619431289,10.0,3,0
440,False,Scottsbluff|n150|8|13,Scottsbluff,n150,8,13,B37 X OH43,90,2022-08-17,124.12746498512504,0.2507796436078782,10.0,3,0
441,False,Scottsbluff|n75|6|1,Scottsbluff,n75,6,1,4N506 X 3IIH6,90,2022-08-17,124.20697067587176,0.11740742308773677,10.0,3,0
442,False,Scottsbluff|n75|4|4,Scottsbluff,n75,4,4,PHP02 X LH198,90,2022-08-17,124.2399948230117,0.18688480299664478,10.0,3,0
443,False,Scottsbluff|n75|3|5,Scottsbluff,n75,3,5,PHK76 X W606S,90,2022-08-17,124.27676188817988,0.21847084324258392,10.0,3,0
444,False,Scottsbluff|n75|20|5,Scottsbluff,n75,20,5,PHJ40 X LH82,90,2022-08-17,124.4760730547877,0.20468239379084974,10.0,3,0
445,False,Scottsbluff|n75|20|4,Scottsbluff,n75,20,4,PHW52 X PHN82,90,2022-08-17,124.64108843370137,0.22913566568200816,10.0,3,0
446,False,Scottsbluff|n75|24|6,Scottsbluff,n75,24,6,PHK56 X PHJ89,90,2022-08-17,124.64247549961998,0.17518519926073772,10.0,3,0
447,False,Scottsbluff|n75|18|1,Scottsbluff,n75,18,1,HOEGEMEYER 7089 AMXT,90,2022-08-17,124.98598310245667,0.2688756729937578,10.0,3,0
448,False,Scottsbluff|n75|15|7,Scottsbluff,n75,15,7,PHP02 X LH185,90,2022-08-17,126.00247656380571,0.2528171090891723,10.0,3,0
449,False,Scottsbluff|n150|14|13,Scottsbluff,n150,14,13,SYNGENTA NK0760-3111,90,2022-08-17,126.66653968292098,0.291770811298392,10.0,3,0
450,False,Scottsbluff|n75|25|5,Scottsbluff,n75,25,5,2369 X PHP02,90,2022-08-17,127.55095755772136,0.1996613432691109,10.0,3,0
451,False,Scottsbluff|n75|3|1,Scottsbluff,n75,3,1,LH82 X W606S,90,2022-08-17,127.89216714182956,0.1578431067406576,10.0,3,0
452,False,Scottsbluff|n150|8|12,Scottsbluff,n150,8,12,PHJ40 X LH82,90,2022-08-17,127.95277517993159,0.2328824369890522,10.0,3,0
453,False,Scottsbluff|n75|22|7,Scottsbluff,n75,22,7,SYNGENTA NK0760-3111,90,2022-08-17,128.18162224056223,0.1727512850649655,10.0,3,0
454,False,Scottsbluff|n75|21|2,Scottsbluff,n75,21,2,LH185 X W606S,90,2022-08-17,128.3975561733156,0.17122951352239935,10.0,3,0
455,False,Scottsbluff|n75|26|5,Scottsbluff,n75,26,5,PHK56 X W606S,90,2022-08-17,128.82106729359342,0.17402053795278039,10.0,3,0
456,False,Scottsbluff|n150|7|13,Scottsbluff,n150,7,13,F42 X MO17,90,2022-08-17,128.98009709364294,0.2670849543286369,10.0,3,0
457,False,Scottsbluff|n75|20|2,Scottsbluff,n75,20,2,PHK56 X LH145,90,2022-08-17,129.03489211175014,0.16481781691560715,10.0,3,0
458,False,Scottsbluff|n75|15|6,Scottsbluff,n75,15,6,LH145 X LH162,90,2022-08-17,129.4137599149713,0.20273273468673403,10.0,3,0
459,False,Scottsbluff|n75|10|7,Scottsbluff,n75,10,7,SYNGENTA NK0760-3111,90,2022-08-17,129.94968018789686,0.29309601421155207,10.0,3,0
460,False,Scottsbluff|n150|7|17,Scottsbluff,n150,7,17,SYNGENTA NK0760-3111,90,2022-08-17,130.39143392528166,0.2548916765426674,10.0,3,0
461,False,Scottsbluff|n75|27|4,Scottsbluff,n75,27,4,PHP02 X PHK56,90,2022-08-17,130.47898012147246,0.1782220286020082,10.0,3,0
462,False,Scottsbluff|n75|19|2,Scottsbluff,n75,19,2,PHG39 X PHN82,90,2022-08-17,130.90976447968765,0.19160543967962274,10.0,3,0
463,False,Scottsbluff|n150|15|14,Scottsbluff,n150,15,14,B73 X PHN82,90,2022-08-17,131.31207263734282,0.3194372720918769,10.0,3,0
464,False,Scottsbluff|n75|3|2,Scottsbluff,n75,3,2,LH185 X LH82,90,2022-08-17,132.01849551961985,0.15377652564152855,10.0,3,0
465,False,Scottsbluff|n75|6|2,Scottsbluff,n75,6,2,2369 X PHN82,90,2022-08-17,132.1870376828757,0.10347418234184191,10.0,3,0
466,False,Scottsbluff|n150|24|13,Scottsbluff,n150,24,13,PIONEER P0589 AMXT,90,2022-08-17,132.53592754141962,0.17107544650101492,10.0,3,0
467,False,Scottsbluff|n150|13|17,Scottsbluff,n150,13,17,SYNGENTA NK0760-3111,90,2022-08-17,132.66194757043866,0.3348058182955186,10.0,3,0
468,False,Scottsbluff|n75|11|1,Scottsbluff,n75,11,1,PHP02 X PHJ89,90,2022-08-17,132.9816699027878,0.3341654608469784,10.0,3,0
469,False,Scottsbluff|n75|5|2,Scottsbluff,n75,5,2,PHW52 X PHM49,90,2022-08-17,133.02911878013,0.13915685426038238,10.0,3,0
470,False,Scottsbluff|n75|13|7,Scottsbluff,n75,13,7,SYNGENTA NK0760-3111,90,2022-08-17,133.13006169628997,0.2981929175190862,10.0,3,0
471,False,Scottsbluff|n75|13|6,Scottsbluff,n75,13,6,PHN46 X PHB47,90,2022-08-17,133.52252745943235,0.2203792885096093,10.0,3,0
472,False,Scottsbluff|n150|25|13,Scottsbluff,n150,25,13,PHP02 X LH198,90,2022-08-17,133.75012241632697,0.20974602803370146,10.0,3,0
473,False,Scottsbluff|n75|14|1,Scottsbluff,n75,14,1,PHP02 X PHK56,90,2022-08-17,133.77351223510655,0.32762032716804634,10.0,3,0
474,False,Scottsbluff|n150|11|17,Scottsbluff,n150,11,17,SYNGENTA NK0760-3111,90,2022-08-17,134.1780320010931,0.30312363088854793,10.0,3,0
475,False,Scottsbluff|n150|19|14,Scottsbluff,n150,19,14,B73 X MO17,90,2022-08-17,134.22177942147567,0.20547105259260356,10.0,3,0
476,False,Scottsbluff|n75|26|3,Scottsbluff,n75,26,3,PHP02 X LH198,90,2022-08-17,134.26174129211225,0.1385597735301186,10.0,3,0
477,False,Scottsbluff|n75|14|6,Scottsbluff,n75,14,6,PHW52 X LH185,90,2022-08-17,134.2668015139137,0.21928433153392857,10.0,3,0
478,False,Scottsbluff|n75|10|6,Scottsbluff,n75,10,6,HOEGEMEYER 8065RR,90,2022-08-17,134.43069249498177,0.2130443436674574,10.0,3,0
479,False,Scottsbluff|n75|9|2,Scottsbluff,n75,9,2,PHB47 X PHK56,90,2022-08-17,135.80134296696832,0.21392708334560429,10.0,3,0
480,False,Scottsbluff|n75|26|4,Scottsbluff,n75,26,4,PHP02 X PHK76,90,2022-08-17,136.0106198345391,0.10965557031290107,10.0,3,0
481,False,Scottsbluff|n75|19|6,Scottsbluff,n75,19,6,PHP02 X LH82,90,2022-08-17,136.37301156078635,0.16420325050803486,10.0,3,0
482,False,Scottsbluff|n75|10|1,Scottsbluff,n75,10,1,PHP02 X LH82,90,2022-08-17,136.74670429943978,0.29596297527079707,10.0,3,0
483,False,Scottsbluff|n75|20|1,Scottsbluff,n75,20,1,HOEGEMEYER 8065RR,90,2022-08-17,141.11352311336464,0.2455384134115728,10.0,3,0
484,False,Scottsbluff|n75|17|2,Scottsbluff,n75,17,2,SYNGENTA NK0760-3111,90,2022-08-17,141.22938427001563,0.3373904764035136,10.0,3,0
485,False,Scottsbluff|n75|11|2,Scottsbluff,n75,11,2,N209 X 3IIH6,90,2022-08-17,141.90676712902714,0.2690056914247414,10.0,3,0
486,False,Scottsbluff|n75|14|2,Scottsbluff,n75,14,2,SYNGENTA NK0760-3111,90,2022-08-17,142.2329584743998,0.288186704115329,10.0,3,0
487,False,Scottsbluff|n75|20|6,Scottsbluff,n75,20,6,PHP02 X W606S,90,2022-08-17,145.46259384290067,0.21372982607828384,10.0,3,0
488,False,Scottsbluff|n75|14|7,Scottsbluff,n75,14,7,SYNGENTA NK0760-3111,90,2022-08-17,145.57706277835558,0.2306777044386319,10.0,3,0
489,False,Scottsbluff|n75|5|1,Scottsbluff,n75,5,1,SYNGENTA NK0760-3111,90,2022-08-17,146.8484833028429,0.1732219261481055,10.0,3,0
