path,fingerprint,error,metadata_conflict,band_descriptions,location,timepoint,experiment,range,row,red,green,blue,nir,red_edge,deep_blue,ndvi,ndre,valid_pixels,valid_fraction,plot_id,image_date
Satellite/Ames/TP1/Ames-TP1-4231_1_2.TIF,bdeebb5b009152a831588b89e6f278fd1186bf7af5410e29b8d46ab15c531f25:24197:1790427168124505500,,,"[""Pleiades NEO Red (0.618 - 0.689) um"", ""Pleiades NEO Green (0.533 - 0.59) um"", ""Pleiades NEO Blue (0.446 - 0.52) um"", ""Pleiades NEO NIR (0.768 - 0.888) um"", ""Pleiades NEO Red Edge (0.696 - 0.749) um"", ""Pleiades NEO Deep Blue (0.416 - 0.456) um""]",Ames,TP1,4231,1,2,912.0,898.5,752.0,2858.5,1774.0,693.5,0.4654876826886756,0.21445081453986947,200,0.8264462809917356,Ames|4231|1|2,2022-07-15
Satellite/Ames/TP1/Ames-TP1-4231_1_3.TIF,bdeebb5b009152a831588b89e6f278fd1186bf7af5410e29b8d46ab15c531f25:24526:1790427168537099300,,,"[""Pleiades NEO Red (0.618 - 0.689) um"", ""Pleiades NEO Green (0.533 - 0.59) um"", ""Pleiades NEO Blue (0.446 - 0.52) um"", ""Pleiades NEO NIR (0.768 - 0.888) um"", ""Pleiades NEO Red Edge (0.696 - 0.749) um"", ""Pleiades NEO Deep Blue (0.416 - 0.456) um""]",Ames,TP1,4231,1,3,741.0,795.0,683.0,2877.0,1802.0,657.0,0.5337571904329398,0.20549392498679345,207,0.8553719008264463,Ames|4231|1|3,2022-07-15
Satellite/Ames/TP1/Ames-TP1-4231_1_4.TIF,bdeebb5b009152a831588b89e6f278fd1186bf7af5410e29b8d46ab15c531f25:24129:1790427167165768100,,,"[""Pleiades NEO Red (0.618 - 0.689) um"", ""Pleiades NEO Green (0.533 - 0.59) um"", ""Pleiades NEO Blue (0.446 - 0.52) um"", ""Pleiades NEO NIR (0.768 - 0.888) um"", ""Pleiades NEO Red Edge (0.696 - 0.749) um"", ""Pleiades NEO Deep Blue (0.416 - 0.456) um""]",Ames,TP1,4231,1,4,583.0,746.0,612.0,3733.0,1927.0,595.0,0.7360613810741689,0.32199787460148777,213,0.922077922077922,Ames|4231|1|4,2022-07-15
Satellite/Ames/TP1/Ames-TP1-4231_1_5.TIF,bdeebb5b009152a831588b89e6f278fd1186bf7af5410e29b8d46ab15c531f25:24001:1790427167674843400,,,"[""Pleiades NEO Red (0.618 - 0.689) um"", ""Pleiades NEO Green (0.533 - 0.59) um"", ""Pleiades NEO Blue (0.446 - 0.52) um"", ""Pleiades NEO NIR (0.768 - 0.888) um"", ""Pleiades NEO Red Edge (0.696 - 0.749) um"", ""Pleiades NEO Deep Blue (0.416 - 0.456) um""]",Ames,TP1,4231,1,5,538.0,724.0,581.5,3848.0,1974.0,573.5,0.7552534697140266,0.32370879120879126,206,0.8917748917748918,Ames|4231|1|5,2022-07-15
Satellite/Ames/TP1/Ames-TP1-4231_1_6.TIF,bdeebb5b009152a831588b89e6f278fd1186bf7af5410e29b8d46ab15c531f25:23982:1790427168105505600,,,"[""Pleiades NEO Red (0.618 - 0.689) um"", ""Pleiades NEO Green (0.533 - 0.59) um"", ""Pleiades NEO Blue (0.446 - 0.52) um"", ""Pleiades NEO NIR (0.768 - 0.888) um"", ""Pleiades NEO Red Edge (0.696 - 0.749) um"", ""Pleiades NEO Deep Blue (0.416 - 0.456) um""]",Ames,TP1,4231,1,6,517.5,723.5,575.0,4033.0,2012.5,578.0,0.7715893642091152,0.3330193122939237,206,0.8174603174603174,Ames|4231|1|6,2022-07-15
Satellite/Ames/TP1/Ames-TP1-4231_1_7.TIF,bdeebb5b009152a831588b89e6f278fd1186bf7af5410e29b8d46ab15c531f25:23930:1790427167686846300,,,"[""Pleiades NEO Red (0.618 - 0.689) um"", ""Pleiades NEO Green (0.533 - 0.59) um"", ""Pleiades NEO Blue (0.446 - 0.52) um"", ""Pleiades NEO NIR (0.768 - 0.888) um"", ""Pleiades NEO Red Edge (0.696 - 0.749) um"", ""Pleiades NEO Deep Blue (0.416 - 0.456) um""]",Ames,TP1,4231,1,7,535.0,736.5,591.0,3994.0,1978.5,588.5,0.7619270820031437,0.33661093931194436,200,0.7936507936507936,Ames|4231|1|7,2022-07-15
Satellite/Ames/TP1/Ames-TP1-4232_1_17.TIF,bdeebb5b009152a831588b89e6f278fd1186bf7af5410e29b8d46ab15c531f25:24100:1790427173334458100,,,"[""Pleiades NEO Red (0.618 - 0.689) um"", ""Pleiades NEO Green (0.533 - 0.59) um"", ""Pleiades NEO Blue (0.446 - 0.52) um"", ""Pleiades NEO NIR (0.768 - 0.888) um"", ""Pleiades NEO Red Edge (0.696 - 0.749) um"", ""Pleiades NEO Deep Blue (0.416 - 0.456) um""]",Ames,TP1,4232,1,17,780.0,844.5,686.0,3102.0,1849.0,653.5,0.5994441731641327,0.2512464226141651,210,0.9090909090909091,Ames|4232|1|17,2022-07-15
Satellite/Ames/TP1/Ames-TP1-4232_1_18.TIF,bdeebb5b009152a831588b89e6f278fd1186bf7af5410e29b8d46ab15c531f25:24099:1790427168960164300,,,"[""Pleiades NEO Red (0.618 - 0.689) um"", ""Pleiades NEO Green (0.533 - 0.59) um"", ""Pleiades NEO Blue (0.446 - 0.52) um"", ""Pleiades NEO NIR (0.768 - 0.888) um"", ""Pleiades NEO Red Edge (0.696 - 0.749) um"", ""Pleiades NEO Deep Blue (0.416 - 0.456) um""]",Ames,TP1,4232,1,18,779.0,843.0,680.0,3041.0,1825.0,635.0,0.5914214979468098,0.24833609931011688,210,0.8333333333333334,Ames|4232|1|18,2022-07-15
Satellite/Ames/TP1/Ames-TP1-4232_1_19.TIF,bdeebb5b009152a831588b89e6f278fd1186bf7af5410e29b8d46ab15c531f25:24044:1790427168672611500,,,"[""Pleiades NEO Red (0.618 - 0.689) um"", ""Pleiades NEO Green (0.533 - 0.59) um"", ""Pleiades NEO Blue (0.446 - 0.52) um"", ""Pleiades NEO NIR (0.768 - 0.888) um"", ""Pleiades NEO Red Edge (0.696 - 0.749) um"", ""Pleiades NEO Deep Blue (0.416 - 0.456) um""]",Ames,TP1,4232,1,19,723.0,804.5,670.0,3148.5,1843.0,631.0,0.6246017123474503,0.26105895069611706,210,0.8333333333333334,Ames|4232|1|19,2022-07-15
Satellite/Ames/TP1/Ames-TP1-4232_1_20.TIF,bdeebb5b009152a831588b89e6f278fd1186bf7af5410e29b8d46ab15c531f25:23977:1790427167264282500,,,"[""Pleiades NEO Red (0.618 - 0.689) um"", ""Pleiades NEO Green (0.533 - 0.59) um"", ""Pleiades NEO Blue (0.446 - 0.52) um"", ""Pleiades NEO NIR (0.768 - 0.888) um"", ""Pleiades NEO Red Edge (0.696 - 0.749) um"", ""Pleiades NEO Deep Blue (0.416 - 0.456) um""]",Ames,TP1,4232,1,20,644.0,783.0,636.5,3401.0,1900.5,603.0,0.6788993348641775,0.2872655211149605,200,0.8658008658008658,Ames|4232|1|20,2022-07-15
Satellite/Ames/TP1/Ames-TP1-4232_1_21.TIF,bdeebb5b009152a831588b89e6f278fd1186bf7af5410e29b8d46ab15c531f25:23930:1790427167554333400,,,"[""Pleiades NEO Red (0.618 - 0.689) um"", ""Pleiades NEO Green (0.533 - 0.59) um"", ""Pleiades NEO Blue (0.446 - 0.52) um"", ""Pleiades NEO NIR (0.768 - 0.888) um"", ""Pleiades NEO Red Edge (0.696 - 0.749) um"", ""Pleiades NEO Deep Blue (0.416 - 0.456) um""]",Ames,TP1,4232,1,21,558.0,755.0,595.0,3704.0,1952.0,581.0,0.7360869565217392,0.3092985900410494,203,0.8787878787878788,Ames|4232|1|21,2022-07-15
Satellite/Ames/TP1/Ames-TP1-4232_1_22.TIF,bdeebb5b009152a831588b89e6f278fd1186bf7af5410e29b8d46ab15c531f25:24126:1790427168015406800,,,"[""Pleiades NEO Red (0.618 - 0.689) um"", ""Pleiades NEO Green (0.533 - 0.59) um"", ""Pleiades NEO Blue (0.446 - 0.52) um"", ""Pleiades NEO NIR (0.768 - 0.888) um"", ""Pleiades NEO Red Edge (0.696 - 0.749) um"", ""Pleiades NEO Deep Blue (0.416 - 0.456) um""]",Ames,TP1,4232,1,22,540.0,759.0,589.0,3708.0,1977.0,571.0,0.7449200172935582,0.30732425469267577,217,0.9393939393939394,Ames|4232|1|22,2022-07-15
Satellite/Ames/TP1/Ames-TP1-4233_10_1.TIF,bdeebb5b009152a831588b89e6f278fd1186bf7af5410e29b8d46ab15c531f25:23866:1790427171432273100,,,"[""Pleiades NEO Red (0.618 - 0.689) um"", ""Pleiades NEO Green (0.533 - 0.59) um"", ""Pleiades NEO Blue (0.446 - 0.52) um"", ""Pleiades NEO NIR (0.768 - 0.888) um"", ""Pleiades NEO Red Edge (0.696 - 0.749) um"", ""Pleiades NEO Deep Blue (0.416 - 0.456) um""]",Ames,TP1,4233,10,1,544.0,744.5,593.5,3760.0,2012.5,583.5,0.7478805124546902,0.3033577595200645,200,0.7936507936507936,Ames|4233|10|1,2022-07-15
Satellite/Ames/TP1/Ames-TP1-4233_10_11.TIF,bdeebb5b009152a831588b89e6f278fd1186bf7af5410e29b8d46ab15c531f25:23922:1790427168077406600,,,"[""Pleiades NEO Red (0.618 - 0.689) um"", ""Pleiades NEO Green (0.533 - 0.59) um"", ""Pleiades NEO Blue (0.446 - 0.52) um"", ""Pleiades NEO NIR (0.768 - 0.888) um"", ""Pleiades NEO Red Edge (0.696 - 0.749) um"", ""Pleiades NEO Deep Blue (0.416 - 0.456) um""]",Ames,TP1,4233,10,11,513.0,744.5,590.0,3718.5,1961.0,572.0,0.7585554597277933,0.3068839627516857,200,0.7575757575757576,Ames|4233|10|11,2022-07-15
Satellite/Ames/TP1/Ames-TP1-4233_10_12.TIF,bdeebb5b009152a831588b89e6f278fd1186bf7af5410e29b8d46ab15c531f25:23937:1790427167639843600,,,"[""Pleiades NEO Red (0.618 - 0.689) um"", ""Pleiades NEO Green (0.533 - 0.59) um"", ""Pleiades NEO Blue (0.446 - 0.52) um"", ""Pleiades NEO NIR (0.768 - 0.888) um"", ""Pleiades NEO Red Edge (0.696 - 0.749) um"", ""Pleiades NEO Deep Blue (0.416 - 0.456) um""]",Ames,TP1,4233,10,12,501.0,745.5,581.0,3818.0,1971.5,576.5,0.7637482985656578,0.31703708462666436,200,0.7936507936507936,Ames|4233|10|12,2022-07-15
Satellite/Ames/TP1/Ames-TP1-4233_10_2.TIF,bdeebb5b009152a831588b89e6f278fd1186bf7af5410e29b8d46ab15c531f25:23904:1790427171853858500,,,"[""Pleiades NEO Red (0.618 - 0.689) um"", ""Pleiades NEO Green (0.533 - 0.59) um"", ""Pleiades NEO Blue (0.446 - 0.52) um"", ""Pleiades NEO NIR (0.768 - 0.888) um"", ""Pleiades NEO Red Edge (0.696 - 0.749) um"", ""Pleiades NEO Deep Blue (0.416 - 0.456) um""]",Ames,TP1,4233,10,2,570.5,786.0,605.5,3726.0,2042.0,589.5,0.7378535830596838,0.2918094190241199,200,0.8264462809917356,Ames|4233|10|2,2022-07-15
Satellite/Ames/TP1/Ames-TP1-4233_11_1.TIF,bdeebb5b009152a831588b89e6f278fd1186bf7af5410e29b8d46ab15c531f25:23972:1790427173226944900,,,"[""Pleiades NEO Red (0.618 - 0.689) um"", ""Pleiades NEO Green (0.533 - 0.59) um"", ""Pleiades NEO Blue (0.446 - 0.52) um"", ""Pleiades NEO NIR (0.768 - 0.888) um"", ""Pleiades NEO Red Edge (0.696 - 0.749) um"", ""Pleiades NEO Deep Blue (0.416 - 0.456) um""]",Ames,TP1,4233,11,1,561.0,743.0,587.0,3692.0,2004.0,587.0,0.7353450408112787,0.2984689489076208,209,0.9047619047619048,Ames|4233|11|1,2022-07-15
Satellite/Ames/TP1/Ames-TP1-4233_11_11.TIF,bdeebb5b009152a831588b89e6f278fd1186bf7af5410e29b8d46ab15c531f25:23968:1790427171188035700,,,"[""Pleiades NEO Red (0.618 - 0.689) um"", ""Pleiades NEO Green (0.533 - 0.59) um"", ""Pleiades NEO Blue (0.446 - 0.52) um"", ""Pleiades NEO NIR (0.768 - 0.888) um"", ""Pleiades NEO Red Edge (0.696 - 0.749) um"", ""Pleiades NEO Deep Blue (0.416 - 0.456) um""]",Ames,TP1,4233,11,11,514.0,749.5,597.0,3816.5,2026.0,571.0,0.7649434514617366,0.30971831906411346,200,0.7575757575757576,Ames|4233|11|11,2022-07-15
Satellite/Ames/TP1/Ames-TP1-4233_11_12.TIF,bdeebb5b009152a831588b89e6f278fd1186bf7af5410e29b8d46ab15c531f25:23945:1790427171593300400,,,"[""Pleiades NEO Red (0.618 - 0.689) um"", ""Pleiades NEO Green (0.533 - 0.59) um"", ""Pleiades NEO Blue (0.446 - 0.52) um"", ""Pleiades NEO NIR (0.768 - 0.888) um"", ""Pleiades NEO Red Edge (0.696 - 0.749) um"", ""Pleiades NEO Deep Blue (0.416 - 0.456) um""]",Ames,TP1,4233,11,12,523.5,753.0,597.0,3736.0,1981.5,578.5,0.756460065221755,0.30959405473526846,200,0.8264462809917356,Ames|4233|11|12,2022-07-15
Satellite/Ames/TP1/Ames-TP1-4233_11_2.TIF,bdeebb5b009152a831588b89e6f278fd1186bf7af5410e29b8d46ab15c531f25:23835:1790427172865353000,,,"[""Pleiades NEO Red (0.618 - 0.689) um"", ""Pleiades NEO Green (0.533 - 0.59) um"", ""Pleiades NEO Blue (0.446 - 0.52) um"", ""Pleiades NEO NIR (0.768 - 0.888) um"", ""Pleiades NEO Red Edge (0.696 - 0.749) um"", ""Pleiades NEO Deep Blue (0.416 - 0.456) um""]",Ames,TP1,4233,11,2,584.0,785.5,605.5,3647.5,2017.5,595.0,0.7224207767452943,0.2857266929700489,200,0.8658008658008658,Ames|4233|11|2,2022-07-15
Satellite/Ames/TP1/Ames-TP1-4233_12_1.TIF,bdeebb5b009152a831588b89e6f278fd1186bf7af5410e29b8d46ab15c531f25:23984:1790427171527296300,,,"[""Pleiades NEO Red (0.618 - 0.689) um"", ""Pleiades NEO Green (0.533 - 0.59) um"", ""Pleiades NEO Blue (0.446 - 0.52) um"", ""Pleiades NEO NIR (0.768 - 0.888) um"", ""Pleiades NEO Red Edge (0.696 - 0.749) um"", ""Pleiades NEO Deep Blue (0.416 - 0.456) um""]",Ames,TP1,4233,12,1,612.0,767.0,615.5,3551.0,1959.5,608.5,0.7052328447878151,0.2875637908628461,208,0.9004329004329005,Ames|4233|12|1,2022-07-15
Satellite/Ames/TP1/Ames-TP1-4233_12_11.TIF,bdeebb5b009152a831588b89e6f278fd1186bf7af5410e29b8d46ab15c531f25:24015:1790427168326550200,,,"[""Pleiades NEO Red (0.618 - 0.689) um"", ""Pleiades NEO Green (0.533 - 0.59) um"", ""Pleiades NEO Blue (0.446 - 0.52) um"", ""Pleiades NEO NIR (0.768 - 0.888) um"", ""Pleiades NEO Red Edge (0.696 - 0.749) um"", ""Pleiades NEO Deep Blue (0.416 - 0.456) um""]",Ames,TP1,4233,12,11,502.0,725.0,584.5,3827.0,1978.5,571.0,0.7703609062513277,0.31619744152640045,202,0.8744588744588745,Ames|4233|12|11,2022-07-15
Satellite/Ames/TP1/Ames-TP1-4233_12_12.TIF,bdeebb5b009152a831588b89e6f278fd1186bf7af5410e29b8d46ab15c531f25:23931:1790427168810646600,,,"[""Pleiades NEO Red (0.618 - 0.689) um"", ""Pleiades NEO Green (0.533 - 0.59) um"", ""Pleiades NEO Blue (0.446 - 0.52) um"", ""Pleiades NEO NIR (0.768 - 0.888) um"", ""Pleiades NEO Red Edge (0.696 - 0.749) um"", ""Pleiades NEO Deep Blue (0.416 - 0.456) um""]",Ames,TP1,4233,12,12,518.5,744.0,588.5,3786.0,2008.5,575.5,0.7604532895397462,0.3090912798535812,200,0.8658008658008658,Ames|4233|12|12,2022-07-15
Satellite/Ames/TP1/Ames-TP1-4233_12_2.TIF,bdeebb5b009152a831588b89e6f278fd1186bf7af5410e29b8d46ab15c531f25:24142:1790427171124028500,,,"[""Pleiades NEO Red (0.618 - 0.689) um"", ""Pleiades NEO Green (0.533 - 0.59) um"", ""Pleiades NEO Blue (0.446 - 0.52) um"", ""Pleiades NEO NIR (0.768 - 0.888) um"", ""Pleiades NEO Red Edge (0.696 - 0.749) um"", ""Pleiades NEO Deep Blue (0.416 - 0.456) um""]",Ames,TP1,4233,12,2,662.5,814.0,639.5,3197.0,1850.5,621.0,0.6647653605298042,0.2673583528246162,220,0.9523809523809523,Ames|4233|12|2,2022-07-15
Satellite/Ames/TP1/Ames-TP1-4233_13_1.TIF,bdeebb5b009152a831588b89e6f278fd1186bf7af5410e29b8d46ab15c531f25:23897:1790427172717267400,,,"[""Pleiades NEO Red (0.618 - 0.689) um"", ""Pleiades NEO Green (0.533 - 0.59) um"", ""Pleiades NEO Blue (0.446 - 0.52) um"", ""Pleiades NEO NIR (0.768 - 0.888) um"", ""Pleiades NEO Red Edge (0.696 - 0.749) um"", ""Pleiades NEO Deep Blue (0.416 - 0.456) um""]",Ames,TP1,4233,13,1,655.5,782.5,634.5,3342.5,1916.0,618.5,0.6771153084825886,0.2704853309993148,204,0.8429752066115702,Ames|4233|13|1,2022-07-15
Satellite/Ames/TP1/Ames-TP1-4233_13_11.TIF,bdeebb5b009152a831588b89e6f278fd1186bf7af5410e29b8d46ab15c531f25:24195:1790427172303698300,,,"[""Pleiades NEO Red (0.618 - 0.689) um"", ""Pleiades NEO Green (0.533 - 0.59) um"", ""Pleiades NEO Blue (0.446 - 0.52) um"", ""Pleiades NEO NIR (0.768 - 0.888) um"", ""Pleiades NEO Red Edge (0.696 - 0.749) um"", ""Pleiades NEO Deep Blue (0.416 - 0.456) um""]",Ames,TP1,4233,13,11,490.5,737.0,576.0,3988.5,2045.5,568.0,0.7824305477792595,0.3232858560672962,216,0.935064935064935,Ames|4233|13|11,2022-07-15
Satellite/Ames/TP1/Ames-TP1-4233_13_12.TIF,bdeebb5b009152a831588b89e6f278fd1186bf7af5410e29b8d46ab15c531f25:24186:1790427171935114500,,,"[""Pleiades NEO Red (0.618 - 0.689) um"", ""Pleiades NEO Green (0.533 - 0.59) um"", ""Pleiades NEO Blue (0.446 - 0.52) um"", ""Pleiades NEO NIR (0.768 - 0.888) um"", ""Pleiades NEO Red Edge (0.696 - 0.749) um"", ""Pleiades NEO Deep Blue (0.416 - 0.456) um""]",Ames,TP1,4233,13,12,493.0,735.0,576.0,3839.0,1992.0,566.0,0.7701754385964912,0.3170640135160503,219,0.948051948051948,Ames|4233|13|12,2022-07-15
Satellite/Ames/TP1/Ames-TP1-4233_13_2.TIF,bdeebb5b009152a831588b89e6f278fd1186bf7af5410e29b8d46ab15c531f25:23885:1790427173115419500,,,"[""Pleiades NEO Red (0.618 - 0.689) um"", ""Pleiades NEO Green (0.533 - 0.59) um"", ""Pleiades NEO Blue (0.446 - 0.52) um"", ""Pleiades NEO NIR (0.768 - 0.888) um"", ""Pleiades NEO Red Edge (0.696 - 0.749) um"", ""Pleiades NEO Deep Blue (0.416 - 0.456) um""]",Ames,TP1,4233,13,2,620.5,773.5,634.5,3307.0,1897.0,595.5,0.6955547252809398,0.2707062137813453,200,0.8658008658008658,Ames|4233|13|2,2022-07-15
Satellite/Ames/TP1/Ames-TP1-4233_14_1.TIF,bdeebb5b009152a831588b89e6f278fd1186bf7af5410e29b8d46ab15c531f25:23843:1790427172341699400,,,"[""Pleiades NEO Red (0.618 - 0.689) um"", ""Pleiades NEO Green (0.533 - 0.59) um"", ""Pleiades NEO Blue (0.446 - 0.52) um"", ""Pleiades NEO NIR (0.768 - 0.888) um"", ""Pleiades NEO Red Edge (0.696 - 0.749) um"", ""Pleiades NEO Deep Blue (0.416 - 0.456) um""]",Ames,TP1,4233,14,1,577.5,758.5,601.5,3480.5,1910.0,591.0,0.717009326036216,0.2915715200417984,200,0.8264462809917356,Ames|4233|14|1,2022-07-15
Satellite/Ames/TP1/Ames-TP1-4233_14_11.TIF,bdeebb5b009152a831588b89e6f278fd1186bf7af5410e29b8d46ab15c531f25:23991:1790427170733421400,,,"[""Pleiades NEO Red (0.618 - 0.689) um"", ""Pleiades NEO Green (0.533 - 0.59) um"", ""Pleiades NEO Blue (0.446 - 0.52) um"", ""Pleiades NEO NIR (0.768 - 0.888) um"", ""Pleiades NEO Red Edge (0.696 - 0.749) um"", ""Pleiades NEO Deep Blue (0.416 - 0.456) um""]",Ames,TP1,4233,14,11,489.0,733.0,571.0,3845.0,1998.0,557.0,0.7763121736740863,0.3164898096681826,203,0.8787878787878788,Ames|4233|14|11,2022-07-15
Satellite/Ames/TP1/Ames-TP1-4233_14_12.TIF,bdeebb5b009152a831588b89e6f278fd1186bf7af5410e29b8d46ab15c531f25:24048:1790427170155760400,,,"[""Pleiades NEO Red (0.618 - 0.689) um"", ""Pleiades NEO Green (0.533 - 0.59) um"", ""Pleiades NEO Blue (0.446 - 0.52) um"", ""Pleiades NEO NIR (0.768 - 0.888) um"", ""Pleiades NEO Red Edge (0.696 - 0.749) um"", ""Pleiades NEO Deep Blue (0.416 - 0.456) um""]",Ames,TP1,4233,14,12,495.5,750.5,575.5,3857.5,2033.0,564.5,0.7739673052639573,0.3119059780350447,202,0.8744588744588745,Ames|4233|14|12,2022-07-15
Satellite/Ames/TP1/Ames-TP1-4233_14_2.TIF,bdeebb5b009152a831588b89e6f278fd1186bf7af5410e29b8d46ab15c531f25:23957:1790427171963114900,,,"[""Pleiades NEO Red (0.618 - 0.689) um"", ""Pleiades NEO Green (0.533 - 0.59) um"", ""Pleiades NEO Blue (0.446 - 0.52) um"", ""Pleiades NEO NIR (0.768 - 0.888) um"", ""Pleiades NEO Red Edge (0.696 - 0.749) um"", ""Pleiades NEO Deep Blue (0.416 - 0.456) um""]",Ames,TP1,4233,14,2,532.0,765.5,580.0,3657.5,1969.0,561.0,0.7478713694708018,0.298416773290913,200,0.8264462809917356,Ames|4233|14|2,2022-07-15
Satellite/Ames/TP1/Ames-TP1-4233_15_1.TIF,bdeebb5b009152a831588b89e6f278fd1186bf7af5410e29b8d46ab15c531f25:23941:1790427173534933400,,,"[""Pleiades NEO Red (0.618 - 0.689) um"", ""Pleiades NEO Green (0.533 - 0.59) um"", ""Pleiades NEO Blue (0.446 - 0.52) um"", ""Pleiades NEO NIR (0.768 - 0.888) um"", ""Pleiades NEO Red Edge (0.696 - 0.749) um"", ""Pleiades NEO Deep Blue (0.416 - 0.456) um""]",Ames,TP1,4233,15,1,537.5,736.5,588.5,3441.0,1898.5,571.0,0.7276672716468189,0.28922827867593215,200,0.7936507936507936,Ames|4233|15|1,2022-07-15
Satellite/Ames/TP1/Ames-TP1-4233_15_11.TIF,bdeebb5b009152a831588b89e6f278fd1186bf7af5410e29b8d46ab15c531f25:23934:1790427173665451100,,,"[""Pleiades NEO Red (0.618 - 0.689) um"", ""Pleiades NEO Green (0.533 - 0.59) um"", ""Pleiades NEO Blue (0.446 - 0.52) um"", ""Pleiades NEO NIR (0.768 - 0.888) um"", ""Pleiades NEO Red Edge (0.696 - 0.749) um"", ""Pleiades NEO Deep Blue (0.416 - 0.456) um""]",Ames,TP1,4233,15,11,494.5,748.5,574.0,3911.0,2049.5,568.0,0.7752952181712113,0.3105541242205052,200,0.8264462809917356,Ames|4233|15|11,2022-07-15
Satellite/Ames/TP1/Ames-TP1-4233_15_12.TIF,bdeebb5b009152a831588b89e6f278fd1186bf7af5410e29b8d46ab15c531f25:23957:1790427174112093800,,,"[""Pleiades NEO Red (0.618 - 0.689) um"", ""Pleiades NEO Green (0.533 - 0.59) um"", ""Pleiades NEO Blue (0.446 - 0.52) um"", ""Pleiades NEO NIR (0.768 - 0.888) um"", ""Pleiades NEO Red Edge (0.696 - 0.749) um"", ""Pleiades NEO Deep Blue (0.416 - 0.456) um""]",Ames,TP1,4233,15,12,513.0,761.0,587.5,3808.5,2042.5,567.0,0.759612748198148,0.30399924698790404,200,0.8264462809917356,Ames|4233|15|12,2022-07-15
Satellite/Ames/TP1/Ames-TP1-4233_15_2.TIF,bdeebb5b009152a831588b89e6f278fd1186bf7af5410e29b8d46ab15c531f25:23985:1790427173938000100,,,"[""Pleiades NEO Red (0.618 - 0.689) um"", ""Pleiades NEO Green (0.533 - 0.59) um"", ""Pleiades NEO Blue (0.446 - 0.52) um"", ""Pleiades NEO NIR (0.768 - 0.888) um"", ""Pleiades NEO Red Edge (0.696 - 0.749) um"", ""Pleiades NEO Deep Blue (0.416 - 0.456) um""]",Ames,TP1,4233,15,2,512.0,757.0,583.0,3695.5,1998.5,562.0,0.7549826839506935,0.2936715692562296,200,0.7936507936507936,Ames|4233|15|2,2022-07-15
Satellite/Ames/TP1/Ames-TP1-4233_16_1.TIF,bdeebb5b009152a831588b89e6f278fd1186bf7af5410e29b8d46ab15c531f25:24161:1790427172044145600,,,"[""Pleiades NEO Red (0.618 - 0.689) um"", ""Pleiades NEO Green (0.533 - 0.59) um"", ""Pleiades NEO Blue (0.446 - 0.52) um"", ""Pleiades NEO NIR (0.768 - 0.888) um"", ""Pleiades NEO Red Edge (0.696 - 0.749) um"", ""Pleiades NEO Deep Blue (0.416 - 0.456) um""]",Ames,TP1,4233,16,1,532.0,747.0,590.5,3413.0,1881.5,577.5,0.7269688868807811,0.2868881743479814,210,0.8333333333333334,Ames|4233|16|1,2022-07-15
Satellite/Ames/TP1/Ames-TP1-4233_16_11.TIF,bdeebb5b009152a831588b89e6f278fd1186bf7af5410e29b8d46ab15c531f25:23970:1790427169213954300,,,"[""Pleiades NEO Red (0.618 - 0.689) um"", ""Pleiades NEO Green (0.533 - 0.59) um"", ""Pleiades NEO Blue (0.446 - 0.52) um"", ""Pleiades NEO NIR (0.768 - 0.888) um"", ""Pleiades NEO Red Edge (0.696 - 0.749) um"", ""Pleiades NEO Deep Blue (0.416 - 0.456) um""]",Ames,TP1,4233,16,11,496.0,753.5,576.5,3907.5,2066.5,563.5,0.7748684352523694,0.3070515421790503,200,0.7936507936507936,Ames|4233|16|11,2022-07-15
Satellite/Ames/TP1/Ames-TP1-4233_16_12.TIF,bdeebb5b009152a831588b89e6f278fd1186bf7af5410e29b8d46ab15c531f25:23965:1790427169692970400,,,"[""Pleiades NEO Red (0.618 - 0.689) um"", ""Pleiades NEO Green (0.533 - 0.59) um"", ""Pleiades NEO Blue (0.446 - 0.52) um"", ""Pleiades NEO NIR (0.768 - 0.888) um"", ""Pleiades NEO Red Edge (0.696 - 0.749) um"", ""Pleiades NEO Deep Blue (0.416 - 0.456) um""]",Ames,TP1,4233,16,12,507.5,761.0,585.0,3827.0,2036.0,565.5,0.7638005764449627,0.3067865304090044,200,0.7575757575757576,Ames|4233|16|12,2022-07-15
Satellite/Ames/TP1/Ames-TP1-4233_16_2.TIF,bdeebb5b009152a831588b89e6f278fd1186bf7af5410e29b8d46ab15c531f25:24146:1790427172428215700,,,"[""Pleiades NEO Red (0.618 - 0.689) um"", ""Pleiades NEO Green (0.533 - 0.59) um"", ""Pleiades NEO Blue (0.446 - 0.52) um"", ""Pleiades NEO NIR (0.768 - 0.888) um"", ""Pleiades NEO Red Edge (0.696 - 0.749) um"", ""Pleiades NEO Deep Blue (0.416 - 0.456) um""]",Ames,TP1,4233,16,2,508.0,770.0,588.0,3826.0,2071.0,570.0,0.7651783605008269,0.2961038961038961,207,0.8961038961038961,Ames|4233|16|2,2022-07-15
Satellite/Ames/TP1/Ames-TP1-4233_17_1.TIF,bdeebb5b009152a831588b89e6f278fd1186bf7af5410e29b8d46ab15c531f25:23989:1790427174285608200,,,"[""Pleiades NEO Red (0.618 - 0.689) um"", ""Pleiades NEO Green (0.533 - 0.59) um"", ""Pleiades NEO Blue (0.446 - 0.52) um"", ""Pleiades NEO NIR (0.768 - 0.888) um"", ""Pleiades NEO Red Edge (0.696 - 0.749) um"", ""Pleiades NEO Deep Blue (0.416 - 0.456) um""]",Ames,TP1,4233,17,1,562.0,757.0,605.5,3443.0,1922.5,591.5,0.7228164375204063,0.27985835811390375,200,0.8658008658008658,Ames|4233|17|1,2022-07-15
Satellite/Ames/TP1/Ames-TP1-4233_17_11.TIF,bdeebb5b009152a831588b89e6f278fd1186bf7af5410e29b8d46ab15c531f25:24089:1790427173393458000,,,"[""Pleiades NEO Red (0.618 - 0.689) um"", ""Pleiades NEO Green (0.533 - 0.59) um"", ""Pleiades NEO Blue (0.446 - 0.52) um"", ""Pleiades NEO NIR (0.768 - 0.888) um"", ""Pleiades NEO Red Edge (0.696 - 0.749) um"", ""Pleiades NEO Deep Blue (0.416 - 0.456) um""]",Ames,TP1,4233,17,11,467.0,733.0,559.5,3921.0,2047.0,556.0,0.7826003249933352,0.3123795915009476,210,0.8333333333333334,Ames|4233|17|11,2022-07-15
Satellite/Ames/TP1/Ames-TP1-4233_17_12.TIF,bdeebb5b009152a831588b89e6f278fd1186bf7af5410e29b8d46ab15c531f25:24039:1790427172958864900,,,"[""Pleiades NEO Red (0.618 - 0.689) um"", ""Pleiades NEO Green (0.533 - 0.59) um"", ""Pleiades NEO Blue (0.446 - 0.52) um"", ""Pleiades NEO NIR (0.768 - 0.888) um"", ""Pleiades NEO Red Edge (0.696 - 0.749) um"", ""Pleiades NEO Deep Blue (0.416 - 0.456) um""]",Ames,TP1,4233,17,12,510.0,750.0,582.5,3870.5,2048.5,576.0,0.7658377179870287,0.3070681290756467,202,0.8744588744588745,Ames|4233|17|12,2022-07-15
Satellite/Ames/TP1/Ames-TP1-4233_17_2.TIF,bdeebb5b009152a831588b89e6f278fd1186bf7af5410e29b8d46ab15c531f25:23997:1790427173843479300,,,"[""Pleiades NEO Red (0.618 - 0.689) um"", ""Pleiades NEO Green (0.533 - 0.59) um"", ""Pleiades NEO Blue (0.446 - 0.52) um"", ""Pleiades NEO NIR (0.768 - 0.888) um"", ""Pleiades NEO Red Edge (0.696 - 0.749) um"", ""Pleiades NEO Deep Blue (0.416 - 0.456) um""]",Ames,TP1,4233,17,2,514.0,748.0,576.0,3695.0,1998.0,579.0,0.7605561277033985,0.2968692449355433,203,0.8787878787878788,Ames|4233|17|2,2022-07-15
Satellite/Ames/TP1/Ames-TP1-4233_18_1.TIF,bdeebb5b009152a831588b89e6f278fd1186bf7af5410e29b8d46ab15c531f25:24094:1790427169307042500,,,"[""Pleiades NEO Red (0.618 - 0.689) um"", ""Pleiades NEO Green (0.533 - 0.59) um"", ""Pleiades NEO Blue (0.446 - 0.52) um"", ""Pleiades NEO NIR (0.768 - 0.888) um"", ""Pleiades NEO Red Edge (0.696 - 0.749) um"", ""Pleiades NEO Deep Blue (0.416 - 0.456) um""]",Ames,TP1,4233,18,1,563.5,771.0,618.0,3431.5,1894.5,597.5,0.7225217244842579,0.2892513668401291,206,0.8512396694214877,Ames|4233|18|1,2022-07-15
Satellite/Ames/TP1/Ames-TP1-4233_18_11.TIF,bdeebb5b009152a831588b89e6f278fd1186bf7af5410e29b8d46ab15c531f25:23926:1790427170771421600,,,"[""Pleiades NEO Red (0.618 - 0.689) um"", ""Pleiades NEO Green (0.533 - 0.59) um"", ""Pleiades NEO Blue (0.446 - 0.52) um"", ""Pleiades NEO NIR (0.768 - 0.888) um"", ""Pleiades NEO Red Edge (0.696 - 0.749) um"", ""Pleiades NEO Deep Blue (0.416 - 0.456) um""]",Ames,TP1,4233,18,11,495.0,744.0,574.5,3905.0,2022.5,557.0,0.7753801391877267,0.31250674568810566,200,0.8658008658008658,Ames|4233|18|11,2022-07-15
Satellite/Ames/TP1/Ames-TP1-4233_18_12.TIF,bdeebb5b009152a831588b89e6f278fd1186bf7af5410e29b8d46ab15c531f25:24121:1790427170232274800,,,"[""Pleiades NEO Red (0.618 - 0.689) um"", ""Pleiades NEO Green (0.533 - 0.59) um"", ""Pleiades NEO Blue (0.446 - 0.52) um"", ""Pleiades NEO NIR (0.768 - 0.888) um"", ""Pleiades NEO Red Edge (0.696 - 0.749) um"", ""Pleiades NEO Deep Blue (0.416 - 0.456) um""]",Ames,TP1,4233,18,12,527.0,758.5,597.0,3851.5,2012.5,578.0,0.7585734080482496,0.31279995146118894,208,0.9004329004329005,Ames|4233|18|12,2022-07-15
Satellite/Ames/TP1/Ames-TP1-4233_18_2.TIF,bdeebb5b009152a831588b89e6f278fd1186bf7af5410e29b8d46ab15c531f25:24143:1790427169815705100,,,"[""Pleiades NEO Red (0.618 - 0.689) um"", ""Pleiades NEO Green (0.533 - 0.59) um"", ""Pleiades NEO Blue (0.446 - 0.52) um"", ""Pleiades NEO NIR (0.768 - 0.888) um"", ""Pleiades NEO Red Edge (0.696 - 0.749) um"", ""Pleiades NEO Deep Blue (0.416 - 0.456) um""]",Ames,TP1,4233,18,2,518.0,739.5,584.5,3686.5,1959.0,570.5,0.7553861324688569,0.3045858033029355,210,0.8677685950413223,Ames|4233|18|2,2022-07-15
Satellite/Ames/TP1/Ames-TP1-4233_19_1.TIF,bdeebb5b009152a831588b89e6f278fd1186bf7af5410e29b8d46ab15c531f25:24074:1790427168056405500,,,"[""Pleiades NEO Red (0.618 - 0.689) um"", ""Pleiades NEO Green (0.533 - 0.59) um"", ""Pleiades NEO Blue (0.446 - 0.52) um"", ""Pleiades NEO NIR (0.768 - 0.888) um"", ""Pleiades NEO Red Edge (0.696 - 0.749) um"", ""Pleiades NEO Deep Blue (0.416 - 0.456) um""]",Ames,TP1,4233,19,1,556.5,770.5,606.0,3451.0,1918.5,579.0,0.7232057196959643,0.2845604908806587,204,0.8831168831168831,Ames|4233|19|1,2022-07-15
Satellite/Ames/TP1/Ames-TP1-4233_19_11.TIF,bdeebb5b009152a831588b89e6f278fd1186bf7af5410e29b8d46ab15c531f25:24042:1790427173827479900,,,"[""Pleiades NEO Red (0.618 - 0.689) um"", ""Pleiades NEO Green (0.533 - 0.59) um"", ""Pleiades NEO Blue (0.446 - 0.52) um"", ""Pleiades NEO NIR (0.768 - 0.888) um"", ""Pleiades NEO Red Edge (0.696 - 0.749) um"", ""Pleiades NEO Deep Blue (0.416 - 0.456) um""]",Ames,TP1,4233,19,11,511.0,748.0,583.0,3817.0,2029.0,570.0,0.7635983263598326,0.3065749235474006,203,0.8388429752066116,Ames|4233|19|11,2022-07-15
Satellite/Ames/TP1/Ames-TP1-4233_19_12.TIF,bdeebb5b009152a831588b89e6f278fd1186bf7af5410e29b8d46ab15c531f25:24128:1790427174242607400,,,"[""Pleiades NEO Red (0.618 - 0.689) um"", ""Pleiades NEO Green (0.533 - 0.59) um"", ""Pleiades NEO Blue (0.446 - 0.52) um"", ""Pleiades NEO NIR (0.768 - 0.888) um"", ""Pleiades NEO Red Edge (0.696 - 0.749) um"", ""Pleiades NEO Deep Blue (0.416 - 0.456) um""]",Ames,TP1,4233,19,12,524.0,758.0,592.0,3886.0,2023.0,571.0,0.7624905849861913,0.3147439402223437,211,0.9134199134199135,Ames|4233|19|12,2022-07-15
Satellite/Ames/TP1/Ames-TP1-4233_19_2.TIF,bdeebb5b009152a831588b89e6f278fd1186bf7af5410e29b8d46ab15c531f25:23940:1790427167605844700,,,"[""Pleiades NEO Red (0.618 - 0.689) um"", ""Pleiades NEO Green (0.533 - 0.59) um"", ""Pleiades NEO Blue (0.446 - 0.52) um"", ""Pleiades NEO NIR (0.768 - 0.888) um"", ""Pleiades NEO Red Edge (0.696 - 0.749) um"", ""Pleiades NEO Deep Blue (0.416 - 0.456) um""]",Ames,TP1,4233,19,2,515.5,766.0,583.5,3723.0,2016.0,578.0,0.7564129319245014,0.29651637320191104,200,0.8264462809917356,Ames|4233|19|2,2022-07-15
Satellite/Ames/TP1/Ames-TP1-4233_1_1.TIF,bdeebb5b009152a831588b89e6f278fd1186bf7af5410e29b8d46ab15c531f25:24036:1790427169682961400,,,"[""Pleiades NEO Red (0.618 - 0.689) um"", ""Pleiades NEO Green (0.533 - 0.59) um"", ""Pleiades NEO Blue (0.446 - 0.52) um"", ""Pleiades NEO NIR (0.768 - 0.888) um"", ""Pleiades NEO Red Edge (0.696 - 0.749) um"", ""Pleiades NEO Deep Blue (0.416 - 0.456) um""]",Ames,TP1,4233,1,1,515.5,705.5,572.0,3816.5,1953.0,560.0,0.7613399158126213,0.32002447124628564,204,0.8831168831168831,Ames|4233|1|1,2022-07-15
Satellite/Ames/TP1/Ames-TP1-4233_1_10.TIF,bdeebb5b009152a831588b89e6f278fd1186bf7af5410e29b8d46ab15c531f25:24097:1790427173906998100,,,"[""Pleiades NEO Red (0.618 - 0.689) um"", ""Pleiades NEO Green (0.533 - 0.59) um"", ""Pleiades NEO Blue (0.446 - 0.52) um"", ""Pleiades NEO NIR (0.768 - 0.888) um"", ""Pleiades NEO Red Edge (0.696 - 0.749) um"", ""Pleiades NEO Deep Blue (0.416 - 0.456) um""]",Ames,TP1,4233,1,10,529.5,765.0,583.0,3812.0,2036.5,577.0,0.7499522166622534,0.2993396701931924,206,0.8512396694214877,Ames|4233|1|10,2022-07-15
Satellite/Ames/TP1/Ames-TP1-4233_1_11.TIF,bdeebb5b009152a831588b89e6f278fd1186bf7af5410e29b8d46ab15c531f25:24142:1790427174203610000,,,"[""Pleiades NEO Red (0.618 - 0.689) um"", ""Pleiades NEO Green (0.533 - 0.59) um"", ""Pleiades NEO Blue (0.446 - 0.52) um"", ""Pleiades NEO NIR (0.768 - 0.888) um"", ""Pleiades NEO Red Edge (0.696 - 0.749) um"", ""Pleiades NEO Deep Blue (0.416 - 0.456) um""]",Ames,TP1,4233,1,11,550.0,770.0,595.0,3824.0,2043.0,581.0,0.7494407158836689,0.3016627078384798,211,0.871900826446281,Ames|4233|1|11,2022-07-15
Satellite/Ames/TP1/Ames-TP1-4233_1_12.TIF,bdeebb5b009152a831588b89e6f278fd1186bf7af5410e29b8d46ab15c531f25:24030:1790427173809480200,,,"[""Pleiades NEO Red (0.618 - 0.689) um"", ""Pleiades NEO Green (0.533 - 0.59) um"", ""Pleiades NEO Blue (0.446 - 0.52) um"", ""Pleiades NEO NIR (0.768 - 0.888) um"", ""Pleiades NEO Red Edge (0.696 - 0.749) um"", ""Pleiades NEO Deep Blue (0.416 - 0.456) um""]",Ames,TP1,4233,1,12,593.0,792.0,623.0,3594.0,1980.0,610.0,0.7188240872451399,0.28589861751152074,203,0.8787878787878788,Ames|4233|1|12,2022-07-15
Satellite/Ames/TP1/Ames-TP1-4233_1_2.TIF,bdeebb5b009152a831588b89e6f278fd1186bf7af5410e29b8d46ab15c531f25:24027:1790427169223955600,,,"[""Pleiades NEO Red (0.618 - 0.689) um"", ""Pleiades NEO Green (0.533 - 0.59) um"", ""Pleiades NEO Blue (0.446 - 0.52) um"", ""Pleiades NEO NIR (0.768 - 0.888) um"", ""Pleiades NEO Red Edge (0.696 - 0.749) um"", ""Pleiades NEO Deep Blue (0.416 - 0.456) um""]",Ames,TP1,4233,1,2,621.0,773.5,622.5,3379.5,1897.0,611.5,0.7044585184352589,0.2821408493559558,200,0.8264462809917356,Ames|4233|1|2,2022-07-15
Satellite/Ames/TP1/Ames-TP1-4233_1_3.TIF,bdeebb5b009152a831588b89e6f278fd1186bf7af5410e29b8d46ab15c531f25:24241:1790427169388048500,,,"[""Pleiades NEO Red (0.618 - 0.689) um"", ""Pleiades NEO Green (0.533 - 0.59) um"", ""Pleiades NEO Blue (0.446 - 0.52) um"", ""Pleiades NEO NIR (0.768 - 0.888) um"", ""Pleiades NEO Red Edge (0.696 - 0.749) um"", ""Pleiades NEO Deep Blue (0.416 - 0.456) um""]",Ames,TP1,4233,1,3,740.0,814.0,681.5,2561.0,1690.0,647.0,0.4398287915242511,0.15940259061208106,200,0.8264462809917356,Ames|4233|1|3,2022-07-15
Satellite/Ames/TP1/Ames-TP1-4233_1_4.TIF,bdeebb5b009152a831588b89e6f278fd1186bf7af5410e29b8d46ab15c531f25:24091:1790427170248279200,,,"[""Pleiades NEO Red (0.618 - 0.689) um"", ""Pleiades NEO Green (0.533 - 0.59) um"", ""Pleiades NEO Blue (0.446 - 0.52) um"", ""Pleiades NEO NIR (0.768 - 0.888) um"", ""Pleiades NEO Red Edge (0.696 - 0.749) um"", ""Pleiades NEO Deep Blue (0.416 - 0.456) um""]",Ames,TP1,4233,1,4,710.0,801.5,663.0,2639.0,1706.5,627.5,0.5950979944695343,0.2370596100142059,200,0.8658008658008658,Ames|4233|1|4,2022-07-15
Satellite/Ames/TP1/Ames-TP1-4233_1_5.TIF,bdeebb5b009152a831588b89e6f278fd1186bf7af5410e29b8d46ab15c531f25:24044:1790427170427379800,,,"[""Pleiades NEO Red (0.618 - 0.689) um"", ""Pleiades NEO Green (0.533 - 0.59) um"", ""Pleiades NEO Blue (0.446 - 0.52) um"", ""Pleiades NEO NIR (0.768 - 0.888) um"", ""Pleiades NEO Red Edge (0.696 - 0.749) um"", ""Pleiades NEO Deep Blue (0.416 - 0.456) um""]",Ames,TP1,4233,1,5,549.0,771.0,605.0,3664.0,1999.0,592.0,0.7400565094544664,0.29391304347826086,201,0.7976190476190477,Ames|4233|1|5,2022-07-15
Satellite/Ames/TP1/Ames-TP1-4233_1_6.TIF,bdeebb5b009152a831588b89e6f278fd1186bf7af5410e29b8d46ab15c531f25:24113:1790427170906467200,,,"[""Pleiades NEO Red (0.618 - 0.689) um"", ""Pleiades NEO Green (0.533 - 0.59) um"", ""Pleiades NEO Blue (0.446 - 0.52) um"", ""Pleiades NEO NIR (0.768 - 0.888) um"", ""Pleiades NEO Red Edge (0.696 - 0.749) um"", ""Pleiades NEO Deep Blue (0.416 - 0.456) um""]",Ames,TP1,4233,1,6,542.5,762.5,601.5,3563.5,1971.5,585.0,0.7342484109066136,0.28848403673123896,210,0.8333333333333334,Ames|4233|1|6,2022-07-15
Satellite/Ames/TP1/Ames-TP1-4233_1_7.TIF,bdeebb5b009152a831588b89e6f278fd1186bf7af5410e29b8d46ab15c531f25:24044:1790427170781425000,,,"[""Pleiades NEO Red (0.618 - 0.689) um"", ""Pleiades NEO Green (0.533 - 0.59) um"", ""Pleiades NEO Blue (0.446 - 0.52) um"", ""Pleiades NEO NIR (0.768 - 0.888) um"", ""Pleiades NEO Red Edge (0.696 - 0.749) um"", ""Pleiades NEO Deep Blue (0.416 - 0.456) um""]",Ames,TP1,4233,1,7,552.5,773.5,605.5,3613.0,1973.5,591.0,0.7331364542539187,0.28825791163203673,206,0.8917748917748918,Ames|4233|1|7,2022-07-15
Satellite/Ames/TP1/Ames-TP1-4233_1_8.TIF,bdeebb5b009152a831588b89e6f278fd1186bf7af5410e29b8d46ab15c531f25:23916:1790427171601811700,,,"[""Pleiades NEO Red (0.618 - 0.689) um"", ""Pleiades NEO Green (0.533 - 0.59) um"", ""Pleiades NEO Blue (0.446 - 0.52) um"", ""Pleiades NEO NIR (0.768 - 0.888) um"", ""Pleiades NEO Red Edge (0.696 - 0.749) um"", ""Pleiades NEO Deep Blue (0.416 - 0.456) um""]",Ames,TP1,4233,1,8,523.5,750.5,592.5,3751.0,2023.0,582.0,0.7522079744866239,0.29883466577697726,200,0.8658008658008658,Ames|4233|1|8,2022-07-15
Satellite/Ames/TP1/Ames-TP1-4233_1_9.TIF,bdeebb5b009152a831588b89e6f278fd1186bf7af5410e29b8d46ab15c531f25:23949:1790427171723341700,,,"[""Pleiades NEO Red (0.618 - 0.689) um"", ""Pleiades NEO Green (0.533 - 0.59) um"", ""Pleiades NEO Blue (0.446 - 0.52) um"", ""Pleiades NEO NIR (0.768 - 0.888) um"", ""Pleiades NEO Red Edge (0.696 - 0.749) um"", ""Pleiades NEO Deep Blue (0.416 - 0.456) um""]",Ames,TP1,4233,1,9,541.5,757.5,589.0,3882.5,2051.5,576.5,0.7527595838801608,0.3072236989302509,200,0.8264462809917356,Ames|4233|1|9,2022-07-15
Satellite/Ames/TP1/Ames-TP1-4233_20_1.TIF,bdeebb5b009152a831588b89e6f278fd1186bf7af5410e29b8d46ab15c531f25:24140:1790427168205027600,,,"[""Pleiades NEO Red (0.618 - 0.689) um"", ""Pleiades NEO Green (0.533 - 0.59) um"", ""Pleiades NEO Blue (0.446 - 0.52) um"", ""Pleiades NEO NIR (0.768 - 0.888) um"", ""Pleiades NEO Red Edge (0.696 - 0.749) um"", ""Pleiades NEO Deep Blue (0.416 - 0.456) um""]",Ames,TP1,4233,20,1,557.0,777.5,614.5,3340.0,1917.0,592.0,0.7187936566594435,0.27243223596997634,208,0.9004329004329005,Ames|4233|20|1,2022-07-15
Satellite/Ames/TP1/Ames-TP1-4233_20_11.TIF,bdeebb5b009152a831588b89e6f278fd1186bf7af5410e29b8d46ab15c531f25:24029:1790427169342042500,,,"[""Pleiades NEO Red (0.618 - 0.689) um"", ""Pleiades NEO Green (0.533 - 0.59) um"", ""Pleiades NEO Blue (0.446 - 0.52) um"", ""Pleiades NEO NIR (0.768 - 0.888) um"", ""Pleiades NEO Red Edge (0.696 - 0.749) um"", ""Pleiades NEO Deep Blue (0.416 - 0.456) um""]",Ames,TP1,4233,20,11,500.0,725.0,571.0,3778.0,1982.0,562.0,0.7632398753894081,0.31041852181656276,207,0.8553719008264463,Ames|4233|20|11,2022-07-15
Satellite/Ames/TP1/Ames-TP1-4233_20_12.TIF,bdeebb5b009152a831588b89e6f278fd1186bf7af5410e29b8d46ab15c531f25:23932:1790427169885714900,,,"[""Pleiades NEO Red (0.618 - 0.689) um"", ""Pleiades NEO Green (0.533 - 0.59) um"", ""Pleiades NEO Blue (0.446 - 0.52) um"", ""Pleiades NEO NIR (0.768 - 0.888) um"", ""Pleiades NEO Red Edge (0.696 - 0.749) um"", ""Pleiades NEO Deep Blue (0.416 - 0.456) um""]",Ames,TP1,4233,20,12,518.0,740.0,584.0,3813.0,2005.5,568.5,0.7576999075416713,0.3107400981104591,200,0.8264462809917356,Ames|4233|20|12,2022-07-15
Satellite/Ames/TP1/Ames-TP1-4233_20_2.TIF,bdeebb5b009152a831588b89e6f278fd1186bf7af5410e29b8d46ab15c531f25:24014:1790427168601612400,,,"[""Pleiades NEO Red (0.618 - 0.689) um"", ""Pleiades NEO Green (0.533 - 0.59) um"", ""Pleiades NEO Blue (0.446 - 0.52) um"", ""Pleiades NEO NIR (0.768 - 0.888) um"", ""Pleiades NEO Red Edge (0.696 - 0.749) um"", ""Pleiades NEO Deep Blue (0.416 - 0.456) um""]",Ames,TP1,4233,20,2,526.0,780.5,593.5,3719.5,2050.0,577.0,0.7481931506232843,0.2897658435656605,200,0.8658008658008658,Ames|4233|20|2,2022-07-15
Satellite/Ames/TP1/Ames-TP1-4233_21_1.TIF,bdeebb5b009152a831588b89e6f278fd1186bf7af5410e29b8d46ab15c531f25:24033:1790427170762421600,,,"[""Pleiades NEO Red (0.618 - 0.689) um"", ""Pleiades NEO Green (0.533 - 0.59) um"", ""Pleiades NEO Blue (0.446 - 0.52) um"", ""Pleiades NEO NIR (0.768 - 0.888) um"", ""Pleiades NEO Red Edge (0.696 - 0.749) um"", ""Pleiades NEO Deep Blue (0.416 - 0.456) um""]",Ames,TP1,4233,21,1,560.5,790.5,614.5,3413.5,1949.0,594.5,0.7238078102238386,0.27338053754220776,202,0.8015873015873016,Ames|4233|21|1,2022-07-15
Satellite/Ames/TP1/Ames-TP1-4233_21_11.TIF,bdeebb5b009152a831588b89e6f278fd1186bf7af5410e29b8d46ab15c531f25:24087:1790427173093900000,,,"[""Pleiades NEO Red (0.618 - 0.689) um"", ""Pleiades NEO Green (0.533 - 0.59) um"", ""Pleiades NEO Blue (0.446 - 0.52) um"", ""Pleiades NEO NIR (0.768 - 0.888) um"", ""Pleiades NEO Red Edge (0.696 - 0.749) um"", ""Pleiades NEO Deep Blue (0.416 - 0.456) um""]",Ames,TP1,4233,21,11,499.0,725.0,575.0,3798.0,1957.0,571.0,0.7694158827390067,0.3159552134359692,205,0.8874458874458875,Ames|4233|21|11,2022-07-15
Satellite/Ames/TP1/Ames-TP1-4233_21_12.TIF,bdeebb5b009152a831588b89e6f278fd1186bf7af5410e29b8d46ab15c531f25:23930:1790427172700261900,,,"[""Pleiades NEO Red (0.618 - 0.689) um"", ""Pleiades NEO Green (0.533 - 0.59) um"", ""Pleiades NEO Blue (0.446 - 0.52) um"", ""Pleiades NEO NIR (0.768 - 0.888) um"", ""Pleiades NEO Red Edge (0.696 - 0.749) um"", ""Pleiades NEO Deep Blue (0.416 - 0.456) um""]",Ames,TP1,4233,21,12,524.0,737.0,586.0,3806.5,1993.5,579.0,0.7564592059687902,0.3102851229541196,200,0.8658008658008658,Ames|4233|21|12,2022-07-15
Satellite/Ames/TP1/Ames-TP1-4233_21_2.TIF,bdeebb5b009152a831588b89e6f278fd1186bf7af5410e29b8d46ab15c531f25:24131:1790427170169760700,,,"[""Pleiades NEO Red (0.618 - 0.689) um"", ""Pleiades NEO Green (0.533 - 0.59) um"", ""Pleiades NEO Blue (0.446 - 0.52) um"", ""Pleiades NEO NIR (0.768 - 0.888) um"", ""Pleiades NEO Red Edge (0.696 - 0.749) um"", ""Pleiades NEO Deep Blue (0.416 - 0.456) um""]",Ames,TP1,4233,21,2,510.5,772.5,588.0,3692.5,2023.5,576.0,0.7576475628541997,0.2904556602203101,210,0.8333333333333334,Ames|4233|21|2,2022-07-15
Satellite/Ames/TP1/Ames-TP1-4233_22_1.TIF,bdeebb5b009152a831588b89e6f278fd1186bf7af5410e29b8d46ab15c531f25:24016:1790427169061927500,,,"[""Pleiades NEO Red (0.618 - 0.689) um"", ""Pleiades NEO Green (0.533 - 0.59) um"", ""Pleiades NEO Blue (0.446 - 0.52) um"", ""Pleiades NEO NIR (0.768 - 0.888) um"", ""Pleiades NEO Red Edge (0.696 - 0.749) um"", ""Pleiades NEO Deep Blue (0.416 - 0.456) um""]",Ames,TP1,4233,22,1,643.0,825.0,652.0,3247.0,1933.0,632.0,0.6839211948381778,0.26046211850825285,200,0.7575757575757576,Ames|4233|22|1,2022-07-15
Satellite/Ames/TP1/Ames-TP1-4233_22_11.TIF,bdeebb5b009152a831588b89e6f278fd1186bf7af5410e29b8d46ab15c531f25:24027:1790427171035509000,,,"[""Pleiades NEO Red (0.618 - 0.689) um"", ""Pleiades NEO Green (0.533 - 0.59) um"", ""Pleiades NEO Blue (0.446 - 0.52) um"", ""Pleiades NEO NIR (0.768 - 0.888) um"", ""Pleiades NEO Red Edge (0.696 - 0.749) um"", ""Pleiades NEO Deep Blue (0.416 - 0.456) um""]",Ames,TP1,4233,22,11,489.0,723.0,564.0,3906.0,1999.0,562.0,0.7759954167860212,0.3208642373427926,205,0.8134920634920635,Ames|4233|22|11,2022-07-15
Satellite/Ames/TP1/Ames-TP1-4233_22_12.TIF,bdeebb5b009152a831588b89e6f278fd1186bf7af5410e29b8d46ab15c531f25:24112:1790427170570399300,,,"[""Pleiades NEO Red (0.618 - 0.689) um"", ""Pleiades NEO Green (0.533 - 0.59) um"", ""Pleiades NEO Blue (0.446 - 0.52) um"", ""Pleiades NEO NIR (0.768 - 0.888) um"", ""Pleiades NEO Red Edge (0.696 - 0.749) um"", ""Pleiades NEO Deep Blue (0.416 - 0.456) um""]",Ames,TP1,4233,22,12,502.5,737.0,578.5,4015.0,2047.5,580.5,0.775419538097998,0.3221947326098899,210,0.8333333333333334,Ames|4233|22|12,2022-07-15
Satellite/Ames/TP1/Ames-TP1-4233_22_2.TIF,bdeebb5b009152a831588b89e6f278fd1186bf7af5410e29b8d46ab15c531f25:23955:1790427168548100500,,,"[""Pleiades NEO Red (0.618 - 0.689) um"", ""Pleiades NEO Green (0.533 - 0.59) um"", ""Pleiades NEO Blue (0.446 - 0.52) um"", ""Pleiades NEO NIR (0.768 - 0.888) um"", ""Pleiades NEO Red Edge (0.696 - 0.749) um"", ""Pleiades NEO Deep Blue (0.416 - 0.456) um""]",Ames,TP1,4233,22,2,527.5,764.0,589.0,3729.0,2037.0,587.5,0.7526940901028185,0.29490635852595515,200,0.8658008658008658,Ames|4233|22|2,2022-07-15
Satellite/Ames/TP1/Ames-TP1-4233_23_1.TIF,bdeebb5b009152a831588b89e6f278fd1186bf7af5410e29b8d46ab15c531f25:23951:1790427170395863700,,,"[""Pleiades NEO Red (0.618 - 0.689) um"", ""Pleiades NEO Green (0.533 - 0.59) um"", ""Pleiades NEO Blue (0.446 - 0.52) um"", ""Pleiades NEO NIR (0.768 - 0.888) um"", ""Pleiades NEO Red Edge (0.696 - 0.749) um"", ""Pleiades NEO Deep Blue (0.416 - 0.456) um""]",Ames,TP1,4233,23,1,913.5,913.0,737.0,2793.0,1837.0,686.5,0.5050412566437221,0.20589502188908257,200,0.8264462809917356,Ames|4233|23|1,2022-07-15
Satellite/Ames/TP1/Ames-TP1-4233_23_11.TIF,bdeebb5b009152a831588b89e6f278fd1186bf7af5410e29b8d46ab15c531f25:23905:1790427173554930400,,,"[""Pleiades NEO Red (0.618 - 0.689) um"", ""Pleiades NEO Green (0.533 - 0.59) um"", ""Pleiades NEO Blue (0.446 - 0.52) um"", ""Pleiades NEO NIR (0.768 - 0.888) um"", ""Pleiades NEO Red Edge (0.696 - 0.749) um"", ""Pleiades NEO Deep Blue (0.416 - 0.456) um""]",Ames,TP1,4233,23,11,499.0,731.0,580.0,3844.0,1987.0,565.0,0.7716185411685492,0.31903900194433554,200,0.7575757575757576,Ames|4233|23|11,2022-07-15
Satellite/Ames/TP1/Ames-TP1-4233_23_12.TIF,bdeebb5b009152a831588b89e6f278fd1186bf7af5410e29b8d46ab15c531f25:23949:1790427173974998100,,,"[""Pleiades NEO Red (0.618 - 0.689) um"", ""Pleiades NEO Green (0.533 - 0.59) um"", ""Pleiades NEO Blue (0.446 - 0.52) um"", ""Pleiades NEO NIR (0.768 - 0.888) um"", ""Pleiades NEO Red Edge (0.696 - 0.749) um"", ""Pleiades NEO Deep Blue (0.416 - 0.456) um""]",Ames,TP1,4233,23,12,511.5,749.0,589.0,3941.0,2013.0,570.0,0.775567998556389,0.32405690669209986,200,0.8658008658008658,Ames|4233|23|12,2022-07-15
Satellite/Ames/TP1/Ames-TP1-4233_23_2.TIF,bdeebb5b009152a831588b89e6f278fd1186bf7af5410e29b8d46ab15c531f25:23969:1790427170900464400,,,"[""Pleiades NEO Red (0.618 - 0.689) um"", ""Pleiades NEO Green (0.533 - 0.59) um"", ""Pleiades NEO Blue (0.446 - 0.52) um"", ""Pleiades NEO NIR (0.768 - 0.888) um"", ""Pleiades NEO Red Edge (0.696 - 0.749) um"", ""Pleiades NEO Deep Blue (0.416 - 0.456) um""]",Ames,TP1,4233,23,2,697.5,816.5,666.0,2940.5,1787.5,626.0,0.6102141779635277,0.24528786558719112,200,0.8264462809917356,Ames|4233|23|2,2022-07-15
Satellite/Ames/TP1/Ames-TP1-4233_24_1.TIF,bdeebb5b009152a831588b89e6f278fd1186bf7af5410e29b8d46ab15c531f25:24025:1790427167886877400,,,"[""Pleiades NEO Red (0.618 - 0.689) um"", ""Pleiades NEO Green (0.533 - 0.59) um"", ""Pleiades NEO Blue (0.446 - 0.52) um"", ""Pleiades NEO NIR (0.768 - 0.888) um"", ""Pleiades NEO Red Edge (0.696 - 0.749) um"", ""Pleiades NEO Deep Blue (0.416 - 0.456) um""]",Ames,TP1,4233,24,1,954.0,913.0,763.0,2486.0,1698.0,706.0,0.4491603053435114,0.189316946348381,205,0.8874458874458875,Ames|4233|24|1,2022-07-15
Satellite/Ames/TP1/Ames-TP1-4233_24_11.TIF,bdeebb5b009152a831588b89e6f278fd1186bf7af5410e29b8d46ab15c531f25:23964:1790427168224027300,,,"[""Pleiades NEO Red (0.618 - 0.689) um"", ""Pleiades NEO Green (0.533 - 0.59) um"", ""Pleiades NEO Blue (0.446 - 0.52) um"", ""Pleiades NEO NIR (0.768 - 0.888) um"", ""Pleiades NEO Red Edge (0.696 - 0.749) um"", ""Pleiades NEO Deep Blue (0.416 - 0.456) um""]",Ames,TP1,4233,24,11,485.0,716.5,563.5,3753.0,1969.0,567.0,0.7689277998965062,0.3109363790732612,200,0.8264462809917356,Ames|4233|24|11,2022-07-15
Satellite/Ames/TP1/Ames-TP1-4233_24_12.TIF,bdeebb5b009152a831588b89e6f278fd1186bf7af5410e29b8d46ab15c531f25:23962:1790427168715131600,,,"[""Pleiades NEO Red (0.618 - 0.689) um"", ""Pleiades NEO Green (0.533 - 0.59) um"", ""Pleiades NEO Blue (0.446 - 0.52) um"", ""Pleiades NEO NIR (0.768 - 0.888) um"", ""Pleiades NEO Red Edge (0.696 - 0.749) um"", ""Pleiades NEO Deep Blue (0.416 - 0.456) um""]",Ames,TP1,4233,24,12,512.5,741.0,576.0,3847.0,2005.0,566.0,0.7617357629988231,0.31381151139709673,200,0.8264462809917356,Ames|4233|24|12,2022-07-15
Satellite/Ames/TP1/Ames-TP1-4233_24_2.TIF,bdeebb5b009152a831588b89e6f278fd1186bf7af5410e29b8d46ab15c531f25:24031:1790427167453310700,,,"[""Pleiades NEO Red (0.618 - 0.689) um"", ""Pleiades NEO Green (0.533 - 0.59) um"", ""Pleiades NEO Blue (0.446 - 0.52) um"", ""Pleiades NEO NIR (0.768 - 0.888) um"", ""Pleiades NEO Red Edge (0.696 - 0.749) um"", ""Pleiades NEO Deep Blue (0.416 - 0.456) um""]",Ames,TP1,4233,24,2,965.0,974.0,778.5,2930.0,1938.0,704.0,0.5001893245254905,0.20198907246514425,210,0.9090909090909091,Ames|4233|24|2,2022-07-15
Satellite/Ames/TP1/Ames-TP1-4233_25_1.TIF,bdeebb5b009152a831588b89e6f278fd1186bf7af5410e29b8d46ab15c531f25:24136:1790427169517438700,,,"[""Pleiades NEO Red (0.618 - 0.689) um"", ""Pleiades NEO Green (0.533 - 0.59) um"", ""Pleiades NEO Blue (0.446 - 0.52) um"", ""Pleiades NEO NIR (0.768 - 0.888) um"", ""Pleiades NEO Red Edge (0.696 - 0.749) um"", ""Pleiades NEO Deep Blue (0.416 - 0.456) um""]",Ames,TP1,4233,25,1,885.0,894.0,738.0,2724.0,1809.0,671.0,0.5150431933273756,0.20210224558050646,215,0.9307359307359307,Ames|4233|25|1,2022-07-15
Satellite/Ames/TP1/Ames-TP1-4233_25_10.TIF,bdeebb5b009152a831588b89e6f278fd1186bf7af5410e29b8d46ab15c531f25:24115:1790427172227185100,,,"[""Pleiades NEO Red (0.618 - 0.689) um"", ""Pleiades NEO Green (0.533 - 0.59) um"", ""Pleiades NEO Blue (0.446 - 0.52) um"", ""Pleiades NEO NIR (0.768 - 0.888) um"", ""Pleiades NEO Red Edge (0.696 - 0.749) um"", ""Pleiades NEO Deep Blue (0.416 - 0.456) um""]",Ames,TP1,4233,25,10,509.0,740.0,585.0,3888.0,2005.0,578.0,0.7720734675813233,0.31572123176661265,209,0.9047619047619048,Ames|4233|25|10,2022-07-15
Satellite/Ames/TP1/Ames-TP1-4233_25_11.TIF,bdeebb5b009152a831588b89e6f278fd1186bf7af5410e29b8d46ab15c531f25:23965:1790427172583238400,,,"[""Pleiades NEO Red (0.618 - 0.689) um"", ""Pleiades NEO Green (0.533 - 0.59) um"", ""Pleiades NEO Blue (0.446 - 0.52) um"", ""Pleiades NEO NIR (0.768 - 0.888) um"", ""Pleiades NEO Red Edge (0.696 - 0.749) um"", ""Pleiades NEO Deep Blue (0.416 - 0.456) um""]",Ames,TP1,4233,25,11,509.0,747.0,586.0,3850.0,2002.0,577.0,0.7678446021577601,0.31384524333020625,200,0.8658008658008658,Ames|4233|25|11,2022-07-15
Satellite/Ames/TP1/Ames-TP1-4233_25_12.TIF,bdeebb5b009152a831588b89e6f278fd1186bf7af5410e29b8d46ab15c531f25:24137:1790427172204185400,,,"[""Pleiades NEO Red (0.618 - 0.689) um"", ""Pleiades NEO Green (0.533 - 0.59) um"", ""Pleiades NEO Blue (0.446 - 0.52) um"", ""Pleiades NEO NIR (0.768 - 0.888) um"", ""Pleiades NEO Red Edge (0.696 - 0.749) um"", ""Pleiades NEO Deep Blue (0.416 - 0.456) um""]",Ames,TP1,4233,25,12,539.5,771.0,599.0,3889.5,2084.0,592.5,0.7551745660346393,0.30470007901521334,208,0.9004329004329005,Ames|4233|25|12,2022-07-15
Satellite/Ames/TP1/Ames-TP1-4233_25_2.TIF,bdeebb5b009152a831588b89e6f278fd1186bf7af5410e29b8d46ab15c531f25:24096:1790427170022239500,,,"[""Pleiades NEO Red (0.618 - 0.689) um"", ""Pleiades NEO Green (0.533 - 0.59) um"", ""Pleiades NEO Blue (0.446 - 0.52) um"", ""Pleiades NEO NIR (0.768 - 0.888) um"", ""Pleiades NEO Red Edge (0.696 - 0.749) um"", ""Pleiades NEO Deep Blue (0.416 - 0.456) um""]",Ames,TP1,4233,25,2,1067.0,1009.0,834.5,2843.0,1946.5,726.5,0.45771975699707096,0.18745834567635286,206,0.8917748917748918,Ames|4233|25|2,2022-07-15
Satellite/Ames/TP1/Ames-TP1-4233_25_3.TIF,bdeebb5b009152a831588b89e6f278fd1186bf7af5410e29b8d46ab15c531f25:24199:1790427169573438000,,,"[""Pleiades NEO Red (0.618 - 0.689) um"", ""Pleiades NEO Green (0.533 - 0.59) um"", ""Pleiades NEO Blue (0.446 - 0.52) um"", ""Pleiades NEO NIR (0.768 - 0.888) um"", ""Pleiades NEO Red Edge (0.696 - 0.749) um"", ""Pleiades NEO Deep Blue (0.416 - 0.456) um""]",Ames,TP1,4233,25,3,1167.5,1026.0,860.0,2752.0,1931.5,773.0,0.3641305034262934,0.1602750383603823,200,0.8658008658008658,Ames|4233|25|3,2022-07-15
Satellite/Ames/TP1/Ames-TP1-4233_25_4.TIF,bdeebb5b009152a831588b89e6f278fd1186bf7af5410e29b8d46ab15c531f25:24220:1790427171042507900,,,"[""Pleiades NEO Red (0.618 - 0.689) um"", ""Pleiades NEO Green (0.533 - 0.59) um"", ""Pleiades NEO Blue (0.446 - 0.52) um"", ""Pleiades NEO NIR (0.768 - 0.888) um"", ""Pleiades NEO Red Edge (0.696 - 0.749) um"", ""Pleiades NEO Deep Blue (0.416 - 0.456) um""]",Ames,TP1,4233,25,4,1012.0,967.5,797.5,2928.0,1927.0,754.0,0.44959962032973383,0.18597158244963338,200,0.8264462809917356,Ames|4233|25|4,2022-07-15
Satellite/Ames/TP1/Ames-TP1-4233_25_5.TIF,bdeebb5b009152a831588b89e6f278fd1186bf7af5410e29b8d46ab15c531f25:24004:1790427170618908200,,,"[""Pleiades NEO Red (0.618 - 0.689) um"", ""Pleiades NEO Green (0.533 - 0.59) um"", ""Pleiades NEO Blue (0.446 - 0.52) um"", ""Pleiades NEO NIR (0.768 - 0.888) um"", ""Pleiades NEO Red Edge (0.696 - 0.749) um"", ""Pleiades NEO Deep Blue (0.416 - 0.456) um""]",Ames,TP1,4233,25,5,562.0,766.0,605.5,3431.5,1931.5,589.5,0.7196958152422632,0.2806083550895895,200,0.7575757575757576,Ames|4233|25|5,2022-07-15
Satellite/Ames/TP1/Ames-TP1-4233_25_6.TIF,bdeebb5b009152a831588b89e6f278fd1186bf7af5410e29b8d46ab15c531f25:23985:1790427170099754900,,,"[""Pleiades NEO Red (0.618 - 0.689) um"", ""Pleiades NEO Green (0.533 - 0.59) um"", ""Pleiades NEO Blue (0.446 - 0.52) um"", ""Pleiades NEO NIR (0.768 - 0.888) um"", ""Pleiades NEO Red Edge (0.696 - 0.749) um"", ""Pleiades NEO Deep Blue (0.416 - 0.456) um""]",Ames,TP1,4233,25,6,538.0,778.5,597.5,3862.0,2061.0,576.0,0.7572278892474351,0.3030977992669378,200,0.7575757575757576,Ames|4233|25|6,2022-07-15
Satellite/Ames/TP1/Ames-TP1-4233_25_7.TIF,bdeebb5b009152a831588b89e6f278fd1186bf7af5410e29b8d46ab15c531f25:23962:1790427170600909100,,,"[""Pleiades NEO Red (0.618 - 0.689) um"", ""Pleiades NEO Green (0.533 - 0.59) um"", ""Pleiades NEO Blue (0.446 - 0.52) um"", ""Pleiades NEO NIR (0.768 - 0.888) um"", ""Pleiades NEO Red Edge (0.696 - 0.749) um"", ""Pleiades NEO Deep Blue (0.416 - 0.456) um""]",Ames,TP1,4233,25,7,529.5,765.0,596.5,3859.0,2038.5,578.0,0.7642252117588441,0.31019516205265063,200,0.7936507936507936,Ames|4233|25|7,2022-07-15
Satellite/Ames/TP1/Ames-TP1-4233_25_8.TIF,bdeebb5b009152a831588b89e6f278fd1186bf7af5410e29b8d46ab15c531f25:23968:1790427171420272800,,,"[""Pleiades NEO Red (0.618 - 0.689) um"", ""Pleiades NEO Green (0.533 - 0.59) um"", ""Pleiades NEO Blue (0.446 - 0.52) um"", ""Pleiades NEO NIR (0.768 - 0.888) um"", ""Pleiades NEO Red Edge (0.696 - 0.749) um"", ""Pleiades NEO Deep Blue (0.416 - 0.456) um""]",Ames,TP1,4233,25,8,527.0,762.0,585.0,3877.0,2033.0,573.0,0.7672556219786989,0.31288504240037146,200,0.8658008658008658,Ames|4233|25|8,2022-07-15
Satellite/Ames/TP1/Ames-TP1-4233_25_9.TIF,bdeebb5b009152a831588b89e6f278fd1186bf7af5410e29b8d46ab15c531f25:24151:1790427171060511700,,,"[""Pleiades NEO Red (0.618 - 0.689) um"", ""Pleiades NEO Green (0.533 - 0.59) um"", ""Pleiades NEO Blue (0.446 - 0.52) um"", ""Pleiades NEO NIR (0.768 - 0.888) um"", ""Pleiades NEO Red Edge (0.696 - 0.749) um"", ""Pleiades NEO Deep Blue (0.416 - 0.456) um""]",Ames,TP1,4233,25,9,514.0,743.0,598.0,3792.5,1979.0,568.0,0.7637872781478199,0.3122845408204471,210,0.9090909090909091,Ames|4233|25|9,2022-07-15
Satellite/Ames/TP1/Ames-TP1-4233_2_1.TIF,bdeebb5b009152a831588b89e6f278fd1186bf7af5410e29b8d46ab15c531f25:24088:1790427168067407300,,,"[""Pleiades NEO Red (0.618 - 0.689) um"", ""Pleiades NEO Green (0.533 - 0.59) um"", ""Pleiades NEO Blue (0.446 - 0.52) um"", ""Pleiades NEO NIR (0.768 - 0.888) um"", ""Pleiades NEO Red Edge (0.696 - 0.749) um"", ""Pleiades NEO Deep Blue (0.416 - 0.456) um""]",Ames,TP1,4233,2,1,501.0,702.5,569.0,3575.0,1892.0,561.0,0.7542388948115736,0.31033919767614127,210,0.9090909090909091,Ames|4233|2|1,2022-07-15
Satellite/Ames/TP1/Ames-TP1-4233_2_10.TIF,bdeebb5b009152a831588b89e6f278fd1186bf7af5410e29b8d46ab15c531f25:24000:1790427170033240700,,,"[""Pleiades NEO Red (0.618 - 0.689) um"", ""Pleiades NEO Green (0.533 - 0.59) um"", ""Pleiades NEO Blue (0.446 - 0.52) um"", ""Pleiades NEO NIR (0.768 - 0.888) um"", ""Pleiades NEO Red Edge (0.696 - 0.749) um"", ""Pleiades NEO Deep Blue (0.416 - 0.456) um""]",Ames,TP1,4233,2,10,544.0,754.0,598.5,3619.0,1966.0,584.5,0.7377328663769898,0.2954179743091303,206,0.8917748917748918,Ames|4233|2|10,2022-07-15
Satellite/Ames/TP1/Ames-TP1-4233_2_11.TIF,bdeebb5b009152a831588b89e6f278fd1186bf7af5410e29b8d46ab15c531f25:23882:1790427169549436900,,,"[""Pleiades NEO Red (0.618 - 0.689) um"", ""Pleiades NEO Green (0.533 - 0.59) um"", ""Pleiades NEO Blue (0.446 - 0.52) um"", ""Pleiades NEO NIR (0.768 - 0.888) um"", ""Pleiades NEO Red Edge (0.696 - 0.749) um"", ""Pleiades NEO Deep Blue (0.416 - 0.456) um""]",Ames,TP1,4233,2,11,571.5,760.5,611.5,3510.0,1933.5,595.5,0.7183977436607344,0.28718553968351446,200,0.8264462809917356,Ames|4233|2|11,2022-07-15
Satellite/Ames/TP1/Ames-TP1-4233_2_12.TIF,bdeebb5b009152a831588b89e6f278fd1186bf7af5410e29b8d46ab15c531f25:23941:1790427169082927600,,,"[""Pleiades NEO Red (0.618 - 0.689) um"", ""Pleiades NEO Green (0.533 - 0.59) um"", ""Pleiades NEO Blue (0.446 - 0.52) um"", ""Pleiades NEO NIR (0.768 - 0.888) um"", ""Pleiades NEO Red Edge (0.696 - 0.749) um"", ""Pleiades NEO Deep Blue (0.416 - 0.456) um""]",Ames,TP1,4233,2,12,574.5,773.5,619.5,3445.5,1911.5,584.0,0.7190152801358234,0.28303630055825724,200,0.8264462809917356,Ames|4233|2|12,2022-07-15
Satellite/Ames/TP1/Ames-TP1-4233_2_2.TIF,bdeebb5b009152a831588b89e6f278fd1186bf7af5410e29b8d46ab15c531f25:23983:1790427167651843200,,,"[""Pleiades NEO Red (0.618 - 0.689) um"", ""Pleiades NEO Green (0.533 - 0.59) um"", ""Pleiades NEO Blue (0.446 - 0.52) um"", ""Pleiades NEO NIR (0.768 - 0.888) um"", ""Pleiades NEO Red Edge (0.696 - 0.749) um"", ""Pleiades NEO Deep Blue (0.416 - 0.456) um""]",Ames,TP1,4233,2,2,538.5,761.5,593.5,3598.5,1961.0,587.0,0.7416047901418847,0.2929209052512745,200,0.8658008658008658,Ames|4233|2|2,2022-07-15
Satellite/Ames/TP1/Ames-TP1-4233_2_3.TIF,bdeebb5b009152a831588b89e6f278fd1186bf7af5410e29b8d46ab15c531f25:23962:1790427167188772800,,,"[""Pleiades NEO Red (0.618 - 0.689) um"", ""Pleiades NEO Green (0.533 - 0.59) um"", ""Pleiades NEO Blue (0.446 - 0.52) um"", ""Pleiades NEO NIR (0.768 - 0.888) um"", ""Pleiades NEO Red Edge (0.696 - 0.749) um"", ""Pleiades NEO Deep Blue (0.416 - 0.456) um""]",Ames,TP1,4233,2,3,523.5,742.5,585.0,3593.5,1954.0,565.5,0.7470283222780824,0.29610825950890335,200,0.7575757575757576,Ames|4233|2|3,2022-07-15
Satellite/Ames/TP1/Ames-TP1-4233_2_4.TIF,bdeebb5b009152a831588b89e6f278fd1186bf7af5410e29b8d46ab15c531f25:23930:1790427168504100500,,,"[""Pleiades NEO Red (0.618 - 0.689) um"", ""Pleiades NEO Green (0.533 - 0.59) um"", ""Pleiades NEO Blue (0.446 - 0.52) um"", ""Pleiades NEO NIR (0.768 - 0.888) um"", ""Pleiades NEO Red Edge (0.696 - 0.749) um"", ""Pleiades NEO Deep Blue (0.416 - 0.456) um""]",Ames,TP1,4233,2,4,512.0,763.0,581.5,3817.0,2044.5,576.5,0.762389351477974,0.30354621524256553,200,0.7575757575757576,Ames|4233|2|4,2022-07-15
Satellite/Ames/TP1/Ames-TP1-4233_2_5.TIF,bdeebb5b009152a831588b89e6f278fd1186bf7af5410e29b8d46ab15c531f25:23906:1790427168176505600,,,"[""Pleiades NEO Red (0.618 - 0.689) um"", ""Pleiades NEO Green (0.533 - 0.59) um"", ""Pleiades NEO Blue (0.446 - 0.52) um"", ""Pleiades NEO NIR (0.768 - 0.888) um"", ""Pleiades NEO Red Edge (0.696 - 0.749) um"", ""Pleiades NEO Deep Blue (0.416 - 0.456) um""]",Ames,TP1,4233,2,5,533.0,769.5,589.0,3760.5,2030.5,587.0,0.7522692052247066,0.2993237768878795,200,0.7575757575757576,Ames|4233|2|5,2022-07-15
Satellite/Ames/TP1/Ames-TP1-4233_2_6.TIF,bdeebb5b009152a831588b89e6f278fd1186bf7af5410e29b8d46ab15c531f25:23956:1790427168579098900,,,"[""Pleiades NEO Red (0.618 - 0.689) um"", ""Pleiades NEO Green (0.533 - 0.59) um"", ""Pleiades NEO Blue (0.446 - 0.52) um"", ""Pleiades NEO NIR (0.768 - 0.888) um"", ""Pleiades NEO Red Edge (0.696 - 0.749) um"", ""Pleiades NEO Deep Blue (0.416 - 0.456) um""]",Ames,TP1,4233,2,6,541.5,766.0,598.0,3657.5,1994.5,589.5,0.7431720938614295,0.2932236019302175,200,0.8658008658008658,Ames|4233|2|6,2022-07-15
Satellite/Ames/TP1/Ames-TP1-4233_2_7.TIF,bdeebb5b009152a831588b89e6f278fd1186bf7af5410e29b8d46ab15c531f25:23975:1790427169032927700,,,"[""Pleiades NEO Red (0.618 - 0.689) um"", ""Pleiades NEO Green (0.533 - 0.59) um"", ""Pleiades NEO Blue (0.446 - 0.52) um"", ""Pleiades NEO NIR (0.768 - 0.888) um"", ""Pleiades NEO Red Edge (0.696 - 0.749) um"", ""Pleiades NEO Deep Blue (0.416 - 0.456) um""]",Ames,TP1,4233,2,7,549.5,767.0,598.5,3556.0,1961.0,591.0,0.7303366145469716,0.29055899339966873,204,0.8831168831168831,Ames|4233|2|7,2022-07-15
Satellite/Ames/TP1/Ames-TP1-4233_2_8.TIF,bdeebb5b009152a831588b89e6f278fd1186bf7af5410e29b8d46ab15c531f25:24084:1790427173402967200,,,"[""Pleiades NEO Red (0.618 - 0.689) um"", ""Pleiades NEO Green (0.533 - 0.59) um"", ""Pleiades NEO Blue (0.446 - 0.52) um"", ""Pleiades NEO NIR (0.768 - 0.888) um"", ""Pleiades NEO Red Edge (0.696 - 0.749) um"", ""Pleiades NEO Deep Blue (0.416 - 0.456) um""]",Ames,TP1,4233,2,8,540.0,749.0,588.0,3521.5,1926.0,581.0,0.7334280217353623,0.2923013684382198,214,0.9264069264069265,Ames|4233|2|8,2022-07-15
Satellite/Ames/TP1/Ames-TP1-4233_2_9.TIF,bdeebb5b009152a831588b89e6f278fd1186bf7af5410e29b8d46ab15c531f25:24056:1790427173061894700,,,"[""Pleiades NEO Red (0.618 - 0.689) um"", ""Pleiades NEO Green (0.533 - 0.59) um"", ""Pleiades NEO Blue (0.446 - 0.52) um"", ""Pleiades NEO NIR (0.768 - 0.888) um"", ""Pleiades NEO Red Edge (0.696 - 0.749) um"", ""Pleiades NEO Deep Blue (0.416 - 0.456) um""]",Ames,TP1,4233,2,9,540.0,760.5,590.0,3737.0,2011.0,579.0,0.7492541013058911,0.2996322233551065,212,0.9177489177489178,Ames|4233|2|9,2022-07-15
Satellite/Ames/TP1/Ames-TP1-4233_3_1.TIF,bdeebb5b009152a831588b89e6f278fd1186bf7af5410e29b8d46ab15c531f25:23873:1790427169318042600,,,"[""Pleiades NEO Red (0.618 - 0.689) um"", ""Pleiades NEO Green (0.533 - 0.59) um"", ""Pleiades NEO Blue (0.446 - 0.52) um"", ""Pleiades NEO NIR (0.768 - 0.888) um"", ""Pleiades NEO Red Edge (0.696 - 0.749) um"", ""Pleiades NEO Deep Blue (0.416 - 0.456) um""]",Ames,TP1,4233,3,1,491.5,708.5,562.5,3787.0,1961.0,554.5,0.7699353902756838,0.3184291619172792,200,0.7936507936507936,Ames|4233|3|1,2022-07-15
Satellite/Ames/TP1/Ames-TP1-4233_3_11.TIF,bdeebb5b009152a831588b89e6f278fd1186bf7af5410e29b8d46ab15c531f25:23872:1790427172875353300,,,"[""Pleiades NEO Red (0.618 - 0.689) um"", ""Pleiades NEO Green (0.533 - 0.59) um"", ""Pleiades NEO Blue (0.446 - 0.52) um"", ""Pleiades NEO NIR (0.768 - 0.888) um"", ""Pleiades NEO Red Edge (0.696 - 0.749) um"", ""Pleiades NEO Deep Blue (0.416 - 0.456) um""]",Ames,TP1,4233,3,11,544.5,748.0,600.5,3586.0,1924.0,568.5,0.7382686040561286,0.3027740033460051,200,0.8658008658008658,Ames|4233|3|11,2022-07-15
Satellite/Ames/TP1/Ames-TP1-4233_3_12.TIF,bdeebb5b009152a831588b89e6f278fd1186bf7af5410e29b8d46ab15c531f25:23934:1790427173286947400,,,"[""Pleiades NEO Red (0.618 - 0.689) um"", ""Pleiades NEO Green (0.533 - 0.59) um"", ""Pleiades NEO Blue (0.446 - 0.52) um"", ""Pleiades NEO NIR (0.768 - 0.888) um"", ""Pleiades NEO Red Edge (0.696 - 0.749) um"", ""Pleiades NEO Deep Blue (0.416 - 0.456) um""]",Ames,TP1,4233,3,12,535.0,730.5,592.0,3558.5,1905.5,575.5,0.7398540184871719,0.3026106417023696,200,0.7575757575757576,Ames|4233|3|12,2022-07-15
Satellite/Ames/TP1/Ames-TP1-4233_3_2.TIF,bdeebb5b009152a831588b89e6f278fd1186bf7af5410e29b8d46ab15c531f25:24122:1790427169835705900,,,"[""Pleiades NEO Red (0.618 - 0.689) um"", ""Pleiades NEO Green (0.533 - 0.59) um"", ""Pleiades NEO Blue (0.446 - 0.52) um"", ""Pleiades NEO NIR (0.768 - 0.888) um"", ""Pleiades NEO Red Edge (0.696 - 0.749) um"", ""Pleiades NEO Deep Blue (0.416 - 0.456) um""]",Ames,TP1,4233,3,2,505.0,737.0,575.5,3676.5,2006.5,569.5,0.7581951404589715,0.2928416931925418,210,0.8333333333333334,Ames|4233|3|2,2022-07-15
Satellite/Ames/TP1/Ames-TP1-4233_4_1.TIF,bdeebb5b009152a831588b89e6f278fd1186bf7af5410e29b8d46ab15c531f25:23894:1790427168822641500,,,"[""Pleiades NEO Red (0.618 - 0.689) um"", ""Pleiades NEO Green (0.533 - 0.59) um"", ""Pleiades NEO Blue (0.446 - 0.52) um"", ""Pleiades NEO NIR (0.768 - 0.888) um"", ""Pleiades NEO Red Edge (0.696 - 0.749) um"", ""Pleiades NEO Deep Blue (0.416 - 0.456) um""]",Ames,TP1,4233,4,1,507.5,732.5,572.5,3845.0,2014.5,561.0,0.7640267287283902,0.31048907095767186,200,0.7575757575757576,Ames|4233|4|1,2022-07-15
Satellite/Ames/TP1/Ames-TP1-4233_4_11.TIF,bdeebb5b009152a831588b89e6f278fd1186bf7af5410e29b8d46ab15c531f25:24066:1790427167512329100,,,"[""Pleiades NEO Red (0.618 - 0.689) um"", ""Pleiades NEO Green (0.533 - 0.59) um"", ""Pleiades NEO Blue (0.446 - 0.52) um"", ""Pleiades NEO NIR (0.768 - 0.888) um"", ""Pleiades NEO Red Edge (0.696 - 0.749) um"", ""Pleiades NEO Deep Blue (0.416 - 0.456) um""]",Ames,TP1,4233,4,11,495.0,729.0,571.5,3721.5,1943.5,566.0,0.7669287621521998,0.3127759983925554,210,0.8333333333333334,Ames|4233|4|11,2022-07-15
Satellite/Ames/TP1/Ames-TP1-4233_4_12.TIF,bdeebb5b009152a831588b89e6f278fd1186bf7af5410e29b8d46ab15c531f25:24076:1790427167936387400,,,"[""Pleiades NEO Red (0.618 - 0.689) um"", ""Pleiades NEO Green (0.533 - 0.59) um"", ""Pleiades NEO Blue (0.446 - 0.52) um"", ""Pleiades NEO NIR (0.768 - 0.888) um"", ""Pleiades NEO Red Edge (0.696 - 0.749) um"", ""Pleiades NEO Deep Blue (0.416 - 0.456) um""]",Ames,TP1,4233,4,12,499.0,732.0,581.5,3825.5,1992.5,570.5,0.7635009684098043,0.31518571090897735,204,0.8095238095238095,Ames|4233|4|12,2022-07-15
Satellite/Ames/TP1/Ames-TP1-4233_4_2.TIF,bdeebb5b009152a831588b89e6f278fd1186bf7af5410e29b8d46ab15c531f25:23962:1790427168337550300,,,"[""Pleiades NEO Red (0.618 - 0.689) um"", ""Pleiades NEO Green (0.533 - 0.59) um"", ""Pleiades NEO Blue (0.446 - 0.52) um"", ""Pleiades NEO NIR (0.768 - 0.888) um"", ""Pleiades NEO Red Edge (0.696 - 0.749) um"", ""Pleiades NEO Deep Blue (0.416 - 0.456) um""]",Ames,TP1,4233,4,2,514.5,745.5,582.5,3701.5,2034.5,560.5,0.7589804719209043,0.2922618270620033,200,0.8658008658008658,Ames|4233|4|2,2022-07-15
Satellite/Ames/TP1/Ames-TP1-4233_5_1.TIF,bdeebb5b009152a831588b89e6f278fd1186bf7af5410e29b8d46ab15c531f25:23868:1790427170541396900,,,"[""Pleiades NEO Red (0.618 - 0.689) um"", ""Pleiades NEO Green (0.533 - 0.59) um"", ""Pleiades NEO Blue (0.446 - 0.52) um"", ""Pleiades NEO NIR (0.768 - 0.888) um"", ""Pleiades NEO Red Edge (0.696 - 0.749) um"", ""Pleiades NEO Deep Blue (0.416 - 0.456) um""]",Ames,TP1,4233,5,1,514.5,719.5,574.0,3745.0,1964.0,564.0,0.7603349130983472,0.3107334911427576,200,0.8264462809917356,Ames|4233|5|1,2022-07-15
Satellite/Ames/TP1/Ames-TP1-4233_5_11.TIF,bdeebb5b009152a831588b89e6f278fd1186bf7af5410e29b8d46ab15c531f25:23939:1790427171475272500,,,"[""Pleiades NEO Red (0.618 - 0.689) um"", ""Pleiades NEO Green (0.533 - 0.59) um"", ""Pleiades NEO Blue (0.446 - 0.52) um"", ""Pleiades NEO NIR (0.768 - 0.888) um"", ""Pleiades NEO Red Edge (0.696 - 0.749) um"", ""Pleiades NEO Deep Blue (0.416 - 0.456) um""]",Ames,TP1,4233,5,11,495.0,731.0,575.0,3958.0,2022.5,566.5,0.7744847306878309,0.32312986308827696,200,0.8658008658008658,Ames|4233|5|11,2022-07-15
Satellite/Ames/TP1/Ames-TP1-4233_5_12.TIF,bdeebb5b009152a831588b89e6f278fd1186bf7af5410e29b8d46ab15c531f25:24088:1790427171097514600,,,"[""Pleiades NEO Red (0.618 - 0.689) um"", ""Pleiades NEO Green (0.533 - 0.59) um"", ""Pleiades NEO Blue (0.446 - 0.52) um"", ""Pleiades NEO NIR (0.768 - 0.888) um"", ""Pleiades NEO Red Edge (0.696 - 0.749) um"", ""Pleiades NEO Deep Blue (0.416 - 0.456) um""]",Ames,TP1,4233,5,12,512.0,745.5,589.5,3844.5,2008.0,585.0,0.7637907512689249,0.310769447443782,206,0.8917748917748918,Ames|4233|5|12,2022-07-15
Satellite/Ames/TP1/Ames-TP1-4233_5_2.TIF,bdeebb5b009152a831588b89e6f278fd1186bf7af5410e29b8d46ab15c531f25:23956:1790427170990468600,,,"[""Pleiades NEO Red (0.618 - 0.689) um"", ""Pleiades NEO Green (0.533 - 0.59) um"", ""Pleiades NEO Blue (0.446 - 0.52) um"", ""Pleiades NEO NIR (0.768 - 0.888) um"", ""Pleiades NEO Red Edge (0.696 - 0.749) um"", ""Pleiades NEO Deep Blue (0.416 - 0.456) um""]",Ames,TP1,4233,5,2,520.5,752.0,588.5,3666.5,2018.5,575.5,0.749835364321106,0.28852571202477384,200,0.8264462809917356,Ames|4233|5|2,2022-07-15
Satellite/Ames/TP1/Ames-TP1-4233_6_1.TIF,bdeebb5b009152a831588b89e6f278fd1186bf7af5410e29b8d46ab15c531f25:24020:1790427168247028500,,,"[""Pleiades NEO Red (0.618 - 0.689) um"", ""Pleiades NEO Green (0.533 - 0.59) um"", ""Pleiades NEO Blue (0.446 - 0.52) um"", ""Pleiades NEO NIR (0.768 - 0.888) um"", ""Pleiades NEO Red Edge (0.696 - 0.749) um"", ""Pleiades NEO Deep Blue (0.416 - 0.456) um""]",Ames,TP1,4233,6,1,501.5,719.0,568.0,3769.0,1975.5,555.0,0.7634642168240668,0.31486614526254136,208,0.9004329004329005,Ames|4233|6|1,2022-07-15
Satellite/Ames/TP1/Ames-TP1-4233_6_11.TIF,bdeebb5b009152a831588b89e6f278fd1186bf7af5410e29b8d46ab15c531f25:23927:1790427168981164200,,,"[""Pleiades NEO Red (0.618 - 0.689) um"", ""Pleiades NEO Green (0.533 - 0.59) um"", ""Pleiades NEO Blue (0.446 - 0.52) um"", ""Pleiades NEO NIR (0.768 - 0.888) um"", ""Pleiades NEO Red Edge (0.696 - 0.749) um"", ""Pleiades NEO Deep Blue (0.416 - 0.456) um""]",Ames,TP1,4233,6,11,500.5,726.5,568.5,3809.0,1971.0,576.0,0.7703129160386104,0.31148902406679674,200,0.8264462809917356,Ames|4233|6|11,2022-07-15
Satellite/Ames/TP1/Ames-TP1-4233_6_12.TIF,bdeebb5b009152a831588b89e6f278fd1186bf7af5410e29b8d46ab15c531f25:24075:1790427168448068200,,,"[""Pleiades NEO Red (0.618 - 0.689) um"", ""Pleiades NEO Green (0.533 - 0.59) um"", ""Pleiades NEO Blue (0.446 - 0.52) um"", ""Pleiades NEO NIR (0.768 - 0.888) um"", ""Pleiades NEO Red Edge (0.696 - 0.749) um"", ""Pleiades NEO Deep Blue (0.416 - 0.456) um""]",Ames,TP1,4233,6,12,524.0,745.0,590.0,3784.0,1977.0,575.0,0.7535944471988101,0.31429591290380154,203,0.8388429752066116,Ames|4233|6|12,2022-07-15
Satellite/Ames/TP1/Ames-TP1-4233_6_2.TIF,bdeebb5b009152a831588b89e6f278fd1186bf7af5410e29b8d46ab15c531f25:24150:1790427168747130800,,,"[""Pleiades NEO Red (0.618 - 0.689) um"", ""Pleiades NEO Green (0.533 - 0.59) um"", ""Pleiades NEO Blue (0.446 - 0.52) um"", ""Pleiades NEO NIR (0.768 - 0.888) um"", ""Pleiades NEO Red Edge (0.696 - 0.749) um"", ""Pleiades NEO Deep Blue (0.416 - 0.456) um""]",Ames,TP1,4233,6,2,532.0,763.0,595.0,3781.0,2053.0,575.0,0.7541512915129152,0.2961428116034428,211,0.9134199134199135,Ames|4233|6|2,2022-07-15
Satellite/Ames/TP1/Ames-TP1-4233_7_1.TIF,bdeebb5b009152a831588b89e6f278fd1186bf7af5410e29b8d46ab15c531f25:24136:1790427170723421400,,,"[""Pleiades NEO Red (0.618 - 0.689) um"", ""Pleiades NEO Green (0.533 - 0.59) um"", ""Pleiades NEO Blue (0.446 - 0.52) um"", ""Pleiades NEO NIR (0.768 - 0.888) um"", ""Pleiades NEO Red Edge (0.696 - 0.749) um"", ""Pleiades NEO Deep Blue (0.416 - 0.456) um""]",Ames,TP1,4233,7,1,523.0,737.0,589.0,3777.0,1964.0,576.0,0.7594339622641509,0.3153468815697267,213,0.922077922077922,Ames|4233|7|1,2022-07-15
Satellite/Ames/TP1/Ames-TP1-4233_7_11.TIF,bdeebb5b009152a831588b89e6f278fd1186bf7af5410e29b8d46ab15c531f25:24134:1790427171996122300,,,"[""Pleiades NEO Red (0.618 - 0.689) um"", ""Pleiades NEO Green (0.533 - 0.59) um"", ""Pleiades NEO Blue (0.446 - 0.52) um"", ""Pleiades NEO NIR (0.768 - 0.888) um"", ""Pleiades NEO Red Edge (0.696 - 0.749) um"", ""Pleiades NEO Deep Blue (0.416 - 0.456) um""]",Ames,TP1,4233,7,11,494.0,733.0,580.0,3844.0,2018.0,577.0,0.7710817255582051,0.31184610192372597,211,0.9134199134199135,Ames|4233|7|11,2022-07-15
Satellite/Ames/TP1/Ames-TP1-4233_7_12.TIF,bdeebb5b009152a831588b89e6f278fd1186bf7af5410e29b8d46ab15c531f25:24110:1790427172359698600,,,"[""Pleiades NEO Red (0.618 - 0.689) um"", ""Pleiades NEO Green (0.533 - 0.59) um"", ""Pleiades NEO Blue (0.446 - 0.52) um"", ""Pleiades NEO NIR (0.768 - 0.888) um"", ""Pleiades NEO Red Edge (0.696 - 0.749) um"", ""Pleiades NEO Deep Blue (0.416 - 0.456) um""]",Ames,TP1,4233,7,12,508.0,740.5,583.0,3699.5,1979.5,581.0,0.7588411213799928,0.3045282804985824,208,0.859504132231405,Ames|4233|7|12,2022-07-15
Satellite/Ames/TP1/Ames-TP1-4233_7_2.TIF,bdeebb5b009152a831588b89e6f278fd1186bf7af5410e29b8d46ab15c531f25:24074:1790427170161762300,,,"[""Pleiades NEO Red (0.618 - 0.689) um"", ""Pleiades NEO Green (0.533 - 0.59) um"", ""Pleiades NEO Blue (0.446 - 0.52) um"", ""Pleiades NEO NIR (0.768 - 0.888) um"", ""Pleiades NEO Red Edge (0.696 - 0.749) um"", ""Pleiades NEO Deep Blue (0.416 - 0.456) um""]",Ames,TP1,4233,7,2,520.0,766.0,577.0,3832.0,2091.0,565.0,0.7620528771384136,0.29329073482428114,207,0.8961038961038961,Ames|4233|7|2,2022-07-15
Satellite/Ames/TP1/Ames-TP1-4233_8_1.TIF,bdeebb5b009152a831588b89e6f278fd1186bf7af5410e29b8d46ab15c531f25:23871:1790427172746268900,,,"[""Pleiades NEO Red (0.618 - 0.689) um"", ""Pleiades NEO Green (0.533 - 0.59) um"", ""Pleiades NEO Blue (0.446 - 0.52) um"", ""Pleiades NEO NIR (0.768 - 0.888) um"", ""Pleiades NEO Red Edge (0.696 - 0.749) um"", ""Pleiades NEO Deep Blue (0.416 - 0.456) um""]",Ames,TP1,4233,8,1,521.5,729.0,576.5,3734.0,1982.5,581.5,0.7516876362356149,0.3065208557071133,200,0.8658008658008658,Ames|4233|8|1,2022-07-15
Satellite/Ames/TP1/Ames-TP1-4233_8_11.TIF,bdeebb5b009152a831588b89e6f278fd1186bf7af5410e29b8d46ab15c531f25:24153:1790427167545329700,,,"[""Pleiades NEO Red (0.618 - 0.689) um"", ""Pleiades NEO Green (0.533 - 0.59) um"", ""Pleiades NEO Blue (0.446 - 0.52) um"", ""Pleiades NEO NIR (0.768 - 0.888) um"", ""Pleiades NEO Red Edge (0.696 - 0.749) um"", ""Pleiades NEO Deep Blue (0.416 - 0.456) um""]",Ames,TP1,4233,8,11,518.0,739.5,580.0,3588.0,1942.0,570.0,0.7526283004047805,0.2973889021800891,208,0.9004329004329005,Ames|4233|8|11,2022-07-15
Satellite/Ames/TP1/Ames-TP1-4233_8_12.TIF,bdeebb5b009152a831588b89e6f278fd1186bf7af5410e29b8d46ab15c531f25:23965:1790427167991390700,,,"[""Pleiades NEO Red (0.618 - 0.689) um"", ""Pleiades NEO Green (0.533 - 0.59) um"", ""Pleiades NEO Blue (0.446 - 0.52) um"", ""Pleiades NEO NIR (0.768 - 0.888) um"", ""Pleiades NEO Red Edge (0.696 - 0.749) um"", ""Pleiades NEO Deep Blue (0.416 - 0.456) um""]",Ames,TP1,4233,8,12,512.5,740.0,581.0,3552.0,1902.5,565.0,0.7465394654230538,0.3011390980073735,200,0.8658008658008658,Ames|4233|8|12,2022-07-15
Satellite/Ames/TP1/Ames-TP1-4233_8_2.TIF,bdeebb5b009152a831588b89e6f278fd1186bf7af5410e29b8d46ab15c531f25:23972:1790427173125419100,,,"[""Pleiades NEO Red (0.618 - 0.689) um"", ""Pleiades NEO Green (0.533 - 0.59) um"", ""Pleiades NEO Blue (0.446 - 0.52) um"", ""Pleiades NEO NIR (0.768 - 0.888) um"", ""Pleiades NEO Red Edge (0.696 - 0.749) um"", ""Pleiades NEO Deep Blue (0.416 - 0.456) um""]",Ames,TP1,4233,8,2,580.0,793.0,604.0,3613.0,2036.0,579.0,0.7201136070229796,0.28070772371554953,203,0.8787878787878788,Ames|4233|8|2,2022-07-15
Satellite/Ames/TP1/Ames-TP1-4233_9_1.TIF,bdeebb5b009152a831588b89e6f278fd1186bf7af5410e29b8d46ab15c531f25:23910:1790427171537296300,,,"[""Pleiades NEO Red (0.618 - 0.689) um"", ""Pleiades NEO Green (0.533 - 0.59) um"", ""Pleiades NEO Blue (0.446 - 0.52) um"", ""Pleiades NEO NIR (0.768 - 0.888) um"", ""Pleiades NEO Red Edge (0.696 - 0.749) um"", ""Pleiades NEO Deep Blue (0.416 - 0.456) um""]",Ames,TP1,4233,9,1,505.0,739.0,578.5,3712.5,1953.0,563.0,0.7608570069125038,0.30592584825464975,200,0.7575757575757576,Ames|4233|9|1,2022-07-15
Satellite/Ames/TP1/Ames-TP1-4233_9_11.TIF,bdeebb5b009152a831588b89e6f278fd1186bf7af5410e29b8d46ab15c531f25:24016:1790427171624812700,,,"[""Pleiades NEO Red (0.618 - 0.689) um"", ""Pleiades NEO Green (0.533 - 0.59) um"", ""Pleiades NEO Blue (0.446 - 0.52) um"", ""Pleiades NEO NIR (0.768 - 0.888) um"", ""Pleiades NEO Red Edge (0.696 - 0.749) um"", ""Pleiades NEO Deep Blue (0.416 - 0.456) um""]",Ames,TP1,4233,9,11,486.0,719.5,571.0,3768.5,1985.0,563.5,0.7626039414058883,0.3086480083895826,202,0.8744588744588745,Ames|4233|9|11,2022-07-15
Satellite/Ames/TP1/Ames-TP1-4233_9_12.TIF,bdeebb5b009152a831588b89e6f278fd1186bf7af5410e29b8d46ab15c531f25:24115:1790427171220546700,,,"[""Pleiades NEO Red (0.618 - 0.689) um"", ""Pleiades NEO Green (0.533 - 0.59) um"", ""Pleiades NEO Blue (0.446 - 0.52) um"", ""Pleiades NEO NIR (0.768 - 0.888) um"", ""Pleiades NEO Red Edge (0.696 - 0.749) um"", ""Pleiades NEO Deep Blue (0.416 - 0.456) um""]",Ames,TP1,4233,9,12,507.0,739.0,586.5,3745.5,1962.5,565.0,0.763112639996808,0.3122877915942306,210,0.8333333333333334,Ames|4233|9|12,2022-07-15
Satellite/Ames/TP1/Ames-TP1-4233_9_2.TIF,bdeebb5b009152a831588b89e6f278fd1186bf7af5410e29b8d46ab15c531f25:23873:1790427171135033000,,,"[""Pleiades NEO Red (0.618 - 0.689) um"", ""Pleiades NEO Green (0.533 - 0.59) um"", ""Pleiades NEO Blue (0.446 - 0.52) um"", ""Pleiades NEO NIR (0.768 - 0.888) um"", ""Pleiades NEO Red Edge (0.696 - 0.749) um"", ""Pleiades NEO Deep Blue (0.416 - 0.456) um""]",Ames,TP1,4233,9,2,571.0,783.5,615.5,3607.0,1989.5,582.0,0.7262350406829041,0.285962135456751,200,0.7575757575757576,Ames|4233|9|2,2022-07-15
Satellite/Ames/TP2/Ames-TP2-4231_1_2.TIF,bdeebb5b009152a831588b89e6f278fd1186bf7af5410e29b8d46ab15c531f25:24388:1790427159506885200,,,"[""Pleiades NEO Red (0.619 - 0.69) um"", ""Pleiades NEO Green (0.533 - 0.591) um"", ""Pleiades NEO Blue (0.446 - 0.52) um"", ""Pleiades NEO NIR (0.768 - 0.888) um"", ""Pleiades NEO Red Edge (0.697 - 0.75) um"", ""Pleiades NEO Deep Blue (0.416 - 0.457) um""]",Ames,TP2,4231,1,2,851.0,858.5,709.0,3024.5,1820.5,639.5,0.5196309470107452,0.22666041663148945,200,0.8264462809917356,Ames|4231|1|2,2022-07-23
Satellite/Ames/TP2/Ames-TP2-4231_1_3.TIF,bdeebb5b009152a831588b89e6f278fd1186bf7af5410e29b8d46ab15c531f25:24541:1790427159368868900,,,"[""Pleiades NEO Red (0.619 - 0.69) um"", ""Pleiades NEO Green (0.533 - 0.591) um"", ""Pleiades NEO Blue (0.446 - 0.52) um"", ""Pleiades NEO NIR (0.768 - 0.888) um"", ""Pleiades NEO Red Edge (0.697 - 0.75) um"", ""Pleiades NEO Deep Blue (0.416 - 0.457) um""]",Ames,TP2,4231,1,3,802.0,767.0,629.0,3026.0,1865.0,612.0,0.5227272727272727,0.20836560805577073,207,0.8553719008264463,Ames|4231|1|3,2022-07-23
Satellite/Ames/TP2/Ames-TP2-4231_1_4.TIF,bdeebb5b009152a831588b89e6f278fd1186bf7af5410e29b8d46ab15c531f25:24232:1790427159065301700,,,"[""Pleiades NEO Red (0.619 - 0.69) um"", ""Pleiades NEO Green (0.533 - 0.591) um"", ""Pleiades NEO Blue (0.446 - 0.52) um"", ""Pleiades NEO NIR (0.768 - 0.888) um"", ""Pleiades NEO Red Edge (0.697 - 0.75) um"", ""Pleiades NEO Deep Blue (0.416 - 0.457) um""]",Ames,TP2,4231,1,4,524.0,665.0,513.0,3879.0,1948.0,512.0,0.7700332963374029,0.33993399339933994,213,0.922077922077922,Ames|4231|1|4,2022-07-23
Satellite/Ames/TP2/Ames-TP2-4231_1_5.TIF,bdeebb5b009152a831588b89e6f278fd1186bf7af5410e29b8d46ab15c531f25:24137:1790427158939942800,,,"[""Pleiades NEO Red (0.619 - 0.69) um"", ""Pleiades NEO Green (0.533 - 0.591) um"", ""Pleiades NEO Blue (0.446 - 0.52) um"", ""Pleiades NEO NIR (0.768 - 0.888) um"", ""Pleiades NEO Red Edge (0.697 - 0.75) um"", ""Pleiades NEO Deep Blue (0.416 - 0.457) um""]",Ames,TP2,4231,1,5,436.5,601.5,464.5,4002.5,1945.5,475.5,0.7979527424075,0.3440570364023766,206,0.8917748917748918,Ames|4231|1|5,2022-07-23
Satellite/Ames/TP2/Ames-TP2-4231_1_6.TIF,bdeebb5b009152a831588b89e6f278fd1186bf7af5410e29b8d46ab15c531f25:24145:1790427159154824600,,,"[""Pleiades NEO Red (0.619 - 0.69) um"", ""Pleiades NEO Green (0.533 - 0.591) um"", ""Pleiades NEO Blue (0.446 - 0.52) um"", ""Pleiades NEO NIR (0.768 - 0.888) um"", ""Pleiades NEO Red Edge (0.697 - 0.75) um"", ""Pleiades NEO Deep Blue (0.416 - 0.457) um""]",Ames,TP2,4231,1,6,473.5,614.0,477.5,4005.0,1930.0,490.5,0.7906246212454662,0.3478125514815798,206,0.8174603174603174,Ames|4231|1|6,2022-07-23
Satellite/Ames/TP2/Ames-TP2-4231_1_7.TIF,bdeebb5b009152a831588b89e6f278fd1186bf7af5410e29b8d46ab15c531f25:24050:1790427159289357700,,,"[""Pleiades NEO Red (0.619 - 0.69) um"", ""Pleiades NEO Green (0.533 - 0.591) um"", ""Pleiades NEO Blue (0.446 - 0.52) um"", ""Pleiades NEO NIR (0.768 - 0.888) um"", ""Pleiades NEO Red Edge (0.697 - 0.75) um"", ""Pleiades NEO Deep Blue (0.416 - 0.457) um""]",Ames,TP2,4231,1,7,475.5,605.0,477.0,3790.5,1838.0,487.5,0.781551713059637,0.3484632769590764,200,0.7936507936507936,Ames|4231|1|7,2022-07-23
Satellite/Ames/TP2/Ames-TP2-4232_1_17.TIF,bdeebb5b009152a831588b89e6f278fd1186bf7af5410e29b8d46ab15c531f25:24227:1790427159535883900,,,"[""Pleiades NEO Red (0.619 - 0.69) um"", ""Pleiades NEO Green (0.533 - 0.591) um"", ""Pleiades NEO Blue (0.446 - 0.52) um"", ""Pleiades NEO NIR (0.768 - 0.888) um"", ""Pleiades NEO Red Edge (0.697 - 0.75) um"", ""Pleiades NEO Deep Blue (0.416 - 0.457) um""]",Ames,TP2,4232,1,17,618.0,704.0,546.5,3175.5,1800.0,534.0,0.6763352736140444,0.27740820552706336,210,0.9090909090909091,Ames|4232|1|17,2022-07-23
Satellite/Ames/TP2/Ames-TP2-4232_1_18.TIF,bdeebb5b009152a831588b89e6f278fd1186bf7af5410e29b8d46ab15c531f25:24210:1790427156576083900,,,"[""Pleiades NEO Red (0.619 - 0.69) um"", ""Pleiades NEO Green (0.533 - 0.591) um"", ""Pleiades NEO Blue (0.446 - 0.52) um"", ""Pleiades NEO NIR (0.768 - 0.888) um"", ""Pleiades NEO Red Edge (0.697 - 0.75) um"", ""Pleiades NEO Deep Blue (0.416 - 0.457) um""]",Ames,TP2,4232,1,18,605.0,687.5,538.5,3142.5,1760.0,539.5,0.6789108391608392,0.2854267866757134,210,0.8333333333333334,Ames|4232|1|18,2022-07-23
Satellite/Ames/TP2/Ames-TP2-4232_1_19.TIF,bdeebb5b009152a831588b89e6f278fd1186bf7af5410e29b8d46ab15c531f25:24244:1790427156416070800,,,"[""Pleiades NEO Red (0.619 - 0.69) um"", ""Pleiades NEO Green (0.533 - 0.591) um"", ""Pleiades NEO Blue (0.446 - 0.52) um"", ""Pleiades NEO NIR (0.768 - 0.888) um"", ""Pleiades NEO Red Edge (0.697 - 0.75) um"", ""Pleiades NEO Deep Blue (0.416 - 0.457) um""]",Ames,TP2,4232,1,19,606.5,705.5,545.5,3239.0,1765.0,527.5,0.691725760163794,0.2947290971744795,210,0.8333333333333334,Ames|4232|1|19,2022-07-23
Satellite/Ames/TP2/Ames-TP2-4232_1_20.TIF,bdeebb5b009152a831588b89e6f278fd1186bf7af5410e29b8d46ab15c531f25:24122:1790427157036183300,,,"[""Pleiades NEO Red (0.619 - 0.69) um"", ""Pleiades NEO Green (0.533 - 0.591) um"", ""Pleiades NEO Blue (0.446 - 0.52) um"", ""Pleiades NEO NIR (0.768 - 0.888) um"", ""Pleiades NEO Red Edge (0.697 - 0.75) um"", ""Pleiades NEO Deep Blue (0.416 - 0.457) um""]",Ames,TP2,4232,1,20,555.0,668.5,515.0,3414.5,1832.0,513.5,0.7259234202499634,0.30535822950986014,200,0.8658008658008658,Ames|4232|1|20,2022-07-23
Satellite/Ames/TP2/Ames-TP2-4232_1_21.TIF,bdeebb5b009152a831588b89e6f278fd1186bf7af5410e29b8d46ab15c531f25:24181:1790427157181713800,,,"[""Pleiades NEO Red (0.619 - 0.69) um"", ""Pleiades NEO Green (0.533 - 0.591) um"", ""Pleiades NEO Blue (0.446 - 0.52) um"", ""Pleiades NEO NIR (0.768 - 0.888) um"", ""Pleiades NEO Red Edge (0.697 - 0.75) um"", ""Pleiades NEO Deep Blue (0.416 - 0.457) um""]",Ames,TP2,4232,1,21,489.0,649.0,496.0,3652.0,1898.0,496.0,0.769298245614035,0.3164774681802546,203,0.8787878787878788,Ames|4232|1|21,2022-07-23
Satellite/Ames/TP2/Ames-TP2-4232_1_22.TIF,bdeebb5b009152a831588b89e6f278fd1186bf7af5410e29b8d46ab15c531f25:24324:1790427156987170400,,,"[""Pleiades NEO Red (0.619 - 0.69) um"", ""Pleiades NEO Green (0.533 - 0.591) um"", ""Pleiades NEO Blue (0.446 - 0.52) um"", ""Pleiades NEO NIR (0.768 - 0.888) um"", ""Pleiades NEO Red Edge (0.697 - 0.75) um"", ""Pleiades NEO Deep Blue (0.416 - 0.457) um""]",Ames,TP2,4232,1,22,476.0,640.0,475.0,3676.0,1927.0,491.0,0.7705064993276558,0.3113466823714173,217,0.9393939393939394,Ames|4232|1|22,2022-07-23
Satellite/Ames/TP2/Ames-TP2-4233_10_1.TIF,bdeebb5b009152a831588b89e6f278fd1186bf7af5410e29b8d46ab15c531f25:24032:1790427158825423400,,,"[""Pleiades NEO Red (0.619 - 0.69) um"", ""Pleiades NEO Green (0.533 - 0.591) um"", ""Pleiades NEO Blue (0.446 - 0.52) um"", ""Pleiades NEO NIR (0.768 - 0.888) um"", ""Pleiades NEO Red Edge (0.697 - 0.75) um"", ""Pleiades NEO Deep Blue (0.416 - 0.457) um""]",Ames,TP2,4233,10,1,432.5,615.5,461.0,3942.0,1956.5,490.0,0.799672712891137,0.3344632921563354,200,0.7936507936507936,Ames|4233|10|1,2022-07-23
Satellite/Ames/TP2/Ames-TP2-4233_10_11.TIF,bdeebb5b009152a831588b89e6f278fd1186bf7af5410e29b8d46ab15c531f25:24044:1790427157416981300,,,"[""Pleiades NEO Red (0.619 - 0.69) um"", ""Pleiades NEO Green (0.533 - 0.591) um"", ""Pleiades NEO Blue (0.446 - 0.52) um"", ""Pleiades NEO NIR (0.768 - 0.888) um"", ""Pleiades NEO Red Edge (0.697 - 0.75) um"", ""Pleiades NEO Deep Blue (0.416 - 0.457) um""]",Ames,TP2,4233,10,11,409.0,591.5,448.5,3947.5,1934.5,474.0,0.8152089833668019,0.34091037509723293,200,0.7575757575757576,Ames|4233|10|11,2022-07-23
Satellite/Ames/TP2/Ames-TP2-4233_10_12.TIF,bdeebb5b009152a831588b89e6f278fd1186bf7af5410e29b8d46ab15c531f25:24067:1790427157227228600,,,"[""Pleiades NEO Red (0.619 - 0.69) um"", ""Pleiades NEO Green (0.533 - 0.591) um"", ""Pleiades NEO Blue (0.446 - 0.52) um"", ""Pleiades NEO NIR (0.768 - 0.888) um"", ""Pleiades NEO Red Edge (0.697 - 0.75) um"", ""Pleiades NEO Deep Blue (0.416 - 0.457) um""]",Ames,TP2,4233,10,12,430.0,602.5,459.5,4007.5,1959.0,480.0,0.8090418907288512,0.3445980006834012,200,0.7936507936507936,Ames|4233|10|12,2022-07-23
Satellite/Ames/TP2/Ames-TP2-4233_10_2.TIF,bdeebb5b009152a831588b89e6f278fd1186bf7af5410e29b8d46ab15c531f25:24034:1790427158599781800,,,"[""Pleiades NEO Red (0.619 - 0.69) um"", ""Pleiades NEO Green (0.533 - 0.591) um"", ""Pleiades NEO Blue (0.446 - 0.52) um"", ""Pleiades NEO NIR (0.768 - 0.888) um"", ""Pleiades NEO Red Edge (0.697 - 0.75) um"", ""Pleiades NEO Deep Blue (0.416 - 0.457) um""]",Ames,TP2,4233,10,2,479.0,654.5,477.5,3936.5,2017.0,494.0,0.7865396382073124,0.32073089384410136,200,0.8264462809917356,Ames|4233|10|2,2022-07-23
Satellite/Ames/TP2/Ames-TP2-4233_11_1.TIF,bdeebb5b009152a831588b89e6f278fd1186bf7af5410e29b8d46ab15c531f25:24199:1790427159461393200,,,"[""Pleiades NEO Red (0.619 - 0.69) um"", ""Pleiades NEO Green (0.533 - 0.591) um"", ""Pleiades NEO Blue (0.446 - 0.52) um"", ""Pleiades NEO NIR (0.768 - 0.888) um"", ""Pleiades NEO Red Edge (0.697 - 0.75) um"", ""Pleiades NEO Deep Blue (0.416 - 0.457) um""]",Ames,TP2,4233,11,1,443.0,622.0,464.0,3844.0,1913.0,476.0,0.7928637627432809,0.33008069056108086,209,0.9047619047619048,Ames|4233|11|1,2022-07-23
Satellite/Ames/TP2/Ames-TP2-4233_11_11.TIF,bdeebb5b009152a831588b89e6f278fd1186bf7af5410e29b8d46ab15c531f25:24014:1790427159025300600,,,"[""Pleiades NEO Red (0.619 - 0.69) um"", ""Pleiades NEO Green (0.533 - 0.591) um"", ""Pleiades NEO Blue (0.446 - 0.52) um"", ""Pleiades NEO NIR (0.768 - 0.888) um"", ""Pleiades NEO Red Edge (0.697 - 0.75) um"", ""Pleiades NEO Deep Blue (0.416 - 0.457) um""]",Ames,TP2,4233,11,11,392.5,590.0,443.5,3985.0,1967.5,470.0,0.818888913800577,0.34074196957408637,200,0.7575757575757576,Ames|4233|11|11,2022-07-23
Satellite/Ames/TP2/Ames-TP2-4233_11_12.TIF,bdeebb5b009152a831588b89e6f278fd1186bf7af5410e29b8d46ab15c531f25:24089:1790427159240349700,,,"[""Pleiades NEO Red (0.619 - 0.69) um"", ""Pleiades NEO Green (0.533 - 0.591) um"", ""Pleiades NEO Blue (0.446 - 0.52) um"", ""Pleiades NEO NIR (0.768 - 0.888) um"", ""Pleiades NEO Red Edge (0.697 - 0.75) um"", ""Pleiades NEO Deep Blue (0.416 - 0.457) um""]",Ames,TP2,4233,11,12,452.5,624.0,476.5,3936.0,1939.5,485.5,0.8001393688997009,0.33809044671809063,200,0.8264462809917356,Ames|4233|11|12,2022-07-23
Satellite/Ames/TP2/Ames-TP2-4233_11_2.TIF,bdeebb5b009152a831588b89e6f278fd1186bf7af5410e29b8d46ab15c531f25:24007:1790427159703927500,,,"[""Pleiades NEO Red (0.619 - 0.69) um"", ""Pleiades NEO Green (0.533 - 0.591) um"", ""Pleiades NEO Blue (0.446 - 0.52) um"", ""Pleiades NEO NIR (0.768 - 0.888) um"", ""Pleiades NEO Red Edge (0.697 - 0.75) um"", ""Pleiades NEO Deep Blue (0.416 - 0.457) um""]",Ames,TP2,4233,11,2,452.5,642.5,460.5,3833.0,1982.0,485.0,0.7872866273310937,0.3172473326082512,200,0.8658008658008658,Ames|4233|11|2,2022-07-23
Satellite/Ames/TP2/Ames-TP2-4233_12_1.TIF,bdeebb5b009152a831588b89e6f278fd1186bf7af5410e29b8d46ab15c531f25:24110:1790427158442218400,,,"[""Pleiades NEO Red (0.619 - 0.69) um"", ""Pleiades NEO Green (0.533 - 0.591) um"", ""Pleiades NEO Blue (0.446 - 0.52) um"", ""Pleiades NEO NIR (0.768 - 0.888) um"", ""Pleiades NEO Red Edge (0.697 - 0.75) um"", ""Pleiades NEO Deep Blue (0.416 - 0.457) um""]",Ames,TP2,4233,12,1,476.0,638.0,475.0,3745.5,1921.0,496.5,0.7781750710034966,0.3241780795478086,208,0.9004329004329005,Ames|4233|12|1,2022-07-23
Satellite/Ames/TP2/Ames-TP2-4233_12_11.TIF,bdeebb5b009152a831588b89e6f278fd1186bf7af5410e29b8d46ab15c531f25:24113:1790427157664536900,,,"[""Pleiades NEO Red (0.619 - 0.69) um"", ""Pleiades NEO Green (0.533 - 0.591) um"", ""Pleiades NEO Blue (0.446 - 0.52) um"", ""Pleiades NEO NIR (0.768 - 0.888) um"", ""Pleiades NEO Red Edge (0.697 - 0.75) um"", ""Pleiades NEO Deep Blue (0.416 - 0.457) um""]",Ames,TP2,4233,12,11,409.0,597.5,449.5,3966.5,1929.0,465.0,0.813839652034978,0.34460693517720736,202,0.8744588744588745,Ames|4233|12|11,2022-07-23
Satellite/Ames/TP2/Ames-TP2-4233_12_12.TIF,bdeebb5b009152a831588b89e6f278fd1186bf7af5410e29b8d46ab15c531f25:24055:1790427157851582200,,,"[""Pleiades NEO Red (0.619 - 0.69) um"", ""Pleiades NEO Green (0.533 - 0.591) um"", ""Pleiades NEO Blue (0.446 - 0.52) um"", ""Pleiades NEO NIR (0.768 - 0.888) um"", ""Pleiades NEO Red Edge (0.697 - 0.75) um"", ""Pleiades NEO Deep Blue (0.416 - 0.457) um""]",Ames,TP2,4233,12,12,450.0,618.0,468.0,4029.5,1995.5,477.0,0.8001678054227648,0.33892873072976354,200,0.8658008658008658,Ames|4233|12|12,2022-07-23
Satellite/Ames/TP2/Ames-TP2-4233_12_2.TIF,bdeebb5b009152a831588b89e6f278fd1186bf7af5410e29b8d46ab15c531f25:24325:1790427158664785600,,,"[""Pleiades NEO Red (0.619 - 0.69) um"", ""Pleiades NEO Green (0.533 - 0.591) um"", ""Pleiades NEO Blue (0.446 - 0.52) um"", ""Pleiades NEO NIR (0.768 - 0.888) um"", ""Pleiades NEO Red Edge (0.697 - 0.75) um"", ""Pleiades NEO Deep Blue (0.416 - 0.457) um""]",Ames,TP2,4233,12,2,527.0,671.5,518.5,3465.0,1903.5,506.0,0.7408230966470446,0.2951318797575302,220,0.9523809523809523,Ames|4233|12|2,2022-07-23
Satellite/Ames/TP2/Ames-TP2-4233_13_1.TIF,bdeebb5b009152a831588b89e6f278fd1186bf7af5410e29b8d46ab15c531f25:24055:1790427159669401500,,,"[""Pleiades NEO Red (0.619 - 0.69) um"", ""Pleiades NEO Green (0.533 - 0.591) um"", ""Pleiades NEO Blue (0.446 - 0.52) um"", ""Pleiades NEO NIR (0.768 - 0.888) um"", ""Pleiades NEO Red Edge (0.697 - 0.75) um"", ""Pleiades NEO Deep Blue (0.416 - 0.457) um""]",Ames,TP2,4233,13,1,486.0,643.5,485.0,3638.0,1908.5,510.0,0.7665505597485167,0.3149564100617471,204,0.8429752066115702,Ames|4233|13|1,2022-07-23
Satellite/Ames/TP2/Ames-TP2-4233_13_11.TIF,bdeebb5b009152a831588b89e6f278fd1186bf7af5410e29b8d46ab15c531f25:24288:1790427159767927300,,,"[""Pleiades NEO Red (0.619 - 0.69) um"", ""Pleiades NEO Green (0.533 - 0.591) um"", ""Pleiades NEO Blue (0.446 - 0.52) um"", ""Pleiades NEO NIR (0.768 - 0.888) um"", ""Pleiades NEO Red Edge (0.697 - 0.75) um"", ""Pleiades NEO Deep Blue (0.416 - 0.457) um""]",Ames,TP2,4233,13,11,417.0,607.0,446.5,4108.5,2005.0,473.5,0.8153155695973948,0.3432337138556625,216,0.935064935064935,Ames|4233|13|11,2022-07-23
Satellite/Ames/TP2/Ames-TP2-4233_13_12.TIF,bdeebb5b009152a831588b89e6f278fd1186bf7af5410e29b8d46ab15c531f25:24326:1790427159552881500,,,"[""Pleiades NEO Red (0.619 - 0.69) um"", ""Pleiades NEO Green (0.533 - 0.591) um"", ""Pleiades NEO Blue (0.446 - 0.52) um"", ""Pleiades NEO NIR (0.768 - 0.888) um"", ""Pleiades NEO Red Edge (0.697 - 0.75) um"", ""Pleiades NEO Deep Blue (0.416 - 0.457) um""]",Ames,TP2,4233,13,12,423.0,627.0,463.0,4210.0,2085.0,474.0,0.8151416627960985,0.3372334893395736,219,0.948051948051948,Ames|4233|13|12,2022-07-23
Satellite/Ames/TP2/Ames-TP2-4233_13_2.TIF,bdeebb5b009152a831588b89e6f278fd1186bf7af5410e29b8d46ab15c531f25:24000:1790427159428390700,,,"[""Pleiades NEO Red (0.619 - 0.69) um"", ""Pleiades NEO Green (0.533 - 0.591) um"", ""Pleiades NEO Blue (0.446 - 0.52) um"", ""Pleiades NEO NIR (0.768 - 0.888) um"", ""Pleiades NEO Red Edge (0.697 - 0.75) um"", ""Pleiades NEO Deep Blue (0.416 - 0.457) um""]",Ames,TP2,4233,13,2,463.5,634.5,478.5,3531.0,1861.5,487.0,0.7692017562522968,0.3092713508416796,200,0.8658008658008658,Ames|4233|13|2,2022-07-23
Satellite/Ames/TP2/Ames-TP2-4233_14_1.TIF,bdeebb5b009152a831588b89e6f278fd1186bf7af5410e29b8d46ab15c531f25:23945:1790427158093144400,,,"[""Pleiades NEO Red (0.619 - 0.69) um"", ""Pleiades NEO Green (0.533 - 0.591) um"", ""Pleiades NEO Blue (0.446 - 0.52) um"", ""Pleiades NEO NIR (0.768 - 0.888) um"", ""Pleiades NEO Red Edge (0.697 - 0.75) um"", ""Pleiades NEO Deep Blue (0.416 - 0.457) um""]",Ames,TP2,4233,14,1,442.0,618.0,446.5,3656.0,1896.5,473.0,0.7788842962731888,0.3177380048686405,200,0.8264462809917356,Ames|4233|14|1,2022-07-23
Satellite/Ames/TP2/Ames-TP2-4233_14_11.TIF,bdeebb5b009152a831588b89e6f278fd1186bf7af5410e29b8d46ab15c531f25:24088:1790427157196230500,,,"[""Pleiades NEO Red (0.619 - 0.69) um"", ""Pleiades NEO Green (0.533 - 0.591) um"", ""Pleiades NEO Blue (0.446 - 0.52) um"", ""Pleiades NEO NIR (0.768 - 0.888) um"", ""Pleiades NEO Red Edge (0.697 - 0.75) um"", ""Pleiades NEO Deep Blue (0.416 - 0.457) um""]",Ames,TP2,4233,14,11,433.0,627.0,468.0,4063.0,2001.0,476.0,0.8063454759106933,0.34015267175572517,203,0.8787878787878788,Ames|4233|14|11,2022-07-23
Satellite/Ames/TP2/Ames-TP2-4233_14_12.TIF,bdeebb5b009152a831588b89e6f278fd1186bf7af5410e29b8d46ab15c531f25:24176:1790427157002183400,,,"[""Pleiades NEO Red (0.619 - 0.69) um"", ""Pleiades NEO Green (0.533 - 0.591) um"", ""Pleiades NEO Blue (0.446 - 0.52) um"", ""Pleiades NEO NIR (0.768 - 0.888) um"", ""Pleiades NEO Red Edge (0.697 - 0.75) um"", ""Pleiades NEO Deep Blue (0.416 - 0.457) um""]",Ames,TP2,4233,14,12,414.0,632.5,450.0,4065.5,2030.5,473.5,0.8162222574857412,0.33310274756698444,202,0.8744588744588745,Ames|4233|14|12,2022-07-23
Satellite/Ames/TP2/Ames-TP2-4233_14_2.TIF,bdeebb5b009152a831588b89e6f278fd1186bf7af5410e29b8d46ab15c531f25:24038:1790427158303701800,,,"[""Pleiades NEO Red (0.619 - 0.69) um"", ""Pleiades NEO Green (0.533 - 0.591) um"", ""Pleiades NEO Blue (0.446 - 0.52) um"", ""Pleiades NEO NIR (0.768 - 0.888) um"", ""Pleiades NEO Red Edge (0.697 - 0.75) um"", ""Pleiades NEO Deep Blue (0.416 - 0.457) um""]",Ames,TP2,4233,14,2,437.5,631.0,462.5,3725.5,1935.5,470.5,0.7938643160572172,0.31759585164120074,200,0.8264462809917356,Ames|4233|14|2,2022-07-23
Satellite/Ames/TP2/Ames-TP2-4233_15_1.TIF,bdeebb5b009152a831588b89e6f278fd1186bf7af5410e29b8d46ab15c531f25:24005:1790427159124826900,,,"[""Pleiades NEO Red (0.619 - 0.69) um"", ""Pleiades NEO Green (0.533 - 0.591) um"", ""Pleiades NEO Blue (0.446 - 0.52) um"", ""Pleiades NEO NIR (0.768 - 0.888) um"", ""Pleiades NEO Red Edge (0.697 - 0.75) um"", ""Pleiades NEO Deep Blue (0.416 - 0.457) um""]",Ames,TP2,4233,15,1,449.0,621.5,469.0,3530.5,1824.0,476.5,0.771647603392251,0.31711108510143293,200,0.7936507936507936,Ames|4233|15|1,2022-07-23
Satellite/Ames/TP2/Ames-TP2-4233_15_11.TIF,bdeebb5b009152a831588b89e6f278fd1186bf7af5410e29b8d46ab15c531f25:24048:1790427158499263800,,,"[""Pleiades NEO Red (0.619 - 0.69) um"", ""Pleiades NEO Green (0.533 - 0.591) um"", ""Pleiades NEO Blue (0.446 - 0.52) um"", ""Pleiades NEO NIR (0.768 - 0.888) um"", ""Pleiades NEO Red Edge (0.697 - 0.75) um"", ""Pleiades NEO Deep Blue (0.416 - 0.457) um""]",Ames,TP2,4233,15,11,397.5,605.5,436.0,3946.0,1960.5,461.5,0.8145500607926042,0.3347606001155389,200,0.8264462809917356,Ames|4233|15|11,2022-07-23
Satellite/Ames/TP2/Ames-TP2-4233_15_12.TIF,bdeebb5b009152a831588b89e6f278fd1186bf7af5410e29b8d46ab15c531f25:24076:1790427158714904000,,,"[""Pleiades NEO Red (0.619 - 0.69) um"", ""Pleiades NEO Green (0.533 - 0.591) um"", ""Pleiades NEO Blue (0.446 - 0.52) um"", ""Pleiades NEO NIR (0.768 - 0.888) um"", ""Pleiades NEO Red Edge (0.697 - 0.75) um"", ""Pleiades NEO Deep Blue (0.416 - 0.457) um""]",Ames,TP2,4233,15,12,448.0,652.5,473.5,3988.0,2038.5,486.0,0.7979526855231729,0.3196581123185761,200,0.8264462809917356,Ames|4233|15|12,2022-07-23
Satellite/Ames/TP2/Ames-TP2-4233_15_2.TIF,bdeebb5b009152a831588b89e6f278fd1186bf7af5410e29b8d46ab15c531f25:24085:1790427158905942700,,,"[""Pleiades NEO Red (0.619 - 0.69) um"", ""Pleiades NEO Green (0.533 - 0.591) um"", ""Pleiades NEO Blue (0.446 - 0.52) um"", ""Pleiades NEO NIR (0.768 - 0.888) um"", ""Pleiades NEO Red Edge (0.697 - 0.75) um"", ""Pleiades NEO Deep Blue (0.416 - 0.457) um""]",Ames,TP2,4233,15,2,436.0,638.0,462.0,3679.5,1937.5,472.0,0.7947282205244661,0.3125937254338002,200,0.7936507936507936,Ames|4233|15|2,2022-07-23
Satellite/Ames/TP2/Ames-TP2-4233_16_1.TIF,bdeebb5b009152a831588b89e6f278fd1186bf7af5410e29b8d46ab15c531f25:24201:1790427158342698100,,,"[""Pleiades NEO Red (0.619 - 0.69) um"", ""Pleiades NEO Green (0.533 - 0.591) um"", ""Pleiades NEO Blue (0.446 - 0.52) um"", ""Pleiades NEO NIR (0.768 - 0.888) um"", ""Pleiades NEO Red Edge (0.697 - 0.75) um"", ""Pleiades NEO Deep Blue (0.416 - 0.457) um""]",Ames,TP2,4233,16,1,474.5,652.5,484.0,3570.5,1896.0,492.5,0.7662315038860648,0.3055145474653175,210,0.8333333333333334,Ames|4233|16|1,2022-07-23
Satellite/Ames/TP2/Ames-TP2-4233_16_11.TIF,bdeebb5b009152a831588b89e6f278fd1186bf7af5410e29b8d46ab15c531f25:24046:1790427156506084500,,,"[""Pleiades NEO Red (0.619 - 0.69) um"", ""Pleiades NEO Green (0.533 - 0.591) um"", ""Pleiades NEO Blue (0.446 - 0.52) um"", ""Pleiades NEO NIR (0.768 - 0.888) um"", ""Pleiades NEO Red Edge (0.697 - 0.75) um"", ""Pleiades NEO Deep Blue (0.416 - 0.457) um""]",Ames,TP2,4233,16,11,431.5,642.0,461.0,4016.5,2008.0,462.5,0.8070456375633914,0.3314285714285714,200,0.7936507936507936,Ames|4233|16|11,2022-07-23
Satellite/Ames/TP2/Ames-TP2-4233_16_12.TIF,bdeebb5b009152a831588b89e6f278fd1186bf7af5410e29b8d46ab15c531f25:24094:1790427156722121700,,,"[""Pleiades NEO Red (0.619 - 0.69) um"", ""Pleiades NEO Green (0.533 - 0.591) um"", ""Pleiades NEO Blue (0.446 - 0.52) um"", ""Pleiades NEO NIR (0.768 - 0.888) um"", ""Pleiades NEO Red Edge (0.697 - 0.75) um"", ""Pleiades NEO Deep Blue (0.416 - 0.457) um""]",Ames,TP2,4233,16,12,427.5,639.5,454.0,4011.5,2060.0,470.5,0.8082329421404457,0.32349412862072613,200,0.7575757575757576,Ames|4233|16|12,2022-07-23
Satellite/Ames/TP2/Ames-TP2-4233_16_2.TIF,bdeebb5b009152a831588b89e6f278fd1186bf7af5410e29b8d46ab15c531f25:24209:1790427158131663500,,,"[""Pleiades NEO Red (0.619 - 0.69) um"", ""Pleiades NEO Green (0.533 - 0.591) um"", ""Pleiades NEO Blue (0.446 - 0.52) um"", ""Pleiades NEO NIR (0.768 - 0.888) um"", ""Pleiades NEO Red Edge (0.697 - 0.75) um"", ""Pleiades NEO Deep Blue (0.416 - 0.457) um""]",Ames,TP2,4233,16,2,441.0,657.0,460.0,3796.0,1980.0,480.0,0.7920841683366734,0.3118611378977821,207,0.8961038961038961,Ames|4233|16|2,2022-07-23
Satellite/Ames/TP2/Ames-TP2-4233_17_1.TIF,bdeebb5b009152a831588b89e6f278fd1186bf7af5410e29b8d46ab15c531f25:24067:1790427159070301700,,,"[""Pleiades NEO Red (0.619 - 0.69) um"", ""Pleiades NEO Green (0.533 - 0.591) um"", ""Pleiades NEO Blue (0.446 - 0.52) um"", ""Pleiades NEO NIR (0.768 - 0.888) um"", ""Pleiades NEO Red Edge (0.697 - 0.75) um"", ""Pleiades NEO Deep Blue (0.416 - 0.457) um""]",Ames,TP2,4233,17,1,464.0,648.5,479.0,3383.5,1807.5,497.0,0.7578892707330473,0.3036861436126088,200,0.8658008658008658,Ames|4233|17|1,2022-07-23
Satellite/Ames/TP2/Ames-TP2-4233_17_11.TIF,bdeebb5b009152a831588b89e6f278fd1186bf7af5410e29b8d46ab15c531f25:24227:1790427158248181800,,,"[""Pleiades NEO Red (0.619 - 0.69) um"", ""Pleiades NEO Green (0.533 - 0.591) um"", ""Pleiades NEO Blue (0.446 - 0.52) um"", ""Pleiades NEO NIR (0.768 - 0.888) um"", ""Pleiades NEO Red Edge (0.697 - 0.75) um"", ""Pleiades NEO Deep Blue (0.416 - 0.457) um""]",Ames,TP2,4233,17,11,407.5,605.0,451.5,4022.0,2017.0,466.0,0.8151987892565677,0.33249690671279786,210,0.8333333333333334,Ames|4233|17|11,2022-07-23
Satellite/Ames/TP2/Ames-TP2-4233_17_12.TIF,bdeebb5b009152a831588b89e6f278fd1186bf7af5410e29b8d46ab15c531f25:24187:1790427158028140900,,,"[""Pleiades NEO Red (0.619 - 0.69) um"", ""Pleiades NEO Green (0.533 - 0.591) um"", ""Pleiades NEO Blue (0.446 - 0.52) um"", ""Pleiades NEO NIR (0.768 - 0.888) um"", ""Pleiades NEO Red Edge (0.697 - 0.75) um"", ""Pleiades NEO Deep Blue (0.416 - 0.457) um""]",Ames,TP2,4233,17,12,434.5,650.5,457.5,4075.5,2059.5,487.5,0.808020032772508,0.32573294574930833,202,0.8744588744588745,Ames|4233|17|12,2022-07-23
Satellite/Ames/TP2/Ames-TP2-4233_17_2.TIF,bdeebb5b009152a831588b89e6f278fd1186bf7af5410e29b8d46ab15c531f25:24141:1790427159298871700,,,"[""Pleiades NEO Red (0.619 - 0.69) um"", ""Pleiades NEO Green (0.533 - 0.591) um"", ""Pleiades NEO Blue (0.446 - 0.52) um"", ""Pleiades NEO NIR (0.768 - 0.888) um"", ""Pleiades NEO Red Edge (0.697 - 0.75) um"", ""Pleiades NEO Deep Blue (0.416 - 0.457) um""]",Ames,TP2,4233,17,2,442.0,638.0,457.0,3694.0,1916.0,478.0,0.7890369076217515,0.32043842682140555,203,0.8787878787878788,Ames|4233|17|2,2022-07-23
Satellite/Ames/TP2/Ames-TP2-4233_18_1.TIF,bdeebb5b009152a831588b89e6f278fd1186bf7af5410e29b8d46ab15c531f25:24149:1790427157928095800,,,"[""Pleiades NEO Red (0.619 - 0.69) um"", ""Pleiades NEO Green (0.533 - 0.591) um"", ""Pleiades NEO Blue (0.446 - 0.52) um"", ""Pleiades NEO NIR (0.768 - 0.888) um"", ""Pleiades NEO Red Edge (0.697 - 0.75) um"", ""Pleiades NEO Deep Blue (0.416 - 0.457) um""]",Ames,TP2,4233,18,1,474.0,655.0,495.0,3474.5,1849.0,494.5,0.7591982212340189,0.30461300451394824,206,0.8512396694214877,Ames|4233|18|1,2022-07-23
Satellite/Ames/TP2/Ames-TP2-4233_18_11.TIF,bdeebb5b009152a831588b89e6f278fd1186bf7af5410e29b8d46ab15c531f25:24060:1790427157132706300,,,"[""Pleiades NEO Red (0.619 - 0.69) um"", ""Pleiades NEO Green (0.533 - 0.591) um"", ""Pleiades NEO Blue (0.446 - 0.52) um"", ""Pleiades NEO NIR (0.768 - 0.888) um"", ""Pleiades NEO Red Edge (0.697 - 0.75) um"", ""Pleiades NEO Deep Blue (0.416 - 0.457) um""]",Ames,TP2,4233,18,11,417.0,627.5,452.5,3923.0,1993.0,467.0,0.8060068234150876,0.3281922177587372,200,0.8658008658008658,Ames|4233|18|11,2022-07-23
Satellite/Ames/TP2/Ames-TP2-4233_18_12.TIF,bdeebb5b009152a831588b89e6f278fd1186bf7af5410e29b8d46ab15c531f25:24227:1790427156922159600,,,"[""Pleiades NEO Red (0.619 - 0.69) um"", ""Pleiades NEO Green (0.533 - 0.591) um"", ""Pleiades NEO Blue (0.446 - 0.52) um"", ""Pleiades NEO NIR (0.768 - 0.888) um"", ""Pleiades NEO Red Edge (0.697 - 0.75) um"", ""Pleiades NEO Deep Blue (0.416 - 0.457) um""]",Ames,TP2,4233,18,12,450.0,649.5,474.0,4010.0,2023.0,484.0,0.8023317716259851,0.3270342885197096,208,0.9004329004329005,Ames|4233|18|12,2022-07-23
Satellite/Ames/TP2/Ames-TP2-4233_18_2.TIF,bdeebb5b009152a831588b89e6f278fd1186bf7af5410e29b8d46ab15c531f25:24264:1790427157738062600,,,"[""Pleiades NEO Red (0.619 - 0.69) um"", ""Pleiades NEO Green (0.533 - 0.591) um"", ""Pleiades NEO Blue (0.446 - 0.52) um"", ""Pleiades NEO NIR (0.768 - 0.888) um"", ""Pleiades NEO Red Edge (0.697 - 0.75) um"", ""Pleiades NEO Deep Blue (0.416 - 0.457) um""]",Ames,TP2,4233,18,2,450.0,633.0,476.0,3544.0,1847.0,489.0,0.7719919616855884,0.3135158542056885,210,0.8677685950413223,Ames|4233|18|2,2022-07-23
Satellite/Ames/TP2/Ames-TP2-4233_19_1.TIF,bdeebb5b009152a831588b89e6f278fd1186bf7af5410e29b8d46ab15c531f25:24126:1790427156972159000,,,"[""Pleiades NEO Red (0.619 - 0.69) um"", ""Pleiades NEO Green (0.533 - 0.591) um"", ""Pleiades NEO Blue (0.446 - 0.52) um"", ""Pleiades NEO NIR (0.768 - 0.888) um"", ""Pleiades NEO Red Edge (0.697 - 0.75) um"", ""Pleiades NEO Deep Blue (0.416 - 0.457) um""]",Ames,TP2,4233,19,1,470.0,663.0,484.5,3465.0,1850.0,502.5,0.7623067789018994,0.3033163633463024,204,0.8831168831168831,Ames|4233|19|1,2022-07-23
Satellite/Ames/TP2/Ames-TP2-4233_19_11.TIF,bdeebb5b009152a831588b89e6f278fd1186bf7af5410e29b8d46ab15c531f25:24116:1790427158457220500,,,"[""Pleiades NEO Red (0.619 - 0.69) um"", ""Pleiades NEO Green (0.533 - 0.591) um"", ""Pleiades NEO Blue (0.446 - 0.52) um"", ""Pleiades NEO NIR (0.768 - 0.888) um"", ""Pleiades NEO Red Edge (0.697 - 0.75) um"", ""Pleiades NEO Deep Blue (0.416 - 0.457) um""]",Ames,TP2,4233,19,11,440.0,633.0,478.0,3872.0,1948.0,482.0,0.7966963151207116,0.3308085589850407,203,0.8388429752066116,Ames|4233|19|11,2022-07-23
Satellite/Ames/TP2/Ames-TP2-4233_19_12.TIF,bdeebb5b009152a831588b89e6f278fd1186bf7af5410e29b8d46ab15c531f25:24221:1790427158684790600,,,"[""Pleiades NEO Red (0.619 - 0.69) um"", ""Pleiades NEO Green (0.533 - 0.591) um"", ""Pleiades NEO Blue (0.446 - 0.52) um"", ""Pleiades NEO NIR (0.768 - 0.888) um"", ""Pleiades NEO Red Edge (0.697 - 0.75) um"", ""Pleiades NEO Deep Blue (0.416 - 0.457) um""]",Ames,TP2,4233,19,12,445.0,643.0,482.0,3970.0,1991.0,487.0,0.7956932773109243,0.3309752400202122,211,0.9134199134199135,Ames|4233|19|12,2022-07-23
Satellite/Ames/TP2/Ames-TP2-4233_19_2.TIF,bdeebb5b009152a831588b89e6f278fd1186bf7af5410e29b8d46ab15c531f25:24080:1790427157171706300,,,"[""Pleiades NEO Red (0.619 - 0.69) um"", ""Pleiades NEO Green (0.533 - 0.591) um"", ""Pleiades NEO Blue (0.446 - 0.52) um"", ""Pleiades NEO NIR (0.768 - 0.888) um"", ""Pleiades NEO Red Edge (0.697 - 0.75) um"", ""Pleiades NEO Deep Blue (0.416 - 0.457) um""]",Ames,TP2,4233,19,2,463.0,645.5,480.0,3555.5,1870.5,497.5,0.774066870802643,0.3112839896574823,200,0.8264462809917356,Ames|4233|19|2,2022-07-23
Satellite/Ames/TP2/Ames-TP2-4233_1_1.TIF,bdeebb5b009152a831588b89e6f278fd1186bf7af5410e29b8d46ab15c531f25:24143:1790427158328700000,,,"[""Pleiades NEO Red (0.619 - 0.69) um"", ""Pleiades NEO Green (0.533 - 0.591) um"", ""Pleiades NEO Blue (0.446 - 0.52) um"", ""Pleiades NEO NIR (0.768 - 0.888) um"", ""Pleiades NEO Red Edge (0.697 - 0.75) um"", ""Pleiades NEO Deep Blue (0.416 - 0.457) um""]",Ames,TP2,4233,1,1,469.5,619.5,476.0,3689.5,1842.0,486.5,0.7697612899342006,0.3336833921053429,204,0.8831168831168831,Ames|4233|1|1,2022-07-23
Satellite/Ames/TP2/Ames-TP2-4233_1_10.TIF,bdeebb5b009152a831588b89e6f278fd1186bf7af5410e29b8d46ab15c531f25:24181:1790427158919943800,,,"[""Pleiades NEO Red (0.619 - 0.69) um"", ""Pleiades NEO Green (0.533 - 0.591) um"", ""Pleiades NEO Blue (0.446 - 0.52) um"", ""Pleiades NEO NIR (0.768 - 0.888) um"", ""Pleiades NEO Red Edge (0.697 - 0.75) um"", ""Pleiades NEO Deep Blue (0.416 - 0.457) um""]",Ames,TP2,4233,1,10,468.5,658.0,470.0,3802.5,1969.0,492.0,0.7791047286485939,0.31524734647468033,206,0.8512396694214877,Ames|4233|1|10,2022-07-23
Satellite/Ames/TP2/Ames-TP2-4233_1_11.TIF,bdeebb5b009152a831588b89e6f278fd1186bf7af5410e29b8d46ab15c531f25:24200:1790427159099824600,,,"[""Pleiades NEO Red (0.619 - 0.69) um"", ""Pleiades NEO Green (0.533 - 0.591) um"", ""Pleiades NEO Blue (0.446 - 0.52) um"", ""Pleiades NEO NIR (0.768 - 0.888) um"", ""Pleiades NEO Red Edge (0.697 - 0.75) um"", ""Pleiades NEO Deep Blue (0.416 - 0.457) um""]",Ames,TP2,4233,1,11,475.0,672.0,476.0,3832.0,1988.0,487.0,0.7789806044203879,0.3164938106390097,211,0.871900826446281,Ames|4233|1|11,2022-07-23
Satellite/Ames/TP2/Ames-TP2-4233_1_12.TIF,bdeebb5b009152a831588b89e6f278fd1186bf7af5410e29b8d46ab15c531f25:24229:1790427159313872000,,,"[""Pleiades NEO Red (0.619 - 0.69) um"", ""Pleiades NEO Green (0.533 - 0.591) um"", ""Pleiades NEO Blue (0.446 - 0.52) um"", ""Pleiades NEO NIR (0.768 - 0.888) um"", ""Pleiades NEO Red Edge (0.697 - 0.75) um"", ""Pleiades NEO Deep Blue (0.416 - 0.457) um""]",Ames,TP2,4233,1,12,516.0,697.0,514.0,3612.0,1970.0,514.0,0.7522080471050049,0.29507885236557096,203,0.8787878787878788,Ames|4233|1|12,2022-07-23
Satellite/Ames/TP2/Ames-TP2-4233_1_2.TIF,bdeebb5b009152a831588b89e6f278fd1186bf7af5410e29b8d46ab15c531f25:24149:1790427158126662200,,,"[""Pleiades NEO Red (0.619 - 0.69) um"", ""Pleiades NEO Green (0.533 - 0.591) um"", ""Pleiades NEO Blue (0.446 - 0.52) um"", ""Pleiades NEO NIR (0.768 - 0.888) um"", ""Pleiades NEO Red Edge (0.697 - 0.75) um"", ""Pleiades NEO Deep Blue (0.416 - 0.457) um""]",Ames,TP2,4233,1,2,578.0,685.5,524.5,3509.0,1891.5,523.5,0.7176974744239318,0.29620163466238103,200,0.8264462809917356,Ames|4233|1|2,2022-07-23
Satellite/Ames/TP2/Ames-TP2-4233_1_3.TIF,bdeebb5b009152a831588b89e6f278fd1186bf7af5410e29b8d46ab15c531f25:24267:1790427158088142500,,,"[""Pleiades NEO Red (0.619 - 0.69) um"", ""Pleiades NEO Green (0.533 - 0.591) um"", ""Pleiades NEO Blue (0.446 - 0.52) um"", ""Pleiades NEO NIR (0.768 - 0.888) um"", ""Pleiades NEO Red Edge (0.697 - 0.75) um"", ""Pleiades NEO Deep Blue (0.416 - 0.457) um""]",Ames,TP2,4233,1,3,760.0,795.5,622.5,2547.0,1695.0,640.0,0.46384424944699176,0.16347214780328484,200,0.8264462809917356,Ames|4233|1|3,2022-07-23
Satellite/Ames/TP2/Ames-TP2-4233_1_4.TIF,bdeebb5b009152a831588b89e6f278fd1186bf7af5410e29b8d46ab15c531f25:24191:1790427158566258400,,,"[""Pleiades NEO Red (0.619 - 0.69) um"", ""Pleiades NEO Green (0.533 - 0.591) um"", ""Pleiades NEO Blue (0.446 - 0.52) um"", ""Pleiades NEO NIR (0.768 - 0.888) um"", ""Pleiades NEO Red Edge (0.697 - 0.75) um"", ""Pleiades NEO Deep Blue (0.416 - 0.457) um""]",Ames,TP2,4233,1,4,666.0,722.5,579.5,2731.0,1671.0,549.0,0.6448489174399239,0.2541823283507324,200,0.8658008658008658,Ames|4233|1|4,2022-07-23
Satellite/Ames/TP2/Ames-TP2-4233_1_5.TIF,bdeebb5b009152a831588b89e6f278fd1186bf7af5410e29b8d46ab15c531f25:24190:1790427158520263700,,,"[""Pleiades NEO Red (0.619 - 0.69) um"", ""Pleiades NEO Green (0.533 - 0.591) um"", ""Pleiades NEO Blue (0.446 - 0.52) um"", ""Pleiades NEO NIR (0.768 - 0.888) um"", ""Pleiades NEO Red Edge (0.697 - 0.75) um"", ""Pleiades NEO Deep Blue (0.416 - 0.457) um""]",Ames,TP2,4233,1,5,477.0,648.0,479.0,3570.0,1883.0,489.0,0.7651414969584766,0.3087971274685817,201,0.7976190476190477,Ames|4233|1|5,2022-07-23
Satellite/Ames/TP2/Ames-TP2-4233_1_6.TIF,bdeebb5b009152a831588b89e6f278fd1186bf7af5410e29b8d46ab15c531f25:24219:1790427158755902600,,,"[""Pleiades NEO Red (0.619 - 0.69) um"", ""Pleiades NEO Green (0.533 - 0.591) um"", ""Pleiades NEO Blue (0.446 - 0.52) um"", ""Pleiades NEO NIR (0.768 - 0.888) um"", ""Pleiades NEO Red Edge (0.697 - 0.75) um"", ""Pleiades NEO Deep Blue (0.416 - 0.457) um""]",Ames,TP2,4233,1,6,475.0,646.5,473.5,3599.0,1910.5,486.0,0.7701724559163186,0.3076541008660214,210,0.8333333333333334,Ames|4233|1|6,2022-07-23
Satellite/Ames/TP2/Ames-TP2-4233_1_7.TIF,bdeebb5b009152a831588b89e6f278fd1186bf7af5410e29b8d46ab15c531f25:24184:1790427158796419600,,,"[""Pleiades NEO Red (0.619 - 0.69) um"", ""Pleiades NEO Green (0.533 - 0.591) um"", ""Pleiades NEO Blue (0.446 - 0.52) um"", ""Pleiades NEO NIR (0.768 - 0.888) um"", ""Pleiades NEO Red Edge (0.697 - 0.75) um"", ""Pleiades NEO Deep Blue (0.416 - 0.457) um""]",Ames,TP2,4233,1,7,485.0,666.5,478.5,3628.0,1962.0,489.5,0.7634414472284274,0.30284383091640577,206,0.8917748917748918,Ames|4233|1|7,2022-07-23
Satellite/Ames/TP2/Ames-TP2-4233_1_8.TIF,bdeebb5b009152a831588b89e6f278fd1186bf7af5410e29b8d46ab15c531f25:24074:1790427157518025700,,,"[""Pleiades NEO Red (0.619 - 0.69) um"", ""Pleiades NEO Green (0.533 - 0.591) um"", ""Pleiades NEO Blue (0.446 - 0.52) um"", ""Pleiades NEO NIR (0.768 - 0.888) um"", ""Pleiades NEO Red Edge (0.697 - 0.75) um"", ""Pleiades NEO Deep Blue (0.416 - 0.457) um""]",Ames,TP2,4233,1,8,468.0,662.5,483.5,3667.5,1941.0,491.0,0.7728550774887678,0.30960141797231056,200,0.8658008658008658,Ames|4233|1|8,2022-07-23
Satellite/Ames/TP2/Ames-TP2-4233_1_9.TIF,bdeebb5b009152a831588b89e6f278fd1186bf7af5410e29b8d46ab15c531f25:24083:1790427157473984800,,,"[""Pleiades NEO Red (0.619 - 0.69) um"", ""Pleiades NEO Green (0.533 - 0.591) um"", ""Pleiades NEO Blue (0.446 - 0.52) um"", ""Pleiades NEO NIR (0.768 - 0.888) um"", ""Pleiades NEO Red Edge (0.697 - 0.75) um"", ""Pleiades NEO Deep Blue (0.416 - 0.457) um""]",Ames,TP2,4233,1,9,468.0,652.0,481.0,3723.0,1927.0,492.5,0.7784622194325068,0.31794597300510574,200,0.8264462809917356,Ames|4233|1|9,2022-07-23
Satellite/Ames/TP2/Ames-TP2-4233_20_1.TIF,bdeebb5b009152a831588b89e6f278fd1186bf7af5410e29b8d46ab15c531f25:24229:1790427156600601800,,,"[""Pleiades NEO Red (0.619 - 0.69) um"", ""Pleiades NEO Green (0.533 - 0.591) um"", ""Pleiades NEO Blue (0.446 - 0.52) um"", ""Pleiades NEO NIR (0.768 - 0.888) um"", ""Pleiades NEO Red Edge (0.697 - 0.75) um"", ""Pleiades NEO Deep Blue (0.416 - 0.457) um""]",Ames,TP2,4233,20,1,466.5,657.5,476.5,3404.0,1884.5,482.5,0.7598922018676036,0.2873779221595302,208,0.9004329004329005,Ames|4233|20|1,2022-07-23
Satellite/Ames/TP2/Ames-TP2-4233_20_11.TIF,bdeebb5b009152a831588b89e6f278fd1186bf7af5410e29b8d46ab15c531f25:24153:1790427156457071100,,,"[""Pleiades NEO Red (0.619 - 0.69) um"", ""Pleiades NEO Green (0.533 - 0.591) um"", ""Pleiades NEO Blue (0.446 - 0.52) um"", ""Pleiades NEO NIR (0.768 - 0.888) um"", ""Pleiades NEO Red Edge (0.697 - 0.75) um"", ""Pleiades NEO Deep Blue (0.416 - 0.457) um""]",Ames,TP2,4233,20,11,439.0,623.0,466.0,3951.0,1968.0,476.0,0.7995910020449898,0.3340351932621447,207,0.8553719008264463,Ames|4233|20|11,2022-07-23
Satellite/Ames/TP2/Ames-TP2-4233_20_12.TIF,bdeebb5b009152a831588b89e6f278fd1186bf7af5410e29b8d46ab15c531f25:24084:1790427156648604200,,,"[""Pleiades NEO Red (0.619 - 0.69) um"", ""Pleiades NEO Green (0.533 - 0.591) um"", ""Pleiades NEO Blue (0.446 - 0.52) um"", ""Pleiades NEO NIR (0.768 - 0.888) um"", ""Pleiades NEO Red Edge (0.697 - 0.75) um"", ""Pleiades NEO Deep Blue (0.416 - 0.457) um""]",Ames,TP2,4233,20,12,442.0,645.0,470.0,4043.0,2012.0,477.0,0.8010068540978299,0.3345827900912647,200,0.8264462809917356,Ames|4233|20|12,2022-07-23
Satellite/Ames/TP2/Ames-TP2-4233_20_2.TIF,bdeebb5b009152a831588b89e6f278fd1186bf7af5410e29b8d46ab15c531f25:24077:1790427156420071000,,,"[""Pleiades NEO Red (0.619 - 0.69) um"", ""Pleiades NEO Green (0.533 - 0.591) um"", ""Pleiades NEO Blue (0.446 - 0.52) um"", ""Pleiades NEO NIR (0.768 - 0.888) um"", ""Pleiades NEO Red Edge (0.697 - 0.75) um"", ""Pleiades NEO Deep Blue (0.416 - 0.457) um""]",Ames,TP2,4233,20,2,446.0,651.0,462.0,3642.0,1937.5,480.5,0.7830826899618378,0.304267491103164,200,0.8658008658008658,Ames|4233|20|2,2022-07-23
Satellite/Ames/TP2/Ames-TP2-4233_21_1.TIF,bdeebb5b009152a831588b89e6f278fd1186bf7af5410e29b8d46ab15c531f25:24114:1790427157306468700,,,"[""Pleiades NEO Red (0.619 - 0.69) um"", ""Pleiades NEO Green (0.533 - 0.591) um"", ""Pleiades NEO Blue (0.446 - 0.52) um"", ""Pleiades NEO NIR (0.768 - 0.888) um"", ""Pleiades NEO Red Edge (0.697 - 0.75) um"", ""Pleiades NEO Deep Blue (0.416 - 0.457) um""]",Ames,TP2,4233,21,1,474.5,675.5,484.0,3424.0,1877.5,502.0,0.7560561396726336,0.2910434668124139,202,0.8015873015873016,Ames|4233|21|1,2022-07-23
Satellite/Ames/TP2/Ames-TP2-4233_21_11.TIF,bdeebb5b009152a831588b89e6f278fd1186bf7af5410e29b8d46ab15c531f25:24132:1790427158403221500,,,"[""Pleiades NEO Red (0.619 - 0.69) um"", ""Pleiades NEO Green (0.533 - 0.591) um"", ""Pleiades NEO Blue (0.446 - 0.52) um"", ""Pleiades NEO NIR (0.768 - 0.888) um"", ""Pleiades NEO Red Edge (0.697 - 0.75) um"", ""Pleiades NEO Deep Blue (0.416 - 0.457) um""]",Ames,TP2,4233,21,11,397.0,604.0,450.0,3960.0,1921.0,460.0,0.8196679438058748,0.3465986394557823,205,0.8874458874458875,Ames|4233|21|11,2022-07-23
Satellite/Ames/TP2/Ames-TP2-4233_21_12.TIF,bdeebb5b009152a831588b89e6f278fd1186bf7af5410e29b8d46ab15c531f25:24069:1790427158181671100,,,"[""Pleiades NEO Red (0.619 - 0.69) um"", ""Pleiades NEO Green (0.533 - 0.591) um"", ""Pleiades NEO Blue (0.446 - 0.52) um"", ""Pleiades NEO NIR (0.768 - 0.888) um"", ""Pleiades NEO Red Edge (0.697 - 0.75) um"", ""Pleiades NEO Deep Blue (0.416 - 0.457) um""]",Ames,TP2,4233,21,12,426.5,612.0,472.5,4050.5,1958.5,489.5,0.805089923902027,0.34545198650355374,200,0.8658008658008658,Ames|4233|21|12,2022-07-23
Satellite/Ames/TP2/Ames-TP2-4233_21_2.TIF,bdeebb5b009152a831588b89e6f278fd1186bf7af5410e29b8d46ab15c531f25:24273:1790427157487993200,,,"[""Pleiades NEO Red (0.619 - 0.69) um"", ""Pleiades NEO Green (0.533 - 0.591) um"", ""Pleiades NEO Blue (0.446 - 0.52) um"", ""Pleiades NEO NIR (0.768 - 0.888) um"", ""Pleiades NEO Red Edge (0.697 - 0.75) um"", ""Pleiades NEO Deep Blue (0.416 - 0.457) um""]",Ames,TP2,4233,21,2,457.5,669.5,475.0,3629.5,1930.5,489.5,0.7751643039026374,0.3010093574603035,210,0.8333333333333334,Ames|4233|21|2,2022-07-23
Satellite/Ames/TP2/Ames-TP2-4233_22_1.TIF,bdeebb5b009152a831588b89e6f278fd1186bf7af5410e29b8d46ab15c531f25:24031:1790427156546082600,,,"[""Pleiades NEO Red (0.619 - 0.69) um"", ""Pleiades NEO Green (0.533 - 0.591) um"", ""Pleiades NEO Blue (0.446 - 0.52) um"", ""Pleiades NEO NIR (0.768 - 0.888) um"", ""Pleiades NEO Red Edge (0.697 - 0.75) um"", ""Pleiades NEO Deep Blue (0.416 - 0.457) um""]",Ames,TP2,4233,22,1,522.0,680.5,501.0,3232.0,1819.5,509.5,0.7307958097470373,0.2825811871749345,200,0.7575757575757576,Ames|4233|22|1,2022-07-23
Satellite/Ames/TP2/Ames-TP2-4233_22_11.TIF,bdeebb5b009152a831588b89e6f278fd1186bf7af5410e29b8d46ab15c531f25:24118:1790427157058184700,,,"[""Pleiades NEO Red (0.619 - 0.69) um"", ""Pleiades NEO Green (0.533 - 0.591) um"", ""Pleiades NEO Blue (0.446 - 0.52) um"", ""Pleiades NEO NIR (0.768 - 0.888) um"", ""Pleiades NEO Red Edge (0.697 - 0.75) um"", ""Pleiades NEO Deep Blue (0.416 - 0.457) um""]",Ames,TP2,4233,22,11,402.0,593.0,445.0,3994.0,1933.0,458.0,0.8229508196721311,0.3516971743380132,205,0.8134920634920635,Ames|4233|22|11,2022-07-23
Satellite/Ames/TP2/Ames-TP2-4233_22_12.TIF,bdeebb5b009152a831588b89e6f278fd1186bf7af5410e29b8d46ab15c531f25:24259:1790427156837645500,,,"[""Pleiades NEO Red (0.619 - 0.69) um"", ""Pleiades NEO Green (0.533 - 0.591) um"", ""Pleiades NEO Blue (0.446 - 0.52) um"", ""Pleiades NEO NIR (0.768 - 0.888) um"", ""Pleiades NEO Red Edge (0.697 - 0.75) um"", ""Pleiades NEO Deep Blue (0.416 - 0.457) um""]",Ames,TP2,4233,22,12,421.5,620.0,466.5,4183.0,2009.5,479.0,0.8187299568806219,0.3478278316944199,210,0.8333333333333334,Ames|4233|22|12,2022-07-23
Satellite/Ames/TP2/Ames-TP2-4233_22_2.TIF,bdeebb5b009152a831588b89e6f278fd1186bf7af5410e29b8d46ab15c531f25:24027:1790427156752120300,,,"[""Pleiades NEO Red (0.619 - 0.69) um"", ""Pleiades NEO Green (0.533 - 0.591) um"", ""Pleiades NEO Blue (0.446 - 0.52) um"", ""Pleiades NEO NIR (0.768 - 0.888) um"", ""Pleiades NEO Red Edge (0.697 - 0.75) um"", ""Pleiades NEO Deep Blue (0.416 - 0.457) um""]",Ames,TP2,4233,22,2,459.0,637.0,465.0,3533.0,1891.5,486.5,0.7709478316732884,0.30175201839273913,200,0.8658008658008658,Ames|4233|22|2,2022-07-23
Satellite/Ames/TP2/Ames-TP2-4233_23_1.TIF,bdeebb5b009152a831588b89e6f278fd1186bf7af5410e29b8d46ab15c531f25:24007:1790427157523023900,,,"[""Pleiades NEO Red (0.619 - 0.69) um"", ""Pleiades NEO Green (0.533 - 0.591) um"", ""Pleiades NEO Blue (0.446 - 0.52) um"", ""Pleiades NEO NIR (0.768 - 0.888) um"", ""Pleiades NEO Red Edge (0.697 - 0.75) um"", ""Pleiades NEO Deep Blue (0.416 - 0.457) um""]",Ames,TP2,4233,23,1,712.5,754.0,595.0,2880.0,1780.0,553.0,0.605292667654775,0.2388741615670727,200,0.8264462809917356,Ames|4233|23|1,2022-07-23
Satellite/Ames/TP2/Ames-TP2-4233_23_11.TIF,bdeebb5b009152a831588b89e6f278fd1186bf7af5410e29b8d46ab15c531f25:24024:1790427158556261200,,,"[""Pleiades NEO Red (0.619 - 0.69) um"", ""Pleiades NEO Green (0.533 - 0.591) um"", ""Pleiades NEO Blue (0.446 - 0.52) um"", ""Pleiades NEO NIR (0.768 - 0.888) um"", ""Pleiades NEO Red Edge (0.697 - 0.75) um"", ""Pleiades NEO Deep Blue (0.416 - 0.457) um""]",Ames,TP2,4233,23,11,409.5,589.5,441.5,3956.5,1920.5,466.5,0.81708717530859,0.3468062453088778,200,0.7575757575757576,Ames|4233|23|11,2022-07-23
Satellite/Ames/TP2/Ames-TP2-4233_23_12.TIF,bdeebb5b009152a831588b89e6f278fd1186bf7af5410e29b8d46ab15c531f25:24053:1790427158785909400,,,"[""Pleiades NEO Red (0.619 - 0.69) um"", ""Pleiades NEO Green (0.533 - 0.591) um"", ""Pleiades NEO Blue (0.446 - 0.52) um"", ""Pleiades NEO NIR (0.768 - 0.888) um"", ""Pleiades NEO Red Edge (0.697 - 0.75) um"", ""Pleiades NEO Deep Blue (0.416 - 0.457) um""]",Ames,TP2,4233,23,12,437.0,626.5,467.0,4132.0,1995.0,484.0,0.8097511375702711,0.3459479237246708,200,0.8658008658008658,Ames|4233|23|12,2022-07-23
Satellite/Ames/TP2/Ames-TP2-4233_23_2.TIF,bdeebb5b009152a831588b89e6f278fd1186bf7af5410e29b8d46ab15c531f25:24081:1790427157331469100,,,"[""Pleiades NEO Red (0.619 - 0.69) um"", ""Pleiades NEO Green (0.533 - 0.591) um"", ""Pleiades NEO Blue (0.446 - 0.52) um"", ""Pleiades NEO NIR (0.768 - 0.888) um"", ""Pleiades NEO Red Edge (0.697 - 0.75) um"", ""Pleiades NEO Deep Blue (0.416 - 0.457) um""]",Ames,TP2,4233,23,2,553.0,660.5,526.0,3046.5,1729.0,522.5,0.6912943925233644,0.27657895995577764,200,0.8264462809917356,Ames|4233|23|2,2022-07-23
Satellite/Ames/TP2/Ames-TP2-4233_24_1.TIF,bdeebb5b009152a831588b89e6f278fd1186bf7af5410e29b8d46ab15c531f25:24155:1790427156936161700,,,"[""Pleiades NEO Red (0.619 - 0.69) um"", ""Pleiades NEO Green (0.533 - 0.591) um"", ""Pleiades NEO Blue (0.446 - 0.52) um"", ""Pleiades NEO NIR (0.768 - 0.888) um"", ""Pleiades NEO Red Edge (0.697 - 0.75) um"", ""Pleiades NEO Deep Blue (0.416 - 0.457) um""]",Ames,TP2,4233,24,1,763.0,765.0,612.0,2665.0,1690.0,588.0,0.5529486366518707,0.22355712603062428,205,0.8874458874458875,Ames|4233|24|1,2022-07-23
Satellite/Ames/TP2/Ames-TP2-4233_24_11.TIF,bdeebb5b009152a831588b89e6f278fd1186bf7af5410e29b8d46ab15c531f25:24059:1790427157702061500,,,"[""Pleiades NEO Red (0.619 - 0.69) um"", ""Pleiades NEO Green (0.533 - 0.591) um"", ""Pleiades NEO Blue (0.446 - 0.52) um"", ""Pleiades NEO NIR (0.768 - 0.888) um"", ""Pleiades NEO Red Edge (0.697 - 0.75) um"", ""Pleiades NEO Deep Blue (0.416 - 0.457) um""]",Ames,TP2,4233,24,11,409.5,596.0,443.0,4019.5,1946.5,482.0,0.8159448792605237,0.3447312715649542,200,0.8264462809917356,Ames|4233|24|11,2022-07-23
Satellite/Ames/TP2/Ames-TP2-4233_24_12.TIF,bdeebb5b009152a831588b89e6f278fd1186bf7af5410e29b8d46ab15c531f25:24101:1790427157886584900,,,"[""Pleiades NEO Red (0.619 - 0.69) um"", ""Pleiades NEO Green (0.533 - 0.591) um"", ""Pleiades NEO Blue (0.446 - 0.52) um"", ""Pleiades NEO NIR (0.768 - 0.888) um"", ""Pleiades NEO Red Edge (0.697 - 0.75) um"", ""Pleiades NEO Deep Blue (0.416 - 0.457) um""]",Ames,TP2,4233,24,12,430.0,628.5,468.0,4091.0,2027.5,480.0,0.8159506181857765,0.33843197172953843,200,0.8264462809917356,Ames|4233|24|12,2022-07-23
Satellite/Ames/TP2/Ames-TP2-4233_24_2.TIF,bdeebb5b009152a831588b89e6f278fd1186bf7af5410e29b8d46ab15c531f25:24198:1790427157142710700,,,"[""Pleiades NEO Red (0.619 - 0.69) um"", ""Pleiades NEO Green (0.533 - 0.591) um"", ""Pleiades NEO Blue (0.446 - 0.52) um"", ""Pleiades NEO NIR (0.768 - 0.888) um"", ""Pleiades NEO Red Edge (0.697 - 0.75) um"", ""Pleiades NEO Deep Blue (0.416 - 0.457) um""]",Ames,TP2,4233,24,2,777.0,805.5,616.0,3084.5,1893.5,581.0,0.5956117005599764,0.24166597837757947,210,0.9090909090909091,Ames|4233|24|2,2022-07-23
Satellite/Ames/TP2/Ames-TP2-4233_25_1.TIF,bdeebb5b009152a831588b89e6f278fd1186bf7af5410e29b8d46ab15c531f25:24275:1790427157933098900,,,"[""Pleiades NEO Red (0.619 - 0.69) um"", ""Pleiades NEO Green (0.533 - 0.591) um"", ""Pleiades NEO Blue (0.446 - 0.52) um"", ""Pleiades NEO NIR (0.768 - 0.888) um"", ""Pleiades NEO Red Edge (0.697 - 0.75) um"", ""Pleiades NEO Deep Blue (0.416 - 0.457) um""]",Ames,TP2,4233,25,1,677.0,753.0,565.0,2875.0,1790.0,554.0,0.6173787806048968,0.23289533303126417,215,0.9307359307359307,Ames|4233|25|1,2022-07-23
Satellite/Ames/TP2/Ames-TP2-4233_25_10.TIF,bdeebb5b009152a831588b89e6f278fd1186bf7af5410e29b8d46ab15c531f25:24168:1790427159728926800,,,"[""Pleiades NEO Red (0.619 - 0.69) um"", ""Pleiades NEO Green (0.533 - 0.591) um"", ""Pleiades NEO Blue (0.446 - 0.52) um"", ""Pleiades NEO NIR (0.768 - 0.888) um"", ""Pleiades NEO Red Edge (0.697 - 0.75) um"", ""Pleiades NEO Deep Blue (0.416 - 0.457) um""]",Ames,TP2,4233,25,10,472.0,662.0,480.0,4049.0,2015.0,493.0,0.7999174917491749,0.34245548266166825,209,0.9047619047619048,Ames|4233|25|10,2022-07-23
Satellite/Ames/TP2/Ames-TP2-4233_25_11.TIF,bdeebb5b009152a831588b89e6f278fd1186bf7af5410e29b8d46ab15c531f25:24073:1790427159603401700,,,"[""Pleiades NEO Red (0.619 - 0.69) um"", ""Pleiades NEO Green (0.533 - 0.591) um"", ""Pleiades NEO Blue (0.446 - 0.52) um"", ""Pleiades NEO NIR (0.768 - 0.888) um"", ""Pleiades NEO Red Edge (0.697 - 0.75) um"", ""Pleiades NEO Deep Blue (0.416 - 0.457) um""]",Ames,TP2,4233,25,11,433.0,626.5,458.0,3998.0,1994.5,481.5,0.8061777944642724,0.340508779963995,200,0.8658008658008658,Ames|4233|25|11,2022-07-23
Satellite/Ames/TP2/Ames-TP2-4233_25_12.TIF,bdeebb5b009152a831588b89e6f278fd1186bf7af5410e29b8d46ab15c531f25:24240:1790427159362869100,,,"[""Pleiades NEO Red (0.619 - 0.69) um"", ""Pleiades NEO Green (0.533 - 0.591) um"", ""Pleiades NEO Blue (0.446 - 0.52) um"", ""Pleiades NEO NIR (0.768 - 0.888) um"", ""Pleiades NEO Red Edge (0.697 - 0.75) um"", ""Pleiades NEO Deep Blue (0.416 - 0.457) um""]",Ames,TP2,4233,25,12,467.5,676.5,481.0,4087.5,2052.5,496.5,0.7993250318703333,0.33352814205212455,208,0.9004329004329005,Ames|4233|25|12,2022-07-23
Satellite/Ames/TP2/Ames-TP2-4233_25_2.TIF,bdeebb5b009152a831588b89e6f278fd1186bf7af5410e29b8d46ab15c531f25:24257:1790427157757060900,,,"[""Pleiades NEO Red (0.619 - 0.69) um"", ""Pleiades NEO Green (0.533 - 0.591) um"", ""Pleiades NEO Blue (0.446 - 0.52) um"", ""Pleiades NEO NIR (0.768 - 0.888) um"", ""Pleiades NEO Red Edge (0.697 - 0.75) um"", ""Pleiades NEO Deep Blue (0.416 - 0.457) um""]",Ames,TP2,4233,25,2,918.0,907.5,692.5,2930.0,1901.0,655.0,0.5266333475413938,0.21101972577186234,206,0.8917748917748918,Ames|4233|25|2,2022-07-23
Satellite/Ames/TP2/Ames-TP2-4233_25_3.TIF,bdeebb5b009152a831588b89e6f278fd1186bf7af5410e29b8d46ab15c531f25:24202:1790427157638536400,,,"[""Pleiades NEO Red (0.619 - 0.69) um"", ""Pleiades NEO Green (0.533 - 0.591) um"", ""Pleiades NEO Blue (0.446 - 0.52) um"", ""Pleiades NEO NIR (0.768 - 0.888) um"", ""Pleiades NEO Red Edge (0.697 - 0.75) um"", ""Pleiades NEO Deep Blue (0.416 - 0.457) um""]",Ames,TP2,4233,25,3,1031.0,953.0,760.0,2795.5,1923.0,704.5,0.41287050553242033,0.17629316013641588,200,0.8658008658008658,Ames|4233|25|3,2022-07-23
Satellite/Ames/TP2/Ames-TP2-4233_25_4.TIF,bdeebb5b009152a831588b89e6f278fd1186bf7af5410e29b8d46ab15c531f25:24317:1790427157356464100,,,"[""Pleiades NEO Red (0.619 - 0.69) um"", ""Pleiades NEO Green (0.533 - 0.591) um"", ""Pleiades NEO Blue (0.446 - 0.52) um"", ""Pleiades NEO NIR (0.768 - 0.888) um"", ""Pleiades NEO Red Edge (0.697 - 0.75) um"", ""Pleiades NEO Deep Blue (0.416 - 0.457) um""]",Ames,TP2,4233,25,4,805.0,845.5,632.5,2929.0,1870.0,631.0,0.5273090374362706,0.21046591798163533,200,0.8264462809917356,Ames|4233|25|4,2022-07-23
Satellite/Ames/TP2/Ames-TP2-4233_25_5.TIF,bdeebb5b009152a831588b89e6f278fd1186bf7af5410e29b8d46ab15c531f25:24056:1790427157256230000,,,"[""Pleiades NEO Red (0.619 - 0.69) um"", ""Pleiades NEO Green (0.533 - 0.591) um"", ""Pleiades NEO Blue (0.446 - 0.52) um"", ""Pleiades NEO NIR (0.768 - 0.888) um"", ""Pleiades NEO Red Edge (0.697 - 0.75) um"", ""Pleiades NEO Deep Blue (0.416 - 0.457) um""]",Ames,TP2,4233,25,5,459.5,656.0,475.0,3699.0,1974.0,475.5,0.7830116686089817,0.3046453210913995,200,0.7575757575757576,Ames|4233|25|5,2022-07-23
Satellite/Ames/TP2/Ames-TP2-4233_25_6.TIF,bdeebb5b009152a831588b89e6f278fd1186bf7af5410e29b8d46ab15c531f25:24081:1790427157448983100,,,"[""Pleiades NEO Red (0.619 - 0.69) um"", ""Pleiades NEO Green (0.533 - 0.591) um"", ""Pleiades NEO Blue (0.446 - 0.52) um"", ""Pleiades NEO NIR (0.768 - 0.888) um"", ""Pleiades NEO Red Edge (0.697 - 0.75) um"", ""Pleiades NEO Deep Blue (0.416 - 0.457) um""]",Ames,TP2,4233,25,6,456.0,672.0,476.5,4120.5,2099.0,475.0,0.8003636062536075,0.3252705572213155,200,0.7575757575757576,Ames|4233|25|6,2022-07-23
Satellite/Ames/TP2/Ames-TP2-4233_25_7.TIF,bdeebb5b009152a831588b89e6f278fd1186bf7af5410e29b8d46ab15c531f25:24084:1790427157559024700,,,"[""Pleiades NEO Red (0.619 - 0.69) um"", ""Pleiades NEO Green (0.533 - 0.591) um"", ""Pleiades NEO Blue (0.446 - 0.52) um"", ""Pleiades NEO NIR (0.768 - 0.888) um"", ""Pleiades NEO Red Edge (0.697 - 0.75) um"", ""Pleiades NEO Deep Blue (0.416 - 0.457) um""]",Ames,TP2,4233,25,7,465.0,655.0,484.0,4041.5,2063.0,487.0,0.8001154692651581,0.327395498607733,200,0.7936507936507936,Ames|4233|25|7,2022-07-23
Satellite/Ames/TP2/Ames-TP2-4233_25_8.TIF,bdeebb5b009152a831588b89e6f278fd1186bf7af5410e29b8d46ab15c531f25:24073:1790427158830420000,,,"[""Pleiades NEO Red (0.619 - 0.69) um"", ""Pleiades NEO Green (0.533 - 0.591) um"", ""Pleiades NEO Blue (0.446 - 0.52) um"", ""Pleiades NEO NIR (0.768 - 0.888) um"", ""Pleiades NEO Red Edge (0.697 - 0.75) um"", ""Pleiades NEO Deep Blue (0.416 - 0.457) um""]",Ames,TP2,4233,25,8,452.5,658.0,484.5,4049.0,2039.0,488.0,0.8071557022532059,0.33284039874129434,200,0.8658008658008658,Ames|4233|25|8,2022-07-23
Satellite/Ames/TP2/Ames-TP2-4233_25_9.TIF,bdeebb5b009152a831588b89e6f278fd1186bf7af5410e29b8d46ab15c531f25:24248:1790427158710905900,,,"[""Pleiades NEO Red (0.619 - 0.69) um"", ""Pleiades NEO Green (0.533 - 0.591) um"", ""Pleiades NEO Blue (0.446 - 0.52) um"", ""Pleiades NEO NIR (0.768 - 0.888) um"", ""Pleiades NEO Red Edge (0.697 - 0.75) um"", ""Pleiades NEO Deep Blue (0.416 - 0.457) um""]",Ames,TP2,4233,25,9,422.0,639.5,438.0,4029.5,1982.0,473.0,0.8133242988166396,0.3405295743554104,210,0.9090909090909091,Ames|4233|25|9,2022-07-23
Satellite/Ames/TP2/Ames-TP2-4233_2_1.TIF,bdeebb5b009152a831588b89e6f278fd1186bf7af5410e29b8d46ab15c531f25:24224:1790427159144823000,,,"[""Pleiades NEO Red (0.619 - 0.69) um"", ""Pleiades NEO Green (0.533 - 0.591) um"", ""Pleiades NEO Blue (0.446 - 0.52) um"", ""Pleiades NEO NIR (0.768 - 0.888) um"", ""Pleiades NEO Red Edge (0.697 - 0.75) um"", ""Pleiades NEO Deep Blue (0.416 - 0.457) um""]",Ames,TP2,4233,2,1,447.5,619.5,464.0,3711.5,1885.0,473.0,0.786921174792777,0.32823868374432125,210,0.9090909090909091,Ames|4233|2|1,2022-07-23
Satellite/Ames/TP2/Ames-TP2-4233_2_10.TIF,bdeebb5b009152a831588b89e6f278fd1186bf7af5410e29b8d46ab15c531f25:24157:1790427157747060500,,,"[""Pleiades NEO Red (0.619 - 0.69) um"", ""Pleiades NEO Green (0.533 - 0.591) um"", ""Pleiades NEO Blue (0.446 - 0.52) um"", ""Pleiades NEO NIR (0.768 - 0.888) um"", ""Pleiades NEO Red Edge (0.697 - 0.75) um"", ""Pleiades NEO Deep Blue (0.416 - 0.457) um""]",Ames,TP2,4233,2,10,462.0,642.5,478.0,3862.0,1980.0,504.5,0.7901968313990186,0.3233256599821518,206,0.8917748917748918,Ames|4233|2|10,2022-07-23
Satellite/Ames/TP2/Ames-TP2-4233_2_11.TIF,bdeebb5b009152a831588b89e6f278fd1186bf7af5410e29b8d46ab15c531f25:24038:1790427157648540200,,,"[""Pleiades NEO Red (0.619 - 0.69) um"", ""Pleiades NEO Green (0.533 - 0.591) um"", ""Pleiades NEO Blue (0.446 - 0.52) um"", ""Pleiades NEO NIR (0.768 - 0.888) um"", ""Pleiades NEO Red Edge (0.697 - 0.75) um"", ""Pleiades NEO Deep Blue (0.416 - 0.457) um""]",Ames,TP2,4233,2,11,449.0,638.0,464.0,3756.0,1940.5,486.0,0.784796480635048,0.31967762174660086,200,0.8264462809917356,Ames|4233|2|11,2022-07-23
Satellite/Ames/TP2/Ames-TP2-4233_2_12.TIF,bdeebb5b009152a831588b89e6f278fd1186bf7af5410e29b8d46ab15c531f25:24076:1790427157837584800,,,"[""Pleiades NEO Red (0.619 - 0.69) um"", ""Pleiades NEO Green (0.533 - 0.591) um"", ""Pleiades NEO Blue (0.446 - 0.52) um"", ""Pleiades NEO NIR (0.768 - 0.888) um"", ""Pleiades NEO Red Edge (0.697 - 0.75) um"", ""Pleiades NEO Deep Blue (0.416 - 0.457) um""]",Ames,TP2,4233,2,12,524.5,676.0,519.5,3678.5,1943.5,522.0,0.7581755832656187,0.3077732458389577,200,0.8264462809917356,Ames|4233|2|12,2022-07-23
Satellite/Ames/TP2/Ames-TP2-4233_2_2.TIF,bdeebb5b009152a831588b89e6f278fd1186bf7af5410e29b8d46ab15c531f25:24049:1790427158929939200,,,"[""Pleiades NEO Red (0.619 - 0.69) um"", ""Pleiades NEO Green (0.533 - 0.591) um"", ""Pleiades NEO Blue (0.446 - 0.52) um"", ""Pleiades NEO NIR (0.768 - 0.888) um"", ""Pleiades NEO Red Edge (0.697 - 0.75) um"", ""Pleiades NEO Deep Blue (0.416 - 0.457) um""]",Ames,TP2,4233,2,2,476.0,660.0,483.0,3789.5,1981.0,493.0,0.7867563752249278,0.31374310729306765,200,0.8658008658008658,Ames|4233|2|2,2022-07-23
Satellite/Ames/TP2/Ames-TP2-4233_2_3.TIF,bdeebb5b009152a831588b89e6f278fd1186bf7af5410e29b8d46ab15c531f25:24095:1790427159085308000,,,"[""Pleiades NEO Red (0.619 - 0.69) um"", ""Pleiades NEO Green (0.533 - 0.591) um"", ""Pleiades NEO Blue (0.446 - 0.52) um"", ""Pleiades NEO NIR (0.768 - 0.888) um"", ""Pleiades NEO Red Edge (0.697 - 0.75) um"", ""Pleiades NEO Deep Blue (0.416 - 0.457) um""]",Ames,TP2,4233,2,3,441.0,655.0,474.0,3850.5,2001.5,491.0,0.796585603938545,0.3171779186612335,200,0.7575757575757576,Ames|4233|2|3,2022-07-23
Satellite/Ames/TP2/Ames-TP2-4233_2_4.TIF,bdeebb5b009152a831588b89e6f278fd1186bf7af5410e29b8d46ab15c531f25:24065:1790427159348869300,,,"[""Pleiades NEO Red (0.619 - 0.69) um"", ""Pleiades NEO Green (0.533 - 0.591) um"", ""Pleiades NEO Blue (0.446 - 0.52) um"", ""Pleiades NEO NIR (0.768 - 0.888) um"", ""Pleiades NEO Red Edge (0.697 - 0.75) um"", ""Pleiades NEO Deep Blue (0.416 - 0.457) um""]",Ames,TP2,4233,2,4,429.5,637.0,458.0,3937.0,2014.5,475.0,0.7980985782249147,0.32461209914799644,200,0.7575757575757576,Ames|4233|2|4,2022-07-23
Satellite/Ames/TP2/Ames-TP2-4233_2_5.TIF,bdeebb5b009152a831588b89e6f278fd1186bf7af5410e29b8d46ab15c531f25:24042:1790427159520881400,,,"[""Pleiades NEO Red (0.619 - 0.69) um"", ""Pleiades NEO Green (0.533 - 0.591) um"", ""Pleiades NEO Blue (0.446 - 0.52) um"", ""Pleiades NEO NIR (0.768 - 0.888) um"", ""Pleiades NEO Red Edge (0.697 - 0.75) um"", ""Pleiades NEO Deep Blue (0.416 - 0.457) um""]",Ames,TP2,4233,2,5,444.0,643.5,470.0,3825.5,1976.5,487.0,0.7911428391693536,0.3180172760234844,200,0.7575757575757576,Ames|4233|2|5,2022-07-23
Satellite/Ames/TP2/Ames-TP2-4233_2_6.TIF,bdeebb5b009152a831588b89e6f278fd1186bf7af5410e29b8d46ab15c531f25:24035:1790427159738927500,,,"[""Pleiades NEO Red (0.619 - 0.69) um"", ""Pleiades NEO Green (0.533 - 0.591) um"", ""Pleiades NEO Blue (0.446 - 0.52) um"", ""Pleiades NEO NIR (0.768 - 0.888) um"", ""Pleiades NEO Red Edge (0.697 - 0.75) um"", ""Pleiades NEO Deep Blue (0.416 - 0.457) um""]",Ames,TP2,4233,2,6,456.0,666.5,475.0,3865.0,2002.5,489.5,0.7944119930463817,0.3184678770398591,200,0.8658008658008658,Ames|4233|2|6,2022-07-23
Satellite/Ames/TP2/Ames-TP2-4233_2_7.TIF,bdeebb5b009152a831588b89e6f278fd1186bf7af5410e29b8d46ab15c531f25:24220:1790427159591894700,,,"[""Pleiades NEO Red (0.619 - 0.69) um"", ""Pleiades NEO Green (0.533 - 0.591) um"", ""Pleiades NEO Blue (0.446 - 0.52) um"", ""Pleiades NEO NIR (0.768 - 0.888) um"", ""Pleiades NEO Red Edge (0.697 - 0.75) um"", ""Pleiades NEO Deep Blue (0.416 - 0.457) um""]",Ames,TP2,4233,2,7,462.5,652.0,467.0,3792.5,1977.0,489.5,0.7804937508317943,0.31449331111860407,204,0.8831168831168831,Ames|4233|2|7,2022-07-23
Satellite/Ames/TP2/Ames-TP2-4233_2_8.TIF,bdeebb5b009152a831588b89e6f278fd1186bf7af5410e29b8d46ab15c531f25:24260:1790427156610603100,,,"[""Pleiades NEO Red (0.619 - 0.69) um"", ""Pleiades NEO Green (0.533 - 0.591) um"", ""Pleiades NEO Blue (0.446 - 0.52) um"", ""Pleiades NEO NIR (0.768 - 0.888) um"", ""Pleiades NEO Red Edge (0.697 - 0.75) um"", ""Pleiades NEO Deep Blue (0.416 - 0.457) um""]",Ames,TP2,4233,2,8,433.0,624.0,453.0,3738.5,1916.5,473.0,0.7944836203267787,0.32201625841840387,214,0.9264069264069265,Ames|4233|2|8,2022-07-23
Satellite/Ames/TP2/Ames-TP2-4233_2_9.TIF,bdeebb5b009152a831588b89e6f278fd1186bf7af5410e29b8d46ab15c531f25:24226:1790427156772122900,,,"[""Pleiades NEO Red (0.619 - 0.69) um"", ""Pleiades NEO Green (0.533 - 0.591) um"", ""Pleiades NEO Blue (0.446 - 0.52) um"", ""Pleiades NEO NIR (0.768 - 0.888) um"", ""Pleiades NEO Red Edge (0.697 - 0.75) um"", ""Pleiades NEO Deep Blue (0.416 - 0.457) um""]",Ames,TP2,4233,2,9,442.5,626.0,463.0,3881.5,1975.0,483.5,0.7964016665068354,0.3251353241470034,212,0.9177489177489178,Ames|4233|2|9,2022-07-23
Satellite/Ames/TP2/Ames-TP2-4233_3_1.TIF,bdeebb5b009152a831588b89e6f278fd1186bf7af5410e29b8d46ab15c531f25:23989:1790427158067136500,,,"[""Pleiades NEO Red (0.619 - 0.69) um"", ""Pleiades NEO Green (0.533 - 0.591) um"", ""Pleiades NEO Blue (0.446 - 0.52) um"", ""Pleiades NEO NIR (0.768 - 0.888) um"", ""Pleiades NEO Red Edge (0.697 - 0.75) um"", ""Pleiades NEO Deep Blue (0.416 - 0.457) um""]",Ames,TP2,4233,3,1,441.5,619.0,459.0,3930.5,1928.0,479.5,0.7974477313766593,0.34227668797628563,200,0.7936507936507936,Ames|4233|3|1,2022-07-23
Satellite/Ames/TP2/Ames-TP2-4233_3_11.TIF,bdeebb5b009152a831588b89e6f278fd1186bf7af5410e29b8d46ab15c531f25:24037:1790427159674406500,,,"[""Pleiades NEO Red (0.619 - 0.69) um"", ""Pleiades NEO Green (0.533 - 0.591) um"", ""Pleiades NEO Blue (0.446 - 0.52) um"", ""Pleiades NEO NIR (0.768 - 0.888) um"", ""Pleiades NEO Red Edge (0.697 - 0.75) um"", ""Pleiades NEO Deep Blue (0.416 - 0.457) um""]",Ames,TP2,4233,3,11,435.5,611.5,456.0,3833.0,1879.0,475.5,0.796451609965267,0.3403268166909224,200,0.8658008658008658,Ames|4233|3|11,2022-07-23
Satellite/Ames/TP2/Ames-TP2-4233_3_12.TIF,bdeebb5b009152a831588b89e6f278fd1186bf7af5410e29b8d46ab15c531f25:24067:1790427159442392500,,,"[""Pleiades NEO Red (0.619 - 0.69) um"", ""Pleiades NEO Green (0.533 - 0.591) um"", ""Pleiades NEO Blue (0.446 - 0.52) um"", ""Pleiades NEO NIR (0.768 - 0.888) um"", ""Pleiades NEO Red Edge (0.697 - 0.75) um"", ""Pleiades NEO Deep Blue (0.416 - 0.457) um""]",Ames,TP2,4233,3,12,461.0,635.5,478.5,3799.0,1907.5,474.5,0.785123206518592,0.3321033475147539,200,0.7575757575757576,Ames|4233|3|12,2022-07-23
Satellite/Ames/TP2/Ames-TP2-4233_3_2.TIF,bdeebb5b009152a831588b89e6f278fd1186bf7af5410e29b8d46ab15c531f25:24223:1790427158278181400,,,"[""Pleiades NEO Red (0.619 - 0.69) um"", ""Pleiades NEO Green (0.533 - 0.591) um"", ""Pleiades NEO Blue (0.446 - 0.52) um"", ""Pleiades NEO NIR (0.768 - 0.888) um"", ""Pleiades NEO Red Edge (0.697 - 0.75) um"", ""Pleiades NEO Deep Blue (0.416 - 0.457) um""]",Ames,TP2,4233,3,2,436.5,629.5,449.0,3819.0,1955.5,467.5,0.7989488358472352,0.3218540266608234,210,0.8333333333333334,Ames|4233|3|2,2022-07-23
Satellite/Ames/TP2/Ames-TP2-4233_4_1.TIF,bdeebb5b009152a831588b89e6f278fd1186bf7af5410e29b8d46ab15c531f25:23996:1790427159613405700,,,"[""Pleiades NEO Red (0.619 - 0.69) um"", ""Pleiades NEO Green (0.533 - 0.591) um"", ""Pleiades NEO Blue (0.446 - 0.52) um"", ""Pleiades NEO NIR (0.768 - 0.888) um"", ""Pleiades NEO Red Edge (0.697 - 0.75) um"", ""Pleiades NEO Deep Blue (0.416 - 0.457) um""]",Ames,TP2,4233,4,1,416.0,609.0,443.0,3982.5,1990.0,469.5,0.808304929294166,0.3354146672058106,200,0.7575757575757576,Ames|4233|4|1,2022-07-23
Satellite/Ames/TP2/Ames-TP2-4233_4_11.TIF,bdeebb5b009152a831588b89e6f278fd1186bf7af5410e29b8d46ab15c531f25:24198:1790427157121706800,,,"[""Pleiades NEO Red (0.619 - 0.69) um"", ""Pleiades NEO Green (0.533 - 0.591) um"", ""Pleiades NEO Blue (0.446 - 0.52) um"", ""Pleiades NEO NIR (0.768 - 0.888) um"", ""Pleiades NEO Red Edge (0.697 - 0.75) um"", ""Pleiades NEO Deep Blue (0.416 - 0.457) um""]",Ames,TP2,4233,4,11,417.5,597.5,447.0,3943.0,1905.5,478.5,0.8109496717359976,0.3487724884588784,210,0.8333333333333334,Ames|4233|4|11,2022-07-23
Satellite/Ames/TP2/Ames-TP2-4233_4_12.TIF,bdeebb5b009152a831588b89e6f278fd1186bf7af5410e29b8d46ab15c531f25:24138:1790427156892647900,,,"[""Pleiades NEO Red (0.619 - 0.69) um"", ""Pleiades NEO Green (0.533 - 0.591) um"", ""Pleiades NEO Blue (0.446 - 0.52) um"", ""Pleiades NEO NIR (0.768 - 0.888) um"", ""Pleiades NEO Red Edge (0.697 - 0.75) um"", ""Pleiades NEO Deep Blue (0.416 - 0.457) um""]",Ames,TP2,4233,4,12,434.5,621.5,468.0,3989.5,1942.0,492.5,0.8016034770133131,0.34409995210535793,204,0.8095238095238095,Ames|4233|4|12,2022-07-23
Satellite/Ames/TP2/Ames-TP2-4233_4_2.TIF,bdeebb5b009152a831588b89e6f278fd1186bf7af5410e29b8d46ab15c531f25:24047:1790427159382877100,,,"[""Pleiades NEO Red (0.619 - 0.69) um"", ""Pleiades NEO Green (0.533 - 0.591) um"", ""Pleiades NEO Blue (0.446 - 0.52) um"", ""Pleiades NEO NIR (0.768 - 0.888) um"", ""Pleiades NEO Red Edge (0.697 - 0.75) um"", ""Pleiades NEO Deep Blue (0.416 - 0.457) um""]",Ames,TP2,4233,4,2,463.5,656.5,480.0,3925.0,2052.0,481.5,0.7916354250332815,0.31330918230856675,200,0.8658008658008658,Ames|4233|4|2,2022-07-23
Satellite/Ames/TP2/Ames-TP2-4233_5_1.TIF,bdeebb5b009152a831588b89e6f278fd1186bf7af5410e29b8d46ab15c531f25:24028:1790427158452220800,,,"[""Pleiades NEO Red (0.619 - 0.69) um"", ""Pleiades NEO Green (0.533 - 0.591) um"", ""Pleiades NEO Blue (0.446 - 0.52) um"", ""Pleiades NEO NIR (0.768 - 0.888) um"", ""Pleiades NEO Red Edge (0.697 - 0.75) um"", ""Pleiades NEO Deep Blue (0.416 - 0.457) um""]",Ames,TP2,4233,5,1,424.5,615.0,449.0,3812.0,1921.5,468.5,0.7986073951904469,0.3322160940532185,200,0.8264462809917356,Ames|4233|5|1,2022-07-23
Satellite/Ames/TP2/Ames-TP2-4233_5_11.TIF,bdeebb5b009152a831588b89e6f278fd1186bf7af5410e29b8d46ab15c531f25:23981:1790427158468222400,,,"[""Pleiades NEO Red (0.619 - 0.69) um"", ""Pleiades NEO Green (0.533 - 0.591) um"", ""Pleiades NEO Blue (0.446 - 0.52) um"", ""Pleiades NEO NIR (0.768 - 0.888) um"", ""Pleiades NEO Red Edge (0.697 - 0.75) um"", ""Pleiades NEO Deep Blue (0.416 - 0.457) um""]",Ames,TP2,4233,5,11,413.5,599.5,453.5,4124.0,1959.0,468.0,0.8182727372516496,0.35323517467031407,200,0.8658008658008658,Ames|4233|5|11,2022-07-23
Satellite/Ames/TP2/Ames-TP2-4233_5_12.TIF,bdeebb5b009152a831588b89e6f278fd1186bf7af5410e29b8d46ab15c531f25:24178:1790427158690795700,,,"[""Pleiades NEO Red (0.619 - 0.69) um"", ""Pleiades NEO Green (0.533 - 0.591) um"", ""Pleiades NEO Blue (0.446 - 0.52) um"", ""Pleiades NEO NIR (0.768 - 0.888) um"", ""Pleiades NEO Red Edge (0.697 - 0.75) um"", ""Pleiades NEO Deep Blue (0.416 - 0.457) um""]",Ames,TP2,4233,5,12,445.5,624.0,463.5,4043.0,1975.0,488.5,0.8031970021973602,0.3375189041551723,206,0.8917748917748918,Ames|4233|5|12,2022-07-23
Satellite/Ames/TP2/Ames-TP2-4233_5_2.TIF,bdeebb5b009152a831588b89e6f278fd1186bf7af5410e29b8d46ab15c531f25:24106:1790427158674786000,,,"[""Pleiades NEO Red (0.619 - 0.69) um"", ""Pleiades NEO Green (0.533 - 0.591) um"", ""Pleiades NEO Blue (0.446 - 0.52) um"", ""Pleiades NEO NIR (0.768 - 0.888) um"", ""Pleiades NEO Red Edge (0.697 - 0.75) um"", ""Pleiades NEO Deep Blue (0.416 - 0.457) um""]",Ames,TP2,4233,5,2,462.0,675.0,477.5,3809.5,2029.5,486.0,0.7839225598837243,0.30642209313126817,200,0.8264462809917356,Ames|4233|5|2,2022-07-23
Satellite/Ames/TP2/Ames-TP2-4233_6_1.TIF,bdeebb5b009152a831588b89e6f278fd1186bf7af5410e29b8d46ab15c531f25:24144:1790427159456392500,,,"[""Pleiades NEO Red (0.619 - 0.69) um"", ""Pleiades NEO Green (0.533 - 0.591) um"", ""Pleiades NEO Blue (0.446 - 0.52) um"", ""Pleiades NEO NIR (0.768 - 0.888) um"", ""Pleiades NEO Red Edge (0.697 - 0.75) um"", ""Pleiades NEO Deep Blue (0.416 - 0.457) um""]",Ames,TP2,4233,6,1,415.5,594.0,447.5,3755.0,1888.5,473.5,0.8013389911985687,0.332643514352343,208,0.9004329004329005,Ames|4233|6|1,2022-07-23
Satellite/Ames/TP2/Ames-TP2-4233_6_11.TIF,bdeebb5b009152a831588b89e6f278fd1186bf7af5410e29b8d46ab15c531f25:24034:1790427156581087700,,,"[""Pleiades NEO Red (0.619 - 0.69) um"", ""Pleiades NEO Green (0.533 - 0.591) um"", ""Pleiades NEO Blue (0.446 - 0.52) um"", ""Pleiades NEO NIR (0.768 - 0.888) um"", ""Pleiades NEO Red Edge (0.697 - 0.75) um"", ""Pleiades NEO Deep Blue (0.416 - 0.457) um""]",Ames,TP2,4233,6,11,416.5,606.5,459.5,4013.5,1933.5,479.0,0.8131503874077237,0.3496712431074971,200,0.8264462809917356,Ames|4233|6|11,2022-07-23
Satellite/Ames/TP2/Ames-TP2-4233_6_12.TIF,bdeebb5b009152a831588b89e6f278fd1186bf7af5410e29b8d46ab15c531f25:24190:1790427156792129800,,,"[""Pleiades NEO Red (0.619 - 0.69) um"", ""Pleiades NEO Green (0.533 - 0.591) um"", ""Pleiades NEO Blue (0.446 - 0.52) um"", ""Pleiades NEO NIR (0.768 - 0.888) um"", ""Pleiades NEO Red Edge (0.697 - 0.75) um"", ""Pleiades NEO Deep Blue (0.416 - 0.457) um""]",Ames,TP2,4233,6,12,437.0,604.0,469.0,3876.0,1907.0,475.0,0.802125147579693,0.33896558829589946,203,0.8388429752066116,Ames|4233|6|12,2022-07-23
Satellite/Ames/TP2/Ames-TP2-4233_6_2.TIF,bdeebb5b009152a831588b89e6f278fd1186bf7af5410e29b8d46ab15c531f25:24235:1790427159688410900,,,"[""Pleiades NEO Red (0.619 - 0.69) um"", ""Pleiades NEO Green (0.533 - 0.591) um"", ""Pleiades NEO Blue (0.446 - 0.52) um"", ""Pleiades NEO NIR (0.768 - 0.888) um"", ""Pleiades NEO Red Edge (0.697 - 0.75) um"", ""Pleiades NEO Deep Blue (0.416 - 0.457) um""]",Ames,TP2,4233,6,2,432.0,647.0,463.0,3911.0,2006.0,478.0,0.8001760563380281,0.32348111658456485,211,0.9134199134199135,Ames|4233|6|2,2022-07-23
Satellite/Ames/TP2/Ames-TP2-4233_7_1.TIF,bdeebb5b009152a831588b89e6f278fd1186bf7af5410e29b8d46ab15c531f25:24258:1790427158885427800,,,"[""Pleiades NEO Red (0.619 - 0.69) um"", ""Pleiades NEO Green (0.533 - 0.591) um"", ""Pleiades NEO Blue (0.446 - 0.52) um"", ""Pleiades NEO NIR (0.768 - 0.888) um"", ""Pleiades NEO Red Edge (0.697 - 0.75) um"", ""Pleiades NEO Deep Blue (0.416 - 0.457) um""]",Ames,TP2,4233,7,1,444.0,616.0,464.0,3850.0,1915.0,487.0,0.7932937181663837,0.33432984554060785,213,0.922077922077922,Ames|4233|7|1,2022-07-23
Satellite/Ames/TP2/Ames-TP2-4233_7_11.TIF,bdeebb5b009152a831588b89e6f278fd1186bf7af5410e29b8d46ab15c531f25:24243:1790427158288192900,,,"[""Pleiades NEO Red (0.619 - 0.69) um"", ""Pleiades NEO Green (0.533 - 0.591) um"", ""Pleiades NEO Blue (0.446 - 0.52) um"", ""Pleiades NEO NIR (0.768 - 0.888) um"", ""Pleiades NEO Red Edge (0.697 - 0.75) um"", ""Pleiades NEO Deep Blue (0.416 - 0.457) um""]",Ames,TP2,4233,7,11,431.0,617.0,460.0,4065.0,1973.0,486.0,0.8131083711875405,0.3457707509881423,211,0.9134199134199135,Ames|4233|7|11,2022-07-23
Satellite/Ames/TP2/Ames-TP2-4233_7_12.TIF,bdeebb5b009152a831588b89e6f278fd1186bf7af5410e29b8d46ab15c531f25:24248:1790427158083146900,,,"[""Pleiades NEO Red (0.619 - 0.69) um"", ""Pleiades NEO Green (0.533 - 0.591) um"", ""Pleiades NEO Blue (0.446 - 0.52) um"", ""Pleiades NEO NIR (0.768 - 0.888) um"", ""Pleiades NEO Red Edge (0.697 - 0.75) um"", ""Pleiades NEO Deep Blue (0.416 - 0.457) um""]",Ames,TP2,4233,7,12,433.5,634.5,460.0,3970.5,1984.0,485.0,0.8115513556838361,0.3363268962070678,208,0.859504132231405,Ames|4233|7|12,2022-07-23
Satellite/Ames/TP2/Ames-TP2-4233_7_2.TIF,bdeebb5b009152a831588b89e6f278fd1186bf7af5410e29b8d46ab15c531f25:24157:1790427158644785400,,,"[""Pleiades NEO Red (0.619 - 0.69) um"", ""Pleiades NEO Green (0.533 - 0.591) um"", ""Pleiades NEO Blue (0.446 - 0.52) um"", ""Pleiades NEO NIR (0.768 - 0.888) um"", ""Pleiades NEO Red Edge (0.697 - 0.75) um"", ""Pleiades NEO Deep Blue (0.416 - 0.457) um""]",Ames,TP2,4233,7,2,421.0,639.0,460.0,4012.0,2063.0,476.0,0.8103819784524976,0.3195439739413681,207,0.8961038961038961,Ames|4233|7|2,2022-07-23
Satellite/Ames/TP2/Ames-TP2-4233_8_1.TIF,bdeebb5b009152a831588b89e6f278fd1186bf7af5410e29b8d46ab15c531f25:23995:1790427156491072900,,,"[""Pleiades NEO Red (0.619 - 0.69) um"", ""Pleiades NEO Green (0.533 - 0.591) um"", ""Pleiades NEO Blue (0.446 - 0.52) um"", ""Pleiades NEO NIR (0.768 - 0.888) um"", ""Pleiades NEO Red Edge (0.697 - 0.75) um"", ""Pleiades NEO Deep Blue (0.416 - 0.457) um""]",Ames,TP2,4233,8,1,430.0,606.5,444.0,3857.0,1915.5,476.0,0.7997884544660028,0.3349528035922441,200,0.8658008658008658,Ames|4233|8|1,2022-07-23
Satellite/Ames/TP2/Ames-TP2-4233_8_11.TIF,bdeebb5b009152a831588b89e6f278fd1186bf7af5410e29b8d46ab15c531f25:24228:1790427157186714600,,,"[""Pleiades NEO Red (0.619 - 0.69) um"", ""Pleiades NEO Green (0.533 - 0.591) um"", ""Pleiades NEO Blue (0.446 - 0.52) um"", ""Pleiades NEO NIR (0.768 - 0.888) um"", ""Pleiades NEO Red Edge (0.697 - 0.75) um"", ""Pleiades NEO Deep Blue (0.416 - 0.457) um""]",Ames,TP2,4233,8,11,415.0,610.0,455.5,3835.5,1914.0,482.5,0.805175672500281,0.3335660217779817,208,0.9004329004329005,Ames|4233|8|11,2022-07-23
Satellite/Ames/TP2/Ames-TP2-4233_8_12.TIF,bdeebb5b009152a831588b89e6f278fd1186bf7af5410e29b8d46ab15c531f25:24098:1790427156992170200,,,"[""Pleiades NEO Red (0.619 - 0.69) um"", ""Pleiades NEO Green (0.533 - 0.591) um"", ""Pleiades NEO Blue (0.446 - 0.52) um"", ""Pleiades NEO NIR (0.768 - 0.888) um"", ""Pleiades NEO Red Edge (0.697 - 0.75) um"", ""Pleiades NEO Deep Blue (0.416 - 0.457) um""]",Ames,TP2,4233,8,12,435.0,624.5,472.5,3818.5,1906.5,476.5,0.7968414336785568,0.33550466560322895,200,0.8658008658008658,Ames|4233|8|12,2022-07-23
Satellite/Ames/TP2/Ames-TP2-4233_8_2.TIF,bdeebb5b009152a831588b89e6f278fd1186bf7af5410e29b8d46ab15c531f25:24155:1790427156698120200,,,"[""Pleiades NEO Red (0.619 - 0.69) um"", ""Pleiades NEO Green (0.533 - 0.591) um"", ""Pleiades NEO Blue (0.446 - 0.52) um"", ""Pleiades NEO NIR (0.768 - 0.888) um"", ""Pleiades NEO Red Edge (0.697 - 0.75) um"", ""Pleiades NEO Deep Blue (0.416 - 0.457) um""]",Ames,TP2,4233,8,2,465.0,663.0,470.0,3899.0,2046.0,486.0,0.7858240070221637,0.3102189781021898,203,0.8787878787878788,Ames|4233|8|2,2022-07-23
Satellite/Ames/TP2/Ames-TP2-4233_9_1.TIF,bdeebb5b009152a831588b89e6f278fd1186bf7af5410e29b8d46ab15c531f25:24002:1790427157594531600,,,"[""Pleiades NEO Red (0.619 - 0.69) um"", ""Pleiades NEO Green (0.533 - 0.591) um"", ""Pleiades NEO Blue (0.446 - 0.52) um"", ""Pleiades NEO NIR (0.768 - 0.888) um"", ""Pleiades NEO Red Edge (0.697 - 0.75) um"", ""Pleiades NEO Deep Blue (0.416 - 0.457) um""]",Ames,TP2,4233,9,1,434.5,617.0,458.5,3905.0,1948.5,478.0,0.8014912849237268,0.3326746337333103,200,0.7575757575757576,Ames|4233|9|1,2022-07-23
Satellite/Ames/TP2/Ames-TP2-4233_9_11.TIF,bdeebb5b009152a831588b89e6f278fd1186bf7af5410e29b8d46ab15c531f25:24101:1790427158514263300,,,"[""Pleiades NEO Red (0.619 - 0.69) um"", ""Pleiades NEO Green (0.533 - 0.591) um"", ""Pleiades NEO Blue (0.446 - 0.52) um"", ""Pleiades NEO NIR (0.768 - 0.888) um"", ""Pleiades NEO Red Edge (0.697 - 0.75) um"", ""Pleiades NEO Deep Blue (0.416 - 0.457) um""]",Ames,TP2,4233,9,11,412.0,607.0,454.0,3920.5,1903.5,475.5,0.8099974978235516,0.346182565992967,202,0.8744588744588745,Ames|4233|9|11,2022-07-23
Satellite/Ames/TP2/Ames-TP2-4233_9_12.TIF,bdeebb5b009152a831588b89e6f278fd1186bf7af5410e29b8d46ab15c531f25:24227:1790427158744902400,,,"[""Pleiades NEO Red (0.619 - 0.69) um"", ""Pleiades NEO Green (0.533 - 0.591) um"", ""Pleiades NEO Blue (0.446 - 0.52) um"", ""Pleiades NEO NIR (0.768 - 0.888) um"", ""Pleiades NEO Red Edge (0.697 - 0.75) um"", ""Pleiades NEO Deep Blue (0.416 - 0.457) um""]",Ames,TP2,4233,9,12,423.5,608.0,463.0,3921.0,1927.5,483.5,0.8063449967015612,0.33779194052928274,210,0.8333333333333334,Ames|4233|9|12,2022-07-23
Satellite/Ames/TP2/Ames-TP2-4233_9_2.TIF,bdeebb5b009152a831588b89e6f278fd1186bf7af5410e29b8d46ab15c531f25:24007:1790427157394974700,,,"[""Pleiades NEO Red (0.619 - 0.69) um"", ""Pleiades NEO Green (0.533 - 0.591) um"", ""Pleiades NEO Blue (0.446 - 0.52) um"", ""Pleiades NEO NIR (0.768 - 0.888) um"", ""Pleiades NEO Red Edge (0.697 - 0.75) um"", ""Pleiades NEO Deep Blue (0.416 - 0.457) um""]",Ames,TP2,4233,9,2,454.0,653.5,474.5,3837.0,1985.5,482.5,0.7910078866542363,0.31960604753784927,200,0.7575757575757576,Ames|4233|9|2,2022-07-23
Satellite/Ames/TP3/Ames-TP3-4231_1_2.TIF,bdeebb5b009152a831588b89e6f278fd1186bf7af5410e29b8d46ab15c531f25:24239:1790427155599514700,,,"[""Pleiades NEO Red (0.618 - 0.689) um"", ""Pleiades NEO Green (0.533 - 0.59) um"", ""Pleiades NEO Blue (0.446 - 0.52) um"", ""Pleiades NEO NIR (0.768 - 0.888) um"", ""Pleiades NEO Red Edge (0.696 - 0.749) um"", ""Pleiades NEO Deep Blue (0.416 - 0.456) um""]",Ames,TP3,4231,1,2,666.5,740.5,567.0,3470.0,1919.5,504.0,0.6729809141951022,0.26973495142376763,200,0.8264462809917356,Ames|4231|1|2,2022-08-10
Satellite/Ames/TP3/Ames-TP3-4231_1_3.TIF,bdeebb5b009152a831588b89e6f278fd1186bf7af5410e29b8d46ab15c531f25:24540:1790427155604514700,,,"[""Pleiades NEO Red (0.618 - 0.689) um"", ""Pleiades NEO Green (0.533 - 0.59) um"", ""Pleiades NEO Blue (0.446 - 0.52) um"", ""Pleiades NEO NIR (0.768 - 0.888) um"", ""Pleiades NEO Red Edge (0.696 - 0.749) um"", ""Pleiades NEO Deep Blue (0.416 - 0.456) um""]",Ames,TP3,4231,1,3,682.0,756.0,582.0,3565.0,2022.0,524.0,0.668418747262374,0.2375131717597471,207,0.8553719008264463,Ames|4231|1|3,2022-08-10
Satellite/Ames/TP3/Ames-TP3-4231_1_4.TIF,bdeebb5b009152a831588b89e6f278fd1186bf7af5410e29b8d46ab15c531f25:24261:1790427156035043400,,,"[""Pleiades NEO Red (0.618 - 0.689) um"", ""Pleiades NEO Green (0.533 - 0.59) um"", ""Pleiades NEO Blue (0.446 - 0.52) um"", ""Pleiades NEO NIR (0.768 - 0.888) um"", ""Pleiades NEO Red Edge (0.696 - 0.749) um"", ""Pleiades NEO Deep Blue (0.416 - 0.456) um""]",Ames,TP3,4231,1,4,521.0,670.0,489.0,4146.0,2076.0,456.0,0.780663204155014,0.3383141140165665,213,0.922077922077922,Ames|4231|1|4,2022-08-10
Satellite/Ames/TP3/Ames-TP3-4231_1_5.TIF,bdeebb5b009152a831588b89e6f278fd1186bf7af5410e29b8d46ab15c531f25:24123:1790427156060043600,,,"[""Pleiades NEO Red (0.618 - 0.689) um"", ""Pleiades NEO Green (0.533 - 0.59) um"", ""Pleiades NEO Blue (0.446 - 0.52) um"", ""Pleiades NEO NIR (0.768 - 0.888) um"", ""Pleiades NEO Red Edge (0.696 - 0.749) um"", ""Pleiades NEO Deep Blue (0.416 - 0.456) um""]",Ames,TP3,4231,1,5,461.0,664.0,469.0,4331.0,2096.0,419.5,0.8080301868444291,0.35202889172226143,206,0.8917748917748918,Ames|4231|1|5,2022-08-10
Satellite/Ames/TP3/Ames-TP3-4231_1_6.TIF,bdeebb5b009152a831588b89e6f278fd1186bf7af5410e29b8d46ab15c531f25:24109:1790427156290058600,,,"[""Pleiades NEO Red (0.618 - 0.689) um"", ""Pleiades NEO Green (0.533 - 0.59) um"", ""Pleiades NEO Blue (0.446 - 0.52) um"", ""Pleiades NEO NIR (0.768 - 0.888) um"", ""Pleiades NEO Red Edge (0.696 - 0.749) um"", ""Pleiades NEO Deep Blue (0.416 - 0.456) um""]",Ames,TP3,4231,1,6,486.0,653.0,465.0,4144.0,2016.0,421.0,0.7883248748571976,0.3429522665093375,206,0.8174603174603174,Ames|4231|1|6,2022-08-10
Satellite/Ames/TP3/Ames-TP3-4231_1_7.TIF,bdeebb5b009152a831588b89e6f278fd1186bf7af5410e29b8d46ab15c531f25:24002:1790427156270056200,,,"[""Pleiades NEO Red (0.618 - 0.689) um"", ""Pleiades NEO Green (0.533 - 0.59) um"", ""Pleiades NEO Blue (0.446 - 0.52) um"", ""Pleiades NEO NIR (0.768 - 0.888) um"", ""Pleiades NEO Red Edge (0.696 - 0.749) um"", ""Pleiades NEO Deep Blue (0.416 - 0.456) um""]",Ames,TP3,4231,1,7,544.5,696.0,483.0,4034.5,2054.0,441.0,0.7647099257219332,0.32468125599562214,200,0.7936507936507936,Ames|4231|1|7,2022-08-10
Satellite/Ames/TP3/Ames-TP3-4232_1_17.TIF,bdeebb5b009152a831588b89e6f278fd1186bf7af5410e29b8d46ab15c531f25:24205:1790427153022826400,,,"[""Pleiades NEO Red (0.618 - 0.689) um"", ""Pleiades NEO Green (0.533 - 0.59) um"", ""Pleiades NEO Blue (0.446 - 0.52) um"", ""Pleiades NEO NIR (0.768 - 0.888) um"", ""Pleiades NEO Red Edge (0.696 - 0.749) um"", ""Pleiades NEO Deep Blue (0.416 - 0.456) um""]",Ames,TP3,4232,1,17,546.5,705.0,491.0,3892.5,2062.0,450.0,0.7539250507060182,0.30523825469615934,210,0.9090909090909091,Ames|4232|1|17,2022-08-10
Satellite/Ames/TP3/Ames-TP3-4232_1_18.TIF,bdeebb5b009152a831588b89e6f278fd1186bf7af5410e29b8d46ab15c531f25:24165:1790427155921035300,,,"[""Pleiades NEO Red (0.618 - 0.689) um"", ""Pleiades NEO Green (0.533 - 0.59) um"", ""Pleiades NEO Blue (0.446 - 0.52) um"", ""Pleiades NEO NIR (0.768 - 0.888) um"", ""Pleiades NEO Red Edge (0.696 - 0.749) um"", ""Pleiades NEO Deep Blue (0.416 - 0.456) um""]",Ames,TP3,4232,1,18,525.5,684.5,482.0,3874.5,2024.5,428.0,0.763274545300171,0.31578405207782856,210,0.8333333333333334,Ames|4232|1|18,2022-08-10
Satellite/Ames/TP3/Ames-TP3-4232_1_19.TIF,bdeebb5b009152a831588b89e6f278fd1186bf7af5410e29b8d46ab15c531f25:24215:1790427156164549900,,,"[""Pleiades NEO Red (0.618 - 0.689) um"", ""Pleiades NEO Green (0.533 - 0.59) um"", ""Pleiades NEO Blue (0.446 - 0.52) um"", ""Pleiades NEO NIR (0.768 - 0.888) um"", ""Pleiades NEO Red Edge (0.696 - 0.749) um"", ""Pleiades NEO Deep Blue (0.416 - 0.456) um""]",Ames,TP3,4232,1,19,557.0,704.5,506.0,3927.5,2038.5,459.5,0.7548188544634061,0.31678662021427817,210,0.8333333333333334,Ames|4232|1|19,2022-08-10
Satellite/Ames/TP3/Ames-TP3-4232_1_20.TIF,bdeebb5b009152a831588b89e6f278fd1186bf7af5410e29b8d46ab15c531f25:24034:1790427155912035400,,,"[""Pleiades NEO Red (0.618 - 0.689) um"", ""Pleiades NEO Green (0.533 - 0.59) um"", ""Pleiades NEO Blue (0.446 - 0.52) um"", ""Pleiades NEO NIR (0.768 - 0.888) um"", ""Pleiades NEO Red Edge (0.696 - 0.749) um"", ""Pleiades NEO Deep Blue (0.416 - 0.456) um""]",Ames,TP3,4232,1,20,528.0,705.5,483.0,4094.5,2108.5,443.0,0.773852633455526,0.3196196174518166,200,0.8658008658008658,Ames|4232|1|20,2022-08-10
Satellite/Ames/TP3/Ames-TP3-4232_1_21.TIF,bdeebb5b009152a831588b89e6f278fd1186bf7af5410e29b8d46ab15c531f25:24114:1790427155694019000,,,"[""Pleiades NEO Red (0.618 - 0.689) um"", ""Pleiades NEO Green (0.533 - 0.59) um"", ""Pleiades NEO Blue (0.446 - 0.52) um"", ""Pleiades NEO NIR (0.768 - 0.888) um"", ""Pleiades NEO Red Edge (0.696 - 0.749) um"", ""Pleiades NEO Deep Blue (0.416 - 0.456) um""]",Ames,TP3,4232,1,21,500.0,721.0,478.0,4335.0,2212.0,439.0,0.7915681639085894,0.3239610690560791,203,0.8787878787878788,Ames|4232|1|21,2022-08-10
Satellite/Ames/TP3/Ames-TP3-4232_1_22.TIF,bdeebb5b009152a831588b89e6f278fd1186bf7af5410e29b8d46ab15c531f25:24327:1790427155502008500,,,"[""Pleiades NEO Red (0.618 - 0.689) um"", ""Pleiades NEO Green (0.533 - 0.59) um"", ""Pleiades NEO Blue (0.446 - 0.52) um"", ""Pleiades NEO NIR (0.768 - 0.888) um"", ""Pleiades NEO Red Edge (0.696 - 0.749) um"", ""Pleiades NEO Deep Blue (0.416 - 0.456) um""]",Ames,TP3,4232,1,22,519.0,752.0,490.0,4307.0,2293.0,439.0,0.7865972674040338,0.30385556915544676,217,0.9393939393939394,Ames|4232|1|22,2022-08-10
Satellite/Ames/TP3/Ames-TP3-4233_10_1.TIF,bdeebb5b009152a831588b89e6f278fd1186bf7af5410e29b8d46ab15c531f25:23957:1790427154018900500,,,"[""Pleiades NEO Red (0.618 - 0.689) um"", ""Pleiades NEO Green (0.533 - 0.59) um"", ""Pleiades NEO Blue (0.446 - 0.52) um"", ""Pleiades NEO NIR (0.768 - 0.888) um"", ""Pleiades NEO Red Edge (0.696 - 0.749) um"", ""Pleiades NEO Deep Blue (0.416 - 0.456) um""]",Ames,TP3,4233,10,1,499.0,690.5,470.0,4376.5,2234.0,429.5,0.7936577188805332,0.3210929570729407,200,0.7936507936507936,Ames|4233|10|1,2022-08-10
Satellite/Ames/TP3/Ames-TP3-4233_10_11.TIF,bdeebb5b009152a831588b89e6f278fd1186bf7af5410e29b8d46ab15c531f25:23913:1790427154275914800,,,"[""Pleiades NEO Red (0.618 - 0.689) um"", ""Pleiades NEO Green (0.533 - 0.59) um"", ""Pleiades NEO Blue (0.446 - 0.52) um"", ""Pleiades NEO NIR (0.768 - 0.888) um"", ""Pleiades NEO Red Edge (0.696 - 0.749) um"", ""Pleiades NEO Deep Blue (0.416 - 0.456) um""]",Ames,TP3,4233,10,11,413.5,625.0,438.5,4524.5,2179.5,410.5,0.83118601068324,0.3477979929095933,200,0.7575757575757576,Ames|4233|10|11,2022-08-10
Satellite/Ames/TP3/Ames-TP3-4233_10_12.TIF,bdeebb5b009152a831588b89e6f278fd1186bf7af5410e29b8d46ab15c531f25:24003:1790427154471928100,,,"[""Pleiades NEO Red (0.618 - 0.689) um"", ""Pleiades NEO Green (0.533 - 0.59) um"", ""Pleiades NEO Blue (0.446 - 0.52) um"", ""Pleiades NEO NIR (0.768 - 0.888) um"", ""Pleiades NEO Red Edge (0.696 - 0.749) um"", ""Pleiades NEO Deep Blue (0.416 - 0.456) um""]",Ames,TP3,4233,10,12,432.5,647.0,451.5,4528.5,2181.0,410.0,0.8261692848301585,0.35131255801319566,200,0.7936507936507936,Ames|4233|10|12,2022-08-10
Satellite/Ames/TP3/Ames-TP3-4233_10_2.TIF,bdeebb5b009152a831588b89e6f278fd1186bf7af5410e29b8d46ab15c531f25:24014:1790427153832385300,,,"[""Pleiades NEO Red (0.618 - 0.689) um"", ""Pleiades NEO Green (0.533 - 0.59) um"", ""Pleiades NEO Blue (0.446 - 0.52) um"", ""Pleiades NEO NIR (0.768 - 0.888) um"", ""Pleiades NEO Red Edge (0.696 - 0.749) um"", ""Pleiades NEO Deep Blue (0.416 - 0.456) um""]",Ames,TP3,4233,10,2,480.5,729.0,453.5,4482.0,2362.0,418.0,0.8035269947043894,0.3052101076922122,200,0.8264462809917356,Ames|4233|10|2,2022-08-10
Satellite/Ames/TP3/Ames-TP3-4233_11_1.TIF,bdeebb5b009152a831588b89e6f278fd1186bf7af5410e29b8d46ab15c531f25:24152:1790427153097333600,,,"[""Pleiades NEO Red (0.618 - 0.689) um"", ""Pleiades NEO Green (0.533 - 0.59) um"", ""Pleiades NEO Blue (0.446 - 0.52) um"", ""Pleiades NEO NIR (0.768 - 0.888) um"", ""Pleiades NEO Red Edge (0.696 - 0.749) um"", ""Pleiades NEO Deep Blue (0.416 - 0.456) um""]",Ames,TP3,4233,11,1,495.0,675.0,463.0,4300.0,2198.0,426.0,0.7951332560834299,0.321309285237141,209,0.9047619047619048,Ames|4233|11|1,2022-08-10
Satellite/Ames/TP3/Ames-TP3-4233_11_11.TIF,bdeebb5b009152a831588b89e6f278fd1186bf7af5410e29b8d46ab15c531f25:23956:1790427156210056100,,,"[""Pleiades NEO Red (0.618 - 0.689) um"", ""Pleiades NEO Green (0.533 - 0.59) um"", ""Pleiades NEO Blue (0.446 - 0.52) um"", ""Pleiades NEO NIR (0.768 - 0.888) um"", ""Pleiades NEO Red Edge (0.696 - 0.749) um"", ""Pleiades NEO Deep Blue (0.416 - 0.456) um""]",Ames,TP3,4233,11,11,432.0,643.5,438.0,4623.0,2208.5,414.0,0.8315019064527475,0.35404281199079823,200,0.7575757575757576,Ames|4233|11|11,2022-08-10
Satellite/Ames/TP3/Ames-TP3-4233_11_12.TIF,bdeebb5b009152a831588b89e6f278fd1186bf7af5410e29b8d46ab15c531f25:24001:1790427155976035400,,,"[""Pleiades NEO Red (0.618 - 0.689) um"", ""Pleiades NEO Green (0.533 - 0.59) um"", ""Pleiades NEO Blue (0.446 - 0.52) um"", ""Pleiades NEO NIR (0.768 - 0.888) um"", ""Pleiades NEO Red Edge (0.696 - 0.749) um"", ""Pleiades NEO Deep Blue (0.416 - 0.456) um""]",Ames,TP3,4233,11,12,440.5,647.0,454.5,4485.0,2199.0,415.5,0.8216636670376527,0.3444982150864504,200,0.8264462809917356,Ames|4233|11|12,2022-08-10
Satellite/Ames/TP3/Ames-TP3-4233_11_2.TIF,bdeebb5b009152a831588b89e6f278fd1186bf7af5410e29b8d46ab15c531f25:23976:1790427153294344800,,,"[""Pleiades NEO Red (0.618 - 0.689) um"", ""Pleiades NEO Green (0.533 - 0.59) um"", ""Pleiades NEO Blue (0.446 - 0.52) um"", ""Pleiades NEO NIR (0.768 - 0.888) um"", ""Pleiades NEO Red Edge (0.696 - 0.749) um"", ""Pleiades NEO Deep Blue (0.416 - 0.456) um""]",Ames,TP3,4233,11,2,501.0,727.5,473.5,4304.5,2258.0,429.5,0.792449061126648,0.3104268197776545,200,0.8658008658008658,Ames|4233|11|2,2022-08-10
Satellite/Ames/TP3/Ames-TP3-4233_12_1.TIF,bdeebb5b009152a831588b89e6f278fd1186bf7af5410e29b8d46ab15c531f25:24138:1790427153983893700,,,"[""Pleiades NEO Red (0.618 - 0.689) um"", ""Pleiades NEO Green (0.533 - 0.59) um"", ""Pleiades NEO Blue (0.446 - 0.52) um"", ""Pleiades NEO NIR (0.768 - 0.888) um"", ""Pleiades NEO Red Edge (0.696 - 0.749) um"", ""Pleiades NEO Deep Blue (0.416 - 0.456) um""]",Ames,TP3,4233,12,1,495.5,679.5,473.0,4260.0,2179.5,430.0,0.7895468606120447,0.3216664298228789,208,0.9004329004329005,Ames|4233|12|1,2022-08-10
Satellite/Ames/TP3/Ames-TP3-4233_12_11.TIF,bdeebb5b009152a831588b89e6f278fd1186bf7af5410e29b8d46ab15c531f25:24014:1790427154178407700,,,"[""Pleiades NEO Red (0.618 - 0.689) um"", ""Pleiades NEO Green (0.533 - 0.59) um"", ""Pleiades NEO Blue (0.446 - 0.52) um"", ""Pleiades NEO NIR (0.768 - 0.888) um"", ""Pleiades NEO Red Edge (0.696 - 0.749) um"", ""Pleiades NEO Deep Blue (0.416 - 0.456) um""]",Ames,TP3,4233,12,11,415.5,637.5,436.5,4607.5,2175.0,417.0,0.8345498749389006,0.35598311699294194,202,0.8744588744588745,Ames|4233|12|11,2022-08-10
Satellite/Ames/TP3/Ames-TP3-4233_12_12.TIF,bdeebb5b009152a831588b89e6f278fd1186bf7af5410e29b8d46ab15c531f25:24017:1790427153988893800,,,"[""Pleiades NEO Red (0.618 - 0.689) um"", ""Pleiades NEO Green (0.533 - 0.59) um"", ""Pleiades NEO Blue (0.446 - 0.52) um"", ""Pleiades NEO NIR (0.768 - 0.888) um"", ""Pleiades NEO Red Edge (0.696 - 0.749) um"", ""Pleiades NEO Deep Blue (0.416 - 0.456) um""]",Ames,TP3,4233,12,12,439.5,658.5,453.0,4530.5,2200.5,420.0,0.8239487001040526,0.3494391125349896,200,0.8658008658008658,Ames|4233|12|12,2022-08-10
Satellite/Ames/TP3/Ames-TP3-4233_12_2.TIF,bdeebb5b009152a831588b89e6f278fd1186bf7af5410e29b8d46ab15c531f25:24378:1790427154183410200,,,"[""Pleiades NEO Red (0.618 - 0.689) um"", ""Pleiades NEO Green (0.533 - 0.59) um"", ""Pleiades NEO Blue (0.446 - 0.52) um"", ""Pleiades NEO NIR (0.768 - 0.888) um"", ""Pleiades NEO Red Edge (0.696 - 0.749) um"", ""Pleiades NEO Deep Blue (0.416 - 0.456) um""]",Ames,TP3,4233,12,2,511.0,729.5,492.0,4124.0,2203.0,444.0,0.7789346383454366,0.3020184636656315,220,0.9523809523809523,Ames|4233|12|2,2022-08-10
Satellite/Ames/TP3/Ames-TP3-4233_13_1.TIF,bdeebb5b009152a831588b89e6f278fd1186bf7af5410e29b8d46ab15c531f25:24058:1790427153329347800,,,"[""Pleiades NEO Red (0.618 - 0.689) um"", ""Pleiades NEO Green (0.533 - 0.59) um"", ""Pleiades NEO Blue (0.446 - 0.52) um"", ""Pleiades NEO NIR (0.768 - 0.888) um"", ""Pleiades NEO Red Edge (0.696 - 0.749) um"", ""Pleiades NEO Deep Blue (0.416 - 0.456) um""]",Ames,TP3,4233,13,1,501.5,678.5,473.0,4231.0,2189.0,416.5,0.788022834165081,0.3167821784647765,204,0.8429752066115702,Ames|4233|13|1,2022-08-10
Satellite/Ames/TP3/Ames-TP3-4233_13_11.TIF,bdeebb5b009152a831588b89e6f278fd1186bf7af5410e29b8d46ab15c531f25:24226:1790427155571008600,,,"[""Pleiades NEO Red (0.618 - 0.689) um"", ""Pleiades NEO Green (0.533 - 0.59) um"", ""Pleiades NEO Blue (0.446 - 0.52) um"", ""Pleiades NEO NIR (0.768 - 0.888) um"", ""Pleiades NEO Red Edge (0.696 - 0.749) um"", ""Pleiades NEO Deep Blue (0.416 - 0.456) um""]",Ames,TP3,4233,13,11,426.5,648.0,449.0,4712.0,2253.0,412.5,0.8329708327457277,0.3511301354261197,216,0.935064935064935,Ames|4233|13|11,2022-08-10
Satellite/Ames/TP3/Ames-TP3-4233_13_12.TIF,bdeebb5b009152a831588b89e6f278fd1186bf7af5410e29b8d46ab15c531f25:24304:1790427155753021700,,,"[""Pleiades NEO Red (0.618 - 0.689) um"", ""Pleiades NEO Green (0.533 - 0.59) um"", ""Pleiades NEO Blue (0.446 - 0.52) um"", ""Pleiades NEO NIR (0.768 - 0.888) um"", ""Pleiades NEO Red Edge (0.696 - 0.749) um"", ""Pleiades NEO Deep Blue (0.416 - 0.456) um""]",Ames,TP3,4233,13,12,441.0,662.0,452.0,4634.0,2285.0,410.0,0.8244165170556553,0.3478132387706856,219,0.948051948051948,Ames|4233|13|12,2022-08-10
Satellite/Ames/TP3/Ames-TP3-4233_13_2.TIF,bdeebb5b009152a831588b89e6f278fd1186bf7af5410e29b8d46ab15c531f25:23983:1790427153141333600,,,"[""Pleiades NEO Red (0.618 - 0.689) um"", ""Pleiades NEO Green (0.533 - 0.59) um"", ""Pleiades NEO Blue (0.446 - 0.52) um"", ""Pleiades NEO NIR (0.768 - 0.888) um"", ""Pleiades NEO Red Edge (0.696 - 0.749) um"", ""Pleiades NEO Deep Blue (0.416 - 0.456) um""]",Ames,TP3,4233,13,2,489.5,709.0,478.5,4285.5,2247.5,430.0,0.7962079654758137,0.30967546436872484,200,0.8658008658008658,Ames|4233|13|2,2022-08-10
Satellite/Ames/TP3/Ames-TP3-4233_14_1.TIF,bdeebb5b009152a831588b89e6f278fd1186bf7af5410e29b8d46ab15c531f25:24023:1790427154280917400,,,"[""Pleiades NEO Red (0.618 - 0.689) um"", ""Pleiades NEO Green (0.533 - 0.59) um"", ""Pleiades NEO Blue (0.446 - 0.52) um"", ""Pleiades NEO NIR (0.768 - 0.888) um"", ""Pleiades NEO Red Edge (0.696 - 0.749) um"", ""Pleiades NEO Deep Blue (0.416 - 0.456) um""]",Ames,TP3,4233,14,1,529.5,719.5,489.0,4249.5,2236.0,432.0,0.7767788141807206,0.30877236775575356,200,0.8264462809917356,Ames|4233|14|1,2022-08-10
Satellite/Ames/TP3/Ames-TP3-4233_14_11.TIF,bdeebb5b009152a831588b89e6f278fd1186bf7af5410e29b8d46ab15c531f25:24029:1790427153102333600,,,"[""Pleiades NEO Red (0.618 - 0.689) um"", ""Pleiades NEO Green (0.533 - 0.59) um"", ""Pleiades NEO Blue (0.446 - 0.52) um"", ""Pleiades NEO NIR (0.768 - 0.888) um"", ""Pleiades NEO Red Edge (0.696 - 0.749) um"", ""Pleiades NEO Deep Blue (0.416 - 0.456) um""]",Ames,TP3,4233,14,11,438.0,691.0,456.0,4693.0,2323.0,428.0,0.8296529968454258,0.33615102845872075,203,0.8787878787878788,Ames|4233|14|11,2022-08-10
Satellite/Ames/TP3/Ames-TP3-4233_14_12.TIF,bdeebb5b009152a831588b89e6f278fd1186bf7af5410e29b8d46ab15c531f25:24104:1790427153289842500,,,"[""Pleiades NEO Red (0.618 - 0.689) um"", ""Pleiades NEO Green (0.533 - 0.59) um"", ""Pleiades NEO Blue (0.446 - 0.52) um"", ""Pleiades NEO NIR (0.768 - 0.888) um"", ""Pleiades NEO Red Edge (0.696 - 0.749) um"", ""Pleiades NEO Deep Blue (0.416 - 0.456) um""]",Ames,TP3,4233,14,12,463.0,683.0,464.0,4521.0,2269.0,423.0,0.8123873753229991,0.3378003429147174,202,0.8744588744588745,Ames|4233|14|12,2022-08-10
Satellite/Ames/TP3/Ames-TP3-4233_14_2.TIF,bdeebb5b009152a831588b89e6f278fd1186bf7af5410e29b8d46ab15c531f25:23993:1790427154466928200,,,"[""Pleiades NEO Red (0.618 - 0.689) um"", ""Pleiades NEO Green (0.533 - 0.59) um"", ""Pleiades NEO Blue (0.446 - 0.52) um"", ""Pleiades NEO NIR (0.768 - 0.888) um"", ""Pleiades NEO Red Edge (0.696 - 0.749) um"", ""Pleiades NEO Deep Blue (0.416 - 0.456) um""]",Ames,TP3,4233,14,2,493.0,716.5,463.0,4269.5,2245.0,421.5,0.7948321794211368,0.3054045537890647,200,0.8264462809917356,Ames|4233|14|2,2022-08-10
Satellite/Ames/TP3/Ames-TP3-4233_15_1.TIF,bdeebb5b009152a831588b89e6f278fd1186bf7af5410e29b8d46ab15c531f25:24030:1790427153809385400,,,"[""Pleiades NEO Red (0.618 - 0.689) um"", ""Pleiades NEO Green (0.533 - 0.59) um"", ""Pleiades NEO Blue (0.446 - 0.52) um"", ""Pleiades NEO NIR (0.768 - 0.888) um"", ""Pleiades NEO Red Edge (0.696 - 0.749) um"", ""Pleiades NEO Deep Blue (0.416 - 0.456) um""]",Ames,TP3,4233,15,1,569.5,749.0,507.5,3953.5,2183.0,448.0,0.7498851252980696,0.29159027278973215,200,0.7936507936507936,Ames|4233|15|1,2022-08-10
Satellite/Ames/TP3/Ames-TP3-4233_15_11.TIF,bdeebb5b009152a831588b89e6f278fd1186bf7af5410e29b8d46ab15c531f25:23975:1790427154994972600,,,"[""Pleiades NEO Red (0.618 - 0.689) um"", ""Pleiades NEO Green (0.533 - 0.59) um"", ""Pleiades NEO Blue (0.446 - 0.52) um"", ""Pleiades NEO NIR (0.768 - 0.888) um"", ""Pleiades NEO Red Edge (0.696 - 0.749) um"", ""Pleiades NEO Deep Blue (0.416 - 0.456) um""]",Ames,TP3,4233,15,11,454.0,716.5,466.0,4674.0,2391.0,431.0,0.8245174944349181,0.32387597013931535,200,0.8264462809917356,Ames|4233|15|11,2022-08-10
Satellite/Ames/TP3/Ames-TP3-4233_15_12.TIF,bdeebb5b009152a831588b89e6f278fd1186bf7af5410e29b8d46ab15c531f25:24061:1790427154784952900,,,"[""Pleiades NEO Red (0.618 - 0.689) um"", ""Pleiades NEO Green (0.533 - 0.59) um"", ""Pleiades NEO Blue (0.446 - 0.52) um"", ""Pleiades NEO NIR (0.768 - 0.888) um"", ""Pleiades NEO Red Edge (0.696 - 0.749) um"", ""Pleiades NEO Deep Blue (0.416 - 0.456) um""]",Ames,TP3,4233,15,12,501.0,747.0,481.5,4526.0,2380.5,446.5,0.8022971254854263,0.3144593957899886,200,0.8264462809917356,Ames|4233|15|12,2022-08-10
Satellite/Ames/TP3/Ames-TP3-4233_15_2.TIF,bdeebb5b009152a831588b89e6f278fd1186bf7af5410e29b8d46ab15c531f25:24010:1790427153620370900,,,"[""Pleiades NEO Red (0.618 - 0.689) um"", ""Pleiades NEO Green (0.533 - 0.59) um"", ""Pleiades NEO Blue (0.446 - 0.52) um"", ""Pleiades NEO NIR (0.768 - 0.888) um"", ""Pleiades NEO Red Edge (0.696 - 0.749) um"", ""Pleiades NEO Deep Blue (0.416 - 0.456) um""]",Ames,TP3,4233,15,2,500.5,733.0,469.5,4215.5,2280.5,419.5,0.7899301248022885,0.29739339866575576,200,0.7936507936507936,Ames|4233|15|2,2022-08-10
Satellite/Ames/TP3/Ames-TP3-4233_16_1.TIF,bdeebb5b009152a831588b89e6f278fd1186bf7af5410e29b8d46ab15c531f25:24231:1790427154408928200,,,"[""Pleiades NEO Red (0.618 - 0.689) um"", ""Pleiades NEO Green (0.533 - 0.59) um"", ""Pleiades NEO Blue (0.446 - 0.52) um"", ""Pleiades NEO NIR (0.768 - 0.888) um"", ""Pleiades NEO Red Edge (0.696 - 0.749) um"", ""Pleiades NEO Deep Blue (0.416 - 0.456) um""]",Ames,TP3,4233,16,1,603.5,778.5,520.0,3965.5,2256.0,459.0,0.7322434674326581,0.2736438733078741,210,0.8333333333333334,Ames|4233|16|1,2022-08-10
Satellite/Ames/TP3/Ames-TP3-4233_16_11.TIF,bdeebb5b009152a831588b89e6f278fd1186bf7af5410e29b8d46ab15c531f25:24006:1790427153655370900,,,"[""Pleiades NEO Red (0.618 - 0.689) um"", ""Pleiades NEO Green (0.533 - 0.59) um"", ""Pleiades NEO Blue (0.446 - 0.52) um"", ""Pleiades NEO NIR (0.768 - 0.888) um"", ""Pleiades NEO Red Edge (0.696 - 0.749) um"", ""Pleiades NEO Deep Blue (0.416 - 0.456) um""]",Ames,TP3,4233,16,11,478.5,770.0,471.0,4622.5,2454.0,419.0,0.8100591342089438,0.30582275521123237,200,0.7936507936507936,Ames|4233|16|11,2022-08-10
Satellite/Ames/TP3/Ames-TP3-4233_16_12.TIF,bdeebb5b009152a831588b89e6f278fd1186bf7af5410e29b8d46ab15c531f25:24088:1790427153471854300,,,"[""Pleiades NEO Red (0.618 - 0.689) um"", ""Pleiades NEO Green (0.533 - 0.59) um"", ""Pleiades NEO Blue (0.446 - 0.52) um"", ""Pleiades NEO NIR (0.768 - 0.888) um"", ""Pleiades NEO Red Edge (0.696 - 0.749) um"", ""Pleiades NEO Deep Blue (0.416 - 0.456) um""]",Ames,TP3,4233,16,12,506.0,763.5,491.0,4468.5,2378.0,435.5,0.7994989632416534,0.3056630503933979,200,0.7575757575757576,Ames|4233|16|12,2022-08-10
Satellite/Ames/TP3/Ames-TP3-4233_16_2.TIF,bdeebb5b009152a831588b89e6f278fd1186bf7af5410e29b8d46ab15c531f25:24233:1790427154226915000,,,"[""Pleiades NEO Red (0.618 - 0.689) um"", ""Pleiades NEO Green (0.533 - 0.59) um"", ""Pleiades NEO Blue (0.446 - 0.52) um"", ""Pleiades NEO NIR (0.768 - 0.888) um"", ""Pleiades NEO Red Edge (0.696 - 0.749) um"", ""Pleiades NEO Deep Blue (0.416 - 0.456) um""]",Ames,TP3,4233,16,2,547.0,780.0,500.0,4078.0,2350.0,435.0,0.7658446646692786,0.2731512325116589,207,0.8961038961038961,Ames|4233|16|2,2022-08-10
Satellite/Ames/TP3/Ames-TP3-4233_17_1.TIF,bdeebb5b009152a831588b89e6f278fd1186bf7af5410e29b8d46ab15c531f25:24083:1790427153466854400,,,"[""Pleiades NEO Red (0.618 - 0.689) um"", ""Pleiades NEO Green (0.533 - 0.59) um"", ""Pleiades NEO Blue (0.446 - 0.52) um"", ""Pleiades NEO NIR (0.768 - 0.888) um"", ""Pleiades NEO Red Edge (0.696 - 0.749) um"", ""Pleiades NEO Deep Blue (0.416 - 0.456) um""]",Ames,TP3,4233,17,1,565.0,769.0,510.5,3866.5,2166.5,453.5,0.7456729486777861,0.2822503117309333,200,0.8658008658008658,Ames|4233|17|1,2022-08-10
Satellite/Ames/TP3/Ames-TP3-4233_17_11.TIF,bdeebb5b009152a831588b89e6f278fd1186bf7af5410e29b8d46ab15c531f25:24187:1790427155114479500,,,"[""Pleiades NEO Red (0.618 - 0.689) um"", ""Pleiades NEO Green (0.533 - 0.59) um"", ""Pleiades NEO Blue (0.446 - 0.52) um"", ""Pleiades NEO NIR (0.768 - 0.888) um"", ""Pleiades NEO Red Edge (0.696 - 0.749) um"", ""Pleiades NEO Deep Blue (0.416 - 0.456) um""]",Ames,TP3,4233,17,11,455.5,711.0,468.5,4569.5,2320.0,425.0,0.8193761551471279,0.3227386141795457,210,0.8333333333333334,Ames|4233|17|11,2022-08-10
Satellite/Ames/TP3/Ames-TP3-4233_17_12.TIF,bdeebb5b009152a831588b89e6f278fd1186bf7af5410e29b8d46ab15c531f25:24146:1790427155376493300,,,"[""Pleiades NEO Red (0.618 - 0.689) um"", ""Pleiades NEO Green (0.533 - 0.59) um"", ""Pleiades NEO Blue (0.446 - 0.52) um"", ""Pleiades NEO NIR (0.768 - 0.888) um"", ""Pleiades NEO Red Edge (0.696 - 0.749) um"", ""Pleiades NEO Deep Blue (0.416 - 0.456) um""]",Ames,TP3,4233,17,12,485.0,739.0,483.0,4518.0,2380.0,426.0,0.8055646899335394,0.3136114856715647,202,0.8744588744588745,Ames|4233|17|12,2022-08-10
Satellite/Ames/TP3/Ames-TP3-4233_17_2.TIF,bdeebb5b009152a831588b89e6f278fd1186bf7af5410e29b8d46ab15c531f25:24158:1790427153659370800,,,"[""Pleiades NEO Red (0.618 - 0.689) um"", ""Pleiades NEO Green (0.533 - 0.59) um"", ""Pleiades NEO Blue (0.446 - 0.52) um"", ""Pleiades NEO NIR (0.768 - 0.888) um"", ""Pleiades NEO Red Edge (0.696 - 0.749) um"", ""Pleiades NEO Deep Blue (0.416 - 0.456) um""]",Ames,TP3,4233,17,2,542.0,771.0,514.0,4102.0,2282.0,441.0,0.762488646684832,0.2847929395790903,203,0.8787878787878788,Ames|4233|17|2,2022-08-10
Satellite/Ames/TP3/Ames-TP3-4233_18_1.TIF,bdeebb5b009152a831588b89e6f278fd1186bf7af5410e29b8d46ab15c531f25:24164:1790427154852457300,,,"[""Pleiades NEO Red (0.618 - 0.689) um"", ""Pleiades NEO Green (0.533 - 0.59) um"", ""Pleiades NEO Blue (0.446 - 0.52) um"", ""Pleiades NEO NIR (0.768 - 0.888) um"", ""Pleiades NEO Red Edge (0.696 - 0.749) um"", ""Pleiades NEO Deep Blue (0.416 - 0.456) um""]",Ames,TP3,4233,18,1,571.0,755.5,522.0,3848.0,2124.5,457.0,0.7423232597672398,0.28848724756379907,206,0.8512396694214877,Ames|4233|18|1,2022-08-10
Satellite/Ames/TP3/Ames-TP3-4233_18_11.TIF,bdeebb5b009152a831588b89e6f278fd1186bf7af5410e29b8d46ab15c531f25:24029:1790427153065826600,,,"[""Pleiades NEO Red (0.618 - 0.689) um"", ""Pleiades NEO Green (0.533 - 0.59) um"", ""Pleiades NEO Blue (0.446 - 0.52) um"", ""Pleiades NEO NIR (0.768 - 0.888) um"", ""Pleiades NEO Red Edge (0.696 - 0.749) um"", ""Pleiades NEO Deep Blue (0.416 - 0.456) um""]",Ames,TP3,4233,18,11,498.5,746.0,497.0,4451.0,2323.0,446.5,0.7963047835327903,0.3068911382658215,200,0.8658008658008658,Ames|4233|18|11,2022-08-10
Satellite/Ames/TP3/Ames-TP3-4233_18_12.TIF,bdeebb5b009152a831588b89e6f278fd1186bf7af5410e29b8d46ab15c531f25:24201:1790427153244840500,,,"[""Pleiades NEO Red (0.618 - 0.689) um"", ""Pleiades NEO Green (0.533 - 0.59) um"", ""Pleiades NEO Blue (0.446 - 0.52) um"", ""Pleiades NEO NIR (0.768 - 0.888) um"", ""Pleiades NEO Red Edge (0.696 - 0.749) um"", ""Pleiades NEO Deep Blue (0.416 - 0.456) um""]",Ames,TP3,4233,18,12,504.0,747.0,485.5,4442.0,2296.0,431.5,0.7982685666672251,0.32484453124866275,208,0.9004329004329005,Ames|4233|18|12,2022-08-10
Satellite/Ames/TP3/Ames-TP3-4233_18_2.TIF,bdeebb5b009152a831588b89e6f278fd1186bf7af5410e29b8d46ab15c531f25:24269:1790427154614443900,,,"[""Pleiades NEO Red (0.618 - 0.689) um"", ""Pleiades NEO Green (0.533 - 0.59) um"", ""Pleiades NEO Blue (0.446 - 0.52) um"", ""Pleiades NEO NIR (0.768 - 0.888) um"", ""Pleiades NEO Red Edge (0.696 - 0.749) um"", ""Pleiades NEO Deep Blue (0.416 - 0.456) um""]",Ames,TP3,4233,18,2,597.0,795.0,531.0,3926.5,2215.0,474.0,0.7346601721654107,0.2749922621609564,210,0.8677685950413223,Ames|4233|18|2,2022-08-10
Satellite/Ames/TP3/Ames-TP3-4233_19_1.TIF,bdeebb5b009152a831588b89e6f278fd1186bf7af5410e29b8d46ab15c531f25:24139:1790427155551008600,,,"[""Pleiades NEO Red (0.618 - 0.689) um"", ""Pleiades NEO Green (0.533 - 0.59) um"", ""Pleiades NEO Blue (0.446 - 0.52) um"", ""Pleiades NEO NIR (0.768 - 0.888) um"", ""Pleiades NEO Red Edge (0.696 - 0.749) um"", ""Pleiades NEO Deep Blue (0.416 - 0.456) um""]",Ames,TP3,4233,19,1,562.0,770.5,503.0,3977.5,2253.5,459.0,0.7516663661343643,0.2769926198516004,204,0.8831168831168831,Ames|4233|19|1,2022-08-10
Satellite/Ames/TP3/Ames-TP3-4233_19_11.TIF,bdeebb5b009152a831588b89e6f278fd1186bf7af5410e29b8d46ab15c531f25:24115:1790427154910964000,,,"[""Pleiades NEO Red (0.618 - 0.689) um"", ""Pleiades NEO Green (0.533 - 0.59) um"", ""Pleiades NEO Blue (0.446 - 0.52) um"", ""Pleiades NEO NIR (0.768 - 0.888) um"", ""Pleiades NEO Red Edge (0.696 - 0.749) um"", ""Pleiades NEO Deep Blue (0.416 - 0.456) um""]",Ames,TP3,4233,19,11,504.0,748.0,489.0,4418.0,2309.0,445.0,0.7961044343141318,0.3125989920806336,203,0.8388429752066116,Ames|4233|19|11,2022-08-10
Satellite/Ames/TP3/Ames-TP3-4233_19_12.TIF,bdeebb5b009152a831588b89e6f278fd1186bf7af5410e29b8d46ab15c531f25:24254:1790427154679446000,,,"[""Pleiades NEO Red (0.618 - 0.689) um"", ""Pleiades NEO Green (0.533 - 0.59) um"", ""Pleiades NEO Blue (0.446 - 0.52) um"", ""Pleiades NEO NIR (0.768 - 0.888) um"", ""Pleiades NEO Red Edge (0.696 - 0.749) um"", ""Pleiades NEO Deep Blue (0.416 - 0.456) um""]",Ames,TP3,4233,19,12,506.0,741.0,491.0,4486.0,2327.0,449.0,0.7980468030219274,0.3217216546642104,211,0.9134199134199135,Ames|4233|19|12,2022-08-10
Satellite/Ames/TP3/Ames-TP3-4233_19_2.TIF,bdeebb5b009152a831588b89e6f278fd1186bf7af5410e29b8d46ab15c531f25:24106:1790427155738021700,,,"[""Pleiades NEO Red (0.618 - 0.689) um"", ""Pleiades NEO Green (0.533 - 0.59) um"", ""Pleiades NEO Blue (0.446 - 0.52) um"", ""Pleiades NEO NIR (0.768 - 0.888) um"", ""Pleiades NEO Red Edge (0.696 - 0.749) um"", ""Pleiades NEO Deep Blue (0.416 - 0.456) um""]",Ames,TP3,4233,19,2,622.0,814.5,526.0,3910.0,2255.5,459.5,0.7223112128146454,0.26735442607978405,200,0.8264462809917356,Ames|4233|19|2,2022-08-10
Satellite/Ames/TP3/Ames-TP3-4233_1_1.TIF,bdeebb5b009152a831588b89e6f278fd1186bf7af5410e29b8d46ab15c531f25:24067:1790427155236986400,,,"[""Pleiades NEO Red (0.618 - 0.689) um"", ""Pleiades NEO Green (0.533 - 0.59) um"", ""Pleiades NEO Blue (0.446 - 0.52) um"", ""Pleiades NEO NIR (0.768 - 0.888) um"", ""Pleiades NEO Red Edge (0.696 - 0.749) um"", ""Pleiades NEO Deep Blue (0.416 - 0.456) um""]",Ames,TP3,4233,1,1,519.5,722.0,489.5,4279.5,2242.5,434.5,0.7856590485522769,0.3138103686427387,204,0.8831168831168831,Ames|4233|1|1,2022-08-10
Satellite/Ames/TP3/Ames-TP3-4233_1_10.TIF,bdeebb5b009152a831588b89e6f278fd1186bf7af5410e29b8d46ab15c531f25:24156:1790427153615370900,,,"[""Pleiades NEO Red (0.618 - 0.689) um"", ""Pleiades NEO Green (0.533 - 0.59) um"", ""Pleiades NEO Blue (0.446 - 0.52) um"", ""Pleiades NEO NIR (0.768 - 0.888) um"", ""Pleiades NEO Red Edge (0.696 - 0.749) um"", ""Pleiades NEO Deep Blue (0.416 - 0.456) um""]",Ames,TP3,4233,1,10,509.5,763.5,479.0,4453.0,2384.5,430.5,0.792955552368203,0.30167886158253354,206,0.8512396694214877,Ames|4233|1|10,2022-08-10
Satellite/Ames/TP3/Ames-TP3-4233_1_11.TIF,bdeebb5b009152a831588b89e6f278fd1186bf7af5410e29b8d46ab15c531f25:24184:1790427153436854500,,,"[""Pleiades NEO Red (0.618 - 0.689) um"", ""Pleiades NEO Green (0.533 - 0.59) um"", ""Pleiades NEO Blue (0.446 - 0.52) um"", ""Pleiades NEO NIR (0.768 - 0.888) um"", ""Pleiades NEO Red Edge (0.696 - 0.749) um"", ""Pleiades NEO Deep Blue (0.416 - 0.456) um""]",Ames,TP3,4233,1,11,549.0,798.0,496.0,4435.0,2423.0,443.0,0.7788904466252754,0.2948328267477204,211,0.871900826446281,Ames|4233|1|11,2022-08-10
Satellite/Ames/TP3/Ames-TP3-4233_1_12.TIF,bdeebb5b009152a831588b89e6f278fd1186bf7af5410e29b8d46ab15c531f25:24144:1790427153630370800,,,"[""Pleiades NEO Red (0.618 - 0.689) um"", ""Pleiades NEO Green (0.533 - 0.59) um"", ""Pleiades NEO Blue (0.446 - 0.52) um"", ""Pleiades NEO NIR (0.768 - 0.888) um"", ""Pleiades NEO Red Edge (0.696 - 0.749) um"", ""Pleiades NEO Deep Blue (0.416 - 0.456) um""]",Ames,TP3,4233,1,12,575.0,805.0,516.0,4212.0,2392.0,460.0,0.7613401091661961,0.28006947459834997,203,0.8787878787878788,Ames|4233|1|12,2022-08-10
Satellite/Ames/TP3/Ames-TP3-4233_1_2.TIF,bdeebb5b009152a831588b89e6f278fd1186bf7af5410e29b8d46ab15c531f25:24078:1790427155014972700,,,"[""Pleiades NEO Red (0.618 - 0.689) um"", ""Pleiades NEO Green (0.533 - 0.59) um"", ""Pleiades NEO Blue (0.446 - 0.52) um"", ""Pleiades NEO NIR (0.768 - 0.888) um"", ""Pleiades NEO Red Edge (0.696 - 0.749) um"", ""Pleiades NEO Deep Blue (0.416 - 0.456) um""]",Ames,TP3,4233,1,2,535.5,746.0,502.5,4237.0,2265.0,455.5,0.7748987610032909,0.29852272175678096,200,0.8264462809917356,Ames|4233|1|2,2022-08-10
Satellite/Ames/TP3/Ames-TP3-4233_1_3.TIF,bdeebb5b009152a831588b89e6f278fd1186bf7af5410e29b8d46ab15c531f25:24244:1790427155198986400,,,"[""Pleiades NEO Red (0.618 - 0.689) um"", ""Pleiades NEO Green (0.533 - 0.59) um"", ""Pleiades NEO Blue (0.446 - 0.52) um"", ""Pleiades NEO NIR (0.768 - 0.888) um"", ""Pleiades NEO Red Edge (0.696 - 0.749) um"", ""Pleiades NEO Deep Blue (0.416 - 0.456) um""]",Ames,TP3,4233,1,3,608.5,748.0,543.0,3495.0,2079.0,498.5,0.6848187497925918,0.21126922901723288,200,0.8264462809917356,Ames|4233|1|3,2022-08-10
Satellite/Ames/TP3/Ames-TP3-4233_1_4.TIF,bdeebb5b009152a831588b89e6f278fd1186bf7af5410e29b8d46ab15c531f25:24134:1790427154555937100,,,"[""Pleiades NEO Red (0.618 - 0.689) um"", ""Pleiades NEO Green (0.533 - 0.59) um"", ""Pleiades NEO Blue (0.446 - 0.52) um"", ""Pleiades NEO NIR (0.768 - 0.888) um"", ""Pleiades NEO Red Edge (0.696 - 0.749) um"", ""Pleiades NEO Deep Blue (0.416 - 0.456) um""]",Ames,TP3,4233,1,4,521.5,726.5,507.5,3647.5,2071.0,459.5,0.7629855377389567,0.2744036353728302,200,0.8658008658008658,Ames|4233|1|4,2022-08-10
Satellite/Ames/TP3/Ames-TP3-4233_1_5.TIF,bdeebb5b009152a831588b89e6f278fd1186bf7af5410e29b8d46ab15c531f25:24125:1790427154758950400,,,"[""Pleiades NEO Red (0.618 - 0.689) um"", ""Pleiades NEO Green (0.533 - 0.59) um"", ""Pleiades NEO Blue (0.446 - 0.52) um"", ""Pleiades NEO NIR (0.768 - 0.888) um"", ""Pleiades NEO Red Edge (0.696 - 0.749) um"", ""Pleiades NEO Deep Blue (0.416 - 0.456) um""]",Ames,TP3,4233,1,5,523.0,767.0,487.0,4340.0,2384.0,433.0,0.7852658015906236,0.2966895690193629,201,0.7976190476190477,Ames|4233|1|5,2022-08-10
Satellite/Ames/TP3/Ames-TP3-4233_1_6.TIF,bdeebb5b009152a831588b89e6f278fd1186bf7af5410e29b8d46ab15c531f25:24227:1790427154974964100,,,"[""Pleiades NEO Red (0.618 - 0.689) um"", ""Pleiades NEO Green (0.533 - 0.59) um"", ""Pleiades NEO Blue (0.446 - 0.52) um"", ""Pleiades NEO NIR (0.768 - 0.888) um"", ""Pleiades NEO Red Edge (0.696 - 0.749) um"", ""Pleiades NEO Deep Blue (0.416 - 0.456) um""]",Ames,TP3,4233,1,6,529.0,770.0,492.5,4310.0,2376.5,444.5,0.7836521202559361,0.2899511767055556,210,0.8333333333333334,Ames|4233|1|6,2022-08-10
Satellite/Ames/TP3/Ames-TP3-4233_1_7.TIF,bdeebb5b009152a831588b89e6f278fd1186bf7af5410e29b8d46ab15c531f25:24199:1790427154822457400,,,"[""Pleiades NEO Red (0.618 - 0.689) um"", ""Pleiades NEO Green (0.533 - 0.59) um"", ""Pleiades NEO Blue (0.446 - 0.52) um"", ""Pleiades NEO NIR (0.768 - 0.888) um"", ""Pleiades NEO Red Edge (0.696 - 0.749) um"", ""Pleiades NEO Deep Blue (0.416 - 0.456) um""]",Ames,TP3,4233,1,7,567.0,820.0,507.5,4346.0,2464.5,452.5,0.7718118987771734,0.2821498030425395,206,0.8917748917748918,Ames|4233|1|7,2022-08-10
Satellite/Ames/TP3/Ames-TP3-4233_1_8.TIF,bdeebb5b009152a831588b89e6f278fd1186bf7af5410e29b8d46ab15c531f25:24044:1790427154389423800,,,"[""Pleiades NEO Red (0.618 - 0.689) um"", ""Pleiades NEO Green (0.533 - 0.59) um"", ""Pleiades NEO Blue (0.446 - 0.52) um"", ""Pleiades NEO NIR (0.768 - 0.888) um"", ""Pleiades NEO Red Edge (0.696 - 0.749) um"", ""Pleiades NEO Deep Blue (0.416 - 0.456) um""]",Ames,TP3,4233,1,8,524.0,789.0,483.5,4367.0,2459.5,435.0,0.7877401358082101,0.28680883448830974,200,0.8658008658008658,Ames|4233|1|8,2022-08-10
Satellite/Ames/TP3/Ames-TP3-4233_1_9.TIF,bdeebb5b009152a831588b89e6f278fd1186bf7af5410e29b8d46ab15c531f25:24048:1790427154506937200,,,"[""Pleiades NEO Red (0.618 - 0.689) um"", ""Pleiades NEO Green (0.533 - 0.59) um"", ""Pleiades NEO Blue (0.446 - 0.52) um"", ""Pleiades NEO NIR (0.768 - 0.888) um"", ""Pleiades NEO Red Edge (0.696 - 0.749) um"", ""Pleiades NEO Deep Blue (0.416 - 0.456) um""]",Ames,TP3,4233,1,9,523.5,784.5,499.0,4456.5,2421.5,446.5,0.7910521102809487,0.3021247266708664,200,0.8264462809917356,Ames|4233|1|9,2022-08-10
Satellite/Ames/TP3/Ames-TP3-4233_20_1.TIF,bdeebb5b009152a831588b89e6f278fd1186bf7af5410e29b8d46ab15c531f25:24211:1790427156382566500,,,"[""Pleiades NEO Red (0.618 - 0.689) um"", ""Pleiades NEO Green (0.533 - 0.59) um"", ""Pleiades NEO Blue (0.446 - 0.52) um"", ""Pleiades NEO NIR (0.768 - 0.888) um"", ""Pleiades NEO Red Edge (0.696 - 0.749) um"", ""Pleiades NEO Deep Blue (0.416 - 0.456) um""]",Ames,TP3,4233,20,1,539.5,785.5,495.0,4068.5,2309.0,450.5,0.7636574569857928,0.2742814007223826,208,0.9004329004329005,Ames|4233|20|1,2022-08-10
Satellite/Ames/TP3/Ames-TP3-4233_20_11.TIF,bdeebb5b009152a831588b89e6f278fd1186bf7af5410e29b8d46ab15c531f25:24177:1790427153794382800,,,"[""Pleiades NEO Red (0.618 - 0.689) um"", ""Pleiades NEO Green (0.533 - 0.59) um"", ""Pleiades NEO Blue (0.446 - 0.52) um"", ""Pleiades NEO NIR (0.768 - 0.888) um"", ""Pleiades NEO Red Edge (0.696 - 0.749) um"", ""Pleiades NEO Deep Blue (0.416 - 0.456) um""]",Ames,TP3,4233,20,11,472.0,734.0,464.0,4534.0,2324.0,428.0,0.8120883378535452,0.3195636363636364,207,0.8553719008264463,Ames|4233|20|11,2022-08-10
Satellite/Ames/TP3/Ames-TP3-4233_20_12.TIF,bdeebb5b009152a831588b89e6f278fd1186bf7af5410e29b8d46ab15c531f25:24034:1790427153595370700,,,"[""Pleiades NEO Red (0.618 - 0.689) um"", ""Pleiades NEO Green (0.533 - 0.59) um"", ""Pleiades NEO Blue (0.446 - 0.52) um"", ""Pleiades NEO NIR (0.768 - 0.888) um"", ""Pleiades NEO Red Edge (0.696 - 0.749) um"", ""Pleiades NEO Deep Blue (0.416 - 0.456) um""]",Ames,TP3,4233,20,12,449.0,681.5,453.5,4456.0,2234.0,410.0,0.8179850609881233,0.3330913783063283,200,0.8264462809917356,Ames|4233|20|12,2022-08-10
Satellite/Ames/TP3/Ames-TP3-4233_20_2.TIF,bdeebb5b009152a831588b89e6f278fd1186bf7af5410e29b8d46ab15c531f25:24106:1790427156143550100,,,"[""Pleiades NEO Red (0.618 - 0.689) um"", ""Pleiades NEO Green (0.533 - 0.59) um"", ""Pleiades NEO Blue (0.446 - 0.52) um"", ""Pleiades NEO NIR (0.768 - 0.888) um"", ""Pleiades NEO Red Edge (0.696 - 0.749) um"", ""Pleiades NEO Deep Blue (0.416 - 0.456) um""]",Ames,TP3,4233,20,2,554.0,798.5,506.5,4125.0,2361.0,430.0,0.7638740383112816,0.2716260863934271,200,0.8658008658008658,Ames|4233|20|2,2022-08-10
Satellite/Ames/TP3/Ames-TP3-4233_21_1.TIF,bdeebb5b009152a831588b89e6f278fd1186bf7af5410e29b8d46ab15c531f25:24135:1790427155109479500,,,"[""Pleiades NEO Red (0.618 - 0.689) um"", ""Pleiades NEO Green (0.533 - 0.59) um"", ""Pleiades NEO Blue (0.446 - 0.52) um"", ""Pleiades NEO NIR (0.768 - 0.888) um"", ""Pleiades NEO Red Edge (0.696 - 0.749) um"", ""Pleiades NEO Deep Blue (0.416 - 0.456) um""]",Ames,TP3,4233,21,1,582.0,801.0,530.0,3973.0,2296.5,462.0,0.7469842946185806,0.26765288947551513,202,0.8015873015873016,Ames|4233|21|1,2022-08-10
Satellite/Ames/TP3/Ames-TP3-4233_21_11.TIF,bdeebb5b009152a831588b89e6f278fd1186bf7af5410e29b8d46ab15c531f25:24031:1790427155063972800,,,"[""Pleiades NEO Red (0.618 - 0.689) um"", ""Pleiades NEO Green (0.533 - 0.59) um"", ""Pleiades NEO Blue (0.446 - 0.52) um"", ""Pleiades NEO NIR (0.768 - 0.888) um"", ""Pleiades NEO Red Edge (0.696 - 0.749) um"", ""Pleiades NEO Deep Blue (0.416 - 0.456) um""]",Ames,TP3,4233,21,11,420.0,656.0,438.0,4578.0,2268.0,413.0,0.8314350797266514,0.34050179211469533,205,0.8874458874458875,Ames|4233|21|11,2022-08-10
Satellite/Ames/TP3/Ames-TP3-4233_21_12.TIF,bdeebb5b009152a831588b89e6f278fd1186bf7af5410e29b8d46ab15c531f25:23989:1790427155310493400,,,"[""Pleiades NEO Red (0.618 - 0.689) um"", ""Pleiades NEO Green (0.533 - 0.59) um"", ""Pleiades NEO Blue (0.446 - 0.52) um"", ""Pleiades NEO NIR (0.768 - 0.888) um"", ""Pleiades NEO Red Edge (0.696 - 0.749) um"", ""Pleiades NEO Deep Blue (0.416 - 0.456) um""]",Ames,TP3,4233,21,12,448.0,658.5,456.0,4573.0,2210.5,413.0,0.8210076210092687,0.34929855104060464,200,0.8658008658008658,Ames|4233|21|12,2022-08-10
Satellite/Ames/TP3/Ames-TP3-4233_21_2.TIF,bdeebb5b009152a831588b89e6f278fd1186bf7af5410e29b8d46ab15c531f25:24259:1790427155380495500,,,"[""Pleiades NEO Red (0.618 - 0.689) um"", ""Pleiades NEO Green (0.533 - 0.59) um"", ""Pleiades NEO Blue (0.446 - 0.52) um"", ""Pleiades NEO NIR (0.768 - 0.888) um"", ""Pleiades NEO Red Edge (0.696 - 0.749) um"", ""Pleiades NEO Deep Blue (0.416 - 0.456) um""]",Ames,TP3,4233,21,2,569.5,805.0,507.5,4096.5,2353.5,444.5,0.7585659066930979,0.2704719027164786,210,0.8333333333333334,Ames|4233|21|2,2022-08-10
Satellite/Ames/TP3/Ames-TP3-4233_22_1.TIF,bdeebb5b009152a831588b89e6f278fd1186bf7af5410e29b8d46ab15c531f25:24086:1790427155986037300,,,"[""Pleiades NEO Red (0.618 - 0.689) um"", ""Pleiades NEO Green (0.533 - 0.59) um"", ""Pleiades NEO Blue (0.446 - 0.52) um"", ""Pleiades NEO NIR (0.768 - 0.888) um"", ""Pleiades NEO Red Edge (0.696 - 0.749) um"", ""Pleiades NEO Deep Blue (0.416 - 0.456) um""]",Ames,TP3,4233,22,1,549.5,789.0,500.5,4082.5,2308.0,441.0,0.7591143935144805,0.2797760852372503,200,0.7575757575757576,Ames|4233|22|1,2022-08-10
Satellite/Ames/TP3/Ames-TP3-4233_22_11.TIF,bdeebb5b009152a831588b89e6f278fd1186bf7af5410e29b8d46ab15c531f25:24086:1790427153131333800,,,"[""Pleiades NEO Red (0.618 - 0.689) um"", ""Pleiades NEO Green (0.533 - 0.59) um"", ""Pleiades NEO Blue (0.446 - 0.52) um"", ""Pleiades NEO NIR (0.768 - 0.888) um"", ""Pleiades NEO Red Edge (0.696 - 0.749) um"", ""Pleiades NEO Deep Blue (0.416 - 0.456) um""]",Ames,TP3,4233,22,11,415.0,662.0,432.0,4668.0,2253.0,399.0,0.8394826930391784,0.3467000835421888,205,0.8134920634920635,Ames|4233|22|11,2022-08-10
Satellite/Ames/TP3/Ames-TP3-4233_22_12.TIF,bdeebb5b009152a831588b89e6f278fd1186bf7af5410e29b8d46ab15c531f25:24150:1790427153319347700,,,"[""Pleiades NEO Red (0.618 - 0.689) um"", ""Pleiades NEO Green (0.533 - 0.59) um"", ""Pleiades NEO Blue (0.446 - 0.52) um"", ""Pleiades NEO NIR (0.768 - 0.888) um"", ""Pleiades NEO Red Edge (0.696 - 0.749) um"", ""Pleiades NEO Deep Blue (0.416 - 0.456) um""]",Ames,TP3,4233,22,12,421.0,644.5,434.5,4655.0,2233.5,401.0,0.833582638766555,0.3537344381361567,210,0.8333333333333334,Ames|4233|22|12,2022-08-10
Satellite/Ames/TP3/Ames-TP3-4233_22_2.TIF,bdeebb5b009152a831588b89e6f278fd1186bf7af5410e29b8d46ab15c531f25:24062:1790427156205056000,,,"[""Pleiades NEO Red (0.618 - 0.689) um"", ""Pleiades NEO Green (0.533 - 0.59) um"", ""Pleiades NEO Blue (0.446 - 0.52) um"", ""Pleiades NEO NIR (0.768 - 0.888) um"", ""Pleiades NEO Red Edge (0.696 - 0.749) um"", ""Pleiades NEO Deep Blue (0.416 - 0.456) um""]",Ames,TP3,4233,22,2,567.5,807.5,504.5,4208.5,2368.0,437.0,0.7651811667864432,0.27638779838194427,200,0.8658008658008658,Ames|4233|22|2,2022-08-10
Satellite/Ames/TP3/Ames-TP3-4233_23_1.TIF,bdeebb5b009152a831588b89e6f278fd1186bf7af5410e29b8d46ab15c531f25:24022:1790427155295493400,,,"[""Pleiades NEO Red (0.618 - 0.689) um"", ""Pleiades NEO Green (0.533 - 0.59) um"", ""Pleiades NEO Blue (0.446 - 0.52) um"", ""Pleiades NEO NIR (0.768 - 0.888) um"", ""Pleiades NEO Red Edge (0.696 - 0.749) um"", ""Pleiades NEO Deep Blue (0.416 - 0.456) um""]",Ames,TP3,4233,23,1,626.0,759.5,547.0,3624.0,2057.0,493.0,0.7112695832470453,0.2742320357907689,200,0.8264462809917356,Ames|4233|23|1,2022-08-10
Satellite/Ames/TP3/Ames-TP3-4233_23_11.TIF,bdeebb5b009152a831588b89e6f278fd1186bf7af5410e29b8d46ab15c531f25:23937:1790427154832457300,,,"[""Pleiades NEO Red (0.618 - 0.689) um"", ""Pleiades NEO Green (0.533 - 0.59) um"", ""Pleiades NEO Blue (0.446 - 0.52) um"", ""Pleiades NEO NIR (0.768 - 0.888) um"", ""Pleiades NEO Red Edge (0.696 - 0.749) um"", ""Pleiades NEO Deep Blue (0.416 - 0.456) um""]",Ames,TP3,4233,23,11,402.5,638.5,427.5,4670.5,2253.0,399.0,0.8431094506791719,0.3484852264585585,200,0.7575757575757576,Ames|4233|23|11,2022-08-10
Satellite/Ames/TP3/Ames-TP3-4233_23_12.TIF,bdeebb5b009152a831588b89e6f278fd1186bf7af5410e29b8d46ab15c531f25:23995:1790427154575937300,,,"[""Pleiades NEO Red (0.618 - 0.689) um"", ""Pleiades NEO Green (0.533 - 0.59) um"", ""Pleiades NEO Blue (0.446 - 0.52) um"", ""Pleiades NEO NIR (0.768 - 0.888) um"", ""Pleiades NEO Red Edge (0.696 - 0.749) um"", ""Pleiades NEO Deep Blue (0.416 - 0.456) um""]",Ames,TP3,4233,23,12,437.0,635.0,446.5,4717.0,2208.5,412.0,0.8303826289805503,0.3585445683654468,200,0.8658008658008658,Ames|4233|23|12,2022-08-10
Satellite/Ames/TP3/Ames-TP3-4233_23_2.TIF,bdeebb5b009152a831588b89e6f278fd1186bf7af5410e29b8d46ab15c531f25:24067:1790427155043972800,,,"[""Pleiades NEO Red (0.618 - 0.689) um"", ""Pleiades NEO Green (0.533 - 0.59) um"", ""Pleiades NEO Blue (0.446 - 0.52) um"", ""Pleiades NEO NIR (0.768 - 0.888) um"", ""Pleiades NEO Red Edge (0.696 - 0.749) um"", ""Pleiades NEO Deep Blue (0.416 - 0.456) um""]",Ames,TP3,4233,23,2,543.5,709.0,496.0,3803.5,2100.0,458.5,0.7538735175768336,0.2883250459216874,200,0.8264462809917356,Ames|4233|23|2,2022-08-10
Satellite/Ames/TP3/Ames-TP3-4233_24_1.TIF,bdeebb5b009152a831588b89e6f278fd1186bf7af5410e29b8d46ab15c531f25:24158:1790427155566008400,,,"[""Pleiades NEO Red (0.618 - 0.689) um"", ""Pleiades NEO Green (0.533 - 0.59) um"", ""Pleiades NEO Blue (0.446 - 0.52) um"", ""Pleiades NEO NIR (0.768 - 0.888) um"", ""Pleiades NEO Red Edge (0.696 - 0.749) um"", ""Pleiades NEO Deep Blue (0.416 - 0.456) um""]",Ames,TP3,4233,24,1,656.0,754.0,557.0,3311.0,1957.0,502.0,0.6726584673604541,0.25662482566248257,205,0.8874458874458875,Ames|4233|24|1,2022-08-10
Satellite/Ames/TP3/Ames-TP3-4233_24_11.TIF,bdeebb5b009152a831588b89e6f278fd1186bf7af5410e29b8d46ab15c531f25:23912:1790427154028900500,,,"[""Pleiades NEO Red (0.618 - 0.689) um"", ""Pleiades NEO Green (0.533 - 0.59) um"", ""Pleiades NEO Blue (0.446 - 0.52) um"", ""Pleiades NEO NIR (0.768 - 0.888) um"", ""Pleiades NEO Red Edge (0.696 - 0.749) um"", ""Pleiades NEO Deep Blue (0.416 - 0.456) um""]",Ames,TP3,4233,24,11,404.0,636.5,431.0,4659.0,2261.5,394.0,0.8399855873700272,0.34852582163278434,200,0.8264462809917356,Ames|4233|24|11,2022-08-10
Satellite/Ames/TP3/Ames-TP3-4233_24_12.TIF,bdeebb5b009152a831588b89e6f278fd1186bf7af5410e29b8d46ab15c531f25:23986:1790427153843385400,,,"[""Pleiades NEO Red (0.618 - 0.689) um"", ""Pleiades NEO Green (0.533 - 0.59) um"", ""Pleiades NEO Blue (0.446 - 0.52) um"", ""Pleiades NEO NIR (0.768 - 0.888) um"", ""Pleiades NEO Red Edge (0.696 - 0.749) um"", ""Pleiades NEO Deep Blue (0.416 - 0.456) um""]",Ames,TP3,4233,24,12,442.0,645.0,451.5,4556.5,2184.0,411.5,0.8252566756030477,0.3518399132816066,200,0.8264462809917356,Ames|4233|24|12,2022-08-10
Satellite/Ames/TP3/Ames-TP3-4233_24_2.TIF,bdeebb5b009152a831588b89e6f278fd1186bf7af5410e29b8d46ab15c531f25:24233:1790427155758021600,,,"[""Pleiades NEO Red (0.618 - 0.689) um"", ""Pleiades NEO Green (0.533 - 0.59) um"", ""Pleiades NEO Blue (0.446 - 0.52) um"", ""Pleiades NEO NIR (0.768 - 0.888) um"", ""Pleiades NEO Red Edge (0.696 - 0.749) um"", ""Pleiades NEO Deep Blue (0.416 - 0.456) um""]",Ames,TP3,4233,24,2,645.0,787.5,553.5,3832.5,2207.0,491.5,0.7138795977910202,0.26768100797407846,210,0.9090909090909091,Ames|4233|24|2,2022-08-10
Satellite/Ames/TP3/Ames-TP3-4233_25_1.TIF,bdeebb5b009152a831588b89e6f278fd1186bf7af5410e29b8d46ab15c531f25:24306:1790427154815457600,,,"[""Pleiades NEO Red (0.618 - 0.689) um"", ""Pleiades NEO Green (0.533 - 0.59) um"", ""Pleiades NEO Blue (0.446 - 0.52) um"", ""Pleiades NEO NIR (0.768 - 0.888) um"", ""Pleiades NEO Red Edge (0.696 - 0.749) um"", ""Pleiades NEO Deep Blue (0.416 - 0.456) um""]",Ames,TP3,4233,25,1,652.0,801.0,560.0,3595.0,2159.0,484.0,0.7016648168701443,0.2532972607372337,215,0.9307359307359307,Ames|4233|25|1,2022-08-10
Satellite/Ames/TP3/Ames-TP3-4233_25_10.TIF,bdeebb5b009152a831588b89e6f278fd1186bf7af5410e29b8d46ab15c531f25:24230:1790427155590010700,,,"[""Pleiades NEO Red (0.618 - 0.689) um"", ""Pleiades NEO Green (0.533 - 0.59) um"", ""Pleiades NEO Blue (0.446 - 0.52) um"", ""Pleiades NEO NIR (0.768 - 0.888) um"", ""Pleiades NEO Red Edge (0.696 - 0.749) um"", ""Pleiades NEO Deep Blue (0.416 - 0.456) um""]",Ames,TP3,4233,25,10,471.0,715.0,461.0,4702.0,2349.0,424.0,0.8226796677500903,0.33511988716502117,209,0.9047619047619048,Ames|4233|25|10,2022-08-10
Satellite/Ames/TP3/Ames-TP3-4233_25_11.TIF,bdeebb5b009152a831588b89e6f278fd1186bf7af5410e29b8d46ab15c531f25:24039:1790427155614514900,,,"[""Pleiades NEO Red (0.618 - 0.689) um"", ""Pleiades NEO Green (0.533 - 0.59) um"", ""Pleiades NEO Blue (0.446 - 0.52) um"", ""Pleiades NEO NIR (0.768 - 0.888) um"", ""Pleiades NEO Red Edge (0.696 - 0.749) um"", ""Pleiades NEO Deep Blue (0.416 - 0.456) um""]",Ames,TP3,4233,25,11,447.5,698.0,444.5,4692.5,2355.0,412.5,0.8272895185110635,0.33622409039551054,200,0.8658008658008658,Ames|4233|25|11,2022-08-10
Satellite/Ames/TP3/Ames-TP3-4233_25_12.TIF,bdeebb5b009152a831588b89e6f278fd1186bf7af5410e29b8d46ab15c531f25:24221:1790427155808528300,,,"[""Pleiades NEO Red (0.618 - 0.689) um"", ""Pleiades NEO Green (0.533 - 0.59) um"", ""Pleiades NEO Blue (0.446 - 0.52) um"", ""Pleiades NEO NIR (0.768 - 0.888) um"", ""Pleiades NEO Red Edge (0.696 - 0.749) um"", ""Pleiades NEO Deep Blue (0.416 - 0.456) um""]",Ames,TP3,4233,25,12,493.0,726.0,479.0,4576.0,2339.0,435.0,0.8143321395793992,0.32282397001487606,208,0.9004329004329005,Ames|4233|25|12,2022-08-10
Satellite/Ames/TP3/Ames-TP3-4233_25_2.TIF,bdeebb5b009152a831588b89e6f278fd1186bf7af5410e29b8d46ab15c531f25:24195:1790427154550937300,,,"[""Pleiades NEO Red (0.618 - 0.689) um"", ""Pleiades NEO Green (0.533 - 0.59) um"", ""Pleiades NEO Blue (0.446 - 0.52) um"", ""Pleiades NEO NIR (0.768 - 0.888) um"", ""Pleiades NEO Red Edge (0.696 - 0.749) um"", ""Pleiades NEO Deep Blue (0.416 - 0.456) um""]",Ames,TP3,4233,25,2,762.0,863.0,609.0,3568.5,2227.5,539.5,0.6545713173961041,0.23356435937689235,206,0.8917748917748918,Ames|4233|25|2,2022-08-10
Satellite/Ames/TP3/Ames-TP3-4233_25_3.TIF,bdeebb5b009152a831588b89e6f278fd1186bf7af5410e29b8d46ab15c531f25:24263:1790427154768950300,,,"[""Pleiades NEO Red (0.618 - 0.689) um"", ""Pleiades NEO Green (0.533 - 0.59) um"", ""Pleiades NEO Blue (0.446 - 0.52) um"", ""Pleiades NEO NIR (0.768 - 0.888) um"", ""Pleiades NEO Red Edge (0.696 - 0.749) um"", ""Pleiades NEO Deep Blue (0.416 - 0.456) um""]",Ames,TP3,4233,25,3,929.0,911.5,685.5,3247.0,2197.0,608.0,0.5305795963791373,0.18195070345540065,200,0.8658008658008658,Ames|4233|25|3,2022-08-10
Satellite/Ames/TP3/Ames-TP3-4233_25_4.TIF,bdeebb5b009152a831588b89e6f278fd1186bf7af5410e29b8d46ab15c531f25:24273:1790427155019972600,,,"[""Pleiades NEO Red (0.618 - 0.689) um"", ""Pleiades NEO Green (0.533 - 0.59) um"", ""Pleiades NEO Blue (0.446 - 0.52) um"", ""Pleiades NEO NIR (0.768 - 0.888) um"", ""Pleiades NEO Red Edge (0.696 - 0.749) um"", ""Pleiades NEO Deep Blue (0.416 - 0.456) um""]",Ames,TP3,4233,25,4,839.5,904.0,672.0,3283.5,2186.0,597.0,0.5816487469518726,0.20346511882345256,200,0.8264462809917356,Ames|4233|25|4,2022-08-10
Satellite/Ames/TP3/Ames-TP3-4233_25_5.TIF,bdeebb5b009152a831588b89e6f278fd1186bf7af5410e29b8d46ab15c531f25:24110:1790427155189481300,,,"[""Pleiades NEO Red (0.618 - 0.689) um"", ""Pleiades NEO Green (0.533 - 0.59) um"", ""Pleiades NEO Blue (0.446 - 0.52) um"", ""Pleiades NEO NIR (0.768 - 0.888) um"", ""Pleiades NEO Red Edge (0.696 - 0.749) um"", ""Pleiades NEO Deep Blue (0.416 - 0.456) um""]",Ames,TP3,4233,25,5,553.5,781.0,507.0,4207.0,2330.0,457.0,0.7750628731039624,0.28755796643761494,200,0.7575757575757576,Ames|4233|25|5,2022-08-10
Satellite/Ames/TP3/Ames-TP3-4233_25_6.TIF,bdeebb5b009152a831588b89e6f278fd1186bf7af5410e29b8d46ab15c531f25:24061:1790427155467000100,,,"[""Pleiades NEO Red (0.618 - 0.689) um"", ""Pleiades NEO Green (0.533 - 0.59) um"", ""Pleiades NEO Blue (0.446 - 0.52) um"", ""Pleiades NEO NIR (0.768 - 0.888) um"", ""Pleiades NEO Red Edge (0.696 - 0.749) um"", ""Pleiades NEO Deep Blue (0.416 - 0.456) um""]",Ames,TP3,4233,25,6,505.5,765.5,476.0,4539.0,2452.5,441.5,0.8009083008895518,0.29775390167368054,200,0.7575757575757576,Ames|4233|25|6,2022-08-10
Satellite/Ames/TP3/Ames-TP3-4233_25_7.TIF,bdeebb5b009152a831588b89e6f278fd1186bf7af5410e29b8d46ab15c531f25:24060:1790427155241986700,,,"[""Pleiades NEO Red (0.618 - 0.689) um"", ""Pleiades NEO Green (0.533 - 0.59) um"", ""Pleiades NEO Blue (0.446 - 0.52) um"", ""Pleiades NEO NIR (0.768 - 0.888) um"", ""Pleiades NEO Red Edge (0.696 - 0.749) um"", ""Pleiades NEO Deep Blue (0.416 - 0.456) um""]",Ames,TP3,4233,25,7,490.5,758.5,467.5,4526.5,2401.5,441.5,0.8065135337954811,0.30570403779654975,200,0.7936507936507936,Ames|4233|25|7,2022-08-10
Satellite/Ames/TP3/Ames-TP3-4233_25_8.TIF,bdeebb5b009152a831588b89e6f278fd1186bf7af5410e29b8d46ab15c531f25:24095:1790427154013900600,,,"[""Pleiades NEO Red (0.618 - 0.689) um"", ""Pleiades NEO Green (0.533 - 0.59) um"", ""Pleiades NEO Blue (0.446 - 0.52) um"", ""Pleiades NEO NIR (0.768 - 0.888) um"", ""Pleiades NEO Red Edge (0.696 - 0.749) um"", ""Pleiades NEO Deep Blue (0.416 - 0.456) um""]",Ames,TP3,4233,25,8,526.5,772.0,502.5,4574.0,2393.5,455.0,0.80269774652829,0.3078950148295616,200,0.8658008658008658,Ames|4233|25|8,2022-08-10
Satellite/Ames/TP3/Ames-TP3-4233_25_9.TIF,bdeebb5b009152a831588b89e6f278fd1186bf7af5410e29b8d46ab15c531f25:24253:1790427154162407700,,,"[""Pleiades NEO Red (0.618 - 0.689) um"", ""Pleiades NEO Green (0.533 - 0.59) um"", ""Pleiades NEO Blue (0.446 - 0.52) um"", ""Pleiades NEO NIR (0.768 - 0.888) um"", ""Pleiades NEO Red Edge (0.696 - 0.749) um"", ""Pleiades NEO Deep Blue (0.416 - 0.456) um""]",Ames,TP3,4233,25,9,471.5,723.5,470.5,4583.0,2334.0,439.0,0.8170781338267197,0.320660057500863,210,0.9090909090909091,Ames|4233|25|9,2022-08-10
Satellite/Ames/TP3/Ames-TP3-4233_2_1.TIF,bdeebb5b009152a831588b89e6f278fd1186bf7af5410e29b8d46ab15c531f25:24180:1790427156295564400,,,"[""Pleiades NEO Red (0.618 - 0.689) um"", ""Pleiades NEO Green (0.533 - 0.59) um"", ""Pleiades NEO Blue (0.446 - 0.52) um"", ""Pleiades NEO NIR (0.768 - 0.888) um"", ""Pleiades NEO Red Edge (0.696 - 0.749) um"", ""Pleiades NEO Deep Blue (0.416 - 0.456) um""]",Ames,TP3,4233,2,1,520.0,721.5,471.5,4190.5,2246.5,429.0,0.781280360171941,0.3049636946992689,210,0.9090909090909091,Ames|4233|2|1,2022-08-10
Satellite/Ames/TP3/Ames-TP3-4233_2_10.TIF,bdeebb5b009152a831588b89e6f278fd1186bf7af5410e29b8d46ab15c531f25:24105:1790427154560937200,,,"[""Pleiades NEO Red (0.618 - 0.689) um"", ""Pleiades NEO Green (0.533 - 0.59) um"", ""Pleiades NEO Blue (0.446 - 0.52) um"", ""Pleiades NEO NIR (0.768 - 0.888) um"", ""Pleiades NEO Red Edge (0.696 - 0.749) um"", ""Pleiades NEO Deep Blue (0.416 - 0.456) um""]",Ames,TP3,4233,2,10,469.0,697.0,470.0,4544.5,2306.5,427.0,0.8143179861783659,0.32439285274024193,206,0.8917748917748918,Ames|4233|2|10,2022-08-10
Satellite/Ames/TP3/Ames-TP3-4233_2_11.TIF,bdeebb5b009152a831588b89e6f278fd1186bf7af5410e29b8d46ab15c531f25:23976:1790427154763950300,,,"[""Pleiades NEO Red (0.618 - 0.689) um"", ""Pleiades NEO Green (0.533 - 0.59) um"", ""Pleiades NEO Blue (0.446 - 0.52) um"", ""Pleiades NEO NIR (0.768 - 0.888) um"", ""Pleiades NEO Red Edge (0.696 - 0.749) um"", ""Pleiades NEO Deep Blue (0.416 - 0.456) um""]",Ames,TP3,4233,2,11,464.0,704.5,468.0,4489.0,2285.5,420.0,0.8140875011866266,0.3254804834203307,200,0.8264462809917356,Ames|4233|2|11,2022-08-10
Satellite/Ames/TP3/Ames-TP3-4233_2_12.TIF,bdeebb5b009152a831588b89e6f278fd1186bf7af5410e29b8d46ab15c531f25:24056:1790427154969964000,,,"[""Pleiades NEO Red (0.618 - 0.689) um"", ""Pleiades NEO Green (0.533 - 0.59) um"", ""Pleiades NEO Blue (0.446 - 0.52) um"", ""Pleiades NEO NIR (0.768 - 0.888) um"", ""Pleiades NEO Red Edge (0.696 - 0.749) um"", ""Pleiades NEO Deep Blue (0.416 - 0.456) um""]",Ames,TP3,4233,2,12,520.0,726.0,488.0,4284.0,2232.0,450.0,0.788690676270976,0.3149553147370421,200,0.8264462809917356,Ames|4233|2|12,2022-08-10
Satellite/Ames/TP3/Ames-TP3-4233_2_2.TIF,bdeebb5b009152a831588b89e6f278fd1186bf7af5410e29b8d46ab15c531f25:24002:1790427156070044000,,,"[""Pleiades NEO Red (0.618 - 0.689) um"", ""Pleiades NEO Green (0.533 - 0.59) um"", ""Pleiades NEO Blue (0.446 - 0.52) um"", ""Pleiades NEO NIR (0.768 - 0.888) um"", ""Pleiades NEO Red Edge (0.696 - 0.749) um"", ""Pleiades NEO Deep Blue (0.416 - 0.456) um""]",Ames,TP3,4233,2,2,488.0,739.5,475.0,4489.5,2352.0,433.5,0.8028135722997609,0.3106340647525847,200,0.8658008658008658,Ames|4233|2|2,2022-08-10
Satellite/Ames/TP3/Ames-TP3-4233_2_3.TIF,bdeebb5b009152a831588b89e6f278fd1186bf7af5410e29b8d46ab15c531f25:24001:1790427156025043500,,,"[""Pleiades NEO Red (0.618 - 0.689) um"", ""Pleiades NEO Green (0.533 - 0.59) um"", ""Pleiades NEO Blue (0.446 - 0.52) um"", ""Pleiades NEO NIR (0.768 - 0.888) um"", ""Pleiades NEO Red Edge (0.696 - 0.749) um"", ""Pleiades NEO Deep Blue (0.416 - 0.456) um""]",Ames,TP3,4233,2,3,489.5,735.0,479.0,4558.0,2362.0,442.5,0.8057974052593576,0.3156981418522461,200,0.7575757575757576,Ames|4233|2|3,2022-08-10
Satellite/Ames/TP3/Ames-TP3-4233_2_4.TIF,bdeebb5b009152a831588b89e6f278fd1186bf7af5410e29b8d46ab15c531f25:24016:1790427155619514600,,,"[""Pleiades NEO Red (0.618 - 0.689) um"", ""Pleiades NEO Green (0.533 - 0.59) um"", ""Pleiades NEO Blue (0.446 - 0.52) um"", ""Pleiades NEO NIR (0.768 - 0.888) um"", ""Pleiades NEO Red Edge (0.696 - 0.749) um"", ""Pleiades NEO Deep Blue (0.416 - 0.456) um""]",Ames,TP3,4233,2,4,450.0,700.0,453.5,4587.0,2343.5,414.0,0.8196806687715561,0.3228445999264723,200,0.7575757575757576,Ames|4233|2|4,2022-08-10
Satellite/Ames/TP3/Ames-TP3-4233_2_5.TIF,bdeebb5b009152a831588b89e6f278fd1186bf7af5410e29b8d46ab15c531f25:24025:1790427155585010900,,,"[""Pleiades NEO Red (0.618 - 0.689) um"", ""Pleiades NEO Green (0.533 - 0.59) um"", ""Pleiades NEO Blue (0.446 - 0.52) um"", ""Pleiades NEO NIR (0.768 - 0.888) um"", ""Pleiades NEO Red Edge (0.696 - 0.749) um"", ""Pleiades NEO Deep Blue (0.416 - 0.456) um""]",Ames,TP3,4233,2,5,485.0,722.5,472.5,4560.5,2365.0,426.0,0.8100464219461512,0.3162989015701716,200,0.7575757575757576,Ames|4233|2|5,2022-08-10
Satellite/Ames/TP3/Ames-TP3-4233_2_6.TIF,bdeebb5b009152a831588b89e6f278fd1186bf7af5410e29b8d46ab15c531f25:24042:1790427155787023900,,,"[""Pleiades NEO Red (0.618 - 0.689) um"", ""Pleiades NEO Green (0.533 - 0.59) um"", ""Pleiades NEO Blue (0.446 - 0.52) um"", ""Pleiades NEO NIR (0.768 - 0.888) um"", ""Pleiades NEO Red Edge (0.696 - 0.749) um"", ""Pleiades NEO Deep Blue (0.416 - 0.456) um""]",Ames,TP3,4233,2,6,464.0,713.5,455.5,4526.0,2355.5,419.0,0.811531387445688,0.3122186282312237,200,0.8658008658008658,Ames|4233|2|6,2022-08-10
Satellite/Ames/TP3/Ames-TP3-4233_2_7.TIF,bdeebb5b009152a831588b89e6f278fd1186bf7af5410e29b8d46ab15c531f25:24129:1790427155818528200,,,"[""Pleiades NEO Red (0.618 - 0.689) um"", ""Pleiades NEO Green (0.533 - 0.59) um"", ""Pleiades NEO Blue (0.446 - 0.52) um"", ""Pleiades NEO NIR (0.768 - 0.888) um"", ""Pleiades NEO Red Edge (0.696 - 0.749) um"", ""Pleiades NEO Deep Blue (0.416 - 0.456) um""]",Ames,TP3,4233,2,7,494.5,739.0,481.0,4426.0,2357.0,432.0,0.8003656296715843,0.3073590696766484,204,0.8831168831168831,Ames|4233|2|7,2022-08-10
Satellite/Ames/TP3/Ames-TP3-4233_2_8.TIF,bdeebb5b009152a831588b89e6f278fd1186bf7af5410e29b8d46ab15c531f25:24236:1790427153734878800,,,"[""Pleiades NEO Red (0.618 - 0.689) um"", ""Pleiades NEO Green (0.533 - 0.59) um"", ""Pleiades NEO Blue (0.446 - 0.52) um"", ""Pleiades NEO NIR (0.768 - 0.888) um"", ""Pleiades NEO Red Edge (0.696 - 0.749) um"", ""Pleiades NEO Deep Blue (0.416 - 0.456) um""]",Ames,TP3,4233,2,8,463.0,710.0,455.5,4378.5,2295.5,422.5,0.8079055469349463,0.31268680267126503,214,0.9264069264069265,Ames|4233|2|8,2022-08-10
Satellite/Ames/TP3/Ames-TP3-4233_2_9.TIF,bdeebb5b009152a831588b89e6f278fd1186bf7af5410e29b8d46ab15c531f25:24203:1790427153705878700,,,"[""Pleiades NEO Red (0.618 - 0.689) um"", ""Pleiades NEO Green (0.533 - 0.59) um"", ""Pleiades NEO Blue (0.446 - 0.52) um"", ""Pleiades NEO NIR (0.768 - 0.888) um"", ""Pleiades NEO Red Edge (0.696 - 0.749) um"", ""Pleiades NEO Deep Blue (0.416 - 0.456) um""]",Ames,TP3,4233,2,9,467.0,718.0,474.0,4549.5,2340.5,422.0,0.8139579099632068,0.31866875483450197,212,0.9177489177489178,Ames|4233|2|9,2022-08-10
Satellite/Ames/TP3/Ames-TP3-4233_3_1.TIF,bdeebb5b009152a831588b89e6f278fd1186bf7af5410e29b8d46ab15c531f25:23989:1790427155214986600,,,"[""Pleiades NEO Red (0.618 - 0.689) um"", ""Pleiades NEO Green (0.533 - 0.59) um"", ""Pleiades NEO Blue (0.446 - 0.52) um"", ""Pleiades NEO NIR (0.768 - 0.888) um"", ""Pleiades NEO Red Edge (0.696 - 0.749) um"", ""Pleiades NEO Deep Blue (0.416 - 0.456) um""]",Ames,TP3,4233,3,1,499.0,699.0,471.5,4324.5,2255.0,438.0,0.7905923262786896,0.31558222921859286,200,0.7936507936507936,Ames|4233|3|1,2022-08-10
Satellite/Ames/TP3/Ames-TP3-4233_3_11.TIF,bdeebb5b009152a831588b89e6f278fd1186bf7af5410e29b8d46ab15c531f25:23931:1790427153304347600,,,"[""Pleiades NEO Red (0.618 - 0.689) um"", ""Pleiades NEO Green (0.533 - 0.59) um"", ""Pleiades NEO Blue (0.446 - 0.52) um"", ""Pleiades NEO NIR (0.768 - 0.888) um"", ""Pleiades NEO Red Edge (0.696 - 0.749) um"", ""Pleiades NEO Deep Blue (0.416 - 0.456) um""]",Ames,TP3,4233,3,11,443.0,661.0,458.5,4598.5,2216.5,423.0,0.8239586434872775,0.3475548707251759,200,0.8658008658008658,Ames|4233|3|11,2022-08-10
Satellite/Ames/TP3/Ames-TP3-4233_3_12.TIF,bdeebb5b009152a831588b89e6f278fd1186bf7af5410e29b8d46ab15c531f25:24030:1790427153111333600,,,"[""Pleiades NEO Red (0.618 - 0.689) um"", ""Pleiades NEO Green (0.533 - 0.59) um"", ""Pleiades NEO Blue (0.446 - 0.52) um"", ""Pleiades NEO NIR (0.768 - 0.888) um"", ""Pleiades NEO Red Edge (0.696 - 0.749) um"", ""Pleiades NEO Deep Blue (0.416 - 0.456) um""]",Ames,TP3,4233,3,12,467.0,669.0,471.5,4419.5,2199.5,424.0,0.810888769330903,0.34202221368442665,200,0.7575757575757576,Ames|4233|3|12,2022-08-10
Satellite/Ames/TP3/Ames-TP3-4233_3_2.TIF,bdeebb5b009152a831588b89e6f278fd1186bf7af5410e29b8d46ab15c531f25:24171:1790427155482002100,,,"[""Pleiades NEO Red (0.618 - 0.689) um"", ""Pleiades NEO Green (0.533 - 0.59) um"", ""Pleiades NEO Blue (0.446 - 0.52) um"", ""Pleiades NEO NIR (0.768 - 0.888) um"", ""Pleiades NEO Red Edge (0.696 - 0.749) um"", ""Pleiades NEO Deep Blue (0.416 - 0.456) um""]",Ames,TP3,4233,3,2,492.0,735.0,476.0,4327.5,2285.0,438.5,0.7949591547268583,0.30574937161666893,210,0.8333333333333334,Ames|4233|3|2,2022-08-10
Satellite/Ames/TP3/Ames-TP3-4233_4_1.TIF,bdeebb5b009152a831588b89e6f278fd1186bf7af5410e29b8d46ab15c531f25:23996:1790427155902035200,,,"[""Pleiades NEO Red (0.618 - 0.689) um"", ""Pleiades NEO Green (0.533 - 0.59) um"", ""Pleiades NEO Blue (0.446 - 0.52) um"", ""Pleiades NEO NIR (0.768 - 0.888) um"", ""Pleiades NEO Red Edge (0.696 - 0.749) um"", ""Pleiades NEO Deep Blue (0.416 - 0.456) um""]",Ames,TP3,4233,4,1,492.0,711.0,468.0,4323.5,2306.5,426.5,0.7901304882614043,0.29996392877916034,200,0.7575757575757576,Ames|4233|4|1,2022-08-10
Satellite/Ames/TP3/Ames-TP3-4233_4_11.TIF,bdeebb5b009152a831588b89e6f278fd1186bf7af5410e29b8d46ab15c531f25:24104:1790427155792023900,,,"[""Pleiades NEO Red (0.618 - 0.689) um"", ""Pleiades NEO Green (0.533 - 0.59) um"", ""Pleiades NEO Blue (0.446 - 0.52) um"", ""Pleiades NEO NIR (0.768 - 0.888) um"", ""Pleiades NEO Red Edge (0.696 - 0.749) um"", ""Pleiades NEO Deep Blue (0.416 - 0.456) um""]",Ames,TP3,4233,4,11,429.0,645.5,443.0,4603.0,2193.0,422.0,0.8298036580546928,0.3534500873767041,210,0.8333333333333334,Ames|4233|4|11,2022-08-10
Satellite/Ames/TP3/Ames-TP3-4233_4_12.TIF,bdeebb5b009152a831588b89e6f278fd1186bf7af5410e29b8d46ab15c531f25:24085:1790427155580010600,,,"[""Pleiades NEO Red (0.618 - 0.689) um"", ""Pleiades NEO Green (0.533 - 0.59) um"", ""Pleiades NEO Blue (0.446 - 0.52) um"", ""Pleiades NEO NIR (0.768 - 0.888) um"", ""Pleiades NEO Red Edge (0.696 - 0.749) um"", ""Pleiades NEO Deep Blue (0.416 - 0.456) um""]",Ames,TP3,4233,4,12,456.5,657.5,458.5,4485.0,2170.0,436.0,0.8174926408554031,0.34867447786244066,204,0.8095238095238095,Ames|4233|4|12,2022-08-10
Satellite/Ames/TP3/Ames-TP3-4233_4_2.TIF,bdeebb5b009152a831588b89e6f278fd1186bf7af5410e29b8d46ab15c531f25:23997:1790427155673515100,,,"[""Pleiades NEO Red (0.618 - 0.689) um"", ""Pleiades NEO Green (0.533 - 0.59) um"", ""Pleiades NEO Blue (0.446 - 0.52) um"", ""Pleiades NEO NIR (0.768 - 0.888) um"", ""Pleiades NEO Red Edge (0.696 - 0.749) um"", ""Pleiades NEO Deep Blue (0.416 - 0.456) um""]",Ames,TP3,4233,4,2,510.5,761.0,486.5,4449.5,2437.0,433.5,0.7928563540922164,0.28731873064937635,200,0.8658008658008658,Ames|4233|4|2,2022-08-10
Satellite/Ames/TP3/Ames-TP3-4233_5_1.TIF,bdeebb5b009152a831588b89e6f278fd1186bf7af5410e29b8d46ab15c531f25:24016:1790427154674444000,,,"[""Pleiades NEO Red (0.618 - 0.689) um"", ""Pleiades NEO Green (0.533 - 0.59) um"", ""Pleiades NEO Blue (0.446 - 0.52) um"", ""Pleiades NEO NIR (0.768 - 0.888) um"", ""Pleiades NEO Red Edge (0.696 - 0.749) um"", ""Pleiades NEO Deep Blue (0.416 - 0.456) um""]",Ames,TP3,4233,5,1,510.0,718.0,474.0,4205.0,2272.5,435.0,0.7818291236116922,0.3008578659142749,200,0.8264462809917356,Ames|4233|5|1,2022-08-10
Satellite/Ames/TP3/Ames-TP3-4233_5_11.TIF,bdeebb5b009152a831588b89e6f278fd1186bf7af5410e29b8d46ab15c531f25:23944:1790427153973891800,,,"[""Pleiades NEO Red (0.618 - 0.689) um"", ""Pleiades NEO Green (0.533 - 0.59) um"", ""Pleiades NEO Blue (0.446 - 0.52) um"", ""Pleiades NEO NIR (0.768 - 0.888) um"", ""Pleiades NEO Red Edge (0.696 - 0.749) um"", ""Pleiades NEO Deep Blue (0.416 - 0.456) um""]",Ames,TP3,4233,5,11,435.5,655.5,450.5,4679.5,2244.0,421.5,0.8319422313196079,0.3522415225530492,200,0.8658008658008658,Ames|4233|5|11,2022-08-10
Satellite/Ames/TP3/Ames-TP3-4233_5_12.TIF,bdeebb5b009152a831588b89e6f278fd1186bf7af5410e29b8d46ab15c531f25:24122:1790427154167407700,,,"[""Pleiades NEO Red (0.618 - 0.689) um"", ""Pleiades NEO Green (0.533 - 0.59) um"", ""Pleiades NEO Blue (0.446 - 0.52) um"", ""Pleiades NEO NIR (0.768 - 0.888) um"", ""Pleiades NEO Red Edge (0.696 - 0.749) um"", ""Pleiades NEO Deep Blue (0.416 - 0.456) um""]",Ames,TP3,4233,5,12,448.0,652.0,461.0,4555.5,2188.5,423.0,0.8127744578158101,0.34574479132230973,206,0.8917748917748918,Ames|4233|5|12,2022-08-10
Satellite/Ames/TP3/Ames-TP3-4233_5_2.TIF,bdeebb5b009152a831588b89e6f278fd1186bf7af5410e29b8d46ab15c531f25:24038:1790427154915963900,,,"[""Pleiades NEO Red (0.618 - 0.689) um"", ""Pleiades NEO Green (0.533 - 0.59) um"", ""Pleiades NEO Blue (0.446 - 0.52) um"", ""Pleiades NEO NIR (0.768 - 0.888) um"", ""Pleiades NEO Red Edge (0.696 - 0.749) um"", ""Pleiades NEO Deep Blue (0.416 - 0.456) um""]",Ames,TP3,4233,5,2,526.5,792.5,480.0,4377.5,2447.0,450.0,0.787728887947515,0.28804765390562664,200,0.8264462809917356,Ames|4233|5|2,2022-08-10
Satellite/Ames/TP3/Ames-TP3-4233_6_1.TIF,bdeebb5b009152a831588b89e6f278fd1186bf7af5410e29b8d46ab15c531f25:24120:1790427155541008800,,,"[""Pleiades NEO Red (0.618 - 0.689) um"", ""Pleiades NEO Green (0.533 - 0.59) um"", ""Pleiades NEO Blue (0.446 - 0.52) um"", ""Pleiades NEO NIR (0.768 - 0.888) um"", ""Pleiades NEO Red Edge (0.696 - 0.749) um"", ""Pleiades NEO Deep Blue (0.416 - 0.456) um""]",Ames,TP3,4233,6,1,486.5,678.5,459.5,4284.5,2179.0,427.5,0.7960214987019858,0.31915835476062654,208,0.9004329004329005,Ames|4233|6|1,2022-08-10
Satellite/Ames/TP3/Ames-TP3-4233_6_11.TIF,bdeebb5b009152a831588b89e6f278fd1186bf7af5410e29b8d46ab15c531f25:23955:1790427155926035300,,,"[""Pleiades NEO Red (0.618 - 0.689) um"", ""Pleiades NEO Green (0.533 - 0.59) um"", ""Pleiades NEO Blue (0.446 - 0.52) um"", ""Pleiades NEO NIR (0.768 - 0.888) um"", ""Pleiades NEO Red Edge (0.696 - 0.749) um"", ""Pleiades NEO Deep Blue (0.416 - 0.456) um""]",Ames,TP3,4233,6,11,426.5,629.0,441.5,4568.5,2188.0,411.0,0.8298775868319573,0.35159977154064825,200,0.8264462809917356,Ames|4233|6|11,2022-08-10
Satellite/Ames/TP3/Ames-TP3-4233_6_12.TIF,bdeebb5b009152a831588b89e6f278fd1186bf7af5410e29b8d46ab15c531f25:24145:1790427156169550000,,,"[""Pleiades NEO Red (0.618 - 0.689) um"", ""Pleiades NEO Green (0.533 - 0.59) um"", ""Pleiades NEO Blue (0.446 - 0.52) um"", ""Pleiades NEO NIR (0.768 - 0.888) um"", ""Pleiades NEO Red Edge (0.696 - 0.749) um"", ""Pleiades NEO Deep Blue (0.416 - 0.456) um""]",Ames,TP3,4233,6,12,437.0,661.0,456.0,4493.0,2184.0,418.0,0.8234181206642842,0.34892032762472075,203,0.8388429752066116,Ames|4233|6|12,2022-08-10
Satellite/Ames/TP3/Ames-TP3-4233_6_2.TIF,bdeebb5b009152a831588b89e6f278fd1186bf7af5410e29b8d46ab15c531f25:24206:1790427155733021700,,,"[""Pleiades NEO Red (0.618 - 0.689) um"", ""Pleiades NEO Green (0.533 - 0.59) um"", ""Pleiades NEO Blue (0.446 - 0.52) um"", ""Pleiades NEO NIR (0.768 - 0.888) um"", ""Pleiades NEO Red Edge (0.696 - 0.749) um"", ""Pleiades NEO Deep Blue (0.416 - 0.456) um""]",Ames,TP3,4233,6,2,478.0,740.0,456.0,4402.0,2343.0,425.0,0.803921568627451,0.3035258814703676,211,0.9134199134199135,Ames|4233|6|2,2022-08-10
Satellite/Ames/TP3/Ames-TP3-4233_7_1.TIF,bdeebb5b009152a831588b89e6f278fd1186bf7af5410e29b8d46ab15c531f25:24209:1790427154842457200,,,"[""Pleiades NEO Red (0.618 - 0.689) um"", ""Pleiades NEO Green (0.533 - 0.59) um"", ""Pleiades NEO Blue (0.446 - 0.52) um"", ""Pleiades NEO NIR (0.768 - 0.888) um"", ""Pleiades NEO Red Edge (0.696 - 0.749) um"", ""Pleiades NEO Deep Blue (0.416 - 0.456) um""]",Ames,TP3,4233,7,1,478.0,669.0,460.0,4250.0,2146.0,431.0,0.7985527087815373,0.3278868813825609,213,0.922077922077922,Ames|4233|7|1,2022-08-10
Satellite/Ames/TP3/Ames-TP3-4233_7_11.TIF,bdeebb5b009152a831588b89e6f278fd1186bf7af5410e29b8d46ab15c531f25:24118:1790427154486930500,,,"[""Pleiades NEO Red (0.618 - 0.689) um"", ""Pleiades NEO Green (0.533 - 0.59) um"", ""Pleiades NEO Blue (0.446 - 0.52) um"", ""Pleiades NEO NIR (0.768 - 0.888) um"", ""Pleiades NEO Red Edge (0.696 - 0.749) um"", ""Pleiades NEO Deep Blue (0.416 - 0.456) um""]",Ames,TP3,4233,7,11,431.0,656.0,442.0,4655.0,2248.0,418.0,0.8295160326628161,0.34815250993669955,211,0.9134199134199135,Ames|4233|7|11,2022-08-10
Satellite/Ames/TP3/Ames-TP3-4233_7_12.TIF,bdeebb5b009152a831588b89e6f278fd1186bf7af5410e29b8d46ab15c531f25:24125:1790427154299421700,,,"[""Pleiades NEO Red (0.618 - 0.689) um"", ""Pleiades NEO Green (0.533 - 0.59) um"", ""Pleiades NEO Blue (0.446 - 0.52) um"", ""Pleiades NEO NIR (0.768 - 0.888) um"", ""Pleiades NEO Red Edge (0.696 - 0.749) um"", ""Pleiades NEO Deep Blue (0.416 - 0.456) um""]",Ames,TP3,4233,7,12,425.5,651.0,444.0,4564.0,2201.0,419.0,0.8242638541600529,0.3501999403722298,208,0.859504132231405,Ames|4233|7|12,2022-08-10
Satellite/Ames/TP3/Ames-TP3-4233_7_2.TIF,bdeebb5b009152a831588b89e6f278fd1186bf7af5410e29b8d46ab15c531f25:24168:1790427154604443900,,,"[""Pleiades NEO Red (0.618 - 0.689) um"", ""Pleiades NEO Green (0.533 - 0.59) um"", ""Pleiades NEO Blue (0.446 - 0.52) um"", ""Pleiades NEO NIR (0.768 - 0.888) um"", ""Pleiades NEO Red Edge (0.696 - 0.749) um"", ""Pleiades NEO Deep Blue (0.416 - 0.456) um""]",Ames,TP3,4233,7,2,492.0,720.0,470.0,4487.0,2386.0,431.0,0.8038360941586749,0.3054136874361593,207,0.8961038961038961,Ames|4233|7|2,2022-08-10
Satellite/Ames/TP3/Ames-TP3-4233_8_1.TIF,bdeebb5b009152a831588b89e6f278fd1186bf7af5410e29b8d46ab15c531f25:23978:1790427153491856700,,,"[""Pleiades NEO Red (0.618 - 0.689) um"", ""Pleiades NEO Green (0.533 - 0.59) um"", ""Pleiades NEO Blue (0.446 - 0.52) um"", ""Pleiades NEO NIR (0.768 - 0.888) um"", ""Pleiades NEO Red Edge (0.696 - 0.749) um"", ""Pleiades NEO Deep Blue (0.416 - 0.456) um""]",Ames,TP3,4233,8,1,475.5,679.0,463.5,4358.0,2223.5,417.5,0.8029759637309443,0.3218151996010829,200,0.8658008658008658,Ames|4233|8|1,2022-08-10
Satellite/Ames/TP3/Ames-TP3-4233_8_11.TIF,bdeebb5b009152a831588b89e6f278fd1186bf7af5410e29b8d46ab15c531f25:24083:1790427155689517400,,,"[""Pleiades NEO Red (0.618 - 0.689) um"", ""Pleiades NEO Green (0.533 - 0.59) um"", ""Pleiades NEO Blue (0.446 - 0.52) um"", ""Pleiades NEO NIR (0.768 - 0.888) um"", ""Pleiades NEO Red Edge (0.696 - 0.749) um"", ""Pleiades NEO Deep Blue (0.416 - 0.456) um""]",Ames,TP3,4233,8,11,420.5,647.5,445.0,4526.0,2179.0,417.0,0.8302860724159695,0.34907597840728155,208,0.9004329004329005,Ames|4233|8|11,2022-08-10
Satellite/Ames/TP3/Ames-TP3-4233_8_12.TIF,bdeebb5b009152a831588b89e6f278fd1186bf7af5410e29b8d46ab15c531f25:24026:1790427155492002100,,,"[""Pleiades NEO Red (0.618 - 0.689) um"", ""Pleiades NEO Green (0.533 - 0.59) um"", ""Pleiades NEO Blue (0.446 - 0.52) um"", ""Pleiades NEO NIR (0.768 - 0.888) um"", ""Pleiades NEO Red Edge (0.696 - 0.749) um"", ""Pleiades NEO Deep Blue (0.416 - 0.456) um""]",Ames,TP3,4233,8,12,440.0,657.5,460.5,4385.0,2163.0,424.0,0.8177521231662348,0.3445202941455234,200,0.8658008658008658,Ames|4233|8|12,2022-08-10
Satellite/Ames/TP3/Ames-TP3-4233_8_2.TIF,bdeebb5b009152a831588b89e6f278fd1186bf7af5410e29b8d46ab15c531f25:24075:1790427153674370900,,,"[""Pleiades NEO Red (0.618 - 0.689) um"", ""Pleiades NEO Green (0.533 - 0.59) um"", ""Pleiades NEO Blue (0.446 - 0.52) um"", ""Pleiades NEO NIR (0.768 - 0.888) um"", ""Pleiades NEO Red Edge (0.696 - 0.749) um"", ""Pleiades NEO Deep Blue (0.416 - 0.456) um""]",Ames,TP3,4233,8,2,496.0,722.0,457.0,4298.0,2311.0,413.0,0.7942713777963621,0.29914529914529914,203,0.8787878787878788,Ames|4233|8|2,2022-08-10
Satellite/Ames/TP3/Ames-TP3-4233_9_1.TIF,bdeebb5b009152a831588b89e6f278fd1186bf7af5410e29b8d46ab15c531f25:24025:1790427154422927800,,,"[""Pleiades NEO Red (0.618 - 0.689) um"", ""Pleiades NEO Green (0.533 - 0.59) um"", ""Pleiades NEO Blue (0.446 - 0.52) um"", ""Pleiades NEO NIR (0.768 - 0.888) um"", ""Pleiades NEO Red Edge (0.696 - 0.749) um"", ""Pleiades NEO Deep Blue (0.416 - 0.456) um""]",Ames,TP3,4233,9,1,490.5,696.0,462.0,4353.5,2234.5,410.5,0.7994453313349537,0.31950199696081544,200,0.7575757575757576,Ames|4233|9|1,2022-08-10
Satellite/Ames/TP3/Ames-TP3-4233_9_11.TIF,bdeebb5b009152a831588b89e6f278fd1186bf7af5410e29b8d46ab15c531f25:24020:1790427153948892100,,,"[""Pleiades NEO Red (0.618 - 0.689) um"", ""Pleiades NEO Green (0.533 - 0.59) um"", ""Pleiades NEO Blue (0.446 - 0.52) um"", ""Pleiades NEO NIR (0.768 - 0.888) um"", ""Pleiades NEO Red Edge (0.696 - 0.749) um"", ""Pleiades NEO Deep Blue (0.416 - 0.456) um""]",Ames,TP3,4233,9,11,426.5,641.5,439.0,4557.5,2190.5,415.5,0.8282674253200569,0.3501487454122695,202,0.8744588744588745,Ames|4233|9|11,2022-08-10
Satellite/Ames/TP3/Ames-TP3-4233_9_12.TIF,bdeebb5b009152a831588b89e6f278fd1186bf7af5410e29b8d46ab15c531f25:24172:1790427154128407900,,,"[""Pleiades NEO Red (0.618 - 0.689) um"", ""Pleiades NEO Green (0.533 - 0.59) um"", ""Pleiades NEO Blue (0.446 - 0.52) um"", ""Pleiades NEO NIR (0.768 - 0.888) um"", ""Pleiades NEO Red Edge (0.696 - 0.749) um"", ""Pleiades NEO Deep Blue (0.416 - 0.456) um""]",Ames,TP3,4233,9,12,444.0,651.0,445.0,4421.0,2138.0,430.0,0.8175255658954592,0.35035684893695385,210,0.8333333333333334,Ames|4233|9|12,2022-08-10
Satellite/Ames/TP3/Ames-TP3-4233_9_2.TIF,bdeebb5b009152a831588b89e6f278fd1186bf7af5410e29b8d46ab15c531f25:23976:1790427154236915000,,,"[""Pleiades NEO Red (0.618 - 0.689) um"", ""Pleiades NEO Green (0.533 - 0.59) um"", ""Pleiades NEO Blue (0.446 - 0.52) um"", ""Pleiades NEO NIR (0.768 - 0.888) um"", ""Pleiades NEO Red Edge (0.696 - 0.749) um"", ""Pleiades NEO Deep Blue (0.416 - 0.456) um""]",Ames,TP3,4233,9,2,486.0,720.5,469.0,4429.0,2316.0,435.5,0.8031852210907335,0.3121106207974037,200,0.7575757575757576,Ames|4233|9|2,2022-08-10
Satellite/Ames/TP4/Ames-TP4-4231_1_2.TIF,bdeebb5b009152a831588b89e6f278fd1186bf7af5410e29b8d46ab15c531f25:24197:1790427152193766900,,,"[""Pleiades NEO Red (0.618 - 0.689) um"", ""Pleiades NEO Green (0.533 - 0.59) um"", ""Pleiades NEO Blue (0.446 - 0.52) um"", ""Pleiades NEO NIR (0.768 - 0.888) um"", ""Pleiades NEO Red Edge (0.696 - 0.749) um"", ""Pleiades NEO Deep Blue (0.416 - 0.456) um""]",Ames,TP4,4231,1,2,566.0,620.0,500.0,2807.0,1605.0,429.0,0.6498019478790713,0.22606857706278016,200,0.8264462809917356,Ames|4231|1|2,2022-08-31
Satellite/Ames/TP4/Ames-TP4-4231_1_3.TIF,bdeebb5b009152a831588b89e6f278fd1186bf7af5410e29b8d46ab15c531f25:24527:1790427152249769300,,,"[""Pleiades NEO Red (0.618 - 0.689) um"", ""Pleiades NEO Green (0.533 - 0.59) um"", ""Pleiades NEO Blue (0.446 - 0.52) um"", ""Pleiades NEO NIR (0.768 - 0.888) um"", ""Pleiades NEO Red Edge (0.696 - 0.749) um"", ""Pleiades NEO Deep Blue (0.416 - 0.456) um""]",Ames,TP4,4231,1,3,494.0,608.0,448.0,3050.0,1720.0,421.0,0.7088122605363985,0.22778424524641055,207,0.8553719008264463,Ames|4231|1|3,2022-08-31
Satellite/Ames/TP4/Ames-TP4-4231_1_4.TIF,bdeebb5b009152a831588b89e6f278fd1186bf7af5410e29b8d46ab15c531f25:24301:1790427152647297300,,,"[""Pleiades NEO Red (0.618 - 0.689) um"", ""Pleiades NEO Green (0.533 - 0.59) um"", ""Pleiades NEO Blue (0.446 - 0.52) um"", ""Pleiades NEO NIR (0.768 - 0.888) um"", ""Pleiades NEO Red Edge (0.696 - 0.749) um"", ""Pleiades NEO Deep Blue (0.416 - 0.456) um""]",Ames,TP4,4231,1,4,414.0,568.0,399.0,3588.0,1789.0,368.0,0.7930513595166163,0.3425727113019715,213,0.922077922077922,Ames|4231|1|4,2022-08-31
Satellite/Ames/TP4/Ames-TP4-4231_1_5.TIF,bdeebb5b009152a831588b89e6f278fd1186bf7af5410e29b8d46ab15c531f25:24196:1790427152720803800,,,"[""Pleiades NEO Red (0.618 - 0.689) um"", ""Pleiades NEO Green (0.533 - 0.59) um"", ""Pleiades NEO Blue (0.446 - 0.52) um"", ""Pleiades NEO NIR (0.768 - 0.888) um"", ""Pleiades NEO Red Edge (0.696 - 0.749) um"", ""Pleiades NEO Deep Blue (0.416 - 0.456) um""]",Ames,TP4,4231,1,5,352.0,544.0,359.0,3835.0,1851.5,339.0,0.8310033525217471,0.34383188827298605,206,0.8917748917748918,Ames|4231|1|5,2022-08-31
Satellite/Ames/TP4/Ames-TP4-4231_1_6.TIF,bdeebb5b009152a831588b89e6f278fd1186bf7af5410e29b8d46ab15c531f25:24244:1790427152935817200,,,"[""Pleiades NEO Red (0.618 - 0.689) um"", ""Pleiades NEO Green (0.533 - 0.59) um"", ""Pleiades NEO Blue (0.446 - 0.52) um"", ""Pleiades NEO NIR (0.768 - 0.888) um"", ""Pleiades NEO Red Edge (0.696 - 0.749) um"", ""Pleiades NEO Deep Blue (0.416 - 0.456) um""]",Ames,TP4,4231,1,6,365.0,539.0,369.5,3651.5,1772.5,349.0,0.8165526951358502,0.34501182262253893,206,0.8174603174603174,Ames|4231|1|6,2022-08-31
Satellite/Ames/TP4/Ames-TP4-4231_1_7.TIF,bdeebb5b009152a831588b89e6f278fd1186bf7af5410e29b8d46ab15c531f25:24094:1790427152855310200,,,"[""Pleiades NEO Red (0.618 - 0.689) um"", ""Pleiades NEO Green (0.533 - 0.59) um"", ""Pleiades NEO Blue (0.446 - 0.52) um"", ""Pleiades NEO NIR (0.768 - 0.888) um"", ""Pleiades NEO Red Edge (0.696 - 0.749) um"", ""Pleiades NEO Deep Blue (0.416 - 0.456) um""]",Ames,TP4,4231,1,7,397.0,555.0,384.0,3508.5,1763.0,353.5,0.7971422739334558,0.3295363248677379,200,0.7936507936507936,Ames|4231|1|7,2022-08-31
Satellite/Ames/TP4/Ames-TP4-4232_1_17.TIF,bdeebb5b009152a831588b89e6f278fd1186bf7af5410e29b8d46ab15c531f25:24252:1790427150334134500,,,"[""Pleiades NEO Red (0.618 - 0.689) um"", ""Pleiades NEO Green (0.533 - 0.59) um"", ""Pleiades NEO Blue (0.446 - 0.52) um"", ""Pleiades NEO NIR (0.768 - 0.888) um"", ""Pleiades NEO Red Edge (0.696 - 0.749) um"", ""Pleiades NEO Deep Blue (0.416 - 0.456) um""]",Ames,TP4,4232,1,17,365.5,514.0,362.0,3398.5,1722.5,348.5,0.8060536212095768,0.32907771221338666,210,0.9090909090909091,Ames|4232|1|17,2022-08-31
Satellite/Ames/TP4/Ames-TP4-4232_1_18.TIF,bdeebb5b009152a831588b89e6f278fd1186bf7af5410e29b8d46ab15c531f25:24235:1790427152447782200,,,"[""Pleiades NEO Red (0.618 - 0.689) um"", ""Pleiades NEO Green (0.533 - 0.59) um"", ""Pleiades NEO Blue (0.446 - 0.52) um"", ""Pleiades NEO NIR (0.768 - 0.888) um"", ""Pleiades NEO Red Edge (0.696 - 0.749) um"", ""Pleiades NEO Deep Blue (0.416 - 0.456) um""]",Ames,TP4,4232,1,18,364.0,519.0,365.0,3383.0,1702.0,353.5,0.80739106065157,0.3317740366945622,210,0.8333333333333334,Ames|4232|1|18,2022-08-31
Satellite/Ames/TP4/Ames-TP4-4232_1_19.TIF,bdeebb5b009152a831588b89e6f278fd1186bf7af5410e29b8d46ab15c531f25:24269:1790427152442782300,,,"[""Pleiades NEO Red (0.618 - 0.689) um"", ""Pleiades NEO Green (0.533 - 0.59) um"", ""Pleiades NEO Blue (0.446 - 0.52) um"", ""Pleiades NEO NIR (0.768 - 0.888) um"", ""Pleiades NEO Red Edge (0.696 - 0.749) um"", ""Pleiades NEO Deep Blue (0.416 - 0.456) um""]",Ames,TP4,4232,1,19,393.0,552.5,390.5,3356.5,1719.0,371.5,0.7978009001166195,0.32677823258953986,210,0.8333333333333334,Ames|4232|1|19,2022-08-31
Satellite/Ames/TP4/Ames-TP4-4232_1_20.TIF,bdeebb5b009152a831588b89e6f278fd1186bf7af5410e29b8d46ab15c531f25:24079:1790427152671297000,,,"[""Pleiades NEO Red (0.618 - 0.689) um"", ""Pleiades NEO Green (0.533 - 0.59) um"", ""Pleiades NEO Blue (0.446 - 0.52) um"", ""Pleiades NEO NIR (0.768 - 0.888) um"", ""Pleiades NEO Red Edge (0.696 - 0.749) um"", ""Pleiades NEO Deep Blue (0.416 - 0.456) um""]",Ames,TP4,4232,1,20,377.5,563.0,378.5,3570.5,1787.0,365.5,0.8095447727759706,0.33461437028919483,200,0.8658008658008658,Ames|4232|1|20,2022-08-31
Satellite/Ames/TP4/Ames-TP4-4232_1_21.TIF,bdeebb5b009152a831588b89e6f278fd1186bf7af5410e29b8d46ab15c531f25:24163:1790427152686298800,,,"[""Pleiades NEO Red (0.618 - 0.689) um"", ""Pleiades NEO Green (0.533 - 0.59) um"", ""Pleiades NEO Blue (0.446 - 0.52) um"", ""Pleiades NEO NIR (0.768 - 0.888) um"", ""Pleiades NEO Red Edge (0.696 - 0.749) um"", ""Pleiades NEO Deep Blue (0.416 - 0.456) um""]",Ames,TP4,4232,1,21,395.0,600.0,399.0,3871.0,1968.0,361.0,0.8140758605568954,0.32384566729917774,203,0.8787878787878788,Ames|4232|1|21,2022-08-31
Satellite/Ames/TP4/Ames-TP4-4232_1_22.TIF,bdeebb5b009152a831588b89e6f278fd1186bf7af5410e29b8d46ab15c531f25:24389:1790427152905817200,,,"[""Pleiades NEO Red (0.618 - 0.689) um"", ""Pleiades NEO Green (0.533 - 0.59) um"", ""Pleiades NEO Blue (0.446 - 0.52) um"", ""Pleiades NEO NIR (0.768 - 0.888) um"", ""Pleiades NEO Red Edge (0.696 - 0.749) um"", ""Pleiades NEO Deep Blue (0.416 - 0.456) um""]",Ames,TP4,4232,1,22,409.0,642.0,387.0,3801.0,2034.0,358.0,0.8062381852551985,0.30014360938247964,217,0.9393939393939394,Ames|4232|1|22,2022-08-31
Satellite/Ames/TP4/Ames-TP4-4233_10_1.TIF,bdeebb5b009152a831588b89e6f278fd1186bf7af5410e29b8d46ab15c531f25:24018:1790427150938676700,,,"[""Pleiades NEO Red (0.618 - 0.689) um"", ""Pleiades NEO Green (0.533 - 0.59) um"", ""Pleiades NEO Blue (0.446 - 0.52) um"", ""Pleiades NEO NIR (0.768 - 0.888) um"", ""Pleiades NEO Red Edge (0.696 - 0.749) um"", ""Pleiades NEO Deep Blue (0.416 - 0.456) um""]",Ames,TP4,4233,10,1,379.0,579.5,366.5,3638.0,1891.5,343.0,0.813978174244645,0.3142079921714608,200,0.7936507936507936,Ames|4233|10|1,2022-08-31
Satellite/Ames/TP4/Ames-TP4-4233_10_11.TIF,bdeebb5b009152a831588b89e6f278fd1186bf7af5410e29b8d46ab15c531f25:23995:1790427151099191100,,,"[""Pleiades NEO Red (0.618 - 0.689) um"", ""Pleiades NEO Green (0.533 - 0.59) um"", ""Pleiades NEO Blue (0.446 - 0.52) um"", ""Pleiades NEO NIR (0.768 - 0.888) um"", ""Pleiades NEO Red Edge (0.696 - 0.749) um"", ""Pleiades NEO Deep Blue (0.416 - 0.456) um""]",Ames,TP4,4233,10,11,359.5,551.5,364.0,3859.5,1926.5,343.0,0.8314514234817229,0.3356416151076574,200,0.7575757575757576,Ames|4233|10|11,2022-08-31
Satellite/Ames/TP4/Ames-TP4-4233_10_12.TIF,bdeebb5b009152a831588b89e6f278fd1186bf7af5410e29b8d46ab15c531f25:24037:1790427150928676600,,,"[""Pleiades NEO Red (0.618 - 0.689) um"", ""Pleiades NEO Green (0.533 - 0.59) um"", ""Pleiades NEO Blue (0.446 - 0.52) um"", ""Pleiades NEO NIR (0.768 - 0.888) um"", ""Pleiades NEO Red Edge (0.696 - 0.749) um"", ""Pleiades NEO Deep Blue (0.416 - 0.456) um""]",Ames,TP4,4233,10,12,360.0,550.5,369.5,3880.0,1885.5,342.0,0.8303069388035729,0.34865345851389684,200,0.7936507936507936,Ames|4233|10|12,2022-08-31
Satellite/Ames/TP4/Ames-TP4-4233_10_2.TIF,bdeebb5b009152a831588b89e6f278fd1186bf7af5410e29b8d46ab15c531f25:24079:1790427151114191100,,,"[""Pleiades NEO Red (0.618 - 0.689) um"", ""Pleiades NEO Green (0.533 - 0.59) um"", ""Pleiades NEO Blue (0.446 - 0.52) um"", ""Pleiades NEO NIR (0.768 - 0.888) um"", ""Pleiades NEO Red Edge (0.696 - 0.749) um"", ""Pleiades NEO Deep Blue (0.416 - 0.456) um""]",Ames,TP4,4233,10,2,393.0,655.0,374.0,3763.0,2079.0,341.5,0.8104645657990288,0.2901359998670865,200,0.8264462809917356,Ames|4233|10|2,2022-08-31
Satellite/Ames/TP4/Ames-TP4-4233_11_1.TIF,bdeebb5b009152a831588b89e6f278fd1186bf7af5410e29b8d46ab15c531f25:24237:1790427150388136400,,,"[""Pleiades NEO Red (0.618 - 0.689) um"", ""Pleiades NEO Green (0.533 - 0.59) um"", ""Pleiades NEO Blue (0.446 - 0.52) um"", ""Pleiades NEO NIR (0.768 - 0.888) um"", ""Pleiades NEO Red Edge (0.696 - 0.749) um"", ""Pleiades NEO Deep Blue (0.416 - 0.456) um""]",Ames,TP4,4233,11,1,380.0,566.0,359.0,3636.0,1899.0,352.0,0.8107255520504731,0.31597102449120384,209,0.9047619047619048,Ames|4233|11|1,2022-08-31
Satellite/Ames/TP4/Ames-TP4-4233_11_11.TIF,bdeebb5b009152a831588b89e6f278fd1186bf7af5410e29b8d46ab15c531f25:24025:1790427152576790300,,,"[""Pleiades NEO Red (0.618 - 0.689) um"", ""Pleiades NEO Green (0.533 - 0.59) um"", ""Pleiades NEO Blue (0.446 - 0.52) um"", ""Pleiades NEO NIR (0.768 - 0.888) um"", ""Pleiades NEO Red Edge (0.696 - 0.749) um"", ""Pleiades NEO Deep Blue (0.416 - 0.456) um""]",Ames,TP4,4233,11,11,360.0,562.0,362.0,3975.0,1966.5,346.5,0.8347409941131094,0.34062176640931674,200,0.7575757575757576,Ames|4233|11|11,2022-08-31
Satellite/Ames/TP4/Ames-TP4-4233_11_12.TIF,bdeebb5b009152a831588b89e6f278fd1186bf7af5410e29b8d46ab15c531f25:24021:1790427152809310000,,,"[""Pleiades NEO Red (0.618 - 0.689) um"", ""Pleiades NEO Green (0.533 - 0.59) um"", ""Pleiades NEO Blue (0.446 - 0.52) um"", ""Pleiades NEO NIR (0.768 - 0.888) um"", ""Pleiades NEO Red Edge (0.696 - 0.749) um"", ""Pleiades NEO Deep Blue (0.416 - 0.456) um""]",Ames,TP4,4233,11,12,392.5,589.0,391.5,3953.0,1951.5,359.0,0.8198053331167421,0.33889008459864733,200,0.8264462809917356,Ames|4233|11|12,2022-08-31
Satellite/Ames/TP4/Ames-TP4-4233_11_2.TIF,bdeebb5b009152a831588b89e6f278fd1186bf7af5410e29b8d46ab15c531f25:24089:1790427150200628000,,,"[""Pleiades NEO Red (0.618 - 0.689) um"", ""Pleiades NEO Green (0.533 - 0.59) um"", ""Pleiades NEO Blue (0.446 - 0.52) um"", ""Pleiades NEO NIR (0.768 - 0.888) um"", ""Pleiades NEO Red Edge (0.696 - 0.749) um"", ""Pleiades NEO Deep Blue (0.416 - 0.456) um""]",Ames,TP4,4233,11,2,405.0,632.0,389.0,3750.5,2012.0,357.5,0.80629439866627,0.30384434017684936,200,0.8658008658008658,Ames|4233|11|2,2022-08-31
Satellite/Ames/TP4/Ames-TP4-4233_12_1.TIF,bdeebb5b009152a831588b89e6f278fd1186bf7af5410e29b8d46ab15c531f25:24192:1790427151079686900,,,"[""Pleiades NEO Red (0.618 - 0.689) um"", ""Pleiades NEO Green (0.533 - 0.59) um"", ""Pleiades NEO Blue (0.446 - 0.52) um"", ""Pleiades NEO NIR (0.768 - 0.888) um"", ""Pleiades NEO Red Edge (0.696 - 0.749) um"", ""Pleiades NEO Deep Blue (0.416 - 0.456) um""]",Ames,TP4,4233,12,1,358.0,548.5,351.0,3693.0,1883.0,327.0,0.8231776163298118,0.32576187423966196,208,0.9004329004329005,Ames|4233|12|1,2022-08-31
Satellite/Ames/TP4/Ames-TP4-4233_12_11.TIF,bdeebb5b009152a831588b89e6f278fd1186bf7af5410e29b8d46ab15c531f25:24065:1790427150577649300,,,"[""Pleiades NEO Red (0.618 - 0.689) um"", ""Pleiades NEO Green (0.533 - 0.59) um"", ""Pleiades NEO Blue (0.446 - 0.52) um"", ""Pleiades NEO NIR (0.768 - 0.888) um"", ""Pleiades NEO Red Edge (0.696 - 0.749) um"", ""Pleiades NEO Deep Blue (0.416 - 0.456) um""]",Ames,TP4,4233,12,11,361.0,559.5,373.0,3961.0,1946.0,351.5,0.830535421333001,0.3439500480307397,202,0.8744588744588745,Ames|4233|12|11,2022-08-31
Satellite/Ames/TP4/Ames-TP4-4233_12_12.TIF,bdeebb5b009152a831588b89e6f278fd1186bf7af5410e29b8d46ab15c531f25:24078:1790427150776662400,,,"[""Pleiades NEO Red (0.618 - 0.689) um"", ""Pleiades NEO Green (0.533 - 0.59) um"", ""Pleiades NEO Blue (0.446 - 0.52) um"", ""Pleiades NEO NIR (0.768 - 0.888) um"", ""Pleiades NEO Red Edge (0.696 - 0.749) um"", ""Pleiades NEO Deep Blue (0.416 - 0.456) um""]",Ames,TP4,4233,12,12,392.5,591.0,390.0,3955.0,1942.5,359.0,0.8170396490302536,0.3404005605687159,200,0.8658008658008658,Ames|4233|12|12,2022-08-31
Satellite/Ames/TP4/Ames-TP4-4233_12_2.TIF,bdeebb5b009152a831588b89e6f278fd1186bf7af5410e29b8d46ab15c531f25:24427:1790427150891171900,,,"[""Pleiades NEO Red (0.618 - 0.689) um"", ""Pleiades NEO Green (0.533 - 0.59) um"", ""Pleiades NEO Blue (0.446 - 0.52) um"", ""Pleiades NEO NIR (0.768 - 0.888) um"", ""Pleiades NEO Red Edge (0.696 - 0.749) um"", ""Pleiades NEO Deep Blue (0.416 - 0.456) um""]",Ames,TP4,4233,12,2,410.0,618.5,396.5,3654.5,1963.5,365.5,0.7983095597073517,0.30126036196868944,220,0.9523809523809523,Ames|4233|12|2,2022-08-31
Satellite/Ames/TP4/Ames-TP4-4233_13_1.TIF,bdeebb5b009152a831588b89e6f278fd1186bf7af5410e29b8d46ab15c531f25:24182:1790427150064614700,,,"[""Pleiades NEO Red (0.618 - 0.689) um"", ""Pleiades NEO Green (0.533 - 0.59) um"", ""Pleiades NEO Blue (0.446 - 0.52) um"", ""Pleiades NEO NIR (0.768 - 0.888) um"", ""Pleiades NEO Red Edge (0.696 - 0.749) um"", ""Pleiades NEO Deep Blue (0.416 - 0.456) um""]",Ames,TP4,4233,13,1,380.0,568.0,376.0,3720.5,1906.0,350.0,0.8142803537539243,0.32142036081015535,204,0.8429752066115702,Ames|4233|13|1,2022-08-31
Satellite/Ames/TP4/Ames-TP4-4233_13_11.TIF,bdeebb5b009152a831588b89e6f278fd1186bf7af5410e29b8d46ab15c531f25:24265:1790427152427782300,,,"[""Pleiades NEO Red (0.618 - 0.689) um"", ""Pleiades NEO Green (0.533 - 0.59) um"", ""Pleiades NEO Blue (0.446 - 0.52) um"", ""Pleiades NEO NIR (0.768 - 0.888) um"", ""Pleiades NEO Red Edge (0.696 - 0.749) um"", ""Pleiades NEO Deep Blue (0.416 - 0.456) um""]",Ames,TP4,4233,13,11,359.5,568.0,361.5,4044.5,2022.0,349.0,0.8359239086328982,0.3346379089470168,216,0.935064935064935,Ames|4233|13|11,2022-08-31
Satellite/Ames/TP4/Ames-TP4-4233_13_12.TIF,bdeebb5b009152a831588b89e6f278fd1186bf7af5410e29b8d46ab15c531f25:24366:1790427152220769300,,,"[""Pleiades NEO Red (0.618 - 0.689) um"", ""Pleiades NEO Green (0.533 - 0.59) um"", ""Pleiades NEO Blue (0.446 - 0.52) um"", ""Pleiades NEO NIR (0.768 - 0.888) um"", ""Pleiades NEO Red Edge (0.696 - 0.749) um"", ""Pleiades NEO Deep Blue (0.416 - 0.456) um""]",Ames,TP4,4233,13,12,377.0,585.0,380.0,4022.0,1985.0,361.0,0.825060135578395,0.3399674326035824,219,0.948051948051948,Ames|4233|13|12,2022-08-31
Satellite/Ames/TP4/Ames-TP4-4233_13_2.TIF,bdeebb5b009152a831588b89e6f278fd1186bf7af5410e29b8d46ab15c531f25:24104:1790427150254628100,,,"[""Pleiades NEO Red (0.618 - 0.689) um"", ""Pleiades NEO Green (0.533 - 0.59) um"", ""Pleiades NEO Blue (0.446 - 0.52) um"", ""Pleiades NEO NIR (0.768 - 0.888) um"", ""Pleiades NEO Red Edge (0.696 - 0.749) um"", ""Pleiades NEO Deep Blue (0.416 - 0.456) um""]",Ames,TP4,4233,13,2,399.0,613.5,382.0,3683.5,1965.0,355.5,0.8033208606173995,0.300318621814917,200,0.8658008658008658,Ames|4233|13|2,2022-08-31
Satellite/Ames/TP4/Ames-TP4-4233_14_1.TIF,bdeebb5b009152a831588b89e6f278fd1186bf7af5410e29b8d46ab15c531f25:24094:1790427150618155900,,,"[""Pleiades NEO Red (0.618 - 0.689) um"", ""Pleiades NEO Green (0.533 - 0.59) um"", ""Pleiades NEO Blue (0.446 - 0.52) um"", ""Pleiades NEO NIR (0.768 - 0.888) um"", ""Pleiades NEO Red Edge (0.696 - 0.749) um"", ""Pleiades NEO Deep Blue (0.416 - 0.456) um""]",Ames,TP4,4233,14,1,391.0,585.0,373.5,3676.0,1921.0,348.5,0.8052787390323435,0.3150961460538116,200,0.8264462809917356,Ames|4233|14|1,2022-08-31
Satellite/Ames/TP4/Ames-TP4-4233_14_11.TIF,bdeebb5b009152a831588b89e6f278fd1186bf7af5410e29b8d46ab15c531f25:24163:1790427149954606300,,,"[""Pleiades NEO Red (0.618 - 0.689) um"", ""Pleiades NEO Green (0.533 - 0.59) um"", ""Pleiades NEO Blue (0.446 - 0.52) um"", ""Pleiades NEO NIR (0.768 - 0.888) um"", ""Pleiades NEO Red Edge (0.696 - 0.749) um"", ""Pleiades NEO Deep Blue (0.416 - 0.456) um""]",Ames,TP4,4233,14,11,391.0,614.0,390.0,4056.0,2058.0,347.0,0.8292181069958847,0.32422618018329585,203,0.8787878787878788,Ames|4233|14|11,2022-08-31
Satellite/Ames/TP4/Ames-TP4-4233_14_12.TIF,bdeebb5b009152a831588b89e6f278fd1186bf7af5410e29b8d46ab15c531f25:24211:1790427149740593000,,,"[""Pleiades NEO Red (0.618 - 0.689) um"", ""Pleiades NEO Green (0.533 - 0.59) um"", ""Pleiades NEO Blue (0.446 - 0.52) um"", ""Pleiades NEO NIR (0.768 - 0.888) um"", ""Pleiades NEO Red Edge (0.696 - 0.749) um"", ""Pleiades NEO Deep Blue (0.416 - 0.456) um""]",Ames,TP4,4233,14,12,400.0,611.0,390.5,3966.5,2023.5,360.5,0.8163716746879426,0.32882831234577214,202,0.8744588744588745,Ames|4233|14|12,2022-08-31
Satellite/Ames/TP4/Ames-TP4-4233_14_2.TIF,bdeebb5b009152a831588b89e6f278fd1186bf7af5410e29b8d46ab15c531f25:24027:1790427150457640900,,,"[""Pleiades NEO Red (0.618 - 0.689) um"", ""Pleiades NEO Green (0.533 - 0.59) um"", ""Pleiades NEO Blue (0.446 - 0.52) um"", ""Pleiades NEO NIR (0.768 - 0.888) um"", ""Pleiades NEO Red Edge (0.696 - 0.749) um"", ""Pleiades NEO Deep Blue (0.416 - 0.456) um""]",Ames,TP4,4233,14,2,387.0,632.5,375.5,3692.0,2028.0,350.5,0.8102773268430216,0.2908468500992806,200,0.8264462809917356,Ames|4233|14|2,2022-08-31
Satellite/Ames/TP4/Ames-TP4-4233_15_1.TIF,bdeebb5b009152a831588b89e6f278fd1186bf7af5410e29b8d46ab15c531f25:24038:1790427149755593200,,,"[""Pleiades NEO Red (0.618 - 0.689) um"", ""Pleiades NEO Green (0.533 - 0.59) um"", ""Pleiades NEO Blue (0.446 - 0.52) um"", ""Pleiades NEO NIR (0.768 - 0.888) um"", ""Pleiades NEO Red Edge (0.696 - 0.749) um"", ""Pleiades NEO Deep Blue (0.416 - 0.456) um""]",Ames,TP4,4233,15,1,396.0,598.0,376.0,3471.5,1878.0,363.5,0.7934823255313108,0.29597329900956154,200,0.7936507936507936,Ames|4233|15|1,2022-08-31
Satellite/Ames/TP4/Ames-TP4-4233_15_11.TIF,bdeebb5b009152a831588b89e6f278fd1186bf7af5410e29b8d46ab15c531f25:24073:1790427151351205000,,,"[""Pleiades NEO Red (0.618 - 0.689) um"", ""Pleiades NEO Green (0.533 - 0.59) um"", ""Pleiades NEO Blue (0.446 - 0.52) um"", ""Pleiades NEO NIR (0.768 - 0.888) um"", ""Pleiades NEO Red Edge (0.696 - 0.749) um"", ""Pleiades NEO Deep Blue (0.416 - 0.456) um""]",Ames,TP4,4233,15,11,382.0,621.5,378.5,3974.5,2070.0,351.0,0.8252133506840522,0.31265312082227753,200,0.8264462809917356,Ames|4233|15|11,2022-08-31
Satellite/Ames/TP4/Ames-TP4-4233_15_12.TIF,bdeebb5b009152a831588b89e6f278fd1186bf7af5410e29b8d46ab15c531f25:24080:1790427151601227300,,,"[""Pleiades NEO Red (0.618 - 0.689) um"", ""Pleiades NEO Green (0.533 - 0.59) um"", ""Pleiades NEO Blue (0.446 - 0.52) um"", ""Pleiades NEO NIR (0.768 - 0.888) um"", ""Pleiades NEO Red Edge (0.696 - 0.749) um"", ""Pleiades NEO Deep Blue (0.416 - 0.456) um""]",Ames,TP4,4233,15,12,403.0,649.0,388.5,3873.0,2089.0,344.5,0.8140048676564675,0.3027519890777551,200,0.8264462809917356,Ames|4233|15|12,2022-08-31
Satellite/Ames/TP4/Ames-TP4-4233_15_2.TIF,bdeebb5b009152a831588b89e6f278fd1186bf7af5410e29b8d46ab15c531f25:24060:1790427149959606600,,,"[""Pleiades NEO Red (0.618 - 0.689) um"", ""Pleiades NEO Green (0.533 - 0.59) um"", ""Pleiades NEO Blue (0.446 - 0.52) um"", ""Pleiades NEO NIR (0.768 - 0.888) um"", ""Pleiades NEO Red Edge (0.696 - 0.749) um"", ""Pleiades NEO Deep Blue (0.416 - 0.456) um""]",Ames,TP4,4233,15,2,399.5,643.0,395.0,3729.0,2049.0,351.0,0.804687251525902,0.2890862678248523,200,0.7936507936507936,Ames|4233|15|2,2022-08-31
Satellite/Ames/TP4/Ames-TP4-4233_16_1.TIF,bdeebb5b009152a831588b89e6f278fd1186bf7af5410e29b8d46ab15c531f25:24277:1790427150571649000,,,"[""Pleiades NEO Red (0.618 - 0.689) um"", ""Pleiades NEO Green (0.533 - 0.59) um"", ""Pleiades NEO Blue (0.446 - 0.52) um"", ""Pleiades NEO NIR (0.768 - 0.888) um"", ""Pleiades NEO Red Edge (0.696 - 0.749) um"", ""Pleiades NEO Deep Blue (0.416 - 0.456) um""]",Ames,TP4,4233,16,1,421.5,659.0,385.5,3487.0,2021.0,363.0,0.7861965725807699,0.2715857493293904,210,0.8333333333333334,Ames|4233|16|1,2022-08-31
Satellite/Ames/TP4/Ames-TP4-4233_16_11.TIF,bdeebb5b009152a831588b89e6f278fd1186bf7af5410e29b8d46ab15c531f25:24126:1790427150078614700,,,"[""Pleiades NEO Red (0.618 - 0.689) um"", ""Pleiades NEO Green (0.533 - 0.59) um"", ""Pleiades NEO Blue (0.446 - 0.52) um"", ""Pleiades NEO NIR (0.768 - 0.888) um"", ""Pleiades NEO Red Edge (0.696 - 0.749) um"", ""Pleiades NEO Deep Blue (0.416 - 0.456) um""]",Ames,TP4,4233,16,11,420.0,695.0,384.5,3937.0,2215.0,360.5,0.8093354172631463,0.27835386774225124,200,0.7936507936507936,Ames|4233|16|11,2022-08-31
Satellite/Ames/TP4/Ames-TP4-4233_16_12.TIF,bdeebb5b009152a831588b89e6f278fd1186bf7af5410e29b8d46ab15c531f25:24142:1790427150269628000,,,"[""Pleiades NEO Red (0.618 - 0.689) um"", ""Pleiades NEO Green (0.533 - 0.59) um"", ""Pleiades NEO Blue (0.446 - 0.52) um"", ""Pleiades NEO NIR (0.768 - 0.888) um"", ""Pleiades NEO Red Edge (0.696 - 0.749) um"", ""Pleiades NEO Deep Blue (0.416 - 0.456) um""]",Ames,TP4,4233,16,12,434.0,696.5,417.0,3960.5,2165.5,359.5,0.8042120003607323,0.2863075544527157,200,0.7575757575757576,Ames|4233|16|12,2022-08-31
Satellite/Ames/TP4/Ames-TP4-4233_16_2.TIF,bdeebb5b009152a831588b89e6f278fd1186bf7af5410e29b8d46ab15c531f25:24282:1790427150771662500,,,"[""Pleiades NEO Red (0.618 - 0.689) um"", ""Pleiades NEO Green (0.533 - 0.59) um"", ""Pleiades NEO Blue (0.446 - 0.52) um"", ""Pleiades NEO NIR (0.768 - 0.888) um"", ""Pleiades NEO Red Edge (0.696 - 0.749) um"", ""Pleiades NEO Deep Blue (0.416 - 0.456) um""]",Ames,TP4,4233,16,2,420.0,698.0,390.0,3699.0,2163.0,346.0,0.7943192948090108,0.2631747045672309,207,0.8961038961038961,Ames|4233|16|2,2022-08-31
Satellite/Ames/TP4/Ames-TP4-4233_17_1.TIF,bdeebb5b009152a831588b89e6f278fd1186bf7af5410e29b8d46ab15c531f25:24121:1790427149998614800,,,"[""Pleiades NEO Red (0.618 - 0.689) um"", ""Pleiades NEO Green (0.533 - 0.59) um"", ""Pleiades NEO Blue (0.446 - 0.52) um"", ""Pleiades NEO NIR (0.768 - 0.888) um"", ""Pleiades NEO Red Edge (0.696 - 0.749) um"", ""Pleiades NEO Deep Blue (0.416 - 0.456) um""]",Ames,TP4,4233,17,1,411.0,651.5,390.5,3606.5,2015.5,360.5,0.7982166410179897,0.28602518907927293,200,0.8658008658008658,Ames|4233|17|1,2022-08-31
Satellite/Ames/TP4/Ames-TP4-4233_17_11.TIF,bdeebb5b009152a831588b89e6f278fd1186bf7af5410e29b8d46ab15c531f25:24247:1790427152030756100,,,"[""Pleiades NEO Red (0.618 - 0.689) um"", ""Pleiades NEO Green (0.533 - 0.59) um"", ""Pleiades NEO Blue (0.446 - 0.52) um"", ""Pleiades NEO NIR (0.768 - 0.888) um"", ""Pleiades NEO Red Edge (0.696 - 0.749) um"", ""Pleiades NEO Deep Blue (0.416 - 0.456) um""]",Ames,TP4,4233,17,11,391.5,640.5,377.5,3893.5,2115.5,351.0,0.8194243928275485,0.2978754801470974,210,0.8333333333333334,Ames|4233|17|11,2022-08-31
Satellite/Ames/TP4/Ames-TP4-4233_17_12.TIF,bdeebb5b009152a831588b89e6f278fd1186bf7af5410e29b8d46ab15c531f25:24189:1790427151798240700,,,"[""Pleiades NEO Red (0.618 - 0.689) um"", ""Pleiades NEO Green (0.533 - 0.59) um"", ""Pleiades NEO Blue (0.446 - 0.52) um"", ""Pleiades NEO NIR (0.768 - 0.888) um"", ""Pleiades NEO Red Edge (0.696 - 0.749) um"", ""Pleiades NEO Deep Blue (0.416 - 0.456) um""]",Ames,TP4,4233,17,12,438.5,680.0,407.0,3949.0,2150.0,364.5,0.8008645699121549,0.2956950279172611,202,0.8744588744588745,Ames|4233|17|12,2022-08-31
Satellite/Ames/TP4/Ames-TP4-4233_17_2.TIF,bdeebb5b009152a831588b89e6f278fd1186bf7af5410e29b8d46ab15c531f25:24221:1790427149782595300,,,"[""Pleiades NEO Red (0.618 - 0.689) um"", ""Pleiades NEO Green (0.533 - 0.59) um"", ""Pleiades NEO Blue (0.446 - 0.52) um"", ""Pleiades NEO NIR (0.768 - 0.888) um"", ""Pleiades NEO Red Edge (0.696 - 0.749) um"", ""Pleiades NEO Deep Blue (0.416 - 0.456) um""]",Ames,TP4,4233,17,2,459.0,689.0,415.0,3658.0,2110.0,360.0,0.7772151898734178,0.27393663574304217,203,0.8787878787878788,Ames|4233|17|2,2022-08-31
Satellite/Ames/TP4/Ames-TP4-4233_18_1.TIF,bdeebb5b009152a831588b89e6f278fd1186bf7af5410e29b8d46ab15c531f25:24295:1790427151833241000,,,"[""Pleiades NEO Red (0.618 - 0.689) um"", ""Pleiades NEO Green (0.533 - 0.59) um"", ""Pleiades NEO Blue (0.446 - 0.52) um"", ""Pleiades NEO NIR (0.768 - 0.888) um"", ""Pleiades NEO Red Edge (0.696 - 0.749) um"", ""Pleiades NEO Deep Blue (0.416 - 0.456) um""]",Ames,TP4,4233,18,1,399.5,636.5,392.5,3747.5,2046.5,358.0,0.8103570265231869,0.2959104386673615,206,0.8512396694214877,Ames|4233|18|1,2022-08-31
Satellite/Ames/TP4/Ames-TP4-4233_18_11.TIF,bdeebb5b009152a831588b89e6f278fd1186bf7af5410e29b8d46ab15c531f25:24102:1790427149890102100,,,"[""Pleiades NEO Red (0.618 - 0.689) um"", ""Pleiades NEO Green (0.533 - 0.59) um"", ""Pleiades NEO Blue (0.446 - 0.52) um"", ""Pleiades NEO NIR (0.768 - 0.888) um"", ""Pleiades NEO Red Edge (0.696 - 0.749) um"", ""Pleiades NEO Deep Blue (0.416 - 0.456) um""]",Ames,TP4,4233,18,11,405.5,664.0,386.0,3893.5,2132.5,355.5,0.8126559950844333,0.2953002557387812,200,0.8658008658008658,Ames|4233|18|11,2022-08-31
Satellite/Ames/TP4/Ames-TP4-4233_18_12.TIF,bdeebb5b009152a831588b89e6f278fd1186bf7af5410e29b8d46ab15c531f25:24284:1790427149691088300,,,"[""Pleiades NEO Red (0.618 - 0.689) um"", ""Pleiades NEO Green (0.533 - 0.59) um"", ""Pleiades NEO Blue (0.446 - 0.52) um"", ""Pleiades NEO NIR (0.768 - 0.888) um"", ""Pleiades NEO Red Edge (0.696 - 0.749) um"", ""Pleiades NEO Deep Blue (0.416 - 0.456) um""]",Ames,TP4,4233,18,12,406.5,654.5,397.5,3879.5,2062.0,362.5,0.8149864963565641,0.3061088679742919,208,0.9004329004329005,Ames|4233|18|12,2022-08-31
Satellite/Ames/TP4/Ames-TP4-4233_18_2.TIF,bdeebb5b009152a831588b89e6f278fd1186bf7af5410e29b8d46ab15c531f25:24389:1790427152075756200,,,"[""Pleiades NEO Red (0.618 - 0.689) um"", ""Pleiades NEO Green (0.533 - 0.59) um"", ""Pleiades NEO Blue (0.446 - 0.52) um"", ""Pleiades NEO NIR (0.768 - 0.888) um"", ""Pleiades NEO Red Edge (0.696 - 0.749) um"", ""Pleiades NEO Deep Blue (0.416 - 0.456) um""]",Ames,TP4,4233,18,2,517.5,716.5,433.5,3548.0,2075.0,372.0,0.7575350056863868,0.26519872676954714,210,0.8677685950413223,Ames|4233|18|2,2022-08-31
Satellite/Ames/TP4/Ames-TP4-4233_19_1.TIF,bdeebb5b009152a831588b89e6f278fd1186bf7af5410e29b8d46ab15c531f25:24247:1790427152945817000,,,"[""Pleiades NEO Red (0.618 - 0.689) um"", ""Pleiades NEO Green (0.533 - 0.59) um"", ""Pleiades NEO Blue (0.446 - 0.52) um"", ""Pleiades NEO NIR (0.768 - 0.888) um"", ""Pleiades NEO Red Edge (0.696 - 0.749) um"", ""Pleiades NEO Deep Blue (0.416 - 0.456) um""]",Ames,TP4,4233,19,1,413.0,669.0,402.5,3636.0,2055.0,360.5,0.8012084478781558,0.2812220521369979,204,0.8831168831168831,Ames|4233|19|1,2022-08-31
Satellite/Ames/TP4/Ames-TP4-4233_19_11.TIF,bdeebb5b009152a831588b89e6f278fd1186bf7af5410e29b8d46ab15c531f25:24169:1790427151326204800,,,"[""Pleiades NEO Red (0.618 - 0.689) um"", ""Pleiades NEO Green (0.533 - 0.59) um"", ""Pleiades NEO Blue (0.446 - 0.52) um"", ""Pleiades NEO NIR (0.768 - 0.888) um"", ""Pleiades NEO Red Edge (0.696 - 0.749) um"", ""Pleiades NEO Deep Blue (0.416 - 0.456) um""]",Ames,TP4,4233,19,11,399.0,636.0,380.0,3772.0,2065.0,352.0,0.809732573432705,0.29097387173396677,203,0.8388429752066116,Ames|4233|19|11,2022-08-31
Satellite/Ames/TP4/Ames-TP4-4233_19_12.TIF,bdeebb5b009152a831588b89e6f278fd1186bf7af5410e29b8d46ab15c531f25:24316:1790427151568720900,,,"[""Pleiades NEO Red (0.618 - 0.689) um"", ""Pleiades NEO Green (0.533 - 0.59) um"", ""Pleiades NEO Blue (0.446 - 0.52) um"", ""Pleiades NEO NIR (0.768 - 0.888) um"", ""Pleiades NEO Red Edge (0.696 - 0.749) um"", ""Pleiades NEO Deep Blue (0.416 - 0.456) um""]",Ames,TP4,4233,19,12,428.0,647.0,406.0,3867.0,2049.0,358.0,0.7998296422487223,0.30695149711083874,211,0.9134199134199135,Ames|4233|19|12,2022-08-31
Satellite/Ames/TP4/Ames-TP4-4233_19_2.TIF,bdeebb5b009152a831588b89e6f278fd1186bf7af5410e29b8d46ab15c531f25:24077:1790427152725803500,,,"[""Pleiades NEO Red (0.618 - 0.689) um"", ""Pleiades NEO Green (0.533 - 0.59) um"", ""Pleiades NEO Blue (0.446 - 0.52) um"", ""Pleiades NEO NIR (0.768 - 0.888) um"", ""Pleiades NEO Red Edge (0.696 - 0.749) um"", ""Pleiades NEO Deep Blue (0.416 - 0.456) um""]",Ames,TP4,4233,19,2,451.0,697.0,411.5,3484.5,2061.5,361.5,0.7696688866234696,0.25768834562825926,200,0.8264462809917356,Ames|4233|19|2,2022-08-31
Satellite/Ames/TP4/Ames-TP4-4233_1_1.TIF,bdeebb5b009152a831588b89e6f278fd1186bf7af5410e29b8d46ab15c531f25:24184:1790427151874240800,,,"[""Pleiades NEO Red (0.618 - 0.689) um"", ""Pleiades NEO Green (0.533 - 0.59) um"", ""Pleiades NEO Blue (0.446 - 0.52) um"", ""Pleiades NEO NIR (0.768 - 0.888) um"", ""Pleiades NEO Red Edge (0.696 - 0.749) um"", ""Pleiades NEO Deep Blue (0.416 - 0.456) um""]",Ames,TP4,4233,1,1,434.5,648.5,394.0,3670.0,2045.0,363.0,0.7923454854399504,0.2905717454875466,204,0.8831168831168831,Ames|4233|1|1,2022-08-31
Satellite/Ames/TP4/Ames-TP4-4233_1_10.TIF,bdeebb5b009152a831588b89e6f278fd1186bf7af5410e29b8d46ab15c531f25:24246:1790427149949606600,,,"[""Pleiades NEO Red (0.618 - 0.689) um"", ""Pleiades NEO Green (0.533 - 0.59) um"", ""Pleiades NEO Blue (0.446 - 0.52) um"", ""Pleiades NEO NIR (0.768 - 0.888) um"", ""Pleiades NEO Red Edge (0.696 - 0.749) um"", ""Pleiades NEO Deep Blue (0.416 - 0.456) um""]",Ames,TP4,4233,1,10,452.0,725.0,394.0,3803.0,2213.0,362.0,0.7918562849343984,0.2729201694122215,206,0.8512396694214877,Ames|4233|1|10,2022-08-31
Satellite/Ames/TP4/Ames-TP4-4233_1_11.TIF,bdeebb5b009152a831588b89e6f278fd1186bf7af5410e29b8d46ab15c531f25:24285:1790427149974606400,,,"[""Pleiades NEO Red (0.618 - 0.689) um"", ""Pleiades NEO Green (0.533 - 0.59) um"", ""Pleiades NEO Blue (0.446 - 0.52) um"", ""Pleiades NEO NIR (0.768 - 0.888) um"", ""Pleiades NEO Red Edge (0.696 - 0.749) um"", ""Pleiades NEO Deep Blue (0.416 - 0.456) um""]",Ames,TP4,4233,1,11,472.0,735.0,412.0,3770.0,2224.0,374.0,0.7791527843883865,0.25891272785933217,211,0.871900826446281,Ames|4233|1|11,2022-08-31
Satellite/Ames/TP4/Ames-TP4-4233_1_12.TIF,bdeebb5b009152a831588b89e6f278fd1186bf7af5410e29b8d46ab15c531f25:24250:1790427149770592900,,,"[""Pleiades NEO Red (0.618 - 0.689) um"", ""Pleiades NEO Green (0.533 - 0.59) um"", ""Pleiades NEO Blue (0.446 - 0.52) um"", ""Pleiades NEO NIR (0.768 - 0.888) um"", ""Pleiades NEO Red Edge (0.696 - 0.749) um"", ""Pleiades NEO Deep Blue (0.416 - 0.456) um""]",Ames,TP4,4233,1,12,505.0,731.0,428.0,3689.0,2161.0,389.0,0.7606395485539619,0.25917355371900824,203,0.8787878787878788,Ames|4233|1|12,2022-08-31
Satellite/Ames/TP4/Ames-TP4-4233_1_2.TIF,bdeebb5b009152a831588b89e6f278fd1186bf7af5410e29b8d46ab15c531f25:24146:1790427151651227400,,,"[""Pleiades NEO Red (0.618 - 0.689) um"", ""Pleiades NEO Green (0.533 - 0.59) um"", ""Pleiades NEO Blue (0.446 - 0.52) um"", ""Pleiades NEO NIR (0.768 - 0.888) um"", ""Pleiades NEO Red Edge (0.696 - 0.749) um"", ""Pleiades NEO Deep Blue (0.416 - 0.456) um""]",Ames,TP4,4233,1,2,444.0,657.5,417.5,3704.5,2035.5,381.5,0.7869582236317217,0.2905261406918437,200,0.8264462809917356,Ames|4233|1|2,2022-08-31
Satellite/Ames/TP4/Ames-TP4-4233_1_3.TIF,bdeebb5b009152a831588b89e6f278fd1186bf7af5410e29b8d46ab15c531f25:24257:1790427151869240900,,,"[""Pleiades NEO Red (0.618 - 0.689) um"", ""Pleiades NEO Green (0.533 - 0.59) um"", ""Pleiades NEO Blue (0.446 - 0.52) um"", ""Pleiades NEO NIR (0.768 - 0.888) um"", ""Pleiades NEO Red Edge (0.696 - 0.749) um"", ""Pleiades NEO Deep Blue (0.416 - 0.456) um""]",Ames,TP4,4233,1,3,480.5,650.5,487.0,2984.5,1786.5,429.5,0.696884886760543,0.21888821841769338,200,0.8264462809917356,Ames|4233|1|3,2022-08-31
Satellite/Ames/TP4/Ames-TP4-4233_1_4.TIF,bdeebb5b009152a831588b89e6f278fd1186bf7af5410e29b8d46ab15c531f25:24159:1790427151182193200,,,"[""Pleiades NEO Red (0.618 - 0.689) um"", ""Pleiades NEO Green (0.533 - 0.59) um"", ""Pleiades NEO Blue (0.446 - 0.52) um"", ""Pleiades NEO NIR (0.768 - 0.888) um"", ""Pleiades NEO Red Edge (0.696 - 0.749) um"", ""Pleiades NEO Deep Blue (0.416 - 0.456) um""]",Ames,TP4,4233,1,4,400.0,581.5,393.0,3100.5,1737.0,379.5,0.7757897231560194,0.29922955001991813,200,0.8658008658008658,Ames|4233|1|4,2022-08-31
Satellite/Ames/TP4/Ames-TP4-4233_1_5.TIF,bdeebb5b009152a831588b89e6f278fd1186bf7af5410e29b8d46ab15c531f25:24156:1790427151396712600,,,"[""Pleiades NEO Red (0.618 - 0.689) um"", ""Pleiades NEO Green (0.533 - 0.59) um"", ""Pleiades NEO Blue (0.446 - 0.52) um"", ""Pleiades NEO NIR (0.768 - 0.888) um"", ""Pleiades NEO Red Edge (0.696 - 0.749) um"", ""Pleiades NEO Deep Blue (0.416 - 0.456) um""]",Ames,TP4,4233,1,5,420.0,679.0,386.0,3704.0,2141.0,347.0,0.8005277044854882,0.27932048350212346,201,0.7976190476190477,Ames|4233|1|5,2022-08-31
Satellite/Ames/TP4/Ames-TP4-4233_1_6.TIF,bdeebb5b009152a831588b89e6f278fd1186bf7af5410e29b8d46ab15c531f25:24254:1790427151640227300,,,"[""Pleiades NEO Red (0.618 - 0.689) um"", ""Pleiades NEO Green (0.533 - 0.59) um"", ""Pleiades NEO Blue (0.446 - 0.52) um"", ""Pleiades NEO NIR (0.768 - 0.888) um"", ""Pleiades NEO Red Edge (0.696 - 0.749) um"", ""Pleiades NEO Deep Blue (0.416 - 0.456) um""]",Ames,TP4,4233,1,6,448.5,703.5,396.0,3659.5,2148.5,356.5,0.780839916121576,0.2622485109092604,210,0.8333333333333334,Ames|4233|1|6,2022-08-31
Satellite/Ames/TP4/Ames-TP4-4233_1_7.TIF,bdeebb5b009152a831588b89e6f278fd1186bf7af5410e29b8d46ab15c531f25:24207:1790427151421712300,,,"[""Pleiades NEO Red (0.618 - 0.689) um"", ""Pleiades NEO Green (0.533 - 0.59) um"", ""Pleiades NEO Blue (0.446 - 0.52) um"", ""Pleiades NEO NIR (0.768 - 0.888) um"", ""Pleiades NEO Red Edge (0.696 - 0.749) um"", ""Pleiades NEO Deep Blue (0.416 - 0.456) um""]",Ames,TP4,4233,1,7,483.0,738.5,410.0,3649.5,2197.5,361.5,0.7656714126476689,0.24257719976493258,206,0.8917748917748918,Ames|4233|1|7,2022-08-31
Satellite/Ames/TP4/Ames-TP4-4233_1_8.TIF,bdeebb5b009152a831588b89e6f278fd1186bf7af5410e29b8d46ab15c531f25:24106:1790427151004684900,,,"[""Pleiades NEO Red (0.618 - 0.689) um"", ""Pleiades NEO Green (0.533 - 0.59) um"", ""Pleiades NEO Blue (0.446 - 0.52) um"", ""Pleiades NEO NIR (0.768 - 0.888) um"", ""Pleiades NEO Red Edge (0.696 - 0.749) um"", ""Pleiades NEO Deep Blue (0.416 - 0.456) um""]",Ames,TP4,4233,1,8,470.0,748.5,407.5,3723.5,2231.0,363.0,0.7791814132511012,0.2506478884642409,200,0.8658008658008658,Ames|4233|1|8,2022-08-31
Satellite/Ames/TP4/Ames-TP4-4233_1_9.TIF,bdeebb5b009152a831588b89e6f278fd1186bf7af5410e29b8d46ab15c531f25:24118:1790427151157191100,,,"[""Pleiades NEO Red (0.618 - 0.689) um"", ""Pleiades NEO Green (0.533 - 0.59) um"", ""Pleiades NEO Blue (0.446 - 0.52) um"", ""Pleiades NEO NIR (0.768 - 0.888) um"", ""Pleiades NEO Red Edge (0.696 - 0.749) um"", ""Pleiades NEO Deep Blue (0.416 - 0.456) um""]",Ames,TP4,4233,1,9,451.0,725.0,401.0,3863.0,2227.0,367.5,0.7897421585877539,0.26986604079925336,200,0.8264462809917356,Ames|4233|1|9,2022-08-31
Satellite/Ames/TP4/Ames-TP4-4233_20_1.TIF,bdeebb5b009152a831588b89e6f278fd1186bf7af5410e29b8d46ab15c531f25:24269:1790427152209769400,,,"[""Pleiades NEO Red (0.618 - 0.689) um"", ""Pleiades NEO Green (0.533 - 0.59) um"", ""Pleiades NEO Blue (0.446 - 0.52) um"", ""Pleiades NEO NIR (0.768 - 0.888) um"", ""Pleiades NEO Red Edge (0.696 - 0.749) um"", ""Pleiades NEO Deep Blue (0.416 - 0.456) um""]",Ames,TP4,4233,20,1,397.5,676.0,379.0,3662.0,2115.5,349.0,0.8036733716168489,0.2719924199609689,208,0.9004329004329005,Ames|4233|20|1,2022-08-31
Satellite/Ames/TP4/Ames-TP4-4233_20_11.TIF,bdeebb5b009152a831588b89e6f278fd1186bf7af5410e29b8d46ab15c531f25:24209:1790427150205628100,,,"[""Pleiades NEO Red (0.618 - 0.689) um"", ""Pleiades NEO Green (0.533 - 0.59) um"", ""Pleiades NEO Blue (0.446 - 0.52) um"", ""Pleiades NEO NIR (0.768 - 0.888) um"", ""Pleiades NEO Red Edge (0.696 - 0.749) um"", ""Pleiades NEO Deep Blue (0.416 - 0.456) um""]",Ames,TP4,4233,20,11,392.0,635.0,391.0,3876.0,2093.0,350.0,0.8178956834532374,0.2992481203007519,207,0.8553719008264463,Ames|4233|20|11,2022-08-31
Satellite/Ames/TP4/Ames-TP4-4233_20_12.TIF,bdeebb5b009152a831588b89e6f278fd1186bf7af5410e29b8d46ab15c531f25:24040:1790427150397640700,,,"[""Pleiades NEO Red (0.618 - 0.689) um"", ""Pleiades NEO Green (0.533 - 0.59) um"", ""Pleiades NEO Blue (0.446 - 0.52) um"", ""Pleiades NEO NIR (0.768 - 0.888) um"", ""Pleiades NEO Red Edge (0.696 - 0.749) um"", ""Pleiades NEO Deep Blue (0.416 - 0.456) um""]",Ames,TP4,4233,20,12,396.0,603.0,399.0,3919.5,1991.0,355.5,0.8174585263588152,0.3236594645560051,200,0.8264462809917356,Ames|4233|20|12,2022-08-31
Satellite/Ames/TP4/Ames-TP4-4233_20_2.TIF,bdeebb5b009152a831588b89e6f278fd1186bf7af5410e29b8d46ab15c531f25:24128:1790427152417782100,,,"[""Pleiades NEO Red (0.618 - 0.689) um"", ""Pleiades NEO Green (0.533 - 0.59) um"", ""Pleiades NEO Blue (0.446 - 0.52) um"", ""Pleiades NEO NIR (0.768 - 0.888) um"", ""Pleiades NEO Red Edge (0.696 - 0.749) um"", ""Pleiades NEO Deep Blue (0.416 - 0.456) um""]",Ames,TP4,4233,20,2,442.5,713.0,400.0,3703.0,2176.5,352.5,0.7863207658113225,0.2558711603050793,200,0.8658008658008658,Ames|4233|20|2,2022-08-31
Satellite/Ames/TP4/Ames-TP4-4233_21_1.TIF,bdeebb5b009152a831588b89e6f278fd1186bf7af5410e29b8d46ab15c531f25:24170:1790427151436712300,,,"[""Pleiades NEO Red (0.618 - 0.689) um"", ""Pleiades NEO Green (0.533 - 0.59) um"", ""Pleiades NEO Blue (0.446 - 0.52) um"", ""Pleiades NEO NIR (0.768 - 0.888) um"", ""Pleiades NEO Red Edge (0.696 - 0.749) um"", ""Pleiades NEO Deep Blue (0.416 - 0.456) um""]",Ames,TP4,4233,21,1,409.0,665.0,391.5,3720.5,2103.0,354.5,0.8034311988844081,0.28230592414041467,202,0.8015873015873016,Ames|4233|21|1,2022-08-31
Satellite/Ames/TP4/Ames-TP4-4233_21_11.TIF,bdeebb5b009152a831588b89e6f278fd1186bf7af5410e29b8d46ab15c531f25:24196:1790427151974747200,,,"[""Pleiades NEO Red (0.618 - 0.689) um"", ""Pleiades NEO Green (0.533 - 0.59) um"", ""Pleiades NEO Blue (0.446 - 0.52) um"", ""Pleiades NEO NIR (0.768 - 0.888) um"", ""Pleiades NEO Red Edge (0.696 - 0.749) um"", ""Pleiades NEO Deep Blue (0.416 - 0.456) um""]",Ames,TP4,4233,21,11,353.0,591.0,366.0,3878.0,1993.0,346.0,0.8336098601564351,0.31773879142300193,205,0.8874458874458875,Ames|4233|21|11,2022-08-31
Satellite/Ames/TP4/Ames-TP4-4233_21_12.TIF,bdeebb5b009152a831588b89e6f278fd1186bf7af5410e29b8d46ab15c531f25:24082:1790427151740734300,,,"[""Pleiades NEO Red (0.618 - 0.689) um"", ""Pleiades NEO Green (0.533 - 0.59) um"", ""Pleiades NEO Blue (0.446 - 0.52) um"", ""Pleiades NEO NIR (0.768 - 0.888) um"", ""Pleiades NEO Red Edge (0.696 - 0.749) um"", ""Pleiades NEO Deep Blue (0.416 - 0.456) um""]",Ames,TP4,4233,21,12,386.0,581.0,377.5,3850.5,1933.0,346.0,0.8159899369156346,0.32995093551672,200,0.8658008658008658,Ames|4233|21|12,2022-08-31
Satellite/Ames/TP4/Ames-TP4-4233_21_2.TIF,bdeebb5b009152a831588b89e6f278fd1186bf7af5410e29b8d46ab15c531f25:24283:1790427151187193400,,,"[""Pleiades NEO Red (0.618 - 0.689) um"", ""Pleiades NEO Green (0.533 - 0.59) um"", ""Pleiades NEO Blue (0.446 - 0.52) um"", ""Pleiades NEO NIR (0.768 - 0.888) um"", ""Pleiades NEO Red Edge (0.696 - 0.749) um"", ""Pleiades NEO Deep Blue (0.416 - 0.456) um""]",Ames,TP4,4233,21,2,426.0,706.5,392.0,3632.5,2120.0,349.0,0.787012413533019,0.263510351579978,210,0.8333333333333334,Ames|4233|21|2,2022-08-31
Satellite/Ames/TP4/Ames-TP4-4233_22_1.TIF,bdeebb5b009152a831588b89e6f278fd1186bf7af5410e29b8d46ab15c531f25:24123:1790427152487784100,,,"[""Pleiades NEO Red (0.618 - 0.689) um"", ""Pleiades NEO Green (0.533 - 0.59) um"", ""Pleiades NEO Blue (0.446 - 0.52) um"", ""Pleiades NEO NIR (0.768 - 0.888) um"", ""Pleiades NEO Red Edge (0.696 - 0.749) um"", ""Pleiades NEO Deep Blue (0.416 - 0.456) um""]",Ames,TP4,4233,22,1,403.0,635.5,387.5,3675.0,2009.5,372.5,0.8046926080645682,0.2963146279167803,200,0.7575757575757576,Ames|4233|22|1,2022-08-31
Satellite/Ames/TP4/Ames-TP4-4233_22_11.TIF,bdeebb5b009152a831588b89e6f278fd1186bf7af5410e29b8d46ab15c531f25:24157:1790427150003614800,,,"[""Pleiades NEO Red (0.618 - 0.689) um"", ""Pleiades NEO Green (0.533 - 0.59) um"", ""Pleiades NEO Blue (0.446 - 0.52) um"", ""Pleiades NEO NIR (0.768 - 0.888) um"", ""Pleiades NEO Red Edge (0.696 - 0.749) um"", ""Pleiades NEO Deep Blue (0.416 - 0.456) um""]",Ames,TP4,4233,22,11,361.0,586.0,373.0,3960.0,2003.0,333.0,0.836381135707411,0.33111064805167745,205,0.8134920634920635,Ames|4233|22|11,2022-08-31
Satellite/Ames/TP4/Ames-TP4-4233_22_12.TIF,bdeebb5b009152a831588b89e6f278fd1186bf7af5410e29b8d46ab15c531f25:24231:1790427149799100100,,,"[""Pleiades NEO Red (0.618 - 0.689) um"", ""Pleiades NEO Green (0.533 - 0.59) um"", ""Pleiades NEO Blue (0.446 - 0.52) um"", ""Pleiades NEO NIR (0.768 - 0.888) um"", ""Pleiades NEO Red Edge (0.696 - 0.749) um"", ""Pleiades NEO Deep Blue (0.416 - 0.456) um""]",Ames,TP4,4233,22,12,338.0,562.0,345.0,4051.5,2010.0,335.0,0.8441827704122786,0.3373825682106539,210,0.8333333333333334,Ames|4233|22|12,2022-08-31
Satellite/Ames/TP4/Ames-TP4-4233_22_2.TIF,bdeebb5b009152a831588b89e6f278fd1186bf7af5410e29b8d46ab15c531f25:24178:1790427152254769300,,,"[""Pleiades NEO Red (0.618 - 0.689) um"", ""Pleiades NEO Green (0.533 - 0.59) um"", ""Pleiades NEO Blue (0.446 - 0.52) um"", ""Pleiades NEO NIR (0.768 - 0.888) um"", ""Pleiades NEO Red Edge (0.696 - 0.749) um"", ""Pleiades NEO Deep Blue (0.416 - 0.456) um""]",Ames,TP4,4233,22,2,428.0,677.0,400.0,3585.0,2060.0,355.5,0.7869147538045037,0.27425182868500414,200,0.8658008658008658,Ames|4233|22|2,2022-08-31
Satellite/Ames/TP4/Ames-TP4-4233_23_1.TIF,bdeebb5b009152a831588b89e6f278fd1186bf7af5410e29b8d46ab15c531f25:24090:1790427151366204700,,,"[""Pleiades NEO Red (0.618 - 0.689) um"", ""Pleiades NEO Green (0.533 - 0.59) um"", ""Pleiades NEO Blue (0.446 - 0.52) um"", ""Pleiades NEO NIR (0.768 - 0.888) um"", ""Pleiades NEO Red Edge (0.696 - 0.749) um"", ""Pleiades NEO Deep Blue (0.416 - 0.456) um""]",Ames,TP4,4233,23,1,471.0,608.0,433.5,3316.5,1789.5,409.0,0.7563157323345411,0.2993304356384402,200,0.8264462809917356,Ames|4233|23|1,2022-08-31
Satellite/Ames/TP4/Ames-TP4-4233_23_11.TIF,bdeebb5b009152a831588b89e6f278fd1186bf7af5410e29b8d46ab15c531f25:24000:1790427151177191100,,,"[""Pleiades NEO Red (0.618 - 0.689) um"", ""Pleiades NEO Green (0.533 - 0.59) um"", ""Pleiades NEO Blue (0.446 - 0.52) um"", ""Pleiades NEO NIR (0.768 - 0.888) um"", ""Pleiades NEO Red Edge (0.696 - 0.749) um"", ""Pleiades NEO Deep Blue (0.416 - 0.456) um""]",Ames,TP4,4233,23,11,339.0,573.5,355.5,4059.0,2006.0,341.5,0.844297406364397,0.336921137901609,200,0.7575757575757576,Ames|4233|23|11,2022-08-31
Satellite/Ames/TP4/Ames-TP4-4233_23_12.TIF,bdeebb5b009152a831588b89e6f278fd1186bf7af5410e29b8d46ab15c531f25:24049:1790427151416712500,,,"[""Pleiades NEO Red (0.618 - 0.689) um"", ""Pleiades NEO Green (0.533 - 0.59) um"", ""Pleiades NEO Blue (0.446 - 0.52) um"", ""Pleiades NEO NIR (0.768 - 0.888) um"", ""Pleiades NEO Red Edge (0.696 - 0.749) um"", ""Pleiades NEO Deep Blue (0.416 - 0.456) um""]",Ames,TP4,4233,23,12,356.0,548.5,364.5,4007.0,1949.5,346.0,0.836314914677652,0.34640567062354227,200,0.8658008658008658,Ames|4233|23|12,2022-08-31
Satellite/Ames/TP4/Ames-TP4-4233_23_2.TIF,bdeebb5b009152a831588b89e6f278fd1186bf7af5410e29b8d46ab15c531f25:24079:1790427151606227300,,,"[""Pleiades NEO Red (0.618 - 0.689) um"", ""Pleiades NEO Green (0.533 - 0.59) um"", ""Pleiades NEO Blue (0.446 - 0.52) um"", ""Pleiades NEO NIR (0.768 - 0.888) um"", ""Pleiades NEO Red Edge (0.696 - 0.749) um"", ""Pleiades NEO Deep Blue (0.416 - 0.456) um""]",Ames,TP4,4233,23,2,412.0,581.5,395.0,3242.0,1775.5,374.0,0.7777880320503704,0.2918313148715691,200,0.8264462809917356,Ames|4233|23|2,2022-08-31
Satellite/Ames/TP4/Ames-TP4-4233_24_1.TIF,bdeebb5b009152a831588b89e6f278fd1186bf7af5410e29b8d46ab15c531f25:24207:1790427152965817100,,,"[""Pleiades NEO Red (0.618 - 0.689) um"", ""Pleiades NEO Green (0.533 - 0.59) um"", ""Pleiades NEO Blue (0.446 - 0.52) um"", ""Pleiades NEO NIR (0.768 - 0.888) um"", ""Pleiades NEO Red Edge (0.696 - 0.749) um"", ""Pleiades NEO Deep Blue (0.416 - 0.456) um""]",Ames,TP4,4233,24,1,485.0,591.0,434.0,3071.0,1717.0,409.0,0.7283874923359902,0.28115384615384614,205,0.8874458874458875,Ames|4233|24|1,2022-08-31
Satellite/Ames/TP4/Ames-TP4-4233_24_11.TIF,bdeebb5b009152a831588b89e6f278fd1186bf7af5410e29b8d46ab15c531f25:24006:1790427150448640900,,,"[""Pleiades NEO Red (0.618 - 0.689) um"", ""Pleiades NEO Green (0.533 - 0.59) um"", ""Pleiades NEO Blue (0.446 - 0.52) um"", ""Pleiades NEO NIR (0.768 - 0.888) um"", ""Pleiades NEO Red Edge (0.696 - 0.749) um"", ""Pleiades NEO Deep Blue (0.416 - 0.456) um""]",Ames,TP4,4233,24,11,343.0,552.0,358.5,4011.5,1984.5,343.0,0.8433087099176962,0.33702844082003813,200,0.8264462809917356,Ames|4233|24|11,2022-08-31
Satellite/Ames/TP4/Ames-TP4-4233_24_12.TIF,bdeebb5b009152a831588b89e6f278fd1186bf7af5410e29b8d46ab15c531f25:24082:1790427150603155900,,,"[""Pleiades NEO Red (0.618 - 0.689) um"", ""Pleiades NEO Green (0.533 - 0.59) um"", ""Pleiades NEO Blue (0.446 - 0.52) um"", ""Pleiades NEO NIR (0.768 - 0.888) um"", ""Pleiades NEO Red Edge (0.696 - 0.749) um"", ""Pleiades NEO Deep Blue (0.416 - 0.456) um""]",Ames,TP4,4233,24,12,366.0,571.5,367.0,4096.5,2002.5,354.5,0.8346780297276828,0.34064096595173554,200,0.8264462809917356,Ames|4233|24|12,2022-08-31
Satellite/Ames/TP4/Ames-TP4-4233_24_2.TIF,bdeebb5b009152a831588b89e6f278fd1186bf7af5410e29b8d46ab15c531f25:24297:1790427152740803500,,,"[""Pleiades NEO Red (0.618 - 0.689) um"", ""Pleiades NEO Green (0.533 - 0.59) um"", ""Pleiades NEO Blue (0.446 - 0.52) um"", ""Pleiades NEO NIR (0.768 - 0.888) um"", ""Pleiades NEO Red Edge (0.696 - 0.749) um"", ""Pleiades NEO Deep Blue (0.416 - 0.456) um""]",Ames,TP4,4233,24,2,510.5,666.0,453.5,3469.5,1964.5,401.0,0.7429452997868233,0.27839271724387193,210,0.9090909090909091,Ames|4233|24|2,2022-08-31
Satellite/Ames/TP4/Ames-TP4-4233_25_1.TIF,bdeebb5b009152a831588b89e6f278fd1186bf7af5410e29b8d46ab15c531f25:24357:1790427151793736000,,,"[""Pleiades NEO Red (0.618 - 0.689) um"", ""Pleiades NEO Green (0.533 - 0.59) um"", ""Pleiades NEO Blue (0.446 - 0.52) um"", ""Pleiades NEO NIR (0.768 - 0.888) um"", ""Pleiades NEO Red Edge (0.696 - 0.749) um"", ""Pleiades NEO Deep Blue (0.416 - 0.456) um""]",Ames,TP4,4233,25,1,497.0,687.0,445.0,3403.0,2006.0,411.0,0.749242600792356,0.26026775584297707,215,0.9307359307359307,Ames|4233|25|1,2022-08-31
Satellite/Ames/TP4/Ames-TP4-4233_25_10.TIF,bdeebb5b009152a831588b89e6f278fd1186bf7af5410e29b8d46ab15c531f25:24247:1790427152403782200,,,"[""Pleiades NEO Red (0.618 - 0.689) um"", ""Pleiades NEO Green (0.533 - 0.59) um"", ""Pleiades NEO Blue (0.446 - 0.52) um"", ""Pleiades NEO NIR (0.768 - 0.888) um"", ""Pleiades NEO Red Edge (0.696 - 0.749) um"", ""Pleiades NEO Deep Blue (0.416 - 0.456) um""]",Ames,TP4,4233,25,10,377.0,628.0,374.0,4026.0,2145.0,342.0,0.8306203255609327,0.3081580624601657,209,0.9047619047619048,Ames|4233|25|10,2022-08-31
Satellite/Ames/TP4/Ames-TP4-4233_25_11.TIF,bdeebb5b009152a831588b89e6f278fd1186bf7af5410e29b8d46ab15c531f25:24076:1790427152492784100,,,"[""Pleiades NEO Red (0.618 - 0.689) um"", ""Pleiades NEO Green (0.533 - 0.59) um"", ""Pleiades NEO Blue (0.446 - 0.52) um"", ""Pleiades NEO NIR (0.768 - 0.888) um"", ""Pleiades NEO Red Edge (0.696 - 0.749) um"", ""Pleiades NEO Deep Blue (0.416 - 0.456) um""]",Ames,TP4,4233,25,11,385.5,628.0,374.5,4033.0,2129.5,347.5,0.8237034652409059,0.3162734721921615,200,0.8658008658008658,Ames|4233|25|11,2022-08-31
Satellite/Ames/TP4/Ames-TP4-4233_25_12.TIF,bdeebb5b009152a831588b89e6f278fd1186bf7af5410e29b8d46ab15c531f25:24268:1790427152264769400,,,"[""Pleiades NEO Red (0.618 - 0.689) um"", ""Pleiades NEO Green (0.533 - 0.59) um"", ""Pleiades NEO Blue (0.446 - 0.52) um"", ""Pleiades NEO NIR (0.768 - 0.888) um"", ""Pleiades NEO Red Edge (0.696 - 0.749) um"", ""Pleiades NEO Deep Blue (0.416 - 0.456) um""]",Ames,TP4,4233,25,12,401.5,626.5,384.0,4006.5,2095.0,354.5,0.8176612625331781,0.3108297505388432,208,0.9004329004329005,Ames|4233|25|12,2022-08-31
Satellite/Ames/TP4/Ames-TP4-4233_25_2.TIF,bdeebb5b009152a831588b89e6f278fd1186bf7af5410e29b8d46ab15c531f25:24253:1790427152021756300,,,"[""Pleiades NEO Red (0.618 - 0.689) um"", ""Pleiades NEO Green (0.533 - 0.59) um"", ""Pleiades NEO Blue (0.446 - 0.52) um"", ""Pleiades NEO NIR (0.768 - 0.888) um"", ""Pleiades NEO Red Edge (0.696 - 0.749) um"", ""Pleiades NEO Deep Blue (0.416 - 0.456) um""]",Ames,TP4,4233,25,2,617.5,745.0,504.0,3453.5,2100.5,447.5,0.6966810416664397,0.24638663628465396,206,0.8917748917748918,Ames|4233|25|2,2022-08-31
Satellite/Ames/TP4/Ames-TP4-4233_25_3.TIF,bdeebb5b009152a831588b89e6f278fd1186bf7af5410e29b8d46ab15c531f25:24263:1790427151969747200,,,"[""Pleiades NEO Red (0.618 - 0.689) um"", ""Pleiades NEO Green (0.533 - 0.59) um"", ""Pleiades NEO Blue (0.446 - 0.52) um"", ""Pleiades NEO NIR (0.768 - 0.888) um"", ""Pleiades NEO Red Edge (0.696 - 0.749) um"", ""Pleiades NEO Deep Blue (0.416 - 0.456) um""]",Ames,TP4,4233,25,3,709.0,751.0,571.0,3126.5,2065.0,509.0,0.6257958755125894,0.19975200910868582,200,0.8658008658008658,Ames|4233|25|3,2022-08-31
Satellite/Ames/TP4/Ames-TP4-4233_25_4.TIF,bdeebb5b009152a831588b89e6f278fd1186bf7af5410e29b8d46ab15c531f25:24278:1790427151573721300,,,"[""Pleiades NEO Red (0.618 - 0.689) um"", ""Pleiades NEO Green (0.533 - 0.59) um"", ""Pleiades NEO Blue (0.446 - 0.52) um"", ""Pleiades NEO NIR (0.768 - 0.888) um"", ""Pleiades NEO Red Edge (0.696 - 0.749) um"", ""Pleiades NEO Deep Blue (0.416 - 0.456) um""]",Ames,TP4,4233,25,4,643.5,759.5,509.5,3200.5,2003.5,505.0,0.6747210059015293,0.2190060798308221,200,0.8264462809917356,Ames|4233|25|4,2022-08-31
Satellite/Ames/TP4/Ames-TP4-4233_25_5.TIF,bdeebb5b009152a831588b89e6f278fd1186bf7af5410e29b8d46ab15c531f25:24153:1790427151489714400,,,"[""Pleiades NEO Red (0.618 - 0.689) um"", ""Pleiades NEO Green (0.533 - 0.59) um"", ""Pleiades NEO Blue (0.446 - 0.52) um"", ""Pleiades NEO NIR (0.768 - 0.888) um"", ""Pleiades NEO Red Edge (0.696 - 0.749) um"", ""Pleiades NEO Deep Blue (0.416 - 0.456) um""]",Ames,TP4,4233,25,5,445.5,723.5,402.5,3695.5,2170.0,369.5,0.780413805586036,0.2565413681548065,200,0.7575757575757576,Ames|4233|25|5,2022-08-31
Satellite/Ames/TP4/Ames-TP4-4233_25_6.TIF,bdeebb5b009152a831588b89e6f278fd1186bf7af5410e29b8d46ab15c531f25:24126:1790427151256697700,,,"[""Pleiades NEO Red (0.618 - 0.689) um"", ""Pleiades NEO Green (0.533 - 0.59) um"", ""Pleiades NEO Blue (0.446 - 0.52) um"", ""Pleiades NEO NIR (0.768 - 0.888) um"", ""Pleiades NEO Red Edge (0.696 - 0.749) um"", ""Pleiades NEO Deep Blue (0.416 - 0.456) um""]",Ames,TP4,4233,25,6,468.5,727.0,407.0,3825.5,2282.0,370.0,0.7843532744905743,0.25395142140169913,200,0.7575757575757576,Ames|4233|25|6,2022-08-31
Satellite/Ames/TP4/Ames-TP4-4233_25_7.TIF,bdeebb5b009152a831588b89e6f278fd1186bf7af5410e29b8d46ab15c531f25:24110:1790427151316204900,,,"[""Pleiades NEO Red (0.618 - 0.689) um"", ""Pleiades NEO Green (0.533 - 0.59) um"", ""Pleiades NEO Blue (0.446 - 0.52) um"", ""Pleiades NEO NIR (0.768 - 0.888) um"", ""Pleiades NEO Red Edge (0.696 - 0.749) um"", ""Pleiades NEO Deep Blue (0.416 - 0.456) um""]",Ames,TP4,4233,25,7,427.5,686.5,385.0,3781.0,2178.5,357.0,0.794772481213263,0.2688031907129175,200,0.7936507936507936,Ames|4233|25|7,2022-08-31
Satellite/Ames/TP4/Ames-TP4-4233_25_8.TIF,bdeebb5b009152a831588b89e6f278fd1186bf7af5410e29b8d46ab15c531f25:24116:1790427150933676800,,,"[""Pleiades NEO Red (0.618 - 0.689) um"", ""Pleiades NEO Green (0.533 - 0.59) um"", ""Pleiades NEO Blue (0.446 - 0.52) um"", ""Pleiades NEO NIR (0.768 - 0.888) um"", ""Pleiades NEO Red Edge (0.696 - 0.749) um"", ""Pleiades NEO Deep Blue (0.416 - 0.456) um""]",Ames,TP4,4233,25,8,467.0,701.5,408.5,3895.5,2242.0,368.5,0.7829275826584734,0.2676419061938152,200,0.8658008658008658,Ames|4233|25|8,2022-08-31
Satellite/Ames/TP4/Ames-TP4-4233_25_9.TIF,bdeebb5b009152a831588b89e6f278fd1186bf7af5410e29b8d46ab15c531f25:24277:1790427150855169500,,,"[""Pleiades NEO Red (0.618 - 0.689) um"", ""Pleiades NEO Green (0.533 - 0.59) um"", ""Pleiades NEO Blue (0.446 - 0.52) um"", ""Pleiades NEO NIR (0.768 - 0.888) um"", ""Pleiades NEO Red Edge (0.696 - 0.749) um"", ""Pleiades NEO Deep Blue (0.416 - 0.456) um""]",Ames,TP4,4233,25,9,408.5,652.5,374.5,3813.5,2118.0,355.0,0.8095929014483689,0.28062600471905247,210,0.9090909090909091,Ames|4233|25|9,2022-08-31
Satellite/Ames/TP4/Ames-TP4-4233_2_1.TIF,bdeebb5b009152a831588b89e6f278fd1186bf7af5410e29b8d46ab15c531f25:24211:1790427152950817000,,,"[""Pleiades NEO Red (0.618 - 0.689) um"", ""Pleiades NEO Green (0.533 - 0.59) um"", ""Pleiades NEO Blue (0.446 - 0.52) um"", ""Pleiades NEO NIR (0.768 - 0.888) um"", ""Pleiades NEO Red Edge (0.696 - 0.749) um"", ""Pleiades NEO Deep Blue (0.416 - 0.456) um""]",Ames,TP4,4233,2,1,408.5,612.0,375.5,3571.0,1964.0,351.5,0.7917319577656551,0.2894054896073161,210,0.9090909090909091,Ames|4233|2|1,2022-08-31
Satellite/Ames/TP4/Ames-TP4-4233_2_10.TIF,bdeebb5b009152a831588b89e6f278fd1186bf7af5410e29b8d46ab15c531f25:24175:1790427152025756000,,,"[""Pleiades NEO Red (0.618 - 0.689) um"", ""Pleiades NEO Green (0.533 - 0.59) um"", ""Pleiades NEO Blue (0.446 - 0.52) um"", ""Pleiades NEO NIR (0.768 - 0.888) um"", ""Pleiades NEO Red Edge (0.696 - 0.749) um"", ""Pleiades NEO Deep Blue (0.416 - 0.456) um""]",Ames,TP4,4233,2,10,375.5,600.0,372.0,3957.0,2038.0,359.0,0.8219654826013207,0.3175838975576264,206,0.8917748917748918,Ames|4233|2|10,2022-08-31
Satellite/Ames/TP4/Ames-TP4-4233_2_11.TIF,bdeebb5b009152a831588b89e6f278fd1186bf7af5410e29b8d46ab15c531f25:24023:1790427151958747700,,,"[""Pleiades NEO Red (0.618 - 0.689) um"", ""Pleiades NEO Green (0.533 - 0.59) um"", ""Pleiades NEO Blue (0.446 - 0.52) um"", ""Pleiades NEO NIR (0.768 - 0.888) um"", ""Pleiades NEO Red Edge (0.696 - 0.749) um"", ""Pleiades NEO Deep Blue (0.416 - 0.456) um""]",Ames,TP4,4233,2,11,375.5,589.5,374.0,3904.5,1986.0,347.0,0.8238755280797448,0.32533872576273704,200,0.8264462809917356,Ames|4233|2|11,2022-08-31
Satellite/Ames/TP4/Ames-TP4-4233_2_12.TIF,bdeebb5b009152a831588b89e6f278fd1186bf7af5410e29b8d46ab15c531f25:24121:1790427151714734000,,,"[""Pleiades NEO Red (0.618 - 0.689) um"", ""Pleiades NEO Green (0.533 - 0.59) um"", ""Pleiades NEO Blue (0.446 - 0.52) um"", ""Pleiades NEO NIR (0.768 - 0.888) um"", ""Pleiades NEO Red Edge (0.696 - 0.749) um"", ""Pleiades NEO Deep Blue (0.416 - 0.456) um""]",Ames,TP4,4233,2,12,412.0,631.5,393.5,3757.0,1989.0,356.0,0.8097672622204826,0.31051653916061694,200,0.8264462809917356,Ames|4233|2|12,2022-08-31
Satellite/Ames/TP4/Ames-TP4-4233_2_2.TIF,bdeebb5b009152a831588b89e6f278fd1186bf7af5410e29b8d46ab15c531f25:24070:1790427152735803900,,,"[""Pleiades NEO Red (0.618 - 0.689) um"", ""Pleiades NEO Green (0.533 - 0.59) um"", ""Pleiades NEO Blue (0.446 - 0.52) um"", ""Pleiades NEO NIR (0.768 - 0.888) um"", ""Pleiades NEO Red Edge (0.696 - 0.749) um"", ""Pleiades NEO Deep Blue (0.416 - 0.456) um""]",Ames,TP4,4233,2,2,397.5,627.5,377.0,3883.5,2079.5,348.5,0.815675857369975,0.3006516480597517,200,0.8658008658008658,Ames|4233|2|2,2022-08-31
Satellite/Ames/TP4/Ames-TP4-4233_2_3.TIF,bdeebb5b009152a831588b89e6f278fd1186bf7af5410e29b8d46ab15c531f25:24053:1790427152622297000,,,"[""Pleiades NEO Red (0.618 - 0.689) um"", ""Pleiades NEO Green (0.533 - 0.59) um"", ""Pleiades NEO Blue (0.446 - 0.52) um"", ""Pleiades NEO NIR (0.768 - 0.888) um"", ""Pleiades NEO Red Edge (0.696 - 0.749) um"", ""Pleiades NEO Deep Blue (0.416 - 0.456) um""]",Ames,TP4,4233,2,3,392.5,627.0,388.0,3941.5,2053.0,356.0,0.8226141437820942,0.3096717929118561,200,0.7575757575757576,Ames|4233|2|3,2022-08-31
Satellite/Ames/TP4/Ames-TP4-4233_2_4.TIF,bdeebb5b009152a831588b89e6f278fd1186bf7af5410e29b8d46ab15c531f25:24049:1790427152259769300,,,"[""Pleiades NEO Red (0.618 - 0.689) um"", ""Pleiades NEO Green (0.533 - 0.59) um"", ""Pleiades NEO Blue (0.446 - 0.52) um"", ""Pleiades NEO NIR (0.768 - 0.888) um"", ""Pleiades NEO Red Edge (0.696 - 0.749) um"", ""Pleiades NEO Deep Blue (0.416 - 0.456) um""]",Ames,TP4,4233,2,4,380.5,602.0,381.0,4016.0,2086.5,363.0,0.8266994466903204,0.3160022101183968,200,0.7575757575757576,Ames|4233|2|4,2022-08-31
Satellite/Ames/TP4/Ames-TP4-4233_2_5.TIF,bdeebb5b009152a831588b89e6f278fd1186bf7af5410e29b8d46ab15c531f25:24074:1790427152184264700,,,"[""Pleiades NEO Red (0.618 - 0.689) um"", ""Pleiades NEO Green (0.533 - 0.59) um"", ""Pleiades NEO Blue (0.446 - 0.52) um"", ""Pleiades NEO NIR (0.768 - 0.888) um"", ""Pleiades NEO Red Edge (0.696 - 0.749) um"", ""Pleiades NEO Deep Blue (0.416 - 0.456) um""]",Ames,TP4,4233,2,5,393.5,624.0,383.0,3969.0,2075.5,351.5,0.8233229612399515,0.30960844820245026,200,0.7575757575757576,Ames|4233|2|5,2022-08-31
Satellite/Ames/TP4/Ames-TP4-4233_2_6.TIF,bdeebb5b009152a831588b89e6f278fd1186bf7af5410e29b8d46ab15c531f25:24098:1790427152398782100,,,"[""Pleiades NEO Red (0.618 - 0.689) um"", ""Pleiades NEO Green (0.533 - 0.59) um"", ""Pleiades NEO Blue (0.446 - 0.52) um"", ""Pleiades NEO NIR (0.768 - 0.888) um"", ""Pleiades NEO Red Edge (0.696 - 0.749) um"", ""Pleiades NEO Deep Blue (0.416 - 0.456) um""]",Ames,TP4,4233,2,6,398.0,649.5,391.5,3905.0,2098.0,366.5,0.8187531899226465,0.3040978920915296,200,0.8658008658008658,Ames|4233|2|6,2022-08-31
Satellite/Ames/TP4/Ames-TP4-4233_2_7.TIF,bdeebb5b009152a831588b89e6f278fd1186bf7af5410e29b8d46ab15c531f25:24170:1790427152497790300,,,"[""Pleiades NEO Red (0.618 - 0.689) um"", ""Pleiades NEO Green (0.533 - 0.59) um"", ""Pleiades NEO Blue (0.446 - 0.52) um"", ""Pleiades NEO NIR (0.768 - 0.888) um"", ""Pleiades NEO Red Edge (0.696 - 0.749) um"", ""Pleiades NEO Deep Blue (0.416 - 0.456) um""]",Ames,TP4,4233,2,7,401.0,652.0,383.5,3810.0,2048.5,369.0,0.8102251121828683,0.2963335059724569,204,0.8831168831168831,Ames|4233|2|7,2022-08-31
Satellite/Ames/TP4/Ames-TP4-4233_2_8.TIF,bdeebb5b009152a831588b89e6f278fd1186bf7af5410e29b8d46ab15c531f25:24282:1790427150368134600,,,"[""Pleiades NEO Red (0.618 - 0.689) um"", ""Pleiades NEO Green (0.533 - 0.59) um"", ""Pleiades NEO Blue (0.446 - 0.52) um"", ""Pleiades NEO NIR (0.768 - 0.888) um"", ""Pleiades NEO Red Edge (0.696 - 0.749) um"", ""Pleiades NEO Deep Blue (0.416 - 0.456) um""]",Ames,TP4,4233,2,8,371.0,603.0,373.0,3784.0,2008.0,353.0,0.8208727412791506,0.30762617397428,214,0.9264069264069265,Ames|4233|2|8,2022-08-31
Satellite/Ames/TP4/Ames-TP4-4233_2_9.TIF,bdeebb5b009152a831588b89e6f278fd1186bf7af5410e29b8d46ab15c531f25:24227:1790427150303134400,,,"[""Pleiades NEO Red (0.618 - 0.689) um"", ""Pleiades NEO Green (0.533 - 0.59) um"", ""Pleiades NEO Blue (0.446 - 0.52) um"", ""Pleiades NEO NIR (0.768 - 0.888) um"", ""Pleiades NEO Red Edge (0.696 - 0.749) um"", ""Pleiades NEO Deep Blue (0.416 - 0.456) um""]",Ames,TP4,4233,2,9,383.5,610.0,374.0,4026.5,2085.5,358.5,0.8242781298771644,0.3175281431203242,212,0.9177489177489178,Ames|4233|2|9,2022-08-31
Satellite/Ames/TP4/Ames-TP4-4233_3_1.TIF,bdeebb5b009152a831588b89e6f278fd1186bf7af5410e29b8d46ab15c531f25:24073:1790427151838241000,,,"[""Pleiades NEO Red (0.618 - 0.689) um"", ""Pleiades NEO Green (0.533 - 0.59) um"", ""Pleiades NEO Blue (0.446 - 0.52) um"", ""Pleiades NEO NIR (0.768 - 0.888) um"", ""Pleiades NEO Red Edge (0.696 - 0.749) um"", ""Pleiades NEO Deep Blue (0.416 - 0.456) um""]",Ames,TP4,4233,3,1,378.5,592.0,366.5,3587.0,1950.5,337.0,0.8044346661264548,0.29804160604282137,200,0.7936507936507936,Ames|4233|3|1,2022-08-31
Satellite/Ames/TP4/Ames-TP4-4233_3_11.TIF,bdeebb5b009152a831588b89e6f278fd1186bf7af5410e29b8d46ab15c531f25:24066:1790427150224628000,,,"[""Pleiades NEO Red (0.618 - 0.689) um"", ""Pleiades NEO Green (0.533 - 0.59) um"", ""Pleiades NEO Blue (0.446 - 0.52) um"", ""Pleiades NEO NIR (0.768 - 0.888) um"", ""Pleiades NEO Red Edge (0.696 - 0.749) um"", ""Pleiades NEO Deep Blue (0.416 - 0.456) um""]",Ames,TP4,4233,3,11,358.0,551.5,366.5,3964.0,1934.0,351.5,0.8369168467078429,0.34174500881341074,200,0.8658008658008658,Ames|4233|3|11,2022-08-31
Satellite/Ames/TP4/Ames-TP4-4233_3_12.TIF,bdeebb5b009152a831588b89e6f278fd1186bf7af5410e29b8d46ab15c531f25:24121:1790427150418640700,,,"[""Pleiades NEO Red (0.618 - 0.689) um"", ""Pleiades NEO Green (0.533 - 0.59) um"", ""Pleiades NEO Blue (0.446 - 0.52) um"", ""Pleiades NEO NIR (0.768 - 0.888) um"", ""Pleiades NEO Red Edge (0.696 - 0.749) um"", ""Pleiades NEO Deep Blue (0.416 - 0.456) um""]",Ames,TP4,4233,3,12,378.5,580.0,366.0,3858.0,1939.0,354.0,0.8188719962150521,0.33459589606305107,200,0.7575757575757576,Ames|4233|3|12,2022-08-31
Satellite/Ames/TP4/Ames-TP4-4233_3_2.TIF,bdeebb5b009152a831588b89e6f278fd1186bf7af5410e29b8d46ab15c531f25:24231:1790427152085758200,,,"[""Pleiades NEO Red (0.618 - 0.689) um"", ""Pleiades NEO Green (0.533 - 0.59) um"", ""Pleiades NEO Blue (0.446 - 0.52) um"", ""Pleiades NEO NIR (0.768 - 0.888) um"", ""Pleiades NEO Red Edge (0.696 - 0.749) um"", ""Pleiades NEO Deep Blue (0.416 - 0.456) um""]",Ames,TP4,4233,3,2,422.5,656.0,401.0,3772.5,2065.0,367.0,0.8009135792841593,0.2894828001611285,210,0.8333333333333334,Ames|4233|3|2,2022-08-31
Satellite/Ames/TP4/Ames-TP4-4233_4_1.TIF,bdeebb5b009152a831588b89e6f278fd1186bf7af5410e29b8d46ab15c531f25:24076:1790427152517790300,,,"[""Pleiades NEO Red (0.618 - 0.689) um"", ""Pleiades NEO Green (0.533 - 0.59) um"", ""Pleiades NEO Blue (0.446 - 0.52) um"", ""Pleiades NEO NIR (0.768 - 0.888) um"", ""Pleiades NEO Red Edge (0.696 - 0.749) um"", ""Pleiades NEO Deep Blue (0.416 - 0.456) um""]",Ames,TP4,4233,4,1,395.0,605.0,357.5,3576.5,1981.5,337.5,0.7999680163442491,0.28250149055127094,200,0.7575757575757576,Ames|4233|4|1,2022-08-31
Satellite/Ames/TP4/Ames-TP4-4233_4_11.TIF,bdeebb5b009152a831588b89e6f278fd1186bf7af5410e29b8d46ab15c531f25:24207:1790427152775803500,,,"[""Pleiades NEO Red (0.618 - 0.689) um"", ""Pleiades NEO Green (0.533 - 0.59) um"", ""Pleiades NEO Blue (0.446 - 0.52) um"", ""Pleiades NEO NIR (0.768 - 0.888) um"", ""Pleiades NEO Red Edge (0.696 - 0.749) um"", ""Pleiades NEO Deep Blue (0.416 - 0.456) um""]",Ames,TP4,4233,4,11,354.5,556.5,368.5,3949.5,1908.0,349.0,0.8325635015301942,0.34766403958011455,210,0.8333333333333334,Ames|4233|4|11,2022-08-31
Satellite/Ames/TP4/Ames-TP4-4233_4_12.TIF,bdeebb5b009152a831588b89e6f278fd1186bf7af5410e29b8d46ab15c531f25:24147:1790427152995826400,,,"[""Pleiades NEO Red (0.618 - 0.689) um"", ""Pleiades NEO Green (0.533 - 0.59) um"", ""Pleiades NEO Blue (0.446 - 0.52) um"", ""Pleiades NEO NIR (0.768 - 0.888) um"", ""Pleiades NEO Red Edge (0.696 - 0.749) um"", ""Pleiades NEO Deep Blue (0.416 - 0.456) um""]",Ames,TP4,4233,4,12,371.5,546.5,377.5,3904.0,1889.5,349.0,0.8240025246606764,0.34399529006861884,204,0.8095238095238095,Ames|4233|4|12,2022-08-31
Satellite/Ames/TP4/Ames-TP4-4233_4_2.TIF,bdeebb5b009152a831588b89e6f278fd1186bf7af5410e29b8d46ab15c531f25:24080:1790427152299276100,,,"[""Pleiades NEO Red (0.618 - 0.689) um"", ""Pleiades NEO Green (0.533 - 0.59) um"", ""Pleiades NEO Blue (0.446 - 0.52) um"", ""Pleiades NEO NIR (0.768 - 0.888) um"", ""Pleiades NEO Red Edge (0.696 - 0.749) um"", ""Pleiades NEO Deep Blue (0.416 - 0.456) um""]",Ames,TP4,4233,4,2,437.0,698.0,395.0,3793.5,2182.0,365.5,0.788053587837729,0.26705277263282534,200,0.8658008658008658,Ames|4233|4|2,2022-08-31
Satellite/Ames/TP4/Ames-TP4-4233_5_1.TIF,bdeebb5b009152a831588b89e6f278fd1186bf7af5410e29b8d46ab15c531f25:24053:1790427151331205200,,,"[""Pleiades NEO Red (0.618 - 0.689) um"", ""Pleiades NEO Green (0.533 - 0.59) um"", ""Pleiades NEO Blue (0.446 - 0.52) um"", ""Pleiades NEO NIR (0.768 - 0.888) um"", ""Pleiades NEO Red Edge (0.696 - 0.749) um"", ""Pleiades NEO Deep Blue (0.416 - 0.456) um""]",Ames,TP4,4233,5,1,406.5,639.5,370.0,3530.0,2004.5,354.5,0.7929186694976373,0.2732080515888606,200,0.8264462809917356,Ames|4233|5|1,2022-08-31
Satellite/Ames/TP4/Ames-TP4-4233_5_11.TIF,bdeebb5b009152a831588b89e6f278fd1186bf7af5410e29b8d46ab15c531f25:24005:1790427151060684900,,,"[""Pleiades NEO Red (0.618 - 0.689) um"", ""Pleiades NEO Green (0.533 - 0.59) um"", ""Pleiades NEO Blue (0.446 - 0.52) um"", ""Pleiades NEO NIR (0.768 - 0.888) um"", ""Pleiades NEO Red Edge (0.696 - 0.749) um"", ""Pleiades NEO Deep Blue (0.416 - 0.456) um""]",Ames,TP4,4233,5,11,363.5,565.5,374.0,3995.0,1966.0,346.0,0.8358404249238263,0.3443692151871869,200,0.8658008658008658,Ames|4233|5|11,2022-08-31
Satellite/Ames/TP4/Ames-TP4-4233_5_12.TIF,bdeebb5b009152a831588b89e6f278fd1186bf7af5410e29b8d46ab15c531f25:24214:1790427150865169600,,,"[""Pleiades NEO Red (0.618 - 0.689) um"", ""Pleiades NEO Green (0.533 - 0.59) um"", ""Pleiades NEO Blue (0.446 - 0.52) um"", ""Pleiades NEO NIR (0.768 - 0.888) um"", ""Pleiades NEO Red Edge (0.696 - 0.749) um"", ""Pleiades NEO Deep Blue (0.416 - 0.456) um""]",Ames,TP4,4233,5,12,397.0,596.0,402.0,3996.5,1925.5,356.5,0.8209606821018169,0.34848632381394434,206,0.8917748917748918,Ames|4233|5|12,2022-08-31
Satellite/Ames/TP4/Ames-TP4-4233_5_2.TIF,bdeebb5b009152a831588b89e6f278fd1186bf7af5410e29b8d46ab15c531f25:24061:1790427151580723100,,,"[""Pleiades NEO Red (0.618 - 0.689) um"", ""Pleiades NEO Green (0.533 - 0.59) um"", ""Pleiades NEO Blue (0.446 - 0.52) um"", ""Pleiades NEO NIR (0.768 - 0.888) um"", ""Pleiades NEO Red Edge (0.696 - 0.749) um"", ""Pleiades NEO Deep Blue (0.416 - 0.456) um""]",Ames,TP4,4233,5,2,429.5,703.5,403.5,3743.5,2157.5,358.0,0.7945291364214994,0.26795220634015837,200,0.8264462809917356,Ames|4233|5|2,2022-08-31
Satellite/Ames/TP4/Ames-TP4-4233_6_1.TIF,bdeebb5b009152a831588b89e6f278fd1186bf7af5410e29b8d46ab15c531f25:24213:1790427152119263000,,,"[""Pleiades NEO Red (0.618 - 0.689) um"", ""Pleiades NEO Green (0.533 - 0.59) um"", ""Pleiades NEO Blue (0.446 - 0.52) um"", ""Pleiades NEO NIR (0.768 - 0.888) um"", ""Pleiades NEO Red Edge (0.696 - 0.749) um"", ""Pleiades NEO Deep Blue (0.416 - 0.456) um""]",Ames,TP4,4233,6,1,374.0,586.0,354.5,3643.5,1946.0,340.0,0.8166991587128327,0.3071594313219307,208,0.9004329004329005,Ames|4233|6|1,2022-08-31
Satellite/Ames/TP4/Ames-TP4-4233_6_11.TIF,bdeebb5b009152a831588b89e6f278fd1186bf7af5410e29b8d46ab15c531f25:24048:1790427152457782200,,,"[""Pleiades NEO Red (0.618 - 0.689) um"", ""Pleiades NEO Green (0.533 - 0.59) um"", ""Pleiades NEO Blue (0.446 - 0.52) um"", ""Pleiades NEO NIR (0.768 - 0.888) um"", ""Pleiades NEO Red Edge (0.696 - 0.749) um"", ""Pleiades NEO Deep Blue (0.416 - 0.456) um""]",Ames,TP4,4233,6,11,345.0,551.5,349.0,3955.0,1942.0,342.5,0.8368097524033218,0.3395966165340766,200,0.8264462809917356,Ames|4233|6|11,2022-08-31
Satellite/Ames/TP4/Ames-TP4-4233_6_12.TIF,bdeebb5b009152a831588b89e6f278fd1186bf7af5410e29b8d46ab15c531f25:24145:1790427152224769300,,,"[""Pleiades NEO Red (0.618 - 0.689) um"", ""Pleiades NEO Green (0.533 - 0.59) um"", ""Pleiades NEO Blue (0.446 - 0.52) um"", ""Pleiades NEO NIR (0.768 - 0.888) um"", ""Pleiades NEO Red Edge (0.696 - 0.749) um"", ""Pleiades NEO Deep Blue (0.416 - 0.456) um""]",Ames,TP4,4233,6,12,383.0,566.0,376.0,3877.0,1896.0,363.0,0.821481956011104,0.3444572305331799,203,0.8388429752066116,Ames|4233|6|12,2022-08-31
Satellite/Ames/TP4/Ames-TP4-4233_6_2.TIF,bdeebb5b009152a831588b89e6f278fd1186bf7af5410e29b8d46ab15c531f25:24261:1790427152349276000,,,"[""Pleiades NEO Red (0.618 - 0.689) um"", ""Pleiades NEO Green (0.533 - 0.59) um"", ""Pleiades NEO Blue (0.446 - 0.52) um"", ""Pleiades NEO NIR (0.768 - 0.888) um"", ""Pleiades NEO Red Edge (0.696 - 0.749) um"", ""Pleiades NEO Deep Blue (0.416 - 0.456) um""]",Ames,TP4,4233,6,2,398.0,637.0,392.0,3753.0,2025.0,364.0,0.809757293454278,0.2983377077865267,211,0.9134199134199135,Ames|4233|6|2,2022-08-31
Satellite/Ames/TP4/Ames-TP4-4233_7_1.TIF,bdeebb5b009152a831588b89e6f278fd1186bf7af5410e29b8d46ab15c531f25:24275:1790427151524720900,,,"[""Pleiades NEO Red (0.618 - 0.689) um"", ""Pleiades NEO Green (0.533 - 0.59) um"", ""Pleiades NEO Blue (0.446 - 0.52) um"", ""Pleiades NEO NIR (0.768 - 0.888) um"", ""Pleiades NEO Red Edge (0.696 - 0.749) um"", ""Pleiades NEO Deep Blue (0.416 - 0.456) um""]",Ames,TP4,4233,7,1,371.0,551.0,365.0,3608.0,1840.0,339.0,0.8102893890675241,0.3232394366197183,213,0.922077922077922,Ames|4233|7|1,2022-08-31
Satellite/Ames/TP4/Ames-TP4-4233_7_11.TIF,bdeebb5b009152a831588b89e6f278fd1186bf7af5410e29b8d46ab15c531f25:24209:1790427150462640700,,,"[""Pleiades NEO Red (0.618 - 0.689) um"", ""Pleiades NEO Green (0.533 - 0.59) um"", ""Pleiades NEO Blue (0.446 - 0.52) um"", ""Pleiades NEO NIR (0.768 - 0.888) um"", ""Pleiades NEO Red Edge (0.696 - 0.749) um"", ""Pleiades NEO Deep Blue (0.416 - 0.456) um""]",Ames,TP4,4233,7,11,352.0,564.0,359.0,4022.0,1982.0,347.0,0.8426000537201181,0.34254620832613575,211,0.9134199134199135,Ames|4233|7|11,2022-08-31
Satellite/Ames/TP4/Ames-TP4-4233_7_12.TIF,bdeebb5b009152a831588b89e6f278fd1186bf7af5410e29b8d46ab15c531f25:24237:1790427150627156000,,,"[""Pleiades NEO Red (0.618 - 0.689) um"", ""Pleiades NEO Green (0.533 - 0.59) um"", ""Pleiades NEO Blue (0.446 - 0.52) um"", ""Pleiades NEO NIR (0.768 - 0.888) um"", ""Pleiades NEO Red Edge (0.696 - 0.749) um"", ""Pleiades NEO Deep Blue (0.416 - 0.456) um""]",Ames,TP4,4233,7,12,368.0,572.5,378.5,4008.0,1944.5,356.5,0.8258727343792902,0.34717662693315,208,0.859504132231405,Ames|4233|7|12,2022-08-31
Satellite/Ames/TP4/Ames-TP4-4233_7_2.TIF,bdeebb5b009152a831588b89e6f278fd1186bf7af5410e29b8d46ab15c531f25:24224:1790427151277697900,,,"[""Pleiades NEO Red (0.618 - 0.689) um"", ""Pleiades NEO Green (0.533 - 0.59) um"", ""Pleiades NEO Blue (0.446 - 0.52) um"", ""Pleiades NEO NIR (0.768 - 0.888) um"", ""Pleiades NEO Red Edge (0.696 - 0.749) um"", ""Pleiades NEO Deep Blue (0.416 - 0.456) um""]",Ames,TP4,4233,7,2,358.0,606.0,366.0,3806.0,2053.0,330.0,0.8282535074987906,0.29731532432883107,207,0.8961038961038961,Ames|4233|7|2,2022-08-31
Satellite/Ames/TP4/Ames-TP4-4233_8_1.TIF,bdeebb5b009152a831588b89e6f278fd1186bf7af5410e29b8d46ab15c531f25:24040:1790427150083616800,,,"[""Pleiades NEO Red (0.618 - 0.689) um"", ""Pleiades NEO Green (0.533 - 0.59) um"", ""Pleiades NEO Blue (0.446 - 0.52) um"", ""Pleiades NEO NIR (0.768 - 0.888) um"", ""Pleiades NEO Red Edge (0.696 - 0.749) um"", ""Pleiades NEO Deep Blue (0.416 - 0.456) um""]",Ames,TP4,4233,8,1,364.5,543.0,359.5,3604.5,1858.0,349.5,0.8175603644800815,0.31947621045828506,200,0.8658008658008658,Ames|4233|8|1,2022-08-31
Satellite/Ames/TP4/Ames-TP4-4233_8_11.TIF,bdeebb5b009152a831588b89e6f278fd1186bf7af5410e29b8d46ab15c531f25:24175:1790427152681298800,,,"[""Pleiades NEO Red (0.618 - 0.689) um"", ""Pleiades NEO Green (0.533 - 0.59) um"", ""Pleiades NEO Blue (0.446 - 0.52) um"", ""Pleiades NEO NIR (0.768 - 0.888) um"", ""Pleiades NEO Red Edge (0.696 - 0.749) um"", ""Pleiades NEO Deep Blue (0.416 - 0.456) um""]",Ames,TP4,4233,8,11,368.5,552.5,368.5,3934.5,1912.0,346.0,0.8321268478806703,0.34639365464298044,208,0.9004329004329005,Ames|4233|8|11,2022-08-31
Satellite/Ames/TP4/Ames-TP4-4233_8_12.TIF,bdeebb5b009152a831588b89e6f278fd1186bf7af5410e29b8d46ab15c531f25:24092:1790427152899817100,,,"[""Pleiades NEO Red (0.618 - 0.689) um"", ""Pleiades NEO Green (0.533 - 0.59) um"", ""Pleiades NEO Blue (0.446 - 0.52) um"", ""Pleiades NEO NIR (0.768 - 0.888) um"", ""Pleiades NEO Red Edge (0.696 - 0.749) um"", ""Pleiades NEO Deep Blue (0.416 - 0.456) um""]",Ames,TP4,4233,8,12,370.5,561.5,376.5,3746.0,1856.5,355.0,0.8229409255259275,0.33891996910184685,200,0.8658008658008658,Ames|4233|8|12,2022-08-31
Satellite/Ames/TP4/Ames-TP4-4233_8_2.TIF,bdeebb5b009152a831588b89e6f278fd1186bf7af5410e29b8d46ab15c531f25:24163:1790427150264628100,,,"[""Pleiades NEO Red (0.618 - 0.689) um"", ""Pleiades NEO Green (0.533 - 0.59) um"", ""Pleiades NEO Blue (0.446 - 0.52) um"", ""Pleiades NEO NIR (0.768 - 0.888) um"", ""Pleiades NEO Red Edge (0.696 - 0.749) um"", ""Pleiades NEO Deep Blue (0.416 - 0.456) um""]",Ames,TP4,4233,8,2,404.0,650.0,388.0,3746.0,2065.0,356.0,0.8050329831419497,0.29110466108929484,203,0.8787878787878788,Ames|4233|8|2,2022-08-31
Satellite/Ames/TP4/Ames-TP4-4233_9_1.TIF,bdeebb5b009152a831588b89e6f278fd1186bf7af5410e29b8d46ab15c531f25:24133:1790427151084687000,,,"[""Pleiades NEO Red (0.618 - 0.689) um"", ""Pleiades NEO Green (0.533 - 0.59) um"", ""Pleiades NEO Blue (0.446 - 0.52) um"", ""Pleiades NEO NIR (0.768 - 0.888) um"", ""Pleiades NEO Red Edge (0.696 - 0.749) um"", ""Pleiades NEO Deep Blue (0.416 - 0.456) um""]",Ames,TP4,4233,9,1,377.0,583.5,363.0,3675.0,1941.5,337.0,0.8139266845018268,0.3070221652402759,200,0.7575757575757576,Ames|4233|9|1,2022-08-31
Satellite/Ames/TP4/Ames-TP4-4233_9_11.TIF,bdeebb5b009152a831588b89e6f278fd1186bf7af5410e29b8d46ab15c531f25:24119:1790427151024685200,,,"[""Pleiades NEO Red (0.618 - 0.689) um"", ""Pleiades NEO Green (0.533 - 0.59) um"", ""Pleiades NEO Blue (0.446 - 0.52) um"", ""Pleiades NEO NIR (0.768 - 0.888) um"", ""Pleiades NEO Red Edge (0.696 - 0.749) um"", ""Pleiades NEO Deep Blue (0.416 - 0.456) um""]",Ames,TP4,4233,9,11,367.0,568.5,374.0,3913.5,1953.5,343.5,0.8306897241150217,0.3378490581425272,202,0.8744588744588745,Ames|4233|9|11,2022-08-31
Satellite/Ames/TP4/Ames-TP4-4233_9_12.TIF,bdeebb5b009152a831588b89e6f278fd1186bf7af5410e29b8d46ab15c531f25:24244:1790427150831169500,,,"[""Pleiades NEO Red (0.618 - 0.689) um"", ""Pleiades NEO Green (0.533 - 0.59) um"", ""Pleiades NEO Blue (0.446 - 0.52) um"", ""Pleiades NEO NIR (0.768 - 0.888) um"", ""Pleiades NEO Red Edge (0.696 - 0.749) um"", ""Pleiades NEO Deep Blue (0.416 - 0.456) um""]",Ames,TP4,4233,9,12,358.0,551.5,373.0,3831.5,1888.0,347.0,0.8302982331645925,0.34016215357961865,210,0.8333333333333334,Ames|4233|9|12,2022-08-31
Satellite/Ames/TP4/Ames-TP4-4233_9_2.TIF,bdeebb5b009152a831588b89e6f278fd1186bf7af5410e29b8d46ab15c531f25:24104:1790427150896676900,,,"[""Pleiades NEO Red (0.618 - 0.689) um"", ""Pleiades NEO Green (0.533 - 0.59) um"", ""Pleiades NEO Blue (0.446 - 0.52) um"", ""Pleiades NEO NIR (0.768 - 0.888) um"", ""Pleiades NEO Red Edge (0.696 - 0.749) um"", ""Pleiades NEO Deep Blue (0.416 - 0.456) um""]",Ames,TP4,4233,9,2,411.0,632.0,388.0,3862.5,2082.5,356.5,0.807968215014105,0.29714352470241195,200,0.7575757575757576,Ames|4233|9|2,2022-08-31
Satellite/Ames/TP5/Ames-TP5-4231_1_2.TIF,bdeebb5b009152a831588b89e6f278fd1186bf7af5410e29b8d46ab15c531f25:24076:1790427162888919300,,,"[""Pleiades NEO Red (0.618 - 0.689) um"", ""Pleiades NEO Green (0.533 - 0.59) um"", ""Pleiades NEO Blue (0.446 - 0.52) um"", ""Pleiades NEO NIR (0.768 - 0.888) um"", ""Pleiades NEO Red Edge (0.696 - 0.749) um"", ""Pleiades NEO Deep Blue (0.416 - 0.456) um""]",Ames,TP5,4231,1,2,457.0,511.5,411.0,2370.5,1320.5,364.5,0.6685990002622453,0.2316377736408082,200,0.8264462809917356,Ames|4231|1|2,2022-09-11
Satellite/Ames/TP5/Ames-TP5-4231_1_3.TIF,bdeebb5b009152a831588b89e6f278fd1186bf7af5410e29b8d46ab15c531f25:24520:1790427162729397700,,,"[""Pleiades NEO Red (0.618 - 0.689) um"", ""Pleiades NEO Green (0.533 - 0.59) um"", ""Pleiades NEO Blue (0.446 - 0.52) um"", ""Pleiades NEO NIR (0.768 - 0.888) um"", ""Pleiades NEO Red Edge (0.696 - 0.749) um"", ""Pleiades NEO Deep Blue (0.416 - 0.456) um""]",Ames,TP5,4231,1,3,411.0,491.0,377.0,2481.0,1385.0,349.0,0.7008237232289951,0.23344947735191637,207,0.8553719008264463,Ames|4231|1|3,2022-09-11
Satellite/Ames/TP5/Ames-TP5-4231_1_4.TIF,bdeebb5b009152a831588b89e6f278fd1186bf7af5410e29b8d46ab15c531f25:24216:1790427162469337200,,,"[""Pleiades NEO Red (0.618 - 0.689) um"", ""Pleiades NEO Green (0.533 - 0.59) um"", ""Pleiades NEO Blue (0.446 - 0.52) um"", ""Pleiades NEO NIR (0.768 - 0.888) um"", ""Pleiades NEO Red Edge (0.696 - 0.749) um"", ""Pleiades NEO Deep Blue (0.416 - 0.456) um""]",Ames,TP5,4231,1,4,318.0,463.0,336.0,3111.0,1543.0,319.0,0.8233323180018276,0.3419354838709677,213,0.922077922077922,Ames|4231|1|4,2022-09-11
Satellite/Ames/TP5/Ames-TP5-4231_1_5.TIF,bdeebb5b009152a831588b89e6f278fd1186bf7af5410e29b8d46ab15c531f25:24106:1790427162275307700,,,"[""Pleiades NEO Red (0.618 - 0.689) um"", ""Pleiades NEO Green (0.533 - 0.59) um"", ""Pleiades NEO Blue (0.446 - 0.52) um"", ""Pleiades NEO NIR (0.768 - 0.888) um"", ""Pleiades NEO Red Edge (0.696 - 0.749) um"", ""Pleiades NEO Deep Blue (0.416 - 0.456) um""]",Ames,TP5,4231,1,5,280.5,433.5,312.0,3291.5,1544.0,308.5,0.838520746722718,0.35282688740760393,206,0.8917748917748918,Ames|4231|1|5,2022-09-11
Satellite/Ames/TP5/Ames-TP5-4231_1_6.TIF,bdeebb5b009152a831588b89e6f278fd1186bf7af5410e29b8d46ab15c531f25:24073:1790427162518371700,,,"[""Pleiades NEO Red (0.618 - 0.689) um"", ""Pleiades NEO Green (0.533 - 0.59) um"", ""Pleiades NEO Blue (0.446 - 0.52) um"", ""Pleiades NEO NIR (0.768 - 0.888) um"", ""Pleiades NEO Red Edge (0.696 - 0.749) um"", ""Pleiades NEO Deep Blue (0.416 - 0.456) um""]",Ames,TP5,4231,1,6,281.5,418.5,305.0,2936.5,1438.5,303.5,0.82810295220924,0.3431323832579633,206,0.8174603174603174,Ames|4231|1|6,2022-09-11
Satellite/Ames/TP5/Ames-TP5-4231_1_7.TIF,bdeebb5b009152a831588b89e6f278fd1186bf7af5410e29b8d46ab15c531f25:23946:1790427162680884100,,,"[""Pleiades NEO Red (0.618 - 0.689) um"", ""Pleiades NEO Green (0.533 - 0.59) um"", ""Pleiades NEO Blue (0.446 - 0.52) um"", ""Pleiades NEO NIR (0.768 - 0.888) um"", ""Pleiades NEO Red Edge (0.696 - 0.749) um"", ""Pleiades NEO Deep Blue (0.416 - 0.456) um""]",Ames,TP5,4231,1,7,305.0,426.5,320.0,2701.5,1377.0,308.0,0.8017466533538864,0.32131364922146644,200,0.7936507936507936,Ames|4231|1|7,2022-09-11
Satellite/Ames/TP5/Ames-TP5-4232_1_17.TIF,bdeebb5b009152a831588b89e6f278fd1186bf7af5410e29b8d46ab15c531f25:24103:1790427162597883900,,,"[""Pleiades NEO Red (0.618 - 0.689) um"", ""Pleiades NEO Green (0.533 - 0.59) um"", ""Pleiades NEO Blue (0.446 - 0.52) um"", ""Pleiades NEO NIR (0.768 - 0.888) um"", ""Pleiades NEO Red Edge (0.696 - 0.749) um"", ""Pleiades NEO Deep Blue (0.416 - 0.456) um""]",Ames,TP5,4232,1,17,328.5,449.5,332.5,2912.0,1455.5,311.5,0.7972337436999091,0.32845767007599636,210,0.9090909090909091,Ames|4232|1|17,2022-09-11
Satellite/Ames/TP5/Ames-TP5-4232_1_18.TIF,bdeebb5b009152a831588b89e6f278fd1186bf7af5410e29b8d46ab15c531f25:24119:1790427160463681200,,,"[""Pleiades NEO Red (0.618 - 0.689) um"", ""Pleiades NEO Green (0.533 - 0.59) um"", ""Pleiades NEO Blue (0.446 - 0.52) um"", ""Pleiades NEO NIR (0.768 - 0.888) um"", ""Pleiades NEO Red Edge (0.696 - 0.749) um"", ""Pleiades NEO Deep Blue (0.416 - 0.456) um""]",Ames,TP5,4232,1,18,317.5,432.0,332.5,2868.5,1434.5,326.0,0.8042620363062352,0.3253538410697645,210,0.8333333333333334,Ames|4232|1|18,2022-09-11
Satellite/Ames/TP5/Ames-TP5-4232_1_19.TIF,bdeebb5b009152a831588b89e6f278fd1186bf7af5410e29b8d46ab15c531f25:24194:1790427160489690300,,,"[""Pleiades NEO Red (0.618 - 0.689) um"", ""Pleiades NEO Green (0.533 - 0.59) um"", ""Pleiades NEO Blue (0.446 - 0.52) um"", ""Pleiades NEO NIR (0.768 - 0.888) um"", ""Pleiades NEO Red Edge (0.696 - 0.749) um"", ""Pleiades NEO Deep Blue (0.416 - 0.456) um""]",Ames,TP5,4232,1,19,317.0,440.0,328.0,2843.5,1457.0,309.5,0.8034255099319938,0.3230580642108195,210,0.8333333333333334,Ames|4232|1|19,2022-09-11
Satellite/Ames/TP5/Ames-TP5-4232_1_20.TIF,bdeebb5b009152a831588b89e6f278fd1186bf7af5410e29b8d46ab15c531f25:23990:1790427159889445400,,,"[""Pleiades NEO Red (0.618 - 0.689) um"", ""Pleiades NEO Green (0.533 - 0.59) um"", ""Pleiades NEO Blue (0.446 - 0.52) um"", ""Pleiades NEO NIR (0.768 - 0.888) um"", ""Pleiades NEO Red Edge (0.696 - 0.749) um"", ""Pleiades NEO Deep Blue (0.416 - 0.456) um""]",Ames,TP5,4232,1,20,325.5,463.5,323.0,3014.5,1538.0,318.5,0.8086032942657262,0.3247635926324451,200,0.8658008658008658,Ames|4232|1|20,2022-09-11
Satellite/Ames/TP5/Ames-TP5-4232_1_21.TIF,bdeebb5b009152a831588b89e6f278fd1186bf7af5410e29b8d46ab15c531f25:24118:1790427159850439900,,,"[""Pleiades NEO Red (0.618 - 0.689) um"", ""Pleiades NEO Green (0.533 - 0.59) um"", ""Pleiades NEO Blue (0.446 - 0.52) um"", ""Pleiades NEO NIR (0.768 - 0.888) um"", ""Pleiades NEO Red Edge (0.696 - 0.749) um"", ""Pleiades NEO Deep Blue (0.416 - 0.456) um""]",Ames,TP5,4232,1,21,340.0,506.0,339.0,3323.0,1696.0,324.0,0.8139650872817955,0.3174427198817443,203,0.8787878787878788,Ames|4232|1|21,2022-09-11
Satellite/Ames/TP5/Ames-TP5-4232_1_22.TIF,bdeebb5b009152a831588b89e6f278fd1186bf7af5410e29b8d46ab15c531f25:24320:1790427160070988200,,,"[""Pleiades NEO Red (0.618 - 0.689) um"", ""Pleiades NEO Green (0.533 - 0.59) um"", ""Pleiades NEO Blue (0.446 - 0.52) um"", ""Pleiades NEO NIR (0.768 - 0.888) um"", ""Pleiades NEO Red Edge (0.696 - 0.749) um"", ""Pleiades NEO Deep Blue (0.416 - 0.456) um""]",Ames,TP5,4232,1,22,343.0,526.0,342.0,3035.0,1712.0,317.0,0.7921686746987951,0.2837988826815642,217,0.9393939393939394,Ames|4232|1|22,2022-09-11
Satellite/Ames/TP5/Ames-TP5-4233_10_1.TIF,bdeebb5b009152a831588b89e6f278fd1186bf7af5410e29b8d46ab15c531f25:23979:1790427161416297700,,,"[""Pleiades NEO Red (0.618 - 0.689) um"", ""Pleiades NEO Green (0.533 - 0.59) um"", ""Pleiades NEO Blue (0.446 - 0.52) um"", ""Pleiades NEO NIR (0.768 - 0.888) um"", ""Pleiades NEO Red Edge (0.696 - 0.749) um"", ""Pleiades NEO Deep Blue (0.416 - 0.456) um""]",Ames,TP5,4233,10,1,317.0,471.0,304.5,3090.0,1637.0,291.5,0.8193622236065745,0.30209913964891244,200,0.7936507936507936,Ames|4233|10|1,2022-09-11
Satellite/Ames/TP5/Ames-TP5-4233_10_11.TIF,bdeebb5b009152a831588b89e6f278fd1186bf7af5410e29b8d46ab15c531f25:23941:1790427160615739900,,,"[""Pleiades NEO Red (0.618 - 0.689) um"", ""Pleiades NEO Green (0.533 - 0.59) um"", ""Pleiades NEO Blue (0.446 - 0.52) um"", ""Pleiades NEO NIR (0.768 - 0.888) um"", ""Pleiades NEO Red Edge (0.696 - 0.749) um"", ""Pleiades NEO Deep Blue (0.416 - 0.456) um""]",Ames,TP5,4233,10,11,355.0,508.5,334.5,3333.0,1751.0,319.0,0.8113946593772601,0.3152209357194673,200,0.7575757575757576,Ames|4233|10|11,2022-09-11
Satellite/Ames/TP5/Ames-TP5-4233_10_12.TIF,bdeebb5b009152a831588b89e6f278fd1186bf7af5410e29b8d46ab15c531f25:23943:1790427160783269600,,,"[""Pleiades NEO Red (0.618 - 0.689) um"", ""Pleiades NEO Green (0.533 - 0.59) um"", ""Pleiades NEO Blue (0.446 - 0.52) um"", ""Pleiades NEO NIR (0.768 - 0.888) um"", ""Pleiades NEO Red Edge (0.696 - 0.749) um"", ""Pleiades NEO Deep Blue (0.416 - 0.456) um""]",Ames,TP5,4233,10,12,334.5,490.0,325.0,3585.5,1791.5,309.5,0.8306421840074376,0.3315640125644064,200,0.7936507936507936,Ames|4233|10|12,2022-09-11
Satellite/Ames/TP5/Ames-TP5-4233_10_2.TIF,bdeebb5b009152a831588b89e6f278fd1186bf7af5410e29b8d46ab15c531f25:24037:1790427161651698900,,,"[""Pleiades NEO Red (0.618 - 0.689) um"", ""Pleiades NEO Green (0.533 - 0.59) um"", ""Pleiades NEO Blue (0.446 - 0.52) um"", ""Pleiades NEO NIR (0.768 - 0.888) um"", ""Pleiades NEO Red Edge (0.696 - 0.749) um"", ""Pleiades NEO Deep Blue (0.416 - 0.456) um""]",Ames,TP5,4233,10,2,395.5,593.0,349.0,3460.5,1985.0,305.5,0.7949273922728128,0.27414630032621795,200,0.8264462809917356,Ames|4233|10|2,2022-09-11
Satellite/Ames/TP5/Ames-TP5-4233_11_1.TIF,bdeebb5b009152a831588b89e6f278fd1186bf7af5410e29b8d46ab15c531f25:24138:1790427162523373900,,,"[""Pleiades NEO Red (0.618 - 0.689) um"", ""Pleiades NEO Green (0.533 - 0.59) um"", ""Pleiades NEO Blue (0.446 - 0.52) um"", ""Pleiades NEO NIR (0.768 - 0.888) um"", ""Pleiades NEO Red Edge (0.696 - 0.749) um"", ""Pleiades NEO Deep Blue (0.416 - 0.456) um""]",Ames,TP5,4233,11,1,325.0,473.0,311.0,3075.0,1599.0,304.0,0.8158909745435845,0.31028072132366613,209,0.9047619047619048,Ames|4233|11|1,2022-09-11
Satellite/Ames/TP5/Ames-TP5-4233_11_11.TIF,bdeebb5b009152a831588b89e6f278fd1186bf7af5410e29b8d46ab15c531f25:23932:1790427162641884100,,,"[""Pleiades NEO Red (0.618 - 0.689) um"", ""Pleiades NEO Green (0.533 - 0.59) um"", ""Pleiades NEO Blue (0.446 - 0.52) um"", ""Pleiades NEO NIR (0.768 - 0.888) um"", ""Pleiades NEO Red Edge (0.696 - 0.749) um"", ""Pleiades NEO Deep Blue (0.416 - 0.456) um""]",Ames,TP5,4233,11,11,339.0,490.5,322.5,3478.5,1817.5,317.0,0.8201012615938654,0.3139177375330571,200,0.7575757575757576,Ames|4233|11|11,2022-09-11
Satellite/Ames/TP5/Ames-TP5-4233_11_12.TIF,bdeebb5b009152a831588b89e6f278fd1186bf7af5410e29b8d46ab15c531f25:23907:1790427162422335900,,,"[""Pleiades NEO Red (0.618 - 0.689) um"", ""Pleiades NEO Green (0.533 - 0.59) um"", ""Pleiades NEO Blue (0.446 - 0.52) um"", ""Pleiades NEO NIR (0.768 - 0.888) um"", ""Pleiades NEO Red Edge (0.696 - 0.749) um"", ""Pleiades NEO Deep Blue (0.416 - 0.456) um""]",Ames,TP5,4233,11,12,346.5,509.0,334.0,3617.0,1854.0,317.0,0.8232272364479426,0.32023908397456563,200,0.8264462809917356,Ames|4233|11|12,2022-09-11
Satellite/Ames/TP5/Ames-TP5-4233_11_2.TIF,bdeebb5b009152a831588b89e6f278fd1186bf7af5410e29b8d46ab15c531f25:24039:1790427162287312300,,,"[""Pleiades NEO Red (0.618 - 0.689) um"", ""Pleiades NEO Green (0.533 - 0.59) um"", ""Pleiades NEO Blue (0.446 - 0.52) um"", ""Pleiades NEO NIR (0.768 - 0.888) um"", ""Pleiades NEO Red Edge (0.696 - 0.749) um"", ""Pleiades NEO Deep Blue (0.416 - 0.456) um""]",Ames,TP5,4233,11,2,380.5,583.0,344.0,3501.0,1955.0,324.0,0.8035073371111825,0.28108110949887494,200,0.8658008658008658,Ames|4233|11|2,2022-09-11
Satellite/Ames/TP5/Ames-TP5-4233_12_1.TIF,bdeebb5b009152a831588b89e6f278fd1186bf7af5410e29b8d46ab15c531f25:24133:1790427161697217400,,,"[""Pleiades NEO Red (0.618 - 0.689) um"", ""Pleiades NEO Green (0.533 - 0.59) um"", ""Pleiades NEO Blue (0.446 - 0.52) um"", ""Pleiades NEO NIR (0.768 - 0.888) um"", ""Pleiades NEO Red Edge (0.696 - 0.749) um"", ""Pleiades NEO Deep Blue (0.416 - 0.456) um""]",Ames,TP5,4233,12,1,304.0,458.5,307.0,3147.0,1629.5,303.0,0.8266635444754862,0.3176808753821223,208,0.9004329004329005,Ames|4233|12|1,2022-09-11
Satellite/Ames/TP5/Ames-TP5-4233_12_11.TIF,bdeebb5b009152a831588b89e6f278fd1186bf7af5410e29b8d46ab15c531f25:24019:1790427161252385700,,,"[""Pleiades NEO Red (0.618 - 0.689) um"", ""Pleiades NEO Green (0.533 - 0.59) um"", ""Pleiades NEO Blue (0.446 - 0.52) um"", ""Pleiades NEO NIR (0.768 - 0.888) um"", ""Pleiades NEO Red Edge (0.696 - 0.749) um"", ""Pleiades NEO Deep Blue (0.416 - 0.456) um""]",Ames,TP5,4233,12,11,335.0,483.0,323.5,3356.5,1739.5,315.5,0.8215585615377752,0.31698384952734987,202,0.8744588744588745,Ames|4233|12|11,2022-09-11
Satellite/Ames/TP5/Ames-TP5-4233_12_12.TIF,bdeebb5b009152a831588b89e6f278fd1186bf7af5410e29b8d46ab15c531f25:23939:1790427161058336600,,,"[""Pleiades NEO Red (0.618 - 0.689) um"", ""Pleiades NEO Green (0.533 - 0.59) um"", ""Pleiades NEO Blue (0.446 - 0.52) um"", ""Pleiades NEO NIR (0.768 - 0.888) um"", ""Pleiades NEO Red Edge (0.696 - 0.749) um"", ""Pleiades NEO Deep Blue (0.416 - 0.456) um""]",Ames,TP5,4233,12,12,336.0,510.0,336.5,3610.0,1869.0,306.0,0.8296774863732126,0.3161220528020149,200,0.8658008658008658,Ames|4233|12|12,2022-09-11
Satellite/Ames/TP5/Ames-TP5-4233_12_2.TIF,bdeebb5b009152a831588b89e6f278fd1186bf7af5410e29b8d46ab15c531f25:24332:1790427161480302600,,,"[""Pleiades NEO Red (0.618 - 0.689) um"", ""Pleiades NEO Green (0.533 - 0.59) um"", ""Pleiades NEO Blue (0.446 - 0.52) um"", ""Pleiades NEO NIR (0.768 - 0.888) um"", ""Pleiades NEO Red Edge (0.696 - 0.749) um"", ""Pleiades NEO Deep Blue (0.416 - 0.456) um""]",Ames,TP5,4233,12,2,365.0,540.0,350.5,3398.0,1849.0,329.0,0.8035996541957794,0.29281277362225955,220,0.9523809523809523,Ames|4233|12|2,2022-09-11
Satellite/Ames/TP5/Ames-TP5-4233_13_1.TIF,bdeebb5b009152a831588b89e6f278fd1186bf7af5410e29b8d46ab15c531f25:24070:1790427162493343800,,,"[""Pleiades NEO Red (0.618 - 0.689) um"", ""Pleiades NEO Green (0.533 - 0.59) um"", ""Pleiades NEO Blue (0.446 - 0.52) um"", ""Pleiades NEO NIR (0.768 - 0.888) um"", ""Pleiades NEO Red Edge (0.696 - 0.749) um"", ""Pleiades NEO Deep Blue (0.416 - 0.456) um""]",Ames,TP5,4233,13,1,329.5,471.0,336.0,3166.5,1630.5,304.0,0.8133903355356912,0.31865019888294277,204,0.8429752066115702,Ames|4233|13|1,2022-09-11
Satellite/Ames/TP5/Ames-TP5-4233_13_11.TIF,bdeebb5b009152a831588b89e6f278fd1186bf7af5410e29b8d46ab15c531f25:24212:1790427162861913500,,,"[""Pleiades NEO Red (0.618 - 0.689) um"", ""Pleiades NEO Green (0.533 - 0.59) um"", ""Pleiades NEO Blue (0.446 - 0.52) um"", ""Pleiades NEO NIR (0.768 - 0.888) um"", ""Pleiades NEO Red Edge (0.696 - 0.749) um"", ""Pleiades NEO Deep Blue (0.416 - 0.456) um""]",Ames,TP5,4233,13,11,375.0,532.0,346.0,3361.5,1808.0,327.0,0.8044058586541708,0.3076451978367286,216,0.935064935064935,Ames|4233|13|11,2022-09-11
Satellite/Ames/TP5/Ames-TP5-4233_13_12.TIF,bdeebb5b009152a831588b89e6f278fd1186bf7af5410e29b8d46ab15c531f25:24191:1790427163090466900,,,"[""Pleiades NEO Red (0.618 - 0.689) um"", ""Pleiades NEO Green (0.533 - 0.59) um"", ""Pleiades NEO Blue (0.446 - 0.52) um"", ""Pleiades NEO NIR (0.768 - 0.888) um"", ""Pleiades NEO Red Edge (0.696 - 0.749) um"", ""Pleiades NEO Deep Blue (0.416 - 0.456) um""]",Ames,TP5,4233,13,12,348.0,522.0,345.0,3697.0,1915.0,322.0,0.8293726235741445,0.3196356704088117,219,0.948051948051948,Ames|4233|13|12,2022-09-11
Satellite/Ames/TP5/Ames-TP5-4233_13_2.TIF,bdeebb5b009152a831588b89e6f278fd1186bf7af5410e29b8d46ab15c531f25:24019:1790427162694886900,,,"[""Pleiades NEO Red (0.618 - 0.689) um"", ""Pleiades NEO Green (0.533 - 0.59) um"", ""Pleiades NEO Blue (0.446 - 0.52) um"", ""Pleiades NEO NIR (0.768 - 0.888) um"", ""Pleiades NEO Red Edge (0.696 - 0.749) um"", ""Pleiades NEO Deep Blue (0.416 - 0.456) um""]",Ames,TP5,4233,13,2,352.0,531.5,328.0,3363.5,1825.5,315.0,0.8091061774330801,0.2914339615956919,200,0.8658008658008658,Ames|4233|13|2,2022-09-11
Satellite/Ames/TP5/Ames-TP5-4233_14_1.TIF,bdeebb5b009152a831588b89e6f278fd1186bf7af5410e29b8d46ab15c531f25:23919:1790427162240307100,,,"[""Pleiades NEO Red (0.618 - 0.689) um"", ""Pleiades NEO Green (0.533 - 0.59) um"", ""Pleiades NEO Blue (0.446 - 0.52) um"", ""Pleiades NEO NIR (0.768 - 0.888) um"", ""Pleiades NEO Red Edge (0.696 - 0.749) um"", ""Pleiades NEO Deep Blue (0.416 - 0.456) um""]",Ames,TP5,4233,14,1,299.5,458.0,309.0,3149.5,1637.5,302.5,0.8255068821895564,0.31843209867207456,200,0.8264462809917356,Ames|4233|14|1,2022-09-11
Satellite/Ames/TP5/Ames-TP5-4233_14_11.TIF,bdeebb5b009152a831588b89e6f278fd1186bf7af5410e29b8d46ab15c531f25:24044:1790427160344163600,,,"[""Pleiades NEO Red (0.618 - 0.689) um"", ""Pleiades NEO Green (0.533 - 0.59) um"", ""Pleiades NEO Blue (0.446 - 0.52) um"", ""Pleiades NEO NIR (0.768 - 0.888) um"", ""Pleiades NEO Red Edge (0.696 - 0.749) um"", ""Pleiades NEO Deep Blue (0.416 - 0.456) um""]",Ames,TP5,4233,14,11,352.0,517.0,339.0,3488.0,1851.0,312.0,0.8122409168495489,0.3067873303167421,203,0.8787878787878788,Ames|4233|14|11,2022-09-11
Satellite/Ames/TP5/Ames-TP5-4233_14_12.TIF,bdeebb5b009152a831588b89e6f278fd1186bf7af5410e29b8d46ab15c531f25:23996:1790427160555218700,,,"[""Pleiades NEO Red (0.618 - 0.689) um"", ""Pleiades NEO Green (0.533 - 0.59) um"", ""Pleiades NEO Blue (0.446 - 0.52) um"", ""Pleiades NEO NIR (0.768 - 0.888) um"", ""Pleiades NEO Red Edge (0.696 - 0.749) um"", ""Pleiades NEO Deep Blue (0.416 - 0.456) um""]",Ames,TP5,4233,14,12,356.0,539.5,344.0,3619.5,1888.5,319.0,0.8242379573449397,0.3118488266785384,202,0.8744588744588745,Ames|4233|14|12,2022-09-11
Satellite/Ames/TP5/Ames-TP5-4233_14_2.TIF,bdeebb5b009152a831588b89e6f278fd1186bf7af5410e29b8d46ab15c531f25:23992:1790427162037279600,,,"[""Pleiades NEO Red (0.618 - 0.689) um"", ""Pleiades NEO Green (0.533 - 0.59) um"", ""Pleiades NEO Blue (0.446 - 0.52) um"", ""Pleiades NEO NIR (0.768 - 0.888) um"", ""Pleiades NEO Red Edge (0.696 - 0.749) um"", ""Pleiades NEO Deep Blue (0.416 - 0.456) um""]",Ames,TP5,4233,14,2,363.0,550.0,337.0,3253.5,1838.5,314.0,0.7971384025428299,0.27583835361807096,200,0.8264462809917356,Ames|4233|14|2,2022-09-11
Satellite/Ames/TP5/Ames-TP5-4233_15_1.TIF,bdeebb5b009152a831588b89e6f278fd1186bf7af5410e29b8d46ab15c531f25:24024:1790427162814916000,,,"[""Pleiades NEO Red (0.618 - 0.689) um"", ""Pleiades NEO Green (0.533 - 0.59) um"", ""Pleiades NEO Blue (0.446 - 0.52) um"", ""Pleiades NEO NIR (0.768 - 0.888) um"", ""Pleiades NEO Red Edge (0.696 - 0.749) um"", ""Pleiades NEO Deep Blue (0.416 - 0.456) um""]",Ames,TP5,4233,15,1,315.0,487.5,311.5,3089.5,1642.5,300.5,0.8149560774400415,0.3012357301823655,200,0.7936507936507936,Ames|4233|15|1,2022-09-11
Satellite/Ames/TP5/Ames-TP5-4233_15_11.TIF,bdeebb5b009152a831588b89e6f278fd1186bf7af5410e29b8d46ab15c531f25:24031:1790427162125794000,,,"[""Pleiades NEO Red (0.618 - 0.689) um"", ""Pleiades NEO Green (0.533 - 0.59) um"", ""Pleiades NEO Blue (0.446 - 0.52) um"", ""Pleiades NEO NIR (0.768 - 0.888) um"", ""Pleiades NEO Red Edge (0.696 - 0.749) um"", ""Pleiades NEO Deep Blue (0.416 - 0.456) um""]",Ames,TP5,4233,15,11,361.0,538.5,332.5,3280.0,1845.0,312.0,0.805401110211471,0.28486434711520275,200,0.8264462809917356,Ames|4233|15|11,2022-09-11
Satellite/Ames/TP5/Ames-TP5-4233_15_12.TIF,bdeebb5b009152a831588b89e6f278fd1186bf7af5410e29b8d46ab15c531f25:23955:1790427161926245500,,,"[""Pleiades NEO Red (0.618 - 0.689) um"", ""Pleiades NEO Green (0.533 - 0.59) um"", ""Pleiades NEO Blue (0.446 - 0.52) um"", ""Pleiades NEO NIR (0.768 - 0.888) um"", ""Pleiades NEO Red Edge (0.696 - 0.749) um"", ""Pleiades NEO Deep Blue (0.416 - 0.456) um""]",Ames,TP5,4233,15,12,384.0,592.5,348.0,3777.5,2067.0,324.0,0.8182869650291491,0.28994186013420653,200,0.8264462809917356,Ames|4233|15|12,2022-09-11
Satellite/Ames/TP5/Ames-TP5-4233_15_2.TIF,bdeebb5b009152a831588b89e6f278fd1186bf7af5410e29b8d46ab15c531f25:24039:1790427163041462800,,,"[""Pleiades NEO Red (0.618 - 0.689) um"", ""Pleiades NEO Green (0.533 - 0.59) um"", ""Pleiades NEO Blue (0.446 - 0.52) um"", ""Pleiades NEO NIR (0.768 - 0.888) um"", ""Pleiades NEO Red Edge (0.696 - 0.749) um"", ""Pleiades NEO Deep Blue (0.416 - 0.456) um""]",Ames,TP5,4233,15,2,393.0,581.5,361.5,3283.5,1882.0,318.0,0.7872384880546264,0.2765929953119341,200,0.7936507936507936,Ames|4233|15|2,2022-09-11
Satellite/Ames/TP5/Ames-TP5-4233_16_1.TIF,bdeebb5b009152a831588b89e6f278fd1186bf7af5410e29b8d46ab15c531f25:24200:1790427161862734900,,,"[""Pleiades NEO Red (0.618 - 0.689) um"", ""Pleiades NEO Green (0.533 - 0.59) um"", ""Pleiades NEO Blue (0.446 - 0.52) um"", ""Pleiades NEO NIR (0.768 - 0.888) um"", ""Pleiades NEO Red Edge (0.696 - 0.749) um"", ""Pleiades NEO Deep Blue (0.416 - 0.456) um""]",Ames,TP5,4233,16,1,327.5,504.5,323.5,2847.0,1578.0,300.0,0.7959118705682408,0.28239903654723597,210,0.8333333333333334,Ames|4233|16|1,2022-09-11
Satellite/Ames/TP5/Ames-TP5-4233_16_11.TIF,bdeebb5b009152a831588b89e6f278fd1186bf7af5410e29b8d46ab15c531f25:24032:1790427160121130900,,,"[""Pleiades NEO Red (0.618 - 0.689) um"", ""Pleiades NEO Green (0.533 - 0.59) um"", ""Pleiades NEO Blue (0.446 - 0.52) um"", ""Pleiades NEO NIR (0.768 - 0.888) um"", ""Pleiades NEO Red Edge (0.696 - 0.749) um"", ""Pleiades NEO Deep Blue (0.416 - 0.456) um""]",Ames,TP5,4233,16,11,389.0,594.0,354.0,3272.0,1959.0,314.0,0.7897977989419138,0.2571697542611131,200,0.7936507936507936,Ames|4233|16|11,2022-09-11
Satellite/Ames/TP5/Ames-TP5-4233_16_12.TIF,bdeebb5b009152a831588b89e6f278fd1186bf7af5410e29b8d46ab15c531f25:23976:1790427159903954800,,,"[""Pleiades NEO Red (0.618 - 0.689) um"", ""Pleiades NEO Green (0.533 - 0.59) um"", ""Pleiades NEO Blue (0.446 - 0.52) um"", ""Pleiades NEO NIR (0.768 - 0.888) um"", ""Pleiades NEO Red Edge (0.696 - 0.749) um"", ""Pleiades NEO Deep Blue (0.416 - 0.456) um""]",Ames,TP5,4233,16,12,395.0,618.0,354.0,3606.0,2066.0,324.0,0.8050518261081641,0.27255445807112244,200,0.7575757575757576,Ames|4233|16|12,2022-09-11
Satellite/Ames/TP5/Ames-TP5-4233_16_2.TIF,bdeebb5b009152a831588b89e6f278fd1186bf7af5410e29b8d46ab15c531f25:24171:1790427162073277600,,,"[""Pleiades NEO Red (0.618 - 0.689) um"", ""Pleiades NEO Green (0.533 - 0.59) um"", ""Pleiades NEO Blue (0.446 - 0.52) um"", ""Pleiades NEO NIR (0.768 - 0.888) um"", ""Pleiades NEO Red Edge (0.696 - 0.749) um"", ""Pleiades NEO Deep Blue (0.416 - 0.456) um""]",Ames,TP5,4233,16,2,361.0,581.0,333.0,3157.0,1868.0,314.0,0.7941087154570301,0.25319396051103366,207,0.8961038961038961,Ames|4233|16|2,2022-09-11
Satellite/Ames/TP5/Ames-TP5-4233_17_1.TIF,bdeebb5b009152a831588b89e6f278fd1186bf7af5410e29b8d46ab15c531f25:24062:1790427162962431300,,,"[""Pleiades NEO Red (0.618 - 0.689) um"", ""Pleiades NEO Green (0.533 - 0.59) um"", ""Pleiades NEO Blue (0.446 - 0.52) um"", ""Pleiades NEO NIR (0.768 - 0.888) um"", ""Pleiades NEO Red Edge (0.696 - 0.749) um"", ""Pleiades NEO Deep Blue (0.416 - 0.456) um""]",Ames,TP5,4233,17,1,330.0,511.5,319.5,2931.5,1639.5,319.5,0.7999869861918072,0.2824141669344,200,0.8658008658008658,Ames|4233|17|1,2022-09-11
Satellite/Ames/TP5/Ames-TP5-4233_17_11.TIF,bdeebb5b009152a831588b89e6f278fd1186bf7af5410e29b8d46ab15c531f25:24257:1790427161371778900,,,"[""Pleiades NEO Red (0.618 - 0.689) um"", ""Pleiades NEO Green (0.533 - 0.59) um"", ""Pleiades NEO Blue (0.446 - 0.52) um"", ""Pleiades NEO NIR (0.768 - 0.888) um"", ""Pleiades NEO Red Edge (0.696 - 0.749) um"", ""Pleiades NEO Deep Blue (0.416 - 0.456) um""]",Ames,TP5,4233,17,11,397.5,588.5,364.0,3289.0,1866.0,328.0,0.7895947726886826,0.2691351616888723,210,0.8333333333333334,Ames|4233|17|11,2022-09-11
Satellite/Ames/TP5/Ames-TP5-4233_17_12.TIF,bdeebb5b009152a831588b89e6f278fd1186bf7af5410e29b8d46ab15c531f25:24056:1790427161594316800,,,"[""Pleiades NEO Red (0.618 - 0.689) um"", ""Pleiades NEO Green (0.533 - 0.59) um"", ""Pleiades NEO Blue (0.446 - 0.52) um"", ""Pleiades NEO NIR (0.768 - 0.888) um"", ""Pleiades NEO Red Edge (0.696 - 0.749) um"", ""Pleiades NEO Deep Blue (0.416 - 0.456) um""]",Ames,TP5,4233,17,12,375.0,591.5,351.0,3667.0,2045.5,318.5,0.8103749815249315,0.2819684567984063,202,0.8744588744588745,Ames|4233|17|12,2022-09-11
Satellite/Ames/TP5/Ames-TP5-4233_17_2.TIF,bdeebb5b009152a831588b89e6f278fd1186bf7af5410e29b8d46ab15c531f25:24120:1790427162760397400,,,"[""Pleiades NEO Red (0.618 - 0.689) um"", ""Pleiades NEO Green (0.533 - 0.59) um"", ""Pleiades NEO Blue (0.446 - 0.52) um"", ""Pleiades NEO NIR (0.768 - 0.888) um"", ""Pleiades NEO Red Edge (0.696 - 0.749) um"", ""Pleiades NEO Deep Blue (0.416 - 0.456) um""]",Ames,TP5,4233,17,2,384.0,595.0,354.0,3350.0,1950.0,321.0,0.7915077548944826,0.26867490858436355,203,0.8787878787878788,Ames|4233|17|2,2022-09-11
Satellite/Ames/TP5/Ames-TP5-4233_18_1.TIF,bdeebb5b009152a831588b89e6f278fd1186bf7af5410e29b8d46ab15c531f25:24187:1790427160641740500,,,"[""Pleiades NEO Red (0.618 - 0.689) um"", ""Pleiades NEO Green (0.533 - 0.59) um"", ""Pleiades NEO Blue (0.446 - 0.52) um"", ""Pleiades NEO NIR (0.768 - 0.888) um"", ""Pleiades NEO Red Edge (0.696 - 0.749) um"", ""Pleiades NEO Deep Blue (0.416 - 0.456) um""]",Ames,TP5,4233,18,1,315.5,478.0,310.5,2916.0,1587.5,298.0,0.8144588829130988,0.2944807232727159,206,0.8512396694214877,Ames|4233|18|1,2022-09-11
Satellite/Ames/TP5/Ames-TP5-4233_18_11.TIF,bdeebb5b009152a831588b89e6f278fd1186bf7af5410e29b8d46ab15c531f25:24052:1790427160310165900,,,"[""Pleiades NEO Red (0.618 - 0.689) um"", ""Pleiades NEO Green (0.533 - 0.59) um"", ""Pleiades NEO Blue (0.446 - 0.52) um"", ""Pleiades NEO NIR (0.768 - 0.888) um"", ""Pleiades NEO Red Edge (0.696 - 0.749) um"", ""Pleiades NEO Deep Blue (0.416 - 0.456) um""]",Ames,TP5,4233,18,11,383.5,580.5,351.5,3429.5,1931.5,317.0,0.7973152087102505,0.2788110023321552,200,0.8658008658008658,Ames|4233|18|11,2022-09-11
Satellite/Ames/TP5/Ames-TP5-4233_18_12.TIF,bdeebb5b009152a831588b89e6f278fd1186bf7af5410e29b8d46ab15c531f25:24109:1790427160520218900,,,"[""Pleiades NEO Red (0.618 - 0.689) um"", ""Pleiades NEO Green (0.533 - 0.59) um"", ""Pleiades NEO Blue (0.446 - 0.52) um"", ""Pleiades NEO NIR (0.768 - 0.888) um"", ""Pleiades NEO Red Edge (0.696 - 0.749) um"", ""Pleiades NEO Deep Blue (0.416 - 0.456) um""]",Ames,TP5,4233,18,12,363.5,565.0,353.5,3619.0,1976.5,309.5,0.8184651564084442,0.29603196974973156,208,0.9004329004329005,Ames|4233|18|12,2022-09-11
Satellite/Ames/TP5/Ames-TP5-4233_18_2.TIF,bdeebb5b009152a831588b89e6f278fd1186bf7af5410e29b8d46ab15c531f25:24233:1790427160819307600,,,"[""Pleiades NEO Red (0.618 - 0.689) um"", ""Pleiades NEO Green (0.533 - 0.59) um"", ""Pleiades NEO Blue (0.446 - 0.52) um"", ""Pleiades NEO NIR (0.768 - 0.888) um"", ""Pleiades NEO Red Edge (0.696 - 0.749) um"", ""Pleiades NEO Deep Blue (0.416 - 0.456) um""]",Ames,TP5,4233,18,2,418.5,606.5,376.0,3316.0,1867.5,338.5,0.7804100707812238,0.2790347866104772,210,0.8677685950413223,Ames|4233|18|2,2022-09-11
Satellite/Ames/TP5/Ames-TP5-4233_19_1.TIF,bdeebb5b009152a831588b89e6f278fd1186bf7af5410e29b8d46ab15c531f25:24137:1790427160046993300,,,"[""Pleiades NEO Red (0.618 - 0.689) um"", ""Pleiades NEO Green (0.533 - 0.59) um"", ""Pleiades NEO Blue (0.446 - 0.52) um"", ""Pleiades NEO NIR (0.768 - 0.888) um"", ""Pleiades NEO Red Edge (0.696 - 0.749) um"", ""Pleiades NEO Deep Blue (0.416 - 0.456) um""]",Ames,TP5,4233,19,1,346.5,510.0,345.0,2979.0,1671.0,313.0,0.7921538858528516,0.2836934633687094,204,0.8831168831168831,Ames|4233|19|1,2022-09-11
Satellite/Ames/TP5/Ames-TP5-4233_19_11.TIF,bdeebb5b009152a831588b89e6f278fd1186bf7af5410e29b8d46ab15c531f25:24107:1790427162058282100,,,"[""Pleiades NEO Red (0.618 - 0.689) um"", ""Pleiades NEO Green (0.533 - 0.59) um"", ""Pleiades NEO Blue (0.446 - 0.52) um"", ""Pleiades NEO NIR (0.768 - 0.888) um"", ""Pleiades NEO Red Edge (0.696 - 0.749) um"", ""Pleiades NEO Deep Blue (0.416 - 0.456) um""]",Ames,TP5,4233,19,11,377.0,572.0,345.0,3354.0,1913.0,316.0,0.7948126801152737,0.2738673139158576,203,0.8388429752066116,Ames|4233|19|11,2022-09-11
Satellite/Ames/TP5/Ames-TP5-4233_19_12.TIF,bdeebb5b009152a831588b89e6f278fd1186bf7af5410e29b8d46ab15c531f25:24144:1790427161828735100,,,"[""Pleiades NEO Red (0.618 - 0.689) um"", ""Pleiades NEO Green (0.533 - 0.59) um"", ""Pleiades NEO Blue (0.446 - 0.52) um"", ""Pleiades NEO NIR (0.768 - 0.888) um"", ""Pleiades NEO Red Edge (0.696 - 0.749) um"", ""Pleiades NEO Deep Blue (0.416 - 0.456) um""]",Ames,TP5,4233,19,12,386.0,570.0,347.0,3510.0,1924.0,312.0,0.8028956057912116,0.28752642706131076,211,0.9134199134199135,Ames|4233|19|12,2022-09-11
Satellite/Ames/TP5/Ames-TP5-4233_19_2.TIF,bdeebb5b009152a831588b89e6f278fd1186bf7af5410e29b8d46ab15c531f25:24034:1790427159830436700,,,"[""Pleiades NEO Red (0.618 - 0.689) um"", ""Pleiades NEO Green (0.533 - 0.59) um"", ""Pleiades NEO Blue (0.446 - 0.52) um"", ""Pleiades NEO NIR (0.768 - 0.888) um"", ""Pleiades NEO Red Edge (0.696 - 0.749) um"", ""Pleiades NEO Deep Blue (0.416 - 0.456) um""]",Ames,TP5,4233,19,2,383.0,589.0,343.0,3218.0,1896.0,309.5,0.7857636388912519,0.2587581048786675,200,0.8264462809917356,Ames|4233|19|2,2022-09-11
Satellite/Ames/TP5/Ames-TP5-4233_1_1.TIF,bdeebb5b009152a831588b89e6f278fd1186bf7af5410e29b8d46ab15c531f25:24117:1790427161721217000,,,"[""Pleiades NEO Red (0.618 - 0.689) um"", ""Pleiades NEO Green (0.533 - 0.59) um"", ""Pleiades NEO Blue (0.446 - 0.52) um"", ""Pleiades NEO NIR (0.768 - 0.888) um"", ""Pleiades NEO Red Edge (0.696 - 0.749) um"", ""Pleiades NEO Deep Blue (0.416 - 0.456) um""]",Ames,TP5,4233,1,1,342.0,501.0,315.5,2781.5,1635.0,299.0,0.7801113839716831,0.2545502098817851,204,0.8831168831168831,Ames|4233|1|1,2022-09-11
Satellite/Ames/TP5/Ames-TP5-4233_1_10.TIF,bdeebb5b009152a831588b89e6f278fd1186bf7af5410e29b8d46ab15c531f25:24175:1790427163056461700,,,"[""Pleiades NEO Red (0.618 - 0.689) um"", ""Pleiades NEO Green (0.533 - 0.59) um"", ""Pleiades NEO Blue (0.446 - 0.52) um"", ""Pleiades NEO NIR (0.768 - 0.888) um"", ""Pleiades NEO Red Edge (0.696 - 0.749) um"", ""Pleiades NEO Deep Blue (0.416 - 0.456) um""]",Ames,TP5,4233,1,10,436.5,654.0,355.0,3326.5,2073.0,313.0,0.7667736414206248,0.2299368332738696,206,0.8512396694214877,Ames|4233|1|10,2022-09-11
Satellite/Ames/TP5/Ames-TP5-4233_1_11.TIF,bdeebb5b009152a831588b89e6f278fd1186bf7af5410e29b8d46ab15c531f25:24301:1790427162988435000,,,"[""Pleiades NEO Red (0.618 - 0.689) um"", ""Pleiades NEO Green (0.533 - 0.59) um"", ""Pleiades NEO Blue (0.446 - 0.52) um"", ""Pleiades NEO NIR (0.768 - 0.888) um"", ""Pleiades NEO Red Edge (0.696 - 0.749) um"", ""Pleiades NEO Deep Blue (0.416 - 0.456) um""]",Ames,TP5,4233,1,11,455.0,671.0,358.0,3262.0,2064.0,304.0,0.7570830253757083,0.22770870337477797,211,0.871900826446281,Ames|4233|1|11,2022-09-11
Satellite/Ames/TP5/Ames-TP5-4233_1_12.TIF,bdeebb5b009152a831588b89e6f278fd1186bf7af5410e29b8d46ab15c531f25:24203:1790427162795404700,,,"[""Pleiades NEO Red (0.618 - 0.689) um"", ""Pleiades NEO Green (0.533 - 0.59) um"", ""Pleiades NEO Blue (0.446 - 0.52) um"", ""Pleiades NEO NIR (0.768 - 0.888) um"", ""Pleiades NEO Red Edge (0.696 - 0.749) um"", ""Pleiades NEO Deep Blue (0.416 - 0.456) um""]",Ames,TP5,4233,1,12,470.0,685.0,362.0,3285.0,2121.0,337.0,0.749452687910484,0.2235695339143615,203,0.8787878787878788,Ames|4233|1|12,2022-09-11
Satellite/Ames/TP5/Ames-TP5-4233_1_2.TIF,bdeebb5b009152a831588b89e6f278fd1186bf7af5410e29b8d46ab15c531f25:24066:1790427161490302900,,,"[""Pleiades NEO Red (0.618 - 0.689) um"", ""Pleiades NEO Green (0.533 - 0.59) um"", ""Pleiades NEO Blue (0.446 - 0.52) um"", ""Pleiades NEO NIR (0.768 - 0.888) um"", ""Pleiades NEO Red Edge (0.696 - 0.749) um"", ""Pleiades NEO Deep Blue (0.416 - 0.456) um""]",Ames,TP5,4233,1,2,423.0,602.5,365.0,3433.5,2022.0,333.5,0.7793218571019243,0.2594871917804222,200,0.8264462809917356,Ames|4233|1|2,2022-09-11
Satellite/Ames/TP5/Ames-TP5-4233_1_3.TIF,bdeebb5b009152a831588b89e6f278fd1186bf7af5410e29b8d46ab15c531f25:24250:1790427161437297700,,,"[""Pleiades NEO Red (0.618 - 0.689) um"", ""Pleiades NEO Green (0.533 - 0.59) um"", ""Pleiades NEO Blue (0.446 - 0.52) um"", ""Pleiades NEO NIR (0.768 - 0.888) um"", ""Pleiades NEO Red Edge (0.696 - 0.749) um"", ""Pleiades NEO Deep Blue (0.416 - 0.456) um""]",Ames,TP5,4233,1,3,460.5,587.5,437.0,2704.5,1710.5,396.0,0.720522108281863,0.187864854763736,200,0.8264462809917356,Ames|4233|1|3,2022-09-11
Satellite/Ames/TP5/Ames-TP5-4233_1_4.TIF,bdeebb5b009152a831588b89e6f278fd1186bf7af5410e29b8d46ab15c531f25:24089:1790427161981248700,,,"[""Pleiades NEO Red (0.618 - 0.689) um"", ""Pleiades NEO Green (0.533 - 0.59) um"", ""Pleiades NEO Blue (0.446 - 0.52) um"", ""Pleiades NEO NIR (0.768 - 0.888) um"", ""Pleiades NEO Red Edge (0.696 - 0.749) um"", ""Pleiades NEO Deep Blue (0.416 - 0.456) um""]",Ames,TP5,4233,1,4,319.5,467.0,337.5,2549.0,1460.0,326.0,0.7693139526639394,0.26961587534478104,200,0.8658008658008658,Ames|4233|1|4,2022-09-11
Satellite/Ames/TP5/Ames-TP5-4233_1_5.TIF,bdeebb5b009152a831588b89e6f278fd1186bf7af5410e29b8d46ab15c531f25:24142:1790427161881738100,,,"[""Pleiades NEO Red (0.618 - 0.689) um"", ""Pleiades NEO Green (0.533 - 0.59) um"", ""Pleiades NEO Blue (0.446 - 0.52) um"", ""Pleiades NEO NIR (0.768 - 0.888) um"", ""Pleiades NEO Red Edge (0.696 - 0.749) um"", ""Pleiades NEO Deep Blue (0.416 - 0.456) um""]",Ames,TP5,4233,1,5,412.0,624.0,352.0,3182.0,1899.0,328.0,0.774851536276788,0.25346784363177804,201,0.7976190476190477,Ames|4233|1|5,2022-09-11
Satellite/Ames/TP5/Ames-TP5-4233_1_6.TIF,bdeebb5b009152a831588b89e6f278fd1186bf7af5410e29b8d46ab15c531f25:24227:1790427162092281600,,,"[""Pleiades NEO Red (0.618 - 0.689) um"", ""Pleiades NEO Green (0.533 - 0.59) um"", ""Pleiades NEO Blue (0.446 - 0.52) um"", ""Pleiades NEO NIR (0.768 - 0.888) um"", ""Pleiades NEO Red Edge (0.696 - 0.749) um"", ""Pleiades NEO Deep Blue (0.416 - 0.456) um""]",Ames,TP5,4233,1,6,448.5,648.0,356.5,3271.5,2067.5,323.0,0.7587746305418719,0.22508728764997024,210,0.8333333333333334,Ames|4233|1|6,2022-09-11
Satellite/Ames/TP5/Ames-TP5-4233_1_7.TIF,bdeebb5b009152a831588b89e6f278fd1186bf7af5410e29b8d46ab15c531f25:24227:1790427162184794400,,,"[""Pleiades NEO Red (0.618 - 0.689) um"", ""Pleiades NEO Green (0.533 - 0.59) um"", ""Pleiades NEO Blue (0.446 - 0.52) um"", ""Pleiades NEO NIR (0.768 - 0.888) um"", ""Pleiades NEO Red Edge (0.696 - 0.749) um"", ""Pleiades NEO Deep Blue (0.416 - 0.456) um""]",Ames,TP5,4233,1,7,437.0,667.5,354.5,3125.0,2014.0,323.0,0.7558667398865092,0.21706188603734605,206,0.8917748917748918,Ames|4233|1|7,2022-09-11
Satellite/Ames/TP5/Ames-TP5-4233_1_8.TIF,bdeebb5b009152a831588b89e6f278fd1186bf7af5410e29b8d46ab15c531f25:24050:1790427160893313100,,,"[""Pleiades NEO Red (0.618 - 0.689) um"", ""Pleiades NEO Green (0.533 - 0.59) um"", ""Pleiades NEO Blue (0.446 - 0.52) um"", ""Pleiades NEO NIR (0.768 - 0.888) um"", ""Pleiades NEO Red Edge (0.696 - 0.749) um"", ""Pleiades NEO Deep Blue (0.416 - 0.456) um""]",Ames,TP5,4233,1,8,453.0,674.0,361.0,3121.5,2034.0,323.5,0.7444997380827658,0.21103271754289063,200,0.8658008658008658,Ames|4233|1|8,2022-09-11
Satellite/Ames/TP5/Ames-TP5-4233_1_9.TIF,bdeebb5b009152a831588b89e6f278fd1186bf7af5410e29b8d46ab15c531f25:24095:1790427160834308500,,,"[""Pleiades NEO Red (0.618 - 0.689) um"", ""Pleiades NEO Green (0.533 - 0.59) um"", ""Pleiades NEO Blue (0.446 - 0.52) um"", ""Pleiades NEO NIR (0.768 - 0.888) um"", ""Pleiades NEO Red Edge (0.696 - 0.749) um"", ""Pleiades NEO Deep Blue (0.416 - 0.456) um""]",Ames,TP5,4233,1,9,466.0,684.5,381.5,3315.5,2091.0,318.5,0.7556225602829003,0.22237599867821164,200,0.8264462809917356,Ames|4233|1|9,2022-09-11
Satellite/Ames/TP5/Ames-TP5-4233_20_1.TIF,bdeebb5b009152a831588b89e6f278fd1186bf7af5410e29b8d46ab15c531f25:24195:1790427160300163900,,,"[""Pleiades NEO Red (0.618 - 0.689) um"", ""Pleiades NEO Green (0.533 - 0.59) um"", ""Pleiades NEO Blue (0.446 - 0.52) um"", ""Pleiades NEO NIR (0.768 - 0.888) um"", ""Pleiades NEO Red Edge (0.696 - 0.749) um"", ""Pleiades NEO Deep Blue (0.416 - 0.456) um""]",Ames,TP5,4233,20,1,341.0,541.0,319.5,2998.0,1720.5,301.5,0.7936455390589026,0.26770576266678575,208,0.9004329004329005,Ames|4233|20|1,2022-09-11
Satellite/Ames/TP5/Ames-TP5-4233_20_11.TIF,bdeebb5b009152a831588b89e6f278fd1186bf7af5410e29b8d46ab15c531f25:24175:1790427160065991700,,,"[""Pleiades NEO Red (0.618 - 0.689) um"", ""Pleiades NEO Green (0.533 - 0.59) um"", ""Pleiades NEO Blue (0.446 - 0.52) um"", ""Pleiades NEO NIR (0.768 - 0.888) um"", ""Pleiades NEO Red Edge (0.696 - 0.749) um"", ""Pleiades NEO Deep Blue (0.416 - 0.456) um""]",Ames,TP5,4233,20,11,381.0,585.0,352.0,3325.0,1936.0,318.0,0.7946210268948656,0.2675074676402257,207,0.8553719008264463,Ames|4233|20|11,2022-09-11
Satellite/Ames/TP5/Ames-TP5-4233_20_12.TIF,bdeebb5b009152a831588b89e6f278fd1186bf7af5410e29b8d46ab15c531f25:24000:1790427159860441200,,,"[""Pleiades NEO Red (0.618 - 0.689) um"", ""Pleiades NEO Green (0.533 - 0.59) um"", ""Pleiades NEO Blue (0.446 - 0.52) um"", ""Pleiades NEO NIR (0.768 - 0.888) um"", ""Pleiades NEO Red Edge (0.696 - 0.749) um"", ""Pleiades NEO Deep Blue (0.416 - 0.456) um""]",Ames,TP5,4233,20,12,368.0,556.5,344.5,3507.0,1896.0,320.5,0.8114211374760424,0.30006703696609843,200,0.8264462809917356,Ames|4233|20|12,2022-09-11
Satellite/Ames/TP5/Ames-TP5-4233_20_2.TIF,bdeebb5b009152a831588b89e6f278fd1186bf7af5410e29b8d46ab15c531f25:24057:1790427160501218600,,,"[""Pleiades NEO Red (0.618 - 0.689) um"", ""Pleiades NEO Green (0.533 - 0.59) um"", ""Pleiades NEO Blue (0.446 - 0.52) um"", ""Pleiades NEO NIR (0.768 - 0.888) um"", ""Pleiades NEO Red Edge (0.696 - 0.749) um"", ""Pleiades NEO Deep Blue (0.416 - 0.456) um""]",Ames,TP5,4233,20,2,401.5,613.0,344.5,3312.0,1988.5,315.5,0.7829728150624664,0.24930125492555189,200,0.8658008658008658,Ames|4233|20|2,2022-09-11
Satellite/Ames/TP5/Ames-TP5-4233_21_1.TIF,bdeebb5b009152a831588b89e6f278fd1186bf7af5410e29b8d46ab15c531f25:24112:1790427161346777000,,,"[""Pleiades NEO Red (0.618 - 0.689) um"", ""Pleiades NEO Green (0.533 - 0.59) um"", ""Pleiades NEO Blue (0.446 - 0.52) um"", ""Pleiades NEO NIR (0.768 - 0.888) um"", ""Pleiades NEO Red Edge (0.696 - 0.749) um"", ""Pleiades NEO Deep Blue (0.416 - 0.456) um""]",Ames,TP5,4233,21,1,343.5,524.0,336.0,3029.0,1680.5,320.0,0.8015712676740074,0.29258246821022094,202,0.8015873015873016,Ames|4233|21|1,2022-09-11
Satellite/Ames/TP5/Ames-TP5-4233_21_11.TIF,bdeebb5b009152a831588b89e6f278fd1186bf7af5410e29b8d46ab15c531f25:24088:1790427161540311800,,,"[""Pleiades NEO Red (0.618 - 0.689) um"", ""Pleiades NEO Green (0.533 - 0.59) um"", ""Pleiades NEO Blue (0.446 - 0.52) um"", ""Pleiades NEO NIR (0.768 - 0.888) um"", ""Pleiades NEO Red Edge (0.696 - 0.749) um"", ""Pleiades NEO Deep Blue (0.416 - 0.456) um""]",Ames,TP5,4233,21,11,378.0,547.0,344.0,3316.0,1815.0,311.0,0.8022297624818225,0.28921088701781866,205,0.8874458874458875,Ames|4233|21|11,2022-09-11
Satellite/Ames/TP5/Ames-TP5-4233_21_12.TIF,bdeebb5b009152a831588b89e6f278fd1186bf7af5410e29b8d46ab15c531f25:23970:1790427161772218300,,,"[""Pleiades NEO Red (0.618 - 0.689) um"", ""Pleiades NEO Green (0.533 - 0.59) um"", ""Pleiades NEO Blue (0.446 - 0.52) um"", ""Pleiades NEO NIR (0.768 - 0.888) um"", ""Pleiades NEO Red Edge (0.696 - 0.749) um"", ""Pleiades NEO Deep Blue (0.416 - 0.456) um""]",Ames,TP5,4233,21,12,353.0,514.0,339.5,3484.5,1835.0,315.5,0.8152200833051897,0.3095214514835606,200,0.8658008658008658,Ames|4233|21|12,2022-09-11
Satellite/Ames/TP5/Ames-TP5-4233_21_2.TIF,bdeebb5b009152a831588b89e6f278fd1186bf7af5410e29b8d46ab15c531f25:24172:1790427161166870600,,,"[""Pleiades NEO Red (0.618 - 0.689) um"", ""Pleiades NEO Green (0.533 - 0.59) um"", ""Pleiades NEO Blue (0.446 - 0.52) um"", ""Pleiades NEO NIR (0.768 - 0.888) um"", ""Pleiades NEO Red Edge (0.696 - 0.749) um"", ""Pleiades NEO Deep Blue (0.416 - 0.456) um""]",Ames,TP5,4233,21,2,392.0,609.0,349.0,3321.5,1960.0,326.5,0.7909192405748059,0.26274519127022156,210,0.8333333333333334,Ames|4233|21|2,2022-09-11
Satellite/Ames/TP5/Ames-TP5-4233_22_1.TIF,bdeebb5b009152a831588b89e6f278fd1186bf7af5410e29b8d46ab15c531f25:24047:1790427160407680900,,,"[""Pleiades NEO Red (0.618 - 0.689) um"", ""Pleiades NEO Green (0.533 - 0.59) um"", ""Pleiades NEO Blue (0.446 - 0.52) um"", ""Pleiades NEO NIR (0.768 - 0.888) um"", ""Pleiades NEO Red Edge (0.696 - 0.749) um"", ""Pleiades NEO Deep Blue (0.416 - 0.456) um""]",Ames,TP5,4233,22,1,334.5,511.5,338.5,3026.0,1652.0,310.5,0.807931136957202,0.2942427888170437,200,0.7575757575757576,Ames|4233|22|1,2022-09-11
Satellite/Ames/TP5/Ames-TP5-4233_22_11.TIF,bdeebb5b009152a831588b89e6f278fd1186bf7af5410e29b8d46ab15c531f25:24107:1790427160177126300,,,"[""Pleiades NEO Red (0.618 - 0.689) um"", ""Pleiades NEO Green (0.533 - 0.59) um"", ""Pleiades NEO Blue (0.446 - 0.52) um"", ""Pleiades NEO NIR (0.768 - 0.888) um"", ""Pleiades NEO Red Edge (0.696 - 0.749) um"", ""Pleiades NEO Deep Blue (0.416 - 0.456) um""]",Ames,TP5,4233,22,11,337.0,517.0,332.0,3412.0,1847.0,301.0,0.8144833197721725,0.30006930006930005,205,0.8134920634920635,Ames|4233|22|11,2022-09-11
Satellite/Ames/TP5/Ames-TP5-4233_22_12.TIF,bdeebb5b009152a831588b89e6f278fd1186bf7af5410e29b8d46ab15c531f25:24133:1790427160373163600,,,"[""Pleiades NEO Red (0.618 - 0.689) um"", ""Pleiades NEO Green (0.533 - 0.59) um"", ""Pleiades NEO Blue (0.446 - 0.52) um"", ""Pleiades NEO NIR (0.768 - 0.888) um"", ""Pleiades NEO Red Edge (0.696 - 0.749) um"", ""Pleiades NEO Deep Blue (0.416 - 0.456) um""]",Ames,TP5,4233,22,12,341.5,524.5,332.0,3685.5,1905.0,298.0,0.8304388257766161,0.3188194170399209,210,0.8333333333333334,Ames|4233|22|12,2022-09-11
Satellite/Ames/TP5/Ames-TP5-4233_22_2.TIF,bdeebb5b009152a831588b89e6f278fd1186bf7af5410e29b8d46ab15c531f25:24032:1790427160216646300,,,"[""Pleiades NEO Red (0.618 - 0.689) um"", ""Pleiades NEO Green (0.533 - 0.59) um"", ""Pleiades NEO Blue (0.446 - 0.52) um"", ""Pleiades NEO NIR (0.768 - 0.888) um"", ""Pleiades NEO Red Edge (0.696 - 0.749) um"", ""Pleiades NEO Deep Blue (0.416 - 0.456) um""]",Ames,TP5,4233,22,2,377.5,583.5,358.0,3303.5,1873.0,320.5,0.7978124552324894,0.27546148518358926,200,0.8658008658008658,Ames|4233|22|2,2022-09-11
Satellite/Ames/TP5/Ames-TP5-4233_23_1.TIF,bdeebb5b009152a831588b89e6f278fd1186bf7af5410e29b8d46ab15c531f25:24034:1790427161002340900,,,"[""Pleiades NEO Red (0.618 - 0.689) um"", ""Pleiades NEO Green (0.533 - 0.59) um"", ""Pleiades NEO Blue (0.446 - 0.52) um"", ""Pleiades NEO NIR (0.768 - 0.888) um"", ""Pleiades NEO Red Edge (0.696 - 0.749) um"", ""Pleiades NEO Deep Blue (0.416 - 0.456) um""]",Ames,TP5,4233,23,1,393.5,504.5,368.0,2751.5,1517.0,351.0,0.756066250436349,0.2916954319414713,200,0.8264462809917356,Ames|4233|23|1,2022-09-11
Satellite/Ames/TP5/Ames-TP5-4233_23_11.TIF,bdeebb5b009152a831588b89e6f278fd1186bf7af5410e29b8d46ab15c531f25:23969:1790427162160792200,,,"[""Pleiades NEO Red (0.618 - 0.689) um"", ""Pleiades NEO Green (0.533 - 0.59) um"", ""Pleiades NEO Blue (0.446 - 0.52) um"", ""Pleiades NEO NIR (0.768 - 0.888) um"", ""Pleiades NEO Red Edge (0.696 - 0.749) um"", ""Pleiades NEO Deep Blue (0.416 - 0.456) um""]",Ames,TP5,4233,23,11,336.0,518.0,324.5,3587.5,1882.0,311.5,0.8292458879826928,0.3109614399478415,200,0.7575757575757576,Ames|4233|23|11,2022-09-11
Satellite/Ames/TP5/Ames-TP5-4233_23_12.TIF,bdeebb5b009152a831588b89e6f278fd1186bf7af5410e29b8d46ab15c531f25:23879:1790427161976245800,,,"[""Pleiades NEO Red (0.618 - 0.689) um"", ""Pleiades NEO Green (0.533 - 0.59) um"", ""Pleiades NEO Blue (0.446 - 0.52) um"", ""Pleiades NEO NIR (0.768 - 0.888) um"", ""Pleiades NEO Red Edge (0.696 - 0.749) um"", ""Pleiades NEO Deep Blue (0.416 - 0.456) um""]",Ames,TP5,4233,23,12,325.5,509.5,329.0,3685.0,1896.5,308.0,0.8385899742873902,0.3228834838442851,200,0.8658008658008658,Ames|4233|23|12,2022-09-11
Satellite/Ames/TP5/Ames-TP5-4233_23_2.TIF,bdeebb5b009152a831588b89e6f278fd1186bf7af5410e29b8d46ab15c531f25:24030:1790427161192873400,,,"[""Pleiades NEO Red (0.618 - 0.689) um"", ""Pleiades NEO Green (0.533 - 0.59) um"", ""Pleiades NEO Blue (0.446 - 0.52) um"", ""Pleiades NEO NIR (0.768 - 0.888) um"", ""Pleiades NEO Red Edge (0.696 - 0.749) um"", ""Pleiades NEO Deep Blue (0.416 - 0.456) um""]",Ames,TP5,4233,23,2,364.0,503.0,351.5,2833.5,1581.0,331.0,0.7722293277726122,0.28080678837479023,200,0.8264462809917356,Ames|4233|23|2,2022-09-11
Satellite/Ames/TP5/Ames-TP5-4233_24_1.TIF,bdeebb5b009152a831588b89e6f278fd1186bf7af5410e29b8d46ab15c531f25:24178:1790427159996991800,,,"[""Pleiades NEO Red (0.618 - 0.689) um"", ""Pleiades NEO Green (0.533 - 0.59) um"", ""Pleiades NEO Blue (0.446 - 0.52) um"", ""Pleiades NEO NIR (0.768 - 0.888) um"", ""Pleiades NEO Red Edge (0.696 - 0.749) um"", ""Pleiades NEO Deep Blue (0.416 - 0.456) um""]",Ames,TP5,4233,24,1,397.0,464.0,367.0,2480.0,1383.0,351.0,0.7182817182817183,0.2831936479929422,205,0.8874458874458875,Ames|4233|24|1,2022-09-11
Satellite/Ames/TP5/Ames-TP5-4233_24_11.TIF,bdeebb5b009152a831588b89e6f278fd1186bf7af5410e29b8d46ab15c531f25:24002:1790427161287393600,,,"[""Pleiades NEO Red (0.618 - 0.689) um"", ""Pleiades NEO Green (0.533 - 0.59) um"", ""Pleiades NEO Blue (0.446 - 0.52) um"", ""Pleiades NEO NIR (0.768 - 0.888) um"", ""Pleiades NEO Red Edge (0.696 - 0.749) um"", ""Pleiades NEO Deep Blue (0.416 - 0.456) um""]",Ames,TP5,4233,24,11,348.5,533.5,337.5,3674.5,1918.5,305.0,0.8311836657336134,0.31454118695445865,200,0.8264462809917356,Ames|4233|24|11,2022-09-11
Satellite/Ames/TP5/Ames-TP5-4233_24_12.TIF,bdeebb5b009152a831588b89e6f278fd1186bf7af5410e29b8d46ab15c531f25:23999:1790427161105870100,,,"[""Pleiades NEO Red (0.618 - 0.689) um"", ""Pleiades NEO Green (0.533 - 0.59) um"", ""Pleiades NEO Blue (0.446 - 0.52) um"", ""Pleiades NEO NIR (0.768 - 0.888) um"", ""Pleiades NEO Red Edge (0.696 - 0.749) um"", ""Pleiades NEO Deep Blue (0.416 - 0.456) um""]",Ames,TP5,4233,24,12,318.0,506.0,314.5,3765.5,1905.5,305.5,0.8425343702516527,0.32689581827749614,200,0.8264462809917356,Ames|4233|24|12,2022-09-11
Satellite/Ames/TP5/Ames-TP5-4233_24_2.TIF,bdeebb5b009152a831588b89e6f278fd1186bf7af5410e29b8d46ab15c531f25:24223:1790427159796431500,,,"[""Pleiades NEO Red (0.618 - 0.689) um"", ""Pleiades NEO Green (0.533 - 0.59) um"", ""Pleiades NEO Blue (0.446 - 0.52) um"", ""Pleiades NEO NIR (0.768 - 0.888) um"", ""Pleiades NEO Red Edge (0.696 - 0.749) um"", ""Pleiades NEO Deep Blue (0.416 - 0.456) um""]",Ames,TP5,4233,24,2,438.0,569.0,382.0,3032.0,1745.0,348.5,0.7544222492643622,0.2671350703797744,210,0.9090909090909091,Ames|4233|24|2,2022-09-11
Satellite/Ames/TP5/Ames-TP5-4233_25_1.TIF,bdeebb5b009152a831588b89e6f278fd1186bf7af5410e29b8d46ab15c531f25:24276:1790427160657741000,,,"[""Pleiades NEO Red (0.618 - 0.689) um"", ""Pleiades NEO Green (0.533 - 0.59) um"", ""Pleiades NEO Blue (0.446 - 0.52) um"", ""Pleiades NEO NIR (0.768 - 0.888) um"", ""Pleiades NEO Red Edge (0.696 - 0.749) um"", ""Pleiades NEO Deep Blue (0.416 - 0.456) um""]",Ames,TP5,4233,25,1,420.0,579.0,380.0,2988.0,1766.0,356.0,0.749066896353718,0.25869262865090403,215,0.9307359307359307,Ames|4233|25|1,2022-09-11
Satellite/Ames/TP5/Ames-TP5-4233_25_10.TIF,bdeebb5b009152a831588b89e6f278fd1186bf7af5410e29b8d46ab15c531f25:24133:1790427162892919200,,,"[""Pleiades NEO Red (0.618 - 0.689) um"", ""Pleiades NEO Green (0.533 - 0.59) um"", ""Pleiades NEO Blue (0.446 - 0.52) um"", ""Pleiades NEO NIR (0.768 - 0.888) um"", ""Pleiades NEO Red Edge (0.696 - 0.749) um"", ""Pleiades NEO Deep Blue (0.416 - 0.456) um""]",Ames,TP5,4233,25,10,362.0,573.0,334.0,3609.0,2040.0,301.0,0.8188084687346134,0.27915835298385633,209,0.9047619047619048,Ames|4233|25|10,2022-09-11
Satellite/Ames/TP5/Ames-TP5-4233_25_11.TIF,bdeebb5b009152a831588b89e6f278fd1186bf7af5410e29b8d46ab15c531f25:23995:1790427162715397800,,,"[""Pleiades NEO Red (0.618 - 0.689) um"", ""Pleiades NEO Green (0.533 - 0.59) um"", ""Pleiades NEO Blue (0.446 - 0.52) um"", ""Pleiades NEO NIR (0.768 - 0.888) um"", ""Pleiades NEO Red Edge (0.696 - 0.749) um"", ""Pleiades NEO Deep Blue (0.416 - 0.456) um""]",Ames,TP5,4233,25,11,363.0,562.0,338.5,3685.0,2030.0,308.5,0.8213805499921236,0.2862910063054605,200,0.8658008658008658,Ames|4233|25|11,2022-09-11
Satellite/Ames/TP5/Ames-TP5-4233_25_12.TIF,bdeebb5b009152a831588b89e6f278fd1186bf7af5410e29b8d46ab15c531f25:24156:1790427162928432700,,,"[""Pleiades NEO Red (0.618 - 0.689) um"", ""Pleiades NEO Green (0.533 - 0.59) um"", ""Pleiades NEO Blue (0.446 - 0.52) um"", ""Pleiades NEO NIR (0.768 - 0.888) um"", ""Pleiades NEO Red Edge (0.696 - 0.749) um"", ""Pleiades NEO Deep Blue (0.416 - 0.456) um""]",Ames,TP5,4233,25,12,344.0,542.5,325.0,3693.5,2013.5,302.0,0.8289064234046166,0.2989787919668585,208,0.9004329004329005,Ames|4233|25|12,2022-09-11
Satellite/Ames/TP5/Ames-TP5-4233_25_2.TIF,bdeebb5b009152a831588b89e6f278fd1186bf7af5410e29b8d46ab15c531f25:24212:1790427160844309600,,,"[""Pleiades NEO Red (0.618 - 0.689) um"", ""Pleiades NEO Green (0.533 - 0.59) um"", ""Pleiades NEO Blue (0.446 - 0.52) um"", ""Pleiades NEO NIR (0.768 - 0.888) um"", ""Pleiades NEO Red Edge (0.696 - 0.749) um"", ""Pleiades NEO Deep Blue (0.416 - 0.456) um""]",Ames,TP5,4233,25,2,482.5,633.0,408.5,3179.5,1921.0,371.5,0.7368902793138101,0.24730113511920399,206,0.8917748917748918,Ames|4233|25|2,2022-09-11
Satellite/Ames/TP5/Ames-TP5-4233_25_3.TIF,bdeebb5b009152a831588b89e6f278fd1186bf7af5410e29b8d46ab15c531f25:24254:1790427160888314600,,,"[""Pleiades NEO Red (0.618 - 0.689) um"", ""Pleiades NEO Green (0.533 - 0.59) um"", ""Pleiades NEO Blue (0.446 - 0.52) um"", ""Pleiades NEO NIR (0.768 - 0.888) um"", ""Pleiades NEO Red Edge (0.696 - 0.749) um"", ""Pleiades NEO Deep Blue (0.416 - 0.456) um""]",Ames,TP5,4233,25,3,542.5,631.0,444.0,2777.0,1818.0,404.5,0.66844586489208,0.20351671588482312,200,0.8658008658008658,Ames|4233|25|3,2022-09-11
Satellite/Ames/TP5/Ames-TP5-4233_25_4.TIF,bdeebb5b009152a831588b89e6f278fd1186bf7af5410e29b8d46ab15c531f25:24304:1790427161233386400,,,"[""Pleiades NEO Red (0.618 - 0.689) um"", ""Pleiades NEO Green (0.533 - 0.59) um"", ""Pleiades NEO Blue (0.446 - 0.52) um"", ""Pleiades NEO NIR (0.768 - 0.888) um"", ""Pleiades NEO Red Edge (0.696 - 0.749) um"", ""Pleiades NEO Deep Blue (0.416 - 0.456) um""]",Ames,TP5,4233,25,4,468.5,612.0,414.0,2640.0,1751.5,381.5,0.7082950848910881,0.21647399296662673,200,0.8264462809917356,Ames|4233|25|4,2022-09-11
Satellite/Ames/TP5/Ames-TP5-4233_25_5.TIF,bdeebb5b009152a831588b89e6f278fd1186bf7af5410e29b8d46ab15c531f25:24070:1790427161282389700,,,"[""Pleiades NEO Red (0.618 - 0.689) um"", ""Pleiades NEO Green (0.533 - 0.59) um"", ""Pleiades NEO Blue (0.446 - 0.52) um"", ""Pleiades NEO NIR (0.768 - 0.888) um"", ""Pleiades NEO Red Edge (0.696 - 0.749) um"", ""Pleiades NEO Deep Blue (0.416 - 0.456) um""]",Ames,TP5,4233,25,5,416.0,601.0,350.0,2969.5,1844.5,316.0,0.7575884547289089,0.23600018688959834,200,0.7575757575757576,Ames|4233|25|5,2022-09-11
Satellite/Ames/TP5/Ames-TP5-4233_25_6.TIF,bdeebb5b009152a831588b89e6f278fd1186bf7af5410e29b8d46ab15c531f25:24098:1790427161111865000,,,"[""Pleiades NEO Red (0.618 - 0.689) um"", ""Pleiades NEO Green (0.533 - 0.59) um"", ""Pleiades NEO Blue (0.446 - 0.52) um"", ""Pleiades NEO NIR (0.768 - 0.888) um"", ""Pleiades NEO Red Edge (0.696 - 0.749) um"", ""Pleiades NEO Deep Blue (0.416 - 0.456) um""]",Ames,TP5,4233,25,6,425.0,640.5,341.5,3239.5,2031.0,307.5,0.766362550457204,0.22769779354023126,200,0.7575757575757576,Ames|4233|25|6,2022-09-11
Satellite/Ames/TP5/Ames-TP5-4233_25_7.TIF,bdeebb5b009152a831588b89e6f278fd1186bf7af5410e29b8d46ab15c531f25:24068:1790427161033338400,,,"[""Pleiades NEO Red (0.618 - 0.689) um"", ""Pleiades NEO Green (0.533 - 0.59) um"", ""Pleiades NEO Blue (0.446 - 0.52) um"", ""Pleiades NEO NIR (0.768 - 0.888) um"", ""Pleiades NEO Red Edge (0.696 - 0.749) um"", ""Pleiades NEO Deep Blue (0.416 - 0.456) um""]",Ames,TP5,4233,25,7,414.0,632.5,334.5,3309.5,2040.0,311.5,0.7766533430232558,0.23796717161203354,200,0.7936507936507936,Ames|4233|25|7,2022-09-11
Satellite/Ames/TP5/Ames-TP5-4233_25_8.TIF,bdeebb5b009152a831588b89e6f278fd1186bf7af5410e29b8d46ab15c531f25:24078:1790427161421292700,,,"[""Pleiades NEO Red (0.618 - 0.689) um"", ""Pleiades NEO Green (0.533 - 0.59) um"", ""Pleiades NEO Blue (0.446 - 0.52) um"", ""Pleiades NEO NIR (0.768 - 0.888) um"", ""Pleiades NEO Red Edge (0.696 - 0.749) um"", ""Pleiades NEO Deep Blue (0.416 - 0.456) um""]",Ames,TP5,4233,25,8,415.0,642.5,357.5,3376.0,2048.5,310.5,0.7783430240072071,0.241705577736094,200,0.8658008658008658,Ames|4233|25|8,2022-09-11
Satellite/Ames/TP5/Ames-TP5-4233_25_9.TIF,bdeebb5b009152a831588b89e6f278fd1186bf7af5410e29b8d46ab15c531f25:24200:1790427161505311400,,,"[""Pleiades NEO Red (0.618 - 0.689) um"", ""Pleiades NEO Green (0.533 - 0.59) um"", ""Pleiades NEO Blue (0.446 - 0.52) um"", ""Pleiades NEO NIR (0.768 - 0.888) um"", ""Pleiades NEO Red Edge (0.696 - 0.749) um"", ""Pleiades NEO Deep Blue (0.416 - 0.456) um""]",Ames,TP5,4233,25,9,387.5,607.0,351.0,3410.5,2013.5,317.5,0.7984905705443077,0.2556607679824332,210,0.9090909090909091,Ames|4233|25|9,2022-09-11
Satellite/Ames/TP5/Ames-TP5-4233_2_1.TIF,bdeebb5b009152a831588b89e6f278fd1186bf7af5410e29b8d46ab15c531f25:24171:1790427162503372500,,,"[""Pleiades NEO Red (0.618 - 0.689) um"", ""Pleiades NEO Green (0.533 - 0.59) um"", ""Pleiades NEO Blue (0.446 - 0.52) um"", ""Pleiades NEO NIR (0.768 - 0.888) um"", ""Pleiades NEO Red Edge (0.696 - 0.749) um"", ""Pleiades NEO Deep Blue (0.416 - 0.456) um""]",Ames,TP5,4233,2,1,347.0,514.0,308.5,2762.5,1632.5,296.5,0.7744291139849045,0.25485769096035676,210,0.9090909090909091,Ames|4233|2|1,2022-09-11
Satellite/Ames/TP5/Ames-TP5-4233_2_10.TIF,bdeebb5b009152a831588b89e6f278fd1186bf7af5410e29b8d46ab15c531f25:24149:1790427160829309600,,,"[""Pleiades NEO Red (0.618 - 0.689) um"", ""Pleiades NEO Green (0.533 - 0.59) um"", ""Pleiades NEO Blue (0.446 - 0.52) um"", ""Pleiades NEO NIR (0.768 - 0.888) um"", ""Pleiades NEO Red Edge (0.696 - 0.749) um"", ""Pleiades NEO Deep Blue (0.416 - 0.456) um""]",Ames,TP5,4233,2,10,377.5,579.0,342.5,3600.0,1997.0,320.5,0.8084327329174801,0.28107828126039747,206,0.8917748917748918,Ames|4233|2|10,2022-09-11
Satellite/Ames/TP5/Ames-TP5-4233_2_11.TIF,bdeebb5b009152a831588b89e6f278fd1186bf7af5410e29b8d46ab15c531f25:23990:1790427160902823000,,,"[""Pleiades NEO Red (0.618 - 0.689) um"", ""Pleiades NEO Green (0.533 - 0.59) um"", ""Pleiades NEO Blue (0.446 - 0.52) um"", ""Pleiades NEO NIR (0.768 - 0.888) um"", ""Pleiades NEO Red Edge (0.696 - 0.749) um"", ""Pleiades NEO Deep Blue (0.416 - 0.456) um""]",Ames,TP5,4233,2,11,380.0,578.0,346.5,3606.0,1984.5,314.5,0.8079696139693531,0.27990191038845147,200,0.8264462809917356,Ames|4233|2|11,2022-09-11
Satellite/Ames/TP5/Ames-TP5-4233_2_12.TIF,bdeebb5b009152a831588b89e6f278fd1186bf7af5410e29b8d46ab15c531f25:23966:1790427160714261800,,,"[""Pleiades NEO Red (0.618 - 0.689) um"", ""Pleiades NEO Green (0.533 - 0.59) um"", ""Pleiades NEO Blue (0.446 - 0.52) um"", ""Pleiades NEO NIR (0.768 - 0.888) um"", ""Pleiades NEO Red Edge (0.696 - 0.749) um"", ""Pleiades NEO Deep Blue (0.416 - 0.456) um""]",Ames,TP5,4233,2,12,402.5,603.5,356.0,3592.5,2023.0,335.0,0.7965142665749716,0.2809961671250376,200,0.8264462809917356,Ames|4233|2|12,2022-09-11
Satellite/Ames/TP5/Ames-TP5-4233_2_2.TIF,bdeebb5b009152a831588b89e6f278fd1186bf7af5410e29b8d46ab15c531f25:24033:1790427162265306800,,,"[""Pleiades NEO Red (0.618 - 0.689) um"", ""Pleiades NEO Green (0.533 - 0.59) um"", ""Pleiades NEO Blue (0.446 - 0.52) um"", ""Pleiades NEO NIR (0.768 - 0.888) um"", ""Pleiades NEO Red Edge (0.696 - 0.749) um"", ""Pleiades NEO Deep Blue (0.416 - 0.456) um""]",Ames,TP5,4233,2,2,401.0,608.5,357.0,3457.5,2028.5,318.5,0.7927533483310663,0.2599878708000143,200,0.8658008658008658,Ames|4233|2|2,2022-09-11
Satellite/Ames/TP5/Ames-TP5-4233_2_3.TIF,bdeebb5b009152a831588b89e6f278fd1186bf7af5410e29b8d46ab15c531f25:24043:1790427162484343900,,,"[""Pleiades NEO Red (0.618 - 0.689) um"", ""Pleiades NEO Green (0.533 - 0.59) um"", ""Pleiades NEO Blue (0.446 - 0.52) um"", ""Pleiades NEO NIR (0.768 - 0.888) um"", ""Pleiades NEO Red Edge (0.696 - 0.749) um"", ""Pleiades NEO Deep Blue (0.416 - 0.456) um""]",Ames,TP5,4233,2,3,386.5,599.5,353.0,3538.5,2024.5,316.0,0.8078943653240813,0.2726816279954355,200,0.7575757575757576,Ames|4233|2|3,2022-09-11
Satellite/Ames/TP5/Ames-TP5-4233_2_4.TIF,bdeebb5b009152a831588b89e6f278fd1186bf7af5410e29b8d46ab15c531f25:23981:1790427162710398500,,,"[""Pleiades NEO Red (0.618 - 0.689) um"", ""Pleiades NEO Green (0.533 - 0.59) um"", ""Pleiades NEO Blue (0.446 - 0.52) um"", ""Pleiades NEO NIR (0.768 - 0.888) um"", ""Pleiades NEO Red Edge (0.696 - 0.749) um"", ""Pleiades NEO Deep Blue (0.416 - 0.456) um""]",Ames,TP5,4233,2,4,369.5,584.5,340.0,3623.5,2056.5,316.0,0.8128870849976377,0.2773404438835767,200,0.7575757575757576,Ames|4233|2|4,2022-09-11
Satellite/Ames/TP5/Ames-TP5-4233_2_5.TIF,bdeebb5b009152a831588b89e6f278fd1186bf7af5410e29b8d46ab15c531f25:23998:1790427162903431200,,,"[""Pleiades NEO Red (0.618 - 0.689) um"", ""Pleiades NEO Green (0.533 - 0.59) um"", ""Pleiades NEO Blue (0.446 - 0.52) um"", ""Pleiades NEO NIR (0.768 - 0.888) um"", ""Pleiades NEO Red Edge (0.696 - 0.749) um"", ""Pleiades NEO Deep Blue (0.416 - 0.456) um""]",Ames,TP5,4233,2,5,377.5,603.0,348.0,3655.0,2079.5,317.0,0.8110684160137869,0.276826301773605,200,0.7575757575757576,Ames|4233|2|5,2022-09-11
Satellite/Ames/TP5/Ames-TP5-4233_2_6.TIF,bdeebb5b009152a831588b89e6f278fd1186bf7af5410e29b8d46ab15c531f25:24033:1790427163128703000,,,"[""Pleiades NEO Red (0.618 - 0.689) um"", ""Pleiades NEO Green (0.533 - 0.59) um"", ""Pleiades NEO Blue (0.446 - 0.52) um"", ""Pleiades NEO NIR (0.768 - 0.888) um"", ""Pleiades NEO Red Edge (0.696 - 0.749) um"", ""Pleiades NEO Deep Blue (0.416 - 0.456) um""]",Ames,TP5,4233,2,6,394.0,610.0,340.5,3556.5,2068.5,319.0,0.7994438444642699,0.26749404149634715,200,0.8658008658008658,Ames|4233|2|6,2022-09-11
Satellite/Ames/TP5/Ames-TP5-4233_2_7.TIF,bdeebb5b009152a831588b89e6f278fd1186bf7af5410e29b8d46ab15c531f25:24147:1790427162908430500,,,"[""Pleiades NEO Red (0.618 - 0.689) um"", ""Pleiades NEO Green (0.533 - 0.59) um"", ""Pleiades NEO Blue (0.446 - 0.52) um"", ""Pleiades NEO NIR (0.768 - 0.888) um"", ""Pleiades NEO Red Edge (0.696 - 0.749) um"", ""Pleiades NEO Deep Blue (0.416 - 0.456) um""]",Ames,TP5,4233,2,7,391.0,619.5,352.5,3486.5,2042.0,314.5,0.7942411707163004,0.2599528451188958,204,0.8831168831168831,Ames|4233|2|7,2022-09-11
Satellite/Ames/TP5/Ames-TP5-4233_2_8.TIF,bdeebb5b009152a831588b89e6f278fd1186bf7af5410e29b8d46ab15c531f25:24248:1790427159981964000,,,"[""Pleiades NEO Red (0.618 - 0.689) um"", ""Pleiades NEO Green (0.533 - 0.59) um"", ""Pleiades NEO Blue (0.446 - 0.52) um"", ""Pleiades NEO NIR (0.768 - 0.888) um"", ""Pleiades NEO Red Edge (0.696 - 0.749) um"", ""Pleiades NEO Deep Blue (0.416 - 0.456) um""]",Ames,TP5,4233,2,8,371.5,580.0,337.0,3419.5,1967.5,298.5,0.8092457307553345,0.26909764609624065,214,0.9264069264069265,Ames|4233|2|8,2022-09-11
Satellite/Ames/TP5/Ames-TP5-4233_2_9.TIF,bdeebb5b009152a831588b89e6f278fd1186bf7af5410e29b8d46ab15c531f25:24235:1790427160172129300,,,"[""Pleiades NEO Red (0.618 - 0.689) um"", ""Pleiades NEO Green (0.533 - 0.59) um"", ""Pleiades NEO Blue (0.446 - 0.52) um"", ""Pleiades NEO NIR (0.768 - 0.888) um"", ""Pleiades NEO Red Edge (0.696 - 0.749) um"", ""Pleiades NEO Deep Blue (0.416 - 0.456) um""]",Ames,TP5,4233,2,9,368.0,588.5,340.0,3585.5,2027.0,309.0,0.8143291719462882,0.27692997435390887,212,0.9177489177489178,Ames|4233|2|9,2022-09-11
Satellite/Ames/TP5/Ames-TP5-4233_3_1.TIF,bdeebb5b009152a831588b89e6f278fd1186bf7af5410e29b8d46ab15c531f25:24002:1790427161456297900,,,"[""Pleiades NEO Red (0.618 - 0.689) um"", ""Pleiades NEO Green (0.533 - 0.59) um"", ""Pleiades NEO Blue (0.446 - 0.52) um"", ""Pleiades NEO NIR (0.768 - 0.888) um"", ""Pleiades NEO Red Edge (0.696 - 0.749) um"", ""Pleiades NEO Deep Blue (0.416 - 0.456) um""]",Ames,TP5,4233,3,1,351.5,510.5,324.5,2926.0,1686.0,301.0,0.7937286387617514,0.2648015402665383,200,0.7936507936507936,Ames|4233|3|1,2022-09-11
Satellite/Ames/TP5/Ames-TP5-4233_3_11.TIF,bdeebb5b009152a831588b89e6f278fd1186bf7af5410e29b8d46ab15c531f25:24010:1790427162260307000,,,"[""Pleiades NEO Red (0.618 - 0.689) um"", ""Pleiades NEO Green (0.533 - 0.59) um"", ""Pleiades NEO Blue (0.446 - 0.52) um"", ""Pleiades NEO NIR (0.768 - 0.888) um"", ""Pleiades NEO Red Edge (0.696 - 0.749) um"", ""Pleiades NEO Deep Blue (0.416 - 0.456) um""]",Ames,TP5,4233,3,11,365.0,531.5,348.0,3747.5,1911.5,317.5,0.8234386279381123,0.32343619250674543,200,0.8658008658008658,Ames|4233|3|11,2022-09-11
Satellite/Ames/TP5/Ames-TP5-4233_3_12.TIF,bdeebb5b009152a831588b89e6f278fd1186bf7af5410e29b8d46ab15c531f25:24002:1790427162508372500,,,"[""Pleiades NEO Red (0.618 - 0.689) um"", ""Pleiades NEO Green (0.533 - 0.59) um"", ""Pleiades NEO Blue (0.446 - 0.52) um"", ""Pleiades NEO NIR (0.768 - 0.888) um"", ""Pleiades NEO Red Edge (0.696 - 0.749) um"", ""Pleiades NEO Deep Blue (0.416 - 0.456) um""]",Ames,TP5,4233,3,12,366.0,523.5,345.5,3583.0,1848.5,326.5,0.8150923928973635,0.3199043870758718,200,0.7575757575757576,Ames|4233|3|12,2022-09-11
Satellite/Ames/TP5/Ames-TP5-4233_3_2.TIF,bdeebb5b009152a831588b89e6f278fd1186bf7af5410e29b8d46ab15c531f25:24244:1790427161676700900,,,"[""Pleiades NEO Red (0.618 - 0.689) um"", ""Pleiades NEO Green (0.533 - 0.59) um"", ""Pleiades NEO Blue (0.446 - 0.52) um"", ""Pleiades NEO NIR (0.768 - 0.888) um"", ""Pleiades NEO Red Edge (0.696 - 0.749) um"", ""Pleiades NEO Deep Blue (0.416 - 0.456) um""]",Ames,TP5,4233,3,2,401.0,595.0,351.0,3300.0,1950.5,326.0,0.7827205467137522,0.2599175076028446,210,0.8333333333333334,Ames|4233|3|2,2022-09-11
Satellite/Ames/TP5/Ames-TP5-4233_4_1.TIF,bdeebb5b009152a831588b89e6f278fd1186bf7af5410e29b8d46ab15c531f25:24024:1790427162992434500,,,"[""Pleiades NEO Red (0.618 - 0.689) um"", ""Pleiades NEO Green (0.533 - 0.59) um"", ""Pleiades NEO Blue (0.446 - 0.52) um"", ""Pleiades NEO NIR (0.768 - 0.888) um"", ""Pleiades NEO Red Edge (0.696 - 0.749) um"", ""Pleiades NEO Deep Blue (0.416 - 0.456) um""]",Ames,TP5,4233,4,1,346.0,477.5,303.5,2715.0,1606.0,289.0,0.7796004703931272,0.2535451822460413,200,0.7575757575757576,Ames|4233|4|1,2022-09-11
Satellite/Ames/TP5/Ames-TP5-4233_4_11.TIF,bdeebb5b009152a831588b89e6f278fd1186bf7af5410e29b8d46ab15c531f25:24123:1790427159781932200,,,"[""Pleiades NEO Red (0.618 - 0.689) um"", ""Pleiades NEO Green (0.533 - 0.59) um"", ""Pleiades NEO Blue (0.446 - 0.52) um"", ""Pleiades NEO NIR (0.768 - 0.888) um"", ""Pleiades NEO Red Edge (0.696 - 0.749) um"", ""Pleiades NEO Deep Blue (0.416 - 0.456) um""]",Ames,TP5,4233,4,11,325.5,487.5,333.0,3552.5,1810.0,309.0,0.8357288496106823,0.32711516675781427,210,0.8333333333333334,Ames|4233|4|11,2022-09-11
Satellite/Ames/TP5/Ames-TP5-4233_4_12.TIF,bdeebb5b009152a831588b89e6f278fd1186bf7af5410e29b8d46ab15c531f25:24021:1790427159986960200,,,"[""Pleiades NEO Red (0.618 - 0.689) um"", ""Pleiades NEO Green (0.533 - 0.59) um"", ""Pleiades NEO Blue (0.446 - 0.52) um"", ""Pleiades NEO NIR (0.768 - 0.888) um"", ""Pleiades NEO Red Edge (0.696 - 0.749) um"", ""Pleiades NEO Deep Blue (0.416 - 0.456) um""]",Ames,TP5,4233,4,12,333.0,489.0,327.0,3608.0,1790.0,318.0,0.8287357385264957,0.333011913060539,204,0.8095238095238095,Ames|4233|4|12,2022-09-11
Satellite/Ames/TP5/Ames-TP5-4233_4_2.TIF,bdeebb5b009152a831588b89e6f278fd1186bf7af5410e29b8d46ab15c531f25:24007:1790427162785404500,,,"[""Pleiades NEO Red (0.618 - 0.689) um"", ""Pleiades NEO Green (0.533 - 0.59) um"", ""Pleiades NEO Blue (0.446 - 0.52) um"", ""Pleiades NEO NIR (0.768 - 0.888) um"", ""Pleiades NEO Red Edge (0.696 - 0.749) um"", ""Pleiades NEO Deep Blue (0.416 - 0.456) um""]",Ames,TP5,4233,4,2,425.0,618.0,351.0,3360.0,2049.0,327.0,0.7778360775321872,0.24308461783824847,200,0.8658008658008658,Ames|4233|4|2,2022-09-11
Satellite/Ames/TP5/Ames-TP5-4233_5_1.TIF,bdeebb5b009152a831588b89e6f278fd1186bf7af5410e29b8d46ab15c531f25:24011:1790427161818735600,,,"[""Pleiades NEO Red (0.618 - 0.689) um"", ""Pleiades NEO Green (0.533 - 0.59) um"", ""Pleiades NEO Blue (0.446 - 0.52) um"", ""Pleiades NEO NIR (0.768 - 0.888) um"", ""Pleiades NEO Red Edge (0.696 - 0.749) um"", ""Pleiades NEO Deep Blue (0.416 - 0.456) um""]",Ames,TP5,4233,5,1,371.0,539.5,323.0,2799.5,1679.0,307.0,0.7726266543512919,0.2506147979963831,200,0.8264462809917356,Ames|4233|5|1,2022-09-11
Satellite/Ames/TP5/Ames-TP5-4233_5_11.TIF,bdeebb5b009152a831588b89e6f278fd1186bf7af5410e29b8d46ab15c531f25:23981:1790427161711217100,,,"[""Pleiades NEO Red (0.618 - 0.689) um"", ""Pleiades NEO Green (0.533 - 0.59) um"", ""Pleiades NEO Blue (0.446 - 0.52) um"", ""Pleiades NEO NIR (0.768 - 0.888) um"", ""Pleiades NEO Red Edge (0.696 - 0.749) um"", ""Pleiades NEO Deep Blue (0.416 - 0.456) um""]",Ames,TP5,4233,5,11,340.0,492.5,324.0,3364.0,1744.0,304.0,0.8077465312106586,0.3159147241065139,200,0.8658008658008658,Ames|4233|5|11,2022-09-11
Satellite/Ames/TP5/Ames-TP5-4233_5_12.TIF,bdeebb5b009152a831588b89e6f278fd1186bf7af5410e29b8d46ab15c531f25:24061:1790427161495801800,,,"[""Pleiades NEO Red (0.618 - 0.689) um"", ""Pleiades NEO Green (0.533 - 0.59) um"", ""Pleiades NEO Blue (0.446 - 0.52) um"", ""Pleiades NEO NIR (0.768 - 0.888) um"", ""Pleiades NEO Red Edge (0.696 - 0.749) um"", ""Pleiades NEO Deep Blue (0.416 - 0.456) um""]",Ames,TP5,4233,5,12,351.0,527.5,346.0,3706.5,1884.0,327.0,0.8279465046859984,0.3252209256190189,206,0.8917748917748918,Ames|4233|5|12,2022-09-11
Satellite/Ames/TP5/Ames-TP5-4233_5_2.TIF,bdeebb5b009152a831588b89e6f278fd1186bf7af5410e29b8d46ab15c531f25:24049:1790427162048279400,,,"[""Pleiades NEO Red (0.618 - 0.689) um"", ""Pleiades NEO Green (0.533 - 0.59) um"", ""Pleiades NEO Blue (0.446 - 0.52) um"", ""Pleiades NEO NIR (0.768 - 0.888) um"", ""Pleiades NEO Red Edge (0.696 - 0.749) um"", ""Pleiades NEO Deep Blue (0.416 - 0.456) um""]",Ames,TP5,4233,5,2,432.5,637.5,362.0,3260.5,2036.0,321.5,0.7646760158755234,0.23092476127181782,200,0.8264462809917356,Ames|4233|5|2,2022-09-11
Satellite/Ames/TP5/Ames-TP5-4233_6_1.TIF,bdeebb5b009152a831588b89e6f278fd1186bf7af5410e29b8d46ab15c531f25:24186:1790427162855914800,,,"[""Pleiades NEO Red (0.618 - 0.689) um"", ""Pleiades NEO Green (0.533 - 0.59) um"", ""Pleiades NEO Blue (0.446 - 0.52) um"", ""Pleiades NEO NIR (0.768 - 0.888) um"", ""Pleiades NEO Red Edge (0.696 - 0.749) um"", ""Pleiades NEO Deep Blue (0.416 - 0.456) um""]",Ames,TP5,4233,6,1,331.5,504.0,308.0,2897.5,1629.0,298.5,0.8037305469227374,0.2783260183788232,208,0.9004329004329005,Ames|4233|6|1,2022-09-11
Satellite/Ames/TP5/Ames-TP5-4233_6_11.TIF,bdeebb5b009152a831588b89e6f278fd1186bf7af5410e29b8d46ab15c531f25:23930:1790427160468681500,,,"[""Pleiades NEO Red (0.618 - 0.689) um"", ""Pleiades NEO Green (0.533 - 0.59) um"", ""Pleiades NEO Blue (0.446 - 0.52) um"", ""Pleiades NEO NIR (0.768 - 0.888) um"", ""Pleiades NEO Red Edge (0.696 - 0.749) um"", ""Pleiades NEO Deep Blue (0.416 - 0.456) um""]",Ames,TP5,4233,6,11,366.0,511.5,345.5,3465.5,1823.0,314.5,0.8112531474285376,0.31340044568822556,200,0.8264462809917356,Ames|4233|6|11,2022-09-11
Satellite/Ames/TP5/Ames-TP5-4233_6_12.TIF,bdeebb5b009152a831588b89e6f278fd1186bf7af5410e29b8d46ab15c531f25:24074:1790427160270646400,,,"[""Pleiades NEO Red (0.618 - 0.689) um"", ""Pleiades NEO Green (0.533 - 0.59) um"", ""Pleiades NEO Blue (0.446 - 0.52) um"", ""Pleiades NEO NIR (0.768 - 0.888) um"", ""Pleiades NEO Red Edge (0.696 - 0.749) um"", ""Pleiades NEO Deep Blue (0.416 - 0.456) um""]",Ames,TP5,4233,6,12,329.0,498.0,334.0,3592.0,1827.0,312.0,0.8330566753616315,0.3289547757553012,203,0.8388429752066116,Ames|4233|6|12,2022-09-11
Satellite/Ames/TP5/Ames-TP5-4233_6_2.TIF,bdeebb5b009152a831588b89e6f278fd1186bf7af5410e29b8d46ab15c531f25:24231:1790427163080462900,,,"[""Pleiades NEO Red (0.618 - 0.689) um"", ""Pleiades NEO Green (0.533 - 0.59) um"", ""Pleiades NEO Blue (0.446 - 0.52) um"", ""Pleiades NEO NIR (0.768 - 0.888) um"", ""Pleiades NEO Red Edge (0.696 - 0.749) um"", ""Pleiades NEO Deep Blue (0.416 - 0.456) um""]",Ames,TP5,4233,6,2,362.0,564.0,333.0,3315.0,1914.0,306.0,0.8040773100344188,0.27025915261209377,211,0.9134199134199135,Ames|4233|6|2,2022-09-11
Satellite/Ames/TP5/Ames-TP5-4233_7_1.TIF,bdeebb5b009152a831588b89e6f278fd1186bf7af5410e29b8d46ab15c531f25:24204:1790427162215308500,,,"[""Pleiades NEO Red (0.618 - 0.689) um"", ""Pleiades NEO Green (0.533 - 0.59) um"", ""Pleiades NEO Blue (0.446 - 0.52) um"", ""Pleiades NEO NIR (0.768 - 0.888) um"", ""Pleiades NEO Red Edge (0.696 - 0.749) um"", ""Pleiades NEO Deep Blue (0.416 - 0.456) um""]",Ames,TP5,4233,7,1,296.0,450.0,302.0,2891.0,1561.0,289.0,0.8162450066577897,0.2961672473867596,213,0.922077922077922,Ames|4233|7|1,2022-09-11
Satellite/Ames/TP5/Ames-TP5-4233_7_11.TIF,bdeebb5b009152a831588b89e6f278fd1186bf7af5410e29b8d46ab15c531f25:24120:1790427162006278400,,,"[""Pleiades NEO Red (0.618 - 0.689) um"", ""Pleiades NEO Green (0.533 - 0.59) um"", ""Pleiades NEO Blue (0.446 - 0.52) um"", ""Pleiades NEO NIR (0.768 - 0.888) um"", ""Pleiades NEO Red Edge (0.696 - 0.749) um"", ""Pleiades NEO Deep Blue (0.416 - 0.456) um""]",Ames,TP5,4233,7,11,358.0,509.0,335.0,3449.0,1856.0,312.0,0.8202979515828678,0.31522723157704147,211,0.9134199134199135,Ames|4233|7|11,2022-09-11
Satellite/Ames/TP5/Ames-TP5-4233_7_12.TIF,bdeebb5b009152a831588b89e6f278fd1186bf7af5410e29b8d46ab15c531f25:24081:1790427162210308200,,,"[""Pleiades NEO Red (0.618 - 0.689) um"", ""Pleiades NEO Green (0.533 - 0.59) um"", ""Pleiades NEO Blue (0.446 - 0.52) um"", ""Pleiades NEO NIR (0.768 - 0.888) um"", ""Pleiades NEO Red Edge (0.696 - 0.749) um"", ""Pleiades NEO Deep Blue (0.416 - 0.456) um""]",Ames,TP5,4233,7,12,353.5,521.0,340.5,3751.5,1916.0,322.5,0.826879499726966,0.3247579550354241,208,0.859504132231405,Ames|4233|7|12,2022-09-11
Satellite/Ames/TP5/Ames-TP5-4233_7_2.TIF,bdeebb5b009152a831588b89e6f278fd1186bf7af5410e29b8d46ab15c531f25:24188:1790427162011277200,,,"[""Pleiades NEO Red (0.618 - 0.689) um"", ""Pleiades NEO Green (0.533 - 0.59) um"", ""Pleiades NEO Blue (0.446 - 0.52) um"", ""Pleiades NEO NIR (0.768 - 0.888) um"", ""Pleiades NEO Red Edge (0.696 - 0.749) um"", ""Pleiades NEO Deep Blue (0.416 - 0.456) um""]",Ames,TP5,4233,7,2,359.0,565.0,334.0,3443.0,1918.0,310.0,0.8136645962732919,0.283728216173879,207,0.8961038961038961,Ames|4233|7|2,2022-09-11
Satellite/Ames/TP5/Ames-TP5-4233_8_1.TIF,bdeebb5b009152a831588b89e6f278fd1186bf7af5410e29b8d46ab15c531f25:23990:1790427159919956800,,,"[""Pleiades NEO Red (0.618 - 0.689) um"", ""Pleiades NEO Green (0.533 - 0.59) um"", ""Pleiades NEO Blue (0.446 - 0.52) um"", ""Pleiades NEO NIR (0.768 - 0.888) um"", ""Pleiades NEO Red Edge (0.696 - 0.749) um"", ""Pleiades NEO Deep Blue (0.416 - 0.456) um""]",Ames,TP5,4233,8,1,324.0,452.5,321.5,3013.5,1642.0,307.0,0.8089498310379626,0.29578034751601234,200,0.8658008658008658,Ames|4233|8|1,2022-09-11
Satellite/Ames/TP5/Ames-TP5-4233_8_11.TIF,bdeebb5b009152a831588b89e6f278fd1186bf7af5410e29b8d46ab15c531f25:24059:1790427159855441300,,,"[""Pleiades NEO Red (0.618 - 0.689) um"", ""Pleiades NEO Green (0.533 - 0.59) um"", ""Pleiades NEO Blue (0.446 - 0.52) um"", ""Pleiades NEO NIR (0.768 - 0.888) um"", ""Pleiades NEO Red Edge (0.696 - 0.749) um"", ""Pleiades NEO Deep Blue (0.416 - 0.456) um""]",Ames,TP5,4233,8,11,333.0,509.5,338.0,3586.5,1841.5,320.5,0.8305413566224644,0.32225804533919067,208,0.9004329004329005,Ames|4233|8|11,2022-09-11
Satellite/Ames/TP5/Ames-TP5-4233_8_12.TIF,bdeebb5b009152a831588b89e6f278fd1186bf7af5410e29b8d46ab15c531f25:23985:1790427160079988300,,,"[""Pleiades NEO Red (0.618 - 0.689) um"", ""Pleiades NEO Green (0.533 - 0.59) um"", ""Pleiades NEO Blue (0.446 - 0.52) um"", ""Pleiades NEO NIR (0.768 - 0.888) um"", ""Pleiades NEO Red Edge (0.696 - 0.749) um"", ""Pleiades NEO Deep Blue (0.416 - 0.456) um""]",Ames,TP5,4233,8,12,345.5,517.0,338.5,3665.0,1868.5,302.5,0.8281917675098005,0.3291604007377631,200,0.8658008658008658,Ames|4233|8|12,2022-09-11
Satellite/Ames/TP5/Ames-TP5-4233_8_2.TIF,bdeebb5b009152a831588b89e6f278fd1186bf7af5410e29b8d46ab15c531f25:24060:1790427160130126200,,,"[""Pleiades NEO Red (0.618 - 0.689) um"", ""Pleiades NEO Green (0.533 - 0.59) um"", ""Pleiades NEO Blue (0.446 - 0.52) um"", ""Pleiades NEO NIR (0.768 - 0.888) um"", ""Pleiades NEO Red Edge (0.696 - 0.749) um"", ""Pleiades NEO Deep Blue (0.416 - 0.456) um""]",Ames,TP5,4233,8,2,390.0,589.0,344.0,3486.0,2007.0,320.0,0.7967213114754098,0.2705055239370606,203,0.8787878787878788,Ames|4233|8|2,2022-09-11
Satellite/Ames/TP5/Ames-TP5-4233_9_1.TIF,bdeebb5b009152a831588b89e6f278fd1186bf7af5410e29b8d46ab15c531f25:24060:1790427160917823100,,,"[""Pleiades NEO Red (0.618 - 0.689) um"", ""Pleiades NEO Green (0.533 - 0.59) um"", ""Pleiades NEO Blue (0.446 - 0.52) um"", ""Pleiades NEO NIR (0.768 - 0.888) um"", ""Pleiades NEO Red Edge (0.696 - 0.749) um"", ""Pleiades NEO Deep Blue (0.416 - 0.456) um""]",Ames,TP5,4233,9,1,335.0,482.5,312.0,3048.0,1675.0,294.5,0.7994652135680896,0.28983115926237246,200,0.7575757575757576,Ames|4233|9|1,2022-09-11
Satellite/Ames/TP5/Ames-TP5-4233_9_11.TIF,bdeebb5b009152a831588b89e6f278fd1186bf7af5410e29b8d46ab15c531f25:23995:1790427161762220500,,,"[""Pleiades NEO Red (0.618 - 0.689) um"", ""Pleiades NEO Green (0.533 - 0.59) um"", ""Pleiades NEO Blue (0.446 - 0.52) um"", ""Pleiades NEO NIR (0.768 - 0.888) um"", ""Pleiades NEO Red Edge (0.696 - 0.749) um"", ""Pleiades NEO Deep Blue (0.416 - 0.456) um""]",Ames,TP5,4233,9,11,348.0,521.0,337.0,3636.5,1880.0,313.5,0.826393835082547,0.3166715343383423,202,0.8744588744588745,Ames|4233|9|11,2022-09-11
Satellite/Ames/TP5/Ames-TP5-4233_9_12.TIF,bdeebb5b009152a831588b89e6f278fd1186bf7af5410e29b8d46ab15c531f25:24143:1790427161545312800,,,"[""Pleiades NEO Red (0.618 - 0.689) um"", ""Pleiades NEO Green (0.533 - 0.59) um"", ""Pleiades NEO Blue (0.446 - 0.52) um"", ""Pleiades NEO NIR (0.768 - 0.888) um"", ""Pleiades NEO Red Edge (0.696 - 0.749) um"", ""Pleiades NEO Deep Blue (0.416 - 0.456) um""]",Ames,TP5,4233,9,12,331.0,506.0,322.0,3561.0,1813.0,312.0,0.8282397503480308,0.3257085573537285,210,0.8333333333333334,Ames|4233|9|12,2022-09-11
Satellite/Ames/TP5/Ames-TP5-4233_9_2.TIF,bdeebb5b009152a831588b89e6f278fd1186bf7af5410e29b8d46ab15c531f25:24066:1790427160725259500,,,"[""Pleiades NEO Red (0.618 - 0.689) um"", ""Pleiades NEO Green (0.533 - 0.59) um"", ""Pleiades NEO Blue (0.446 - 0.52) um"", ""Pleiades NEO NIR (0.768 - 0.888) um"", ""Pleiades NEO Red Edge (0.696 - 0.749) um"", ""Pleiades NEO Deep Blue (0.416 - 0.456) um""]",Ames,TP5,4233,9,2,431.5,614.0,351.5,3431.5,2036.5,319.5,0.7782670088919603,0.25916758329455747,200,0.7575757575757576,Ames|4233|9|2,2022-09-11
Satellite/Ames/TP6/Ames-TP6-4231_1_2.TIF,bdeebb5b009152a831588b89e6f278fd1186bf7af5410e29b8d46ab15c531f25:24111:1790427163631283800,,,"[""Pleiades NEO Red (0.619 - 0.69) um"", ""Pleiades NEO Green (0.533 - 0.591) um"", ""Pleiades NEO Blue (0.446 - 0.52) um"", ""Pleiades NEO NIR (0.768 - 0.888) um"", ""Pleiades NEO Red Edge (0.697 - 0.75) um"", ""Pleiades NEO Deep Blue (0.416 - 0.457) um""]",Ames,TP6,4231,1,2,485.0,546.5,436.5,2254.0,1441.0,453.0,0.6375362945283356,0.195916416304331,200,0.8264462809917356,Ames|4231|1|2,2022-09-24
Satellite/Ames/TP6/Ames-TP6-4231_1_3.TIF,bdeebb5b009152a831588b89e6f278fd1186bf7af5410e29b8d46ab15c531f25:24492:1790427163783801100,,,"[""Pleiades NEO Red (0.619 - 0.69) um"", ""Pleiades NEO Green (0.533 - 0.591) um"", ""Pleiades NEO Blue (0.446 - 0.52) um"", ""Pleiades NEO NIR (0.768 - 0.888) um"", ""Pleiades NEO Red Edge (0.697 - 0.75) um"", ""Pleiades NEO Deep Blue (0.416 - 0.457) um""]",Ames,TP6,4231,1,3,463.0,589.0,424.0,2292.0,1470.0,434.0,0.6536994660564455,0.20494567253653054,207,0.8553719008264463,Ames|4231|1|3,2022-09-24
Satellite/Ames/TP6/Ames-TP6-4231_1_4.TIF,bdeebb5b009152a831588b89e6f278fd1186bf7af5410e29b8d46ab15c531f25:24257:1790427163158703300,,,"[""Pleiades NEO Red (0.619 - 0.69) um"", ""Pleiades NEO Green (0.533 - 0.591) um"", ""Pleiades NEO Blue (0.446 - 0.52) um"", ""Pleiades NEO NIR (0.768 - 0.888) um"", ""Pleiades NEO Red Edge (0.697 - 0.75) um"", ""Pleiades NEO Deep Blue (0.416 - 0.457) um""]",Ames,TP6,4231,1,4,438.0,571.0,419.0,2928.0,1708.0,422.0,0.7390191897654584,0.25758952917651334,213,0.922077922077922,Ames|4231|1|4,2022-09-24
Satellite/Ames/TP6/Ames-TP6-4231_1_5.TIF,bdeebb5b009152a831588b89e6f278fd1186bf7af5410e29b8d46ab15c531f25:24172:1790427163344733800,,,"[""Pleiades NEO Red (0.619 - 0.69) um"", ""Pleiades NEO Green (0.533 - 0.591) um"", ""Pleiades NEO Blue (0.446 - 0.52) um"", ""Pleiades NEO NIR (0.768 - 0.888) um"", ""Pleiades NEO Red Edge (0.697 - 0.75) um"", ""Pleiades NEO Deep Blue (0.416 - 0.457) um""]",Ames,TP6,4231,1,5,401.5,548.0,386.0,3056.5,1713.0,401.0,0.7670213922111977,0.2764485992934269,206,0.8917748917748918,Ames|4231|1|5,2022-09-24
Satellite/Ames/TP6/Ames-TP6-4231_1_6.TIF,bdeebb5b009152a831588b89e6f278fd1186bf7af5410e29b8d46ab15c531f25:24221:1790427163561768700,,,"[""Pleiades NEO Red (0.619 - 0.69) um"", ""Pleiades NEO Green (0.533 - 0.591) um"", ""Pleiades NEO Blue (0.446 - 0.52) um"", ""Pleiades NEO NIR (0.768 - 0.888) um"", ""Pleiades NEO Red Edge (0.697 - 0.75) um"", ""Pleiades NEO Deep Blue (0.416 - 0.457) um""]",Ames,TP6,4231,1,6,393.0,508.5,379.5,2794.5,1586.5,397.0,0.7556656917419804,0.2731346458075601,206,0.8174603174603174,Ames|4231|1|6,2022-09-24
Satellite/Ames/TP6/Ames-TP6-4231_1_7.TIF,bdeebb5b009152a831588b89e6f278fd1186bf7af5410e29b8d46ab15c531f25:24062:1790427163409251300,,,"[""Pleiades NEO Red (0.619 - 0.69) um"", ""Pleiades NEO Green (0.533 - 0.591) um"", ""Pleiades NEO Blue (0.446 - 0.52) um"", ""Pleiades NEO NIR (0.768 - 0.888) um"", ""Pleiades NEO Red Edge (0.697 - 0.75) um"", ""Pleiades NEO Deep Blue (0.416 - 0.457) um""]",Ames,TP6,4231,1,7,420.0,532.5,389.5,2579.0,1534.0,411.0,0.7114777297115713,0.25800653116213684,200,0.7936507936507936,Ames|4231|1|7,2022-09-24
Satellite/Ames/TP6/Ames-TP6-4232_1_17.TIF,bdeebb5b009152a831588b89e6f278fd1186bf7af5410e29b8d46ab15c531f25:24282:1790427166452546800,,,"[""Pleiades NEO Red (0.619 - 0.69) um"", ""Pleiades NEO Green (0.533 - 0.591) um"", ""Pleiades NEO Blue (0.446 - 0.52) um"", ""Pleiades NEO NIR (0.768 - 0.888) um"", ""Pleiades NEO Red Edge (0.697 - 0.75) um"", ""Pleiades NEO Deep Blue (0.416 - 0.457) um""]",Ames,TP6,4232,1,17,437.0,554.0,401.5,2851.0,1656.5,409.0,0.7329212769461673,0.25937563695658505,210,0.9090909090909091,Ames|4232|1|17,2022-09-24
Satellite/Ames/TP6/Ames-TP6-4232_1_18.TIF,bdeebb5b009152a831588b89e6f278fd1186bf7af5410e29b8d46ab15c531f25:24266:1790427163206218000,,,"[""Pleiades NEO Red (0.619 - 0.69) um"", ""Pleiades NEO Green (0.533 - 0.591) um"", ""Pleiades NEO Blue (0.446 - 0.52) um"", ""Pleiades NEO NIR (0.768 - 0.888) um"", ""Pleiades NEO Red Edge (0.697 - 0.75) um"", ""Pleiades NEO Deep Blue (0.416 - 0.457) um""]",Ames,TP6,4232,1,18,446.0,573.5,418.5,2841.5,1640.0,430.0,0.7296220855726393,0.2635739571229899,210,0.8333333333333334,Ames|4232|1|18,2022-09-24
Satellite/Ames/TP6/Ames-TP6-4232_1_19.TIF,bdeebb5b009152a831588b89e6f278fd1186bf7af5410e29b8d46ab15c531f25:24289:1790427163305733400,,,"[""Pleiades NEO Red (0.619 - 0.69) um"", ""Pleiades NEO Green (0.533 - 0.591) um"", ""Pleiades NEO Blue (0.446 - 0.52) um"", ""Pleiades NEO NIR (0.768 - 0.888) um"", ""Pleiades NEO Red Edge (0.697 - 0.75) um"", ""Pleiades NEO Deep Blue (0.416 - 0.457) um""]",Ames,TP6,4232,1,19,419.5,547.0,403.0,2805.0,1595.0,412.0,0.7426006302604438,0.26789130736427635,210,0.8333333333333334,Ames|4232|1|19,2022-09-24
Satellite/Ames/TP6/Ames-TP6-4232_1_20.TIF,bdeebb5b009152a831588b89e6f278fd1186bf7af5410e29b8d46ab15c531f25:24153:1790427163963831600,,,"[""Pleiades NEO Red (0.619 - 0.69) um"", ""Pleiades NEO Green (0.533 - 0.591) um"", ""Pleiades NEO Blue (0.446 - 0.52) um"", ""Pleiades NEO NIR (0.768 - 0.888) um"", ""Pleiades NEO Red Edge (0.697 - 0.75) um"", ""Pleiades NEO Deep Blue (0.416 - 0.457) um""]",Ames,TP6,4232,1,20,439.5,573.5,403.5,3123.5,1788.0,416.5,0.7466512856770737,0.27122796221005363,200,0.8658008658008658,Ames|4232|1|20,2022-09-24
Satellite/Ames/TP6/Ames-TP6-4232_1_21.TIF,bdeebb5b009152a831588b89e6f278fd1186bf7af5410e29b8d46ab15c531f25:24201:1790427163881310900,,,"[""Pleiades NEO Red (0.619 - 0.69) um"", ""Pleiades NEO Green (0.533 - 0.591) um"", ""Pleiades NEO Blue (0.446 - 0.52) um"", ""Pleiades NEO NIR (0.768 - 0.888) um"", ""Pleiades NEO Red Edge (0.697 - 0.75) um"", ""Pleiades NEO Deep Blue (0.416 - 0.457) um""]",Ames,TP6,4232,1,21,478.0,636.0,422.0,3180.0,1924.0,417.0,0.7376077586206896,0.24709527498063516,203,0.8787878787878788,Ames|4232|1|21,2022-09-24
Satellite/Ames/TP6/Ames-TP6-4232_1_22.TIF,bdeebb5b009152a831588b89e6f278fd1186bf7af5410e29b8d46ab15c531f25:24398:1790427163676284100,,,"[""Pleiades NEO Red (0.619 - 0.69) um"", ""Pleiades NEO Green (0.533 - 0.591) um"", ""Pleiades NEO Blue (0.446 - 0.52) um"", ""Pleiades NEO NIR (0.768 - 0.888) um"", ""Pleiades NEO Red Edge (0.697 - 0.75) um"", ""Pleiades NEO Deep Blue (0.416 - 0.457) um""]",Ames,TP6,4232,1,22,501.0,645.0,423.0,2849.0,1826.0,428.0,0.7049504950495049,0.22091140411751098,217,0.9393939393939394,Ames|4232|1|22,2022-09-24
Satellite/Ames/TP6/Ames-TP6-4233_10_1.TIF,bdeebb5b009152a831588b89e6f278fd1186bf7af5410e29b8d46ab15c531f25:24124:1790427165620891500,,,"[""Pleiades NEO Red (0.619 - 0.69) um"", ""Pleiades NEO Green (0.533 - 0.591) um"", ""Pleiades NEO Blue (0.446 - 0.52) um"", ""Pleiades NEO NIR (0.768 - 0.888) um"", ""Pleiades NEO Red Edge (0.697 - 0.75) um"", ""Pleiades NEO Deep Blue (0.416 - 0.457) um""]",Ames,TP6,4233,10,1,518.0,629.5,437.5,2681.5,1765.5,443.0,0.6651932939974823,0.2095906147394751,200,0.7936507936507936,Ames|4233|10|1,2022-09-24
Satellite/Ames/TP6/Ames-TP6-4233_10_11.TIF,bdeebb5b009152a831588b89e6f278fd1186bf7af5410e29b8d46ab15c531f25:24084:1790427163334733300,,,"[""Pleiades NEO Red (0.619 - 0.69) um"", ""Pleiades NEO Green (0.533 - 0.591) um"", ""Pleiades NEO Blue (0.446 - 0.52) um"", ""Pleiades NEO NIR (0.768 - 0.888) um"", ""Pleiades NEO Red Edge (0.697 - 0.75) um"", ""Pleiades NEO Deep Blue (0.416 - 0.457) um""]",Ames,TP6,4233,10,11,524.0,599.0,427.0,2669.0,1694.0,409.5,0.6718417920896045,0.22025722323237035,200,0.7575757575757576,Ames|4233|10|11,2022-09-24
Satellite/Ames/TP6/Ames-TP6-4233_10_12.TIF,bdeebb5b009152a831588b89e6f278fd1186bf7af5410e29b8d46ab15c531f25:24042:1790427163551768500,,,"[""Pleiades NEO Red (0.619 - 0.69) um"", ""Pleiades NEO Green (0.533 - 0.591) um"", ""Pleiades NEO Blue (0.446 - 0.52) um"", ""Pleiades NEO NIR (0.768 - 0.888) um"", ""Pleiades NEO Red Edge (0.697 - 0.75) um"", ""Pleiades NEO Deep Blue (0.416 - 0.457) um""]",Ames,TP6,4233,10,12,482.5,579.5,394.5,2786.0,1732.5,410.0,0.7052437706828643,0.23343201593350388,200,0.7936507936507936,Ames|4233|10|12,2022-09-24
Satellite/Ames/TP6/Ames-TP6-4233_10_2.TIF,bdeebb5b009152a831588b89e6f278fd1186bf7af5410e29b8d46ab15c531f25:24149:1790427165440354200,,,"[""Pleiades NEO Red (0.619 - 0.69) um"", ""Pleiades NEO Green (0.533 - 0.591) um"", ""Pleiades NEO Blue (0.446 - 0.52) um"", ""Pleiades NEO NIR (0.768 - 0.888) um"", ""Pleiades NEO Red Edge (0.697 - 0.75) um"", ""Pleiades NEO Deep Blue (0.416 - 0.457) um""]",Ames,TP6,4233,10,2,642.5,695.0,460.5,2706.5,1863.5,442.0,0.6235767864192656,0.18746804134447656,200,0.8264462809917356,Ames|4233|10|2,2022-09-24
Satellite/Ames/TP6/Ames-TP6-4233_11_1.TIF,bdeebb5b009152a831588b89e6f278fd1186bf7af5410e29b8d46ab15c531f25:24296:1790427166355036700,,,"[""Pleiades NEO Red (0.619 - 0.69) um"", ""Pleiades NEO Green (0.533 - 0.591) um"", ""Pleiades NEO Blue (0.446 - 0.52) um"", ""Pleiades NEO NIR (0.768 - 0.888) um"", ""Pleiades NEO Red Edge (0.697 - 0.75) um"", ""Pleiades NEO Deep Blue (0.416 - 0.457) um""]",Ames,TP6,4233,11,1,475.0,607.0,399.0,2692.0,1725.0,408.0,0.6932952924393724,0.22068658047258136,209,0.9047619047619048,Ames|4233|11|1,2022-09-24
Satellite/Ames/TP6/Ames-TP6-4233_11_11.TIF,bdeebb5b009152a831588b89e6f278fd1186bf7af5410e29b8d46ab15c531f25:24099:1790427165258327500,,,"[""Pleiades NEO Red (0.619 - 0.69) um"", ""Pleiades NEO Green (0.533 - 0.591) um"", ""Pleiades NEO Blue (0.446 - 0.52) um"", ""Pleiades NEO NIR (0.768 - 0.888) um"", ""Pleiades NEO Red Edge (0.697 - 0.75) um"", ""Pleiades NEO Deep Blue (0.416 - 0.457) um""]",Ames,TP6,4233,11,11,514.0,591.0,413.5,2716.5,1734.0,406.5,0.6806440201101132,0.2217344260907292,200,0.7575757575757576,Ames|4233|11|11,2022-09-24
Satellite/Ames/TP6/Ames-TP6-4233_11_12.TIF,bdeebb5b009152a831588b89e6f278fd1186bf7af5410e29b8d46ab15c531f25:24068:1790427165052296100,,,"[""Pleiades NEO Red (0.619 - 0.69) um"", ""Pleiades NEO Green (0.533 - 0.591) um"", ""Pleiades NEO Blue (0.446 - 0.52) um"", ""Pleiades NEO NIR (0.768 - 0.888) um"", ""Pleiades NEO Red Edge (0.697 - 0.75) um"", ""Pleiades NEO Deep Blue (0.416 - 0.457) um""]",Ames,TP6,4233,11,12,486.0,578.0,403.0,2807.0,1746.0,406.5,0.7076285944480657,0.23278418010909763,200,0.8264462809917356,Ames|4233|11|12,2022-09-24
Satellite/Ames/TP6/Ames-TP6-4233_11_2.TIF,bdeebb5b009152a831588b89e6f278fd1186bf7af5410e29b8d46ab15c531f25:24165:1790427166787609300,,,"[""Pleiades NEO Red (0.619 - 0.69) um"", ""Pleiades NEO Green (0.533 - 0.591) um"", ""Pleiades NEO Blue (0.446 - 0.52) um"", ""Pleiades NEO NIR (0.768 - 0.888) um"", ""Pleiades NEO Red Edge (0.697 - 0.75) um"", ""Pleiades NEO Deep Blue (0.416 - 0.457) um""]",Ames,TP6,4233,11,2,571.0,672.5,421.0,2817.0,1904.0,424.0,0.6599316870505774,0.19703388188891896,200,0.8658008658008658,Ames|4233|11|2,2022-09-24
Satellite/Ames/TP6/Ames-TP6-4233_12_1.TIF,bdeebb5b009152a831588b89e6f278fd1186bf7af5410e29b8d46ab15c531f25:24286:1790427165481354200,,,"[""Pleiades NEO Red (0.619 - 0.69) um"", ""Pleiades NEO Green (0.533 - 0.591) um"", ""Pleiades NEO Blue (0.446 - 0.52) um"", ""Pleiades NEO NIR (0.768 - 0.888) um"", ""Pleiades NEO Red Edge (0.697 - 0.75) um"", ""Pleiades NEO Deep Blue (0.416 - 0.457) um""]",Ames,TP6,4233,12,1,436.0,579.0,394.0,2903.5,1778.0,402.0,0.7329594124174761,0.2441479649340372,208,0.9004329004329005,Ames|4233|12|1,2022-09-24
Satellite/Ames/TP6/Ames-TP6-4233_12_11.TIF,bdeebb5b009152a831588b89e6f278fd1186bf7af5410e29b8d46ab15c531f25:24157:1790427163983838000,,,"[""Pleiades NEO Red (0.619 - 0.69) um"", ""Pleiades NEO Green (0.533 - 0.591) um"", ""Pleiades NEO Blue (0.446 - 0.52) um"", ""Pleiades NEO NIR (0.768 - 0.888) um"", ""Pleiades NEO Red Edge (0.697 - 0.75) um"", ""Pleiades NEO Deep Blue (0.416 - 0.457) um""]",Ames,TP6,4233,12,11,502.0,586.0,413.5,2601.5,1639.0,410.0,0.6711594752044134,0.22236283450911293,202,0.8744588744588745,Ames|4233|12|11,2022-09-24
Satellite/Ames/TP6/Ames-TP6-4233_12_12.TIF,bdeebb5b009152a831588b89e6f278fd1186bf7af5410e29b8d46ab15c531f25:24059:1790427163769795300,,,"[""Pleiades NEO Red (0.619 - 0.69) um"", ""Pleiades NEO Green (0.533 - 0.591) um"", ""Pleiades NEO Blue (0.446 - 0.52) um"", ""Pleiades NEO NIR (0.768 - 0.888) um"", ""Pleiades NEO Red Edge (0.697 - 0.75) um"", ""Pleiades NEO Deep Blue (0.416 - 0.457) um""]",Ames,TP6,4233,12,12,501.5,597.0,408.0,2785.0,1776.5,417.0,0.6930915481347142,0.22244756592273565,200,0.8658008658008658,Ames|4233|12|12,2022-09-24
Satellite/Ames/TP6/Ames-TP6-4233_12_2.TIF,bdeebb5b009152a831588b89e6f278fd1186bf7af5410e29b8d46ab15c531f25:24421:1790427165656891600,,,"[""Pleiades NEO Red (0.619 - 0.69) um"", ""Pleiades NEO Green (0.533 - 0.591) um"", ""Pleiades NEO Blue (0.446 - 0.52) um"", ""Pleiades NEO NIR (0.768 - 0.888) um"", ""Pleiades NEO Red Edge (0.697 - 0.75) um"", ""Pleiades NEO Deep Blue (0.416 - 0.457) um""]",Ames,TP6,4233,12,2,543.5,671.5,432.0,2938.5,1913.5,422.5,0.6908652643457742,0.21327580685492184,220,0.9523809523809523,Ames|4233|12|2,2022-09-24
Satellite/Ames/TP6/Ames-TP6-4233_13_1.TIF,bdeebb5b009152a831588b89e6f278fd1186bf7af5410e29b8d46ab15c531f25:24234:1790427167059253600,,,"[""Pleiades NEO Red (0.619 - 0.69) um"", ""Pleiades NEO Green (0.533 - 0.591) um"", ""Pleiades NEO Blue (0.446 - 0.52) um"", ""Pleiades NEO NIR (0.768 - 0.888) um"", ""Pleiades NEO Red Edge (0.697 - 0.75) um"", ""Pleiades NEO Deep Blue (0.416 - 0.457) um""]",Ames,TP6,4233,13,1,487.5,628.0,418.0,2962.5,1790.0,433.0,0.7193232995586967,0.2481975608112661,204,0.8429752066115702,Ames|4233|13|1,2022-09-24
Satellite/Ames/TP6/Ames-TP6-4233_13_11.TIF,bdeebb5b009152a831588b89e6f278fd1186bf7af5410e29b8d46ab15c531f25:24382:1790427165372839500,,,"[""Pleiades NEO Red (0.619 - 0.69) um"", ""Pleiades NEO Green (0.533 - 0.591) um"", ""Pleiades NEO Blue (0.446 - 0.52) um"", ""Pleiades NEO NIR (0.768 - 0.888) um"", ""Pleiades NEO Red Edge (0.697 - 0.75) um"", ""Pleiades NEO Deep Blue (0.416 - 0.457) um""]",Ames,TP6,4233,13,11,509.5,596.0,413.0,2518.5,1588.5,420.0,0.6660265120204407,0.22639854100625864,216,0.935064935064935,Ames|4233|13|11,2022-09-24
Satellite/Ames/TP6/Ames-TP6-4233_13_12.TIF,bdeebb5b009152a831588b89e6f278fd1186bf7af5410e29b8d46ab15c531f25:24362:1790427165543384100,,,"[""Pleiades NEO Red (0.619 - 0.69) um"", ""Pleiades NEO Green (0.533 - 0.591) um"", ""Pleiades NEO Blue (0.446 - 0.52) um"", ""Pleiades NEO NIR (0.768 - 0.888) um"", ""Pleiades NEO Red Edge (0.697 - 0.75) um"", ""Pleiades NEO Deep Blue (0.416 - 0.457) um""]",Ames,TP6,4233,13,12,512.0,610.0,431.0,2877.0,1804.0,419.0,0.7064788732394366,0.22825024437927663,219,0.948051948051948,Ames|4233|13|12,2022-09-24
Satellite/Ames/TP6/Ames-TP6-4233_13_2.TIF,bdeebb5b009152a831588b89e6f278fd1186bf7af5410e29b8d46ab15c531f25:24142:1790427166685091900,,,"[""Pleiades NEO Red (0.619 - 0.69) um"", ""Pleiades NEO Green (0.533 - 0.591) um"", ""Pleiades NEO Blue (0.446 - 0.52) um"", ""Pleiades NEO NIR (0.768 - 0.888) um"", ""Pleiades NEO Red Edge (0.697 - 0.75) um"", ""Pleiades NEO Deep Blue (0.416 - 0.457) um""]",Ames,TP6,4233,13,2,546.0,660.5,430.5,2892.0,1893.5,420.0,0.6943881943809794,0.20809984388591574,200,0.8658008658008658,Ames|4233|13|2,2022-09-24
Satellite/Ames/TP6/Ames-TP6-4233_14_1.TIF,bdeebb5b009152a831588b89e6f278fd1186bf7af5410e29b8d46ab15c531f25:24132:1790427165152811700,,,"[""Pleiades NEO Red (0.619 - 0.69) um"", ""Pleiades NEO Green (0.533 - 0.591) um"", ""Pleiades NEO Blue (0.446 - 0.52) um"", ""Pleiades NEO NIR (0.768 - 0.888) um"", ""Pleiades NEO Red Edge (0.697 - 0.75) um"", ""Pleiades NEO Deep Blue (0.416 - 0.457) um""]",Ames,TP6,4233,14,1,491.0,609.0,429.5,2867.0,1760.5,425.0,0.7195557202901889,0.24645850915234518,200,0.8264462809917356,Ames|4233|14|1,2022-09-24
Satellite/Ames/TP6/Ames-TP6-4233_14_11.TIF,bdeebb5b009152a831588b89e6f278fd1186bf7af5410e29b8d46ab15c531f25:24210:1790427164518180200,,,"[""Pleiades NEO Red (0.619 - 0.69) um"", ""Pleiades NEO Green (0.533 - 0.591) um"", ""Pleiades NEO Blue (0.446 - 0.52) um"", ""Pleiades NEO NIR (0.768 - 0.888) um"", ""Pleiades NEO Red Edge (0.697 - 0.75) um"", ""Pleiades NEO Deep Blue (0.416 - 0.457) um""]",Ames,TP6,4233,14,11,511.0,606.0,419.0,2594.0,1681.0,421.0,0.672645739910314,0.2141109298531811,203,0.8787878787878788,Ames|4233|14|11,2022-09-24
Satellite/Ames/TP6/Ames-TP6-4233_14_12.TIF,bdeebb5b009152a831588b89e6f278fd1186bf7af5410e29b8d46ab15c531f25:24170:1790427164748212800,,,"[""Pleiades NEO Red (0.619 - 0.69) um"", ""Pleiades NEO Green (0.533 - 0.591) um"", ""Pleiades NEO Blue (0.446 - 0.52) um"", ""Pleiades NEO NIR (0.768 - 0.888) um"", ""Pleiades NEO Red Edge (0.697 - 0.75) um"", ""Pleiades NEO Deep Blue (0.416 - 0.457) um""]",Ames,TP6,4233,14,12,488.0,601.5,398.0,2891.0,1833.0,411.5,0.7136092673233839,0.2284744244725902,202,0.8744588744588745,Ames|4233|14|12,2022-09-24
Satellite/Ames/TP6/Ames-TP6-4233_14_2.TIF,bdeebb5b009152a831588b89e6f278fd1186bf7af5410e29b8d46ab15c531f25:24125:1790427165330840800,,,"[""Pleiades NEO Red (0.619 - 0.69) um"", ""Pleiades NEO Green (0.533 - 0.591) um"", ""Pleiades NEO Blue (0.446 - 0.52) um"", ""Pleiades NEO NIR (0.768 - 0.888) um"", ""Pleiades NEO Red Edge (0.697 - 0.75) um"", ""Pleiades NEO Deep Blue (0.416 - 0.457) um""]",Ames,TP6,4233,14,2,572.5,668.5,441.5,2640.0,1790.0,443.0,0.6559847681167337,0.19348160681649604,200,0.8264462809917356,Ames|4233|14|2,2022-09-24
Satellite/Ames/TP6/Ames-TP6-4233_15_1.TIF,bdeebb5b009152a831588b89e6f278fd1186bf7af5410e29b8d46ab15c531f25:24119:1790427166227953800,,,"[""Pleiades NEO Red (0.619 - 0.69) um"", ""Pleiades NEO Green (0.533 - 0.591) um"", ""Pleiades NEO Blue (0.446 - 0.52) um"", ""Pleiades NEO NIR (0.768 - 0.888) um"", ""Pleiades NEO Red Edge (0.697 - 0.75) um"", ""Pleiades NEO Deep Blue (0.416 - 0.457) um""]",Ames,TP6,4233,15,1,465.0,610.5,424.0,2739.0,1706.5,426.5,0.7046527292808923,0.23282037665797656,200,0.7936507936507936,Ames|4233|15|1,2022-09-24
Satellite/Ames/TP6/Ames-TP6-4233_15_11.TIF,bdeebb5b009152a831588b89e6f278fd1186bf7af5410e29b8d46ab15c531f25:24140:1790427167035251700,,,"[""Pleiades NEO Red (0.619 - 0.69) um"", ""Pleiades NEO Green (0.533 - 0.591) um"", ""Pleiades NEO Blue (0.446 - 0.52) um"", ""Pleiades NEO NIR (0.768 - 0.888) um"", ""Pleiades NEO Red Edge (0.697 - 0.75) um"", ""Pleiades NEO Deep Blue (0.416 - 0.457) um""]",Ames,TP6,4233,15,11,515.5,622.5,412.0,2507.5,1681.5,404.5,0.6605655311346035,0.19854619728463296,200,0.8264462809917356,Ames|4233|15|11,2022-09-24
Satellite/Ames/TP6/Ames-TP6-4233_15_12.TIF,bdeebb5b009152a831588b89e6f278fd1186bf7af5410e29b8d46ab15c531f25:24155:1790427166656088100,,,"[""Pleiades NEO Red (0.619 - 0.69) um"", ""Pleiades NEO Green (0.533 - 0.591) um"", ""Pleiades NEO Blue (0.446 - 0.52) um"", ""Pleiades NEO NIR (0.768 - 0.888) um"", ""Pleiades NEO Red Edge (0.697 - 0.75) um"", ""Pleiades NEO Deep Blue (0.416 - 0.457) um""]",Ames,TP6,4233,15,12,554.0,701.0,437.5,3080.0,2016.5,430.0,0.6973961061555604,0.20721228155213367,200,0.8264462809917356,Ames|4233|15|12,2022-09-24
Satellite/Ames/TP6/Ames-TP6-4233_15_2.TIF,bdeebb5b009152a831588b89e6f278fd1186bf7af5410e29b8d46ab15c531f25:24104:1790427165871906000,,,"[""Pleiades NEO Red (0.619 - 0.69) um"", ""Pleiades NEO Green (0.533 - 0.591) um"", ""Pleiades NEO Blue (0.446 - 0.52) um"", ""Pleiades NEO NIR (0.768 - 0.888) um"", ""Pleiades NEO Red Edge (0.697 - 0.75) um"", ""Pleiades NEO Deep Blue (0.416 - 0.457) um""]",Ames,TP6,4233,15,2,553.0,660.5,434.0,2707.0,1825.0,419.5,0.6638861763678854,0.2000326663686642,200,0.7936507936507936,Ames|4233|15|2,2022-09-24
Satellite/Ames/TP6/Ames-TP6-4233_16_1.TIF,bdeebb5b009152a831588b89e6f278fd1186bf7af5410e29b8d46ab15c531f25:24237:1790427165200327100,,,"[""Pleiades NEO Red (0.619 - 0.69) um"", ""Pleiades NEO Green (0.533 - 0.591) um"", ""Pleiades NEO Blue (0.446 - 0.52) um"", ""Pleiades NEO NIR (0.768 - 0.888) um"", ""Pleiades NEO Red Edge (0.697 - 0.75) um"", ""Pleiades NEO Deep Blue (0.416 - 0.457) um""]",Ames,TP6,4233,16,1,462.5,621.0,415.5,2692.0,1712.5,420.0,0.7035639671313296,0.22111092439247226,210,0.8333333333333334,Ames|4233|16|1,2022-09-24
Satellite/Ames/TP6/Ames-TP6-4233_16_11.TIF,bdeebb5b009152a831588b89e6f278fd1186bf7af5410e29b8d46ab15c531f25:24158:1790427164364150400,,,"[""Pleiades NEO Red (0.619 - 0.69) um"", ""Pleiades NEO Green (0.533 - 0.591) um"", ""Pleiades NEO Blue (0.446 - 0.52) um"", ""Pleiades NEO NIR (0.768 - 0.888) um"", ""Pleiades NEO Red Edge (0.697 - 0.75) um"", ""Pleiades NEO Deep Blue (0.416 - 0.457) um""]",Ames,TP6,4233,16,11,562.5,667.5,433.5,2530.0,1735.0,418.5,0.6404594794890797,0.18315686990385788,200,0.7936507936507936,Ames|4233|16|11,2022-09-24
Satellite/Ames/TP6/Ames-TP6-4233_16_12.TIF,bdeebb5b009152a831588b89e6f278fd1186bf7af5410e29b8d46ab15c531f25:24129:1790427164113375400,,,"[""Pleiades NEO Red (0.619 - 0.69) um"", ""Pleiades NEO Green (0.533 - 0.591) um"", ""Pleiades NEO Blue (0.446 - 0.52) um"", ""Pleiades NEO NIR (0.768 - 0.888) um"", ""Pleiades NEO Red Edge (0.697 - 0.75) um"", ""Pleiades NEO Deep Blue (0.416 - 0.457) um""]",Ames,TP6,4233,16,12,565.5,705.0,440.5,2988.5,2000.5,402.5,0.6825376603933191,0.1976851413142661,200,0.7575757575757576,Ames|4233|16|12,2022-09-24
Satellite/Ames/TP6/Ames-TP6-4233_16_2.TIF,bdeebb5b009152a831588b89e6f278fd1186bf7af5410e29b8d46ab15c531f25:24278:1790427164996762500,,,"[""Pleiades NEO Red (0.619 - 0.69) um"", ""Pleiades NEO Green (0.533 - 0.591) um"", ""Pleiades NEO Blue (0.446 - 0.52) um"", ""Pleiades NEO NIR (0.768 - 0.888) um"", ""Pleiades NEO Red Edge (0.697 - 0.75) um"", ""Pleiades NEO Deep Blue (0.416 - 0.457) um""]",Ames,TP6,4233,16,2,493.0,665.0,415.0,2658.0,1821.0,399.0,0.6838770985112449,0.1884294153595437,207,0.8961038961038961,Ames|4233|16|2,2022-09-24
Satellite/Ames/TP6/Ames-TP6-4233_17_1.TIF,bdeebb5b009152a831588b89e6f278fd1186bf7af5410e29b8d46ab15c531f25:24179:1790427165831905600,,,"[""Pleiades NEO Red (0.619 - 0.69) um"", ""Pleiades NEO Green (0.533 - 0.591) um"", ""Pleiades NEO Blue (0.446 - 0.52) um"", ""Pleiades NEO NIR (0.768 - 0.888) um"", ""Pleiades NEO Red Edge (0.697 - 0.75) um"", ""Pleiades NEO Deep Blue (0.416 - 0.457) um""]",Ames,TP6,4233,17,1,447.0,640.5,406.5,2700.0,1753.0,431.0,0.6973049428494973,0.2146275621089599,200,0.8658008658008658,Ames|4233|17|1,2022-09-24
Satellite/Ames/TP6/Ames-TP6-4233_17_11.TIF,bdeebb5b009152a831588b89e6f278fd1186bf7af5410e29b8d46ab15c531f25:24295:1790427165906414900,,,"[""Pleiades NEO Red (0.619 - 0.69) um"", ""Pleiades NEO Green (0.533 - 0.591) um"", ""Pleiades NEO Blue (0.446 - 0.52) um"", ""Pleiades NEO NIR (0.768 - 0.888) um"", ""Pleiades NEO Red Edge (0.697 - 0.75) um"", ""Pleiades NEO Deep Blue (0.416 - 0.457) um""]",Ames,TP6,4233,17,11,524.0,640.0,398.5,2550.5,1737.0,407.5,0.6416791939061293,0.19059948604523314,210,0.8333333333333334,Ames|4233|17|11,2022-09-24
Satellite/Ames/TP6/Ames-TP6-4233_17_12.TIF,bdeebb5b009152a831588b89e6f278fd1186bf7af5410e29b8d46ab15c531f25:24226:1790427166277953700,,,"[""Pleiades NEO Red (0.619 - 0.69) um"", ""Pleiades NEO Green (0.533 - 0.591) um"", ""Pleiades NEO Blue (0.446 - 0.52) um"", ""Pleiades NEO NIR (0.768 - 0.888) um"", ""Pleiades NEO Red Edge (0.697 - 0.75) um"", ""Pleiades NEO Deep Blue (0.416 - 0.457) um""]",Ames,TP6,4233,17,12,565.0,694.5,437.0,2947.0,1955.5,429.0,0.6793388500880013,0.20110597096519944,202,0.8744588744588745,Ames|4233|17|12,2022-09-24
Satellite/Ames/TP6/Ames-TP6-4233_17_2.TIF,bdeebb5b009152a831588b89e6f278fd1186bf7af5410e29b8d46ab15c531f25:24255:1790427166160678000,,,"[""Pleiades NEO Red (0.619 - 0.69) um"", ""Pleiades NEO Green (0.533 - 0.591) um"", ""Pleiades NEO Blue (0.446 - 0.52) um"", ""Pleiades NEO NIR (0.768 - 0.888) um"", ""Pleiades NEO Red Edge (0.697 - 0.75) um"", ""Pleiades NEO Deep Blue (0.416 - 0.457) um""]",Ames,TP6,4233,17,2,558.0,710.0,441.0,2898.0,1957.0,431.0,0.680038666022233,0.192777482740308,203,0.8787878787878788,Ames|4233|17|2,2022-09-24
Satellite/Ames/TP6/Ames-TP6-4233_18_1.TIF,bdeebb5b009152a831588b89e6f278fd1186bf7af5410e29b8d46ab15c531f25:24301:1790427164753214300,,,"[""Pleiades NEO Red (0.619 - 0.69) um"", ""Pleiades NEO Green (0.533 - 0.591) um"", ""Pleiades NEO Blue (0.446 - 0.52) um"", ""Pleiades NEO NIR (0.768 - 0.888) um"", ""Pleiades NEO Red Edge (0.697 - 0.75) um"", ""Pleiades NEO Deep Blue (0.416 - 0.457) um""]",Ames,TP6,4233,18,1,441.5,607.5,391.5,2696.0,1702.0,410.5,0.718132976182128,0.2257945920172017,206,0.8512396694214877,Ames|4233|18|1,2022-09-24
Satellite/Ames/TP6/Ames-TP6-4233_18_11.TIF,bdeebb5b009152a831588b89e6f278fd1186bf7af5410e29b8d46ab15c531f25:24140:1790427164595184600,,,"[""Pleiades NEO Red (0.619 - 0.69) um"", ""Pleiades NEO Green (0.533 - 0.591) um"", ""Pleiades NEO Blue (0.446 - 0.52) um"", ""Pleiades NEO NIR (0.768 - 0.888) um"", ""Pleiades NEO Red Edge (0.697 - 0.75) um"", ""Pleiades NEO Deep Blue (0.416 - 0.457) um""]",Ames,TP6,4233,18,11,492.0,630.0,411.5,2634.5,1738.0,404.0,0.6826523220782641,0.20269995915571426,200,0.8658008658008658,Ames|4233|18|11,2022-09-24
Satellite/Ames/TP6/Ames-TP6-4233_18_12.TIF,bdeebb5b009152a831588b89e6f278fd1186bf7af5410e29b8d46ab15c531f25:24290:1790427164837726300,,,"[""Pleiades NEO Red (0.619 - 0.69) um"", ""Pleiades NEO Green (0.533 - 0.591) um"", ""Pleiades NEO Blue (0.446 - 0.52) um"", ""Pleiades NEO NIR (0.768 - 0.888) um"", ""Pleiades NEO Red Edge (0.697 - 0.75) um"", ""Pleiades NEO Deep Blue (0.416 - 0.457) um""]",Ames,TP6,4233,18,12,513.5,632.0,411.0,2876.5,1884.5,412.0,0.7007327315751787,0.20908562118855295,208,0.9004329004329005,Ames|4233|18|12,2022-09-24
Satellite/Ames/TP6/Ames-TP6-4233_18_2.TIF,bdeebb5b009152a831588b89e6f278fd1186bf7af5410e29b8d46ab15c531f25:24300:1790427164513181600,,,"[""Pleiades NEO Red (0.619 - 0.69) um"", ""Pleiades NEO Green (0.533 - 0.591) um"", ""Pleiades NEO Blue (0.446 - 0.52) um"", ""Pleiades NEO NIR (0.768 - 0.888) um"", ""Pleiades NEO Red Edge (0.697 - 0.75) um"", ""Pleiades NEO Deep Blue (0.416 - 0.457) um""]",Ames,TP6,4233,18,2,514.0,666.0,420.0,2922.0,1890.5,424.5,0.6939182931155066,0.21052636557928894,210,0.8677685950413223,Ames|4233|18|2,2022-09-24
Satellite/Ames/TP6/Ames-TP6-4233_19_1.TIF,bdeebb5b009152a831588b89e6f278fd1186bf7af5410e29b8d46ab15c531f25:24262:1790427163696789300,,,"[""Pleiades NEO Red (0.619 - 0.69) um"", ""Pleiades NEO Green (0.533 - 0.591) um"", ""Pleiades NEO Blue (0.446 - 0.52) um"", ""Pleiades NEO NIR (0.768 - 0.888) um"", ""Pleiades NEO Red Edge (0.697 - 0.75) um"", ""Pleiades NEO Deep Blue (0.416 - 0.457) um""]",Ames,TP6,4233,19,1,493.0,638.5,415.0,2653.0,1715.5,422.5,0.6920818921504273,0.21707497501303114,204,0.8831168831168831,Ames|4233|19|1,2022-09-24
Satellite/Ames/TP6/Ames-TP6-4233_19_11.TIF,bdeebb5b009152a831588b89e6f278fd1186bf7af5410e29b8d46ab15c531f25:24230:1790427167091260000,,,"[""Pleiades NEO Red (0.619 - 0.69) um"", ""Pleiades NEO Green (0.533 - 0.591) um"", ""Pleiades NEO Blue (0.446 - 0.52) um"", ""Pleiades NEO NIR (0.768 - 0.888) um"", ""Pleiades NEO Red Edge (0.697 - 0.75) um"", ""Pleiades NEO Deep Blue (0.416 - 0.457) um""]",Ames,TP6,4233,19,11,533.0,657.0,429.0,2706.0,1813.0,427.0,0.66875,0.19884204812737472,203,0.8388429752066116,Ames|4233|19|11,2022-09-24
Satellite/Ames/TP6/Ames-TP6-4233_19_12.TIF,bdeebb5b009152a831588b89e6f278fd1186bf7af5410e29b8d46ab15c531f25:24305:1790427166726603500,,,"[""Pleiades NEO Red (0.619 - 0.69) um"", ""Pleiades NEO Green (0.533 - 0.591) um"", ""Pleiades NEO Blue (0.446 - 0.52) um"", ""Pleiades NEO NIR (0.768 - 0.888) um"", ""Pleiades NEO Red Edge (0.697 - 0.75) um"", ""Pleiades NEO Deep Blue (0.416 - 0.457) um""]",Ames,TP6,4233,19,12,514.0,648.0,423.0,2858.0,1865.0,402.0,0.6918585793058709,0.2070030895983522,211,0.9134199134199135,Ames|4233|19|12,2022-09-24
Satellite/Ames/TP6/Ames-TP6-4233_19_2.TIF,bdeebb5b009152a831588b89e6f278fd1186bf7af5410e29b8d46ab15c531f25:24181:1790427163891316100,,,"[""Pleiades NEO Red (0.619 - 0.69) um"", ""Pleiades NEO Green (0.533 - 0.591) um"", ""Pleiades NEO Blue (0.446 - 0.52) um"", ""Pleiades NEO NIR (0.768 - 0.888) um"", ""Pleiades NEO Red Edge (0.697 - 0.75) um"", ""Pleiades NEO Deep Blue (0.416 - 0.457) um""]",Ames,TP6,4233,19,2,542.0,697.0,431.5,2816.5,1895.5,427.5,0.6730706061150212,0.1945764045479894,200,0.8264462809917356,Ames|4233|19|2,2022-09-24
Satellite/Ames/TP6/Ames-TP6-4233_1_1.TIF,bdeebb5b009152a831588b89e6f278fd1186bf7af5410e29b8d46ab15c531f25:24268:1790427164378150000,,,"[""Pleiades NEO Red (0.619 - 0.69) um"", ""Pleiades NEO Green (0.533 - 0.591) um"", ""Pleiades NEO Blue (0.446 - 0.52) um"", ""Pleiades NEO NIR (0.768 - 0.888) um"", ""Pleiades NEO Red Edge (0.697 - 0.75) um"", ""Pleiades NEO Deep Blue (0.416 - 0.457) um""]",Ames,TP6,4233,1,1,541.5,589.0,414.0,2342.0,1609.5,432.5,0.6230010532270601,0.1790318039334562,204,0.8831168831168831,Ames|4233|1|1,2022-09-24
Satellite/Ames/TP6/Ames-TP6-4233_1_10.TIF,bdeebb5b009152a831588b89e6f278fd1186bf7af5410e29b8d46ab15c531f25:24278:1790427165865906000,,,"[""Pleiades NEO Red (0.619 - 0.69) um"", ""Pleiades NEO Green (0.533 - 0.591) um"", ""Pleiades NEO Blue (0.446 - 0.52) um"", ""Pleiades NEO NIR (0.768 - 0.888) um"", ""Pleiades NEO Red Edge (0.697 - 0.75) um"", ""Pleiades NEO Deep Blue (0.416 - 0.457) um""]",Ames,TP6,4233,1,10,675.0,719.0,457.5,2432.0,1775.0,442.0,0.5699524550336011,0.16168073851535097,206,0.8512396694214877,Ames|4233|1|10,2022-09-24
Satellite/Ames/TP6/Ames-TP6-4233_1_11.TIF,bdeebb5b009152a831588b89e6f278fd1186bf7af5410e29b8d46ab15c531f25:24363:1790427165806905700,,,"[""Pleiades NEO Red (0.619 - 0.69) um"", ""Pleiades NEO Green (0.533 - 0.591) um"", ""Pleiades NEO Blue (0.446 - 0.52) um"", ""Pleiades NEO NIR (0.768 - 0.888) um"", ""Pleiades NEO Red Edge (0.697 - 0.75) um"", ""Pleiades NEO Deep Blue (0.416 - 0.457) um""]",Ames,TP6,4233,1,11,702.0,707.0,456.0,2478.0,1813.0,447.0,0.5603550295857989,0.1542164378677126,211,0.871900826446281,Ames|4233|1|11,2022-09-24
Satellite/Ames/TP6/Ames-TP6-4233_1_12.TIF,bdeebb5b009152a831588b89e6f278fd1186bf7af5410e29b8d46ab15c531f25:24298:1790427166093461000,,,"[""Pleiades NEO Red (0.619 - 0.69) um"", ""Pleiades NEO Green (0.533 - 0.591) um"", ""Pleiades NEO Blue (0.446 - 0.52) um"", ""Pleiades NEO NIR (0.768 - 0.888) um"", ""Pleiades NEO Red Edge (0.697 - 0.75) um"", ""Pleiades NEO Deep Blue (0.416 - 0.457) um""]",Ames,TP6,4233,1,12,684.0,732.0,475.0,2524.0,1832.0,432.0,0.5790279372368925,0.1618977293705003,203,0.8787878787878788,Ames|4233|1|12,2022-09-24
Satellite/Ames/TP6/Ames-TP6-4233_1_2.TIF,bdeebb5b009152a831588b89e6f278fd1186bf7af5410e29b8d46ab15c531f25:24166:1790427164123375200,,,"[""Pleiades NEO Red (0.619 - 0.69) um"", ""Pleiades NEO Green (0.533 - 0.591) um"", ""Pleiades NEO Blue (0.446 - 0.52) um"", ""Pleiades NEO NIR (0.768 - 0.888) um"", ""Pleiades NEO Red Edge (0.697 - 0.75) um"", ""Pleiades NEO Deep Blue (0.416 - 0.457) um""]",Ames,TP6,4233,1,2,661.0,720.5,459.5,2837.5,1984.5,446.0,0.6247850122850123,0.18233419128300407,200,0.8264462809917356,Ames|4233|1|2,2022-09-24
Satellite/Ames/TP6/Ames-TP6-4233_1_3.TIF,bdeebb5b009152a831588b89e6f278fd1186bf7af5410e29b8d46ab15c531f25:24261:1790427164154377400,,,"[""Pleiades NEO Red (0.619 - 0.69) um"", ""Pleiades NEO Green (0.533 - 0.591) um"", ""Pleiades NEO Blue (0.446 - 0.52) um"", ""Pleiades NEO NIR (0.768 - 0.888) um"", ""Pleiades NEO Red Edge (0.697 - 0.75) um"", ""Pleiades NEO Deep Blue (0.416 - 0.457) um""]",Ames,TP6,4233,1,3,571.0,687.0,492.0,2208.0,1636.5,506.0,0.61507072611788,0.15676537444122957,200,0.8264462809917356,Ames|4233|1|3,2022-09-24
Satellite/Ames/TP6/Ames-TP6-4233_1_4.TIF,bdeebb5b009152a831588b89e6f278fd1186bf7af5410e29b8d46ab15c531f25:24128:1790427164610695600,,,"[""Pleiades NEO Red (0.619 - 0.69) um"", ""Pleiades NEO Green (0.533 - 0.591) um"", ""Pleiades NEO Blue (0.446 - 0.52) um"", ""Pleiades NEO NIR (0.768 - 0.888) um"", ""Pleiades NEO Red Edge (0.697 - 0.75) um"", ""Pleiades NEO Deep Blue (0.416 - 0.457) um""]",Ames,TP6,4233,1,4,438.0,537.5,406.0,2220.0,1438.5,433.5,0.6774163437860112,0.20505196840831888,200,0.8658008658008658,Ames|4233|1|4,2022-09-24
Satellite/Ames/TP6/Ames-TP6-4233_1_5.TIF,bdeebb5b009152a831588b89e6f278fd1186bf7af5410e29b8d46ab15c531f25:24229:1790427164630695800,,,"[""Pleiades NEO Red (0.619 - 0.69) um"", ""Pleiades NEO Green (0.533 - 0.591) um"", ""Pleiades NEO Blue (0.446 - 0.52) um"", ""Pleiades NEO NIR (0.768 - 0.888) um"", ""Pleiades NEO Red Edge (0.697 - 0.75) um"", ""Pleiades NEO Deep Blue (0.416 - 0.457) um""]",Ames,TP6,4233,1,5,621.0,694.0,454.0,2490.0,1773.0,461.0,0.6058443764865783,0.17312560856864653,201,0.7976190476190477,Ames|4233|1|5,2022-09-24
Satellite/Ames/TP6/Ames-TP6-4233_1_6.TIF,bdeebb5b009152a831588b89e6f278fd1186bf7af5410e29b8d46ab15c531f25:24339:1790427164873725300,,,"[""Pleiades NEO Red (0.619 - 0.69) um"", ""Pleiades NEO Green (0.533 - 0.591) um"", ""Pleiades NEO Blue (0.446 - 0.52) um"", ""Pleiades NEO NIR (0.768 - 0.888) um"", ""Pleiades NEO Red Edge (0.697 - 0.75) um"", ""Pleiades NEO Deep Blue (0.416 - 0.457) um""]",Ames,TP6,4233,1,6,678.0,698.0,463.5,2429.5,1749.5,445.0,0.5603595031237583,0.15807456091767283,210,0.8333333333333334,Ames|4233|1|6,2022-09-24
Satellite/Ames/TP6/Ames-TP6-4233_1_7.TIF,bdeebb5b009152a831588b89e6f278fd1186bf7af5410e29b8d46ab15c531f25:24310:1790427164857724000,,,"[""Pleiades NEO Red (0.619 - 0.69) um"", ""Pleiades NEO Green (0.533 - 0.591) um"", ""Pleiades NEO Blue (0.446 - 0.52) um"", ""Pleiades NEO NIR (0.768 - 0.888) um"", ""Pleiades NEO Red Edge (0.697 - 0.75) um"", ""Pleiades NEO Deep Blue (0.416 - 0.457) um""]",Ames,TP6,4233,1,7,636.5,678.5,428.0,2321.5,1722.5,415.0,0.567572407877217,0.15377345361003503,206,0.8917748917748918,Ames|4233|1|7,2022-09-24
Satellite/Ames/TP6/Ames-TP6-4233_1_8.TIF,bdeebb5b009152a831588b89e6f278fd1186bf7af5410e29b8d46ab15c531f25:24130:1790427165274326700,,,"[""Pleiades NEO Red (0.619 - 0.69) um"", ""Pleiades NEO Green (0.533 - 0.591) um"", ""Pleiades NEO Blue (0.446 - 0.52) um"", ""Pleiades NEO NIR (0.768 - 0.888) um"", ""Pleiades NEO Red Edge (0.697 - 0.75) um"", ""Pleiades NEO Deep Blue (0.416 - 0.457) um""]",Ames,TP6,4233,1,8,697.5,704.0,460.5,2331.5,1723.5,455.5,0.5386201199636209,0.14929814516799406,200,0.8658008658008658,Ames|4233|1|8,2022-09-24
Satellite/Ames/TP6/Ames-TP6-4233_1_9.TIF,bdeebb5b009152a831588b89e6f278fd1186bf7af5410e29b8d46ab15c531f25:24208:1790427165284331500,,,"[""Pleiades NEO Red (0.619 - 0.69) um"", ""Pleiades NEO Green (0.533 - 0.591) um"", ""Pleiades NEO Blue (0.446 - 0.52) um"", ""Pleiades NEO NIR (0.768 - 0.888) um"", ""Pleiades NEO Red Edge (0.697 - 0.75) um"", ""Pleiades NEO Deep Blue (0.416 - 0.457) um""]",Ames,TP6,4233,1,9,667.0,698.0,448.0,2395.5,1752.5,438.0,0.5603504897797407,0.1537876571484298,200,0.8264462809917356,Ames|4233|1|9,2022-09-24
Satellite/Ames/TP6/Ames-TP6-4233_20_1.TIF,bdeebb5b009152a831588b89e6f278fd1186bf7af5410e29b8d46ab15c531f25:24307:1790427163526772600,,,"[""Pleiades NEO Red (0.619 - 0.69) um"", ""Pleiades NEO Green (0.533 - 0.591) um"", ""Pleiades NEO Blue (0.446 - 0.52) um"", ""Pleiades NEO NIR (0.768 - 0.888) um"", ""Pleiades NEO Red Edge (0.697 - 0.75) um"", ""Pleiades NEO Deep Blue (0.416 - 0.457) um""]",Ames,TP6,4233,20,1,538.0,688.5,456.5,2638.5,1739.0,455.5,0.677838160651127,0.20266792991026394,208,0.9004329004329005,Ames|4233|20|1,2022-09-24
Satellite/Ames/TP6/Ames-TP6-4233_20_11.TIF,bdeebb5b009152a831588b89e6f278fd1186bf7af5410e29b8d46ab15c531f25:24261:1790427164433669600,,,"[""Pleiades NEO Red (0.619 - 0.69) um"", ""Pleiades NEO Green (0.533 - 0.591) um"", ""Pleiades NEO Blue (0.446 - 0.52) um"", ""Pleiades NEO NIR (0.768 - 0.888) um"", ""Pleiades NEO Red Edge (0.697 - 0.75) um"", ""Pleiades NEO Deep Blue (0.416 - 0.457) um""]",Ames,TP6,4233,20,11,540.0,643.0,423.0,2505.0,1731.0,418.0,0.6499864755206924,0.18453292496171517,207,0.8553719008264463,Ames|4233|20|11,2022-09-24
Satellite/Ames/TP6/Ames-TP6-4233_20_12.TIF,bdeebb5b009152a831588b89e6f278fd1186bf7af5410e29b8d46ab15c531f25:24090:1790427164188384800,,,"[""Pleiades NEO Red (0.619 - 0.69) um"", ""Pleiades NEO Green (0.533 - 0.591) um"", ""Pleiades NEO Blue (0.446 - 0.52) um"", ""Pleiades NEO NIR (0.768 - 0.888) um"", ""Pleiades NEO Red Edge (0.697 - 0.75) um"", ""Pleiades NEO Deep Blue (0.416 - 0.457) um""]",Ames,TP6,4233,20,12,514.5,635.5,413.0,2818.5,1840.0,413.0,0.6935084835158961,0.2116463454575901,200,0.8264462809917356,Ames|4233|20|12,2022-09-24
Satellite/Ames/TP6/Ames-TP6-4233_20_2.TIF,bdeebb5b009152a831588b89e6f278fd1186bf7af5410e29b8d46ab15c531f25:24214:1790427163285222600,,,"[""Pleiades NEO Red (0.619 - 0.69) um"", ""Pleiades NEO Green (0.533 - 0.591) um"", ""Pleiades NEO Blue (0.446 - 0.52) um"", ""Pleiades NEO NIR (0.768 - 0.888) um"", ""Pleiades NEO Red Edge (0.697 - 0.75) um"", ""Pleiades NEO Deep Blue (0.416 - 0.457) um""]",Ames,TP6,4233,20,2,535.5,722.0,423.5,2768.5,1925.5,410.5,0.6780432945073016,0.18023113056104856,200,0.8658008658008658,Ames|4233|20|2,2022-09-24
Satellite/Ames/TP6/Ames-TP6-4233_21_1.TIF,bdeebb5b009152a831588b89e6f278fd1186bf7af5410e29b8d46ab15c531f25:24206:1790427164222894700,,,"[""Pleiades NEO Red (0.619 - 0.69) um"", ""Pleiades NEO Green (0.533 - 0.591) um"", ""Pleiades NEO Blue (0.446 - 0.52) um"", ""Pleiades NEO NIR (0.768 - 0.888) um"", ""Pleiades NEO Red Edge (0.697 - 0.75) um"", ""Pleiades NEO Deep Blue (0.416 - 0.457) um""]",Ames,TP6,4233,21,1,476.5,638.5,433.5,2813.5,1788.5,438.0,0.7134442553245846,0.22566556436751212,202,0.8015873015873016,Ames|4233|21|1,2022-09-24
Satellite/Ames/TP6/Ames-TP6-4233_21_11.TIF,bdeebb5b009152a831588b89e6f278fd1186bf7af5410e29b8d46ab15c531f25:24184:1790427165747398700,,,"[""Pleiades NEO Red (0.619 - 0.69) um"", ""Pleiades NEO Green (0.533 - 0.591) um"", ""Pleiades NEO Blue (0.446 - 0.52) um"", ""Pleiades NEO NIR (0.768 - 0.888) um"", ""Pleiades NEO Red Edge (0.697 - 0.75) um"", ""Pleiades NEO Deep Blue (0.416 - 0.457) um""]",Ames,TP6,4233,21,11,532.0,620.0,429.0,2528.0,1697.0,435.0,0.6596841766032872,0.19785898855666298,205,0.8874458874458875,Ames|4233|21|11,2022-09-24
Satellite/Ames/TP6/Ames-TP6-4233_21_12.TIF,bdeebb5b009152a831588b89e6f278fd1186bf7af5410e29b8d46ab15c531f25:24125:1790427165936415000,,,"[""Pleiades NEO Red (0.619 - 0.69) um"", ""Pleiades NEO Green (0.533 - 0.591) um"", ""Pleiades NEO Blue (0.446 - 0.52) um"", ""Pleiades NEO NIR (0.768 - 0.888) um"", ""Pleiades NEO Red Edge (0.697 - 0.75) um"", ""Pleiades NEO Deep Blue (0.416 - 0.457) um""]",Ames,TP6,4233,21,12,514.0,607.0,404.5,2757.0,1747.5,400.5,0.6870594908569592,0.21669845759154893,200,0.8658008658008658,Ames|4233|21|12,2022-09-24
Satellite/Ames/TP6/Ames-TP6-4233_21_2.TIF,bdeebb5b009152a831588b89e6f278fd1186bf7af5410e29b8d46ab15c531f25:24323:1790427164447668900,,,"[""Pleiades NEO Red (0.619 - 0.69) um"", ""Pleiades NEO Green (0.533 - 0.591) um"", ""Pleiades NEO Blue (0.446 - 0.52) um"", ""Pleiades NEO NIR (0.768 - 0.888) um"", ""Pleiades NEO Red Edge (0.697 - 0.75) um"", ""Pleiades NEO Deep Blue (0.416 - 0.457) um""]",Ames,TP6,4233,21,2,521.5,701.5,420.5,2927.0,1964.5,399.5,0.6953904336713427,0.197971322678674,210,0.8333333333333334,Ames|4233|21|2,2022-09-24
Satellite/Ames/TP6/Ames-TP6-4233_22_1.TIF,bdeebb5b009152a831588b89e6f278fd1186bf7af5410e29b8d46ab15c531f25:24153:1790427163251218100,,,"[""Pleiades NEO Red (0.619 - 0.69) um"", ""Pleiades NEO Green (0.533 - 0.591) um"", ""Pleiades NEO Blue (0.446 - 0.52) um"", ""Pleiades NEO NIR (0.768 - 0.888) um"", ""Pleiades NEO Red Edge (0.697 - 0.75) um"", ""Pleiades NEO Deep Blue (0.416 - 0.457) um""]",Ames,TP6,4233,22,1,474.5,629.0,431.0,2894.0,1822.5,430.0,0.7264495808983011,0.23056598340406642,200,0.7575757575757576,Ames|4233|22|1,2022-09-24
Satellite/Ames/TP6/Ames-TP6-4233_22_11.TIF,bdeebb5b009152a831588b89e6f278fd1186bf7af5410e29b8d46ab15c531f25:24254:1790427164689699600,,,"[""Pleiades NEO Red (0.619 - 0.69) um"", ""Pleiades NEO Green (0.533 - 0.591) um"", ""Pleiades NEO Blue (0.446 - 0.52) um"", ""Pleiades NEO NIR (0.768 - 0.888) um"", ""Pleiades NEO Red Edge (0.697 - 0.75) um"", ""Pleiades NEO Deep Blue (0.416 - 0.457) um""]",Ames,TP6,4233,22,11,537.0,606.0,413.0,2580.0,1702.0,420.0,0.6555891238670695,0.2104010254532137,205,0.8134920634920635,Ames|4233|22|11,2022-09-24
Satellite/Ames/TP6/Ames-TP6-4233_22_12.TIF,bdeebb5b009152a831588b89e6f278fd1186bf7af5410e29b8d46ab15c531f25:24232:1790427164938245900,,,"[""Pleiades NEO Red (0.619 - 0.69) um"", ""Pleiades NEO Green (0.533 - 0.591) um"", ""Pleiades NEO Blue (0.446 - 0.52) um"", ""Pleiades NEO NIR (0.768 - 0.888) um"", ""Pleiades NEO Red Edge (0.697 - 0.75) um"", ""Pleiades NEO Deep Blue (0.416 - 0.457) um""]",Ames,TP6,4233,22,12,521.0,614.5,397.5,2813.0,1817.0,407.5,0.6873797688667377,0.21284531178681093,210,0.8333333333333334,Ames|4233|22|12,2022-09-24
Satellite/Ames/TP6/Ames-TP6-4233_22_2.TIF,bdeebb5b009152a831588b89e6f278fd1186bf7af5410e29b8d46ab15c531f25:24159:1790427163479251500,,,"[""Pleiades NEO Red (0.619 - 0.69) um"", ""Pleiades NEO Green (0.533 - 0.591) um"", ""Pleiades NEO Blue (0.446 - 0.52) um"", ""Pleiades NEO NIR (0.768 - 0.888) um"", ""Pleiades NEO Red Edge (0.697 - 0.75) um"", ""Pleiades NEO Deep Blue (0.416 - 0.457) um""]",Ames,TP6,4233,22,2,514.5,693.5,422.0,2912.5,1934.5,430.0,0.7045544572626763,0.20456261290210015,200,0.8658008658008658,Ames|4233|22|2,2022-09-24
Satellite/Ames/TP6/Ames-TP6-4233_23_1.TIF,bdeebb5b009152a831588b89e6f278fd1186bf7af5410e29b8d46ab15c531f25:24115:1790427164296900400,,,"[""Pleiades NEO Red (0.619 - 0.69) um"", ""Pleiades NEO Green (0.533 - 0.591) um"", ""Pleiades NEO Blue (0.446 - 0.52) um"", ""Pleiades NEO NIR (0.768 - 0.888) um"", ""Pleiades NEO Red Edge (0.697 - 0.75) um"", ""Pleiades NEO Deep Blue (0.416 - 0.457) um""]",Ames,TP6,4233,23,1,467.5,586.5,430.0,2707.0,1669.5,445.5,0.6957277534669781,0.23811804737181624,200,0.8264462809917356,Ames|4233|23|1,2022-09-24
Satellite/Ames/TP6/Ames-TP6-4233_23_11.TIF,bdeebb5b009152a831588b89e6f278fd1186bf7af5410e29b8d46ab15c531f25:24077:1790427166942194300,,,"[""Pleiades NEO Red (0.619 - 0.69) um"", ""Pleiades NEO Green (0.533 - 0.591) um"", ""Pleiades NEO Blue (0.446 - 0.52) um"", ""Pleiades NEO NIR (0.768 - 0.888) um"", ""Pleiades NEO Red Edge (0.697 - 0.75) um"", ""Pleiades NEO Deep Blue (0.416 - 0.457) um""]",Ames,TP6,4233,23,11,506.5,627.0,412.0,2835.0,1828.0,425.5,0.7065161293269209,0.21693973275873396,200,0.7575757575757576,Ames|4233|23|11,2022-09-24
Satellite/Ames/TP6/Ames-TP6-4233_23_12.TIF,bdeebb5b009152a831588b89e6f278fd1186bf7af5410e29b8d46ab15c531f25:24064:1790427166545568700,,,"[""Pleiades NEO Red (0.619 - 0.69) um"", ""Pleiades NEO Green (0.533 - 0.591) um"", ""Pleiades NEO Blue (0.446 - 0.52) um"", ""Pleiades NEO NIR (0.768 - 0.888) um"", ""Pleiades NEO Red Edge (0.697 - 0.75) um"", ""Pleiades NEO Deep Blue (0.416 - 0.457) um""]",Ames,TP6,4233,23,12,519.5,636.5,410.0,2977.5,1919.5,414.5,0.705783791520719,0.21989520603547888,200,0.8658008658008658,Ames|4233|23|12,2022-09-24
Satellite/Ames/TP6/Ames-TP6-4233_23_2.TIF,bdeebb5b009152a831588b89e6f278fd1186bf7af5410e29b8d46ab15c531f25:24122:1790427164057863100,,,"[""Pleiades NEO Red (0.619 - 0.69) um"", ""Pleiades NEO Green (0.533 - 0.591) um"", ""Pleiades NEO Blue (0.446 - 0.52) um"", ""Pleiades NEO NIR (0.768 - 0.888) um"", ""Pleiades NEO Red Edge (0.697 - 0.75) um"", ""Pleiades NEO Deep Blue (0.416 - 0.457) um""]",Ames,TP6,4233,23,2,456.0,571.5,400.0,2501.0,1637.5,421.0,0.6844012727453003,0.2036128373243465,200,0.8264462809917356,Ames|4233|23|2,2022-09-24
Satellite/Ames/TP6/Ames-TP6-4233_24_1.TIF,bdeebb5b009152a831588b89e6f278fd1186bf7af5410e29b8d46ab15c531f25:24289:1790427163617286200,,,"[""Pleiades NEO Red (0.619 - 0.69) um"", ""Pleiades NEO Green (0.533 - 0.591) um"", ""Pleiades NEO Blue (0.446 - 0.52) um"", ""Pleiades NEO NIR (0.768 - 0.888) um"", ""Pleiades NEO Red Edge (0.697 - 0.75) um"", ""Pleiades NEO Deep Blue (0.416 - 0.457) um""]",Ames,TP6,4233,24,1,477.0,571.0,440.0,2473.0,1561.0,467.0,0.6655592469545958,0.22711111111111112,205,0.8874458874458875,Ames|4233|24|1,2022-09-24
Satellite/Ames/TP6/Ames-TP6-4233_24_11.TIF,bdeebb5b009152a831588b89e6f278fd1186bf7af5410e29b8d46ab15c531f25:24128:1790427163905833600,,,"[""Pleiades NEO Red (0.619 - 0.69) um"", ""Pleiades NEO Green (0.533 - 0.591) um"", ""Pleiades NEO Blue (0.446 - 0.52) um"", ""Pleiades NEO NIR (0.768 - 0.888) um"", ""Pleiades NEO Red Edge (0.697 - 0.75) um"", ""Pleiades NEO Deep Blue (0.416 - 0.457) um""]",Ames,TP6,4233,24,11,527.5,642.5,426.0,2736.0,1815.0,423.5,0.6784556643498639,0.21056717901431177,200,0.8264462809917356,Ames|4233|24|11,2022-09-24
Satellite/Ames/TP6/Ames-TP6-4233_24_12.TIF,bdeebb5b009152a831588b89e6f278fd1186bf7af5410e29b8d46ab15c531f25:24106:1790427163710795500,,,"[""Pleiades NEO Red (0.619 - 0.69) um"", ""Pleiades NEO Green (0.533 - 0.591) um"", ""Pleiades NEO Blue (0.446 - 0.52) um"", ""Pleiades NEO NIR (0.768 - 0.888) um"", ""Pleiades NEO Red Edge (0.697 - 0.75) um"", ""Pleiades NEO Deep Blue (0.416 - 0.457) um""]",Ames,TP6,4233,24,12,508.5,650.0,405.0,3054.0,1930.5,403.5,0.7145300418323189,0.2276629069234017,200,0.8264462809917356,Ames|4233|24|12,2022-09-24
Satellite/Ames/TP6/Ames-TP6-4233_24_2.TIF,bdeebb5b009152a831588b89e6f278fd1186bf7af5410e29b8d46ab15c531f25:24356:1790427163827311500,,,"[""Pleiades NEO Red (0.619 - 0.69) um"", ""Pleiades NEO Green (0.533 - 0.591) um"", ""Pleiades NEO Blue (0.446 - 0.52) um"", ""Pleiades NEO NIR (0.768 - 0.888) um"", ""Pleiades NEO Red Edge (0.697 - 0.75) um"", ""Pleiades NEO Deep Blue (0.416 - 0.457) um""]",Ames,TP6,4233,24,2,572.5,715.5,469.5,2842.5,1938.0,461.0,0.665954353692372,0.19552685775661058,210,0.9090909090909091,Ames|4233|24|2,2022-09-24
Satellite/Ames/TP6/Ames-TP6-4233_25_1.TIF,bdeebb5b009152a831588b89e6f278fd1186bf7af5410e29b8d46ab15c531f25:24457:1790427164847724800,,,"[""Pleiades NEO Red (0.619 - 0.69) um"", ""Pleiades NEO Green (0.533 - 0.591) um"", ""Pleiades NEO Blue (0.446 - 0.52) um"", ""Pleiades NEO NIR (0.768 - 0.888) um"", ""Pleiades NEO Red Edge (0.697 - 0.75) um"", ""Pleiades NEO Deep Blue (0.416 - 0.457) um""]",Ames,TP6,4233,25,1,604.0,729.0,486.0,2855.0,1848.0,478.0,0.6573834196891192,0.20867551063381765,215,0.9307359307359307,Ames|4233|25|1,2022-09-24
Satellite/Ames/TP6/Ames-TP6-4233_25_10.TIF,bdeebb5b009152a831588b89e6f278fd1186bf7af5410e29b8d46ab15c531f25:24305:1790427165397348000,,,"[""Pleiades NEO Red (0.619 - 0.69) um"", ""Pleiades NEO Green (0.533 - 0.591) um"", ""Pleiades NEO Blue (0.446 - 0.52) um"", ""Pleiades NEO NIR (0.768 - 0.888) um"", ""Pleiades NEO Red Edge (0.697 - 0.75) um"", ""Pleiades NEO Deep Blue (0.416 - 0.457) um""]",Ames,TP6,4233,25,10,600.0,670.0,435.0,2626.0,1843.0,422.0,0.636140135218193,0.1816126601356443,209,0.9047619047619048,Ames|4233|25|10,2022-09-24
Satellite/Ames/TP6/Ames-TP6-4233_25_11.TIF,bdeebb5b009152a831588b89e6f278fd1186bf7af5410e29b8d46ab15c531f25:24163:1790427165487363200,,,"[""Pleiades NEO Red (0.619 - 0.69) um"", ""Pleiades NEO Green (0.533 - 0.591) um"", ""Pleiades NEO Blue (0.446 - 0.52) um"", ""Pleiades NEO NIR (0.768 - 0.888) um"", ""Pleiades NEO Red Edge (0.697 - 0.75) um"", ""Pleiades NEO Deep Blue (0.416 - 0.457) um""]",Ames,TP6,4233,25,11,579.0,666.0,422.5,2704.5,1852.0,425.0,0.6533713815139113,0.18986341399626216,200,0.8658008658008658,Ames|4233|25|11,2022-09-24
Satellite/Ames/TP6/Ames-TP6-4233_25_12.TIF,bdeebb5b009152a831588b89e6f278fd1186bf7af5410e29b8d46ab15c531f25:24302:1790427165679891500,,,"[""Pleiades NEO Red (0.619 - 0.69) um"", ""Pleiades NEO Green (0.533 - 0.591) um"", ""Pleiades NEO Blue (0.446 - 0.52) um"", ""Pleiades NEO NIR (0.768 - 0.888) um"", ""Pleiades NEO Red Edge (0.697 - 0.75) um"", ""Pleiades NEO Deep Blue (0.416 - 0.457) um""]",Ames,TP6,4233,25,12,590.0,699.0,436.0,2924.5,1963.0,427.0,0.6719162006242919,0.19652011220061166,208,0.9004329004329005,Ames|4233|25|12,2022-09-24
Satellite/Ames/TP6/Ames-TP6-4233_25_2.TIF,bdeebb5b009152a831588b89e6f278fd1186bf7af5410e29b8d46ab15c531f25:24318:1790427164605695500,,,"[""Pleiades NEO Red (0.619 - 0.69) um"", ""Pleiades NEO Green (0.533 - 0.591) um"", ""Pleiades NEO Blue (0.446 - 0.52) um"", ""Pleiades NEO NIR (0.768 - 0.888) um"", ""Pleiades NEO Red Edge (0.697 - 0.75) um"", ""Pleiades NEO Deep Blue (0.416 - 0.457) um""]",Ames,TP6,4233,25,2,658.0,762.0,496.5,2968.0,2045.0,487.0,0.6422460205351701,0.18551315138349597,206,0.8917748917748918,Ames|4233|25|2,2022-09-24
Satellite/Ames/TP6/Ames-TP6-4233_25_3.TIF,bdeebb5b009152a831588b89e6f278fd1186bf7af5410e29b8d46ab15c531f25:24255:1790427164640695900,,,"[""Pleiades NEO Red (0.619 - 0.69) um"", ""Pleiades NEO Green (0.533 - 0.591) um"", ""Pleiades NEO Blue (0.446 - 0.52) um"", ""Pleiades NEO NIR (0.768 - 0.888) um"", ""Pleiades NEO Red Edge (0.697 - 0.75) um"", ""Pleiades NEO Deep Blue (0.416 - 0.457) um""]",Ames,TP6,4233,25,3,677.5,758.5,538.0,2619.5,1861.0,527.0,0.5835221226787493,0.16158770193944938,200,0.8658008658008658,Ames|4233|25|3,2022-09-24
Satellite/Ames/TP6/Ames-TP6-4233_25_4.TIF,bdeebb5b009152a831588b89e6f278fd1186bf7af5410e29b8d46ab15c531f25:24234:1790427164134375600,,,"[""Pleiades NEO Red (0.619 - 0.69) um"", ""Pleiades NEO Green (0.533 - 0.591) um"", ""Pleiades NEO Blue (0.446 - 0.52) um"", ""Pleiades NEO NIR (0.768 - 0.888) um"", ""Pleiades NEO Red Edge (0.697 - 0.75) um"", ""Pleiades NEO Deep Blue (0.416 - 0.457) um""]",Ames,TP6,4233,25,4,545.0,608.5,444.5,2139.5,1524.0,460.0,0.5740115887439341,0.1583364009678238,200,0.8264462809917356,Ames|4233|25|4,2022-09-24
Satellite/Ames/TP6/Ames-TP6-4233_25_5.TIF,bdeebb5b009152a831588b89e6f278fd1186bf7af5410e29b8d46ab15c531f25:24171:1790427164139375600,,,"[""Pleiades NEO Red (0.619 - 0.69) um"", ""Pleiades NEO Green (0.533 - 0.591) um"", ""Pleiades NEO Blue (0.446 - 0.52) um"", ""Pleiades NEO NIR (0.768 - 0.888) um"", ""Pleiades NEO Red Edge (0.697 - 0.75) um"", ""Pleiades NEO Deep Blue (0.416 - 0.457) um""]",Ames,TP6,4233,25,5,610.0,663.0,443.0,2319.5,1653.5,434.0,0.5852297675827087,0.16338697044349246,200,0.7575757575757576,Ames|4233|25|5,2022-09-24
Satellite/Ames/TP6/Ames-TP6-4233_25_6.TIF,bdeebb5b009152a831588b89e6f278fd1186bf7af5410e29b8d46ab15c531f25:24159:1790427164403669100,,,"[""Pleiades NEO Red (0.619 - 0.69) um"", ""Pleiades NEO Green (0.533 - 0.591) um"", ""Pleiades NEO Blue (0.446 - 0.52) um"", ""Pleiades NEO NIR (0.768 - 0.888) um"", ""Pleiades NEO Red Edge (0.697 - 0.75) um"", ""Pleiades NEO Deep Blue (0.416 - 0.457) um""]",Ames,TP6,4233,25,6,638.5,675.5,436.5,2359.0,1714.0,427.5,0.5733744781954317,0.16077177942427212,200,0.7575757575757576,Ames|4233|25|6,2022-09-24
Satellite/Ames/TP6/Ames-TP6-4233_25_7.TIF,bdeebb5b009152a831588b89e6f278fd1186bf7af5410e29b8d46ab15c531f25:24173:1790427164389151600,,,"[""Pleiades NEO Red (0.619 - 0.69) um"", ""Pleiades NEO Green (0.533 - 0.591) um"", ""Pleiades NEO Blue (0.446 - 0.52) um"", ""Pleiades NEO NIR (0.768 - 0.888) um"", ""Pleiades NEO Red Edge (0.697 - 0.75) um"", ""Pleiades NEO Deep Blue (0.416 - 0.457) um""]",Ames,TP6,4233,25,7,627.0,668.5,417.5,2448.0,1745.5,398.5,0.5897416439536225,0.16602446437811574,200,0.7936507936507936,Ames|4233|25|7,2022-09-24
Satellite/Ames/TP6/Ames-TP6-4233_25_8.TIF,bdeebb5b009152a831588b89e6f278fd1186bf7af5410e29b8d46ab15c531f25:24152:1790427165615891700,,,"[""Pleiades NEO Red (0.619 - 0.69) um"", ""Pleiades NEO Green (0.533 - 0.591) um"", ""Pleiades NEO Blue (0.446 - 0.52) um"", ""Pleiades NEO NIR (0.768 - 0.888) um"", ""Pleiades NEO Red Edge (0.697 - 0.75) um"", ""Pleiades NEO Deep Blue (0.416 - 0.457) um""]",Ames,TP6,4233,25,8,644.5,698.0,457.0,2587.0,1848.5,422.0,0.5941322723658269,0.16457672928204306,200,0.8658008658008658,Ames|4233|25|8,2022-09-24
Satellite/Ames/TP6/Ames-TP6-4233_25_9.TIF,bdeebb5b009152a831588b89e6f278fd1186bf7af5410e29b8d46ab15c531f25:24334:1790427165634891700,,,"[""Pleiades NEO Red (0.619 - 0.69) um"", ""Pleiades NEO Green (0.533 - 0.591) um"", ""Pleiades NEO Blue (0.446 - 0.52) um"", ""Pleiades NEO NIR (0.768 - 0.888) um"", ""Pleiades NEO Red Edge (0.697 - 0.75) um"", ""Pleiades NEO Deep Blue (0.416 - 0.457) um""]",Ames,TP6,4233,25,9,648.0,694.5,451.5,2561.5,1804.0,425.0,0.6034718790295552,0.17554903819964063,210,0.9090909090909091,Ames|4233|25|9,2022-09-24
Satellite/Ames/TP6/Ames-TP6-4233_2_1.TIF,bdeebb5b009152a831588b89e6f278fd1186bf7af5410e29b8d46ab15c531f25:24282:1790427163542768900,,,"[""Pleiades NEO Red (0.619 - 0.69) um"", ""Pleiades NEO Green (0.533 - 0.591) um"", ""Pleiades NEO Blue (0.446 - 0.52) um"", ""Pleiades NEO NIR (0.768 - 0.888) um"", ""Pleiades NEO Red Edge (0.697 - 0.75) um"", ""Pleiades NEO Deep Blue (0.416 - 0.457) um""]",Ames,TP6,4233,2,1,575.5,619.5,431.0,2237.0,1569.5,438.0,0.5874527799021994,0.17244309026455337,210,0.9090909090909091,Ames|4233|2|1,2022-09-24
Satellite/Ames/TP6/Ames-TP6-4233_2_10.TIF,bdeebb5b009152a831588b89e6f278fd1186bf7af5410e29b8d46ab15c531f25:24295:1790427164615698100,,,"[""Pleiades NEO Red (0.619 - 0.69) um"", ""Pleiades NEO Green (0.533 - 0.591) um"", ""Pleiades NEO Blue (0.446 - 0.52) um"", ""Pleiades NEO NIR (0.768 - 0.888) um"", ""Pleiades NEO Red Edge (0.697 - 0.75) um"", ""Pleiades NEO Deep Blue (0.416 - 0.457) um""]",Ames,TP6,4233,2,10,636.5,698.5,438.5,2714.5,1879.0,449.0,0.616046546659637,0.18047039215042732,206,0.8917748917748918,Ames|4233|2|10,2022-09-24
Satellite/Ames/TP6/Ames-TP6-4233_2_11.TIF,bdeebb5b009152a831588b89e6f278fd1186bf7af5410e29b8d46ab15c531f25:24136:1790427164635697300,,,"[""Pleiades NEO Red (0.619 - 0.69) um"", ""Pleiades NEO Green (0.533 - 0.591) um"", ""Pleiades NEO Blue (0.446 - 0.52) um"", ""Pleiades NEO NIR (0.768 - 0.888) um"", ""Pleiades NEO Red Edge (0.697 - 0.75) um"", ""Pleiades NEO Deep Blue (0.416 - 0.457) um""]",Ames,TP6,4233,2,11,618.0,683.0,435.0,2793.0,1885.5,436.5,0.6361098686049762,0.18446712924088865,200,0.8264462809917356,Ames|4233|2|11,2022-09-24
Satellite/Ames/TP6/Ames-TP6-4233_2_12.TIF,bdeebb5b009152a831588b89e6f278fd1186bf7af5410e29b8d46ab15c531f25:24169:1790427164867724600,,,"[""Pleiades NEO Red (0.619 - 0.69) um"", ""Pleiades NEO Green (0.533 - 0.591) um"", ""Pleiades NEO Blue (0.446 - 0.52) um"", ""Pleiades NEO NIR (0.768 - 0.888) um"", ""Pleiades NEO Red Edge (0.697 - 0.75) um"", ""Pleiades NEO Deep Blue (0.416 - 0.457) um""]",Ames,TP6,4233,2,12,674.5,728.0,457.5,2809.0,1959.5,460.0,0.6169183170709522,0.17999165971643036,200,0.8264462809917356,Ames|4233|2|12,2022-09-24
Satellite/Ames/TP6/Ames-TP6-4233_2_2.TIF,bdeebb5b009152a831588b89e6f278fd1186bf7af5410e29b8d46ab15c531f25:24160:1790427163330733100,,,"[""Pleiades NEO Red (0.619 - 0.69) um"", ""Pleiades NEO Green (0.533 - 0.591) um"", ""Pleiades NEO Blue (0.446 - 0.52) um"", ""Pleiades NEO NIR (0.768 - 0.888) um"", ""Pleiades NEO Red Edge (0.697 - 0.75) um"", ""Pleiades NEO Deep Blue (0.416 - 0.457) um""]",Ames,TP6,4233,2,2,656.0,720.5,467.5,2642.5,1867.0,445.5,0.6038526294661902,0.17096674945770626,200,0.8658008658008658,Ames|4233|2|2,2022-09-24
Satellite/Ames/TP6/Ames-TP6-4233_2_3.TIF,bdeebb5b009152a831588b89e6f278fd1186bf7af5410e29b8d46ab15c531f25:24105:1790427163177703000,,,"[""Pleiades NEO Red (0.619 - 0.69) um"", ""Pleiades NEO Green (0.533 - 0.591) um"", ""Pleiades NEO Blue (0.446 - 0.52) um"", ""Pleiades NEO NIR (0.768 - 0.888) um"", ""Pleiades NEO Red Edge (0.697 - 0.75) um"", ""Pleiades NEO Deep Blue (0.416 - 0.457) um""]",Ames,TP6,4233,2,3,618.0,700.5,427.5,2694.5,1879.5,422.0,0.6191765416207753,0.17360920859805445,200,0.7575757575757576,Ames|4233|2|3,2022-09-24
Satellite/Ames/TP6/Ames-TP6-4233_2_4.TIF,bdeebb5b009152a831588b89e6f278fd1186bf7af5410e29b8d46ab15c531f25:24142:1790427163779794300,,,"[""Pleiades NEO Red (0.619 - 0.69) um"", ""Pleiades NEO Green (0.533 - 0.591) um"", ""Pleiades NEO Blue (0.446 - 0.52) um"", ""Pleiades NEO NIR (0.768 - 0.888) um"", ""Pleiades NEO Red Edge (0.697 - 0.75) um"", ""Pleiades NEO Deep Blue (0.416 - 0.457) um""]",Ames,TP6,4233,2,4,630.0,700.5,445.0,2648.0,1874.5,451.5,0.6111352333027666,0.1741046032529594,200,0.7575757575757576,Ames|4233|2|4,2022-09-24
Satellite/Ames/TP6/Ames-TP6-4233_2_5.TIF,bdeebb5b009152a831588b89e6f278fd1186bf7af5410e29b8d46ab15c531f25:24131:1790427163641283900,,,"[""Pleiades NEO Red (0.619 - 0.69) um"", ""Pleiades NEO Green (0.533 - 0.591) um"", ""Pleiades NEO Blue (0.446 - 0.52) um"", ""Pleiades NEO NIR (0.768 - 0.888) um"", ""Pleiades NEO Red Edge (0.697 - 0.75) um"", ""Pleiades NEO Deep Blue (0.416 - 0.457) um""]",Ames,TP6,4233,2,5,624.0,680.0,430.5,2622.0,1831.0,428.5,0.6181889526398148,0.17671342236384383,200,0.7575757575757576,Ames|4233|2|5,2022-09-24
Satellite/Ames/TP6/Ames-TP6-4233_2_6.TIF,bdeebb5b009152a831588b89e6f278fd1186bf7af5410e29b8d46ab15c531f25:24161:1790427163847310900,,,"[""Pleiades NEO Red (0.619 - 0.69) um"", ""Pleiades NEO Green (0.533 - 0.591) um"", ""Pleiades NEO Blue (0.446 - 0.52) um"", ""Pleiades NEO NIR (0.768 - 0.888) um"", ""Pleiades NEO Red Edge (0.697 - 0.75) um"", ""Pleiades NEO Deep Blue (0.416 - 0.457) um""]",Ames,TP6,4233,2,6,679.5,709.0,455.0,2598.0,1838.5,454.0,0.5860162672508056,0.17018307303014152,200,0.8658008658008658,Ames|4233|2|6,2022-09-24
Satellite/Ames/TP6/Ames-TP6-4233_2_7.TIF,bdeebb5b009152a831588b89e6f278fd1186bf7af5410e29b8d46ab15c531f25:24249:1790427163998867200,,,"[""Pleiades NEO Red (0.619 - 0.69) um"", ""Pleiades NEO Green (0.533 - 0.591) um"", ""Pleiades NEO Blue (0.446 - 0.52) um"", ""Pleiades NEO NIR (0.768 - 0.888) um"", ""Pleiades NEO Red Edge (0.697 - 0.75) um"", ""Pleiades NEO Deep Blue (0.416 - 0.457) um""]",Ames,TP6,4233,2,7,662.5,701.5,443.5,2539.0,1826.5,420.0,0.5825620351737653,0.16332790612999182,204,0.8831168831168831,Ames|4233|2|7,2022-09-24
Satellite/Ames/TP6/Ames-TP6-4233_2_8.TIF,bdeebb5b009152a831588b89e6f278fd1186bf7af5410e29b8d46ab15c531f25:24355:1790427166239953400,,,"[""Pleiades NEO Red (0.619 - 0.69) um"", ""Pleiades NEO Green (0.533 - 0.591) um"", ""Pleiades NEO Blue (0.446 - 0.52) um"", ""Pleiades NEO NIR (0.768 - 0.888) um"", ""Pleiades NEO Red Edge (0.697 - 0.75) um"", ""Pleiades NEO Deep Blue (0.416 - 0.457) um""]",Ames,TP6,4233,2,8,618.5,675.5,426.0,2526.5,1797.5,401.5,0.6125401549054019,0.16798620782382923,214,0.9264069264069265,Ames|4233|2|8,2022-09-24
Satellite/Ames/TP6/Ames-TP6-4233_2_9.TIF,bdeebb5b009152a831588b89e6f278fd1186bf7af5410e29b8d46ab15c531f25:24322:1790427166046456400,,,"[""Pleiades NEO Red (0.619 - 0.69) um"", ""Pleiades NEO Green (0.533 - 0.591) um"", ""Pleiades NEO Blue (0.446 - 0.52) um"", ""Pleiades NEO NIR (0.768 - 0.888) um"", ""Pleiades NEO Red Edge (0.697 - 0.75) um"", ""Pleiades NEO Deep Blue (0.416 - 0.457) um""]",Ames,TP6,4233,2,9,642.5,695.5,427.5,2615.0,1854.5,423.0,0.606138258912897,0.17357797390312907,212,0.9177489177489178,Ames|4233|2|9,2022-09-24
Satellite/Ames/TP6/Ames-TP6-4233_3_1.TIF,bdeebb5b009152a831588b89e6f278fd1186bf7af5410e29b8d46ab15c531f25:24133:1790427164193383600,,,"[""Pleiades NEO Red (0.619 - 0.69) um"", ""Pleiades NEO Green (0.533 - 0.591) um"", ""Pleiades NEO Blue (0.446 - 0.52) um"", ""Pleiades NEO NIR (0.768 - 0.888) um"", ""Pleiades NEO Red Edge (0.697 - 0.75) um"", ""Pleiades NEO Deep Blue (0.416 - 0.457) um""]",Ames,TP6,4233,3,1,595.0,632.5,445.0,2346.5,1614.0,447.5,0.5888684262375699,0.17591971912738408,200,0.7936507936507936,Ames|4233|3|1,2022-09-24
Satellite/Ames/TP6/Ames-TP6-4233_3_11.TIF,bdeebb5b009152a831588b89e6f278fd1186bf7af5410e29b8d46ab15c531f25:24126:1790427166831116100,,,"[""Pleiades NEO Red (0.619 - 0.69) um"", ""Pleiades NEO Green (0.533 - 0.591) um"", ""Pleiades NEO Blue (0.446 - 0.52) um"", ""Pleiades NEO NIR (0.768 - 0.888) um"", ""Pleiades NEO Red Edge (0.697 - 0.75) um"", ""Pleiades NEO Deep Blue (0.416 - 0.457) um""]",Ames,TP6,4233,3,11,568.0,642.0,420.0,2813.5,1879.5,415.5,0.6650316883428948,0.20907855224427907,200,0.8658008658008658,Ames|4233|3|11,2022-09-24
Satellite/Ames/TP6/Ames-TP6-4233_3_12.TIF,bdeebb5b009152a831588b89e6f278fd1186bf7af5410e29b8d46ab15c531f25:24095:1790427166412548700,,,"[""Pleiades NEO Red (0.619 - 0.69) um"", ""Pleiades NEO Green (0.533 - 0.591) um"", ""Pleiades NEO Blue (0.446 - 0.52) um"", ""Pleiades NEO NIR (0.768 - 0.888) um"", ""Pleiades NEO Red Edge (0.697 - 0.75) um"", ""Pleiades NEO Deep Blue (0.416 - 0.457) um""]",Ames,TP6,4233,3,12,547.0,616.5,418.5,2832.5,1843.0,414.0,0.6732922732362822,0.2128388390063184,200,0.7575757575757576,Ames|4233|3|12,2022-09-24
Satellite/Ames/TP6/Ames-TP6-4233_3_2.TIF,bdeebb5b009152a831588b89e6f278fd1186bf7af5410e29b8d46ab15c531f25:24307:1790427164438669200,,,"[""Pleiades NEO Red (0.619 - 0.69) um"", ""Pleiades NEO Green (0.533 - 0.591) um"", ""Pleiades NEO Blue (0.446 - 0.52) um"", ""Pleiades NEO NIR (0.768 - 0.888) um"", ""Pleiades NEO Red Edge (0.697 - 0.75) um"", ""Pleiades NEO Deep Blue (0.416 - 0.457) um""]",Ames,TP6,4233,3,2,662.0,677.5,443.5,2488.0,1772.0,423.5,0.5811067951077302,0.1688582405963227,210,0.8333333333333334,Ames|4233|3|2,2022-09-24
Satellite/Ames/TP6/Ames-TP6-4233_4_1.TIF,bdeebb5b009152a831588b89e6f278fd1186bf7af5410e29b8d46ab15c531f25:24125:1790427163953832800,,,"[""Pleiades NEO Red (0.619 - 0.69) um"", ""Pleiades NEO Green (0.533 - 0.591) um"", ""Pleiades NEO Blue (0.446 - 0.52) um"", ""Pleiades NEO NIR (0.768 - 0.888) um"", ""Pleiades NEO Red Edge (0.697 - 0.75) um"", ""Pleiades NEO Deep Blue (0.416 - 0.457) um""]",Ames,TP6,4233,4,1,566.5,624.0,445.0,2236.5,1567.0,432.0,0.5935530142172621,0.17443409961756168,200,0.7575757575757576,Ames|4233|4|1,2022-09-24
Satellite/Ames/TP6/Ames-TP6-4233_4_11.TIF,bdeebb5b009152a831588b89e6f278fd1186bf7af5410e29b8d46ab15c531f25:24265:1790427163857310700,,,"[""Pleiades NEO Red (0.619 - 0.69) um"", ""Pleiades NEO Green (0.533 - 0.591) um"", ""Pleiades NEO Blue (0.446 - 0.52) um"", ""Pleiades NEO NIR (0.768 - 0.888) um"", ""Pleiades NEO Red Edge (0.697 - 0.75) um"", ""Pleiades NEO Deep Blue (0.416 - 0.457) um""]",Ames,TP6,4233,4,11,480.5,594.5,403.5,2825.5,1806.0,402.5,0.7107169836070408,0.22487960390804623,210,0.8333333333333334,Ames|4233|4|11,2022-09-24
Satellite/Ames/TP6/Ames-TP6-4233_4_12.TIF,bdeebb5b009152a831588b89e6f278fd1186bf7af5410e29b8d46ab15c531f25:24174:1790427163636284300,,,"[""Pleiades NEO Red (0.619 - 0.69) um"", ""Pleiades NEO Green (0.533 - 0.591) um"", ""Pleiades NEO Blue (0.446 - 0.52) um"", ""Pleiades NEO NIR (0.768 - 0.888) um"", ""Pleiades NEO Red Edge (0.697 - 0.75) um"", ""Pleiades NEO Deep Blue (0.416 - 0.457) um""]",Ames,TP6,4233,4,12,479.5,598.5,410.5,2978.5,1815.0,421.5,0.7181384367895844,0.24058458711680553,204,0.8095238095238095,Ames|4233|4|12,2022-09-24
Satellite/Ames/TP6/Ames-TP6-4233_4_2.TIF,bdeebb5b009152a831588b89e6f278fd1186bf7af5410e29b8d46ab15c531f25:24164:1790427163744794500,,,"[""Pleiades NEO Red (0.619 - 0.69) um"", ""Pleiades NEO Green (0.533 - 0.591) um"", ""Pleiades NEO Blue (0.446 - 0.52) um"", ""Pleiades NEO NIR (0.768 - 0.888) um"", ""Pleiades NEO Red Edge (0.697 - 0.75) um"", ""Pleiades NEO Deep Blue (0.416 - 0.457) um""]",Ames,TP6,4233,4,2,671.0,710.0,453.0,2481.0,1807.0,439.5,0.579832424939456,0.15980475992339088,200,0.8658008658008658,Ames|4233|4|2,2022-09-24
Satellite/Ames/TP6/Ames-TP6-4233_5_1.TIF,bdeebb5b009152a831588b89e6f278fd1186bf7af5410e29b8d46ab15c531f25:24184:1790427164679695900,,,"[""Pleiades NEO Red (0.619 - 0.69) um"", ""Pleiades NEO Green (0.533 - 0.591) um"", ""Pleiades NEO Blue (0.446 - 0.52) um"", ""Pleiades NEO NIR (0.768 - 0.888) um"", ""Pleiades NEO Red Edge (0.697 - 0.75) um"", ""Pleiades NEO Deep Blue (0.416 - 0.457) um""]",Ames,TP6,4233,5,1,619.5,671.5,447.0,2296.0,1642.0,445.0,0.5798124323898268,0.16451162837677785,200,0.8264462809917356,Ames|4233|5|1,2022-09-24
Satellite/Ames/TP6/Ames-TP6-4233_5_11.TIF,bdeebb5b009152a831588b89e6f278fd1186bf7af5410e29b8d46ab15c531f25:24119:1790427165456354000,,,"[""Pleiades NEO Red (0.619 - 0.69) um"", ""Pleiades NEO Green (0.533 - 0.591) um"", ""Pleiades NEO Blue (0.446 - 0.52) um"", ""Pleiades NEO NIR (0.768 - 0.888) um"", ""Pleiades NEO Red Edge (0.697 - 0.75) um"", ""Pleiades NEO Deep Blue (0.416 - 0.457) um""]",Ames,TP6,4233,5,11,494.0,593.0,393.0,2636.0,1694.5,400.0,0.6809952411060753,0.21396417850710425,200,0.8658008658008658,Ames|4233|5|11,2022-09-24
Satellite/Ames/TP6/Ames-TP6-4233_5_12.TIF,bdeebb5b009152a831588b89e6f278fd1186bf7af5410e29b8d46ab15c531f25:24219:1790427165641891600,,,"[""Pleiades NEO Red (0.619 - 0.69) um"", ""Pleiades NEO Green (0.533 - 0.591) um"", ""Pleiades NEO Blue (0.446 - 0.52) um"", ""Pleiades NEO NIR (0.768 - 0.888) um"", ""Pleiades NEO Red Edge (0.697 - 0.75) um"", ""Pleiades NEO Deep Blue (0.416 - 0.457) um""]",Ames,TP6,4233,5,12,524.0,633.5,424.0,2983.5,1902.0,431.5,0.7021218127495863,0.22255006330200156,206,0.8917748917748918,Ames|4233|5|12,2022-09-24
Satellite/Ames/TP6/Ames-TP6-4233_5_2.TIF,bdeebb5b009152a831588b89e6f278fd1186bf7af5410e29b8d46ab15c531f25:24164:1790427164916245000,,,"[""Pleiades NEO Red (0.619 - 0.69) um"", ""Pleiades NEO Green (0.533 - 0.591) um"", ""Pleiades NEO Blue (0.446 - 0.52) um"", ""Pleiades NEO NIR (0.768 - 0.888) um"", ""Pleiades NEO Red Edge (0.697 - 0.75) um"", ""Pleiades NEO Deep Blue (0.416 - 0.457) um""]",Ames,TP6,4233,5,2,662.5,721.5,456.0,2440.5,1793.0,438.0,0.5770803363383706,0.1551854006940756,200,0.8264462809917356,Ames|4233|5|2,2022-09-24
Satellite/Ames/TP6/Ames-TP6-4233_6_1.TIF,bdeebb5b009152a831588b89e6f278fd1186bf7af5410e29b8d46ab15c531f25:24273:1790427163715795200,,,"[""Pleiades NEO Red (0.619 - 0.69) um"", ""Pleiades NEO Green (0.533 - 0.591) um"", ""Pleiades NEO Blue (0.446 - 0.52) um"", ""Pleiades NEO NIR (0.768 - 0.888) um"", ""Pleiades NEO Red Edge (0.697 - 0.75) um"", ""Pleiades NEO Deep Blue (0.416 - 0.457) um""]",Ames,TP6,4233,6,1,557.5,602.0,411.0,2270.0,1552.5,424.5,0.6011837760311343,0.1869561544761868,208,0.9004329004329005,Ames|4233|6|1,2022-09-24
Satellite/Ames/TP6/Ames-TP6-4233_6_11.TIF,bdeebb5b009152a831588b89e6f278fd1186bf7af5410e29b8d46ab15c531f25:24094:1790427163211221300,,,"[""Pleiades NEO Red (0.619 - 0.69) um"", ""Pleiades NEO Green (0.533 - 0.591) um"", ""Pleiades NEO Blue (0.446 - 0.52) um"", ""Pleiades NEO NIR (0.768 - 0.888) um"", ""Pleiades NEO Red Edge (0.697 - 0.75) um"", ""Pleiades NEO Deep Blue (0.416 - 0.457) um""]",Ames,TP6,4233,6,11,521.0,606.5,418.5,2738.0,1717.0,423.0,0.6767626253795165,0.2131320474823742,200,0.8264462809917356,Ames|4233|6|11,2022-09-24
Satellite/Ames/TP6/Ames-TP6-4233_6_12.TIF,bdeebb5b009152a831588b89e6f278fd1186bf7af5410e29b8d46ab15c531f25:24220:1790427163435253000,,,"[""Pleiades NEO Red (0.619 - 0.69) um"", ""Pleiades NEO Green (0.533 - 0.591) um"", ""Pleiades NEO Blue (0.446 - 0.52) um"", ""Pleiades NEO NIR (0.768 - 0.888) um"", ""Pleiades NEO Red Edge (0.697 - 0.75) um"", ""Pleiades NEO Deep Blue (0.416 - 0.457) um""]",Ames,TP6,4233,6,12,489.0,596.0,406.0,2901.0,1788.0,409.0,0.7156371730662214,0.24031007751937986,203,0.8388429752066116,Ames|4233|6|12,2022-09-24
Satellite/Ames/TP6/Ames-TP6-4233_6_2.TIF,bdeebb5b009152a831588b89e6f278fd1186bf7af5410e29b8d46ab15c531f25:24308:1790427163917833300,,,"[""Pleiades NEO Red (0.619 - 0.69) um"", ""Pleiades NEO Green (0.533 - 0.591) um"", ""Pleiades NEO Blue (0.446 - 0.52) um"", ""Pleiades NEO NIR (0.768 - 0.888) um"", ""Pleiades NEO Red Edge (0.697 - 0.75) um"", ""Pleiades NEO Deep Blue (0.416 - 0.457) um""]",Ames,TP6,4233,6,2,581.0,648.0,414.0,2516.0,1783.0,418.0,0.6198347107438017,0.17326124354878347,211,0.9134199134199135,Ames|4233|6|2,2022-09-24
Satellite/Ames/TP6/Ames-TP6-4233_7_1.TIF,bdeebb5b009152a831588b89e6f278fd1186bf7af5410e29b8d46ab15c531f25:24348:1790427164773217200,,,"[""Pleiades NEO Red (0.619 - 0.69) um"", ""Pleiades NEO Green (0.533 - 0.591) um"", ""Pleiades NEO Blue (0.446 - 0.52) um"", ""Pleiades NEO NIR (0.768 - 0.888) um"", ""Pleiades NEO Red Edge (0.697 - 0.75) um"", ""Pleiades NEO Deep Blue (0.416 - 0.457) um""]",Ames,TP6,4233,7,1,520.0,583.0,400.0,2441.0,1605.0,407.0,0.6557949912638322,0.20667088874815284,213,0.922077922077922,Ames|4233|7|1,2022-09-24
Satellite/Ames/TP6/Ames-TP6-4233_7_11.TIF,bdeebb5b009152a831588b89e6f278fd1186bf7af5410e29b8d46ab15c531f25:24300:1790427165341839600,,,"[""Pleiades NEO Red (0.619 - 0.69) um"", ""Pleiades NEO Green (0.533 - 0.591) um"", ""Pleiades NEO Blue (0.446 - 0.52) um"", ""Pleiades NEO NIR (0.768 - 0.888) um"", ""Pleiades NEO Red Edge (0.697 - 0.75) um"", ""Pleiades NEO Deep Blue (0.416 - 0.457) um""]",Ames,TP6,4233,7,11,505.0,605.0,415.0,2794.0,1770.0,415.0,0.6945436002039775,0.22094995759117897,211,0.9134199134199135,Ames|4233|7|11,2022-09-24
Satellite/Ames/TP6/Ames-TP6-4233_7_12.TIF,bdeebb5b009152a831588b89e6f278fd1186bf7af5410e29b8d46ab15c531f25:24219:1790427165157810200,,,"[""Pleiades NEO Red (0.619 - 0.69) um"", ""Pleiades NEO Green (0.533 - 0.591) um"", ""Pleiades NEO Blue (0.446 - 0.52) um"", ""Pleiades NEO NIR (0.768 - 0.888) um"", ""Pleiades NEO Red Edge (0.697 - 0.75) um"", ""Pleiades NEO Deep Blue (0.416 - 0.457) um""]",Ames,TP6,4233,7,12,546.0,667.0,435.5,3104.5,1944.5,436.5,0.7061007184101411,0.2361775257190305,208,0.859504132231405,Ames|4233|7|12,2022-09-24
Satellite/Ames/TP6/Ames-TP6-4233_7_2.TIF,bdeebb5b009152a831588b89e6f278fd1186bf7af5410e29b8d46ab15c531f25:24258:1790427164547181100,,,"[""Pleiades NEO Red (0.619 - 0.69) um"", ""Pleiades NEO Green (0.533 - 0.591) um"", ""Pleiades NEO Blue (0.446 - 0.52) um"", ""Pleiades NEO NIR (0.768 - 0.888) um"", ""Pleiades NEO Red Edge (0.697 - 0.75) um"", ""Pleiades NEO Deep Blue (0.416 - 0.457) um""]",Ames,TP6,4233,7,2,569.0,662.0,420.0,2728.0,1855.0,423.0,0.6530288614018395,0.19525691699604744,207,0.8961038961038961,Ames|4233|7|2,2022-09-24
Satellite/Ames/TP6/Ames-TP6-4233_8_1.TIF,bdeebb5b009152a831588b89e6f278fd1186bf7af5410e29b8d46ab15c531f25:24120:1790427165821905600,,,"[""Pleiades NEO Red (0.619 - 0.69) um"", ""Pleiades NEO Green (0.533 - 0.591) um"", ""Pleiades NEO Blue (0.446 - 0.52) um"", ""Pleiades NEO NIR (0.768 - 0.888) um"", ""Pleiades NEO Red Edge (0.697 - 0.75) um"", ""Pleiades NEO Deep Blue (0.416 - 0.457) um""]",Ames,TP6,4233,8,1,524.0,616.5,425.5,2562.5,1663.5,419.5,0.6669028511947739,0.21302372230016103,200,0.8658008658008658,Ames|4233|8|1,2022-09-24
Satellite/Ames/TP6/Ames-TP6-4233_8_11.TIF,bdeebb5b009152a831588b89e6f278fd1186bf7af5410e29b8d46ab15c531f25:24199:1790427163876310500,,,"[""Pleiades NEO Red (0.619 - 0.69) um"", ""Pleiades NEO Green (0.533 - 0.591) um"", ""Pleiades NEO Blue (0.446 - 0.52) um"", ""Pleiades NEO NIR (0.768 - 0.888) um"", ""Pleiades NEO Red Edge (0.697 - 0.75) um"", ""Pleiades NEO Deep Blue (0.416 - 0.457) um""]",Ames,TP6,4233,8,11,470.0,601.5,411.0,2884.0,1784.0,411.5,0.7213085650811282,0.23588001165622907,208,0.9004329004329005,Ames|4233|8|11,2022-09-24
Satellite/Ames/TP6/Ames-TP6-4233_8_12.TIF,bdeebb5b009152a831588b89e6f278fd1186bf7af5410e29b8d46ab15c531f25:24088:1790427163671283900,,,"[""Pleiades NEO Red (0.619 - 0.69) um"", ""Pleiades NEO Green (0.533 - 0.591) um"", ""Pleiades NEO Blue (0.446 - 0.52) um"", ""Pleiades NEO NIR (0.768 - 0.888) um"", ""Pleiades NEO Red Edge (0.697 - 0.75) um"", ""Pleiades NEO Deep Blue (0.416 - 0.457) um""]",Ames,TP6,4233,8,12,476.0,607.0,404.5,3028.0,1869.0,419.5,0.7291835167078535,0.2359862524987128,200,0.8658008658008658,Ames|4233|8|12,2022-09-24
Satellite/Ames/TP6/Ames-TP6-4233_8_2.TIF,bdeebb5b009152a831588b89e6f278fd1186bf7af5410e29b8d46ab15c531f25:24230:1790427166140674300,,,"[""Pleiades NEO Red (0.619 - 0.69) um"", ""Pleiades NEO Green (0.533 - 0.591) um"", ""Pleiades NEO Blue (0.446 - 0.52) um"", ""Pleiades NEO NIR (0.768 - 0.888) um"", ""Pleiades NEO Red Edge (0.697 - 0.75) um"", ""Pleiades NEO Deep Blue (0.416 - 0.457) um""]",Ames,TP6,4233,8,2,639.0,721.0,451.0,2780.0,1916.0,443.0,0.6275933609958506,0.1834918065951851,203,0.8787878787878788,Ames|4233|8|2,2022-09-24
Satellite/Ames/TP6/Ames-TP6-4233_9_1.TIF,bdeebb5b009152a831588b89e6f278fd1186bf7af5410e29b8d46ab15c531f25:24128:1790427165189814600,,,"[""Pleiades NEO Red (0.619 - 0.69) um"", ""Pleiades NEO Green (0.533 - 0.591) um"", ""Pleiades NEO Blue (0.446 - 0.52) um"", ""Pleiades NEO NIR (0.768 - 0.888) um"", ""Pleiades NEO Red Edge (0.697 - 0.75) um"", ""Pleiades NEO Deep Blue (0.416 - 0.457) um""]",Ames,TP6,4233,9,1,559.0,658.0,439.5,2546.5,1708.5,443.0,0.6506891270033712,0.19621030790307004,200,0.7575757575757576,Ames|4233|9|1,2022-09-24
Satellite/Ames/TP6/Ames-TP6-4233_9_11.TIF,bdeebb5b009152a831588b89e6f278fd1186bf7af5410e29b8d46ab15c531f25:24173:1790427165512386300,,,"[""Pleiades NEO Red (0.619 - 0.69) um"", ""Pleiades NEO Green (0.533 - 0.591) um"", ""Pleiades NEO Blue (0.446 - 0.52) um"", ""Pleiades NEO NIR (0.768 - 0.888) um"", ""Pleiades NEO Red Edge (0.697 - 0.75) um"", ""Pleiades NEO Deep Blue (0.416 - 0.457) um""]",Ames,TP6,4233,9,11,498.0,621.0,427.5,2841.0,1818.5,420.0,0.7003197521651279,0.220504204365246,202,0.8744588744588745,Ames|4233|9|11,2022-09-24
Satellite/Ames/TP6/Ames-TP6-4233_9_12.TIF,bdeebb5b009152a831588b89e6f278fd1186bf7af5410e29b8d46ab15c531f25:24255:1790427165699398700,,,"[""Pleiades NEO Red (0.619 - 0.69) um"", ""Pleiades NEO Green (0.533 - 0.591) um"", ""Pleiades NEO Blue (0.446 - 0.52) um"", ""Pleiades NEO NIR (0.768 - 0.888) um"", ""Pleiades NEO Red Edge (0.697 - 0.75) um"", ""Pleiades NEO Deep Blue (0.416 - 0.457) um""]",Ames,TP6,4233,9,12,491.0,603.0,412.5,2877.0,1784.0,414.5,0.7081865620745709,0.23315015127108968,210,0.8333333333333334,Ames|4233|9|12,2022-09-24
Satellite/Ames/TP6/Ames-TP6-4233_9_2.TIF,bdeebb5b009152a831588b89e6f278fd1186bf7af5410e29b8d46ab15c531f25:24191:1790427164991250500,,,"[""Pleiades NEO Red (0.619 - 0.69) um"", ""Pleiades NEO Green (0.533 - 0.591) um"", ""Pleiades NEO Blue (0.446 - 0.52) um"", ""Pleiades NEO NIR (0.768 - 0.888) um"", ""Pleiades NEO Red Edge (0.697 - 0.75) um"", ""Pleiades NEO Deep Blue (0.416 - 0.457) um""]",Ames,TP6,4233,9,2,651.0,713.0,466.5,2693.5,1884.5,443.5,0.618462235389744,0.17858907776425567,200,0.7575757575757576,Ames|4233|9|2,2022-09-24
Satellite/Scottsbluff/TP1/Scottsbluff-TP1-n150_23_17.TIF,bdeebb5b009152a831588b89e6f278fd1186bf7af5410e29b8d46ab15c531f25:24912:1790427132538403700,,,"[""Pleiades NEO Red (0.619 - 0.69) um"", ""Pleiades NEO Green (0.533 - 0.591) um"", ""Pleiades NEO Blue (0.446 - 0.52) um"", ""Pleiades NEO NIR (0.768 - 0.888) um"", ""Pleiades NEO Red Edge (0.697 - 0.75) um"", ""Pleiades NEO Deep Blue (0.416 - 0.457) um""]",Scottsbluff,TP1,n150,23,17,1412.0,1230.0,874.5,2971.0,2354.5,691.0,0.3595026701610734,0.11768607536641582,254,0.7839506172839507,Scottsbluff|n150|23|17,2022-07-04
Satellite/Scottsbluff/TP1/Scottsbluff-TP1-n150_24_17.TIF,bdeebb5b009152a831588b89e6f278fd1186bf7af5410e29b8d46ab15c531f25:24853:1790427131915340800,,,"[""Pleiades NEO Red (0.619 - 0.69) um"", ""Pleiades NEO Green (0.533 - 0.591) um"", ""Pleiades NEO Blue (0.446 - 0.52) um"", ""Pleiades NEO NIR (0.768 - 0.888) um"", ""Pleiades NEO Red Edge (0.697 - 0.75) um"", ""Pleiades NEO Deep Blue (0.416 - 0.457) um""]",Scottsbluff,TP1,n150,24,17,1287.5,1157.0,816.5,2867.0,2216.0,654.0,0.3927698868011166,0.12655949368059344,252,0.8076923076923077,Scottsbluff|n150|24|17,2022-07-04
Satellite/Scottsbluff/TP1/Scottsbluff-TP1-n150_25_17.TIF,bdeebb5b009152a831588b89e6f278fd1186bf7af5410e29b8d46ab15c531f25:24983:1790427132956433300,,,"[""Pleiades NEO Red (0.619 - 0.69) um"", ""Pleiades NEO Green (0.533 - 0.591) um"", ""Pleiades NEO Blue (0.446 - 0.52) um"", ""Pleiades NEO NIR (0.768 - 0.888) um"", ""Pleiades NEO Red Edge (0.697 - 0.75) um"", ""Pleiades NEO Deep Blue (0.416 - 0.457) um""]",Scottsbluff,TP1,n150,25,17,1446.0,1218.0,886.5,2732.5,2211.0,694.0,0.30749629460968664,0.10566371887552461,266,0.8525641025641025,Scottsbluff|n150|25|17,2022-07-04
Satellite/Scottsbluff/TP1/Scottsbluff-TP1-n150_26_17.TIF,bdeebb5b009152a831588b89e6f278fd1186bf7af5410e29b8d46ab15c531f25:24874:1790427131424301400,,,"[""Pleiades NEO Red (0.619 - 0.69) um"", ""Pleiades NEO Green (0.533 - 0.591) um"", ""Pleiades NEO Blue (0.446 - 0.52) um"", ""Pleiades NEO NIR (0.768 - 0.888) um"", ""Pleiades NEO Red Edge (0.697 - 0.75) um"", ""Pleiades NEO Deep Blue (0.416 - 0.457) um""]",Scottsbluff,TP1,n150,26,17,1312.5,1167.0,821.5,2856.5,2235.0,651.5,0.37561546808957635,0.12068447147701453,256,0.8205128205128205,Scottsbluff|n150|26|17,2022-07-04
Satellite/Scottsbluff/TP1/Scottsbluff-TP1-n150_27_17.TIF,bdeebb5b009152a831588b89e6f278fd1186bf7af5410e29b8d46ab15c531f25:24849:1790427132851927100,,,"[""Pleiades NEO Red (0.619 - 0.69) um"", ""Pleiades NEO Green (0.533 - 0.591) um"", ""Pleiades NEO Blue (0.446 - 0.52) um"", ""Pleiades NEO NIR (0.768 - 0.888) um"", ""Pleiades NEO Red Edge (0.697 - 0.75) um"", ""Pleiades NEO Deep Blue (0.416 - 0.457) um""]",Scottsbluff,TP1,n150,27,17,1369.0,1203.0,848.0,2822.0,2230.0,698.0,0.355021216407355,0.11884996962947965,255,0.7870370370370371,Scottsbluff|n150|27|17,2022-07-04
Satellite/Scottsbluff/TP1/Scottsbluff-TP1-n225_23_26.TIF,bdeebb5b009152a831588b89e6f278fd1186bf7af5410e29b8d46ab15c531f25:24802:1790427132313884100,,,"[""Pleiades NEO Red (0.619 - 0.69) um"", ""Pleiades NEO Green (0.533 - 0.591) um"", ""Pleiades NEO Blue (0.446 - 0.52) um"", ""Pleiades NEO NIR (0.768 - 0.888) um"", ""Pleiades NEO Red Edge (0.697 - 0.75) um"", ""Pleiades NEO Deep Blue (0.416 - 0.457) um""]",Scottsbluff,TP1,n225,23,26,1334.0,1207.0,831.0,3166.0,2437.5,660.5,0.4040246383716867,0.13070672451229556,250,0.7716049382716049,Scottsbluff|n225|23|26,2022-07-04
Satellite/Scottsbluff/TP1/Scottsbluff-TP1-n225_24_26.TIF,bdeebb5b009152a831588b89e6f278fd1186bf7af5410e29b8d46ab15c531f25:24858:1790427131648819200,,,"[""Pleiades NEO Red (0.619 - 0.69) um"", ""Pleiades NEO Green (0.533 - 0.591) um"", ""Pleiades NEO Blue (0.446 - 0.52) um"", ""Pleiades NEO NIR (0.768 - 0.888) um"", ""Pleiades NEO Red Edge (0.697 - 0.75) um"", ""Pleiades NEO Deep Blue (0.416 - 0.457) um""]",Scottsbluff,TP1,n225,24,26,1271.0,1162.0,795.0,3026.5,2317.0,639.0,0.4094300843318911,0.133223035507275,258,0.8269230769230769,Scottsbluff|n225|24|26,2022-07-04
Satellite/Scottsbluff/TP1/Scottsbluff-TP1-n225_25_26.TIF,bdeebb5b009152a831588b89e6f278fd1186bf7af5410e29b8d46ab15c531f25:24820:1790427133260459100,,,"[""Pleiades NEO Red (0.619 - 0.69) um"", ""Pleiades NEO Green (0.533 - 0.591) um"", ""Pleiades NEO Blue (0.446 - 0.52) um"", ""Pleiades NEO NIR (0.768 - 0.888) um"", ""Pleiades NEO Red Edge (0.697 - 0.75) um"", ""Pleiades NEO Deep Blue (0.416 - 0.457) um""]",Scottsbluff,TP1,n225,25,26,1334.0,1192.0,837.0,2894.0,2284.0,670.0,0.38912732474964234,0.12171746214299406,257,0.8237179487179487,Scottsbluff|n225|25|26,2022-07-04
Satellite/Scottsbluff/TP1/Scottsbluff-TP1-n225_26_26.TIF,bdeebb5b009152a831588b89e6f278fd1186bf7af5410e29b8d46ab15c531f25:24744:1790427131504312400,,,"[""Pleiades NEO Red (0.619 - 0.69) um"", ""Pleiades NEO Green (0.533 - 0.591) um"", ""Pleiades NEO Blue (0.446 - 0.52) um"", ""Pleiades NEO NIR (0.768 - 0.888) um"", ""Pleiades NEO Red Edge (0.697 - 0.75) um"", ""Pleiades NEO Deep Blue (0.416 - 0.457) um""]",Scottsbluff,TP1,n225,26,26,1252.5,1132.0,792.0,2943.5,2260.0,635.5,0.41036149319014437,0.1318747780007104,252,0.7777777777777778,Scottsbluff|n225|26|26,2022-07-04
Satellite/Scottsbluff/TP1/Scottsbluff-TP1-n225_27_26.TIF,bdeebb5b009152a831588b89e6f278fd1186bf7af5410e29b8d46ab15c531f25:24745:1790427132740419600,,,"[""Pleiades NEO Red (0.619 - 0.69) um"", ""Pleiades NEO Green (0.533 - 0.591) um"", ""Pleiades NEO Blue (0.446 - 0.52) um"", ""Pleiades NEO NIR (0.768 - 0.888) um"", ""Pleiades NEO Red Edge (0.697 - 0.75) um"", ""Pleiades NEO Deep Blue (0.416 - 0.457) um""]",Scottsbluff,TP1,n225,27,26,1307.0,1155.0,813.0,2911.0,2242.0,644.0,0.3822035769485538,0.13107049608355092,251,0.8044871794871795,Scottsbluff|n225|27|26,2022-07-04
Satellite/Scottsbluff/TP1/Scottsbluff-TP1-n75_23_4.TIF,bdeebb5b009152a831588b89e6f278fd1186bf7af5410e29b8d46ab15c531f25:24994:1790427131269287800,,,"[""Pleiades NEO Red (0.619 - 0.69) um"", ""Pleiades NEO Green (0.533 - 0.591) um"", ""Pleiades NEO Blue (0.446 - 0.52) um"", ""Pleiades NEO NIR (0.768 - 0.888) um"", ""Pleiades NEO Red Edge (0.697 - 0.75) um"", ""Pleiades NEO Deep Blue (0.416 - 0.457) um""]",Scottsbluff,TP1,n75,23,4,1390.0,1220.0,876.0,2860.5,2275.0,692.0,0.34985348707709246,0.11392545826168263,260,0.9090909090909091,Scottsbluff|n75|23|4,2022-07-04
Satellite/Scottsbluff/TP1/Scottsbluff-TP1-n75_23_7.TIF,bdeebb5b009152a831588b89e6f278fd1186bf7af5410e29b8d46ab15c531f25:24943:1790427131122781200,,,"[""Pleiades NEO Red (0.619 - 0.69) um"", ""Pleiades NEO Green (0.533 - 0.591) um"", ""Pleiades NEO Blue (0.446 - 0.52) um"", ""Pleiades NEO NIR (0.768 - 0.888) um"", ""Pleiades NEO Red Edge (0.697 - 0.75) um"", ""Pleiades NEO Deep Blue (0.416 - 0.457) um""]",Scottsbluff,TP1,n75,23,7,1317.5,1177.5,838.0,2940.5,2295.5,666.0,0.38967238254647235,0.1253370428667772,260,0.8333333333333334,Scottsbluff|n75|23|7,2022-07-04
Satellite/Scottsbluff/TP1/Scottsbluff-TP1-n75_24_7.TIF,bdeebb5b009152a831588b89e6f278fd1186bf7af5410e29b8d46ab15c531f25:24837:1790427131604819000,,,"[""Pleiades NEO Red (0.619 - 0.69) um"", ""Pleiades NEO Green (0.533 - 0.591) um"", ""Pleiades NEO Blue (0.446 - 0.52) um"", ""Pleiades NEO NIR (0.768 - 0.888) um"", ""Pleiades NEO Red Edge (0.697 - 0.75) um"", ""Pleiades NEO Deep Blue (0.416 - 0.457) um""]",Scottsbluff,TP1,n75,24,7,1254.5,1146.5,792.5,3023.0,2311.5,635.0,0.41027138052045803,0.13674825513103145,258,0.8269230769230769,Scottsbluff|n75|24|7,2022-07-04
Satellite/Scottsbluff/TP1/Scottsbluff-TP1-n75_25_7.TIF,bdeebb5b009152a831588b89e6f278fd1186bf7af5410e29b8d46ab15c531f25:24763:1790427130741250000,,,"[""Pleiades NEO Red (0.619 - 0.69) um"", ""Pleiades NEO Green (0.533 - 0.591) um"", ""Pleiades NEO Blue (0.446 - 0.52) um"", ""Pleiades NEO NIR (0.768 - 0.888) um"", ""Pleiades NEO Red Edge (0.697 - 0.75) um"", ""Pleiades NEO Deep Blue (0.416 - 0.457) um""]",Scottsbluff,TP1,n75,25,7,1293.0,1154.0,805.0,2944.0,2275.0,660.0,0.3940256045519203,0.12769172648281074,257,0.7932098765432098,Scottsbluff|n75|25|7,2022-07-04
Satellite/Scottsbluff/TP1/Scottsbluff-TP1-n75_26_7.TIF,bdeebb5b009152a831588b89e6f278fd1186bf7af5410e29b8d46ab15c531f25:24805:1790427131299794800,,,"[""Pleiades NEO Red (0.619 - 0.69) um"", ""Pleiades NEO Green (0.533 - 0.591) um"", ""Pleiades NEO Blue (0.446 - 0.52) um"", ""Pleiades NEO NIR (0.768 - 0.888) um"", ""Pleiades NEO Red Edge (0.697 - 0.75) um"", ""Pleiades NEO Deep Blue (0.416 - 0.457) um""]",Scottsbluff,TP1,n75,26,7,1290.0,1162.5,808.0,2920.5,2262.5,664.0,0.3899601662733556,0.12700298519752273,252,0.7777777777777778,Scottsbluff|n75|26|7,2022-07-04
Satellite/Scottsbluff/TP1/Scottsbluff-TP1-n75_27_7.TIF,bdeebb5b009152a831588b89e6f278fd1186bf7af5410e29b8d46ab15c531f25:24915:1790427130848756400,,,"[""Pleiades NEO Red (0.619 - 0.69) um"", ""Pleiades NEO Green (0.533 - 0.591) um"", ""Pleiades NEO Blue (0.446 - 0.52) um"", ""Pleiades NEO NIR (0.768 - 0.888) um"", ""Pleiades NEO Red Edge (0.697 - 0.75) um"", ""Pleiades NEO Deep Blue (0.416 - 0.457) um""]",Scottsbluff,TP1,n75,27,7,1355.5,1188.0,856.5,2849.5,2258.0,678.5,0.3585824111988409,0.11629570093799377,262,0.8397435897435898,Scottsbluff|n75|27|7,2022-07-04
Satellite/Scottsbluff/TP2/Scottsbluff-TP2-n150_23_17.TIF,bdeebb5b009152a831588b89e6f278fd1186bf7af5410e29b8d46ab15c531f25:24938:1790427125171875000,,,"[""Pleiades NEO Red (0.618 - 0.689) um"", ""Pleiades NEO Green (0.533 - 0.59) um"", ""Pleiades NEO Blue (0.446 - 0.52) um"", ""Pleiades NEO NIR (0.768 - 0.888) um"", ""Pleiades NEO Red Edge (0.696 - 0.749) um"", ""Pleiades NEO Deep Blue (0.416 - 0.456) um""]",Scottsbluff,TP2,n150,23,17,977.5,1014.5,699.0,3731.0,2414.0,568.0,0.5865582203034609,0.21320617561219063,254,0.7839506172839507,Scottsbluff|n150|23|17,2022-07-17
Satellite/Scottsbluff/TP2/Scottsbluff-TP2-n150_24_17.TIF,bdeebb5b009152a831588b89e6f278fd1186bf7af5410e29b8d46ab15c531f25:24926:1790427123050649300,,,"[""Pleiades NEO Red (0.618 - 0.689) um"", ""Pleiades NEO Green (0.533 - 0.59) um"", ""Pleiades NEO Blue (0.446 - 0.52) um"", ""Pleiades NEO NIR (0.768 - 0.888) um"", ""Pleiades NEO Red Edge (0.696 - 0.749) um"", ""Pleiades NEO Deep Blue (0.416 - 0.456) um""]",Scottsbluff,TP2,n150,24,17,883.0,952.0,647.0,3758.0,2343.0,537.0,0.6198152675405671,0.22948664898897414,252,0.8076923076923077,Scottsbluff|n150|24|17,2022-07-17
Satellite/Scottsbluff/TP2/Scottsbluff-TP2-n150_25_17.TIF,bdeebb5b009152a831588b89e6f278fd1186bf7af5410e29b8d46ab15c531f25:25174:1790427124308809400,,,"[""Pleiades NEO Red (0.618 - 0.689) um"", ""Pleiades NEO Green (0.533 - 0.59) um"", ""Pleiades NEO Blue (0.446 - 0.52) um"", ""Pleiades NEO NIR (0.768 - 0.888) um"", ""Pleiades NEO Red Edge (0.696 - 0.749) um"", ""Pleiades NEO Deep Blue (0.416 - 0.456) um""]",Scottsbluff,TP2,n150,25,17,1058.5,1031.5,743.5,3542.5,2351.5,602.0,0.541496556276544,0.20240579884522888,266,0.8525641025641025,Scottsbluff|n150|25|17,2022-07-17
Satellite/Scottsbluff/TP2/Scottsbluff-TP2-n150_26_17.TIF,bdeebb5b009152a831588b89e6f278fd1186bf7af5410e29b8d46ab15c531f25:24973:1790427122636106200,,,"[""Pleiades NEO Red (0.618 - 0.689) um"", ""Pleiades NEO Green (0.533 - 0.59) um"", ""Pleiades NEO Blue (0.446 - 0.52) um"", ""Pleiades NEO NIR (0.768 - 0.888) um"", ""Pleiades NEO Red Edge (0.696 - 0.749) um"", ""Pleiades NEO Deep Blue (0.416 - 0.456) um""]",Scottsbluff,TP2,n150,26,17,827.0,925.0,624.0,3876.0,2384.5,522.5,0.6299629710145158,0.23735798069754832,256,0.8205128205128205,Scottsbluff|n150|26|17,2022-07-17
Satellite/Scottsbluff/TP2/Scottsbluff-TP2-n150_27_17.TIF,bdeebb5b009152a831588b89e6f278fd1186bf7af5410e29b8d46ab15c531f25:24972:1790427124114361400,,,"[""Pleiades NEO Red (0.618 - 0.689) um"", ""Pleiades NEO Green (0.533 - 0.59) um"", ""Pleiades NEO Blue (0.446 - 0.52) um"", ""Pleiades NEO NIR (0.768 - 0.888) um"", ""Pleiades NEO Red Edge (0.696 - 0.749) um"", ""Pleiades NEO Deep Blue (0.416 - 0.456) um""]",Scottsbluff,TP2,n150,27,17,907.0,965.0,666.0,3694.0,2345.0,539.0,0.6043151608553265,0.22520495097251245,255,0.7870370370370371,Scottsbluff|n150|27|17,2022-07-17
Satellite/Scottsbluff/TP2/Scottsbluff-TP2-n225_23_26.TIF,bdeebb5b009152a831588b89e6f278fd1186bf7af5410e29b8d46ab15c531f25:24813:1790427125066368300,,,"[""Pleiades NEO Red (0.618 - 0.689) um"", ""Pleiades NEO Green (0.533 - 0.59) um"", ""Pleiades NEO Blue (0.446 - 0.52) um"", ""Pleiades NEO NIR (0.768 - 0.888) um"", ""Pleiades NEO Red Edge (0.696 - 0.749) um"", ""Pleiades NEO Deep Blue (0.416 - 0.456) um""]",Scottsbluff,TP2,n225,23,26,822.5,946.0,627.5,4131.0,2543.0,516.0,0.6691092141357897,0.23604345940102517,250,0.7716049382716049,Scottsbluff|n225|23|26,2022-07-17
Satellite/Scottsbluff/TP2/Scottsbluff-TP2-n225_24_26.TIF,bdeebb5b009152a831588b89e6f278fd1186bf7af5410e29b8d46ab15c531f25:24934:1790427122992649400,,,"[""Pleiades NEO Red (0.618 - 0.689) um"", ""Pleiades NEO Green (0.533 - 0.59) um"", ""Pleiades NEO Blue (0.446 - 0.52) um"", ""Pleiades NEO NIR (0.768 - 0.888) um"", ""Pleiades NEO Red Edge (0.696 - 0.749) um"", ""Pleiades NEO Deep Blue (0.416 - 0.456) um""]",Scottsbluff,TP2,n225,24,26,776.5,904.5,600.0,4039.0,2470.5,505.5,0.6735644242709715,0.2430279241716434,258,0.8269230769230769,Scottsbluff|n225|24|26,2022-07-17
Satellite/Scottsbluff/TP2/Scottsbluff-TP2-n225_25_26.TIF,bdeebb5b009152a831588b89e6f278fd1186bf7af5410e29b8d46ab15c531f25:24945:1790427124375812000,,,"[""Pleiades NEO Red (0.618 - 0.689) um"", ""Pleiades NEO Green (0.533 - 0.59) um"", ""Pleiades NEO Blue (0.446 - 0.52) um"", ""Pleiades NEO NIR (0.768 - 0.888) um"", ""Pleiades NEO Red Edge (0.696 - 0.749) um"", ""Pleiades NEO Deep Blue (0.416 - 0.456) um""]",Scottsbluff,TP2,n225,25,26,857.0,940.0,641.0,3847.0,2424.0,528.0,0.637669265490357,0.226977518734388,257,0.8237179487179487,Scottsbluff|n225|25|26,2022-07-17
Satellite/Scottsbluff/TP2/Scottsbluff-TP2-n225_26_26.TIF,bdeebb5b009152a831588b89e6f278fd1186bf7af5410e29b8d46ab15c531f25:24875:1790427122828124300,,,"[""Pleiades NEO Red (0.618 - 0.689) um"", ""Pleiades NEO Green (0.533 - 0.59) um"", ""Pleiades NEO Blue (0.446 - 0.52) um"", ""Pleiades NEO NIR (0.768 - 0.888) um"", ""Pleiades NEO Red Edge (0.696 - 0.749) um"", ""Pleiades NEO Deep Blue (0.416 - 0.456) um""]",Scottsbluff,TP2,n225,26,26,784.0,895.0,608.5,3914.0,2388.5,504.5,0.6563560737621126,0.23924914389779284,252,0.7777777777777778,Scottsbluff|n225|26|26,2022-07-17
Satellite/Scottsbluff/TP2/Scottsbluff-TP2-n225_27_26.TIF,bdeebb5b009152a831588b89e6f278fd1186bf7af5410e29b8d46ab15c531f25:24895:1790427123880330800,,,"[""Pleiades NEO Red (0.618 - 0.689) um"", ""Pleiades NEO Green (0.533 - 0.59) um"", ""Pleiades NEO Blue (0.446 - 0.52) um"", ""Pleiades NEO NIR (0.768 - 0.888) um"", ""Pleiades NEO Red Edge (0.696 - 0.749) um"", ""Pleiades NEO Deep Blue (0.416 - 0.456) um""]",Scottsbluff,TP2,n225,27,26,871.0,946.0,657.0,3911.0,2405.0,536.0,0.6327854671280276,0.23200535654502846,251,0.8044871794871795,Scottsbluff|n225|27|26,2022-07-17
Satellite/Scottsbluff/TP2/Scottsbluff-TP2-n75_23_4.TIF,bdeebb5b009152a831588b89e6f278fd1186bf7af5410e29b8d46ab15c531f25:24988:1790427125130874900,,,"[""Pleiades NEO Red (0.618 - 0.689) um"", ""Pleiades NEO Green (0.533 - 0.59) um"", ""Pleiades NEO Blue (0.446 - 0.52) um"", ""Pleiades NEO NIR (0.768 - 0.888) um"", ""Pleiades NEO Red Edge (0.696 - 0.749) um"", ""Pleiades NEO Deep Blue (0.416 - 0.456) um""]",Scottsbluff,TP2,n75,23,4,888.0,969.0,666.0,3746.0,2383.5,549.5,0.6155274321399927,0.22365344018107458,260,0.9090909090909091,Scottsbluff|n75|23|4,2022-07-17
Satellite/Scottsbluff/TP2/Scottsbluff-TP2-n75_23_7.TIF,bdeebb5b009152a831588b89e6f278fd1186bf7af5410e29b8d46ab15c531f25:25045:1790427124934356800,,,"[""Pleiades NEO Red (0.618 - 0.689) um"", ""Pleiades NEO Green (0.533 - 0.59) um"", ""Pleiades NEO Blue (0.446 - 0.52) um"", ""Pleiades NEO NIR (0.768 - 0.888) um"", ""Pleiades NEO Red Edge (0.696 - 0.749) um"", ""Pleiades NEO Deep Blue (0.416 - 0.456) um""]",Scottsbluff,TP2,n75,23,7,899.0,963.5,660.0,3874.5,2436.0,543.0,0.6250984251968503,0.22368489583502454,260,0.8333333333333334,Scottsbluff|n75|23|7,2022-07-17
Satellite/Scottsbluff/TP2/Scottsbluff-TP2-n75_24_7.TIF,bdeebb5b009152a831588b89e6f278fd1186bf7af5410e29b8d46ab15c531f25:24970:1790427124034853600,,,"[""Pleiades NEO Red (0.618 - 0.689) um"", ""Pleiades NEO Green (0.533 - 0.59) um"", ""Pleiades NEO Blue (0.446 - 0.52) um"", ""Pleiades NEO NIR (0.768 - 0.888) um"", ""Pleiades NEO Red Edge (0.696 - 0.749) um"", ""Pleiades NEO Deep Blue (0.416 - 0.456) um""]",Scottsbluff,TP2,n75,24,7,813.0,901.0,617.0,3789.0,2378.0,511.0,0.639151004163857,0.22982468315438892,258,0.8269230769230769,Scottsbluff|n75|24|7,2022-07-17
Satellite/Scottsbluff/TP2/Scottsbluff-TP2-n75_25_7.TIF,bdeebb5b009152a831588b89e6f278fd1186bf7af5410e29b8d46ab15c531f25:25025:1790427124548328500,,,"[""Pleiades NEO Red (0.618 - 0.689) um"", ""Pleiades NEO Green (0.533 - 0.59) um"", ""Pleiades NEO Blue (0.446 - 0.52) um"", ""Pleiades NEO NIR (0.768 - 0.888) um"", ""Pleiades NEO Red Edge (0.696 - 0.749) um"", ""Pleiades NEO Deep Blue (0.416 - 0.456) um""]",Scottsbluff,TP2,n75,25,7,900.0,1001.0,676.0,4021.0,2474.0,547.0,0.6382211538461539,0.2375383715831019,257,0.7932098765432098,Scottsbluff|n75|25|7,2022-07-17
Satellite/Scottsbluff/TP2/Scottsbluff-TP2-n75_26_7.TIF,bdeebb5b009152a831588b89e6f278fd1186bf7af5410e29b8d46ab15c531f25:24978:1790427124002853700,,,"[""Pleiades NEO Red (0.618 - 0.689) um"", ""Pleiades NEO Green (0.533 - 0.59) um"", ""Pleiades NEO Blue (0.446 - 0.52) um"", ""Pleiades NEO NIR (0.768 - 0.888) um"", ""Pleiades NEO Red Edge (0.696 - 0.749) um"", ""Pleiades NEO Deep Blue (0.416 - 0.456) um""]",Scottsbluff,TP2,n75,26,7,933.5,1000.5,675.5,3895.0,2471.0,547.5,0.6012788515928207,0.21529914158523977,252,0.7777777777777778,Scottsbluff|n75|26|7,2022-07-17
Satellite/Scottsbluff/TP2/Scottsbluff-TP2-n75_27_7.TIF,bdeebb5b009152a831588b89e6f278fd1186bf7af5410e29b8d46ab15c531f25:25224:1790427124788345300,,,"[""Pleiades NEO Red (0.618 - 0.689) um"", ""Pleiades NEO Green (0.533 - 0.59) um"", ""Pleiades NEO Blue (0.446 - 0.52) um"", ""Pleiades NEO NIR (0.768 - 0.888) um"", ""Pleiades NEO Red Edge (0.696 - 0.749) um"", ""Pleiades NEO Deep Blue (0.416 - 0.456) um""]",Scottsbluff,TP2,n75,27,7,938.5,1000.0,677.0,3900.5,2506.5,562.5,0.6032140402569672,0.2192876821965925,262,0.8397435897435898,Scottsbluff|n75|27|7,2022-07-17
Satellite/Scottsbluff/TP3/Scottsbluff-TP3-n150_23_17.TIF,bdeebb5b009152a831588b89e6f278fd1186bf7af5410e29b8d46ab15c531f25:24943:1790427122149781700,,,"[""Pleiades NEO Red (0.618 - 0.689) um"", ""Pleiades NEO Green (0.533 - 0.59) um"", ""Pleiades NEO Blue (0.446 - 0.52) um"", ""Pleiades NEO NIR (0.768 - 0.888) um"", ""Pleiades NEO Red Edge (0.696 - 0.749) um"", ""Pleiades NEO Deep Blue (0.416 - 0.456) um""]",Scottsbluff,TP3,n150,23,17,528.0,757.0,528.5,4416.0,2270.0,502.5,0.7896458947153893,0.3207775752035987,254,0.7839506172839507,Scottsbluff|n150|23|17,2022-08-07
Satellite/Scottsbluff/TP3/Scottsbluff-TP3-n150_24_17.TIF,bdeebb5b009152a831588b89e6f278fd1186bf7af5410e29b8d46ab15c531f25:24862:1790427120059966800,,,"[""Pleiades NEO Red (0.618 - 0.689) um"", ""Pleiades NEO Green (0.533 - 0.59) um"", ""Pleiades NEO Blue (0.446 - 0.52) um"", ""Pleiades NEO NIR (0.768 - 0.888) um"", ""Pleiades NEO Red Edge (0.696 - 0.749) um"", ""Pleiades NEO Deep Blue (0.416 - 0.456) um""]",Scottsbluff,TP3,n150,24,17,533.5,745.5,523.0,4437.0,2294.5,480.5,0.7879972394104157,0.32746105127610103,252,0.8076923076923077,Scottsbluff|n150|24|17,2022-08-07
Satellite/Scottsbluff/TP3/Scottsbluff-TP3-n150_25_17.TIF,bdeebb5b009152a831588b89e6f278fd1186bf7af5410e29b8d46ab15c531f25:25136:1790427121551156800,,,"[""Pleiades NEO Red (0.618 - 0.689) um"", ""Pleiades NEO Green (0.533 - 0.59) um"", ""Pleiades NEO Blue (0.446 - 0.52) um"", ""Pleiades NEO NIR (0.768 - 0.888) um"", ""Pleiades NEO Red Edge (0.696 - 0.749) um"", ""Pleiades NEO Deep Blue (0.416 - 0.456) um""]",Scottsbluff,TP3,n150,25,17,546.5,736.0,535.0,3976.0,2117.5,499.5,0.7590956236921118,0.30729561483562984,266,0.8525641025641025,Scottsbluff|n150|25|17,2022-08-07
Satellite/Scottsbluff/TP3/Scottsbluff-TP3-n150_26_17.TIF,bdeebb5b009152a831588b89e6f278fd1186bf7af5410e29b8d46ab15c531f25:24923:1790427120616538000,,,"[""Pleiades NEO Red (0.618 - 0.689) um"", ""Pleiades NEO Green (0.533 - 0.59) um"", ""Pleiades NEO Blue (0.446 - 0.52) um"", ""Pleiades NEO NIR (0.768 - 0.888) um"", ""Pleiades NEO Red Edge (0.696 - 0.749) um"", ""Pleiades NEO Deep Blue (0.416 - 0.456) um""]",Scottsbluff,TP3,n150,26,17,568.5,776.0,553.5,4774.5,2410.0,518.0,0.7942071347457684,0.33553362288573946,256,0.8205128205128205,Scottsbluff|n150|26|17,2022-08-07
Satellite/Scottsbluff/TP3/Scottsbluff-TP3-n150_27_17.TIF,bdeebb5b009152a831588b89e6f278fd1186bf7af5410e29b8d46ab15c531f25:24978:1790427121670674700,,,"[""Pleiades NEO Red (0.618 - 0.689) um"", ""Pleiades NEO Green (0.533 - 0.59) um"", ""Pleiades NEO Blue (0.446 - 0.52) um"", ""Pleiades NEO NIR (0.768 - 0.888) um"", ""Pleiades NEO Red Edge (0.696 - 0.749) um"", ""Pleiades NEO Deep Blue (0.416 - 0.456) um""]",Scottsbluff,TP3,n150,27,17,491.0,722.0,516.0,4553.0,2294.0,471.0,0.8044206296048225,0.33599657583107434,255,0.7870370370370371,Scottsbluff|n150|27|17,2022-08-07
Satellite/Scottsbluff/TP3/Scottsbluff-TP3-n225_23_26.TIF,bdeebb5b009152a831588b89e6f278fd1186bf7af5410e29b8d46ab15c531f25:24923:1790427122220292000,,,"[""Pleiades NEO Red (0.618 - 0.689) um"", ""Pleiades NEO Green (0.533 - 0.59) um"", ""Pleiades NEO Blue (0.446 - 0.52) um"", ""Pleiades NEO NIR (0.768 - 0.888) um"", ""Pleiades NEO Red Edge (0.696 - 0.749) um"", ""Pleiades NEO Deep Blue (0.416 - 0.456) um""]",Scottsbluff,TP3,n225,23,26,604.0,822.0,556.0,4195.5,2376.5,500.5,0.7511388930850327,0.2807616752873051,250,0.7716049382716049,Scottsbluff|n225|23|26,2022-08-07
Satellite/Scottsbluff/TP3/Scottsbluff-TP3-n225_24_26.TIF,bdeebb5b009152a831588b89e6f278fd1186bf7af5410e29b8d46ab15c531f25:25018:1790427120163479400,,,"[""Pleiades NEO Red (0.618 - 0.689) um"", ""Pleiades NEO Green (0.533 - 0.59) um"", ""Pleiades NEO Blue (0.446 - 0.52) um"", ""Pleiades NEO NIR (0.768 - 0.888) um"", ""Pleiades NEO Red Edge (0.696 - 0.749) um"", ""Pleiades NEO Deep Blue (0.416 - 0.456) um""]",Scottsbluff,TP3,n225,24,26,579.5,804.0,544.0,4805.5,2532.5,503.0,0.7893418195564073,0.303997220043945,258,0.8269230769230769,Scottsbluff|n225|24|26,2022-08-07
Satellite/Scottsbluff/TP3/Scottsbluff-TP3-n225_25_26.TIF,bdeebb5b009152a831588b89e6f278fd1186bf7af5410e29b8d46ab15c531f25:25007:1790427121457114300,,,"[""Pleiades NEO Red (0.618 - 0.689) um"", ""Pleiades NEO Green (0.533 - 0.59) um"", ""Pleiades NEO Blue (0.446 - 0.52) um"", ""Pleiades NEO NIR (0.768 - 0.888) um"", ""Pleiades NEO Red Edge (0.696 - 0.749) um"", ""Pleiades NEO Deep Blue (0.416 - 0.456) um""]",Scottsbluff,TP3,n225,25,26,589.0,817.0,558.0,4237.0,2353.0,509.0,0.7637826172258191,0.2923118351959068,257,0.8237179487179487,Scottsbluff|n225|25|26,2022-08-07
Satellite/Scottsbluff/TP3/Scottsbluff-TP3-n225_26_26.TIF,bdeebb5b009152a831588b89e6f278fd1186bf7af5410e29b8d46ab15c531f25:24928:1790427120305506500,,,"[""Pleiades NEO Red (0.618 - 0.689) um"", ""Pleiades NEO Green (0.533 - 0.59) um"", ""Pleiades NEO Blue (0.446 - 0.52) um"", ""Pleiades NEO NIR (0.768 - 0.888) um"", ""Pleiades NEO Red Edge (0.696 - 0.749) um"", ""Pleiades NEO Deep Blue (0.416 - 0.456) um""]",Scottsbluff,TP3,n225,26,26,600.0,832.5,549.5,4424.5,2448.5,487.5,0.7590352198515842,0.28561367593123965,252,0.7777777777777778,Scottsbluff|n225|26|26,2022-08-07
Satellite/Scottsbluff/TP3/Scottsbluff-TP3-n225_27_26.TIF,bdeebb5b009152a831588b89e6f278fd1186bf7af5410e29b8d46ab15c531f25:24879:1790427121950228900,,,"[""Pleiades NEO Red (0.618 - 0.689) um"", ""Pleiades NEO Green (0.533 - 0.59) um"", ""Pleiades NEO Blue (0.446 - 0.52) um"", ""Pleiades NEO NIR (0.768 - 0.888) um"", ""Pleiades NEO Red Edge (0.696 - 0.749) um"", ""Pleiades NEO Deep Blue (0.416 - 0.456) um""]",Scottsbluff,TP3,n225,27,26,611.0,808.0,553.0,4431.0,2463.0,505.0,0.7559229589227885,0.28769017980636236,251,0.8044871794871795,Scottsbluff|n225|27|26,2022-08-07
Satellite/Scottsbluff/TP3/Scottsbluff-TP3-n75_23_4.TIF,bdeebb5b009152a831588b89e6f278fd1186bf7af5410e29b8d46ab15c531f25:24959:1790427122250290700,,,"[""Pleiades NEO Red (0.618 - 0.689) um"", ""Pleiades NEO Green (0.533 - 0.59) um"", ""Pleiades NEO Blue (0.446 - 0.52) um"", ""Pleiades NEO NIR (0.768 - 0.888) um"", ""Pleiades NEO Red Edge (0.696 - 0.749) um"", ""Pleiades NEO Deep Blue (0.416 - 0.456) um""]",Scottsbluff,TP3,n75,23,4,456.0,682.0,496.5,4838.5,2274.5,468.5,0.8241554600689025,0.36242177614492466,260,0.9090909090909091,Scottsbluff|n75|23|4,2022-08-07
Satellite/Scottsbluff/TP3/Scottsbluff-TP3-n75_23_7.TIF,bdeebb5b009152a831588b89e6f278fd1186bf7af5410e29b8d46ab15c531f25:25017:1790427122104782300,,,"[""Pleiades NEO Red (0.618 - 0.689) um"", ""Pleiades NEO Green (0.533 - 0.59) um"", ""Pleiades NEO Blue (0.446 - 0.52) um"", ""Pleiades NEO NIR (0.768 - 0.888) um"", ""Pleiades NEO Red Edge (0.696 - 0.749) um"", ""Pleiades NEO Deep Blue (0.416 - 0.456) um""]",Scottsbluff,TP3,n75,23,7,541.0,752.0,531.5,4591.5,2352.0,486.0,0.7904932227950832,0.32277012989618614,260,0.8333333333333334,Scottsbluff|n75|23|7,2022-08-07
Satellite/Scottsbluff/TP3/Scottsbluff-TP3-n75_24_7.TIF,bdeebb5b009152a831588b89e6f278fd1186bf7af5410e29b8d46ab15c531f25:25141:1790427121940228600,,,"[""Pleiades NEO Red (0.618 - 0.689) um"", ""Pleiades NEO Green (0.533 - 0.59) um"", ""Pleiades NEO Blue (0.446 - 0.52) um"", ""Pleiades NEO NIR (0.768 - 0.888) um"", ""Pleiades NEO Red Edge (0.696 - 0.749) um"", ""Pleiades NEO Deep Blue (0.416 - 0.456) um""]",Scottsbluff,TP3,n75,24,7,577.5,759.0,556.0,4677.0,2408.0,506.0,0.7867049726645411,0.3179901718318205,258,0.8269230769230769,Scottsbluff|n75|24|7,2022-08-07
Satellite/Scottsbluff/TP3/Scottsbluff-TP3-n75_25_7.TIF,bdeebb5b009152a831588b89e6f278fd1186bf7af5410e29b8d46ab15c531f25:25037:1790427122446544100,,,"[""Pleiades NEO Red (0.618 - 0.689) um"", ""Pleiades NEO Green (0.533 - 0.59) um"", ""Pleiades NEO Blue (0.446 - 0.52) um"", ""Pleiades NEO NIR (0.768 - 0.888) um"", ""Pleiades NEO Red Edge (0.696 - 0.749) um"", ""Pleiades NEO Deep Blue (0.416 - 0.456) um""]",Scottsbluff,TP3,n75,25,7,574.0,769.0,533.0,4480.0,2282.0,497.0,0.775778297642613,0.31826581378820185,257,0.7932098765432098,Scottsbluff|n75|25|7,2022-08-07
Satellite/Scottsbluff/TP3/Scottsbluff-TP3-n75_26_7.TIF,bdeebb5b009152a831588b89e6f278fd1186bf7af5410e29b8d46ab15c531f25:24982:1790427121729190400,,,"[""Pleiades NEO Red (0.618 - 0.689) um"", ""Pleiades NEO Green (0.533 - 0.59) um"", ""Pleiades NEO Blue (0.446 - 0.52) um"", ""Pleiades NEO NIR (0.768 - 0.888) um"", ""Pleiades NEO Red Edge (0.696 - 0.749) um"", ""Pleiades NEO Deep Blue (0.416 - 0.456) um""]",Scottsbluff,TP3,n75,26,7,591.0,816.5,564.0,4522.0,2373.0,492.0,0.7609896675511607,0.304740668377153,252,0.7777777777777778,Scottsbluff|n75|26|7,2022-08-07
Satellite/Scottsbluff/TP3/Scottsbluff-TP3-n75_27_7.TIF,bdeebb5b009152a831588b89e6f278fd1186bf7af5410e29b8d46ab15c531f25:25257:1790427122490580800,,,"[""Pleiades NEO Red (0.618 - 0.689) um"", ""Pleiades NEO Green (0.533 - 0.59) um"", ""Pleiades NEO Blue (0.446 - 0.52) um"", ""Pleiades NEO NIR (0.768 - 0.888) um"", ""Pleiades NEO Red Edge (0.696 - 0.749) um"", ""Pleiades NEO Deep Blue (0.416 - 0.456) um""]",Scottsbluff,TP3,n75,27,7,554.5,775.5,525.5,4473.5,2342.5,490.5,0.7817575030273664,0.3086512456324221,262,0.8397435897435898,Scottsbluff|n75|27|7,2022-08-07
Satellite/Scottsbluff/TP4/Scottsbluff-TP4-n150_23_17.TIF,bdeebb5b009152a831588b89e6f278fd1186bf7af5410e29b8d46ab15c531f25:24893:1790427119552895500,,,"[""Pleiades NEO Red (0.618 - 0.689) um"", ""Pleiades NEO Green (0.533 - 0.59) um"", ""Pleiades NEO Blue (0.446 - 0.52) um"", ""Pleiades NEO NIR (0.768 - 0.888) um"", ""Pleiades NEO Red Edge (0.696 - 0.749) um"", ""Pleiades NEO Deep Blue (0.416 - 0.456) um""]",Scottsbluff,TP4,n150,23,17,431.0,583.0,400.0,3765.0,1870.5,351.0,0.7952876106194691,0.3345223719986528,254,0.7839506172839507,Scottsbluff|n150|23|17,2022-08-18
Satellite/Scottsbluff/TP4/Scottsbluff-TP4-n150_24_17.TIF,bdeebb5b009152a831588b89e6f278fd1186bf7af5410e29b8d46ab15c531f25:24785:1790427117202328700,,,"[""Pleiades NEO Red (0.618 - 0.689) um"", ""Pleiades NEO Green (0.533 - 0.59) um"", ""Pleiades NEO Blue (0.446 - 0.52) um"", ""Pleiades NEO NIR (0.768 - 0.888) um"", ""Pleiades NEO Red Edge (0.696 - 0.749) um"", ""Pleiades NEO Deep Blue (0.416 - 0.456) um""]",Scottsbluff,TP4,n150,24,17,426.5,572.5,400.5,3830.5,1878.5,363.0,0.8022410024455169,0.34755991636008643,252,0.8076923076923077,Scottsbluff|n150|24|17,2022-08-18
Satellite/Scottsbluff/TP4/Scottsbluff-TP4-n150_25_17.TIF,bdeebb5b009152a831588b89e6f278fd1186bf7af5410e29b8d46ab15c531f25:25010:1790427118477725100,,,"[""Pleiades NEO Red (0.618 - 0.689) um"", ""Pleiades NEO Green (0.533 - 0.59) um"", ""Pleiades NEO Blue (0.446 - 0.52) um"", ""Pleiades NEO NIR (0.768 - 0.888) um"", ""Pleiades NEO Red Edge (0.696 - 0.749) um"", ""Pleiades NEO Deep Blue (0.416 - 0.456) um""]",Scottsbluff,TP4,n150,25,17,442.0,584.0,421.0,3515.5,1787.0,372.0,0.7767162925600616,0.31978513622349236,266,0.8525641025641025,Scottsbluff|n150|25|17,2022-08-18
Satellite/Scottsbluff/TP4/Scottsbluff-TP4-n150_26_17.TIF,bdeebb5b009152a831588b89e6f278fd1186bf7af5410e29b8d46ab15c531f25:24878:1790427117430552300,,,"[""Pleiades NEO Red (0.618 - 0.689) um"", ""Pleiades NEO Green (0.533 - 0.59) um"", ""Pleiades NEO Blue (0.446 - 0.52) um"", ""Pleiades NEO NIR (0.768 - 0.888) um"", ""Pleiades NEO Red Edge (0.696 - 0.749) um"", ""Pleiades NEO Deep Blue (0.416 - 0.456) um""]",Scottsbluff,TP4,n150,26,17,450.0,611.5,411.0,4170.5,2019.0,370.0,0.8092906077281914,0.34745970698483397,256,0.8205128205128205,Scottsbluff|n150|26|17,2022-08-18
Satellite/Scottsbluff/TP4/Scottsbluff-TP4-n150_27_17.TIF,bdeebb5b009152a831588b89e6f278fd1186bf7af5410e29b8d46ab15c531f25:24838:1790427119026824000,,,"[""Pleiades NEO Red (0.618 - 0.689) um"", ""Pleiades NEO Green (0.533 - 0.59) um"", ""Pleiades NEO Blue (0.446 - 0.52) um"", ""Pleiades NEO NIR (0.768 - 0.888) um"", ""Pleiades NEO Red Edge (0.696 - 0.749) um"", ""Pleiades NEO Deep Blue (0.416 - 0.456) um""]",Scottsbluff,TP4,n150,27,17,422.0,573.0,401.0,4010.0,1936.0,362.0,0.8120689655172414,0.35203319502074687,255,0.7870370370370371,Scottsbluff|n150|27|17,2022-08-18
Satellite/Scottsbluff/TP4/Scottsbluff-TP4-n225_23_26.TIF,bdeebb5b009152a831588b89e6f278fd1186bf7af5410e29b8d46ab15c531f25:24796:1790427119280852000,,,"[""Pleiades NEO Red (0.618 - 0.689) um"", ""Pleiades NEO Green (0.533 - 0.59) um"", ""Pleiades NEO Blue (0.446 - 0.52) um"", ""Pleiades NEO NIR (0.768 - 0.888) um"", ""Pleiades NEO Red Edge (0.696 - 0.749) um"", ""Pleiades NEO Deep Blue (0.416 - 0.456) um""]",Scottsbluff,TP4,n225,23,26,462.0,638.0,410.0,3680.0,1999.5,367.0,0.7791232655460787,0.2885772625353229,250,0.7716049382716049,Scottsbluff|n225|23|26,2022-08-18
Satellite/Scottsbluff/TP4/Scottsbluff-TP4-n225_24_26.TIF,bdeebb5b009152a831588b89e6f278fd1186bf7af5410e29b8d46ab15c531f25:24945:1790427116667689400,,,"[""Pleiades NEO Red (0.618 - 0.689) um"", ""Pleiades NEO Green (0.533 - 0.59) um"", ""Pleiades NEO Blue (0.446 - 0.52) um"", ""Pleiades NEO NIR (0.768 - 0.888) um"", ""Pleiades NEO Red Edge (0.696 - 0.749) um"", ""Pleiades NEO Deep Blue (0.416 - 0.456) um""]",Scottsbluff,TP4,n225,24,26,454.5,636.0,415.5,4159.0,2125.5,374.5,0.8021428769780607,0.3206348053222814,258,0.8269230769230769,Scottsbluff|n225|24|26,2022-08-18
Satellite/Scottsbluff/TP4/Scottsbluff-TP4-n225_25_26.TIF,bdeebb5b009152a831588b89e6f278fd1186bf7af5410e29b8d46ab15c531f25:24980:1790427118774773000,,,"[""Pleiades NEO Red (0.618 - 0.689) um"", ""Pleiades NEO Green (0.533 - 0.59) um"", ""Pleiades NEO Blue (0.446 - 0.52) um"", ""Pleiades NEO NIR (0.768 - 0.888) um"", ""Pleiades NEO Red Edge (0.696 - 0.749) um"", ""Pleiades NEO Deep Blue (0.416 - 0.456) um""]",Scottsbluff,TP4,n225,25,26,470.0,637.0,417.0,3799.0,2022.0,369.0,0.7782479898434194,0.3031477748488138,257,0.8237179487179487,Scottsbluff|n225|25|26,2022-08-18
Satellite/Scottsbluff/TP4/Scottsbluff-TP4-n225_26_26.TIF,bdeebb5b009152a831588b89e6f278fd1186bf7af5410e29b8d46ab15c531f25:24868:1790427117594093300,,,"[""Pleiades NEO Red (0.618 - 0.689) um"", ""Pleiades NEO Green (0.533 - 0.59) um"", ""Pleiades NEO Blue (0.446 - 0.52) um"", ""Pleiades NEO NIR (0.768 - 0.888) um"", ""Pleiades NEO Red Edge (0.696 - 0.749) um"", ""Pleiades NEO Deep Blue (0.416 - 0.456) um""]",Scottsbluff,TP4,n225,26,26,484.0,667.0,432.5,3756.5,2027.5,377.5,0.7766787703830164,0.2969664729522485,252,0.7777777777777778,Scottsbluff|n225|26|26,2022-08-18
Satellite/Scottsbluff/TP4/Scottsbluff-TP4-n225_27_26.TIF,bdeebb5b009152a831588b89e6f278fd1186bf7af5410e29b8d46ab15c531f25:24840:1790427118952793600,,,"[""Pleiades NEO Red (0.618 - 0.689) um"", ""Pleiades NEO Green (0.533 - 0.59) um"", ""Pleiades NEO Blue (0.446 - 0.52) um"", ""Pleiades NEO NIR (0.768 - 0.888) um"", ""Pleiades NEO Red Edge (0.696 - 0.749) um"", ""Pleiades NEO Deep Blue (0.416 - 0.456) um""]",Scottsbluff,TP4,n225,27,26,506.0,674.0,432.0,3920.0,2101.0,384.0,0.7746262935990801,0.3002186816619806,251,0.8044871794871795,Scottsbluff|n225|27|26,2022-08-18
Satellite/Scottsbluff/TP4/Scottsbluff-TP4-n75_23_4.TIF,bdeebb5b009152a831588b89e6f278fd1186bf7af5410e29b8d46ab15c531f25:24862:1790427119495895300,,,"[""Pleiades NEO Red (0.618 - 0.689) um"", ""Pleiades NEO Green (0.533 - 0.59) um"", ""Pleiades NEO Blue (0.446 - 0.52) um"", ""Pleiades NEO NIR (0.768 - 0.888) um"", ""Pleiades NEO Red Edge (0.696 - 0.749) um"", ""Pleiades NEO Deep Blue (0.416 - 0.456) um""]",Scottsbluff,TP4,n75,23,4,386.5,527.0,382.0,4199.5,1908.0,347.5,0.8306194968508922,0.38251799274820164,260,0.9090909090909091,Scottsbluff|n75|23|4,2022-08-18
Satellite/Scottsbluff/TP4/Scottsbluff-TP4-n75_23_7.TIF,bdeebb5b009152a831588b89e6f278fd1186bf7af5410e29b8d46ab15c531f25:24892:1790427119307360200,,,"[""Pleiades NEO Red (0.618 - 0.689) um"", ""Pleiades NEO Green (0.533 - 0.59) um"", ""Pleiades NEO Blue (0.446 - 0.52) um"", ""Pleiades NEO NIR (0.768 - 0.888) um"", ""Pleiades NEO Red Edge (0.696 - 0.749) um"", ""Pleiades NEO Deep Blue (0.416 - 0.456) um""]",Scottsbluff,TP4,n75,23,7,411.0,566.5,397.5,3988.0,1923.0,361.5,0.8154337283034154,0.34729436996354596,260,0.8333333333333334,Scottsbluff|n75|23|7,2022-08-18
Satellite/Scottsbluff/TP4/Scottsbluff-TP4-n75_24_7.TIF,bdeebb5b009152a831588b89e6f278fd1186bf7af5410e29b8d46ab15c531f25:24939:1790427119134336300,,,"[""Pleiades NEO Red (0.618 - 0.689) um"", ""Pleiades NEO Green (0.533 - 0.59) um"", ""Pleiades NEO Blue (0.446 - 0.52) um"", ""Pleiades NEO NIR (0.768 - 0.888) um"", ""Pleiades NEO Red Edge (0.696 - 0.749) um"", ""Pleiades NEO Deep Blue (0.416 - 0.456) um""]",Scottsbluff,TP4,n75,24,7,402.5,576.5,398.0,4097.0,1998.5,366.0,0.820280612244898,0.34236584005488124,258,0.8269230769230769,Scottsbluff|n75|24|7,2022-08-18
Satellite/Scottsbluff/TP4/Scottsbluff-TP4-n75_25_7.TIF,bdeebb5b009152a831588b89e6f278fd1186bf7af5410e29b8d46ab15c531f25:24915:1790427119703918000,,,"[""Pleiades NEO Red (0.618 - 0.689) um"", ""Pleiades NEO Green (0.533 - 0.59) um"", ""Pleiades NEO Blue (0.446 - 0.52) um"", ""Pleiades NEO NIR (0.768 - 0.888) um"", ""Pleiades NEO Red Edge (0.696 - 0.749) um"", ""Pleiades NEO Deep Blue (0.416 - 0.456) um""]",Scottsbluff,TP4,n75,25,7,424.0,569.0,404.0,3865.0,1887.0,366.0,0.8041081081081081,0.3425742574257426,257,0.7932098765432098,Scottsbluff|n75|25|7,2022-08-18
Satellite/Scottsbluff/TP4/Scottsbluff-TP4-n75_26_7.TIF,bdeebb5b009152a831588b89e6f278fd1186bf7af5410e29b8d46ab15c531f25:24923:1790427118900793400,,,"[""Pleiades NEO Red (0.618 - 0.689) um"", ""Pleiades NEO Green (0.533 - 0.59) um"", ""Pleiades NEO Blue (0.446 - 0.52) um"", ""Pleiades NEO NIR (0.768 - 0.888) um"", ""Pleiades NEO Red Edge (0.696 - 0.749) um"", ""Pleiades NEO Deep Blue (0.416 - 0.456) um""]",Scottsbluff,TP4,n75,26,7,455.5,595.0,424.5,3820.5,1879.0,368.0,0.7820072554306108,0.33627465450154304,252,0.7777777777777778,Scottsbluff|n75|26|7,2022-08-18
Satellite/Scottsbluff/TP4/Scottsbluff-TP4-n75_27_7.TIF,bdeebb5b009152a831588b89e6f278fd1186bf7af5410e29b8d46ab15c531f25:25009:1790427119750918100,,,"[""Pleiades NEO Red (0.618 - 0.689) um"", ""Pleiades NEO Green (0.533 - 0.59) um"", ""Pleiades NEO Blue (0.446 - 0.52) um"", ""Pleiades NEO NIR (0.768 - 0.888) um"", ""Pleiades NEO Red Edge (0.696 - 0.749) um"", ""Pleiades NEO Deep Blue (0.416 - 0.456) um""]",Scottsbluff,TP4,n75,27,7,470.5,594.5,425.0,3925.5,1923.5,378.0,0.7911479858275823,0.34051414579489475,262,0.8397435897435898,Scottsbluff|n75|27|7,2022-08-18
Satellite/Scottsbluff/TP5/Scottsbluff-TP5-n150_23_17.TIF,bdeebb5b009152a831588b89e6f278fd1186bf7af5410e29b8d46ab15c531f25:24988:1790427127664729700,,,"[""Pleiades NEO Red (0.619 - 0.69) um"", ""Pleiades NEO Green (0.533 - 0.591) um"", ""Pleiades NEO Blue (0.446 - 0.52) um"", ""Pleiades NEO NIR (0.768 - 0.888) um"", ""Pleiades NEO Red Edge (0.697 - 0.75) um"", ""Pleiades NEO Deep Blue (0.416 - 0.457) um""]",Scottsbluff,TP5,n150,23,17,604.5,725.5,489.5,3853.0,2101.0,439.5,0.7300610171626232,0.28979787040773564,254,0.7839506172839507,Scottsbluff|n150|23|17,2022-09-09
Satellite/Scottsbluff/TP5/Scottsbluff-TP5-n150_24_17.TIF,bdeebb5b009152a831588b89e6f278fd1186bf7af5410e29b8d46ab15c531f25:24891:1790427125595916800,,,"[""Pleiades NEO Red (0.619 - 0.69) um"", ""Pleiades NEO Green (0.533 - 0.591) um"", ""Pleiades NEO Blue (0.446 - 0.52) um"", ""Pleiades NEO NIR (0.768 - 0.888) um"", ""Pleiades NEO Red Edge (0.697 - 0.75) um"", ""Pleiades NEO Deep Blue (0.416 - 0.457) um""]",Scottsbluff,TP5,n150,24,17,534.5,704.0,469.0,3897.5,2095.0,426.5,0.758013860267537,0.3012311514939311,252,0.8076923076923077,Scottsbluff|n150|24|17,2022-09-09
Satellite/Scottsbluff/TP5/Scottsbluff-TP5-n150_25_17.TIF,bdeebb5b009152a831588b89e6f278fd1186bf7af5410e29b8d46ab15c531f25:25082:1790427127168649100,,,"[""Pleiades NEO Red (0.619 - 0.69) um"", ""Pleiades NEO Green (0.533 - 0.591) um"", ""Pleiades NEO Blue (0.446 - 0.52) um"", ""Pleiades NEO NIR (0.768 - 0.888) um"", ""Pleiades NEO Red Edge (0.697 - 0.75) um"", ""Pleiades NEO Deep Blue (0.416 - 0.457) um""]",Scottsbluff,TP5,n150,25,17,545.0,685.5,474.5,3548.0,1959.0,440.5,0.737294459505575,0.283599410696642,266,0.8525641025641025,Scottsbluff|n150|25|17,2022-09-09
Satellite/Scottsbluff/TP5/Scottsbluff-TP5-n150_26_17.TIF,bdeebb5b009152a831588b89e6f278fd1186bf7af5410e29b8d46ab15c531f25:25026:1790427125429396200,,,"[""Pleiades NEO Red (0.619 - 0.69) um"", ""Pleiades NEO Green (0.533 - 0.591) um"", ""Pleiades NEO Blue (0.446 - 0.52) um"", ""Pleiades NEO NIR (0.768 - 0.888) um"", ""Pleiades NEO Red Edge (0.697 - 0.75) um"", ""Pleiades NEO Deep Blue (0.416 - 0.457) um""]",Scottsbluff,TP5,n150,26,17,601.5,756.5,500.0,4194.0,2243.5,450.0,0.7503097004070591,0.3006909219307558,256,0.8205128205128205,Scottsbluff|n150|26|17,2022-09-09
Satellite/Scottsbluff/TP5/Scottsbluff-TP5-n150_27_17.TIF,bdeebb5b009152a831588b89e6f278fd1186bf7af5410e29b8d46ab15c531f25:24882:1790427126728079100,,,"[""Pleiades NEO Red (0.619 - 0.69) um"", ""Pleiades NEO Green (0.533 - 0.591) um"", ""Pleiades NEO Blue (0.446 - 0.52) um"", ""Pleiades NEO NIR (0.768 - 0.888) um"", ""Pleiades NEO Red Edge (0.697 - 0.75) um"", ""Pleiades NEO Deep Blue (0.416 - 0.457) um""]",Scottsbluff,TP5,n150,27,17,539.0,696.0,474.0,4131.0,2176.0,429.0,0.7725697982474017,0.30910633484162897,255,0.7870370370370371,Scottsbluff|n150|27|17,2022-09-09
Satellite/Scottsbluff/TP5/Scottsbluff-TP5-n225_23_26.TIF,bdeebb5b009152a831588b89e6f278fd1186bf7af5410e29b8d46ab15c531f25:24890:1790427127960262000,,,"[""Pleiades NEO Red (0.619 - 0.69) um"", ""Pleiades NEO Green (0.533 - 0.591) um"", ""Pleiades NEO Blue (0.446 - 0.52) um"", ""Pleiades NEO NIR (0.768 - 0.888) um"", ""Pleiades NEO Red Edge (0.697 - 0.75) um"", ""Pleiades NEO Deep Blue (0.416 - 0.457) um""]",Scottsbluff,TP5,n225,23,26,672.5,854.0,512.0,3775.0,2304.5,449.0,0.7000090280144118,0.2384445555803043,250,0.7716049382716049,Scottsbluff|n225|23|26,2022-09-09
Satellite/Scottsbluff/TP5/Scottsbluff-TP5-n225_24_26.TIF,bdeebb5b009152a831588b89e6f278fd1186bf7af5410e29b8d46ab15c531f25:25269:1790427125788425600,,,"[""Pleiades NEO Red (0.619 - 0.69) um"", ""Pleiades NEO Green (0.533 - 0.591) um"", ""Pleiades NEO Blue (0.446 - 0.52) um"", ""Pleiades NEO NIR (0.768 - 0.888) um"", ""Pleiades NEO Red Edge (0.697 - 0.75) um"", ""Pleiades NEO Deep Blue (0.416 - 0.457) um""]",Scottsbluff,TP5,n225,24,26,625.0,788.0,496.0,4205.0,2358.0,435.0,0.7408776235202678,0.275035817861642,258,0.8269230769230769,Scottsbluff|n225|24|26,2022-09-09
Satellite/Scottsbluff/TP5/Scottsbluff-TP5-n225_25_26.TIF,bdeebb5b009152a831588b89e6f278fd1186bf7af5410e29b8d46ab15c531f25:25038:1790427126957108200,,,"[""Pleiades NEO Red (0.619 - 0.69) um"", ""Pleiades NEO Green (0.533 - 0.591) um"", ""Pleiades NEO Blue (0.446 - 0.52) um"", ""Pleiades NEO NIR (0.768 - 0.888) um"", ""Pleiades NEO Red Edge (0.697 - 0.75) um"", ""Pleiades NEO Deep Blue (0.416 - 0.457) um""]",Scottsbluff,TP5,n225,25,26,583.0,746.0,476.0,3837.0,2222.0,421.0,0.7370156636438582,0.2671144776332714,257,0.8237179487179487,Scottsbluff|n225|25|26,2022-09-09
Satellite/Scottsbluff/TP5/Scottsbluff-TP5-n225_26_26.TIF,bdeebb5b009152a831588b89e6f278fd1186bf7af5410e29b8d46ab15c531f25:24955:1790427125360889400,,,"[""Pleiades NEO Red (0.619 - 0.69) um"", ""Pleiades NEO Green (0.533 - 0.591) um"", ""Pleiades NEO Blue (0.446 - 0.52) um"", ""Pleiades NEO NIR (0.768 - 0.888) um"", ""Pleiades NEO Red Edge (0.697 - 0.75) um"", ""Pleiades NEO Deep Blue (0.416 - 0.457) um""]",Scottsbluff,TP5,n225,26,26,639.0,827.0,502.0,3833.5,2304.5,446.5,0.7136993089680279,0.25217404293098794,252,0.7777777777777778,Scottsbluff|n225|26|26,2022-09-09
Satellite/Scottsbluff/TP5/Scottsbluff-TP5-n225_27_26.TIF,bdeebb5b009152a831588b89e6f278fd1186bf7af5410e29b8d46ab15c531f25:24961:1790427126786077700,,,"[""Pleiades NEO Red (0.619 - 0.69) um"", ""Pleiades NEO Green (0.533 - 0.591) um"", ""Pleiades NEO Blue (0.446 - 0.52) um"", ""Pleiades NEO NIR (0.768 - 0.888) um"", ""Pleiades NEO Red Edge (0.697 - 0.75) um"", ""Pleiades NEO Deep Blue (0.416 - 0.457) um""]",Scottsbluff,TP5,n225,27,26,665.0,819.0,529.0,4051.0,2365.0,464.0,0.7128279883381924,0.2568200606227611,251,0.8044871794871795,Scottsbluff|n225|27|26,2022-09-09
Satellite/Scottsbluff/TP5/Scottsbluff-TP5-n75_23_4.TIF,bdeebb5b009152a831588b89e6f278fd1186bf7af5410e29b8d46ab15c531f25:24954:1790427127846752100,,,"[""Pleiades NEO Red (0.619 - 0.69) um"", ""Pleiades NEO Green (0.533 - 0.591) um"", ""Pleiades NEO Blue (0.446 - 0.52) um"", ""Pleiades NEO NIR (0.768 - 0.888) um"", ""Pleiades NEO Red Edge (0.697 - 0.75) um"", ""Pleiades NEO Deep Blue (0.416 - 0.457) um""]",Scottsbluff,TP5,n75,23,4,513.5,639.5,461.0,4286.5,2086.5,420.0,0.7865153024962159,0.344453037676676,260,0.9090909090909091,Scottsbluff|n75|23|4,2022-09-09
Satellite/Scottsbluff/TP5/Scottsbluff-TP5-n75_23_7.TIF,bdeebb5b009152a831588b89e6f278fd1186bf7af5410e29b8d46ab15c531f25:25006:1790427127634729600,,,"[""Pleiades NEO Red (0.619 - 0.69) um"", ""Pleiades NEO Green (0.533 - 0.591) um"", ""Pleiades NEO Blue (0.446 - 0.52) um"", ""Pleiades NEO NIR (0.768 - 0.888) um"", ""Pleiades NEO Red Edge (0.697 - 0.75) um"", ""Pleiades NEO Deep Blue (0.416 - 0.457) um""]",Scottsbluff,TP5,n75,23,7,552.0,691.5,484.5,3999.0,2072.5,451.5,0.7579998311786227,0.3118814845722476,260,0.8333333333333334,Scottsbluff|n75|23|7,2022-09-09
Satellite/Scottsbluff/TP5/Scottsbluff-TP5-n75_24_7.TIF,bdeebb5b009152a831588b89e6f278fd1186bf7af5410e29b8d46ab15c531f25:25021:1790427126781077600,,,"[""Pleiades NEO Red (0.619 - 0.69) um"", ""Pleiades NEO Green (0.533 - 0.591) um"", ""Pleiades NEO Blue (0.446 - 0.52) um"", ""Pleiades NEO NIR (0.768 - 0.888) um"", ""Pleiades NEO Red Edge (0.697 - 0.75) um"", ""Pleiades NEO Deep Blue (0.416 - 0.457) um""]",Scottsbluff,TP5,n75,24,7,564.5,705.5,485.0,4100.0,2193.0,431.5,0.750439070396073,0.3004724062207423,258,0.8269230769230769,Scottsbluff|n75|24|7,2022-09-09
Satellite/Scottsbluff/TP5/Scottsbluff-TP5-n75_25_7.TIF,bdeebb5b009152a831588b89e6f278fd1186bf7af5410e29b8d46ab15c531f25:25010:1790427127258166100,,,"[""Pleiades NEO Red (0.619 - 0.69) um"", ""Pleiades NEO Green (0.533 - 0.591) um"", ""Pleiades NEO Blue (0.446 - 0.52) um"", ""Pleiades NEO NIR (0.768 - 0.888) um"", ""Pleiades NEO Red Edge (0.697 - 0.75) um"", ""Pleiades NEO Deep Blue (0.416 - 0.457) um""]",Scottsbluff,TP5,n75,25,7,513.0,684.0,450.0,3828.0,2096.0,420.0,0.7549103330486764,0.2917143324072561,257,0.7932098765432098,Scottsbluff|n75|25|7,2022-09-09
Satellite/Scottsbluff/TP5/Scottsbluff-TP5-n75_26_7.TIF,bdeebb5b009152a831588b89e6f278fd1186bf7af5410e29b8d46ab15c531f25:24977:1790427126749076000,,,"[""Pleiades NEO Red (0.619 - 0.69) um"", ""Pleiades NEO Green (0.533 - 0.591) um"", ""Pleiades NEO Blue (0.446 - 0.52) um"", ""Pleiades NEO NIR (0.768 - 0.888) um"", ""Pleiades NEO Red Edge (0.697 - 0.75) um"", ""Pleiades NEO Deep Blue (0.416 - 0.457) um""]",Scottsbluff,TP5,n75,26,7,588.5,707.5,484.5,3626.0,2018.0,437.0,0.7176511823849914,0.2877590043116043,252,0.7777777777777778,Scottsbluff|n75|26|7,2022-09-09
Satellite/Scottsbluff/TP5/Scottsbluff-TP5-n75_27_7.TIF,bdeebb5b009152a831588b89e6f278fd1186bf7af5410e29b8d46ab15c531f25:25066:1790427127538217300,,,"[""Pleiades NEO Red (0.619 - 0.69) um"", ""Pleiades NEO Green (0.533 - 0.591) um"", ""Pleiades NEO Blue (0.446 - 0.52) um"", ""Pleiades NEO NIR (0.768 - 0.888) um"", ""Pleiades NEO Red Edge (0.697 - 0.75) um"", ""Pleiades NEO Deep Blue (0.416 - 0.457) um""]",Scottsbluff,TP5,n75,27,7,580.5,694.5,479.5,3963.0,2084.0,446.0,0.7434787852473648,0.3030605186186391,262,0.8397435897435898,Scottsbluff|n75|27|7,2022-09-09
Satellite/Scottsbluff/TP6/Scottsbluff-TP6-n150_23_17.TIF,bdeebb5b009152a831588b89e6f278fd1186bf7af5410e29b8d46ab15c531f25:25055:1790427129800678000,,,"[""Pleiades NEO Red (0.618 - 0.689) um"", ""Pleiades NEO Green (0.533 - 0.59) um"", ""Pleiades NEO Blue (0.446 - 0.52) um"", ""Pleiades NEO NIR (0.768 - 0.888) um"", ""Pleiades NEO Red Edge (0.696 - 0.749) um"", ""Pleiades NEO Deep Blue (0.416 - 0.456) um""]",Scottsbluff,TP6,n150,23,17,672.5,785.0,512.0,3535.0,2068.0,440.0,0.6845377077997814,0.25959278967874955,254,0.7839506172839507,Scottsbluff|n150|23|17,2022-09-24
Satellite/Scottsbluff/TP6/Scottsbluff-TP6-n150_24_17.TIF,bdeebb5b009152a831588b89e6f278fd1186bf7af5410e29b8d46ab15c531f25:24870:1790427129174614800,,,"[""Pleiades NEO Red (0.618 - 0.689) um"", ""Pleiades NEO Green (0.533 - 0.59) um"", ""Pleiades NEO Blue (0.446 - 0.52) um"", ""Pleiades NEO NIR (0.768 - 0.888) um"", ""Pleiades NEO Red Edge (0.696 - 0.749) um"", ""Pleiades NEO Deep Blue (0.416 - 0.456) um""]",Scottsbluff,TP6,n150,24,17,576.5,714.5,474.0,3440.0,1965.5,413.5,0.7119629119779252,0.2743421623260244,252,0.8076923076923077,Scottsbluff|n150|24|17,2022-09-24
Satellite/Scottsbluff/TP6/Scottsbluff-TP6-n150_25_17.TIF,bdeebb5b009152a831588b89e6f278fd1186bf7af5410e29b8d46ab15c531f25:25127:1790427130528236400,,,"[""Pleiades NEO Red (0.618 - 0.689) um"", ""Pleiades NEO Green (0.533 - 0.59) um"", ""Pleiades NEO Blue (0.446 - 0.52) um"", ""Pleiades NEO NIR (0.768 - 0.888) um"", ""Pleiades NEO Red Edge (0.696 - 0.749) um"", ""Pleiades NEO Deep Blue (0.416 - 0.456) um""]",Scottsbluff,TP6,n150,25,17,591.5,701.0,480.0,3193.0,1881.5,425.0,0.6842338523578684,0.2568893216933791,266,0.8525641025641025,Scottsbluff|n150|25|17,2022-09-24
Satellite/Scottsbluff/TP6/Scottsbluff-TP6-n150_26_17.TIF,bdeebb5b009152a831588b89e6f278fd1186bf7af5410e29b8d46ab15c531f25:25022:1790427129029103700,,,"[""Pleiades NEO Red (0.618 - 0.689) um"", ""Pleiades NEO Green (0.533 - 0.59) um"", ""Pleiades NEO Blue (0.446 - 0.52) um"", ""Pleiades NEO NIR (0.768 - 0.888) um"", ""Pleiades NEO Red Edge (0.696 - 0.749) um"", ""Pleiades NEO Deep Blue (0.416 - 0.456) um""]",Scottsbluff,TP6,n150,26,17,615.5,770.5,490.5,3850.0,2156.0,420.5,0.7174860033036589,0.2753497058193112,256,0.8205128205128205,Scottsbluff|n150|26|17,2022-09-24
Satellite/Scottsbluff/TP6/Scottsbluff-TP6-n150_27_17.TIF,bdeebb5b009152a831588b89e6f278fd1186bf7af5410e29b8d46ab15c531f25:24952:1790427130056196800,,,"[""Pleiades NEO Red (0.618 - 0.689) um"", ""Pleiades NEO Green (0.533 - 0.59) um"", ""Pleiades NEO Blue (0.446 - 0.52) um"", ""Pleiades NEO NIR (0.768 - 0.888) um"", ""Pleiades NEO Red Edge (0.696 - 0.749) um"", ""Pleiades NEO Deep Blue (0.416 - 0.456) um""]",Scottsbluff,TP6,n150,27,17,570.0,742.0,468.0,3804.0,2155.0,409.0,0.7276825969341749,0.2788091068301226,255,0.7870370370370371,Scottsbluff|n150|27|17,2022-09-24
Satellite/Scottsbluff/TP6/Scottsbluff-TP6-n225_23_26.TIF,bdeebb5b009152a831588b89e6f278fd1186bf7af5410e29b8d46ab15c531f25:24914:1790427129875678200,,,"[""Pleiades NEO Red (0.618 - 0.689) um"", ""Pleiades NEO Green (0.533 - 0.59) um"", ""Pleiades NEO Blue (0.446 - 0.52) um"", ""Pleiades NEO NIR (0.768 - 0.888) um"", ""Pleiades NEO Red Edge (0.696 - 0.749) um"", ""Pleiades NEO Deep Blue (0.416 - 0.456) um""]",Scottsbluff,TP6,n225,23,26,692.5,828.5,504.0,3174.5,2098.0,419.0,0.6340430466613702,0.19894916337605553,250,0.7716049382716049,Scottsbluff|n225|23|26,2022-09-24
Satellite/Scottsbluff/TP6/Scottsbluff-TP6-n225_24_26.TIF,bdeebb5b009152a831588b89e6f278fd1186bf7af5410e29b8d46ab15c531f25:25311:1790427129263127500,,,"[""Pleiades NEO Red (0.618 - 0.689) um"", ""Pleiades NEO Green (0.533 - 0.59) um"", ""Pleiades NEO Blue (0.446 - 0.52) um"", ""Pleiades NEO NIR (0.768 - 0.888) um"", ""Pleiades NEO Red Edge (0.696 - 0.749) um"", ""Pleiades NEO Deep Blue (0.416 - 0.456) um""]",Scottsbluff,TP6,n225,24,26,714.0,842.0,521.0,3654.0,2256.5,431.0,0.6754589616242326,0.23638148288111016,258,0.8269230769230769,Scottsbluff|n225|24|26,2022-09-24
Satellite/Scottsbluff/TP6/Scottsbluff-TP6-n225_25_26.TIF,bdeebb5b009152a831588b89e6f278fd1186bf7af5410e29b8d46ab15c531f25:25080:1790427130438224900,,,"[""Pleiades NEO Red (0.618 - 0.689) um"", ""Pleiades NEO Green (0.533 - 0.59) um"", ""Pleiades NEO Blue (0.446 - 0.52) um"", ""Pleiades NEO NIR (0.768 - 0.888) um"", ""Pleiades NEO Red Edge (0.696 - 0.749) um"", ""Pleiades NEO Deep Blue (0.416 - 0.456) um""]",Scottsbluff,TP6,n225,25,26,621.0,781.0,481.0,3420.0,2120.0,416.0,0.6820857863751051,0.23461132606401688,257,0.8237179487179487,Scottsbluff|n225|25|26,2022-09-24
Satellite/Scottsbluff/TP6/Scottsbluff-TP6-n225_26_26.TIF,bdeebb5b009152a831588b89e6f278fd1186bf7af5410e29b8d46ab15c531f25:24999:1790427128759359800,,,"[""Pleiades NEO Red (0.618 - 0.689) um"", ""Pleiades NEO Green (0.533 - 0.59) um"", ""Pleiades NEO Blue (0.446 - 0.52) um"", ""Pleiades NEO NIR (0.768 - 0.888) um"", ""Pleiades NEO Red Edge (0.696 - 0.749) um"", ""Pleiades NEO Deep Blue (0.416 - 0.456) um""]",Scottsbluff,TP6,n225,26,26,738.0,848.5,529.0,3346.0,2171.5,425.5,0.6470674557795353,0.21423659021782585,252,0.7777777777777778,Scottsbluff|n225|26|26,2022-09-24
Satellite/Scottsbluff/TP6/Scottsbluff-TP6-n225_27_26.TIF,bdeebb5b009152a831588b89e6f278fd1186bf7af5410e29b8d46ab15c531f25:25016:1790427130323718300,,,"[""Pleiades NEO Red (0.618 - 0.689) um"", ""Pleiades NEO Green (0.533 - 0.59) um"", ""Pleiades NEO Blue (0.446 - 0.52) um"", ""Pleiades NEO NIR (0.768 - 0.888) um"", ""Pleiades NEO Red Edge (0.696 - 0.749) um"", ""Pleiades NEO Deep Blue (0.416 - 0.456) um""]",Scottsbluff,TP6,n225,27,26,780.0,908.0,550.0,3542.0,2272.0,452.0,0.6448925909688733,0.22055335968379447,251,0.8044871794871795,Scottsbluff|n225|27|26,2022-09-24
Satellite/Scottsbluff/TP6/Scottsbluff-TP6-n75_23_4.TIF,bdeebb5b009152a831588b89e6f278fd1186bf7af5410e29b8d46ab15c531f25:24976:1790427128647849100,,,"[""Pleiades NEO Red (0.618 - 0.689) um"", ""Pleiades NEO Green (0.533 - 0.59) um"", ""Pleiades NEO Blue (0.446 - 0.52) um"", ""Pleiades NEO NIR (0.768 - 0.888) um"", ""Pleiades NEO Red Edge (0.696 - 0.749) um"", ""Pleiades NEO Deep Blue (0.416 - 0.456) um""]",Scottsbluff,TP6,n75,23,4,528.0,652.0,455.5,3892.5,2018.5,400.0,0.7593029680683254,0.31468201116675143,260,0.9090909090909091,Scottsbluff|n75|23|4,2022-09-24
Satellite/Scottsbluff/TP6/Scottsbluff-TP6-n75_23_7.TIF,bdeebb5b009152a831588b89e6f278fd1186bf7af5410e29b8d46ab15c531f25:25054:1790427128476326200,,,"[""Pleiades NEO Red (0.618 - 0.689) um"", ""Pleiades NEO Green (0.533 - 0.59) um"", ""Pleiades NEO Blue (0.446 - 0.52) um"", ""Pleiades NEO NIR (0.768 - 0.888) um"", ""Pleiades NEO Red Edge (0.696 - 0.749) um"", ""Pleiades NEO Deep Blue (0.416 - 0.456) um""]",Scottsbluff,TP6,n75,23,7,578.0,717.0,482.0,3720.5,2029.5,427.0,0.7297165545410574,0.28896038389995204,260,0.8333333333333334,Scottsbluff|n75|23|7,2022-09-24
Satellite/Scottsbluff/TP6/Scottsbluff-TP6-n75_24_7.TIF,bdeebb5b009152a831588b89e6f278fd1186bf7af5410e29b8d46ab15c531f25:25240:1790427129014103700,,,"[""Pleiades NEO Red (0.618 - 0.689) um"", ""Pleiades NEO Green (0.533 - 0.59) um"", ""Pleiades NEO Blue (0.446 - 0.52) um"", ""Pleiades NEO NIR (0.768 - 0.888) um"", ""Pleiades NEO Red Edge (0.696 - 0.749) um"", ""Pleiades NEO Deep Blue (0.416 - 0.456) um""]",Scottsbluff,TP6,n75,24,7,590.5,744.5,491.0,3783.5,2142.0,412.5,0.7292033503520539,0.27513787402073575,258,0.8269230769230769,Scottsbluff|n75|24|7,2022-09-24
Satellite/Scottsbluff/TP6/Scottsbluff-TP6-n75_25_7.TIF,bdeebb5b009152a831588b89e6f278fd1186bf7af5410e29b8d46ab15c531f25:25007:1790427128137789300,,,"[""Pleiades NEO Red (0.618 - 0.689) um"", ""Pleiades NEO Green (0.533 - 0.59) um"", ""Pleiades NEO Blue (0.446 - 0.52) um"", ""Pleiades NEO NIR (0.768 - 0.888) um"", ""Pleiades NEO Red Edge (0.696 - 0.749) um"", ""Pleiades NEO Deep Blue (0.416 - 0.456) um""]",Scottsbluff,TP6,n75,25,7,595.0,713.0,472.0,3409.0,1985.0,408.0,0.7059656218402427,0.2644194756554307,257,0.7932098765432098,Scottsbluff|n75|25|7,2022-09-24
Satellite/Scottsbluff/TP6/Scottsbluff-TP6-n75_26_7.TIF,bdeebb5b009152a831588b89e6f278fd1186bf7af5410e29b8d46ab15c531f25:25180:1790427128681852500,,,"[""Pleiades NEO Red (0.618 - 0.689) um"", ""Pleiades NEO Green (0.533 - 0.59) um"", ""Pleiades NEO Blue (0.446 - 0.52) um"", ""Pleiades NEO NIR (0.768 - 0.888) um"", ""Pleiades NEO Red Edge (0.696 - 0.749) um"", ""Pleiades NEO Deep Blue (0.416 - 0.456) um""]",Scottsbluff,TP6,n75,26,7,641.5,710.0,488.5,3007.5,1767.5,417.0,0.6488215413270504,0.24939406078143028,252,0.7777777777777778,Scottsbluff|n75|26|7,2022-09-24
Satellite/Scottsbluff/TP6/Scottsbluff-TP6-n75_27_7.TIF,bdeebb5b009152a831588b89e6f278fd1186bf7af5410e29b8d46ab15c531f25:25110:1790427128260300700,,,"[""Pleiades NEO Red (0.618 - 0.689) um"", ""Pleiades NEO Green (0.533 - 0.59) um"", ""Pleiades NEO Blue (0.446 - 0.52) um"", ""Pleiades NEO NIR (0.768 - 0.888) um"", ""Pleiades NEO Red Edge (0.696 - 0.749) um"", ""Pleiades NEO Deep Blue (0.416 - 0.456) um""]",Scottsbluff,TP6,n75,27,7,622.5,741.0,490.5,3655.0,2022.5,432.0,0.7142601753713302,0.27737903139522896,262,0.8397435897435898,Scottsbluff|n75|27|7,2022-09-24
